order_id,customer_id,order_date,status,channel,payment_method
1,3691,2025-11-08 00:00:00,completed,paid_search,paypal
2,8380,2024-09-09 00:00:00,completed,referral,debit_card
3,913,2024-11-14 00:00:00,completed,email,debit_card
4,4372,2025-09-03 00:00:00,returned,referral,paypal
5,6037,2025-06-28 00:00:00,completed,email,paypal
6,5610,2025-11-03 00:00:00,completed,email,paypal
7,2488,2025-07-03 00:00:00,cancelled,paid_search,paypal
8,5203,2025-05-02 02:50:44,completed,paid_search,bank_transfer
9,6552,2024-04-22 00:00:00,completed,paid_search,credit_card
10,5374,2024-07-12 00:00:00,completed,paid_search,paypal
11,6345,2024-10-03 00:00:00,completed,direct,debit_card
12,2408,2024-09-14 00:00:00,completed,paid_search,paypal
13,7707,2025-12-22 00:00:00,completed,referral,debit_card
14,4153,2024-12-19 00:08:55,completed,paid_search,paypal
15,-1,2025-11-21 00:00:00,completed,direct,debit_card
16,237,2025-06-15 00:00:00,cancelled,direct,debit_card
17,3509,2025-10-03 12:21:33,completed,referral,debit_card
18,1708,2025-03-15 00:00:00,cancelled,organic_search,paypal
19,5130,2025-05-08 00:00:00,completed,referral,debit_card
20,2291,2025-03-08 23:36:57,completed,referral,paypal
21,6822,2024-08-01 00:00:00,cancelled,referral,credit_card
22,8157,2025-08-18 00:00:00,returned,direct,debit_card
23,1994,2024-10-15 18:04:54,completed,referral,debit_card
24,1526,2024-02-03 00:00:00,completed,social_media,bank_transfer
25,8095,2025-06-25 00:00:00,completed,paid_search,paypal
26,3330,2024-07-14 00:00:00,completed,paid_search,credit_card
27,4009,2025-12-10 00:00:00,cancelled,direct,paypal
28,2075,2025-12-15 01:13:23,cancelled,direct,paypal
29,3924,2025-11-30 10:01:31,completed,email,debit_card
30,2177,2024-08-12 00:00:00,completed,organic_search,debit_card
31,6166,2024-01-22 00:00:00,completed,organic_search,paypal
32,4607,2025-12-05 10:53:23,completed,referral,debit_card
33,7292,2025-10-01 00:00:00,completed,social_media,paypal
34,2897,2025-12-19 00:00:00,completed,organic_search,debit_card
35,4677,2025-12-18 00:00:00,completed,social_media,credit_card
36,2438,2025-11-04 12:45:38,completed,paid_search,debit_card
37,8619,2024-10-26 00:00:00,completed,paid_search,debit_card
38,4827,2024-12-15 00:00:00,completed,direct,credit_card
39,1647,2025-04-11 00:00:00,completed,organic_search,credit_card
40,2558,2024-09-11 00:00:00,completed,direct,debit_card
41,809,2024-06-07 00:00:00,completed,paid_search,paypal
42,282,2025-04-24 00:00:00,completed,social_media,paypal
43,4870,2025-08-12 00:00:00,completed,social_media,paypal
44,3113,2025-07-31 18:59:08,completed,email,bank_transfer
45,8893,2025-05-03 02:36:42,completed,organic_search,credit_card
46,1626,2024-04-26 00:00:00,completed,social_media,credit_card
47,7353,2025-06-03 14:25:20,completed,referral,credit_card
48,2929,2025-12-28 00:00:00,completed,direct,paypal
49,2101,2024-07-06 00:00:00,cancelled,organic_search,bank_transfer
50,8952,2025-03-27 00:00:00,completed,organic_search,credit_card
51,7440,2025-11-15 00:00:00,cancelled,organic_search,paypal
52,5812,2025-08-30 00:00:00,completed,direct,paypal
53,6452,2025-08-01 00:00:00,cancelled,email,bank_transfer
54,-1,2025-08-04 00:00:00,completed,email,paypal
55,5464,2024-12-02 00:00:00,completed,referral,bank_transfer
56,1002,2024-10-25 14:50:26,completed,social_media,bank_transfer
57,-1,2025-10-12 00:00:00,completed,referral,paypal
58,6167,2025-12-10 00:00:00,completed,organic_search,paypal
59,6091,2025-10-11 00:00:00,completed,direct,credit_card
60,6916,2025-11-29 00:00:00,completed,paid_search,paypal
61,1062,2025-03-22 00:00:00,completed,social_media,credit_card
62,8721,2025-03-14 14:27:05,completed,email,paypal
63,5084,2025-10-05 00:00:00,completed,email,bank_transfer
64,6006,2025-06-28 00:00:00,completed,organic_search,credit_card
65,347,2025-04-08 00:00:00,completed,organic_search,bank_transfer
66,8865,2025-04-10 00:00:00,completed,paid_search,credit_card
67,5196,2025-11-20 00:00:00,completed,email,bank_transfer
68,5203,2024-11-21 13:30:01,completed,paid_search,paypal
69,8708,2024-12-10 00:00:00,completed,email,debit_card
70,8594,2024-04-22 05:46:31,completed,email,debit_card
71,2069,2025-09-05 00:00:00,completed,paid_search,debit_card
72,8598,2024-02-18 00:00:00,cancelled,referral,credit_card
73,6813,2025-02-13 00:00:00,completed,organic_search,debit_card
74,192,2025-04-14 00:00:00,completed,direct,paypal
75,2255,2024-10-20 00:00:00,cancelled,organic_search,bank_transfer
76,3800,2025-05-17 00:00:00,completed,referral,paypal
77,5368,2024-02-11 00:00:00,completed,direct,paypal
78,6495,2024-02-20 00:00:00,returned,organic_search,credit_card
79,1987,2025-10-19 13:34:21,completed,direct,debit_card
80,7737,2024-03-12 00:00:00,completed,organic_search,credit_card
81,7819,2024-05-25 05:49:08,completed,social_media,paypal
82,5859,2025-03-30 09:23:02,completed,paid_search,debit_card
83,8521,2025-09-18 14:05:56,completed,referral,paypal
84,7523,2024-08-20 00:00:00,completed,direct,debit_card
85,2083,2025-09-06 00:00:00,cancelled,direct,credit_card
86,7399,2024-04-14 00:00:00,completed,paid_search,bank_transfer
87,8793,2024-03-08 18:33:29,completed,email,debit_card
88,1326,2025-06-04 00:00:00,completed,direct,credit_card
89,-1,2025-04-12 00:00:00,completed,social_media,paypal
90,255,2025-06-19 00:00:00,completed,direct,debit_card
91,4829,2025-08-20 00:00:00,completed,organic_search,credit_card
92,7145,2025-12-23 00:00:00,cancelled,paid_search,credit_card
93,7317,2025-03-26 00:00:00,completed,email,debit_card
94,6791,2024-11-12 00:00:00,completed,referral,credit_card
95,4896,2025-03-10 00:00:00,completed,social_media,paypal
96,6021,2024-07-10 00:00:00,completed,email,paypal
97,6479,2025-01-20 00:00:00,completed,social_media,credit_card
98,4569,2024-07-04 00:00:00,completed,social_media,paypal
99,5489,2024-05-02 00:00:00,completed,referral,debit_card
100,7827,2025-12-18 00:00:00,completed,social_media,credit_card
101,2899,2025-10-27 00:00:00,completed,email,debit_card
102,4841,2025-07-31 01:34:23,completed,social_media,paypal
103,83,2024-12-27 12:24:09,completed,referral,bank_transfer
104,6375,2024-10-07 00:00:00,completed,email,credit_card
105,1858,2024-06-23 10:01:44,completed,social_media,paypal
106,4447,2024-09-20 00:00:00,cancelled,email,paypal
107,1987,2025-04-18 00:00:00,completed,direct,debit_card
108,239,2025-08-13 00:00:00,completed,organic_search,credit_card
109,4470,2025-07-05 00:00:00,completed,social_media,credit_card
110,3921,2024-10-14 00:00:00,completed,paid_search,paypal
111,3922,2025-12-15 00:00:00,completed,organic_search,bank_transfer
112,1971,2025-08-28 00:00:00,completed,social_media,credit_card
113,8743,2025-04-22 00:00:00,completed,email,paypal
114,34,2025-06-01 23:08:44,cancelled,direct,paypal
115,8244,2025-01-02 00:00:00,completed,referral,bank_transfer
116,6816,2024-09-18 00:00:00,completed,paid_search,paypal
117,1632,2024-12-01 12:43:18,completed,paid_search,bank_transfer
118,4365,2025-09-10 00:00:00,completed,email,paypal
119,-1,2024-01-21 00:00:00,completed,referral,credit_card
120,5943,2024-05-14 00:00:00,completed,referral,credit_card
121,1235,2024-03-02 00:00:00,completed,referral,bank_transfer
122,4222,2024-02-24 00:00:00,cancelled,direct,bank_transfer
123,4321,2025-06-11 00:00:00,completed,referral,paypal
124,7438,2025-05-08 00:00:00,returned,referral,credit_card
125,8475,2025-02-20 00:00:00,completed,social_media,bank_transfer
126,802,2024-04-26 00:00:00,completed,referral,credit_card
127,2908,2025-03-07 00:00:00,completed,referral,credit_card
128,2784,2025-02-20 01:08:14,completed,social_media,debit_card
129,-1,2024-07-10 19:01:06,completed,paid_search,debit_card
130,5165,2025-01-15 08:32:35,completed,organic_search,debit_card
131,8135,2024-12-22 00:00:00,cancelled,social_media,credit_card
132,3930,2025-06-04 00:00:00,returned,organic_search,credit_card
133,6674,2025-06-17 05:29:39,cancelled,organic_search,bank_transfer
134,2686,2024-01-03 00:00:00,completed,direct,debit_card
135,8449,2024-10-12 00:00:00,completed,paid_search,debit_card
136,4201,2025-11-06 00:00:00,completed,organic_search,bank_transfer
137,7452,2025-03-16 15:59:24,completed,organic_search,bank_transfer
138,2405,2025-06-11 00:00:00,completed,email,bank_transfer
139,6428,2025-04-07 00:00:00,cancelled,direct,bank_transfer
140,3724,2024-06-30 00:00:00,completed,paid_search,paypal
141,313,2024-03-29 00:00:00,cancelled,organic_search,credit_card
142,3801,2025-06-23 00:00:00,completed,organic_search,credit_card
143,5071,2024-06-02 00:00:00,completed,referral,bank_transfer
144,1459,2025-05-14 00:00:00,completed,paid_search,paypal
145,1747,2025-10-12 00:00:00,completed,paid_search,credit_card
146,4294,2025-07-05 00:00:00,completed,referral,bank_transfer
147,3164,2024-12-17 00:00:00,completed,direct,paypal
148,4059,2025-06-23 00:00:00,completed,paid_search,paypal
149,4253,2025-06-02 00:00:00,completed,email,bank_transfer
150,1346,2025-04-16 11:29:44,completed,organic_search,paypal
151,1714,2025-10-12 00:00:00,completed,organic_search,debit_card
152,7841,2024-12-16 00:00:00,completed,email,bank_transfer
153,1546,2025-12-17 00:00:00,completed,social_media,credit_card
154,6166,2025-11-26 00:00:00,completed,paid_search,credit_card
155,3859,2024-02-08 00:00:00,completed,referral,bank_transfer
156,8937,2024-03-28 15:48:04,completed,paid_search,credit_card
157,644,2024-04-29 00:00:00,completed,direct,credit_card
158,7680,2024-01-26 00:00:00,completed,paid_search,paypal
159,4542,2024-04-23 23:10:47,completed,email,bank_transfer
160,53,2025-07-22 12:08:46,completed,organic_search,bank_transfer
161,2481,2024-03-30 00:00:00,completed,referral,bank_transfer
162,3753,2024-11-10 00:00:00,completed,organic_search,debit_card
163,2911,2025-11-01 00:00:00,completed,paid_search,debit_card
164,3343,2024-02-02 00:00:00,completed,referral,bank_transfer
165,8481,2025-10-15 00:00:00,cancelled,email,credit_card
166,3326,2024-10-16 00:00:00,completed,organic_search,paypal
167,3861,2024-05-17 00:00:00,completed,organic_search,paypal
168,7031,2025-07-31 00:00:00,completed,organic_search,paypal
169,7352,2025-06-13 00:00:00,completed,direct,bank_transfer
170,823,2025-11-15 00:00:00,completed,direct,bank_transfer
171,6517,2025-08-26 07:02:45,completed,social_media,debit_card
172,4465,2025-10-08 00:00:00,completed,referral,credit_card
173,1298,2024-10-16 00:00:00,completed,email,credit_card
174,2493,2024-07-14 00:00:00,completed,direct,debit_card
175,437,2025-09-06 00:00:00,completed,email,debit_card
176,3320,2025-10-10 00:00:00,completed,referral,debit_card
177,2402,2025-12-28 00:00:00,completed,referral,credit_card
178,3525,2024-12-29 03:31:53,completed,direct,bank_transfer
179,5356,2024-12-09 03:30:14,completed,paid_search,bank_transfer
180,6768,2025-09-22 00:00:00,completed,organic_search,bank_transfer
181,5580,2024-11-22 00:00:00,completed,referral,credit_card
182,6275,2025-12-06 00:00:00,completed,direct,debit_card
183,8008,2025-07-11 00:00:00,completed,direct,debit_card
184,8084,2025-01-11 21:44:27,completed,email,credit_card
185,7957,2025-09-06 00:00:00,returned,email,debit_card
186,1479,2025-09-08 00:00:00,completed,direct,debit_card
187,2360,2024-02-05 00:00:00,completed,direct,paypal
188,4644,2025-11-25 00:00:00,returned,email,paypal
189,3304,2025-03-17 00:00:00,returned,direct,bank_transfer
190,1277,2025-10-22 00:00:00,completed,social_media,credit_card
191,2696,2024-11-11 00:00:00,cancelled,direct,debit_card
192,8998,2025-11-22 12:43:32,cancelled,social_media,credit_card
193,3202,2024-12-17 14:02:08,completed,email,credit_card
194,3862,2024-01-16 00:00:00,completed,direct,bank_transfer
195,62,2025-11-26 00:00:00,completed,organic_search,paypal
196,6643,2024-04-20 00:00:00,completed,email,credit_card
197,3806,2024-11-10 00:00:00,completed,organic_search,debit_card
198,1016,2025-12-13 00:00:00,returned,direct,paypal
199,8940,2025-12-13 00:00:00,completed,paid_search,bank_transfer
200,7180,2025-05-05 09:54:15,completed,referral,paypal
201,6710,2025-06-15 00:00:00,cancelled,direct,debit_card
202,8842,2025-01-29 00:00:00,completed,paid_search,debit_card
203,3752,2024-10-25 00:00:00,completed,direct,credit_card
204,6634,2024-11-16 00:00:00,completed,social_media,debit_card
205,1948,2025-07-14 00:00:00,completed,social_media,paypal
206,6452,2025-07-09 00:00:00,completed,referral,credit_card
207,145,2025-01-10 00:00:00,completed,organic_search,bank_transfer
208,1222,2025-09-30 00:00:00,completed,paid_search,bank_transfer
209,3923,2024-04-20 00:00:00,completed,paid_search,paypal
210,122,2025-03-09 11:21:34,cancelled,organic_search,debit_card
211,4266,2024-03-15 00:00:00,completed,organic_search,debit_card
212,4836,2025-04-19 00:00:00,completed,social_media,bank_transfer
213,5727,2025-01-22 17:15:04,completed,social_media,debit_card
214,987,2025-11-19 00:00:00,completed,social_media,paypal
215,1712,2024-11-28 00:00:00,completed,referral,debit_card
216,5659,2024-05-15 00:00:00,completed,direct,paypal
217,6097,2024-06-10 00:00:00,completed,paid_search,bank_transfer
218,263,2025-09-12 00:00:00,completed,paid_search,debit_card
219,4990,2025-06-06 00:00:00,completed,social_media,credit_card
220,7257,2024-04-30 00:00:00,completed,direct,paypal
221,677,2024-04-12 12:55:38,completed,social_media,bank_transfer
222,3802,2025-08-03 06:48:10,completed,referral,debit_card
223,3022,2024-04-01 00:00:00,cancelled,email,bank_transfer
224,8463,2025-10-19 00:00:00,completed,referral,debit_card
225,1761,2025-08-07 03:50:29,completed,direct,paypal
226,2955,2024-04-10 00:51:26,completed,organic_search,bank_transfer
227,8314,2024-04-13 00:00:00,completed,social_media,debit_card
228,3061,2025-12-27 00:00:00,completed,email,bank_transfer
229,4913,2024-12-10 00:00:00,completed,referral,credit_card
230,328,2024-08-12 00:00:00,completed,email,paypal
231,-1,2025-10-14 00:00:00,returned,direct,bank_transfer
232,7631,2025-12-12 00:00:00,completed,referral,debit_card
233,5852,2025-12-26 00:00:00,completed,email,credit_card
234,598,2025-09-07 00:00:00,cancelled,referral,debit_card
235,735,2024-11-12 00:00:00,completed,direct,credit_card
236,5032,2024-04-12 00:00:00,completed,social_media,debit_card
237,2676,2025-09-22 00:00:00,returned,social_media,paypal
238,5739,2025-04-25 00:00:00,completed,referral,debit_card
239,5517,2025-01-06 00:00:00,completed,organic_search,credit_card
240,7755,2025-11-27 00:00:00,completed,email,debit_card
241,2644,2024-05-10 03:50:20,completed,social_media,credit_card
242,5345,2025-03-08 00:00:00,returned,social_media,bank_transfer
243,7180,2024-01-17 00:00:00,completed,direct,credit_card
244,4535,2025-02-16 00:00:00,completed,email,credit_card
245,7682,2024-03-14 00:00:00,returned,paid_search,credit_card
246,1273,2024-05-17 00:00:00,completed,email,debit_card
247,6783,2024-05-16 00:00:00,completed,referral,paypal
248,8700,2025-06-28 23:05:27,completed,referral,debit_card
249,3072,2025-09-03 00:00:00,completed,referral,debit_card
250,3375,2025-12-05 00:00:00,completed,referral,paypal
251,816,2025-12-18 23:13:18,completed,direct,debit_card
252,5918,2024-12-10 00:00:00,cancelled,referral,credit_card
253,5095,2024-10-19 03:02:17,completed,paid_search,bank_transfer
254,399,2025-11-11 00:00:00,completed,organic_search,debit_card
255,6954,2024-08-28 00:00:00,completed,referral,credit_card
256,7670,2025-12-18 00:00:00,completed,email,debit_card
257,8396,2024-01-18 00:00:00,completed,organic_search,paypal
258,5038,2025-12-20 00:00:00,completed,referral,paypal
259,4177,2024-02-28 00:00:00,completed,email,bank_transfer
260,8103,2025-11-20 00:00:00,completed,paid_search,paypal
261,3662,2025-04-03 00:00:00,completed,referral,credit_card
262,6068,2025-12-29 22:45:19,completed,organic_search,debit_card
263,5670,2024-04-02 00:00:00,cancelled,organic_search,credit_card
264,3431,2025-04-22 00:00:00,completed,email,credit_card
265,848,2025-12-20 00:00:00,completed,social_media,bank_transfer
266,219,2025-03-31 00:00:00,completed,social_media,paypal
267,3950,2025-06-14 18:42:13,completed,referral,bank_transfer
268,4449,2025-07-31 12:13:36,completed,direct,paypal
269,7612,2025-03-02 00:00:00,cancelled,social_media,credit_card
270,3815,2025-06-12 00:00:00,completed,organic_search,credit_card
271,2642,2025-05-13 00:00:00,completed,social_media,debit_card
272,4268,2025-11-24 00:00:00,cancelled,social_media,credit_card
273,-1,2024-01-03 00:00:00,completed,paid_search,paypal
274,896,2024-10-15 00:00:00,completed,referral,bank_transfer
275,1110,2025-12-13 00:00:00,completed,referral,debit_card
276,2965,2025-11-20 00:00:00,completed,paid_search,bank_transfer
277,127,2025-02-04 16:00:00,completed,referral,debit_card
278,2068,2025-06-07 00:00:00,cancelled,email,paypal
279,7286,2024-12-10 00:00:00,completed,social_media,paypal
280,2206,2024-07-25 00:00:00,completed,referral,paypal
281,1084,2025-11-02 00:00:00,completed,direct,credit_card
282,8760,2024-11-29 00:00:00,cancelled,direct,paypal
283,5735,2025-05-12 00:00:00,cancelled,direct,bank_transfer
284,590,2024-06-04 00:00:00,completed,organic_search,paypal
285,605,2025-12-22 00:00:00,completed,referral,paypal
286,5644,2025-12-27 00:00:00,completed,referral,paypal
287,4990,2025-08-01 00:00:00,completed,direct,paypal
288,668,2025-04-09 00:00:00,completed,direct,bank_transfer
289,2110,2024-11-05 19:03:26,completed,paid_search,paypal
290,8592,2025-10-14 00:00:00,completed,organic_search,debit_card
291,5290,2025-07-23 00:00:00,completed,social_media,bank_transfer
292,4055,2024-06-30 00:00:00,completed,paid_search,credit_card
293,2351,2025-11-29 04:06:12,completed,paid_search,credit_card
294,1296,2025-10-19 00:00:00,completed,direct,credit_card
295,3701,2025-12-13 00:00:00,completed,social_media,credit_card
296,8534,2025-08-20 21:02:04,completed,referral,paypal
297,479,2025-06-02 00:00:00,completed,social_media,paypal
298,-1,2024-12-31 06:06:23,completed,organic_search,paypal
299,1965,2025-12-07 03:34:34,completed,direct,debit_card
300,3761,2025-10-11 00:00:00,completed,organic_search,debit_card
301,437,2024-03-01 12:50:09,completed,email,credit_card
302,5373,2024-06-02 00:00:00,returned,social_media,bank_transfer
303,4471,2024-12-11 05:45:50,returned,email,credit_card
304,6168,2025-12-10 00:00:00,completed,direct,credit_card
305,5014,2025-12-27 00:00:00,completed,referral,debit_card
306,3658,2024-06-17 00:25:52,completed,social_media,paypal
307,6825,2025-05-20 00:00:00,completed,direct,credit_card
308,255,2024-12-13 00:00:00,cancelled,referral,debit_card
309,4998,2025-12-20 00:00:00,completed,direct,bank_transfer
310,1120,2025-10-31 00:00:00,completed,referral,bank_transfer
311,4022,2025-10-29 00:00:00,completed,direct,bank_transfer
312,7324,2025-02-16 00:00:00,returned,social_media,debit_card
313,1369,2024-12-30 08:24:27,completed,social_media,paypal
314,-1,2024-10-09 10:52:20,completed,social_media,bank_transfer
315,8216,2024-03-14 00:00:00,completed,organic_search,credit_card
316,3820,2025-09-11 00:00:00,completed,social_media,credit_card
317,59,2025-10-14 00:00:00,completed,social_media,debit_card
318,7312,2025-12-31 18:01:15,completed,social_media,credit_card
319,8146,2025-12-30 00:00:00,completed,email,credit_card
320,1653,2025-04-23 00:00:00,completed,referral,debit_card
321,8475,2025-09-17 00:00:00,completed,direct,bank_transfer
322,8465,2025-11-12 00:00:00,completed,referral,credit_card
323,4357,2025-11-03 06:12:27,completed,email,paypal
324,7393,2024-09-17 00:00:00,completed,social_media,bank_transfer
325,4105,2025-01-31 00:00:00,completed,direct,debit_card
326,5213,2024-05-27 13:27:11,completed,referral,bank_transfer
327,-1,2025-12-15 00:00:00,completed,direct,debit_card
328,1513,2025-05-28 00:00:00,completed,direct,bank_transfer
329,6899,2024-01-09 00:00:00,completed,organic_search,debit_card
330,12,2025-07-13 00:00:00,completed,organic_search,credit_card
331,5356,2025-05-06 00:00:00,completed,social_media,credit_card
332,7999,2024-02-12 00:00:00,completed,organic_search,debit_card
333,2079,2024-12-05 00:00:00,completed,organic_search,credit_card
334,3082,2025-07-13 00:00:00,completed,social_media,debit_card
335,5401,2025-03-29 00:00:00,completed,direct,paypal
336,2319,2025-09-19 21:10:26,completed,direct,credit_card
337,7835,2025-03-29 00:00:00,completed,referral,paypal
338,3376,2025-11-04 00:00:00,cancelled,social_media,debit_card
339,5356,2025-04-20 00:00:00,completed,social_media,paypal
340,2128,2025-04-27 00:00:00,completed,paid_search,bank_transfer
341,409,2025-11-14 00:00:00,completed,email,paypal
342,1647,2024-12-24 00:00:00,completed,social_media,paypal
343,449,2024-06-01 05:47:08,cancelled,social_media,bank_transfer
344,4325,2024-09-02 00:00:00,completed,email,bank_transfer
345,5395,2025-09-08 00:00:00,completed,referral,paypal
346,433,2025-07-06 00:00:00,completed,direct,credit_card
347,885,2025-05-08 00:00:00,completed,social_media,credit_card
348,4483,2024-08-18 00:00:00,completed,referral,credit_card
349,7404,2024-06-03 00:00:00,completed,email,bank_transfer
350,5794,2024-01-21 00:00:00,completed,social_media,credit_card
351,1022,2024-11-28 00:00:00,completed,referral,credit_card
352,8209,2025-05-17 16:24:06,completed,referral,debit_card
353,8488,2024-12-19 00:00:00,completed,paid_search,paypal
354,3009,2025-01-18 00:00:00,cancelled,organic_search,debit_card
355,5677,2025-11-26 05:40:39,completed,direct,credit_card
356,4549,2024-11-27 00:00:00,completed,email,bank_transfer
357,8690,2025-03-24 00:00:00,completed,social_media,bank_transfer
358,4710,2025-09-26 00:00:00,completed,email,debit_card
359,8857,2024-12-21 00:00:00,completed,paid_search,debit_card
360,1893,2025-06-08 00:00:00,completed,organic_search,debit_card
361,3190,2025-08-11 00:00:00,completed,social_media,credit_card
362,7218,2025-12-13 21:00:04,completed,social_media,credit_card
363,7241,2024-06-14 00:00:00,cancelled,paid_search,credit_card
364,6766,2025-05-12 00:00:00,completed,direct,bank_transfer
365,7946,2025-03-07 00:00:00,completed,referral,bank_transfer
366,6502,2024-09-27 00:00:00,completed,referral,credit_card
367,5861,2025-07-02 00:00:00,completed,email,bank_transfer
368,4234,2025-12-24 00:00:00,completed,direct,debit_card
369,4309,2025-08-03 00:00:00,completed,direct,debit_card
370,3735,2024-11-16 00:00:00,completed,paid_search,credit_card
371,5715,2025-06-16 00:00:00,completed,referral,credit_card
372,3740,2024-09-11 14:16:12,completed,direct,paypal
373,1413,2024-04-04 00:00:00,completed,email,paypal
374,1041,2024-05-27 00:00:00,completed,paid_search,bank_transfer
375,8553,2024-05-26 00:00:00,completed,organic_search,paypal
376,252,2024-06-19 00:00:00,cancelled,organic_search,credit_card
377,1030,2024-06-06 15:26:35,completed,referral,paypal
378,4108,2025-06-22 00:00:00,cancelled,email,bank_transfer
379,2470,2024-07-19 00:00:00,returned,social_media,bank_transfer
380,3731,2024-11-25 00:00:00,completed,organic_search,debit_card
381,1146,2025-11-23 00:00:00,completed,social_media,credit_card
382,1270,2025-02-20 00:00:00,completed,direct,bank_transfer
383,7420,2025-11-07 00:00:00,completed,social_media,bank_transfer
384,7009,2024-09-07 00:00:00,completed,referral,bank_transfer
385,1022,2024-07-29 11:50:31,cancelled,paid_search,credit_card
386,6180,2024-02-25 00:00:00,returned,organic_search,debit_card
387,5618,2024-06-07 00:00:00,completed,direct,credit_card
388,6584,2024-10-13 00:00:00,completed,paid_search,paypal
389,4383,2024-07-14 00:00:00,completed,organic_search,paypal
390,2539,2024-04-17 09:37:27,completed,organic_search,debit_card
391,6150,2024-05-19 00:00:00,cancelled,referral,debit_card
392,3422,2025-02-09 00:00:00,completed,direct,debit_card
393,2060,2024-08-11 00:00:00,completed,direct,debit_card
394,3761,2024-12-05 06:04:51,completed,referral,bank_transfer
395,7049,2025-03-16 00:00:00,completed,direct,credit_card
396,4394,2025-07-27 00:00:00,cancelled,email,credit_card
397,2798,2024-02-23 00:00:00,completed,paid_search,debit_card
398,7697,2025-10-06 06:31:40,returned,email,debit_card
399,8155,2025-12-06 00:00:00,completed,organic_search,credit_card
400,4000,2024-04-10 00:00:00,completed,direct,paypal
401,3456,2025-11-13 00:00:00,completed,social_media,debit_card
402,5652,2025-12-02 00:00:00,completed,paid_search,paypal
403,572,2024-03-19 00:00:00,completed,social_media,paypal
404,6416,2024-10-12 21:08:09,completed,organic_search,debit_card
405,7229,2025-10-10 00:00:00,completed,organic_search,credit_card
406,3649,2025-04-09 00:00:00,completed,social_media,debit_card
407,1651,2024-07-21 11:30:44,completed,direct,bank_transfer
408,289,2024-08-14 00:00:00,completed,social_media,paypal
409,5873,2024-12-08 00:00:00,completed,paid_search,bank_transfer
410,2533,2025-01-03 00:00:00,completed,social_media,bank_transfer
411,4284,2025-06-06 00:00:00,completed,direct,bank_transfer
412,3556,2024-07-12 00:00:00,completed,organic_search,credit_card
413,1655,2025-10-02 00:00:00,completed,paid_search,debit_card
414,4705,2025-09-04 00:00:00,completed,referral,paypal
415,4239,2024-02-19 00:00:00,completed,referral,bank_transfer
416,5751,2024-09-22 00:00:00,completed,email,bank_transfer
417,2370,2025-08-12 00:00:00,completed,direct,paypal
418,2027,2025-11-22 00:00:00,completed,organic_search,bank_transfer
419,7540,2025-03-22 00:00:00,completed,referral,debit_card
420,6500,2025-04-06 00:00:00,completed,social_media,credit_card
421,7128,2024-05-06 00:00:00,completed,paid_search,credit_card
422,1195,2025-01-28 00:00:00,completed,paid_search,paypal
423,2107,2025-04-07 02:29:11,completed,paid_search,debit_card
424,5322,2024-09-13 00:00:00,returned,organic_search,credit_card
425,7928,2024-10-06 00:00:00,completed,organic_search,credit_card
426,8250,2024-12-11 00:00:00,completed,social_media,bank_transfer
427,7698,2024-01-28 00:00:00,completed,paid_search,credit_card
428,423,2024-12-11 00:00:00,completed,email,credit_card
429,7600,2024-08-16 20:16:04,completed,paid_search,paypal
430,8322,2024-11-15 00:00:00,completed,paid_search,debit_card
431,559,2024-05-18 00:00:00,returned,organic_search,credit_card
432,3833,2025-11-20 00:00:00,cancelled,referral,credit_card
433,4952,2025-05-19 00:00:00,completed,organic_search,credit_card
434,2190,2025-07-19 02:28:42,completed,referral,credit_card
435,4784,2025-09-30 00:00:00,completed,direct,paypal
436,8197,2025-12-03 00:00:00,completed,organic_search,bank_transfer
437,8023,2024-04-15 00:00:00,completed,organic_search,bank_transfer
438,8670,2025-04-10 00:00:00,completed,paid_search,bank_transfer
439,4471,2025-05-15 00:46:06,completed,paid_search,paypal
440,3775,2025-09-02 23:20:18,completed,social_media,debit_card
441,6166,2025-01-13 00:00:00,completed,email,credit_card
442,3839,2024-05-26 03:02:15,completed,email,paypal
443,413,2024-10-17 00:00:00,cancelled,paid_search,paypal
444,6644,2024-12-04 00:00:00,completed,direct,credit_card
445,2640,2025-06-25 00:00:00,completed,direct,debit_card
446,482,2025-05-04 00:00:00,cancelled,referral,debit_card
447,210,2024-12-01 00:00:00,returned,referral,debit_card
448,8601,2025-12-27 00:00:00,completed,email,debit_card
449,2371,2025-05-28 21:36:58,cancelled,email,credit_card
450,4139,2024-09-09 00:00:00,completed,organic_search,credit_card
451,8773,2024-04-30 08:40:32,cancelled,direct,debit_card
452,4315,2024-06-20 00:00:00,completed,direct,debit_card
453,762,2024-09-16 19:34:47,completed,organic_search,bank_transfer
454,5090,2024-06-28 00:00:00,completed,direct,bank_transfer
455,863,2024-07-23 00:00:00,completed,organic_search,debit_card
456,935,2024-10-18 00:00:00,returned,referral,bank_transfer
457,7871,2024-10-07 00:00:00,completed,social_media,bank_transfer
458,2711,2025-11-23 00:00:00,completed,email,credit_card
459,6279,2024-08-04 00:00:00,completed,paid_search,credit_card
460,4711,2025-04-01 02:06:23,completed,direct,debit_card
461,2091,2024-12-28 00:00:00,completed,direct,paypal
462,4797,2025-12-25 04:55:01,completed,paid_search,debit_card
463,675,2024-11-05 00:00:00,completed,referral,bank_transfer
464,3204,2024-12-21 00:00:00,completed,paid_search,debit_card
465,4836,2025-12-20 00:00:00,completed,referral,debit_card
466,2153,2025-10-11 00:00:00,completed,email,paypal
467,6117,2025-10-16 00:00:00,completed,referral,paypal
468,505,2024-09-26 00:00:00,returned,referral,debit_card
469,4475,2024-08-07 00:00:00,completed,paid_search,bank_transfer
470,6598,2025-11-07 00:00:00,completed,organic_search,credit_card
471,3968,2025-12-06 00:00:00,completed,email,bank_transfer
472,8092,2025-04-24 03:10:39,cancelled,paid_search,debit_card
473,5828,2025-05-04 00:00:00,completed,direct,debit_card
474,8848,2024-10-14 00:00:00,completed,social_media,debit_card
475,2670,2025-09-17 01:07:32,completed,social_media,bank_transfer
476,8660,2024-07-24 00:00:00,completed,referral,paypal
477,5595,2024-11-13 00:00:00,completed,social_media,bank_transfer
478,6887,2025-07-01 00:00:00,completed,social_media,bank_transfer
479,8350,2025-03-19 00:00:00,completed,organic_search,paypal
480,5085,2024-09-13 00:00:00,completed,organic_search,debit_card
481,7975,2024-05-13 00:00:00,completed,direct,debit_card
482,5004,2025-05-31 00:00:00,completed,email,bank_transfer
483,5525,2024-10-21 00:00:00,completed,email,debit_card
484,4106,2025-05-11 14:20:56,completed,social_media,paypal
485,1396,2024-06-21 00:00:00,completed,email,credit_card
486,5106,2025-02-26 00:00:00,completed,referral,credit_card
487,-1,2025-07-04 00:00:00,completed,referral,debit_card
488,7282,2024-03-09 00:00:00,completed,email,bank_transfer
489,6909,2024-11-20 00:00:00,completed,email,bank_transfer
490,5940,2024-06-01 00:00:00,completed,direct,bank_transfer
491,3208,2024-03-21 00:00:00,completed,social_media,paypal
492,1610,2025-12-28 17:08:31,completed,direct,credit_card
493,2113,2024-11-12 00:00:00,returned,direct,paypal
494,61,2025-10-12 00:00:00,completed,referral,paypal
495,6234,2024-09-24 00:00:00,returned,organic_search,bank_transfer
496,7512,2025-07-20 00:00:00,completed,paid_search,debit_card
497,2532,2025-12-09 00:00:00,completed,referral,credit_card
498,901,2025-05-21 00:00:00,completed,organic_search,credit_card
499,3103,2025-02-18 00:00:00,cancelled,paid_search,paypal
500,2734,2024-12-28 00:00:00,completed,paid_search,debit_card
501,4165,2024-11-27 00:00:00,completed,direct,debit_card
502,2486,2025-12-06 00:00:00,completed,social_media,credit_card
503,3140,2025-10-24 00:00:00,completed,email,debit_card
504,8401,2025-12-19 07:40:18,completed,paid_search,debit_card
505,3099,2024-05-23 00:00:00,completed,social_media,debit_card
506,7263,2025-08-24 00:00:00,completed,referral,paypal
507,5769,2025-09-12 00:00:00,completed,social_media,bank_transfer
508,3117,2024-07-18 00:00:00,completed,referral,credit_card
509,7573,2024-03-25 00:00:00,completed,direct,bank_transfer
510,5482,2025-08-30 00:00:00,completed,paid_search,paypal
511,84,2025-05-06 00:00:00,completed,paid_search,paypal
512,673,2025-10-31 00:00:00,completed,organic_search,bank_transfer
513,6956,2024-07-06 00:00:00,completed,email,credit_card
514,4123,2025-10-03 00:00:00,completed,email,bank_transfer
515,3729,2024-08-07 00:00:00,completed,direct,paypal
516,1397,2024-06-30 00:30:35,completed,direct,bank_transfer
517,1496,2024-07-01 05:54:43,completed,paid_search,debit_card
518,7390,2025-10-15 00:00:00,completed,direct,paypal
519,7667,2025-07-09 00:00:00,completed,paid_search,paypal
520,5173,2025-03-31 00:00:00,completed,social_media,bank_transfer
521,2752,2024-12-02 00:00:00,completed,direct,bank_transfer
522,8613,2025-11-15 00:00:00,completed,organic_search,credit_card
523,5749,2024-12-19 00:00:00,completed,referral,paypal
524,7380,2025-10-16 00:00:00,completed,direct,credit_card
525,31,2025-01-20 00:00:00,completed,referral,debit_card
526,4158,2024-11-12 00:00:00,completed,direct,paypal
527,8049,2025-10-02 00:00:00,completed,referral,debit_card
528,3123,2024-10-31 00:00:00,completed,email,credit_card
529,6715,2025-04-09 00:00:00,completed,paid_search,paypal
530,6091,2025-03-15 01:28:21,completed,organic_search,credit_card
531,1466,2024-04-09 00:00:00,completed,organic_search,paypal
532,7158,2025-11-24 00:00:00,completed,organic_search,credit_card
533,1104,2024-12-15 00:00:00,completed,organic_search,debit_card
534,6722,2025-04-14 00:00:00,completed,email,bank_transfer
535,-1,2025-11-27 00:00:00,completed,email,debit_card
536,8842,2025-10-06 00:00:00,completed,email,credit_card
537,7415,2024-05-15 00:00:00,completed,paid_search,debit_card
538,4935,2025-12-09 00:00:00,completed,paid_search,debit_card
539,6247,2025-06-12 00:00:00,completed,direct,debit_card
540,6723,2024-11-19 10:02:41,completed,social_media,bank_transfer
541,82,2024-06-06 00:00:00,completed,referral,paypal
542,1006,2025-10-03 00:00:00,completed,referral,bank_transfer
543,5505,2025-06-07 04:12:44,completed,organic_search,bank_transfer
544,62,2025-07-04 00:00:00,completed,email,credit_card
545,8417,2025-11-22 07:02:59,returned,referral,credit_card
546,4521,2025-09-29 00:00:00,completed,email,credit_card
547,2425,2024-06-19 05:06:08,completed,social_media,paypal
548,3624,2024-06-11 00:00:00,completed,referral,credit_card
549,7866,2024-09-18 18:02:30,completed,organic_search,bank_transfer
550,8580,2025-01-09 00:00:00,completed,paid_search,debit_card
551,1137,2024-02-15 00:00:00,completed,referral,paypal
552,7184,2025-03-05 00:00:00,completed,direct,credit_card
553,5349,2025-09-13 00:00:00,cancelled,organic_search,credit_card
554,5382,2025-11-14 00:00:00,completed,email,credit_card
555,7199,2024-11-23 08:52:57,completed,direct,bank_transfer
556,2094,2025-10-19 00:00:00,cancelled,referral,debit_card
557,4910,2024-05-09 00:00:00,completed,direct,debit_card
558,2966,2025-11-02 00:00:00,completed,organic_search,debit_card
559,927,2024-05-26 00:00:00,completed,organic_search,paypal
560,1025,2024-12-21 00:00:00,returned,email,debit_card
561,1323,2025-05-10 00:00:00,completed,paid_search,bank_transfer
562,5668,2024-06-17 00:00:00,completed,direct,credit_card
563,1034,2024-09-02 00:00:00,completed,direct,paypal
564,5272,2025-08-18 00:00:00,completed,direct,debit_card
565,5410,2025-08-16 00:00:00,completed,social_media,bank_transfer
566,8364,2025-06-22 23:16:30,completed,referral,paypal
567,5775,2025-07-29 00:00:00,completed,referral,debit_card
568,-1,2025-04-14 00:00:00,cancelled,organic_search,debit_card
569,312,2024-09-21 00:00:00,completed,referral,paypal
570,6517,2024-11-25 00:00:00,cancelled,paid_search,bank_transfer
571,269,2024-07-19 00:00:00,completed,paid_search,bank_transfer
572,6740,2025-11-28 00:00:00,returned,direct,bank_transfer
573,3556,2025-05-12 00:00:00,cancelled,paid_search,credit_card
574,5636,2024-12-23 11:21:28,completed,social_media,credit_card
575,2890,2025-02-10 00:00:00,completed,organic_search,bank_transfer
576,1508,2025-12-12 23:20:10,completed,email,credit_card
577,6682,2024-06-20 00:00:00,completed,direct,credit_card
578,8369,2025-05-14 00:00:00,completed,social_media,paypal
579,1743,2025-03-18 00:00:00,completed,email,debit_card
580,8519,2025-06-01 00:00:00,completed,social_media,paypal
581,1347,2024-01-26 00:00:00,cancelled,email,bank_transfer
582,6802,2025-12-11 00:00:00,completed,organic_search,bank_transfer
583,8853,2025-07-12 00:00:00,completed,direct,credit_card
584,1411,2025-04-30 00:00:00,completed,paid_search,bank_transfer
585,4015,2025-07-31 00:00:00,completed,email,credit_card
586,3116,2025-03-12 00:00:00,completed,referral,debit_card
587,3579,2025-08-08 06:31:59,completed,email,paypal
588,6960,2024-06-20 07:24:17,completed,email,credit_card
589,6125,2025-07-05 00:00:00,returned,social_media,bank_transfer
590,8941,2025-05-28 00:00:00,completed,direct,debit_card
591,1758,2025-06-01 00:00:00,completed,paid_search,bank_transfer
592,5021,2025-08-27 00:00:00,completed,email,paypal
593,4148,2025-12-07 00:00:00,returned,direct,paypal
594,8502,2025-12-04 00:00:00,completed,organic_search,bank_transfer
595,105,2025-01-31 00:00:00,completed,referral,bank_transfer
596,-1,2024-05-12 00:00:00,completed,email,paypal
597,4433,2025-12-26 00:00:00,completed,organic_search,debit_card
598,5765,2025-10-29 00:00:00,completed,paid_search,paypal
599,3320,2024-05-23 16:05:37,completed,referral,debit_card
600,7882,2025-02-12 00:00:00,completed,email,bank_transfer
601,5189,2025-12-11 00:00:00,completed,organic_search,debit_card
602,6140,2025-03-28 00:00:00,completed,paid_search,debit_card
603,5998,2025-05-18 19:50:39,completed,organic_search,credit_card
604,3353,2024-12-22 00:00:00,completed,email,credit_card
605,745,2024-12-03 00:00:00,completed,referral,debit_card
606,7481,2024-11-19 00:00:00,completed,direct,paypal
607,2714,2025-10-08 02:43:45,completed,direct,debit_card
608,7846,2024-01-07 00:00:00,completed,email,bank_transfer
609,5611,2024-11-18 00:00:00,completed,paid_search,bank_transfer
610,3261,2024-12-22 00:00:00,completed,referral,credit_card
611,5472,2025-04-10 23:05:14,completed,referral,debit_card
612,5959,2025-12-02 00:00:00,cancelled,social_media,debit_card
613,6534,2024-11-25 00:00:00,completed,social_media,credit_card
614,7607,2024-11-26 00:00:00,completed,social_media,credit_card
615,1515,2025-08-28 00:00:00,completed,social_media,paypal
616,8714,2025-02-01 00:00:00,completed,direct,bank_transfer
617,3778,2024-08-29 00:00:00,completed,paid_search,bank_transfer
618,7954,2025-01-02 00:00:00,completed,social_media,debit_card
619,2071,2024-06-08 00:00:00,completed,paid_search,debit_card
620,291,2024-07-13 00:00:00,completed,referral,paypal
621,5303,2025-03-12 00:00:00,completed,paid_search,credit_card
622,3008,2025-01-01 00:00:00,completed,referral,bank_transfer
623,-1,2025-11-30 00:00:00,completed,email,debit_card
624,1022,2024-04-12 00:00:00,completed,organic_search,paypal
625,461,2025-05-10 00:00:00,completed,direct,paypal
626,436,2025-06-15 00:00:00,completed,email,paypal
627,2047,2024-01-19 00:00:00,completed,direct,bank_transfer
628,5356,2025-07-08 21:51:22,completed,paid_search,bank_transfer
629,4677,2024-07-15 00:00:00,completed,social_media,debit_card
630,3233,2025-12-17 13:28:24,completed,referral,paypal
631,869,2024-06-16 00:00:00,completed,paid_search,debit_card
632,2198,2024-12-30 00:00:00,completed,paid_search,paypal
633,1749,2024-04-14 11:09:09,completed,social_media,paypal
634,6892,2025-12-30 00:00:00,completed,paid_search,credit_card
635,7203,2025-03-15 00:00:00,completed,direct,credit_card
636,7178,2025-05-21 00:00:00,cancelled,direct,bank_transfer
637,8945,2024-03-25 06:14:59,cancelled,email,credit_card
638,8182,2025-09-05 00:00:00,completed,direct,paypal
639,4595,2024-08-15 00:00:00,completed,organic_search,paypal
640,3820,2025-11-23 23:02:42,completed,social_media,paypal
641,8470,2024-08-10 00:00:00,completed,referral,debit_card
642,5635,2024-07-28 00:00:00,completed,referral,credit_card
643,2748,2024-02-19 00:00:00,completed,paid_search,debit_card
644,5215,2025-02-18 00:00:00,completed,paid_search,bank_transfer
645,-1,2025-04-29 00:00:00,cancelled,paid_search,debit_card
646,7853,2024-03-24 00:00:00,returned,social_media,credit_card
647,2643,2025-09-21 00:00:00,completed,social_media,paypal
648,8791,2025-02-02 00:00:00,completed,direct,bank_transfer
649,-1,2025-04-01 00:00:14,completed,social_media,debit_card
650,2175,2025-01-21 22:20:31,completed,paid_search,credit_card
651,8282,2024-12-23 00:00:00,completed,paid_search,debit_card
652,8170,2025-04-26 10:31:07,completed,direct,debit_card
653,393,2024-06-22 00:00:00,completed,paid_search,bank_transfer
654,6196,2024-07-19 00:00:00,completed,direct,bank_transfer
655,2848,2025-08-11 00:00:00,completed,referral,credit_card
656,6245,2025-12-12 00:00:00,completed,social_media,paypal
657,8463,2024-09-12 00:00:00,completed,direct,credit_card
658,4606,2024-07-10 00:00:00,completed,organic_search,credit_card
659,3815,2025-06-24 00:00:00,completed,social_media,paypal
660,8526,2024-12-27 00:00:00,completed,direct,debit_card
661,8985,2024-02-05 01:10:10,completed,social_media,debit_card
662,605,2024-06-23 00:00:00,completed,paid_search,paypal
663,8538,2025-08-14 00:00:00,cancelled,paid_search,bank_transfer
664,808,2025-07-04 09:40:51,completed,paid_search,paypal
665,3116,2024-07-02 00:00:00,completed,paid_search,debit_card
666,7045,2024-08-26 00:00:00,completed,direct,bank_transfer
667,7178,2024-09-03 00:00:00,returned,social_media,paypal
668,6707,2025-07-14 00:00:00,completed,paid_search,credit_card
669,387,2024-01-28 00:00:00,completed,referral,bank_transfer
670,1288,2024-05-03 05:42:52,completed,social_media,credit_card
671,8639,2025-06-10 00:00:00,completed,email,debit_card
672,793,2024-07-15 12:21:09,completed,social_media,debit_card
673,762,2025-06-30 00:00:00,completed,social_media,credit_card
674,7730,2024-09-09 16:54:21,completed,referral,paypal
675,5916,2024-04-28 05:07:36,completed,organic_search,credit_card
676,3246,2024-09-14 00:00:00,completed,referral,bank_transfer
677,1572,2025-08-18 00:00:00,completed,referral,credit_card
678,8181,2025-11-06 00:00:00,completed,organic_search,bank_transfer
679,-1,2025-10-24 00:00:00,completed,direct,paypal
680,487,2024-12-21 00:00:00,returned,email,bank_transfer
681,5113,2025-07-11 00:00:00,completed,direct,bank_transfer
682,2452,2024-10-08 00:00:00,completed,direct,paypal
683,7704,2024-10-25 00:00:00,completed,referral,credit_card
684,3194,2025-11-22 00:00:00,completed,paid_search,bank_transfer
685,6594,2024-01-19 03:37:48,completed,organic_search,debit_card
686,4983,2024-04-14 00:00:00,completed,social_media,debit_card
687,5002,2024-08-13 00:00:00,completed,email,debit_card
688,7936,2024-02-06 16:22:38,completed,email,credit_card
689,4347,2024-07-18 00:00:00,completed,paid_search,credit_card
690,7818,2025-12-05 00:00:00,completed,direct,paypal
691,3349,2025-01-03 00:00:00,completed,organic_search,bank_transfer
692,1654,2025-11-21 00:00:00,completed,social_media,paypal
693,4203,2025-10-16 00:00:00,completed,email,credit_card
694,4601,2024-11-23 00:00:00,cancelled,email,debit_card
695,4419,2024-09-28 01:58:09,completed,referral,debit_card
696,7485,2024-12-13 00:00:00,completed,direct,debit_card
697,5215,2025-05-17 13:47:21,cancelled,paid_search,credit_card
698,8215,2024-10-05 03:20:43,completed,referral,bank_transfer
699,4758,2025-06-10 00:00:00,completed,organic_search,debit_card
700,2115,2024-12-27 00:00:00,completed,paid_search,bank_transfer
701,1255,2025-04-20 00:00:00,cancelled,social_media,bank_transfer
702,8036,2025-01-17 00:00:00,cancelled,email,paypal
703,552,2024-10-26 00:00:00,completed,referral,debit_card
704,1148,2025-12-13 04:29:10,completed,social_media,credit_card
705,619,2025-09-14 00:00:00,completed,organic_search,bank_transfer
706,3909,2024-07-06 00:00:00,cancelled,social_media,bank_transfer
707,4921,2025-11-11 00:00:00,completed,direct,credit_card
708,203,2025-03-03 01:18:28,completed,paid_search,credit_card
709,4774,2025-11-22 00:00:00,completed,referral,bank_transfer
710,3623,2025-10-06 14:29:18,completed,paid_search,paypal
711,7142,2025-07-01 00:00:00,completed,email,debit_card
712,7676,2024-02-01 07:48:02,completed,email,paypal
713,6349,2024-05-10 00:00:00,completed,referral,credit_card
714,4376,2025-04-13 00:00:00,completed,direct,bank_transfer
715,2041,2025-06-16 00:00:00,completed,social_media,bank_transfer
716,7831,2024-09-26 00:00:00,completed,organic_search,paypal
717,3158,2024-06-06 00:00:00,completed,social_media,debit_card
718,3284,2025-10-27 00:00:00,completed,paid_search,paypal
719,8472,2025-12-26 00:00:00,completed,referral,credit_card
720,9000,2025-02-04 00:00:00,completed,social_media,debit_card
721,8310,2024-07-09 00:00:00,completed,referral,paypal
722,-1,2024-08-10 00:00:00,completed,paid_search,paypal
723,8041,2024-01-26 03:51:22,completed,email,bank_transfer
724,6519,2025-11-30 00:00:00,completed,organic_search,paypal
725,2746,2024-05-16 00:00:00,completed,email,bank_transfer
726,8791,2025-05-08 22:34:49,completed,referral,debit_card
727,8108,2024-10-10 00:00:00,cancelled,referral,debit_card
728,2266,2025-04-22 00:00:00,completed,paid_search,credit_card
729,4515,2025-06-29 00:00:00,completed,direct,paypal
730,686,2025-10-24 00:00:00,completed,organic_search,debit_card
731,8794,2024-08-11 00:00:00,cancelled,paid_search,debit_card
732,5298,2024-01-16 00:00:00,cancelled,referral,paypal
733,2306,2024-06-04 00:00:00,completed,direct,debit_card
734,2736,2025-11-24 00:00:00,cancelled,organic_search,credit_card
735,-1,2025-11-13 02:44:32,completed,referral,bank_transfer
736,5673,2025-05-22 16:18:14,completed,referral,credit_card
737,3883,2025-05-24 00:00:00,cancelled,email,paypal
738,4618,2025-09-07 00:00:00,completed,email,credit_card
739,969,2024-12-07 00:00:00,completed,organic_search,debit_card
740,736,2025-11-30 00:00:00,completed,direct,debit_card
741,5460,2025-01-01 00:00:00,completed,email,bank_transfer
742,4736,2024-12-14 00:00:00,completed,email,credit_card
743,3309,2025-03-28 14:16:02,completed,paid_search,debit_card
744,5229,2024-03-03 03:09:04,returned,direct,paypal
745,711,2024-03-07 00:00:00,completed,organic_search,bank_transfer
746,8713,2025-08-28 22:35:31,completed,organic_search,paypal
747,2746,2024-04-11 00:00:00,completed,referral,paypal
748,704,2025-05-26 00:00:00,completed,social_media,paypal
749,1609,2024-09-16 05:50:21,completed,paid_search,credit_card
750,938,2024-12-17 00:00:00,completed,referral,credit_card
751,1689,2024-10-21 21:28:06,completed,email,credit_card
752,3839,2024-12-01 00:00:00,completed,organic_search,credit_card
753,6828,2025-08-16 00:00:00,completed,direct,bank_transfer
754,2553,2024-10-28 00:00:00,completed,social_media,bank_transfer
755,4021,2025-05-01 00:00:00,completed,organic_search,debit_card
756,8590,2025-02-22 00:00:00,completed,paid_search,paypal
757,2758,2025-08-07 00:00:00,completed,direct,paypal
758,7360,2025-12-08 00:00:00,completed,referral,debit_card
759,1498,2025-08-25 00:00:00,completed,organic_search,credit_card
760,1686,2024-08-19 00:00:00,completed,social_media,bank_transfer
761,4208,2024-12-02 00:00:00,cancelled,email,credit_card
762,2201,2024-09-30 07:50:59,completed,organic_search,debit_card
763,8356,2025-05-20 00:00:00,completed,organic_search,credit_card
764,496,2024-03-08 00:00:00,completed,paid_search,paypal
765,5508,2025-10-03 00:00:00,completed,organic_search,bank_transfer
766,5569,2025-05-22 00:00:00,completed,direct,bank_transfer
767,643,2024-11-19 00:00:00,completed,organic_search,debit_card
768,6770,2025-09-18 00:00:00,completed,social_media,bank_transfer
769,4328,2024-05-05 00:00:00,completed,social_media,bank_transfer
770,6678,2024-04-03 00:00:00,completed,direct,debit_card
771,7646,2025-08-22 23:51:13,completed,referral,credit_card
772,2997,2025-03-10 00:00:00,completed,social_media,paypal
773,4472,2025-07-26 00:00:00,completed,paid_search,credit_card
774,2447,2025-01-16 00:00:00,completed,referral,paypal
775,1912,2024-09-17 00:00:00,completed,social_media,bank_transfer
776,8,2025-10-17 00:00:00,completed,email,credit_card
777,8891,2025-06-10 00:00:00,completed,paid_search,credit_card
778,4061,2025-07-30 00:00:00,completed,direct,paypal
779,133,2024-10-08 13:50:00,completed,organic_search,debit_card
780,87,2025-05-17 00:00:00,completed,direct,paypal
781,2701,2024-03-12 00:00:00,cancelled,paid_search,paypal
782,143,2024-04-20 00:00:00,completed,email,debit_card
783,3453,2025-01-12 00:00:00,completed,referral,debit_card
784,611,2024-06-04 23:20:21,completed,email,bank_transfer
785,389,2025-12-13 21:55:59,completed,direct,debit_card
786,6193,2025-01-26 00:00:00,completed,social_media,paypal
787,8392,2024-07-22 04:32:13,completed,organic_search,bank_transfer
788,3766,2025-04-13 00:00:00,completed,email,debit_card
789,7738,2025-11-13 00:00:00,completed,paid_search,credit_card
790,293,2025-08-24 00:00:00,returned,organic_search,debit_card
791,7182,2025-10-10 00:00:00,returned,organic_search,paypal
792,610,2025-07-04 00:00:00,completed,paid_search,bank_transfer
793,7752,2025-07-28 00:00:00,completed,direct,bank_transfer
794,8162,2025-03-11 00:00:00,completed,referral,bank_transfer
795,7268,2024-09-19 00:00:00,completed,referral,credit_card
796,7599,2025-05-03 00:00:00,cancelled,email,debit_card
797,5184,2024-08-25 00:00:00,completed,organic_search,credit_card
798,2494,2025-12-27 00:00:00,completed,paid_search,debit_card
799,5939,2025-12-11 00:00:00,completed,email,debit_card
800,4050,2024-02-23 00:00:00,returned,direct,paypal
801,53,2025-06-08 00:00:00,cancelled,social_media,credit_card
802,4404,2025-04-12 00:00:00,cancelled,organic_search,bank_transfer
803,6024,2024-07-18 00:00:00,completed,social_media,debit_card
804,143,2025-02-05 00:00:00,completed,direct,credit_card
805,5725,2025-11-30 00:00:00,completed,direct,debit_card
806,6039,2024-02-16 00:00:00,completed,referral,paypal
807,1498,2025-01-08 00:00:00,cancelled,social_media,credit_card
808,3980,2024-10-28 00:00:00,completed,email,bank_transfer
809,8897,2025-12-04 00:00:00,completed,email,paypal
810,8182,2025-12-21 00:00:00,completed,email,bank_transfer
811,3778,2025-11-12 00:00:00,completed,email,bank_transfer
812,3230,2025-02-20 00:00:00,completed,email,credit_card
813,1204,2025-11-08 00:00:00,completed,email,paypal
814,351,2025-01-11 00:00:00,completed,organic_search,bank_transfer
815,2774,2024-11-10 00:00:00,completed,paid_search,bank_transfer
816,8673,2025-10-23 00:00:00,completed,social_media,paypal
817,8848,2024-02-20 00:00:00,completed,direct,credit_card
818,7519,2025-05-21 00:00:00,completed,direct,credit_card
819,3237,2024-02-09 00:00:00,completed,social_media,paypal
820,1376,2024-05-19 00:00:00,returned,referral,bank_transfer
821,5487,2024-04-05 00:00:00,completed,referral,paypal
822,5971,2025-07-31 10:57:17,completed,paid_search,bank_transfer
823,3919,2024-11-22 00:00:00,completed,direct,debit_card
824,6419,2025-08-19 00:00:00,completed,email,credit_card
825,6900,2024-03-24 00:00:00,completed,organic_search,debit_card
826,7236,2024-11-08 22:10:37,completed,social_media,bank_transfer
827,4644,2025-12-04 00:00:00,completed,email,bank_transfer
828,7331,2025-10-01 17:57:49,completed,social_media,paypal
829,259,2024-10-11 00:00:00,completed,referral,paypal
830,6299,2025-06-11 00:00:00,completed,paid_search,credit_card
831,2216,2025-11-18 00:00:00,completed,direct,debit_card
832,2541,2025-06-04 00:00:00,completed,referral,credit_card
833,895,2024-09-05 00:00:00,completed,paid_search,credit_card
834,1825,2024-02-03 00:00:00,completed,email,debit_card
835,-1,2025-12-11 00:00:00,completed,email,paypal
836,3825,2024-01-30 01:03:20,completed,paid_search,debit_card
837,8586,2025-11-14 18:29:33,completed,direct,credit_card
838,1547,2025-04-04 00:00:00,completed,direct,paypal
839,1928,2025-09-12 00:00:00,completed,referral,bank_transfer
840,5149,2025-05-10 00:00:00,completed,social_media,credit_card
841,3225,2025-12-31 00:00:00,completed,social_media,paypal
842,5943,2024-11-28 00:00:00,completed,referral,credit_card
843,3897,2025-09-16 00:00:00,completed,organic_search,credit_card
844,7508,2024-12-23 20:25:41,completed,paid_search,paypal
845,3985,2025-02-25 00:00:00,completed,paid_search,debit_card
846,5292,2025-12-06 00:00:00,cancelled,paid_search,bank_transfer
847,2981,2025-11-13 00:00:00,completed,referral,debit_card
848,6516,2025-12-26 00:00:00,completed,direct,credit_card
849,6061,2025-09-17 00:00:00,completed,social_media,credit_card
850,3646,2024-12-31 00:00:00,completed,referral,debit_card
851,2595,2025-01-03 00:00:00,completed,social_media,paypal
852,5665,2025-08-28 00:00:00,completed,paid_search,bank_transfer
853,8703,2024-10-09 00:00:00,completed,referral,bank_transfer
854,1285,2024-09-05 00:00:00,completed,paid_search,debit_card
855,7403,2024-11-30 00:00:00,completed,paid_search,paypal
856,5018,2024-10-20 00:00:00,completed,referral,paypal
857,4866,2024-10-27 00:00:00,completed,email,debit_card
858,8870,2024-09-06 00:00:00,completed,organic_search,credit_card
859,5586,2024-02-26 00:00:00,returned,email,credit_card
860,7680,2024-01-26 00:00:00,completed,referral,paypal
861,4762,2025-12-27 00:00:00,completed,paid_search,debit_card
862,2348,2025-01-09 00:00:00,cancelled,organic_search,paypal
863,6432,2024-12-15 00:00:00,completed,paid_search,debit_card
864,8541,2025-07-19 00:00:00,cancelled,social_media,debit_card
865,7778,2024-08-23 00:00:00,completed,organic_search,bank_transfer
866,1886,2025-12-13 00:00:00,cancelled,email,debit_card
867,2939,2025-09-28 00:00:00,cancelled,direct,debit_card
868,4786,2024-04-18 00:00:00,completed,direct,paypal
869,5286,2024-12-31 00:00:00,completed,direct,debit_card
870,1842,2025-11-15 14:15:42,cancelled,social_media,debit_card
871,2166,2025-11-12 00:00:00,completed,paid_search,debit_card
872,7007,2025-02-14 00:00:00,completed,email,paypal
873,6748,2025-06-02 00:00:00,cancelled,organic_search,bank_transfer
874,7761,2024-07-04 00:00:00,completed,organic_search,credit_card
875,8613,2025-12-28 20:15:34,returned,direct,paypal
876,2880,2024-09-04 00:00:00,completed,social_media,bank_transfer
877,7946,2025-11-12 00:00:00,completed,paid_search,credit_card
878,6166,2025-06-28 00:00:00,completed,direct,debit_card
879,8840,2025-05-29 00:00:00,completed,social_media,bank_transfer
880,2550,2025-03-23 00:00:00,completed,organic_search,credit_card
881,2536,2024-09-03 14:57:51,returned,organic_search,bank_transfer
882,6518,2024-07-14 00:00:00,completed,social_media,debit_card
883,8589,2024-08-25 00:00:00,completed,paid_search,bank_transfer
884,7629,2024-07-23 11:13:29,completed,email,paypal
885,6720,2025-09-24 22:23:55,completed,social_media,debit_card
886,3568,2024-11-28 00:00:00,completed,social_media,credit_card
887,6627,2024-03-15 00:00:00,completed,social_media,debit_card
888,7426,2025-12-20 08:47:37,completed,paid_search,bank_transfer
889,6961,2025-11-17 00:00:00,completed,referral,paypal
890,6259,2025-05-12 00:00:00,completed,direct,paypal
891,460,2025-12-30 10:42:27,completed,referral,credit_card
892,6111,2024-07-11 08:04:23,completed,paid_search,debit_card
893,4418,2024-12-21 00:00:00,completed,email,bank_transfer
894,8869,2025-09-10 00:00:00,completed,paid_search,credit_card
895,5598,2025-07-31 00:00:00,completed,referral,credit_card
896,5608,2024-06-21 00:00:00,completed,paid_search,credit_card
897,-1,2025-10-15 00:00:00,completed,direct,credit_card
898,916,2024-08-28 00:00:00,completed,email,bank_transfer
899,2596,2024-08-28 00:00:00,completed,email,debit_card
900,6075,2025-10-04 00:00:00,completed,paid_search,bank_transfer
901,2923,2025-05-19 00:00:00,cancelled,referral,paypal
902,3195,2025-10-05 00:00:00,cancelled,referral,credit_card
903,8255,2024-04-20 00:00:00,completed,referral,credit_card
904,5356,2025-11-15 00:00:00,completed,referral,paypal
905,1012,2024-10-03 00:00:00,completed,paid_search,paypal
906,2890,2024-05-28 19:09:16,completed,organic_search,paypal
907,745,2025-11-19 00:34:28,completed,social_media,paypal
908,5135,2025-12-15 00:00:00,completed,email,credit_card
909,1644,2025-11-08 00:00:00,completed,paid_search,paypal
910,7928,2025-12-10 00:00:00,completed,direct,bank_transfer
911,5340,2025-02-07 00:00:00,returned,social_media,credit_card
912,584,2025-04-20 00:00:00,completed,direct,bank_transfer
913,2807,2024-04-15 00:00:00,cancelled,email,debit_card
914,5680,2024-12-27 00:00:00,completed,social_media,debit_card
915,3103,2024-12-09 00:00:00,completed,email,paypal
916,4748,2024-09-28 00:00:00,completed,email,credit_card
917,8423,2025-08-18 23:42:23,cancelled,organic_search,paypal
918,3232,2025-10-03 00:00:00,completed,paid_search,paypal
919,3103,2024-04-09 03:05:17,completed,social_media,credit_card
920,7588,2024-08-24 00:00:00,completed,referral,paypal
921,2960,2025-07-22 12:19:50,completed,direct,debit_card
922,759,2024-04-04 00:00:00,completed,organic_search,credit_card
923,1711,2025-04-11 00:00:00,completed,email,paypal
924,8758,2025-09-03 00:00:00,completed,direct,debit_card
925,8613,2025-02-26 00:00:00,completed,organic_search,paypal
926,2115,2025-05-18 00:00:00,completed,social_media,credit_card
927,5106,2025-10-21 02:11:22,completed,direct,bank_transfer
928,1323,2024-11-26 00:00:00,completed,social_media,debit_card
929,6246,2025-07-18 00:00:00,completed,direct,paypal
930,1756,2025-04-30 00:00:00,returned,paid_search,credit_card
931,485,2024-10-04 17:31:13,completed,referral,debit_card
932,7631,2025-11-15 00:00:00,completed,organic_search,debit_card
933,3014,2025-05-10 00:00:00,completed,social_media,bank_transfer
934,1060,2025-07-04 08:24:49,completed,paid_search,credit_card
935,7717,2025-11-03 00:00:00,completed,referral,bank_transfer
936,7045,2025-11-10 00:00:00,completed,paid_search,bank_transfer
937,6337,2025-08-08 00:00:00,completed,referral,paypal
938,8443,2025-10-28 00:00:00,completed,social_media,debit_card
939,4516,2025-08-01 00:00:00,completed,direct,bank_transfer
940,1242,2025-07-20 00:00:00,completed,direct,debit_card
941,601,2025-06-06 00:00:00,returned,paid_search,credit_card
942,2956,2025-07-09 00:00:00,cancelled,email,paypal
943,848,2024-06-26 00:00:00,completed,paid_search,debit_card
944,4943,2025-11-16 00:00:00,completed,social_media,paypal
945,147,2025-11-12 00:00:00,completed,direct,debit_card
946,4093,2024-02-10 12:51:35,completed,social_media,paypal
947,1688,2025-10-21 00:00:00,cancelled,organic_search,paypal
948,3393,2024-05-27 12:40:40,completed,paid_search,bank_transfer
949,6247,2024-11-19 18:01:17,completed,referral,paypal
950,3238,2025-09-01 00:00:00,completed,direct,debit_card
951,3155,2024-06-28 11:56:26,completed,email,debit_card
952,-1,2025-10-17 02:06:25,completed,email,paypal
953,6638,2025-10-25 00:00:00,cancelled,referral,bank_transfer
954,4754,2025-03-19 04:40:38,completed,social_media,credit_card
955,5356,2024-10-01 00:00:00,cancelled,referral,debit_card
956,5715,2024-10-20 00:00:00,completed,referral,bank_transfer
957,250,2025-06-05 00:00:00,completed,email,bank_transfer
958,778,2025-12-25 00:00:00,completed,social_media,debit_card
959,6003,2025-06-15 00:00:00,returned,organic_search,paypal
960,3358,2024-09-28 00:00:00,completed,email,paypal
961,543,2025-06-17 04:49:04,completed,paid_search,paypal
962,2775,2025-12-04 00:00:00,completed,referral,debit_card
963,1264,2025-09-24 00:00:00,completed,social_media,paypal
964,8477,2024-05-05 00:00:00,completed,referral,bank_transfer
965,1922,2025-09-12 00:31:09,completed,email,paypal
966,1377,2025-04-13 00:00:00,completed,organic_search,bank_transfer
967,5773,2025-12-18 00:00:00,completed,social_media,paypal
968,4827,2024-11-23 00:00:00,completed,organic_search,bank_transfer
969,5324,2025-06-16 00:00:00,completed,organic_search,bank_transfer
970,4021,2025-12-07 03:45:50,completed,direct,paypal
971,4310,2024-05-01 00:00:00,completed,direct,paypal
972,7192,2025-12-08 00:00:00,completed,referral,debit_card
973,2068,2025-07-25 00:00:00,cancelled,email,debit_card
974,3643,2024-03-26 06:47:39,returned,direct,paypal
975,8841,2024-10-31 00:00:00,completed,paid_search,paypal
976,1804,2025-08-08 00:00:00,completed,social_media,paypal
977,2746,2024-03-26 00:00:00,completed,paid_search,credit_card
978,1818,2025-05-11 00:00:00,completed,organic_search,bank_transfer
979,209,2024-11-25 00:00:00,completed,email,debit_card
980,2538,2025-06-07 16:41:49,completed,direct,debit_card
981,453,2024-02-03 00:00:00,completed,referral,credit_card
982,1490,2025-12-11 00:00:00,cancelled,organic_search,paypal
983,3343,2025-12-22 00:00:00,completed,email,paypal
984,212,2025-12-20 00:00:00,completed,organic_search,credit_card
985,6957,2025-09-05 00:00:00,completed,organic_search,credit_card
986,7370,2024-05-28 00:00:00,completed,organic_search,credit_card
987,3783,2025-09-10 02:26:46,returned,email,bank_transfer
988,-1,2024-04-02 00:00:00,completed,organic_search,paypal
989,6283,2024-01-31 20:45:32,completed,direct,bank_transfer
990,6881,2024-11-13 00:00:00,completed,organic_search,paypal
991,1825,2025-04-03 00:00:00,completed,email,paypal
992,7745,2025-09-18 00:00:00,cancelled,email,debit_card
993,8723,2025-07-22 00:00:00,completed,direct,credit_card
994,2223,2025-01-26 00:00:00,completed,referral,paypal
995,6366,2024-09-10 00:00:00,completed,referral,paypal
996,6904,2025-12-30 00:00:00,completed,direct,debit_card
997,2848,2025-01-08 00:00:00,cancelled,paid_search,paypal
998,4388,2025-01-31 19:00:46,returned,social_media,bank_transfer
999,956,2024-06-30 00:00:00,completed,social_media,debit_card
1000,1642,2025-03-10 00:00:00,completed,social_media,debit_card
1001,601,2025-07-29 00:00:00,completed,referral,paypal
1002,5173,2024-08-25 00:00:00,completed,organic_search,bank_transfer
1003,5763,2024-04-11 12:11:24,completed,organic_search,credit_card
1004,8474,2025-07-20 06:59:06,completed,paid_search,paypal
1005,5010,2025-01-07 00:00:00,completed,social_media,paypal
1006,2447,2024-10-09 00:00:00,completed,referral,debit_card
1007,584,2025-12-13 22:57:12,cancelled,organic_search,credit_card
1008,8188,2024-06-18 00:00:00,completed,organic_search,bank_transfer
1009,4425,2025-01-14 00:00:00,completed,social_media,debit_card
1010,6820,2025-11-12 00:00:00,completed,email,credit_card
1011,148,2025-01-02 00:00:00,completed,email,credit_card
1012,4508,2025-06-20 00:00:00,completed,organic_search,bank_transfer
1013,3015,2024-12-21 00:00:00,completed,organic_search,credit_card
1014,305,2024-10-10 00:00:00,completed,email,credit_card
1015,7163,2025-12-26 00:00:00,cancelled,email,debit_card
1016,4745,2024-12-27 00:00:00,completed,email,bank_transfer
1017,3084,2025-11-22 00:00:00,completed,email,bank_transfer
1018,7468,2024-02-09 00:00:00,completed,direct,bank_transfer
1019,4128,2024-08-18 15:47:45,completed,email,credit_card
1020,34,2024-02-12 00:00:00,returned,referral,bank_transfer
1021,8717,2025-06-29 21:12:20,completed,referral,debit_card
1022,2404,2024-12-07 00:00:00,completed,referral,bank_transfer
1023,7681,2025-09-11 00:00:00,completed,email,debit_card
1024,7562,2025-02-20 00:00:00,completed,referral,paypal
1025,1544,2025-12-20 13:06:41,completed,paid_search,bank_transfer
1026,4381,2024-07-22 00:00:00,completed,email,debit_card
1027,397,2025-11-11 00:00:00,completed,social_media,paypal
1028,3269,2025-09-22 00:00:00,completed,social_media,bank_transfer
1029,6754,2025-09-18 00:00:00,completed,organic_search,debit_card
1030,2229,2025-01-11 00:00:00,completed,email,credit_card
1031,1143,2025-09-12 00:00:00,cancelled,organic_search,debit_card
1032,4695,2025-06-11 00:00:00,completed,referral,credit_card
1033,4958,2024-05-29 00:00:00,completed,organic_search,credit_card
1034,6252,2024-02-14 00:00:00,completed,referral,paypal
1035,7009,2025-12-02 00:00:00,completed,organic_search,credit_card
1036,6441,2025-04-06 00:00:00,completed,paid_search,bank_transfer
1037,7817,2025-10-04 00:00:00,completed,direct,paypal
1038,2095,2025-02-27 00:00:00,cancelled,social_media,credit_card
1039,5268,2024-05-16 01:20:49,completed,email,bank_transfer
1040,3320,2024-05-23 00:00:00,completed,social_media,paypal
1041,8875,2025-07-23 00:00:00,completed,paid_search,debit_card
1042,4054,2025-12-01 00:00:00,completed,paid_search,bank_transfer
1043,8855,2024-06-08 00:00:00,completed,direct,paypal
1044,7103,2025-03-07 00:00:00,completed,organic_search,debit_card
1045,6634,2024-03-22 00:00:00,completed,email,bank_transfer
1046,4543,2025-05-11 00:00:00,completed,direct,bank_transfer
1047,4089,2024-06-10 00:00:00,completed,social_media,bank_transfer
1048,4873,2025-10-05 13:59:04,completed,referral,paypal
1049,2746,2024-05-11 00:00:00,completed,email,credit_card
1050,8368,2025-04-02 00:00:00,completed,paid_search,paypal
1051,7357,2024-01-17 00:00:00,completed,email,bank_transfer
1052,7429,2024-03-31 09:48:50,completed,paid_search,debit_card
1053,3999,2024-12-19 00:00:00,completed,social_media,credit_card
1054,697,2025-02-25 00:00:00,completed,paid_search,credit_card
1055,6328,2025-05-24 00:00:00,completed,organic_search,credit_card
1056,3452,2024-10-24 00:00:00,completed,email,paypal
1057,8045,2025-07-30 00:00:00,completed,paid_search,debit_card
1058,7209,2025-11-08 00:00:00,completed,direct,paypal
1059,1393,2025-09-24 00:00:00,cancelled,paid_search,credit_card
1060,5547,2024-02-23 19:06:13,completed,social_media,credit_card
1061,6419,2025-02-26 00:00:00,completed,social_media,bank_transfer
1062,5250,2024-03-05 00:00:00,completed,email,debit_card
1063,4756,2024-09-13 00:00:00,completed,referral,paypal
1064,2148,2025-12-27 22:01:57,completed,social_media,bank_transfer
1065,2219,2024-06-09 00:00:00,completed,paid_search,paypal
1066,7092,2025-12-03 00:00:00,completed,paid_search,bank_transfer
1067,190,2025-05-06 00:00:00,completed,referral,credit_card
1068,7193,2025-08-04 00:00:00,completed,social_media,credit_card
1069,4876,2025-04-26 00:00:00,completed,social_media,debit_card
1070,8639,2024-01-14 00:00:00,completed,direct,bank_transfer
1071,-1,2024-11-14 00:00:00,completed,organic_search,credit_card
1072,6147,2025-03-27 00:00:00,completed,social_media,bank_transfer
1073,3793,2024-04-16 00:00:00,completed,email,debit_card
1074,4388,2024-11-28 00:00:00,cancelled,organic_search,credit_card
1075,1930,2024-02-15 00:00:00,completed,direct,debit_card
1076,975,2024-07-04 00:00:00,completed,social_media,bank_transfer
1077,5355,2024-12-21 18:11:21,completed,paid_search,credit_card
1078,7467,2024-05-31 00:00:00,completed,social_media,credit_card
1079,2457,2025-05-01 00:00:00,completed,direct,credit_card
1080,3871,2025-07-26 06:00:43,completed,paid_search,paypal
1081,5120,2025-06-10 00:00:00,completed,social_media,bank_transfer
1082,8404,2024-08-06 11:48:43,completed,social_media,debit_card
1083,1336,2024-04-07 00:00:00,completed,referral,credit_card
1084,2229,2024-05-03 00:00:00,completed,social_media,bank_transfer
1085,8499,2025-06-18 00:00:00,completed,paid_search,credit_card
1086,391,2025-08-07 00:00:00,returned,referral,paypal
1087,6076,2024-02-13 00:00:00,completed,referral,bank_transfer
1088,5898,2025-12-08 00:00:00,completed,paid_search,paypal
1089,3538,2024-03-09 00:00:00,completed,organic_search,bank_transfer
1090,4321,2025-04-13 04:50:01,completed,organic_search,bank_transfer
1091,7906,2025-08-09 00:00:00,cancelled,paid_search,credit_card
1092,1565,2025-11-12 00:00:00,completed,paid_search,debit_card
1093,2180,2025-12-08 00:00:00,completed,email,bank_transfer
1094,4740,2025-10-07 23:45:04,completed,referral,paypal
1095,3768,2024-11-22 00:00:00,completed,paid_search,credit_card
1096,5309,2025-10-15 00:00:00,completed,email,paypal
1097,8519,2024-04-08 00:00:00,completed,social_media,paypal
1098,8485,2025-11-22 00:00:00,completed,organic_search,debit_card
1099,2166,2025-04-17 00:00:00,completed,paid_search,debit_card
1100,2817,2025-10-16 00:00:00,completed,paid_search,paypal
1101,1541,2025-02-01 00:00:00,completed,referral,paypal
1102,8586,2025-06-23 00:00:00,completed,organic_search,paypal
1103,3654,2025-04-02 00:00:00,completed,direct,bank_transfer
1104,4153,2025-08-24 00:00:00,completed,referral,bank_transfer
1105,7441,2024-10-04 00:00:00,completed,social_media,credit_card
1106,4746,2024-03-18 00:00:00,completed,email,paypal
1107,1170,2024-09-17 19:44:12,completed,social_media,credit_card
1108,4037,2024-06-27 00:00:00,completed,paid_search,paypal
1109,5812,2025-11-12 05:09:59,completed,referral,credit_card
1110,6640,2024-08-24 00:00:00,completed,referral,credit_card
1111,5958,2025-12-23 00:00:00,completed,referral,bank_transfer
1112,1166,2024-11-20 00:00:00,completed,organic_search,bank_transfer
1113,2840,2024-07-19 20:45:36,completed,organic_search,credit_card
1114,6779,2025-09-30 00:00:00,completed,organic_search,bank_transfer
1115,8137,2025-04-07 00:00:00,completed,organic_search,debit_card
1116,461,2025-03-12 00:00:00,completed,paid_search,credit_card
1117,417,2025-04-23 00:00:00,completed,email,paypal
1118,5941,2025-08-16 00:00:00,completed,email,credit_card
1119,5054,2024-01-09 00:00:00,completed,email,paypal
1120,1496,2025-12-30 00:00:00,completed,direct,credit_card
1121,5057,2025-12-22 07:06:34,completed,social_media,bank_transfer
1122,8988,2025-06-28 14:36:03,completed,email,credit_card
1123,5816,2024-08-05 00:00:00,completed,organic_search,debit_card
1124,4148,2025-07-20 00:00:00,returned,paid_search,paypal
1125,7652,2024-03-31 00:00:00,completed,email,debit_card
1126,2009,2024-02-11 00:00:00,cancelled,social_media,credit_card
1127,3815,2024-09-26 00:00:00,cancelled,direct,bank_transfer
1128,4887,2025-10-02 00:00:00,completed,referral,paypal
1129,4665,2025-11-11 00:00:00,completed,paid_search,debit_card
1130,8520,2025-08-21 00:00:00,completed,organic_search,bank_transfer
1131,2737,2025-08-31 00:00:00,completed,direct,debit_card
1132,557,2025-07-01 00:00:00,completed,organic_search,paypal
1133,8477,2024-11-25 00:00:00,completed,email,credit_card
1134,2049,2024-12-08 01:41:28,completed,social_media,bank_transfer
1135,3498,2025-12-27 00:00:00,completed,paid_search,debit_card
1136,4909,2024-02-24 00:00:00,completed,organic_search,paypal
1137,-1,2025-11-10 00:00:00,completed,direct,debit_card
1138,4940,2025-09-05 00:00:00,completed,referral,debit_card
1139,4137,2025-01-19 00:00:00,completed,social_media,credit_card
1140,5368,2025-08-20 00:00:00,completed,email,bank_transfer
1141,8957,2025-03-03 00:00:00,completed,organic_search,paypal
1142,7574,2025-11-13 00:00:00,completed,email,paypal
1143,1602,2025-11-24 00:00:00,completed,email,paypal
1144,7448,2025-01-04 00:00:00,completed,organic_search,debit_card
1145,7777,2024-10-12 00:00:00,completed,social_media,credit_card
1146,6409,2025-05-18 00:01:16,completed,paid_search,paypal
1147,6086,2025-11-29 00:00:00,completed,direct,paypal
1148,4060,2024-08-16 00:00:00,completed,social_media,paypal
1149,5920,2025-09-06 00:00:00,completed,referral,paypal
1150,6823,2025-06-15 00:00:00,completed,referral,paypal
1151,1195,2025-08-25 10:45:38,completed,paid_search,bank_transfer
1152,2421,2024-05-30 00:00:00,completed,organic_search,bank_transfer
1153,1845,2025-08-13 00:00:00,completed,organic_search,credit_card
1154,7778,2025-11-28 00:00:00,returned,direct,bank_transfer
1155,6294,2024-07-17 00:00:00,completed,email,debit_card
1156,4164,2024-09-09 00:00:00,completed,organic_search,credit_card
1157,7641,2025-12-21 07:05:22,returned,social_media,debit_card
1158,6617,2024-07-18 00:00:00,completed,social_media,debit_card
1159,8463,2025-05-11 00:00:00,completed,paid_search,bank_transfer
1160,748,2025-03-07 00:00:00,completed,organic_search,debit_card
1161,4714,2024-09-17 00:00:00,completed,email,debit_card
1162,6535,2025-11-12 00:00:00,completed,email,credit_card
1163,1961,2025-01-26 00:00:00,completed,paid_search,debit_card
1164,3023,2025-03-24 12:32:27,completed,referral,debit_card
1165,3863,2024-02-12 00:00:00,completed,email,bank_transfer
1166,7357,2025-05-19 00:00:00,completed,paid_search,paypal
1167,4560,2024-06-30 00:00:00,returned,email,paypal
1168,4553,2024-12-18 00:00:00,completed,direct,debit_card
1169,3978,2025-12-20 05:48:34,completed,organic_search,debit_card
1170,2155,2024-09-27 00:00:00,returned,social_media,bank_transfer
1171,8541,2025-07-03 00:00:00,completed,email,credit_card
1172,2950,2024-11-14 14:06:25,completed,organic_search,debit_card
1173,5243,2025-09-20 00:00:00,completed,referral,bank_transfer
1174,1425,2024-05-29 00:00:00,completed,referral,bank_transfer
1175,4006,2025-12-20 00:00:00,completed,paid_search,bank_transfer
1176,8364,2025-02-02 00:00:00,completed,paid_search,credit_card
1177,-1,2024-09-08 00:00:00,completed,organic_search,credit_card
1178,3336,2024-04-01 00:00:00,completed,organic_search,bank_transfer
1179,1485,2024-07-07 00:00:00,completed,email,bank_transfer
1180,2915,2025-03-28 00:00:00,completed,organic_search,credit_card
1181,3023,2024-11-20 11:32:45,completed,social_media,paypal
1182,5949,2025-10-23 00:00:00,completed,email,debit_card
1183,4580,2025-01-12 00:00:00,completed,email,credit_card
1184,7097,2024-09-19 00:00:00,completed,social_media,debit_card
1185,6495,2025-06-05 00:00:00,completed,paid_search,bank_transfer
1186,2363,2025-08-07 00:00:00,completed,organic_search,credit_card
1187,7248,2024-07-04 22:58:04,completed,direct,debit_card
1188,7835,2024-07-05 00:00:00,completed,organic_search,credit_card
1189,5518,2024-02-19 00:00:00,completed,email,debit_card
1190,8585,2025-08-27 00:00:00,cancelled,direct,paypal
1191,7235,2025-07-08 00:00:00,cancelled,referral,bank_transfer
1192,5486,2025-02-21 00:00:00,completed,paid_search,bank_transfer
1193,8386,2025-11-01 22:47:34,completed,direct,debit_card
1194,5536,2025-10-10 00:00:00,completed,organic_search,bank_transfer
1195,4824,2025-05-14 00:00:00,completed,social_media,credit_card
1196,3284,2025-11-11 00:00:00,completed,organic_search,debit_card
1197,8168,2024-08-11 00:00:00,completed,email,paypal
1198,1194,2024-10-05 00:00:00,returned,paid_search,debit_card
1199,4376,2024-10-06 00:00:00,cancelled,organic_search,debit_card
1200,4962,2024-03-15 00:00:00,completed,email,credit_card
1201,5119,2025-04-06 08:03:59,completed,email,paypal
1202,6032,2025-12-08 00:00:00,completed,direct,debit_card
1203,4679,2024-02-23 00:00:00,cancelled,organic_search,credit_card
1204,2415,2024-05-20 00:00:00,completed,organic_search,credit_card
1205,7927,2025-02-01 00:00:00,returned,email,debit_card
1206,6090,2025-07-12 00:00:00,completed,referral,paypal
1207,7938,2024-09-11 00:00:00,completed,organic_search,bank_transfer
1208,2595,2025-03-19 00:00:00,completed,direct,paypal
1209,5871,2024-02-25 00:00:00,completed,referral,bank_transfer
1210,6591,2024-06-15 00:00:00,returned,organic_search,paypal
1211,3540,2025-12-27 15:26:51,completed,referral,bank_transfer
1212,7517,2025-12-19 00:00:00,completed,referral,credit_card
1213,25,2024-01-07 10:47:55,completed,social_media,credit_card
1214,5480,2025-12-14 00:00:00,completed,social_media,debit_card
1215,5660,2025-06-20 17:10:26,completed,direct,credit_card
1216,4933,2025-11-11 00:00:00,completed,direct,credit_card
1217,5808,2025-02-03 21:54:05,completed,email,bank_transfer
1218,1588,2025-03-25 00:00:00,completed,paid_search,bank_transfer
1219,6348,2025-03-05 20:29:06,completed,paid_search,bank_transfer
1220,3103,2025-07-10 00:00:00,returned,paid_search,debit_card
1221,4175,2024-07-06 00:00:00,completed,social_media,bank_transfer
1222,3083,2024-02-11 00:00:00,completed,social_media,bank_transfer
1223,4381,2024-11-04 00:00:00,completed,referral,credit_card
1224,5727,2025-08-06 00:00:00,completed,organic_search,credit_card
1225,7752,2024-07-08 00:00:00,completed,email,paypal
1226,4471,2025-07-15 00:00:00,completed,paid_search,debit_card
1227,3000,2025-12-20 00:00:00,completed,social_media,credit_card
1228,4507,2024-04-22 00:00:00,completed,email,paypal
1229,6390,2025-07-14 00:00:00,completed,referral,credit_card
1230,3199,2025-01-24 00:00:00,completed,direct,debit_card
1231,3815,2025-11-11 01:37:50,completed,social_media,bank_transfer
1232,5199,2024-07-14 08:32:16,completed,direct,paypal
1233,2748,2025-07-28 16:08:04,completed,paid_search,credit_card
1234,1974,2025-10-28 00:00:00,completed,paid_search,credit_card
1235,1350,2025-12-11 16:32:18,returned,paid_search,debit_card
1236,3250,2025-07-22 00:00:00,completed,direct,credit_card
1237,474,2025-03-11 02:27:41,completed,direct,bank_transfer
1238,5368,2025-06-05 00:00:00,completed,organic_search,bank_transfer
1239,1666,2025-11-11 21:48:08,completed,paid_search,bank_transfer
1240,3481,2025-03-05 00:00:00,completed,referral,debit_card
1241,2534,2024-11-02 00:00:00,completed,direct,paypal
1242,5811,2025-06-12 00:00:00,completed,email,paypal
1243,7862,2025-07-26 00:00:00,completed,email,debit_card
1244,5839,2025-07-17 00:00:00,completed,email,bank_transfer
1245,5012,2024-08-20 00:00:00,cancelled,email,paypal
1246,6190,2025-04-07 00:00:00,completed,organic_search,credit_card
1247,301,2024-12-20 00:00:00,completed,organic_search,bank_transfer
1248,1195,2025-06-29 17:38:17,completed,organic_search,debit_card
1249,932,2024-05-05 00:00:00,completed,social_media,bank_transfer
1250,965,2025-04-07 00:00:00,cancelled,organic_search,debit_card
1251,2446,2025-12-31 00:00:00,completed,organic_search,paypal
1252,4917,2024-03-04 00:00:00,completed,paid_search,credit_card
1253,1124,2025-12-23 00:00:00,completed,social_media,debit_card
1254,8627,2024-12-26 01:06:55,completed,referral,debit_card
1255,7899,2025-12-11 00:00:00,completed,paid_search,credit_card
1256,8962,2025-09-26 00:00:00,returned,organic_search,bank_transfer
1257,419,2025-01-05 00:00:00,completed,organic_search,debit_card
1258,7870,2025-08-29 00:00:00,completed,organic_search,debit_card
1259,7452,2025-11-15 00:00:00,completed,organic_search,credit_card
1260,8349,2024-12-25 00:00:00,completed,organic_search,debit_card
1261,4888,2024-11-15 00:00:00,completed,email,debit_card
1262,7290,2025-07-11 00:00:00,completed,referral,paypal
1263,500,2025-10-11 00:00:00,returned,referral,credit_card
1264,744,2025-09-13 13:52:19,completed,paid_search,paypal
1265,1158,2025-10-05 00:00:00,completed,organic_search,bank_transfer
1266,8466,2025-01-17 00:00:00,completed,organic_search,paypal
1267,601,2025-10-17 00:00:00,completed,referral,debit_card
1268,985,2024-05-19 00:00:00,cancelled,paid_search,debit_card
1269,8596,2025-04-15 00:00:00,completed,referral,paypal
1270,1048,2024-09-01 00:00:00,completed,paid_search,credit_card
1271,8045,2024-11-13 00:00:00,returned,social_media,bank_transfer
1272,7307,2024-12-06 23:01:05,completed,paid_search,paypal
1273,398,2024-12-21 00:00:00,completed,organic_search,credit_card
1274,222,2025-07-31 00:00:00,completed,direct,debit_card
1275,4934,2024-12-17 00:00:00,completed,social_media,paypal
1276,-1,2025-01-29 00:00:00,completed,direct,credit_card
1277,8129,2024-09-09 00:00:00,completed,referral,bank_transfer
1278,2890,2024-12-09 07:59:54,completed,direct,credit_card
1279,3556,2024-08-31 00:00:00,completed,social_media,paypal
1280,3574,2024-01-04 00:00:00,completed,organic_search,paypal
1281,6785,2025-05-26 00:00:00,completed,social_media,debit_card
1282,3152,2025-07-11 00:00:00,completed,paid_search,debit_card
1283,1416,2025-06-06 00:00:00,completed,paid_search,bank_transfer
1284,6906,2025-02-11 00:00:00,cancelled,organic_search,debit_card
1285,4224,2024-12-13 00:00:00,completed,organic_search,bank_transfer
1286,748,2025-11-09 08:53:21,completed,paid_search,paypal
1287,7314,2025-03-28 10:52:08,completed,email,paypal
1288,5379,2025-02-25 00:00:00,completed,paid_search,credit_card
1289,4517,2024-02-05 00:00:00,completed,organic_search,credit_card
1290,6233,2024-11-23 00:00:00,completed,organic_search,credit_card
1291,4675,2024-12-13 00:00:00,completed,email,paypal
1292,5993,2024-12-22 00:00:00,completed,social_media,bank_transfer
1293,8029,2025-05-10 03:57:22,returned,organic_search,debit_card
1294,5659,2025-04-07 07:32:13,completed,email,debit_card
1295,6110,2025-05-29 06:52:20,completed,referral,paypal
1296,5662,2025-09-14 08:36:16,completed,organic_search,bank_transfer
1297,4912,2025-10-14 00:00:00,completed,paid_search,credit_card
1298,1630,2025-08-15 03:07:11,completed,email,paypal
1299,3103,2025-12-15 00:00:00,completed,referral,bank_transfer
1300,6423,2024-01-26 00:00:00,completed,referral,bank_transfer
1301,3926,2024-02-08 00:00:00,completed,organic_search,debit_card
1302,3735,2024-11-01 00:00:00,completed,social_media,credit_card
1303,7011,2025-06-26 00:00:00,cancelled,paid_search,bank_transfer
1304,55,2025-11-23 00:00:00,completed,social_media,bank_transfer
1305,6283,2024-09-14 00:00:00,completed,social_media,credit_card
1306,4516,2025-05-12 00:00:00,completed,direct,paypal
1307,3474,2024-03-18 13:57:06,completed,email,paypal
1308,3148,2025-07-12 00:00:00,completed,paid_search,paypal
1309,1639,2024-11-28 00:00:00,completed,email,paypal
1310,3094,2024-04-30 00:00:00,completed,email,credit_card
1311,3601,2025-02-03 00:00:00,cancelled,social_media,credit_card
1312,4032,2024-09-25 00:00:00,completed,social_media,debit_card
1313,6222,2024-10-18 00:00:00,completed,organic_search,paypal
1314,4184,2024-11-04 00:00:00,completed,direct,bank_transfer
1315,7378,2025-10-08 00:00:00,completed,email,bank_transfer
1316,5900,2025-11-04 00:00:00,completed,paid_search,paypal
1317,1799,2024-11-06 00:00:00,completed,email,paypal
1318,2606,2025-05-31 00:00:00,completed,paid_search,bank_transfer
1319,770,2025-08-14 00:00:00,completed,organic_search,debit_card
1320,8728,2024-10-08 00:00:00,completed,paid_search,paypal
1321,8201,2024-12-29 00:00:00,completed,email,paypal
1322,828,2024-05-20 00:00:00,completed,referral,bank_transfer
1323,5306,2024-07-18 18:15:29,completed,referral,credit_card
1324,8860,2025-07-20 02:16:04,completed,email,paypal
1325,6906,2024-07-18 00:00:00,completed,email,credit_card
1326,4544,2025-04-01 00:00:00,completed,organic_search,bank_transfer
1327,2271,2025-09-08 00:00:00,cancelled,email,bank_transfer
1328,2620,2024-05-05 15:34:23,completed,paid_search,paypal
1329,6808,2025-05-01 20:01:16,completed,direct,bank_transfer
1330,7212,2024-09-25 00:00:00,completed,referral,credit_card
1331,4893,2025-12-18 08:49:20,completed,organic_search,debit_card
1332,1179,2025-03-01 00:00:00,completed,organic_search,credit_card
1333,8613,2025-10-10 00:00:00,completed,referral,debit_card
1334,7810,2025-04-19 11:18:59,completed,direct,bank_transfer
1335,1351,2024-02-28 00:00:00,completed,organic_search,credit_card
1336,559,2025-06-16 00:00:00,returned,email,credit_card
1337,4946,2025-12-14 00:00:00,completed,direct,debit_card
1338,2670,2025-05-25 00:00:00,completed,paid_search,debit_card
1339,2661,2025-10-17 05:58:05,completed,paid_search,paypal
1340,851,2025-11-17 00:00:00,completed,paid_search,credit_card
1341,8795,2024-09-01 00:00:00,completed,social_media,bank_transfer
1342,7678,2024-08-17 00:27:14,returned,referral,credit_card
1343,1119,2025-05-31 00:00:00,completed,social_media,paypal
1344,8108,2024-12-28 00:00:00,cancelled,paid_search,debit_card
1345,6327,2025-10-29 00:00:00,completed,organic_search,paypal
1346,3014,2025-11-24 05:29:10,completed,organic_search,credit_card
1347,8052,2024-11-29 00:00:00,returned,referral,credit_card
1348,5515,2024-09-08 05:15:34,completed,organic_search,debit_card
1349,7845,2025-09-24 00:00:00,completed,organic_search,debit_card
1350,4333,2024-10-10 00:00:00,completed,email,credit_card
1351,4626,2025-10-19 00:00:00,completed,direct,debit_card
1352,2724,2025-01-05 00:00:00,cancelled,social_media,debit_card
1353,3572,2025-11-07 00:00:00,completed,email,bank_transfer
1354,5247,2024-04-24 16:41:25,completed,organic_search,paypal
1355,8741,2025-06-09 00:00:00,completed,paid_search,credit_card
1356,5533,2025-01-02 00:00:00,completed,referral,debit_card
1357,1411,2025-05-15 21:31:32,completed,direct,debit_card
1358,68,2024-07-05 14:19:46,completed,organic_search,paypal
1359,7868,2025-08-28 00:00:00,completed,paid_search,bank_transfer
1360,3357,2025-11-09 00:00:00,completed,social_media,debit_card
1361,2920,2024-08-21 00:00:00,completed,social_media,bank_transfer
1362,7421,2024-04-24 00:00:00,completed,email,paypal
1363,-1,2024-02-02 13:42:34,completed,organic_search,debit_card
1364,6914,2025-06-22 00:00:00,completed,email,bank_transfer
1365,1649,2025-05-29 00:00:00,completed,direct,credit_card
1366,3601,2025-04-17 00:00:00,completed,organic_search,debit_card
1367,7012,2024-09-04 00:00:00,completed,paid_search,paypal
1368,8393,2024-12-18 00:00:00,completed,referral,credit_card
1369,-1,2025-05-20 00:00:00,completed,paid_search,debit_card
1370,4733,2025-03-11 08:07:10,completed,direct,bank_transfer
1371,7610,2025-12-27 00:00:00,completed,direct,paypal
1372,455,2024-06-03 00:00:00,completed,social_media,bank_transfer
1373,2680,2025-07-30 00:00:00,completed,social_media,credit_card
1374,3423,2024-12-25 11:48:37,completed,social_media,bank_transfer
1375,8999,2025-10-01 00:00:00,completed,social_media,bank_transfer
1376,33,2025-08-15 00:00:00,completed,direct,paypal
1377,2879,2025-07-28 17:26:11,completed,social_media,debit_card
1378,8596,2025-12-28 00:00:00,returned,paid_search,paypal
1379,2863,2024-05-26 03:04:09,completed,organic_search,paypal
1380,2117,2024-05-03 00:00:00,completed,email,credit_card
1381,6746,2025-08-19 18:00:13,completed,referral,debit_card
1382,6889,2025-05-09 01:17:35,completed,direct,credit_card
1383,4365,2024-10-10 00:00:00,completed,organic_search,credit_card
1384,8740,2024-04-08 00:00:00,completed,email,debit_card
1385,1922,2024-04-14 00:00:00,completed,paid_search,debit_card
1386,8461,2025-11-22 00:00:00,completed,direct,bank_transfer
1387,6984,2024-07-29 18:18:16,completed,social_media,credit_card
1388,3392,2024-11-13 00:00:00,completed,email,paypal
1389,7473,2024-08-30 00:00:00,completed,paid_search,paypal
1390,1290,2024-11-30 00:00:00,completed,paid_search,debit_card
1391,1271,2024-03-28 00:00:00,completed,direct,debit_card
1392,8596,2025-03-28 00:00:00,completed,organic_search,debit_card
1393,931,2024-03-26 00:00:00,completed,email,paypal
1394,40,2025-10-06 00:00:00,completed,social_media,paypal
1395,3583,2024-06-09 00:00:00,completed,social_media,paypal
1396,1019,2025-04-12 00:00:00,completed,social_media,debit_card
1397,7985,2025-11-16 00:00:00,completed,organic_search,paypal
1398,8537,2025-06-29 00:00:00,completed,email,bank_transfer
1399,4463,2025-07-04 00:00:00,completed,paid_search,paypal
1400,3926,2024-11-13 00:00:00,completed,referral,debit_card
1401,4978,2024-11-18 00:00:00,cancelled,direct,credit_card
1402,2129,2025-07-12 06:54:41,completed,organic_search,paypal
1403,2779,2025-12-29 00:00:00,completed,email,debit_card
1404,994,2025-07-06 00:00:00,completed,social_media,credit_card
1405,4122,2025-04-24 16:06:54,completed,referral,debit_card
1406,5641,2025-08-23 00:00:00,completed,paid_search,debit_card
1407,8596,2025-02-12 00:00:00,completed,email,bank_transfer
1408,6833,2024-03-18 00:00:00,completed,organic_search,debit_card
1409,6678,2025-04-28 00:00:00,completed,social_media,bank_transfer
1410,2879,2025-12-16 00:00:00,completed,direct,paypal
1411,8215,2024-07-12 00:00:00,cancelled,direct,debit_card
1412,8741,2025-07-27 00:00:00,completed,organic_search,paypal
1413,8610,2024-08-06 00:00:00,completed,paid_search,debit_card
1414,384,2025-09-04 00:00:00,completed,paid_search,credit_card
1415,5570,2024-04-25 00:00:00,cancelled,email,bank_transfer
1416,5939,2025-01-30 00:00:00,cancelled,direct,bank_transfer
1417,2751,2025-09-09 00:00:00,completed,referral,paypal
1418,-1,2024-11-26 07:25:30,completed,social_media,bank_transfer
1419,2725,2025-07-09 20:16:21,completed,paid_search,debit_card
1420,2044,2025-10-04 00:00:00,completed,direct,debit_card
1421,4471,2025-12-05 00:00:00,completed,paid_search,credit_card
1422,3000,2024-09-06 18:12:53,completed,referral,bank_transfer
1423,8549,2024-12-22 00:00:00,completed,organic_search,paypal
1424,4053,2024-06-19 00:00:00,completed,social_media,debit_card
1425,3770,2025-12-29 23:53:25,completed,email,debit_card
1426,5769,2025-05-12 00:00:00,cancelled,direct,paypal
1427,788,2025-04-12 07:26:57,completed,paid_search,debit_card
1428,6993,2025-10-31 00:00:00,completed,email,bank_transfer
1429,7096,2025-03-29 00:00:00,completed,direct,credit_card
1430,4381,2025-06-09 00:00:00,cancelled,direct,credit_card
1431,8821,2024-04-18 13:56:33,completed,social_media,bank_transfer
1432,5356,2025-09-08 00:00:00,returned,direct,credit_card
1433,6440,2024-05-26 00:00:00,cancelled,organic_search,paypal
1434,8551,2025-10-21 00:00:00,completed,direct,credit_card
1435,6167,2025-09-25 00:00:00,completed,direct,bank_transfer
1436,3987,2025-09-08 00:00:00,cancelled,social_media,bank_transfer
1437,252,2024-02-19 00:00:00,completed,email,debit_card
1438,6726,2024-11-01 04:55:18,completed,email,paypal
1439,8901,2024-01-10 00:00:00,completed,organic_search,paypal
1440,4346,2024-12-03 00:00:00,completed,direct,debit_card
1441,3140,2024-04-16 00:00:00,completed,organic_search,credit_card
1442,4809,2025-12-08 19:53:46,completed,referral,paypal
1443,6728,2025-04-22 00:00:00,completed,direct,bank_transfer
1444,9,2024-11-03 23:03:51,returned,direct,bank_transfer
1445,8206,2024-12-21 16:48:43,cancelled,direct,credit_card
1446,8200,2025-01-27 00:00:00,completed,paid_search,credit_card
1447,5001,2025-05-24 00:00:00,completed,paid_search,debit_card
1448,1191,2025-03-25 05:21:40,completed,direct,paypal
1449,6216,2025-02-12 00:00:00,completed,social_media,bank_transfer
1450,1328,2025-03-11 00:00:00,completed,referral,credit_card
1451,4699,2025-12-29 00:00:00,completed,email,debit_card
1452,917,2025-04-11 00:00:00,completed,referral,credit_card
1453,5419,2024-08-14 00:00:00,returned,paid_search,paypal
1454,2953,2025-06-12 00:00:00,completed,social_media,debit_card
1455,7687,2024-05-15 00:00:00,completed,paid_search,debit_card
1456,7412,2025-10-16 00:00:00,completed,referral,bank_transfer
1457,-1,2024-12-13 08:25:28,returned,referral,credit_card
1458,2423,2025-11-15 16:53:40,completed,direct,credit_card
1459,601,2025-11-11 00:00:00,completed,organic_search,debit_card
1460,4084,2025-10-10 00:00:00,cancelled,direct,debit_card
1461,815,2025-09-30 00:00:00,completed,organic_search,debit_card
1462,1688,2024-02-11 00:00:00,completed,referral,debit_card
1463,5508,2024-04-09 00:00:00,completed,referral,debit_card
1464,5454,2024-12-24 00:00:00,completed,email,bank_transfer
1465,423,2024-11-07 00:00:00,returned,referral,debit_card
1466,4083,2025-07-30 00:00:00,cancelled,direct,paypal
1467,4904,2024-11-25 00:00:00,completed,referral,paypal
1468,2523,2025-12-23 00:00:00,cancelled,paid_search,debit_card
1469,8062,2025-06-22 00:00:00,completed,organic_search,debit_card
1470,1531,2025-10-19 00:00:00,completed,email,credit_card
1471,2386,2024-05-31 00:00:00,completed,email,paypal
1472,1496,2025-11-08 00:00:00,completed,email,debit_card
1473,1141,2025-12-03 13:52:36,completed,social_media,bank_transfer
1474,8129,2025-03-03 00:00:00,completed,social_media,debit_card
1475,2609,2025-05-28 00:00:00,completed,social_media,bank_transfer
1476,6672,2025-09-14 00:00:00,completed,direct,debit_card
1477,3949,2024-12-07 00:00:00,completed,paid_search,debit_card
1478,5859,2025-03-15 00:00:00,completed,social_media,debit_card
1479,8589,2024-12-22 00:00:00,completed,direct,debit_card
1480,7808,2024-06-13 00:00:00,completed,social_media,debit_card
1481,675,2024-12-07 00:40:20,completed,paid_search,credit_card
1482,7815,2024-03-27 00:00:00,completed,direct,credit_card
1483,4172,2024-02-05 00:00:00,completed,organic_search,credit_card
1484,3234,2024-06-02 07:42:08,completed,direct,bank_transfer
1485,6223,2025-12-18 00:00:00,completed,paid_search,credit_card
1486,8769,2025-04-19 00:00:00,completed,paid_search,credit_card
1487,923,2025-12-19 00:00:00,completed,referral,paypal
1488,7092,2025-01-14 08:02:44,completed,email,bank_transfer
1489,1922,2024-11-06 00:00:00,completed,referral,debit_card
1490,3508,2025-03-18 00:00:00,completed,paid_search,debit_card
1491,8084,2025-01-20 00:00:00,completed,direct,bank_transfer
1492,5038,2024-04-05 00:00:00,completed,organic_search,bank_transfer
1493,658,2025-06-22 00:00:00,completed,organic_search,bank_transfer
1494,4705,2024-08-21 00:00:00,completed,social_media,paypal
1495,7312,2025-06-07 00:00:00,completed,direct,debit_card
1496,4895,2025-06-28 00:00:00,completed,email,bank_transfer
1497,1586,2024-06-19 00:00:00,returned,organic_search,bank_transfer
1498,4106,2024-03-19 00:00:00,completed,email,paypal
1499,8551,2025-09-24 00:00:00,completed,referral,debit_card
1500,6098,2025-08-02 00:00:00,completed,paid_search,bank_transfer
1501,6745,2024-03-16 00:00:00,completed,organic_search,credit_card
1502,7268,2025-12-30 12:03:02,completed,email,credit_card
1503,888,2024-03-15 00:00:00,completed,referral,bank_transfer
1504,5356,2025-07-30 00:00:00,completed,email,credit_card
1505,3466,2025-12-26 00:00:00,completed,organic_search,paypal
1506,1341,2024-10-09 00:00:00,completed,paid_search,paypal
1507,1922,2024-06-09 00:00:00,completed,referral,debit_card
1508,7217,2024-05-20 00:00:00,completed,email,paypal
1509,1535,2024-01-11 00:00:00,completed,paid_search,bank_transfer
1510,2894,2024-04-29 00:00:00,completed,referral,credit_card
1511,2674,2025-07-28 00:00:00,completed,organic_search,paypal
1512,478,2024-03-20 00:00:00,completed,social_media,debit_card
1513,4268,2025-03-20 00:00:00,completed,referral,debit_card
1514,7071,2025-12-30 00:00:00,completed,social_media,credit_card
1515,225,2025-10-14 06:57:15,cancelled,direct,bank_transfer
1516,1104,2025-06-03 00:00:00,completed,referral,debit_card
1517,6647,2024-11-03 06:10:11,completed,email,credit_card
1518,5466,2025-06-09 00:00:00,returned,social_media,credit_card
1519,6601,2025-04-03 00:00:00,completed,organic_search,paypal
1520,2166,2025-08-01 00:00:00,completed,organic_search,paypal
1521,7452,2024-05-29 19:05:37,completed,organic_search,credit_card
1522,4434,2025-11-18 00:00:00,completed,organic_search,bank_transfer
1523,5627,2025-01-30 17:22:26,completed,paid_search,credit_card
1524,904,2024-07-31 00:00:00,completed,email,debit_card
1525,1937,2024-07-12 00:00:00,completed,referral,credit_card
1526,7139,2024-12-29 00:00:00,completed,organic_search,credit_card
1527,2106,2025-10-22 00:00:00,completed,organic_search,bank_transfer
1528,908,2025-08-25 00:00:00,completed,referral,paypal
1529,5507,2025-09-17 00:00:00,completed,social_media,credit_card
1530,5053,2024-01-16 00:00:00,cancelled,referral,credit_card
1531,5604,2024-12-30 00:00:00,completed,paid_search,credit_card
1532,5698,2025-02-27 00:00:00,returned,organic_search,debit_card
1533,4621,2024-01-27 00:00:00,completed,direct,bank_transfer
1534,4562,2024-09-28 00:00:00,completed,social_media,debit_card
1535,8549,2025-12-09 00:00:00,completed,referral,bank_transfer
1536,4933,2024-06-04 00:00:00,completed,paid_search,credit_card
1537,5689,2025-04-09 00:00:00,completed,social_media,paypal
1538,2514,2024-08-20 00:00:00,completed,referral,credit_card
1539,8050,2024-01-18 00:00:00,completed,direct,credit_card
1540,248,2024-12-09 00:00:00,completed,social_media,credit_card
1541,5145,2025-12-23 16:15:43,completed,social_media,bank_transfer
1542,3543,2025-10-07 22:34:19,completed,email,debit_card
1543,5568,2025-12-17 05:20:07,completed,email,bank_transfer
1544,3320,2025-03-04 00:00:00,completed,direct,credit_card
1545,6625,2024-08-05 00:00:00,completed,direct,paypal
1546,207,2025-04-18 00:00:00,completed,social_media,credit_card
1547,3732,2025-02-03 00:00:00,completed,paid_search,bank_transfer
1548,7690,2025-11-01 00:00:00,cancelled,organic_search,bank_transfer
1549,2352,2024-04-27 00:00:00,completed,email,paypal
1550,516,2025-03-04 00:00:00,completed,paid_search,bank_transfer
1551,4582,2024-06-17 00:00:00,completed,direct,debit_card
1552,-1,2024-11-13 00:00:00,completed,referral,paypal
1553,625,2025-08-28 00:00:00,completed,paid_search,credit_card
1554,686,2025-02-22 00:00:00,cancelled,social_media,paypal
1555,5482,2024-12-11 00:00:00,completed,referral,bank_transfer
1556,2350,2024-12-20 20:26:03,completed,paid_search,paypal
1557,3770,2025-07-02 00:00:00,completed,email,credit_card
1558,7680,2025-09-27 00:00:00,completed,email,debit_card
1559,1890,2025-11-21 00:00:00,completed,email,bank_transfer
1560,6641,2025-12-15 00:00:00,cancelled,social_media,credit_card
1561,4665,2025-09-28 00:00:00,completed,social_media,bank_transfer
1562,8373,2024-11-08 00:00:00,completed,organic_search,bank_transfer
1563,8975,2025-07-25 00:00:00,completed,referral,bank_transfer
1564,4477,2025-01-19 00:00:00,cancelled,email,bank_transfer
1565,5371,2024-09-24 21:35:00,completed,organic_search,bank_transfer
1566,6893,2025-10-30 01:26:57,completed,organic_search,paypal
1567,2959,2024-02-22 00:00:00,completed,referral,bank_transfer
1568,2134,2025-11-25 00:00:00,completed,social_media,bank_transfer
1569,8900,2025-02-09 07:20:09,completed,email,paypal
1570,3992,2025-06-19 00:00:00,cancelled,paid_search,bank_transfer
1571,15,2025-07-05 00:00:00,completed,referral,bank_transfer
1572,7746,2025-11-22 00:00:00,completed,referral,debit_card
1573,5529,2025-06-19 00:00:00,completed,email,paypal
1574,1597,2025-02-06 00:00:00,completed,referral,paypal
1575,302,2024-03-25 00:00:00,completed,social_media,paypal
1576,2728,2025-03-27 00:00:00,completed,email,debit_card
1577,8587,2024-06-17 00:00:00,completed,email,credit_card
1578,8613,2025-08-28 00:00:00,completed,referral,debit_card
1579,2890,2025-03-23 00:00:00,completed,organic_search,debit_card
1580,7733,2025-07-20 00:00:00,completed,direct,paypal
1581,4071,2024-02-26 00:00:00,completed,organic_search,bank_transfer
1582,6058,2024-04-13 00:00:00,completed,paid_search,debit_card
1583,3096,2025-08-14 00:00:00,completed,organic_search,paypal
1584,4777,2024-03-31 00:00:00,completed,email,debit_card
1585,2746,2024-03-30 16:23:39,completed,email,paypal
1586,601,2024-01-18 00:00:00,completed,paid_search,paypal
1587,1344,2025-12-16 00:00:00,completed,paid_search,debit_card
1588,2721,2025-08-28 00:00:00,returned,email,paypal
1589,-1,2024-11-29 00:00:00,completed,email,credit_card
1590,8909,2024-10-27 12:47:31,completed,organic_search,paypal
1591,7654,2024-11-27 00:00:00,returned,social_media,paypal
1592,2188,2025-09-21 00:00:00,completed,direct,paypal
1593,4068,2025-07-06 00:00:00,completed,paid_search,debit_card
1594,4052,2024-07-22 08:15:56,completed,direct,paypal
1595,3563,2024-07-11 00:00:00,cancelled,organic_search,debit_card
1596,436,2024-04-27 00:00:00,completed,social_media,bank_transfer
1597,4935,2025-05-07 00:00:00,completed,referral,credit_card
1598,712,2025-09-14 00:00:00,cancelled,social_media,credit_card
1599,7434,2024-10-02 00:00:00,completed,organic_search,debit_card
1600,6416,2024-01-30 00:00:00,completed,email,bank_transfer
1601,3251,2024-04-10 00:00:00,returned,direct,bank_transfer
1602,5978,2025-12-20 00:00:00,completed,social_media,debit_card
1603,2194,2024-10-27 07:52:13,completed,direct,credit_card
1604,2496,2025-09-17 00:00:00,completed,referral,credit_card
1605,2910,2025-06-10 23:33:15,completed,referral,debit_card
1606,7384,2024-12-14 10:54:48,completed,paid_search,bank_transfer
1607,1992,2024-11-08 00:00:00,completed,email,credit_card
1608,5198,2024-05-20 00:00:00,completed,direct,paypal
1609,1906,2025-03-06 00:00:00,cancelled,email,paypal
1610,2676,2025-09-21 00:00:00,completed,referral,paypal
1611,2215,2025-06-24 00:00:00,cancelled,referral,credit_card
1612,5954,2025-04-05 22:40:58,completed,organic_search,bank_transfer
1613,4875,2024-02-26 00:00:00,cancelled,organic_search,paypal
1614,6658,2025-12-20 00:00:00,completed,social_media,debit_card
1615,2068,2025-10-05 18:08:18,completed,social_media,debit_card
1616,89,2024-10-25 00:00:00,completed,organic_search,paypal
1617,6301,2025-12-24 00:00:00,completed,organic_search,bank_transfer
1618,1125,2025-05-25 00:00:00,completed,organic_search,bank_transfer
1619,2316,2025-05-12 15:11:56,completed,referral,bank_transfer
1620,2854,2025-09-04 00:00:00,completed,paid_search,debit_card
1621,6901,2025-10-13 00:00:00,cancelled,direct,bank_transfer
1622,5769,2025-03-07 00:00:00,completed,direct,debit_card
1623,1749,2024-05-26 00:00:00,completed,social_media,credit_card
1624,5513,2024-11-21 00:00:00,completed,referral,bank_transfer
1625,6550,2025-12-05 00:00:00,completed,referral,credit_card
1626,3582,2024-08-29 00:56:39,completed,referral,credit_card
1627,2314,2024-09-12 00:00:00,completed,referral,bank_transfer
1628,6283,2025-01-13 06:02:42,completed,organic_search,credit_card
1629,5633,2025-01-20 00:00:00,completed,direct,bank_transfer
1630,759,2025-06-02 00:00:00,completed,social_media,bank_transfer
1631,6168,2025-12-11 14:19:08,completed,paid_search,debit_card
1632,4512,2024-09-12 00:00:00,completed,direct,bank_transfer
1633,6962,2024-05-20 00:00:00,cancelled,referral,credit_card
1634,1811,2024-03-08 00:00:00,completed,social_media,debit_card
1635,2429,2025-11-19 16:36:30,completed,social_media,bank_transfer
1636,5022,2025-06-25 18:49:57,completed,referral,credit_card
1637,4456,2024-10-19 00:00:00,completed,referral,credit_card
1638,3556,2025-10-16 04:54:56,completed,social_media,paypal
1639,6896,2025-11-08 00:00:00,completed,organic_search,bank_transfer
1640,5216,2025-02-11 00:00:00,completed,social_media,debit_card
1641,6571,2025-12-02 00:00:00,completed,paid_search,paypal
1642,1479,2024-09-22 00:00:00,completed,organic_search,paypal
1643,6735,2025-08-09 00:00:00,cancelled,referral,debit_card
1644,4260,2025-02-08 14:34:48,completed,paid_search,credit_card
1645,334,2025-10-31 00:00:00,completed,social_media,bank_transfer
1646,2204,2025-08-22 00:00:00,completed,direct,paypal
1647,262,2025-09-22 19:58:09,completed,email,bank_transfer
1648,4214,2025-07-02 23:23:59,completed,referral,bank_transfer
1649,3017,2024-07-14 00:00:00,completed,social_media,paypal
1650,-1,2025-04-15 00:00:00,completed,email,credit_card
1651,8038,2025-12-26 00:00:00,completed,organic_search,paypal
1652,7639,2025-12-08 00:00:00,completed,organic_search,debit_card
1653,4630,2024-02-28 00:00:00,completed,organic_search,paypal
1654,7473,2024-07-02 07:27:58,completed,social_media,paypal
1655,2513,2024-05-30 00:00:00,completed,social_media,bank_transfer
1656,5176,2025-08-20 00:00:00,completed,direct,paypal
1657,3616,2025-10-17 22:39:25,completed,organic_search,paypal
1658,1626,2024-08-18 00:00:00,completed,social_media,paypal
1659,711,2025-03-18 00:00:00,completed,email,credit_card
1660,5153,2025-10-30 00:00:00,completed,referral,debit_card
1661,958,2025-08-25 00:00:00,completed,referral,credit_card
1662,6628,2025-04-13 00:00:00,completed,social_media,paypal
1663,8526,2025-05-17 00:00:00,cancelled,organic_search,debit_card
1664,1542,2025-03-20 00:00:00,completed,referral,credit_card
1665,4353,2024-10-28 00:00:00,completed,paid_search,bank_transfer
1666,6830,2025-04-30 00:00:00,completed,social_media,paypal
1667,2690,2025-07-26 11:47:05,completed,direct,credit_card
1668,8519,2025-11-13 00:00:00,completed,email,debit_card
1669,8215,2025-06-18 00:00:00,completed,paid_search,paypal
1670,1018,2025-12-09 00:00:00,completed,social_media,debit_card
1671,277,2024-06-27 00:00:00,completed,paid_search,credit_card
1672,-1,2025-09-02 00:00:00,completed,referral,paypal
1673,8826,2024-01-14 00:00:00,completed,email,credit_card
1674,3899,2024-09-17 00:00:00,completed,direct,bank_transfer
1675,494,2025-08-21 00:00:00,cancelled,referral,credit_card
1676,5704,2025-12-28 00:00:00,completed,social_media,bank_transfer
1677,2744,2024-04-28 00:00:00,completed,paid_search,bank_transfer
1678,8643,2024-12-23 00:00:00,completed,referral,bank_transfer
1679,7360,2025-06-10 00:00:00,completed,email,credit_card
1680,6006,2024-09-08 00:00:00,completed,referral,credit_card
1681,2670,2025-04-23 00:00:00,completed,referral,credit_card
1682,6495,2025-08-25 00:00:00,completed,social_media,credit_card
1683,2711,2025-04-06 00:00:00,completed,social_media,bank_transfer
1684,370,2024-07-25 00:00:00,returned,direct,debit_card
1685,4705,2024-11-30 00:00:00,completed,social_media,credit_card
1686,4512,2025-09-26 00:00:00,completed,referral,debit_card
1687,7046,2025-04-22 00:00:00,completed,direct,credit_card
1688,8008,2024-08-01 00:00:00,completed,email,debit_card
1689,3268,2025-09-12 00:00:00,completed,paid_search,credit_card
1690,4151,2024-02-18 00:00:00,completed,social_media,debit_card
1691,4347,2025-09-02 00:00:00,completed,email,bank_transfer
1692,3004,2024-08-08 00:00:00,completed,referral,credit_card
1693,6877,2025-12-16 13:28:42,completed,social_media,paypal
1694,4829,2024-12-07 00:00:00,completed,email,paypal
1695,8465,2024-11-15 00:00:00,cancelled,referral,bank_transfer
1696,6012,2024-06-16 00:00:00,completed,email,credit_card
1697,2001,2024-11-03 14:37:37,completed,paid_search,bank_transfer
1698,1563,2025-11-14 00:00:00,completed,organic_search,debit_card
1699,3432,2025-12-30 00:00:00,completed,paid_search,bank_transfer
1700,3202,2024-12-07 18:57:44,completed,paid_search,bank_transfer
1701,3747,2025-01-29 13:55:06,completed,referral,debit_card
1702,1743,2025-08-18 00:00:00,returned,referral,bank_transfer
1703,-1,2025-11-18 00:00:00,completed,paid_search,bank_transfer
1704,1396,2025-05-19 18:50:24,completed,paid_search,bank_transfer
1705,6040,2024-12-18 00:00:00,completed,paid_search,debit_card
1706,133,2024-12-29 00:00:00,completed,email,debit_card
1707,3745,2025-07-31 04:57:58,completed,referral,paypal
1708,2890,2024-05-01 00:00:00,completed,email,credit_card
1709,3525,2025-06-07 00:00:00,completed,email,paypal
1710,4598,2024-12-01 00:00:00,completed,email,bank_transfer
1711,5536,2025-10-03 15:39:20,completed,social_media,debit_card
1712,5368,2024-04-21 00:00:00,completed,referral,bank_transfer
1713,5814,2025-05-16 00:00:00,cancelled,paid_search,paypal
1714,7808,2025-02-26 00:00:00,completed,direct,debit_card
1715,8203,2025-06-23 00:00:00,completed,paid_search,debit_card
1716,6819,2024-03-23 06:25:35,cancelled,social_media,debit_card
1717,765,2025-10-05 00:00:00,completed,organic_search,bank_transfer
1718,8867,2025-04-27 00:00:00,completed,social_media,bank_transfer
1719,8744,2025-04-26 00:00:00,completed,organic_search,paypal
1720,6579,2025-05-26 16:28:21,completed,social_media,paypal
1721,4792,2025-07-17 00:00:00,cancelled,organic_search,bank_transfer
1722,2356,2025-10-09 00:00:00,completed,referral,paypal
1723,6992,2024-10-06 00:00:00,completed,referral,debit_card
1724,8119,2025-10-21 16:02:56,completed,organic_search,debit_card
1725,6160,2025-12-03 00:00:00,completed,email,paypal
1726,5802,2024-05-04 00:00:00,completed,email,credit_card
1727,1834,2024-03-16 14:19:48,completed,referral,credit_card
1728,3293,2024-11-19 08:48:36,completed,direct,bank_transfer
1729,6679,2025-09-27 00:00:00,completed,social_media,paypal
1730,173,2025-08-08 00:00:00,completed,paid_search,credit_card
1731,5915,2025-09-29 00:00:00,completed,paid_search,debit_card
1732,7077,2025-03-26 00:00:00,completed,direct,bank_transfer
1733,3097,2025-01-21 00:00:00,completed,referral,credit_card
1734,746,2024-06-15 00:00:00,completed,paid_search,debit_card
1735,7584,2024-11-15 00:00:00,completed,email,bank_transfer
1736,1364,2025-01-15 00:00:00,completed,paid_search,bank_transfer
1737,-1,2024-04-17 00:00:00,completed,referral,paypal
1738,6541,2024-08-25 00:00:00,cancelled,email,bank_transfer
1739,7567,2025-05-23 00:00:00,completed,paid_search,credit_card
1740,7977,2025-08-27 13:36:53,returned,referral,paypal
1741,4905,2025-12-31 16:32:50,completed,referral,paypal
1742,4394,2025-12-07 21:05:23,completed,social_media,bank_transfer
1743,7842,2025-06-23 00:00:00,completed,social_media,debit_card
1744,5202,2025-01-03 13:14:32,completed,social_media,credit_card
1745,5354,2025-06-18 00:00:00,completed,social_media,paypal
1746,4003,2025-09-28 00:00:00,completed,referral,debit_card
1747,3436,2024-05-17 00:00:00,completed,email,credit_card
1748,4442,2024-12-27 05:15:30,completed,paid_search,credit_card
1749,3361,2025-10-29 00:00:00,completed,direct,paypal
1750,3174,2024-12-15 09:51:42,completed,social_media,credit_card
1751,-1,2025-05-04 08:48:08,completed,organic_search,paypal
1752,3103,2025-05-15 00:00:00,completed,paid_search,paypal
1753,2411,2024-07-21 00:00:00,completed,referral,bank_transfer
1754,3263,2024-12-04 04:09:07,completed,paid_search,credit_card
1755,5437,2024-11-19 00:00:00,completed,organic_search,paypal
1756,8441,2024-02-06 00:00:00,completed,email,bank_transfer
1757,7289,2024-02-03 00:00:00,completed,organic_search,paypal
1758,7787,2025-10-25 00:00:00,completed,email,credit_card
1759,7943,2024-10-09 08:31:46,completed,paid_search,credit_card
1760,8518,2025-03-27 00:00:00,completed,paid_search,paypal
1761,2210,2024-10-29 00:00:00,completed,organic_search,debit_card
1762,4228,2025-12-10 00:00:00,returned,social_media,paypal
1763,3554,2024-09-28 00:00:00,completed,social_media,bank_transfer
1764,3523,2025-01-11 02:46:33,completed,social_media,bank_transfer
1765,6036,2025-11-13 00:00:00,completed,organic_search,paypal
1766,3696,2025-10-31 00:00:00,completed,social_media,paypal
1767,5680,2024-07-23 00:00:00,cancelled,organic_search,credit_card
1768,3527,2025-08-10 00:00:00,completed,paid_search,debit_card
1769,2890,2025-02-06 00:00:00,completed,direct,bank_transfer
1770,3255,2025-02-28 00:00:00,completed,organic_search,debit_card
1771,7452,2024-05-31 00:00:00,returned,social_media,paypal
1772,5542,2024-04-09 00:00:00,completed,email,debit_card
1773,8985,2025-08-22 00:00:00,completed,referral,debit_card
1774,7705,2025-10-03 00:00:00,completed,organic_search,bank_transfer
1775,4484,2025-01-18 00:00:00,completed,paid_search,bank_transfer
1776,2281,2025-08-23 00:00:00,cancelled,email,paypal
1777,6237,2025-09-15 00:00:00,completed,direct,bank_transfer
1778,6715,2024-06-26 00:00:00,completed,email,credit_card
1779,4287,2025-05-31 00:00:00,completed,paid_search,credit_card
1780,2166,2024-06-02 00:00:00,completed,email,debit_card
1781,5145,2025-06-09 00:00:00,completed,paid_search,bank_transfer
1782,2386,2025-07-03 00:00:00,completed,paid_search,paypal
1783,8671,2025-12-16 14:05:00,completed,referral,bank_transfer
1784,5802,2024-03-28 00:00:00,completed,paid_search,debit_card
1785,2733,2024-03-14 00:00:00,completed,direct,paypal
1786,2037,2024-10-16 00:00:00,completed,social_media,paypal
1787,6616,2024-09-30 00:00:00,returned,organic_search,bank_transfer
1788,6546,2024-09-17 00:00:00,returned,organic_search,credit_card
1789,5506,2025-11-27 00:00:00,completed,organic_search,debit_card
1790,5666,2024-09-19 00:00:00,cancelled,direct,paypal
1791,5568,2024-08-10 00:00:00,completed,organic_search,credit_card
1792,3320,2025-09-11 00:00:00,completed,email,debit_card
1793,8649,2025-01-30 00:00:00,cancelled,email,paypal
1794,4429,2025-09-22 00:00:00,completed,referral,bank_transfer
1795,207,2024-03-24 00:00:00,completed,paid_search,paypal
1796,3213,2025-04-03 00:00:00,completed,organic_search,credit_card
1797,1264,2024-02-15 00:00:00,cancelled,email,paypal
1798,3349,2024-03-21 16:22:16,completed,email,bank_transfer
1799,5608,2025-11-27 17:56:48,completed,paid_search,credit_card
1800,230,2024-06-06 00:00:00,completed,email,bank_transfer
1801,8045,2025-04-06 22:09:16,returned,paid_search,bank_transfer
1802,5627,2024-12-28 00:00:00,completed,referral,debit_card
1803,2753,2024-11-26 15:09:14,completed,referral,debit_card
1804,2890,2025-11-24 00:00:00,completed,social_media,paypal
1805,4303,2024-01-31 00:00:00,completed,paid_search,paypal
1806,2330,2025-07-08 00:00:00,cancelled,referral,bank_transfer
1807,44,2025-12-18 21:20:44,completed,direct,bank_transfer
1808,269,2025-04-26 00:00:00,completed,email,debit_card
1809,3292,2025-12-08 00:04:14,completed,direct,debit_card
1810,1204,2024-09-03 00:00:00,cancelled,email,bank_transfer
1811,227,2025-01-01 00:00:00,completed,organic_search,bank_transfer
1812,7944,2024-09-28 18:56:37,completed,organic_search,debit_card
1813,2574,2025-08-24 00:00:00,cancelled,referral,credit_card
1814,4651,2025-12-25 00:00:00,completed,referral,paypal
1815,1697,2024-09-25 00:00:00,completed,paid_search,credit_card
1816,456,2025-07-01 00:00:00,completed,organic_search,paypal
1817,6883,2024-08-04 20:21:32,completed,direct,bank_transfer
1818,1209,2025-04-30 19:41:29,returned,email,credit_card
1819,261,2025-02-11 00:00:00,completed,organic_search,credit_card
1820,5400,2025-12-21 00:00:00,cancelled,social_media,bank_transfer
1821,137,2025-05-30 22:53:24,completed,direct,credit_card
1822,4024,2024-11-27 00:00:00,completed,email,paypal
1823,2707,2024-12-05 00:00:00,completed,email,bank_transfer
1824,2966,2024-06-18 00:00:00,completed,email,bank_transfer
1825,39,2024-08-29 00:00:00,completed,organic_search,credit_card
1826,8898,2024-09-21 00:00:00,completed,social_media,bank_transfer
1827,4787,2025-11-03 06:17:15,completed,email,bank_transfer
1828,5294,2025-04-27 14:12:59,returned,paid_search,bank_transfer
1829,6166,2025-03-31 00:00:00,returned,referral,paypal
1830,7388,2024-05-13 15:52:22,completed,paid_search,credit_card
1831,5604,2025-11-08 00:00:00,completed,paid_search,paypal
1832,7042,2025-08-18 00:00:00,completed,referral,credit_card
1833,4148,2024-03-26 00:00:00,completed,organic_search,credit_card
1834,3421,2025-08-08 00:00:00,completed,social_media,paypal
1835,7616,2025-04-14 00:00:00,cancelled,referral,bank_transfer
1836,8007,2024-04-10 00:00:00,completed,paid_search,bank_transfer
1837,1328,2025-02-06 00:00:00,completed,organic_search,debit_card
1838,5014,2025-01-03 00:00:00,completed,organic_search,credit_card
1839,-1,2024-07-03 21:15:02,completed,social_media,bank_transfer
1840,817,2025-12-12 00:00:00,completed,email,bank_transfer
1841,8596,2025-11-03 00:00:00,completed,organic_search,bank_transfer
1842,4814,2025-12-07 00:00:00,completed,social_media,paypal
1843,5959,2025-02-10 00:00:00,completed,paid_search,debit_card
1844,1685,2024-12-28 00:00:00,completed,paid_search,paypal
1845,2490,2025-06-29 22:23:07,completed,social_media,bank_transfer
1846,1180,2025-04-16 00:00:00,completed,referral,bank_transfer
1847,2485,2024-03-20 00:00:00,completed,referral,debit_card
1848,4550,2025-03-23 11:53:09,completed,direct,bank_transfer
1849,7715,2025-10-10 00:00:00,cancelled,referral,credit_card
1850,4931,2025-02-07 07:54:20,completed,direct,paypal
1851,2300,2024-03-09 00:00:00,cancelled,paid_search,bank_transfer
1852,432,2025-09-28 00:00:00,completed,social_media,paypal
1853,5731,2024-07-08 00:00:00,completed,social_media,bank_transfer
1854,3877,2024-09-27 00:00:00,completed,social_media,bank_transfer
1855,-1,2024-02-07 00:00:00,completed,referral,debit_card
1856,7201,2024-11-17 00:00:00,completed,organic_search,bank_transfer
1857,7485,2025-09-09 00:00:00,completed,paid_search,credit_card
1858,124,2025-03-28 00:00:00,completed,direct,debit_card
1859,7182,2024-08-10 13:40:40,completed,referral,debit_card
1860,1851,2025-11-15 00:00:00,completed,direct,debit_card
1861,5385,2025-11-16 19:07:17,completed,direct,credit_card
1862,4133,2025-11-12 15:04:49,completed,paid_search,debit_card
1863,5286,2024-10-09 00:00:00,completed,paid_search,debit_card
1864,1293,2025-01-31 00:00:00,completed,direct,debit_card
1865,4214,2025-12-26 00:00:00,completed,paid_search,credit_card
1866,367,2025-09-19 00:00:00,completed,paid_search,debit_card
1867,405,2024-07-02 00:00:00,completed,referral,bank_transfer
1868,6092,2024-03-23 00:00:00,completed,referral,credit_card
1869,8781,2025-11-02 00:00:00,completed,direct,bank_transfer
1870,7180,2025-11-28 19:26:09,completed,paid_search,credit_card
1871,4332,2025-04-11 00:00:00,completed,email,paypal
1872,549,2025-11-03 00:00:00,completed,paid_search,bank_transfer
1873,436,2024-04-05 00:00:00,completed,direct,credit_card
1874,1498,2025-03-07 00:00:00,completed,organic_search,debit_card
1875,-1,2025-10-19 00:00:00,completed,referral,bank_transfer
1876,3662,2024-12-13 09:20:17,completed,referral,credit_card
1877,7799,2025-09-21 00:00:00,cancelled,paid_search,bank_transfer
1878,6521,2025-12-19 00:00:00,completed,direct,bank_transfer
1879,5580,2024-08-09 00:00:00,cancelled,email,paypal
1880,8747,2025-03-31 02:46:40,completed,direct,paypal
1881,2166,2024-10-20 00:00:00,completed,direct,bank_transfer
1882,4198,2025-10-02 00:00:00,completed,direct,paypal
1883,7999,2025-05-08 00:00:00,completed,referral,bank_transfer
1884,5087,2025-06-17 15:03:52,cancelled,social_media,paypal
1885,2317,2025-10-05 00:00:00,completed,direct,credit_card
1886,1973,2024-12-21 04:47:59,returned,social_media,debit_card
1887,6956,2025-11-30 00:00:00,completed,direct,credit_card
1888,129,2025-07-04 00:00:00,completed,email,paypal
1889,8466,2024-06-25 11:52:16,completed,direct,bank_transfer
1890,187,2025-07-31 00:00:00,completed,organic_search,credit_card
1891,5817,2025-10-02 00:00:00,cancelled,referral,debit_card
1892,5575,2024-11-09 00:00:00,completed,paid_search,debit_card
1893,5351,2025-06-11 00:00:00,completed,organic_search,bank_transfer
1894,4382,2025-11-27 00:00:00,completed,paid_search,bank_transfer
1895,7881,2024-10-12 19:29:33,completed,referral,debit_card
1896,6110,2025-12-26 00:00:00,cancelled,social_media,credit_card
1897,7224,2024-06-08 00:00:00,completed,social_media,bank_transfer
1898,1130,2024-08-07 00:00:00,completed,social_media,paypal
1899,486,2024-07-21 00:00:00,completed,social_media,credit_card
1900,289,2025-11-22 00:00:00,completed,organic_search,paypal
1901,1410,2025-01-07 00:00:00,completed,paid_search,paypal
1902,6173,2024-06-19 00:00:00,completed,social_media,credit_card
1903,4564,2025-01-21 00:00:00,cancelled,organic_search,credit_card
1904,6954,2025-06-03 00:00:00,completed,referral,paypal
1905,1819,2024-04-12 00:00:00,completed,paid_search,paypal
1906,3379,2025-11-17 00:00:00,completed,direct,debit_card
1907,8216,2025-08-10 00:00:00,completed,paid_search,debit_card
1908,8634,2025-03-17 04:38:11,completed,social_media,bank_transfer
1909,8527,2025-12-20 00:45:51,completed,social_media,credit_card
1910,7579,2024-12-31 00:00:00,completed,social_media,credit_card
1911,6386,2025-12-26 00:00:00,completed,social_media,paypal
1912,8463,2025-07-11 00:00:00,cancelled,paid_search,credit_card
1913,6591,2025-06-17 00:00:00,cancelled,organic_search,paypal
1914,8800,2024-07-03 00:00:00,completed,paid_search,paypal
1915,253,2025-11-16 07:40:09,cancelled,social_media,credit_card
1916,8526,2025-01-09 00:00:00,completed,referral,paypal
1917,5131,2024-06-29 00:00:00,completed,paid_search,debit_card
1918,1096,2024-01-18 17:32:57,completed,social_media,credit_card
1919,2028,2025-04-26 00:00:00,returned,referral,bank_transfer
1920,7878,2025-04-03 00:00:00,completed,referral,debit_card
1921,4682,2025-08-16 00:00:00,completed,email,paypal
1922,-1,2025-11-20 00:00:00,completed,direct,bank_transfer
1923,1147,2024-04-08 00:00:00,cancelled,social_media,paypal
1924,3795,2025-08-24 05:57:51,cancelled,paid_search,bank_transfer
1925,3072,2024-07-24 00:00:00,completed,referral,credit_card
1926,4779,2025-11-07 22:12:53,returned,organic_search,paypal
1927,5841,2025-10-17 00:00:00,completed,direct,bank_transfer
1928,6129,2025-04-12 00:00:00,cancelled,referral,debit_card
1929,12,2025-10-08 00:00:00,completed,email,paypal
1930,870,2024-08-11 00:00:00,completed,email,paypal
1931,350,2025-02-18 00:00:00,completed,email,debit_card
1932,7997,2025-10-19 00:00:00,completed,direct,paypal
1933,-1,2025-07-02 00:00:00,completed,social_media,paypal
1934,3380,2024-12-02 00:00:00,completed,referral,bank_transfer
1935,4159,2025-03-09 00:00:00,completed,organic_search,credit_card
1936,7850,2025-10-23 00:00:00,completed,organic_search,bank_transfer
1937,146,2024-11-19 00:00:00,completed,social_media,credit_card
1938,1159,2024-11-07 00:00:00,returned,email,credit_card
1939,6352,2025-08-11 00:00:00,completed,referral,paypal
1940,8894,2025-10-21 20:39:34,completed,email,paypal
1941,5934,2024-04-29 00:00:00,completed,referral,debit_card
1942,2451,2024-11-09 00:00:00,completed,email,paypal
1943,4812,2024-06-09 20:47:53,completed,organic_search,debit_card
1944,8992,2024-11-26 00:00:00,completed,direct,paypal
1945,4889,2025-01-30 00:00:00,completed,organic_search,credit_card
1946,3443,2025-04-09 00:00:00,completed,paid_search,bank_transfer
1947,-1,2025-06-29 00:00:00,cancelled,social_media,bank_transfer
1948,8925,2025-06-07 22:44:23,completed,social_media,debit_card
1949,6639,2024-11-29 00:00:00,completed,organic_search,credit_card
1950,6372,2025-10-30 00:00:00,returned,referral,bank_transfer
1951,2184,2025-02-18 00:00:00,returned,referral,paypal
1952,5168,2025-12-24 21:06:55,completed,referral,credit_card
1953,3286,2025-06-17 00:00:00,returned,email,paypal
1954,2258,2024-05-24 00:00:00,completed,direct,credit_card
1955,8282,2025-07-17 00:00:00,completed,paid_search,credit_card
1956,3537,2024-11-14 00:00:00,completed,email,credit_card
1957,2657,2025-07-24 00:00:00,completed,paid_search,bank_transfer
1958,8604,2024-03-28 21:05:40,completed,direct,bank_transfer
1959,1874,2024-12-07 00:00:00,cancelled,social_media,credit_card
1960,6891,2025-11-06 17:03:16,completed,social_media,bank_transfer
1961,6042,2024-08-31 00:00:00,completed,social_media,debit_card
1962,8517,2025-10-28 00:00:00,returned,paid_search,bank_transfer
1963,7700,2024-10-14 00:00:00,completed,direct,debit_card
1964,6523,2025-06-23 00:00:00,completed,referral,credit_card
1965,2916,2025-07-30 00:00:00,completed,organic_search,paypal
1966,4579,2025-03-23 00:00:00,completed,paid_search,paypal
1967,8717,2024-03-11 00:00:00,completed,referral,credit_card
1968,236,2024-08-17 00:00:00,completed,paid_search,bank_transfer
1969,7357,2024-02-15 00:00:00,completed,social_media,bank_transfer
1970,2370,2024-11-02 00:00:00,completed,organic_search,debit_card
1971,1755,2025-06-30 00:00:00,completed,direct,paypal
1972,2185,2025-09-12 00:00:00,completed,paid_search,credit_card
1973,587,2025-11-12 00:00:00,completed,referral,debit_card
1974,-1,2025-09-15 00:00:00,completed,direct,bank_transfer
1975,8045,2025-09-29 00:00:00,completed,organic_search,bank_transfer
1976,4822,2025-07-09 00:00:00,returned,organic_search,bank_transfer
1977,6599,2024-09-28 00:00:00,completed,paid_search,debit_card
1978,5140,2025-11-27 00:00:00,completed,social_media,bank_transfer
1979,7508,2025-07-13 07:38:08,completed,paid_search,debit_card
1980,7810,2025-04-26 00:00:00,completed,email,credit_card
1981,2191,2024-09-05 00:00:00,completed,paid_search,credit_card
1982,4240,2025-01-27 00:00:00,completed,organic_search,paypal
1983,5858,2025-02-08 09:04:29,completed,email,debit_card
1984,-1,2025-09-11 00:00:00,completed,referral,credit_card
1985,6325,2025-04-17 00:00:00,completed,email,credit_card
1986,8304,2024-12-13 00:00:00,completed,social_media,bank_transfer
1987,7823,2025-12-23 00:00:00,completed,direct,credit_card
1988,5360,2024-09-05 00:00:00,completed,direct,credit_card
1989,8262,2025-01-04 00:00:00,completed,direct,credit_card
1990,3481,2024-02-26 04:16:45,completed,direct,bank_transfer
1991,3499,2025-08-30 00:00:00,completed,email,paypal
1992,7215,2025-12-01 00:00:00,returned,organic_search,credit_card
1993,1305,2024-10-14 00:00:00,completed,referral,paypal
1994,2856,2025-11-07 00:00:00,completed,direct,bank_transfer
1995,5610,2024-10-24 02:08:59,completed,referral,paypal
1996,3876,2025-11-29 00:00:00,completed,paid_search,debit_card
1997,8675,2025-09-08 14:21:01,completed,social_media,bank_transfer
1998,8848,2025-09-10 00:00:00,completed,direct,credit_card
1999,4646,2024-01-26 00:00:00,completed,organic_search,debit_card
2000,4978,2025-12-18 05:13:57,completed,social_media,paypal
2001,6696,2025-08-21 22:24:44,completed,social_media,credit_card
2002,4219,2024-11-02 21:18:50,completed,direct,bank_transfer
2003,1805,2025-10-23 00:00:00,completed,organic_search,debit_card
2004,6904,2024-10-16 20:02:41,completed,paid_search,debit_card
2005,6825,2025-11-13 00:00:00,completed,direct,bank_transfer
2006,2304,2024-05-11 04:04:34,completed,direct,paypal
2007,7708,2025-08-05 00:00:00,completed,paid_search,credit_card
2008,5660,2025-12-04 00:00:00,cancelled,social_media,paypal
2009,2223,2024-04-25 00:00:00,completed,social_media,bank_transfer
2010,6034,2024-09-13 00:00:00,completed,organic_search,bank_transfer
2011,2198,2024-01-18 00:00:00,completed,referral,credit_card
2012,2496,2025-02-16 00:00:00,completed,email,bank_transfer
2013,7840,2024-10-31 00:00:00,completed,social_media,credit_card
2014,8596,2025-05-23 00:00:00,completed,paid_search,bank_transfer
2015,2416,2024-10-28 19:02:04,completed,paid_search,debit_card
2016,8589,2024-10-30 00:00:00,completed,paid_search,credit_card
2017,2247,2025-01-09 00:00:00,completed,paid_search,credit_card
2018,1144,2024-04-03 00:00:00,completed,direct,debit_card
2019,575,2025-11-25 16:51:46,completed,paid_search,paypal
2020,2279,2025-11-04 00:00:00,completed,paid_search,debit_card
2021,3555,2025-07-11 00:00:00,cancelled,referral,debit_card
2022,8584,2025-05-19 02:46:11,completed,social_media,paypal
2023,2280,2025-11-21 00:00:00,cancelled,social_media,paypal
2024,3366,2024-07-22 12:03:28,completed,organic_search,credit_card
2025,6785,2024-04-07 14:27:02,completed,referral,paypal
2026,2817,2024-11-09 00:00:00,completed,referral,debit_card
2027,6344,2025-03-10 00:00:00,cancelled,social_media,paypal
2028,3987,2024-02-17 12:54:16,completed,email,paypal
2029,1865,2025-12-05 00:00:00,cancelled,email,credit_card
2030,6784,2025-12-30 00:00:00,completed,referral,paypal
2031,274,2025-06-11 00:00:00,completed,email,bank_transfer
2032,2736,2025-03-30 00:00:00,completed,social_media,credit_card
2033,3284,2024-03-22 21:56:10,completed,social_media,bank_transfer
2034,4226,2025-10-25 21:39:12,completed,email,credit_card
2035,6293,2025-05-23 23:33:04,completed,referral,debit_card
2036,4238,2024-05-13 00:00:00,completed,email,debit_card
2037,5473,2024-04-22 00:00:00,completed,paid_search,paypal
2038,5490,2025-11-28 00:00:00,completed,social_media,debit_card
2039,3440,2025-07-12 00:00:00,completed,organic_search,paypal
2040,8614,2025-10-23 00:00:00,completed,social_media,paypal
2041,8822,2025-11-15 00:00:00,completed,paid_search,credit_card
2042,5359,2025-05-04 00:00:00,completed,direct,credit_card
2043,703,2025-03-26 00:00:00,cancelled,referral,paypal
2044,4538,2025-01-12 00:00:00,cancelled,paid_search,credit_card
2045,1751,2024-11-09 00:00:00,completed,paid_search,bank_transfer
2046,4470,2025-01-16 00:00:00,completed,social_media,debit_card
2047,1786,2025-09-20 17:33:49,completed,organic_search,debit_card
2048,6515,2025-05-25 00:00:00,completed,referral,credit_card
2049,780,2025-11-21 00:00:00,completed,paid_search,bank_transfer
2050,8794,2025-01-24 09:17:08,completed,organic_search,credit_card
2051,1858,2025-05-29 00:00:00,completed,social_media,paypal
2052,6121,2025-06-15 00:00:00,completed,paid_search,debit_card
2053,8484,2025-05-18 00:00:00,cancelled,referral,credit_card
2054,2327,2025-08-04 00:00:00,returned,referral,credit_card
2055,8618,2024-09-09 00:00:00,returned,social_media,debit_card
2056,3581,2025-03-23 17:50:02,cancelled,direct,paypal
2057,8861,2024-03-05 00:00:00,completed,email,paypal
2058,8962,2024-12-15 00:00:00,completed,direct,debit_card
2059,1783,2025-04-03 00:00:00,completed,paid_search,bank_transfer
2060,7688,2025-06-29 03:24:49,completed,referral,bank_transfer
2061,1839,2025-12-13 00:00:00,completed,paid_search,bank_transfer
2062,2132,2025-05-24 00:00:00,completed,paid_search,credit_card
2063,824,2025-09-01 00:00:00,completed,direct,paypal
2064,1496,2025-03-18 00:00:00,completed,paid_search,paypal
2065,5828,2025-06-17 00:00:00,completed,organic_search,debit_card
2066,4149,2024-03-30 00:00:00,completed,social_media,paypal
2067,7323,2024-09-23 00:00:00,completed,organic_search,paypal
2068,3074,2024-04-12 00:00:00,completed,direct,bank_transfer
2069,8940,2025-02-19 00:00:00,completed,social_media,paypal
2070,486,2024-03-02 00:00:00,completed,social_media,paypal
2071,611,2024-06-07 00:00:00,completed,social_media,debit_card
2072,6495,2024-10-12 00:00:00,completed,referral,paypal
2073,8209,2025-12-21 00:00:00,completed,direct,debit_card
2074,7369,2024-11-17 00:00:00,returned,direct,paypal
2075,4523,2025-02-27 00:00:00,completed,social_media,credit_card
2076,2536,2024-02-08 00:00:00,completed,organic_search,debit_card
2077,137,2025-05-31 00:00:00,completed,organic_search,credit_card
2078,4718,2024-10-15 00:00:00,completed,referral,bank_transfer
2079,4392,2024-08-12 12:29:19,cancelled,referral,bank_transfer
2080,3182,2025-03-26 00:00:00,cancelled,direct,credit_card
2081,5348,2024-01-08 00:00:00,returned,email,paypal
2082,6733,2024-11-01 00:00:00,completed,paid_search,paypal
2083,6489,2024-08-23 21:12:27,completed,organic_search,debit_card
2084,2474,2024-02-19 05:12:13,completed,email,debit_card
2085,5379,2024-06-05 00:00:00,completed,referral,credit_card
2086,1425,2024-11-21 11:18:16,completed,paid_search,bank_transfer
2087,1186,2025-08-10 00:00:00,completed,paid_search,credit_card
2088,7267,2025-05-04 00:00:00,completed,referral,paypal
2089,6428,2025-03-23 14:51:56,completed,referral,paypal
2090,7091,2024-10-25 10:24:47,completed,paid_search,paypal
2091,1469,2025-12-06 00:00:00,completed,email,paypal
2092,8466,2024-12-21 00:00:00,completed,referral,bank_transfer
2093,1289,2024-04-15 00:00:00,completed,organic_search,credit_card
2094,8045,2025-06-05 23:29:57,completed,paid_search,bank_transfer
2095,3250,2024-05-12 13:48:19,cancelled,email,paypal
2096,1030,2024-11-25 00:00:00,completed,email,bank_transfer
2097,2689,2025-03-19 00:00:00,cancelled,email,bank_transfer
2098,1717,2025-11-13 00:00:00,completed,social_media,paypal
2099,4533,2025-03-08 00:00:00,completed,paid_search,debit_card
2100,8763,2025-08-04 21:43:03,completed,paid_search,bank_transfer
2101,3029,2025-12-29 00:00:00,completed,social_media,credit_card
2102,5644,2024-05-29 00:00:00,completed,email,credit_card
2103,8247,2024-10-10 00:00:00,returned,social_media,paypal
2104,5808,2024-12-20 00:00:00,completed,social_media,paypal
2105,3341,2025-01-04 00:00:00,completed,referral,credit_card
2106,-1,2024-12-28 04:38:39,completed,social_media,debit_card
2107,1779,2025-11-27 00:00:00,completed,paid_search,credit_card
2108,4841,2025-12-08 00:00:00,completed,direct,credit_card
2109,7381,2025-05-29 00:00:00,cancelled,direct,credit_card
2110,8,2024-11-05 00:00:00,completed,email,credit_card
2111,6498,2025-10-20 00:00:00,completed,organic_search,paypal
2112,2509,2025-12-15 19:11:13,completed,social_media,credit_card
2113,1610,2025-10-19 00:00:00,completed,email,credit_card
2114,2574,2024-01-03 22:51:45,completed,email,bank_transfer
2115,8923,2025-06-18 14:26:09,completed,email,bank_transfer
2116,8248,2024-03-08 11:09:54,completed,direct,bank_transfer
2117,2016,2024-09-26 00:00:00,completed,paid_search,debit_card
2118,1143,2024-03-17 00:00:00,completed,email,paypal
2119,3355,2025-05-26 22:11:22,completed,referral,paypal
2120,5456,2025-07-24 00:00:00,completed,referral,debit_card
2121,8024,2024-05-13 00:00:00,completed,direct,bank_transfer
2122,8914,2024-12-15 00:00:00,completed,paid_search,debit_card
2123,6942,2025-02-05 00:00:00,cancelled,email,bank_transfer
2124,5524,2024-12-07 00:00:00,completed,organic_search,bank_transfer
2125,1368,2024-05-19 00:00:00,completed,direct,credit_card
2126,724,2025-01-01 00:00:00,completed,direct,credit_card
2127,5493,2025-09-06 00:00:00,completed,organic_search,debit_card
2128,4978,2024-03-30 00:00:00,completed,email,bank_transfer
2129,7823,2024-04-08 00:00:00,completed,paid_search,credit_card
2130,2995,2024-11-30 19:40:19,completed,email,debit_card
2131,393,2025-12-10 08:32:23,completed,email,debit_card
2132,3909,2025-07-11 11:49:19,completed,organic_search,debit_card
2133,8946,2025-07-19 00:00:00,completed,direct,bank_transfer
2134,7370,2024-12-04 00:00:00,completed,paid_search,credit_card
2135,334,2025-05-19 00:00:00,completed,organic_search,paypal
2136,8093,2024-01-15 19:57:39,completed,paid_search,paypal
2137,4360,2025-06-18 00:00:00,completed,direct,bank_transfer
2138,3360,2025-11-29 00:00:00,completed,referral,credit_card
2139,3200,2025-01-06 00:00:00,completed,referral,credit_card
2140,5482,2025-11-13 16:55:14,returned,social_media,paypal
2141,4907,2025-08-19 00:00:00,completed,organic_search,credit_card
2142,6080,2024-05-19 00:00:00,completed,social_media,credit_card
2143,5306,2025-11-25 00:00:00,completed,social_media,bank_transfer
2144,1379,2024-03-25 03:36:19,completed,email,debit_card
2145,2419,2025-04-08 00:00:00,cancelled,direct,bank_transfer
2146,7777,2024-06-09 00:00:00,completed,referral,debit_card
2147,6145,2024-01-17 00:00:00,cancelled,social_media,credit_card
2148,4144,2025-01-04 20:36:57,completed,direct,debit_card
2149,1733,2024-10-26 00:00:00,completed,direct,paypal
2150,76,2025-02-03 00:00:00,completed,direct,credit_card
2151,2894,2025-05-08 10:48:38,completed,email,debit_card
2152,538,2024-02-28 00:00:00,completed,paid_search,debit_card
2153,4461,2024-05-21 00:00:00,completed,referral,paypal
2154,7606,2025-04-25 07:43:05,completed,social_media,debit_card
2155,2679,2024-11-24 00:00:00,completed,organic_search,bank_transfer
2156,7837,2025-08-23 06:59:38,cancelled,email,bank_transfer
2157,6519,2025-06-30 19:59:57,completed,organic_search,credit_card
2158,1210,2025-01-11 00:00:00,completed,referral,paypal
2159,5950,2025-07-28 00:00:00,completed,social_media,debit_card
2160,1458,2025-01-11 00:00:00,completed,paid_search,paypal
2161,6061,2025-07-14 00:00:00,completed,organic_search,credit_card
2162,1371,2024-10-11 00:00:00,completed,email,credit_card
2163,3611,2024-03-11 00:00:00,completed,organic_search,bank_transfer
2164,5233,2025-09-30 00:00:00,cancelled,organic_search,credit_card
2165,492,2025-01-27 00:00:00,completed,organic_search,bank_transfer
2166,1479,2025-05-10 00:00:00,completed,direct,paypal
2167,2975,2025-10-19 00:00:00,completed,organic_search,bank_transfer
2168,4270,2025-11-06 15:59:01,completed,direct,credit_card
2169,7941,2025-12-01 00:00:00,completed,direct,paypal
2170,1777,2025-01-12 00:00:00,completed,referral,bank_transfer
2171,3206,2024-11-10 03:40:25,completed,paid_search,paypal
2172,4394,2025-11-05 00:00:00,completed,referral,paypal
2173,2757,2024-12-08 00:00:00,completed,social_media,debit_card
2174,5767,2025-05-25 00:00:00,completed,email,credit_card
2175,2413,2025-06-08 00:00:00,completed,direct,bank_transfer
2176,7130,2025-07-26 16:23:55,completed,referral,debit_card
2177,4672,2024-12-10 06:53:11,completed,direct,bank_transfer
2178,842,2024-04-07 00:00:00,completed,social_media,debit_card
2179,5781,2025-01-12 03:44:32,completed,direct,bank_transfer
2180,5262,2024-10-06 00:00:00,completed,social_media,paypal
2181,3126,2025-11-20 00:00:00,cancelled,paid_search,bank_transfer
2182,111,2024-11-25 00:00:00,completed,referral,paypal
2183,1908,2024-06-22 03:27:24,completed,social_media,bank_transfer
2184,3730,2024-02-05 11:25:21,completed,email,credit_card
2185,1900,2025-06-25 00:00:00,completed,paid_search,credit_card
2186,5340,2025-06-19 00:00:00,returned,referral,credit_card
2187,6579,2024-11-22 00:00:00,completed,organic_search,bank_transfer
2188,7917,2024-03-31 18:59:07,completed,paid_search,bank_transfer
2189,5977,2024-12-27 00:00:00,completed,referral,bank_transfer
2190,6390,2024-11-06 00:00:00,completed,organic_search,debit_card
2191,5609,2025-07-17 00:00:00,completed,social_media,credit_card
2192,-1,2025-05-28 00:00:00,completed,paid_search,debit_card
2193,2450,2024-12-05 00:00:00,completed,direct,credit_card
2194,2506,2024-08-22 00:00:00,completed,email,credit_card
2195,1223,2025-12-27 00:00:00,cancelled,referral,paypal
2196,4484,2025-02-03 00:00:00,cancelled,organic_search,paypal
2197,942,2025-07-25 13:20:24,completed,social_media,credit_card
2198,2540,2024-06-08 00:00:00,completed,paid_search,credit_card
2199,4467,2025-03-02 00:00:00,completed,email,debit_card
2200,8839,2024-07-02 00:00:00,completed,paid_search,credit_card
2201,8893,2025-03-17 00:00:00,completed,organic_search,debit_card
2202,6881,2025-12-18 00:00:00,completed,direct,debit_card
2203,3585,2024-12-15 00:00:00,completed,email,credit_card
2204,8005,2024-02-22 00:00:00,completed,paid_search,bank_transfer
2205,8095,2024-02-12 11:13:48,completed,email,bank_transfer
2206,8431,2024-12-17 00:00:00,completed,paid_search,debit_card
2207,5903,2024-06-27 00:00:00,completed,referral,paypal
2208,1915,2024-02-02 00:00:00,completed,referral,bank_transfer
2209,892,2025-09-09 17:15:19,completed,organic_search,debit_card
2210,8466,2025-07-02 00:00:00,completed,paid_search,paypal
2211,544,2024-10-22 04:26:27,completed,email,bank_transfer
2212,2759,2025-11-24 00:00:00,completed,referral,paypal
2213,4496,2024-05-14 05:38:31,returned,organic_search,paypal
2214,223,2025-12-15 00:00:00,completed,paid_search,paypal
2215,8393,2024-11-07 09:42:00,completed,direct,debit_card
2216,2692,2025-11-19 00:00:00,completed,paid_search,paypal
2217,288,2025-05-26 00:00:00,completed,email,credit_card
2218,-1,2025-10-22 00:00:00,returned,paid_search,debit_card
2219,2890,2025-12-26 00:00:00,completed,social_media,credit_card
2220,8110,2024-10-21 00:00:00,returned,direct,paypal
2221,4184,2025-12-17 00:00:00,returned,referral,credit_card
2222,6143,2024-12-17 14:09:34,cancelled,referral,bank_transfer
2223,2271,2024-12-15 00:00:00,completed,email,bank_transfer
2224,4649,2024-11-22 00:00:00,completed,organic_search,debit_card
2225,2424,2025-04-13 00:00:00,completed,direct,credit_card
2226,8780,2024-06-21 00:00:00,completed,email,debit_card
2227,600,2025-04-22 00:00:00,cancelled,email,paypal
2228,2579,2025-04-13 07:00:23,completed,social_media,bank_transfer
2229,8256,2025-09-13 00:00:00,completed,email,debit_card
2230,4436,2025-10-26 00:00:00,completed,organic_search,paypal
2231,5533,2025-01-21 00:00:00,completed,paid_search,debit_card
2232,6029,2024-11-01 00:00:00,completed,referral,paypal
2233,695,2024-09-28 00:00:00,completed,social_media,bank_transfer
2234,180,2024-07-31 00:00:00,returned,organic_search,credit_card
2235,8653,2024-03-15 00:00:00,completed,organic_search,credit_card
2236,2546,2024-11-23 00:00:00,cancelled,organic_search,paypal
2237,3509,2024-06-10 00:00:00,returned,organic_search,paypal
2238,6318,2025-12-19 00:00:00,completed,social_media,paypal
2239,2223,2025-04-24 00:00:00,completed,email,credit_card
2240,6775,2024-11-26 16:14:11,returned,social_media,debit_card
2241,4226,2025-05-10 00:00:00,completed,direct,paypal
2242,7923,2024-06-06 00:00:00,cancelled,email,paypal
2243,2615,2025-01-25 00:00:00,completed,direct,debit_card
2244,1926,2025-11-06 00:00:00,completed,social_media,debit_card
2245,7695,2025-05-03 00:00:00,completed,paid_search,credit_card
2246,3020,2024-12-23 00:00:00,completed,social_media,debit_card
2247,3789,2025-12-29 00:00:00,completed,referral,debit_card
2248,7351,2025-11-16 00:00:00,completed,organic_search,bank_transfer
2249,5859,2025-06-09 00:00:00,cancelled,referral,credit_card
2250,4070,2025-03-05 00:00:00,returned,direct,bank_transfer
2251,2349,2025-06-07 00:00:00,completed,paid_search,debit_card
2252,7055,2024-07-08 00:00:00,completed,paid_search,debit_card
2253,1708,2024-12-20 05:28:13,returned,social_media,paypal
2254,8589,2024-02-23 00:00:00,completed,paid_search,debit_card
2255,1443,2025-02-22 00:00:00,completed,referral,paypal
2256,7462,2025-04-14 00:00:00,completed,direct,bank_transfer
2257,3916,2024-08-31 00:00:00,completed,direct,paypal
2258,1764,2025-12-18 01:48:28,completed,referral,paypal
2259,3698,2025-11-28 04:36:48,completed,direct,bank_transfer
2260,2082,2025-08-18 21:06:09,completed,organic_search,credit_card
2261,1318,2025-07-04 00:00:00,completed,email,credit_card
2262,2250,2025-11-12 00:00:00,completed,direct,paypal
2263,8028,2024-05-29 00:00:00,cancelled,social_media,debit_card
2264,1036,2025-10-01 00:00:00,completed,direct,bank_transfer
2265,8970,2024-05-23 00:00:00,completed,referral,bank_transfer
2266,50,2025-03-10 00:00:00,completed,organic_search,paypal
2267,6098,2024-10-11 00:00:00,completed,social_media,credit_card
2268,7921,2025-11-15 00:00:00,completed,social_media,debit_card
2269,8613,2025-11-12 00:00:00,completed,paid_search,bank_transfer
2270,1380,2024-06-16 09:38:04,completed,referral,credit_card
2271,6462,2025-10-02 00:00:00,cancelled,referral,paypal
2272,1048,2025-12-25 00:00:00,completed,paid_search,credit_card
2273,3250,2025-02-28 00:00:00,completed,email,paypal
2274,6764,2025-11-09 00:00:00,completed,referral,paypal
2275,3193,2025-05-16 09:40:19,completed,paid_search,debit_card
2276,2904,2024-10-12 00:00:00,returned,referral,bank_transfer
2277,1136,2024-10-19 00:00:00,completed,paid_search,debit_card
2278,648,2024-08-09 00:00:00,completed,email,bank_transfer
2279,1128,2025-09-13 00:00:00,completed,social_media,debit_card
2280,8095,2024-12-16 00:00:00,completed,paid_search,bank_transfer
2281,112,2025-03-22 00:00:00,returned,paid_search,paypal
2282,6420,2025-03-07 00:00:00,cancelled,direct,debit_card
2283,7098,2025-05-08 17:45:56,completed,direct,credit_card
2284,5248,2025-11-10 00:00:00,completed,paid_search,bank_transfer
2285,6751,2025-12-24 05:03:46,completed,email,paypal
2286,6036,2024-12-26 00:00:00,completed,paid_search,credit_card
2287,4203,2025-10-22 00:00:00,returned,social_media,bank_transfer
2288,-1,2025-09-14 00:00:00,completed,direct,debit_card
2289,8681,2025-05-05 20:36:50,completed,paid_search,debit_card
2290,8965,2025-12-15 00:00:00,completed,organic_search,debit_card
2291,6025,2024-06-08 00:00:00,completed,referral,debit_card
2292,1874,2024-08-05 00:00:00,completed,direct,paypal
2293,4138,2025-05-11 00:00:00,completed,paid_search,paypal
2294,4582,2025-01-20 00:00:00,completed,direct,bank_transfer
2295,7000,2025-02-11 00:00:00,completed,referral,bank_transfer
2296,6180,2025-11-21 00:00:00,completed,organic_search,credit_card
2297,4765,2024-03-20 00:00:00,completed,social_media,paypal
2298,-1,2025-11-17 00:00:00,completed,direct,credit_card
2299,244,2025-01-28 00:00:00,completed,paid_search,paypal
2300,7174,2025-03-21 00:00:00,returned,referral,credit_card
2301,1998,2025-11-06 00:00:00,completed,email,debit_card
2302,6079,2025-12-04 14:59:08,completed,direct,bank_transfer
2303,1121,2024-01-27 00:00:00,completed,paid_search,bank_transfer
2304,1123,2025-02-23 00:00:00,returned,referral,debit_card
2305,356,2025-07-25 00:00:00,completed,social_media,bank_transfer
2306,8432,2025-08-18 00:00:00,completed,direct,paypal
2307,5573,2025-07-28 00:00:00,completed,email,paypal
2308,3338,2024-06-01 17:21:36,completed,organic_search,bank_transfer
2309,7288,2024-10-30 00:00:00,completed,email,credit_card
2310,5772,2024-02-12 00:00:00,completed,referral,bank_transfer
2311,5713,2025-09-10 00:00:00,completed,paid_search,debit_card
2312,4497,2024-10-13 00:00:00,cancelled,social_media,credit_card
2313,79,2024-08-16 00:00:00,completed,paid_search,paypal
2314,2429,2025-12-16 00:00:00,completed,social_media,debit_card
2315,1065,2024-01-13 00:00:00,completed,social_media,bank_transfer
2316,6136,2025-12-31 00:00:00,cancelled,social_media,bank_transfer
2317,2334,2025-07-17 14:15:15,completed,referral,credit_card
2318,4156,2025-10-23 00:00:00,completed,social_media,credit_card
2319,3258,2024-10-26 08:22:14,cancelled,paid_search,bank_transfer
2320,1372,2024-01-21 00:00:00,completed,organic_search,bank_transfer
2321,8846,2025-08-28 00:00:00,completed,email,bank_transfer
2322,8613,2025-10-26 00:00:00,completed,direct,bank_transfer
2323,827,2025-08-30 00:00:00,cancelled,direct,bank_transfer
2324,7650,2024-10-06 00:00:00,cancelled,direct,debit_card
2325,4511,2025-09-07 00:00:00,completed,email,bank_transfer
2326,7143,2025-09-17 00:00:00,completed,organic_search,credit_card
2327,1453,2025-07-04 00:00:00,completed,social_media,credit_card
2328,1282,2025-09-15 23:30:06,completed,email,debit_card
2329,8236,2025-11-02 18:51:08,completed,social_media,bank_transfer
2330,8307,2025-02-06 00:00:00,completed,organic_search,debit_card
2331,4306,2024-04-17 00:00:00,returned,social_media,credit_card
2332,8045,2025-03-04 00:00:00,completed,email,bank_transfer
2333,6176,2024-04-06 00:00:00,completed,direct,debit_card
2334,1755,2024-12-26 00:00:00,completed,referral,debit_card
2335,3040,2024-12-26 00:00:00,completed,direct,bank_transfer
2336,1319,2024-03-24 00:00:00,completed,social_media,bank_transfer
2337,7145,2024-11-27 00:00:00,completed,organic_search,bank_transfer
2338,-1,2024-09-05 00:00:00,completed,email,debit_card
2339,5044,2025-10-11 00:00:00,completed,paid_search,bank_transfer
2340,6073,2025-12-12 00:00:00,completed,social_media,debit_card
2341,6896,2024-03-31 00:00:00,completed,direct,paypal
2342,2109,2025-12-15 07:08:12,completed,organic_search,bank_transfer
2343,3103,2025-03-30 00:00:00,completed,organic_search,paypal
2344,3793,2024-10-30 22:53:35,completed,paid_search,paypal
2345,5476,2024-04-05 00:00:00,completed,organic_search,bank_transfer
2346,7864,2025-03-14 00:00:00,completed,referral,debit_card
2347,2390,2025-10-03 00:00:00,completed,email,credit_card
2348,4352,2025-08-08 00:00:00,cancelled,email,credit_card
2349,6946,2024-03-07 00:00:00,completed,email,paypal
2350,853,2024-01-04 00:00:00,completed,referral,credit_card
2351,4745,2024-12-24 03:29:14,completed,referral,debit_card
2352,1383,2024-10-26 00:00:00,completed,referral,paypal
2353,4979,2024-04-09 00:00:00,completed,paid_search,credit_card
2354,7090,2024-10-15 00:00:00,completed,paid_search,credit_card
2355,2229,2025-10-08 00:00:00,completed,email,credit_card
2356,7853,2025-06-12 00:00:00,cancelled,referral,debit_card
2357,3098,2024-12-25 01:28:25,completed,referral,debit_card
2358,1812,2025-11-27 00:00:00,returned,direct,debit_card
2359,4299,2024-11-12 00:00:00,completed,social_media,bank_transfer
2360,8102,2025-02-22 00:00:00,completed,paid_search,debit_card
2361,675,2024-08-30 00:00:00,completed,social_media,credit_card
2362,3025,2025-06-21 00:00:00,completed,referral,bank_transfer
2363,6046,2025-12-24 00:00:00,completed,direct,credit_card
2364,3292,2025-05-26 00:00:00,cancelled,email,debit_card
2365,694,2024-12-02 00:00:00,completed,paid_search,debit_card
2366,3074,2025-06-27 00:00:00,completed,social_media,bank_transfer
2367,7601,2024-05-21 00:00:00,completed,email,paypal
2368,8935,2025-11-19 00:00:00,completed,direct,paypal
2369,394,2025-03-16 00:00:00,completed,email,bank_transfer
2370,5262,2025-01-29 00:00:00,completed,organic_search,credit_card
2371,1028,2025-05-14 16:10:41,returned,referral,credit_card
2372,6299,2025-06-10 00:00:00,completed,email,credit_card
2373,79,2024-03-31 00:00:00,completed,organic_search,credit_card
2374,150,2025-07-21 11:03:47,completed,referral,debit_card
2375,7177,2024-09-13 00:00:00,completed,social_media,bank_transfer
2376,729,2025-08-12 00:00:00,completed,organic_search,debit_card
2377,2848,2025-10-19 19:22:14,completed,organic_search,paypal
2378,8843,2025-10-08 00:00:00,cancelled,direct,credit_card
2379,-1,2025-04-21 00:00:00,completed,direct,bank_transfer
2380,1534,2025-03-29 00:00:00,cancelled,referral,paypal
2381,5178,2024-06-10 00:59:03,cancelled,email,credit_card
2382,5164,2025-09-21 00:00:00,completed,organic_search,bank_transfer
2383,4176,2024-10-07 15:39:55,completed,referral,bank_transfer
2384,8556,2025-11-03 00:00:00,completed,organic_search,credit_card
2385,6969,2024-10-18 00:00:00,completed,social_media,bank_transfer
2386,7057,2024-06-01 00:00:00,completed,paid_search,credit_card
2387,2535,2025-06-14 15:24:45,completed,email,debit_card
2388,4006,2024-11-03 00:00:00,completed,organic_search,bank_transfer
2389,4501,2025-09-04 00:40:07,returned,organic_search,debit_card
2390,2787,2024-11-09 00:00:00,returned,referral,bank_transfer
2391,931,2024-01-01 00:00:00,completed,organic_search,bank_transfer
2392,1223,2025-03-22 00:00:00,completed,organic_search,bank_transfer
2393,1709,2024-03-03 00:00:00,completed,organic_search,bank_transfer
2394,1924,2024-11-10 00:00:00,returned,paid_search,debit_card
2395,2280,2025-08-07 00:00:00,completed,social_media,debit_card
2396,2402,2024-03-21 00:00:00,completed,paid_search,paypal
2397,4205,2025-10-29 00:00:00,completed,direct,paypal
2398,4718,2024-01-06 00:00:00,completed,email,paypal
2399,2888,2024-09-17 00:00:00,cancelled,email,paypal
2400,8398,2025-08-30 00:00:00,completed,organic_search,paypal
2401,5104,2024-11-09 00:00:00,completed,email,debit_card
2402,7285,2024-04-30 00:00:00,completed,social_media,paypal
2403,8550,2024-03-12 00:00:00,completed,email,debit_card
2404,1548,2024-07-10 00:00:00,completed,organic_search,bank_transfer
2405,3949,2025-10-31 00:00:00,completed,social_media,credit_card
2406,3999,2024-11-07 17:55:51,cancelled,email,credit_card
2407,3268,2025-09-30 10:14:15,completed,organic_search,paypal
2408,87,2025-11-21 00:00:00,completed,organic_search,debit_card
2409,7557,2025-01-15 00:00:00,completed,email,paypal
2410,1093,2025-11-28 00:00:00,completed,email,debit_card
2411,-1,2024-11-12 00:00:00,cancelled,email,paypal
2412,7135,2025-12-18 21:16:31,completed,paid_search,credit_card
2413,5356,2024-04-18 06:45:18,completed,direct,debit_card
2414,1490,2025-07-25 00:00:00,completed,social_media,debit_card
2415,4771,2025-03-08 00:00:00,completed,organic_search,debit_card
2416,2451,2024-12-16 00:00:00,completed,referral,bank_transfer
2417,2372,2025-06-16 15:08:44,completed,social_media,credit_card
2418,7672,2025-05-08 00:00:00,returned,paid_search,debit_card
2419,3512,2024-07-01 00:00:00,returned,email,paypal
2420,4163,2024-04-07 00:00:00,completed,direct,credit_card
2421,-1,2025-08-11 03:08:02,completed,social_media,bank_transfer
2422,858,2025-07-10 00:00:00,completed,referral,bank_transfer
2423,5476,2025-12-19 00:00:00,completed,paid_search,credit_card
2424,5348,2025-09-12 00:00:00,completed,organic_search,paypal
2425,3923,2025-12-13 00:00:00,completed,referral,credit_card
2426,7674,2025-08-04 14:41:40,completed,paid_search,debit_card
2427,8699,2024-10-29 00:00:00,completed,organic_search,credit_card
2428,4299,2024-05-04 09:51:40,completed,organic_search,debit_card
2429,4208,2025-09-25 00:00:00,cancelled,social_media,bank_transfer
2430,4641,2025-06-24 00:00:00,completed,organic_search,debit_card
2431,6679,2024-03-04 18:45:05,completed,organic_search,bank_transfer
2432,6183,2024-03-12 00:00:00,completed,organic_search,paypal
2433,2094,2025-12-16 00:00:00,completed,social_media,bank_transfer
2434,622,2025-03-14 00:00:00,completed,direct,paypal
2435,8761,2025-01-14 01:01:57,completed,email,bank_transfer
2436,2451,2025-02-06 00:00:00,completed,social_media,credit_card
2437,5887,2024-08-14 06:03:46,completed,email,bank_transfer
2438,7661,2024-12-07 20:36:55,completed,paid_search,debit_card
2439,2802,2024-12-08 00:00:00,completed,paid_search,credit_card
2440,5859,2024-03-09 00:00:00,completed,email,paypal
2441,1053,2025-09-16 00:00:00,completed,paid_search,bank_transfer
2442,8955,2024-12-31 06:44:31,completed,referral,paypal
2443,575,2025-10-19 00:00:00,cancelled,email,debit_card
2444,4038,2025-03-11 00:00:00,completed,referral,paypal
2445,4955,2024-08-17 00:00:00,completed,social_media,bank_transfer
2446,7317,2025-07-03 00:00:00,completed,paid_search,debit_card
2447,-1,2025-02-19 00:00:00,completed,email,paypal
2448,4059,2025-11-16 00:00:00,completed,paid_search,bank_transfer
2449,2796,2024-08-20 00:00:00,completed,paid_search,debit_card
2450,2894,2025-07-18 21:43:11,cancelled,social_media,debit_card
2451,7191,2025-05-29 00:00:00,completed,organic_search,paypal
2452,54,2024-10-26 00:00:00,completed,social_media,debit_card
2453,6921,2024-04-06 00:00:00,completed,paid_search,paypal
2454,7499,2025-06-29 00:00:00,completed,organic_search,paypal
2455,8345,2025-08-29 00:00:00,completed,direct,credit_card
2456,5779,2024-11-08 10:06:20,completed,referral,credit_card
2457,3087,2025-06-24 00:00:00,returned,direct,credit_card
2458,3944,2024-12-20 00:00:00,completed,organic_search,debit_card
2459,8953,2025-08-12 00:00:00,completed,paid_search,bank_transfer
2460,8150,2024-08-05 00:00:00,completed,email,credit_card
2461,4280,2025-11-20 00:00:00,completed,social_media,debit_card
2462,8701,2024-10-20 23:15:31,completed,email,bank_transfer
2463,7615,2024-12-07 00:00:00,cancelled,social_media,paypal
2464,8343,2024-03-16 04:35:51,completed,organic_search,paypal
2465,6327,2024-05-10 06:37:06,completed,email,paypal
2466,7934,2025-03-25 00:00:00,returned,paid_search,credit_card
2467,8247,2024-10-04 00:00:00,completed,organic_search,credit_card
2468,903,2025-10-27 00:00:00,completed,social_media,debit_card
2469,8904,2024-01-21 11:27:54,completed,paid_search,debit_card
2470,3088,2024-12-12 00:00:00,completed,paid_search,credit_card
2471,4052,2024-11-21 00:00:00,completed,email,debit_card
2472,7333,2024-01-28 00:00:00,completed,paid_search,paypal
2473,6160,2024-05-23 00:00:00,completed,organic_search,bank_transfer
2474,8256,2024-12-29 00:00:00,completed,direct,debit_card
2475,3684,2025-03-08 00:00:00,completed,organic_search,bank_transfer
2476,3441,2024-12-25 00:00:00,completed,organic_search,bank_transfer
2477,314,2025-05-04 00:00:00,completed,referral,paypal
2478,4271,2025-05-20 22:41:30,completed,social_media,bank_transfer
2479,6689,2024-01-14 00:00:00,completed,paid_search,paypal
2480,2810,2025-02-11 00:00:00,completed,referral,debit_card
2481,4271,2025-12-18 00:00:00,completed,social_media,credit_card
2482,2061,2025-03-28 00:00:00,completed,direct,credit_card
2483,7133,2025-07-18 06:24:30,completed,referral,paypal
2484,595,2024-11-06 00:00:00,completed,social_media,bank_transfer
2485,6524,2025-09-20 00:00:00,completed,paid_search,debit_card
2486,3498,2025-09-20 00:00:00,completed,social_media,debit_card
2487,412,2025-03-29 00:00:00,completed,paid_search,credit_card
2488,7891,2025-12-23 00:00:00,completed,organic_search,paypal
2489,4505,2024-05-24 00:00:00,completed,organic_search,bank_transfer
2490,5526,2024-01-24 00:00:00,completed,social_media,credit_card
2491,6765,2025-09-18 00:00:00,completed,organic_search,credit_card
2492,6064,2025-10-10 00:00:00,completed,paid_search,bank_transfer
2493,6752,2024-05-19 00:00:00,returned,referral,paypal
2494,7043,2024-03-10 00:00:00,completed,paid_search,bank_transfer
2495,5420,2024-01-25 00:00:00,completed,social_media,paypal
2496,3368,2024-10-25 00:00:00,completed,social_media,bank_transfer
2497,2291,2025-09-20 00:00:00,completed,paid_search,debit_card
2498,8354,2025-03-27 00:00:00,completed,referral,bank_transfer
2499,8955,2024-11-26 00:00:00,completed,organic_search,paypal
2500,3292,2024-12-09 19:08:01,cancelled,social_media,paypal
2501,1102,2024-01-02 18:56:41,completed,social_media,credit_card
2502,2091,2024-10-30 00:00:00,completed,email,credit_card
2503,6208,2025-06-26 00:00:00,completed,email,debit_card
2504,1640,2025-12-22 00:00:00,cancelled,referral,debit_card
2505,7206,2025-02-11 00:00:00,completed,organic_search,debit_card
2506,8540,2024-02-02 19:42:56,completed,direct,bank_transfer
2507,8891,2025-11-23 00:00:00,completed,direct,paypal
2508,92,2025-09-26 00:00:00,completed,email,credit_card
2509,8844,2025-09-24 00:00:00,completed,direct,bank_transfer
2510,6842,2025-02-06 00:00:00,returned,paid_search,debit_card
2511,823,2024-12-22 23:25:51,completed,referral,credit_card
2512,3823,2024-11-01 00:00:00,completed,direct,debit_card
2513,6481,2024-03-24 00:00:00,completed,social_media,bank_transfer
2514,8829,2024-09-01 11:46:37,completed,paid_search,credit_card
2515,1557,2024-09-17 00:00:00,completed,social_media,debit_card
2516,1239,2025-03-01 00:00:00,completed,referral,credit_card
2517,4366,2025-09-04 22:31:09,cancelled,email,bank_transfer
2518,8936,2025-02-20 00:00:00,completed,social_media,credit_card
2519,8962,2024-03-15 00:00:00,cancelled,paid_search,credit_card
2520,2149,2025-12-16 00:00:00,completed,social_media,debit_card
2521,2966,2025-11-12 00:00:00,completed,paid_search,paypal
2522,8406,2025-09-27 00:00:00,completed,social_media,bank_transfer
2523,6793,2025-12-28 21:57:28,completed,referral,debit_card
2524,8968,2025-04-15 00:00:00,returned,direct,debit_card
2525,8256,2025-12-18 21:27:51,completed,direct,credit_card
2526,2031,2024-04-04 11:50:35,completed,referral,paypal
2527,7015,2024-06-12 00:00:00,completed,referral,paypal
2528,477,2024-08-29 00:00:00,completed,referral,debit_card
2529,7573,2024-02-08 00:00:00,completed,social_media,bank_transfer
2530,5546,2024-08-06 00:00:00,completed,email,credit_card
2531,8825,2025-08-06 00:00:00,completed,email,bank_transfer
2532,-1,2025-09-25 00:00:00,completed,email,paypal
2533,496,2025-09-05 00:00:00,completed,email,credit_card
2534,1524,2024-06-14 00:00:00,completed,paid_search,debit_card
2535,4471,2025-10-13 00:00:00,completed,email,bank_transfer
2536,8131,2025-06-18 20:18:38,completed,email,bank_transfer
2537,7540,2024-12-17 00:00:00,completed,organic_search,bank_transfer
2538,8898,2025-07-15 09:20:55,completed,paid_search,paypal
2539,5696,2024-09-28 00:00:00,completed,paid_search,paypal
2540,2413,2024-11-25 00:00:00,completed,organic_search,credit_card
2541,256,2025-12-01 00:00:00,completed,referral,credit_card
2542,2095,2024-10-23 00:00:00,completed,social_media,bank_transfer
2543,6247,2025-02-17 00:00:00,completed,email,credit_card
2544,8570,2025-11-20 12:33:41,completed,email,debit_card
2545,2980,2025-08-08 00:00:00,completed,email,credit_card
2546,8098,2024-03-20 00:00:00,completed,paid_search,debit_card
2547,3633,2024-06-14 00:00:00,completed,referral,credit_card
2548,2880,2024-01-12 02:28:20,completed,organic_search,credit_card
2549,4710,2025-06-15 00:00:00,completed,referral,credit_card
2550,4075,2025-01-28 00:00:00,completed,organic_search,credit_card
2551,8463,2024-01-06 00:00:00,completed,paid_search,paypal
2552,4322,2025-12-16 00:00:00,completed,email,credit_card
2553,2606,2025-05-04 00:00:00,completed,organic_search,credit_card
2554,7791,2024-09-13 14:12:51,completed,social_media,paypal
2555,-1,2025-03-14 00:00:00,cancelled,direct,paypal
2556,5990,2025-07-19 00:00:00,completed,direct,paypal
2557,2355,2024-04-04 00:00:00,completed,social_media,paypal
2558,2247,2024-10-10 00:00:00,completed,direct,credit_card
2559,570,2025-10-10 00:00:00,completed,direct,debit_card
2560,753,2025-02-08 01:57:25,cancelled,email,debit_card
2561,8466,2025-04-17 00:00:00,completed,paid_search,paypal
2562,945,2025-01-14 00:00:00,completed,email,debit_card
2563,4471,2024-02-29 00:00:00,completed,email,credit_card
2564,6461,2024-03-07 00:00:00,cancelled,paid_search,credit_card
2565,7862,2025-01-26 00:00:00,completed,paid_search,bank_transfer
2566,1626,2024-08-14 00:00:00,completed,referral,credit_card
2567,4036,2024-07-03 00:00:00,completed,direct,paypal
2568,2365,2025-11-01 00:00:00,completed,social_media,debit_card
2569,2406,2025-12-25 00:00:00,completed,email,debit_card
2570,2834,2025-10-02 00:00:00,completed,email,debit_card
2571,5398,2025-11-05 00:00:00,completed,paid_search,bank_transfer
2572,169,2024-09-13 15:45:18,completed,referral,bank_transfer
2573,3761,2025-12-17 19:05:18,completed,direct,bank_transfer
2574,1774,2024-03-08 00:00:00,completed,direct,paypal
2575,8925,2025-12-14 19:48:16,returned,paid_search,bank_transfer
2576,5368,2025-12-30 00:00:00,completed,direct,debit_card
2577,8035,2025-08-11 00:31:55,completed,email,paypal
2578,1859,2025-12-25 00:00:00,completed,social_media,debit_card
2579,7496,2025-05-03 00:00:00,completed,email,credit_card
2580,3819,2024-09-28 00:00:00,completed,direct,debit_card
2581,1681,2025-01-18 00:00:00,completed,organic_search,debit_card
2582,7032,2025-05-19 00:00:00,completed,referral,credit_card
2583,7039,2024-04-01 14:58:38,completed,email,bank_transfer
2584,-1,2025-06-08 01:19:53,completed,referral,paypal
2585,7215,2025-12-25 00:00:00,completed,direct,debit_card
2586,1392,2024-07-27 00:00:00,completed,paid_search,credit_card
2587,2994,2025-02-10 00:00:00,completed,organic_search,debit_card
2588,4171,2025-11-27 00:00:00,completed,referral,paypal
2589,1226,2025-11-12 00:00:00,completed,social_media,paypal
2590,7292,2025-12-17 16:13:16,cancelled,email,credit_card
2591,4875,2025-03-30 07:29:58,completed,direct,debit_card
2592,8717,2025-12-23 00:00:00,completed,organic_search,credit_card
2593,5422,2025-09-10 03:30:51,completed,email,bank_transfer
2594,4837,2024-06-29 00:00:00,returned,paid_search,credit_card
2595,701,2025-02-23 00:00:00,completed,social_media,paypal
2596,1431,2025-08-15 00:00:00,cancelled,social_media,debit_card
2597,7853,2024-09-17 00:00:00,cancelled,organic_search,debit_card
2598,-1,2025-06-21 00:00:00,completed,organic_search,debit_card
2599,3822,2025-07-10 06:30:26,completed,direct,debit_card
2600,7497,2024-06-30 00:00:00,completed,paid_search,bank_transfer
2601,5788,2025-04-30 00:00:00,cancelled,email,debit_card
2602,8852,2025-09-19 00:00:00,completed,referral,bank_transfer
2603,2240,2025-12-03 00:00:00,completed,email,debit_card
2604,5032,2024-01-18 00:00:00,completed,email,bank_transfer
2605,3761,2024-01-13 00:00:00,completed,social_media,bank_transfer
2606,5004,2024-01-12 00:00:00,completed,paid_search,debit_card
2607,2531,2025-12-04 00:00:00,completed,organic_search,bank_transfer
2608,4594,2024-01-09 00:00:00,completed,organic_search,bank_transfer
2609,5760,2025-06-17 00:00:00,completed,paid_search,credit_card
2610,789,2024-08-26 00:00:00,completed,social_media,credit_card
2611,6874,2024-11-12 00:00:00,completed,email,debit_card
2612,6534,2025-11-02 00:00:00,cancelled,email,paypal
2613,8140,2025-08-22 09:35:58,completed,email,bank_transfer
2614,3928,2024-04-24 00:00:00,completed,paid_search,bank_transfer
2615,601,2025-01-10 00:00:00,completed,email,debit_card
2616,4260,2024-10-02 00:00:00,completed,email,paypal
2617,1326,2025-02-26 00:00:00,completed,social_media,debit_card
2618,5982,2025-07-07 00:00:00,completed,organic_search,bank_transfer
2619,460,2024-05-17 00:00:00,completed,referral,bank_transfer
2620,3449,2024-10-21 00:00:00,completed,email,bank_transfer
2621,809,2024-12-21 00:00:00,completed,direct,debit_card
2622,33,2025-12-02 23:27:55,completed,email,credit_card
2623,8862,2025-12-29 00:00:00,completed,paid_search,debit_card
2624,-1,2024-03-01 03:39:17,completed,email,bank_transfer
2625,5129,2025-12-09 00:00:00,completed,email,credit_card
2626,2249,2024-09-12 00:00:00,completed,paid_search,credit_card
2627,8441,2024-12-19 00:00:00,returned,direct,debit_card
2628,8540,2025-09-08 00:00:00,completed,referral,bank_transfer
2629,7903,2025-12-01 00:00:00,completed,email,debit_card
2630,5028,2025-12-14 00:00:00,completed,organic_search,debit_card
2631,733,2025-05-08 00:00:00,completed,email,paypal
2632,866,2024-01-12 00:00:00,completed,referral,debit_card
2633,8292,2025-09-29 00:00:00,completed,email,bank_transfer
2634,8099,2024-09-21 00:00:00,completed,direct,credit_card
2635,4007,2025-04-29 00:00:00,completed,organic_search,paypal
2636,3031,2024-02-12 00:00:00,cancelled,social_media,paypal
2637,5945,2025-07-03 00:00:00,completed,direct,bank_transfer
2638,7473,2024-09-11 00:00:00,completed,paid_search,paypal
2639,6761,2024-07-28 20:31:18,completed,referral,paypal
2640,5673,2025-12-01 00:00:00,completed,email,debit_card
2641,2179,2024-04-30 13:28:34,completed,email,credit_card
2642,2466,2025-03-18 00:00:00,completed,referral,debit_card
2643,6688,2024-08-25 00:00:00,completed,email,bank_transfer
2644,7441,2024-02-22 00:00:00,completed,referral,paypal
2645,1137,2024-02-18 00:00:00,completed,organic_search,debit_card
2646,1778,2024-12-07 00:00:00,completed,email,bank_transfer
2647,6300,2025-10-11 00:00:00,cancelled,referral,debit_card
2648,3583,2024-10-16 07:48:10,completed,organic_search,debit_card
2649,5202,2025-12-13 00:00:00,completed,social_media,bank_transfer
2650,5668,2025-11-05 00:00:00,completed,social_media,debit_card
2651,7170,2025-01-18 00:00:00,completed,referral,bank_transfer
2652,7468,2025-10-05 00:00:00,completed,referral,debit_card
2653,2633,2025-03-26 00:00:00,completed,email,paypal
2654,5001,2025-09-11 00:00:00,cancelled,direct,debit_card
2655,1198,2024-10-16 00:00:00,completed,email,debit_card
2656,7787,2024-11-29 09:49:37,completed,paid_search,credit_card
2657,7818,2025-11-22 00:00:00,completed,referral,credit_card
2658,2794,2025-12-12 00:00:00,completed,social_media,credit_card
2659,1525,2025-11-21 00:00:00,returned,email,paypal
2660,687,2025-01-01 00:00:00,completed,organic_search,credit_card
2661,5316,2025-09-24 00:00:00,completed,organic_search,debit_card
2662,897,2025-02-22 15:18:02,completed,organic_search,debit_card
2663,6302,2025-03-11 06:27:06,completed,organic_search,bank_transfer
2664,6272,2024-10-08 00:00:00,completed,referral,bank_transfer
2665,5664,2025-05-18 00:00:00,completed,social_media,bank_transfer
2666,8107,2024-07-23 00:00:00,completed,email,credit_card
2667,3490,2024-11-17 00:00:00,completed,paid_search,paypal
2668,8351,2025-05-11 00:00:00,completed,social_media,credit_card
2669,367,2024-08-12 00:00:00,completed,paid_search,paypal
2670,1106,2024-03-30 00:00:00,completed,email,paypal
2671,3792,2024-03-28 00:00:00,completed,organic_search,bank_transfer
2672,5468,2025-12-10 00:00:00,cancelled,referral,paypal
2673,322,2025-03-18 13:35:17,completed,paid_search,debit_card
2674,5243,2024-12-27 00:00:00,completed,paid_search,credit_card
2675,2872,2025-10-12 00:00:00,completed,referral,bank_transfer
2676,8205,2025-10-27 00:00:00,returned,direct,paypal
2677,4926,2024-11-18 00:00:00,completed,organic_search,debit_card
2678,5404,2025-07-29 03:49:24,completed,direct,debit_card
2679,8728,2025-09-18 00:00:00,completed,social_media,paypal
2680,7054,2025-01-07 00:00:00,completed,email,debit_card
2681,4038,2024-06-19 00:00:00,completed,referral,paypal
2682,4404,2025-11-14 11:15:42,completed,direct,bank_transfer
2683,5986,2025-04-11 00:00:00,completed,social_media,bank_transfer
2684,1903,2024-10-16 00:00:00,completed,direct,debit_card
2685,867,2025-07-01 00:00:00,completed,direct,debit_card
2686,2890,2024-02-20 00:00:00,completed,social_media,credit_card
2687,7188,2024-05-26 00:00:00,completed,email,bank_transfer
2688,2420,2025-09-15 00:00:00,completed,email,credit_card
2689,1268,2024-01-01 00:00:00,cancelled,direct,credit_card
2690,2060,2024-12-31 00:00:00,completed,email,credit_card
2691,6283,2025-03-30 00:00:00,returned,organic_search,credit_card
2692,5663,2024-03-12 00:00:00,completed,paid_search,credit_card
2693,6387,2025-12-22 00:00:00,cancelled,referral,bank_transfer
2694,2988,2024-08-30 06:24:20,completed,social_media,paypal
2695,8341,2024-11-02 00:00:00,cancelled,email,credit_card
2696,4171,2024-02-11 00:00:00,completed,paid_search,paypal
2697,4753,2024-03-09 00:00:00,completed,paid_search,bank_transfer
2698,8758,2024-01-03 00:00:00,completed,direct,credit_card
2699,-1,2025-08-23 00:00:00,completed,paid_search,bank_transfer
2700,6129,2025-12-19 09:15:14,completed,direct,paypal
2701,8720,2024-08-28 00:00:00,returned,email,debit_card
2702,5002,2025-07-07 00:00:00,completed,social_media,bank_transfer
2703,2871,2025-08-31 00:00:00,completed,social_media,debit_card
2704,2921,2025-11-02 23:51:47,cancelled,paid_search,debit_card
2705,5162,2025-04-01 00:00:00,completed,referral,bank_transfer
2706,5578,2024-11-01 00:00:00,completed,email,credit_card
2707,4051,2024-11-14 00:00:00,completed,email,credit_card
2708,8176,2025-08-11 21:44:13,completed,paid_search,credit_card
2709,3938,2025-10-16 00:00:00,completed,social_media,credit_card
2710,2565,2024-07-19 10:27:49,completed,direct,debit_card
2711,79,2024-08-12 00:00:00,returned,referral,debit_card
2712,8956,2025-11-25 03:17:22,returned,paid_search,credit_card
2713,7627,2025-10-10 17:48:19,completed,direct,credit_card
2714,5673,2025-12-26 00:00:00,completed,direct,paypal
2715,7681,2025-08-09 00:00:00,completed,social_media,debit_card
2716,7499,2024-12-19 00:00:00,completed,referral,debit_card
2717,8605,2025-05-17 00:00:00,completed,referral,debit_card
2718,3556,2025-07-06 12:35:09,completed,organic_search,debit_card
2719,5121,2024-07-04 00:00:00,completed,direct,debit_card
2720,970,2025-04-15 00:00:00,completed,referral,paypal
2721,8905,2025-08-09 00:00:00,returned,email,paypal
2722,-1,2024-07-04 00:00:00,completed,social_media,credit_card
2723,7305,2025-09-24 00:00:00,completed,direct,bank_transfer
2724,4188,2025-05-13 18:29:11,completed,email,debit_card
2725,4583,2025-12-14 00:00:00,completed,social_media,bank_transfer
2726,4018,2024-02-27 00:00:00,completed,email,bank_transfer
2727,2743,2024-03-10 00:00:00,completed,direct,credit_card
2728,4887,2025-05-25 21:30:02,completed,email,debit_card
2729,522,2024-10-27 22:26:48,completed,email,bank_transfer
2730,-1,2025-12-08 00:00:00,completed,email,paypal
2731,3913,2025-11-09 00:00:00,completed,paid_search,credit_card
2732,8582,2024-05-01 00:00:00,completed,direct,credit_card
2733,6691,2025-03-24 00:00:00,completed,organic_search,credit_card
2734,2717,2025-03-20 00:00:00,completed,direct,debit_card
2735,2087,2024-07-12 00:00:00,completed,direct,paypal
2736,-1,2025-12-07 00:00:00,cancelled,organic_search,bank_transfer
2737,7127,2025-10-22 00:00:00,completed,direct,paypal
2738,2346,2025-08-01 06:50:41,completed,paid_search,debit_card
2739,658,2025-12-08 00:00:00,completed,referral,credit_card
2740,6450,2025-09-02 00:00:00,completed,organic_search,paypal
2741,2823,2025-12-02 05:22:12,completed,organic_search,paypal
2742,2080,2025-07-30 00:00:00,completed,organic_search,paypal
2743,6794,2025-08-22 00:00:00,completed,organic_search,paypal
2744,6285,2025-11-08 12:48:49,completed,paid_search,paypal
2745,4452,2024-10-10 09:23:28,completed,referral,paypal
2746,8697,2025-10-10 00:00:00,cancelled,referral,bank_transfer
2747,6290,2024-08-01 20:25:24,completed,direct,bank_transfer
2748,8259,2024-11-25 00:00:00,completed,paid_search,bank_transfer
2749,1810,2024-11-20 00:00:00,completed,paid_search,debit_card
2750,2763,2025-12-24 05:26:19,completed,direct,credit_card
2751,1022,2025-11-06 05:58:03,completed,social_media,paypal
2752,2843,2025-03-08 00:00:00,completed,organic_search,credit_card
2753,8963,2025-08-21 00:00:00,completed,email,debit_card
2754,8884,2025-04-27 00:00:00,completed,referral,paypal
2755,7022,2025-12-12 00:00:00,completed,paid_search,bank_transfer
2756,4822,2025-03-10 13:12:56,completed,referral,debit_card
2757,7214,2024-12-13 00:00:00,completed,paid_search,debit_card
2758,5106,2024-06-30 00:00:00,completed,social_media,debit_card
2759,34,2025-09-28 00:00:00,completed,referral,credit_card
2760,4635,2025-08-26 00:00:00,cancelled,direct,debit_card
2761,5523,2024-12-15 00:00:00,completed,direct,debit_card
2762,-1,2024-02-04 00:00:00,completed,direct,credit_card
2763,1922,2025-10-29 00:00:00,completed,direct,paypal
2764,2570,2024-01-17 00:00:00,completed,referral,paypal
2765,5746,2025-05-08 00:00:00,cancelled,organic_search,debit_card
2766,1400,2025-12-21 00:00:00,completed,social_media,credit_card
2767,6648,2025-01-19 00:00:00,completed,referral,bank_transfer
2768,3904,2024-09-07 02:58:31,completed,direct,bank_transfer
2769,3257,2025-08-06 00:00:00,completed,referral,bank_transfer
2770,7475,2025-10-16 00:00:00,completed,social_media,paypal
2771,4681,2025-04-16 00:00:00,completed,social_media,credit_card
2772,3491,2025-12-20 00:00:00,completed,direct,paypal
2773,8123,2024-08-03 00:00:00,completed,email,debit_card
2774,3393,2025-03-17 00:00:00,completed,email,bank_transfer
2775,7943,2025-08-15 00:00:00,completed,email,credit_card
2776,4662,2025-11-09 15:10:26,completed,email,bank_transfer
2777,1967,2024-07-16 02:33:20,completed,organic_search,bank_transfer
2778,5654,2025-06-10 00:00:00,completed,social_media,paypal
2779,2678,2025-04-21 00:00:00,completed,social_media,paypal
2780,1410,2024-12-21 00:53:36,completed,social_media,debit_card
2781,845,2024-05-30 12:39:54,cancelled,referral,bank_transfer
2782,2277,2025-11-10 00:00:16,completed,social_media,debit_card
2783,6812,2024-06-24 00:00:00,completed,email,credit_card
2784,7749,2024-05-11 00:00:00,completed,social_media,bank_transfer
2785,7969,2024-10-22 21:54:46,completed,organic_search,paypal
2786,2540,2025-12-11 00:00:00,completed,organic_search,bank_transfer
2787,6123,2025-07-14 00:00:00,completed,referral,credit_card
2788,2166,2025-10-04 07:05:25,completed,email,paypal
2789,5738,2024-09-20 00:00:00,completed,email,credit_card
2790,8206,2025-10-06 00:00:00,completed,paid_search,bank_transfer
2791,404,2025-05-04 10:17:59,completed,organic_search,debit_card
2792,-1,2025-10-25 00:00:00,cancelled,referral,paypal
2793,7648,2025-11-27 00:00:00,completed,paid_search,bank_transfer
2794,7036,2024-01-18 00:00:00,completed,email,credit_card
2795,6416,2025-07-15 00:32:26,completed,referral,debit_card
2796,7113,2024-03-09 06:05:43,completed,direct,debit_card
2797,-1,2025-04-18 00:00:00,completed,organic_search,credit_card
2798,7112,2024-10-20 00:00:00,completed,social_media,credit_card
2799,3245,2024-03-11 00:00:00,completed,direct,debit_card
2800,5663,2024-11-29 10:21:09,completed,paid_search,credit_card
2801,3111,2025-06-08 00:00:00,completed,email,bank_transfer
2802,8956,2024-11-19 00:00:00,completed,direct,paypal
2803,8332,2025-08-25 00:00:00,returned,referral,credit_card
2804,5245,2024-12-25 00:00:00,completed,social_media,credit_card
2805,7218,2024-03-27 00:00:00,completed,organic_search,bank_transfer
2806,8426,2025-09-26 00:00:00,cancelled,organic_search,bank_transfer
2807,2293,2024-10-19 00:00:00,completed,email,paypal
2808,5356,2025-01-14 23:37:41,completed,paid_search,credit_card
2809,4456,2025-07-23 14:27:14,completed,email,credit_card
2810,7121,2024-11-18 12:31:01,completed,social_media,paypal
2811,3498,2024-03-14 07:36:59,completed,email,debit_card
2812,6557,2024-12-10 00:00:00,completed,direct,debit_card
2813,3705,2025-12-11 21:45:48,completed,paid_search,bank_transfer
2814,1089,2025-06-22 18:46:21,completed,paid_search,credit_card
2815,1046,2025-07-13 00:00:00,completed,email,bank_transfer
2816,1164,2025-06-15 00:00:00,completed,direct,bank_transfer
2817,323,2024-08-04 00:00:00,completed,direct,paypal
2818,4925,2024-12-31 16:29:39,completed,direct,bank_transfer
2819,6218,2025-09-06 09:32:00,completed,paid_search,bank_transfer
2820,1227,2024-04-30 00:00:00,completed,organic_search,debit_card
2821,5642,2024-10-13 00:00:00,completed,social_media,debit_card
2822,5512,2024-11-10 00:00:00,returned,social_media,paypal
2823,1409,2025-01-13 00:00:00,returned,email,paypal
2824,3715,2025-12-24 00:00:00,completed,email,debit_card
2825,6979,2024-03-26 00:00:00,cancelled,direct,paypal
2826,171,2025-03-27 00:00:00,completed,referral,debit_card
2827,1409,2024-07-16 00:00:00,cancelled,referral,credit_card
2828,-1,2025-12-21 00:00:00,completed,organic_search,paypal
2829,6779,2024-12-05 00:00:00,completed,social_media,paypal
2830,4287,2024-12-24 17:44:34,completed,referral,bank_transfer
2831,5805,2025-08-28 00:00:00,returned,paid_search,bank_transfer
2832,7825,2025-06-08 00:00:00,completed,social_media,paypal
2833,7788,2025-05-01 00:00:00,completed,organic_search,debit_card
2834,3008,2024-11-26 00:00:00,completed,direct,credit_card
2835,4541,2024-12-21 00:00:00,completed,paid_search,debit_card
2836,5883,2024-10-02 00:00:00,completed,email,paypal
2837,705,2024-08-11 00:00:00,completed,organic_search,paypal
2838,8728,2025-02-28 00:21:07,completed,paid_search,bank_transfer
2839,3994,2024-10-05 00:00:00,completed,referral,bank_transfer
2840,3416,2024-10-20 00:00:00,completed,organic_search,bank_transfer
2841,8395,2025-03-07 00:00:00,completed,paid_search,bank_transfer
2842,1156,2025-12-20 00:00:00,cancelled,social_media,paypal
2843,389,2025-05-26 02:44:09,completed,referral,paypal
2844,6350,2024-04-05 17:20:53,completed,paid_search,bank_transfer
2845,3552,2024-04-04 00:00:00,completed,email,credit_card
2846,7057,2025-12-14 00:00:00,completed,email,credit_card
2847,670,2024-10-28 00:00:00,completed,organic_search,bank_transfer
2848,3542,2024-04-20 00:00:00,returned,organic_search,debit_card
2849,2213,2025-05-23 18:49:22,completed,referral,credit_card
2850,6837,2025-06-09 00:00:00,completed,direct,debit_card
2851,2140,2025-06-27 00:00:00,completed,organic_search,credit_card
2852,4224,2024-04-10 00:00:00,completed,organic_search,paypal
2853,7583,2024-01-22 00:00:00,completed,direct,bank_transfer
2854,8466,2025-12-19 00:00:00,completed,direct,debit_card
2855,6673,2024-09-20 00:00:00,completed,referral,paypal
2856,3960,2025-07-17 00:00:00,completed,referral,credit_card
2857,5289,2025-08-07 00:00:00,completed,paid_search,paypal
2858,6396,2025-05-31 00:00:00,completed,direct,bank_transfer
2859,8093,2024-07-11 00:00:00,completed,email,paypal
2860,8217,2024-07-10 00:00:00,completed,social_media,debit_card
2861,8596,2025-05-22 12:55:46,completed,social_media,paypal
2862,7501,2025-10-11 00:00:00,completed,social_media,paypal
2863,1407,2025-12-12 00:00:00,completed,social_media,bank_transfer
2864,6911,2024-05-04 00:00:00,completed,referral,paypal
2865,7541,2024-06-22 00:00:00,completed,social_media,credit_card
2866,8120,2025-12-11 00:00:00,completed,referral,debit_card
2867,8556,2025-08-27 00:00:00,completed,direct,credit_card
2868,4714,2025-11-17 04:26:03,completed,email,credit_card
2869,6064,2024-08-08 00:00:00,completed,referral,paypal
2870,95,2025-05-15 00:00:00,completed,social_media,paypal
2871,5298,2025-03-08 00:00:00,completed,direct,paypal
2872,4373,2025-07-20 00:00:00,returned,social_media,paypal
2873,8877,2024-12-27 14:05:11,completed,referral,credit_card
2874,8345,2024-01-22 19:52:51,completed,paid_search,debit_card
2875,7389,2025-05-12 00:00:00,completed,email,paypal
2876,562,2024-09-22 00:00:00,completed,organic_search,credit_card
2877,3696,2025-01-30 00:00:00,completed,referral,bank_transfer
2878,6443,2025-12-16 04:35:31,completed,organic_search,debit_card
2879,297,2024-12-22 00:00:00,completed,referral,bank_transfer
2880,2217,2025-10-29 00:00:00,completed,referral,debit_card
2881,8209,2024-07-25 00:00:00,completed,direct,bank_transfer
2882,1258,2025-07-14 00:00:00,completed,organic_search,paypal
2883,501,2025-12-23 11:36:27,cancelled,referral,paypal
2884,5356,2024-04-30 15:53:39,completed,email,paypal
2885,8736,2024-01-12 00:00:00,completed,paid_search,paypal
2886,7720,2025-01-15 19:12:32,completed,social_media,debit_card
2887,8990,2024-04-21 00:00:00,completed,social_media,credit_card
2888,6964,2025-09-04 07:51:39,completed,email,paypal
2889,4031,2025-11-30 00:00:00,completed,email,credit_card
2890,8737,2025-01-15 00:00:00,completed,organic_search,credit_card
2891,3937,2024-09-27 10:44:08,completed,direct,bank_transfer
2892,3233,2025-01-16 00:00:00,completed,organic_search,bank_transfer
2893,4141,2025-08-19 00:00:00,returned,referral,bank_transfer
2894,7534,2024-01-13 02:03:11,returned,email,credit_card
2895,8491,2025-05-17 00:00:00,completed,paid_search,credit_card
2896,3292,2025-02-06 00:00:00,returned,direct,debit_card
2897,4270,2025-06-19 00:00:00,completed,direct,bank_transfer
2898,8312,2024-09-13 00:00:00,cancelled,paid_search,paypal
2899,459,2025-12-08 00:00:00,completed,email,bank_transfer
2900,7244,2024-04-20 10:26:35,cancelled,referral,credit_card
2901,4190,2024-08-05 00:00:00,cancelled,email,debit_card
2902,3472,2025-11-15 00:00:00,completed,organic_search,debit_card
2903,4128,2025-08-29 09:07:07,returned,direct,debit_card
2904,3861,2024-01-20 00:00:00,completed,social_media,bank_transfer
2905,6993,2024-09-18 00:00:00,completed,referral,credit_card
2906,8588,2024-08-19 00:00:00,completed,direct,credit_card
2907,4542,2024-07-10 00:00:00,completed,social_media,debit_card
2908,7706,2024-09-18 00:00:00,completed,referral,paypal
2909,6764,2024-03-21 00:00:00,completed,direct,paypal
2910,3061,2025-02-07 00:00:00,completed,direct,debit_card
2911,5400,2025-08-25 00:00:00,completed,social_media,bank_transfer
2912,6170,2025-05-28 00:00:00,completed,social_media,paypal
2913,239,2025-07-14 00:00:00,completed,referral,paypal
2914,3636,2024-09-04 00:00:00,completed,social_media,debit_card
2915,-1,2025-12-14 00:00:00,completed,organic_search,bank_transfer
2916,5874,2025-10-29 00:00:00,returned,direct,debit_card
2917,3094,2025-09-10 00:00:00,completed,social_media,bank_transfer
2918,2350,2025-10-20 00:00:00,cancelled,referral,bank_transfer
2919,1980,2025-12-07 00:00:00,returned,email,bank_transfer
2920,3694,2025-04-15 00:00:00,completed,direct,credit_card
2921,1837,2024-08-06 00:00:00,completed,paid_search,bank_transfer
2922,1311,2025-06-04 00:00:00,completed,organic_search,bank_transfer
2923,3354,2025-09-01 23:02:46,completed,organic_search,debit_card
2924,5595,2025-08-28 00:00:00,completed,email,bank_transfer
2925,1403,2025-03-30 00:00:00,completed,direct,credit_card
2926,429,2024-03-27 00:00:00,completed,referral,bank_transfer
2927,344,2024-12-08 10:01:48,completed,direct,paypal
2928,2518,2025-12-02 00:00:00,completed,referral,credit_card
2929,1806,2025-05-13 19:09:31,completed,direct,credit_card
2930,4980,2025-11-04 00:00:00,returned,social_media,credit_card
2931,4205,2024-05-10 00:00:00,cancelled,email,paypal
2932,3008,2024-07-12 00:00:00,completed,direct,debit_card
2933,7714,2025-11-22 00:00:00,completed,referral,bank_transfer
2934,4669,2025-07-10 00:00:00,completed,social_media,credit_card
2935,897,2025-09-29 00:00:00,completed,referral,bank_transfer
2936,2757,2025-02-03 01:15:54,completed,social_media,credit_card
2937,8979,2025-06-14 07:05:45,completed,direct,debit_card
2938,-1,2024-09-18 00:00:00,completed,email,debit_card
2939,2395,2025-08-06 17:12:51,cancelled,social_media,paypal
2940,1588,2025-01-09 12:47:39,completed,email,credit_card
2941,4579,2025-01-23 00:00:00,cancelled,social_media,paypal
2942,4452,2025-06-28 00:00:00,cancelled,referral,debit_card
2943,3770,2025-12-08 00:00:00,completed,social_media,paypal
2944,4896,2024-03-22 00:00:00,completed,direct,bank_transfer
2945,2185,2025-10-21 00:00:00,cancelled,social_media,debit_card
2946,1126,2024-10-24 00:00:00,completed,paid_search,paypal
2947,5274,2025-01-24 00:00:00,completed,direct,bank_transfer
2948,8613,2024-01-31 00:00:00,completed,referral,bank_transfer
2949,1327,2024-10-31 00:00:00,completed,social_media,paypal
2950,6519,2025-03-15 00:00:00,completed,social_media,debit_card
2951,4037,2024-03-13 00:00:00,completed,email,bank_transfer
2952,2748,2025-03-06 00:00:00,cancelled,direct,paypal
2953,7888,2025-12-05 00:00:00,completed,direct,debit_card
2954,4211,2024-05-04 00:00:00,completed,direct,paypal
2955,5368,2025-09-14 00:00:00,completed,referral,debit_card
2956,4085,2024-12-27 00:00:00,completed,organic_search,debit_card
2957,789,2025-07-02 00:00:00,completed,organic_search,bank_transfer
2958,5480,2024-09-28 00:00:00,completed,referral,bank_transfer
2959,3862,2024-06-26 00:00:00,completed,direct,bank_transfer
2960,848,2024-06-27 00:00:00,cancelled,organic_search,debit_card
2961,5491,2024-03-29 00:00:00,completed,organic_search,bank_transfer
2962,96,2024-07-23 00:00:00,completed,email,paypal
2963,1970,2025-08-07 00:00:00,completed,paid_search,bank_transfer
2964,7216,2025-11-16 22:53:44,completed,organic_search,bank_transfer
2965,374,2025-10-14 00:00:00,returned,social_media,debit_card
2966,5972,2025-07-23 00:00:00,cancelled,social_media,credit_card
2967,8763,2024-09-05 00:00:00,completed,social_media,credit_card
2968,1625,2024-10-22 00:00:00,completed,social_media,bank_transfer
2969,3843,2024-05-11 00:00:00,completed,referral,bank_transfer
2970,5322,2024-09-20 00:00:00,cancelled,organic_search,credit_card
2971,4160,2025-03-25 00:00:00,cancelled,social_media,debit_card
2972,5717,2025-09-04 00:00:00,completed,referral,bank_transfer
2973,3715,2024-01-12 00:00:00,completed,email,debit_card
2974,1423,2024-11-30 03:25:32,completed,social_media,credit_card
2975,870,2025-10-23 00:00:00,completed,paid_search,bank_transfer
2976,6881,2025-09-30 00:00:00,completed,social_media,credit_card
2977,2245,2024-11-04 00:00:00,completed,social_media,debit_card
2978,7835,2025-11-30 00:00:00,returned,direct,credit_card
2979,6875,2025-12-14 00:00:00,returned,social_media,paypal
2980,484,2024-11-15 00:00:00,returned,referral,credit_card
2981,1910,2024-11-30 00:00:00,completed,direct,bank_transfer
2982,2733,2025-03-17 00:00:00,completed,paid_search,debit_card
2983,5475,2025-12-10 00:00:00,completed,organic_search,bank_transfer
2984,7494,2025-11-14 18:50:52,completed,organic_search,bank_transfer
2985,594,2024-01-05 00:00:00,returned,paid_search,bank_transfer
2986,2345,2024-12-19 00:00:00,cancelled,social_media,paypal
2987,3469,2025-04-21 00:00:00,completed,paid_search,debit_card
2988,1741,2025-03-16 00:00:00,completed,direct,bank_transfer
2989,5034,2024-07-31 00:00:00,completed,organic_search,paypal
2990,4414,2025-11-07 00:00:00,returned,organic_search,credit_card
2991,2935,2025-07-17 00:00:00,completed,organic_search,bank_transfer
2992,4786,2025-10-28 00:00:00,completed,email,debit_card
2993,3283,2025-11-07 00:00:00,completed,direct,credit_card
2994,3169,2025-04-09 00:00:00,completed,organic_search,debit_card
2995,2498,2025-01-20 16:45:59,completed,paid_search,bank_transfer
2996,4991,2025-05-31 00:00:00,completed,paid_search,credit_card
2997,4096,2024-06-27 09:16:19,cancelled,direct,bank_transfer
2998,1864,2025-07-15 00:00:00,completed,paid_search,bank_transfer
2999,132,2024-07-16 00:00:00,completed,direct,bank_transfer
3000,1449,2025-07-29 00:00:00,completed,paid_search,credit_card
3001,422,2024-09-02 00:00:00,completed,social_media,credit_card
3002,3986,2024-05-16 00:00:00,completed,referral,credit_card
3003,2117,2024-07-02 09:33:16,completed,direct,credit_card
3004,3881,2024-01-03 00:00:00,completed,organic_search,credit_card
3005,3045,2025-08-15 00:00:00,completed,referral,credit_card
3006,4969,2025-08-25 00:00:00,cancelled,email,paypal
3007,6686,2025-03-25 00:00:00,completed,organic_search,debit_card
3008,4429,2024-06-28 00:00:00,completed,direct,credit_card
3009,601,2024-04-12 00:00:00,completed,organic_search,paypal
3010,180,2024-01-27 00:00:00,completed,email,bank_transfer
3011,2012,2024-03-07 00:00:00,completed,email,paypal
3012,3922,2025-11-20 00:52:19,completed,email,bank_transfer
3013,436,2024-09-12 00:00:00,completed,social_media,debit_card
3014,3027,2024-11-30 00:00:00,returned,social_media,paypal
3015,8203,2024-04-05 00:00:00,cancelled,paid_search,debit_card
3016,880,2024-08-26 00:00:00,completed,social_media,paypal
3017,8754,2025-03-28 00:00:00,completed,email,debit_card
3018,7924,2025-05-29 00:00:00,returned,paid_search,paypal
3019,7696,2024-09-16 00:00:00,cancelled,social_media,paypal
3020,7988,2024-03-15 00:00:00,cancelled,organic_search,paypal
3021,776,2024-12-18 00:00:00,completed,social_media,debit_card
3022,1453,2024-09-06 00:00:00,completed,social_media,debit_card
3023,1303,2024-08-24 21:52:35,completed,email,credit_card
3024,1090,2025-12-17 00:00:00,completed,email,credit_card
3025,3027,2025-06-04 00:00:00,completed,social_media,bank_transfer
3026,7679,2025-04-24 00:00:00,completed,referral,bank_transfer
3027,2370,2024-12-30 00:00:00,completed,social_media,debit_card
3028,2299,2025-10-01 00:00:00,completed,email,debit_card
3029,6253,2025-04-13 00:00:00,completed,social_media,debit_card
3030,951,2025-07-31 00:00:00,completed,organic_search,bank_transfer
3031,3320,2025-08-04 16:08:23,completed,email,debit_card
3032,2754,2024-07-09 00:00:00,cancelled,social_media,debit_card
3033,7833,2025-03-13 00:00:00,completed,direct,credit_card
3034,4762,2024-12-28 00:00:00,completed,social_media,credit_card
3035,5971,2025-12-11 00:00:00,completed,direct,paypal
3036,1250,2025-06-15 07:03:10,completed,referral,bank_transfer
3037,8591,2025-06-04 00:00:00,completed,organic_search,bank_transfer
3038,2994,2024-05-14 00:00:00,completed,paid_search,debit_card
3039,6536,2025-05-28 00:00:00,completed,organic_search,paypal
3040,8809,2024-05-16 00:00:00,completed,paid_search,credit_card
3041,4709,2024-11-20 00:00:00,cancelled,organic_search,bank_transfer
3042,4699,2024-10-06 00:00:00,completed,social_media,debit_card
3043,1144,2025-07-28 01:49:46,completed,referral,bank_transfer
3044,3597,2024-11-08 00:00:00,completed,paid_search,credit_card
3045,7881,2024-12-19 00:00:00,completed,social_media,credit_card
3046,1310,2025-11-22 10:12:15,completed,email,debit_card
3047,8488,2024-08-10 00:00:00,completed,organic_search,debit_card
3048,6175,2025-03-19 11:00:48,completed,organic_search,credit_card
3049,3886,2025-01-01 03:22:09,completed,direct,bank_transfer
3050,5045,2024-01-26 00:00:00,completed,referral,credit_card
3051,1445,2025-02-10 00:00:00,completed,paid_search,bank_transfer
3052,2052,2024-03-28 08:14:25,completed,social_media,paypal
3053,2684,2025-02-20 00:00:00,cancelled,social_media,paypal
3054,3551,2025-04-26 00:00:00,completed,direct,paypal
3055,8466,2025-06-13 00:00:00,completed,paid_search,bank_transfer
3056,3386,2025-07-26 00:00:00,completed,social_media,debit_card
3057,4848,2024-09-22 19:18:49,completed,email,debit_card
3058,1540,2024-01-15 05:16:22,completed,social_media,debit_card
3059,6805,2025-08-19 00:00:00,completed,social_media,debit_card
3060,5173,2025-04-09 00:00:00,completed,direct,credit_card
3061,4052,2025-10-27 00:00:00,completed,organic_search,paypal
3062,8742,2025-10-19 10:25:25,completed,organic_search,credit_card
3063,8235,2025-11-01 00:00:00,cancelled,organic_search,bank_transfer
3064,6110,2025-03-02 03:09:20,completed,referral,bank_transfer
3065,8528,2024-11-18 00:00:00,completed,email,debit_card
3066,5216,2025-10-01 00:00:00,completed,direct,bank_transfer
3067,7646,2025-01-31 00:00:00,completed,referral,credit_card
3068,3767,2024-07-20 00:00:00,completed,social_media,paypal
3069,847,2025-11-05 00:00:00,completed,paid_search,paypal
3070,-1,2025-11-17 21:18:07,returned,social_media,bank_transfer
3071,1572,2025-02-14 00:00:00,completed,direct,bank_transfer
3072,2366,2024-04-04 00:00:00,completed,referral,credit_card
3073,1548,2024-12-17 00:00:00,completed,social_media,credit_card
3074,3116,2025-10-08 09:35:15,completed,referral,bank_transfer
3075,2711,2025-11-25 00:00:00,completed,paid_search,credit_card
3076,5543,2024-09-08 00:00:00,completed,paid_search,bank_transfer
3077,-1,2024-03-25 21:04:26,completed,direct,bank_transfer
3078,513,2025-11-15 00:00:00,completed,organic_search,paypal
3079,7189,2024-12-17 00:00:00,completed,referral,bank_transfer
3080,1242,2025-04-13 00:00:00,completed,direct,debit_card
3081,202,2025-12-20 00:00:00,completed,referral,debit_card
3082,5887,2024-03-25 00:00:00,completed,social_media,bank_transfer
3083,8077,2025-06-27 00:00:00,completed,organic_search,paypal
3084,1668,2024-04-02 09:09:36,completed,paid_search,paypal
3085,3158,2024-12-10 00:00:00,completed,social_media,credit_card
3086,1599,2025-10-08 00:00:00,completed,paid_search,paypal
3087,8389,2025-01-15 00:00:00,completed,referral,credit_card
3088,2541,2025-12-30 00:00:00,completed,social_media,paypal
3089,4102,2025-04-25 00:00:00,completed,referral,bank_transfer
3090,8273,2024-11-11 00:00:00,completed,referral,paypal
3091,5101,2024-08-24 00:00:00,completed,social_media,paypal
3092,8613,2024-11-28 00:00:00,completed,social_media,credit_card
3093,8573,2024-09-12 00:00:00,completed,social_media,debit_card
3094,4261,2024-03-27 00:00:00,completed,social_media,debit_card
3095,5364,2024-08-12 00:00:00,completed,social_media,bank_transfer
3096,2166,2025-12-02 00:00:00,completed,social_media,debit_card
3097,-1,2025-08-18 00:00:00,completed,direct,paypal
3098,2613,2025-07-03 14:19:20,completed,email,paypal
3099,7238,2025-08-09 16:38:41,completed,email,debit_card
3100,2900,2024-12-01 00:00:00,completed,referral,bank_transfer
3101,2900,2024-08-22 00:00:00,completed,paid_search,debit_card
3102,1019,2025-06-07 00:00:00,returned,paid_search,credit_card
3103,5173,2025-03-01 00:00:00,completed,organic_search,credit_card
3104,2302,2024-08-01 00:00:00,cancelled,paid_search,debit_card
3105,1422,2025-10-09 00:00:00,cancelled,social_media,paypal
3106,2133,2025-09-20 00:00:00,completed,social_media,credit_card
3107,2360,2025-04-18 07:00:26,completed,direct,credit_card
3108,4661,2024-03-25 00:00:00,completed,social_media,bank_transfer
3109,3556,2025-09-16 00:27:14,cancelled,paid_search,debit_card
3110,740,2025-12-05 00:00:00,completed,social_media,debit_card
3111,4948,2025-09-25 00:00:00,cancelled,organic_search,bank_transfer
3112,7288,2025-09-06 00:00:00,completed,direct,credit_card
3113,5308,2025-08-10 00:00:00,completed,organic_search,bank_transfer
3114,8988,2025-03-27 00:00:00,cancelled,referral,bank_transfer
3115,974,2024-06-07 00:00:00,completed,organic_search,credit_card
3116,7602,2025-07-13 06:19:04,completed,organic_search,bank_transfer
3117,4679,2025-07-06 00:00:00,completed,social_media,credit_card
3118,4824,2025-08-31 00:00:00,completed,referral,debit_card
3119,4807,2024-07-07 00:00:00,completed,referral,bank_transfer
3120,3014,2024-01-08 00:00:00,completed,direct,paypal
3121,3007,2025-11-20 00:00:00,completed,organic_search,credit_card
3122,5826,2025-09-05 02:56:45,completed,social_media,debit_card
3123,434,2025-11-27 06:13:36,completed,referral,debit_card
3124,5416,2025-09-11 00:00:00,completed,direct,bank_transfer
3125,6695,2025-05-22 10:24:47,completed,referral,paypal
3126,3284,2025-07-01 00:47:50,completed,organic_search,credit_card
3127,2051,2025-11-20 01:19:18,completed,email,paypal
3128,2014,2025-05-09 10:45:36,completed,email,debit_card
3129,796,2025-06-15 21:26:35,completed,organic_search,debit_card
3130,875,2024-06-23 18:05:38,completed,direct,debit_card
3131,1585,2025-02-20 13:57:30,completed,organic_search,paypal
3132,196,2025-08-14 00:00:00,completed,social_media,bank_transfer
3133,2506,2024-07-10 00:00:00,completed,paid_search,debit_card
3134,2860,2024-08-08 00:00:00,completed,direct,bank_transfer
3135,-1,2024-07-11 00:00:00,completed,direct,paypal
3136,-1,2024-09-12 10:17:19,completed,direct,credit_card
3137,1776,2024-08-19 00:00:00,completed,referral,paypal
3138,2011,2025-01-07 00:00:00,completed,paid_search,debit_card
3139,4545,2025-11-27 00:00:00,completed,referral,debit_card
3140,1425,2025-03-19 00:00:00,completed,paid_search,bank_transfer
3141,4660,2024-07-25 00:00:00,completed,direct,bank_transfer
3142,3669,2024-05-04 00:00:00,completed,organic_search,paypal
3143,3008,2025-07-31 00:00:00,completed,social_media,credit_card
3144,7611,2024-12-14 00:00:00,completed,social_media,credit_card
3145,7656,2025-10-19 00:00:00,completed,email,bank_transfer
3146,-1,2025-07-05 00:00:00,cancelled,organic_search,bank_transfer
3147,2097,2025-10-04 00:00:00,completed,email,credit_card
3148,8215,2024-10-08 00:00:00,completed,direct,credit_card
3149,4968,2025-07-28 00:00:00,completed,organic_search,debit_card
3150,5445,2024-10-02 00:00:00,completed,email,credit_card
3151,8288,2025-12-09 00:00:00,completed,referral,credit_card
3152,8697,2025-06-18 00:00:00,completed,email,bank_transfer
3153,6718,2024-11-13 00:00:00,cancelled,organic_search,paypal
3154,3208,2024-10-06 00:00:00,completed,paid_search,credit_card
3155,4521,2024-07-28 07:13:58,completed,organic_search,credit_card
3156,5669,2025-07-30 00:00:00,completed,email,debit_card
3157,7664,2024-08-23 00:00:00,completed,referral,paypal
3158,6095,2025-05-21 00:00:00,completed,social_media,credit_card
3159,3366,2024-02-10 00:00:00,completed,organic_search,paypal
3160,3853,2025-06-07 00:00:00,completed,paid_search,paypal
3161,492,2025-10-15 00:00:00,completed,email,paypal
3162,8551,2025-09-23 00:00:00,completed,referral,paypal
3163,861,2025-12-09 00:00:00,completed,social_media,bank_transfer
3164,5356,2024-07-25 00:00:00,completed,social_media,debit_card
3165,8058,2024-04-17 00:00:00,returned,direct,credit_card
3166,3885,2025-08-02 09:06:43,completed,organic_search,credit_card
3167,7414,2024-07-12 00:00:00,completed,email,credit_card
3168,7453,2025-01-14 06:32:25,completed,organic_search,credit_card
3169,588,2024-02-12 00:00:00,completed,social_media,credit_card
3170,3791,2024-09-28 21:14:48,cancelled,social_media,paypal
3171,6413,2024-02-15 00:00:00,completed,referral,credit_card
3172,3900,2025-11-15 14:57:46,cancelled,paid_search,credit_card
3173,5032,2024-09-14 00:00:00,completed,organic_search,credit_card
3174,5474,2025-04-24 00:00:00,completed,organic_search,bank_transfer
3175,1453,2024-02-22 00:00:00,completed,referral,paypal
3176,3790,2025-10-07 00:00:00,completed,organic_search,credit_card
3177,288,2024-11-12 00:00:00,completed,direct,debit_card
3178,1435,2025-11-23 23:02:26,completed,social_media,credit_card
3179,4739,2025-11-19 00:00:00,completed,referral,paypal
3180,5305,2024-11-14 23:32:46,completed,social_media,debit_card
3181,1402,2025-11-24 00:00:00,completed,referral,bank_transfer
3182,6985,2025-12-30 00:00:00,completed,paid_search,bank_transfer
3183,3438,2025-10-21 00:00:00,completed,direct,credit_card
3184,8519,2025-11-01 00:00:00,completed,direct,paypal
3185,3572,2024-09-19 00:00:00,completed,direct,bank_transfer
3186,1436,2025-05-08 00:00:00,completed,organic_search,paypal
3187,7000,2024-03-26 12:39:48,completed,direct,bank_transfer
3188,5247,2024-04-23 00:00:00,completed,direct,credit_card
3189,3560,2025-12-31 00:00:00,completed,referral,bank_transfer
3190,3284,2024-11-15 00:00:00,completed,organic_search,bank_transfer
3191,1447,2025-04-09 00:00:00,completed,organic_search,debit_card
3192,3149,2025-10-10 00:00:00,completed,direct,bank_transfer
3193,293,2025-11-07 00:00:00,completed,paid_search,credit_card
3194,4644,2025-12-31 00:00:00,completed,social_media,paypal
3195,8293,2024-12-09 00:00:00,completed,organic_search,credit_card
3196,7367,2024-02-24 04:59:37,completed,direct,paypal
3197,288,2024-12-28 00:00:00,completed,referral,paypal
3198,8150,2024-05-28 04:01:05,completed,organic_search,bank_transfer
3199,4176,2024-02-01 21:02:41,completed,direct,bank_transfer
3200,1813,2024-12-03 04:37:20,completed,email,paypal
3201,6956,2025-09-26 00:00:00,returned,email,paypal
3202,2997,2025-04-30 00:00:00,completed,paid_search,bank_transfer
3203,2380,2024-07-11 00:00:00,completed,organic_search,bank_transfer
3204,1533,2025-01-07 00:00:00,completed,email,debit_card
3205,4491,2024-09-04 00:00:00,completed,organic_search,bank_transfer
3206,914,2024-01-21 00:00:00,completed,email,debit_card
3207,7264,2025-09-14 08:12:33,completed,social_media,paypal
3208,4350,2025-06-09 00:00:00,completed,social_media,paypal
3209,4129,2025-09-13 00:00:00,completed,direct,credit_card
3210,18,2024-02-22 00:00:00,returned,paid_search,paypal
3211,7573,2025-10-28 00:00:00,returned,referral,debit_card
3212,4553,2025-06-06 00:00:00,completed,email,paypal
3213,4052,2025-04-28 00:00:00,cancelled,referral,debit_card
3214,7034,2025-10-06 00:00:00,completed,organic_search,bank_transfer
3215,611,2025-11-09 00:00:00,completed,referral,credit_card
3216,3377,2025-05-15 00:00:00,completed,organic_search,debit_card
3217,5323,2025-05-11 00:00:00,completed,paid_search,debit_card
3218,4250,2025-12-28 01:00:58,completed,organic_search,bank_transfer
3219,1719,2025-09-09 00:00:00,completed,direct,credit_card
3220,2791,2025-01-23 00:00:00,completed,social_media,bank_transfer
3221,2801,2025-08-08 00:00:00,completed,social_media,debit_card
3222,-1,2024-12-17 00:00:00,cancelled,email,credit_card
3223,3019,2024-09-01 00:00:00,completed,organic_search,credit_card
3224,1940,2025-05-22 00:00:00,cancelled,direct,credit_card
3225,7611,2025-05-12 00:00:00,completed,paid_search,debit_card
3226,3887,2025-06-12 00:00:00,completed,organic_search,debit_card
3227,4094,2024-11-23 00:00:00,completed,social_media,bank_transfer
3228,5063,2025-03-04 00:00:00,completed,referral,debit_card
3229,5489,2024-08-17 00:00:00,completed,direct,bank_transfer
3230,5435,2025-12-30 00:00:00,completed,organic_search,bank_transfer
3231,343,2025-12-25 00:00:00,completed,referral,bank_transfer
3232,7583,2025-06-28 00:00:00,completed,email,paypal
3233,1854,2025-10-09 21:06:38,completed,referral,bank_transfer
3234,2736,2025-08-13 00:00:00,completed,email,credit_card
3235,1646,2025-05-19 11:05:06,completed,referral,bank_transfer
3236,7081,2024-03-10 20:19:58,cancelled,direct,paypal
3237,5368,2025-02-03 20:15:40,completed,direct,credit_card
3238,6981,2025-07-16 00:00:00,completed,email,paypal
3239,6047,2025-07-18 00:00:00,completed,referral,bank_transfer
3240,1022,2024-12-09 00:00:00,cancelled,organic_search,credit_card
3241,2812,2025-12-10 07:42:54,returned,paid_search,debit_card
3242,4696,2024-04-07 00:00:00,completed,email,paypal
3243,2846,2025-03-13 00:00:00,completed,organic_search,credit_card
3244,1959,2025-07-27 00:00:00,completed,social_media,credit_card
3245,8045,2025-08-01 11:49:46,completed,paid_search,debit_card
3246,6911,2025-06-27 00:00:00,completed,paid_search,bank_transfer
3247,3189,2024-10-11 16:23:09,completed,paid_search,paypal
3248,7060,2024-06-23 00:00:00,completed,paid_search,debit_card
3249,5788,2025-06-18 00:00:00,completed,social_media,bank_transfer
3250,37,2025-05-23 00:00:00,completed,organic_search,debit_card
3251,-1,2024-07-16 00:00:00,completed,paid_search,paypal
3252,2721,2025-08-06 00:00:00,completed,social_media,paypal
3253,2058,2025-04-02 00:00:00,completed,direct,paypal
3254,2367,2025-07-11 04:31:58,completed,direct,credit_card
3255,8693,2025-10-28 14:40:10,completed,direct,bank_transfer
3256,4488,2024-07-07 00:00:00,completed,social_media,debit_card
3257,7837,2024-01-27 10:30:20,completed,organic_search,paypal
3258,2022,2025-09-23 00:00:00,completed,organic_search,bank_transfer
3259,1651,2025-05-30 00:00:00,completed,referral,debit_card
3260,8219,2025-08-02 05:44:21,completed,email,paypal
3261,4579,2025-10-28 00:00:00,completed,social_media,bank_transfer
3262,8278,2025-08-10 00:00:00,completed,direct,credit_card
3263,612,2025-12-17 00:00:00,completed,social_media,bank_transfer
3264,8477,2025-04-09 00:00:00,completed,email,bank_transfer
3265,3826,2025-04-03 00:00:00,returned,organic_search,bank_transfer
3266,1496,2024-12-23 00:00:00,completed,email,bank_transfer
3267,6332,2024-06-21 07:24:04,returned,email,credit_card
3268,7383,2025-05-05 14:41:59,completed,paid_search,bank_transfer
3269,462,2024-10-12 00:00:00,completed,referral,debit_card
3270,-1,2025-03-12 00:00:00,completed,direct,bank_transfer
3271,6451,2025-05-12 00:00:00,completed,referral,paypal
3272,2981,2025-05-19 00:00:00,completed,social_media,credit_card
3273,1454,2024-11-30 21:00:04,completed,paid_search,credit_card
3274,3611,2024-03-09 00:00:00,completed,direct,bank_transfer
3275,2072,2024-02-13 00:00:00,returned,email,paypal
3276,4566,2025-05-01 00:00:00,completed,social_media,paypal
3277,7224,2024-04-13 00:00:00,cancelled,email,debit_card
3278,-1,2025-05-28 00:00:00,completed,organic_search,credit_card
3279,4021,2025-11-16 00:00:00,returned,organic_search,paypal
3280,1163,2025-11-17 02:46:42,completed,paid_search,credit_card
3281,8835,2025-05-07 00:00:00,completed,paid_search,paypal
3282,2541,2024-08-16 00:00:00,completed,social_media,bank_transfer
3283,2609,2025-11-09 00:00:00,returned,paid_search,credit_card
3284,5959,2025-11-18 00:00:00,completed,organic_search,debit_card
3285,7117,2024-02-08 00:00:00,completed,referral,bank_transfer
3286,-1,2025-08-28 00:00:00,completed,direct,credit_card
3287,8946,2024-10-20 00:00:00,completed,referral,bank_transfer
3288,8463,2025-10-08 00:00:00,completed,social_media,paypal
3289,4017,2025-12-30 00:00:00,completed,referral,bank_transfer
3290,1584,2024-02-11 14:37:14,completed,paid_search,debit_card
3291,5371,2025-11-23 00:00:00,completed,direct,credit_card
3292,177,2025-06-09 01:32:45,completed,direct,credit_card
3293,1863,2025-12-22 00:00:00,completed,referral,paypal
3294,25,2025-12-02 00:00:00,completed,social_media,bank_transfer
3295,1709,2025-02-11 00:00:00,completed,referral,paypal
3296,4385,2024-03-20 00:00:00,completed,paid_search,paypal
3297,3620,2024-11-19 00:00:00,completed,organic_search,bank_transfer
3298,3403,2024-03-25 08:04:20,completed,social_media,bank_transfer
3299,7686,2025-12-22 11:33:53,completed,paid_search,paypal
3300,6247,2025-10-16 19:52:01,completed,social_media,credit_card
3301,8641,2025-04-11 00:00:00,completed,social_media,bank_transfer
3302,4109,2025-09-12 00:00:00,completed,organic_search,credit_card
3303,2552,2024-04-13 00:00:00,returned,social_media,debit_card
3304,-1,2024-12-15 00:00:00,cancelled,direct,bank_transfer
3305,6219,2024-03-30 01:01:08,completed,direct,credit_card
3306,7784,2024-08-16 00:00:00,completed,direct,paypal
3307,1745,2024-09-02 00:00:00,completed,direct,bank_transfer
3308,8129,2025-02-16 00:00:00,returned,email,bank_transfer
3309,4871,2024-10-05 23:37:38,completed,paid_search,bank_transfer
3310,1380,2024-04-29 00:00:00,completed,email,paypal
3311,5935,2024-04-07 00:00:00,returned,paid_search,bank_transfer
3312,4814,2024-06-14 00:00:00,completed,referral,credit_card
3313,284,2025-12-22 07:28:41,completed,social_media,paypal
3314,3667,2025-09-11 00:00:00,completed,referral,credit_card
3315,7255,2025-12-20 00:00:00,completed,organic_search,paypal
3316,5128,2025-01-20 00:00:00,completed,direct,paypal
3317,2650,2024-10-13 00:00:00,cancelled,organic_search,bank_transfer
3318,8590,2025-10-05 00:00:00,cancelled,social_media,debit_card
3319,2236,2024-11-14 00:00:00,completed,direct,paypal
3320,2375,2024-10-30 00:00:00,completed,email,paypal
3321,3270,2024-05-09 00:00:00,cancelled,email,bank_transfer
3322,8271,2024-05-28 00:00:00,cancelled,direct,credit_card
3323,4700,2024-09-25 00:00:00,completed,organic_search,debit_card
3324,6318,2024-11-30 19:55:08,completed,social_media,paypal
3325,-1,2025-07-15 00:00:00,completed,paid_search,bank_transfer
3326,7238,2024-03-21 00:00:00,completed,email,bank_transfer
3327,1637,2024-08-15 11:52:12,completed,referral,bank_transfer
3328,7296,2025-11-10 00:00:00,completed,referral,paypal
3329,6917,2024-06-14 00:00:00,completed,referral,paypal
3330,2189,2024-11-23 00:00:00,completed,social_media,paypal
3331,3014,2025-09-11 00:00:00,completed,organic_search,credit_card
3332,6569,2024-06-22 00:00:00,completed,email,bank_transfer
3333,2243,2024-11-04 00:00:00,completed,paid_search,debit_card
3334,1969,2025-01-03 00:00:00,completed,referral,paypal
3335,6513,2024-01-11 00:00:00,returned,referral,credit_card
3336,8143,2025-04-28 00:00:00,completed,direct,paypal
3337,736,2025-10-08 00:00:00,completed,social_media,paypal
3338,4116,2024-06-04 22:59:42,completed,email,debit_card
3339,5598,2025-05-10 12:02:02,completed,social_media,credit_card
3340,6255,2025-03-17 00:00:00,completed,referral,credit_card
3341,-1,2024-06-11 00:00:00,completed,direct,paypal
3342,6325,2025-10-06 00:00:00,completed,paid_search,paypal
3343,5714,2024-09-10 00:00:00,completed,social_media,bank_transfer
3344,-1,2025-04-03 00:00:00,returned,paid_search,bank_transfer
3345,597,2024-04-11 00:00:00,completed,paid_search,bank_transfer
3346,729,2025-02-08 00:00:00,completed,paid_search,credit_card
3347,5176,2024-11-03 00:00:00,cancelled,organic_search,paypal
3348,3304,2025-10-19 11:02:47,completed,email,debit_card
3349,948,2024-03-14 00:00:00,completed,referral,debit_card
3350,2860,2025-01-01 00:00:00,completed,paid_search,credit_card
3351,6242,2025-02-07 00:00:00,completed,referral,credit_card
3352,8143,2025-08-20 00:00:00,completed,direct,bank_transfer
3353,925,2025-05-06 01:34:38,completed,organic_search,bank_transfer
3354,4990,2025-07-10 00:00:00,completed,email,bank_transfer
3355,2761,2025-09-22 00:00:00,completed,direct,bank_transfer
3356,6175,2025-11-08 06:03:00,cancelled,direct,debit_card
3357,5065,2024-11-07 00:00:00,completed,organic_search,bank_transfer
3358,8575,2025-11-04 00:00:00,completed,social_media,debit_card
3359,371,2025-10-30 00:00:00,completed,organic_search,bank_transfer
3360,4343,2025-12-28 00:00:00,completed,paid_search,credit_card
3361,1830,2025-11-20 11:43:22,completed,organic_search,credit_card
3362,4955,2024-12-08 00:00:00,completed,direct,paypal
3363,7892,2024-08-01 00:00:00,completed,paid_search,bank_transfer
3364,8444,2025-03-05 11:18:50,completed,referral,credit_card
3365,3658,2025-08-31 00:00:00,completed,organic_search,debit_card
3366,7511,2025-03-08 08:37:31,completed,organic_search,bank_transfer
3367,2637,2025-02-28 00:00:00,completed,email,credit_card
3368,61,2025-10-28 00:00:00,completed,referral,credit_card
3369,7910,2024-03-12 00:00:00,completed,paid_search,bank_transfer
3370,1168,2025-07-11 00:00:00,completed,paid_search,credit_card
3371,180,2024-12-26 00:00:00,completed,direct,paypal
3372,3262,2024-11-15 00:00:00,completed,email,bank_transfer
3373,3500,2025-02-02 00:00:00,completed,paid_search,debit_card
3374,752,2025-09-13 00:00:00,completed,social_media,bank_transfer
3375,7537,2024-05-24 00:00:00,completed,paid_search,bank_transfer
3376,3729,2024-02-08 00:00:00,returned,paid_search,bank_transfer
3377,4524,2025-12-14 07:36:24,completed,email,credit_card
3378,2492,2024-07-13 00:00:00,completed,paid_search,debit_card
3379,4732,2025-01-05 00:00:00,completed,direct,paypal
3380,7078,2025-10-05 00:00:00,completed,direct,bank_transfer
3381,8386,2025-03-05 05:05:54,completed,social_media,debit_card
3382,8956,2025-06-24 13:32:57,completed,organic_search,bank_transfer
3383,3938,2024-09-02 00:00:00,cancelled,social_media,debit_card
3384,-1,2025-04-21 06:05:01,completed,email,bank_transfer
3385,2750,2024-09-12 00:00:00,completed,direct,bank_transfer
3386,67,2025-06-07 00:00:00,completed,paid_search,paypal
3387,7087,2024-08-06 00:00:00,completed,referral,paypal
3388,1688,2025-04-05 00:00:00,completed,email,credit_card
3389,512,2024-07-22 00:00:00,completed,social_media,bank_transfer
3390,8549,2024-10-13 00:00:00,cancelled,direct,bank_transfer
3391,7332,2024-08-23 00:00:00,completed,organic_search,debit_card
3392,1010,2024-07-20 00:00:00,completed,referral,debit_card
3393,7177,2025-10-21 00:00:00,completed,direct,paypal
3394,7802,2024-10-19 00:00:00,completed,paid_search,bank_transfer
3395,8378,2025-12-05 00:00:00,completed,email,paypal
3396,5023,2025-12-20 00:00:00,completed,direct,bank_transfer
3397,6512,2025-04-05 00:00:00,completed,referral,bank_transfer
3398,7042,2024-06-10 03:02:13,completed,organic_search,bank_transfer
3399,-1,2024-12-10 00:00:00,completed,email,bank_transfer
3400,5974,2025-10-05 12:11:38,completed,email,paypal
3401,5052,2024-12-07 00:00:00,completed,direct,credit_card
3402,4428,2024-04-15 00:00:00,completed,referral,bank_transfer
3403,-1,2025-04-24 00:00:00,completed,paid_search,paypal
3404,3117,2025-11-01 00:00:00,completed,paid_search,credit_card
3405,864,2025-04-10 00:00:00,completed,social_media,bank_transfer
3406,7060,2024-12-07 00:00:00,cancelled,organic_search,debit_card
3407,2017,2025-07-14 00:00:00,completed,organic_search,credit_card
3408,4922,2024-08-25 00:00:00,completed,direct,credit_card
3409,938,2024-08-23 00:00:00,cancelled,organic_search,paypal
3410,5707,2025-11-13 00:00:00,cancelled,email,debit_card
3411,8713,2024-09-19 00:00:00,completed,referral,bank_transfer
3412,6674,2024-10-01 00:00:00,completed,referral,paypal
3413,2026,2024-01-01 00:00:00,completed,paid_search,credit_card
3414,8959,2025-12-11 00:00:00,returned,social_media,credit_card
3415,2868,2025-02-10 00:00:00,completed,direct,bank_transfer
3416,4025,2025-06-12 00:00:00,cancelled,direct,credit_card
3417,4598,2025-09-05 23:16:57,cancelled,organic_search,bank_transfer
3418,-1,2024-06-19 00:00:00,cancelled,social_media,credit_card
3419,674,2025-06-02 00:00:00,completed,paid_search,debit_card
3420,6447,2024-11-28 00:00:00,completed,direct,credit_card
3421,3338,2024-04-22 00:00:00,completed,referral,credit_card
3422,760,2025-03-02 00:00:00,completed,referral,paypal
3423,8626,2025-02-12 00:00:00,completed,referral,paypal
3424,5427,2024-02-24 00:00:00,completed,email,paypal
3425,6964,2024-10-23 00:00:00,completed,email,credit_card
3426,2261,2024-08-13 00:00:00,completed,referral,bank_transfer
3427,7035,2024-09-09 09:50:55,completed,email,debit_card
3428,7662,2025-11-28 00:00:00,cancelled,referral,paypal
3429,3977,2025-02-15 00:00:00,completed,organic_search,bank_transfer
3430,5289,2025-02-13 00:00:00,completed,organic_search,debit_card
3431,8964,2025-12-09 00:00:00,completed,paid_search,credit_card
3432,7830,2024-06-22 00:00:00,completed,social_media,paypal
3433,4104,2025-03-03 00:00:00,cancelled,referral,credit_card
3434,6157,2025-11-01 00:00:00,completed,paid_search,credit_card
3435,7248,2025-05-22 00:37:01,completed,referral,paypal
3436,248,2025-12-31 00:00:00,completed,organic_search,credit_card
3437,5410,2025-09-17 00:00:00,completed,email,bank_transfer
3438,-1,2024-12-21 00:00:00,completed,referral,debit_card
3439,8742,2025-10-22 00:00:00,completed,email,paypal
3440,7704,2024-08-07 00:00:00,completed,direct,credit_card
3441,1038,2024-11-02 00:00:00,completed,organic_search,debit_card
3442,-1,2024-08-10 00:00:00,completed,email,debit_card
3443,5620,2024-11-22 00:00:00,cancelled,email,credit_card
3444,2095,2025-03-21 00:00:00,completed,social_media,paypal
3445,6240,2025-06-03 00:00:00,completed,email,credit_card
3446,7921,2025-11-28 09:10:43,completed,social_media,credit_card
3447,1102,2025-03-21 00:00:00,completed,referral,bank_transfer
3448,8477,2025-03-14 00:00:00,completed,email,debit_card
3449,8515,2024-07-03 00:00:00,completed,organic_search,bank_transfer
3450,137,2024-02-17 00:00:00,completed,email,paypal
3451,8334,2025-04-20 00:00:00,completed,social_media,debit_card
3452,8739,2025-01-19 00:00:00,completed,direct,bank_transfer
3453,371,2025-10-29 14:41:18,cancelled,social_media,credit_card
3454,2748,2024-06-28 00:00:00,completed,direct,paypal
3455,3439,2024-02-04 00:00:00,completed,paid_search,paypal
3456,3219,2025-01-29 00:00:00,completed,paid_search,credit_card
3457,7007,2024-09-09 00:00:00,cancelled,direct,credit_card
3458,3297,2024-03-06 00:00:00,completed,organic_search,credit_card
3459,8828,2025-08-19 06:57:10,completed,social_media,bank_transfer
3460,-1,2024-10-05 00:00:00,completed,email,paypal
3461,2939,2025-05-30 00:00:00,completed,direct,debit_card
3462,-1,2024-10-15 00:00:00,completed,direct,debit_card
3463,5147,2024-07-10 05:17:19,completed,direct,debit_card
3464,5356,2024-12-13 00:00:00,completed,referral,credit_card
3465,3451,2025-10-07 00:00:00,completed,paid_search,bank_transfer
3466,1576,2024-12-19 00:00:00,completed,referral,bank_transfer
3467,535,2025-09-06 03:29:43,completed,direct,debit_card
3468,1039,2024-05-24 00:00:00,completed,organic_search,bank_transfer
3469,8345,2025-09-20 00:00:00,completed,social_media,debit_card
3470,2636,2024-08-09 00:00:00,completed,paid_search,bank_transfer
3471,749,2025-07-18 00:00:00,completed,paid_search,paypal
3472,5745,2025-04-30 00:00:00,completed,direct,credit_card
3473,738,2025-12-06 00:00:00,completed,direct,credit_card
3474,686,2024-12-16 00:00:00,completed,direct,debit_card
3475,5727,2024-03-24 00:00:00,completed,referral,bank_transfer
3476,5444,2024-01-27 00:00:00,completed,email,debit_card
3477,410,2025-10-22 00:00:00,completed,referral,paypal
3478,4249,2025-04-01 00:00:00,completed,email,bank_transfer
3479,4020,2025-09-21 00:00:00,completed,paid_search,bank_transfer
3480,5047,2024-09-06 05:47:26,completed,organic_search,credit_card
3481,6826,2024-11-25 00:00:00,returned,email,credit_card
3482,2657,2024-02-11 18:21:47,completed,social_media,debit_card
3483,3995,2025-12-17 13:59:14,completed,organic_search,paypal
3484,7340,2025-11-07 00:00:00,completed,email,credit_card
3485,8535,2025-07-12 00:00:00,completed,email,debit_card
3486,8242,2024-10-03 00:00:00,completed,referral,paypal
3487,4410,2025-06-01 00:00:00,completed,paid_search,debit_card
3488,4821,2025-07-19 00:00:00,completed,direct,paypal
3489,4896,2024-09-11 00:00:00,completed,social_media,credit_card
3490,8039,2025-11-02 00:00:00,completed,email,debit_card
3491,7768,2025-12-12 13:09:57,completed,social_media,debit_card
3492,2892,2025-11-18 13:42:02,completed,email,paypal
3493,1546,2025-08-29 01:25:51,completed,email,bank_transfer
3494,3498,2024-10-12 00:00:00,completed,social_media,debit_card
3495,2702,2024-10-16 00:00:00,completed,direct,credit_card
3496,8776,2025-12-18 00:00:00,completed,paid_search,credit_card
3497,2503,2024-01-15 22:20:29,completed,organic_search,credit_card
3498,1714,2025-08-14 00:00:00,completed,direct,debit_card
3499,8327,2025-08-07 00:00:00,completed,paid_search,bank_transfer
3500,844,2025-06-09 00:00:00,completed,paid_search,bank_transfer
3501,2445,2025-12-28 00:00:00,completed,referral,credit_card
3502,4044,2024-11-06 00:00:00,completed,email,paypal
3503,5482,2024-11-22 00:00:00,completed,email,debit_card
3504,3026,2024-07-04 00:00:00,completed,referral,bank_transfer
3505,4580,2025-01-23 11:49:45,completed,organic_search,debit_card
3506,1890,2024-09-29 00:00:00,completed,paid_search,paypal
3507,5308,2024-11-24 00:00:00,completed,social_media,bank_transfer
3508,3754,2025-10-26 05:06:48,completed,organic_search,paypal
3509,7850,2025-08-12 00:00:00,completed,paid_search,paypal
3510,3829,2024-07-23 00:00:00,completed,referral,credit_card
3511,4094,2024-12-09 00:00:00,cancelled,referral,paypal
3512,5454,2025-05-12 00:00:00,cancelled,referral,paypal
3513,1195,2024-03-20 00:00:00,completed,referral,paypal
3514,1496,2024-04-21 00:00:00,cancelled,paid_search,bank_transfer
3515,7314,2024-06-30 10:20:06,completed,email,debit_card
3516,2565,2025-05-20 00:00:00,completed,email,bank_transfer
3517,6348,2024-06-17 00:00:00,completed,paid_search,credit_card
3518,956,2025-12-20 00:00:00,cancelled,direct,paypal
3519,7607,2025-01-27 00:00:00,cancelled,direct,paypal
3520,-1,2025-03-14 00:00:00,cancelled,organic_search,bank_transfer
3521,3445,2024-09-17 00:00:00,completed,direct,debit_card
3522,4677,2025-02-17 00:00:00,completed,direct,paypal
3523,4081,2025-06-07 00:00:00,completed,referral,debit_card
3524,8268,2025-06-09 00:00:00,cancelled,referral,paypal
3525,97,2025-07-09 00:00:00,completed,organic_search,paypal
3526,6048,2025-05-09 00:00:00,completed,referral,debit_card
3527,6037,2025-11-26 00:00:00,cancelled,referral,credit_card
3528,3528,2025-10-16 00:00:00,completed,organic_search,bank_transfer
3529,2061,2025-09-10 00:00:00,completed,direct,bank_transfer
3530,2255,2024-03-13 00:00:00,completed,social_media,debit_card
3531,7418,2024-01-10 14:21:41,completed,social_media,credit_card
3532,644,2024-08-17 00:00:00,completed,paid_search,paypal
3533,5210,2025-07-08 00:00:00,completed,direct,paypal
3534,2865,2024-12-28 00:00:00,completed,direct,debit_card
3535,2496,2024-12-24 00:00:00,completed,social_media,debit_card
3536,4679,2025-11-18 00:00:00,completed,social_media,paypal
3537,8307,2025-11-22 00:00:00,completed,direct,paypal
3538,5696,2025-11-28 00:00:00,completed,social_media,paypal
3539,7299,2024-11-07 15:35:53,completed,direct,credit_card
3540,5540,2025-07-27 00:00:00,completed,direct,paypal
3541,6457,2024-10-08 00:00:00,completed,paid_search,debit_card
3542,3990,2024-07-27 00:00:00,completed,email,credit_card
3543,8567,2024-07-21 00:00:00,completed,social_media,bank_transfer
3544,4640,2024-11-23 00:00:00,completed,direct,bank_transfer
3545,5088,2025-11-01 00:00:00,completed,social_media,paypal
3546,4861,2025-10-24 00:00:00,completed,email,paypal
3547,2931,2024-05-18 00:00:00,completed,social_media,paypal
3548,2176,2025-08-26 00:00:00,completed,email,debit_card
3549,722,2025-04-06 00:00:00,completed,referral,debit_card
3550,6630,2024-10-21 00:00:00,completed,organic_search,bank_transfer
3551,2711,2025-08-03 00:00:00,completed,direct,paypal
3552,3585,2024-10-30 00:00:00,completed,social_media,credit_card
3553,8512,2025-05-21 00:00:00,completed,email,debit_card
3554,5231,2025-01-15 23:57:03,completed,email,bank_transfer
3555,953,2024-07-01 13:13:51,completed,direct,credit_card
3556,7410,2024-05-15 00:00:00,completed,organic_search,debit_card
3557,2409,2025-04-17 21:10:30,cancelled,organic_search,debit_card
3558,5099,2025-11-25 00:00:00,completed,direct,bank_transfer
3559,4722,2024-11-24 22:26:13,completed,paid_search,debit_card
3560,2239,2025-08-25 00:00:00,completed,referral,paypal
3561,1133,2025-07-04 00:00:00,cancelled,paid_search,bank_transfer
3562,1998,2025-12-06 00:00:00,cancelled,social_media,paypal
3563,955,2025-10-18 20:32:45,completed,organic_search,paypal
3564,2590,2025-05-01 00:00:00,completed,referral,paypal
3565,-1,2025-07-03 00:00:00,completed,direct,paypal
3566,3696,2025-11-23 00:00:00,completed,social_media,debit_card
3567,7990,2024-12-22 00:00:00,returned,organic_search,debit_card
3568,5064,2024-11-15 00:00:00,completed,email,paypal
3569,6167,2024-01-16 00:00:00,completed,direct,paypal
3570,1496,2025-10-22 00:00:00,completed,organic_search,paypal
3571,2580,2025-10-07 00:00:00,completed,direct,bank_transfer
3572,4726,2024-03-05 00:00:00,completed,direct,paypal
3573,8149,2025-05-08 00:00:00,completed,social_media,paypal
3574,422,2025-11-02 00:00:00,cancelled,email,credit_card
3575,4693,2024-05-17 00:00:00,cancelled,organic_search,paypal
3576,498,2025-12-24 00:00:00,cancelled,email,paypal
3577,4213,2024-08-19 08:54:38,completed,organic_search,credit_card
3578,5802,2024-03-26 03:24:28,completed,email,debit_card
3579,6882,2025-05-20 00:00:00,returned,referral,credit_card
3580,1334,2025-08-29 00:00:00,completed,direct,credit_card
3581,1583,2024-02-14 00:00:00,returned,referral,paypal
3582,4343,2025-04-07 00:00:00,completed,direct,bank_transfer
3583,-1,2025-04-06 00:00:00,completed,social_media,bank_transfer
3584,3284,2024-02-05 00:00:00,completed,email,paypal
3585,3946,2024-07-09 00:00:00,cancelled,social_media,credit_card
3586,3990,2025-02-05 00:00:00,completed,referral,bank_transfer
3587,783,2024-10-27 10:58:33,completed,direct,paypal
3588,7147,2025-12-09 00:00:00,completed,email,debit_card
3589,2378,2025-10-17 00:00:00,completed,email,paypal
3590,6515,2025-12-26 00:00:00,completed,organic_search,bank_transfer
3591,4388,2024-09-28 00:00:00,completed,email,bank_transfer
3592,5642,2025-12-20 00:00:00,completed,referral,bank_transfer
3593,528,2025-01-12 00:00:00,cancelled,email,debit_card
3594,8231,2024-11-26 00:00:00,completed,paid_search,credit_card
3595,2296,2024-07-03 00:00:00,completed,direct,bank_transfer
3596,6201,2024-03-10 00:00:00,completed,referral,debit_card
3597,7393,2025-07-28 15:26:36,completed,direct,debit_card
3598,4989,2025-06-02 00:00:00,cancelled,social_media,bank_transfer
3599,3116,2024-08-30 00:00:00,completed,paid_search,debit_card
3600,-1,2025-02-06 00:00:00,completed,paid_search,bank_transfer
3601,2614,2024-09-22 06:21:27,completed,direct,credit_card
3602,8756,2025-08-05 00:00:00,completed,paid_search,debit_card
3603,1496,2024-12-02 11:29:47,completed,direct,bank_transfer
3604,3585,2025-10-20 13:11:10,completed,email,credit_card
3605,1334,2025-10-18 00:00:00,completed,social_media,paypal
3606,22,2025-02-23 00:00:00,completed,direct,credit_card
3607,2445,2024-11-28 00:00:00,completed,direct,bank_transfer
3608,851,2024-04-12 00:00:00,completed,paid_search,credit_card
3609,-1,2025-10-10 00:00:00,completed,email,credit_card
3610,7036,2024-11-15 12:50:15,completed,email,debit_card
3611,36,2024-08-14 00:00:00,completed,paid_search,paypal
3612,2102,2024-04-13 00:00:00,completed,email,credit_card
3613,6201,2025-02-14 00:00:00,completed,direct,debit_card
3614,3661,2025-02-27 00:00:00,completed,paid_search,credit_card
3615,7697,2025-10-30 00:00:00,completed,direct,credit_card
3616,4669,2024-08-25 00:00:00,returned,paid_search,debit_card
3617,6050,2024-12-13 00:00:00,completed,social_media,paypal
3618,5505,2025-11-10 00:00:00,completed,organic_search,debit_card
3619,5885,2025-10-20 03:03:29,completed,email,debit_card
3620,2166,2024-12-15 00:00:00,completed,referral,bank_transfer
3621,3441,2025-02-07 00:00:00,completed,social_media,debit_card
3622,494,2024-01-11 00:00:00,completed,direct,bank_transfer
3623,5401,2025-07-12 00:00:00,completed,organic_search,debit_card
3624,4236,2024-05-17 00:00:00,completed,organic_search,debit_card
3625,7026,2025-12-07 00:00:00,cancelled,social_media,debit_card
3626,1950,2025-07-22 09:21:52,cancelled,direct,debit_card
3627,4028,2025-06-04 00:00:00,completed,organic_search,debit_card
3628,1710,2024-02-14 00:00:00,returned,organic_search,debit_card
3629,5664,2025-02-22 00:00:00,completed,organic_search,debit_card
3630,7840,2024-12-26 00:00:00,completed,referral,paypal
3631,7065,2024-06-28 00:00:00,completed,paid_search,paypal
3632,8714,2025-03-07 00:00:00,completed,email,debit_card
3633,8963,2025-12-21 00:00:00,completed,direct,bank_transfer
3634,7126,2025-04-27 00:00:00,completed,paid_search,debit_card
3635,2689,2025-08-13 00:00:00,completed,social_media,paypal
3636,2060,2024-03-27 00:00:00,completed,email,debit_card
3637,4135,2024-12-31 03:53:23,completed,paid_search,bank_transfer
3638,-1,2024-05-15 00:00:00,completed,organic_search,credit_card
3639,3797,2025-01-06 00:00:00,completed,paid_search,credit_card
3640,1890,2025-09-12 00:00:00,completed,organic_search,bank_transfer
3641,8716,2025-06-07 00:00:00,completed,paid_search,credit_card
3642,3556,2024-04-05 00:00:00,completed,referral,paypal
3643,6411,2024-11-30 00:00:00,completed,organic_search,credit_card
3644,7294,2025-04-19 08:15:30,completed,referral,credit_card
3645,7796,2024-12-24 00:44:25,cancelled,paid_search,bank_transfer
3646,7602,2025-10-26 11:04:59,completed,email,debit_card
3647,7736,2025-10-15 00:00:00,completed,email,paypal
3648,6178,2025-06-01 18:19:11,completed,social_media,debit_card
3649,3712,2024-12-09 00:00:00,completed,email,bank_transfer
3650,6175,2024-09-24 00:00:00,completed,social_media,paypal
3651,7737,2024-04-05 00:00:00,cancelled,email,credit_card
3652,3236,2024-11-30 05:29:10,completed,social_media,bank_transfer
3653,2762,2024-12-29 00:00:00,completed,direct,debit_card
3654,3176,2025-07-17 00:00:00,cancelled,paid_search,debit_card
3655,5086,2025-04-07 00:00:00,completed,organic_search,paypal
3656,512,2024-03-29 00:00:00,completed,organic_search,debit_card
3657,7194,2024-12-20 18:54:55,completed,referral,bank_transfer
3658,1339,2024-07-19 00:00:00,cancelled,organic_search,debit_card
3659,1286,2024-06-24 00:00:00,completed,direct,credit_card
3660,1877,2025-10-22 19:18:27,completed,organic_search,paypal
3661,5336,2024-02-26 15:34:28,completed,email,credit_card
3662,2679,2025-01-01 00:00:00,completed,paid_search,bank_transfer
3663,3390,2024-07-05 00:00:00,completed,email,debit_card
3664,8603,2025-11-15 00:00:00,completed,paid_search,bank_transfer
3665,7832,2025-04-24 00:00:00,completed,direct,debit_card
3666,7878,2024-09-04 00:43:03,completed,email,paypal
3667,5342,2025-03-15 00:00:00,cancelled,email,credit_card
3668,8018,2025-08-24 00:50:55,completed,organic_search,debit_card
3669,7191,2025-12-16 00:00:00,completed,direct,debit_card
3670,8793,2024-08-25 00:00:00,completed,paid_search,credit_card
3671,625,2025-11-18 00:00:00,completed,paid_search,bank_transfer
3672,289,2025-07-12 00:00:00,completed,email,bank_transfer
3673,1657,2025-12-01 00:00:00,cancelled,email,paypal
3674,8593,2025-06-18 00:00:00,completed,direct,bank_transfer
3675,5582,2025-06-14 00:00:00,completed,organic_search,debit_card
3676,3931,2024-12-24 00:00:00,cancelled,email,credit_card
3677,4743,2025-09-07 00:00:00,completed,direct,paypal
3678,7673,2025-04-06 12:15:56,completed,direct,credit_card
3679,8593,2025-07-18 00:00:00,returned,paid_search,debit_card
3680,6743,2025-01-10 00:00:00,completed,paid_search,debit_card
3681,7016,2025-08-24 00:00:00,returned,paid_search,paypal
3682,2975,2025-10-20 00:00:00,completed,referral,paypal
3683,4309,2024-06-14 04:44:45,completed,paid_search,debit_card
3684,8190,2025-10-25 00:00:00,completed,social_media,paypal
3685,7268,2025-12-04 00:00:00,completed,email,debit_card
3686,6343,2025-01-11 00:00:00,completed,organic_search,credit_card
3687,635,2025-01-13 00:00:00,completed,social_media,bank_transfer
3688,391,2024-12-12 00:00:00,completed,referral,credit_card
3689,1264,2025-11-30 20:03:15,completed,social_media,credit_card
3690,5356,2024-09-21 00:00:00,completed,referral,debit_card
3691,4951,2025-01-11 00:00:00,completed,email,paypal
3692,8697,2025-03-01 00:00:00,completed,organic_search,debit_card
3693,6434,2025-03-24 00:00:00,completed,direct,credit_card
3694,2748,2024-11-04 08:48:32,completed,direct,paypal
3695,1535,2025-05-05 00:00:00,completed,referral,debit_card
3696,7854,2024-11-14 00:00:00,completed,email,debit_card
3697,4239,2024-02-23 00:00:00,cancelled,organic_search,credit_card
3698,6048,2024-10-08 00:00:00,completed,organic_search,paypal
3699,5220,2024-01-10 22:34:58,cancelled,referral,debit_card
3700,1049,2025-12-24 00:00:00,completed,social_media,bank_transfer
3701,563,2025-12-19 00:00:00,completed,direct,bank_transfer
3702,3476,2024-12-20 00:00:00,completed,referral,bank_transfer
3703,3334,2025-08-22 07:53:56,completed,referral,bank_transfer
3704,6236,2024-11-25 00:00:00,completed,email,paypal
3705,5828,2025-07-13 00:00:00,completed,organic_search,paypal
3706,8944,2025-09-10 00:00:00,returned,email,paypal
3707,7938,2025-12-12 11:32:14,completed,paid_search,paypal
3708,4583,2024-12-23 00:00:00,completed,paid_search,bank_transfer
3709,4620,2025-09-26 00:00:00,completed,paid_search,paypal
3710,6239,2024-03-10 00:00:00,completed,referral,debit_card
3711,1122,2025-12-28 00:00:00,returned,referral,debit_card
3712,-1,2024-02-05 11:06:14,completed,paid_search,paypal
3713,4803,2025-05-26 00:00:00,completed,organic_search,credit_card
3714,8428,2025-07-05 00:00:00,completed,social_media,credit_card
3715,8928,2025-07-25 00:00:00,completed,organic_search,credit_card
3716,5357,2024-05-19 00:00:00,completed,direct,debit_card
3717,1017,2025-12-09 00:00:00,completed,organic_search,bank_transfer
3718,5303,2024-07-18 00:00:00,completed,organic_search,debit_card
3719,5511,2025-06-09 00:00:00,completed,social_media,credit_card
3720,7306,2024-08-27 00:00:00,completed,social_media,bank_transfer
3721,472,2024-11-04 13:52:14,completed,direct,paypal
3722,4307,2025-04-16 00:00:00,completed,organic_search,debit_card
3723,8538,2024-12-31 00:00:00,completed,direct,credit_card
3724,-1,2024-06-27 00:00:00,returned,organic_search,bank_transfer
3725,1816,2024-08-07 00:00:00,completed,organic_search,debit_card
3726,8045,2024-12-31 00:00:00,completed,email,credit_card
3727,1402,2025-09-10 11:19:57,completed,direct,bank_transfer
3728,7778,2025-11-23 00:00:00,completed,direct,credit_card
3729,2606,2024-04-13 00:00:00,completed,referral,paypal
3730,8853,2024-12-19 22:51:39,completed,referral,bank_transfer
3731,-1,2024-04-29 00:00:00,completed,referral,debit_card
3732,3666,2024-01-24 21:16:19,completed,referral,paypal
3733,2640,2025-07-06 00:00:00,completed,organic_search,credit_card
3734,2212,2025-05-25 00:00:00,completed,organic_search,debit_card
3735,6305,2024-06-30 00:00:00,completed,social_media,credit_card
3736,8283,2024-09-06 00:00:00,completed,organic_search,debit_card
3737,6977,2024-03-02 00:00:00,completed,email,paypal
3738,7721,2025-10-27 00:00:00,completed,paid_search,bank_transfer
3739,7218,2025-12-22 00:00:00,completed,paid_search,paypal
3740,-1,2024-02-06 00:00:00,completed,paid_search,credit_card
3741,6999,2024-09-04 00:00:00,completed,social_media,paypal
3742,1987,2025-11-11 00:00:00,completed,direct,debit_card
3743,7330,2025-05-12 00:00:00,cancelled,direct,debit_card
3744,2989,2025-01-02 00:00:00,completed,social_media,credit_card
3745,-1,2024-03-07 21:14:49,completed,direct,paypal
3746,3473,2024-02-23 00:00:00,completed,social_media,credit_card
3747,2737,2025-05-06 00:00:00,completed,direct,paypal
3748,2251,2024-12-19 20:15:40,completed,organic_search,paypal
3749,6101,2024-02-09 18:38:37,returned,organic_search,paypal
3750,1066,2025-05-12 00:00:00,completed,social_media,debit_card
3751,8797,2024-01-16 00:00:00,completed,organic_search,credit_card
3752,2748,2025-09-29 00:00:00,completed,direct,paypal
3753,2754,2024-11-03 00:00:00,completed,organic_search,paypal
3754,448,2024-02-24 00:00:00,cancelled,paid_search,bank_transfer
3755,2315,2025-05-16 08:34:05,completed,email,bank_transfer
3756,3863,2024-12-21 00:00:00,cancelled,social_media,paypal
3757,3403,2025-12-22 00:00:00,completed,organic_search,paypal
3758,2560,2025-04-15 02:58:59,completed,direct,paypal
3759,403,2024-10-11 16:09:32,completed,paid_search,bank_transfer
3760,2803,2025-08-09 00:00:00,completed,direct,debit_card
3761,7188,2024-07-10 00:00:00,completed,social_media,bank_transfer
3762,4041,2025-11-26 00:00:00,completed,direct,credit_card
3763,2721,2024-12-10 18:32:44,completed,direct,debit_card
3764,2844,2025-04-19 00:00:00,completed,referral,credit_card
3765,5117,2024-07-03 00:00:00,completed,referral,debit_card
3766,2817,2025-01-08 13:47:29,returned,direct,bank_transfer
3767,5815,2025-10-25 00:00:00,completed,organic_search,paypal
3768,-1,2025-10-10 05:28:09,completed,social_media,paypal
3769,407,2024-08-28 17:38:23,completed,referral,debit_card
3770,1599,2024-08-30 00:00:00,completed,paid_search,debit_card
3771,1695,2025-10-16 00:00:00,completed,direct,paypal
3772,4130,2025-06-12 00:00:00,cancelled,email,debit_card
3773,409,2024-04-24 00:00:00,completed,direct,paypal
3774,4410,2025-01-30 00:00:00,completed,paid_search,paypal
3775,8591,2024-11-21 00:00:00,completed,email,debit_card
3776,116,2025-11-12 19:18:19,completed,organic_search,debit_card
3777,3363,2024-04-12 00:00:00,completed,social_media,paypal
3778,7028,2024-08-16 00:00:00,completed,direct,credit_card
3779,1490,2025-07-09 00:00:00,completed,referral,credit_card
3780,755,2024-08-03 00:00:00,completed,direct,paypal
3781,5815,2025-03-08 20:44:08,completed,organic_search,paypal
3782,98,2025-01-23 00:00:00,completed,direct,bank_transfer
3783,7432,2024-11-19 00:00:00,completed,referral,paypal
3784,653,2024-12-20 00:00:00,completed,organic_search,credit_card
3785,4854,2025-04-05 20:57:57,completed,paid_search,bank_transfer
3786,6841,2024-06-28 00:00:00,cancelled,organic_search,bank_transfer
3787,2278,2025-05-04 00:00:00,returned,referral,paypal
3788,1018,2025-10-09 00:00:00,completed,email,credit_card
3789,1664,2025-09-12 00:45:00,completed,direct,credit_card
3790,7904,2024-06-21 13:55:57,completed,social_media,credit_card
3791,6528,2024-06-16 05:01:25,cancelled,organic_search,credit_card
3792,1883,2024-10-05 00:00:00,completed,paid_search,credit_card
3793,6612,2024-03-12 00:00:00,cancelled,social_media,bank_transfer
3794,6553,2024-12-27 00:00:00,completed,organic_search,debit_card
3795,-1,2025-07-19 00:00:00,completed,direct,bank_transfer
3796,3601,2024-03-14 00:00:00,completed,referral,bank_transfer
3797,8001,2024-02-17 00:00:00,completed,paid_search,bank_transfer
3798,4122,2024-12-19 00:00:00,completed,organic_search,paypal
3799,8306,2025-08-01 11:24:34,completed,referral,bank_transfer
3800,898,2024-07-30 16:51:13,completed,social_media,credit_card
3801,1661,2025-06-22 00:00:00,completed,direct,credit_card
3802,7858,2024-09-28 00:00:00,completed,direct,paypal
3803,7586,2025-11-18 09:41:45,completed,direct,paypal
3804,2851,2025-11-22 00:00:00,completed,social_media,bank_transfer
3805,5503,2024-10-28 17:26:01,completed,paid_search,credit_card
3806,3533,2024-09-02 00:00:00,completed,social_media,paypal
3807,102,2024-12-28 00:00:00,completed,email,bank_transfer
3808,265,2024-09-12 00:00:00,completed,paid_search,paypal
3809,531,2025-07-14 00:00:00,completed,paid_search,paypal
3810,5470,2025-10-21 00:00:00,completed,social_media,debit_card
3811,2623,2025-07-15 21:48:33,cancelled,email,paypal
3812,1379,2025-10-20 00:00:00,completed,paid_search,bank_transfer
3813,-1,2024-12-21 00:00:00,completed,organic_search,credit_card
3814,1184,2024-06-23 00:00:00,cancelled,social_media,debit_card
3815,6238,2025-08-28 00:00:00,completed,email,credit_card
3816,8267,2024-12-03 18:43:18,returned,email,bank_transfer
3817,1555,2025-07-13 05:03:06,cancelled,direct,debit_card
3818,2028,2024-10-07 08:12:25,cancelled,email,credit_card
3819,5306,2024-09-04 00:00:00,completed,paid_search,bank_transfer
3820,4706,2025-12-29 20:30:55,completed,referral,paypal
3821,4822,2024-06-23 00:00:00,completed,paid_search,credit_card
3822,5119,2025-12-27 00:00:00,completed,social_media,debit_card
3823,8765,2025-12-23 16:16:51,completed,email,bank_transfer
3824,526,2025-10-03 03:23:22,cancelled,paid_search,paypal
3825,7022,2025-07-05 00:00:00,completed,social_media,debit_card
3826,2188,2025-05-08 23:47:38,completed,paid_search,debit_card
3827,3445,2025-11-10 00:00:00,completed,social_media,paypal
3828,871,2024-10-22 00:00:00,completed,referral,bank_transfer
3829,4113,2025-02-15 00:00:00,completed,direct,debit_card
3830,-1,2025-06-06 00:00:00,cancelled,direct,paypal
3831,970,2024-12-28 00:00:00,completed,paid_search,debit_card
3832,2590,2025-09-01 00:00:00,cancelled,direct,debit_card
3833,3438,2024-11-17 00:00:00,completed,referral,credit_card
3834,1020,2025-04-29 00:00:00,completed,paid_search,credit_card
3835,7043,2025-11-03 00:00:00,completed,referral,bank_transfer
3836,7279,2024-08-07 00:00:00,returned,social_media,debit_card
3837,7733,2025-07-12 00:00:00,completed,organic_search,debit_card
3838,5368,2025-07-26 22:11:10,completed,paid_search,bank_transfer
3839,4696,2025-10-20 00:00:00,completed,email,paypal
3840,2467,2025-04-23 00:00:00,completed,referral,debit_card
3841,6065,2025-09-24 11:09:45,completed,social_media,credit_card
3842,4100,2024-01-23 00:00:00,completed,social_media,debit_card
3843,8956,2025-10-17 00:00:00,completed,email,debit_card
3844,8936,2024-02-24 07:20:27,completed,organic_search,debit_card
3845,8377,2025-11-20 15:25:35,completed,paid_search,credit_card
3846,3320,2025-12-28 00:00:00,completed,direct,credit_card
3847,3389,2024-10-26 00:00:00,completed,direct,paypal
3848,7883,2024-08-15 00:00:00,completed,social_media,bank_transfer
3849,6737,2025-09-15 00:00:00,cancelled,social_media,paypal
3850,6519,2024-09-22 03:46:47,completed,organic_search,bank_transfer
3851,2626,2025-10-11 00:00:00,completed,direct,credit_card
3852,7712,2024-05-01 00:00:00,completed,email,credit_card
3853,5356,2024-05-24 00:00:00,completed,organic_search,debit_card
3854,4128,2025-12-24 00:00:00,cancelled,organic_search,debit_card
3855,8007,2025-07-15 00:00:00,completed,direct,debit_card
3856,3628,2025-02-11 00:00:00,returned,organic_search,bank_transfer
3857,6053,2024-11-13 00:00:00,completed,direct,credit_card
3858,4305,2025-07-17 12:14:48,completed,social_media,bank_transfer
3859,5461,2025-05-20 00:00:00,returned,referral,paypal
3860,402,2025-05-26 00:00:00,completed,referral,credit_card
3861,4256,2025-07-21 00:00:00,completed,direct,credit_card
3862,5139,2025-07-05 00:00:00,completed,direct,paypal
3863,4552,2025-01-11 00:00:00,completed,direct,paypal
3864,7835,2024-10-11 00:00:00,completed,paid_search,bank_transfer
3865,2890,2025-09-17 00:00:00,completed,paid_search,credit_card
3866,8180,2024-08-30 00:00:00,completed,referral,paypal
3867,3707,2025-07-28 12:11:01,completed,referral,debit_card
3868,6432,2024-05-09 00:00:00,completed,referral,paypal
3869,847,2025-11-06 00:00:00,completed,direct,debit_card
3870,1903,2025-09-03 00:00:00,completed,referral,credit_card
3871,7031,2024-08-23 00:00:00,completed,referral,debit_card
3872,125,2024-03-18 00:58:52,completed,paid_search,paypal
3873,8939,2024-05-29 00:00:00,cancelled,organic_search,paypal
3874,1810,2025-05-28 00:00:00,completed,email,paypal
3875,8345,2025-11-03 11:58:34,completed,organic_search,debit_card
3876,4777,2024-03-01 00:00:00,completed,organic_search,bank_transfer
3877,5215,2025-08-26 01:30:56,cancelled,organic_search,credit_card
3878,824,2024-11-23 00:56:53,completed,direct,debit_card
3879,3364,2025-02-24 00:00:00,completed,paid_search,paypal
3880,1496,2025-12-05 00:00:00,completed,email,debit_card
3881,4870,2024-11-17 05:42:43,completed,email,bank_transfer
3882,5078,2025-02-13 20:47:48,completed,paid_search,credit_card
3883,6564,2024-01-20 00:00:00,completed,email,credit_card
3884,8124,2024-04-10 02:03:06,completed,referral,bank_transfer
3885,4321,2024-09-27 00:00:00,completed,direct,paypal
3886,2196,2024-08-02 00:00:00,completed,social_media,paypal
3887,3088,2025-06-15 00:00:00,completed,organic_search,credit_card
3888,7831,2025-08-01 00:00:00,completed,paid_search,debit_card
3889,1398,2025-04-18 00:00:00,completed,social_media,debit_card
3890,5784,2024-07-12 00:00:00,returned,organic_search,credit_card
3891,133,2024-10-27 00:00:00,completed,referral,credit_card
3892,2311,2025-08-07 00:00:00,completed,email,paypal
3893,5444,2025-12-19 00:00:00,completed,referral,bank_transfer
3894,4211,2024-03-07 00:00:00,completed,direct,credit_card
3895,-1,2025-11-20 00:00:00,cancelled,organic_search,debit_card
3896,6120,2025-05-08 04:03:48,completed,social_media,debit_card
3897,2205,2025-04-29 00:00:00,completed,direct,credit_card
3898,2639,2025-03-13 00:00:00,completed,email,paypal
3899,6345,2024-03-28 12:55:57,completed,email,debit_card
3900,4972,2024-04-18 00:00:00,completed,direct,debit_card
3901,148,2025-05-24 00:00:00,completed,social_media,debit_card
3902,6205,2024-11-23 00:00:00,completed,social_media,credit_card
3903,5714,2025-12-01 04:34:54,completed,direct,debit_card
3904,-1,2024-12-26 00:00:00,completed,email,bank_transfer
3905,6909,2024-06-10 00:00:00,cancelled,social_media,bank_transfer
3906,4829,2025-08-13 00:00:00,completed,email,debit_card
3907,1936,2024-10-25 00:00:00,cancelled,social_media,bank_transfer
3908,5167,2025-04-01 00:00:00,completed,direct,debit_card
3909,5487,2025-08-01 05:21:58,completed,referral,credit_card
3910,8514,2025-11-24 00:00:00,completed,referral,bank_transfer
3911,6864,2025-02-10 00:00:00,cancelled,organic_search,credit_card
3912,2817,2025-07-17 02:06:30,completed,social_media,bank_transfer
3913,1154,2025-07-19 00:00:00,completed,referral,bank_transfer
3914,7889,2025-12-12 00:00:00,completed,email,bank_transfer
3915,7823,2024-10-27 00:00:00,returned,direct,debit_card
3916,1661,2024-02-01 00:00:00,completed,organic_search,debit_card
3917,603,2024-10-08 00:00:00,completed,paid_search,credit_card
3918,6579,2024-08-22 00:00:00,completed,referral,bank_transfer
3919,6673,2025-07-06 00:00:00,completed,direct,debit_card
3920,1674,2025-06-16 00:00:00,completed,organic_search,bank_transfer
3921,6183,2025-05-19 00:00:00,completed,paid_search,credit_card
3922,2619,2024-01-23 00:00:00,completed,email,paypal
3923,2447,2025-08-22 00:00:00,completed,paid_search,paypal
3924,3007,2024-11-13 00:00:00,completed,email,debit_card
3925,4816,2025-07-09 00:00:00,completed,direct,paypal
3926,7461,2025-04-24 22:00:15,completed,social_media,bank_transfer
3927,4605,2024-11-23 00:00:00,completed,direct,debit_card
3928,2780,2024-06-02 22:11:54,completed,paid_search,debit_card
3929,8179,2024-04-23 00:00:00,completed,organic_search,bank_transfer
3930,540,2025-10-25 00:00:00,completed,paid_search,bank_transfer
3931,7385,2025-01-12 00:00:00,completed,referral,bank_transfer
3932,7250,2025-06-28 00:00:00,completed,direct,bank_transfer
3933,2382,2024-05-02 21:05:09,cancelled,direct,paypal
3934,1885,2024-12-23 00:00:00,completed,referral,credit_card
3935,8093,2025-08-22 16:25:15,completed,social_media,credit_card
3936,5161,2025-09-24 00:00:00,completed,paid_search,paypal
3937,447,2024-05-17 00:00:00,completed,paid_search,bank_transfer
3938,8236,2024-01-01 00:00:00,completed,direct,paypal
3939,3220,2025-08-11 19:01:52,completed,paid_search,credit_card
3940,3159,2024-01-12 00:00:00,completed,email,bank_transfer
3941,5940,2024-09-23 23:33:53,completed,organic_search,debit_card
3942,6126,2024-01-19 00:00:00,completed,email,credit_card
3943,3257,2025-12-04 00:00:00,completed,referral,bank_transfer
3944,1374,2025-11-04 00:00:00,completed,organic_search,paypal
3945,5094,2025-12-16 01:56:11,returned,referral,credit_card
3946,5763,2025-04-30 15:42:57,completed,organic_search,debit_card
3947,7951,2025-03-24 00:00:00,completed,social_media,paypal
3948,4471,2024-04-13 00:00:00,completed,organic_search,paypal
3949,5962,2025-04-18 21:51:34,cancelled,email,debit_card
3950,533,2024-12-13 00:00:00,completed,referral,paypal
3951,8270,2025-05-29 03:05:08,completed,organic_search,bank_transfer
3952,3023,2024-12-17 00:00:00,completed,email,bank_transfer
3953,5828,2024-09-11 19:21:51,completed,direct,credit_card
3954,8473,2024-04-23 00:00:00,cancelled,email,debit_card
3955,7499,2024-11-08 00:00:00,cancelled,organic_search,debit_card
3956,5879,2024-04-25 00:00:00,completed,email,debit_card
3957,6514,2024-07-14 00:00:00,completed,organic_search,bank_transfer
3958,8519,2025-12-27 19:39:06,completed,direct,credit_card
3959,7515,2025-01-25 00:00:00,completed,referral,credit_card
3960,5623,2025-04-06 04:26:33,completed,social_media,credit_card
3961,6104,2025-11-13 00:00:00,completed,organic_search,debit_card
3962,1411,2025-12-30 00:00:00,cancelled,organic_search,bank_transfer
3963,4345,2025-05-12 05:47:58,completed,email,credit_card
3964,2808,2025-10-13 00:00:00,cancelled,direct,bank_transfer
3965,3987,2024-11-15 00:00:00,completed,direct,credit_card
3966,6134,2024-11-03 17:18:04,completed,email,credit_card
3967,1429,2024-12-24 00:00:00,completed,direct,paypal
3968,179,2025-07-14 00:00:00,completed,email,credit_card
3969,3646,2025-07-21 13:15:09,completed,referral,debit_card
3970,2991,2024-11-08 00:00:00,completed,direct,paypal
3971,3881,2024-05-31 00:00:00,completed,direct,credit_card
3972,8599,2025-06-15 00:00:00,completed,direct,credit_card
3973,6539,2024-05-26 12:29:34,completed,social_media,paypal
3974,3024,2025-05-09 12:54:38,completed,email,credit_card
3975,1696,2025-07-29 00:00:00,completed,email,bank_transfer
3976,5700,2025-08-03 00:00:00,completed,paid_search,paypal
3977,6090,2025-09-07 00:00:00,completed,referral,bank_transfer
3978,4471,2025-11-13 00:00:00,completed,direct,paypal
3979,2008,2025-03-13 05:00:50,completed,direct,bank_transfer
3980,289,2025-08-23 00:00:00,completed,paid_search,credit_card
3981,2501,2025-06-06 00:00:00,cancelled,email,debit_card
3982,-1,2024-07-24 00:00:00,completed,email,paypal
3983,7290,2024-05-02 00:00:00,completed,social_media,debit_card
3984,-1,2024-10-18 00:00:00,completed,paid_search,bank_transfer
3985,3800,2025-01-24 00:00:00,completed,direct,paypal
3986,7376,2025-05-06 00:00:00,completed,social_media,paypal
3987,-1,2025-11-03 06:59:18,returned,direct,paypal
3988,6615,2024-02-08 00:00:00,completed,organic_search,bank_transfer
3989,6730,2024-05-24 00:00:00,completed,direct,bank_transfer
3990,8424,2025-12-18 00:00:00,completed,organic_search,debit_card
3991,3122,2024-05-06 00:00:00,completed,organic_search,paypal
3992,112,2025-02-24 00:00:00,completed,email,paypal
3993,-1,2025-05-14 00:00:00,completed,referral,paypal
3994,4531,2025-04-13 12:02:55,completed,organic_search,bank_transfer
3995,7265,2024-04-14 00:00:00,completed,email,credit_card
3996,7519,2024-03-14 00:00:00,completed,referral,bank_transfer
3997,3650,2024-05-04 00:00:00,cancelled,organic_search,debit_card
3998,5000,2025-05-14 02:18:58,cancelled,email,debit_card
3999,4987,2025-04-15 00:00:00,completed,email,debit_card
4000,2068,2024-09-06 00:00:00,completed,paid_search,debit_card
4001,1149,2025-06-19 00:00:00,completed,direct,bank_transfer
4002,5022,2025-10-18 00:00:00,completed,paid_search,bank_transfer
4003,1173,2024-02-25 00:00:00,completed,direct,bank_transfer
4004,3194,2025-12-03 00:00:00,completed,paid_search,paypal
4005,1765,2025-07-26 20:50:38,completed,paid_search,paypal
4006,6537,2024-09-22 00:00:00,completed,paid_search,paypal
4007,8061,2024-11-04 00:06:08,completed,social_media,bank_transfer
4008,5346,2025-06-02 07:10:39,cancelled,email,credit_card
4009,3770,2025-11-23 00:00:00,completed,direct,bank_transfer
4010,-1,2025-12-10 00:00:00,completed,direct,credit_card
4011,216,2025-05-12 00:00:00,completed,direct,credit_card
4012,2840,2025-08-23 00:00:00,completed,direct,debit_card
4013,2617,2024-05-12 00:00:00,completed,paid_search,credit_card
4014,3284,2025-06-22 00:00:00,completed,email,paypal
4015,2168,2025-02-13 03:19:35,completed,social_media,bank_transfer
4016,2488,2024-07-27 00:00:00,completed,email,credit_card
4017,2425,2025-04-08 00:00:00,completed,referral,credit_card
4018,4679,2025-04-24 12:52:03,returned,paid_search,bank_transfer
4019,3599,2024-12-02 00:00:00,completed,direct,paypal
4020,5895,2025-11-29 00:00:00,cancelled,paid_search,bank_transfer
4021,4761,2024-01-30 00:00:00,completed,social_media,debit_card
4022,1741,2024-08-11 00:00:00,completed,direct,paypal
4023,7496,2024-03-14 22:17:00,completed,social_media,bank_transfer
4024,4365,2025-09-16 00:00:00,completed,direct,credit_card
4025,1479,2025-08-04 00:00:00,completed,social_media,bank_transfer
4026,1586,2024-11-17 00:00:00,completed,direct,debit_card
4027,7384,2025-07-16 00:00:00,returned,referral,debit_card
4028,6507,2024-12-21 18:29:46,cancelled,paid_search,paypal
4029,4688,2025-09-09 00:00:00,completed,social_media,debit_card
4030,2858,2025-03-02 00:00:00,completed,paid_search,bank_transfer
4031,4250,2024-12-29 13:04:20,completed,social_media,credit_card
4032,5864,2025-12-07 00:00:00,completed,referral,debit_card
4033,8130,2024-09-20 00:00:00,completed,paid_search,paypal
4034,5132,2024-05-19 00:00:00,cancelled,referral,credit_card
4035,2601,2025-05-13 00:00:00,completed,paid_search,bank_transfer
4036,421,2025-12-20 00:00:00,completed,email,debit_card
4037,1663,2024-12-12 02:01:28,completed,direct,debit_card
4038,6011,2024-03-20 00:00:00,completed,social_media,credit_card
4039,1522,2024-11-22 00:00:00,cancelled,referral,paypal
4040,4454,2025-03-18 00:00:00,completed,email,debit_card
4041,6471,2024-06-29 13:50:24,completed,referral,paypal
4042,2880,2025-04-07 00:00:00,completed,organic_search,credit_card
4043,6190,2025-12-31 00:00:00,returned,email,debit_card
4044,5356,2025-02-01 00:00:00,returned,email,credit_card
4045,4043,2024-11-30 00:00:00,completed,organic_search,paypal
4046,8300,2024-12-23 00:00:00,completed,paid_search,credit_card
4047,6419,2024-05-13 00:00:00,completed,organic_search,debit_card
4048,3322,2025-11-17 00:00:00,completed,organic_search,debit_card
4049,7459,2024-12-30 00:00:00,completed,referral,credit_card
4050,6829,2024-12-16 00:00:00,completed,email,credit_card
4051,7331,2025-05-07 00:00:00,completed,referral,bank_transfer
4052,5912,2025-01-23 00:00:00,completed,social_media,paypal
4053,3499,2025-06-27 00:00:00,completed,direct,credit_card
4054,3215,2024-03-19 00:00:00,cancelled,direct,debit_card
4055,6056,2025-10-14 00:00:00,completed,email,paypal
4056,1270,2025-12-10 00:00:00,completed,paid_search,credit_card
4057,7590,2025-06-27 00:00:00,completed,email,debit_card
4058,3411,2025-12-15 06:37:33,completed,direct,credit_card
4059,5810,2024-06-18 09:38:33,completed,social_media,bank_transfer
4060,4610,2025-02-23 00:00:00,completed,email,paypal
4061,4810,2025-05-25 00:00:00,completed,social_media,bank_transfer
4062,6827,2025-05-11 00:00:00,completed,social_media,paypal
4063,-1,2024-12-23 00:00:00,completed,direct,debit_card
4064,2353,2024-11-21 00:00:00,completed,organic_search,credit_card
4065,726,2024-05-25 00:00:00,completed,referral,credit_card
4066,7772,2024-12-18 00:00:00,cancelled,social_media,paypal
4067,8187,2024-06-30 00:00:00,completed,paid_search,debit_card
4068,1560,2025-08-26 00:00:00,returned,social_media,paypal
4069,2890,2024-08-14 00:00:00,completed,email,credit_card
4070,2653,2024-03-16 00:00:00,completed,referral,paypal
4071,8649,2025-04-21 00:00:00,completed,direct,debit_card
4072,1936,2025-05-20 00:00:00,completed,email,paypal
4073,1582,2025-11-12 00:00:00,completed,social_media,bank_transfer
4074,1722,2025-08-05 00:00:00,completed,email,credit_card
4075,6745,2024-11-25 00:00:00,completed,email,debit_card
4076,8213,2025-10-08 20:59:56,returned,referral,paypal
4077,3620,2025-04-12 00:00:00,completed,paid_search,credit_card
4078,1319,2024-04-07 00:00:00,completed,referral,bank_transfer
4079,5384,2025-04-30 00:00:00,completed,paid_search,debit_card
4080,1984,2025-11-27 00:00:00,completed,social_media,credit_card
4081,625,2024-12-21 00:00:00,completed,organic_search,debit_card
4082,8199,2024-10-27 00:00:00,completed,referral,bank_transfer
4083,8048,2024-06-10 00:00:00,completed,paid_search,bank_transfer
4084,-1,2024-06-18 00:00:00,completed,direct,paypal
4085,4381,2025-01-14 00:00:00,completed,social_media,debit_card
4086,2748,2025-05-21 00:00:00,completed,email,credit_card
4087,7109,2024-04-09 01:13:44,completed,paid_search,paypal
4088,1709,2025-12-09 00:00:00,returned,organic_search,bank_transfer
4089,2291,2025-09-08 00:00:00,completed,direct,paypal
4090,2404,2025-05-15 00:00:00,returned,email,paypal
4091,8781,2025-10-23 06:26:24,completed,referral,bank_transfer
4092,6744,2024-04-08 09:46:15,completed,paid_search,bank_transfer
4093,1296,2025-02-23 00:00:00,completed,organic_search,paypal
4094,908,2025-06-14 00:00:00,completed,referral,bank_transfer
4095,7793,2025-10-23 00:00:00,completed,direct,credit_card
4096,7438,2025-09-26 08:56:48,completed,email,paypal
4097,6210,2024-10-12 14:34:05,completed,referral,credit_card
4098,1861,2025-12-10 14:26:38,completed,social_media,bank_transfer
4099,4439,2024-05-23 00:00:00,returned,social_media,bank_transfer
4100,5555,2025-11-14 00:00:00,completed,social_media,paypal
4101,8608,2025-12-21 00:00:00,returned,social_media,bank_transfer
4102,1608,2024-07-14 20:52:45,completed,referral,bank_transfer
4103,4772,2025-08-18 00:00:00,completed,referral,paypal
4104,1497,2024-02-24 00:00:00,completed,paid_search,debit_card
4105,4094,2024-12-25 00:00:00,completed,paid_search,paypal
4106,1902,2025-03-26 00:00:00,completed,social_media,bank_transfer
4107,7735,2025-05-10 00:00:00,completed,email,debit_card
4108,2396,2025-12-08 00:00:00,completed,referral,paypal
4109,3843,2025-07-14 00:00:00,cancelled,direct,credit_card
4110,3753,2025-02-27 08:56:27,completed,referral,debit_card
4111,8015,2025-10-12 19:25:14,cancelled,email,bank_transfer
4112,6999,2025-12-13 00:00:00,completed,paid_search,debit_card
4113,568,2024-01-31 00:00:00,cancelled,email,paypal
4114,656,2025-12-25 00:00:00,completed,organic_search,credit_card
4115,5085,2024-04-14 00:00:00,completed,paid_search,paypal
4116,3948,2025-10-15 00:23:40,completed,paid_search,paypal
4117,2590,2024-10-15 00:00:00,returned,organic_search,bank_transfer
4118,7338,2024-05-30 00:00:00,completed,referral,bank_transfer
4119,1247,2025-01-21 00:00:00,completed,organic_search,bank_transfer
4120,8985,2025-06-24 00:00:00,completed,social_media,paypal
4121,245,2024-12-13 00:00:00,completed,social_media,credit_card
4122,1155,2024-03-12 00:00:00,completed,referral,bank_transfer
4123,2890,2025-05-23 00:00:00,returned,paid_search,bank_transfer
4124,4714,2025-11-25 10:36:20,completed,social_media,bank_transfer
4125,2041,2024-12-14 00:00:00,completed,direct,credit_card
4126,6808,2024-08-21 00:00:00,completed,paid_search,debit_card
4127,3291,2025-01-23 00:00:00,completed,referral,debit_card
4128,380,2024-03-05 00:00:00,completed,paid_search,debit_card
4129,8117,2025-10-18 22:01:42,returned,paid_search,credit_card
4130,8712,2025-10-22 00:00:00,completed,social_media,credit_card
4131,5701,2025-05-16 02:18:43,cancelled,social_media,credit_card
4132,7471,2024-11-29 00:00:00,completed,organic_search,bank_transfer
4133,1181,2025-10-06 00:00:00,completed,social_media,debit_card
4134,2531,2025-04-22 00:00:00,completed,organic_search,credit_card
4135,3013,2025-10-21 00:00:00,completed,social_media,bank_transfer
4136,8863,2025-06-15 00:00:00,completed,organic_search,credit_card
4137,4738,2025-09-27 00:00:00,completed,direct,credit_card
4138,73,2025-05-23 00:00:00,completed,direct,paypal
4139,3508,2024-12-29 19:34:19,completed,referral,debit_card
4140,77,2025-12-16 00:00:00,cancelled,direct,bank_transfer
4141,2237,2025-04-13 00:00:00,cancelled,organic_search,credit_card
4142,4195,2025-05-27 00:00:00,completed,organic_search,paypal
4143,3000,2024-08-25 00:00:00,completed,direct,credit_card
4144,325,2025-06-11 00:00:00,completed,organic_search,credit_card
4145,1138,2025-05-04 03:41:59,completed,organic_search,paypal
4146,5080,2024-07-22 00:00:00,completed,email,paypal
4147,6440,2024-03-17 16:52:52,completed,organic_search,debit_card
4148,3722,2025-05-27 00:00:00,completed,organic_search,credit_card
4149,6759,2025-09-14 00:00:00,completed,social_media,bank_transfer
4150,1551,2025-03-31 00:00:00,completed,organic_search,paypal
4151,1188,2024-08-31 00:00:00,completed,paid_search,bank_transfer
4152,7763,2025-07-10 00:00:00,completed,social_media,debit_card
4153,3134,2024-08-04 00:00:00,completed,organic_search,paypal
4154,3989,2025-01-22 00:00:00,completed,paid_search,credit_card
4155,8744,2024-06-30 00:00:00,completed,organic_search,bank_transfer
4156,3914,2024-07-21 00:00:00,returned,paid_search,debit_card
4157,34,2024-08-08 00:00:00,completed,social_media,paypal
4158,8654,2024-12-16 00:00:00,completed,email,bank_transfer
4159,145,2024-08-03 00:00:00,completed,direct,credit_card
4160,6135,2024-12-21 00:00:00,completed,paid_search,debit_card
4161,2997,2025-03-22 00:00:00,completed,direct,debit_card
4162,4347,2025-02-28 00:00:00,completed,social_media,bank_transfer
4163,5051,2024-12-14 00:00:00,completed,social_media,credit_card
4164,3760,2025-10-29 00:00:00,completed,referral,bank_transfer
4165,7150,2024-06-12 00:00:00,completed,email,paypal
4166,8596,2025-03-17 00:00:00,completed,paid_search,paypal
4167,844,2024-03-20 00:00:00,completed,organic_search,paypal
4168,7415,2024-03-30 00:00:00,cancelled,paid_search,credit_card
4169,1247,2025-05-06 00:00:00,completed,email,paypal
4170,778,2025-04-30 00:00:00,completed,paid_search,credit_card
4171,8822,2025-11-15 00:00:00,completed,social_media,debit_card
4172,4517,2025-04-25 00:00:00,returned,referral,bank_transfer
4173,1471,2025-12-17 00:00:00,returned,organic_search,debit_card
4174,5270,2024-03-05 00:00:00,completed,email,bank_transfer
4175,2474,2024-04-27 00:00:00,completed,organic_search,paypal
4176,4289,2024-02-29 16:04:46,completed,paid_search,debit_card
4177,5759,2024-07-22 00:00:00,completed,referral,paypal
4178,8044,2025-04-13 00:00:00,completed,direct,paypal
4179,29,2025-06-25 20:25:28,completed,paid_search,paypal
4180,2020,2024-02-03 00:00:00,completed,referral,credit_card
4181,943,2025-12-12 00:00:00,completed,organic_search,credit_card
4182,953,2025-10-31 21:54:53,completed,paid_search,credit_card
4183,8728,2024-10-27 00:00:00,completed,direct,credit_card
4184,8637,2024-05-04 00:00:00,completed,direct,bank_transfer
4185,6923,2024-07-07 00:00:00,completed,direct,bank_transfer
4186,5937,2024-05-25 16:47:08,completed,paid_search,bank_transfer
4187,7840,2024-05-21 00:00:00,completed,direct,debit_card
4188,577,2025-03-27 00:00:00,cancelled,email,bank_transfer
4189,1168,2024-09-16 00:00:00,completed,direct,credit_card
4190,2942,2024-02-12 00:00:00,completed,direct,debit_card
4191,7704,2025-12-28 00:00:00,completed,social_media,debit_card
4192,4365,2025-07-23 00:00:00,completed,referral,credit_card
4193,4655,2025-12-13 00:00:00,completed,organic_search,paypal
4194,2161,2024-09-06 00:00:00,completed,direct,paypal
4195,5993,2024-12-14 00:00:00,completed,direct,credit_card
4196,8211,2025-04-22 10:26:29,completed,referral,credit_card
4197,3046,2024-04-05 00:00:00,completed,paid_search,bank_transfer
4198,5707,2024-01-07 00:00:00,completed,social_media,debit_card
4199,3073,2025-07-13 13:27:09,completed,email,paypal
4200,7340,2025-06-22 00:00:00,completed,direct,debit_card
4201,4388,2024-12-28 04:42:52,cancelled,organic_search,paypal
4202,3137,2025-03-05 11:32:10,completed,organic_search,paypal
4203,3876,2024-12-30 20:51:13,completed,email,debit_card
4204,894,2024-03-02 00:00:00,completed,referral,bank_transfer
4205,8013,2024-11-19 00:00:00,completed,direct,paypal
4206,8843,2024-07-14 18:12:24,completed,paid_search,paypal
4207,4409,2024-04-27 00:00:00,completed,referral,credit_card
4208,2080,2025-12-16 00:00:00,completed,paid_search,paypal
4209,6157,2025-05-23 00:00:00,completed,organic_search,debit_card
4210,4176,2025-08-22 00:00:00,completed,paid_search,credit_card
4211,2372,2024-08-11 00:00:00,completed,social_media,bank_transfer
4212,379,2024-12-19 00:00:00,completed,email,credit_card
4213,8229,2024-08-09 00:00:00,completed,paid_search,bank_transfer
4214,7381,2024-04-25 19:19:11,completed,paid_search,debit_card
4215,7667,2024-07-16 19:01:38,completed,email,paypal
4216,4052,2025-10-05 00:00:00,completed,organic_search,bank_transfer
4217,6960,2025-07-18 00:00:00,completed,organic_search,debit_card
4218,5356,2025-04-17 00:00:00,completed,direct,credit_card
4219,3456,2025-02-21 23:53:10,completed,direct,paypal
4220,7793,2025-12-03 13:21:45,completed,referral,paypal
4221,-1,2024-04-01 00:00:00,completed,social_media,credit_card
4222,8325,2024-10-15 00:00:00,completed,direct,debit_card
4223,7169,2024-11-27 00:00:00,completed,direct,paypal
4224,6909,2025-09-26 00:00:00,returned,referral,paypal
4225,6011,2025-12-29 00:00:00,completed,email,paypal
4226,7893,2024-12-09 00:00:00,completed,direct,paypal
4227,4555,2025-11-13 00:00:00,completed,direct,credit_card
4228,1721,2025-10-24 00:00:00,completed,referral,debit_card
4229,7092,2024-08-29 18:43:54,completed,email,debit_card
4230,8507,2024-12-22 00:00:00,completed,direct,debit_card
4231,3155,2024-12-27 00:00:00,completed,social_media,bank_transfer
4232,7235,2025-12-24 00:00:00,completed,email,paypal
4233,2569,2024-07-18 00:00:00,completed,direct,credit_card
4234,8696,2025-10-06 00:00:00,completed,email,bank_transfer
4235,6333,2024-11-19 00:00:00,completed,direct,credit_card
4236,5262,2025-08-24 00:00:00,completed,organic_search,paypal
4237,7203,2025-01-02 00:00:00,completed,social_media,debit_card
4238,7525,2025-05-09 00:00:00,completed,email,bank_transfer
4239,8253,2025-10-25 00:00:00,completed,organic_search,debit_card
4240,8344,2025-09-10 00:00:00,completed,referral,debit_card
4241,515,2025-11-10 02:07:41,completed,paid_search,paypal
4242,1195,2024-03-17 17:55:47,completed,email,paypal
4243,7641,2025-07-28 00:00:00,completed,social_media,bank_transfer
4244,8731,2024-06-07 00:00:00,completed,referral,paypal
4245,2876,2024-12-30 00:00:00,completed,direct,credit_card
4246,84,2025-04-18 23:52:10,completed,referral,credit_card
4247,2996,2024-12-24 00:00:00,completed,paid_search,credit_card
4248,3534,2025-03-28 00:00:00,returned,referral,paypal
4249,7030,2025-12-30 00:00:00,completed,referral,bank_transfer
4250,465,2024-06-02 05:09:25,completed,paid_search,debit_card
4251,2007,2025-07-16 00:00:00,completed,email,credit_card
4252,8266,2024-12-21 00:00:00,cancelled,organic_search,bank_transfer
4253,1491,2024-05-31 00:00:00,completed,organic_search,credit_card
4254,7011,2024-06-26 00:00:00,completed,social_media,credit_card
4255,3330,2025-12-13 00:00:00,completed,referral,bank_transfer
4256,6139,2025-11-16 00:00:00,completed,direct,bank_transfer
4257,722,2025-11-27 16:20:59,completed,email,debit_card
4258,2686,2025-12-28 00:00:00,cancelled,organic_search,bank_transfer
4259,3921,2024-08-13 00:00:00,completed,organic_search,paypal
4260,7928,2024-12-01 00:00:00,completed,organic_search,credit_card
4261,5205,2025-12-07 00:00:00,completed,paid_search,paypal
4262,439,2025-01-03 00:00:00,completed,direct,bank_transfer
4263,7433,2024-12-31 00:00:00,completed,paid_search,bank_transfer
4264,535,2024-02-12 00:00:00,completed,email,bank_transfer
4265,8618,2025-05-19 07:38:55,completed,referral,credit_card
4266,1998,2025-07-05 00:00:00,returned,referral,credit_card
4267,4507,2024-06-28 00:00:00,completed,social_media,credit_card
4268,708,2025-02-18 00:00:00,completed,organic_search,credit_card
4269,5186,2025-04-21 00:00:00,completed,referral,debit_card
4270,4589,2025-03-05 00:00:00,completed,social_media,credit_card
4271,3771,2024-08-15 12:42:40,completed,referral,paypal
4272,355,2025-08-31 00:00:00,completed,social_media,paypal
4273,8129,2024-04-02 00:00:00,completed,organic_search,credit_card
4274,7441,2024-11-30 00:00:00,completed,direct,paypal
4275,5836,2025-09-24 00:00:00,completed,email,bank_transfer
4276,5291,2025-04-29 00:00:00,completed,paid_search,credit_card
4277,6437,2024-09-29 00:00:00,completed,direct,bank_transfer
4278,1380,2025-07-30 00:00:00,cancelled,email,bank_transfer
4279,8613,2025-05-01 00:00:00,completed,email,debit_card
4280,2672,2025-04-10 00:00:00,completed,referral,paypal
4281,6079,2025-08-26 00:00:00,completed,paid_search,credit_card
4282,5594,2025-05-31 00:00:00,completed,direct,bank_transfer
4283,5865,2025-04-03 00:00:00,completed,email,debit_card
4284,8129,2024-05-31 00:00:00,completed,social_media,bank_transfer
4285,2759,2024-09-29 00:00:00,cancelled,referral,paypal
4286,6921,2025-01-01 00:00:00,completed,direct,paypal
4287,5518,2025-05-23 00:00:00,completed,direct,bank_transfer
4288,745,2025-03-24 00:00:00,cancelled,paid_search,paypal
4289,3814,2024-10-21 00:00:00,completed,direct,bank_transfer
4290,7748,2024-01-10 00:00:00,completed,social_media,debit_card
4291,2924,2025-03-10 00:00:00,completed,organic_search,credit_card
4292,4461,2024-10-19 04:52:18,completed,direct,debit_card
4293,4512,2025-08-26 00:00:00,completed,email,debit_card
4294,5695,2024-02-03 00:00:00,returned,email,paypal
4295,8179,2025-05-13 00:00:00,cancelled,social_media,credit_card
4296,1647,2025-12-10 00:00:00,completed,email,credit_card
4297,4666,2024-07-11 00:00:00,completed,social_media,debit_card
4298,3917,2025-02-18 00:00:00,completed,email,debit_card
4299,2759,2024-04-20 00:00:00,completed,paid_search,debit_card
4300,8509,2025-06-11 05:09:00,cancelled,social_media,credit_card
4301,82,2025-04-19 00:00:00,completed,direct,bank_transfer
4302,1188,2024-12-26 00:00:00,completed,direct,paypal
4303,6777,2025-03-29 00:00:00,completed,direct,bank_transfer
4304,2477,2025-11-23 00:00:00,completed,referral,paypal
4305,6679,2024-08-02 11:10:54,completed,paid_search,bank_transfer
4306,7703,2024-01-02 00:00:00,returned,direct,debit_card
4307,2395,2025-08-11 00:00:00,completed,email,bank_transfer
4308,1821,2025-05-08 00:00:00,completed,organic_search,debit_card
4309,1393,2025-11-20 00:00:00,completed,paid_search,debit_card
4310,1902,2025-05-22 00:00:00,cancelled,organic_search,debit_card
4311,2515,2025-12-10 00:00:00,cancelled,organic_search,paypal
4312,8039,2025-11-01 00:00:00,completed,email,bank_transfer
4313,7110,2025-05-09 00:00:00,completed,direct,bank_transfer
4314,18,2025-11-29 00:00:00,completed,email,credit_card
4315,8087,2025-05-04 20:10:04,completed,paid_search,paypal
4316,765,2024-07-18 00:00:00,completed,paid_search,paypal
4317,6066,2024-05-10 00:00:00,completed,direct,debit_card
4318,1455,2024-08-04 00:00:00,completed,social_media,credit_card
4319,605,2024-09-17 00:00:00,completed,social_media,bank_transfer
4320,7016,2024-03-11 00:00:00,completed,email,credit_card
4321,4311,2025-04-23 00:00:00,completed,direct,bank_transfer
4322,5524,2025-05-16 00:00:00,completed,direct,bank_transfer
4323,3924,2025-01-08 00:00:00,completed,organic_search,paypal
4324,657,2025-03-06 00:00:00,completed,email,bank_transfer
4325,6837,2024-04-10 22:27:53,completed,organic_search,paypal
4326,7594,2024-04-16 00:00:00,completed,organic_search,bank_transfer
4327,409,2024-09-07 00:00:00,completed,paid_search,credit_card
4328,3466,2025-03-27 00:00:00,cancelled,direct,paypal
4329,5145,2024-08-19 00:22:56,completed,referral,paypal
4330,5579,2024-10-17 01:38:59,completed,email,paypal
4331,5348,2024-12-23 00:00:00,returned,direct,bank_transfer
4332,6421,2025-10-13 00:00:00,completed,email,paypal
4333,8923,2024-01-20 20:05:53,completed,organic_search,paypal
4334,3597,2025-06-28 00:00:00,completed,direct,credit_card
4335,5140,2025-07-12 00:00:00,completed,social_media,debit_card
4336,6472,2025-10-05 00:00:00,completed,organic_search,paypal
4337,5457,2025-07-12 00:00:00,cancelled,social_media,debit_card
4338,3561,2024-01-29 07:40:19,completed,direct,bank_transfer
4339,5750,2024-06-21 00:00:00,completed,email,debit_card
4340,6011,2025-11-18 00:00:00,completed,email,credit_card
4341,5374,2025-07-02 00:00:00,completed,email,bank_transfer
4342,1938,2025-04-29 00:00:00,completed,organic_search,credit_card
4343,4681,2025-07-07 07:56:44,completed,organic_search,debit_card
4344,8183,2025-07-19 00:00:00,completed,paid_search,credit_card
4345,8039,2025-06-12 00:00:00,completed,organic_search,bank_transfer
4346,6938,2025-12-30 00:00:00,completed,social_media,paypal
4347,6452,2025-08-16 10:17:23,completed,organic_search,debit_card
4348,1479,2024-10-20 00:00:00,completed,direct,bank_transfer
4349,4238,2025-11-16 00:00:00,completed,social_media,paypal
4350,1087,2024-03-06 21:58:11,completed,direct,bank_transfer
4351,7569,2024-03-09 00:00:00,completed,social_media,bank_transfer
4352,2724,2025-11-23 00:00:00,completed,organic_search,credit_card
4353,7079,2024-09-25 00:00:00,cancelled,email,credit_card
4354,7541,2024-08-25 00:00:00,completed,organic_search,paypal
4355,8253,2024-06-05 21:18:44,completed,organic_search,bank_transfer
4356,6968,2025-07-11 00:00:00,completed,email,credit_card
4357,5216,2025-03-13 00:00:00,completed,email,bank_transfer
4358,5517,2025-07-16 00:00:00,completed,paid_search,bank_transfer
4359,2977,2024-09-10 00:00:00,completed,organic_search,credit_card
4360,1673,2025-09-10 00:00:00,returned,referral,bank_transfer
4361,1266,2025-09-12 00:00:00,completed,direct,bank_transfer
4362,1725,2024-11-07 00:00:00,completed,referral,credit_card
4363,8613,2024-12-28 00:00:00,completed,organic_search,debit_card
4364,1559,2024-08-15 00:00:00,completed,referral,bank_transfer
4365,6685,2025-12-23 00:00:00,completed,referral,credit_card
4366,1752,2025-06-25 00:00:00,completed,social_media,debit_card
4367,8997,2025-12-07 19:02:21,cancelled,referral,debit_card
4368,3376,2024-11-02 19:07:38,completed,social_media,credit_card
4369,3791,2025-09-25 00:00:00,completed,email,bank_transfer
4370,3721,2025-09-15 00:00:00,completed,organic_search,credit_card
4371,7563,2025-07-28 06:54:30,completed,email,credit_card
4372,2060,2025-12-19 00:00:00,completed,social_media,paypal
4373,7687,2024-12-19 00:00:00,completed,email,bank_transfer
4374,6085,2024-05-29 13:53:54,completed,referral,credit_card
4375,2068,2025-07-13 09:12:41,cancelled,direct,paypal
4376,637,2025-08-23 00:00:00,completed,email,bank_transfer
4377,7158,2025-05-07 00:00:00,completed,referral,bank_transfer
4378,2060,2024-08-12 14:52:45,completed,direct,bank_transfer
4379,8222,2025-03-17 00:00:00,completed,referral,credit_card
4380,1258,2024-11-06 00:00:00,returned,paid_search,bank_transfer
4381,5680,2025-01-09 00:00:00,completed,social_media,debit_card
4382,6419,2025-06-25 00:00:00,completed,referral,bank_transfer
4383,6092,2025-09-02 00:00:00,completed,organic_search,paypal
4384,2929,2024-09-04 18:35:37,returned,referral,bank_transfer
4385,8096,2024-12-25 00:00:00,completed,paid_search,paypal
4386,7109,2024-10-06 00:00:00,completed,social_media,bank_transfer
4387,4724,2024-04-08 00:00:00,completed,direct,debit_card
4388,5561,2025-09-26 00:00:00,completed,email,debit_card
4389,5230,2025-11-28 00:00:00,completed,referral,debit_card
4390,8737,2024-12-08 00:00:00,completed,organic_search,paypal
4391,8289,2025-06-09 00:00:00,completed,organic_search,debit_card
4392,2215,2025-11-23 00:00:00,completed,organic_search,paypal
4393,2469,2025-11-02 00:00:00,completed,direct,bank_transfer
4394,-1,2024-07-20 00:00:00,completed,referral,credit_card
4395,2225,2025-12-15 00:00:00,returned,paid_search,debit_card
4396,8796,2024-11-12 00:00:00,completed,organic_search,bank_transfer
4397,6008,2024-11-22 01:33:25,returned,organic_search,paypal
4398,489,2024-03-20 00:00:00,completed,social_media,bank_transfer
4399,3103,2025-02-03 00:00:00,completed,organic_search,credit_card
4400,4396,2024-05-07 00:00:00,returned,paid_search,debit_card
4401,7710,2024-09-18 00:00:00,completed,email,debit_card
4402,3037,2024-09-11 00:00:00,completed,email,bank_transfer
4403,-1,2025-10-11 00:00:00,completed,referral,debit_card
4404,8515,2025-11-14 00:00:00,completed,direct,credit_card
4405,767,2024-11-01 00:00:00,completed,paid_search,paypal
4406,5087,2025-11-07 12:57:22,returned,email,paypal
4407,4662,2025-06-11 00:00:00,completed,referral,bank_transfer
4408,566,2025-09-14 00:00:00,completed,paid_search,paypal
4409,858,2024-06-14 00:00:00,completed,organic_search,credit_card
4410,3525,2025-07-27 00:00:00,completed,email,paypal
4411,1301,2025-12-11 00:00:00,completed,social_media,bank_transfer
4412,4415,2025-07-21 00:00:00,cancelled,paid_search,credit_card
4413,5613,2024-11-17 00:00:00,completed,paid_search,debit_card
4414,6416,2025-03-14 00:00:00,completed,direct,credit_card
4415,5045,2025-06-25 00:00:00,completed,paid_search,credit_card
4416,3503,2025-03-21 00:00:00,completed,paid_search,credit_card
4417,1257,2024-05-18 00:00:00,completed,email,paypal
4418,2325,2024-06-11 00:00:00,completed,direct,paypal
4419,3868,2025-08-10 00:00:00,cancelled,email,credit_card
4420,8549,2025-11-08 00:00:00,completed,email,paypal
4421,1922,2024-06-04 00:00:00,completed,social_media,bank_transfer
4422,3804,2025-12-14 00:00:00,completed,organic_search,paypal
4423,6767,2024-11-16 00:00:00,completed,email,credit_card
4424,6521,2025-07-07 00:00:00,completed,referral,credit_card
4425,8909,2025-09-06 00:00:00,completed,direct,paypal
4426,1813,2025-10-13 00:00:00,cancelled,direct,paypal
4427,168,2025-12-12 00:00:00,completed,email,debit_card
4428,2992,2024-11-07 00:00:00,completed,social_media,credit_card
4429,1435,2025-07-11 00:00:00,completed,direct,debit_card
4430,5059,2024-05-30 00:00:00,completed,email,credit_card
4431,8318,2025-08-06 10:37:40,completed,organic_search,debit_card
4432,6386,2025-08-31 00:00:00,completed,social_media,credit_card
4433,1316,2025-07-18 00:00:00,completed,email,credit_card
4434,1136,2024-09-22 00:00:00,completed,paid_search,credit_card
4435,8445,2025-11-13 00:00:00,cancelled,organic_search,paypal
4436,4503,2024-07-06 00:00:00,completed,organic_search,bank_transfer
4437,8546,2024-03-11 00:00:00,completed,email,paypal
4438,6808,2025-08-15 00:00:00,completed,social_media,paypal
4439,-1,2025-02-22 00:00:00,cancelled,paid_search,debit_card
4440,8052,2025-11-03 05:48:17,completed,social_media,credit_card
4441,3814,2024-12-14 00:00:00,completed,email,credit_card
4442,7003,2024-07-05 00:00:00,completed,referral,paypal
4443,4356,2025-10-27 00:00:00,completed,direct,bank_transfer
4444,2194,2025-04-18 00:00:00,completed,social_media,credit_card
4445,2270,2024-07-26 00:00:00,completed,email,credit_card
4446,3648,2025-08-16 00:00:00,completed,social_media,credit_card
4447,1092,2025-03-22 18:49:37,cancelled,referral,debit_card
4448,1682,2025-05-27 00:00:00,completed,paid_search,paypal
4449,4626,2025-09-02 00:00:00,cancelled,organic_search,debit_card
4450,8800,2025-10-23 00:00:00,completed,organic_search,credit_card
4451,5343,2025-10-24 05:54:38,completed,social_media,debit_card
4452,-1,2025-08-09 19:59:40,completed,direct,paypal
4453,2286,2024-05-04 19:02:31,completed,direct,debit_card
4454,1860,2025-10-29 00:00:00,completed,direct,credit_card
4455,6100,2025-07-13 10:59:43,completed,referral,credit_card
4456,7842,2025-08-01 19:33:20,completed,email,paypal
4457,3663,2024-12-04 00:00:00,completed,paid_search,credit_card
4458,5077,2025-11-15 00:00:00,completed,referral,credit_card
4459,6535,2025-08-20 05:55:40,cancelled,direct,credit_card
4460,576,2024-05-11 23:24:19,completed,social_media,bank_transfer
4461,3238,2024-12-26 00:00:00,completed,organic_search,bank_transfer
4462,6743,2025-11-18 20:06:18,completed,paid_search,debit_card
4463,6347,2024-03-03 09:37:06,completed,organic_search,credit_card
4464,521,2025-12-17 00:00:00,completed,organic_search,paypal
4465,2237,2025-07-19 00:00:00,returned,email,bank_transfer
4466,6294,2025-06-15 00:00:00,completed,direct,debit_card
4467,2544,2024-10-07 00:00:00,completed,paid_search,paypal
4468,7540,2024-09-19 17:53:34,cancelled,social_media,credit_card
4469,295,2025-12-10 01:30:29,completed,direct,paypal
4470,1808,2024-10-29 00:00:00,completed,organic_search,debit_card
4471,2643,2025-09-21 00:00:00,cancelled,paid_search,debit_card
4472,8562,2024-12-19 00:00:00,completed,direct,bank_transfer
4473,7378,2024-06-06 00:00:00,cancelled,organic_search,credit_card
4474,8181,2024-01-16 00:00:00,completed,direct,debit_card
4475,4057,2025-04-15 00:00:00,completed,direct,credit_card
4476,7610,2025-12-23 00:00:00,completed,referral,credit_card
4477,7891,2024-07-12 00:00:00,completed,referral,paypal
4478,3676,2024-12-01 00:00:00,cancelled,direct,credit_card
4479,-1,2024-11-24 00:00:00,completed,paid_search,debit_card
4480,7869,2025-03-29 12:26:42,completed,email,bank_transfer
4481,8985,2025-01-21 05:13:02,completed,direct,credit_card
4482,8018,2025-11-16 00:00:00,cancelled,email,debit_card
4483,7170,2025-03-17 00:00:00,completed,organic_search,debit_card
4484,8711,2025-03-19 00:00:00,completed,paid_search,paypal
4485,3873,2024-05-06 00:00:00,completed,referral,debit_card
4486,7239,2025-12-25 00:00:00,completed,paid_search,bank_transfer
4487,2010,2024-09-20 00:00:00,completed,organic_search,credit_card
4488,6772,2024-01-04 00:00:00,completed,direct,debit_card
4489,7261,2025-07-07 00:00:00,completed,referral,credit_card
4490,6614,2025-05-21 00:00:00,completed,organic_search,debit_card
4491,7857,2024-12-30 15:36:38,completed,social_media,debit_card
4492,3804,2025-04-01 00:00:00,completed,email,credit_card
4493,5032,2025-09-27 00:00:00,completed,social_media,credit_card
4494,105,2024-02-08 00:00:00,completed,referral,credit_card
4495,1400,2025-10-18 00:00:00,completed,referral,credit_card
4496,5945,2025-06-27 00:00:00,completed,social_media,bank_transfer
4497,5192,2025-01-01 00:00:00,completed,direct,credit_card
4498,1874,2025-02-06 00:00:00,completed,paid_search,paypal
4499,2292,2024-09-25 00:00:00,completed,social_media,paypal
4500,3179,2025-06-09 00:00:00,completed,direct,bank_transfer
4501,6613,2025-03-23 00:00:00,completed,paid_search,paypal
4502,5621,2024-11-11 00:00:00,completed,paid_search,credit_card
4503,682,2025-05-21 10:28:49,completed,organic_search,credit_card
4504,7017,2025-12-30 09:06:40,completed,social_media,debit_card
4505,2467,2025-01-16 00:00:00,completed,social_media,bank_transfer
4506,6215,2025-12-02 00:00:00,completed,paid_search,debit_card
4507,1196,2024-11-25 00:00:00,completed,email,paypal
4508,-1,2024-12-03 00:00:00,completed,social_media,debit_card
4509,779,2024-10-08 00:00:00,completed,referral,debit_card
4510,6859,2025-01-01 00:00:00,completed,organic_search,paypal
4511,5001,2024-08-24 00:00:00,completed,direct,bank_transfer
4512,838,2024-01-01 21:01:30,cancelled,email,bank_transfer
4513,272,2025-11-30 00:00:00,completed,organic_search,debit_card
4514,3343,2025-11-01 00:00:00,cancelled,social_media,paypal
4515,7437,2025-08-31 00:00:00,completed,social_media,paypal
4516,406,2024-07-05 16:27:31,completed,social_media,bank_transfer
4517,6519,2024-05-19 00:00:00,completed,direct,credit_card
4518,6067,2024-03-26 00:00:00,completed,paid_search,credit_card
4519,2500,2025-08-19 00:00:00,completed,social_media,bank_transfer
4520,755,2025-12-05 00:00:00,completed,social_media,debit_card
4521,8466,2025-01-12 01:50:39,completed,direct,paypal
4522,2802,2024-05-18 00:41:18,completed,social_media,debit_card
4523,1091,2025-03-23 00:00:00,completed,social_media,debit_card
4524,6313,2024-11-27 20:24:25,completed,social_media,debit_card
4525,2045,2024-12-10 00:00:00,completed,direct,credit_card
4526,4392,2025-06-08 11:39:01,completed,direct,credit_card
4527,492,2025-08-15 00:00:00,completed,paid_search,bank_transfer
4528,-1,2024-05-09 00:00:00,completed,email,bank_transfer
4529,4136,2024-02-18 00:00:00,completed,referral,debit_card
4530,-1,2025-12-29 00:00:00,completed,organic_search,debit_card
4531,3556,2024-09-05 15:52:28,completed,paid_search,credit_card
4532,3208,2024-11-03 00:00:00,cancelled,organic_search,credit_card
4533,8466,2024-07-27 00:00:00,completed,organic_search,bank_transfer
4534,3045,2024-02-22 00:00:00,completed,referral,debit_card
4535,3987,2024-12-19 00:00:00,completed,social_media,debit_card
4536,760,2025-08-10 00:00:00,completed,email,debit_card
4537,8819,2024-11-23 00:00:00,completed,email,credit_card
4538,828,2025-01-25 22:58:00,cancelled,direct,bank_transfer
4539,7117,2025-07-16 00:00:00,completed,direct,debit_card
4540,4976,2025-03-20 00:00:00,cancelled,social_media,credit_card
4541,601,2025-11-08 16:21:36,completed,email,paypal
4542,16,2025-10-11 00:00:00,completed,social_media,paypal
4543,8632,2024-01-14 00:00:00,completed,direct,debit_card
4544,6864,2025-09-23 04:37:17,cancelled,referral,bank_transfer
4545,6365,2025-02-09 00:00:00,completed,social_media,credit_card
4546,4040,2025-12-27 00:00:00,completed,paid_search,credit_card
4547,2245,2025-02-28 00:00:00,completed,email,credit_card
4548,6292,2025-12-27 00:00:00,completed,email,bank_transfer
4549,5608,2025-08-09 00:00:00,completed,referral,debit_card
4550,6712,2024-09-18 00:00:00,completed,email,paypal
4551,3370,2025-04-11 17:18:29,completed,organic_search,paypal
4552,-1,2025-12-29 00:00:00,completed,email,debit_card
4553,655,2025-11-06 00:00:00,completed,email,debit_card
4554,774,2024-04-26 00:00:00,completed,direct,credit_card
4555,8483,2025-08-07 00:00:00,completed,paid_search,debit_card
4556,5984,2024-11-25 05:26:24,completed,social_media,credit_card
4557,3020,2024-01-10 00:00:00,completed,email,paypal
4558,7039,2024-12-24 00:00:00,completed,social_media,paypal
4559,4177,2024-09-07 04:35:50,completed,social_media,debit_card
4560,215,2025-10-17 00:00:00,completed,organic_search,paypal
4561,6022,2024-11-20 20:30:39,cancelled,direct,bank_transfer
4562,2291,2025-10-22 00:00:00,completed,referral,credit_card
4563,1129,2024-01-01 00:18:45,returned,referral,bank_transfer
4564,2118,2024-11-04 00:00:00,cancelled,organic_search,debit_card
4565,4396,2024-12-09 00:00:00,cancelled,referral,bank_transfer
4566,486,2024-06-09 00:00:00,completed,email,credit_card
4567,8170,2024-03-27 00:00:00,completed,email,credit_card
4568,5173,2024-07-24 23:12:34,completed,referral,paypal
4569,2739,2025-04-23 20:39:58,completed,direct,debit_card
4570,6371,2024-10-23 00:00:00,completed,direct,paypal
4571,7458,2024-12-31 00:00:00,completed,referral,paypal
4572,5663,2024-11-12 00:00:00,completed,social_media,credit_card
4573,1922,2025-11-14 00:00:00,completed,organic_search,debit_card
4574,1079,2025-11-26 00:00:00,cancelled,social_media,paypal
4575,7948,2025-08-03 00:00:00,completed,organic_search,credit_card
4576,2207,2024-11-16 00:00:00,cancelled,email,debit_card
4577,205,2024-05-05 00:00:00,completed,referral,credit_card
4578,5935,2025-12-14 00:46:48,completed,paid_search,bank_transfer
4579,-1,2024-03-18 00:00:00,completed,direct,paypal
4580,-1,2024-10-28 00:00:00,completed,email,bank_transfer
4581,8045,2024-10-29 00:00:00,completed,social_media,credit_card
4582,5609,2024-11-11 17:16:07,completed,email,debit_card
4583,7717,2024-01-07 00:00:00,completed,organic_search,bank_transfer
4584,4349,2025-09-26 04:46:46,completed,paid_search,paypal
4585,7297,2024-05-21 00:00:00,completed,referral,bank_transfer
4586,5971,2025-06-17 00:00:00,cancelled,referral,bank_transfer
4587,289,2024-05-22 00:00:00,cancelled,paid_search,paypal
4588,8757,2024-03-29 00:00:00,completed,email,debit_card
4589,7960,2025-11-28 19:23:50,completed,organic_search,credit_card
4590,8795,2024-07-27 00:00:00,completed,direct,bank_transfer
4591,6758,2025-10-19 00:00:00,completed,social_media,debit_card
4592,3791,2025-04-15 03:23:48,cancelled,referral,paypal
4593,1956,2024-04-06 00:00:00,completed,paid_search,debit_card
4594,1703,2025-12-15 00:00:00,completed,email,paypal
4595,1390,2024-09-17 03:33:42,cancelled,organic_search,paypal
4596,2073,2025-07-11 00:00:00,completed,referral,credit_card
4597,5077,2024-06-07 00:00:00,completed,social_media,debit_card
4598,6337,2025-11-05 01:58:55,completed,organic_search,debit_card
4599,2909,2024-01-19 00:00:00,completed,organic_search,debit_card
4600,5062,2025-03-22 00:00:00,completed,paid_search,credit_card
4601,3154,2025-09-17 00:00:00,completed,email,credit_card
4602,6446,2025-07-12 00:00:00,completed,organic_search,bank_transfer
4603,-1,2025-11-28 00:00:00,completed,paid_search,credit_card
4604,6390,2025-10-18 00:51:02,completed,organic_search,credit_card
4605,582,2025-11-19 00:00:00,completed,referral,debit_card
4606,4408,2024-08-05 00:00:00,completed,email,bank_transfer
4607,7115,2024-10-18 14:50:09,completed,paid_search,bank_transfer
4608,5010,2024-10-21 00:00:00,completed,referral,bank_transfer
4609,8779,2024-12-11 00:00:00,completed,social_media,debit_card
4610,537,2024-12-19 04:50:28,completed,paid_search,debit_card
4611,2725,2025-04-15 00:00:00,completed,paid_search,paypal
4612,2073,2024-06-27 00:00:00,completed,paid_search,bank_transfer
4613,7087,2025-07-27 00:00:00,completed,referral,credit_card
4614,4848,2024-07-05 09:38:54,completed,organic_search,paypal
4615,1332,2024-11-05 00:00:00,completed,paid_search,paypal
4616,2679,2025-03-16 00:00:00,completed,social_media,credit_card
4617,4834,2025-10-04 00:00:00,returned,social_media,paypal
4618,-1,2025-08-29 00:00:00,completed,organic_search,bank_transfer
4619,3357,2025-06-25 00:00:00,completed,organic_search,paypal
4620,1496,2024-06-23 00:00:00,completed,social_media,debit_card
4621,4587,2025-04-17 00:00:00,cancelled,email,bank_transfer
4622,2890,2024-04-16 00:00:00,completed,social_media,paypal
4623,5229,2024-11-12 00:00:00,completed,paid_search,paypal
4624,4307,2024-12-29 00:00:00,completed,organic_search,bank_transfer
4625,6394,2024-02-23 06:25:03,cancelled,social_media,paypal
4626,8466,2024-10-10 00:00:00,completed,referral,bank_transfer
4627,1907,2025-12-15 00:00:00,completed,social_media,credit_card
4628,7602,2025-12-14 00:00:00,completed,referral,debit_card
4629,8761,2024-11-29 14:01:26,completed,paid_search,paypal
4630,3444,2024-02-27 09:17:15,completed,organic_search,paypal
4631,1117,2024-07-16 00:00:00,cancelled,social_media,debit_card
4632,7607,2024-12-19 00:00:00,completed,referral,debit_card
4633,6492,2025-12-12 00:00:00,completed,email,bank_transfer
4634,2008,2024-06-08 04:33:16,completed,email,bank_transfer
4635,4107,2025-09-14 11:14:54,completed,referral,paypal
4636,5347,2024-07-05 00:00:00,completed,email,credit_card
4637,1611,2025-12-25 00:00:00,completed,paid_search,debit_card
4638,6597,2024-12-14 00:00:00,completed,direct,credit_card
4639,6398,2025-09-21 00:00:00,completed,referral,credit_card
4640,8205,2024-11-23 00:00:00,completed,direct,debit_card
4641,5241,2025-06-12 21:38:15,completed,email,bank_transfer
4642,5308,2024-07-29 00:00:00,completed,organic_search,credit_card
4643,5708,2024-06-13 00:00:00,completed,social_media,credit_card
4644,2570,2025-12-09 20:59:53,completed,referral,credit_card
4645,7005,2025-12-01 00:00:00,completed,social_media,bank_transfer
4646,6137,2025-11-19 00:00:00,completed,direct,bank_transfer
4647,7761,2025-06-11 00:00:00,completed,paid_search,credit_card
4648,7098,2025-10-11 03:03:08,completed,referral,paypal
4649,5887,2024-03-28 00:00:00,completed,email,bank_transfer
4650,1528,2024-11-19 00:00:00,completed,paid_search,bank_transfer
4651,8505,2024-11-07 21:27:09,completed,referral,debit_card
4652,3382,2025-06-18 00:00:00,completed,paid_search,credit_card
4653,8897,2024-01-12 00:00:00,completed,paid_search,credit_card
4654,3696,2024-06-16 00:00:00,cancelled,direct,bank_transfer
4655,1398,2025-05-21 00:00:00,returned,organic_search,paypal
4656,8187,2025-10-15 00:00:00,completed,organic_search,paypal
4657,7364,2024-12-14 00:00:00,completed,paid_search,debit_card
4658,7271,2024-05-30 00:00:00,cancelled,organic_search,paypal
4659,873,2024-08-02 23:58:53,completed,organic_search,debit_card
4660,8130,2024-09-09 00:00:00,completed,paid_search,credit_card
4661,5497,2024-10-30 00:00:00,cancelled,social_media,bank_transfer
4662,4347,2025-06-23 00:00:00,completed,organic_search,credit_card
4663,8458,2025-05-24 00:00:00,completed,direct,paypal
4664,6166,2025-07-31 00:00:00,completed,social_media,bank_transfer
4665,1288,2024-12-04 00:00:00,completed,social_media,credit_card
4666,4810,2025-10-20 00:00:00,returned,social_media,debit_card
4667,5865,2024-08-09 00:00:00,cancelled,paid_search,bank_transfer
4668,8316,2025-02-16 00:00:00,completed,email,debit_card
4669,2630,2025-10-07 09:48:39,completed,email,paypal
4670,7356,2024-07-17 15:54:14,completed,organic_search,debit_card
4671,7411,2024-08-05 00:00:00,completed,referral,bank_transfer
4672,1242,2025-11-17 00:00:00,completed,email,paypal
4673,177,2024-11-24 00:00:00,completed,social_media,paypal
4674,5356,2025-07-22 00:00:00,returned,paid_search,debit_card
4675,7309,2024-05-02 00:00:00,completed,organic_search,paypal
4676,5117,2025-07-27 00:00:00,completed,referral,paypal
4677,7527,2024-11-09 00:00:00,completed,social_media,paypal
4678,5734,2024-03-13 00:00:00,returned,email,paypal
4679,6047,2025-05-31 00:00:00,completed,organic_search,credit_card
4680,284,2024-12-09 00:00:00,completed,referral,paypal
4681,866,2024-12-16 11:15:22,completed,email,bank_transfer
4682,6700,2024-04-09 00:00:00,completed,email,paypal
4683,7045,2024-06-14 18:05:50,completed,social_media,debit_card
4684,5009,2024-10-29 00:00:00,completed,referral,bank_transfer
4685,5430,2024-04-18 00:00:00,completed,paid_search,bank_transfer
4686,5666,2025-11-29 00:00:00,completed,direct,bank_transfer
4687,1024,2024-01-09 00:00:00,completed,email,bank_transfer
4688,6181,2025-03-01 00:00:00,completed,referral,credit_card
4689,4420,2024-05-21 00:00:00,cancelled,email,credit_card
4690,5553,2024-04-11 00:00:00,completed,organic_search,paypal
4691,5202,2025-12-04 20:58:27,completed,direct,credit_card
4692,7046,2024-06-29 02:15:27,completed,referral,credit_card
4693,2958,2025-12-19 00:00:00,completed,direct,bank_transfer
4694,3443,2024-08-11 04:20:46,completed,direct,debit_card
4695,3601,2025-08-31 00:00:00,completed,referral,paypal
4696,7045,2025-04-17 00:00:00,completed,direct,debit_card
4697,3981,2025-11-18 00:00:00,completed,email,debit_card
4698,1674,2025-04-22 00:00:00,cancelled,direct,debit_card
4699,-1,2025-04-08 21:09:57,completed,email,bank_transfer
4700,4558,2024-08-01 00:00:00,completed,paid_search,paypal
4701,1067,2024-03-07 00:00:00,completed,direct,paypal
4702,6204,2025-12-01 00:00:00,completed,social_media,credit_card
4703,6834,2024-11-15 00:00:00,completed,referral,credit_card
4704,4621,2024-09-12 00:00:00,completed,paid_search,bank_transfer
4705,5971,2025-11-09 00:00:00,completed,email,bank_transfer
4706,1638,2024-11-21 11:28:04,completed,organic_search,debit_card
4707,3389,2025-12-14 00:00:00,completed,paid_search,paypal
4708,1538,2025-08-28 21:54:34,completed,social_media,bank_transfer
4709,3567,2025-05-22 00:00:00,completed,organic_search,paypal
4710,5198,2025-11-16 00:00:00,completed,email,bank_transfer
4711,4079,2024-06-03 00:00:00,completed,paid_search,paypal
4712,5464,2024-09-26 00:00:00,completed,paid_search,debit_card
4713,4638,2025-02-12 00:00:00,completed,email,debit_card
4714,2950,2024-08-31 00:00:00,completed,email,paypal
4715,1375,2025-01-09 00:00:00,completed,organic_search,bank_transfer
4716,2375,2025-02-12 00:00:00,completed,social_media,debit_card
4717,1908,2025-05-01 00:00:00,completed,organic_search,debit_card
4718,6543,2024-11-23 04:16:59,cancelled,paid_search,debit_card
4719,7591,2025-12-17 00:00:00,completed,organic_search,bank_transfer
4720,6649,2025-01-25 00:00:00,completed,email,bank_transfer
4721,5943,2025-05-03 00:00:00,completed,social_media,debit_card
4722,2877,2024-11-28 00:00:00,completed,email,bank_transfer
4723,6578,2025-11-28 17:39:16,cancelled,referral,credit_card
4724,5579,2025-02-05 00:00:00,completed,email,bank_transfer
4725,458,2025-09-13 00:00:00,completed,email,credit_card
4726,8402,2025-10-13 07:40:33,completed,paid_search,debit_card
4727,775,2024-11-23 00:00:00,cancelled,organic_search,credit_card
4728,4648,2025-01-15 00:00:00,completed,paid_search,paypal
4729,4747,2025-11-03 05:10:42,completed,direct,debit_card
4730,7740,2024-12-04 00:00:00,completed,email,bank_transfer
4731,8457,2025-03-10 00:00:00,completed,email,paypal
4732,8669,2025-12-10 00:00:00,completed,referral,bank_transfer
4733,5267,2025-09-06 00:00:00,completed,referral,paypal
4734,6283,2025-08-31 01:57:05,completed,referral,debit_card
4735,866,2025-10-09 00:00:00,completed,organic_search,debit_card
4736,4507,2025-11-01 00:00:00,completed,social_media,credit_card
4737,8307,2024-12-20 00:00:00,completed,email,bank_transfer
4738,4205,2024-03-08 00:00:00,completed,paid_search,paypal
4739,682,2024-12-23 00:00:00,completed,paid_search,credit_card
4740,1908,2025-07-15 00:00:00,completed,referral,credit_card
4741,3963,2025-01-30 00:00:00,completed,paid_search,debit_card
4742,2233,2025-05-09 00:00:00,cancelled,social_media,paypal
4743,3609,2024-12-01 00:00:00,completed,organic_search,bank_transfer
4744,3082,2025-06-17 00:00:00,cancelled,organic_search,debit_card
4745,2962,2024-07-23 00:00:00,completed,paid_search,debit_card
4746,893,2025-05-09 00:00:00,completed,paid_search,paypal
4747,8166,2025-04-16 10:07:25,completed,paid_search,debit_card
4748,6420,2024-09-08 00:00:00,completed,organic_search,credit_card
4749,5743,2024-10-24 00:00:00,completed,direct,credit_card
4750,5591,2025-09-04 00:00:00,returned,organic_search,bank_transfer
4751,3643,2025-02-28 00:00:00,completed,direct,paypal
4752,7616,2024-08-21 00:00:00,cancelled,referral,paypal
4753,8596,2025-12-20 00:00:00,completed,direct,debit_card
4754,56,2025-08-13 00:00:00,completed,social_media,credit_card
4755,769,2025-12-16 00:00:00,completed,organic_search,credit_card
4756,6247,2025-01-09 00:00:00,completed,paid_search,credit_card
4757,2221,2025-02-21 00:00:00,completed,email,debit_card
4758,8448,2025-11-23 00:00:00,completed,social_media,paypal
4759,6176,2025-01-04 00:00:00,completed,social_media,paypal
4760,3393,2025-08-08 00:00:00,completed,social_media,paypal
4761,3824,2024-09-22 00:00:00,completed,social_media,bank_transfer
4762,6411,2025-01-27 08:36:22,completed,organic_search,debit_card
4763,1356,2024-05-22 00:00:00,completed,paid_search,credit_card
4764,8171,2024-08-11 00:00:00,completed,social_media,bank_transfer
4765,48,2024-01-02 01:29:38,cancelled,paid_search,bank_transfer
4766,-1,2024-02-23 00:00:00,completed,direct,credit_card
4767,1588,2025-12-23 00:00:00,completed,email,debit_card
4768,6863,2024-09-13 19:59:40,completed,social_media,debit_card
4769,395,2025-07-07 22:08:32,completed,paid_search,credit_card
4770,3984,2025-10-29 00:00:00,completed,referral,bank_transfer
4771,5810,2025-04-19 00:00:00,completed,email,paypal
4772,689,2024-06-20 00:00:00,completed,organic_search,paypal
4773,4088,2025-08-22 06:19:25,completed,referral,paypal
4774,2825,2025-05-24 00:00:00,completed,email,credit_card
4775,4600,2025-08-24 00:00:00,completed,organic_search,debit_card
4776,4665,2025-09-18 00:00:00,completed,referral,credit_card
4777,7259,2025-12-22 00:00:00,completed,organic_search,credit_card
4778,1198,2025-05-05 00:00:00,cancelled,paid_search,debit_card
4779,808,2024-11-23 00:00:00,cancelled,email,paypal
4780,3696,2025-06-27 00:00:00,cancelled,paid_search,debit_card
4781,8209,2024-03-27 00:00:00,completed,social_media,paypal
4782,7910,2025-11-23 04:38:42,completed,paid_search,debit_card
4783,5173,2024-05-18 00:00:00,completed,direct,paypal
4784,8219,2024-11-15 00:00:00,completed,referral,bank_transfer
4785,7466,2025-10-15 00:00:00,completed,social_media,debit_card
4786,2610,2025-05-22 00:00:00,completed,paid_search,bank_transfer
4787,1615,2024-12-19 00:00:00,completed,referral,paypal
4788,2810,2025-02-20 00:00:00,completed,paid_search,debit_card
4789,2139,2025-11-05 00:00:00,completed,social_media,credit_card
4790,5738,2024-11-22 00:00:00,completed,social_media,bank_transfer
4791,5374,2025-11-11 00:00:00,cancelled,referral,debit_card
4792,5518,2024-04-16 15:43:56,completed,direct,credit_card
4793,1796,2025-09-22 00:00:00,completed,email,debit_card
4794,7333,2025-02-11 00:00:00,completed,direct,debit_card
4795,4001,2024-07-19 00:00:00,completed,email,debit_card
4796,4367,2025-01-12 00:00:00,returned,paid_search,debit_card
4797,-1,2024-02-07 00:00:00,completed,organic_search,debit_card
4798,2653,2025-07-08 00:00:00,completed,direct,paypal
4799,3627,2025-04-09 00:00:00,completed,organic_search,credit_card
4800,6256,2025-06-18 00:00:00,completed,social_media,credit_card
4801,8140,2024-08-02 00:00:00,completed,paid_search,credit_card
4802,1227,2024-08-17 00:00:00,cancelled,direct,bank_transfer
4803,6795,2024-02-25 00:00:00,completed,referral,paypal
4804,8497,2024-12-11 00:00:00,completed,direct,debit_card
4805,3904,2025-04-26 00:00:00,returned,social_media,credit_card
4806,2688,2025-07-11 00:00:00,completed,paid_search,debit_card
4807,6269,2025-07-10 00:00:00,completed,email,bank_transfer
4808,2315,2025-01-16 00:00:00,completed,social_media,bank_transfer
4809,3549,2025-12-14 00:00:00,completed,direct,bank_transfer
4810,8296,2025-08-16 00:00:00,returned,referral,bank_transfer
4811,5432,2025-06-12 00:00:00,completed,paid_search,credit_card
4812,933,2025-04-03 08:38:59,cancelled,email,credit_card
4813,3048,2024-09-27 00:00:00,completed,paid_search,debit_card
4814,5784,2024-10-03 00:00:00,completed,email,credit_card
4815,4453,2025-08-20 00:00:00,completed,email,credit_card
4816,6119,2024-05-19 00:00:00,completed,paid_search,credit_card
4817,7035,2024-11-01 00:00:00,completed,referral,paypal
4818,4443,2025-06-04 00:00:00,completed,referral,bank_transfer
4819,-1,2025-04-29 03:52:30,completed,paid_search,debit_card
4820,8466,2025-05-24 00:00:00,completed,organic_search,paypal
4821,588,2024-07-03 00:00:00,completed,organic_search,paypal
4822,2509,2024-12-13 00:00:00,completed,social_media,credit_card
4823,2803,2025-06-05 18:41:18,completed,organic_search,paypal
4824,1749,2025-12-20 10:41:28,completed,direct,debit_card
4825,2894,2025-08-21 00:00:00,completed,social_media,bank_transfer
4826,3921,2025-03-12 00:00:00,completed,referral,credit_card
4827,503,2025-09-13 00:00:00,completed,direct,debit_card
4828,1234,2025-05-18 00:00:00,completed,social_media,debit_card
4829,943,2024-07-29 00:00:00,completed,direct,credit_card
4830,451,2025-07-10 19:45:21,cancelled,direct,paypal
4831,4453,2025-06-09 00:00:00,completed,referral,credit_card
4832,3091,2025-05-25 00:00:00,completed,social_media,bank_transfer
4833,8631,2025-05-03 00:00:00,completed,organic_search,debit_card
4834,1011,2025-04-04 00:00:00,completed,organic_search,bank_transfer
4835,8567,2024-11-19 05:55:10,completed,direct,bank_transfer
4836,845,2025-03-28 00:00:00,completed,organic_search,bank_transfer
4837,5707,2024-03-08 00:00:00,completed,referral,bank_transfer
4838,2325,2025-10-09 00:00:00,completed,email,debit_card
4839,7645,2024-07-23 15:34:41,cancelled,paid_search,bank_transfer
4840,601,2024-04-13 00:00:00,completed,referral,credit_card
4841,8786,2025-01-17 00:00:00,completed,direct,credit_card
4842,461,2025-07-04 00:00:00,completed,direct,debit_card
4843,2271,2025-01-19 00:00:00,completed,social_media,bank_transfer
4844,4288,2024-12-10 00:00:00,completed,email,paypal
4845,6990,2025-04-25 00:00:00,completed,direct,paypal
4846,8780,2024-11-26 00:00:00,completed,social_media,credit_card
4847,3950,2025-12-07 13:49:41,completed,direct,credit_card
4848,6995,2025-12-03 17:09:20,completed,direct,bank_transfer
4849,6721,2025-03-15 00:00:00,completed,direct,bank_transfer
4850,5282,2024-11-15 15:07:50,cancelled,direct,bank_transfer
4851,6412,2025-08-28 00:00:00,returned,social_media,bank_transfer
4852,375,2024-02-19 00:00:00,completed,referral,paypal
4853,4068,2025-02-21 00:00:00,completed,organic_search,credit_card
4854,-1,2024-11-20 00:00:00,cancelled,direct,paypal
4855,4382,2025-12-02 00:00:00,completed,organic_search,paypal
4856,8080,2024-01-17 00:00:00,completed,social_media,paypal
4857,7715,2025-04-21 00:00:00,completed,referral,paypal
4858,7987,2025-08-30 00:00:00,completed,paid_search,debit_card
4859,1260,2025-02-03 00:00:00,completed,social_media,bank_transfer
4860,2298,2024-04-14 00:00:00,completed,organic_search,bank_transfer
4861,296,2025-12-21 00:00:00,completed,organic_search,paypal
4862,-1,2025-03-27 23:49:38,completed,direct,paypal
4863,2221,2025-06-03 00:00:00,completed,referral,bank_transfer
4864,3381,2024-09-08 00:00:00,completed,social_media,paypal
4865,2582,2025-03-01 00:00:00,completed,email,paypal
4866,394,2025-11-01 00:00:00,completed,referral,credit_card
4867,2452,2024-03-04 00:00:00,completed,organic_search,credit_card
4868,965,2024-05-05 00:00:00,cancelled,direct,bank_transfer
4869,3629,2025-10-28 00:00:00,completed,referral,bank_transfer
4870,8923,2024-09-11 00:00:00,completed,referral,debit_card
4871,6462,2024-01-08 00:00:00,completed,organic_search,debit_card
4872,6537,2025-03-17 00:00:00,returned,organic_search,paypal
4873,4179,2025-09-17 14:25:55,completed,email,debit_card
4874,7507,2024-03-20 12:27:43,completed,organic_search,debit_card
4875,8410,2025-08-05 00:00:00,completed,paid_search,debit_card
4876,8869,2024-05-18 00:00:00,completed,referral,paypal
4877,973,2024-02-19 00:00:00,completed,social_media,bank_transfer
4878,8133,2024-10-03 00:00:00,completed,social_media,bank_transfer
4879,2117,2025-10-26 00:00:00,completed,direct,debit_card
4880,3647,2024-05-16 09:56:34,completed,direct,debit_card
4881,3189,2024-03-01 00:00:00,completed,organic_search,bank_transfer
4882,6247,2025-01-19 00:00:00,completed,social_media,debit_card
4883,5514,2025-01-11 00:00:00,completed,email,paypal
4884,1065,2024-09-30 00:00:00,completed,email,debit_card
4885,7233,2025-01-04 00:00:00,completed,organic_search,bank_transfer
4886,4051,2024-02-24 00:00:00,completed,referral,credit_card
4887,22,2025-01-29 00:00:00,completed,social_media,paypal
4888,3816,2025-05-08 00:00:00,returned,referral,credit_card
4889,4781,2025-05-04 21:53:00,completed,referral,bank_transfer
4890,674,2024-11-18 00:00:00,completed,organic_search,paypal
4891,1452,2024-11-08 00:00:00,completed,email,credit_card
4892,-1,2024-05-05 00:00:00,completed,social_media,credit_card
4893,8051,2024-06-12 00:00:00,completed,referral,bank_transfer
4894,1292,2024-04-28 00:00:00,returned,referral,bank_transfer
4895,5356,2025-09-16 00:00:00,completed,email,paypal
4896,3499,2025-12-19 00:00:00,completed,email,debit_card
4897,5023,2025-12-21 22:58:51,completed,social_media,bank_transfer
4898,4349,2025-11-09 00:00:00,completed,email,credit_card
4899,471,2025-05-24 01:30:56,completed,organic_search,credit_card
4900,2925,2025-03-08 00:00:00,completed,social_media,bank_transfer
4901,1213,2024-10-19 00:00:00,completed,organic_search,credit_card
4902,4513,2025-06-14 00:00:00,completed,organic_search,credit_card
4903,8398,2025-02-04 18:01:21,completed,email,paypal
4904,-1,2025-02-27 00:00:00,completed,social_media,paypal
4905,8715,2025-10-09 00:00:00,completed,email,debit_card
4906,-1,2024-10-16 00:00:00,completed,paid_search,bank_transfer
4907,156,2024-11-10 00:00:00,completed,paid_search,bank_transfer
4908,-1,2025-12-04 00:00:00,completed,email,credit_card
4909,2559,2024-03-14 00:00:00,completed,direct,bank_transfer
4910,8007,2025-02-03 00:00:00,completed,referral,bank_transfer
4911,7531,2025-11-29 02:44:19,completed,email,debit_card
4912,3908,2025-05-31 00:00:00,completed,direct,bank_transfer
4913,4373,2025-04-16 00:00:00,cancelled,social_media,paypal
4914,2496,2024-09-19 00:00:00,completed,referral,bank_transfer
4915,2707,2024-11-24 00:00:00,completed,paid_search,debit_card
4916,-1,2025-11-04 00:00:00,completed,paid_search,bank_transfer
4917,8220,2025-04-26 13:55:54,completed,email,debit_card
4918,1821,2025-03-24 00:00:00,completed,paid_search,credit_card
4919,2589,2024-04-28 00:00:00,completed,direct,debit_card
4920,1061,2024-01-23 00:00:00,completed,paid_search,bank_transfer
4921,-1,2025-12-18 00:00:00,completed,referral,bank_transfer
4922,8397,2024-12-11 00:00:00,completed,social_media,bank_transfer
4923,5092,2025-05-26 00:00:00,completed,social_media,bank_transfer
4924,6420,2024-08-04 00:00:00,completed,organic_search,paypal
4925,6912,2025-07-22 00:00:00,completed,email,debit_card
4926,1926,2025-07-12 00:00:00,completed,email,debit_card
4927,8622,2025-05-07 00:00:00,completed,organic_search,debit_card
4928,4875,2024-05-24 00:00:00,completed,direct,debit_card
4929,908,2025-05-11 00:00:00,completed,organic_search,debit_card
4930,3646,2025-09-15 00:00:00,completed,social_media,bank_transfer
4931,5547,2024-12-26 06:35:10,completed,direct,bank_transfer
4932,3251,2025-11-16 00:00:00,completed,email,bank_transfer
4933,6474,2025-06-27 00:00:00,completed,paid_search,bank_transfer
4934,8160,2025-11-24 00:00:00,completed,paid_search,bank_transfer
4935,7125,2025-09-06 00:00:00,completed,paid_search,bank_transfer
4936,5932,2024-05-29 00:00:00,cancelled,social_media,paypal
4937,4737,2024-11-05 00:00:00,cancelled,organic_search,debit_card
4938,2393,2024-07-08 00:00:00,cancelled,social_media,debit_card
4939,4198,2025-11-28 00:00:00,completed,social_media,debit_card
4940,2739,2025-09-12 00:00:00,completed,social_media,bank_transfer
4941,8614,2025-07-17 00:00:00,completed,direct,paypal
4942,8398,2024-10-31 00:00:00,completed,direct,bank_transfer
4943,1496,2024-07-21 00:00:00,completed,organic_search,debit_card
4944,7611,2025-09-09 00:00:00,completed,organic_search,bank_transfer
4945,6507,2025-02-20 13:34:06,completed,social_media,bank_transfer
4946,8995,2024-08-30 00:00:00,completed,social_media,credit_card
4947,4278,2025-06-04 00:00:00,cancelled,direct,bank_transfer
4948,6667,2024-02-24 17:42:10,completed,social_media,credit_card
4949,4798,2024-11-14 00:00:00,completed,direct,debit_card
4950,681,2025-02-15 00:00:00,completed,email,paypal
4951,456,2024-06-15 00:00:00,completed,social_media,bank_transfer
4952,1188,2025-12-26 07:45:48,completed,social_media,debit_card
4953,2761,2024-08-14 00:00:00,completed,social_media,credit_card
4954,2433,2024-05-28 00:00:00,completed,organic_search,debit_card
4955,6727,2024-08-09 00:00:00,completed,social_media,debit_card
4956,6610,2025-09-17 00:00:00,completed,direct,bank_transfer
4957,8962,2025-01-07 00:00:00,completed,email,paypal
4958,2890,2025-04-30 00:00:00,cancelled,referral,bank_transfer
4959,8657,2024-01-30 00:00:00,completed,paid_search,bank_transfer
4960,5655,2024-02-16 00:00:00,completed,social_media,paypal
4961,4576,2025-01-26 00:00:00,completed,direct,debit_card
4962,6180,2025-10-16 00:00:00,completed,email,bank_transfer
4963,6505,2025-11-18 00:00:00,completed,direct,paypal
4964,1630,2024-04-15 00:00:00,completed,email,credit_card
4965,6948,2025-04-11 00:00:00,completed,direct,credit_card
4966,6701,2025-11-29 00:00:00,completed,social_media,bank_transfer
4967,-1,2024-12-17 00:00:00,completed,organic_search,paypal
4968,8449,2025-10-24 00:00:00,completed,email,debit_card
4969,6347,2024-06-01 09:47:16,cancelled,referral,bank_transfer
4970,6579,2025-12-08 00:00:00,cancelled,email,debit_card
4971,8730,2025-09-06 11:07:03,cancelled,social_media,debit_card
4972,8925,2025-10-12 00:00:00,completed,email,paypal
4973,7646,2025-07-17 00:00:00,completed,direct,paypal
4974,7085,2024-04-12 00:00:00,completed,referral,paypal
4975,1091,2025-12-09 00:00:00,completed,direct,paypal
4976,7680,2024-11-10 00:00:00,completed,email,paypal
4977,2379,2024-11-18 00:00:00,completed,social_media,paypal
4978,5209,2025-08-03 00:00:00,completed,paid_search,debit_card
4979,3727,2025-09-15 00:00:00,completed,referral,credit_card
4980,3191,2025-12-06 00:00:00,cancelled,referral,debit_card
4981,2890,2024-08-10 00:00:00,completed,referral,credit_card
4982,7911,2025-10-05 00:00:00,completed,direct,paypal
4983,7103,2025-08-29 00:00:00,completed,paid_search,credit_card
4984,4843,2024-03-22 00:00:00,completed,organic_search,credit_card
4985,6157,2024-12-16 00:00:00,returned,social_media,credit_card
4986,-1,2024-10-17 00:00:00,completed,email,credit_card
4987,3650,2024-02-11 00:00:00,cancelled,paid_search,debit_card
4988,5083,2025-12-25 13:22:02,completed,referral,credit_card
4989,4928,2025-06-23 00:00:00,completed,social_media,debit_card
4990,8636,2025-08-15 00:00:00,completed,direct,paypal
4991,3245,2025-12-23 00:00:00,completed,email,paypal
4992,-1,2024-12-11 00:00:00,completed,direct,debit_card
4993,2843,2025-10-07 00:00:00,completed,referral,credit_card
4994,1062,2025-01-16 00:00:00,completed,referral,bank_transfer
4995,1816,2025-11-11 04:10:55,completed,direct,paypal
4996,3933,2024-07-18 00:00:00,completed,referral,credit_card
4997,6008,2025-12-12 00:40:00,completed,email,paypal
4998,4785,2024-08-23 00:00:00,completed,direct,debit_card
4999,3469,2024-11-14 00:00:00,cancelled,email,paypal
5000,5189,2025-09-09 00:00:00,completed,paid_search,credit_card
5001,7757,2024-12-20 00:00:00,completed,organic_search,bank_transfer
5002,7759,2025-05-29 00:00:00,completed,organic_search,bank_transfer
5003,6711,2025-01-25 00:00:00,completed,email,bank_transfer
5004,8786,2025-08-31 00:00:00,completed,social_media,bank_transfer
5005,5430,2024-09-01 13:39:45,completed,paid_search,paypal
5006,76,2024-03-16 00:00:00,cancelled,referral,credit_card
5007,2723,2024-10-30 00:00:00,completed,direct,credit_card
5008,3032,2025-02-21 21:50:55,returned,social_media,credit_card
5009,5051,2024-05-07 00:00:00,completed,social_media,bank_transfer
5010,8372,2024-11-30 00:00:00,completed,direct,bank_transfer
5011,7750,2024-12-22 00:00:00,completed,organic_search,bank_transfer
5012,2185,2024-03-15 00:00:00,completed,organic_search,bank_transfer
5013,4810,2025-05-12 00:00:00,completed,social_media,paypal
5014,6109,2025-11-17 18:43:30,cancelled,social_media,bank_transfer
5015,-1,2024-06-19 00:00:00,completed,email,paypal
5016,312,2025-05-22 00:00:00,completed,referral,paypal
5017,4284,2025-07-09 00:00:00,completed,referral,bank_transfer
5018,-1,2025-01-01 00:00:00,completed,direct,bank_transfer
5019,-1,2025-03-08 00:00:00,completed,social_media,bank_transfer
5020,3062,2024-12-28 00:00:00,completed,social_media,credit_card
5021,1,2025-03-17 00:00:00,completed,email,paypal
5022,5395,2024-01-11 04:23:22,cancelled,paid_search,credit_card
5023,8023,2025-07-28 00:00:00,completed,paid_search,credit_card
5024,3004,2025-07-06 00:00:00,returned,social_media,bank_transfer
5025,8618,2024-02-22 00:00:00,completed,email,bank_transfer
5026,3081,2024-12-07 00:00:00,completed,organic_search,bank_transfer
5027,5627,2025-12-24 00:00:00,completed,direct,debit_card
5028,6666,2025-03-01 00:00:00,returned,social_media,bank_transfer
5029,3189,2025-03-15 00:00:00,completed,direct,debit_card
5030,3249,2025-11-28 00:00:00,completed,email,paypal
5031,4342,2025-08-14 01:35:36,returned,social_media,debit_card
5032,7726,2025-11-05 00:00:00,completed,social_media,paypal
5033,993,2025-10-05 12:11:11,completed,direct,credit_card
5034,5821,2025-09-11 00:00:00,cancelled,direct,bank_transfer
5035,6264,2025-02-05 00:00:00,completed,paid_search,paypal
5036,5150,2025-02-21 00:00:00,completed,social_media,debit_card
5037,8635,2024-12-16 08:00:21,completed,social_media,credit_card
5038,5548,2025-12-19 00:00:00,completed,social_media,debit_card
5039,5855,2025-08-01 00:00:00,completed,social_media,debit_card
5040,5530,2024-04-12 00:00:00,completed,email,debit_card
5041,6666,2025-09-11 00:00:00,completed,organic_search,bank_transfer
5042,1313,2025-02-26 00:00:00,returned,paid_search,paypal
5043,8268,2024-03-27 00:00:00,completed,organic_search,bank_transfer
5044,419,2025-04-19 00:00:00,completed,referral,bank_transfer
5045,5910,2024-12-31 00:00:00,completed,social_media,debit_card
5046,5671,2025-11-15 00:00:00,completed,social_media,debit_card
5047,1968,2024-08-09 00:00:00,completed,email,paypal
5048,403,2025-10-22 04:59:18,completed,social_media,paypal
5049,1339,2025-04-24 00:00:00,completed,paid_search,credit_card
5050,2547,2024-03-12 00:00:00,returned,referral,credit_card
5051,8160,2025-12-21 00:00:00,completed,paid_search,bank_transfer
5052,7915,2025-03-23 00:00:00,completed,social_media,bank_transfer
5053,621,2024-10-23 20:57:42,completed,social_media,credit_card
5054,2711,2025-02-16 00:00:00,completed,paid_search,debit_card
5055,8224,2025-11-07 10:20:10,completed,organic_search,credit_card
5056,2226,2024-02-11 00:00:00,completed,direct,paypal
5057,-1,2024-07-29 00:00:00,completed,organic_search,bank_transfer
5058,2415,2024-05-27 00:00:00,completed,paid_search,debit_card
5059,6834,2024-10-28 00:00:00,completed,referral,bank_transfer
5060,3843,2025-09-24 00:00:00,completed,email,credit_card
5061,1320,2025-02-18 00:00:00,completed,social_media,debit_card
5062,2402,2024-08-31 01:20:08,completed,referral,paypal
5063,6247,2024-07-03 00:00:00,completed,organic_search,bank_transfer
5064,3113,2024-11-18 07:46:55,completed,paid_search,debit_card
5065,5568,2025-12-09 00:00:00,cancelled,referral,credit_card
5066,1942,2024-11-24 00:00:00,completed,paid_search,bank_transfer
5067,4147,2025-12-27 00:00:00,completed,referral,paypal
5068,4738,2025-02-03 00:00:00,completed,direct,credit_card
5069,3798,2024-07-16 00:19:58,completed,email,bank_transfer
5070,1881,2025-11-20 03:21:53,completed,paid_search,paypal
5071,4261,2025-02-08 10:43:59,returned,social_media,credit_card
5072,6420,2025-09-08 00:00:00,completed,email,paypal
5073,8901,2025-12-26 00:00:00,completed,referral,credit_card
5074,7310,2024-07-03 00:00:00,returned,organic_search,bank_transfer
5075,1535,2024-04-25 00:00:00,completed,social_media,paypal
5076,2557,2025-08-17 00:00:00,cancelled,paid_search,debit_card
5077,765,2024-10-16 00:00:00,completed,organic_search,bank_transfer
5078,1314,2024-07-21 15:16:26,returned,organic_search,paypal
5079,2357,2024-02-23 13:18:57,completed,social_media,debit_card
5080,1896,2024-01-31 00:00:00,completed,referral,debit_card
5081,2015,2025-09-21 00:00:00,completed,email,debit_card
5082,2170,2024-06-01 20:37:09,completed,email,credit_card
5083,2804,2025-02-15 00:00:00,completed,email,debit_card
5084,1214,2025-05-28 00:00:00,completed,email,paypal
5085,2609,2025-10-01 00:00:00,completed,direct,credit_card
5086,6388,2024-02-07 00:00:00,returned,referral,debit_card
5087,2224,2025-09-26 00:00:00,completed,organic_search,debit_card
5088,1629,2024-01-15 00:00:00,cancelled,organic_search,paypal
5089,661,2025-09-13 00:00:00,completed,organic_search,bank_transfer
5090,4620,2025-11-21 00:00:00,completed,direct,credit_card
5091,7787,2025-01-14 00:00:00,completed,organic_search,bank_transfer
5092,582,2025-04-09 00:00:00,cancelled,email,bank_transfer
5093,5011,2025-02-23 00:00:00,completed,direct,debit_card
5094,6016,2024-12-17 20:02:53,cancelled,referral,paypal
5095,5458,2025-11-19 00:00:00,completed,paid_search,credit_card
5096,8116,2025-11-22 19:35:00,completed,direct,debit_card
5097,8016,2024-11-20 00:00:00,completed,email,debit_card
5098,565,2025-06-03 00:00:00,completed,referral,paypal
5099,3326,2025-12-05 00:00:00,completed,paid_search,debit_card
5100,6210,2025-12-18 00:00:00,completed,direct,bank_transfer
5101,8786,2025-03-20 00:00:00,completed,email,debit_card
5102,7462,2025-02-02 22:01:11,cancelled,email,paypal
5103,1669,2024-10-13 00:00:00,completed,email,debit_card
5104,2622,2025-12-16 22:05:03,cancelled,organic_search,debit_card
5105,7050,2024-06-10 14:21:16,completed,direct,paypal
5106,4358,2025-05-10 05:04:22,completed,organic_search,debit_card
5107,5051,2024-10-16 23:45:50,completed,direct,bank_transfer
5108,5614,2024-10-13 00:00:00,completed,social_media,paypal
5109,1017,2024-12-25 00:00:00,completed,social_media,debit_card
5110,7917,2025-12-31 00:00:00,cancelled,referral,bank_transfer
5111,7986,2024-12-03 00:00:00,completed,direct,debit_card
5112,4322,2025-05-09 15:18:51,completed,referral,debit_card
5113,5779,2024-04-11 00:00:00,completed,referral,bank_transfer
5114,6113,2024-06-22 00:00:00,completed,social_media,credit_card
5115,1801,2025-01-20 00:00:00,completed,direct,debit_card
5116,1105,2025-03-21 00:00:00,completed,direct,paypal
5117,211,2024-09-27 00:00:00,completed,email,debit_card
5118,8455,2024-11-09 00:00:00,completed,referral,bank_transfer
5119,3191,2024-04-15 00:00:00,completed,social_media,bank_transfer
5120,836,2024-01-11 00:00:00,completed,email,paypal
5121,4304,2025-12-19 00:00:00,completed,email,credit_card
5122,740,2025-12-11 00:00:00,completed,paid_search,credit_card
5123,828,2024-11-19 00:00:00,completed,direct,paypal
5124,4513,2025-05-04 00:00:00,completed,email,credit_card
5125,4710,2025-11-28 00:00:00,completed,direct,debit_card
5126,5356,2024-09-01 00:00:00,completed,organic_search,credit_card
5127,6077,2025-10-12 00:00:00,completed,paid_search,debit_card
5128,6183,2025-12-13 00:00:00,completed,organic_search,credit_card
5129,3997,2024-04-20 00:00:00,completed,referral,bank_transfer
5130,5942,2024-06-28 00:00:00,completed,email,paypal
5131,2843,2025-12-17 20:20:26,completed,organic_search,credit_card
5132,4065,2025-10-04 00:00:00,completed,social_media,paypal
5133,3620,2024-01-20 00:00:00,completed,direct,paypal
5134,3042,2024-09-26 00:00:00,completed,referral,debit_card
5135,2244,2025-01-30 00:00:00,completed,social_media,debit_card
5136,762,2025-07-29 06:40:51,completed,organic_search,credit_card
5137,4680,2025-08-25 00:00:00,completed,paid_search,paypal
5138,4961,2025-12-30 14:03:35,completed,referral,credit_card
5139,3103,2024-10-20 00:00:00,completed,organic_search,credit_card
5140,-1,2025-04-11 14:31:02,completed,social_media,paypal
5141,5144,2025-04-07 00:00:00,completed,paid_search,paypal
5142,8221,2024-12-25 00:00:00,completed,social_media,bank_transfer
5143,5272,2024-06-07 00:00:00,completed,email,credit_card
5144,1803,2025-12-23 00:00:00,completed,organic_search,debit_card
5145,8988,2025-11-05 04:59:05,completed,social_media,paypal
5146,8192,2025-03-12 00:00:00,completed,direct,bank_transfer
5147,4357,2025-05-26 06:43:47,completed,direct,credit_card
5148,2291,2024-08-31 00:00:00,completed,referral,bank_transfer
5149,2092,2025-04-15 00:00:00,cancelled,organic_search,debit_card
5150,7469,2025-07-30 00:00:00,returned,email,credit_card
5151,677,2025-03-25 00:00:00,cancelled,organic_search,bank_transfer
5152,5883,2025-12-28 00:00:00,completed,email,credit_card
5153,5905,2025-06-01 00:00:00,completed,direct,bank_transfer
5154,1731,2024-12-08 00:00:00,completed,organic_search,debit_card
5155,6519,2025-09-19 00:00:00,completed,referral,debit_card
5156,6524,2024-07-07 02:25:22,completed,paid_search,credit_card
5157,3232,2024-12-15 00:00:00,completed,referral,bank_transfer
5158,4471,2024-11-26 00:00:00,cancelled,social_media,credit_card
5159,-1,2025-01-13 01:37:57,completed,email,bank_transfer
5160,4840,2025-09-25 00:00:00,cancelled,paid_search,credit_card
5161,5697,2025-01-03 00:00:00,completed,paid_search,bank_transfer
5162,3798,2025-03-10 00:00:00,completed,direct,bank_transfer
5163,1435,2025-05-08 22:16:35,completed,social_media,bank_transfer
5164,-1,2024-11-23 00:00:00,completed,paid_search,debit_card
5165,4913,2025-10-12 00:00:00,completed,direct,bank_transfer
5166,3105,2024-09-10 00:00:00,completed,organic_search,paypal
5167,6588,2024-08-28 00:00:00,completed,organic_search,debit_card
5168,5720,2025-03-17 00:00:00,completed,direct,credit_card
5169,2193,2024-09-29 19:17:27,completed,referral,bank_transfer
5170,8112,2024-01-13 00:00:00,completed,email,paypal
5171,695,2025-06-27 00:00:00,completed,social_media,bank_transfer
5172,5584,2025-03-22 00:00:00,completed,social_media,credit_card
5173,4413,2025-01-26 00:00:00,completed,referral,credit_card
5174,2954,2025-12-19 00:00:00,completed,social_media,debit_card
5175,7645,2025-04-05 00:00:00,completed,email,bank_transfer
5176,6077,2025-11-09 00:00:00,completed,email,paypal
5177,7013,2024-06-06 00:00:00,cancelled,referral,bank_transfer
5178,3817,2025-03-05 00:00:00,completed,paid_search,paypal
5179,8693,2025-11-11 00:00:00,completed,social_media,debit_card
5180,3185,2025-05-12 00:00:00,completed,paid_search,bank_transfer
5181,4910,2025-08-15 00:00:00,completed,email,debit_card
5182,8613,2024-09-12 00:00:00,completed,organic_search,debit_card
5183,812,2024-04-21 00:00:00,returned,direct,paypal
5184,1062,2025-06-02 00:00:00,cancelled,referral,credit_card
5185,-1,2024-12-20 00:00:00,completed,organic_search,bank_transfer
5186,8962,2025-11-10 00:00:00,completed,email,debit_card
5187,7121,2024-09-14 00:00:00,completed,email,debit_card
5188,4471,2025-12-19 00:00:00,completed,direct,paypal
5189,4681,2025-12-16 00:00:00,completed,email,bank_transfer
5190,2419,2024-09-18 00:00:00,completed,direct,debit_card
5191,3994,2024-11-26 00:00:00,completed,organic_search,paypal
5192,3984,2025-11-22 00:00:00,completed,email,credit_card
5193,361,2025-12-19 00:00:00,returned,paid_search,bank_transfer
5194,4179,2025-01-24 00:00:00,completed,referral,bank_transfer
5195,4433,2024-11-11 00:00:00,completed,email,debit_card
5196,6166,2025-02-04 00:00:00,completed,referral,bank_transfer
5197,4782,2025-07-25 00:00:00,completed,email,paypal
5198,7969,2024-09-10 00:00:00,completed,organic_search,debit_card
5199,3386,2025-08-27 00:00:00,completed,email,paypal
5200,3768,2024-03-08 00:00:00,completed,organic_search,bank_transfer
5201,5284,2024-06-03 00:00:00,completed,paid_search,debit_card
5202,-1,2024-12-16 00:00:00,completed,email,paypal
5203,3622,2024-11-30 00:00:00,completed,referral,paypal
5204,6363,2024-08-11 00:00:00,completed,social_media,credit_card
5205,3788,2025-03-06 00:00:00,completed,paid_search,debit_card
5206,8390,2024-11-11 00:00:00,completed,direct,debit_card
5207,5670,2024-07-29 06:10:54,completed,email,paypal
5208,1482,2024-05-11 00:00:00,completed,social_media,paypal
5209,4501,2025-12-22 00:00:00,completed,social_media,paypal
5210,7060,2024-12-28 00:55:45,cancelled,organic_search,debit_card
5211,5940,2025-01-25 22:28:26,completed,email,debit_card
5212,8191,2025-08-05 00:00:00,completed,direct,bank_transfer
5213,6931,2025-12-25 00:00:00,completed,referral,credit_card
5214,601,2024-09-12 16:37:09,cancelled,direct,bank_transfer
5215,1104,2025-07-20 00:00:00,cancelled,organic_search,credit_card
5216,6008,2025-08-14 23:09:35,completed,email,paypal
5217,2243,2025-05-29 00:00:00,completed,direct,paypal
5218,5403,2024-04-17 00:00:00,completed,paid_search,credit_card
5219,7334,2025-07-17 00:00:00,cancelled,organic_search,bank_transfer
5220,5336,2024-03-22 09:14:59,completed,organic_search,bank_transfer
5221,3826,2025-05-21 00:00:00,completed,organic_search,debit_card
5222,5969,2025-08-29 00:00:00,completed,social_media,paypal
5223,1376,2024-08-16 00:00:00,completed,paid_search,paypal
5224,6680,2025-10-31 00:00:00,completed,referral,credit_card
5225,6451,2024-02-11 00:00:00,completed,paid_search,bank_transfer
5226,4761,2025-11-01 00:00:00,completed,organic_search,credit_card
5227,2618,2025-02-08 22:02:31,completed,direct,bank_transfer
5228,7389,2024-08-22 00:00:00,completed,email,debit_card
5229,4727,2024-01-06 00:00:00,completed,paid_search,paypal
5230,582,2025-12-14 00:00:00,completed,organic_search,debit_card
5231,8500,2024-04-01 15:27:32,cancelled,referral,debit_card
5232,7089,2024-08-05 03:15:18,completed,organic_search,credit_card
5233,5373,2024-11-26 00:00:00,completed,social_media,paypal
5234,4028,2025-06-07 12:13:17,completed,direct,bank_transfer
5235,8856,2025-04-15 00:00:00,cancelled,social_media,bank_transfer
5236,7159,2024-05-24 00:00:00,completed,email,bank_transfer
5237,4940,2024-10-22 00:00:00,completed,organic_search,credit_card
5238,6046,2024-10-09 00:00:00,completed,organic_search,bank_transfer
5239,2639,2024-08-18 00:00:00,completed,paid_search,debit_card
5240,1859,2024-12-28 00:00:00,completed,paid_search,debit_card
5241,2564,2025-08-05 12:44:16,cancelled,organic_search,bank_transfer
5242,2741,2024-08-22 00:00:00,completed,organic_search,credit_card
5243,6838,2024-12-06 14:38:05,completed,direct,credit_card
5244,1345,2024-12-18 09:49:46,completed,organic_search,debit_card
5245,7181,2025-12-23 00:00:00,cancelled,organic_search,debit_card
5246,4843,2025-12-15 00:00:00,completed,organic_search,bank_transfer
5247,3549,2025-10-06 00:00:00,completed,paid_search,debit_card
5248,2802,2024-09-13 00:00:00,completed,referral,debit_card
5249,4749,2024-03-27 00:00:00,completed,referral,bank_transfer
5250,2947,2024-11-09 00:00:00,completed,paid_search,bank_transfer
5251,3963,2024-04-10 00:00:00,completed,organic_search,bank_transfer
5252,6833,2025-03-18 22:42:56,completed,paid_search,debit_card
5253,5771,2025-09-23 00:00:00,completed,direct,paypal
5254,6913,2025-07-11 00:00:00,completed,referral,credit_card
5255,6581,2025-01-11 00:00:00,completed,email,credit_card
5256,7547,2024-03-12 00:00:00,completed,referral,debit_card
5257,1915,2025-07-25 00:00:00,completed,direct,debit_card
5258,-1,2024-11-07 00:00:00,completed,email,credit_card
5259,-1,2024-03-19 00:00:00,cancelled,social_media,bank_transfer
5260,6631,2025-04-08 00:00:00,completed,paid_search,credit_card
5261,6269,2024-01-14 00:00:00,returned,direct,bank_transfer
5262,5229,2024-12-27 00:00:00,completed,referral,credit_card
5263,-1,2024-11-16 00:00:00,completed,email,debit_card
5264,2051,2025-07-29 00:00:00,completed,direct,bank_transfer
5265,3894,2025-09-15 00:00:00,completed,organic_search,paypal
5266,1239,2024-02-11 00:00:00,completed,direct,paypal
5267,1722,2025-10-13 07:21:09,completed,social_media,credit_card
5268,6581,2024-10-25 00:00:00,completed,organic_search,paypal
5269,49,2025-01-27 00:00:00,completed,organic_search,bank_transfer
5270,8230,2025-08-21 00:00:00,cancelled,social_media,paypal
5271,5838,2025-07-29 00:00:00,completed,direct,bank_transfer
5272,4060,2025-12-27 00:00:00,completed,referral,debit_card
5273,3067,2024-08-29 19:06:42,completed,organic_search,paypal
5274,1222,2025-07-07 00:00:00,completed,referral,bank_transfer
5275,8526,2025-05-30 00:00:00,returned,social_media,paypal
5276,6579,2025-11-30 00:00:00,completed,paid_search,paypal
5277,3104,2024-06-23 06:04:23,completed,email,credit_card
5278,695,2025-06-09 00:00:00,completed,paid_search,debit_card
5279,3015,2025-05-02 00:00:00,completed,paid_search,bank_transfer
5280,1752,2024-10-10 00:00:00,completed,email,credit_card
5281,7271,2025-02-21 00:00:00,returned,email,paypal
5282,6643,2024-11-18 00:00:00,completed,direct,bank_transfer
5283,4599,2025-10-05 00:00:00,completed,organic_search,bank_transfer
5284,8196,2025-11-19 00:00:00,completed,social_media,bank_transfer
5285,1710,2025-05-03 04:47:55,completed,referral,credit_card
5286,4174,2025-06-15 05:36:31,cancelled,email,paypal
5287,6575,2025-03-28 00:00:00,completed,email,paypal
5288,662,2024-08-03 00:00:00,returned,paid_search,bank_transfer
5289,3434,2024-09-05 14:23:12,completed,direct,bank_transfer
5290,5286,2025-03-07 00:00:00,completed,paid_search,bank_transfer
5291,3378,2024-11-05 00:00:00,completed,referral,credit_card
5292,4439,2024-07-19 23:21:54,completed,referral,bank_transfer
5293,5607,2025-03-16 00:00:00,completed,social_media,credit_card
5294,3394,2024-12-11 00:00:00,cancelled,direct,bank_transfer
5295,1036,2024-09-27 02:55:15,completed,referral,bank_transfer
5296,1345,2025-02-11 20:43:33,returned,paid_search,paypal
5297,4877,2024-05-31 00:00:00,completed,referral,debit_card
5298,1653,2025-05-12 00:00:00,completed,organic_search,credit_card
5299,8230,2025-11-11 14:52:30,completed,email,credit_card
5300,7717,2025-08-08 00:00:00,returned,organic_search,credit_card
5301,3220,2024-05-05 00:00:00,completed,email,debit_card
5302,7687,2025-09-21 00:29:43,completed,paid_search,debit_card
5303,4925,2025-10-11 00:00:00,completed,social_media,credit_card
5304,1508,2025-09-16 19:42:01,completed,organic_search,debit_card
5305,5666,2024-05-12 00:00:00,returned,social_media,debit_card
5306,6288,2025-06-24 21:55:43,completed,paid_search,credit_card
5307,821,2025-10-26 00:00:00,completed,social_media,paypal
5308,2915,2025-05-08 18:52:46,completed,referral,debit_card
5309,53,2025-06-25 00:00:00,returned,referral,credit_card
5310,2934,2025-02-07 00:00:00,completed,organic_search,credit_card
5311,3103,2025-04-04 20:47:23,completed,paid_search,credit_card
5312,5810,2024-02-16 01:51:49,completed,direct,debit_card
5313,1890,2025-06-20 00:00:00,cancelled,referral,paypal
5314,302,2024-04-10 00:00:00,completed,direct,paypal
5315,2926,2025-01-16 00:00:00,cancelled,referral,debit_card
5316,7639,2024-10-24 00:00:00,completed,paid_search,debit_card
5317,3666,2025-04-16 00:00:00,completed,organic_search,debit_card
5318,3821,2024-05-31 00:00:00,completed,email,paypal
5319,4330,2025-07-28 00:00:00,completed,referral,paypal
5320,6949,2025-03-10 00:00:00,completed,social_media,debit_card
5321,4436,2024-06-30 00:00:00,completed,paid_search,paypal
5322,895,2024-05-03 00:00:00,completed,referral,bank_transfer
5323,1950,2024-06-13 00:00:00,completed,referral,bank_transfer
5324,1782,2025-11-15 00:00:00,completed,direct,credit_card
5325,4703,2025-04-03 00:00:00,completed,social_media,bank_transfer
5326,300,2025-02-14 00:00:00,cancelled,paid_search,bank_transfer
5327,2666,2024-05-05 11:54:21,completed,social_media,bank_transfer
5328,5598,2025-06-28 00:00:00,completed,email,debit_card
5329,3270,2025-11-11 00:00:00,completed,paid_search,paypal
5330,6546,2025-10-23 00:00:00,completed,email,credit_card
5331,3601,2025-11-06 00:00:00,completed,email,bank_transfer
5332,-1,2024-03-04 00:00:00,completed,direct,paypal
5333,8906,2024-05-11 11:00:02,completed,email,credit_card
5334,7412,2024-06-03 00:00:00,completed,organic_search,paypal
5335,8806,2024-09-26 00:00:00,completed,referral,paypal
5336,1936,2024-03-06 00:00:00,cancelled,organic_search,paypal
5337,6939,2024-09-28 01:24:51,cancelled,direct,paypal
5338,2985,2024-12-15 00:00:00,completed,organic_search,bank_transfer
5339,6701,2025-11-12 00:00:00,returned,referral,debit_card
5340,3448,2025-05-31 00:00:00,completed,paid_search,credit_card
5341,2711,2025-10-27 00:00:00,completed,referral,credit_card
5342,8849,2025-08-10 00:00:00,completed,email,bank_transfer
5343,1984,2024-05-11 00:00:00,completed,email,paypal
5344,7005,2025-08-27 00:00:00,completed,direct,paypal
5345,6246,2024-10-10 00:00:00,cancelled,direct,paypal
5346,2829,2025-06-20 00:00:00,completed,organic_search,bank_transfer
5347,4228,2024-11-23 00:00:00,completed,organic_search,bank_transfer
5348,1371,2025-12-31 00:00:00,completed,paid_search,paypal
5349,8523,2024-10-01 21:07:25,completed,organic_search,credit_card
5350,8936,2024-10-14 00:00:00,completed,paid_search,bank_transfer
5351,6769,2025-12-06 00:00:00,completed,organic_search,paypal
5352,7852,2024-04-02 00:00:00,completed,direct,debit_card
5353,806,2025-07-31 00:00:00,completed,social_media,bank_transfer
5354,3544,2025-08-20 00:00:00,completed,social_media,bank_transfer
5355,3062,2025-10-27 00:00:00,cancelled,social_media,bank_transfer
5356,5217,2025-12-22 09:49:51,completed,direct,credit_card
5357,1741,2025-12-23 07:58:51,completed,organic_search,debit_card
5358,5203,2024-03-24 00:00:00,returned,organic_search,paypal
5359,6058,2025-10-19 00:00:00,completed,social_media,bank_transfer
5360,1283,2025-06-25 10:18:53,completed,email,credit_card
5361,1278,2025-06-26 00:00:00,completed,organic_search,paypal
5362,354,2024-05-26 00:00:00,completed,social_media,bank_transfer
5363,7028,2025-06-28 00:00:00,completed,social_media,debit_card
5364,3064,2025-12-25 00:00:00,cancelled,paid_search,credit_card
5365,2119,2025-11-29 15:57:08,completed,referral,paypal
5366,7185,2025-01-20 00:00:00,completed,referral,bank_transfer
5367,1373,2024-02-24 00:00:00,completed,social_media,debit_card
5368,3943,2024-12-04 23:44:01,completed,email,paypal
5369,6882,2025-10-22 00:00:00,completed,social_media,debit_card
5370,5306,2025-04-08 00:00:00,completed,social_media,paypal
5371,5112,2025-07-02 00:00:00,completed,referral,paypal
5372,1496,2024-12-03 00:00:00,completed,organic_search,credit_card
5373,1711,2025-01-08 02:25:15,cancelled,direct,bank_transfer
5374,5366,2025-02-16 15:31:42,cancelled,referral,credit_card
5375,239,2025-12-05 00:00:00,completed,email,paypal
5376,8042,2025-06-22 00:00:00,cancelled,email,paypal
5377,3236,2024-06-11 00:00:00,completed,direct,credit_card
5378,3837,2025-04-01 00:00:00,completed,social_media,paypal
5379,2429,2024-03-24 00:00:00,completed,email,bank_transfer
5380,8109,2025-12-21 00:00:00,completed,referral,credit_card
5381,5930,2024-12-03 00:00:00,completed,direct,bank_transfer
5382,4154,2025-02-23 00:00:00,cancelled,paid_search,bank_transfer
5383,5379,2024-11-30 10:45:18,completed,referral,debit_card
5384,3509,2025-07-21 00:00:00,completed,paid_search,paypal
5385,4302,2025-07-07 00:00:00,completed,direct,paypal
5386,3292,2025-08-13 00:00:00,completed,direct,bank_transfer
5387,3776,2024-05-10 00:00:00,completed,organic_search,paypal
5388,2920,2024-08-11 00:00:00,completed,email,credit_card
5389,756,2024-05-23 00:00:00,completed,paid_search,credit_card
5390,367,2025-07-02 05:32:38,completed,referral,paypal
5391,1649,2024-02-23 00:00:00,returned,email,paypal
5392,2368,2025-05-22 00:00:00,completed,social_media,paypal
5393,8233,2025-11-11 00:00:00,completed,social_media,paypal
5394,5635,2025-11-20 00:00:00,completed,organic_search,debit_card
5395,8845,2025-01-29 13:19:44,completed,organic_search,bank_transfer
5396,3139,2025-07-02 00:00:00,completed,social_media,debit_card
5397,3695,2024-04-05 11:09:57,cancelled,direct,credit_card
5398,6644,2025-07-13 00:00:00,cancelled,direct,bank_transfer
5399,5345,2025-10-19 00:00:00,completed,email,debit_card
5400,4888,2024-09-15 00:00:00,completed,social_media,debit_card
5401,5322,2025-03-01 00:00:00,completed,organic_search,bank_transfer
5402,5370,2025-10-29 07:06:58,completed,paid_search,credit_card
5403,7068,2025-11-15 00:00:00,completed,paid_search,credit_card
5404,6183,2024-09-14 00:00:00,completed,paid_search,credit_card
5405,8837,2025-04-19 00:00:00,completed,organic_search,debit_card
5406,8749,2024-07-29 10:16:03,cancelled,referral,paypal
5407,3896,2024-04-30 00:00:00,completed,referral,credit_card
5408,357,2025-11-29 08:11:10,completed,social_media,bank_transfer
5409,110,2025-10-18 00:00:00,completed,email,paypal
5410,1195,2025-09-12 17:41:10,cancelled,paid_search,paypal
5411,735,2024-03-05 00:00:00,completed,direct,paypal
5412,3441,2025-11-01 00:00:00,completed,referral,credit_card
5413,517,2025-01-19 00:00:00,completed,email,paypal
5414,5761,2024-11-23 10:36:28,completed,referral,bank_transfer
5415,1806,2025-04-16 00:00:00,cancelled,referral,bank_transfer
5416,4755,2024-04-20 00:00:00,completed,organic_search,credit_card
5417,1015,2025-09-09 00:00:00,returned,paid_search,credit_card
5418,7654,2025-05-12 00:00:00,completed,organic_search,paypal
5419,7204,2024-07-23 00:00:00,completed,direct,credit_card
5420,3557,2024-07-25 21:16:27,completed,direct,bank_transfer
5421,8437,2024-07-21 00:00:00,completed,social_media,debit_card
5422,1761,2024-03-14 08:11:12,completed,email,paypal
5423,7534,2025-05-15 00:00:00,completed,social_media,bank_transfer
5424,5039,2025-10-30 00:00:00,completed,social_media,paypal
5425,3046,2024-01-25 00:00:00,completed,direct,credit_card
5426,826,2024-03-05 16:20:35,completed,direct,paypal
5427,1626,2025-05-05 00:00:00,completed,direct,bank_transfer
5428,7982,2025-10-18 00:00:00,completed,social_media,bank_transfer
5429,5595,2024-11-15 00:00:00,completed,organic_search,credit_card
5430,2229,2024-11-27 00:00:00,completed,paid_search,bank_transfer
5431,4579,2025-05-21 00:00:00,completed,direct,bank_transfer
5432,1052,2024-10-10 00:00:00,completed,organic_search,bank_transfer
5433,971,2024-06-02 00:00:00,completed,email,paypal
5434,8403,2025-08-26 00:00:00,completed,direct,bank_transfer
5435,4224,2025-06-11 07:55:30,returned,paid_search,bank_transfer
5436,3334,2025-05-10 00:00:00,completed,paid_search,credit_card
5437,8760,2025-08-31 00:00:00,completed,social_media,credit_card
5438,3665,2025-07-16 00:00:00,completed,paid_search,credit_card
5439,3103,2024-11-08 00:00:00,completed,direct,debit_card
5440,2559,2024-11-29 00:00:00,completed,organic_search,bank_transfer
5441,5218,2024-05-24 00:00:00,completed,email,debit_card
5442,5155,2024-05-28 00:00:00,completed,email,paypal
5443,164,2025-07-17 00:00:00,completed,email,bank_transfer
5444,6054,2025-07-11 00:00:00,completed,email,debit_card
5445,7295,2025-12-18 00:00:00,completed,paid_search,bank_transfer
5446,5676,2025-06-13 00:00:00,completed,social_media,credit_card
5447,8045,2024-07-21 12:25:41,completed,organic_search,bank_transfer
5448,2596,2024-05-04 21:51:40,completed,email,paypal
5449,1822,2025-10-14 05:36:03,completed,organic_search,debit_card
5450,6453,2025-05-09 19:53:57,completed,social_media,credit_card
5451,1786,2025-06-06 00:00:00,completed,direct,bank_transfer
5452,893,2025-09-25 00:00:00,completed,email,bank_transfer
5453,947,2025-05-08 00:00:00,completed,social_media,bank_transfer
5454,7096,2025-10-26 00:00:00,completed,organic_search,paypal
5455,289,2024-03-13 00:00:00,completed,direct,paypal
5456,2711,2025-09-04 06:27:50,completed,direct,paypal
5457,1251,2025-11-04 01:51:53,completed,social_media,debit_card
5458,6977,2024-10-19 20:35:37,cancelled,paid_search,debit_card
5459,4655,2025-06-21 00:00:00,completed,direct,credit_card
5460,1942,2024-11-08 18:05:17,completed,paid_search,paypal
5461,6937,2025-12-16 00:00:00,completed,paid_search,bank_transfer
5462,6937,2024-02-15 00:00:00,completed,direct,debit_card
5463,4839,2025-05-10 00:00:00,completed,organic_search,bank_transfer
5464,2592,2024-07-03 00:00:00,completed,email,credit_card
5465,5392,2025-08-11 23:22:33,returned,social_media,paypal
5466,8613,2024-07-13 00:00:00,completed,direct,debit_card
5467,503,2024-07-09 00:00:00,completed,email,debit_card
5468,2514,2025-03-09 00:00:00,completed,email,credit_card
5469,2676,2025-11-30 00:00:00,completed,referral,paypal
5470,5825,2024-08-17 00:00:00,completed,social_media,credit_card
5471,6023,2024-06-11 04:16:35,completed,direct,debit_card
5472,1949,2025-11-09 00:00:00,completed,social_media,credit_card
5473,2041,2025-03-14 00:00:00,completed,direct,paypal
5474,8589,2025-11-29 19:05:02,completed,paid_search,paypal
5475,6991,2024-06-14 00:00:00,completed,organic_search,debit_card
5476,8618,2025-06-25 00:00:00,completed,social_media,credit_card
5477,7674,2024-09-05 00:00:00,completed,paid_search,bank_transfer
5478,3696,2024-06-24 00:00:00,completed,direct,credit_card
5479,1186,2025-07-22 00:00:00,completed,organic_search,paypal
5480,5802,2025-05-19 00:00:00,completed,paid_search,bank_transfer
5481,3249,2025-09-08 00:00:00,completed,referral,debit_card
5482,3925,2024-11-05 18:08:38,completed,paid_search,paypal
5483,3928,2025-01-28 17:50:37,completed,email,debit_card
5484,8643,2024-12-25 00:00:00,completed,social_media,credit_card
5485,674,2025-12-26 00:00:00,completed,direct,bank_transfer
5486,1835,2024-10-24 00:00:00,completed,direct,paypal
5487,5605,2024-10-26 00:00:00,completed,organic_search,debit_card
5488,8176,2024-11-30 00:00:00,completed,organic_search,bank_transfer
5489,8494,2025-04-29 00:00:00,completed,referral,debit_card
5490,5159,2024-09-22 00:00:00,completed,direct,debit_card
5491,344,2025-11-30 00:00:00,completed,organic_search,credit_card
5492,3345,2024-10-03 00:00:00,completed,paid_search,bank_transfer
5493,8501,2025-11-22 13:01:01,completed,paid_search,bank_transfer
5494,4620,2024-02-05 00:00:00,completed,email,debit_card
5495,6715,2025-07-03 22:49:49,cancelled,social_media,debit_card
5496,2534,2025-11-27 00:00:00,completed,organic_search,bank_transfer
5497,255,2024-07-06 00:00:00,completed,direct,credit_card
5498,5350,2025-12-20 15:56:47,completed,organic_search,paypal
5499,7724,2025-02-02 00:00:00,completed,email,bank_transfer
5500,-1,2025-12-12 00:00:00,completed,direct,debit_card
5501,7830,2025-07-17 00:00:00,completed,referral,debit_card
5502,5112,2024-10-31 00:00:00,completed,referral,paypal
5503,5612,2024-07-25 00:17:22,completed,direct,bank_transfer
5504,7625,2024-11-02 01:09:48,completed,social_media,debit_card
5505,202,2024-04-21 00:00:00,cancelled,organic_search,bank_transfer
5506,8781,2024-06-11 00:00:00,cancelled,paid_search,bank_transfer
5507,4912,2024-03-05 00:00:00,returned,referral,debit_card
5508,8783,2025-01-05 00:51:28,cancelled,referral,debit_card
5509,7057,2025-10-04 00:00:00,completed,paid_search,paypal
5510,1467,2024-06-08 00:00:00,completed,referral,debit_card
5511,1568,2024-05-28 00:00:00,completed,paid_search,bank_transfer
5512,3260,2025-06-23 18:20:23,cancelled,email,bank_transfer
5513,2485,2024-08-03 00:00:00,completed,direct,credit_card
5514,4046,2024-04-26 14:30:33,completed,referral,bank_transfer
5515,5568,2024-07-04 00:00:00,completed,referral,debit_card
5516,4025,2025-12-03 16:08:12,completed,referral,debit_card
5517,556,2025-10-19 00:00:00,completed,referral,credit_card
5518,9000,2024-11-30 18:03:20,completed,social_media,paypal
5519,3922,2025-07-02 00:00:00,completed,referral,debit_card
5520,7868,2025-04-10 17:13:13,completed,social_media,paypal
5521,723,2025-07-18 00:00:00,completed,direct,bank_transfer
5522,7496,2025-07-21 00:00:00,completed,paid_search,credit_card
5523,1646,2025-06-13 00:00:00,completed,direct,credit_card
5524,6287,2024-03-10 00:00:00,cancelled,direct,debit_card
5525,6130,2024-02-22 06:09:48,completed,email,bank_transfer
5526,8427,2025-04-02 00:00:00,cancelled,email,paypal
5527,2978,2025-11-20 00:00:00,completed,referral,bank_transfer
5528,1063,2025-03-05 00:00:00,completed,direct,credit_card
5529,7997,2025-10-25 17:51:14,completed,organic_search,paypal
5530,3070,2025-12-28 00:00:00,returned,social_media,credit_card
5531,2188,2024-06-30 00:00:00,cancelled,email,credit_card
5532,4487,2025-07-28 00:00:00,completed,direct,debit_card
5533,1401,2025-07-15 00:00:00,completed,social_media,credit_card
5534,2767,2025-12-24 00:00:00,completed,direct,bank_transfer
5535,3555,2025-12-26 00:00:00,completed,email,debit_card
5536,2606,2025-07-24 23:19:45,completed,referral,debit_card
5537,4157,2024-09-14 00:00:00,completed,email,bank_transfer
5538,3550,2025-05-10 00:00:00,completed,referral,paypal
5539,7153,2024-05-05 13:32:27,completed,direct,paypal
5540,8498,2025-09-24 00:00:00,completed,social_media,paypal
5541,994,2025-11-28 00:00:00,completed,referral,bank_transfer
5542,7616,2024-12-14 00:00:00,completed,referral,paypal
5543,8604,2025-06-14 00:00:00,completed,email,paypal
5544,6368,2025-01-12 16:57:41,completed,paid_search,debit_card
5545,-1,2025-01-19 00:00:00,completed,email,bank_transfer
5546,3101,2024-05-11 00:00:00,returned,email,paypal
5547,7680,2025-09-13 00:00:00,returned,organic_search,debit_card
5548,6234,2025-08-12 00:00:00,completed,email,bank_transfer
5549,3000,2025-12-10 05:24:27,completed,referral,paypal
5550,6519,2024-07-12 00:00:00,completed,organic_search,credit_card
5551,4718,2025-11-14 00:00:00,completed,paid_search,debit_card
5552,1792,2025-08-28 00:00:00,completed,paid_search,paypal
5553,1649,2024-09-22 00:00:00,cancelled,social_media,paypal
5554,6585,2024-03-26 00:00:00,completed,email,bank_transfer
5555,6579,2024-10-05 23:16:53,completed,email,credit_card
5556,4908,2025-11-29 00:00:00,completed,direct,bank_transfer
5557,4634,2025-06-16 00:00:00,cancelled,direct,bank_transfer
5558,1704,2025-08-17 00:00:00,completed,organic_search,bank_transfer
5559,3961,2024-09-26 00:00:00,completed,paid_search,paypal
5560,8054,2025-08-16 00:00:00,completed,paid_search,debit_card
5561,7905,2024-02-08 22:03:15,completed,direct,credit_card
5562,6122,2024-10-12 00:00:00,returned,direct,paypal
5563,-1,2025-06-12 00:00:00,completed,social_media,credit_card
5564,8256,2024-06-13 00:00:00,completed,paid_search,bank_transfer
5565,1392,2025-10-20 00:00:00,cancelled,social_media,bank_transfer
5566,3666,2024-09-07 00:00:00,completed,organic_search,bank_transfer
5567,1280,2025-06-30 00:00:00,completed,organic_search,credit_card
5568,4306,2024-12-25 00:00:00,completed,paid_search,bank_transfer
5569,7171,2025-05-21 07:58:55,completed,direct,debit_card
5570,1496,2024-06-05 00:00:00,completed,paid_search,bank_transfer
5571,8140,2024-01-24 00:00:00,completed,social_media,paypal
5572,5260,2025-11-28 21:09:55,completed,direct,credit_card
5573,6921,2024-10-06 00:00:00,completed,organic_search,bank_transfer
5574,438,2025-10-18 22:45:36,completed,organic_search,debit_card
5575,920,2025-12-31 00:00:00,completed,organic_search,credit_card
5576,5721,2024-08-16 00:00:00,cancelled,email,debit_card
5577,7751,2024-10-02 00:00:00,completed,referral,credit_card
5578,8084,2025-07-07 00:00:00,completed,social_media,credit_card
5579,6388,2025-12-19 00:00:00,completed,direct,paypal
5580,1910,2025-11-30 00:00:00,completed,email,bank_transfer
5581,1855,2025-03-15 00:00:00,completed,referral,debit_card
5582,8151,2025-10-03 00:00:00,completed,email,debit_card
5583,1112,2024-06-03 00:00:00,completed,social_media,debit_card
5584,6362,2025-12-23 00:00:00,completed,email,debit_card
5585,4928,2025-12-19 00:00:00,completed,paid_search,debit_card
5586,3890,2024-01-07 00:00:00,completed,paid_search,bank_transfer
5587,4055,2024-10-30 00:00:00,completed,email,credit_card
5588,8723,2024-04-29 00:00:00,completed,paid_search,bank_transfer
5589,7967,2024-10-08 00:00:00,completed,referral,debit_card
5590,8003,2025-10-16 00:00:00,completed,email,credit_card
5591,3740,2024-12-12 00:00:00,completed,direct,paypal
5592,1046,2024-04-17 00:00:00,completed,social_media,credit_card
5593,-1,2024-11-23 15:34:12,completed,paid_search,credit_card
5594,1393,2025-12-25 00:00:00,completed,social_media,paypal
5595,4774,2025-06-14 00:00:00,completed,paid_search,debit_card
5596,2492,2024-12-30 00:00:00,completed,social_media,paypal
5597,4728,2024-03-07 00:00:00,completed,organic_search,debit_card
5598,2846,2025-12-27 00:00:00,completed,paid_search,paypal
5599,8295,2025-10-18 00:00:00,completed,paid_search,credit_card
5600,8938,2024-10-15 00:00:00,completed,referral,bank_transfer
5601,3770,2024-03-29 00:00:00,completed,direct,paypal
5602,688,2024-03-14 01:34:24,completed,social_media,debit_card
5603,6145,2024-05-19 00:00:00,completed,paid_search,paypal
5604,3472,2025-05-10 18:47:40,completed,email,bank_transfer
5605,-1,2025-05-12 00:00:00,completed,organic_search,debit_card
5606,872,2025-03-11 00:00:00,completed,direct,paypal
5607,1165,2025-10-31 20:05:30,completed,referral,paypal
5608,6475,2025-01-26 00:00:00,returned,referral,paypal
5609,7006,2025-09-08 00:00:00,cancelled,email,paypal
5610,4354,2025-08-24 00:00:00,completed,organic_search,paypal
5611,2606,2024-07-11 00:00:00,cancelled,paid_search,credit_card
5612,2890,2024-12-03 20:12:15,completed,referral,bank_transfer
5613,3120,2025-06-19 00:00:00,completed,organic_search,credit_card
5614,2118,2024-03-30 00:00:00,completed,organic_search,bank_transfer
5615,7865,2024-12-04 00:00:00,cancelled,paid_search,debit_card
5616,633,2025-08-04 00:00:00,completed,paid_search,bank_transfer
5617,3749,2025-12-30 00:00:00,completed,referral,credit_card
5618,6910,2025-02-21 00:00:00,completed,direct,paypal
5619,38,2025-10-16 00:00:00,completed,referral,paypal
5620,8122,2025-01-13 13:49:01,completed,referral,credit_card
5621,6534,2025-10-04 00:00:00,completed,email,bank_transfer
5622,717,2025-05-21 00:00:00,cancelled,organic_search,debit_card
5623,8276,2025-11-18 01:43:43,completed,referral,bank_transfer
5624,4500,2024-12-28 00:00:00,completed,referral,paypal
5625,6036,2025-05-27 00:00:00,completed,social_media,paypal
5626,8160,2025-06-14 22:19:35,completed,email,debit_card
5627,8149,2024-12-31 17:33:16,completed,social_media,paypal
5628,3761,2024-06-11 00:00:00,completed,organic_search,credit_card
5629,2235,2024-04-22 00:00:00,completed,paid_search,paypal
5630,2422,2024-01-24 00:00:00,completed,social_media,credit_card
5631,-1,2025-11-13 00:00:00,completed,paid_search,bank_transfer
5632,8596,2024-09-08 00:00:00,completed,referral,bank_transfer
5633,708,2024-08-16 05:08:35,completed,social_media,bank_transfer
5634,153,2025-08-27 00:00:00,completed,email,paypal
5635,7615,2024-11-11 00:00:00,completed,social_media,paypal
5636,3559,2025-03-18 00:00:00,completed,direct,bank_transfer
5637,2597,2024-06-29 00:00:00,completed,social_media,debit_card
5638,1786,2025-12-17 09:02:24,cancelled,email,credit_card
5639,3198,2025-11-04 00:00:00,completed,email,paypal
5640,8962,2025-11-09 00:00:00,completed,direct,credit_card
5641,-1,2024-12-26 00:00:00,completed,direct,paypal
5642,3069,2025-09-13 00:00:00,completed,paid_search,bank_transfer
5643,8892,2024-11-06 00:00:00,completed,social_media,bank_transfer
5644,2798,2024-01-13 00:00:00,returned,organic_search,bank_transfer
5645,7902,2024-01-28 00:00:00,completed,direct,credit_card
5646,2002,2025-05-15 00:00:00,completed,email,credit_card
5647,7645,2025-02-04 14:30:36,completed,email,debit_card
5648,3261,2025-03-27 17:46:23,completed,direct,debit_card
5649,1859,2024-01-11 10:02:35,completed,email,debit_card
5650,8623,2025-01-05 10:24:41,completed,email,credit_card
5651,2021,2025-08-15 00:00:00,completed,social_media,debit_card
5652,-1,2025-01-23 00:00:00,completed,direct,credit_card
5653,1061,2025-08-24 00:00:00,completed,email,credit_card
5654,99,2024-09-05 00:00:00,completed,organic_search,bank_transfer
5655,8048,2025-10-14 00:00:00,completed,organic_search,bank_transfer
5656,5395,2025-05-16 00:00:00,cancelled,referral,paypal
5657,3892,2024-08-16 00:00:00,completed,organic_search,credit_card
5658,798,2024-09-08 00:00:00,returned,email,bank_transfer
5659,5315,2025-06-13 00:00:00,completed,social_media,debit_card
5660,3623,2025-10-24 00:00:00,completed,paid_search,bank_transfer
5661,4471,2024-12-30 13:15:54,completed,organic_search,paypal
5662,5811,2024-09-27 12:31:42,completed,paid_search,paypal
5663,5902,2025-11-10 00:00:00,completed,paid_search,credit_card
5664,8862,2025-07-12 01:57:26,cancelled,referral,paypal
5665,6064,2025-01-28 10:56:14,completed,social_media,paypal
5666,3136,2025-03-04 00:00:00,completed,email,credit_card
5667,3047,2024-08-10 23:19:58,completed,referral,debit_card
5668,4407,2025-12-06 00:00:00,completed,social_media,debit_card
5669,2436,2024-02-12 00:00:00,completed,social_media,debit_card
5670,3471,2025-12-30 00:00:00,completed,referral,paypal
5671,7787,2025-02-26 15:26:21,returned,social_media,debit_card
5672,7948,2025-02-03 00:00:00,completed,social_media,debit_card
5673,5791,2025-04-30 00:00:00,cancelled,email,credit_card
5674,5368,2025-12-01 00:00:00,cancelled,direct,credit_card
5675,3943,2025-07-10 00:00:00,completed,social_media,bank_transfer
5676,5859,2025-01-31 00:00:00,completed,organic_search,bank_transfer
5677,7469,2025-08-15 14:16:17,completed,email,bank_transfer
5678,6826,2025-05-14 00:00:00,returned,social_media,credit_card
5679,354,2025-07-03 00:00:00,cancelled,direct,debit_card
5680,6756,2024-07-29 00:00:00,completed,paid_search,debit_card
5681,6644,2025-11-02 00:00:00,completed,email,bank_transfer
5682,973,2024-09-16 00:00:00,completed,social_media,bank_transfer
5683,1442,2025-11-30 00:00:00,cancelled,referral,debit_card
5684,7290,2024-11-19 00:00:00,completed,organic_search,bank_transfer
5685,5162,2025-12-14 00:00:00,completed,paid_search,paypal
5686,7605,2025-04-07 00:00:00,cancelled,paid_search,credit_card
5687,1753,2025-06-15 17:03:59,cancelled,email,paypal
5688,309,2025-04-14 00:00:00,cancelled,organic_search,debit_card
5689,1539,2024-05-27 00:00:00,completed,organic_search,credit_card
5690,4177,2024-11-12 00:00:00,completed,social_media,paypal
5691,4842,2024-04-28 00:00:00,completed,organic_search,bank_transfer
5692,7935,2025-06-09 00:00:00,completed,referral,credit_card
5693,6613,2025-01-27 15:21:36,completed,email,debit_card
5694,-1,2025-09-23 00:00:00,completed,social_media,credit_card
5695,764,2024-08-25 21:18:31,cancelled,social_media,debit_card
5696,1263,2024-07-01 00:19:37,completed,social_media,debit_card
5697,826,2024-12-26 00:00:00,returned,organic_search,credit_card
5698,4974,2025-12-05 01:47:38,returned,email,credit_card
5699,2512,2025-10-08 00:00:00,completed,organic_search,bank_transfer
5700,6335,2025-01-01 00:00:00,completed,referral,credit_card
5701,1285,2025-03-26 00:00:00,completed,email,credit_card
5702,1017,2024-04-13 00:00:00,completed,paid_search,debit_card
5703,4245,2025-12-26 00:00:00,cancelled,referral,bank_transfer
5704,3466,2025-10-07 00:00:00,returned,direct,debit_card
5705,7669,2024-10-19 00:00:00,completed,social_media,credit_card
5706,7745,2025-05-14 00:00:00,completed,email,paypal
5707,1146,2024-05-08 00:00:00,completed,email,debit_card
5708,7518,2025-12-19 00:00:00,completed,paid_search,debit_card
5709,5214,2024-12-07 00:00:00,completed,email,debit_card
5710,4655,2025-06-27 00:00:00,completed,referral,debit_card
5711,930,2024-09-16 00:00:00,returned,direct,credit_card
5712,6837,2025-08-15 16:37:46,completed,email,credit_card
5713,586,2025-09-22 00:00:00,returned,organic_search,debit_card
5714,2608,2025-07-15 00:00:00,completed,email,debit_card
5715,938,2025-06-03 11:06:32,completed,referral,bank_transfer
5716,4908,2025-11-21 18:04:57,completed,referral,credit_card
5717,5956,2024-04-07 00:00:00,completed,direct,debit_card
5718,8237,2024-11-17 00:00:00,completed,email,bank_transfer
5719,6783,2024-09-18 00:00:00,completed,organic_search,credit_card
5720,8866,2025-12-27 00:00:00,completed,organic_search,debit_card
5721,7029,2024-12-17 00:00:00,completed,email,credit_card
5722,2780,2025-08-25 09:36:51,completed,direct,debit_card
5723,5052,2025-07-23 00:00:00,completed,paid_search,credit_card
5724,4224,2024-08-17 00:00:00,completed,referral,bank_transfer
5725,5229,2024-09-10 04:25:58,completed,social_media,bank_transfer
5726,5290,2024-10-15 00:00:00,completed,organic_search,paypal
5727,6499,2024-12-28 00:00:00,completed,referral,bank_transfer
5728,811,2024-06-09 00:00:00,completed,referral,debit_card
5729,6901,2024-01-28 00:00:00,cancelled,organic_search,bank_transfer
5730,1378,2025-11-15 00:00:00,completed,email,credit_card
5731,267,2025-12-19 14:02:08,completed,referral,credit_card
5732,4805,2024-11-23 00:00:00,completed,organic_search,credit_card
5733,5356,2024-11-21 19:14:20,completed,referral,debit_card
5734,347,2024-01-11 00:00:00,completed,social_media,bank_transfer
5735,4771,2025-07-20 06:00:43,completed,email,bank_transfer
5736,4935,2025-10-21 00:00:00,completed,social_media,credit_card
5737,513,2024-06-14 00:00:00,completed,email,bank_transfer
5738,6579,2024-06-27 00:00:00,completed,direct,debit_card
5739,1987,2025-09-30 00:13:09,completed,social_media,bank_transfer
5740,7357,2025-06-04 00:00:00,completed,email,paypal
5741,2890,2024-03-01 00:00:00,completed,email,debit_card
5742,4413,2025-06-08 00:00:00,completed,organic_search,debit_card
5743,8247,2024-05-11 00:00:00,completed,direct,paypal
5744,7470,2024-12-07 00:00:00,completed,paid_search,paypal
5745,7224,2025-09-18 00:00:00,completed,direct,paypal
5746,1522,2025-10-12 00:00:00,completed,paid_search,paypal
5747,471,2024-12-23 00:00:00,completed,direct,paypal
5748,5584,2025-12-12 00:00:00,completed,organic_search,debit_card
5749,3776,2024-12-26 22:11:20,completed,email,debit_card
5750,8419,2025-09-19 00:00:00,completed,referral,credit_card
5751,3226,2025-03-01 09:16:37,completed,paid_search,bank_transfer
5752,3774,2025-11-23 00:00:00,completed,direct,debit_card
5753,4871,2025-11-27 05:50:16,completed,paid_search,paypal
5754,7379,2024-04-16 00:00:00,completed,paid_search,debit_card
5755,2525,2025-08-12 00:00:00,completed,paid_search,bank_transfer
5756,8687,2025-10-21 18:41:36,cancelled,referral,credit_card
5757,4987,2025-10-01 00:00:00,completed,social_media,credit_card
5758,7776,2024-08-06 00:00:00,completed,referral,credit_card
5759,4867,2025-09-10 00:00:00,completed,organic_search,paypal
5760,7126,2025-03-11 00:00:00,cancelled,email,paypal
5761,501,2024-10-22 00:00:00,completed,social_media,paypal
5762,7405,2025-12-14 00:00:00,returned,organic_search,paypal
5763,4849,2024-03-06 04:05:05,completed,social_media,credit_card
5764,4150,2024-06-17 00:00:00,completed,paid_search,credit_card
5765,1094,2025-04-10 00:00:00,completed,paid_search,debit_card
5766,6857,2025-05-07 00:00:00,completed,email,debit_card
5767,1272,2025-06-25 02:56:47,completed,paid_search,debit_card
5768,1825,2024-01-24 00:00:00,cancelled,referral,paypal
5769,1224,2025-12-17 00:00:00,completed,organic_search,credit_card
5770,63,2024-02-29 00:00:00,completed,referral,bank_transfer
5771,6131,2024-06-10 00:00:00,completed,direct,paypal
5772,2541,2024-01-20 00:00:00,completed,social_media,debit_card
5773,1433,2025-05-01 00:00:00,completed,direct,credit_card
5774,2971,2025-12-07 20:06:07,completed,paid_search,debit_card
5775,4610,2025-07-09 11:22:43,completed,email,credit_card
5776,4655,2025-10-19 00:00:00,returned,organic_search,debit_card
5777,3382,2024-01-19 00:00:00,cancelled,referral,paypal
5778,4572,2025-04-13 00:00:00,completed,social_media,paypal
5779,3945,2025-02-08 07:32:36,completed,paid_search,credit_card
5780,7612,2025-12-03 00:00:00,completed,direct,paypal
5781,296,2024-03-31 00:00:00,completed,email,debit_card
5782,8035,2025-07-23 00:00:00,completed,direct,credit_card
5783,2297,2025-03-16 22:59:13,completed,organic_search,paypal
5784,6665,2025-09-15 00:00:00,completed,social_media,paypal
5785,3723,2025-02-03 00:00:00,completed,email,debit_card
5786,2748,2024-06-16 01:28:55,completed,social_media,paypal
5787,5670,2025-06-27 15:10:39,completed,direct,bank_transfer
5788,7101,2024-07-09 19:56:36,completed,organic_search,bank_transfer
5789,4154,2025-11-13 07:09:38,completed,email,paypal
5790,4307,2025-06-02 00:00:00,completed,referral,paypal
5791,581,2024-06-24 00:00:00,completed,social_media,credit_card
5792,8548,2025-12-18 00:00:00,completed,paid_search,bank_transfer
5793,7830,2025-03-27 00:00:00,completed,social_media,bank_transfer
5794,3656,2024-01-04 00:00:00,completed,social_media,credit_card
5795,7060,2025-06-12 00:00:00,completed,social_media,paypal
5796,2903,2024-09-22 00:00:00,completed,organic_search,paypal
5797,6749,2025-10-08 00:00:00,completed,organic_search,credit_card
5798,4784,2025-10-17 00:00:00,completed,social_media,bank_transfer
5799,4253,2025-12-24 00:00:00,returned,direct,credit_card
5800,557,2025-03-15 00:00:00,completed,social_media,debit_card
5801,8907,2025-02-03 00:00:00,completed,direct,credit_card
5802,7744,2025-09-07 18:40:29,cancelled,organic_search,debit_card
5803,7348,2024-05-30 00:43:10,completed,referral,credit_card
5804,2845,2025-04-17 00:00:00,completed,organic_search,bank_transfer
5805,2713,2025-04-16 02:38:54,completed,organic_search,paypal
5806,5302,2024-04-18 00:00:00,completed,organic_search,bank_transfer
5807,7825,2024-12-31 00:00:00,completed,paid_search,debit_card
5808,8621,2025-11-05 11:40:42,completed,paid_search,credit_card
5809,2532,2025-11-06 14:13:29,completed,paid_search,credit_card
5810,5601,2024-04-28 00:00:00,completed,referral,bank_transfer
5811,6687,2024-04-19 00:00:00,completed,referral,debit_card
5812,2131,2024-09-30 00:00:00,completed,paid_search,paypal
5813,3752,2025-11-14 00:00:00,cancelled,social_media,bank_transfer
5814,1780,2024-05-27 00:00:00,completed,referral,debit_card
5815,6470,2025-08-16 00:00:00,completed,email,bank_transfer
5816,7989,2024-04-30 00:00:00,completed,direct,debit_card
5817,8115,2025-06-09 02:21:55,completed,email,debit_card
5818,6201,2024-12-01 00:00:00,completed,referral,paypal
5819,3204,2025-09-30 23:00:50,completed,direct,paypal
5820,6123,2024-09-06 00:00:00,completed,paid_search,debit_card
5821,7994,2025-06-20 00:00:00,returned,paid_search,credit_card
5822,5769,2024-07-09 00:00:00,completed,organic_search,bank_transfer
5823,3799,2025-12-08 00:00:00,completed,email,credit_card
5824,8511,2025-11-13 00:00:00,completed,referral,debit_card
5825,7726,2024-05-25 00:00:00,completed,organic_search,paypal
5826,8163,2025-11-10 07:30:20,completed,social_media,debit_card
5827,8357,2025-05-19 00:00:00,completed,email,credit_card
5828,3623,2024-05-25 00:00:00,completed,social_media,debit_card
5829,7947,2025-01-09 00:00:00,completed,direct,credit_card
5830,5274,2024-06-28 00:00:00,completed,organic_search,debit_card
5831,377,2025-03-08 00:00:00,completed,organic_search,paypal
5832,5859,2025-11-09 00:00:00,completed,referral,bank_transfer
5833,4349,2024-05-04 10:28:28,completed,organic_search,paypal
5834,2585,2025-03-18 19:31:38,completed,social_media,debit_card
5835,8956,2025-10-15 00:00:00,completed,email,paypal
5836,540,2025-08-12 00:00:00,completed,social_media,debit_card
5837,8728,2025-03-23 00:00:00,returned,referral,debit_card
5838,1510,2025-12-13 00:00:00,completed,direct,bank_transfer
5839,3475,2025-04-09 04:34:31,completed,organic_search,credit_card
5840,3845,2024-12-20 00:00:00,completed,referral,bank_transfer
5841,6754,2025-11-02 00:00:00,completed,referral,debit_card
5842,2035,2025-03-08 00:00:00,completed,organic_search,credit_card
5843,-1,2025-02-18 00:00:00,completed,organic_search,bank_transfer
5844,6921,2025-03-06 00:00:00,completed,paid_search,debit_card
5845,7314,2025-11-02 00:00:00,completed,referral,paypal
5846,1040,2025-10-25 12:00:50,completed,email,bank_transfer
5847,4398,2024-12-24 00:00:00,completed,email,paypal
5848,-1,2024-11-18 00:00:00,completed,referral,debit_card
5849,2540,2025-03-07 19:16:08,completed,social_media,debit_card
5850,1394,2025-05-05 00:00:00,completed,social_media,paypal
5851,4482,2024-09-10 00:00:00,completed,paid_search,credit_card
5852,8596,2025-03-10 00:00:00,completed,social_media,credit_card
5853,4494,2025-03-03 00:00:00,completed,direct,credit_card
5854,3722,2024-11-19 11:23:16,completed,organic_search,credit_card
5855,6012,2024-05-05 00:00:00,completed,paid_search,credit_card
5856,8643,2024-10-09 00:00:00,completed,referral,paypal
5857,482,2025-12-13 19:08:02,completed,direct,paypal
5858,1479,2024-11-02 00:00:00,completed,social_media,bank_transfer
5859,1286,2024-07-06 13:32:40,completed,social_media,bank_transfer
5860,829,2025-08-02 00:00:00,returned,organic_search,credit_card
5861,2817,2024-03-11 00:00:00,completed,organic_search,bank_transfer
5862,2161,2024-02-17 00:00:00,completed,direct,credit_card
5863,5061,2024-11-13 00:00:00,completed,organic_search,debit_card
5864,3023,2025-04-15 00:00:00,completed,email,credit_card
5865,3725,2025-04-20 00:00:00,completed,email,debit_card
5866,8688,2024-01-12 00:00:00,completed,social_media,paypal
5867,1496,2025-01-27 00:00:00,completed,email,bank_transfer
5868,3579,2025-12-19 00:00:00,completed,referral,debit_card
5869,2419,2024-11-12 00:00:00,cancelled,direct,credit_card
5870,5064,2024-09-27 19:33:08,returned,direct,debit_card
5871,6810,2024-09-14 00:00:00,completed,organic_search,debit_card
5872,7567,2025-06-02 00:00:00,completed,organic_search,bank_transfer
5873,4770,2025-11-09 00:00:00,completed,referral,debit_card
5874,7906,2024-08-11 00:00:00,completed,social_media,paypal
5875,7258,2025-08-09 20:26:08,completed,paid_search,bank_transfer
5876,1496,2024-01-30 00:00:00,completed,direct,bank_transfer
5877,2309,2025-01-01 05:13:13,completed,referral,debit_card
5878,6215,2025-09-21 00:00:00,completed,social_media,debit_card
5879,8990,2024-11-21 00:00:00,completed,direct,credit_card
5880,3468,2025-04-29 00:00:00,cancelled,direct,credit_card
5881,2165,2024-08-10 00:00:00,completed,email,paypal
5882,8042,2025-08-31 00:00:00,cancelled,social_media,bank_transfer
5883,1897,2024-03-09 03:08:09,completed,paid_search,paypal
5884,6454,2025-11-04 00:00:00,completed,email,credit_card
5885,340,2024-04-08 00:00:00,completed,email,credit_card
5886,193,2025-11-13 00:00:00,completed,email,bank_transfer
5887,4170,2024-11-29 00:00:00,completed,organic_search,paypal
5888,6080,2025-08-18 00:00:00,completed,referral,debit_card
5889,1369,2024-11-10 00:00:00,completed,organic_search,bank_transfer
5890,7053,2025-11-26 00:00:00,completed,social_media,bank_transfer
5891,1248,2024-05-25 00:00:00,completed,social_media,paypal
5892,4931,2024-07-15 19:56:14,completed,paid_search,bank_transfer
5893,2881,2025-03-08 00:00:00,completed,paid_search,debit_card
5894,6954,2024-10-04 00:00:00,completed,direct,bank_transfer
5895,7457,2024-08-02 00:00:00,completed,social_media,paypal
5896,644,2025-12-11 00:00:00,completed,organic_search,bank_transfer
5897,1828,2025-12-23 00:00:00,completed,social_media,debit_card
5898,8255,2024-12-11 00:00:00,completed,email,bank_transfer
5899,3828,2025-12-03 04:04:01,completed,email,paypal
5900,4403,2025-04-15 00:00:00,completed,organic_search,paypal
5901,1591,2024-10-06 00:00:00,completed,paid_search,debit_card
5902,-1,2025-04-08 00:00:00,completed,social_media,debit_card
5903,8541,2025-07-04 23:25:25,completed,email,debit_card
5904,21,2025-12-28 11:00:51,completed,organic_search,bank_transfer
5905,5078,2024-02-10 00:00:00,completed,paid_search,paypal
5906,8065,2025-07-14 04:20:58,completed,direct,credit_card
5907,3975,2024-03-09 00:00:00,completed,email,paypal
5908,4028,2024-05-12 22:08:40,returned,organic_search,credit_card
5909,3499,2024-01-06 00:00:00,completed,organic_search,credit_card
5910,289,2025-12-31 00:00:00,completed,direct,debit_card
5911,7315,2025-07-10 00:00:00,completed,paid_search,debit_card
5912,4213,2025-09-28 21:07:09,completed,direct,debit_card
5913,4910,2025-03-21 00:00:00,cancelled,direct,bank_transfer
5914,2404,2024-10-30 00:00:00,completed,paid_search,debit_card
5915,7247,2024-06-18 07:16:18,completed,email,paypal
5916,7351,2024-10-18 00:00:00,completed,paid_search,debit_card
5917,5101,2024-12-11 02:13:20,cancelled,paid_search,debit_card
5918,8369,2025-09-09 00:00:00,completed,direct,paypal
5919,1134,2025-04-12 00:00:00,completed,direct,bank_transfer
5920,7275,2024-04-06 00:00:00,completed,organic_search,paypal
5921,5158,2024-01-26 00:00:00,completed,paid_search,debit_card
5922,2173,2024-01-05 00:00:00,completed,email,debit_card
5923,1282,2024-12-28 00:00:00,completed,direct,paypal
5924,2808,2025-12-07 00:00:00,completed,direct,bank_transfer
5925,7919,2025-06-19 17:45:02,completed,email,bank_transfer
5926,7287,2025-07-10 00:00:00,completed,social_media,paypal
5927,-1,2025-02-14 00:00:00,completed,social_media,bank_transfer
5928,884,2024-12-04 03:20:08,completed,social_media,debit_card
5929,8812,2024-05-07 21:48:18,completed,social_media,debit_card
5930,2851,2025-11-14 00:00:00,completed,paid_search,debit_card
5931,5595,2025-09-26 00:00:00,cancelled,email,debit_card
5932,7447,2024-07-05 00:00:00,completed,organic_search,bank_transfer
5933,1286,2025-03-23 00:00:00,cancelled,direct,bank_transfer
5934,6036,2025-03-03 00:00:00,completed,social_media,paypal
5935,321,2025-10-06 00:00:00,completed,organic_search,bank_transfer
5936,1000,2025-12-12 11:29:32,completed,direct,paypal
5937,6679,2025-05-10 00:00:00,completed,referral,credit_card
5938,1494,2025-04-12 00:00:00,cancelled,social_media,paypal
5939,4090,2024-03-07 00:00:00,completed,social_media,credit_card
5940,2332,2024-03-21 00:00:00,completed,email,debit_card
5941,3887,2024-07-24 12:19:30,completed,organic_search,bank_transfer
5942,752,2024-02-14 00:00:00,completed,referral,credit_card
5943,6977,2025-01-09 00:00:00,completed,paid_search,debit_card
5944,767,2025-08-18 00:00:00,completed,social_media,debit_card
5945,7748,2024-06-03 14:46:04,completed,referral,debit_card
5946,6138,2025-10-27 00:00:00,completed,social_media,paypal
5947,3836,2024-06-22 00:00:00,completed,referral,bank_transfer
5948,8018,2024-10-31 00:00:00,completed,email,credit_card
5949,1766,2024-09-19 00:00:00,completed,direct,debit_card
5950,2491,2024-12-09 00:00:00,cancelled,paid_search,debit_card
5951,1323,2024-09-24 06:30:23,completed,email,credit_card
5952,3521,2025-03-05 00:00:00,completed,direct,credit_card
5953,-1,2024-12-26 00:00:00,completed,referral,credit_card
5954,1530,2025-12-27 00:00:00,completed,paid_search,credit_card
5955,7686,2024-03-13 00:00:00,completed,referral,debit_card
5956,6032,2024-09-06 00:00:00,completed,organic_search,paypal
5957,161,2024-10-03 00:00:00,cancelled,paid_search,paypal
5958,8721,2025-06-11 00:00:00,returned,social_media,credit_card
5959,8959,2024-12-03 00:00:00,completed,paid_search,paypal
5960,8556,2025-10-27 04:19:06,completed,email,debit_card
5961,4637,2025-03-22 13:32:15,completed,social_media,bank_transfer
5962,2070,2025-04-03 00:00:00,completed,direct,bank_transfer
5963,3601,2025-04-27 00:00:00,completed,social_media,credit_card
5964,5666,2024-08-07 00:00:00,completed,email,bank_transfer
5965,3496,2024-08-03 00:00:00,completed,paid_search,paypal
5966,6550,2024-10-11 00:00:00,completed,organic_search,bank_transfer
5967,7370,2025-05-19 11:19:36,completed,direct,credit_card
5968,1979,2024-08-15 00:00:00,completed,email,paypal
5969,3722,2024-05-15 00:00:00,completed,organic_search,paypal
5970,8840,2025-12-21 00:00:00,completed,email,paypal
5971,2348,2024-01-31 04:43:41,returned,direct,paypal
5972,3198,2025-08-10 00:00:00,completed,direct,bank_transfer
5973,357,2025-09-29 00:00:00,completed,organic_search,paypal
5974,3077,2024-10-28 00:00:00,completed,paid_search,bank_transfer
5975,3417,2024-06-02 00:00:00,returned,referral,debit_card
5976,981,2024-06-13 00:00:00,completed,paid_search,paypal
5977,12,2025-08-01 00:00:00,completed,paid_search,bank_transfer
5978,5321,2025-06-23 20:39:52,returned,referral,credit_card
5979,2812,2025-09-26 00:00:00,cancelled,organic_search,debit_card
5980,181,2025-12-08 21:57:48,completed,organic_search,credit_card
5981,7948,2025-07-28 00:00:00,completed,organic_search,debit_card
5982,5371,2024-06-23 00:00:00,completed,email,debit_card
5983,1624,2024-09-14 00:00:00,completed,social_media,bank_transfer
5984,8006,2025-10-31 00:00:00,completed,direct,bank_transfer
5985,2382,2024-08-14 00:00:00,completed,organic_search,debit_card
5986,2143,2024-03-31 00:00:00,completed,organic_search,debit_card
5987,8272,2025-05-08 00:00:00,completed,organic_search,paypal
5988,1698,2024-12-24 00:00:00,completed,direct,paypal
5989,8129,2025-12-02 00:00:00,completed,organic_search,bank_transfer
5990,7445,2025-06-28 00:00:00,completed,email,paypal
5991,2890,2024-04-19 00:00:00,completed,direct,debit_card
5992,341,2025-12-12 00:00:00,completed,organic_search,credit_card
5993,806,2024-09-27 00:00:00,completed,direct,bank_transfer
5994,1070,2024-11-20 00:00:00,completed,social_media,credit_card
5995,8236,2024-12-24 00:00:00,completed,email,debit_card
5996,3715,2024-08-03 00:00:00,completed,referral,debit_card
5997,323,2025-10-03 00:00:00,completed,direct,bank_transfer
5998,5140,2024-05-22 00:00:00,cancelled,paid_search,bank_transfer
5999,1967,2024-12-23 00:00:00,completed,paid_search,paypal
6000,2211,2024-11-28 09:31:01,completed,social_media,bank_transfer
6001,1528,2025-09-20 00:00:00,completed,organic_search,paypal
6002,7040,2025-10-08 05:00:09,completed,referral,debit_card
6003,8,2024-06-20 00:00:00,completed,organic_search,debit_card
6004,4043,2024-12-06 14:29:29,completed,social_media,bank_transfer
6005,848,2024-12-09 00:00:00,cancelled,paid_search,credit_card
6006,5094,2024-06-18 00:00:00,completed,organic_search,paypal
6007,3194,2025-05-10 00:00:00,completed,email,credit_card
6008,287,2025-08-08 00:00:00,completed,email,credit_card
6009,4254,2024-07-27 00:00:00,completed,social_media,debit_card
6010,5276,2024-06-12 00:00:00,completed,paid_search,bank_transfer
6011,2325,2024-05-04 16:24:23,completed,paid_search,debit_card
6012,7066,2025-06-13 00:00:00,completed,direct,debit_card
6013,3418,2024-05-20 00:00:00,completed,organic_search,credit_card
6014,6923,2025-12-26 00:00:00,completed,email,bank_transfer
6015,5356,2025-09-24 00:00:00,completed,referral,credit_card
6016,8044,2024-12-18 00:00:00,completed,social_media,paypal
6017,5048,2025-05-09 00:00:00,completed,direct,paypal
6018,1760,2025-11-29 00:00:00,completed,social_media,paypal
6019,7611,2025-04-22 23:47:23,completed,direct,bank_transfer
6020,7236,2024-07-12 00:00:00,cancelled,referral,credit_card
6021,8968,2024-12-12 00:00:00,completed,direct,paypal
6022,916,2025-10-31 00:00:00,completed,email,debit_card
6023,5442,2025-06-24 00:00:00,completed,direct,credit_card
6024,4544,2025-06-29 00:00:00,completed,organic_search,credit_card
6025,6210,2025-10-11 00:00:00,completed,email,credit_card
6026,-1,2025-11-22 00:00:00,completed,paid_search,bank_transfer
6027,4919,2025-02-12 00:00:00,completed,email,paypal
6028,6358,2024-04-23 00:00:00,completed,direct,bank_transfer
6029,3204,2025-04-15 00:00:00,completed,social_media,paypal
6030,2787,2025-08-30 00:00:00,completed,organic_search,bank_transfer
6031,3103,2025-09-09 23:20:13,completed,direct,paypal
6032,381,2025-05-28 00:00:00,returned,social_media,credit_card
6033,2673,2024-07-04 00:00:00,completed,email,paypal
6034,1640,2025-10-05 00:00:00,completed,referral,debit_card
6035,4220,2025-08-16 00:00:00,completed,direct,paypal
6036,4253,2024-04-14 23:21:06,completed,email,debit_card
6037,7063,2025-11-02 00:00:00,completed,social_media,debit_card
6038,4644,2024-11-07 00:00:00,completed,organic_search,credit_card
6039,-1,2024-11-21 00:00:00,completed,referral,credit_card
6040,2180,2024-01-26 00:00:00,completed,direct,paypal
6041,7881,2024-12-23 00:00:00,completed,paid_search,debit_card
6042,892,2025-04-19 00:00:00,completed,paid_search,bank_transfer
6043,-1,2025-06-07 00:00:00,completed,social_media,paypal
6044,4395,2025-08-07 00:00:00,completed,direct,paypal
6045,1764,2025-10-27 00:00:00,completed,paid_search,credit_card
6046,3267,2024-08-20 00:00:00,completed,email,credit_card
6047,157,2024-05-19 00:03:29,completed,direct,paypal
6048,1582,2025-11-04 01:20:34,completed,referral,debit_card
6049,3103,2024-06-24 00:00:00,completed,email,debit_card
6050,5117,2025-12-22 00:00:00,cancelled,direct,bank_transfer
6051,1255,2025-10-31 00:00:00,completed,social_media,credit_card
6052,6254,2025-03-14 00:00:00,completed,email,debit_card
6053,7804,2025-12-25 00:00:00,completed,paid_search,credit_card
6054,5292,2024-04-26 03:37:08,completed,organic_search,credit_card
6055,2766,2024-11-01 14:19:02,completed,direct,bank_transfer
6056,1185,2025-06-20 00:00:00,completed,email,debit_card
6057,158,2024-11-28 03:15:17,completed,organic_search,bank_transfer
6058,6762,2025-05-12 00:00:00,completed,paid_search,credit_card
6059,5799,2024-03-24 00:00:00,completed,social_media,debit_card
6060,4398,2025-04-19 11:25:00,completed,email,bank_transfer
6061,1003,2025-05-17 00:00:00,completed,email,bank_transfer
6062,1957,2025-06-30 00:00:00,completed,paid_search,paypal
6063,7548,2024-09-24 00:00:00,completed,social_media,bank_transfer
6064,-1,2024-12-05 00:00:00,completed,organic_search,debit_card
6065,8884,2025-11-01 00:00:00,completed,referral,paypal
6066,-1,2024-01-08 00:00:00,completed,paid_search,paypal
6067,7421,2025-10-22 00:00:00,completed,social_media,paypal
6068,2429,2025-04-28 00:00:00,completed,referral,paypal
6069,2174,2025-09-13 00:00:00,completed,direct,paypal
6070,2383,2025-12-08 00:00:00,completed,social_media,paypal
6071,-1,2024-08-13 00:00:00,returned,social_media,bank_transfer
6072,3103,2025-05-02 00:00:00,completed,direct,debit_card
6073,6534,2025-11-11 23:58:57,completed,paid_search,bank_transfer
6074,8851,2025-01-13 23:25:43,completed,referral,credit_card
6075,7587,2025-12-19 00:00:00,cancelled,organic_search,paypal
6076,5511,2025-02-01 05:32:31,completed,organic_search,paypal
6077,1602,2024-10-06 00:00:00,completed,paid_search,bank_transfer
6078,1656,2024-12-17 00:00:00,completed,paid_search,credit_card
6079,4550,2025-12-14 00:00:00,completed,referral,credit_card
6080,8781,2024-11-11 00:00:00,completed,email,credit_card
6081,8368,2025-11-11 00:00:00,completed,email,credit_card
6082,1579,2025-11-16 00:00:00,completed,paid_search,debit_card
6083,2696,2024-11-28 00:00:00,completed,email,bank_transfer
6084,5416,2024-12-04 00:00:00,completed,paid_search,debit_card
6085,4409,2025-08-19 00:00:00,completed,direct,debit_card
6086,1168,2024-06-11 00:00:00,completed,direct,paypal
6087,3403,2025-09-26 00:00:00,completed,social_media,paypal
6088,8810,2025-01-23 00:00:00,completed,referral,bank_transfer
6089,8781,2025-03-02 00:00:00,completed,organic_search,paypal
6090,5168,2025-09-23 16:35:30,completed,organic_search,debit_card
6091,5859,2024-12-14 21:00:23,cancelled,referral,credit_card
6092,2085,2025-01-24 21:34:18,completed,paid_search,paypal
6093,6862,2024-11-12 00:00:00,completed,social_media,credit_card
6094,513,2024-07-12 00:00:00,completed,email,credit_card
6095,2073,2025-02-04 00:00:00,completed,paid_search,bank_transfer
6096,58,2025-10-11 00:00:00,completed,paid_search,paypal
6097,3556,2024-12-04 00:00:00,cancelled,paid_search,debit_card
6098,7861,2025-04-01 00:00:00,completed,email,bank_transfer
6099,-1,2025-07-13 01:42:53,completed,direct,bank_transfer
6100,6179,2024-10-06 00:00:00,completed,direct,credit_card
6101,6883,2024-10-12 00:00:00,completed,direct,credit_card
6102,2469,2025-12-07 00:00:00,completed,direct,debit_card
6103,4815,2025-08-19 00:00:00,completed,social_media,paypal
6104,6812,2025-08-05 00:00:00,completed,social_media,paypal
6105,4590,2025-06-26 00:00:00,completed,organic_search,credit_card
6106,866,2024-02-10 08:05:05,completed,email,credit_card
6107,6849,2025-06-05 00:00:00,completed,referral,bank_transfer
6108,2064,2025-03-20 00:00:00,completed,direct,paypal
6109,959,2025-04-16 00:00:00,completed,referral,bank_transfer
6110,4415,2024-12-02 11:00:01,completed,direct,bank_transfer
6111,731,2024-04-10 11:17:55,cancelled,organic_search,debit_card
6112,5802,2024-07-30 00:00:00,completed,referral,debit_card
6113,5908,2025-12-13 00:00:00,completed,social_media,paypal
6114,2414,2024-12-27 00:00:00,completed,email,credit_card
6115,8900,2025-02-14 11:16:31,completed,direct,paypal
6116,7628,2024-03-10 00:00:00,completed,referral,paypal
6117,1071,2024-02-20 00:00:00,completed,social_media,paypal
6118,6918,2025-08-14 01:38:54,completed,social_media,bank_transfer
6119,3255,2025-11-04 00:00:00,completed,email,paypal
6120,6936,2025-03-20 00:00:00,cancelled,direct,bank_transfer
6121,7422,2024-09-14 00:00:00,completed,organic_search,paypal
6122,1454,2025-09-02 00:00:00,completed,paid_search,debit_card
6123,6130,2024-05-07 00:00:00,completed,direct,paypal
6124,7981,2024-07-27 00:00:00,returned,social_media,paypal
6125,3000,2025-09-02 00:00:00,completed,social_media,credit_card
6126,778,2024-10-19 00:00:00,cancelled,direct,bank_transfer
6127,276,2024-09-17 00:00:00,completed,paid_search,paypal
6128,1075,2025-06-25 00:00:00,completed,email,bank_transfer
6129,42,2025-06-29 00:00:00,completed,social_media,bank_transfer
6130,3023,2025-10-20 00:00:00,completed,organic_search,credit_card
6131,2792,2024-12-31 00:00:00,completed,social_media,debit_card
6132,1080,2024-04-01 17:12:27,completed,social_media,credit_card
6133,6023,2024-09-10 00:00:00,completed,organic_search,credit_card
6134,-1,2025-12-24 00:00:00,completed,direct,paypal
6135,8342,2025-05-21 13:00:03,completed,referral,bank_transfer
6136,2375,2025-08-09 00:00:00,completed,email,paypal
6137,7110,2024-01-11 00:00:00,completed,referral,credit_card
6138,8643,2025-03-27 16:38:57,completed,paid_search,debit_card
6139,8388,2024-02-20 00:00:00,completed,referral,paypal
6140,8184,2025-03-05 00:00:00,completed,direct,debit_card
6141,7273,2025-12-02 00:00:00,cancelled,referral,bank_transfer
6142,2739,2025-12-20 00:00:00,completed,email,debit_card
6143,816,2025-04-12 00:00:00,completed,social_media,debit_card
6144,4506,2025-06-02 00:00:00,completed,referral,credit_card
6145,538,2025-11-12 00:00:00,completed,referral,paypal
6146,-1,2025-07-15 00:00:00,completed,paid_search,debit_card
6147,3299,2024-03-23 05:19:33,completed,organic_search,paypal
6148,8846,2025-02-13 00:00:00,completed,referral,paypal
6149,7137,2024-09-11 00:00:00,completed,social_media,credit_card
6150,3782,2025-02-16 00:00:00,completed,direct,bank_transfer
6151,1156,2025-02-04 00:00:00,cancelled,organic_search,credit_card
6152,2229,2025-05-11 11:29:07,completed,organic_search,bank_transfer
6153,6229,2024-12-01 11:34:44,completed,social_media,debit_card
6154,7676,2024-07-01 08:31:51,completed,direct,bank_transfer
6155,-1,2025-03-16 00:00:00,completed,organic_search,debit_card
6156,1282,2025-10-24 00:00:00,completed,paid_search,credit_card
6157,1496,2025-07-08 06:49:30,returned,paid_search,credit_card
6158,418,2024-11-21 00:00:00,completed,social_media,credit_card
6159,2445,2025-12-08 13:13:29,completed,paid_search,bank_transfer
6160,7602,2025-11-29 05:13:39,completed,social_media,bank_transfer
6161,1884,2024-08-14 00:00:00,completed,paid_search,credit_card
6162,5052,2024-02-23 00:00:00,completed,social_media,credit_card
6163,4122,2025-08-31 00:00:00,completed,social_media,paypal
6164,3017,2025-10-22 00:00:00,completed,social_media,bank_transfer
6165,5698,2025-12-20 00:00:00,completed,paid_search,paypal
6166,4644,2025-11-20 23:54:55,completed,direct,debit_card
6167,3098,2025-05-24 00:00:00,completed,social_media,credit_card
6168,6390,2025-04-05 00:00:00,completed,organic_search,debit_card
6169,2631,2024-08-02 00:00:00,completed,organic_search,credit_card
6170,5938,2024-09-17 00:00:00,returned,organic_search,debit_card
6171,8836,2025-02-08 00:00:00,completed,organic_search,bank_transfer
6172,6735,2025-06-13 00:00:00,returned,direct,debit_card
6173,3858,2025-04-24 00:00:00,completed,social_media,paypal
6174,6910,2025-08-31 00:00:00,completed,direct,paypal
6175,7492,2024-10-14 00:00:00,completed,organic_search,bank_transfer
6176,3017,2025-04-29 18:16:23,completed,social_media,credit_card
6177,6521,2024-04-16 00:00:00,completed,social_media,credit_card
6178,4007,2024-12-29 00:00:00,completed,paid_search,paypal
6179,7581,2025-09-05 04:49:25,completed,referral,debit_card
6180,2753,2025-07-29 00:00:00,completed,referral,paypal
6181,8652,2025-12-28 00:00:00,completed,paid_search,bank_transfer
6182,5314,2024-10-13 00:00:00,cancelled,paid_search,bank_transfer
6183,3256,2025-12-03 00:00:00,completed,organic_search,credit_card
6184,3868,2024-11-16 00:00:00,completed,direct,paypal
6185,3208,2025-01-21 00:00:00,completed,organic_search,debit_card
6186,1402,2025-06-11 00:00:00,completed,organic_search,debit_card
6187,669,2025-07-22 00:00:00,returned,organic_search,paypal
6188,2986,2025-11-17 00:00:00,completed,direct,paypal
6189,4231,2024-08-09 00:00:00,cancelled,referral,debit_card
6190,3337,2025-11-13 00:00:00,completed,paid_search,debit_card
6191,143,2024-03-17 00:00:00,completed,email,credit_card
6192,5356,2025-11-19 00:00:00,completed,referral,bank_transfer
6193,1389,2024-11-16 00:00:00,completed,social_media,paypal
6194,1996,2024-08-11 00:00:00,completed,referral,debit_card
6195,1178,2025-03-22 00:00:00,completed,referral,bank_transfer
6196,4817,2025-10-12 00:00:00,completed,social_media,debit_card
6197,935,2024-03-04 00:00:00,completed,direct,debit_card
6198,2410,2024-11-29 00:00:00,completed,organic_search,debit_card
6199,4171,2025-11-06 00:00:00,completed,direct,paypal
6200,1588,2024-12-21 00:00:00,completed,organic_search,debit_card
6201,4120,2024-08-05 00:00:00,returned,direct,bank_transfer
6202,3164,2025-01-06 00:00:00,completed,referral,debit_card
6203,7956,2024-12-15 00:34:50,cancelled,paid_search,bank_transfer
6204,7362,2025-11-30 07:27:32,completed,referral,debit_card
6205,-1,2025-09-13 00:00:00,completed,organic_search,credit_card
6206,4896,2025-03-17 00:00:00,completed,social_media,credit_card
6207,5321,2025-12-27 00:00:00,completed,paid_search,credit_card
6208,8737,2025-02-13 00:00:00,completed,email,debit_card
6209,3672,2024-03-16 00:00:00,completed,paid_search,credit_card
6210,5131,2024-09-30 00:00:00,completed,email,credit_card
6211,3498,2025-01-17 08:53:27,completed,paid_search,debit_card
6212,5039,2024-06-24 00:00:00,completed,social_media,debit_card
6213,784,2025-12-12 00:00:00,completed,paid_search,paypal
6214,7243,2025-09-16 00:00:00,completed,referral,bank_transfer
6215,-1,2024-10-05 02:36:01,cancelled,paid_search,debit_card
6216,641,2025-05-17 00:00:00,completed,organic_search,paypal
6217,7425,2025-08-17 00:00:00,completed,organic_search,bank_transfer
6218,2277,2025-10-12 00:00:00,completed,social_media,credit_card
6219,1876,2025-11-16 00:00:00,completed,direct,credit_card
6220,6425,2025-03-25 00:00:00,cancelled,referral,paypal
6221,428,2025-09-21 04:10:09,completed,direct,debit_card
6222,4277,2025-04-27 00:00:00,completed,paid_search,credit_card
6223,13,2025-04-21 00:00:00,completed,email,credit_card
6224,5116,2024-05-13 00:00:00,completed,social_media,debit_card
6225,4267,2024-05-24 00:00:00,completed,social_media,credit_card
6226,8466,2025-04-04 15:49:11,completed,organic_search,debit_card
6227,6648,2024-10-05 00:00:00,completed,direct,paypal
6228,1219,2024-01-30 02:47:56,completed,organic_search,bank_transfer
6229,3269,2025-08-18 00:00:00,completed,referral,paypal
6230,8602,2024-02-14 00:00:00,completed,email,bank_transfer
6231,6702,2025-05-21 00:00:00,completed,social_media,credit_card
6232,5472,2025-11-04 00:00:00,completed,organic_search,paypal
6233,5164,2025-12-20 00:00:00,completed,social_media,bank_transfer
6234,3657,2025-01-03 00:00:00,completed,paid_search,bank_transfer
6235,5378,2024-03-22 00:00:00,completed,paid_search,credit_card
6236,7121,2025-04-20 00:00:00,completed,direct,bank_transfer
6237,1236,2025-10-30 00:00:00,completed,paid_search,debit_card
6238,8954,2025-12-30 00:00:00,completed,referral,bank_transfer
6239,2252,2025-12-01 00:00:00,completed,direct,debit_card
6240,4137,2024-11-11 00:00:00,completed,paid_search,bank_transfer
6241,231,2025-11-27 00:00:00,completed,social_media,paypal
6242,5074,2024-07-28 20:09:00,completed,social_media,credit_card
6243,3523,2025-06-03 00:00:00,completed,direct,debit_card
6244,2347,2024-12-25 00:00:00,completed,referral,bank_transfer
6245,-1,2024-02-25 18:42:13,completed,organic_search,paypal
6246,3950,2024-11-26 21:51:41,completed,direct,paypal
6247,3815,2024-10-03 00:00:00,completed,social_media,debit_card
6248,-1,2025-07-24 00:00:00,completed,organic_search,bank_transfer
6249,1137,2025-12-13 00:00:00,completed,referral,bank_transfer
6250,3618,2024-10-05 00:00:00,completed,social_media,credit_card
6251,3104,2025-10-13 00:00:00,completed,social_media,bank_transfer
6252,4296,2024-03-13 00:00:00,completed,organic_search,paypal
6253,7923,2025-04-11 00:00:00,completed,social_media,bank_transfer
6254,1831,2024-03-29 00:00:00,completed,direct,credit_card
6255,5603,2025-07-12 00:00:00,completed,email,bank_transfer
6256,371,2025-09-15 00:00:00,cancelled,email,bank_transfer
6257,2939,2025-04-07 00:00:00,completed,referral,bank_transfer
6258,4369,2025-10-20 11:03:39,completed,organic_search,credit_card
6259,727,2025-06-26 00:00:00,completed,direct,paypal
6260,5024,2025-12-20 00:00:00,completed,direct,debit_card
6261,2890,2025-08-12 04:47:56,cancelled,social_media,paypal
6262,-1,2025-04-12 00:00:00,completed,direct,bank_transfer
6263,5817,2025-03-26 00:00:00,cancelled,referral,debit_card
6264,2298,2024-05-15 00:00:00,cancelled,paid_search,credit_card
6265,1010,2025-03-04 00:00:00,completed,paid_search,paypal
6266,403,2024-05-25 00:00:00,completed,referral,bank_transfer
6267,889,2025-05-19 00:00:00,completed,referral,bank_transfer
6268,6295,2025-02-28 00:00:00,cancelled,referral,debit_card
6269,7908,2025-08-06 00:00:00,completed,social_media,credit_card
6270,1496,2024-01-15 00:00:00,completed,referral,paypal
6271,3696,2024-08-01 00:00:00,completed,direct,credit_card
6272,3266,2025-07-03 00:00:00,completed,email,paypal
6273,-1,2025-12-13 00:00:00,completed,social_media,paypal
6274,1734,2024-12-14 00:00:00,completed,referral,bank_transfer
6275,8794,2025-01-06 03:41:42,completed,referral,credit_card
6276,6729,2025-08-13 15:27:49,completed,direct,bank_transfer
6277,8814,2025-05-26 00:00:00,completed,direct,credit_card
6278,-1,2024-10-29 00:00:00,completed,organic_search,debit_card
6279,5402,2024-12-28 00:00:00,completed,paid_search,paypal
6280,6767,2024-08-22 00:00:00,cancelled,social_media,debit_card
6281,6578,2025-12-19 00:00:00,completed,social_media,debit_card
6282,218,2024-05-29 00:00:00,completed,paid_search,paypal
6283,-1,2024-12-09 10:40:41,cancelled,direct,paypal
6284,8589,2024-02-05 17:35:27,completed,referral,paypal
6285,1170,2024-08-26 00:00:00,completed,referral,bank_transfer
6286,5022,2025-09-24 00:00:00,completed,social_media,bank_transfer
6287,2916,2024-08-07 00:00:00,completed,direct,paypal
6288,8129,2024-04-08 00:00:00,completed,referral,bank_transfer
6289,6455,2025-02-21 00:00:00,completed,direct,debit_card
6290,2101,2024-01-15 07:38:29,completed,referral,paypal
6291,335,2024-04-13 00:00:00,completed,referral,paypal
6292,2731,2025-11-10 00:00:00,completed,email,debit_card
6293,377,2025-09-19 06:00:04,completed,social_media,debit_card
6294,1359,2025-11-30 07:39:20,completed,direct,credit_card
6295,5861,2025-11-05 00:00:00,cancelled,direct,bank_transfer
6296,6885,2025-07-22 00:00:00,completed,paid_search,bank_transfer
6297,4321,2024-03-09 00:00:00,completed,social_media,bank_transfer
6298,5535,2025-09-26 08:12:30,cancelled,paid_search,bank_transfer
6299,1496,2025-01-11 00:00:00,completed,social_media,bank_transfer
6300,2939,2025-10-06 09:47:08,completed,paid_search,bank_transfer
6301,6580,2025-03-20 00:00:00,completed,direct,credit_card
6302,3362,2024-09-05 00:00:00,completed,direct,bank_transfer
6303,3218,2025-01-11 00:00:00,completed,direct,bank_transfer
6304,1844,2025-08-21 00:00:00,completed,social_media,credit_card
6305,5479,2025-12-24 00:00:00,completed,email,bank_transfer
6306,7492,2024-06-23 00:00:00,completed,paid_search,debit_card
6307,4335,2024-08-30 22:15:41,completed,paid_search,paypal
6308,1131,2024-08-17 00:00:00,completed,referral,debit_card
6309,7752,2025-10-02 11:36:00,completed,social_media,debit_card
6310,700,2024-07-24 00:00:00,cancelled,social_media,bank_transfer
6311,4361,2024-03-25 00:00:00,completed,paid_search,paypal
6312,2451,2025-12-31 22:04:19,cancelled,email,paypal
6313,8640,2024-02-04 00:00:00,completed,paid_search,bank_transfer
6314,6823,2025-10-27 00:00:00,completed,organic_search,bank_transfer
6315,5230,2024-12-05 19:24:25,completed,organic_search,credit_card
6316,6179,2025-10-31 00:00:00,completed,direct,debit_card
6317,4923,2025-04-22 00:00:00,completed,email,credit_card
6318,1414,2025-11-25 00:00:00,completed,referral,paypal
6319,6557,2025-04-12 00:00:00,completed,referral,bank_transfer
6320,4552,2024-01-13 22:02:49,completed,paid_search,bank_transfer
6321,5851,2024-03-04 00:00:00,completed,referral,bank_transfer
6322,439,2024-09-20 00:00:00,completed,email,credit_card
6323,1365,2025-07-12 00:00:00,completed,referral,credit_card
6324,5423,2025-11-19 00:00:00,returned,referral,bank_transfer
6325,4238,2025-08-02 00:00:00,completed,direct,debit_card
6326,2136,2025-05-29 00:00:00,completed,email,debit_card
6327,2266,2024-07-25 19:37:54,completed,organic_search,credit_card
6328,5823,2025-10-09 00:00:00,completed,referral,bank_transfer
6329,582,2025-12-20 00:00:00,completed,email,debit_card
6330,4006,2024-05-10 00:00:00,cancelled,email,bank_transfer
6331,4840,2025-03-09 00:00:00,completed,direct,bank_transfer
6332,2880,2024-04-14 00:00:00,completed,paid_search,debit_card
6333,7596,2025-04-25 00:00:00,completed,social_media,paypal
6334,560,2025-03-15 00:00:00,completed,organic_search,credit_card
6335,8009,2024-06-11 03:50:37,completed,organic_search,debit_card
6336,6680,2025-01-23 00:00:00,completed,direct,credit_card
6337,4120,2024-11-19 00:00:00,completed,organic_search,bank_transfer
6338,8553,2025-03-30 00:00:00,completed,referral,paypal
6339,6500,2025-05-14 00:00:00,completed,social_media,bank_transfer
6340,8597,2024-01-13 00:00:00,completed,paid_search,credit_card
6341,4368,2025-12-09 00:00:00,completed,paid_search,debit_card
6342,4179,2025-08-11 00:01:03,completed,direct,credit_card
6343,4908,2024-12-06 00:00:00,completed,email,credit_card
6344,638,2024-10-03 00:00:00,completed,email,credit_card
6345,8411,2025-09-08 00:00:00,completed,email,credit_card
6346,6179,2025-12-15 00:00:00,completed,organic_search,bank_transfer
6347,5691,2024-09-11 08:41:20,completed,direct,credit_card
6348,8573,2024-11-13 00:00:00,completed,direct,bank_transfer
6349,-1,2024-07-21 00:00:00,completed,organic_search,credit_card
6350,1551,2025-05-08 00:00:00,completed,email,debit_card
6351,6921,2024-06-22 00:00:00,completed,paid_search,paypal
6352,5356,2024-12-01 00:00:00,completed,social_media,bank_transfer
6353,4254,2025-01-08 00:00:00,completed,social_media,debit_card
6354,-1,2025-04-26 00:00:00,completed,organic_search,credit_card
6355,7861,2024-12-16 00:00:00,returned,organic_search,credit_card
6356,6448,2025-02-01 00:00:00,completed,email,bank_transfer
6357,3532,2025-04-27 00:00:00,completed,organic_search,debit_card
6358,6166,2024-01-09 00:00:00,completed,referral,credit_card
6359,4913,2024-07-04 00:00:00,completed,referral,bank_transfer
6360,2342,2025-11-16 00:00:00,returned,direct,bank_transfer
6361,4159,2024-04-06 00:00:00,returned,direct,credit_card
6362,2004,2025-08-07 00:00:00,returned,referral,bank_transfer
6363,4623,2025-02-12 00:00:00,cancelled,paid_search,paypal
6364,6647,2024-10-07 00:00:00,completed,referral,paypal
6365,367,2024-08-12 00:00:00,completed,email,credit_card
6366,7064,2025-02-05 00:00:00,completed,email,credit_card
6367,204,2025-11-16 00:00:00,returned,social_media,paypal
6368,4790,2025-12-10 00:00:00,completed,organic_search,bank_transfer
6369,5305,2025-08-29 00:00:00,completed,direct,debit_card
6370,7032,2024-04-15 00:00:00,completed,paid_search,bank_transfer
6371,7030,2025-07-12 08:29:18,completed,social_media,paypal
6372,3847,2024-12-28 00:00:00,returned,paid_search,bank_transfer
6373,648,2025-02-17 00:00:00,completed,organic_search,credit_card
6374,6427,2024-03-06 00:00:00,completed,referral,debit_card
6375,4728,2024-07-28 00:00:00,completed,referral,debit_card
6376,3082,2025-10-01 00:00:00,completed,direct,debit_card
6377,2208,2025-02-02 22:57:47,completed,social_media,bank_transfer
6378,1170,2024-10-31 00:00:00,completed,referral,debit_card
6379,2752,2024-12-15 15:51:19,completed,direct,paypal
6380,4229,2025-11-05 00:00:00,completed,paid_search,bank_transfer
6381,4410,2025-09-05 00:00:00,completed,referral,debit_card
6382,5368,2024-08-10 00:00:00,completed,paid_search,paypal
6383,3343,2024-05-16 00:00:00,completed,direct,paypal
6384,8512,2024-09-21 00:00:00,completed,email,debit_card
6385,4579,2025-12-02 14:09:30,completed,email,bank_transfer
6386,3909,2025-11-05 00:00:00,completed,referral,credit_card
6387,472,2025-07-04 00:00:00,completed,direct,credit_card
6388,5524,2025-05-21 00:00:00,completed,paid_search,credit_card
6389,5556,2024-12-06 00:00:00,completed,social_media,bank_transfer
6390,5368,2025-10-10 20:03:50,completed,direct,paypal
6391,8209,2025-03-31 19:35:42,completed,paid_search,bank_transfer
6392,7045,2024-05-15 00:00:00,completed,paid_search,debit_card
6393,8028,2024-05-27 00:00:00,completed,email,paypal
6394,584,2025-10-04 00:00:00,completed,email,paypal
6395,2953,2025-12-08 00:00:00,completed,social_media,paypal
6396,2959,2024-11-04 18:31:21,cancelled,direct,debit_card
6397,6085,2025-11-11 00:00:00,completed,referral,paypal
6398,4147,2025-09-14 00:00:00,completed,direct,paypal
6399,7180,2024-09-18 00:00:00,completed,social_media,paypal
6400,3549,2024-02-19 14:27:53,completed,referral,paypal
6401,2083,2024-04-30 00:00:00,completed,referral,paypal
6402,2723,2025-08-22 00:00:00,completed,direct,bank_transfer
6403,1731,2024-08-05 00:00:00,completed,organic_search,debit_card
6404,1880,2024-12-08 15:47:28,completed,social_media,credit_card
6405,2046,2025-03-15 00:00:00,completed,paid_search,paypal
6406,164,2025-08-20 00:00:00,returned,referral,debit_card
6407,6612,2024-05-12 00:00:00,returned,paid_search,credit_card
6408,3672,2024-12-26 00:00:00,completed,paid_search,paypal
6409,230,2025-02-03 00:00:00,completed,paid_search,bank_transfer
6410,3407,2025-04-12 11:22:23,returned,email,credit_card
6411,8379,2025-10-17 00:00:00,cancelled,email,debit_card
6412,4729,2024-09-07 00:00:00,cancelled,email,paypal
6413,-1,2025-10-11 00:00:00,completed,organic_search,debit_card
6414,4988,2025-07-29 00:00:00,completed,paid_search,credit_card
6415,8883,2025-04-23 00:00:00,completed,email,paypal
6416,1915,2025-02-08 00:00:00,completed,paid_search,debit_card
6417,2717,2024-12-28 00:00:00,cancelled,organic_search,credit_card
6418,6480,2024-05-06 00:00:00,completed,direct,paypal
6419,-1,2025-07-09 01:47:56,cancelled,paid_search,credit_card
6420,7634,2025-04-01 00:00:00,completed,direct,debit_card
6421,5109,2025-06-21 07:53:59,completed,referral,credit_card
6422,828,2024-11-21 00:56:40,completed,paid_search,paypal
6423,3358,2025-11-27 00:00:00,completed,email,bank_transfer
6424,844,2025-05-15 00:00:00,completed,referral,paypal
6425,2890,2024-04-14 00:00:00,completed,organic_search,bank_transfer
6426,2429,2025-01-30 00:00:00,completed,paid_search,bank_transfer
6427,3579,2025-09-09 00:00:00,completed,social_media,debit_card
6428,7743,2025-03-10 00:00:00,completed,direct,credit_card
6429,1444,2025-03-09 00:00:00,completed,social_media,debit_card
6430,2858,2025-11-22 00:00:00,completed,referral,paypal
6431,2451,2024-10-05 00:00:00,completed,direct,debit_card
6432,2761,2024-12-28 00:00:00,completed,paid_search,debit_card
6433,3323,2025-11-23 08:02:03,completed,organic_search,paypal
6434,2300,2025-11-22 00:00:00,completed,organic_search,bank_transfer
6435,8696,2025-07-24 00:00:00,completed,email,paypal
6436,3876,2025-11-07 17:19:54,completed,direct,debit_card
6437,1122,2024-04-17 00:00:00,completed,email,debit_card
6438,4316,2025-11-09 00:00:00,completed,paid_search,debit_card
6439,1751,2024-11-11 00:00:00,cancelled,email,debit_card
6440,2041,2024-07-15 00:00:00,completed,direct,debit_card
6441,2676,2024-09-10 09:48:38,completed,referral,bank_transfer
6442,1209,2024-12-31 00:00:00,completed,direct,bank_transfer
6443,6657,2024-09-21 00:00:00,completed,email,paypal
6444,7333,2024-11-11 00:00:00,cancelled,organic_search,credit_card
6445,3629,2024-02-06 00:00:00,completed,direct,credit_card
6446,6390,2024-10-27 00:00:00,completed,email,paypal
6447,3583,2025-05-05 06:31:53,completed,organic_search,bank_transfer
6448,1557,2025-01-22 00:00:00,completed,social_media,credit_card
6449,3646,2024-11-26 00:00:00,cancelled,email,debit_card
6450,5144,2025-09-03 00:00:00,completed,social_media,credit_card
6451,405,2025-11-21 01:28:27,completed,paid_search,debit_card
6452,6059,2025-09-09 00:00:00,completed,direct,paypal
6453,6869,2024-11-17 00:00:00,completed,direct,bank_transfer
6454,7948,2025-09-02 00:00:00,completed,email,credit_card
6455,1011,2024-06-19 00:00:00,cancelled,direct,debit_card
6456,1,2024-05-28 00:00:00,completed,social_media,bank_transfer
6457,716,2024-11-25 02:13:45,completed,referral,debit_card
6458,8549,2025-10-11 13:44:04,completed,organic_search,paypal
6459,7066,2024-09-16 00:00:00,completed,paid_search,paypal
6460,7728,2024-03-21 00:00:00,completed,organic_search,paypal
6461,4787,2024-05-30 00:00:00,completed,paid_search,paypal
6462,4875,2025-11-07 00:00:00,completed,social_media,debit_card
6463,2785,2025-06-17 00:00:00,completed,social_media,bank_transfer
6464,7793,2024-09-22 00:00:00,completed,organic_search,paypal
6465,7674,2025-04-23 19:55:39,completed,email,credit_card
6466,3607,2025-03-04 00:00:00,cancelled,organic_search,debit_card
6467,3043,2025-02-07 00:00:00,completed,organic_search,paypal
6468,6830,2024-09-05 22:16:38,completed,email,debit_card
6469,266,2025-11-09 00:00:00,completed,email,paypal
6470,7948,2024-05-11 00:00:00,completed,organic_search,debit_card
6471,4120,2025-07-30 00:00:00,cancelled,referral,paypal
6472,4066,2024-01-23 00:00:00,completed,direct,paypal
6473,6190,2024-09-12 00:00:00,completed,email,bank_transfer
6474,5962,2024-11-28 00:00:00,completed,social_media,credit_card
6475,2503,2025-04-14 00:00:00,cancelled,organic_search,paypal
6476,8705,2024-01-04 00:00:00,completed,email,paypal
6477,-1,2025-09-30 00:00:00,completed,organic_search,paypal
6478,4871,2024-08-22 00:00:00,completed,social_media,credit_card
6479,5183,2025-07-17 06:10:03,cancelled,direct,credit_card
6480,5116,2025-10-08 00:00:00,completed,referral,bank_transfer
6481,4484,2025-04-27 00:00:00,completed,direct,debit_card
6482,8723,2025-08-30 00:00:00,cancelled,referral,paypal
6483,2301,2025-07-06 00:00:00,completed,organic_search,paypal
6484,1054,2024-12-01 03:47:18,completed,paid_search,credit_card
6485,8596,2025-10-11 01:35:24,completed,direct,credit_card
6486,2011,2024-10-26 18:15:38,completed,email,debit_card
6487,6921,2025-04-05 00:00:00,returned,referral,bank_transfer
6488,1926,2025-09-02 00:00:00,completed,direct,paypal
6489,8857,2024-12-12 00:00:00,completed,social_media,bank_transfer
6490,7324,2024-11-01 11:37:29,completed,referral,credit_card
6491,8500,2025-07-02 00:00:00,completed,email,debit_card
6492,8778,2025-10-17 00:00:00,cancelled,referral,paypal
6493,826,2025-06-12 00:00:00,completed,social_media,debit_card
6494,4001,2025-04-15 01:06:24,completed,paid_search,paypal
6495,5988,2025-07-06 00:00:00,completed,paid_search,bank_transfer
6496,7440,2025-11-25 00:00:00,completed,email,paypal
6497,2275,2024-04-27 00:00:00,completed,email,bank_transfer
6498,8466,2024-04-09 00:00:00,completed,direct,credit_card
6499,2075,2025-08-09 08:42:22,completed,direct,bank_transfer
6500,8014,2025-10-20 15:11:20,completed,referral,debit_card
6501,4743,2025-06-11 00:00:00,completed,email,bank_transfer
6502,4772,2024-12-30 00:00:00,cancelled,email,bank_transfer
6503,3449,2024-04-18 00:00:00,completed,email,bank_transfer
6504,1018,2025-01-19 00:00:00,completed,social_media,credit_card
6505,3203,2024-03-09 00:00:00,completed,paid_search,paypal
6506,3938,2024-10-23 00:00:00,cancelled,referral,bank_transfer
6507,4427,2025-09-19 00:00:00,completed,email,debit_card
6508,6833,2024-04-04 15:28:33,completed,social_media,credit_card
6509,3249,2025-10-22 00:00:00,completed,referral,debit_card
6510,3740,2025-09-01 00:00:00,completed,paid_search,debit_card
6511,8385,2025-05-21 00:00:00,completed,paid_search,paypal
6512,6956,2024-04-18 00:00:00,completed,paid_search,bank_transfer
6513,232,2024-11-21 18:11:39,completed,paid_search,paypal
6514,7515,2024-04-18 00:00:00,completed,paid_search,paypal
6515,-1,2025-12-17 00:00:00,completed,social_media,bank_transfer
6516,8670,2025-11-10 00:00:00,completed,direct,paypal
6517,7734,2025-02-08 00:00:00,completed,paid_search,credit_card
6518,5802,2024-08-28 00:00:00,cancelled,direct,paypal
6519,2612,2025-07-12 00:00:00,completed,social_media,bank_transfer
6520,6058,2024-11-24 00:00:00,cancelled,organic_search,bank_transfer
6521,6440,2024-06-28 00:00:00,completed,direct,debit_card
6522,2645,2025-04-28 00:00:00,completed,social_media,bank_transfer
6523,2402,2025-12-11 21:06:09,completed,email,debit_card
6524,3646,2024-06-01 00:00:00,completed,email,paypal
6525,5915,2024-09-09 00:00:00,completed,referral,paypal
6526,2740,2025-12-09 00:00:00,completed,paid_search,credit_card
6527,5131,2024-07-08 00:00:00,completed,referral,credit_card
6528,8325,2024-12-05 00:00:00,completed,paid_search,bank_transfer
6529,2751,2025-03-05 00:00:00,completed,direct,credit_card
6530,8912,2025-11-08 13:30:03,returned,referral,debit_card
6531,4374,2025-02-23 00:00:00,completed,organic_search,credit_card
6532,994,2025-12-29 00:00:00,completed,paid_search,bank_transfer
6533,540,2025-07-19 00:00:00,completed,email,debit_card
6534,3127,2024-02-04 00:00:00,completed,email,debit_card
6535,2429,2025-12-29 00:00:00,completed,paid_search,bank_transfer
6536,7801,2024-12-26 00:00:00,returned,social_media,credit_card
6537,6823,2024-10-20 00:00:00,completed,social_media,debit_card
6538,8184,2025-04-25 00:00:00,completed,paid_search,debit_card
6539,5421,2024-11-02 00:00:00,completed,paid_search,credit_card
6540,4019,2024-04-15 00:00:00,completed,referral,credit_card
6541,2541,2024-03-01 00:00:00,completed,social_media,credit_card
6542,5368,2025-01-30 00:00:00,cancelled,organic_search,credit_card
6543,5695,2025-10-28 00:00:00,completed,referral,debit_card
6544,3617,2025-05-05 00:00:00,completed,paid_search,paypal
6545,8643,2025-12-31 00:00:00,completed,referral,debit_card
6546,5902,2024-10-20 00:00:00,completed,referral,paypal
6547,7745,2024-10-15 00:00:00,completed,organic_search,debit_card
6548,5717,2024-06-27 00:00:00,completed,direct,bank_transfer
6549,2935,2024-07-01 14:31:08,completed,email,paypal
6550,6813,2024-10-19 00:00:00,completed,referral,credit_card
6551,2166,2025-02-10 00:00:00,cancelled,referral,paypal
6552,5500,2025-11-26 00:00:00,returned,organic_search,debit_card
6553,3698,2025-12-22 00:00:00,completed,paid_search,bank_transfer
6554,1437,2024-04-09 00:00:00,cancelled,paid_search,debit_card
6555,3802,2025-11-16 00:00:00,completed,direct,paypal
6556,2890,2024-11-15 00:00:00,completed,email,bank_transfer
6557,1101,2024-11-05 00:00:00,completed,social_media,paypal
6558,7622,2025-12-11 00:00:00,completed,paid_search,paypal
6559,4604,2025-06-18 00:00:00,completed,social_media,paypal
6560,3197,2024-07-02 00:00:00,cancelled,referral,credit_card
6561,4670,2025-01-11 00:00:00,completed,social_media,bank_transfer
6562,6974,2024-10-20 13:26:37,completed,social_media,debit_card
6563,186,2025-08-28 14:01:50,completed,email,paypal
6564,5047,2025-02-02 00:00:00,completed,paid_search,bank_transfer
6565,4428,2025-12-28 00:00:00,completed,email,credit_card
6566,8256,2024-03-12 00:00:00,completed,social_media,credit_card
6567,5134,2024-11-30 00:00:00,completed,organic_search,debit_card
6568,1323,2025-02-27 00:00:00,completed,direct,debit_card
6569,3581,2025-03-16 00:00:00,completed,organic_search,bank_transfer
6570,5722,2024-11-09 00:00:00,completed,social_media,debit_card
6571,446,2025-08-23 00:00:00,completed,referral,bank_transfer
6572,8185,2025-11-14 00:00:00,completed,paid_search,debit_card
6573,662,2025-12-09 00:00:00,completed,organic_search,debit_card
6574,308,2025-09-10 00:00:00,completed,direct,paypal
6575,20,2025-11-03 08:38:36,returned,organic_search,paypal
6576,6337,2025-04-19 00:00:00,completed,referral,credit_card
6577,4207,2025-10-21 16:18:58,completed,referral,paypal
6578,1011,2024-11-02 05:40:56,completed,email,credit_card
6579,7919,2024-12-22 01:00:34,completed,organic_search,paypal
6580,1922,2024-09-11 00:00:00,completed,paid_search,paypal
6581,3020,2025-02-14 00:00:00,completed,organic_search,paypal
6582,1682,2024-10-19 18:53:15,completed,paid_search,debit_card
6583,8576,2025-12-17 00:00:00,completed,organic_search,debit_card
6584,7001,2024-11-07 23:05:26,completed,referral,bank_transfer
6585,6687,2024-04-27 20:35:37,completed,social_media,bank_transfer
6586,426,2025-02-04 00:00:00,completed,referral,credit_card
6587,4835,2024-03-15 00:00:00,completed,email,bank_transfer
6588,5322,2024-05-09 00:00:00,completed,direct,paypal
6589,3530,2024-08-24 00:00:00,completed,direct,credit_card
6590,2986,2025-02-12 00:00:00,completed,paid_search,debit_card
6591,7876,2025-01-14 00:00:00,completed,direct,bank_transfer
6592,234,2025-06-10 00:00:00,completed,social_media,debit_card
6593,5763,2025-08-29 00:00:00,completed,social_media,credit_card
6594,3628,2025-01-08 00:00:00,completed,social_media,debit_card
6595,6166,2024-11-18 17:33:34,completed,organic_search,paypal
6596,1881,2024-11-09 00:00:00,completed,organic_search,credit_card
6597,2245,2025-09-20 00:00:00,completed,paid_search,debit_card
6598,5395,2024-09-03 00:00:00,completed,paid_search,bank_transfer
6599,-1,2024-01-19 22:11:29,completed,social_media,credit_card
6600,8989,2025-10-04 00:00:00,cancelled,social_media,bank_transfer
6601,2338,2025-02-23 14:59:58,completed,social_media,paypal
6602,1006,2024-05-29 23:44:59,returned,organic_search,debit_card
6603,5432,2024-09-07 21:51:51,completed,email,paypal
6604,3875,2025-07-12 00:00:00,completed,email,credit_card
6605,7037,2025-11-07 14:50:16,cancelled,email,credit_card
6606,4889,2025-09-08 00:00:00,completed,direct,paypal
6607,4728,2025-02-27 00:00:00,completed,social_media,bank_transfer
6608,5971,2025-03-29 00:00:00,completed,referral,debit_card
6609,1223,2025-12-22 00:00:00,completed,organic_search,credit_card
6610,6262,2025-12-19 00:00:00,completed,direct,paypal
6611,4512,2024-08-20 00:00:00,completed,organic_search,bank_transfer
6612,7593,2025-10-13 18:20:56,completed,paid_search,credit_card
6613,1337,2024-08-03 00:00:00,completed,organic_search,bank_transfer
6614,2805,2024-08-18 00:00:00,completed,referral,paypal
6615,8769,2025-07-17 00:00:00,returned,social_media,debit_card
6616,5103,2024-12-25 00:00:00,completed,referral,credit_card
6617,8594,2025-06-12 00:00:00,completed,email,bank_transfer
6618,6390,2024-04-17 00:00:00,completed,social_media,credit_card
6619,8572,2025-03-22 00:00:00,completed,direct,credit_card
6620,2950,2025-12-01 15:16:09,completed,referral,credit_card
6621,886,2025-11-26 00:13:05,cancelled,social_media,paypal
6622,7437,2024-06-23 00:00:00,completed,referral,debit_card
6623,7461,2024-06-12 00:00:00,completed,email,bank_transfer
6624,5704,2025-06-06 00:00:00,completed,paid_search,credit_card
6625,5356,2024-06-26 21:15:18,completed,referral,bank_transfer
6626,8466,2025-12-20 00:00:00,completed,organic_search,debit_card
6627,1668,2025-11-30 00:00:00,completed,paid_search,credit_card
6628,5682,2024-04-07 00:00:00,completed,organic_search,debit_card
6629,485,2024-05-19 00:00:00,completed,social_media,bank_transfer
6630,1355,2024-04-14 00:00:00,completed,organic_search,credit_card
6631,4030,2025-11-28 00:00:00,completed,email,debit_card
6632,7602,2024-07-30 00:00:00,completed,organic_search,bank_transfer
6633,6775,2024-12-30 00:00:00,returned,paid_search,bank_transfer
6634,8985,2025-01-29 00:00:00,completed,social_media,bank_transfer
6635,436,2025-05-23 06:02:55,completed,social_media,bank_transfer
6636,3518,2024-03-31 00:00:00,completed,referral,debit_card
6637,1505,2024-08-31 14:20:45,completed,social_media,debit_card
6638,367,2025-06-12 00:00:00,completed,organic_search,paypal
6639,2489,2025-11-28 00:00:00,completed,email,bank_transfer
6640,2300,2025-09-25 12:28:04,cancelled,email,debit_card
6641,3875,2024-01-28 00:00:00,completed,referral,bank_transfer
6642,1346,2024-11-15 00:00:00,completed,email,debit_card
6643,4512,2025-12-06 00:00:00,cancelled,social_media,bank_transfer
6644,8514,2024-11-10 00:00:00,completed,organic_search,credit_card
6645,6916,2025-11-28 00:00:00,returned,paid_search,credit_card
6646,7787,2025-06-17 17:34:26,returned,direct,debit_card
6647,7462,2024-03-31 00:00:00,completed,organic_search,credit_card
6648,3590,2025-11-28 14:18:48,returned,social_media,debit_card
6649,6556,2025-12-16 00:00:00,completed,direct,paypal
6650,6972,2024-06-04 00:00:00,completed,organic_search,credit_card
6651,1942,2025-04-06 00:00:00,completed,email,paypal
6652,7951,2024-01-11 00:00:00,completed,paid_search,paypal
6653,4223,2024-12-19 00:00:00,completed,email,debit_card
6654,166,2024-07-17 00:00:00,completed,organic_search,debit_card
6655,5941,2025-09-05 00:00:00,completed,paid_search,paypal
6656,6259,2025-12-16 00:00:00,completed,paid_search,bank_transfer
6657,5087,2025-03-16 00:00:00,cancelled,organic_search,paypal
6658,2005,2024-11-04 00:00:00,completed,direct,bank_transfer
6659,4461,2025-06-07 00:00:00,completed,referral,bank_transfer
6660,3678,2024-11-22 00:00:00,completed,organic_search,debit_card
6661,8989,2025-06-11 00:00:00,completed,organic_search,bank_transfer
6662,7630,2025-01-16 00:00:00,completed,direct,bank_transfer
6663,7039,2024-07-30 14:59:25,returned,referral,debit_card
6664,1713,2024-07-28 00:00:00,returned,social_media,bank_transfer
6665,3065,2025-09-17 00:00:00,completed,email,credit_card
6666,3504,2024-10-03 00:00:00,completed,direct,paypal
6667,4552,2025-09-16 00:00:00,completed,paid_search,debit_card
6668,303,2024-08-11 00:00:00,completed,direct,credit_card
6669,5464,2024-11-12 00:00:00,completed,paid_search,debit_card
6670,3293,2025-02-13 00:00:00,returned,social_media,paypal
6671,5185,2025-11-12 00:00:00,completed,organic_search,bank_transfer
6672,88,2025-12-06 00:00:00,completed,social_media,debit_card
6673,2982,2024-12-08 00:00:00,completed,referral,bank_transfer
6674,7099,2024-12-02 00:00:00,cancelled,email,credit_card
6675,4630,2024-06-16 00:00:00,cancelled,organic_search,debit_card
6676,7302,2025-03-21 23:42:02,completed,social_media,debit_card
6677,6471,2025-02-08 00:00:00,returned,social_media,bank_transfer
6678,7906,2025-11-24 04:21:38,completed,paid_search,bank_transfer
6679,73,2025-06-12 00:00:00,completed,referral,bank_transfer
6680,2452,2024-12-14 00:00:00,completed,organic_search,bank_transfer
6681,5062,2025-03-07 11:02:37,cancelled,email,credit_card
6682,8678,2025-11-22 00:00:00,returned,paid_search,credit_card
6683,6291,2025-10-10 00:00:00,completed,direct,paypal
6684,4211,2024-06-01 00:00:00,completed,paid_search,paypal
6685,1262,2024-11-11 00:00:00,cancelled,email,bank_transfer
6686,4556,2025-01-04 00:00:00,cancelled,social_media,paypal
6687,4063,2024-09-02 16:36:07,completed,social_media,credit_card
6688,7189,2024-08-05 00:00:00,returned,direct,credit_card
6689,3804,2024-02-21 00:00:00,completed,paid_search,credit_card
6690,2961,2025-06-23 00:00:00,cancelled,direct,paypal
6691,875,2024-09-30 00:00:00,completed,paid_search,debit_card
6692,453,2024-09-03 00:00:00,completed,social_media,credit_card
6693,4045,2024-03-09 00:00:00,completed,organic_search,credit_card
6694,3201,2025-10-07 16:28:56,completed,organic_search,credit_card
6695,5127,2025-11-04 00:00:00,completed,referral,credit_card
6696,6579,2025-02-28 09:08:28,completed,paid_search,paypal
6697,396,2024-12-30 18:39:46,completed,direct,debit_card
6698,4580,2025-12-23 00:00:00,completed,organic_search,paypal
6699,7972,2024-08-06 00:00:00,completed,email,credit_card
6700,4201,2024-08-20 00:00:00,completed,paid_search,credit_card
6701,4824,2024-10-24 00:00:00,completed,referral,paypal
6702,4494,2024-10-07 00:00:00,completed,organic_search,bank_transfer
6703,3592,2024-12-12 00:00:00,completed,direct,bank_transfer
6704,1076,2025-11-29 00:00:00,completed,organic_search,paypal
6705,1223,2025-06-03 00:00:00,cancelled,direct,paypal
6706,1695,2024-12-28 00:00:00,completed,organic_search,paypal
6707,7338,2025-07-12 00:00:00,completed,referral,credit_card
6708,2587,2024-05-03 00:00:00,completed,social_media,debit_card
6709,8750,2024-08-15 00:00:00,returned,email,bank_transfer
6710,7498,2025-04-30 08:03:56,completed,referral,debit_card
6711,6346,2025-04-06 00:00:00,completed,social_media,debit_card
6712,6649,2024-02-23 00:00:00,returned,paid_search,paypal
6713,465,2024-12-24 00:00:00,completed,social_media,credit_card
6714,5252,2025-06-27 00:00:00,completed,paid_search,credit_card
6715,8679,2025-08-01 00:00:00,completed,email,credit_card
6716,387,2025-06-20 01:02:27,completed,paid_search,bank_transfer
6717,2724,2024-11-11 00:00:00,completed,direct,debit_card
6718,502,2024-04-22 00:00:00,completed,organic_search,bank_transfer
6719,5268,2025-09-01 00:00:00,completed,direct,credit_card
6720,1137,2024-05-27 00:00:00,completed,social_media,debit_card
6721,4429,2025-12-12 00:00:00,completed,referral,debit_card
6722,6644,2025-02-21 00:00:00,completed,referral,credit_card
6723,1559,2024-09-11 00:00:00,completed,referral,credit_card
6724,6983,2025-09-15 00:00:00,completed,referral,debit_card
6725,592,2025-03-12 00:00:00,completed,paid_search,paypal
6726,1435,2024-05-11 00:00:00,completed,direct,debit_card
6727,2633,2025-10-13 12:39:27,completed,direct,credit_card
6728,7376,2025-11-10 00:00:00,completed,referral,credit_card
6729,7860,2025-07-14 20:00:53,completed,organic_search,debit_card
6730,2070,2024-03-03 00:00:00,returned,email,credit_card
6731,938,2025-04-30 00:00:00,completed,email,bank_transfer
6732,7840,2025-09-14 00:00:00,completed,direct,debit_card
6733,6004,2024-06-03 00:00:00,cancelled,referral,credit_card
6734,1498,2024-01-09 00:00:00,completed,email,debit_card
6735,5147,2025-11-17 15:12:55,completed,email,paypal
6736,8066,2024-01-29 01:16:30,completed,direct,bank_transfer
6737,682,2025-07-09 00:00:00,completed,direct,credit_card
6738,818,2025-02-20 00:00:00,completed,social_media,paypal
6739,2567,2025-01-27 00:00:00,completed,direct,paypal
6740,6036,2024-01-11 05:59:34,completed,paid_search,credit_card
6741,1684,2025-10-18 00:00:00,completed,social_media,debit_card
6742,7562,2024-03-12 00:00:00,completed,social_media,debit_card
6743,6937,2025-12-04 00:00:00,completed,paid_search,debit_card
6744,5179,2025-07-18 00:00:00,cancelled,referral,credit_card
6745,1136,2025-04-08 00:00:00,completed,email,paypal
6746,-1,2025-12-15 00:00:00,completed,email,paypal
6747,4525,2025-04-06 02:37:57,completed,referral,debit_card
6748,4175,2024-12-22 00:00:00,completed,organic_search,credit_card
6749,-1,2025-12-14 00:00:00,completed,email,paypal
6750,7989,2025-06-22 00:00:00,completed,referral,debit_card
6751,4210,2024-10-29 00:00:00,completed,referral,bank_transfer
6752,3861,2024-05-25 00:00:00,completed,email,credit_card
6753,939,2025-10-31 00:00:00,completed,direct,paypal
6754,8573,2024-04-12 00:00:00,completed,organic_search,debit_card
6755,7801,2025-05-07 00:00:00,cancelled,email,paypal
6756,2890,2025-02-17 00:00:00,completed,email,bank_transfer
6757,6961,2024-08-04 00:00:00,completed,referral,credit_card
6758,7045,2025-05-25 00:00:00,completed,paid_search,paypal
6759,2149,2024-03-18 00:00:00,completed,email,debit_card
6760,5660,2024-12-29 14:59:44,completed,direct,paypal
6761,2400,2025-04-17 00:00:00,cancelled,email,bank_transfer
6762,7313,2025-01-17 01:57:49,completed,organic_search,credit_card
6763,1482,2025-04-09 00:00:00,completed,organic_search,paypal
6764,6189,2025-10-23 19:27:43,completed,social_media,credit_card
6765,3017,2025-09-19 00:00:00,completed,paid_search,debit_card
6766,362,2024-02-22 00:00:00,completed,email,debit_card
6767,1200,2024-07-31 00:00:00,completed,organic_search,debit_card
6768,6062,2025-09-04 00:00:00,completed,referral,paypal
6769,2255,2025-12-07 00:00:00,returned,email,debit_card
6770,5817,2025-10-27 00:00:00,completed,social_media,paypal
6771,3819,2025-10-31 00:00:00,cancelled,direct,debit_card
6772,6420,2024-11-01 01:25:32,completed,paid_search,debit_card
6773,4553,2025-11-01 00:00:00,completed,social_media,paypal
6774,2884,2025-02-17 00:00:00,returned,organic_search,credit_card
6775,1397,2024-06-24 00:00:00,completed,referral,paypal
6776,3152,2024-12-02 00:00:00,completed,direct,bank_transfer
6777,5859,2025-12-12 00:00:00,completed,email,credit_card
6778,6844,2024-12-09 00:00:00,completed,organic_search,credit_card
6779,1521,2024-11-09 00:00:00,completed,paid_search,debit_card
6780,6155,2024-12-04 00:00:00,completed,referral,credit_card
6781,1696,2025-12-05 00:00:00,completed,organic_search,paypal
6782,2084,2025-05-10 00:00:00,completed,email,paypal
6783,4913,2025-07-10 00:00:00,completed,referral,paypal
6784,2711,2025-11-29 00:00:00,cancelled,social_media,bank_transfer
6785,-1,2024-11-25 00:00:00,completed,email,debit_card
6786,8822,2025-06-08 06:20:25,completed,social_media,paypal
6787,1427,2024-02-22 00:00:00,completed,direct,paypal
6788,5275,2024-07-24 00:00:00,completed,organic_search,credit_card
6789,8541,2025-10-25 00:00:00,completed,direct,credit_card
6790,1668,2025-09-16 02:44:35,completed,email,paypal
6791,3378,2024-11-28 00:00:00,completed,organic_search,debit_card
6792,1199,2024-11-12 00:00:00,completed,paid_search,credit_card
6793,5924,2025-07-04 00:00:00,completed,direct,credit_card
6794,6190,2024-01-01 00:00:00,completed,social_media,debit_card
6795,6154,2024-12-09 00:00:00,completed,social_media,bank_transfer
6796,5009,2024-08-13 00:00:00,completed,referral,bank_transfer
6797,6898,2024-09-20 00:00:00,completed,organic_search,bank_transfer
6798,358,2025-10-10 00:00:00,completed,social_media,bank_transfer
6799,8838,2024-10-14 19:05:40,completed,referral,bank_transfer
6800,2088,2024-07-28 00:00:00,completed,referral,paypal
6801,1186,2025-03-16 00:00:00,completed,paid_search,credit_card
6802,8679,2025-10-11 00:00:00,completed,organic_search,credit_card
6803,7680,2024-12-09 00:00:00,cancelled,social_media,paypal
6804,7060,2024-07-04 00:00:00,completed,organic_search,bank_transfer
6805,1022,2024-01-12 00:00:00,completed,direct,debit_card
6806,7479,2025-09-04 00:00:00,completed,social_media,bank_transfer
6807,5615,2025-04-19 00:00:00,completed,referral,credit_card
6808,6763,2025-10-16 10:36:22,completed,email,bank_transfer
6809,-1,2025-12-17 10:51:49,returned,social_media,paypal
6810,1849,2025-10-02 00:00:00,cancelled,paid_search,debit_card
6811,4664,2025-05-26 00:00:00,completed,social_media,bank_transfer
6812,6962,2025-08-03 00:00:00,returned,direct,debit_card
6813,4002,2024-02-24 00:00:00,completed,direct,credit_card
6814,536,2025-12-26 00:00:00,cancelled,social_media,debit_card
6815,1092,2024-12-14 00:00:00,completed,referral,credit_card
6816,5549,2024-06-19 20:43:41,completed,email,credit_card
6817,2676,2025-10-07 00:00:00,completed,social_media,debit_card
6818,1328,2024-10-18 00:00:00,completed,referral,bank_transfer
6819,3141,2025-05-14 00:00:00,completed,organic_search,paypal
6820,1910,2025-05-15 00:00:00,completed,email,credit_card
6821,243,2025-01-26 00:00:00,completed,referral,debit_card
6822,1460,2025-10-27 00:00:00,completed,referral,bank_transfer
6823,8170,2024-10-02 05:54:24,completed,organic_search,credit_card
6824,121,2025-01-29 00:00:00,completed,social_media,bank_transfer
6825,7145,2025-10-04 00:00:00,completed,social_media,credit_card
6826,6963,2025-07-08 11:54:12,completed,social_media,credit_card
6827,5214,2025-09-27 00:00:00,cancelled,paid_search,credit_card
6828,1970,2024-12-20 00:00:00,completed,paid_search,debit_card
6829,8122,2025-06-25 00:00:00,completed,referral,bank_transfer
6830,4388,2024-06-18 00:00:00,cancelled,email,paypal
6831,1643,2025-12-07 00:00:00,completed,referral,debit_card
6832,3957,2024-12-14 00:00:00,completed,referral,bank_transfer
6833,1855,2025-08-23 00:00:00,completed,organic_search,credit_card
6834,3467,2024-01-29 00:00:00,completed,organic_search,paypal
6835,4583,2024-10-08 00:00:00,returned,social_media,bank_transfer
6836,3318,2025-03-03 00:00:00,completed,paid_search,paypal
6837,6085,2025-11-15 01:45:45,completed,referral,credit_card
6838,8636,2025-04-03 00:00:00,cancelled,email,paypal
6839,3210,2025-06-12 00:00:00,completed,referral,bank_transfer
6840,3282,2025-03-01 00:00:00,cancelled,direct,bank_transfer
6841,6830,2025-03-06 00:00:00,completed,organic_search,credit_card
6842,4907,2024-05-18 00:00:00,completed,paid_search,paypal
6843,3955,2025-10-08 00:00:00,returned,email,paypal
6844,7532,2024-09-17 00:00:00,completed,paid_search,debit_card
6845,8238,2025-11-24 00:00:00,completed,social_media,debit_card
6846,5435,2025-11-29 00:00:00,completed,social_media,credit_card
6847,1755,2025-12-11 00:00:00,completed,direct,bank_transfer
6848,4307,2025-03-29 00:00:00,returned,referral,bank_transfer
6849,4664,2025-07-17 00:00:00,completed,social_media,paypal
6850,3989,2025-09-23 00:00:00,completed,direct,credit_card
6851,2465,2024-05-29 00:00:00,completed,social_media,credit_card
6852,4366,2025-05-24 00:00:00,completed,email,bank_transfer
6853,4123,2024-02-16 00:00:00,completed,referral,credit_card
6854,1980,2025-03-11 07:25:52,completed,direct,debit_card
6855,8360,2024-06-22 00:00:00,completed,paid_search,paypal
6856,8192,2024-07-20 00:00:00,completed,social_media,bank_transfer
6857,7014,2024-12-05 00:00:00,completed,direct,paypal
6858,3688,2025-01-14 00:00:00,completed,paid_search,credit_card
6859,3411,2025-06-09 00:00:00,completed,email,credit_card
6860,6614,2024-02-04 00:00:00,completed,paid_search,credit_card
6861,5607,2025-03-16 00:00:00,completed,referral,credit_card
6862,5539,2024-07-20 07:29:52,completed,direct,paypal
6863,1204,2025-05-06 00:00:00,completed,organic_search,credit_card
6864,5698,2025-06-19 00:00:00,completed,email,credit_card
6865,8347,2025-04-24 00:00:00,completed,email,bank_transfer
6866,-1,2025-08-29 00:00:00,completed,email,bank_transfer
6867,3133,2024-11-20 00:00:00,completed,direct,bank_transfer
6868,4712,2025-09-15 00:00:00,completed,organic_search,debit_card
6869,6361,2025-01-14 00:00:00,completed,email,credit_card
6870,875,2025-03-01 00:00:00,completed,paid_search,debit_card
6871,8070,2025-06-27 00:00:00,completed,direct,bank_transfer
6872,402,2024-01-26 00:00:00,completed,paid_search,paypal
6873,7935,2025-07-01 00:00:00,completed,paid_search,debit_card
6874,280,2025-06-06 00:00:00,completed,email,debit_card
6875,1479,2024-05-11 00:00:00,completed,email,debit_card
6876,7416,2024-04-14 00:00:00,completed,paid_search,debit_card
6877,7950,2024-04-19 00:00:00,completed,email,bank_transfer
6878,-1,2025-12-03 00:00:00,completed,email,bank_transfer
6879,1133,2025-07-26 00:00:00,cancelled,paid_search,debit_card
6880,4872,2024-05-25 12:06:02,returned,organic_search,credit_card
6881,751,2024-12-01 00:00:00,completed,social_media,debit_card
6882,1496,2025-05-19 04:33:07,cancelled,email,credit_card
6883,1651,2025-10-27 00:00:00,completed,organic_search,bank_transfer
6884,615,2024-02-28 00:00:00,cancelled,referral,paypal
6885,8256,2024-08-09 00:00:00,completed,paid_search,paypal
6886,1223,2025-11-20 00:00:00,completed,social_media,credit_card
6887,5802,2024-01-13 00:00:00,completed,organic_search,paypal
6888,5767,2024-08-07 02:48:29,completed,paid_search,credit_card
6889,1888,2025-12-16 00:00:00,completed,social_media,debit_card
6890,-1,2025-06-02 00:00:00,completed,social_media,bank_transfer
6891,3205,2024-09-30 00:00:00,completed,direct,paypal
6892,8375,2024-03-25 00:00:00,completed,organic_search,bank_transfer
6893,8752,2024-02-08 07:37:40,completed,paid_search,credit_card
6894,8759,2024-09-15 00:00:00,completed,paid_search,paypal
6895,6956,2025-11-16 12:20:49,completed,direct,paypal
6896,2385,2024-12-30 01:59:56,completed,direct,bank_transfer
6897,1178,2025-08-16 00:00:00,completed,paid_search,debit_card
6898,5269,2025-01-12 00:00:00,returned,direct,credit_card
6899,3320,2024-12-27 00:00:00,completed,paid_search,bank_transfer
6900,7687,2024-07-28 00:00:00,completed,paid_search,credit_card
6901,6884,2025-03-26 00:00:00,returned,social_media,credit_card
6902,2597,2025-11-27 02:01:22,completed,social_media,paypal
6903,174,2025-09-10 00:00:00,completed,direct,bank_transfer
6904,2230,2024-03-24 00:00:00,returned,social_media,paypal
6905,5240,2025-07-28 20:46:23,completed,paid_search,debit_card
6906,766,2025-05-04 02:59:31,completed,social_media,credit_card
6907,6098,2025-11-27 17:04:52,cancelled,organic_search,debit_card
6908,6215,2024-05-21 00:00:00,completed,direct,paypal
6909,1607,2025-08-04 00:00:00,completed,social_media,bank_transfer
6910,5496,2025-11-16 00:00:00,completed,social_media,debit_card
6911,5595,2024-12-28 00:00:00,cancelled,paid_search,paypal
6912,4413,2025-02-27 14:19:04,completed,direct,credit_card
6913,8793,2024-03-29 09:58:41,completed,paid_search,credit_card
6914,1056,2024-10-13 00:00:00,cancelled,social_media,credit_card
6915,3740,2024-11-13 00:02:46,completed,paid_search,paypal
6916,8169,2025-11-12 00:00:00,completed,direct,bank_transfer
6917,3556,2024-10-16 05:27:18,completed,email,paypal
6918,3919,2025-09-02 00:00:00,cancelled,direct,paypal
6919,6184,2025-07-13 00:00:00,completed,social_media,debit_card
6920,6162,2024-06-29 00:00:00,completed,social_media,bank_transfer
6921,233,2025-03-03 00:00:00,completed,paid_search,paypal
6922,4205,2025-08-29 09:43:36,cancelled,social_media,paypal
6923,3088,2025-11-10 00:00:00,completed,referral,bank_transfer
6924,5790,2025-06-11 00:00:00,completed,paid_search,credit_card
6925,5131,2025-07-12 00:00:00,completed,referral,debit_card
6926,6020,2024-05-25 00:00:00,completed,organic_search,debit_card
6927,6051,2025-12-12 00:00:00,completed,email,bank_transfer
6928,2398,2024-05-31 00:00:00,cancelled,referral,debit_card
6929,2317,2025-09-21 11:42:59,completed,referral,debit_card
6930,3410,2024-10-02 00:00:00,completed,organic_search,debit_card
6931,2278,2025-12-07 00:00:00,completed,email,debit_card
6932,6326,2025-08-16 00:00:00,completed,referral,paypal
6933,5556,2025-07-09 00:00:00,completed,paid_search,paypal
6934,2042,2024-08-23 00:00:00,completed,direct,credit_card
6935,8180,2025-01-24 00:00:00,completed,direct,paypal
6936,4251,2025-05-06 00:00:00,returned,email,paypal
6937,1231,2025-09-18 00:00:00,completed,direct,credit_card
6938,2010,2024-05-02 00:00:00,completed,referral,bank_transfer
6939,4987,2025-12-18 00:00:00,completed,direct,debit_card
6940,3124,2025-11-20 20:53:45,completed,social_media,bank_transfer
6941,7869,2024-07-10 00:00:00,completed,social_media,debit_card
6942,4571,2025-10-19 06:44:32,completed,organic_search,paypal
6943,8466,2025-03-27 00:00:00,completed,email,credit_card
6944,1001,2025-02-09 16:24:47,completed,organic_search,bank_transfer
6945,6186,2024-08-11 00:00:00,returned,email,bank_transfer
6946,8196,2025-11-05 00:00:00,completed,email,bank_transfer
6947,2739,2025-08-23 00:00:00,completed,referral,credit_card
6948,1315,2024-12-28 18:26:54,completed,referral,credit_card
6949,4211,2025-06-13 00:00:00,returned,paid_search,debit_card
6950,8868,2025-02-08 00:00:00,completed,paid_search,credit_card
6951,5841,2025-08-10 21:12:03,completed,paid_search,paypal
6952,5943,2024-03-09 11:33:40,completed,social_media,credit_card
6953,6214,2025-07-11 00:00:00,completed,referral,bank_transfer
6954,394,2025-02-06 00:00:00,completed,paid_search,debit_card
6955,4113,2024-09-30 00:00:00,completed,direct,paypal
6956,755,2024-09-13 00:00:00,completed,paid_search,debit_card
6957,2929,2025-02-28 00:00:00,completed,organic_search,credit_card
6958,7605,2025-11-19 00:00:00,completed,social_media,debit_card
6959,6077,2024-12-12 00:00:00,completed,social_media,paypal
6960,-1,2025-09-05 00:00:00,completed,direct,bank_transfer
6961,1633,2024-04-25 00:00:00,completed,referral,paypal
6962,3646,2025-02-22 00:00:00,completed,organic_search,debit_card
6963,7492,2025-12-28 06:42:40,completed,social_media,credit_card
6964,2036,2025-09-18 00:00:00,completed,referral,bank_transfer
6965,1481,2024-08-15 00:00:00,completed,organic_search,debit_card
6966,-1,2025-03-14 06:49:24,completed,social_media,debit_card
6967,3542,2024-09-06 00:00:00,completed,paid_search,credit_card
6968,-1,2024-12-27 10:41:24,completed,social_media,debit_card
6969,4210,2025-09-24 00:00:00,completed,direct,bank_transfer
6970,7960,2025-09-19 23:44:42,completed,email,debit_card
6971,8213,2024-09-01 00:00:00,completed,direct,paypal
6972,1498,2025-12-03 11:53:02,completed,email,paypal
6973,6602,2025-05-19 00:00:00,completed,social_media,paypal
6974,2608,2024-12-13 00:00:00,completed,referral,credit_card
6975,930,2025-03-15 00:00:00,completed,paid_search,bank_transfer
6976,8093,2025-05-27 00:00:00,completed,referral,debit_card
6977,2736,2025-04-26 00:00:00,completed,paid_search,debit_card
6978,3189,2025-03-03 00:00:00,cancelled,email,debit_card
6979,3002,2025-03-17 19:54:38,completed,paid_search,bank_transfer
6980,1904,2024-07-13 00:00:00,completed,social_media,paypal
6981,4008,2025-10-14 14:11:20,completed,email,credit_card
6982,3951,2025-04-13 00:00:00,completed,referral,bank_transfer
6983,3761,2024-05-29 00:00:00,completed,direct,paypal
6984,-1,2025-09-15 00:00:00,completed,email,bank_transfer
6985,3140,2025-12-07 00:00:00,completed,social_media,credit_card
6986,305,2025-12-12 00:00:00,completed,paid_search,credit_card
6987,1688,2024-12-07 18:28:58,completed,email,paypal
6988,6661,2024-02-06 00:00:00,completed,social_media,credit_card
6989,5438,2025-03-27 00:00:00,completed,organic_search,credit_card
6990,8781,2024-11-05 00:00:00,completed,organic_search,paypal
6991,6431,2025-07-12 00:00:00,completed,social_media,bank_transfer
6992,1847,2024-07-21 19:14:48,completed,direct,paypal
6993,1178,2024-09-22 15:22:32,completed,social_media,debit_card
6994,4820,2024-12-26 00:00:00,cancelled,organic_search,paypal
6995,6160,2024-12-14 00:00:00,completed,direct,debit_card
6996,1572,2025-03-10 00:00:00,completed,email,bank_transfer
6997,5547,2025-02-05 00:00:00,completed,organic_search,credit_card
6998,8003,2024-07-08 00:00:00,completed,social_media,bank_transfer
6999,6721,2024-10-04 01:32:36,completed,referral,debit_card
7000,6155,2025-03-20 00:00:00,completed,email,credit_card
7001,7308,2024-06-15 00:00:00,cancelled,social_media,credit_card
7002,1022,2025-06-01 00:00:00,completed,direct,bank_transfer
7003,1926,2025-04-30 00:00:00,completed,direct,paypal
7004,376,2025-08-13 00:00:00,completed,email,debit_card
7005,1390,2025-12-09 00:00:00,completed,paid_search,paypal
7006,8458,2025-11-29 00:20:33,completed,referral,bank_transfer
7007,2089,2025-12-12 00:00:00,completed,organic_search,paypal
7008,6133,2024-09-15 00:00:00,completed,social_media,debit_card
7009,6419,2024-05-30 06:51:53,returned,paid_search,bank_transfer
7010,5957,2024-11-01 12:09:18,cancelled,organic_search,debit_card
7011,5111,2025-11-22 22:18:45,completed,organic_search,paypal
7012,4486,2025-12-21 00:00:00,completed,organic_search,debit_card
7013,3874,2025-07-11 00:00:00,returned,referral,credit_card
7014,8484,2024-08-05 00:00:00,completed,referral,paypal
7015,94,2025-12-12 00:00:00,completed,paid_search,credit_card
7016,522,2025-01-05 00:00:00,completed,email,debit_card
7017,4551,2024-01-14 23:20:59,completed,direct,credit_card
7018,3059,2025-01-23 00:00:00,completed,email,credit_card
7019,3758,2024-03-02 04:19:23,completed,organic_search,debit_card
7020,-1,2025-04-15 00:00:00,completed,email,paypal
7021,7160,2024-11-21 00:00:00,completed,organic_search,debit_card
7022,8114,2025-02-20 16:23:51,completed,social_media,credit_card
7023,3396,2025-02-06 00:00:00,completed,direct,bank_transfer
7024,2255,2025-11-11 00:36:48,completed,paid_search,paypal
7025,7092,2025-06-07 00:00:00,completed,email,credit_card
7026,7479,2025-01-15 00:00:00,completed,organic_search,credit_card
7027,5069,2025-10-18 00:00:00,completed,social_media,bank_transfer
7028,8286,2025-11-26 00:00:00,completed,organic_search,debit_card
7029,8927,2024-05-18 00:00:00,completed,direct,credit_card
7030,4353,2025-04-06 00:00:00,completed,social_media,credit_card
7031,2092,2024-10-18 00:00:00,completed,email,paypal
7032,4789,2024-03-03 00:00:00,completed,paid_search,bank_transfer
7033,-1,2025-11-07 00:00:00,completed,email,paypal
7034,2739,2025-09-11 00:00:00,completed,organic_search,credit_card
7035,5692,2024-06-30 00:00:00,completed,organic_search,bank_transfer
7036,6428,2025-10-13 00:00:00,completed,referral,bank_transfer
7037,2018,2025-05-11 00:00:00,completed,organic_search,bank_transfer
7038,5411,2025-11-30 06:45:00,completed,referral,bank_transfer
7039,2915,2024-10-03 22:41:51,completed,direct,credit_card
7040,7899,2025-11-26 19:51:49,completed,email,bank_transfer
7041,6594,2024-11-11 00:00:00,completed,social_media,bank_transfer
7042,7644,2025-04-21 00:00:00,completed,paid_search,credit_card
7043,1898,2024-03-07 00:00:00,completed,referral,paypal
7044,344,2024-02-29 00:00:00,completed,social_media,paypal
7045,7865,2025-08-16 15:40:36,cancelled,referral,paypal
7046,3561,2025-01-25 00:00:00,completed,direct,debit_card
7047,1701,2024-09-25 00:00:00,completed,organic_search,bank_transfer
7048,901,2024-07-27 00:00:00,completed,referral,debit_card
7049,4782,2025-07-12 00:00:00,completed,paid_search,paypal
7050,1441,2024-01-01 02:50:09,completed,paid_search,paypal
7051,-1,2025-10-10 00:00:00,completed,email,paypal
7052,6721,2024-04-07 00:00:00,completed,email,paypal
7053,-1,2024-07-28 00:00:00,completed,organic_search,paypal
7054,8363,2024-12-16 00:00:00,completed,organic_search,paypal
7055,1496,2025-03-01 00:00:00,completed,paid_search,paypal
7056,4563,2024-11-30 00:00:00,returned,organic_search,debit_card
7057,1548,2024-11-11 01:54:36,completed,paid_search,debit_card
7058,8101,2025-12-18 13:21:44,completed,paid_search,paypal
7059,8609,2025-06-22 00:00:00,completed,email,credit_card
7060,3677,2024-02-02 00:00:00,completed,organic_search,bank_transfer
7061,2855,2025-12-01 00:00:00,completed,direct,bank_transfer
7062,2623,2025-11-14 00:00:00,completed,email,paypal
7063,7948,2024-10-31 23:57:04,returned,email,debit_card
7064,6321,2024-04-23 00:00:00,completed,direct,credit_card
7065,8143,2025-09-10 00:00:00,completed,organic_search,debit_card
7066,1147,2025-05-28 00:00:00,completed,social_media,debit_card
7067,4395,2025-03-05 00:00:00,completed,email,credit_card
7068,6255,2024-10-03 00:00:00,completed,organic_search,credit_card
7069,8298,2024-08-06 00:00:00,completed,referral,bank_transfer
7070,3525,2025-08-06 00:00:00,completed,paid_search,bank_transfer
7071,2901,2024-08-13 00:00:00,cancelled,organic_search,credit_card
7072,8456,2025-03-16 00:00:00,completed,direct,debit_card
7073,464,2025-04-15 23:39:08,completed,referral,debit_card
7074,4433,2024-10-17 13:48:43,completed,direct,paypal
7075,4230,2025-12-13 00:00:00,completed,referral,paypal
7076,1400,2025-10-31 21:09:59,completed,organic_search,credit_card
7077,3633,2025-08-18 00:00:00,completed,social_media,bank_transfer
7078,6673,2024-06-04 00:00:00,completed,paid_search,bank_transfer
7079,3378,2024-05-05 00:00:00,cancelled,email,debit_card
7080,2890,2025-08-03 00:00:00,cancelled,email,debit_card
7081,7224,2024-06-28 00:00:00,completed,social_media,bank_transfer
7082,-1,2025-12-24 00:00:00,completed,email,debit_card
7083,7198,2024-06-25 00:00:00,returned,email,debit_card
7084,7827,2025-03-03 00:00:00,completed,email,debit_card
7085,8667,2024-05-12 00:00:00,completed,email,bank_transfer
7086,7432,2025-06-21 00:00:00,returned,email,bank_transfer
7087,-1,2024-05-27 00:00:00,cancelled,paid_search,paypal
7088,6907,2025-12-01 00:00:00,completed,organic_search,paypal
7089,6129,2024-10-10 00:00:00,completed,email,debit_card
7090,6425,2025-11-19 10:31:19,cancelled,social_media,paypal
7091,8332,2024-02-24 00:00:00,completed,paid_search,credit_card
7092,6327,2025-11-30 00:00:00,completed,referral,credit_card
7093,7032,2025-10-25 00:00:00,completed,social_media,paypal
7094,2039,2024-10-28 00:00:00,completed,organic_search,bank_transfer
7095,8453,2025-09-30 00:00:00,completed,referral,paypal
7096,4131,2024-12-02 00:00:00,completed,referral,debit_card
7097,1530,2025-12-19 00:00:00,completed,direct,paypal
7098,7411,2025-02-04 00:00:00,completed,paid_search,debit_card
7099,3284,2024-11-01 00:00:00,completed,referral,paypal
7100,1749,2024-12-04 09:48:21,completed,organic_search,credit_card
7101,2410,2024-03-25 00:00:00,completed,direct,bank_transfer
7102,348,2025-12-28 00:00:00,completed,paid_search,debit_card
7103,887,2024-02-23 05:56:06,completed,direct,debit_card
7104,5459,2025-07-01 05:45:45,completed,organic_search,paypal
7105,8014,2025-01-23 00:00:00,completed,email,debit_card
7106,4146,2025-12-13 00:00:00,completed,referral,credit_card
7107,5771,2024-09-16 00:00:00,completed,paid_search,paypal
7108,7494,2025-04-06 00:00:00,completed,referral,credit_card
7109,3287,2025-02-28 00:00:00,completed,social_media,bank_transfer
7110,6058,2025-05-08 00:00:00,completed,social_media,bank_transfer
7111,3236,2024-03-27 15:19:31,completed,organic_search,debit_card
7112,5933,2024-07-31 00:00:00,completed,email,debit_card
7113,2054,2024-08-19 00:00:00,completed,email,paypal
7114,-1,2025-08-29 00:00:00,completed,direct,credit_card
7115,746,2024-07-26 00:00:00,completed,email,credit_card
7116,4673,2025-05-05 00:00:00,returned,organic_search,bank_transfer
7117,2683,2024-08-20 00:00:00,completed,paid_search,credit_card
7118,5541,2025-11-08 00:00:00,completed,referral,paypal
7119,3951,2025-12-10 15:31:50,completed,organic_search,debit_card
7120,2863,2025-03-27 00:00:00,cancelled,paid_search,bank_transfer
7121,2350,2024-11-29 00:00:00,completed,paid_search,credit_card
7122,1731,2024-09-06 00:00:00,cancelled,referral,credit_card
7123,7234,2024-06-03 00:00:00,cancelled,referral,debit_card
7124,2090,2024-10-05 00:00:00,completed,social_media,paypal
7125,7141,2025-07-01 17:31:47,returned,referral,debit_card
7126,4478,2025-04-07 16:22:06,completed,email,debit_card
7127,708,2025-11-12 00:00:00,completed,social_media,bank_transfer
7128,1570,2024-12-21 00:00:00,completed,direct,debit_card
7129,8256,2025-07-29 00:00:00,completed,organic_search,paypal
7130,5556,2025-05-03 00:00:00,completed,paid_search,debit_card
7131,1750,2025-03-23 20:23:06,completed,organic_search,credit_card
7132,6515,2024-10-05 01:52:24,completed,direct,credit_card
7133,7616,2025-03-02 00:00:00,completed,organic_search,bank_transfer
7134,3061,2025-02-17 00:00:00,completed,organic_search,credit_card
7135,5140,2025-08-07 00:00:00,completed,paid_search,debit_card
7136,2744,2025-12-10 00:00:00,cancelled,paid_search,debit_card
7137,776,2024-11-16 00:00:00,completed,direct,credit_card
7138,3671,2024-02-26 15:58:16,completed,social_media,credit_card
7139,6944,2025-10-03 00:00:00,completed,social_media,debit_card
7140,4231,2025-04-15 00:00:00,completed,social_media,credit_card
7141,3726,2024-07-05 00:00:00,completed,referral,credit_card
7142,3373,2025-12-09 00:00:00,completed,email,paypal
7143,4234,2025-12-26 00:00:00,returned,direct,bank_transfer
7144,2954,2025-12-12 00:00:00,completed,email,credit_card
7145,5645,2024-03-08 00:00:00,completed,direct,bank_transfer
7146,618,2025-11-14 00:00:00,completed,email,debit_card
7147,7477,2025-08-06 00:00:00,completed,email,bank_transfer
7148,1643,2025-02-02 00:00:00,completed,paid_search,credit_card
7149,5841,2025-04-12 00:00:00,completed,social_media,credit_card
7150,4154,2025-11-03 16:22:03,completed,direct,debit_card
7151,7141,2025-02-26 00:00:00,completed,email,bank_transfer
7152,7642,2024-12-09 00:00:00,completed,social_media,credit_card
7153,1930,2025-08-03 00:00:00,completed,email,paypal
7154,6262,2025-05-09 00:00:00,completed,referral,credit_card
7155,1803,2024-07-26 06:00:45,completed,paid_search,paypal
7156,1203,2025-11-24 00:00:00,completed,organic_search,debit_card
7157,8596,2025-07-15 00:00:00,completed,direct,paypal
7158,1559,2025-06-16 00:00:00,completed,email,debit_card
7159,2149,2024-04-28 00:00:00,completed,social_media,debit_card
7160,1264,2025-05-27 00:00:00,completed,direct,paypal
7161,4346,2024-05-19 00:00:00,completed,organic_search,paypal
7162,8509,2024-04-07 02:34:31,cancelled,direct,credit_card
7163,2486,2025-03-04 00:00:00,completed,direct,credit_card
7164,5006,2024-12-24 00:00:00,completed,organic_search,paypal
7165,3783,2025-05-16 00:00:00,completed,email,paypal
7166,3103,2024-04-18 06:31:21,completed,referral,credit_card
7167,5291,2025-01-12 18:26:44,completed,organic_search,paypal
7168,5161,2024-07-12 00:00:00,completed,organic_search,paypal
7169,3312,2025-12-27 00:00:00,completed,referral,credit_card
7170,7865,2025-04-27 00:00:00,completed,email,paypal
7171,521,2025-07-25 00:00:00,completed,email,bank_transfer
7172,828,2024-11-14 17:59:07,returned,social_media,debit_card
7173,-1,2024-04-23 00:00:00,cancelled,organic_search,credit_card
7174,6911,2025-12-23 00:00:00,completed,social_media,credit_card
7175,7454,2024-10-19 00:00:00,completed,social_media,debit_card
7176,5554,2025-01-05 05:57:21,completed,social_media,paypal
7177,3873,2025-06-28 00:00:00,completed,paid_search,paypal
7178,5802,2024-02-04 00:00:00,returned,email,debit_card
7179,908,2025-12-10 00:00:00,completed,social_media,debit_card
7180,6999,2025-04-09 08:38:23,completed,direct,debit_card
7181,4994,2024-10-13 00:00:00,completed,paid_search,credit_card
7182,8829,2024-03-19 00:00:00,completed,paid_search,bank_transfer
7183,5876,2024-06-29 00:00:00,completed,direct,bank_transfer
7184,1458,2025-11-22 00:00:00,cancelled,paid_search,credit_card
7185,4410,2025-07-24 00:00:00,returned,paid_search,paypal
7186,571,2024-09-20 18:58:29,cancelled,direct,debit_card
7187,6890,2024-03-24 00:00:00,completed,email,debit_card
7188,4639,2025-07-27 00:00:00,completed,referral,paypal
7189,3403,2025-05-05 00:00:00,completed,direct,credit_card
7190,8940,2024-12-25 00:00:00,completed,referral,paypal
7191,8674,2024-05-12 00:00:00,completed,paid_search,bank_transfer
7192,8789,2024-08-21 00:00:00,completed,direct,paypal
7193,2075,2025-07-12 18:14:39,completed,direct,debit_card
7194,6729,2025-12-21 15:44:08,cancelled,organic_search,bank_transfer
7195,8725,2024-07-13 00:00:00,completed,referral,bank_transfer
7196,5278,2025-05-22 00:00:00,cancelled,organic_search,paypal
7197,2021,2025-01-06 12:32:49,cancelled,paid_search,paypal
7198,7573,2025-01-27 00:00:00,completed,email,bank_transfer
7199,8136,2024-09-23 00:00:00,completed,social_media,debit_card
7200,6509,2025-10-21 00:00:00,completed,social_media,paypal
7201,2745,2025-03-02 00:00:00,returned,social_media,bank_transfer
7202,1811,2025-04-14 00:00:00,completed,organic_search,paypal
7203,5753,2024-02-11 00:00:00,completed,referral,credit_card
7204,4468,2024-07-19 00:00:00,completed,organic_search,credit_card
7205,6188,2024-04-14 00:00:00,completed,social_media,bank_transfer
7206,1095,2025-08-12 00:00:00,completed,referral,debit_card
7207,1318,2024-02-08 00:00:00,completed,social_media,paypal
7208,3345,2025-07-27 00:00:00,completed,direct,credit_card
7209,2429,2024-12-18 00:00:00,completed,organic_search,bank_transfer
7210,5708,2024-12-30 05:45:04,completed,email,credit_card
7211,3385,2025-02-16 16:15:21,completed,paid_search,debit_card
7212,6339,2024-07-12 00:00:00,completed,email,debit_card
7213,7100,2024-04-29 00:00:00,completed,social_media,paypal
7214,1777,2024-11-05 00:00:00,completed,paid_search,bank_transfer
7215,8511,2025-07-08 00:00:00,completed,social_media,credit_card
7216,-1,2025-07-09 00:00:00,completed,social_media,credit_card
7217,5778,2024-10-19 05:15:20,cancelled,email,debit_card
7218,8417,2025-08-02 00:00:00,completed,direct,credit_card
7219,2502,2024-07-30 00:00:00,completed,direct,bank_transfer
7220,3893,2024-08-15 00:00:00,completed,social_media,bank_transfer
7221,836,2024-02-02 00:00:00,completed,social_media,bank_transfer
7222,4209,2025-11-23 06:58:03,completed,social_media,paypal
7223,4686,2024-08-16 00:00:00,completed,direct,paypal
7224,5677,2024-08-31 00:00:00,completed,email,paypal
7225,623,2024-10-14 03:48:16,completed,organic_search,credit_card
7226,322,2024-05-26 00:00:00,completed,referral,credit_card
7227,3874,2025-06-21 01:00:37,completed,paid_search,debit_card
7228,1794,2024-04-03 00:00:00,completed,referral,debit_card
7229,7006,2024-01-06 00:00:00,completed,direct,bank_transfer
7230,6188,2025-06-24 00:00:00,completed,direct,bank_transfer
7231,3017,2024-11-22 00:00:00,returned,paid_search,bank_transfer
7232,445,2025-08-08 00:00:00,completed,paid_search,debit_card
7233,1730,2025-04-24 00:00:00,completed,referral,bank_transfer
7234,6419,2024-09-25 00:00:00,completed,referral,paypal
7235,-1,2025-06-29 00:00:00,completed,organic_search,debit_card
7236,3022,2024-05-15 04:46:31,completed,direct,debit_card
7237,7434,2025-04-09 00:00:00,completed,direct,paypal
7238,8024,2025-01-18 00:00:00,completed,social_media,debit_card
7239,472,2024-10-05 00:00:00,completed,referral,credit_card
7240,8475,2025-05-26 00:00:00,completed,email,bank_transfer
7241,4307,2025-12-11 00:00:00,completed,organic_search,bank_transfer
7242,8896,2025-12-31 00:00:00,completed,organic_search,paypal
7243,4976,2025-05-29 00:00:00,completed,organic_search,paypal
7244,2211,2024-12-25 08:08:56,cancelled,social_media,paypal
7245,8989,2024-08-29 00:00:00,completed,direct,bank_transfer
7246,2291,2024-09-26 11:04:31,completed,paid_search,bank_transfer
7247,8164,2025-02-25 00:00:00,returned,direct,paypal
7248,1642,2024-12-06 05:51:56,completed,email,bank_transfer
7249,6247,2025-11-30 00:00:00,cancelled,referral,bank_transfer
7250,3782,2024-07-12 00:00:00,completed,email,credit_card
7251,8966,2024-09-12 00:00:00,completed,email,paypal
7252,1753,2024-12-14 00:00:00,cancelled,paid_search,credit_card
7253,3761,2025-10-28 01:30:16,completed,email,debit_card
7254,5900,2025-06-29 00:00:00,completed,direct,bank_transfer
7255,-1,2025-06-03 00:00:00,completed,organic_search,paypal
7256,2835,2024-11-19 18:10:47,completed,referral,debit_card
7257,3645,2025-10-17 00:00:00,returned,social_media,debit_card
7258,4264,2024-02-21 00:00:00,completed,direct,paypal
7259,2375,2025-12-11 00:00:00,returned,referral,credit_card
7260,7569,2025-03-23 00:00:00,completed,organic_search,bank_transfer
7261,903,2024-12-22 00:00:00,completed,direct,bank_transfer
7262,6519,2025-11-03 00:00:00,completed,email,bank_transfer
7263,4934,2025-07-11 12:07:35,completed,organic_search,credit_card
7264,2278,2024-01-19 00:00:00,completed,referral,paypal
7265,4553,2025-11-12 00:00:00,completed,paid_search,debit_card
7266,7676,2025-01-27 00:00:00,completed,paid_search,paypal
7267,4110,2024-11-24 00:00:00,completed,direct,credit_card
7268,1186,2024-06-05 00:00:00,completed,social_media,paypal
7269,404,2025-01-20 06:44:28,cancelled,referral,debit_card
7270,7182,2025-03-10 14:10:11,completed,social_media,paypal
7271,3058,2024-12-24 00:00:00,completed,social_media,debit_card
7272,8599,2025-07-19 19:31:33,completed,referral,credit_card
7273,5687,2025-01-03 00:00:00,completed,social_media,debit_card
7274,4024,2025-12-17 00:00:00,completed,referral,debit_card
7275,5215,2025-05-23 00:00:00,completed,paid_search,bank_transfer
7276,4216,2025-10-11 17:09:48,completed,referral,bank_transfer
7277,8383,2024-05-08 08:44:21,completed,email,paypal
7278,4224,2024-12-21 00:00:00,completed,email,paypal
7279,1022,2024-11-20 17:38:16,completed,direct,paypal
7280,5506,2025-05-03 00:00:00,completed,direct,bank_transfer
7281,5741,2025-08-11 00:00:00,completed,email,paypal
7282,7064,2024-04-06 00:00:00,completed,paid_search,credit_card
7283,8613,2024-03-31 00:00:00,completed,referral,paypal
7284,4086,2025-11-03 00:00:00,completed,email,paypal
7285,3249,2024-08-18 00:00:00,completed,referral,debit_card
7286,4535,2025-07-12 00:00:00,completed,direct,paypal
7287,8333,2025-04-14 05:32:24,completed,social_media,debit_card
7288,-1,2025-10-25 00:00:00,completed,social_media,paypal
7289,8961,2024-05-23 00:00:00,completed,referral,credit_card
7290,2164,2024-05-28 00:00:00,returned,organic_search,bank_transfer
7291,4585,2025-04-24 00:00:00,completed,email,debit_card
7292,2437,2025-12-12 00:00:00,completed,referral,paypal
7293,3389,2024-12-30 00:00:00,completed,referral,debit_card
7294,314,2024-11-15 00:00:00,completed,email,debit_card
7295,1525,2025-05-28 00:00:00,completed,email,credit_card
7296,3646,2025-06-12 00:00:00,completed,direct,paypal
7297,3360,2025-10-28 20:13:25,completed,social_media,credit_card
7298,2618,2025-12-30 00:00:00,completed,email,credit_card
7299,2166,2024-01-02 00:00:00,completed,referral,bank_transfer
7300,6921,2024-05-11 00:00:00,completed,paid_search,paypal
7301,2748,2025-05-30 00:00:00,completed,email,paypal
7302,6534,2025-10-18 00:00:00,completed,social_media,credit_card
7303,3397,2024-10-19 00:00:00,completed,paid_search,debit_card
7304,7434,2024-09-10 18:49:52,completed,direct,paypal
7305,1588,2025-09-28 00:00:00,completed,referral,bank_transfer
7306,1496,2024-03-14 07:08:31,completed,direct,debit_card
7307,6290,2024-12-07 00:00:00,completed,social_media,credit_card
7308,8466,2025-03-18 03:08:59,completed,email,paypal
7309,1371,2025-04-26 00:00:00,completed,direct,debit_card
7310,720,2025-08-22 05:54:05,completed,referral,bank_transfer
7311,8622,2024-11-30 00:00:00,completed,social_media,credit_card
7312,1145,2025-01-06 00:00:00,completed,organic_search,credit_card
7313,2354,2025-05-14 00:00:00,completed,email,bank_transfer
7314,8596,2025-04-17 00:00:00,completed,organic_search,credit_card
7315,7445,2025-06-21 14:43:23,completed,email,credit_card
7316,3165,2024-09-28 00:00:00,completed,paid_search,paypal
7317,8808,2024-04-13 00:00:00,completed,social_media,debit_card
7318,5249,2024-05-18 00:00:00,completed,email,credit_card
7319,708,2024-08-28 11:33:08,completed,email,bank_transfer
7320,6508,2025-03-13 21:19:07,completed,paid_search,debit_card
7321,4961,2025-10-30 22:32:44,completed,email,paypal
7322,5295,2025-03-08 00:00:00,returned,email,bank_transfer
7323,-1,2025-09-30 00:00:00,completed,email,credit_card
7324,1470,2024-11-28 00:00:00,completed,social_media,paypal
7325,6082,2024-12-25 00:00:00,cancelled,paid_search,credit_card
7326,4231,2024-12-19 00:00:00,cancelled,email,credit_card
7327,2548,2024-07-29 00:00:00,completed,referral,bank_transfer
7328,6428,2024-03-19 00:00:00,returned,paid_search,bank_transfer
7329,6183,2025-05-18 00:00:00,completed,direct,paypal
7330,7921,2025-12-28 00:00:00,completed,organic_search,bank_transfer
7331,8129,2024-07-04 00:00:00,completed,email,debit_card
7332,5187,2024-03-03 23:05:46,completed,referral,credit_card
7333,3014,2025-09-24 14:06:27,completed,social_media,paypal
7334,4897,2024-09-22 08:02:32,completed,organic_search,credit_card
7335,3311,2025-10-24 00:00:00,completed,paid_search,credit_card
7336,2606,2025-08-05 21:58:24,completed,email,paypal
7337,5087,2025-12-12 00:00:00,cancelled,social_media,debit_card
7338,6095,2024-12-27 00:00:00,completed,email,bank_transfer
7339,5435,2025-07-06 00:00:00,completed,referral,paypal
7340,8806,2025-02-12 13:27:58,completed,organic_search,bank_transfer
7341,2786,2025-06-14 00:00:00,cancelled,direct,debit_card
7342,3432,2025-01-30 00:00:00,completed,direct,paypal
7343,6178,2024-07-26 00:00:00,completed,paid_search,paypal
7344,5536,2025-03-19 00:00:00,completed,organic_search,bank_transfer
7345,18,2025-04-04 00:00:00,completed,direct,paypal
7346,2894,2025-10-12 05:22:08,completed,organic_search,bank_transfer
7347,2385,2025-08-27 23:07:27,completed,email,debit_card
7348,7768,2025-07-08 00:00:00,completed,email,paypal
7349,8014,2024-05-12 00:00:00,completed,paid_search,paypal
7350,2668,2025-08-17 00:00:00,cancelled,social_media,credit_card
7351,1004,2025-03-13 00:00:00,cancelled,email,bank_transfer
7352,1940,2025-11-22 00:00:00,completed,referral,paypal
7353,1668,2025-02-12 00:00:00,completed,direct,credit_card
7354,2232,2024-12-03 00:00:00,completed,social_media,credit_card
7355,2206,2025-10-18 00:00:00,returned,direct,bank_transfer
7356,4434,2024-02-21 00:00:00,completed,referral,debit_card
7357,2968,2024-12-06 08:35:07,completed,social_media,bank_transfer
7358,5173,2025-04-13 00:00:00,returned,direct,credit_card
7359,3180,2024-06-15 00:00:00,cancelled,referral,paypal
7360,7542,2025-03-09 00:00:00,completed,email,debit_card
7361,8776,2024-12-01 00:00:00,completed,organic_search,paypal
7362,3713,2024-07-06 05:56:41,cancelled,direct,paypal
7363,484,2025-11-05 00:00:00,cancelled,email,paypal
7364,2255,2025-08-12 00:00:00,completed,referral,bank_transfer
7365,1001,2025-01-12 00:00:00,returned,email,credit_card
7366,3185,2025-08-06 19:30:24,completed,organic_search,credit_card
7367,5955,2025-07-14 00:00:00,completed,paid_search,bank_transfer
7368,4805,2024-12-20 00:00:00,completed,direct,debit_card
7369,2288,2024-01-02 00:00:00,completed,paid_search,bank_transfer
7370,7083,2024-05-18 00:00:00,cancelled,direct,paypal
7371,1276,2025-08-04 00:00:00,completed,referral,debit_card
7372,2150,2025-07-16 00:00:00,returned,social_media,debit_card
7373,6254,2024-12-31 00:00:00,completed,paid_search,debit_card
7374,1874,2025-08-23 00:00:00,completed,organic_search,debit_card
7375,6280,2025-03-30 00:00:00,completed,organic_search,debit_card
7376,-1,2024-02-04 00:00:00,completed,social_media,bank_transfer
7377,7691,2024-07-29 00:00:00,completed,direct,credit_card
7378,1517,2025-10-30 00:00:00,completed,social_media,bank_transfer
7379,4818,2025-08-20 19:02:48,completed,organic_search,bank_transfer
7380,3899,2025-11-22 00:00:00,completed,social_media,paypal
7381,-1,2024-05-16 00:00:00,completed,organic_search,bank_transfer
7382,8898,2025-12-28 00:00:00,returned,direct,credit_card
7383,1231,2024-08-14 00:00:00,completed,email,credit_card
7384,8415,2024-01-17 00:00:00,completed,social_media,paypal
7385,1838,2025-12-31 00:00:00,completed,referral,debit_card
7386,2966,2024-10-15 02:10:59,cancelled,organic_search,debit_card
7387,3258,2025-11-07 00:00:00,completed,organic_search,bank_transfer
7388,2689,2024-07-14 00:00:00,completed,email,credit_card
7389,7889,2025-05-10 00:00:00,completed,organic_search,debit_card
7390,3052,2025-11-26 00:00:00,completed,direct,debit_card
7391,7567,2024-11-11 00:00:00,completed,direct,bank_transfer
7392,-1,2025-07-13 00:00:00,completed,social_media,paypal
7393,7775,2024-07-25 00:00:00,completed,paid_search,bank_transfer
7394,3195,2025-06-10 23:59:55,completed,social_media,credit_card
7395,6579,2024-11-20 00:00:00,completed,referral,paypal
7396,4934,2024-08-16 00:00:00,cancelled,social_media,paypal
7397,7274,2024-07-11 00:00:00,completed,email,paypal
7398,1478,2024-07-16 23:27:16,completed,referral,bank_transfer
7399,5884,2025-11-25 00:00:00,completed,email,paypal
7400,7142,2024-12-21 00:00:00,completed,paid_search,bank_transfer
7401,7032,2024-09-16 00:00:00,cancelled,direct,debit_card
7402,8891,2025-01-29 13:57:57,completed,referral,debit_card
7403,577,2024-11-11 00:00:00,completed,direct,paypal
7404,3191,2025-09-02 00:00:00,completed,referral,paypal
7405,4400,2025-12-21 00:00:00,completed,paid_search,paypal
7406,2890,2025-01-19 00:00:00,completed,social_media,debit_card
7407,2890,2025-08-11 00:00:00,completed,paid_search,debit_card
7408,1666,2025-04-30 00:00:00,completed,social_media,debit_card
7409,7523,2024-06-24 00:00:00,completed,email,debit_card
7410,8407,2025-07-27 00:00:00,completed,referral,debit_card
7411,803,2025-03-23 18:21:51,completed,paid_search,credit_card
7412,1492,2025-06-28 00:00:00,completed,paid_search,paypal
7413,2153,2025-11-20 00:00:00,completed,referral,debit_card
7414,4712,2025-01-21 00:00:00,cancelled,social_media,paypal
7415,7325,2025-11-24 00:00:00,completed,organic_search,paypal
7416,701,2025-06-09 00:00:00,completed,organic_search,debit_card
7417,5867,2025-03-04 16:39:44,completed,paid_search,paypal
7418,1431,2025-05-26 00:00:00,completed,social_media,paypal
7419,8962,2024-11-14 00:00:00,completed,social_media,credit_card
7420,8318,2025-12-26 00:00:00,completed,organic_search,paypal
7421,8762,2025-10-07 00:00:00,completed,direct,bank_transfer
7422,1037,2024-02-28 00:00:00,completed,referral,debit_card
7423,4507,2024-11-15 00:00:00,completed,organic_search,credit_card
7424,1568,2025-06-09 10:21:49,completed,direct,debit_card
7425,5536,2024-03-14 00:00:00,completed,direct,bank_transfer
7426,2190,2024-02-03 00:00:00,completed,referral,credit_card
7427,7117,2025-01-30 00:00:00,completed,referral,debit_card
7428,5944,2024-11-18 00:00:00,returned,referral,credit_card
7429,5286,2025-01-19 00:00:00,completed,organic_search,debit_card
7430,7633,2024-09-30 05:56:56,returned,paid_search,debit_card
7431,4622,2024-07-02 00:00:00,completed,email,paypal
7432,2538,2025-07-26 14:39:51,completed,paid_search,bank_transfer
7433,5720,2025-03-24 00:00:00,completed,organic_search,bank_transfer
7434,8834,2024-08-06 00:00:00,completed,email,bank_transfer
7435,5543,2024-11-10 00:00:00,completed,organic_search,bank_transfer
7436,5803,2025-05-18 00:00:00,completed,paid_search,credit_card
7437,8623,2024-03-31 00:00:00,completed,email,paypal
7438,4770,2024-06-15 00:00:00,completed,direct,paypal
7439,-1,2024-04-01 00:00:00,completed,social_media,paypal
7440,1514,2025-10-13 00:00:00,completed,direct,credit_card
7441,4958,2025-07-09 00:00:00,completed,social_media,paypal
7442,2010,2025-09-07 08:46:42,completed,direct,debit_card
7443,4182,2025-08-14 20:12:20,completed,email,debit_card
7444,1618,2025-12-07 00:00:00,completed,referral,bank_transfer
7445,2091,2025-02-23 19:19:48,cancelled,referral,bank_transfer
7446,1993,2025-06-22 00:00:00,completed,social_media,credit_card
7447,2972,2024-02-21 00:00:00,returned,direct,credit_card
7448,1305,2025-06-08 10:42:34,completed,email,debit_card
7449,7492,2025-09-23 00:00:00,completed,paid_search,bank_transfer
7450,2073,2025-03-13 12:36:04,completed,referral,bank_transfer
7451,3836,2024-12-01 13:06:53,completed,organic_search,credit_card
7452,163,2024-10-12 00:00:00,completed,social_media,paypal
7453,1023,2025-06-23 00:00:00,completed,organic_search,bank_transfer
7454,8288,2025-07-29 08:25:52,completed,direct,credit_card
7455,7741,2025-11-12 12:43:17,completed,social_media,paypal
7456,7776,2024-11-23 00:00:00,cancelled,paid_search,paypal
7457,3782,2025-09-18 02:20:59,completed,direct,debit_card
7458,1360,2025-04-27 00:00:00,completed,organic_search,debit_card
7459,1053,2025-11-17 00:00:00,completed,organic_search,credit_card
7460,5582,2025-03-04 00:00:00,returned,paid_search,paypal
7461,7658,2025-03-27 00:00:00,completed,referral,paypal
7462,8332,2025-09-05 00:00:00,completed,social_media,credit_card
7463,2706,2025-05-09 00:00:00,completed,direct,paypal
7464,2980,2025-12-19 00:00:00,completed,organic_search,bank_transfer
7465,994,2024-04-02 19:58:00,completed,social_media,bank_transfer
7466,7151,2024-03-10 00:00:00,completed,direct,debit_card
7467,2591,2025-12-09 00:00:00,completed,email,bank_transfer
7468,4447,2025-04-05 00:00:00,completed,email,paypal
7469,8590,2025-06-03 15:40:36,cancelled,email,paypal
7470,6954,2025-02-28 00:00:00,completed,social_media,credit_card
7471,516,2024-04-22 00:00:00,completed,paid_search,credit_card
7472,81,2025-09-17 00:00:00,completed,referral,debit_card
7473,7284,2025-03-09 00:00:00,completed,organic_search,bank_transfer
7474,5095,2024-11-06 00:00:00,completed,referral,bank_transfer
7475,6648,2024-11-03 00:00:00,completed,email,paypal
7476,1496,2025-10-28 00:00:00,completed,organic_search,credit_card
7477,8062,2024-03-31 00:00:00,completed,direct,bank_transfer
7478,7139,2025-11-16 00:00:00,cancelled,paid_search,bank_transfer
7479,8237,2024-09-25 00:00:00,completed,organic_search,credit_card
7480,3152,2025-05-19 21:24:56,completed,paid_search,paypal
7481,2591,2025-08-12 00:00:00,completed,direct,credit_card
7482,1458,2025-07-18 12:21:58,completed,organic_search,debit_card
7483,8596,2024-12-29 07:57:13,completed,organic_search,paypal
7484,1671,2025-07-26 01:21:02,completed,email,bank_transfer
7485,1168,2024-11-24 10:35:18,completed,direct,debit_card
7486,1829,2024-12-10 00:00:00,completed,direct,bank_transfer
7487,7118,2025-12-30 00:00:00,completed,direct,paypal
7488,8227,2025-09-06 00:00:00,cancelled,organic_search,bank_transfer
7489,7503,2025-06-24 00:00:00,completed,organic_search,paypal
7490,5202,2024-11-30 04:11:36,cancelled,direct,debit_card
7491,-1,2024-03-06 16:40:47,completed,paid_search,bank_transfer
7492,674,2024-12-02 00:00:00,completed,direct,bank_transfer
7493,8025,2025-04-22 00:00:00,completed,paid_search,paypal
7494,3948,2025-09-13 00:00:00,completed,social_media,bank_transfer
7495,4201,2025-10-04 00:00:00,completed,email,credit_card
7496,1237,2025-10-30 00:00:00,cancelled,social_media,credit_card
7497,332,2024-02-15 00:00:00,completed,referral,bank_transfer
7498,2937,2024-06-12 00:00:00,completed,referral,bank_transfer
7499,1655,2024-09-08 00:00:00,completed,organic_search,bank_transfer
7500,4471,2025-01-27 16:34:18,completed,organic_search,credit_card
7501,1411,2024-03-31 00:00:00,completed,direct,paypal
7502,1329,2025-12-15 23:45:44,completed,organic_search,bank_transfer
7503,8113,2024-08-27 00:00:00,completed,organic_search,credit_card
7504,8524,2025-03-12 00:00:00,completed,paid_search,bank_transfer
7505,8896,2025-08-01 00:00:00,completed,referral,bank_transfer
7506,6301,2025-12-26 00:00:00,completed,paid_search,credit_card
7507,7117,2025-04-22 00:00:00,completed,direct,debit_card
7508,7732,2025-12-06 00:00:00,completed,paid_search,credit_card
7509,6107,2024-08-01 00:00:00,returned,referral,credit_card
7510,3056,2025-04-09 00:00:00,completed,social_media,paypal
7511,1496,2025-11-25 00:00:00,completed,referral,debit_card
7512,2230,2024-07-06 00:00:00,completed,social_media,bank_transfer
7513,7775,2024-04-25 00:00:00,completed,direct,bank_transfer
7514,6443,2025-06-01 00:00:00,completed,paid_search,debit_card
7515,4206,2025-07-12 00:00:00,completed,organic_search,paypal
7516,293,2025-04-13 12:34:21,completed,paid_search,credit_card
7517,2506,2025-03-04 00:00:00,completed,email,bank_transfer
7518,6734,2024-08-06 00:00:00,completed,social_media,debit_card
7519,4740,2024-01-02 00:00:00,cancelled,organic_search,bank_transfer
7520,4020,2025-10-12 19:22:00,completed,direct,bank_transfer
7521,2907,2024-04-16 00:00:00,completed,direct,paypal
7522,5595,2025-06-17 19:38:24,completed,direct,credit_card
7523,8917,2025-11-30 00:00:00,completed,paid_search,bank_transfer
7524,8344,2024-08-14 00:00:00,completed,social_media,debit_card
7525,307,2025-07-09 00:00:00,cancelled,paid_search,bank_transfer
7526,4447,2024-04-07 19:40:26,completed,referral,debit_card
7527,3045,2025-05-26 00:00:00,completed,paid_search,bank_transfer
7528,4728,2024-01-07 00:00:00,completed,direct,debit_card
7529,5590,2025-08-27 00:00:00,completed,paid_search,bank_transfer
7530,1902,2024-10-31 00:00:00,completed,email,credit_card
7531,7221,2025-11-02 00:00:00,completed,referral,debit_card
7532,4388,2025-05-23 00:00:00,completed,social_media,bank_transfer
7533,-1,2024-07-08 13:20:49,completed,social_media,paypal
7534,256,2025-08-31 00:00:00,completed,email,bank_transfer
7535,1801,2024-11-01 23:52:14,returned,direct,bank_transfer
7536,6396,2025-07-07 00:00:00,completed,referral,debit_card
7537,6440,2024-06-25 00:00:00,cancelled,paid_search,bank_transfer
7538,5361,2025-07-25 00:00:00,completed,direct,bank_transfer
7539,8965,2024-05-26 00:00:00,cancelled,direct,credit_card
7540,3824,2025-07-01 00:00:00,completed,email,bank_transfer
7541,3842,2024-09-17 00:00:00,completed,social_media,credit_card
7542,8435,2025-04-09 00:00:00,cancelled,referral,credit_card
7543,4974,2024-09-30 00:00:00,completed,social_media,debit_card
7544,3261,2025-11-16 00:00:00,cancelled,direct,paypal
7545,6639,2025-11-21 00:00:00,completed,direct,paypal
7546,5711,2024-02-08 00:00:00,returned,social_media,debit_card
7547,2860,2025-02-06 00:00:00,completed,referral,bank_transfer
7548,2779,2024-04-16 15:59:08,completed,referral,bank_transfer
7549,3633,2024-12-18 00:00:00,completed,paid_search,paypal
7550,702,2025-08-12 00:00:00,completed,direct,bank_transfer
7551,8697,2025-07-05 10:50:17,completed,email,bank_transfer
7552,1738,2025-06-10 00:00:00,completed,referral,paypal
7553,1843,2024-10-16 00:00:00,completed,email,debit_card
7554,5977,2024-12-12 20:45:13,completed,paid_search,debit_card
7555,6691,2024-05-01 00:00:00,completed,organic_search,credit_card
7556,6815,2025-08-16 00:00:00,completed,email,paypal
7557,3459,2025-03-16 03:28:13,completed,email,credit_card
7558,8077,2025-08-09 00:00:00,completed,email,paypal
7559,5024,2024-09-19 17:34:41,completed,direct,paypal
7560,4040,2024-11-13 00:00:00,returned,organic_search,credit_card
7561,7499,2024-11-19 00:00:00,cancelled,organic_search,debit_card
7562,2293,2024-05-02 00:00:00,completed,email,credit_card
7563,7950,2024-11-23 05:31:24,completed,referral,debit_card
7564,4976,2025-10-08 00:00:00,completed,direct,bank_transfer
7565,8332,2025-11-23 00:00:00,completed,social_media,bank_transfer
7566,1914,2025-03-27 00:00:00,completed,social_media,credit_card
7567,8637,2025-02-04 20:23:45,completed,email,debit_card
7568,6382,2024-12-02 00:00:00,returned,direct,bank_transfer
7569,5698,2025-11-15 00:00:00,completed,social_media,debit_card
7570,3897,2024-01-19 00:00:00,completed,organic_search,bank_transfer
7571,8826,2025-12-11 00:00:00,completed,paid_search,debit_card
7572,4095,2025-03-05 14:09:29,returned,referral,paypal
7573,4603,2024-11-23 00:00:00,completed,paid_search,debit_card
7574,7220,2025-04-12 00:00:00,completed,referral,paypal
7575,2674,2024-03-02 00:00:00,completed,social_media,paypal
7576,2728,2025-05-11 00:00:00,completed,referral,credit_card
7577,7161,2025-04-18 00:00:00,completed,social_media,paypal
7578,1247,2024-08-24 00:00:00,completed,organic_search,paypal
7579,7615,2025-10-01 00:00:00,returned,referral,paypal
7580,5763,2025-06-30 08:03:14,completed,direct,debit_card
7581,4978,2025-08-21 17:20:39,completed,paid_search,paypal
7582,2159,2024-01-02 00:00:00,completed,email,debit_card
7583,7272,2025-12-08 00:00:00,completed,paid_search,paypal
7584,7462,2024-01-07 00:00:00,completed,referral,paypal
7585,4468,2024-09-06 00:00:00,completed,paid_search,paypal
7586,3585,2024-10-01 00:00:00,completed,email,debit_card
7587,2316,2024-02-21 00:00:00,completed,email,paypal
7588,6972,2024-05-21 00:00:00,completed,paid_search,paypal
7589,5897,2025-12-27 00:00:00,completed,referral,bank_transfer
7590,1953,2024-08-11 00:00:00,completed,referral,debit_card
7591,7357,2024-05-14 00:00:00,completed,organic_search,debit_card
7592,8161,2024-05-05 12:53:10,completed,social_media,bank_transfer
7593,583,2025-08-16 00:00:00,completed,direct,credit_card
7594,7130,2025-05-11 00:00:00,completed,social_media,paypal
7595,7885,2024-09-26 03:41:42,completed,referral,credit_card
7596,-1,2024-01-30 00:00:00,completed,direct,paypal
7597,2234,2024-08-27 00:00:00,completed,referral,credit_card
7598,3418,2024-03-14 01:48:14,completed,direct,bank_transfer
7599,8915,2024-05-02 00:00:00,completed,email,bank_transfer
7600,922,2025-01-13 00:00:00,completed,organic_search,credit_card
7601,4847,2024-09-02 19:27:14,completed,direct,bank_transfer
7602,4690,2025-03-25 00:00:00,completed,direct,bank_transfer
7603,5593,2024-09-23 15:22:03,completed,referral,credit_card
7604,3062,2025-12-10 00:00:00,completed,paid_search,bank_transfer
7605,8566,2025-11-26 00:00:00,completed,direct,debit_card
7606,2540,2025-01-05 00:00:00,completed,organic_search,bank_transfer
7607,6007,2024-11-30 14:57:47,completed,referral,credit_card
7608,4579,2024-12-13 00:00:00,completed,social_media,paypal
7609,2510,2024-12-28 00:00:00,completed,email,debit_card
7610,1790,2025-08-21 00:00:00,completed,direct,bank_transfer
7611,8828,2025-01-02 00:00:00,cancelled,email,credit_card
7612,5182,2025-06-11 00:00:00,completed,direct,credit_card
7613,5568,2025-11-12 00:00:00,completed,paid_search,credit_card
7614,7234,2024-11-20 19:10:52,completed,referral,paypal
7615,789,2025-04-26 04:10:32,completed,direct,bank_transfer
7616,6587,2024-04-23 00:00:00,completed,organic_search,bank_transfer
7617,1567,2024-08-06 07:13:24,completed,social_media,bank_transfer
7618,6844,2024-12-29 00:00:00,completed,paid_search,paypal
7619,1359,2024-08-11 00:00:00,completed,referral,paypal
7620,7704,2025-11-14 04:57:22,completed,paid_search,debit_card
7621,6308,2024-06-25 00:00:00,completed,referral,bank_transfer
7622,3556,2025-02-04 00:00:00,completed,direct,paypal
7623,3305,2025-05-28 00:00:00,cancelled,social_media,bank_transfer
7624,1427,2025-07-28 00:00:00,completed,email,debit_card
7625,8364,2024-12-14 00:00:00,completed,email,paypal
7626,1158,2025-11-11 02:08:56,completed,social_media,debit_card
7627,4364,2025-05-02 00:00:00,completed,referral,paypal
7628,2225,2025-01-20 00:00:00,cancelled,paid_search,debit_card
7629,-1,2024-03-26 00:00:00,completed,email,paypal
7630,5386,2025-12-02 00:00:00,cancelled,email,paypal
7631,1435,2025-10-18 05:22:28,cancelled,paid_search,paypal
7632,6177,2025-06-03 00:00:00,completed,social_media,paypal
7633,-1,2025-10-25 10:01:21,cancelled,organic_search,credit_card
7634,5578,2025-03-09 00:00:00,cancelled,paid_search,debit_card
7635,4219,2024-05-17 00:00:00,completed,referral,credit_card
7636,2742,2024-01-20 00:00:00,completed,organic_search,credit_card
7637,904,2024-11-01 00:00:00,completed,social_media,debit_card
7638,2151,2025-08-01 00:00:00,completed,paid_search,credit_card
7639,5108,2025-09-30 00:00:00,completed,organic_search,paypal
7640,6967,2024-10-27 14:04:30,completed,referral,paypal
7641,8120,2025-10-03 00:00:00,cancelled,organic_search,paypal
7642,7351,2025-03-01 00:00:00,completed,referral,paypal
7643,1213,2024-12-28 00:00:00,completed,referral,credit_card
7644,7140,2024-09-04 00:00:00,completed,direct,paypal
7645,5356,2024-03-06 00:00:00,cancelled,paid_search,credit_card
7646,4331,2024-08-02 00:00:00,completed,paid_search,credit_card
7647,5298,2024-03-12 02:36:03,cancelled,email,credit_card
7648,80,2024-08-04 00:00:00,completed,organic_search,bank_transfer
7649,661,2024-01-14 00:00:00,completed,social_media,paypal
7650,4870,2025-06-12 00:00:00,completed,email,bank_transfer
7651,1647,2024-11-09 03:23:11,completed,referral,debit_card
7652,5037,2025-12-22 00:00:00,completed,direct,paypal
7653,3265,2024-07-31 00:00:00,completed,email,debit_card
7654,8399,2024-11-25 04:54:28,completed,social_media,paypal
7655,8763,2024-12-02 00:00:00,completed,social_media,paypal
7656,-1,2024-01-13 00:00:00,completed,direct,bank_transfer
7657,8320,2025-10-29 00:00:00,completed,direct,bank_transfer
7658,-1,2024-02-13 21:21:09,completed,email,paypal
7659,6532,2025-10-12 00:00:00,completed,email,credit_card
7660,8862,2025-11-21 10:30:07,completed,paid_search,paypal
7661,5921,2025-09-04 00:00:00,completed,email,paypal
7662,7492,2025-04-14 00:00:00,completed,referral,bank_transfer
7663,1280,2025-07-01 00:00:00,cancelled,email,bank_transfer
7664,6324,2024-12-16 00:00:00,completed,direct,credit_card
7665,8598,2025-06-26 00:00:00,completed,organic_search,debit_card
7666,4989,2024-03-01 17:05:05,completed,organic_search,paypal
7667,1773,2024-03-11 00:38:12,completed,email,credit_card
7668,4876,2025-05-02 00:00:00,completed,email,debit_card
7669,6537,2025-04-19 00:00:00,completed,direct,bank_transfer
7670,7109,2025-11-19 00:00:00,completed,direct,bank_transfer
7671,4847,2024-05-03 00:00:00,cancelled,paid_search,paypal
7672,2051,2025-10-19 00:00:00,completed,paid_search,paypal
7673,8575,2024-08-15 17:38:00,completed,social_media,bank_transfer
7674,7142,2024-12-20 00:00:00,completed,paid_search,debit_card
7675,2541,2024-11-09 00:00:00,completed,social_media,debit_card
7676,7511,2024-12-23 00:00:00,completed,direct,debit_card
7677,3208,2024-06-17 18:39:25,completed,referral,paypal
7678,2894,2025-03-16 02:23:54,completed,social_media,bank_transfer
7679,7985,2025-07-10 00:00:00,completed,social_media,paypal
7680,8076,2025-01-22 00:00:00,returned,social_media,paypal
7681,3660,2025-06-03 00:00:00,completed,paid_search,bank_transfer
7682,87,2025-03-11 00:00:00,completed,referral,bank_transfer
7683,1770,2025-08-07 00:00:00,completed,paid_search,paypal
7684,8422,2025-06-03 00:00:00,cancelled,referral,debit_card
7685,8318,2024-09-26 00:00:00,completed,paid_search,debit_card
7686,4182,2025-11-18 00:00:00,completed,referral,paypal
7687,2837,2025-05-08 00:00:00,completed,referral,paypal
7688,2820,2024-08-25 07:35:32,completed,direct,credit_card
7689,8299,2024-10-06 00:00:00,completed,email,paypal
7690,3008,2025-10-08 00:00:00,cancelled,referral,debit_card
7691,4733,2024-02-29 12:49:18,cancelled,paid_search,debit_card
7692,6754,2025-12-29 00:00:00,completed,referral,bank_transfer
7693,1980,2024-05-28 00:00:00,completed,social_media,bank_transfer
7694,2386,2025-04-10 00:00:00,completed,email,bank_transfer
7695,3296,2024-12-20 00:00:00,completed,direct,paypal
7696,6057,2025-07-03 00:00:00,completed,direct,debit_card
7697,7572,2025-11-16 00:00:00,completed,direct,debit_card
7698,5047,2024-12-29 00:00:00,cancelled,referral,bank_transfer
7699,1287,2025-10-04 00:00:00,completed,email,debit_card
7700,4120,2024-03-06 00:00:00,completed,email,bank_transfer
7701,1238,2024-01-04 00:00:00,completed,paid_search,credit_card
7702,864,2024-09-15 00:00:00,completed,referral,credit_card
7703,5425,2025-07-20 00:00:00,completed,paid_search,debit_card
7704,8825,2024-05-19 00:00:00,completed,referral,credit_card
7705,7745,2024-05-12 00:00:00,completed,organic_search,paypal
7706,7151,2024-12-28 00:00:00,completed,email,bank_transfer
7707,6720,2025-06-27 00:00:00,completed,direct,credit_card
7708,8298,2025-11-08 00:00:00,completed,referral,credit_card
7709,6956,2024-07-15 10:03:09,completed,referral,debit_card
7710,5779,2024-04-08 00:00:00,completed,organic_search,bank_transfer
7711,3360,2025-10-12 00:00:00,cancelled,referral,bank_transfer
7712,994,2024-09-29 00:00:00,completed,organic_search,debit_card
7713,4255,2025-05-11 00:00:00,completed,email,debit_card
7714,8556,2025-09-11 00:00:00,completed,email,paypal
7715,5368,2025-09-19 00:00:00,completed,referral,bank_transfer
7716,1751,2024-07-06 09:16:50,cancelled,social_media,credit_card
7717,6000,2025-10-19 00:00:00,completed,direct,paypal
7718,4300,2025-09-17 00:00:00,completed,direct,paypal
7719,8601,2025-05-22 00:00:00,completed,referral,bank_transfer
7720,1529,2024-11-20 00:00:00,completed,social_media,credit_card
7721,6579,2024-09-30 00:00:00,cancelled,referral,debit_card
7722,6314,2024-05-20 00:00:00,completed,email,paypal
7723,-1,2025-03-21 00:00:00,completed,email,bank_transfer
7724,5217,2025-05-14 00:00:00,completed,organic_search,bank_transfer
7725,8057,2024-12-02 00:00:00,completed,organic_search,paypal
7726,252,2025-02-21 00:00:00,completed,organic_search,paypal
7727,1195,2024-05-12 00:00:00,completed,referral,paypal
7728,3193,2025-06-22 00:37:52,completed,email,debit_card
7729,5707,2025-11-24 00:00:00,completed,email,paypal
7730,4148,2024-07-01 18:03:00,completed,organic_search,paypal
7731,1922,2024-12-13 00:00:00,completed,email,credit_card
7732,5420,2024-06-08 00:00:00,completed,direct,paypal
7733,5234,2025-06-10 20:44:57,completed,organic_search,credit_card
7734,4855,2025-08-22 00:00:00,completed,organic_search,debit_card
7735,886,2025-12-06 00:00:00,completed,referral,bank_transfer
7736,8579,2024-10-13 00:00:00,completed,organic_search,credit_card
7737,5455,2025-12-13 01:00:30,completed,direct,debit_card
7738,2485,2024-03-21 00:00:00,completed,organic_search,credit_card
7739,6375,2025-05-26 00:00:00,completed,direct,credit_card
7740,2951,2024-03-15 00:00:00,completed,paid_search,bank_transfer
7741,4679,2025-11-22 00:00:00,completed,paid_search,debit_card
7742,3152,2025-04-05 05:32:34,completed,social_media,bank_transfer
7743,8140,2025-12-07 00:00:00,completed,organic_search,debit_card
7744,-1,2025-10-25 00:00:00,completed,paid_search,credit_card
7745,1531,2024-06-17 00:00:00,completed,direct,credit_card
7746,239,2024-02-22 00:00:00,completed,referral,debit_card
7747,2061,2025-11-15 00:00:00,completed,email,debit_card
7748,5428,2024-08-11 00:00:00,completed,paid_search,debit_card
7749,1649,2024-05-27 11:12:22,completed,referral,paypal
7750,7507,2025-02-15 00:00:00,completed,organic_search,credit_card
7751,3761,2025-05-23 00:00:00,completed,direct,credit_card
7752,5630,2024-02-12 13:52:29,completed,email,credit_card
7753,4204,2024-10-10 00:00:00,completed,organic_search,bank_transfer
7754,8359,2024-02-14 00:00:00,completed,paid_search,bank_transfer
7755,351,2025-02-01 00:00:00,completed,organic_search,credit_card
7756,6739,2025-11-22 00:00:00,cancelled,organic_search,paypal
7757,6036,2025-12-25 00:00:00,completed,organic_search,credit_card
7758,6006,2025-06-19 00:00:00,completed,social_media,debit_card
7759,3811,2024-06-29 00:00:00,returned,social_media,debit_card
7760,160,2025-11-26 00:00:00,completed,social_media,debit_card
7761,6392,2025-03-26 00:00:00,completed,paid_search,bank_transfer
7762,7672,2024-06-21 07:31:35,completed,paid_search,paypal
7763,828,2025-03-12 00:00:00,completed,organic_search,debit_card
7764,4068,2025-09-10 00:00:00,cancelled,organic_search,paypal
7765,1545,2025-08-24 00:00:00,cancelled,email,credit_card
7766,5633,2025-09-08 00:00:00,completed,social_media,debit_card
7767,7264,2024-08-06 00:00:00,completed,paid_search,debit_card
7768,6168,2024-08-16 00:00:00,completed,email,debit_card
7769,2953,2025-07-25 00:00:00,completed,paid_search,paypal
7770,1345,2024-08-24 19:45:20,cancelled,direct,bank_transfer
7771,7356,2025-01-19 00:00:00,cancelled,paid_search,credit_card
7772,3001,2025-09-25 00:00:00,completed,social_media,paypal
7773,225,2025-09-27 00:00:00,completed,email,debit_card
7774,5284,2025-02-02 00:00:00,completed,organic_search,credit_card
7775,2319,2025-10-02 00:00:00,completed,referral,bank_transfer
7776,7778,2025-10-29 00:00:00,completed,social_media,paypal
7777,1373,2025-01-07 00:00:00,completed,social_media,bank_transfer
7778,4011,2024-01-09 00:00:00,completed,email,bank_transfer
7779,2379,2024-10-10 00:00:00,completed,social_media,credit_card
7780,6396,2024-11-08 00:00:00,completed,referral,paypal
7781,5059,2024-05-15 14:12:35,completed,paid_search,credit_card
7782,7323,2024-10-09 00:00:00,completed,referral,bank_transfer
7783,4230,2024-08-14 00:00:00,completed,organic_search,credit_card
7784,49,2025-04-02 00:00:00,completed,organic_search,paypal
7785,2032,2025-11-28 00:00:00,completed,referral,credit_card
7786,-1,2024-03-05 00:00:00,completed,organic_search,debit_card
7787,3727,2025-08-16 00:00:00,completed,paid_search,paypal
7788,5715,2025-07-25 00:00:00,completed,organic_search,debit_card
7789,8373,2024-04-24 00:00:00,cancelled,social_media,paypal
7790,209,2025-12-03 00:00:00,completed,paid_search,debit_card
7791,6110,2025-05-02 05:49:54,completed,referral,credit_card
7792,2702,2024-05-12 00:00:00,completed,social_media,bank_transfer
7793,2623,2025-09-09 00:00:00,completed,direct,debit_card
7794,2115,2024-09-26 00:00:00,completed,organic_search,credit_card
7795,7612,2025-07-29 00:00:00,returned,email,bank_transfer
7796,3437,2024-02-23 13:09:37,cancelled,organic_search,paypal
7797,656,2025-10-29 00:00:00,completed,direct,credit_card
7798,950,2025-01-28 00:00:00,completed,paid_search,debit_card
7799,1423,2025-06-19 00:00:00,completed,paid_search,bank_transfer
7800,8320,2024-08-25 00:00:00,cancelled,social_media,paypal
7801,3946,2025-07-17 01:13:53,cancelled,direct,bank_transfer
7802,8473,2025-09-19 00:00:00,completed,direct,bank_transfer
7803,7572,2025-02-20 00:00:00,cancelled,paid_search,paypal
7804,7748,2025-06-05 08:37:43,completed,paid_search,paypal
7805,2689,2025-05-02 00:00:00,completed,organic_search,credit_card
7806,2544,2025-11-22 00:00:00,completed,email,bank_transfer
7807,5173,2025-03-12 00:00:00,completed,direct,paypal
7808,3854,2025-10-31 00:00:00,completed,referral,paypal
7809,4712,2025-10-07 00:00:00,completed,paid_search,paypal
7810,521,2024-12-28 00:00:00,returned,direct,paypal
7811,8962,2024-02-09 00:00:00,completed,direct,debit_card
7812,575,2024-12-26 00:00:00,completed,referral,debit_card
7813,1692,2025-10-22 00:00:00,completed,referral,debit_card
7814,6273,2024-08-31 00:00:00,completed,paid_search,bank_transfer
7815,1496,2025-04-01 00:00:00,completed,organic_search,debit_card
7816,1046,2025-10-10 00:00:00,completed,referral,bank_transfer
7817,1480,2024-11-30 00:00:00,completed,email,paypal
7818,601,2025-06-22 00:00:00,completed,direct,debit_card
7819,2363,2024-09-16 06:29:09,completed,direct,debit_card
7820,2542,2024-08-05 00:00:00,completed,email,paypal
7821,4605,2025-10-03 22:36:02,completed,email,bank_transfer
7822,4041,2024-04-27 00:00:00,returned,social_media,paypal
7823,4378,2024-07-10 00:00:00,completed,email,bank_transfer
7824,5677,2025-05-11 00:00:00,returned,paid_search,credit_card
7825,2172,2024-11-25 00:00:00,completed,email,paypal
7826,1305,2025-12-22 03:45:36,cancelled,paid_search,debit_card
7827,8129,2025-12-24 00:00:00,completed,direct,bank_transfer
7828,5846,2024-10-05 00:00:00,completed,social_media,credit_card
7829,597,2024-02-25 00:00:00,completed,paid_search,bank_transfer
7830,8866,2025-06-08 00:00:00,completed,email,paypal
7831,6423,2025-01-31 00:00:00,completed,social_media,paypal
7832,1458,2024-04-29 00:00:00,completed,paid_search,bank_transfer
7833,8945,2025-08-08 00:00:00,completed,organic_search,credit_card
7834,3365,2024-02-12 00:00:00,completed,direct,debit_card
7835,-1,2025-11-12 00:00:00,completed,referral,credit_card
7836,1017,2024-06-06 00:00:00,completed,social_media,debit_card
7837,1517,2024-05-25 00:00:00,completed,referral,credit_card
7838,6089,2024-07-13 00:00:00,completed,referral,debit_card
7839,225,2025-12-17 00:00:00,completed,organic_search,bank_transfer
7840,190,2025-07-29 00:00:00,completed,direct,credit_card
7841,7333,2025-10-07 09:57:40,completed,email,credit_card
7842,1588,2024-12-21 00:00:00,completed,paid_search,bank_transfer
7843,8501,2024-11-20 00:00:00,completed,email,bank_transfer
7844,3928,2024-09-06 00:00:00,cancelled,referral,bank_transfer
7845,8082,2025-02-26 00:00:00,completed,email,debit_card
7846,3852,2025-04-20 00:00:00,cancelled,paid_search,debit_card
7847,4904,2025-06-15 00:00:00,completed,email,paypal
7848,2935,2024-09-26 00:00:00,completed,paid_search,debit_card
7849,6097,2025-12-13 00:00:00,completed,referral,paypal
7850,2954,2024-07-07 00:00:00,completed,social_media,paypal
7851,2097,2025-12-19 00:00:00,completed,referral,paypal
7852,787,2024-01-21 00:00:00,completed,referral,credit_card
7853,569,2025-02-26 00:00:00,completed,social_media,paypal
7854,2858,2024-11-18 00:00:00,completed,organic_search,bank_transfer
7855,6811,2025-01-29 00:00:00,completed,organic_search,bank_transfer
7856,1942,2025-03-05 00:00:00,completed,organic_search,paypal
7857,2791,2025-01-17 00:00:00,completed,social_media,credit_card
7858,8376,2024-12-30 00:00:00,completed,organic_search,paypal
7859,5893,2025-08-25 00:00:00,completed,direct,bank_transfer
7860,8510,2025-07-24 00:00:00,completed,referral,credit_card
7861,8443,2025-10-26 00:00:00,completed,referral,credit_card
7862,615,2024-09-20 00:00:00,completed,direct,paypal
7863,8814,2025-05-30 00:00:00,completed,referral,bank_transfer
7864,499,2025-05-14 19:50:42,completed,direct,debit_card
7865,8565,2024-12-08 00:00:00,completed,direct,paypal
7866,5047,2025-03-02 00:00:00,completed,paid_search,credit_card
7867,4925,2024-07-11 00:00:00,returned,organic_search,debit_card
7868,6584,2024-09-06 00:00:00,completed,email,credit_card
7869,8129,2024-08-18 00:00:00,completed,referral,debit_card
7870,5685,2024-04-05 00:00:00,completed,email,credit_card
7871,3925,2025-07-22 00:00:00,completed,email,debit_card
7872,1097,2025-06-07 00:00:00,completed,referral,credit_card
7873,7306,2025-12-13 00:00:00,completed,organic_search,bank_transfer
7874,1244,2025-08-23 00:00:00,completed,direct,debit_card
7875,6712,2024-09-03 00:00:00,completed,organic_search,bank_transfer
7876,4888,2025-11-17 00:00:00,completed,organic_search,bank_transfer
7877,3556,2025-09-11 00:00:00,completed,paid_search,debit_card
7878,5656,2025-01-24 00:00:00,cancelled,email,debit_card
7879,7130,2025-05-14 00:00:00,completed,referral,bank_transfer
7880,8679,2025-12-23 00:00:00,cancelled,direct,debit_card
7881,2493,2025-04-06 02:22:25,completed,email,bank_transfer
7882,8742,2025-11-26 00:00:00,completed,organic_search,debit_card
7883,8865,2024-11-04 00:00:00,completed,referral,debit_card
7884,7530,2024-07-28 00:00:00,completed,social_media,bank_transfer
7885,8152,2025-01-21 00:00:00,completed,direct,bank_transfer
7886,6419,2025-05-13 00:00:00,completed,organic_search,debit_card
7887,386,2025-10-16 00:00:00,completed,social_media,paypal
7888,5317,2025-12-27 22:44:42,completed,paid_search,debit_card
7889,6907,2024-12-17 11:19:07,completed,paid_search,debit_card
7890,8686,2024-04-03 00:00:00,completed,direct,credit_card
7891,5274,2025-10-07 02:38:11,completed,social_media,credit_card
7892,7356,2025-05-27 00:00:00,returned,organic_search,debit_card
7893,6520,2024-04-08 00:00:00,completed,organic_search,debit_card
7894,2639,2025-03-09 00:00:00,cancelled,email,bank_transfer
7895,1491,2025-08-31 00:00:00,cancelled,referral,debit_card
7896,6939,2025-09-18 16:03:02,completed,organic_search,debit_card
7897,2198,2025-03-13 00:00:00,completed,social_media,debit_card
7898,2301,2024-02-11 00:00:00,completed,email,debit_card
7899,5943,2025-12-22 10:01:49,completed,social_media,paypal
7900,7304,2025-07-08 00:00:00,completed,organic_search,bank_transfer
7901,5363,2024-12-27 00:00:00,completed,paid_search,credit_card
7902,8188,2024-10-15 00:00:00,returned,direct,debit_card
7903,1998,2025-08-24 00:00:00,completed,social_media,bank_transfer
7904,2372,2024-09-13 07:04:03,completed,referral,credit_card
7905,5870,2024-07-09 00:00:00,completed,organic_search,paypal
7906,7671,2025-04-05 00:00:00,cancelled,paid_search,bank_transfer
7907,4981,2024-10-22 00:00:00,completed,email,credit_card
7908,103,2025-06-13 21:34:09,completed,email,debit_card
7909,6260,2024-05-16 00:00:00,completed,social_media,paypal
7910,7529,2025-01-07 00:00:00,completed,social_media,debit_card
7911,2598,2024-10-17 12:50:05,completed,email,debit_card
7912,530,2024-01-01 00:00:00,completed,referral,credit_card
7913,4799,2024-05-25 00:00:00,completed,social_media,debit_card
7914,416,2025-12-07 00:00:00,completed,direct,credit_card
7915,3832,2025-10-11 00:00:00,completed,paid_search,paypal
7916,180,2024-09-06 01:43:15,completed,direct,debit_card
7917,2116,2025-09-23 00:00:00,completed,referral,debit_card
7918,3582,2025-05-30 00:00:00,completed,email,credit_card
7919,1095,2025-12-21 00:00:00,returned,referral,credit_card
7920,1122,2024-12-09 00:00:00,cancelled,social_media,paypal
7921,7648,2025-07-20 00:00:00,completed,social_media,paypal
7922,409,2024-03-22 00:00:00,completed,organic_search,paypal
7923,6390,2024-12-21 00:00:00,completed,organic_search,debit_card
7924,7540,2025-12-18 00:00:00,completed,direct,bank_transfer
7925,1267,2025-11-04 00:00:00,cancelled,direct,credit_card
7926,1858,2024-10-21 00:00:00,completed,referral,bank_transfer
7927,5918,2024-05-19 00:00:00,completed,referral,bank_transfer
7928,2926,2025-08-05 20:06:04,completed,paid_search,credit_card
7929,4399,2025-06-24 00:00:00,completed,social_media,credit_card
7930,7734,2024-12-10 00:00:00,completed,social_media,credit_card
7931,1329,2025-12-14 09:12:04,completed,organic_search,credit_card
7932,5711,2024-02-01 00:00:00,cancelled,email,bank_transfer
7933,8693,2024-11-02 00:00:00,completed,social_media,credit_card
7934,567,2025-12-02 00:00:00,completed,referral,credit_card
7935,589,2024-11-11 00:00:00,completed,direct,debit_card
7936,5119,2024-09-22 00:00:00,completed,referral,credit_card
7937,8857,2025-04-08 00:00:00,completed,referral,credit_card
7938,2071,2025-10-20 00:00:00,completed,referral,bank_transfer
7939,3062,2024-02-05 00:00:00,completed,email,credit_card
7940,970,2025-11-12 00:00:00,completed,paid_search,debit_card
7941,3341,2025-10-03 00:00:00,completed,paid_search,debit_card
7942,429,2024-07-18 14:50:45,completed,social_media,credit_card
7943,3584,2025-11-08 00:00:00,completed,paid_search,debit_card
7944,5129,2024-12-15 00:00:00,completed,direct,paypal
7945,8992,2024-12-24 00:00:00,completed,referral,paypal
7946,7580,2025-09-26 13:36:08,completed,organic_search,paypal
7947,7607,2025-12-18 00:00:00,completed,organic_search,credit_card
7948,2149,2024-05-25 00:00:00,completed,referral,bank_transfer
7949,851,2025-01-03 00:00:00,returned,email,credit_card
7950,5558,2025-02-26 00:00:00,completed,paid_search,paypal
7951,4823,2024-11-12 00:00:00,completed,organic_search,credit_card
7952,4782,2024-04-12 00:00:00,completed,organic_search,bank_transfer
7953,1063,2024-03-09 00:00:00,completed,organic_search,debit_card
7954,4563,2025-07-23 00:00:00,completed,organic_search,credit_card
7955,1444,2025-01-17 00:00:00,completed,referral,bank_transfer
7956,3897,2024-01-08 00:00:00,completed,social_media,paypal
7957,604,2025-10-16 00:00:00,completed,organic_search,credit_card
7958,7926,2025-10-08 00:00:00,completed,email,bank_transfer
7959,134,2025-03-03 00:00:00,completed,referral,debit_card
7960,8666,2024-10-29 00:00:00,completed,email,bank_transfer
7961,7982,2025-06-20 00:00:00,completed,social_media,paypal
7962,6956,2024-10-21 00:00:00,completed,direct,bank_transfer
7963,-1,2024-09-08 04:46:37,completed,social_media,credit_card
7964,526,2025-08-23 00:00:00,completed,organic_search,debit_card
7965,5919,2024-02-24 00:00:00,returned,referral,paypal
7966,7850,2024-04-23 00:00:00,cancelled,organic_search,bank_transfer
7967,1225,2024-10-01 00:00:00,cancelled,email,bank_transfer
7968,5373,2024-06-20 00:00:00,completed,paid_search,bank_transfer
7969,3624,2024-03-28 01:49:22,completed,social_media,paypal
7970,4020,2025-12-30 20:09:09,cancelled,email,debit_card
7971,8453,2024-10-21 00:00:00,completed,paid_search,credit_card
7972,4976,2024-06-16 00:00:00,completed,email,credit_card
7973,912,2024-12-09 00:00:00,completed,direct,paypal
7974,8647,2025-08-12 00:00:00,completed,direct,credit_card
7975,1756,2025-03-29 23:02:49,completed,email,bank_transfer
7976,8255,2024-05-12 00:00:00,completed,direct,credit_card
7977,8958,2025-11-13 00:00:00,completed,direct,bank_transfer
7978,8119,2024-12-20 00:00:00,completed,organic_search,paypal
7979,6262,2024-11-19 00:00:00,cancelled,email,paypal
7980,6879,2024-08-12 19:38:11,completed,paid_search,credit_card
7981,6479,2024-12-12 00:00:00,completed,referral,debit_card
7982,4250,2024-09-11 00:00:00,completed,referral,credit_card
7983,2576,2025-07-18 00:00:00,completed,direct,paypal
7984,2676,2024-10-22 00:00:00,completed,organic_search,credit_card
7985,6756,2025-08-05 00:00:00,completed,referral,paypal
7986,5771,2024-03-24 00:00:00,completed,email,paypal
7987,5374,2024-07-28 00:00:00,completed,paid_search,debit_card
7988,6040,2024-12-26 00:00:00,completed,social_media,paypal
7989,7156,2025-12-08 00:00:00,completed,social_media,credit_card
7990,6917,2024-11-12 00:00:00,returned,social_media,credit_card
7991,1029,2025-08-07 00:00:00,completed,direct,bank_transfer
7992,3347,2024-09-24 00:00:00,returned,email,credit_card
7993,2485,2024-05-25 00:00:00,returned,paid_search,debit_card
7994,4971,2024-03-16 06:59:14,cancelled,referral,paypal
7995,601,2024-03-11 00:00:00,completed,organic_search,debit_card
7996,7045,2024-06-25 17:03:07,completed,social_media,debit_card
7997,1041,2024-07-11 11:19:15,completed,referral,paypal
7998,2544,2025-09-12 00:00:00,completed,direct,bank_transfer
7999,7233,2024-01-23 00:00:00,completed,paid_search,debit_card
8000,503,2025-04-25 00:00:00,completed,organic_search,debit_card
8001,6117,2024-12-12 00:00:00,completed,email,credit_card
8002,8553,2025-03-18 00:00:00,completed,organic_search,debit_card
8003,5692,2025-04-28 22:24:52,completed,social_media,bank_transfer
8004,6580,2024-07-11 00:00:00,completed,direct,debit_card
8005,7334,2024-10-26 00:00:00,completed,referral,debit_card
8006,2090,2025-08-25 00:00:00,completed,organic_search,paypal
8007,5356,2025-12-11 00:00:00,cancelled,organic_search,debit_card
8008,2890,2024-07-29 00:00:00,completed,email,credit_card
8009,2344,2024-04-26 00:00:00,completed,paid_search,credit_card
8010,1826,2025-11-23 00:00:00,completed,direct,bank_transfer
8011,5381,2024-11-27 00:00:00,completed,paid_search,bank_transfer
8012,7358,2025-04-20 22:10:01,completed,direct,debit_card
8013,8100,2024-12-02 00:00:00,completed,social_media,paypal
8014,-1,2024-05-24 00:00:00,completed,referral,credit_card
8015,3436,2025-05-17 00:00:00,completed,organic_search,debit_card
8016,6374,2025-01-04 00:00:00,completed,email,credit_card
8017,7209,2024-08-08 00:00:00,completed,social_media,bank_transfer
8018,2380,2025-02-01 00:00:00,completed,referral,debit_card
8019,2772,2025-10-04 14:35:46,completed,paid_search,bank_transfer
8020,4927,2025-05-17 00:00:00,completed,email,debit_card
8021,4098,2024-04-25 00:00:00,completed,referral,credit_card
8022,6528,2025-04-18 04:25:07,completed,referral,bank_transfer
8023,4665,2025-04-08 00:00:00,completed,social_media,debit_card
8024,1094,2025-10-02 10:32:04,completed,paid_search,bank_transfer
8025,1575,2025-06-13 00:00:00,completed,referral,debit_card
8026,8347,2024-06-20 00:00:00,completed,organic_search,debit_card
8027,2143,2025-08-10 00:00:00,completed,paid_search,bank_transfer
8028,488,2025-07-18 00:00:00,completed,email,debit_card
8029,6759,2024-02-03 00:00:00,completed,email,paypal
8030,6340,2024-12-28 00:00:00,completed,referral,paypal
8031,5533,2024-11-18 00:00:00,completed,referral,debit_card
8032,4644,2025-07-12 00:00:00,completed,referral,paypal
8033,8951,2024-08-21 00:00:00,completed,referral,credit_card
8034,1170,2025-05-17 00:00:00,completed,email,debit_card
8035,4723,2025-11-29 00:00:00,completed,paid_search,paypal
8036,5213,2025-10-05 00:00:00,completed,email,paypal
8037,228,2025-03-12 00:00:00,completed,social_media,debit_card
8038,3790,2025-12-24 00:00:00,completed,referral,debit_card
8039,7233,2024-01-16 00:00:00,completed,email,credit_card
8040,4354,2025-06-09 00:00:00,returned,social_media,debit_card
8041,8095,2024-12-29 00:00:00,completed,referral,credit_card
8042,5952,2025-07-11 00:00:00,cancelled,paid_search,debit_card
8043,7072,2024-09-21 00:00:00,completed,organic_search,credit_card
8044,7461,2025-12-25 15:27:54,completed,direct,paypal
8045,6394,2025-06-02 18:56:49,completed,referral,paypal
8046,6924,2025-10-02 00:00:00,returned,organic_search,credit_card
8047,6440,2024-04-14 00:00:00,completed,organic_search,debit_card
8048,5076,2024-07-20 00:00:00,returned,paid_search,bank_transfer
8049,5232,2025-10-09 00:00:00,completed,referral,paypal
8050,1803,2024-01-31 00:00:00,completed,social_media,debit_card
8051,7651,2025-10-16 00:00:00,completed,social_media,credit_card
8052,2894,2024-01-20 00:00:00,completed,social_media,paypal
8053,4945,2025-03-07 00:00:00,cancelled,paid_search,paypal
8054,2344,2024-12-05 00:00:00,completed,paid_search,bank_transfer
8055,6441,2025-06-01 00:00:00,completed,referral,paypal
8056,8995,2025-07-31 00:00:00,completed,paid_search,paypal
8057,7434,2024-11-23 00:43:59,completed,direct,debit_card
8058,5707,2024-05-06 00:00:00,completed,social_media,credit_card
8059,5243,2024-03-28 00:00:00,completed,direct,bank_transfer
8060,4522,2025-05-16 00:00:00,completed,organic_search,debit_card
8061,1937,2025-03-29 00:00:00,completed,paid_search,bank_transfer
8062,3209,2025-08-31 00:00:00,completed,referral,debit_card
8063,3738,2025-03-21 00:00:00,completed,referral,bank_transfer
8064,8718,2025-04-01 00:00:00,cancelled,social_media,paypal
8065,3926,2024-12-22 18:19:01,completed,paid_search,debit_card
8066,5391,2024-06-02 00:00:00,completed,email,debit_card
8067,8534,2024-11-19 04:15:45,completed,organic_search,debit_card
8068,4800,2025-12-23 00:00:00,completed,social_media,debit_card
8069,2365,2025-11-13 00:00:00,completed,email,credit_card
8070,3515,2024-11-16 00:00:00,completed,direct,credit_card
8071,3465,2025-05-15 00:00:00,completed,social_media,bank_transfer
8072,6594,2025-11-02 05:30:57,completed,referral,bank_transfer
8073,2761,2025-01-22 00:00:00,completed,paid_search,bank_transfer
8074,6748,2024-01-26 00:00:00,completed,referral,debit_card
8075,8224,2024-03-04 00:00:00,completed,email,paypal
8076,3103,2025-03-21 11:29:57,completed,direct,debit_card
8077,1312,2025-12-20 10:35:59,completed,social_media,debit_card
8078,5887,2025-07-29 00:00:00,completed,organic_search,debit_card
8079,3326,2024-03-30 00:00:00,completed,paid_search,credit_card
8080,4934,2024-07-26 00:00:00,returned,paid_search,bank_transfer
8081,5849,2025-09-19 00:00:00,completed,direct,credit_card
8082,3753,2025-10-30 18:00:53,completed,referral,bank_transfer
8083,8556,2025-05-06 00:00:00,completed,paid_search,debit_card
8084,-1,2025-06-24 00:00:00,completed,social_media,bank_transfer
8085,2871,2024-09-02 00:00:00,completed,social_media,bank_transfer
8086,8194,2025-10-23 00:00:00,completed,email,credit_card
8087,1321,2025-09-29 00:00:00,completed,paid_search,paypal
8088,1204,2024-09-27 00:00:00,completed,paid_search,paypal
8089,8633,2025-09-08 00:00:00,completed,email,bank_transfer
8090,1973,2024-08-19 00:00:00,completed,social_media,debit_card
8091,1423,2024-02-24 11:25:48,completed,paid_search,credit_card
8092,4940,2024-08-07 01:58:23,completed,referral,bank_transfer
8093,457,2024-07-16 00:00:00,cancelled,paid_search,bank_transfer
8094,5713,2024-11-21 00:00:00,completed,referral,paypal
8095,4179,2024-12-31 00:00:00,completed,referral,paypal
8096,5907,2025-03-20 00:00:00,completed,social_media,credit_card
8097,2668,2025-02-23 00:00:00,completed,social_media,bank_transfer
8098,8379,2024-10-07 00:00:00,completed,social_media,paypal
8099,2541,2024-10-02 00:00:00,completed,organic_search,credit_card
8100,5877,2025-05-27 00:00:00,completed,social_media,paypal
8101,8723,2024-12-21 23:35:42,cancelled,referral,debit_card
8102,3687,2024-10-29 00:00:00,completed,organic_search,credit_card
8103,1535,2025-11-10 19:04:42,completed,paid_search,bank_transfer
8104,669,2025-03-09 00:00:00,completed,referral,debit_card
8105,8886,2025-11-07 00:00:00,completed,social_media,paypal
8106,7052,2025-09-03 00:00:00,completed,organic_search,paypal
8107,8503,2024-05-29 00:00:00,completed,social_media,debit_card
8108,6469,2025-07-31 00:00:00,completed,paid_search,debit_card
8109,3162,2024-08-11 00:00:00,cancelled,paid_search,paypal
8110,1195,2025-01-22 00:00:00,completed,paid_search,bank_transfer
8111,8594,2024-03-23 00:00:00,completed,social_media,bank_transfer
8112,4521,2025-10-21 00:00:00,completed,email,paypal
8113,3643,2024-05-24 19:02:22,completed,organic_search,credit_card
8114,5344,2025-11-25 00:00:00,completed,social_media,credit_card
8115,1041,2025-09-11 00:00:00,completed,organic_search,debit_card
8116,2890,2025-12-02 00:00:00,cancelled,social_media,credit_card
8117,5882,2025-09-02 00:00:00,completed,direct,bank_transfer
8118,985,2025-06-06 00:00:00,completed,direct,credit_card
8119,1311,2025-10-08 00:00:00,completed,paid_search,bank_transfer
8120,-1,2025-01-13 04:53:22,completed,direct,bank_transfer
8121,5744,2025-09-28 00:00:00,completed,referral,bank_transfer
8122,1776,2025-10-02 00:00:00,completed,email,credit_card
8123,328,2025-12-10 00:00:00,completed,email,credit_card
8124,8846,2025-03-03 00:00:00,completed,email,paypal
8125,278,2025-02-10 09:08:25,cancelled,social_media,debit_card
8126,21,2025-09-27 00:00:00,returned,referral,paypal
8127,3000,2025-10-19 00:00:00,completed,email,debit_card
8128,2091,2025-04-22 03:43:01,completed,referral,credit_card
8129,5305,2024-07-17 00:00:00,completed,paid_search,debit_card
8130,8268,2025-02-15 00:00:00,completed,organic_search,debit_card
8131,4448,2025-12-20 00:00:00,completed,direct,credit_card
8132,7139,2025-09-07 00:00:00,completed,referral,paypal
8133,8421,2025-10-13 00:00:00,returned,paid_search,credit_card
8134,1797,2024-02-14 00:00:00,completed,organic_search,debit_card
8135,4511,2025-02-15 00:00:00,completed,referral,paypal
8136,5925,2025-06-26 05:30:06,completed,paid_search,credit_card
8137,3072,2025-10-24 00:00:00,completed,direct,debit_card
8138,6838,2024-06-03 00:00:00,returned,social_media,credit_card
8139,6523,2025-11-04 00:00:00,completed,referral,paypal
8140,3887,2025-04-18 00:00:00,completed,referral,bank_transfer
8141,860,2024-08-03 08:04:08,completed,email,paypal
8142,116,2024-11-09 21:16:36,completed,referral,credit_card
8143,3403,2024-10-16 00:00:00,completed,social_media,credit_card
8144,800,2025-04-05 00:00:00,completed,social_media,paypal
8145,7222,2024-08-03 00:00:00,completed,paid_search,credit_card
8146,3095,2024-06-25 10:36:37,completed,social_media,credit_card
8147,6166,2025-10-14 00:00:00,completed,social_media,debit_card
8148,3198,2024-05-31 00:00:00,completed,direct,paypal
8149,7373,2024-09-05 19:25:12,completed,referral,bank_transfer
8150,8215,2025-02-02 00:00:00,completed,organic_search,bank_transfer
8151,7745,2025-03-26 00:00:00,completed,referral,paypal
8152,4471,2025-09-14 00:00:00,cancelled,direct,credit_card
8153,822,2025-01-27 00:00:00,cancelled,email,paypal
8154,3425,2025-09-30 00:00:00,completed,referral,bank_transfer
8155,3918,2025-06-06 00:00:00,completed,paid_search,credit_card
8156,8858,2024-05-12 00:00:00,completed,email,paypal
8157,5223,2024-06-23 00:00:00,completed,referral,debit_card
8158,5911,2025-01-18 15:10:12,completed,social_media,paypal
8159,7226,2024-12-21 00:00:00,completed,paid_search,debit_card
8160,5251,2025-01-09 00:00:00,completed,social_media,bank_transfer
8161,5519,2025-10-05 00:00:00,completed,referral,credit_card
8162,2308,2024-12-17 00:00:00,returned,organic_search,credit_card
8163,581,2024-07-08 00:00:00,completed,referral,paypal
8164,6660,2024-08-31 00:00:00,completed,organic_search,debit_card
8165,7845,2025-05-07 00:00:00,completed,social_media,paypal
8166,3790,2025-01-05 00:00:00,completed,paid_search,debit_card
8167,5063,2025-03-25 00:00:00,completed,email,paypal
8168,2871,2024-07-08 00:00:00,completed,email,bank_transfer
8169,4157,2025-07-07 00:00:00,completed,direct,credit_card
8170,1972,2025-11-04 00:00:00,completed,email,debit_card
8171,7017,2024-09-26 00:00:00,completed,referral,debit_card
8172,4545,2025-03-07 00:00:00,returned,paid_search,debit_card
8173,5050,2025-12-22 00:00:00,completed,referral,bank_transfer
8174,367,2024-11-18 00:00:00,completed,email,debit_card
8175,5734,2025-05-20 00:00:00,completed,direct,debit_card
8176,1922,2024-04-19 00:00:00,completed,organic_search,credit_card
8177,3540,2025-05-28 00:00:00,completed,direct,paypal
8178,3797,2024-04-18 08:10:03,completed,referral,bank_transfer
8179,4148,2025-12-17 00:00:00,completed,email,bank_transfer
8180,2143,2025-08-13 00:00:00,completed,social_media,debit_card
8181,7859,2025-09-29 00:00:00,returned,referral,bank_transfer
8182,3948,2025-08-05 00:00:00,completed,email,debit_card
8183,5644,2025-05-17 00:00:00,completed,direct,credit_card
8184,5663,2025-01-30 00:00:00,completed,direct,bank_transfer
8185,5595,2025-11-07 00:00:00,completed,direct,paypal
8186,5167,2025-12-16 21:19:19,completed,organic_search,bank_transfer
8187,7611,2025-03-12 00:00:00,completed,direct,debit_card
8188,7521,2025-06-12 00:00:00,completed,paid_search,bank_transfer
8189,3843,2025-12-05 00:00:00,cancelled,direct,debit_card
8190,5859,2025-11-04 00:00:00,completed,organic_search,bank_transfer
8191,1012,2025-03-02 00:00:00,returned,paid_search,paypal
8192,889,2024-08-14 00:00:00,completed,direct,bank_transfer
8193,4434,2024-01-06 00:00:00,completed,organic_search,debit_card
8194,8333,2024-09-12 00:00:00,completed,social_media,credit_card
8195,6011,2025-03-21 00:00:00,completed,direct,bank_transfer
8196,6191,2024-12-13 00:00:00,completed,organic_search,credit_card
8197,1496,2025-01-29 11:39:21,cancelled,paid_search,credit_card
8198,4181,2025-12-24 15:41:41,completed,referral,paypal
8199,3687,2024-11-28 16:21:54,completed,social_media,paypal
8200,7235,2025-02-01 10:06:37,completed,referral,bank_transfer
8201,1328,2024-01-06 00:00:00,completed,direct,bank_transfer
8202,4979,2024-03-04 00:00:00,completed,social_media,bank_transfer
8203,8444,2025-09-21 00:00:00,completed,paid_search,bank_transfer
8204,8253,2025-03-05 00:00:00,completed,direct,debit_card
8205,7879,2025-09-12 00:00:00,completed,social_media,paypal
8206,3458,2024-06-17 02:35:34,cancelled,organic_search,credit_card
8207,8679,2025-04-05 00:00:00,completed,direct,credit_card
8208,7466,2024-09-23 00:00:00,completed,email,bank_transfer
8209,7869,2024-09-01 00:00:00,completed,social_media,paypal
8210,8611,2024-01-17 00:00:00,completed,direct,debit_card
8211,8644,2024-05-28 00:00:00,completed,referral,paypal
8212,2257,2024-11-05 00:00:00,completed,social_media,bank_transfer
8213,1238,2024-05-15 00:00:00,completed,referral,bank_transfer
8214,6411,2025-12-26 00:00:00,completed,direct,bank_transfer
8215,5202,2024-04-11 00:00:00,completed,referral,credit_card
8216,3024,2024-05-28 00:00:00,completed,paid_search,bank_transfer
8217,6345,2024-05-08 00:00:00,returned,direct,paypal
8218,601,2025-05-15 00:00:00,completed,email,paypal
8219,461,2024-03-22 00:00:00,completed,direct,paypal
8220,-1,2025-11-08 00:00:00,completed,direct,bank_transfer
8221,1843,2025-12-17 00:00:00,cancelled,direct,debit_card
8222,6635,2024-09-17 00:00:00,completed,social_media,debit_card
8223,8750,2025-01-30 00:00:00,completed,organic_search,credit_card
8224,6129,2024-01-31 00:00:00,completed,email,paypal
8225,6061,2025-06-21 03:19:50,completed,direct,debit_card
8226,63,2024-12-29 00:00:00,completed,organic_search,debit_card
8227,4739,2024-10-06 00:00:00,completed,email,debit_card
8228,7568,2024-08-12 00:00:00,completed,social_media,paypal
8229,6055,2025-07-01 00:00:00,cancelled,referral,credit_card
8230,2147,2024-12-30 00:00:00,completed,paid_search,credit_card
8231,7844,2024-07-17 00:00:00,completed,direct,bank_transfer
8232,8898,2025-07-26 00:00:00,completed,referral,debit_card
8233,2620,2025-04-30 00:00:00,completed,organic_search,debit_card
8234,-1,2025-11-07 14:56:37,cancelled,social_media,debit_card
8235,3126,2024-05-16 00:00:00,cancelled,direct,bank_transfer
8236,614,2025-09-28 00:00:00,completed,organic_search,debit_card
8237,8079,2025-07-15 00:00:00,completed,referral,debit_card
8238,8594,2024-05-13 00:00:00,completed,email,paypal
8239,5839,2025-07-30 00:00:00,completed,paid_search,debit_card
8240,7056,2025-01-22 00:00:00,completed,direct,paypal
8241,6187,2025-12-11 00:00:00,completed,referral,bank_transfer
8242,3480,2024-09-06 00:00:00,completed,referral,bank_transfer
8243,5827,2025-06-23 08:01:57,completed,social_media,credit_card
8244,7737,2024-12-14 23:14:10,completed,organic_search,bank_transfer
8245,7494,2025-12-16 00:00:00,completed,referral,bank_transfer
8246,787,2024-11-16 00:00:00,completed,email,paypal
8247,4270,2025-12-18 00:00:00,completed,direct,paypal
8248,3648,2025-11-25 23:17:37,completed,paid_search,paypal
8249,6951,2024-07-10 00:00:00,completed,organic_search,debit_card
8250,4634,2025-08-10 00:00:00,completed,direct,credit_card
8251,3228,2025-12-30 00:00:00,completed,organic_search,bank_transfer
8252,6534,2024-09-22 00:00:00,completed,paid_search,debit_card
8253,4377,2025-01-18 00:00:00,completed,paid_search,debit_card
8254,2414,2025-03-29 00:00:00,completed,paid_search,bank_transfer
8255,8232,2024-10-26 00:00:00,completed,direct,debit_card
8256,1110,2024-01-22 00:00:00,completed,referral,credit_card
8257,183,2024-08-24 12:27:37,completed,social_media,paypal
8258,1379,2024-10-16 00:00:00,completed,referral,bank_transfer
8259,1552,2025-01-24 00:00:00,completed,referral,paypal
8260,4970,2024-08-07 00:00:00,completed,paid_search,credit_card
8261,5761,2025-11-13 00:00:00,cancelled,direct,bank_transfer
8262,4147,2025-08-06 16:11:41,completed,referral,bank_transfer
8263,1930,2024-04-14 00:00:00,returned,organic_search,paypal
8264,1282,2025-06-28 00:00:00,completed,direct,bank_transfer
8265,4548,2025-07-01 00:00:00,completed,organic_search,bank_transfer
8266,5223,2025-12-15 02:34:12,completed,organic_search,credit_card
8267,2836,2024-05-01 00:00:00,completed,social_media,debit_card
8268,2071,2024-09-18 00:00:00,cancelled,social_media,paypal
8269,782,2025-05-12 00:00:00,cancelled,email,debit_card
8270,267,2025-12-07 00:00:00,completed,email,debit_card
8271,1033,2025-08-17 00:00:00,cancelled,direct,debit_card
8272,6863,2025-09-15 00:00:00,completed,paid_search,bank_transfer
8273,3179,2024-04-20 00:00:00,cancelled,social_media,bank_transfer
8274,278,2025-03-24 00:00:00,completed,paid_search,bank_transfer
8275,4705,2024-09-04 10:18:01,completed,social_media,credit_card
8276,4949,2024-07-18 00:00:00,completed,organic_search,paypal
8277,3955,2025-12-10 00:00:00,completed,referral,debit_card
8278,1084,2024-06-02 00:00:00,completed,referral,bank_transfer
8279,6978,2025-02-16 00:00:00,completed,organic_search,bank_transfer
8280,6390,2025-12-09 00:00:00,completed,paid_search,bank_transfer
8281,3633,2024-07-23 00:00:00,completed,organic_search,bank_transfer
8282,3514,2025-12-23 15:38:18,returned,email,paypal
8283,1496,2025-12-29 00:00:00,completed,organic_search,credit_card
8284,6965,2025-04-23 10:16:58,completed,paid_search,paypal
8285,5528,2024-07-07 14:38:06,completed,direct,paypal
8286,836,2024-11-09 00:00:00,completed,social_media,paypal
8287,3487,2025-01-06 00:00:00,cancelled,paid_search,paypal
8288,8362,2024-11-05 19:06:14,completed,organic_search,bank_transfer
8289,4176,2024-10-15 02:21:53,completed,direct,bank_transfer
8290,-1,2025-12-21 00:00:00,completed,email,paypal
8291,5943,2024-06-20 00:00:00,completed,social_media,paypal
8292,1922,2025-08-25 00:00:00,completed,social_media,bank_transfer
8293,4848,2024-01-01 18:38:24,completed,email,paypal
8294,6195,2025-05-21 00:00:00,completed,social_media,debit_card
8295,7906,2025-11-30 00:00:00,completed,paid_search,bank_transfer
8296,6420,2024-10-21 00:00:00,completed,email,paypal
8297,3549,2024-07-22 00:00:00,completed,organic_search,debit_card
8298,7089,2025-06-29 00:00:00,completed,social_media,debit_card
8299,8313,2025-11-08 00:00:00,completed,organic_search,credit_card
8300,4411,2025-07-25 00:00:00,completed,email,bank_transfer
8301,46,2024-11-10 22:40:19,completed,organic_search,debit_card
8302,8146,2024-09-22 20:24:31,completed,paid_search,credit_card
8303,1570,2025-12-15 08:20:29,completed,referral,credit_card
8304,1222,2025-12-03 00:00:00,completed,direct,debit_card
8305,2876,2025-02-06 00:00:00,completed,email,debit_card
8306,3507,2025-11-02 16:11:11,cancelled,social_media,bank_transfer
8307,7407,2025-01-02 00:00:00,completed,direct,bank_transfer
8308,3585,2025-01-06 00:00:00,completed,referral,bank_transfer
8309,480,2024-06-24 00:00:00,cancelled,paid_search,debit_card
8310,5859,2025-08-01 00:00:00,completed,direct,bank_transfer
8311,6212,2025-04-10 00:00:00,completed,organic_search,paypal
8312,7538,2024-02-01 00:00:00,completed,social_media,credit_card
8313,3663,2025-01-25 00:00:00,completed,organic_search,bank_transfer
8314,840,2025-09-25 00:00:00,completed,direct,debit_card
8315,5103,2025-07-20 00:00:00,completed,paid_search,credit_card
8316,1180,2025-06-18 00:00:00,completed,email,paypal
8317,175,2025-11-28 00:00:00,completed,social_media,bank_transfer
8318,7191,2024-01-26 00:00:00,completed,social_media,bank_transfer
8319,3707,2025-04-24 00:00:00,completed,referral,paypal
8320,4861,2025-09-28 00:49:46,completed,referral,credit_card
8321,6140,2025-04-13 14:42:14,completed,direct,debit_card
8322,3688,2024-11-13 00:00:00,cancelled,social_media,debit_card
8323,499,2024-06-03 00:00:00,completed,email,debit_card
8324,2375,2025-11-19 00:00:00,completed,organic_search,debit_card
8325,1847,2025-02-17 00:00:00,completed,paid_search,paypal
8326,-1,2025-11-15 00:00:00,completed,email,debit_card
8327,6837,2025-05-14 00:00:00,completed,social_media,paypal
8328,4170,2025-07-15 00:00:00,completed,paid_search,bank_transfer
8329,615,2025-09-10 00:00:00,completed,social_media,debit_card
8330,1134,2025-07-05 10:23:14,completed,social_media,credit_card
8331,7523,2024-12-22 00:00:00,completed,direct,paypal
8332,8726,2025-03-24 00:00:00,completed,social_media,debit_card
8333,312,2025-10-08 00:00:00,cancelled,email,credit_card
8334,8434,2024-10-12 00:00:00,cancelled,email,debit_card
8335,3511,2024-12-17 00:00:00,completed,social_media,debit_card
8336,2015,2024-04-24 00:00:00,returned,referral,bank_transfer
8337,1004,2025-11-30 10:33:28,completed,social_media,bank_transfer
8338,7122,2024-04-20 00:00:00,completed,direct,credit_card
8339,4329,2025-06-27 00:00:00,completed,organic_search,debit_card
8340,7704,2024-12-29 00:00:00,completed,referral,bank_transfer
8341,2129,2024-12-25 00:00:00,completed,paid_search,bank_transfer
8342,6277,2025-07-19 00:00:00,completed,social_media,debit_card
8343,1154,2024-03-25 00:00:00,completed,social_media,credit_card
8344,876,2025-05-19 00:00:00,completed,organic_search,debit_card
8345,1293,2025-09-19 00:00:00,completed,paid_search,credit_card
8346,7491,2025-10-23 00:00:00,completed,referral,bank_transfer
8347,6070,2024-07-07 00:00:00,completed,organic_search,debit_card
8348,1575,2025-11-23 00:40:05,returned,email,paypal
8349,3551,2025-02-07 00:00:00,completed,direct,bank_transfer
8350,7052,2025-11-16 00:00:00,completed,direct,bank_transfer
8351,2680,2025-03-02 00:00:00,completed,email,bank_transfer
8352,8523,2025-04-13 00:00:00,cancelled,direct,debit_card
8353,8466,2025-12-02 00:00:00,completed,email,debit_card
8354,5101,2025-11-24 00:00:00,returned,email,credit_card
8355,5827,2025-01-28 22:38:19,returned,referral,credit_card
8356,6046,2024-10-10 23:12:05,completed,email,bank_transfer
8357,2429,2024-12-19 17:22:27,cancelled,organic_search,credit_card
8358,3364,2024-12-16 00:00:00,completed,social_media,paypal
8359,1318,2024-10-20 00:00:00,completed,referral,paypal
8360,8556,2024-05-10 00:00:00,completed,direct,bank_transfer
8361,6686,2025-11-08 05:07:06,completed,referral,bank_transfer
8362,452,2024-03-29 00:00:00,completed,social_media,paypal
8363,5065,2025-07-18 00:00:00,completed,social_media,credit_card
8364,3168,2024-07-10 00:00:00,completed,paid_search,debit_card
8365,7550,2024-11-24 00:00:00,completed,social_media,bank_transfer
8366,3178,2024-03-19 00:00:00,completed,direct,debit_card
8367,5945,2024-06-10 00:00:00,completed,organic_search,bank_transfer
8368,1572,2025-09-17 00:00:00,completed,email,credit_card
8369,5160,2025-11-18 21:34:28,completed,referral,debit_card
8370,2747,2024-08-26 00:00:00,completed,organic_search,paypal
8371,1564,2025-02-11 00:00:00,completed,social_media,debit_card
8372,5707,2025-02-17 00:00:00,completed,email,credit_card
8373,5887,2025-11-13 00:00:00,returned,referral,paypal
8374,-1,2025-09-13 00:00:00,completed,organic_search,bank_transfer
8375,6190,2025-03-23 00:00:00,completed,social_media,bank_transfer
8376,4774,2025-07-13 14:44:22,completed,paid_search,bank_transfer
8377,8453,2025-02-11 00:00:00,completed,referral,credit_card
8378,7659,2024-01-14 00:00:00,completed,referral,credit_card
8379,5062,2024-12-24 00:00:00,completed,referral,paypal
8380,4730,2025-11-27 00:00:00,completed,social_media,bank_transfer
8381,8689,2025-08-30 00:00:00,completed,direct,bank_transfer
8382,5687,2025-04-14 00:00:00,returned,referral,debit_card
8383,6588,2025-04-05 00:00:00,completed,social_media,credit_card
8384,847,2024-11-26 00:00:00,completed,email,paypal
8385,6632,2025-03-29 00:00:00,completed,direct,paypal
8386,2493,2025-07-02 00:00:00,completed,paid_search,paypal
8387,1131,2024-12-31 00:00:00,completed,direct,credit_card
8388,7855,2025-08-12 00:00:00,completed,social_media,credit_card
8389,6414,2025-08-11 00:00:00,completed,referral,bank_transfer
8390,3753,2024-06-22 00:00:00,completed,organic_search,bank_transfer
8391,3984,2025-01-31 00:00:00,completed,organic_search,paypal
8392,1872,2024-12-26 00:00:00,cancelled,email,paypal
8393,95,2025-07-25 00:00:00,completed,paid_search,credit_card
8394,3223,2024-09-20 00:00:00,completed,referral,bank_transfer
8395,1423,2025-06-21 00:00:00,completed,direct,bank_transfer
8396,3894,2025-11-15 00:00:00,completed,referral,paypal
8397,7717,2024-12-31 00:00:00,completed,paid_search,paypal
8398,1125,2025-11-29 00:00:00,completed,email,bank_transfer
8399,900,2025-12-29 00:00:00,completed,referral,paypal
8400,8349,2024-05-05 00:00:00,completed,organic_search,paypal
8401,6886,2024-05-09 00:00:00,completed,email,paypal
8402,520,2025-12-13 09:16:10,completed,email,credit_card
8403,772,2025-12-16 00:00:00,completed,direct,debit_card
8404,6349,2024-04-26 00:00:00,completed,referral,bank_transfer
8405,3411,2024-01-22 00:17:47,completed,social_media,bank_transfer
8406,6690,2024-06-28 00:00:00,completed,organic_search,bank_transfer
8407,3720,2025-12-30 00:00:00,completed,email,paypal
8408,8932,2024-07-17 00:00:00,completed,email,paypal
8409,6431,2025-03-15 00:00:00,completed,paid_search,credit_card
8410,455,2025-11-02 00:00:00,completed,referral,bank_transfer
8411,3059,2024-01-29 17:10:08,completed,organic_search,debit_card
8412,5207,2025-05-27 14:32:14,completed,direct,debit_card
8413,1364,2024-12-10 00:00:00,completed,paid_search,credit_card
8414,25,2025-11-08 01:26:36,completed,email,credit_card
8415,770,2024-10-17 00:00:00,completed,organic_search,paypal
8416,4853,2025-07-24 00:00:00,completed,referral,debit_card
8417,5828,2025-07-15 08:29:53,completed,paid_search,paypal
8418,908,2024-08-26 00:00:00,completed,social_media,debit_card
8419,6160,2024-02-17 00:00:00,completed,organic_search,debit_card
8420,5687,2024-12-27 00:00:00,completed,direct,credit_card
8421,8671,2024-10-22 08:46:33,completed,referral,debit_card
8422,7775,2025-11-10 00:00:00,completed,organic_search,credit_card
8423,8704,2025-10-06 09:54:50,completed,social_media,bank_transfer
8424,8914,2025-05-02 00:00:00,completed,organic_search,credit_card
8425,4059,2025-05-28 00:00:00,completed,email,credit_card
8426,4507,2025-05-27 00:00:00,cancelled,direct,debit_card
8427,2646,2025-10-22 00:00:00,returned,paid_search,credit_card
8428,4705,2025-01-07 00:00:00,completed,email,bank_transfer
8429,1447,2024-11-10 00:00:00,completed,direct,credit_card
8430,6213,2024-10-02 11:51:55,completed,social_media,bank_transfer
8431,254,2025-04-09 00:00:00,completed,direct,paypal
8432,2216,2025-01-29 00:00:00,completed,paid_search,paypal
8433,1968,2025-01-21 02:39:19,completed,email,paypal
8434,8654,2024-04-20 00:00:00,completed,direct,bank_transfer
8435,1390,2025-08-15 07:15:04,completed,social_media,debit_card
8436,8236,2024-08-18 00:00:00,completed,paid_search,paypal
8437,1206,2024-08-03 00:00:00,completed,paid_search,credit_card
8438,6017,2024-12-29 00:00:00,completed,email,debit_card
8439,2970,2024-08-31 00:00:00,completed,direct,bank_transfer
8440,2929,2025-05-13 00:00:00,completed,social_media,credit_card
8441,-1,2024-12-08 08:17:38,completed,email,credit_card
8442,2127,2025-01-29 10:56:07,completed,direct,bank_transfer
8443,1922,2025-10-04 00:00:00,completed,social_media,credit_card
8444,5422,2024-08-09 00:00:00,completed,direct,debit_card
8445,6848,2024-06-23 00:00:00,completed,referral,paypal
8446,-1,2025-11-16 00:00:00,completed,paid_search,credit_card
8447,6496,2025-01-15 00:00:00,completed,paid_search,debit_card
8448,5187,2024-12-28 23:29:45,completed,paid_search,paypal
8449,3763,2024-02-18 00:00:00,cancelled,direct,credit_card
8450,5482,2025-03-12 00:00:00,completed,organic_search,bank_transfer
8451,5541,2025-04-22 00:00:00,completed,organic_search,paypal
8452,2055,2025-04-25 00:00:00,returned,email,credit_card
8453,6212,2025-07-08 00:00:00,completed,paid_search,bank_transfer
8454,1933,2024-07-14 00:00:00,completed,social_media,bank_transfer
8455,4524,2024-09-22 00:00:00,completed,direct,debit_card
8456,2442,2025-12-10 00:00:00,completed,organic_search,debit_card
8457,2898,2025-12-12 00:00:00,completed,email,paypal
8458,5662,2024-06-03 09:13:38,completed,email,debit_card
8459,626,2025-03-11 00:00:00,completed,email,debit_card
8460,121,2024-08-19 00:00:00,completed,organic_search,bank_transfer
8461,1266,2024-03-18 00:00:00,completed,paid_search,credit_card
8462,1599,2024-11-14 00:00:00,completed,organic_search,bank_transfer
8463,1880,2024-06-11 00:00:00,completed,organic_search,paypal
8464,7145,2025-08-09 00:00:00,cancelled,email,bank_transfer
8465,4127,2025-04-07 00:00:00,completed,social_media,debit_card
8466,4341,2024-06-11 00:00:00,completed,paid_search,bank_transfer
8467,5947,2024-01-14 00:00:00,completed,organic_search,debit_card
8468,6736,2025-10-11 08:13:10,completed,social_media,bank_transfer
8469,34,2024-07-13 00:00:00,completed,referral,credit_card
8470,7924,2025-05-28 00:00:00,completed,organic_search,credit_card
8471,-1,2024-11-20 00:00:00,completed,direct,debit_card
8472,1186,2025-05-14 00:00:00,completed,direct,credit_card
8473,6022,2024-08-11 00:00:00,completed,referral,paypal
8474,24,2024-04-15 00:00:00,completed,email,paypal
8475,482,2024-08-27 00:00:00,completed,direct,debit_card
8476,2676,2024-07-25 00:00:00,completed,direct,bank_transfer
8477,7828,2025-10-01 00:00:00,completed,email,debit_card
8478,6038,2025-07-04 01:36:50,completed,paid_search,credit_card
8479,4115,2024-10-01 15:26:40,cancelled,organic_search,credit_card
8480,4040,2024-01-18 00:00:00,cancelled,direct,bank_transfer
8481,4306,2025-03-28 10:28:25,completed,email,credit_card
8482,2890,2025-05-28 00:00:00,completed,email,paypal
8483,8117,2025-12-18 00:00:00,completed,social_media,debit_card
8484,5248,2025-05-17 18:24:33,completed,paid_search,debit_card
8485,4471,2025-02-18 00:00:00,completed,social_media,credit_card
8486,4296,2025-05-05 00:00:00,completed,paid_search,paypal
8487,8635,2025-12-05 16:25:25,completed,paid_search,paypal
8488,6684,2025-10-23 00:00:00,completed,email,debit_card
8489,1389,2024-12-11 00:00:00,completed,social_media,bank_transfer
8490,4029,2024-09-09 00:00:00,completed,referral,debit_card
8491,2702,2024-09-30 00:00:00,completed,social_media,bank_transfer
8492,-1,2025-03-16 11:42:44,completed,social_media,bank_transfer
8493,3825,2025-09-01 00:33:06,completed,organic_search,debit_card
8494,663,2025-03-16 00:00:00,cancelled,organic_search,debit_card
8495,3781,2024-03-26 00:00:00,completed,direct,bank_transfer
8496,2981,2025-08-19 08:53:09,completed,referral,debit_card
8497,5528,2025-10-10 00:00:00,completed,email,credit_card
8498,2127,2024-10-22 06:30:42,completed,referral,paypal
8499,359,2025-08-07 00:00:00,completed,organic_search,debit_card
8500,939,2025-08-01 00:00:00,completed,email,bank_transfer
8501,2660,2025-11-20 04:19:16,completed,paid_search,paypal
8502,3213,2025-11-01 17:53:17,completed,referral,credit_card
8503,7718,2025-04-01 00:00:00,completed,direct,paypal
8504,2540,2025-07-28 00:00:00,completed,organic_search,bank_transfer
8505,313,2025-11-17 00:00:00,completed,email,debit_card
8506,7214,2025-03-10 02:43:59,completed,paid_search,bank_transfer
8507,8041,2024-07-11 00:00:00,completed,referral,credit_card
8508,4549,2025-09-07 00:00:00,completed,email,credit_card
8509,2675,2024-08-24 00:00:00,cancelled,organic_search,bank_transfer
8510,7128,2024-12-17 00:00:00,cancelled,social_media,credit_card
8511,87,2025-11-10 11:24:38,completed,social_media,paypal
8512,8549,2025-08-19 18:27:10,completed,paid_search,paypal
8513,8007,2024-12-24 00:00:00,returned,paid_search,credit_card
8514,5032,2024-08-19 00:00:00,completed,paid_search,debit_card
8515,2608,2024-01-12 00:00:00,completed,organic_search,debit_card
8516,325,2024-10-18 00:00:00,completed,referral,debit_card
8517,-1,2024-07-13 00:00:00,completed,paid_search,credit_card
8518,7040,2025-09-01 18:00:17,completed,direct,paypal
8519,3128,2024-09-21 00:00:00,completed,direct,bank_transfer
8520,197,2025-03-02 00:00:00,completed,email,credit_card
8521,5895,2024-12-16 00:00:00,completed,social_media,credit_card
8522,-1,2025-12-25 00:00:00,completed,email,debit_card
8523,6539,2024-12-18 00:00:00,completed,organic_search,paypal
8524,818,2024-08-04 00:00:00,completed,direct,bank_transfer
8525,3697,2024-04-18 00:00:00,completed,social_media,credit_card
8526,1066,2025-05-17 00:00:00,completed,referral,debit_card
8527,8451,2025-05-23 00:00:00,completed,email,credit_card
8528,3058,2025-01-01 00:00:00,completed,paid_search,debit_card
8529,6777,2025-01-13 00:00:00,completed,social_media,bank_transfer
8530,828,2024-11-03 00:00:00,completed,referral,credit_card
8531,1245,2025-03-26 00:00:00,completed,email,credit_card
8532,6288,2025-03-17 00:00:00,completed,social_media,bank_transfer
8533,7799,2024-06-16 00:00:00,completed,email,credit_card
8534,1912,2024-05-02 00:00:00,completed,referral,credit_card
8535,3858,2024-05-22 00:00:00,returned,referral,credit_card
8536,5709,2024-04-29 02:57:35,completed,direct,debit_card
8537,7378,2025-05-31 00:00:00,completed,direct,paypal
8538,5796,2024-08-02 01:46:50,completed,paid_search,paypal
8539,938,2024-09-21 00:00:00,completed,paid_search,debit_card
8540,5015,2024-07-11 00:00:00,completed,paid_search,bank_transfer
8541,8184,2025-12-16 00:00:00,completed,organic_search,credit_card
8542,8035,2025-05-11 00:00:00,completed,organic_search,bank_transfer
8543,5375,2024-03-09 00:00:00,completed,organic_search,debit_card
8544,-1,2024-11-15 00:00:00,completed,direct,paypal
8545,1026,2024-08-15 17:08:06,cancelled,paid_search,paypal
8546,4422,2025-03-07 00:00:00,completed,referral,paypal
8547,7160,2024-01-28 00:00:00,cancelled,organic_search,paypal
8548,1357,2025-07-13 00:00:00,completed,paid_search,bank_transfer
8549,8973,2025-03-31 00:00:00,completed,direct,credit_card
8550,3264,2025-11-23 00:00:00,completed,social_media,paypal
8551,3234,2024-01-07 00:00:00,completed,direct,debit_card
8552,2012,2025-10-09 00:00:00,completed,email,debit_card
8553,2700,2025-01-10 00:00:00,completed,referral,bank_transfer
8554,5341,2024-05-25 12:07:19,completed,social_media,paypal
8555,3962,2024-12-22 00:00:00,completed,paid_search,debit_card
8556,1838,2024-07-07 00:00:00,completed,organic_search,credit_card
8557,7492,2024-09-24 00:00:00,completed,direct,debit_card
8558,605,2024-10-01 00:00:00,completed,organic_search,credit_card
8559,7720,2025-04-23 00:00:00,completed,referral,credit_card
8560,2582,2024-12-28 00:00:00,returned,paid_search,debit_card
8561,4579,2025-12-12 00:00:00,completed,paid_search,paypal
8562,3516,2024-05-25 21:19:18,completed,direct,debit_card
8563,5276,2025-12-22 05:15:08,completed,social_media,paypal
8564,7374,2024-09-03 00:00:00,completed,referral,bank_transfer
8565,-1,2025-09-20 00:00:00,completed,paid_search,paypal
8566,2858,2024-11-21 00:00:00,completed,direct,debit_card
8567,5111,2024-06-10 00:00:00,completed,organic_search,bank_transfer
8568,4306,2025-07-11 00:00:00,completed,direct,credit_card
8569,-1,2024-11-04 06:18:07,completed,referral,paypal
8570,7491,2025-07-04 00:00:00,completed,social_media,bank_transfer
8571,3646,2025-01-05 00:00:00,completed,organic_search,debit_card
8572,4404,2025-02-18 00:00:00,completed,organic_search,credit_card
8573,2314,2025-03-10 00:00:00,completed,paid_search,paypal
8574,6981,2025-08-24 00:00:00,completed,direct,paypal
8575,7815,2024-04-16 04:04:38,completed,email,bank_transfer
8576,8902,2025-07-11 00:00:00,completed,email,credit_card
8577,5227,2025-11-22 00:00:00,completed,referral,credit_card
8578,6208,2024-03-15 14:57:06,cancelled,referral,bank_transfer
8579,4118,2024-06-08 00:00:00,completed,social_media,paypal
8580,5616,2025-08-14 05:33:30,completed,email,debit_card
8581,3218,2025-01-18 00:00:00,completed,paid_search,debit_card
8582,6824,2024-12-24 00:00:00,completed,paid_search,debit_card
8583,231,2024-06-04 11:17:23,cancelled,organic_search,paypal
8584,288,2025-03-18 00:00:00,completed,social_media,debit_card
8585,6612,2024-05-25 00:00:00,completed,email,credit_card
8586,8596,2025-02-22 00:00:00,returned,organic_search,credit_card
8587,5828,2025-09-14 00:00:00,completed,referral,bank_transfer
8588,6715,2024-09-27 00:00:00,completed,direct,credit_card
8589,7622,2025-02-26 00:00:00,completed,paid_search,credit_card
8590,3336,2025-12-28 00:00:00,completed,paid_search,debit_card
8591,1056,2025-07-24 00:00:00,completed,social_media,bank_transfer
8592,8613,2025-10-30 00:00:00,completed,direct,debit_card
8593,8658,2024-12-30 00:00:00,completed,referral,debit_card
8594,4071,2025-09-16 00:00:00,completed,social_media,credit_card
8595,2050,2024-02-24 16:44:27,completed,direct,paypal
8596,8252,2024-05-21 03:57:25,completed,organic_search,credit_card
8597,6551,2024-08-08 09:04:36,completed,paid_search,debit_card
8598,82,2024-12-23 00:00:00,completed,social_media,credit_card
8599,1051,2025-11-01 00:00:00,completed,direct,paypal
8600,-1,2024-11-25 00:00:00,completed,direct,debit_card
8601,376,2025-01-07 00:00:00,cancelled,direct,bank_transfer
8602,2655,2025-08-09 00:00:00,completed,referral,credit_card
8603,5059,2025-05-14 00:00:00,completed,organic_search,credit_card
8604,1750,2024-12-01 00:00:00,completed,social_media,bank_transfer
8605,2184,2025-05-08 00:00:00,completed,direct,paypal
8606,3253,2024-11-23 00:00:00,cancelled,paid_search,credit_card
8607,2535,2024-12-04 00:00:00,completed,email,debit_card
8608,7449,2025-12-29 00:00:00,completed,paid_search,paypal
8609,4622,2024-05-25 00:00:00,completed,paid_search,credit_card
8610,2616,2024-03-31 00:20:54,completed,social_media,bank_transfer
8611,2901,2025-11-15 01:11:26,completed,social_media,bank_transfer
8612,394,2024-01-11 00:00:00,completed,referral,bank_transfer
8613,484,2025-06-28 00:00:00,completed,referral,credit_card
8614,6627,2024-11-16 00:00:00,completed,paid_search,credit_card
8615,1108,2024-12-18 00:00:00,completed,referral,credit_card
8616,4394,2024-09-30 00:00:00,completed,social_media,debit_card
8617,7788,2024-11-24 00:00:00,completed,referral,credit_card
8618,3395,2024-12-28 00:00:00,completed,organic_search,credit_card
8619,3191,2025-08-17 00:00:00,completed,referral,credit_card
8620,8073,2025-03-22 00:00:00,completed,social_media,debit_card
8621,8001,2025-12-11 00:00:00,completed,email,debit_card
8622,8137,2024-02-26 00:00:00,completed,paid_search,debit_card
8623,5289,2025-03-16 00:00:00,completed,email,debit_card
8624,8784,2025-05-13 00:00:00,completed,paid_search,debit_card
8625,7583,2025-12-02 00:00:00,cancelled,social_media,debit_card
8626,3828,2024-03-06 08:23:59,completed,organic_search,credit_card
8627,5802,2025-05-05 03:35:22,completed,direct,paypal
8628,1186,2025-11-05 00:01:24,completed,social_media,debit_card
8629,5086,2024-09-13 00:00:00,completed,direct,credit_card
8630,2473,2025-11-14 16:50:31,cancelled,paid_search,credit_card
8631,2665,2024-01-27 00:00:00,completed,social_media,bank_transfer
8632,1216,2025-08-25 00:00:00,completed,paid_search,paypal
8633,3297,2025-07-12 00:00:00,completed,direct,debit_card
8634,4452,2025-03-07 00:00:00,completed,paid_search,debit_card
8635,5536,2025-01-20 13:41:45,completed,referral,paypal
8636,2845,2024-01-03 00:00:00,completed,organic_search,paypal
8637,7334,2025-02-12 00:00:00,completed,referral,debit_card
8638,4822,2025-02-17 00:00:00,completed,direct,paypal
8639,5883,2024-02-09 00:00:00,returned,referral,debit_card
8640,2611,2025-07-26 00:00:00,cancelled,paid_search,credit_card
8641,7537,2025-02-27 00:00:00,completed,referral,debit_card
8642,5753,2024-05-23 22:42:16,completed,direct,debit_card
8643,7977,2024-08-19 00:00:00,completed,paid_search,credit_card
8644,1517,2024-03-23 00:00:00,completed,organic_search,bank_transfer
8645,3512,2025-06-05 00:00:00,cancelled,referral,credit_card
8646,1109,2025-06-08 00:00:00,completed,organic_search,debit_card
8647,2035,2025-03-18 00:00:00,completed,email,credit_card
8648,3631,2025-10-16 00:00:00,completed,direct,credit_card
8649,8271,2025-11-08 15:16:41,completed,social_media,debit_card
8650,5145,2025-06-04 00:00:00,completed,email,bank_transfer
8651,3057,2024-01-19 00:00:00,completed,social_media,paypal
8652,6903,2025-07-30 00:00:00,completed,social_media,bank_transfer
8653,200,2024-12-31 00:00:00,completed,paid_search,bank_transfer
8654,3408,2025-04-30 00:00:00,completed,organic_search,paypal
8655,5541,2025-06-27 00:00:00,completed,paid_search,credit_card
8656,5368,2024-11-28 00:00:00,completed,organic_search,bank_transfer
8657,5602,2025-12-01 00:00:00,completed,email,bank_transfer
8658,1998,2024-06-01 16:14:10,completed,organic_search,credit_card
8659,3113,2025-07-13 00:00:00,completed,email,credit_card
8660,8602,2024-01-07 00:00:00,completed,direct,paypal
8661,8985,2025-12-04 00:00:00,completed,direct,debit_card
8662,2894,2024-11-05 00:00:00,cancelled,email,credit_card
8663,5949,2024-04-23 00:00:00,completed,email,credit_card
8664,2273,2024-11-18 00:00:00,completed,email,credit_card
8665,3396,2024-12-09 00:00:00,completed,paid_search,credit_card
8666,7335,2024-08-19 00:00:00,completed,referral,credit_card
8667,4631,2025-05-13 00:00:00,completed,direct,debit_card
8668,7854,2025-01-23 00:00:00,completed,social_media,bank_transfer
8669,5801,2024-02-16 00:00:00,completed,organic_search,credit_card
8670,5802,2024-11-11 00:00:00,completed,email,paypal
8671,336,2025-12-10 00:00:00,completed,organic_search,bank_transfer
8672,6928,2025-07-26 00:00:00,completed,organic_search,credit_card
8673,-1,2025-08-20 00:00:00,completed,paid_search,paypal
8674,4371,2025-08-01 04:51:51,returned,direct,debit_card
8675,1503,2024-06-11 00:00:00,cancelled,social_media,credit_card
8676,-1,2024-04-28 00:00:00,completed,direct,debit_card
8677,2718,2024-08-10 00:00:00,completed,direct,bank_transfer
8678,3764,2025-10-25 00:00:00,cancelled,social_media,paypal
8679,754,2025-12-24 00:00:00,completed,direct,credit_card
8680,1086,2025-08-03 00:00:00,completed,referral,paypal
8681,2043,2024-01-14 00:00:00,completed,email,paypal
8682,5059,2024-06-07 18:52:22,completed,referral,bank_transfer
8683,5148,2024-12-11 00:00:00,completed,referral,bank_transfer
8684,5590,2025-05-09 00:00:00,completed,paid_search,paypal
8685,5368,2024-03-04 00:00:00,completed,email,credit_card
8686,4576,2025-11-12 00:00:00,returned,referral,bank_transfer
8687,7435,2024-05-12 00:00:00,completed,referral,credit_card
8688,8613,2025-11-29 00:00:00,completed,email,debit_card
8689,2537,2025-09-24 21:01:16,completed,email,debit_card
8690,1263,2025-09-09 00:00:00,completed,referral,debit_card
8691,3922,2025-05-28 00:00:00,returned,organic_search,paypal
8692,269,2025-12-06 00:00:00,completed,email,paypal
8693,8171,2025-06-20 00:00:00,completed,direct,paypal
8694,2255,2025-06-13 00:00:00,completed,referral,bank_transfer
8695,5064,2025-04-22 00:00:00,completed,direct,paypal
8696,1128,2025-12-27 00:00:00,completed,social_media,paypal
8697,5105,2025-08-24 00:00:00,returned,social_media,credit_card
8698,-1,2025-09-22 00:00:00,completed,organic_search,bank_transfer
8699,7100,2025-11-13 00:00:00,completed,referral,debit_card
8700,8818,2024-08-20 00:00:00,completed,referral,credit_card
8701,2867,2024-04-12 00:00:00,completed,referral,debit_card
8702,2429,2025-02-28 00:00:00,returned,referral,debit_card
8703,4140,2025-03-24 00:00:00,completed,direct,debit_card
8704,5713,2025-10-23 00:00:00,completed,paid_search,paypal
8705,1792,2025-01-24 01:11:52,completed,social_media,debit_card
8706,7449,2025-04-05 00:00:00,completed,paid_search,credit_card
8707,1888,2025-04-03 23:31:26,completed,referral,credit_card
8708,54,2024-02-21 00:00:00,cancelled,email,credit_card
8709,4853,2025-03-06 00:00:00,completed,direct,debit_card
8710,1128,2025-10-23 00:00:00,cancelled,social_media,paypal
8711,6462,2024-06-24 00:00:00,completed,direct,debit_card
8712,1588,2025-05-20 00:00:00,completed,email,paypal
8713,7570,2025-05-19 00:00:00,completed,direct,bank_transfer
8714,4347,2024-07-01 00:00:00,completed,social_media,credit_card
8715,5229,2024-05-22 00:00:00,cancelled,paid_search,credit_card
8716,1770,2025-12-24 00:00:00,completed,referral,debit_card
8717,1406,2024-12-19 00:00:00,cancelled,referral,debit_card
8718,5819,2024-08-31 18:08:14,completed,paid_search,debit_card
8719,2402,2024-07-08 00:00:00,completed,referral,bank_transfer
8720,3556,2025-07-11 00:00:00,completed,social_media,paypal
8721,4431,2025-05-30 03:43:37,completed,social_media,credit_card
8722,2164,2025-06-23 00:00:00,completed,referral,paypal
8723,7368,2024-04-16 19:08:30,completed,social_media,bank_transfer
8724,8667,2025-11-21 00:00:00,completed,paid_search,debit_card
8725,3987,2024-12-17 03:56:45,completed,referral,debit_card
8726,8489,2024-11-07 15:24:03,completed,social_media,debit_card
8727,8166,2025-10-02 00:00:00,completed,direct,debit_card
8728,1577,2024-12-18 00:00:00,completed,email,credit_card
8729,1646,2025-09-11 00:00:00,completed,direct,bank_transfer
8730,4409,2025-06-12 00:00:00,completed,referral,bank_transfer
8731,4870,2024-02-11 00:00:00,completed,direct,bank_transfer
8732,3152,2025-09-11 00:00:00,completed,direct,credit_card
8733,2899,2025-09-25 00:00:00,completed,referral,credit_card
8734,3984,2025-12-06 00:00:00,completed,paid_search,bank_transfer
8735,6406,2024-09-16 00:00:00,completed,paid_search,credit_card
8736,826,2025-08-05 00:00:00,completed,organic_search,debit_card
8737,6575,2024-10-10 01:00:06,completed,social_media,paypal
8738,8570,2025-10-20 00:00:00,completed,organic_search,paypal
8739,7050,2024-01-08 00:00:00,completed,email,paypal
8740,1819,2025-04-29 00:00:00,returned,email,paypal
8741,855,2024-11-22 00:00:00,returned,paid_search,bank_transfer
8742,4530,2024-11-12 00:00:00,completed,direct,credit_card
8743,8826,2025-06-24 00:00:00,completed,direct,debit_card
8744,7584,2025-11-04 00:00:00,completed,direct,credit_card
8745,5197,2025-05-30 04:10:11,completed,organic_search,debit_card
8746,1371,2025-05-11 00:00:00,returned,organic_search,credit_card
8747,6588,2024-10-02 00:00:00,completed,referral,debit_card
8748,7523,2025-03-28 00:00:00,completed,email,paypal
8749,8626,2025-01-31 00:00:00,completed,email,debit_card
8750,5644,2024-01-17 00:00:00,cancelled,referral,paypal
8751,4762,2025-04-24 04:42:24,completed,referral,paypal
8752,5707,2025-07-06 00:00:00,completed,paid_search,credit_card
8753,8704,2025-05-18 00:00:00,cancelled,social_media,credit_card
8754,5795,2025-08-27 00:00:00,completed,paid_search,paypal
8755,2424,2025-05-04 00:00:00,completed,email,bank_transfer
8756,5861,2024-03-25 15:04:11,completed,social_media,credit_card
8757,8134,2024-05-15 00:00:00,completed,social_media,debit_card
8758,5238,2025-05-21 00:00:00,completed,organic_search,bank_transfer
8759,4648,2024-10-10 00:00:00,completed,email,bank_transfer
8760,6777,2024-04-08 00:00:00,completed,paid_search,credit_card
8761,6123,2025-11-01 00:00:00,completed,email,paypal
8762,559,2025-04-22 00:00:00,completed,social_media,credit_card
8763,6702,2024-11-16 00:00:00,completed,organic_search,bank_transfer
8764,3753,2025-08-17 00:00:00,completed,email,debit_card
8765,8677,2025-06-24 00:00:00,completed,direct,paypal
8766,8957,2024-11-18 00:00:00,completed,organic_search,bank_transfer
8767,4148,2025-08-09 00:00:00,completed,email,paypal
8768,8942,2025-06-27 00:00:00,completed,email,credit_card
8769,2890,2025-06-19 00:00:00,returned,organic_search,paypal
8770,6324,2025-04-21 00:00:00,completed,paid_search,debit_card
8771,736,2024-01-17 00:00:00,completed,social_media,credit_card
8772,1390,2025-07-31 00:00:00,completed,paid_search,bank_transfer
8773,7997,2024-12-11 00:00:00,completed,social_media,credit_card
8774,8264,2025-10-12 00:00:00,returned,social_media,bank_transfer
8775,4921,2025-10-17 00:00:00,completed,email,paypal
8776,3140,2025-05-15 00:00:00,completed,social_media,debit_card
8777,4166,2024-09-22 00:00:00,completed,referral,credit_card
8778,8045,2024-08-09 00:00:00,completed,direct,paypal
8779,1996,2024-11-22 00:00:00,cancelled,organic_search,paypal
8780,2749,2025-02-22 00:00:00,completed,social_media,debit_card
8781,7262,2024-10-27 00:00:00,completed,social_media,bank_transfer
8782,8629,2025-03-25 00:00:00,completed,email,credit_card
8783,908,2024-02-07 00:00:00,completed,social_media,credit_card
8784,7452,2025-12-23 00:00:00,completed,referral,debit_card
8785,5954,2024-05-06 00:00:00,cancelled,referral,paypal
8786,2170,2025-12-06 00:00:00,completed,paid_search,paypal
8787,6987,2025-11-30 00:00:00,completed,referral,bank_transfer
8788,6722,2025-04-01 00:00:00,completed,social_media,credit_card
8789,1365,2025-08-20 22:20:15,completed,direct,debit_card
8790,4644,2025-01-17 19:34:42,completed,referral,paypal
8791,7004,2025-06-14 00:00:00,completed,organic_search,credit_card
8792,1817,2024-11-22 00:00:00,completed,referral,credit_card
8793,4271,2024-10-31 00:00:00,completed,paid_search,debit_card
8794,1178,2025-05-09 00:00:00,cancelled,referral,credit_card
8795,2865,2025-12-03 00:00:00,completed,email,debit_card
8796,2058,2025-05-10 00:00:00,completed,organic_search,credit_card
8797,4671,2024-10-20 00:00:00,completed,email,bank_transfer
8798,1358,2024-12-06 00:00:00,cancelled,direct,bank_transfer
8799,3537,2024-12-04 00:00:00,completed,organic_search,bank_transfer
8800,2585,2024-03-09 00:00:00,completed,referral,bank_transfer
8801,6896,2024-09-23 22:12:08,completed,paid_search,credit_card
8802,6476,2024-02-04 00:00:00,completed,email,credit_card
8803,932,2024-05-02 00:00:00,completed,email,paypal
8804,8796,2025-10-14 00:00:00,completed,direct,paypal
8805,6881,2024-02-22 00:00:00,completed,referral,credit_card
8806,5676,2025-04-07 00:00:00,completed,social_media,credit_card
8807,4410,2024-10-08 16:40:44,completed,direct,paypal
8808,1684,2025-11-12 00:00:00,cancelled,organic_search,bank_transfer
8809,8874,2025-03-02 00:00:00,completed,paid_search,debit_card
8810,79,2024-11-03 00:00:00,completed,referral,credit_card
8811,6420,2025-03-27 00:00:00,cancelled,direct,credit_card
8812,4698,2024-12-14 00:00:00,completed,organic_search,debit_card
8813,8353,2025-04-29 00:00:00,completed,paid_search,paypal
8814,3513,2024-05-13 00:00:00,completed,email,debit_card
8815,4801,2025-12-30 00:00:00,completed,organic_search,paypal
8816,6865,2025-01-07 00:00:00,completed,email,bank_transfer
8817,464,2024-11-27 00:00:00,completed,social_media,bank_transfer
8818,534,2025-10-08 00:00:00,completed,referral,bank_transfer
8819,1998,2024-05-12 00:00:00,cancelled,referral,credit_card
8820,1404,2025-10-26 00:00:00,completed,email,paypal
8821,62,2025-02-03 00:00:00,completed,referral,paypal
8822,5741,2025-08-16 05:45:08,cancelled,direct,bank_transfer
8823,7373,2024-05-06 00:00:00,completed,direct,paypal
8824,8834,2025-02-11 00:00:00,completed,email,credit_card
8825,4060,2025-08-27 00:00:00,returned,organic_search,bank_transfer
8826,2628,2024-08-17 00:00:00,completed,paid_search,bank_transfer
8827,7990,2024-06-12 00:00:00,cancelled,referral,paypal
8828,7806,2024-09-11 00:00:00,completed,social_media,debit_card
8829,5761,2025-12-23 18:51:47,completed,organic_search,credit_card
8830,2561,2024-09-25 00:00:00,completed,social_media,credit_card
8831,8412,2025-02-04 00:00:00,completed,email,bank_transfer
8832,1687,2024-02-11 10:52:30,completed,email,bank_transfer
8833,424,2024-12-21 00:00:00,completed,paid_search,paypal
8834,7380,2025-05-04 00:00:00,completed,social_media,credit_card
8835,5207,2025-12-14 00:00:00,completed,organic_search,paypal
8836,2317,2025-03-26 05:53:00,completed,referral,credit_card
8837,6210,2025-10-17 00:00:00,completed,paid_search,credit_card
8838,7078,2025-04-17 00:00:00,completed,social_media,paypal
8839,7808,2024-02-25 00:00:00,completed,social_media,bank_transfer
8840,2651,2024-11-08 00:00:00,completed,organic_search,debit_card
8841,260,2025-07-05 00:00:00,cancelled,social_media,bank_transfer
8842,4722,2025-12-13 00:00:00,completed,paid_search,paypal
8843,7918,2025-07-11 00:00:00,completed,social_media,credit_card
8844,1965,2024-09-01 00:00:00,completed,paid_search,credit_card
8845,3887,2024-08-24 00:00:00,completed,social_media,credit_card
8846,2411,2024-08-07 00:00:00,completed,email,bank_transfer
8847,136,2025-12-03 15:18:19,completed,organic_search,credit_card
8848,8315,2025-11-04 00:00:00,completed,direct,bank_transfer
8849,1309,2025-09-21 00:00:00,returned,social_media,credit_card
8850,7078,2024-12-19 06:52:49,completed,email,paypal
8851,3199,2025-03-16 09:46:54,completed,organic_search,bank_transfer
8852,2608,2025-12-02 00:00:00,completed,direct,debit_card
8853,8679,2024-09-22 00:00:00,cancelled,paid_search,credit_card
8854,6086,2025-03-17 00:00:00,returned,social_media,credit_card
8855,6371,2024-02-11 00:00:00,completed,organic_search,paypal
8856,7014,2024-05-30 13:38:55,completed,organic_search,credit_card
8857,3150,2025-11-18 00:00:00,completed,direct,debit_card
8858,5207,2025-09-06 20:23:20,cancelled,email,bank_transfer
8859,2541,2025-01-05 19:54:23,completed,paid_search,debit_card
8860,7719,2025-03-26 00:00:00,completed,social_media,debit_card
8861,5526,2024-12-08 00:00:00,completed,organic_search,credit_card
8862,2291,2025-08-30 00:00:00,completed,social_media,credit_card
8863,8331,2025-09-27 00:00:00,returned,paid_search,credit_card
8864,5356,2025-09-14 00:00:00,completed,paid_search,debit_card
8865,4574,2025-08-18 00:00:00,completed,referral,credit_card
8866,343,2024-10-08 00:00:00,completed,direct,bank_transfer
8867,8427,2024-11-21 00:00:00,completed,email,bank_transfer
8868,8783,2025-02-16 00:00:00,completed,paid_search,bank_transfer
8869,5196,2024-11-17 02:19:26,completed,direct,credit_card
8870,4079,2025-09-08 19:16:24,completed,social_media,paypal
8871,3314,2024-11-16 00:00:00,completed,email,bank_transfer
8872,2523,2024-05-06 00:00:00,completed,email,paypal
8873,5311,2024-12-22 00:00:00,completed,email,bank_transfer
8874,1243,2025-12-24 00:00:00,completed,email,credit_card
8875,8505,2024-08-30 00:00:00,completed,social_media,credit_card
8876,1666,2025-06-01 00:00:00,completed,referral,paypal
8877,6891,2025-01-14 00:00:00,completed,social_media,paypal
8878,2866,2024-03-30 00:00:00,completed,organic_search,credit_card
8879,2127,2025-04-03 00:00:00,cancelled,referral,bank_transfer
8880,5150,2025-04-08 00:00:00,completed,social_media,paypal
8881,7061,2025-03-23 00:00:00,completed,social_media,credit_card
8882,6717,2025-11-12 00:00:00,completed,direct,paypal
8883,2198,2024-10-21 00:00:00,completed,email,paypal
8884,3059,2024-04-15 00:00:00,completed,referral,debit_card
8885,8039,2025-08-12 00:00:00,completed,email,debit_card
8886,6680,2024-12-12 12:42:57,completed,organic_search,debit_card
8887,6580,2025-05-07 00:00:00,completed,direct,debit_card
8888,2532,2025-10-01 00:00:00,completed,email,debit_card
8889,7333,2024-11-13 00:00:00,completed,referral,credit_card
8890,3300,2025-08-14 17:10:04,completed,direct,bank_transfer
8891,3692,2024-06-02 00:00:00,cancelled,social_media,credit_card
8892,2695,2024-10-23 00:00:00,completed,organic_search,bank_transfer
8893,1185,2024-12-06 00:00:00,completed,email,debit_card
8894,3880,2025-10-13 00:00:00,completed,social_media,bank_transfer
8895,173,2024-08-27 00:00:00,completed,referral,debit_card
8896,4207,2025-08-15 00:00:00,completed,paid_search,paypal
8897,6700,2025-12-11 14:25:02,completed,organic_search,debit_card
8898,8863,2025-04-03 00:00:00,returned,referral,paypal
8899,763,2025-12-04 00:00:00,completed,social_media,bank_transfer
8900,2643,2025-02-09 00:00:00,completed,email,credit_card
8901,4566,2024-11-14 00:00:00,completed,social_media,paypal
8902,1617,2025-02-22 00:00:00,completed,email,bank_transfer
8903,1141,2025-05-26 00:00:00,returned,email,credit_card
8904,4176,2025-12-26 00:00:00,completed,organic_search,credit_card
8905,5356,2025-09-12 00:00:00,completed,social_media,bank_transfer
8906,7593,2025-08-11 00:00:00,completed,email,paypal
8907,-1,2025-11-20 10:39:03,completed,organic_search,debit_card
8908,7149,2025-02-15 00:00:00,completed,social_media,credit_card
8909,2080,2025-03-07 00:00:00,completed,email,paypal
8910,6913,2025-11-22 13:14:46,completed,organic_search,bank_transfer
8911,4960,2024-12-19 15:25:57,completed,organic_search,bank_transfer
8912,4164,2025-12-18 00:00:00,completed,referral,debit_card
8913,8634,2024-12-30 00:00:00,completed,direct,paypal
8914,6499,2025-05-25 00:00:00,completed,email,bank_transfer
8915,6314,2025-08-09 15:50:09,completed,email,debit_card
8916,118,2025-12-13 00:00:00,completed,social_media,credit_card
8917,8004,2024-09-15 10:23:06,completed,social_media,bank_transfer
8918,7347,2025-09-03 00:00:00,completed,direct,bank_transfer
8919,2787,2025-03-29 00:00:00,completed,paid_search,paypal
8920,2735,2024-10-05 00:00:00,completed,referral,credit_card
8921,522,2025-09-22 00:00:00,completed,paid_search,debit_card
8922,497,2025-04-20 00:00:00,completed,organic_search,paypal
8923,6186,2025-06-07 00:00:00,completed,paid_search,credit_card
8924,1767,2024-11-12 06:22:23,completed,email,debit_card
8925,8544,2025-02-27 00:00:00,completed,email,debit_card
8926,7789,2025-06-05 00:00:00,completed,direct,credit_card
8927,3219,2024-12-25 00:00:00,completed,organic_search,credit_card
8928,3508,2024-08-04 00:00:00,completed,social_media,paypal
8929,3023,2025-12-17 00:00:00,completed,referral,paypal
8930,907,2025-03-22 00:00:00,completed,organic_search,debit_card
8931,313,2025-08-26 20:35:58,completed,email,credit_card
8932,4176,2024-12-28 00:00:00,completed,paid_search,bank_transfer
8933,8701,2024-11-30 00:00:00,completed,organic_search,credit_card
8934,8486,2024-12-26 00:00:00,cancelled,email,bank_transfer
8935,7494,2024-12-27 05:10:58,completed,direct,credit_card
8936,5800,2025-04-15 00:00:00,cancelled,paid_search,paypal
8937,7919,2025-04-14 00:00:00,completed,direct,bank_transfer
8938,4768,2025-11-03 00:00:00,returned,direct,credit_card
8939,1705,2024-06-02 00:00:00,completed,direct,bank_transfer
8940,6342,2025-10-03 00:00:00,completed,paid_search,credit_card
8941,8519,2024-06-07 00:00:00,completed,paid_search,paypal
8942,199,2024-05-24 00:00:00,completed,referral,paypal
8943,2365,2025-12-07 00:00:00,completed,organic_search,debit_card
8944,2498,2025-05-27 07:40:18,completed,social_media,credit_card
8945,973,2025-05-07 00:00:00,cancelled,direct,bank_transfer
8946,2119,2024-12-23 00:00:00,completed,email,paypal
8947,3545,2025-11-28 00:00:00,completed,direct,debit_card
8948,8670,2025-06-20 00:00:00,completed,referral,paypal
8949,7951,2025-09-17 00:00:00,completed,social_media,bank_transfer
8950,8730,2024-07-12 00:00:00,completed,social_media,credit_card
8951,1178,2025-12-17 00:00:00,completed,email,paypal
8952,282,2025-10-18 00:00:00,completed,direct,debit_card
8953,1073,2025-11-05 00:00:00,completed,email,bank_transfer
8954,8466,2024-09-07 00:00:00,completed,organic_search,debit_card
8955,1496,2024-07-10 00:00:00,completed,email,debit_card
8956,5296,2024-10-19 00:00:00,completed,organic_search,paypal
8957,2145,2024-07-10 00:00:00,cancelled,referral,debit_card
8958,-1,2025-06-11 00:00:00,completed,social_media,bank_transfer
8959,827,2024-02-13 01:02:10,completed,social_media,credit_card
8960,6566,2024-04-04 00:00:00,completed,referral,bank_transfer
8961,1729,2024-10-09 00:00:00,completed,organic_search,paypal
8962,2159,2024-05-08 00:00:00,completed,direct,credit_card
8963,3479,2024-09-04 00:00:00,completed,email,paypal
8964,6086,2025-10-05 00:00:00,cancelled,referral,debit_card
8965,4334,2025-04-28 00:00:00,cancelled,referral,paypal
8966,8718,2024-01-09 00:00:00,completed,social_media,bank_transfer
8967,4005,2025-01-11 00:00:00,completed,referral,credit_card
8968,1891,2024-12-26 00:00:00,completed,direct,paypal
8969,4949,2024-05-12 01:02:06,completed,organic_search,bank_transfer
8970,4165,2025-07-17 00:00:00,completed,paid_search,paypal
8971,7282,2025-08-04 00:30:43,completed,direct,paypal
8972,8627,2025-08-17 00:00:00,completed,referral,bank_transfer
8973,7736,2025-08-22 16:20:56,completed,social_media,credit_card
8974,3583,2024-01-01 00:00:00,returned,referral,bank_transfer
8975,2041,2025-12-15 00:00:00,completed,organic_search,credit_card
8976,8466,2025-10-14 00:00:00,cancelled,direct,debit_card
8977,3556,2025-11-26 00:00:00,completed,email,debit_card
8978,7112,2024-01-22 00:00:00,completed,referral,debit_card
8979,-1,2025-12-07 00:00:00,completed,email,bank_transfer
8980,5340,2025-12-10 00:00:00,completed,organic_search,credit_card
8981,4434,2025-10-28 00:00:00,completed,referral,credit_card
8982,6479,2024-04-22 17:15:18,completed,social_media,credit_card
8983,1843,2025-08-29 16:21:26,completed,referral,paypal
8984,4510,2025-12-17 00:00:00,completed,paid_search,bank_transfer
8985,2894,2025-07-19 00:00:00,completed,email,debit_card
8986,1558,2025-05-03 00:00:00,cancelled,paid_search,paypal
8987,5626,2025-12-12 01:47:42,completed,paid_search,credit_card
8988,5323,2025-01-24 00:00:00,completed,paid_search,bank_transfer
8989,7032,2025-05-23 07:39:20,completed,direct,paypal
8990,8072,2025-02-22 00:00:00,completed,social_media,credit_card
8991,2070,2025-07-12 00:00:00,completed,email,debit_card
8992,7201,2024-04-04 00:00:00,completed,paid_search,paypal
8993,3384,2025-03-14 23:42:29,completed,email,debit_card
8994,5802,2025-07-25 15:00:12,completed,referral,debit_card
8995,7861,2025-10-01 00:00:00,completed,social_media,paypal
8996,2409,2025-12-05 00:00:00,completed,email,paypal
8997,5541,2025-11-28 00:00:00,completed,paid_search,paypal
8998,4439,2025-12-10 02:42:58,completed,paid_search,debit_card
8999,7319,2024-03-23 00:00:00,completed,paid_search,paypal
9000,6452,2024-12-24 00:00:00,completed,paid_search,credit_card
9001,7106,2024-02-02 20:27:35,completed,social_media,bank_transfer
9002,2699,2024-11-16 00:00:00,completed,paid_search,debit_card
9003,6519,2025-10-04 00:00:00,completed,paid_search,paypal
9004,5585,2025-11-29 00:00:00,completed,paid_search,paypal
9005,4212,2025-11-02 00:00:00,completed,organic_search,bank_transfer
9006,3490,2024-05-26 00:00:00,completed,email,bank_transfer
9007,3070,2024-04-21 00:00:00,completed,email,bank_transfer
9008,96,2025-05-16 00:00:00,completed,referral,debit_card
9009,1610,2025-06-04 00:00:00,completed,email,debit_card
9010,582,2024-10-03 00:00:00,completed,referral,bank_transfer
9011,7843,2025-11-24 00:00:00,completed,referral,debit_card
9012,7949,2025-12-05 15:00:43,completed,email,bank_transfer
9013,7825,2024-12-24 00:00:00,completed,email,credit_card
9014,7574,2025-11-20 00:00:00,completed,direct,debit_card
9015,2080,2024-12-15 16:24:02,completed,direct,bank_transfer
9016,4544,2025-08-28 20:36:10,completed,direct,debit_card
9017,8404,2025-02-22 00:00:00,cancelled,direct,paypal
9018,7016,2024-05-21 00:00:00,cancelled,email,bank_transfer
9019,18,2025-12-05 00:00:00,completed,email,paypal
9020,4238,2025-03-02 00:00:00,returned,organic_search,credit_card
9021,105,2025-08-26 00:00:00,completed,organic_search,debit_card
9022,2638,2024-06-12 00:00:00,completed,social_media,bank_transfer
9023,4020,2024-01-27 00:00:00,completed,paid_search,paypal
9024,8256,2024-04-29 00:00:00,completed,referral,bank_transfer
9025,6058,2025-03-10 00:00:00,completed,organic_search,bank_transfer
9026,3343,2025-07-27 13:51:14,completed,social_media,debit_card
9027,4533,2024-11-19 00:00:00,completed,email,credit_card
9028,7570,2025-07-31 00:00:00,completed,social_media,credit_card
9029,2795,2025-02-08 00:00:00,completed,email,debit_card
9030,5668,2025-08-05 00:00:00,completed,social_media,debit_card
9031,2463,2025-03-08 00:00:00,completed,social_media,debit_card
9032,4435,2025-11-30 00:00:00,returned,organic_search,paypal
9033,251,2025-03-05 13:39:18,completed,direct,paypal
9034,7879,2025-01-30 00:00:00,cancelled,direct,debit_card
9035,474,2024-08-05 16:49:36,completed,social_media,paypal
9036,2111,2024-11-04 00:00:00,completed,referral,bank_transfer
9037,3088,2024-02-26 00:00:00,completed,organic_search,paypal
9038,5763,2025-06-16 00:00:00,completed,organic_search,credit_card
9039,6645,2024-09-18 00:00:00,completed,email,credit_card
9040,780,2024-11-02 00:00:00,cancelled,organic_search,paypal
9041,423,2025-09-18 00:00:00,completed,direct,paypal
9042,7402,2024-11-15 00:00:00,completed,social_media,bank_transfer
9043,6579,2024-09-13 00:00:00,completed,direct,credit_card
9044,7694,2024-07-06 00:00:00,completed,paid_search,bank_transfer
9045,6257,2025-09-21 02:03:07,completed,referral,debit_card
9046,6941,2024-05-28 07:16:15,completed,social_media,paypal
9047,3498,2025-02-02 00:00:00,completed,referral,paypal
9048,5430,2025-03-18 00:00:00,completed,social_media,bank_transfer
9049,7467,2025-07-25 17:31:45,returned,direct,paypal
9050,1633,2025-06-16 00:00:00,completed,social_media,debit_card
9051,3904,2025-10-12 00:00:00,completed,email,credit_card
9052,6844,2024-03-01 00:00:00,completed,email,paypal
9053,4922,2024-10-27 00:00:00,completed,paid_search,credit_card
9054,6314,2024-10-14 02:16:27,completed,direct,credit_card
9055,2738,2024-06-13 00:00:00,completed,paid_search,debit_card
9056,321,2024-10-22 00:00:00,completed,paid_search,paypal
9057,292,2024-11-05 13:44:14,returned,organic_search,credit_card
9058,8698,2025-03-30 00:00:00,completed,paid_search,paypal
9059,8718,2025-07-08 11:35:15,completed,social_media,credit_card
9060,1998,2024-12-13 00:00:00,completed,email,paypal
9061,1412,2025-08-16 11:43:06,completed,organic_search,paypal
9062,184,2024-11-20 00:00:00,completed,social_media,credit_card
9063,2176,2024-10-22 00:00:00,completed,organic_search,bank_transfer
9064,3095,2025-04-13 00:00:00,returned,direct,paypal
9065,2273,2024-03-02 00:00:00,completed,email,debit_card
9066,7386,2024-04-08 00:00:00,completed,email,paypal
9067,6924,2024-12-31 00:00:00,completed,referral,bank_transfer
9068,787,2025-12-11 08:09:58,returned,social_media,credit_card
9069,6453,2025-08-17 12:11:09,completed,paid_search,bank_transfer
9070,4818,2024-04-16 00:00:00,completed,social_media,paypal
9071,1282,2025-11-02 00:00:00,completed,direct,debit_card
9072,6837,2025-08-24 00:00:00,completed,social_media,credit_card
9073,839,2025-05-31 00:00:00,completed,social_media,debit_card
9074,1675,2025-10-18 08:00:22,completed,organic_search,credit_card
9075,1430,2024-12-25 00:00:00,completed,direct,bank_transfer
9076,8663,2024-08-26 00:00:00,completed,social_media,bank_transfer
9077,6462,2025-03-22 00:00:00,completed,direct,debit_card
9078,3782,2025-04-18 00:00:00,completed,direct,debit_card
9079,7607,2025-11-04 00:00:00,completed,social_media,paypal
9080,2039,2025-04-30 00:00:00,completed,social_media,bank_transfer
9081,8598,2025-12-13 00:00:00,completed,social_media,paypal
9082,6451,2025-11-25 00:00:00,completed,email,credit_card
9083,5170,2025-11-14 01:40:37,completed,direct,debit_card
9084,7360,2025-07-10 00:00:00,cancelled,social_media,bank_transfer
9085,5952,2025-12-11 07:36:01,completed,referral,credit_card
9086,8205,2024-04-27 00:00:00,completed,direct,bank_transfer
9087,7668,2024-02-10 00:00:00,completed,paid_search,credit_card
9088,1880,2025-09-03 00:00:00,completed,social_media,bank_transfer
9089,2255,2025-02-11 00:00:00,completed,organic_search,debit_card
9090,633,2025-03-17 00:00:00,completed,direct,paypal
9091,2068,2025-09-04 06:25:49,completed,organic_search,debit_card
9092,3173,2024-06-06 04:38:57,completed,paid_search,debit_card
9093,289,2024-09-22 00:00:00,completed,organic_search,debit_card
9094,2920,2025-08-24 00:00:00,completed,paid_search,bank_transfer
9095,-1,2024-07-02 07:01:54,cancelled,paid_search,debit_card
9096,7773,2024-11-28 00:00:00,completed,referral,bank_transfer
9097,87,2024-02-10 00:00:00,completed,social_media,paypal
9098,70,2024-11-27 00:00:00,completed,paid_search,credit_card
9099,1403,2025-08-08 00:00:00,completed,organic_search,credit_card
9100,8068,2024-12-07 06:50:30,completed,paid_search,bank_transfer
9101,4333,2025-04-23 00:00:00,completed,referral,paypal
9102,-1,2024-04-28 00:00:00,completed,email,bank_transfer
9103,8207,2025-10-09 06:58:19,completed,referral,credit_card
9104,8231,2024-08-12 00:00:00,completed,direct,debit_card
9105,1246,2025-06-27 23:10:21,completed,direct,credit_card
9106,4389,2025-08-20 00:00:00,cancelled,referral,debit_card
9107,-1,2024-08-15 00:00:00,completed,organic_search,bank_transfer
9108,1428,2025-11-18 10:34:58,completed,email,bank_transfer
9109,5308,2025-04-06 00:00:00,completed,direct,debit_card
9110,3182,2025-01-10 00:00:00,completed,social_media,debit_card
9111,3573,2024-07-19 16:42:03,completed,social_media,bank_transfer
9112,8236,2025-12-10 08:28:38,completed,paid_search,paypal
9113,5404,2025-09-08 00:00:00,completed,paid_search,paypal
9114,7006,2024-08-13 00:00:00,completed,direct,credit_card
9115,6231,2024-11-21 00:00:00,completed,paid_search,credit_card
9116,4896,2025-12-10 00:00:00,completed,organic_search,debit_card
9117,7331,2025-07-31 00:00:00,completed,email,bank_transfer
9118,8956,2025-09-15 03:18:01,completed,direct,credit_card
9119,8923,2025-01-22 00:00:00,completed,social_media,paypal
9120,7309,2025-08-14 04:40:19,cancelled,email,paypal
9121,4500,2024-12-16 00:00:00,completed,direct,paypal
9122,1548,2024-08-16 07:10:11,completed,direct,bank_transfer
9123,431,2025-06-16 00:00:00,completed,social_media,credit_card
9124,2178,2025-12-23 00:00:00,completed,referral,debit_card
9125,3145,2024-11-05 16:59:56,returned,direct,paypal
9126,1258,2025-09-02 00:00:00,completed,email,credit_card
9127,2115,2025-07-15 05:44:16,completed,organic_search,credit_card
9128,816,2025-04-13 07:19:42,completed,paid_search,credit_card
9129,4846,2025-01-11 00:00:00,cancelled,paid_search,bank_transfer
9130,1222,2025-09-13 00:00:00,completed,referral,paypal
9131,6871,2024-03-16 00:00:00,completed,paid_search,credit_card
9132,3080,2025-12-31 00:00:00,cancelled,email,paypal
9133,6219,2025-09-07 00:00:00,completed,referral,bank_transfer
9134,8164,2025-11-09 00:00:00,completed,paid_search,paypal
9135,839,2025-06-29 00:00:00,cancelled,paid_search,debit_card
9136,-1,2025-06-11 00:00:00,completed,referral,bank_transfer
9137,5956,2024-05-11 00:00:00,completed,direct,credit_card
9138,521,2024-11-26 00:00:00,completed,paid_search,bank_transfer
9139,2908,2025-11-14 11:29:03,completed,organic_search,debit_card
9140,8199,2024-08-07 00:00:00,completed,organic_search,debit_card
9141,5495,2024-06-04 00:00:00,completed,paid_search,bank_transfer
9142,2692,2025-09-29 00:00:00,completed,direct,debit_card
9143,8673,2025-10-27 10:30:51,completed,referral,paypal
9144,7283,2024-06-30 00:00:00,completed,referral,credit_card
9145,6800,2025-11-05 00:00:00,cancelled,email,debit_card
9146,8215,2025-07-24 00:00:00,completed,social_media,paypal
9147,7109,2025-03-29 00:00:00,completed,social_media,debit_card
9148,2688,2025-10-24 00:00:00,returned,direct,debit_card
9149,5368,2025-01-01 00:00:00,cancelled,paid_search,bank_transfer
9150,7787,2024-07-31 05:21:45,completed,email,bank_transfer
9151,1710,2024-10-18 00:00:00,completed,social_media,credit_card
9152,1547,2025-03-17 09:04:52,completed,social_media,paypal
9153,1507,2025-04-06 00:00:00,completed,social_media,credit_card
9154,1847,2025-09-10 00:00:00,completed,email,credit_card
9155,1017,2025-10-01 00:00:00,completed,direct,debit_card
9156,7746,2025-11-05 00:00:00,completed,organic_search,bank_transfer
9157,7579,2025-09-25 00:00:00,completed,referral,paypal
9158,1454,2024-07-29 00:00:00,completed,direct,credit_card
9159,6526,2024-07-03 00:00:00,completed,referral,credit_card
9160,5781,2025-11-13 21:11:06,completed,paid_search,credit_card
9161,2596,2024-04-04 22:19:26,completed,direct,paypal
9162,2142,2024-09-17 00:00:00,completed,email,paypal
9163,2356,2025-07-30 00:00:00,completed,social_media,paypal
9164,6751,2024-12-27 00:00:00,cancelled,referral,debit_card
9165,-1,2025-11-14 00:00:00,completed,referral,paypal
9166,2610,2024-10-29 04:58:25,cancelled,social_media,bank_transfer
9167,228,2024-01-17 00:00:00,returned,email,debit_card
9168,8409,2024-10-31 00:00:00,completed,referral,credit_card
9169,6956,2025-05-09 00:00:00,completed,organic_search,debit_card
9170,4369,2024-12-11 13:21:08,returned,social_media,debit_card
9171,8699,2025-08-04 00:00:00,completed,paid_search,bank_transfer
9172,2745,2025-11-14 00:00:00,completed,organic_search,credit_card
9173,6246,2025-11-29 00:00:00,completed,organic_search,bank_transfer
9174,2848,2024-10-03 08:46:44,completed,referral,bank_transfer
9175,2916,2025-02-10 19:17:37,returned,social_media,debit_card
9176,7809,2025-04-18 00:00:00,cancelled,organic_search,paypal
9177,7280,2025-12-13 12:09:47,completed,direct,credit_card
9178,2748,2025-12-31 00:00:00,completed,paid_search,credit_card
9179,791,2024-07-09 00:00:00,cancelled,paid_search,credit_card
9180,3292,2025-08-21 00:00:00,completed,organic_search,bank_transfer
9181,7019,2024-12-12 04:40:20,completed,direct,debit_card
9182,989,2024-12-01 00:00:00,completed,organic_search,debit_card
9183,6220,2024-01-14 00:00:00,completed,organic_search,paypal
9184,8229,2025-02-08 00:00:00,completed,direct,bank_transfer
9185,1696,2025-04-03 00:00:00,completed,email,credit_card
9186,7975,2024-01-02 00:00:00,completed,referral,debit_card
9187,501,2025-07-24 00:00:00,completed,organic_search,credit_card
9188,6171,2024-10-26 15:29:06,completed,direct,credit_card
9189,7323,2025-04-26 00:00:00,returned,referral,bank_transfer
9190,4103,2024-10-31 00:00:00,completed,email,bank_transfer
9191,1925,2024-07-04 02:00:41,completed,referral,debit_card
9192,8556,2024-12-26 00:00:00,completed,paid_search,credit_card
9193,204,2024-09-04 00:00:00,returned,organic_search,debit_card
9194,5123,2025-04-08 00:00:00,completed,referral,paypal
9195,3436,2024-08-04 00:00:00,completed,social_media,debit_card
9196,4255,2025-03-20 13:48:20,completed,social_media,paypal
9197,4952,2024-06-24 00:00:00,completed,direct,credit_card
9198,4938,2025-07-13 17:04:48,completed,direct,bank_transfer
9199,1923,2025-09-08 05:15:53,completed,referral,credit_card
9200,6290,2024-09-05 00:00:00,completed,paid_search,debit_card
9201,195,2025-02-15 00:00:00,completed,email,paypal
9202,216,2024-03-30 08:09:07,completed,direct,paypal
9203,4421,2025-05-23 00:00:00,completed,organic_search,paypal
9204,5006,2024-10-02 14:50:58,completed,referral,debit_card
9205,2581,2025-04-03 00:00:00,completed,paid_search,credit_card
9206,5087,2025-03-27 00:00:00,completed,direct,debit_card
9207,4778,2025-04-12 00:00:00,cancelled,paid_search,bank_transfer
9208,3221,2025-04-18 00:00:00,completed,referral,credit_card
9209,6030,2025-05-12 00:00:00,cancelled,paid_search,debit_card
9210,8842,2024-12-23 00:00:00,completed,paid_search,paypal
9211,4535,2025-12-13 00:00:00,completed,organic_search,credit_card
9212,7269,2025-09-22 00:00:00,completed,email,paypal
9213,2325,2024-10-19 00:00:00,completed,referral,credit_card
9214,7039,2025-11-01 00:00:00,completed,direct,debit_card
9215,5999,2025-01-14 00:00:00,completed,paid_search,paypal
9216,5899,2025-10-23 00:00:00,completed,email,paypal
9217,8256,2025-10-19 17:19:07,completed,social_media,bank_transfer
9218,-1,2024-07-26 00:00:00,completed,referral,debit_card
9219,3395,2025-08-03 00:00:00,completed,referral,credit_card
9220,811,2024-10-23 16:22:15,completed,paid_search,bank_transfer
9221,6710,2024-10-28 00:00:00,completed,direct,debit_card
9222,7801,2024-10-27 14:39:09,completed,paid_search,debit_card
9223,-1,2025-08-20 16:24:54,completed,paid_search,bank_transfer
9224,3287,2024-09-02 00:00:00,completed,paid_search,credit_card
9225,6103,2024-01-02 02:07:31,completed,social_media,credit_card
9226,740,2025-08-13 00:00:00,completed,referral,paypal
9227,2746,2024-07-08 00:00:00,completed,organic_search,paypal
9228,3374,2024-03-05 00:00:00,completed,direct,bank_transfer
9229,4801,2024-09-09 01:52:57,completed,referral,paypal
9230,4401,2024-12-13 00:00:00,completed,direct,paypal
9231,1970,2025-02-22 00:00:00,completed,social_media,debit_card
9232,4994,2024-02-29 00:00:00,cancelled,email,bank_transfer
9233,8566,2025-12-21 00:00:00,completed,paid_search,bank_transfer
9234,275,2025-08-14 00:00:00,cancelled,referral,bank_transfer
9235,6299,2024-11-13 06:50:08,completed,organic_search,credit_card
9236,5759,2024-11-10 02:18:44,completed,direct,bank_transfer
9237,8553,2025-01-29 00:00:00,cancelled,referral,paypal
9238,5958,2025-06-11 09:34:54,returned,referral,bank_transfer
9239,5761,2024-06-13 00:00:00,completed,paid_search,debit_card
9240,7109,2024-07-26 00:00:00,completed,social_media,debit_card
9241,2520,2025-11-07 00:00:00,completed,organic_search,paypal
9242,-1,2024-09-25 00:00:00,completed,paid_search,bank_transfer
9243,4810,2024-12-13 02:37:33,completed,paid_search,paypal
9244,4039,2025-12-11 00:00:00,completed,referral,paypal
9245,772,2025-07-07 00:00:00,completed,organic_search,bank_transfer
9246,2737,2024-11-23 00:00:00,completed,social_media,bank_transfer
9247,2631,2025-07-22 00:00:00,cancelled,referral,paypal
9248,6691,2024-01-28 00:00:00,completed,organic_search,credit_card
9249,8519,2025-08-27 15:19:42,completed,social_media,credit_card
9250,2171,2025-03-03 00:00:00,completed,paid_search,debit_card
9251,731,2025-10-14 00:00:00,completed,paid_search,paypal
9252,-1,2025-12-15 00:00:00,completed,paid_search,debit_card
9253,6414,2025-12-04 00:00:00,completed,referral,credit_card
9254,8201,2025-11-28 00:00:00,completed,direct,debit_card
9255,1379,2025-03-22 00:00:00,completed,email,credit_card
9256,7422,2024-03-12 00:00:00,completed,organic_search,bank_transfer
9257,-1,2025-02-12 00:00:00,cancelled,paid_search,debit_card
9258,1455,2025-07-27 00:00:00,completed,social_media,debit_card
9259,1534,2025-11-17 17:28:27,completed,email,debit_card
9260,2754,2024-12-08 00:00:00,completed,organic_search,paypal
9261,2046,2025-12-01 11:45:31,cancelled,referral,credit_card
9262,8998,2025-10-15 00:00:00,completed,organic_search,credit_card
9263,3346,2025-12-24 00:00:00,completed,referral,debit_card
9264,7033,2025-11-16 00:00:00,cancelled,social_media,bank_transfer
9265,7462,2024-10-14 00:00:00,completed,organic_search,bank_transfer
9266,3556,2024-04-05 00:00:00,cancelled,referral,paypal
9267,6323,2024-05-11 10:51:35,completed,referral,debit_card
9268,1051,2024-10-23 00:00:00,completed,paid_search,bank_transfer
9269,3646,2025-06-03 00:00:00,completed,email,credit_card
9270,8927,2025-09-10 00:00:00,completed,referral,paypal
9271,1597,2025-11-24 00:00:00,completed,direct,paypal
9272,3556,2025-09-06 00:00:00,completed,direct,debit_card
9273,7318,2024-01-08 01:17:08,completed,paid_search,bank_transfer
9274,6161,2024-07-23 00:00:00,completed,organic_search,debit_card
9275,5822,2024-04-28 00:00:00,completed,paid_search,credit_card
9276,7889,2024-12-04 16:20:44,completed,social_media,bank_transfer
9277,291,2025-03-14 00:00:00,completed,social_media,debit_card
9278,7117,2024-02-28 00:00:00,completed,referral,bank_transfer
9279,8165,2024-11-27 00:00:00,completed,direct,credit_card
9280,164,2024-07-16 00:00:00,completed,organic_search,paypal
9281,5162,2025-06-26 00:00:00,completed,paid_search,debit_card
9282,3216,2025-12-02 00:00:00,completed,referral,paypal
9283,496,2025-09-03 00:00:00,completed,email,paypal
9284,3852,2025-09-01 00:00:00,completed,referral,debit_card
9285,5944,2025-12-15 00:00:00,completed,organic_search,debit_card
9286,8503,2024-08-19 00:00:00,completed,paid_search,credit_card
9287,5718,2025-03-26 15:00:57,completed,organic_search,paypal
9288,7925,2025-08-27 00:00:00,completed,email,paypal
9289,1186,2025-04-24 00:00:00,completed,referral,credit_card
9290,1990,2025-12-05 00:00:00,completed,organic_search,paypal
9291,8956,2024-12-12 00:00:00,completed,organic_search,bank_transfer
9292,8208,2025-02-11 00:00:00,completed,organic_search,credit_card
9293,2212,2024-04-17 00:00:00,completed,referral,credit_card
9294,5721,2025-05-30 00:00:00,completed,paid_search,credit_card
9295,3343,2024-10-21 00:00:00,completed,direct,paypal
9296,4325,2024-06-27 00:07:39,completed,paid_search,credit_card
9297,7959,2025-04-15 00:00:00,completed,social_media,debit_card
9298,6802,2025-04-06 00:00:00,completed,direct,paypal
9299,2243,2024-04-04 00:00:00,completed,referral,credit_card
9300,2929,2025-08-01 00:00:00,completed,email,paypal
9301,2714,2025-06-09 00:00:00,completed,social_media,debit_card
9302,7213,2024-07-26 00:00:00,completed,email,paypal
9303,4526,2025-02-16 00:00:00,completed,social_media,credit_card
9304,8775,2025-08-16 06:07:05,completed,social_media,credit_card
9305,7566,2025-04-04 00:00:00,completed,email,bank_transfer
9306,1997,2024-12-20 00:00:00,completed,direct,paypal
9307,7268,2024-11-12 00:00:00,cancelled,email,credit_card
9308,4682,2025-05-31 13:21:07,completed,email,debit_card
9309,2384,2025-12-09 00:00:00,completed,direct,debit_card
9310,3349,2025-07-14 00:00:00,cancelled,paid_search,debit_card
9311,8967,2024-04-03 02:36:22,completed,paid_search,credit_card
9312,4471,2025-09-02 00:00:00,completed,referral,debit_card
9313,6644,2025-11-20 00:00:00,completed,email,credit_card
9314,4406,2024-04-23 00:00:00,completed,social_media,debit_card
9315,3423,2025-12-27 00:00:00,completed,organic_search,debit_card
9316,7380,2025-12-13 00:00:00,completed,referral,credit_card
9317,7842,2024-06-04 00:00:00,completed,paid_search,credit_card
9318,705,2025-12-07 00:00:00,cancelled,paid_search,bank_transfer
9319,2619,2024-04-12 00:00:00,completed,paid_search,bank_transfer
9320,4703,2025-11-01 00:00:00,completed,organic_search,paypal
9321,2935,2024-12-31 18:52:13,completed,social_media,debit_card
9322,7241,2025-01-22 00:00:00,completed,social_media,debit_card
9323,1124,2025-06-17 00:00:00,completed,direct,debit_card
9324,7390,2025-09-21 06:21:28,completed,referral,debit_card
9325,5695,2024-02-16 20:17:38,completed,organic_search,bank_transfer
9326,2711,2025-05-19 00:00:00,completed,email,bank_transfer
9327,3183,2024-07-24 00:00:00,completed,paid_search,paypal
9328,1737,2024-11-25 00:00:00,completed,paid_search,bank_transfer
9329,2373,2024-11-26 22:32:04,completed,email,bank_transfer
9330,6622,2025-02-16 00:00:00,completed,direct,paypal
9331,3466,2024-11-19 00:00:00,completed,email,credit_card
9332,6376,2024-05-06 04:19:37,completed,paid_search,paypal
9333,4757,2024-06-13 00:00:00,completed,direct,paypal
9334,1393,2024-02-15 00:00:00,completed,social_media,credit_card
9335,4610,2025-02-17 00:00:00,completed,referral,debit_card
9336,6993,2025-12-15 00:00:00,completed,paid_search,debit_card
9337,2777,2024-05-14 00:00:00,completed,email,bank_transfer
9338,5988,2025-12-12 00:00:00,completed,organic_search,paypal
9339,1890,2025-08-25 00:00:00,completed,email,credit_card
9340,1315,2025-06-19 00:00:00,completed,paid_search,bank_transfer
9341,3320,2025-06-25 00:00:00,completed,social_media,credit_card
9342,3585,2025-10-22 00:00:00,completed,email,bank_transfer
9343,7029,2024-05-05 00:00:00,completed,paid_search,debit_card
9344,4244,2025-03-17 00:00:00,completed,paid_search,credit_card
9345,789,2025-08-01 00:00:00,cancelled,paid_search,paypal
9346,5847,2025-05-15 15:19:40,completed,organic_search,paypal
9347,4333,2025-10-25 00:00:00,completed,social_media,paypal
9348,3070,2024-03-31 00:00:00,completed,organic_search,paypal
9349,7437,2025-07-27 00:00:00,completed,social_media,debit_card
9350,1489,2025-04-08 00:00:00,completed,social_media,bank_transfer
9351,8459,2024-12-12 00:00:00,completed,social_media,bank_transfer
9352,3094,2024-11-22 00:00:00,completed,direct,credit_card
9353,4254,2025-06-07 00:00:00,returned,paid_search,debit_card
9354,8594,2025-11-20 00:00:00,completed,paid_search,bank_transfer
9355,7032,2025-03-10 00:00:00,completed,social_media,bank_transfer
9356,727,2025-10-21 23:22:10,completed,email,paypal
9357,5349,2024-12-24 00:00:00,cancelled,organic_search,paypal
9358,2890,2024-01-05 00:00:00,completed,social_media,credit_card
9359,4706,2024-03-19 16:30:30,completed,direct,credit_card
9360,6874,2024-03-08 00:00:00,cancelled,referral,bank_transfer
9361,4580,2024-12-13 10:53:57,completed,organic_search,bank_transfer
9362,696,2024-11-20 00:00:00,completed,referral,credit_card
9363,4901,2025-08-15 00:00:00,completed,paid_search,bank_transfer
9364,245,2025-08-31 00:00:00,completed,direct,bank_transfer
9365,3214,2024-03-08 00:00:00,completed,paid_search,debit_card
9366,4414,2024-08-25 00:00:00,completed,social_media,debit_card
9367,5951,2024-10-10 00:00:00,completed,referral,debit_card
9368,4683,2025-04-17 00:00:00,completed,email,paypal
9369,1461,2024-12-06 00:00:00,completed,referral,bank_transfer
9370,8609,2024-06-01 18:46:01,completed,paid_search,paypal
9371,6012,2025-11-12 00:00:00,completed,social_media,paypal
9372,2940,2025-10-09 00:00:00,completed,email,debit_card
9373,8912,2024-07-18 00:00:00,cancelled,social_media,paypal
9374,8165,2024-12-26 00:00:00,completed,social_media,credit_card
9375,1375,2024-12-01 00:00:00,completed,referral,paypal
9376,6068,2025-10-01 13:30:10,completed,social_media,debit_card
9377,5173,2025-03-21 18:23:54,completed,email,credit_card
9378,1831,2024-05-26 00:00:00,completed,email,bank_transfer
9379,2197,2025-08-29 11:35:06,completed,social_media,debit_card
9380,5209,2024-12-21 00:00:00,completed,social_media,paypal
9381,2981,2024-01-10 00:00:00,completed,direct,credit_card
9382,7722,2024-10-12 00:00:00,completed,organic_search,bank_transfer
9383,960,2025-03-11 19:07:13,completed,email,paypal
9384,8465,2024-11-24 00:00:00,returned,social_media,debit_card
9385,7775,2024-09-13 00:00:00,cancelled,referral,paypal
9386,6830,2024-12-22 00:00:00,completed,organic_search,debit_card
9387,2467,2024-01-27 00:00:00,completed,email,paypal
9388,6597,2025-09-19 00:31:31,completed,referral,paypal
9389,4041,2024-07-08 00:00:00,completed,referral,paypal
9390,5845,2024-02-29 00:00:00,completed,referral,credit_card
9391,2895,2025-07-01 17:49:50,completed,paid_search,bank_transfer
9392,7732,2025-09-20 00:00:00,completed,referral,credit_card
9393,402,2025-10-14 00:00:00,completed,organic_search,bank_transfer
9394,6417,2025-03-08 00:00:00,completed,organic_search,paypal
9395,7664,2024-08-11 00:00:00,completed,referral,bank_transfer
9396,5971,2025-08-28 00:00:00,completed,organic_search,paypal
9397,1822,2025-08-02 00:00:00,completed,social_media,credit_card
9398,2676,2024-09-16 00:00:00,completed,referral,debit_card
9399,4766,2025-11-25 00:00:00,returned,direct,paypal
9400,3045,2024-03-05 00:00:00,cancelled,paid_search,paypal
9401,50,2025-12-25 00:00:00,completed,social_media,debit_card
9402,402,2025-11-08 00:00:00,completed,social_media,paypal
9403,7089,2025-07-25 00:00:00,completed,social_media,paypal
9404,818,2025-12-09 01:27:38,completed,organic_search,credit_card
9405,8588,2025-08-18 00:00:00,completed,paid_search,bank_transfer
9406,4081,2024-07-27 00:00:00,completed,paid_search,bank_transfer
9407,7003,2025-01-23 00:00:00,completed,referral,debit_card
9408,1213,2024-03-30 00:00:00,completed,direct,bank_transfer
9409,8573,2024-12-17 02:59:07,cancelled,referral,bank_transfer
9410,335,2025-08-31 00:00:00,completed,social_media,paypal
9411,415,2024-12-16 00:00:00,completed,direct,bank_transfer
9412,535,2024-11-17 00:00:00,completed,paid_search,credit_card
9413,1017,2025-05-21 00:00:00,completed,referral,credit_card
9414,4494,2025-11-13 12:18:55,cancelled,social_media,paypal
9415,7295,2024-03-04 21:40:15,completed,email,debit_card
9416,2675,2024-12-15 00:00:00,completed,organic_search,paypal
9417,6893,2024-06-25 00:00:00,completed,direct,credit_card
9418,7146,2025-07-30 00:00:00,completed,social_media,paypal
9419,8410,2024-05-04 00:00:00,completed,direct,debit_card
9420,1431,2025-07-09 00:00:00,completed,referral,credit_card
9421,1313,2024-10-19 00:00:00,completed,social_media,paypal
9422,1188,2024-04-08 00:00:00,completed,paid_search,debit_card
9423,3311,2025-12-08 23:13:16,cancelled,email,paypal
9424,4518,2024-01-27 00:00:00,completed,social_media,credit_card
9425,4261,2025-01-19 00:00:00,completed,paid_search,debit_card
9426,2419,2024-01-31 00:00:00,cancelled,direct,credit_card
9427,5731,2025-03-01 00:00:00,completed,email,debit_card
9428,3123,2025-03-14 00:00:00,completed,referral,debit_card
9429,3374,2024-12-11 00:00:00,returned,email,credit_card
9430,1031,2024-05-30 14:09:57,completed,referral,credit_card
9431,5455,2024-12-11 00:00:00,completed,email,debit_card
9432,6066,2025-07-14 00:00:00,completed,organic_search,credit_card
9433,6999,2025-09-26 00:00:00,completed,referral,credit_card
9434,8364,2025-04-05 09:55:12,completed,organic_search,paypal
9435,7072,2025-05-17 00:00:00,completed,direct,credit_card
9436,2217,2024-08-06 00:00:00,completed,email,bank_transfer
9437,2216,2024-10-20 00:00:00,completed,referral,paypal
9438,8466,2024-06-29 00:00:00,completed,email,paypal
9439,7314,2024-09-19 03:45:22,completed,direct,bank_transfer
9440,7229,2024-08-29 00:00:00,completed,referral,bank_transfer
9441,6644,2025-03-28 00:00:00,completed,organic_search,paypal
9442,2515,2025-04-28 00:00:00,returned,referral,credit_card
9443,-1,2025-12-11 16:15:37,cancelled,paid_search,credit_card
9444,1371,2024-01-08 00:00:00,completed,direct,bank_transfer
9445,3232,2025-06-22 00:00:00,completed,direct,debit_card
9446,3198,2025-10-16 00:00:00,completed,organic_search,paypal
9447,5173,2025-04-26 00:00:00,completed,paid_search,credit_card
9448,4280,2024-09-24 00:00:00,completed,paid_search,bank_transfer
9449,4241,2024-09-30 00:00:00,completed,organic_search,credit_card
9450,5107,2024-02-23 12:43:33,completed,email,bank_transfer
9451,3826,2024-03-11 00:00:00,returned,paid_search,bank_transfer
9452,2349,2025-02-09 00:00:00,completed,email,bank_transfer
9453,6154,2024-03-04 00:00:00,completed,organic_search,bank_transfer
9454,7320,2024-08-24 00:00:00,completed,direct,paypal
9455,4427,2025-08-07 00:00:00,completed,social_media,debit_card
9456,6005,2025-09-26 00:00:00,completed,email,bank_transfer
9457,4941,2025-04-02 00:00:00,completed,email,debit_card
9458,582,2025-01-08 00:00:00,completed,email,paypal
9459,3904,2024-12-17 00:00:00,completed,direct,debit_card
9460,96,2024-06-27 00:00:00,cancelled,organic_search,credit_card
9461,6130,2024-12-22 00:00:00,returned,social_media,paypal
9462,4705,2025-10-05 00:00:00,completed,direct,paypal
9463,1228,2025-12-13 00:00:00,completed,paid_search,paypal
9464,5010,2024-03-27 00:00:00,completed,social_media,bank_transfer
9465,8314,2025-03-19 17:39:21,cancelled,referral,credit_card
9466,3148,2024-11-16 06:33:45,completed,organic_search,bank_transfer
9467,-1,2025-03-20 00:00:00,completed,organic_search,debit_card
9468,8853,2024-02-03 00:00:00,completed,paid_search,paypal
9469,7260,2024-07-11 00:00:00,completed,email,bank_transfer
9470,7532,2025-10-18 00:00:00,completed,referral,paypal
9471,3774,2025-04-22 00:00:00,completed,direct,bank_transfer
9472,3700,2025-01-31 12:20:20,completed,email,debit_card
9473,8806,2024-10-19 00:00:00,returned,referral,paypal
9474,3374,2024-10-29 00:00:00,completed,referral,debit_card
9475,950,2024-12-14 17:14:15,completed,direct,paypal
9476,1473,2025-10-27 22:41:37,completed,organic_search,credit_card
9477,6573,2025-12-20 00:00:00,completed,paid_search,bank_transfer
9478,3534,2025-01-19 00:00:00,completed,direct,paypal
9479,1893,2024-12-19 00:00:00,cancelled,paid_search,credit_card
9480,7532,2025-11-02 00:00:00,completed,paid_search,paypal
9481,4512,2025-01-09 00:00:00,completed,paid_search,credit_card
9482,5245,2025-04-20 00:00:00,completed,email,paypal
9483,1484,2024-09-03 00:00:00,completed,email,bank_transfer
9484,1830,2025-09-01 00:00:00,completed,email,credit_card
9485,1218,2025-04-06 00:00:00,completed,paid_search,bank_transfer
9486,4762,2025-11-10 00:00:00,completed,organic_search,credit_card
9487,7163,2025-09-24 00:00:00,completed,email,credit_card
9488,6767,2024-08-20 00:00:00,completed,direct,credit_card
9489,2452,2025-08-13 00:00:00,completed,organic_search,debit_card
9490,7872,2025-10-06 09:44:44,cancelled,email,paypal
9491,1032,2024-11-25 00:00:00,completed,referral,bank_transfer
9492,1122,2024-10-07 00:00:00,completed,social_media,credit_card
9493,7850,2024-01-04 00:00:00,completed,email,debit_card
9494,2300,2025-01-31 00:00:00,completed,direct,debit_card
9495,6550,2024-11-29 00:00:00,completed,email,debit_card
9496,89,2025-04-22 01:23:03,completed,paid_search,paypal
9497,917,2024-07-25 00:00:00,completed,organic_search,credit_card
9498,5617,2025-07-11 00:00:00,completed,referral,credit_card
9499,1730,2024-09-26 00:00:00,completed,organic_search,bank_transfer
9500,285,2024-08-30 00:00:00,completed,paid_search,credit_card
9501,4308,2025-02-26 00:00:00,completed,paid_search,bank_transfer
9502,3059,2025-03-12 00:00:00,completed,direct,credit_card
9503,7437,2024-08-20 00:00:00,completed,organic_search,credit_card
9504,7583,2024-08-10 00:00:00,completed,email,bank_transfer
9505,5667,2024-07-07 00:00:00,completed,email,paypal
9506,2740,2025-08-15 00:00:00,completed,referral,paypal
9507,4262,2025-09-18 00:00:00,completed,email,credit_card
9508,6500,2025-02-10 06:38:45,completed,paid_search,credit_card
9509,680,2025-12-08 00:00:00,completed,paid_search,bank_transfer
9510,3079,2025-08-27 00:00:00,completed,paid_search,credit_card
9511,7608,2024-06-05 00:00:00,completed,email,credit_card
9512,3734,2025-12-19 00:00:00,cancelled,referral,credit_card
9513,5759,2025-10-18 00:00:00,completed,direct,bank_transfer
9514,944,2024-08-10 00:00:00,completed,paid_search,credit_card
9515,7178,2024-07-23 00:00:00,completed,organic_search,credit_card
9516,988,2024-05-24 00:00:00,completed,direct,credit_card
9517,7968,2024-06-05 03:06:44,completed,social_media,credit_card
9518,1042,2025-09-04 00:00:00,completed,email,credit_card
9519,8237,2025-02-16 00:00:00,completed,organic_search,bank_transfer
9520,3351,2025-09-26 00:00:00,completed,email,bank_transfer
9521,5757,2025-09-03 00:00:00,cancelled,referral,paypal
9522,7829,2025-05-27 06:44:57,completed,paid_search,debit_card
9523,101,2025-07-24 00:00:00,completed,paid_search,credit_card
9524,2501,2024-01-26 00:00:00,completed,direct,debit_card
9525,8410,2024-06-11 00:00:00,cancelled,organic_search,bank_transfer
9526,3576,2025-06-19 00:00:00,completed,email,bank_transfer
9527,6534,2024-01-14 00:00:00,completed,organic_search,credit_card
9528,1345,2024-02-15 00:00:00,cancelled,paid_search,bank_transfer
9529,6275,2025-11-04 00:00:00,completed,email,bank_transfer
9530,716,2025-07-22 00:00:00,completed,social_media,bank_transfer
9531,6622,2024-10-03 00:00:00,completed,paid_search,bank_transfer
9532,3001,2025-07-25 00:00:00,cancelled,social_media,credit_card
9533,4305,2025-02-10 00:00:00,completed,direct,paypal
9534,1579,2024-11-03 00:00:00,completed,paid_search,bank_transfer
9535,5791,2024-02-18 00:00:00,completed,paid_search,paypal
9536,3117,2025-12-07 00:00:00,completed,referral,paypal
9537,3540,2024-11-25 00:00:00,cancelled,direct,bank_transfer
9538,6036,2024-05-05 00:00:00,cancelled,email,debit_card
9539,1693,2025-07-03 00:00:00,completed,referral,bank_transfer
9540,7876,2025-09-17 00:00:00,completed,organic_search,bank_transfer
9541,6835,2024-08-26 00:00:00,completed,organic_search,debit_card
9542,5343,2024-10-06 05:05:28,completed,paid_search,credit_card
9543,1245,2024-09-13 00:00:00,completed,email,bank_transfer
9544,6372,2025-12-28 00:00:00,completed,referral,paypal
9545,183,2024-08-03 00:00:00,completed,referral,paypal
9546,7460,2025-05-07 00:00:00,cancelled,social_media,debit_card
9547,2834,2025-12-04 00:00:00,completed,direct,paypal
9548,1144,2024-06-14 00:00:00,completed,direct,debit_card
9549,1560,2025-12-21 00:00:00,completed,email,credit_card
9550,8887,2025-12-12 00:00:00,completed,social_media,paypal
9551,7145,2025-11-18 00:00:00,completed,organic_search,bank_transfer
9552,2237,2024-08-19 00:00:00,completed,social_media,bank_transfer
9553,8891,2025-06-17 00:00:00,completed,email,paypal
9554,1346,2025-12-09 00:00:00,completed,referral,bank_transfer
9555,6779,2025-12-26 00:00:00,completed,direct,paypal
9556,6081,2024-07-17 00:00:00,cancelled,direct,credit_card
9557,7605,2025-09-15 00:51:51,completed,email,bank_transfer
9558,3521,2024-11-21 00:00:00,completed,organic_search,credit_card
9559,3696,2024-07-13 21:15:21,cancelled,paid_search,paypal
9560,5758,2025-03-01 00:00:00,completed,email,paypal
9561,3658,2025-10-03 00:00:00,completed,referral,bank_transfer
9562,409,2025-02-12 00:00:00,completed,paid_search,paypal
9563,6743,2025-04-10 11:38:38,completed,organic_search,credit_card
9564,5912,2025-12-30 00:00:00,completed,paid_search,credit_card
9565,3909,2024-12-22 11:49:02,cancelled,direct,debit_card
9566,2821,2025-06-03 19:05:12,completed,direct,bank_transfer
9567,2979,2024-05-12 00:00:00,completed,paid_search,bank_transfer
9568,6851,2024-12-19 00:00:00,completed,direct,debit_card
9569,6737,2025-07-31 20:36:27,completed,paid_search,bank_transfer
9570,7583,2025-09-12 00:00:00,completed,organic_search,bank_transfer
9571,7041,2025-04-13 00:00:00,completed,social_media,credit_card
9572,6999,2025-09-17 00:00:00,cancelled,direct,debit_card
9573,2369,2024-04-18 00:00:00,completed,paid_search,paypal
9574,998,2024-08-16 11:45:47,completed,organic_search,debit_card
9575,7037,2025-03-15 00:00:00,completed,referral,credit_card
9576,970,2024-01-28 00:00:00,completed,referral,debit_card
9577,-1,2024-09-22 00:00:00,completed,social_media,bank_transfer
9578,8093,2025-03-26 00:00:00,completed,email,debit_card
9579,4928,2024-01-21 00:00:00,completed,email,paypal
9580,3249,2024-02-10 00:00:00,completed,email,bank_transfer
9581,4876,2025-03-24 00:00:00,cancelled,paid_search,debit_card
9582,6787,2025-05-05 00:00:00,completed,direct,debit_card
9583,6992,2025-04-12 00:00:00,returned,referral,debit_card
9584,720,2025-06-25 00:00:00,completed,social_media,bank_transfer
9585,7462,2024-12-30 00:00:00,completed,referral,debit_card
9586,5918,2025-06-12 00:00:00,completed,email,debit_card
9587,402,2025-09-27 00:00:00,completed,organic_search,credit_card
9588,2902,2024-08-05 00:00:00,completed,paid_search,paypal
9589,4728,2024-05-29 00:00:00,completed,paid_search,bank_transfer
9590,1786,2025-07-17 00:00:00,returned,direct,credit_card
9591,1496,2025-04-26 00:00:00,completed,organic_search,credit_card
9592,147,2025-09-30 00:00:00,completed,direct,paypal
9593,8446,2025-08-29 14:06:27,completed,social_media,credit_card
9594,551,2025-06-10 21:09:34,completed,direct,debit_card
9595,3373,2025-12-27 00:00:00,completed,referral,credit_card
9596,1942,2025-04-07 05:43:18,cancelled,social_media,credit_card
9597,6851,2024-12-05 00:00:00,completed,referral,credit_card
9598,6540,2025-10-23 00:00:00,completed,referral,bank_transfer
9599,7470,2024-09-21 00:00:00,completed,referral,credit_card
9600,5685,2025-09-22 00:00:00,completed,paid_search,paypal
9601,5448,2025-12-16 00:00:00,completed,email,debit_card
9602,3747,2025-07-31 00:00:00,completed,organic_search,bank_transfer
9603,5863,2025-05-21 00:00:00,completed,direct,paypal
9604,1128,2025-08-02 00:00:00,completed,direct,bank_transfer
9605,6345,2024-05-12 00:00:00,completed,social_media,bank_transfer
9606,1020,2024-11-29 15:11:44,completed,organic_search,debit_card
9607,7970,2025-06-18 00:00:00,completed,social_media,bank_transfer
9608,4679,2025-06-09 00:00:00,completed,email,bank_transfer
9609,4905,2025-07-19 00:00:00,completed,organic_search,credit_card
9610,5374,2024-08-04 00:00:00,completed,organic_search,bank_transfer
9611,7168,2025-09-03 00:00:00,completed,organic_search,paypal
9612,4420,2025-10-01 00:00:00,completed,social_media,bank_transfer
9613,3946,2025-02-22 02:05:39,completed,email,credit_card
9614,2701,2025-04-09 09:07:33,cancelled,paid_search,bank_transfer
9615,1242,2025-09-19 07:26:51,completed,paid_search,debit_card
9616,1808,2025-07-06 00:00:00,cancelled,referral,debit_card
9617,7,2024-12-27 14:50:33,completed,social_media,debit_card
9618,8045,2025-11-22 12:48:04,completed,paid_search,bank_transfer
9619,7060,2024-06-29 00:00:00,completed,direct,paypal
9620,2060,2025-12-30 15:46:56,completed,organic_search,credit_card
9621,24,2024-05-17 00:00:00,completed,referral,paypal
9622,4547,2024-01-21 19:36:42,completed,direct,bank_transfer
9623,3796,2025-11-20 00:00:00,completed,direct,credit_card
9624,7167,2024-09-15 00:00:00,completed,social_media,paypal
9625,3703,2025-08-23 00:00:00,completed,referral,bank_transfer
9626,7992,2025-10-13 00:00:00,completed,organic_search,debit_card
9627,938,2025-07-11 00:00:00,completed,social_media,bank_transfer
9628,3371,2025-12-28 00:00:00,completed,email,credit_card
9629,8613,2024-10-26 00:00:00,completed,direct,credit_card
9630,118,2025-10-08 00:00:00,completed,social_media,debit_card
9631,3597,2024-05-14 00:00:00,completed,social_media,paypal
9632,2440,2024-12-26 00:00:00,completed,direct,credit_card
9633,4914,2025-02-11 00:00:00,completed,paid_search,credit_card
9634,2617,2024-12-07 00:00:00,completed,organic_search,bank_transfer
9635,8045,2025-05-18 19:13:21,completed,organic_search,bank_transfer
9636,8646,2025-03-16 00:00:00,completed,paid_search,bank_transfer
9637,7849,2025-06-25 00:00:00,completed,email,bank_transfer
9638,3661,2025-12-22 00:00:00,completed,email,paypal
9639,-1,2024-03-13 00:00:00,completed,social_media,credit_card
9640,6795,2025-05-06 00:00:00,completed,referral,bank_transfer
9641,3282,2025-11-09 00:00:00,completed,direct,credit_card
9642,918,2025-02-27 00:00:00,completed,organic_search,bank_transfer
9643,6173,2024-04-07 12:42:59,completed,paid_search,credit_card
9644,6729,2025-04-26 00:00:00,completed,direct,debit_card
9645,1191,2024-11-17 05:03:25,completed,paid_search,credit_card
9646,5067,2024-06-22 00:00:00,completed,paid_search,paypal
9647,-1,2025-11-03 00:00:00,completed,referral,bank_transfer
9648,3019,2025-03-30 00:00:00,completed,organic_search,paypal
9649,2816,2025-12-07 00:00:00,completed,direct,bank_transfer
9650,8359,2025-10-10 00:00:00,completed,direct,credit_card
9651,1146,2025-07-29 00:00:00,completed,direct,credit_card
9652,8613,2024-01-08 00:00:00,completed,paid_search,bank_transfer
9653,7199,2025-09-01 00:00:00,completed,social_media,bank_transfer
9654,3598,2024-08-03 00:00:00,completed,social_media,debit_card
9655,-1,2025-11-29 00:00:00,completed,social_media,credit_card
9656,196,2024-07-12 23:40:30,completed,email,debit_card
9657,3466,2024-10-19 00:00:00,completed,organic_search,credit_card
9658,6523,2025-03-26 00:00:00,completed,email,credit_card
9659,4502,2024-01-10 00:00:00,completed,email,debit_card
9660,6830,2024-08-15 00:00:00,completed,email,bank_transfer
9661,6207,2025-05-23 00:00:00,completed,referral,paypal
9662,5299,2024-04-17 00:00:00,completed,email,credit_card
9663,8929,2024-03-16 00:00:00,returned,organic_search,paypal
9664,6727,2024-12-09 19:34:59,completed,organic_search,credit_card
9665,8466,2025-08-17 00:00:00,returned,referral,credit_card
9666,2280,2025-04-22 00:00:00,completed,direct,credit_card
9667,6586,2025-01-05 00:00:00,completed,paid_search,paypal
9668,5512,2025-04-30 00:00:00,completed,email,debit_card
9669,8551,2024-12-06 00:00:00,completed,organic_search,credit_card
9670,4726,2025-12-08 20:24:50,completed,referral,paypal
9671,2626,2024-03-12 14:55:39,completed,paid_search,bank_transfer
9672,3551,2025-07-15 00:00:00,completed,referral,bank_transfer
9673,2060,2025-11-20 00:00:00,completed,organic_search,debit_card
9674,2068,2025-10-08 00:00:00,completed,referral,debit_card
9675,4348,2024-07-21 03:35:20,completed,email,bank_transfer
9676,8254,2024-10-27 00:00:00,cancelled,social_media,bank_transfer
9677,1821,2025-08-14 00:00:00,completed,organic_search,paypal
9678,2698,2024-04-13 00:00:00,completed,social_media,paypal
9679,7886,2025-10-13 00:00:00,completed,email,bank_transfer
9680,3134,2025-08-16 00:00:00,completed,organic_search,credit_card
9681,8878,2025-08-23 00:00:00,completed,referral,credit_card
9682,2532,2024-04-29 23:30:04,completed,social_media,bank_transfer
9683,4074,2025-08-15 00:00:00,completed,direct,credit_card
9684,938,2025-07-19 00:00:00,returned,direct,credit_card
9685,-1,2025-10-24 07:57:09,completed,direct,bank_transfer
9686,8231,2024-02-26 00:00:00,completed,direct,bank_transfer
9687,7572,2024-02-02 00:00:00,completed,email,credit_card
9688,1496,2024-09-12 00:00:00,completed,referral,credit_card
9689,8948,2024-06-16 00:00:00,completed,email,paypal
9690,8594,2025-04-25 00:00:00,completed,organic_search,debit_card
9691,4020,2025-12-01 00:00:00,completed,direct,credit_card
9692,6314,2024-12-18 17:40:05,completed,organic_search,debit_card
9693,-1,2025-11-01 17:07:46,cancelled,direct,credit_card
9694,3768,2024-01-01 00:00:00,completed,email,credit_card
9695,1110,2024-06-07 00:00:00,completed,paid_search,credit_card
9696,8032,2024-02-11 00:00:00,completed,referral,paypal
9697,4400,2024-11-15 00:00:00,completed,organic_search,paypal
9698,-1,2025-11-27 23:53:47,completed,social_media,debit_card
9699,5080,2024-04-25 00:00:00,cancelled,email,bank_transfer
9700,294,2025-05-28 17:46:16,completed,email,bank_transfer
9701,4544,2025-01-31 00:00:00,completed,organic_search,bank_transfer
9702,6629,2025-12-09 00:00:00,completed,email,debit_card
9703,265,2024-05-21 00:00:00,completed,referral,bank_transfer
9704,3805,2024-08-17 00:00:00,completed,organic_search,bank_transfer
9705,1496,2024-10-02 00:00:00,completed,email,debit_card
9706,5938,2025-01-15 00:00:00,completed,direct,debit_card
9707,8837,2024-10-13 00:00:00,completed,direct,credit_card
9708,5758,2025-11-12 00:00:00,completed,organic_search,debit_card
9709,6436,2025-05-27 00:00:00,cancelled,referral,bank_transfer
9710,3643,2025-02-06 00:00:00,completed,paid_search,debit_card
9711,5202,2025-04-06 00:00:00,completed,email,bank_transfer
9712,5024,2024-04-20 00:00:00,completed,organic_search,paypal
9713,7014,2025-01-25 01:54:57,returned,organic_search,debit_card
9714,7926,2025-12-31 00:00:00,cancelled,social_media,paypal
9715,6141,2025-10-27 00:00:00,completed,social_media,credit_card
9716,-1,2025-11-21 00:00:00,completed,organic_search,credit_card
9717,7659,2025-10-20 22:58:13,completed,referral,credit_card
9718,1208,2024-02-05 00:00:00,completed,direct,paypal
9719,4698,2024-08-31 00:00:00,returned,social_media,debit_card
9720,8358,2024-05-01 00:00:00,cancelled,referral,credit_card
9721,8713,2024-11-02 10:45:48,completed,email,debit_card
9722,3508,2024-05-07 16:59:17,completed,email,bank_transfer
9723,6705,2025-02-19 00:00:00,completed,social_media,bank_transfer
9724,3774,2025-07-18 00:00:00,cancelled,direct,bank_transfer
9725,1200,2025-11-14 00:00:00,completed,social_media,paypal
9726,8184,2025-05-09 00:00:00,cancelled,social_media,debit_card
9727,8606,2025-12-09 00:00:00,completed,referral,credit_card
9728,4668,2024-03-11 11:21:49,cancelled,social_media,bank_transfer
9729,186,2024-01-18 13:21:31,completed,paid_search,credit_card
9730,7558,2025-07-06 00:00:00,completed,organic_search,bank_transfer
9731,4404,2024-10-22 00:00:00,completed,email,credit_card
9732,736,2024-09-23 00:00:00,completed,referral,paypal
9733,1796,2024-11-17 00:00:00,completed,email,credit_card
9734,1464,2024-10-06 00:00:00,completed,organic_search,paypal
9735,6363,2025-03-22 08:58:11,completed,paid_search,debit_card
9736,2793,2025-01-21 00:00:00,completed,organic_search,bank_transfer
9737,1238,2025-03-23 00:00:00,completed,email,debit_card
9738,8491,2025-07-14 00:00:00,completed,organic_search,bank_transfer
9739,8827,2024-12-16 00:00:00,completed,paid_search,paypal
9740,1335,2024-09-21 00:00:00,completed,social_media,bank_transfer
9741,2166,2024-07-03 00:00:00,completed,organic_search,bank_transfer
9742,5454,2024-11-27 08:39:15,completed,social_media,paypal
9743,1446,2025-08-31 05:50:21,completed,paid_search,debit_card
9744,1503,2025-09-09 00:00:00,completed,referral,bank_transfer
9745,3107,2025-07-10 00:00:00,completed,paid_search,credit_card
9746,8760,2024-06-09 00:00:00,completed,email,debit_card
9747,8878,2025-05-16 00:00:00,cancelled,paid_search,credit_card
9748,7785,2025-03-05 00:00:00,completed,social_media,debit_card
9749,6440,2025-01-03 00:00:00,cancelled,organic_search,debit_card
9750,6652,2025-04-19 00:00:00,completed,paid_search,debit_card
9751,4337,2025-07-03 00:00:00,cancelled,direct,credit_card
9752,4903,2025-04-30 00:00:00,completed,email,credit_card
9753,5853,2025-08-13 17:56:31,completed,paid_search,bank_transfer
9754,6757,2024-05-08 00:51:09,completed,email,debit_card
9755,950,2025-05-09 00:00:00,cancelled,direct,credit_card
9756,2115,2024-03-06 00:00:00,completed,referral,bank_transfer
9757,8885,2024-03-25 00:00:00,completed,paid_search,debit_card
9758,3103,2025-12-23 09:50:28,completed,referral,paypal
9759,2527,2025-12-16 00:00:00,completed,email,credit_card
9760,3896,2024-03-18 10:20:20,completed,referral,credit_card
9761,2723,2025-01-24 00:00:00,completed,email,paypal
9762,893,2024-07-23 00:00:00,completed,organic_search,debit_card
9763,1967,2025-03-02 00:00:00,completed,direct,credit_card
9764,5905,2025-10-24 10:07:34,completed,organic_search,credit_card
9765,2098,2025-12-13 00:00:00,completed,social_media,bank_transfer
9766,5984,2025-06-17 00:00:00,completed,referral,paypal
9767,984,2024-11-30 00:00:00,completed,email,debit_card
9768,412,2025-05-26 00:00:00,completed,social_media,debit_card
9769,7968,2024-11-06 13:13:15,completed,organic_search,paypal
9770,7019,2025-11-28 00:00:00,completed,referral,debit_card
9771,6166,2025-11-12 14:29:46,completed,social_media,debit_card
9772,312,2025-04-25 00:00:00,completed,social_media,debit_card
9773,2252,2024-11-13 00:00:00,completed,email,paypal
9774,7517,2024-10-25 00:00:00,completed,email,bank_transfer
9775,-1,2024-02-15 00:00:00,completed,paid_search,credit_card
9776,7523,2025-10-15 00:00:00,completed,email,credit_card
9777,5371,2025-01-30 07:31:08,completed,referral,debit_card
9778,6843,2024-11-14 00:00:00,completed,social_media,debit_card
9779,5949,2025-02-18 00:00:00,completed,paid_search,credit_card
9780,3842,2025-10-17 00:00:00,completed,paid_search,credit_card
9781,2733,2024-05-23 10:13:54,completed,social_media,paypal
9782,6226,2025-11-06 05:45:46,completed,organic_search,credit_card
9783,7473,2025-11-23 00:00:00,completed,social_media,bank_transfer
9784,434,2025-12-12 00:00:00,completed,email,bank_transfer
9785,3506,2024-12-21 00:00:00,completed,direct,paypal
9786,3236,2024-08-22 03:13:57,completed,organic_search,debit_card
9787,5168,2024-10-12 00:00:00,completed,paid_search,bank_transfer
9788,1120,2024-11-18 00:00:00,completed,organic_search,debit_card
9789,8613,2024-07-13 00:00:00,completed,social_media,debit_card
9790,5059,2025-05-29 00:00:00,completed,organic_search,paypal
9791,8546,2025-02-22 00:00:00,completed,direct,credit_card
9792,7567,2025-11-10 19:22:54,completed,social_media,debit_card
9793,1818,2024-02-13 00:00:00,completed,paid_search,debit_card
9794,1283,2025-06-24 05:07:44,completed,social_media,paypal
9795,7964,2025-09-13 00:00:00,completed,direct,bank_transfer
9796,4949,2025-11-09 00:00:00,completed,email,bank_transfer
9797,201,2025-11-18 00:00:00,completed,social_media,paypal
9798,8617,2025-08-22 00:00:00,cancelled,referral,bank_transfer
9799,4371,2025-12-05 00:00:00,completed,organic_search,paypal
9800,2808,2024-11-18 00:00:00,completed,direct,credit_card
9801,4783,2025-03-16 00:00:00,cancelled,direct,debit_card
9802,7615,2024-01-20 00:00:00,completed,social_media,paypal
9803,1079,2024-10-01 00:00:00,returned,organic_search,paypal
9804,3306,2024-09-11 00:00:00,completed,direct,credit_card
9805,2962,2024-04-29 00:00:00,completed,social_media,bank_transfer
9806,7765,2024-09-28 00:00:00,completed,referral,debit_card
9807,7189,2024-07-14 00:00:00,completed,referral,bank_transfer
9808,3678,2024-02-09 00:00:00,cancelled,paid_search,bank_transfer
9809,6157,2025-11-28 00:00:00,completed,email,debit_card
9810,3630,2024-12-01 00:00:00,completed,organic_search,paypal
9811,5283,2025-08-27 00:00:00,completed,organic_search,debit_card
9812,-1,2024-06-19 10:57:28,completed,paid_search,credit_card
9813,4943,2025-11-29 00:00:00,completed,direct,credit_card
9814,-1,2025-11-21 00:00:00,completed,email,bank_transfer
9815,6907,2025-01-07 00:00:00,completed,email,paypal
9816,1178,2025-07-14 12:18:32,completed,direct,debit_card
9817,7374,2024-08-01 00:00:00,completed,social_media,paypal
9818,1533,2025-12-26 00:00:00,completed,direct,credit_card
9819,4919,2025-11-15 00:00:00,completed,social_media,debit_card
9820,5658,2025-11-22 00:00:00,completed,referral,bank_transfer
9821,8251,2025-07-05 00:00:00,completed,referral,credit_card
9822,1989,2024-11-25 19:55:23,completed,direct,paypal
9823,8101,2025-11-21 00:00:00,completed,referral,credit_card
9824,8620,2024-10-23 00:00:00,completed,direct,bank_transfer
9825,874,2025-04-28 00:00:00,completed,organic_search,paypal
9826,8191,2024-04-28 00:00:00,completed,referral,bank_transfer
9827,2433,2025-12-03 00:00:00,completed,organic_search,bank_transfer
9828,787,2024-08-06 00:00:00,completed,organic_search,bank_transfer
9829,8848,2024-08-29 00:00:00,completed,direct,credit_card
9830,3608,2025-04-25 00:00:00,returned,social_media,bank_transfer
9831,5741,2025-09-14 00:00:00,returned,referral,bank_transfer
9832,5101,2025-06-06 00:00:00,completed,referral,paypal
9833,2012,2024-04-09 00:00:00,completed,social_media,credit_card
9834,6195,2024-01-02 00:00:00,completed,referral,paypal
9835,449,2025-09-10 00:00:00,completed,referral,debit_card
9836,1922,2025-12-26 00:00:00,completed,social_media,paypal
9837,8718,2025-10-12 00:00:00,completed,email,credit_card
9838,8797,2025-02-08 00:00:00,completed,paid_search,credit_card
9839,4466,2025-11-26 00:00:00,completed,social_media,bank_transfer
9840,1603,2024-12-27 00:00:00,completed,paid_search,paypal
9841,3892,2025-01-04 00:00:00,completed,social_media,paypal
9842,8114,2025-02-23 00:00:00,completed,paid_search,paypal
9843,689,2025-01-28 00:00:00,returned,referral,bank_transfer
9844,1240,2025-09-21 00:00:00,completed,paid_search,credit_card
9845,8282,2025-04-02 00:52:02,completed,referral,debit_card
9846,3825,2024-09-11 00:00:00,completed,email,bank_transfer
9847,815,2024-09-27 00:00:00,completed,paid_search,debit_card
9848,1341,2024-02-21 00:00:00,completed,social_media,paypal
9849,8163,2025-05-12 00:00:00,completed,paid_search,debit_card
9850,4526,2024-02-09 00:00:00,completed,email,bank_transfer
9851,1547,2024-06-15 00:00:00,completed,direct,credit_card
9852,8267,2025-01-07 00:00:00,completed,email,credit_card
9853,7816,2025-07-20 00:00:00,completed,paid_search,paypal
9854,234,2025-09-06 00:00:00,completed,referral,paypal
9855,5356,2025-03-16 00:00:00,completed,paid_search,credit_card
9856,2300,2025-11-22 00:00:00,completed,paid_search,paypal
9857,4925,2025-08-12 00:00:00,completed,email,credit_card
9858,2623,2025-11-10 00:00:00,completed,social_media,debit_card
9859,2929,2025-06-18 00:00:00,completed,direct,credit_card
9860,5547,2024-11-02 00:00:00,completed,organic_search,debit_card
9861,4977,2025-12-25 03:18:01,completed,email,debit_card
9862,3633,2024-10-10 00:00:00,completed,social_media,paypal
9863,1050,2024-08-08 23:06:16,completed,referral,paypal
9864,8949,2025-01-23 00:00:00,cancelled,referral,credit_card
9865,1651,2024-03-14 00:00:00,completed,direct,credit_card
9866,5837,2025-12-24 00:00:00,completed,direct,credit_card
9867,808,2025-05-16 00:00:00,completed,organic_search,paypal
9868,6387,2025-04-24 00:00:00,completed,email,debit_card
9869,931,2025-02-07 00:00:00,completed,paid_search,paypal
9870,2162,2025-11-03 00:00:00,completed,referral,bank_transfer
9871,5977,2024-02-13 00:00:00,completed,social_media,credit_card
9872,2658,2025-06-01 00:00:00,completed,email,credit_card
9873,4923,2025-08-14 00:00:00,completed,paid_search,debit_card
9874,1207,2024-12-31 00:00:00,completed,organic_search,bank_transfer
9875,1922,2025-10-09 00:00:00,completed,email,credit_card
9876,6781,2024-08-31 00:00:00,completed,organic_search,bank_transfer
9877,351,2024-08-25 05:02:28,completed,social_media,debit_card
9878,1096,2024-06-28 00:00:00,completed,email,paypal
9879,2029,2024-12-09 00:00:00,completed,referral,bank_transfer
9880,206,2025-11-02 00:00:00,completed,social_media,debit_card
9881,938,2025-10-23 00:00:00,completed,paid_search,bank_transfer
9882,2644,2024-12-14 08:31:17,completed,organic_search,debit_card
9883,908,2025-05-16 08:05:01,completed,paid_search,debit_card
9884,8013,2025-08-17 00:00:00,cancelled,referral,debit_card
9885,644,2024-12-09 00:00:00,returned,direct,credit_card
9886,7961,2024-07-05 00:00:00,completed,paid_search,debit_card
9887,7614,2025-12-21 00:00:00,completed,referral,bank_transfer
9888,992,2025-05-06 00:00:00,completed,direct,debit_card
9889,256,2025-12-25 18:54:29,completed,referral,debit_card
9890,487,2024-11-21 00:00:00,completed,referral,credit_card
9891,5432,2025-08-05 00:00:00,completed,referral,paypal
9892,6205,2024-08-27 00:00:00,completed,paid_search,credit_card
9893,5719,2024-09-29 00:00:00,completed,direct,credit_card
9894,5002,2025-03-22 18:08:43,cancelled,referral,debit_card
9895,1652,2024-11-10 00:00:00,completed,email,credit_card
9896,7776,2024-05-07 00:00:00,completed,social_media,bank_transfer
9897,3025,2024-10-01 00:00:00,returned,direct,paypal
9898,-1,2024-02-18 00:00:00,completed,referral,bank_transfer
9899,3551,2025-06-08 00:00:00,completed,social_media,paypal
9900,2471,2025-03-07 04:12:51,cancelled,referral,paypal
9901,8268,2024-04-23 11:43:24,completed,organic_search,paypal
9902,5243,2024-09-07 00:00:00,completed,referral,credit_card
9903,6665,2024-01-05 00:00:00,completed,direct,debit_card
9904,3759,2025-06-01 00:00:00,completed,email,paypal
9905,8203,2024-04-23 00:00:00,completed,referral,bank_transfer
9906,8491,2025-08-09 00:00:00,completed,organic_search,bank_transfer
9907,4027,2024-01-29 00:00:00,completed,paid_search,debit_card
9908,2266,2024-09-19 00:00:00,completed,paid_search,credit_card
9909,5984,2025-11-20 00:00:00,completed,paid_search,debit_card
9910,8809,2025-08-15 00:00:00,completed,direct,paypal
9911,5735,2024-04-01 05:48:44,completed,social_media,debit_card
9912,8804,2025-10-19 00:00:00,completed,email,credit_card
9913,3178,2025-03-08 00:00:00,completed,paid_search,bank_transfer
9914,8466,2025-11-02 06:57:28,completed,paid_search,bank_transfer
9915,1105,2025-05-24 00:00:00,completed,organic_search,paypal
9916,3305,2025-07-21 00:00:00,completed,email,debit_card
9917,4568,2025-12-29 04:51:29,completed,direct,debit_card
9918,6046,2024-04-09 00:00:00,completed,social_media,bank_transfer
9919,2748,2025-10-06 00:00:00,returned,referral,bank_transfer
9920,8550,2025-02-08 00:00:00,completed,social_media,bank_transfer
9921,8361,2024-02-23 00:00:00,cancelled,paid_search,credit_card
9922,7406,2024-01-21 00:00:00,completed,email,bank_transfer
9923,1123,2024-05-18 00:00:00,completed,direct,debit_card
9924,-1,2025-06-27 00:00:00,completed,direct,debit_card
9925,4599,2025-05-01 00:00:00,completed,paid_search,credit_card
9926,7064,2025-04-21 00:00:00,completed,social_media,debit_card
9927,1195,2024-02-13 00:00:00,completed,social_media,bank_transfer
9928,5918,2025-02-16 06:22:33,completed,paid_search,paypal
9929,4887,2025-04-12 00:00:00,completed,social_media,paypal
9930,6709,2024-12-21 00:00:00,completed,direct,bank_transfer
9931,4018,2025-06-10 00:00:00,completed,referral,debit_card
9932,6425,2025-09-24 00:00:00,completed,social_media,debit_card
9933,1514,2025-09-27 00:00:00,completed,social_media,bank_transfer
9934,2026,2025-03-28 00:00:00,cancelled,paid_search,bank_transfer
9935,8359,2025-11-07 06:49:43,cancelled,referral,paypal
9936,3044,2024-12-18 00:00:00,completed,direct,paypal
9937,-1,2025-11-19 00:00:00,returned,social_media,debit_card
9938,450,2024-09-11 00:00:00,cancelled,direct,paypal
9939,4579,2024-10-14 00:00:00,completed,organic_search,credit_card
9940,3010,2024-03-10 00:00:00,cancelled,organic_search,paypal
9941,-1,2025-04-10 00:00:00,cancelled,paid_search,bank_transfer
9942,-1,2024-12-31 00:00:00,completed,paid_search,paypal
9943,2212,2024-09-02 05:32:59,completed,organic_search,credit_card
9944,2516,2024-04-09 00:00:00,completed,referral,paypal
9945,6928,2025-11-25 00:00:00,completed,direct,credit_card
9946,8228,2025-10-26 00:00:00,completed,paid_search,credit_card
9947,6150,2025-04-21 00:00:00,completed,social_media,bank_transfer
9948,7999,2025-04-06 00:00:00,completed,paid_search,paypal
9949,614,2025-02-21 14:19:35,completed,referral,bank_transfer
9950,5908,2024-12-18 00:00:00,returned,paid_search,paypal
9951,6483,2025-11-30 11:18:25,completed,paid_search,bank_transfer
9952,1808,2024-05-24 15:30:33,completed,direct,bank_transfer
9953,7184,2024-12-31 00:00:00,completed,email,credit_card
9954,8715,2024-11-24 01:09:37,cancelled,social_media,bank_transfer
9955,8308,2025-03-12 19:09:25,completed,email,credit_card
9956,2304,2025-02-06 00:00:00,completed,referral,bank_transfer
9957,3002,2025-03-28 19:35:14,cancelled,referral,debit_card
9958,4617,2024-07-06 00:00:00,returned,direct,debit_card
9959,1501,2025-03-23 00:00:00,completed,organic_search,paypal
9960,8800,2024-09-13 00:00:00,cancelled,paid_search,bank_transfer
9961,1537,2024-07-21 00:00:00,completed,referral,credit_card
9962,7034,2024-03-23 00:00:00,completed,direct,bank_transfer
9963,3156,2025-09-13 00:00:00,cancelled,organic_search,credit_card
9964,5306,2025-09-01 00:00:00,completed,email,credit_card
9965,461,2025-11-06 00:00:00,completed,social_media,bank_transfer
9966,1937,2025-08-21 00:00:00,completed,email,debit_card
9967,4098,2025-07-19 00:00:00,completed,direct,credit_card
9968,6263,2025-02-17 00:00:00,completed,social_media,paypal
9969,7181,2024-12-17 00:00:00,completed,organic_search,paypal
9970,302,2024-12-11 00:00:00,completed,social_media,bank_transfer
9971,1469,2025-06-21 00:00:00,completed,referral,bank_transfer
9972,6744,2025-09-03 00:00:00,cancelled,organic_search,paypal
9973,7524,2025-11-03 00:00:00,completed,direct,debit_card
9974,2225,2025-11-14 00:00:00,completed,email,debit_card
9975,2164,2024-07-07 00:00:00,completed,organic_search,debit_card
9976,860,2024-06-03 12:29:34,completed,social_media,debit_card
9977,1443,2025-06-14 00:00:00,completed,paid_search,paypal
9978,79,2024-10-31 00:00:00,completed,organic_search,credit_card
9979,5427,2024-01-27 00:00:00,completed,direct,debit_card
9980,8364,2025-11-19 19:40:46,completed,paid_search,bank_transfer
9981,1435,2024-08-31 06:47:43,completed,referral,paypal
9982,6944,2025-12-06 21:19:49,completed,direct,paypal
9983,5306,2025-08-15 00:00:00,completed,email,paypal
9984,8671,2025-09-13 13:41:54,cancelled,referral,paypal
9985,7394,2024-07-08 00:00:00,completed,organic_search,credit_card
9986,7884,2024-09-06 00:00:00,completed,organic_search,paypal
9987,5893,2025-03-29 00:00:00,completed,email,paypal
9988,7507,2024-07-09 02:00:40,completed,organic_search,debit_card
9989,3237,2024-11-03 00:00:00,completed,paid_search,debit_card
9990,1973,2024-11-12 14:35:32,completed,referral,debit_card
9991,8453,2024-06-27 00:00:00,completed,social_media,debit_card
9992,6788,2024-08-10 00:00:00,completed,direct,paypal
9993,888,2025-09-29 00:00:00,completed,social_media,bank_transfer
9994,8022,2024-07-04 00:00:00,completed,paid_search,bank_transfer
9995,3219,2024-09-02 00:00:00,completed,referral,credit_card
9996,2783,2025-06-13 13:38:24,completed,social_media,debit_card
9997,5742,2025-12-23 00:00:00,completed,referral,bank_transfer
9998,5255,2024-11-17 00:00:00,completed,social_media,paypal
9999,4972,2024-05-17 00:00:00,completed,referral,paypal
10000,2398,2025-03-05 00:00:00,completed,email,credit_card
10001,8855,2025-11-27 00:00:00,completed,email,credit_card
10002,8768,2025-09-27 15:36:33,completed,email,credit_card
10003,42,2025-08-06 00:00:00,completed,email,paypal
10004,3119,2024-11-08 00:00:00,completed,direct,debit_card
10005,442,2025-04-13 00:00:00,completed,referral,bank_transfer
10006,7861,2024-04-20 00:00:00,completed,email,credit_card
10007,8201,2025-07-19 00:00:00,completed,social_media,paypal
10008,4800,2025-08-20 00:00:00,completed,organic_search,credit_card
10009,7765,2025-12-19 00:00:00,completed,organic_search,paypal
10010,6511,2024-09-29 00:00:00,completed,direct,bank_transfer
10011,4616,2024-01-26 00:00:00,completed,direct,bank_transfer
10012,3351,2025-04-16 00:00:00,cancelled,social_media,debit_card
10013,2506,2025-08-07 00:00:00,cancelled,social_media,paypal
10014,2437,2025-09-30 00:00:00,cancelled,paid_search,credit_card
10015,5189,2024-07-31 00:00:00,completed,email,credit_card
10016,1586,2024-09-30 00:00:00,completed,social_media,debit_card
10017,1654,2025-03-23 00:00:00,completed,direct,paypal
10018,103,2024-11-17 00:00:00,completed,organic_search,bank_transfer
10019,5659,2025-11-08 00:00:00,cancelled,referral,debit_card
10020,-1,2025-02-20 00:00:00,completed,direct,credit_card
10021,8224,2025-06-10 00:00:00,completed,social_media,credit_card
10022,6527,2025-10-05 00:00:00,completed,email,debit_card
10023,7263,2025-09-20 00:00:00,cancelled,organic_search,credit_card
10024,3840,2024-11-18 02:16:30,completed,email,bank_transfer
10025,2780,2025-10-25 00:00:00,completed,direct,credit_card
10026,3397,2024-10-10 09:27:35,completed,email,bank_transfer
10027,792,2025-04-16 00:00:00,cancelled,referral,paypal
10028,5845,2024-08-19 00:00:00,completed,direct,debit_card
10029,1655,2025-02-22 07:58:20,completed,referral,paypal
10030,7045,2024-10-11 00:00:00,completed,direct,paypal
10031,1804,2024-10-04 00:00:00,completed,referral,credit_card
10032,2149,2025-12-19 00:00:00,completed,direct,bank_transfer
10033,8837,2024-06-27 00:00:00,completed,paid_search,debit_card
10034,1029,2025-09-28 00:00:00,cancelled,direct,paypal
10035,4607,2025-12-26 00:00:00,completed,referral,bank_transfer
10036,608,2024-01-28 00:00:00,completed,organic_search,paypal
10037,884,2025-02-08 00:00:00,completed,referral,credit_card
10038,5841,2024-09-22 00:00:00,completed,paid_search,credit_card
10039,-1,2024-02-24 07:03:26,completed,organic_search,bank_transfer
10040,1835,2024-12-24 00:00:00,completed,social_media,credit_card
10041,8067,2025-08-12 00:00:00,completed,organic_search,debit_card
10042,6500,2024-01-17 00:00:00,completed,organic_search,bank_transfer
10043,2803,2025-05-15 00:00:00,completed,social_media,debit_card
10044,2333,2025-03-14 14:01:09,completed,email,bank_transfer
10045,6972,2025-11-13 00:00:00,completed,social_media,debit_card
10046,6780,2024-04-12 01:08:34,completed,paid_search,bank_transfer
10047,1426,2025-07-21 13:39:59,completed,social_media,credit_card
10048,3221,2025-07-20 00:00:00,cancelled,email,paypal
10049,2045,2025-07-12 00:00:00,cancelled,social_media,bank_transfer
10050,2748,2025-10-12 00:00:00,completed,organic_search,paypal
10051,2695,2025-10-20 00:00:00,completed,social_media,debit_card
10052,-1,2024-02-26 00:00:00,cancelled,organic_search,credit_card
10053,6935,2025-02-18 06:59:03,completed,direct,paypal
10054,7205,2024-12-22 00:00:00,completed,referral,debit_card
10055,2606,2024-11-05 00:00:00,completed,organic_search,credit_card
10056,7,2025-01-31 00:00:00,completed,paid_search,debit_card
10057,575,2024-12-15 00:00:00,cancelled,paid_search,debit_card
10058,5102,2025-01-14 00:00:00,completed,email,debit_card
10059,2679,2025-12-24 00:00:00,completed,organic_search,credit_card
10060,1833,2024-04-17 23:53:05,completed,organic_search,debit_card
10061,484,2025-12-03 00:00:00,cancelled,referral,credit_card
10062,8100,2025-02-26 00:00:00,completed,direct,debit_card
10063,5533,2025-09-06 00:00:00,completed,email,paypal
10064,1048,2025-10-24 00:00:00,completed,direct,bank_transfer
10065,7077,2024-12-03 00:00:00,completed,direct,paypal
10066,6987,2025-12-01 00:00:00,cancelled,paid_search,bank_transfer
10067,2711,2024-12-27 00:00:00,completed,organic_search,credit_card
10068,1786,2024-12-10 00:00:00,completed,direct,debit_card
10069,7534,2025-12-04 00:00:00,completed,email,bank_transfer
10070,3046,2025-10-23 00:00:00,completed,referral,credit_card
10071,7835,2024-05-07 15:51:50,completed,email,paypal
10072,424,2024-07-05 00:00:00,completed,email,bank_transfer
10073,4613,2025-09-01 00:00:00,cancelled,organic_search,credit_card
10074,1699,2024-04-27 00:00:00,completed,referral,debit_card
10075,6219,2025-06-06 22:58:22,completed,organic_search,debit_card
10076,-1,2024-06-11 00:00:00,completed,referral,bank_transfer
10077,-1,2025-03-30 00:00:00,completed,social_media,bank_transfer
10078,986,2024-01-11 00:00:00,completed,organic_search,bank_transfer
10079,2949,2024-11-09 22:28:00,returned,referral,credit_card
10080,8244,2025-07-18 00:00:00,completed,organic_search,credit_card
10081,7068,2025-03-01 00:00:00,completed,referral,credit_card
10082,2185,2025-12-24 00:00:00,completed,email,paypal
10083,8797,2025-11-13 00:00:00,completed,social_media,paypal
10084,5732,2024-12-02 19:28:00,completed,email,credit_card
10085,1592,2024-03-02 03:34:35,completed,email,bank_transfer
10086,5292,2025-11-01 00:00:00,completed,social_media,credit_card
10087,4170,2025-11-29 05:33:12,completed,email,credit_card
10088,7588,2025-10-18 00:00:00,completed,social_media,paypal
10089,3180,2024-05-26 16:14:35,completed,referral,paypal
10090,8093,2025-12-31 08:37:54,completed,paid_search,debit_card
10091,7513,2024-09-27 00:00:00,completed,referral,credit_card
10092,6245,2025-08-19 00:00:00,completed,direct,paypal
10093,2429,2025-11-27 18:36:55,completed,organic_search,paypal
10094,8956,2024-07-09 00:00:00,completed,direct,credit_card
10095,5061,2025-11-27 00:00:00,completed,organic_search,debit_card
10096,8401,2024-05-11 00:00:00,completed,referral,credit_card
10097,2037,2025-12-23 00:00:00,returned,direct,bank_transfer
10098,-1,2024-10-15 00:00:00,completed,paid_search,paypal
10099,7558,2025-12-14 17:43:18,cancelled,organic_search,bank_transfer
10100,8760,2024-10-03 00:00:00,completed,direct,paypal
10101,2005,2025-08-09 00:00:00,completed,referral,debit_card
10102,3975,2025-06-04 00:00:00,completed,paid_search,paypal
10103,958,2025-02-23 00:00:00,completed,referral,bank_transfer
10104,1323,2024-08-27 13:36:15,cancelled,email,credit_card
10105,2669,2025-08-06 00:00:00,completed,organic_search,debit_card
10106,8781,2024-07-28 00:00:00,completed,social_media,credit_card
10107,6174,2025-04-21 05:47:10,completed,direct,credit_card
10108,2916,2024-09-22 00:00:00,completed,direct,debit_card
10109,8808,2025-12-15 00:00:00,completed,email,bank_transfer
10110,6838,2024-02-09 00:00:00,completed,direct,debit_card
10111,8394,2024-08-05 07:15:07,completed,organic_search,debit_card
10112,8580,2024-09-13 00:00:00,completed,referral,bank_transfer
10113,6938,2024-12-29 00:00:00,completed,paid_search,debit_card
10114,2291,2024-09-05 00:00:00,completed,organic_search,debit_card
10115,-1,2025-03-07 16:37:54,completed,organic_search,paypal
10116,3011,2025-11-13 11:30:32,completed,referral,bank_transfer
10117,6215,2025-08-11 00:00:00,completed,email,credit_card
10118,7810,2025-05-10 00:00:00,completed,paid_search,credit_card
10119,1659,2024-04-17 00:00:00,completed,direct,debit_card
10120,5615,2025-07-29 00:00:00,returned,organic_search,paypal
10121,3461,2024-03-07 00:00:00,completed,organic_search,paypal
10122,2300,2025-09-28 00:00:00,completed,email,paypal
10123,118,2024-09-20 22:11:58,completed,paid_search,credit_card
10124,8061,2024-12-31 04:17:16,cancelled,paid_search,bank_transfer
10125,1317,2024-11-28 23:25:10,completed,referral,paypal
10126,8123,2025-11-07 00:00:00,completed,paid_search,debit_card
10127,5540,2024-05-25 00:00:00,completed,direct,paypal
10128,5722,2025-04-30 00:00:00,completed,referral,credit_card
10129,7664,2024-09-06 00:00:00,completed,organic_search,bank_transfer
10130,4718,2025-06-08 00:00:00,completed,email,bank_transfer
10131,3290,2025-11-26 00:00:00,completed,paid_search,credit_card
10132,1338,2025-01-16 14:37:27,completed,email,bank_transfer
10133,5274,2025-03-04 00:00:00,completed,direct,debit_card
10134,5104,2025-05-12 00:00:00,completed,referral,debit_card
10135,2747,2025-03-29 05:18:18,completed,direct,paypal
10136,5533,2025-03-04 00:00:00,completed,direct,bank_transfer
10137,4047,2025-05-09 00:00:00,completed,organic_search,debit_card
10138,7467,2025-07-26 19:11:09,completed,paid_search,paypal
10139,5168,2024-05-05 00:00:00,completed,email,paypal
10140,8613,2025-10-19 00:00:00,completed,referral,credit_card
10141,4799,2025-01-17 00:00:00,completed,paid_search,bank_transfer
10142,8209,2024-03-31 00:00:00,completed,direct,paypal
10143,4818,2025-09-28 00:00:00,completed,organic_search,bank_transfer
10144,5150,2024-12-11 00:00:00,completed,social_media,paypal
10145,3378,2024-04-29 01:40:05,completed,paid_search,debit_card
10146,3679,2025-06-16 00:00:00,cancelled,direct,credit_card
10147,8613,2025-11-16 19:17:20,completed,referral,credit_card
10148,2098,2025-11-19 13:23:55,completed,direct,bank_transfer
10149,-1,2025-12-16 00:00:00,completed,organic_search,paypal
10150,7679,2025-11-11 00:00:00,completed,direct,credit_card
10151,5335,2024-01-04 00:00:00,completed,direct,credit_card
10152,2672,2024-12-13 00:00:00,completed,referral,bank_transfer
10153,3990,2025-10-17 00:00:00,completed,organic_search,debit_card
10154,4861,2024-12-06 17:12:16,completed,email,paypal
10155,5454,2025-05-25 00:00:00,completed,social_media,paypal
10156,7602,2025-05-28 00:00:00,completed,social_media,bank_transfer
10157,3629,2024-12-05 16:56:07,completed,organic_search,debit_card
10158,6257,2025-11-26 04:41:02,completed,social_media,credit_card
10159,7721,2025-03-16 10:59:13,completed,referral,credit_card
10160,7801,2025-12-02 00:00:00,completed,email,bank_transfer
10161,2391,2025-12-31 00:00:00,completed,email,bank_transfer
10162,3234,2025-03-08 00:00:00,completed,paid_search,debit_card
10163,5480,2024-07-15 00:00:00,completed,paid_search,paypal
10164,8195,2025-03-23 00:00:00,completed,direct,paypal
10165,7317,2025-10-14 00:00:00,completed,social_media,debit_card
10166,5368,2025-09-22 00:00:00,completed,direct,paypal
10167,-1,2025-09-29 14:10:38,completed,direct,paypal
10168,4043,2025-08-08 00:00:00,completed,email,credit_card
10169,7789,2024-09-23 00:00:00,completed,paid_search,debit_card
10170,7580,2025-11-08 00:00:00,completed,social_media,paypal
10171,8406,2025-11-21 00:00:00,completed,social_media,bank_transfer
10172,-1,2024-07-31 00:00:00,completed,organic_search,paypal
10173,4579,2024-05-28 00:00:00,completed,direct,bank_transfer
10174,1859,2025-12-23 00:00:00,returned,organic_search,bank_transfer
10175,4254,2025-11-11 00:00:00,completed,direct,debit_card
10176,7895,2025-11-21 00:00:00,completed,paid_search,paypal
10177,7734,2025-11-18 00:00:00,completed,email,debit_card
10178,3103,2025-04-13 00:00:00,completed,paid_search,bank_transfer
10179,461,2025-06-25 00:00:00,completed,organic_search,bank_transfer
10180,4720,2025-04-16 00:00:00,completed,direct,credit_card
10181,4381,2024-03-08 11:26:24,cancelled,organic_search,credit_card
10182,835,2025-09-02 00:00:00,returned,email,debit_card
10183,7362,2025-03-17 22:11:46,completed,direct,bank_transfer
10184,2666,2025-06-26 00:00:00,completed,email,bank_transfer
10185,5962,2025-03-15 00:00:00,completed,social_media,credit_card
10186,998,2025-07-03 00:00:00,completed,paid_search,credit_card
10187,7957,2024-07-09 01:58:31,completed,paid_search,debit_card
10188,6835,2024-10-13 00:00:00,completed,organic_search,debit_card
10189,3578,2024-06-26 00:05:10,completed,social_media,credit_card
10190,5802,2024-01-08 00:00:00,completed,paid_search,debit_card
10191,1780,2025-12-22 00:00:00,completed,email,credit_card
10192,-1,2024-06-20 00:00:00,completed,paid_search,bank_transfer
10193,7376,2024-10-06 14:45:34,completed,social_media,credit_card
10194,7303,2025-05-17 00:00:00,completed,organic_search,debit_card
10195,1479,2025-05-31 00:00:00,completed,social_media,bank_transfer
10196,180,2024-06-21 00:00:00,completed,referral,credit_card
10197,5380,2025-02-10 00:00:00,completed,email,paypal
10198,1381,2025-09-27 00:00:00,completed,paid_search,credit_card
10199,7210,2024-09-09 00:00:00,completed,organic_search,paypal
10200,3832,2024-10-21 00:00:00,completed,referral,credit_card
10201,3126,2025-09-12 00:00:00,completed,referral,credit_card
10202,719,2025-10-21 00:00:00,completed,organic_search,credit_card
10203,-1,2025-01-08 00:00:00,completed,email,debit_card
10204,8824,2024-04-10 00:00:00,completed,email,debit_card
10205,1277,2024-12-31 00:00:00,completed,referral,debit_card
10206,3081,2025-04-26 00:00:00,completed,email,bank_transfer
10207,3597,2024-07-24 09:09:56,cancelled,direct,paypal
10208,2765,2025-01-28 21:32:38,completed,social_media,credit_card
10209,8619,2025-05-24 00:00:00,completed,paid_search,credit_card
10210,6659,2024-11-15 00:00:00,completed,social_media,paypal
10211,8823,2025-09-25 00:00:00,completed,referral,paypal
10212,8091,2025-10-30 00:00:00,completed,email,bank_transfer
10213,6974,2024-11-13 00:00:00,completed,organic_search,credit_card
10214,6451,2025-10-29 00:00:00,completed,referral,paypal
10215,8014,2024-05-02 00:00:00,cancelled,email,credit_card
10216,6341,2025-10-28 00:00:00,completed,organic_search,debit_card
10217,1788,2024-06-20 00:00:00,completed,paid_search,paypal
10218,5989,2024-04-11 00:00:00,completed,email,bank_transfer
10219,4768,2025-06-22 00:00:00,returned,organic_search,debit_card
10220,-1,2025-02-18 00:00:00,completed,organic_search,debit_card
10221,4721,2025-11-27 00:00:00,completed,social_media,paypal
10222,379,2024-12-04 00:00:00,completed,direct,paypal
10223,2487,2024-10-20 00:00:00,cancelled,email,paypal
10224,8487,2025-03-14 00:00:00,completed,social_media,credit_card
10225,8877,2025-04-02 00:00:00,returned,paid_search,credit_card
10226,6728,2024-11-24 06:38:00,completed,email,bank_transfer
10227,561,2025-07-29 02:05:59,completed,social_media,debit_card
10228,239,2025-11-09 00:00:00,completed,referral,debit_card
10229,4433,2025-11-04 09:45:59,completed,organic_search,bank_transfer
10230,-1,2025-12-21 00:00:00,completed,organic_search,paypal
10231,8044,2024-04-10 00:00:00,completed,paid_search,debit_card
10232,8613,2025-08-14 00:00:00,completed,organic_search,debit_card
10233,5745,2024-12-20 00:00:00,completed,organic_search,credit_card
10234,7944,2025-07-17 00:00:00,completed,social_media,credit_card
10235,2969,2025-02-22 00:00:00,completed,referral,bank_transfer
10236,277,2025-12-29 00:00:00,completed,direct,credit_card
10237,8497,2025-08-22 00:00:00,completed,direct,credit_card
10238,2060,2025-12-14 00:00:00,completed,paid_search,bank_transfer
10239,6728,2025-10-27 00:00:00,completed,organic_search,debit_card
10240,6107,2025-11-25 16:18:39,completed,organic_search,paypal
10241,1498,2025-10-15 00:00:00,completed,organic_search,bank_transfer
10242,1859,2025-02-07 00:00:00,completed,direct,credit_card
10243,3041,2024-09-21 00:00:00,completed,organic_search,paypal
10244,6993,2024-12-08 00:01:32,completed,social_media,credit_card
10245,389,2024-01-29 00:00:00,cancelled,referral,paypal
10246,3746,2025-03-31 00:00:00,completed,organic_search,paypal
10247,6160,2025-03-17 17:29:17,completed,direct,credit_card
10248,1627,2025-01-04 00:00:00,completed,email,paypal
10249,1168,2025-12-22 06:04:52,completed,email,bank_transfer
10250,3596,2025-11-29 00:00:00,cancelled,referral,credit_card
10251,2686,2024-06-29 00:00:00,completed,referral,debit_card
10252,6001,2024-07-12 00:00:00,completed,social_media,paypal
10253,8951,2025-06-01 00:00:00,completed,direct,bank_transfer
10254,45,2024-03-12 00:00:00,completed,direct,credit_card
10255,8353,2025-10-05 00:00:00,completed,paid_search,debit_card
10256,4000,2025-03-31 00:00:00,cancelled,email,bank_transfer
10257,6153,2025-05-04 00:00:00,completed,referral,debit_card
10258,7868,2025-04-11 00:00:00,completed,organic_search,paypal
10259,5304,2025-10-10 14:41:05,completed,direct,paypal
10260,955,2024-05-30 00:00:00,completed,direct,paypal
10261,1352,2025-08-12 00:00:00,completed,social_media,credit_card
10262,7307,2025-01-17 00:00:00,completed,email,bank_transfer
10263,2159,2024-10-26 00:00:00,completed,paid_search,paypal
10264,5260,2024-07-03 00:00:00,completed,referral,credit_card
10265,3950,2025-03-03 00:00:00,completed,email,credit_card
10266,2832,2024-01-12 00:00:00,completed,social_media,debit_card
10267,7280,2024-09-21 00:00:00,completed,social_media,bank_transfer
10268,6756,2025-07-30 00:00:00,completed,social_media,paypal
10269,5967,2025-09-17 21:11:28,completed,organic_search,paypal
10270,3434,2024-09-15 01:57:31,completed,paid_search,credit_card
10271,2132,2024-03-06 00:00:00,completed,email,paypal
10272,4776,2025-03-11 00:00:00,completed,referral,debit_card
10273,7568,2024-01-15 00:00:00,completed,organic_search,credit_card
10274,5323,2025-12-08 00:00:00,completed,organic_search,paypal
10275,8956,2025-12-06 00:00:00,completed,organic_search,credit_card
10276,157,2024-11-12 22:11:43,completed,social_media,paypal
10277,-1,2024-09-17 00:00:00,cancelled,email,paypal
10278,6417,2024-01-13 04:37:22,completed,email,debit_card
10279,7706,2024-09-07 00:00:00,completed,social_media,credit_card
10280,3100,2024-06-05 00:00:00,completed,direct,debit_card
10281,4705,2025-01-06 00:00:00,completed,email,bank_transfer
10282,7384,2024-03-07 00:00:00,completed,paid_search,credit_card
10283,7025,2025-04-04 00:00:00,completed,organic_search,paypal
10284,3094,2025-05-17 00:00:00,completed,paid_search,bank_transfer
10285,3005,2024-10-29 19:47:29,completed,organic_search,debit_card
10286,6140,2024-02-17 11:07:59,completed,referral,debit_card
10287,8613,2024-02-20 00:00:00,completed,email,debit_card
10288,4041,2024-02-06 19:50:47,completed,direct,debit_card
10289,3253,2025-08-29 00:00:00,completed,paid_search,bank_transfer
10290,8272,2024-10-11 00:00:00,completed,social_media,debit_card
10291,6328,2025-04-10 00:00:00,completed,organic_search,bank_transfer
10292,3577,2025-01-13 00:00:00,completed,organic_search,credit_card
10293,565,2025-02-02 00:00:00,completed,organic_search,credit_card
10294,6661,2025-03-23 00:00:00,completed,paid_search,paypal
10295,3252,2025-08-11 22:36:04,completed,referral,debit_card
10296,693,2024-09-10 00:00:00,completed,organic_search,bank_transfer
10297,5646,2024-05-20 00:00:00,completed,organic_search,paypal
10298,2999,2025-04-23 12:37:08,returned,paid_search,credit_card
10299,3125,2024-11-15 00:00:00,returned,organic_search,debit_card
10300,4428,2025-01-23 00:00:00,completed,organic_search,credit_card
10301,6623,2025-06-26 12:36:59,completed,referral,bank_transfer
10302,2596,2025-09-03 00:00:00,completed,direct,credit_card
10303,786,2025-07-06 00:00:00,completed,social_media,paypal
10304,3917,2025-04-15 22:02:43,completed,referral,bank_transfer
10305,539,2025-08-30 00:00:00,cancelled,organic_search,credit_card
10306,6453,2025-07-08 00:00:00,cancelled,paid_search,paypal
10307,8853,2025-04-08 00:00:00,completed,organic_search,bank_transfer
10308,6105,2025-07-19 00:00:00,completed,organic_search,credit_card
10309,2588,2025-11-13 12:40:52,completed,referral,bank_transfer
10310,1720,2025-01-13 00:00:00,cancelled,organic_search,debit_card
10311,2191,2024-12-29 00:00:00,completed,direct,debit_card
10312,2083,2025-09-14 00:00:00,completed,organic_search,credit_card
10313,2907,2025-12-05 00:00:00,completed,organic_search,debit_card
10314,955,2024-03-30 00:00:00,completed,social_media,credit_card
10315,8283,2025-11-21 00:00:00,completed,referral,credit_card
10316,8189,2024-12-02 00:00:00,completed,direct,credit_card
10317,5670,2025-09-04 06:17:07,cancelled,organic_search,bank_transfer
10318,601,2025-11-09 00:00:00,completed,organic_search,bank_transfer
10319,7455,2025-12-14 15:18:04,returned,social_media,debit_card
10320,601,2024-03-11 00:00:00,completed,organic_search,bank_transfer
10321,1040,2025-05-22 00:00:00,completed,referral,credit_card
10322,3014,2025-01-09 07:25:41,completed,referral,bank_transfer
10323,3984,2024-11-17 00:00:00,completed,email,credit_card
10324,3263,2024-04-19 00:00:00,completed,email,debit_card
10325,1568,2025-04-28 00:00:00,completed,social_media,debit_card
10326,1101,2025-02-25 00:00:00,completed,paid_search,paypal
10327,7944,2024-05-03 00:00:00,completed,paid_search,paypal
10328,3348,2025-01-06 00:00:00,completed,email,credit_card
10329,2060,2025-08-28 03:53:04,cancelled,referral,debit_card
10330,4497,2025-09-16 00:00:00,completed,organic_search,credit_card
10331,367,2025-11-26 03:37:43,completed,direct,paypal
10332,5535,2024-12-27 00:00:00,completed,social_media,bank_transfer
10333,2333,2025-12-14 00:00:00,completed,email,credit_card
10334,5517,2025-10-11 00:00:00,completed,organic_search,debit_card
10335,5665,2024-10-27 00:00:00,completed,direct,debit_card
10336,7492,2024-06-26 00:00:00,completed,paid_search,paypal
10337,2166,2025-01-16 06:04:36,completed,referral,paypal
10338,4280,2024-12-23 00:00:00,completed,social_media,credit_card
10339,8872,2025-05-07 16:50:50,completed,paid_search,bank_transfer
10340,6721,2025-12-05 00:00:00,completed,social_media,bank_transfer
10341,8997,2025-09-05 00:00:00,completed,organic_search,debit_card
10342,8582,2025-03-21 11:45:11,completed,paid_search,bank_transfer
10343,5632,2024-03-05 00:00:00,returned,social_media,debit_card
10344,2484,2025-11-07 10:37:41,completed,organic_search,credit_card
10345,6993,2024-05-11 00:00:00,completed,paid_search,paypal
10346,6461,2025-12-21 00:00:00,completed,email,credit_card
10347,5417,2024-05-16 00:00:00,completed,organic_search,paypal
10348,6458,2025-12-16 00:00:00,completed,referral,credit_card
10349,5660,2024-04-20 22:54:33,completed,referral,bank_transfer
10350,4810,2024-09-03 00:00:00,completed,organic_search,debit_card
10351,3831,2024-03-03 00:00:00,completed,organic_search,bank_transfer
10352,434,2025-08-06 20:55:15,completed,referral,paypal
10353,8008,2025-11-03 19:27:32,cancelled,email,debit_card
10354,8007,2025-01-15 00:00:00,completed,paid_search,paypal
10355,5469,2025-05-12 00:00:00,completed,paid_search,credit_card
10356,-1,2025-05-17 02:35:10,completed,email,debit_card
10357,284,2025-06-14 00:00:00,completed,social_media,paypal
10358,12,2025-11-01 00:00:00,completed,email,paypal
10359,713,2024-10-28 00:00:00,cancelled,organic_search,credit_card
10360,3318,2024-11-30 00:00:00,completed,email,paypal
10361,1786,2025-11-26 00:00:00,completed,paid_search,credit_card
10362,2496,2025-11-24 01:56:45,cancelled,direct,bank_transfer
10363,6476,2025-12-23 15:59:24,completed,paid_search,credit_card
10364,8853,2025-11-25 14:18:16,completed,organic_search,bank_transfer
10365,1955,2024-05-25 08:18:18,completed,referral,paypal
10366,4303,2025-10-20 06:01:48,completed,email,debit_card
10367,-1,2024-12-27 00:00:00,completed,direct,paypal
10368,8603,2025-12-28 00:00:00,completed,organic_search,debit_card
10369,3250,2025-02-19 00:00:00,completed,organic_search,debit_card
10370,2969,2025-04-22 00:00:00,completed,paid_search,debit_card
10371,2280,2025-04-05 00:00:00,completed,referral,paypal
10372,1496,2024-11-12 08:41:49,completed,referral,credit_card
10373,4244,2024-04-03 00:00:00,completed,paid_search,paypal
10374,3152,2025-11-22 00:00:00,completed,email,debit_card
10375,6883,2025-08-10 00:00:00,cancelled,social_media,debit_card
10376,2228,2024-06-07 19:42:56,completed,referral,debit_card
10377,6810,2025-09-22 00:00:00,cancelled,social_media,debit_card
10378,2701,2025-11-06 00:00:00,completed,referral,debit_card
10379,5460,2024-12-27 20:15:39,completed,paid_search,bank_transfer
10380,5887,2024-09-23 00:00:00,completed,direct,debit_card
10381,6216,2025-07-11 00:00:00,completed,referral,debit_card
10382,1662,2025-08-03 22:59:18,completed,paid_search,debit_card
10383,2657,2025-04-17 07:34:37,completed,referral,bank_transfer
10384,2316,2025-05-30 00:00:00,completed,social_media,debit_card
10385,5326,2024-04-20 00:00:00,completed,paid_search,debit_card
10386,742,2025-02-20 00:00:00,completed,email,paypal
10387,4800,2024-07-31 00:00:00,completed,social_media,paypal
10388,855,2024-08-13 00:00:00,completed,direct,debit_card
10389,3113,2025-07-06 00:00:00,completed,organic_search,bank_transfer
10390,6368,2025-11-29 00:00:00,completed,referral,bank_transfer
10391,3796,2024-12-24 00:00:00,completed,email,paypal
10392,2635,2024-08-13 00:00:00,completed,social_media,credit_card
10393,5675,2025-06-27 00:00:00,completed,direct,credit_card
10394,6842,2025-12-11 00:00:00,returned,social_media,debit_card
10395,2394,2025-09-04 00:00:00,completed,direct,paypal
10396,2793,2025-11-11 00:00:00,completed,social_media,bank_transfer
10397,5906,2025-04-09 23:41:09,completed,email,bank_transfer
10398,8904,2025-09-06 00:00:00,cancelled,paid_search,paypal
10399,2017,2024-07-06 00:00:00,completed,paid_search,paypal
10400,6057,2024-11-27 00:00:00,completed,social_media,credit_card
10401,8390,2024-12-17 13:45:25,completed,social_media,debit_card
10402,4266,2025-03-22 00:00:00,completed,organic_search,bank_transfer
10403,2939,2025-12-06 00:00:00,cancelled,social_media,paypal
10404,6171,2025-11-13 00:00:00,completed,email,credit_card
10405,313,2024-01-06 00:00:00,cancelled,organic_search,paypal
10406,3320,2024-10-07 00:00:00,completed,email,debit_card
10407,2427,2024-12-02 00:00:00,completed,email,bank_transfer
10408,2114,2024-10-23 00:00:00,completed,organic_search,credit_card
10409,1701,2025-03-06 00:00:00,completed,email,bank_transfer
10410,6816,2025-11-25 00:48:04,completed,email,credit_card
10411,8815,2025-12-18 00:00:00,completed,direct,bank_transfer
10412,3551,2025-06-30 00:00:00,completed,email,credit_card
10413,482,2025-10-28 00:00:00,completed,social_media,bank_transfer
10414,6639,2025-01-04 00:00:00,completed,organic_search,bank_transfer
10415,4971,2024-08-13 00:00:00,completed,organic_search,bank_transfer
10416,6684,2025-04-01 00:00:00,cancelled,email,bank_transfer
10417,5986,2025-04-23 00:00:00,completed,direct,debit_card
10418,8379,2025-08-31 00:00:00,completed,direct,bank_transfer
10419,1350,2024-08-24 00:00:00,completed,email,credit_card
10420,1605,2024-07-12 00:00:00,completed,organic_search,bank_transfer
10421,3158,2024-05-12 00:00:00,completed,organic_search,debit_card
10422,4541,2025-12-17 10:39:13,completed,organic_search,bank_transfer
10423,8566,2025-01-24 00:00:00,completed,referral,credit_card
10424,8394,2025-09-08 09:43:05,completed,social_media,debit_card
10425,8060,2025-09-06 11:44:15,completed,paid_search,debit_card
10426,2091,2024-10-03 00:00:00,completed,organic_search,paypal
10427,6742,2025-05-04 00:00:00,completed,email,paypal
10428,3541,2025-11-22 00:00:00,completed,organic_search,debit_card
10429,8599,2025-02-21 13:18:03,completed,email,credit_card
10430,2026,2025-12-11 00:00:00,completed,referral,credit_card
10431,1359,2024-08-19 00:00:00,completed,social_media,debit_card
10432,7788,2024-04-02 00:10:50,completed,referral,credit_card
10433,6618,2025-11-21 00:00:00,completed,organic_search,debit_card
10434,7604,2025-02-11 00:00:00,completed,organic_search,debit_card
10435,1498,2025-12-29 00:00:00,completed,social_media,credit_card
10436,8187,2025-07-19 00:00:00,completed,organic_search,paypal
10437,6267,2025-08-12 00:00:00,completed,referral,bank_transfer
10438,6028,2025-10-22 19:05:34,returned,email,debit_card
10439,5366,2025-01-11 00:00:00,completed,paid_search,debit_card
10440,7060,2025-05-02 00:00:00,completed,social_media,bank_transfer
10441,3828,2024-12-14 00:00:00,cancelled,social_media,credit_card
10442,1286,2025-12-07 14:41:19,returned,paid_search,debit_card
10443,4980,2025-01-13 00:00:00,completed,social_media,debit_card
10444,6914,2025-11-04 00:00:00,completed,email,debit_card
10445,1480,2025-01-26 00:00:00,completed,organic_search,credit_card
10446,2107,2025-04-29 00:00:00,completed,organic_search,credit_card
10447,6446,2025-02-17 00:00:00,completed,email,paypal
10448,2536,2024-04-03 00:00:00,completed,direct,bank_transfer
10449,1612,2025-11-17 00:00:00,completed,email,debit_card
10450,8225,2025-01-25 00:00:00,completed,organic_search,credit_card
10451,1528,2025-05-16 00:00:00,completed,social_media,credit_card
10452,3180,2024-06-06 05:41:38,completed,email,debit_card
10453,3952,2024-01-05 00:00:00,completed,paid_search,credit_card
10454,4396,2024-09-16 00:00:00,completed,direct,paypal
10455,3330,2025-06-08 00:00:00,completed,referral,debit_card
10456,8453,2024-04-28 06:52:24,completed,organic_search,credit_card
10457,6103,2025-11-28 00:00:00,completed,direct,debit_card
10458,3313,2024-08-20 03:44:20,cancelled,social_media,bank_transfer
10459,3292,2024-10-08 00:00:00,completed,direct,credit_card
10460,4649,2024-07-19 21:58:15,cancelled,email,credit_card
10461,332,2024-01-20 07:55:44,completed,paid_search,bank_transfer
10462,8575,2025-09-19 00:00:00,completed,referral,debit_card
10463,2099,2025-11-14 00:00:00,completed,paid_search,credit_card
10464,6455,2025-06-03 07:56:33,completed,organic_search,debit_card
10465,7182,2024-07-25 12:24:17,completed,direct,paypal
10466,7650,2024-10-19 00:00:00,completed,direct,debit_card
10467,1572,2025-02-22 00:00:00,completed,email,bank_transfer
10468,4954,2025-12-15 00:00:00,completed,direct,bank_transfer
10469,818,2024-09-17 00:00:00,cancelled,referral,paypal
10470,7462,2025-08-24 00:00:00,completed,social_media,bank_transfer
10471,4490,2025-01-20 00:00:00,completed,referral,credit_card
10472,1502,2024-10-28 00:00:00,completed,organic_search,bank_transfer
10473,6636,2025-04-02 00:00:00,completed,paid_search,paypal
10474,3066,2024-03-30 00:00:00,completed,email,debit_card
10475,1123,2025-10-05 20:20:04,completed,referral,debit_card
10476,4255,2024-09-14 00:00:00,completed,direct,credit_card
10477,2212,2025-08-20 00:00:00,completed,social_media,paypal
10478,8769,2024-03-27 00:00:00,returned,direct,paypal
10479,3331,2025-12-15 00:00:00,completed,organic_search,paypal
10480,5293,2024-07-30 00:00:00,completed,paid_search,bank_transfer
10481,8753,2025-11-17 23:38:47,completed,paid_search,bank_transfer
10482,3623,2025-10-12 00:00:00,completed,paid_search,bank_transfer
10483,3297,2025-12-20 00:00:00,completed,paid_search,bank_transfer
10484,1544,2025-02-23 00:00:00,completed,email,credit_card
10485,8656,2025-08-21 00:00:00,completed,email,paypal
10486,7421,2024-12-08 00:00:00,completed,organic_search,bank_transfer
10487,2076,2024-07-21 05:06:32,completed,email,credit_card
10488,3081,2025-01-24 00:00:00,cancelled,email,paypal
10489,8466,2024-07-03 00:00:00,completed,social_media,bank_transfer
10490,4961,2025-12-25 00:00:00,completed,email,debit_card
10491,5137,2024-04-25 00:00:00,returned,referral,debit_card
10492,5989,2025-05-16 00:00:00,cancelled,paid_search,debit_card
10493,7041,2025-11-06 00:00:00,completed,direct,debit_card
10494,8666,2025-04-11 00:00:00,completed,email,debit_card
10495,7437,2025-07-07 00:00:00,completed,social_media,credit_card
10496,8621,2024-05-15 03:58:02,completed,paid_search,paypal
10497,7597,2025-04-22 00:00:00,cancelled,email,bank_transfer
10498,452,2024-10-20 00:00:00,completed,referral,debit_card
10499,1148,2025-10-12 00:00:00,completed,organic_search,bank_transfer
10500,8187,2025-09-13 00:00:00,completed,social_media,debit_card
10501,281,2025-12-21 00:00:00,completed,paid_search,paypal
10502,7355,2024-02-20 00:00:00,completed,email,paypal
10503,7857,2024-10-19 00:00:00,cancelled,paid_search,paypal
10504,3826,2024-01-08 00:00:00,completed,paid_search,credit_card
10505,3274,2024-01-16 00:00:00,completed,email,bank_transfer
10506,1848,2024-09-13 00:00:00,completed,organic_search,paypal
10507,481,2025-07-19 23:11:12,completed,social_media,paypal
10508,6890,2024-03-09 00:00:00,completed,referral,credit_card
10509,720,2025-03-20 00:00:00,completed,email,bank_transfer
10510,8718,2025-11-19 00:00:00,cancelled,referral,debit_card
10511,2764,2025-07-29 00:00:00,completed,referral,credit_card
10512,7356,2024-12-20 00:00:00,completed,email,debit_card
10513,586,2024-12-09 00:00:00,completed,organic_search,debit_card
10514,4949,2025-04-02 00:00:00,cancelled,social_media,paypal
10515,3220,2024-07-14 00:00:00,completed,social_media,paypal
10516,301,2025-06-17 00:00:00,completed,direct,debit_card
10517,6072,2024-05-12 00:00:00,returned,direct,paypal
10518,8703,2025-04-11 00:00:00,completed,paid_search,paypal
10519,106,2025-09-09 00:00:00,completed,organic_search,credit_card
10520,2541,2025-05-31 00:00:00,completed,referral,debit_card
10521,6514,2024-05-12 00:00:00,completed,email,debit_card
10522,8052,2024-08-15 00:00:00,completed,email,credit_card
10523,1812,2025-09-22 19:11:33,completed,direct,paypal
10524,694,2025-03-03 08:05:14,completed,direct,bank_transfer
10525,84,2024-08-29 21:52:27,completed,email,credit_card
10526,2032,2024-08-01 00:00:00,completed,social_media,credit_card
10527,699,2024-02-07 00:00:00,completed,paid_search,bank_transfer
10528,3312,2025-09-22 00:00:00,completed,social_media,debit_card
10529,4053,2024-09-01 00:00:00,completed,referral,paypal
10530,4434,2025-04-02 00:00:00,completed,organic_search,credit_card
10531,1368,2025-01-31 00:00:00,completed,direct,credit_card
10532,4285,2025-05-10 00:00:00,completed,paid_search,debit_card
10533,88,2025-11-15 00:00:00,completed,referral,paypal
10534,2253,2025-11-11 00:00:00,completed,organic_search,paypal
10535,3400,2025-01-31 00:00:00,completed,social_media,debit_card
10536,1157,2024-01-22 00:00:00,completed,organic_search,paypal
10537,7535,2025-01-08 00:00:00,completed,referral,bank_transfer
10538,1910,2025-05-28 07:58:15,completed,email,bank_transfer
10539,6977,2025-04-24 00:00:00,completed,organic_search,debit_card
10540,4381,2025-06-29 00:00:00,completed,social_media,credit_card
10541,4433,2024-06-21 00:00:00,completed,social_media,debit_card
10542,5956,2025-06-26 00:00:00,completed,paid_search,credit_card
10543,429,2024-07-20 00:00:00,completed,direct,bank_transfer
10544,764,2025-09-06 00:00:00,completed,social_media,debit_card
10545,3023,2024-11-22 00:34:38,completed,social_media,credit_card
10546,3840,2025-08-09 00:00:00,cancelled,paid_search,paypal
10547,3968,2024-03-04 00:00:00,completed,referral,debit_card
10548,6259,2024-12-26 00:00:00,completed,paid_search,bank_transfer
10549,9,2025-06-08 00:00:00,completed,paid_search,debit_card
10550,8852,2024-08-31 00:00:00,completed,paid_search,bank_transfer
10551,1651,2025-10-03 00:00:00,completed,paid_search,credit_card
10552,2334,2025-06-14 00:00:00,completed,direct,bank_transfer
10553,8382,2025-05-15 20:58:52,completed,direct,paypal
10554,55,2024-11-30 00:00:00,completed,paid_search,paypal
10555,-1,2025-02-28 00:00:00,completed,direct,bank_transfer
10556,359,2025-05-22 00:00:00,completed,direct,paypal
10557,1177,2025-02-19 00:00:00,completed,social_media,bank_transfer
10558,2257,2025-08-02 08:42:02,completed,organic_search,credit_card
10559,4041,2025-01-15 00:00:00,completed,referral,debit_card
10560,-1,2024-08-08 00:00:00,cancelled,paid_search,bank_transfer
10561,1022,2024-08-19 00:00:00,completed,paid_search,paypal
10562,720,2024-01-09 00:00:00,completed,paid_search,debit_card
10563,315,2024-10-31 00:00:00,returned,referral,debit_card
10564,2415,2025-09-04 00:00:00,completed,referral,credit_card
10565,8526,2025-10-03 00:00:00,completed,direct,credit_card
10566,3593,2024-08-08 03:14:57,completed,social_media,debit_card
10567,7054,2025-12-16 00:00:00,completed,direct,paypal
10568,1807,2025-03-15 00:00:00,completed,social_media,bank_transfer
10569,628,2025-01-12 00:00:00,completed,referral,paypal
10570,5115,2025-08-07 00:00:00,completed,social_media,credit_card
10571,7607,2025-08-18 20:50:58,completed,organic_search,bank_transfer
10572,8314,2024-04-13 00:00:00,completed,paid_search,credit_card
10573,5042,2024-08-24 00:00:00,completed,paid_search,bank_transfer
10574,2748,2024-01-13 20:10:22,cancelled,direct,paypal
10575,1070,2025-08-14 00:19:09,completed,paid_search,paypal
10576,6180,2024-11-24 00:00:00,completed,organic_search,paypal
10577,2637,2025-09-28 00:00:00,completed,paid_search,paypal
10578,7802,2024-11-21 09:30:04,returned,email,debit_card
10579,5579,2025-10-18 10:00:18,completed,email,credit_card
10580,7942,2024-05-29 22:56:54,completed,organic_search,paypal
10581,5233,2024-07-10 00:00:00,completed,paid_search,credit_card
10582,7122,2024-11-23 03:57:43,completed,social_media,debit_card
10583,2748,2024-12-27 00:00:00,completed,email,bank_transfer
10584,4650,2024-11-27 14:34:11,returned,paid_search,bank_transfer
10585,198,2025-09-14 00:00:00,completed,social_media,paypal
10586,5604,2024-04-25 00:00:00,completed,direct,bank_transfer
10587,4932,2024-11-28 00:00:00,completed,social_media,bank_transfer
10588,6981,2025-10-28 00:00:00,completed,organic_search,bank_transfer
10589,6735,2024-03-25 00:00:00,completed,organic_search,debit_card
10590,5789,2025-12-10 00:00:00,completed,organic_search,paypal
10591,559,2025-12-27 00:00:00,completed,email,bank_transfer
10592,8356,2024-04-17 00:35:53,completed,social_media,paypal
10593,182,2024-10-23 00:00:00,completed,referral,bank_transfer
10594,7449,2024-09-12 00:00:00,completed,email,paypal
10595,4430,2025-09-22 00:00:00,completed,referral,bank_transfer
10596,7574,2025-05-21 00:00:00,returned,organic_search,credit_card
10597,4296,2025-06-24 00:00:00,completed,email,credit_card
10598,5976,2025-10-09 00:00:00,completed,referral,debit_card
10599,3348,2024-05-16 00:00:00,completed,social_media,credit_card
10600,6881,2025-10-26 23:45:04,completed,social_media,bank_transfer
10601,2390,2025-06-08 00:00:00,completed,paid_search,credit_card
10602,6642,2025-05-08 00:00:00,completed,email,debit_card
10603,1838,2025-11-20 00:00:00,completed,direct,credit_card
10604,6667,2025-03-08 00:00:00,cancelled,email,bank_transfer
10605,2746,2024-07-08 00:00:00,completed,paid_search,debit_card
10606,2616,2025-01-11 00:00:00,completed,direct,bank_transfer
10607,7507,2025-03-09 00:00:00,completed,direct,debit_card
10608,7530,2024-12-03 00:00:00,completed,social_media,credit_card
10609,6417,2025-12-15 00:00:00,cancelled,email,credit_card
10610,-1,2024-05-27 01:08:54,completed,email,bank_transfer
10611,1496,2025-08-01 14:50:20,completed,direct,bank_transfer
10612,2534,2025-03-18 00:00:00,cancelled,direct,credit_card
10613,2748,2024-02-05 00:00:00,completed,social_media,bank_transfer
10614,2848,2025-04-12 00:00:00,completed,social_media,credit_card
10615,3030,2025-11-04 00:00:00,completed,organic_search,debit_card
10616,6451,2025-04-01 00:00:00,completed,social_media,debit_card
10617,2541,2024-09-01 13:08:32,completed,paid_search,debit_card
10618,2680,2024-05-20 00:00:00,completed,paid_search,paypal
10619,5274,2024-12-04 05:44:53,completed,email,debit_card
10620,1838,2024-09-24 00:00:00,completed,organic_search,paypal
10621,3362,2025-03-18 00:00:00,completed,referral,debit_card
10622,572,2025-12-19 13:54:18,completed,direct,paypal
10623,8787,2025-05-06 00:00:00,completed,social_media,paypal
10624,2945,2025-11-20 00:00:00,completed,organic_search,paypal
10625,7859,2025-06-29 00:00:00,completed,organic_search,paypal
10626,4900,2025-02-21 00:00:00,completed,direct,credit_card
10627,2150,2025-11-05 19:33:51,completed,direct,debit_card
10628,1839,2025-02-18 00:00:00,cancelled,direct,debit_card
10629,6437,2025-11-11 13:52:24,completed,email,paypal
10630,8901,2024-10-24 00:00:00,completed,paid_search,debit_card
10631,1739,2024-05-27 00:00:00,completed,email,paypal
10632,1129,2025-05-11 00:00:00,returned,email,debit_card
10633,3565,2025-05-15 21:38:34,completed,paid_search,bank_transfer
10634,3623,2025-11-20 00:00:00,completed,social_media,debit_card
10635,7470,2025-09-12 00:00:00,completed,paid_search,paypal
10636,4328,2024-11-03 00:00:00,completed,organic_search,paypal
10637,606,2025-03-14 10:50:20,completed,organic_search,debit_card
10638,8519,2024-12-10 00:00:00,returned,referral,debit_card
10639,3439,2025-06-11 06:14:42,completed,direct,paypal
10640,6185,2025-10-02 00:00:00,completed,direct,paypal
10641,6177,2024-10-15 00:00:00,completed,email,credit_card
10642,554,2025-04-24 00:00:00,completed,paid_search,paypal
10643,35,2025-09-08 00:00:00,completed,paid_search,credit_card
10644,861,2024-06-01 00:00:00,completed,social_media,bank_transfer
10645,8827,2025-10-14 00:00:00,completed,email,paypal
10646,7354,2025-05-28 00:00:00,completed,paid_search,bank_transfer
10647,1281,2025-12-13 12:23:17,returned,social_media,credit_card
10648,5668,2024-11-22 00:00:00,completed,email,paypal
10649,5643,2024-07-05 00:00:00,cancelled,organic_search,debit_card
10650,7,2025-03-18 00:00:00,completed,email,bank_transfer
10651,3958,2024-04-14 00:00:00,completed,social_media,credit_card
10652,6579,2025-12-20 00:00:00,completed,social_media,paypal
10653,1773,2024-02-22 00:00:00,completed,email,bank_transfer
10654,7867,2025-09-07 00:00:00,cancelled,paid_search,credit_card
10655,6118,2025-01-04 00:00:00,completed,email,debit_card
10656,67,2024-07-12 00:00:00,completed,paid_search,paypal
10657,7906,2024-03-24 00:00:00,completed,email,credit_card
10658,198,2025-06-08 00:00:00,completed,organic_search,bank_transfer
10659,8213,2025-05-14 00:00:00,completed,organic_search,debit_card
10660,3090,2024-10-15 00:00:00,completed,social_media,debit_card
10661,6467,2025-11-28 12:36:15,completed,direct,credit_card
10662,7285,2024-02-11 00:00:00,completed,direct,credit_card
10663,2643,2025-01-30 00:00:00,completed,organic_search,debit_card
10664,3284,2025-04-14 00:00:00,completed,paid_search,paypal
10665,4718,2024-04-29 00:00:00,completed,social_media,bank_transfer
10666,5368,2025-12-07 00:00:00,cancelled,email,debit_card
10667,2734,2024-12-10 15:38:38,cancelled,paid_search,credit_card
10668,-1,2024-04-09 00:00:00,returned,organic_search,bank_transfer
10669,6816,2024-12-16 00:00:00,cancelled,social_media,bank_transfer
10670,2574,2025-05-24 03:45:31,completed,email,credit_card
10671,5907,2025-03-24 00:00:00,completed,referral,paypal
10672,4018,2025-07-30 00:00:00,cancelled,email,bank_transfer
10673,7952,2024-03-13 00:00:00,completed,paid_search,debit_card
10674,3040,2024-10-18 00:00:00,completed,email,credit_card
10675,1781,2025-10-18 00:00:00,completed,email,debit_card
10676,449,2024-04-08 00:00:00,completed,referral,paypal
10677,-1,2025-11-06 19:31:53,completed,organic_search,debit_card
10678,3310,2024-04-20 21:22:48,completed,paid_search,credit_card
10679,2072,2025-10-26 00:00:00,completed,paid_search,bank_transfer
10680,4544,2024-12-03 00:00:00,completed,paid_search,paypal
10681,2730,2025-06-01 00:00:00,cancelled,referral,credit_card
10682,2193,2024-06-20 07:21:51,completed,referral,paypal
10683,5680,2024-03-24 00:00:00,cancelled,paid_search,paypal
10684,734,2024-08-20 00:00:00,completed,social_media,credit_card
10685,4712,2024-05-26 00:00:00,completed,referral,bank_transfer
10686,3569,2024-11-07 15:20:33,cancelled,organic_search,paypal
10687,4921,2025-03-24 00:00:00,cancelled,referral,debit_card
10688,2976,2025-05-16 00:00:00,completed,referral,debit_card
10689,5274,2025-09-30 00:00:00,completed,direct,credit_card
10690,796,2025-07-02 00:00:00,cancelled,email,debit_card
10691,3469,2025-05-30 00:00:00,completed,referral,paypal
10692,2232,2024-12-28 00:00:00,completed,direct,debit_card
10693,4038,2025-02-20 00:00:00,completed,direct,credit_card
10694,3659,2024-12-30 00:00:00,completed,email,debit_card
10695,5819,2025-10-31 00:00:00,completed,direct,bank_transfer
10696,5801,2024-09-02 00:00:00,completed,paid_search,bank_transfer
10697,3804,2024-01-09 00:00:00,completed,social_media,paypal
10698,1719,2025-06-29 00:00:00,completed,paid_search,paypal
10699,5359,2024-08-08 00:00:00,completed,paid_search,bank_transfer
10700,8919,2025-11-20 00:00:00,completed,organic_search,debit_card
10701,1758,2025-11-07 00:00:00,completed,direct,debit_card
10702,677,2024-04-05 00:00:00,completed,social_media,bank_transfer
10703,2491,2024-05-05 00:00:00,completed,email,bank_transfer
10704,3800,2025-03-09 00:00:00,completed,direct,paypal
10705,2858,2025-05-30 13:37:11,completed,paid_search,debit_card
10706,7721,2024-10-10 00:00:00,completed,social_media,paypal
10707,4554,2025-08-14 00:00:00,completed,referral,debit_card
10708,2316,2025-05-20 00:00:00,completed,direct,debit_card
10709,8768,2024-11-14 00:00:00,completed,paid_search,paypal
10710,1209,2024-02-05 00:00:00,completed,email,credit_card
10711,1195,2025-09-05 00:00:00,completed,paid_search,bank_transfer
10712,2308,2024-08-19 00:00:00,cancelled,paid_search,paypal
10713,748,2025-10-26 01:17:35,completed,direct,credit_card
10714,6948,2025-01-02 00:00:00,cancelled,email,debit_card
10715,2898,2025-08-05 00:00:00,completed,email,paypal
10716,6745,2025-11-13 01:50:45,completed,direct,paypal
10717,7045,2025-11-09 00:00:00,completed,email,paypal
10718,2233,2024-12-08 09:39:22,cancelled,paid_search,paypal
10719,4800,2024-08-14 00:00:00,completed,referral,bank_transfer
10720,4810,2025-09-21 00:00:00,completed,social_media,debit_card
10721,8054,2025-01-14 00:00:00,completed,email,bank_transfer
10722,261,2024-07-29 22:53:14,cancelled,organic_search,credit_card
10723,2939,2025-11-26 00:00:00,cancelled,direct,debit_card
10724,8164,2024-08-04 00:00:00,completed,referral,credit_card
10725,2228,2024-02-05 12:06:51,completed,paid_search,paypal
10726,1323,2024-01-29 00:00:00,completed,paid_search,credit_card
10727,5326,2025-06-08 00:00:00,completed,social_media,bank_transfer
10728,2856,2025-07-06 00:00:00,completed,social_media,debit_card
10729,4312,2024-11-06 00:00:00,returned,email,paypal
10730,7592,2024-11-11 00:00:00,completed,paid_search,debit_card
10731,4819,2024-11-22 00:00:00,completed,paid_search,credit_card
10732,4776,2025-07-20 01:13:58,completed,paid_search,debit_card
10733,2612,2024-03-16 23:35:05,completed,organic_search,paypal
10734,7341,2025-12-06 00:00:00,completed,referral,bank_transfer
10735,6838,2024-08-27 00:00:00,cancelled,email,bank_transfer
10736,2201,2025-12-31 00:00:00,completed,paid_search,debit_card
10737,2972,2024-08-07 00:00:00,completed,paid_search,credit_card
10738,7299,2025-09-19 00:00:00,completed,organic_search,bank_transfer
10739,3292,2024-08-27 00:00:00,completed,social_media,bank_transfer
10740,3708,2024-09-04 00:00:00,completed,referral,credit_card
10741,3358,2025-11-14 16:34:08,completed,email,credit_card
10742,1537,2025-07-11 00:00:00,completed,paid_search,credit_card
10743,3150,2024-12-24 00:00:00,completed,paid_search,bank_transfer
10744,7445,2025-08-04 12:51:20,completed,organic_search,credit_card
10745,-1,2025-04-24 00:00:00,completed,organic_search,paypal
10746,4226,2025-04-11 00:00:00,completed,referral,debit_card
10747,1496,2024-11-08 00:00:00,completed,referral,paypal
10748,1679,2025-03-31 00:00:00,completed,organic_search,paypal
10749,423,2025-03-02 00:00:00,completed,email,debit_card
10750,144,2024-11-30 00:00:00,completed,paid_search,bank_transfer
10751,4507,2025-11-21 00:00:00,returned,social_media,debit_card
10752,3764,2024-07-03 00:34:34,completed,social_media,debit_card
10753,2587,2024-06-16 00:00:00,completed,organic_search,credit_card
10754,-1,2025-05-08 00:00:00,completed,direct,credit_card
10755,3656,2025-03-07 00:00:00,completed,referral,paypal
10756,7302,2024-07-31 00:00:00,completed,organic_search,bank_transfer
10757,1990,2024-12-18 00:00:00,completed,social_media,credit_card
10758,2320,2025-12-12 00:00:00,completed,organic_search,bank_transfer
10759,5252,2024-09-17 00:00:00,completed,direct,bank_transfer
10760,40,2025-07-11 00:00:00,completed,paid_search,credit_card
10761,179,2025-08-30 00:00:00,cancelled,email,paypal
10762,1367,2025-01-28 00:00:00,completed,paid_search,bank_transfer
10763,2097,2025-12-09 00:00:00,completed,email,debit_card
10764,4887,2025-08-27 00:00:00,completed,social_media,paypal
10765,6363,2025-02-06 00:00:00,completed,direct,paypal
10766,2894,2025-05-03 00:00:00,returned,referral,bank_transfer
10767,2250,2025-07-28 00:00:00,cancelled,organic_search,debit_card
10768,7613,2025-05-18 00:00:00,completed,email,debit_card
10769,1546,2025-11-15 00:00:00,completed,paid_search,paypal
10770,6274,2024-12-01 23:32:24,completed,social_media,debit_card
10771,8601,2024-10-30 00:00:00,completed,organic_search,credit_card
10772,2185,2024-08-18 08:32:46,completed,social_media,debit_card
10773,848,2024-02-21 00:00:00,cancelled,referral,credit_card
10774,-1,2024-02-27 00:00:00,completed,paid_search,bank_transfer
10775,2541,2025-11-12 00:00:00,completed,paid_search,bank_transfer
10776,2591,2025-07-18 00:00:00,cancelled,referral,credit_card
10777,4471,2025-07-06 12:39:02,completed,email,debit_card
10778,2173,2025-06-03 00:00:00,completed,email,paypal
10779,-1,2025-11-03 00:00:00,completed,organic_search,debit_card
10780,423,2025-02-26 00:00:00,completed,referral,debit_card
10781,4170,2025-11-12 00:00:00,completed,referral,debit_card
10782,5058,2024-12-02 00:00:00,returned,organic_search,credit_card
10783,4308,2025-12-05 00:00:00,completed,email,debit_card
10784,4818,2025-08-02 00:00:00,completed,referral,bank_transfer
10785,-1,2024-09-26 00:00:00,cancelled,email,bank_transfer
10786,8112,2025-04-29 00:00:00,cancelled,paid_search,debit_card
10787,2882,2025-07-04 00:00:00,completed,organic_search,credit_card
10788,5087,2024-05-06 00:00:00,returned,social_media,debit_card
10789,5,2025-05-18 20:54:13,completed,direct,paypal
10790,3767,2024-11-08 00:00:00,completed,organic_search,bank_transfer
10791,1555,2024-03-09 00:00:00,completed,email,credit_card
10792,6579,2025-12-13 00:00:00,completed,paid_search,debit_card
10793,2077,2025-06-22 00:00:00,completed,social_media,paypal
10794,6921,2025-11-15 00:00:00,completed,organic_search,paypal
10795,2902,2025-07-17 00:00:00,completed,social_media,debit_card
10796,8566,2024-12-01 01:09:30,cancelled,social_media,bank_transfer
10797,4110,2025-03-23 00:00:00,completed,organic_search,paypal
10798,7763,2025-07-16 00:00:00,completed,referral,debit_card
10799,5796,2025-12-17 00:00:00,completed,direct,credit_card
10800,-1,2024-09-23 00:00:00,completed,direct,credit_card
10801,6870,2025-11-14 00:00:00,completed,email,paypal
10802,6721,2025-12-04 00:00:00,completed,social_media,credit_card
10803,2494,2025-07-13 00:00:00,cancelled,direct,credit_card
10804,4669,2025-06-12 00:00:00,cancelled,organic_search,credit_card
10805,2718,2024-12-21 00:00:00,completed,email,bank_transfer
10806,197,2025-12-14 00:00:00,completed,email,bank_transfer
10807,6575,2025-08-04 00:00:00,completed,direct,paypal
10808,2218,2024-02-26 00:00:00,cancelled,referral,debit_card
10809,3648,2025-11-27 00:00:00,completed,paid_search,paypal
10810,2672,2025-01-03 00:00:00,completed,social_media,paypal
10811,1897,2025-02-08 00:00:00,completed,email,paypal
10812,656,2025-05-01 00:00:00,completed,paid_search,paypal
10813,3119,2024-06-16 00:00:00,completed,organic_search,bank_transfer
10814,796,2025-02-16 00:00:00,completed,organic_search,debit_card
10815,4990,2025-10-24 00:00:00,completed,organic_search,credit_card
10816,200,2024-01-22 00:00:00,completed,direct,bank_transfer
10817,8672,2024-09-10 00:00:00,completed,organic_search,paypal
10818,8918,2024-04-01 00:00:00,completed,direct,paypal
10819,2843,2024-12-30 00:00:00,completed,email,bank_transfer
10820,2444,2025-08-22 00:00:00,cancelled,social_media,debit_card
10821,1022,2025-05-10 00:00:00,completed,social_media,paypal
10822,8373,2025-12-11 10:32:10,completed,direct,paypal
10823,5395,2025-05-30 00:00:00,completed,paid_search,credit_card
10824,5626,2024-09-24 00:00:00,cancelled,social_media,credit_card
10825,8284,2025-12-04 00:00:00,cancelled,referral,debit_card
10826,8439,2025-09-21 00:00:00,completed,paid_search,paypal
10827,7660,2025-06-05 00:00:00,completed,paid_search,bank_transfer
10828,7140,2025-07-31 13:03:06,completed,organic_search,bank_transfer
10829,8114,2025-12-04 00:00:00,completed,email,credit_card
10830,8101,2025-08-11 00:00:00,completed,organic_search,bank_transfer
10831,3397,2024-07-12 00:00:00,completed,referral,bank_transfer
10832,8979,2025-11-08 00:00:00,completed,paid_search,paypal
10833,6558,2024-02-24 00:00:00,completed,paid_search,credit_card
10834,3410,2024-12-16 00:00:00,completed,paid_search,credit_card
10835,4073,2024-12-26 00:00:00,completed,email,paypal
10836,6372,2024-07-04 01:38:21,completed,paid_search,paypal
10837,3328,2024-02-02 00:00:00,completed,referral,bank_transfer
10838,7645,2024-05-31 00:00:00,completed,paid_search,credit_card
10839,1419,2025-07-01 00:00:00,returned,social_media,debit_card
10840,8402,2025-07-10 00:00:00,completed,direct,credit_card
10841,2810,2025-12-27 00:00:00,completed,email,debit_card
10842,1473,2024-11-25 00:00:00,cancelled,organic_search,credit_card
10843,7936,2025-05-23 00:00:00,completed,referral,credit_card
10844,2253,2025-12-08 00:00:00,completed,email,bank_transfer
10845,7799,2024-07-04 00:00:00,returned,paid_search,bank_transfer
10846,2762,2025-08-15 00:00:00,completed,social_media,paypal
10847,8613,2025-09-08 00:00:00,completed,organic_search,debit_card
10848,2060,2024-04-17 00:00:00,completed,social_media,paypal
10849,683,2025-11-08 00:00:00,cancelled,organic_search,debit_card
10850,8643,2025-10-14 00:00:00,completed,referral,credit_card
10851,1572,2024-02-15 00:00:00,completed,referral,paypal
10852,8714,2024-04-20 00:17:29,completed,direct,paypal
10853,7623,2024-03-06 00:00:00,completed,referral,credit_card
10854,797,2024-11-19 00:00:00,completed,organic_search,bank_transfer
10855,4106,2025-03-20 00:00:00,completed,organic_search,credit_card
10856,717,2025-06-04 00:00:00,completed,organic_search,credit_card
10857,3049,2024-05-10 00:00:00,completed,referral,credit_card
10858,3244,2025-11-29 13:58:16,completed,email,credit_card
10859,5529,2024-12-07 06:40:14,completed,paid_search,paypal
10860,-1,2024-03-02 00:00:00,completed,organic_search,paypal
10861,1610,2024-10-30 00:00:00,completed,organic_search,bank_transfer
10862,3042,2025-04-06 14:19:36,completed,direct,bank_transfer
10863,5398,2024-12-27 07:49:07,cancelled,referral,bank_transfer
10864,1626,2024-09-10 00:00:00,completed,direct,debit_card
10865,6576,2024-05-29 15:35:48,completed,paid_search,credit_card
10866,3709,2025-10-17 00:00:00,completed,email,bank_transfer
10867,8762,2025-12-30 06:09:08,cancelled,email,credit_card
10868,5806,2024-11-16 04:30:16,completed,direct,debit_card
10869,3348,2024-12-14 00:00:00,completed,organic_search,debit_card
10870,6643,2025-05-06 00:00:00,completed,paid_search,credit_card
10871,7756,2025-08-15 00:00:00,completed,email,credit_card
10872,7418,2024-12-19 06:06:52,completed,email,bank_transfer
10873,2469,2025-11-26 00:00:00,cancelled,social_media,bank_transfer
10874,3841,2025-04-26 00:00:00,cancelled,paid_search,paypal
10875,4176,2025-01-30 00:00:00,completed,referral,debit_card
10876,3578,2025-06-26 00:00:00,completed,organic_search,credit_card
10877,2890,2025-12-14 00:00:00,cancelled,social_media,bank_transfer
10878,6956,2025-10-03 23:53:50,completed,direct,bank_transfer
10879,124,2024-02-24 00:00:00,completed,email,bank_transfer
10880,2745,2024-11-18 00:00:00,completed,paid_search,debit_card
10881,1362,2025-02-17 00:00:00,completed,direct,debit_card
10882,1248,2024-11-08 00:00:00,completed,email,paypal
10883,2604,2025-08-03 14:23:46,returned,social_media,debit_card
10884,7041,2025-10-22 00:00:00,completed,social_media,bank_transfer
10885,8949,2025-08-24 00:00:00,completed,organic_search,debit_card
10886,4762,2025-12-28 00:00:00,completed,paid_search,bank_transfer
10887,3131,2024-10-08 00:00:00,completed,direct,paypal
10888,7669,2025-11-14 09:08:07,completed,organic_search,debit_card
10889,656,2025-09-16 10:48:57,completed,email,credit_card
10890,911,2024-04-12 00:00:00,completed,organic_search,debit_card
10891,3189,2025-08-26 17:05:03,completed,referral,credit_card
10892,4144,2024-03-05 00:00:00,completed,referral,debit_card
10893,7391,2025-09-30 07:37:08,completed,paid_search,bank_transfer
10894,8561,2025-06-04 00:00:00,completed,organic_search,credit_card
10895,4913,2024-10-24 00:00:00,completed,direct,bank_transfer
10896,4579,2025-07-02 00:00:00,cancelled,direct,bank_transfer
10897,2011,2025-06-22 00:00:00,completed,social_media,credit_card
10898,4168,2024-08-14 00:00:00,completed,organic_search,debit_card
10899,8545,2024-11-02 00:00:00,completed,social_media,bank_transfer
10900,3616,2025-01-15 00:00:00,completed,paid_search,paypal
10901,1992,2025-05-03 00:00:00,cancelled,organic_search,debit_card
10902,3116,2025-11-14 00:00:00,completed,social_media,debit_card
10903,4762,2025-05-12 00:00:00,completed,direct,bank_transfer
10904,5519,2025-04-04 00:00:00,completed,paid_search,paypal
10905,3990,2025-09-07 00:00:00,completed,direct,paypal
10906,7005,2025-01-20 00:00:00,completed,email,debit_card
10907,5371,2025-09-03 00:00:00,completed,social_media,credit_card
10908,6160,2024-10-08 00:00:00,completed,social_media,credit_card
10909,7983,2024-08-12 00:00:00,completed,referral,credit_card
10910,8008,2025-06-17 00:00:00,completed,referral,credit_card
10911,1922,2024-01-26 03:55:34,completed,direct,credit_card
10912,5743,2025-08-18 00:00:00,completed,email,credit_card
10913,6615,2025-10-27 00:07:35,cancelled,direct,debit_card
10914,1397,2024-12-22 00:00:00,returned,email,debit_card
10915,7793,2025-01-28 19:29:16,completed,social_media,debit_card
10916,1708,2025-11-04 00:00:00,completed,direct,paypal
10917,7406,2025-09-21 07:06:17,completed,organic_search,credit_card
10918,1535,2024-10-21 00:00:00,completed,social_media,credit_card
10919,6859,2024-11-13 13:34:54,completed,email,bank_transfer
10920,1420,2025-07-19 00:00:00,completed,organic_search,credit_card
10921,3496,2025-04-28 00:00:00,completed,paid_search,credit_card
10922,1375,2024-06-29 00:00:00,completed,email,bank_transfer
10923,2541,2024-05-11 00:00:00,completed,organic_search,credit_card
10924,-1,2025-11-24 00:00:00,completed,organic_search,bank_transfer
10925,1050,2025-07-25 00:00:00,completed,referral,bank_transfer
10926,3739,2025-12-26 00:00:00,returned,email,paypal
10927,6259,2025-09-16 00:00:00,completed,email,credit_card
10928,928,2025-12-10 18:58:20,completed,email,credit_card
10929,1064,2024-08-21 00:00:00,completed,direct,debit_card
10930,1373,2025-09-19 00:00:00,completed,paid_search,credit_card
10931,5954,2024-01-29 00:00:00,completed,referral,credit_card
10932,8422,2025-07-13 00:00:00,completed,paid_search,credit_card
10933,7641,2025-02-16 00:00:00,cancelled,referral,credit_card
10934,-1,2024-11-26 00:00:00,completed,organic_search,debit_card
10935,5348,2025-08-11 00:00:00,completed,social_media,debit_card
10936,8869,2025-11-05 00:00:00,returned,email,credit_card
10937,2846,2024-01-02 00:00:00,completed,paid_search,debit_card
10938,3891,2025-05-30 00:00:00,returned,referral,bank_transfer
10939,3637,2024-12-07 00:00:00,completed,social_media,bank_transfer
10940,462,2024-12-30 00:00:00,returned,paid_search,paypal
10941,7674,2025-10-25 00:00:00,completed,social_media,bank_transfer
10942,252,2024-05-11 00:00:00,completed,email,debit_card
10943,6745,2025-12-11 00:00:00,completed,social_media,debit_card
10944,3746,2024-07-17 02:15:44,completed,social_media,paypal
10945,61,2025-07-07 00:00:00,completed,paid_search,paypal
10946,2717,2025-07-14 17:41:52,completed,referral,debit_card
10947,3195,2024-09-22 00:00:00,completed,organic_search,debit_card
10948,8900,2024-11-13 00:00:00,completed,social_media,paypal
10949,6123,2025-10-26 00:00:00,completed,social_media,credit_card
10950,5022,2025-09-13 00:00:00,completed,referral,debit_card
10951,1231,2024-11-16 00:00:00,completed,email,paypal
10952,3600,2025-08-04 00:00:00,completed,referral,bank_transfer
10953,358,2024-03-20 00:00:00,completed,paid_search,credit_card
10954,7037,2024-08-14 20:54:30,completed,paid_search,paypal
10955,1546,2025-02-03 00:00:00,completed,social_media,paypal
10956,5474,2024-04-14 00:00:00,completed,social_media,credit_card
10957,6475,2025-01-11 00:00:00,completed,paid_search,paypal
10958,3376,2025-08-15 08:22:08,cancelled,organic_search,paypal
10959,5832,2025-12-11 00:00:00,completed,referral,paypal
10960,7055,2025-07-29 10:18:46,completed,paid_search,credit_card
10961,1749,2025-12-10 00:00:00,completed,paid_search,credit_card
10962,5541,2025-04-22 00:00:00,completed,organic_search,paypal
10963,6783,2025-05-24 00:00:00,returned,paid_search,credit_card
10964,3289,2025-12-23 00:00:00,completed,social_media,debit_card
10965,-1,2025-06-22 00:00:00,completed,email,bank_transfer
10966,2681,2024-02-12 00:00:00,cancelled,email,debit_card
10967,8613,2025-08-19 04:13:05,completed,referral,paypal
10968,3290,2025-11-26 00:00:00,completed,social_media,bank_transfer
10969,1050,2025-04-10 00:00:00,completed,referral,credit_card
10970,808,2025-05-13 06:26:02,completed,email,bank_transfer
10971,1709,2025-07-13 03:55:50,completed,referral,debit_card
10972,1236,2025-12-28 00:00:00,completed,referral,debit_card
10973,4574,2024-04-19 00:00:00,completed,paid_search,bank_transfer
10974,-1,2025-07-10 14:22:26,completed,direct,debit_card
10975,7780,2024-10-17 18:35:23,completed,organic_search,bank_transfer
10976,8148,2025-06-21 00:00:00,completed,email,debit_card
10977,4373,2025-05-29 00:16:23,completed,referral,bank_transfer
10978,8216,2024-06-21 00:00:00,completed,email,credit_card
10979,4160,2024-12-08 00:00:00,completed,referral,debit_card
10980,5923,2025-06-08 00:00:00,completed,paid_search,bank_transfer
10981,1544,2024-05-26 00:00:00,completed,direct,paypal
10982,514,2024-10-02 00:00:00,cancelled,organic_search,credit_card
10983,1518,2025-10-27 00:00:00,completed,social_media,bank_transfer
10984,2370,2024-11-15 00:00:00,completed,organic_search,debit_card
10985,6940,2025-04-03 00:00:00,cancelled,email,bank_transfer
10986,1647,2025-12-10 00:00:00,completed,social_media,paypal
10987,1267,2024-08-31 00:00:00,cancelled,email,paypal
10988,8584,2024-12-17 00:00:00,completed,paid_search,paypal
10989,6390,2025-05-28 00:00:00,completed,organic_search,credit_card
10990,4374,2025-09-08 16:01:47,completed,direct,paypal
10991,933,2025-11-25 00:00:00,completed,email,credit_card
10992,7874,2025-11-30 00:00:00,completed,paid_search,credit_card
10993,1057,2025-09-22 00:00:00,completed,paid_search,credit_card
10994,5634,2024-01-09 00:00:00,completed,organic_search,credit_card
10995,6178,2024-02-04 00:00:00,cancelled,referral,bank_transfer
10996,3678,2024-12-15 00:00:00,completed,organic_search,credit_card
10997,8443,2024-06-09 23:58:01,completed,social_media,bank_transfer
10998,495,2025-10-08 00:00:00,completed,email,bank_transfer
10999,7576,2025-06-07 00:00:00,completed,organic_search,paypal
11000,5111,2024-02-29 00:00:00,completed,paid_search,credit_card
11001,5635,2025-10-28 00:00:00,completed,organic_search,bank_transfer
11002,-1,2024-09-19 00:00:00,completed,social_media,credit_card
11003,5367,2025-01-13 00:00:00,completed,organic_search,credit_card
11004,7384,2025-11-07 00:00:00,completed,organic_search,credit_card
11005,1479,2025-01-11 15:58:03,completed,referral,paypal
11006,7492,2025-01-22 00:00:00,completed,organic_search,debit_card
11007,7030,2024-03-24 00:00:00,completed,email,paypal
11008,8936,2024-12-23 00:00:00,completed,direct,paypal
11009,8634,2025-09-14 04:18:28,completed,organic_search,bank_transfer
11010,2019,2025-11-30 00:00:00,completed,paid_search,credit_card
11011,4295,2024-12-29 00:00:00,completed,organic_search,debit_card
11012,8445,2025-01-05 00:00:00,completed,social_media,credit_card
11013,5910,2025-04-08 00:00:00,completed,paid_search,bank_transfer
11014,4282,2025-11-12 00:00:00,completed,organic_search,credit_card
11015,1062,2024-10-04 00:00:00,completed,email,bank_transfer
11016,3247,2025-01-21 00:00:00,completed,paid_search,paypal
11017,6160,2025-10-04 00:00:00,completed,referral,bank_transfer
11018,7177,2025-05-30 00:00:00,completed,organic_search,debit_card
11019,4131,2024-05-09 00:00:00,cancelled,paid_search,bank_transfer
11020,549,2025-06-12 00:00:00,completed,social_media,credit_card
11021,5838,2024-07-24 23:11:47,completed,organic_search,bank_transfer
11022,8526,2025-03-21 00:00:00,completed,direct,credit_card
11023,4582,2025-04-04 17:26:45,returned,social_media,paypal
11024,8589,2025-11-14 00:00:00,completed,direct,credit_card
11025,3265,2025-02-10 00:00:00,completed,paid_search,bank_transfer
11026,8200,2024-10-14 00:00:00,completed,organic_search,credit_card
11027,7272,2024-03-09 00:00:00,completed,referral,paypal
11028,8870,2025-11-13 00:00:00,completed,organic_search,bank_transfer
11029,7323,2024-08-07 00:00:00,completed,social_media,credit_card
11030,2982,2025-07-01 00:00:00,completed,organic_search,credit_card
11031,8337,2024-07-24 01:25:07,completed,paid_search,paypal
11032,6197,2025-09-20 00:00:00,returned,organic_search,bank_transfer
11033,1541,2025-02-21 08:58:52,completed,social_media,credit_card
11034,447,2024-11-28 00:00:00,cancelled,referral,paypal
11035,3371,2024-03-12 00:00:00,completed,social_media,paypal
11036,7278,2025-11-04 01:19:58,completed,referral,paypal
11037,5698,2025-04-22 00:00:00,completed,paid_search,debit_card
11038,4879,2025-08-15 00:00:00,completed,referral,bank_transfer
11039,37,2025-11-23 00:00:00,completed,paid_search,credit_card
11040,4019,2025-11-25 07:10:50,returned,paid_search,credit_card
11041,1496,2024-11-16 00:00:00,completed,email,credit_card
11042,4194,2025-12-14 00:00:00,completed,paid_search,debit_card
11043,-1,2024-04-02 00:00:00,completed,organic_search,bank_transfer
11044,8131,2024-12-11 01:28:56,completed,social_media,paypal
11045,2890,2025-11-22 00:00:00,completed,organic_search,bank_transfer
11046,5466,2024-10-10 00:00:00,completed,organic_search,debit_card
11047,4642,2024-10-09 00:00:00,completed,paid_search,debit_card
11048,1261,2024-11-01 22:01:30,completed,organic_search,paypal
11049,-1,2025-06-01 00:00:00,completed,social_media,paypal
11050,3922,2025-01-19 17:03:22,completed,social_media,paypal
11051,4678,2025-08-21 00:00:00,completed,referral,debit_card
11052,5983,2025-11-22 00:00:00,completed,direct,bank_transfer
11053,1817,2025-07-15 00:00:00,completed,direct,debit_card
11054,2090,2024-10-08 00:00:00,completed,direct,paypal
11055,1828,2025-12-07 01:40:18,completed,paid_search,bank_transfer
11056,3549,2024-10-02 00:00:00,completed,social_media,paypal
11057,1898,2024-06-17 00:00:00,completed,paid_search,credit_card
11058,8572,2024-04-18 00:00:00,completed,email,debit_card
11059,6593,2025-04-28 00:00:00,cancelled,paid_search,paypal
11060,8307,2024-12-05 00:00:00,completed,direct,credit_card
11061,7844,2024-06-06 19:26:49,completed,organic_search,paypal
11062,6509,2024-10-30 00:00:00,cancelled,referral,paypal
11063,2287,2024-10-16 00:00:00,cancelled,paid_search,paypal
11064,5670,2025-05-27 00:00:00,cancelled,referral,bank_transfer
11065,1768,2025-10-16 00:00:00,completed,referral,debit_card
11066,1283,2025-09-12 09:17:32,completed,email,credit_card
11067,5832,2024-09-30 00:00:00,completed,direct,paypal
11068,5758,2024-09-16 22:25:29,completed,social_media,debit_card
11069,1496,2025-12-19 00:00:00,completed,referral,bank_transfer
11070,3250,2024-01-12 00:00:00,completed,social_media,debit_card
11071,646,2025-11-16 09:31:33,completed,referral,bank_transfer
11072,6607,2024-08-05 11:57:22,cancelled,referral,paypal
11073,-1,2025-12-12 00:00:00,completed,organic_search,paypal
11074,6839,2024-11-23 00:00:00,completed,email,bank_transfer
11075,7803,2025-01-21 13:17:01,completed,organic_search,bank_transfer
11076,4398,2025-08-08 00:00:00,completed,direct,debit_card
11077,938,2025-05-15 02:03:40,returned,organic_search,paypal
11078,6715,2024-10-11 00:00:00,completed,organic_search,paypal
11079,2412,2025-04-22 17:12:31,completed,paid_search,bank_transfer
11080,3577,2025-08-23 00:00:00,completed,direct,bank_transfer
11081,6508,2024-02-26 00:00:00,completed,direct,credit_card
11082,8371,2024-01-16 01:25:08,completed,referral,debit_card
11083,4488,2025-06-02 00:00:00,completed,paid_search,debit_card
11084,8870,2024-05-30 00:00:00,completed,social_media,paypal
11085,4812,2025-07-08 00:00:00,completed,direct,credit_card
11086,1191,2024-08-19 02:46:37,completed,social_media,credit_card
11087,4800,2025-01-14 00:00:00,completed,email,bank_transfer
11088,7956,2024-08-03 00:00:00,completed,organic_search,bank_transfer
11089,4970,2025-04-18 19:52:00,cancelled,referral,debit_card
11090,6911,2024-05-14 00:00:00,completed,email,paypal
11091,5053,2024-02-02 00:00:00,completed,paid_search,debit_card
11092,5040,2024-08-03 00:00:00,completed,organic_search,debit_card
11093,2673,2025-12-15 07:11:43,completed,direct,paypal
11094,1910,2024-06-09 00:00:00,completed,organic_search,credit_card
11095,2619,2025-08-08 00:00:00,completed,paid_search,debit_card
11096,4059,2024-03-26 00:00:00,completed,paid_search,paypal
11097,7492,2024-05-07 00:00:00,completed,email,credit_card
11098,7667,2025-03-20 00:00:00,completed,organic_search,paypal
11099,1551,2025-02-12 00:00:00,completed,email,bank_transfer
11100,5101,2025-12-14 00:00:00,completed,referral,credit_card
11101,3832,2025-11-12 00:00:00,completed,paid_search,bank_transfer
11102,5279,2025-09-24 05:15:36,completed,email,paypal
11103,5983,2025-05-25 00:00:00,completed,organic_search,debit_card
11104,2626,2025-03-02 00:00:00,completed,direct,paypal
11105,8505,2024-12-01 00:00:00,completed,organic_search,bank_transfer
11106,8631,2025-12-12 00:00:00,completed,organic_search,bank_transfer
11107,1029,2025-05-26 00:00:00,completed,referral,credit_card
11108,6507,2025-05-09 00:00:00,completed,email,bank_transfer
11109,330,2024-04-09 00:00:00,completed,referral,credit_card
11110,454,2024-03-03 00:00:00,completed,organic_search,paypal
11111,8841,2025-11-12 00:00:00,completed,social_media,debit_card
11112,6436,2024-11-07 23:20:44,completed,referral,paypal
11113,3007,2025-01-23 00:00:00,cancelled,paid_search,paypal
11114,6198,2024-05-13 00:00:00,completed,paid_search,paypal
11115,7820,2025-10-28 19:40:27,completed,referral,bank_transfer
11116,8048,2024-02-08 00:00:00,completed,organic_search,paypal
11117,209,2025-10-26 05:24:41,completed,organic_search,credit_card
11118,7578,2024-07-06 00:00:00,cancelled,email,paypal
11119,7889,2025-11-18 14:53:41,completed,paid_search,paypal
11120,5488,2025-08-23 00:00:00,completed,direct,debit_card
11121,4434,2024-07-02 17:55:35,completed,social_media,debit_card
11122,1088,2025-04-30 00:00:00,returned,paid_search,debit_card
11123,2255,2024-11-07 10:55:34,completed,social_media,debit_card
11124,4531,2024-07-15 06:35:28,completed,paid_search,debit_card
11125,8004,2025-11-07 00:00:00,completed,paid_search,debit_card
11126,7447,2024-12-24 00:00:00,completed,organic_search,paypal
11127,4579,2024-12-22 00:00:00,completed,paid_search,paypal
11128,7264,2024-07-07 00:00:00,completed,email,credit_card
11129,7068,2024-12-14 00:00:00,completed,direct,paypal
11130,5356,2025-12-11 00:00:00,completed,organic_search,debit_card
11131,2069,2024-04-12 00:00:00,completed,organic_search,paypal
11132,-1,2025-12-14 18:02:46,completed,paid_search,credit_card
11133,1557,2025-12-12 00:00:00,completed,email,credit_card
11134,70,2024-06-12 00:00:00,completed,social_media,debit_card
11135,781,2024-07-14 00:00:00,completed,organic_search,credit_card
11136,7014,2025-11-09 00:00:00,completed,referral,credit_card
11137,332,2024-12-19 00:00:00,completed,referral,bank_transfer
11138,3675,2024-07-01 00:00:00,cancelled,paid_search,bank_transfer
11139,-1,2024-09-10 00:00:00,completed,email,bank_transfer
11140,7366,2025-05-22 00:00:00,completed,organic_search,credit_card
11141,6938,2025-06-10 00:00:00,completed,referral,debit_card
11142,2579,2024-05-31 00:00:00,completed,referral,paypal
11143,5920,2024-09-05 00:00:00,completed,direct,paypal
11144,4606,2025-03-12 00:00:00,completed,social_media,bank_transfer
11145,5748,2025-09-06 20:31:16,completed,organic_search,bank_transfer
11146,4020,2025-05-17 00:00:00,completed,paid_search,paypal
11147,4909,2025-09-17 00:00:00,cancelled,referral,paypal
11148,-1,2025-01-10 00:00:00,completed,email,credit_card
11149,3043,2025-09-10 19:33:32,completed,social_media,bank_transfer
11150,2042,2024-09-12 00:00:00,completed,social_media,credit_card
11151,4145,2024-09-15 00:00:00,completed,email,credit_card
11152,4853,2025-08-22 00:00:00,completed,direct,bank_transfer
11153,833,2025-02-01 00:00:00,completed,direct,debit_card
11154,7469,2025-12-25 00:00:00,completed,organic_search,bank_transfer
11155,3897,2024-11-27 00:00:00,completed,paid_search,credit_card
11156,3802,2025-12-03 03:32:10,completed,email,paypal
11157,6106,2025-12-07 00:00:00,completed,paid_search,debit_card
11158,7138,2024-09-13 05:56:20,completed,organic_search,paypal
11159,-1,2025-05-10 00:00:00,completed,social_media,credit_card
11160,1647,2025-01-14 00:00:00,completed,direct,debit_card
11161,3190,2025-12-01 00:00:00,completed,organic_search,credit_card
11162,1594,2025-01-30 00:00:00,completed,paid_search,bank_transfer
11163,8145,2025-09-01 00:00:00,completed,referral,credit_card
11164,5059,2025-02-14 10:40:02,completed,paid_search,debit_card
11165,7881,2024-08-31 00:00:00,completed,social_media,paypal
11166,-1,2024-05-08 00:00:00,completed,referral,credit_card
11167,5072,2025-01-07 00:00:00,completed,direct,debit_card
11168,1154,2025-09-09 00:00:00,completed,social_media,paypal
11169,3330,2025-05-27 00:00:00,completed,organic_search,debit_card
11170,362,2025-07-26 00:00:00,returned,referral,debit_card
11171,7850,2024-10-16 00:00:00,completed,direct,credit_card
11172,181,2025-02-27 16:22:29,completed,organic_search,debit_card
11173,5454,2024-02-29 11:29:52,completed,paid_search,credit_card
11174,1037,2025-10-16 03:27:50,cancelled,direct,credit_card
11175,74,2025-12-28 00:00:00,completed,organic_search,paypal
11176,2409,2024-12-26 00:00:00,completed,direct,bank_transfer
11177,5089,2024-01-16 19:21:02,completed,paid_search,debit_card
11178,737,2024-07-07 00:00:00,completed,paid_search,bank_transfer
11179,5668,2025-06-30 00:00:00,completed,organic_search,paypal
11180,6218,2025-06-01 03:46:24,completed,paid_search,paypal
11181,8953,2025-09-29 06:29:51,completed,direct,credit_card
11182,8327,2024-09-23 00:00:00,completed,referral,credit_card
11183,5236,2025-09-14 00:00:00,completed,organic_search,debit_card
11184,7347,2025-07-25 00:00:00,completed,social_media,debit_card
11185,3351,2024-11-12 05:13:59,completed,referral,paypal
11186,5384,2025-04-16 00:00:00,completed,organic_search,credit_card
11187,3707,2024-06-14 00:00:00,completed,social_media,debit_card
11188,3112,2025-02-01 00:00:00,completed,direct,bank_transfer
11189,6721,2025-11-16 13:49:29,completed,paid_search,credit_card
11190,2763,2025-03-01 00:00:00,completed,social_media,bank_transfer
11191,3511,2025-10-29 00:00:00,cancelled,direct,paypal
11192,3382,2025-05-17 00:00:00,completed,referral,paypal
11193,8045,2024-07-29 00:00:00,completed,organic_search,bank_transfer
11194,1617,2025-05-11 16:00:03,completed,paid_search,bank_transfer
11195,3520,2025-03-18 00:00:00,completed,social_media,paypal
11196,8212,2024-12-22 12:00:51,completed,social_media,debit_card
11197,157,2024-05-18 00:00:00,completed,paid_search,credit_card
11198,8747,2024-12-31 00:00:00,completed,email,debit_card
11199,8320,2024-04-01 00:00:00,completed,email,bank_transfer
11200,3853,2024-04-27 00:00:00,completed,email,debit_card
11201,6045,2024-12-30 00:00:00,completed,referral,bank_transfer
11202,-1,2024-03-11 00:00:00,completed,organic_search,bank_transfer
11203,5122,2025-12-04 00:00:00,completed,social_media,bank_transfer
11204,950,2024-12-11 17:48:01,completed,paid_search,credit_card
11205,7893,2025-09-10 00:00:00,completed,referral,bank_transfer
11206,1301,2025-04-05 11:39:29,completed,direct,bank_transfer
11207,2420,2025-08-05 00:00:00,completed,direct,credit_card
11208,8080,2024-09-28 00:00:00,completed,direct,debit_card
11209,2407,2025-12-10 00:00:00,completed,organic_search,debit_card
11210,6885,2025-04-05 10:02:54,completed,email,credit_card
11211,4137,2025-10-25 00:00:00,cancelled,referral,paypal
11212,7015,2024-12-05 01:35:00,completed,referral,credit_card
11213,2186,2024-04-29 00:00:00,completed,paid_search,paypal
11214,3870,2025-07-15 00:00:00,completed,email,credit_card
11215,2953,2024-01-12 00:00:00,completed,social_media,bank_transfer
11216,2339,2025-02-21 00:00:00,completed,organic_search,paypal
11217,2914,2024-07-30 00:00:00,completed,social_media,credit_card
11218,2999,2025-12-06 00:00:00,completed,paid_search,paypal
11219,8818,2025-12-24 00:00:00,completed,organic_search,debit_card
11220,4925,2025-02-12 17:16:46,completed,social_media,paypal
11221,4267,2025-10-16 21:49:53,completed,social_media,debit_card
11222,4653,2025-03-19 16:31:25,returned,paid_search,credit_card
11223,-1,2025-10-03 00:00:00,completed,referral,debit_card
11224,6050,2025-12-06 09:27:12,completed,organic_search,credit_card
11225,6513,2025-11-20 00:00:00,completed,paid_search,debit_card
11226,2906,2025-09-28 00:00:00,completed,email,credit_card
11227,4359,2024-10-27 00:00:00,completed,referral,paypal
11228,-1,2025-04-15 11:32:59,completed,email,debit_card
11229,6352,2024-08-28 00:00:00,completed,organic_search,paypal
11230,3183,2025-01-24 20:04:21,returned,paid_search,paypal
11231,6917,2025-01-03 00:00:00,completed,direct,debit_card
11232,2012,2025-10-25 14:41:44,completed,referral,credit_card
11233,3708,2025-11-22 00:00:00,completed,paid_search,paypal
11234,4355,2024-12-30 00:00:00,cancelled,social_media,debit_card
11235,1582,2024-01-25 00:00:00,completed,organic_search,debit_card
11236,682,2025-11-08 00:00:00,completed,organic_search,credit_card
11237,2942,2024-07-11 00:00:00,returned,email,bank_transfer
11238,5032,2025-06-08 00:00:00,completed,organic_search,debit_card
11239,6041,2024-02-04 00:00:00,completed,paid_search,paypal
11240,3923,2024-12-22 00:00:00,completed,referral,paypal
11241,4622,2025-12-26 00:00:00,completed,organic_search,paypal
11242,5020,2024-04-29 08:22:00,completed,direct,credit_card
11243,4736,2025-05-01 00:00:00,completed,email,bank_transfer
11244,884,2024-11-03 00:43:27,completed,referral,credit_card
11245,3722,2025-11-26 20:48:38,completed,direct,paypal
11246,1932,2025-11-11 00:00:00,cancelled,email,bank_transfer
11247,4931,2024-09-09 23:42:04,completed,social_media,credit_card
11248,7001,2024-04-09 00:00:00,completed,paid_search,credit_card
11249,5356,2025-12-06 00:00:00,returned,referral,debit_card
11250,2084,2024-11-20 00:00:00,completed,social_media,paypal
11251,1964,2025-07-14 00:00:00,completed,social_media,credit_card
11252,367,2024-02-13 00:00:00,completed,social_media,debit_card
11253,3935,2024-05-31 00:00:00,completed,direct,paypal
11254,3995,2025-07-24 00:00:00,completed,email,paypal
11255,2225,2024-08-17 17:18:21,completed,paid_search,bank_transfer
11256,7055,2025-11-06 17:51:54,cancelled,email,paypal
11257,3557,2024-03-16 00:00:00,completed,organic_search,bank_transfer
11258,6194,2024-08-20 00:00:00,completed,email,credit_card
11259,5904,2025-12-31 00:00:00,completed,social_media,paypal
11260,5575,2025-01-14 00:00:00,returned,social_media,paypal
11261,8407,2025-08-05 00:00:00,completed,organic_search,debit_card
11262,162,2024-07-20 00:00:00,completed,social_media,credit_card
11263,665,2025-05-31 00:00:00,completed,paid_search,bank_transfer
11264,6667,2025-08-20 00:00:00,completed,referral,paypal
11265,3258,2024-11-08 07:33:50,completed,referral,paypal
11266,-1,2025-10-23 00:00:00,completed,paid_search,credit_card
11267,2042,2025-05-26 00:00:00,completed,organic_search,bank_transfer
11268,1741,2024-12-17 00:00:00,returned,direct,paypal
11269,5408,2025-04-24 00:00:00,completed,paid_search,credit_card
11270,2624,2025-05-08 00:00:00,completed,social_media,credit_card
11271,3148,2024-07-02 00:00:00,cancelled,social_media,credit_card
11272,8520,2024-12-24 00:00:00,completed,email,bank_transfer
11273,267,2024-11-24 00:00:00,completed,referral,bank_transfer
11274,4913,2024-12-23 14:06:12,completed,organic_search,debit_card
11275,3099,2025-09-12 03:34:53,completed,direct,credit_card
11276,3194,2025-02-28 00:00:00,completed,referral,paypal
11277,2326,2025-10-12 00:00:00,completed,referral,debit_card
11278,1307,2024-10-25 00:00:00,completed,social_media,debit_card
11279,343,2024-12-30 00:00:00,completed,organic_search,credit_card
11280,-1,2025-09-28 00:00:00,completed,organic_search,bank_transfer
11281,6119,2025-04-16 00:00:00,completed,email,bank_transfer
11282,7178,2025-04-17 00:00:00,completed,paid_search,bank_transfer
11283,632,2024-03-10 00:00:00,completed,email,paypal
11284,151,2024-12-22 00:00:00,completed,social_media,paypal
11285,5535,2024-10-07 00:00:00,completed,referral,credit_card
11286,6686,2025-12-31 00:00:00,completed,email,bank_transfer
11287,-1,2024-11-04 00:00:00,completed,direct,bank_transfer
11288,3572,2025-11-18 00:00:00,completed,social_media,credit_card
11289,3549,2025-07-17 21:51:09,completed,direct,debit_card
11290,1473,2024-11-23 00:00:00,completed,organic_search,paypal
11291,6969,2025-04-14 00:00:00,completed,paid_search,bank_transfer
11292,2032,2025-10-30 00:00:00,completed,social_media,bank_transfer
11293,3005,2025-11-17 00:00:00,completed,email,debit_card
11294,6212,2024-06-27 14:41:42,completed,referral,paypal
11295,2,2024-11-22 00:00:00,completed,direct,bank_transfer
11296,7075,2024-11-19 00:00:00,completed,email,debit_card
11297,8323,2024-02-26 00:00:00,completed,referral,debit_card
11298,503,2025-05-23 00:00:00,completed,email,paypal
11299,5447,2025-11-05 18:04:42,completed,email,credit_card
11300,3760,2024-12-14 22:18:49,returned,social_media,debit_card
11301,762,2025-08-30 20:16:14,completed,organic_search,bank_transfer
11302,6319,2025-06-12 00:00:00,completed,direct,paypal
11303,5647,2024-12-11 00:00:00,cancelled,email,credit_card
11304,5932,2024-06-08 10:23:22,cancelled,email,debit_card
11305,7528,2025-08-09 00:00:00,completed,paid_search,bank_transfer
11306,2691,2025-11-05 00:00:00,completed,paid_search,paypal
11307,6261,2025-07-24 00:00:00,cancelled,organic_search,bank_transfer
11308,6876,2024-01-26 00:00:00,completed,direct,paypal
11309,1600,2024-08-21 00:00:00,completed,referral,paypal
11310,8834,2024-03-28 00:00:00,returned,referral,bank_transfer
11311,3141,2025-05-03 05:18:38,completed,organic_search,bank_transfer
11312,6587,2025-09-09 00:00:00,completed,referral,debit_card
11313,6969,2024-05-09 00:00:00,completed,referral,bank_transfer
11314,4660,2025-10-29 18:28:14,cancelled,direct,credit_card
11315,1248,2025-04-23 00:00:00,completed,paid_search,credit_card
11316,2591,2025-07-27 00:00:00,completed,referral,paypal
11317,2202,2025-12-21 00:00:00,completed,email,debit_card
11318,4801,2024-04-12 12:54:25,completed,email,bank_transfer
11319,2452,2025-11-24 00:00:00,completed,organic_search,debit_card
11320,5047,2024-05-24 00:00:00,completed,social_media,paypal
11321,2701,2024-12-19 00:00:00,completed,email,debit_card
11322,12,2025-04-11 00:00:00,cancelled,social_media,paypal
11323,3348,2025-11-27 00:00:00,completed,social_media,bank_transfer
11324,5595,2025-03-18 00:00:00,completed,direct,paypal
11325,7143,2025-05-20 07:54:44,completed,referral,debit_card
11326,287,2025-08-08 00:00:00,completed,email,debit_card
11327,2429,2025-10-25 00:00:00,completed,social_media,debit_card
11328,-1,2024-05-20 22:47:35,cancelled,social_media,bank_transfer
11329,-1,2025-12-10 00:00:00,completed,paid_search,credit_card
11330,7178,2025-02-27 00:00:00,returned,direct,debit_card
11331,4717,2025-01-31 00:00:00,completed,paid_search,bank_transfer
11332,1189,2025-06-01 00:00:00,completed,email,bank_transfer
11333,5941,2025-03-20 00:00:00,returned,social_media,debit_card
11334,8917,2025-11-12 00:00:00,completed,referral,debit_card
11335,8203,2025-04-18 17:19:35,completed,referral,bank_transfer
11336,6403,2025-12-14 00:00:00,completed,organic_search,credit_card
11337,4737,2024-07-17 00:00:00,completed,referral,bank_transfer
11338,2966,2025-08-19 00:00:00,completed,social_media,credit_card
11339,3289,2025-10-13 00:00:00,completed,social_media,paypal
11340,3195,2025-07-19 00:00:00,completed,organic_search,paypal
11341,8532,2025-05-29 00:00:00,completed,direct,paypal
11342,1998,2025-04-29 00:00:00,completed,social_media,paypal
11343,3487,2025-11-08 00:00:00,completed,paid_search,paypal
11344,3987,2025-10-19 00:00:00,completed,email,credit_card
11345,3761,2024-05-20 00:00:00,completed,direct,paypal
11346,42,2025-03-11 00:00:00,completed,paid_search,debit_card
11347,2541,2024-12-29 00:00:00,completed,paid_search,paypal
11348,4604,2024-09-23 00:00:00,returned,direct,credit_card
11349,7023,2025-11-11 00:00:00,completed,organic_search,debit_card
11350,5264,2025-01-13 00:00:00,completed,paid_search,paypal
11351,3551,2025-10-11 00:00:00,completed,email,debit_card
11352,6160,2024-01-10 00:00:00,completed,direct,credit_card
11353,6166,2024-01-06 01:14:43,cancelled,social_media,debit_card
11354,2327,2025-03-10 00:00:00,cancelled,social_media,debit_card
11355,1018,2024-04-29 00:00:00,completed,email,debit_card
11356,7447,2025-09-08 00:00:00,completed,paid_search,bank_transfer
11357,4899,2024-10-11 21:10:54,completed,paid_search,debit_card
11358,1668,2025-01-24 00:00:00,completed,organic_search,paypal
11359,2460,2024-04-15 00:00:00,completed,paid_search,bank_transfer
11360,7077,2024-10-20 00:00:00,completed,email,credit_card
11361,6047,2025-09-25 05:05:27,completed,organic_search,credit_card
11362,8723,2024-06-19 00:00:00,completed,email,bank_transfer
11363,4295,2025-06-26 00:00:00,completed,email,paypal
11364,509,2025-01-12 00:00:00,cancelled,email,bank_transfer
11365,6486,2025-07-19 00:00:00,completed,paid_search,bank_transfer
11366,2398,2025-10-13 00:00:00,completed,paid_search,bank_transfer
11367,3001,2024-07-05 00:00:00,completed,organic_search,credit_card
11368,1868,2024-09-20 00:00:00,completed,direct,paypal
11369,2889,2025-11-22 00:00:00,completed,organic_search,bank_transfer
11370,7672,2025-08-13 00:00:00,cancelled,email,debit_card
11371,-1,2025-06-21 17:39:48,completed,paid_search,credit_card
11372,1066,2025-07-08 00:00:00,cancelled,email,credit_card
11373,5395,2024-12-29 00:00:00,completed,referral,debit_card
11374,5842,2024-02-29 00:00:00,completed,email,credit_card
11375,8187,2025-09-27 00:00:00,completed,referral,credit_card
11376,7947,2025-07-19 00:00:00,completed,paid_search,credit_card
11377,610,2025-02-19 00:00:00,returned,social_media,bank_transfer
11378,8020,2025-11-24 00:00:00,completed,social_media,debit_card
11379,497,2024-11-20 00:00:00,completed,organic_search,debit_card
11380,1486,2024-10-26 00:00:00,completed,direct,credit_card
11381,1093,2025-11-13 15:44:23,completed,paid_search,paypal
11382,1720,2025-04-10 00:00:00,completed,email,credit_card
11383,7449,2025-03-25 00:00:00,completed,direct,bank_transfer
11384,6363,2024-05-29 00:00:00,completed,paid_search,paypal
11385,6371,2024-08-20 00:00:00,completed,direct,paypal
11386,8532,2025-02-07 00:00:00,completed,paid_search,credit_card
11387,3604,2024-12-15 18:16:40,completed,email,debit_card
11388,31,2025-10-27 00:00:00,completed,referral,paypal
11389,5900,2025-12-13 00:00:00,completed,organic_search,debit_card
11390,8035,2025-10-10 00:00:00,cancelled,direct,paypal
11391,-1,2024-12-12 00:00:00,completed,email,credit_card
11392,3352,2025-09-29 00:00:00,completed,email,bank_transfer
11393,7607,2024-11-28 00:00:00,cancelled,direct,credit_card
11394,7850,2024-07-04 00:00:00,completed,social_media,debit_card
11395,1384,2024-02-15 00:00:00,cancelled,organic_search,debit_card
11396,5821,2024-12-15 00:00:00,completed,organic_search,credit_card
11397,1642,2025-11-25 21:29:45,completed,direct,bank_transfer
11398,4125,2024-10-09 00:00:00,completed,social_media,debit_card
11399,8130,2024-12-08 00:00:00,completed,paid_search,paypal
11400,7309,2025-12-20 00:00:00,completed,referral,credit_card
11401,5274,2024-04-02 00:00:00,completed,email,debit_card
11402,7488,2025-09-28 00:00:00,completed,referral,bank_transfer
11403,1474,2024-11-12 00:00:00,completed,referral,debit_card
11404,1855,2024-02-20 00:00:00,completed,paid_search,debit_card
11405,1972,2025-12-01 00:00:00,completed,direct,paypal
11406,7167,2024-07-06 00:00:00,completed,direct,bank_transfer
11407,8238,2025-04-20 00:00:00,completed,direct,debit_card
11408,5199,2024-10-10 00:00:00,completed,paid_search,paypal
11409,8842,2024-03-23 00:00:00,completed,email,bank_transfer
11410,6723,2024-03-06 22:07:07,completed,referral,paypal
11411,5208,2024-05-14 00:00:00,completed,direct,bank_transfer
11412,5639,2024-03-30 00:00:00,completed,organic_search,paypal
11413,7854,2025-09-12 00:00:00,completed,email,credit_card
11414,882,2025-03-02 00:00:00,completed,organic_search,paypal
11415,1591,2024-11-24 00:00:00,completed,direct,paypal
11416,2507,2024-12-31 00:00:00,returned,organic_search,debit_card
11417,8274,2025-12-05 00:00:00,completed,organic_search,debit_card
11418,8721,2025-11-29 21:39:08,completed,social_media,bank_transfer
11419,3284,2025-08-13 00:00:00,completed,referral,debit_card
11420,8547,2025-11-18 00:00:00,completed,social_media,debit_card
11421,5047,2024-11-11 00:00:00,completed,organic_search,paypal
11422,4373,2024-12-13 00:00:00,completed,organic_search,debit_card
11423,7706,2025-02-06 00:00:00,completed,paid_search,paypal
11424,5041,2025-06-09 00:00:00,completed,referral,bank_transfer
11425,4193,2025-02-27 00:00:00,completed,organic_search,credit_card
11426,163,2024-12-23 00:00:00,completed,email,debit_card
11427,131,2025-12-27 00:00:00,completed,organic_search,debit_card
11428,5788,2025-10-19 00:00:00,completed,social_media,debit_card
11429,717,2025-01-16 00:00:00,completed,email,credit_card
11430,6816,2025-08-21 00:00:00,completed,organic_search,bank_transfer
11431,5734,2024-06-10 00:00:00,returned,email,debit_card
11432,4223,2024-04-29 00:00:00,completed,paid_search,bank_transfer
11433,6566,2024-11-29 00:00:00,completed,social_media,bank_transfer
11434,-1,2024-12-24 00:00:00,completed,email,debit_card
11435,2317,2024-01-24 00:00:00,completed,referral,paypal
11436,5145,2025-10-15 00:00:00,completed,paid_search,debit_card
11437,7793,2024-12-02 08:01:34,completed,paid_search,paypal
11438,172,2025-05-10 00:00:00,completed,paid_search,bank_transfer
11439,1922,2024-04-02 00:00:00,completed,direct,bank_transfer
11440,4822,2024-12-07 00:00:00,completed,email,bank_transfer
11441,5094,2025-11-20 00:00:00,completed,social_media,debit_card
11442,842,2025-05-30 15:36:50,completed,direct,credit_card
11443,3751,2025-12-13 00:00:00,completed,organic_search,bank_transfer
11444,4810,2025-12-31 00:00:00,completed,social_media,debit_card
11445,3904,2024-09-12 00:00:00,completed,referral,debit_card
11446,6487,2024-10-29 15:30:13,completed,email,debit_card
11447,7118,2025-07-11 00:00:00,completed,direct,debit_card
11448,4246,2025-12-31 07:52:21,completed,direct,bank_transfer
11449,3927,2025-06-14 00:00:00,completed,referral,paypal
11450,6523,2025-10-03 00:00:00,completed,paid_search,bank_transfer
11451,5126,2025-09-25 21:50:49,cancelled,referral,credit_card
11452,8045,2024-11-30 13:27:11,returned,organic_search,paypal
11453,4449,2025-05-06 00:00:00,completed,paid_search,bank_transfer
11454,5309,2025-10-26 00:00:00,completed,paid_search,debit_card
11455,1249,2025-07-25 22:57:18,completed,email,debit_card
11456,7734,2024-01-30 00:00:00,completed,social_media,paypal
11457,3899,2024-11-20 00:00:00,cancelled,social_media,debit_card
11458,6640,2024-11-06 00:00:00,completed,organic_search,credit_card
11459,3963,2024-05-09 00:00:00,cancelled,email,credit_card
11460,12,2025-11-26 00:00:00,completed,organic_search,debit_card
11461,3681,2024-02-20 00:00:00,completed,social_media,bank_transfer
11462,1413,2024-08-24 00:00:00,completed,referral,bank_transfer
11463,3662,2024-11-05 05:22:41,completed,referral,credit_card
11464,2981,2025-05-06 00:00:00,completed,direct,debit_card
11465,1922,2025-04-08 00:00:00,completed,social_media,debit_card
11466,1200,2024-08-23 00:00:00,completed,referral,bank_transfer
11467,6729,2024-01-07 00:00:00,completed,paid_search,bank_transfer
11468,6976,2024-09-08 11:51:41,returned,direct,debit_card
11469,2495,2025-03-15 00:00:00,completed,referral,credit_card
11470,4575,2024-10-07 00:00:00,completed,social_media,debit_card
11471,4286,2025-12-12 00:00:00,completed,referral,debit_card
11472,3279,2025-02-11 02:17:01,completed,email,paypal
11473,2608,2024-03-16 13:17:13,completed,organic_search,bank_transfer
11474,1765,2025-08-23 00:00:00,cancelled,social_media,bank_transfer
11475,8071,2024-11-16 00:00:00,completed,direct,bank_transfer
11476,7711,2025-06-30 00:00:00,completed,paid_search,paypal
11477,3844,2024-10-14 00:00:00,completed,email,bank_transfer
11478,6658,2025-04-05 00:00:00,completed,paid_search,debit_card
11479,4601,2025-09-19 00:00:00,completed,email,paypal
11480,830,2025-05-12 00:00:00,completed,paid_search,credit_card
11481,7608,2024-09-29 00:00:00,completed,direct,credit_card
11482,2060,2024-11-19 00:00:00,completed,referral,credit_card
11483,6536,2025-02-12 00:00:00,completed,organic_search,credit_card
11484,4882,2025-12-05 00:00:00,cancelled,paid_search,debit_card
11485,6407,2025-11-25 00:00:00,completed,social_media,paypal
11486,4355,2024-04-18 00:47:27,returned,email,paypal
11487,6502,2024-05-30 00:00:00,completed,organic_search,paypal
11488,325,2025-03-10 00:00:00,completed,paid_search,paypal
11489,404,2024-05-05 23:36:30,cancelled,paid_search,debit_card
11490,8289,2024-11-25 00:00:00,completed,referral,credit_card
11491,6928,2024-06-15 00:00:00,completed,paid_search,debit_card
11492,7661,2025-06-18 00:00:00,cancelled,referral,paypal
11493,4211,2025-12-13 00:00:00,completed,direct,debit_card
11494,4239,2025-12-30 00:00:00,completed,social_media,bank_transfer
11495,4934,2024-10-12 00:00:00,completed,referral,bank_transfer
11496,2294,2025-05-23 00:00:00,completed,organic_search,paypal
11497,6779,2025-06-11 00:00:00,completed,social_media,credit_card
11498,7672,2024-05-16 20:15:54,completed,organic_search,credit_card
11499,8397,2025-07-26 00:00:00,completed,organic_search,paypal
11500,4787,2024-12-27 00:00:00,cancelled,paid_search,credit_card
11501,3817,2024-08-11 00:00:00,completed,paid_search,credit_card
11502,7686,2024-12-24 00:00:00,completed,direct,paypal
11503,6956,2024-04-04 23:05:02,completed,paid_search,debit_card
11504,8026,2025-07-30 00:00:00,completed,referral,debit_card
11505,6072,2024-09-22 00:00:00,completed,paid_search,debit_card
11506,8171,2024-06-11 00:00:00,completed,referral,paypal
11507,870,2024-05-19 00:00:00,completed,email,debit_card
11508,6289,2025-11-09 00:00:00,completed,organic_search,bank_transfer
11509,869,2025-08-03 00:00:00,completed,referral,bank_transfer
11510,6921,2025-05-04 05:09:16,completed,organic_search,paypal
11511,5799,2025-03-05 00:00:00,completed,social_media,debit_card
11512,163,2024-12-28 00:00:00,completed,social_media,debit_card
11513,-1,2024-07-29 00:00:00,completed,organic_search,debit_card
11514,1402,2025-09-02 20:10:17,completed,referral,bank_transfer
11515,1368,2024-05-25 00:00:00,completed,email,paypal
11516,1445,2024-05-02 00:00:00,completed,referral,paypal
11517,4471,2025-08-10 00:00:00,completed,social_media,credit_card
11518,1130,2024-08-14 19:48:16,completed,referral,credit_card
11519,1215,2024-11-03 00:00:00,completed,email,paypal
11520,2409,2025-02-21 00:00:00,completed,direct,paypal
11521,11,2025-01-29 01:11:03,completed,email,paypal
11522,2592,2025-08-09 02:09:29,completed,direct,credit_card
11523,5699,2025-06-09 00:00:00,completed,email,credit_card
11524,5546,2025-06-24 00:00:00,completed,paid_search,paypal
11525,8950,2025-12-08 00:00:00,completed,email,credit_card
11526,1168,2024-10-24 00:00:00,completed,paid_search,debit_card
11527,8007,2024-12-11 00:00:00,completed,paid_search,credit_card
11528,3601,2025-01-19 00:31:44,completed,social_media,credit_card
11529,3564,2024-11-04 00:00:00,completed,email,debit_card
11530,3218,2025-12-26 00:00:00,completed,email,bank_transfer
11531,1209,2025-10-14 00:00:00,completed,organic_search,debit_card
11532,4421,2024-02-07 00:00:00,completed,direct,paypal
11533,7284,2024-08-01 00:00:00,cancelled,paid_search,credit_card
11534,8095,2024-02-27 00:00:00,completed,referral,debit_card
11535,8884,2024-09-15 00:00:00,completed,email,paypal
11536,7260,2024-05-13 00:00:00,completed,organic_search,debit_card
11537,5741,2025-04-07 00:00:00,cancelled,direct,credit_card
11538,4592,2025-11-07 00:00:00,completed,email,bank_transfer
11539,8093,2025-08-28 00:00:00,completed,referral,credit_card
11540,6837,2024-08-20 00:00:00,completed,email,debit_card
11541,1533,2024-12-22 00:00:00,cancelled,paid_search,credit_card
11542,6323,2025-03-19 00:00:00,completed,direct,paypal
11543,3980,2025-10-12 00:00:00,completed,organic_search,paypal
11544,5490,2025-10-29 14:35:57,completed,organic_search,debit_card
11545,8313,2025-11-28 00:00:00,completed,referral,bank_transfer
11546,6039,2025-03-20 00:00:00,completed,referral,credit_card
11547,8659,2025-07-30 00:00:00,completed,social_media,credit_card
11548,8016,2024-05-10 20:58:31,completed,social_media,credit_card
11549,1250,2025-04-30 00:00:00,completed,referral,bank_transfer
11550,117,2024-09-19 03:50:49,completed,referral,bank_transfer
11551,3549,2025-01-13 00:00:00,completed,referral,paypal
11552,8007,2025-06-17 00:00:00,returned,direct,debit_card
11553,2166,2024-09-26 10:37:06,completed,social_media,bank_transfer
11554,6417,2024-09-03 00:00:00,completed,social_media,debit_card
11555,4394,2024-01-15 00:00:00,completed,referral,paypal
11556,6896,2024-01-31 03:28:27,completed,organic_search,credit_card
11557,1565,2024-12-01 00:00:00,completed,social_media,credit_card
11558,2250,2024-05-09 00:00:00,completed,organic_search,bank_transfer
11559,2284,2024-11-09 00:00:00,completed,referral,paypal
11560,5059,2024-08-25 00:00:00,completed,paid_search,credit_card
11561,2713,2025-12-27 12:17:13,completed,direct,debit_card
11562,7510,2024-11-03 00:00:00,cancelled,organic_search,bank_transfer
11563,3201,2024-05-26 00:00:00,completed,social_media,credit_card
11564,6122,2025-04-16 00:00:00,completed,social_media,bank_transfer
11565,8754,2025-11-07 00:00:00,completed,email,paypal
11566,-1,2025-07-18 00:00:00,completed,paid_search,credit_card
11567,-1,2024-10-27 00:00:00,completed,direct,debit_card
11568,7680,2025-04-27 00:00:00,completed,referral,bank_transfer
11569,127,2025-08-13 00:00:00,completed,paid_search,credit_card
11570,2412,2025-08-22 19:18:36,completed,paid_search,bank_transfer
11571,3569,2025-07-10 00:00:00,completed,direct,bank_transfer
11572,1860,2025-12-11 00:00:00,completed,email,debit_card
11573,5568,2025-12-11 00:00:00,completed,direct,bank_transfer
11574,5150,2025-05-09 00:07:05,completed,referral,debit_card
11575,3739,2025-01-11 00:00:00,cancelled,paid_search,credit_card
11576,2748,2025-06-22 00:00:00,completed,email,bank_transfer
11577,4003,2025-10-17 20:59:53,completed,paid_search,bank_transfer
11578,2725,2024-09-01 00:00:00,returned,email,credit_card
11579,2079,2025-12-28 00:00:00,completed,direct,credit_card
11580,3241,2024-07-20 00:00:00,completed,referral,paypal
11581,5552,2025-02-17 00:00:00,completed,paid_search,debit_card
11582,5993,2025-12-11 00:00:00,completed,social_media,credit_card
11583,2773,2024-08-29 00:00:00,cancelled,social_media,credit_card
11584,8744,2025-02-23 00:00:00,completed,organic_search,debit_card
11585,2459,2024-05-31 00:00:00,cancelled,email,credit_card
11586,6579,2024-12-20 10:52:43,completed,organic_search,debit_card
11587,793,2024-07-14 00:00:00,completed,direct,paypal
11588,6159,2024-05-12 00:00:00,completed,social_media,paypal
11589,4242,2024-09-12 00:00:00,completed,paid_search,debit_card
11590,5261,2025-12-29 00:00:00,completed,email,bank_transfer
11591,1748,2025-12-30 07:35:30,cancelled,organic_search,paypal
11592,4001,2024-05-13 00:00:00,completed,email,credit_card
11593,7075,2025-08-20 00:00:00,completed,organic_search,debit_card
11594,7081,2024-09-03 00:00:00,completed,referral,debit_card
11595,2233,2024-11-02 00:00:00,completed,paid_search,paypal
11596,3250,2024-04-05 00:00:00,cancelled,direct,bank_transfer
11597,38,2025-12-19 00:00:00,completed,direct,debit_card
11598,879,2025-12-10 00:00:00,completed,paid_search,bank_transfer
11599,1227,2024-07-31 08:59:10,completed,referral,debit_card
11600,2746,2024-06-29 00:00:00,completed,direct,paypal
11601,7008,2024-09-12 12:33:01,completed,organic_search,paypal
11602,4724,2025-03-25 00:00:00,completed,paid_search,paypal
11603,7338,2025-03-05 00:00:00,returned,social_media,paypal
11604,6977,2024-08-26 00:00:00,completed,direct,bank_transfer
11605,5398,2025-09-09 00:00:00,completed,paid_search,credit_card
11606,4618,2024-11-05 00:00:00,completed,social_media,credit_card
11607,8601,2025-12-03 00:00:00,completed,paid_search,debit_card
11608,5262,2025-07-03 00:00:00,completed,organic_search,credit_card
11609,4468,2025-01-17 00:00:00,completed,email,credit_card
11610,8042,2025-09-30 00:00:00,completed,direct,paypal
11611,701,2025-10-17 00:00:00,completed,email,debit_card
11612,6075,2024-10-23 00:00:00,completed,email,debit_card
11613,1109,2024-11-22 23:39:36,completed,direct,credit_card
11614,7589,2025-12-08 00:00:00,completed,paid_search,paypal
11615,7339,2024-07-02 00:00:00,completed,organic_search,debit_card
11616,4656,2024-02-26 00:00:00,completed,referral,debit_card
11617,6123,2025-03-02 00:00:00,completed,email,debit_card
11618,7132,2025-10-07 18:28:34,completed,email,credit_card
11619,4471,2025-09-19 00:00:00,returned,direct,credit_card
11620,8384,2025-12-02 00:00:00,completed,paid_search,bank_transfer
11621,4029,2025-04-07 00:00:00,completed,organic_search,paypal
11622,8249,2024-04-28 00:00:00,completed,organic_search,bank_transfer
11623,5368,2025-05-16 00:00:00,completed,referral,bank_transfer
11624,3933,2025-09-23 00:00:00,completed,social_media,paypal
11625,41,2024-04-22 00:00:00,completed,organic_search,debit_card
11626,2756,2024-10-07 00:00:00,cancelled,referral,paypal
11627,8034,2024-01-18 00:00:00,completed,direct,credit_card
11628,3955,2025-05-19 00:00:00,completed,referral,paypal
11629,3890,2025-11-19 00:00:00,cancelled,paid_search,credit_card
11630,4518,2025-07-13 00:00:00,completed,social_media,paypal
11631,2683,2025-12-25 00:34:05,completed,organic_search,paypal
11632,4543,2024-03-21 00:00:00,returned,email,debit_card
11633,3466,2025-11-25 00:00:00,completed,direct,bank_transfer
11634,8423,2025-10-14 00:00:00,returned,direct,paypal
11635,5211,2024-11-08 00:00:00,completed,social_media,debit_card
11636,7717,2025-12-22 00:00:00,completed,social_media,credit_card
11637,6370,2024-10-21 17:39:25,completed,direct,paypal
11638,2007,2025-11-20 00:00:00,completed,referral,debit_card
11639,8032,2025-11-16 00:00:00,completed,direct,bank_transfer
11640,852,2025-10-09 00:00:00,completed,referral,bank_transfer
11641,4147,2025-04-28 00:00:00,completed,direct,credit_card
11642,2250,2024-05-18 00:00:00,returned,organic_search,debit_card
11643,4964,2025-06-04 00:00:00,completed,email,debit_card
11644,2800,2024-12-01 00:00:00,returned,referral,paypal
11645,6676,2025-10-02 15:08:43,completed,email,credit_card
11646,8643,2025-10-09 00:00:00,completed,social_media,bank_transfer
11647,6557,2025-11-28 00:00:00,completed,social_media,debit_card
11648,-1,2024-01-21 00:00:00,completed,email,bank_transfer
11649,5533,2025-12-10 00:00:00,completed,direct,debit_card
11650,8216,2025-09-12 00:00:00,completed,referral,paypal
11651,2539,2025-09-30 00:00:00,cancelled,paid_search,debit_card
11652,1155,2024-05-28 00:00:00,completed,social_media,credit_card
11653,1268,2024-09-04 00:00:00,completed,organic_search,debit_card
11654,4572,2024-01-30 20:29:12,completed,paid_search,bank_transfer
11655,6766,2025-06-13 20:59:02,completed,direct,debit_card
11656,6086,2025-06-14 00:00:00,completed,social_media,credit_card
11657,4186,2025-12-27 09:26:56,completed,email,bank_transfer
11658,6739,2024-12-22 00:00:00,completed,paid_search,debit_card
11659,5847,2024-11-17 00:00:00,completed,paid_search,credit_card
11660,5797,2025-06-10 23:32:42,completed,direct,paypal
11661,1922,2025-10-21 00:00:00,completed,paid_search,bank_transfer
11662,2896,2025-12-08 01:20:48,completed,paid_search,debit_card
11663,3183,2025-08-10 00:00:00,completed,direct,credit_card
11664,7485,2025-08-01 00:00:00,completed,organic_search,debit_card
11665,7160,2025-06-17 00:00:00,completed,social_media,paypal
11666,2375,2025-11-06 00:00:00,completed,paid_search,paypal
11667,541,2025-06-03 00:00:00,completed,referral,debit_card
11668,7089,2024-08-21 00:00:00,completed,email,paypal
11669,3769,2024-07-07 03:02:04,cancelled,organic_search,debit_card
11670,2066,2024-01-01 00:00:00,completed,organic_search,credit_card
11671,1143,2025-08-15 00:00:00,completed,organic_search,debit_card
11672,129,2024-05-10 00:00:00,completed,referral,debit_card
11673,3948,2024-09-14 00:00:00,completed,social_media,bank_transfer
11674,3140,2024-10-28 05:35:52,completed,paid_search,paypal
11675,6445,2025-04-26 00:00:00,completed,referral,paypal
11676,-1,2024-12-22 00:00:00,completed,direct,bank_transfer
11677,1955,2025-07-16 00:00:00,completed,direct,debit_card
11678,2290,2024-03-13 00:00:00,completed,email,credit_card
11679,3116,2024-05-22 13:10:17,completed,organic_search,credit_card
11680,4306,2025-03-13 17:00:59,cancelled,paid_search,paypal
11681,6457,2024-11-20 00:00:00,completed,referral,credit_card
11682,3249,2024-10-27 06:01:59,completed,direct,paypal
11683,1022,2024-03-25 13:40:00,completed,social_media,credit_card
11684,6748,2025-11-22 00:00:00,cancelled,paid_search,debit_card
11685,7360,2025-07-28 00:00:00,completed,paid_search,bank_transfer
11686,2325,2024-05-20 00:00:00,completed,organic_search,paypal
11687,1323,2024-03-23 00:00:00,completed,referral,credit_card
11688,4887,2025-12-22 18:41:22,completed,direct,bank_transfer
11689,1970,2025-07-20 00:00:00,completed,direct,bank_transfer
11690,3450,2024-12-31 00:00:00,cancelled,social_media,credit_card
11691,7180,2025-08-04 00:00:00,completed,email,credit_card
11692,2064,2025-09-09 16:42:41,completed,direct,bank_transfer
11693,7470,2025-09-24 00:00:00,cancelled,social_media,bank_transfer
11694,6238,2025-02-23 00:00:00,completed,referral,credit_card
11695,2066,2025-01-11 02:15:52,completed,direct,debit_card
11696,4871,2024-01-16 00:00:00,completed,email,bank_transfer
11697,5664,2025-12-05 23:41:17,completed,organic_search,paypal
11698,1904,2025-05-26 00:00:00,completed,email,credit_card
11699,1390,2024-09-08 00:00:00,completed,direct,credit_card
11700,4912,2025-02-12 00:00:00,completed,social_media,debit_card
11701,6428,2025-11-30 00:00:00,completed,referral,debit_card
11702,4296,2025-12-28 12:48:36,completed,direct,bank_transfer
11703,686,2025-11-13 00:00:00,completed,referral,credit_card
11704,8561,2025-12-31 00:00:00,completed,paid_search,paypal
11705,6437,2024-09-15 00:00:00,completed,paid_search,debit_card
11706,5723,2025-10-31 01:03:40,completed,paid_search,debit_card
11707,5943,2025-10-20 00:00:00,completed,referral,credit_card
11708,3662,2024-09-03 00:00:00,completed,social_media,debit_card
11709,-1,2024-04-27 00:00:00,completed,email,credit_card
11710,1285,2025-12-24 00:00:00,cancelled,direct,debit_card
11711,6834,2024-10-27 06:55:23,completed,social_media,debit_card
11712,3885,2025-12-11 00:00:00,completed,direct,bank_transfer
11713,8149,2024-06-01 00:00:00,completed,email,credit_card
11714,6622,2024-01-30 01:38:25,completed,organic_search,bank_transfer
11715,5192,2025-02-13 00:00:00,completed,direct,bank_transfer
11716,8652,2024-09-10 06:57:08,completed,referral,bank_transfer
11717,8452,2025-07-27 00:00:00,completed,direct,credit_card
11718,511,2025-04-30 00:00:00,completed,direct,debit_card
11719,1828,2024-04-06 00:00:00,completed,organic_search,paypal
11720,-1,2024-06-30 00:00:00,completed,social_media,bank_transfer
11721,8529,2024-12-17 00:00:00,cancelled,social_media,credit_card
11722,3973,2024-07-22 00:00:00,completed,social_media,credit_card
11723,377,2025-02-10 00:00:00,completed,paid_search,credit_card
11724,5940,2024-12-30 00:00:00,cancelled,organic_search,bank_transfer
11725,1852,2024-04-22 00:00:00,completed,organic_search,bank_transfer
11726,5094,2025-01-03 00:00:00,cancelled,email,bank_transfer
11727,3550,2024-04-19 00:00:00,completed,social_media,bank_transfer
11728,5150,2024-05-27 21:13:06,cancelled,social_media,credit_card
11729,8612,2024-09-11 08:30:38,completed,social_media,paypal
11730,4484,2025-07-11 00:00:00,cancelled,referral,credit_card
11731,343,2025-12-04 00:00:00,completed,referral,debit_card
11732,5356,2025-10-22 00:00:00,completed,organic_search,debit_card
11733,3015,2024-11-19 23:13:40,completed,email,paypal
11734,7185,2024-10-08 00:00:00,returned,organic_search,credit_card
11735,4341,2025-04-18 00:00:00,completed,referral,bank_transfer
11736,6855,2025-08-17 00:00:00,returned,email,paypal
11737,8416,2025-12-29 00:00:00,completed,direct,debit_card
11738,3342,2024-05-30 00:00:00,completed,social_media,credit_card
11739,-1,2024-03-06 00:32:51,completed,organic_search,debit_card
11740,1436,2025-07-30 12:52:30,completed,direct,debit_card
11741,5943,2025-10-25 02:40:44,returned,referral,bank_transfer
11742,345,2025-11-02 17:49:54,completed,organic_search,credit_card
11743,2011,2025-07-18 00:00:00,completed,paid_search,debit_card
11744,5845,2025-12-15 00:00:00,completed,email,paypal
11745,449,2025-03-22 00:00:00,cancelled,email,debit_card
11746,1000,2025-11-30 00:00:00,completed,paid_search,paypal
11747,2724,2025-12-20 00:00:00,completed,direct,bank_transfer
11748,5323,2025-11-02 00:00:00,completed,social_media,bank_transfer
11749,163,2024-11-05 05:33:52,completed,organic_search,debit_card
11750,4462,2024-02-08 00:00:00,completed,organic_search,credit_card
11751,5767,2025-04-18 00:00:00,completed,paid_search,bank_transfer
11752,3700,2025-02-02 00:00:00,returned,social_media,credit_card
11753,660,2025-11-15 00:00:00,completed,direct,paypal
11754,5632,2024-04-28 00:00:00,completed,paid_search,credit_card
11755,5585,2024-09-26 22:55:12,completed,paid_search,paypal
11756,4681,2025-06-09 00:00:00,completed,social_media,bank_transfer
11757,6423,2024-04-23 00:00:00,returned,paid_search,debit_card
11758,1965,2024-11-11 00:00:00,completed,organic_search,paypal
11759,6277,2024-12-16 00:00:00,completed,paid_search,paypal
11760,1535,2025-09-06 00:00:00,returned,referral,debit_card
11761,3613,2024-06-25 15:43:20,returned,organic_search,debit_card
11762,659,2025-08-11 00:00:00,completed,paid_search,paypal
11763,7584,2025-01-28 00:00:00,completed,email,paypal
11764,4971,2025-12-01 03:21:48,completed,organic_search,credit_card
11765,8959,2025-02-15 00:00:00,completed,organic_search,paypal
11766,8693,2024-10-10 00:00:00,completed,organic_search,debit_card
11767,-1,2024-06-09 00:00:00,completed,social_media,paypal
11768,997,2024-06-01 00:00:00,completed,paid_search,credit_card
11769,5593,2025-04-06 00:00:00,completed,social_media,debit_card
11770,3753,2024-05-06 05:33:46,completed,email,debit_card
11771,4922,2024-12-18 14:40:07,completed,organic_search,bank_transfer
11772,2887,2025-05-16 17:27:58,completed,organic_search,paypal
11773,471,2024-10-11 00:00:00,completed,organic_search,bank_transfer
11774,6546,2024-12-07 00:00:00,completed,direct,debit_card
11775,8910,2025-09-21 00:00:00,completed,email,debit_card
11776,4920,2025-12-12 00:18:06,completed,paid_search,paypal
11777,3046,2024-04-29 06:46:46,completed,direct,debit_card
11778,8656,2024-06-23 00:00:00,cancelled,referral,credit_card
11779,3360,2025-12-17 00:00:00,completed,social_media,paypal
11780,8466,2024-02-21 00:00:00,completed,referral,credit_card
11781,7915,2025-12-23 00:00:00,completed,organic_search,debit_card
11782,4893,2024-01-07 00:00:00,completed,social_media,debit_card
11783,6259,2025-11-13 00:00:00,returned,paid_search,debit_card
11784,6485,2024-11-04 00:00:00,completed,email,credit_card
11785,5914,2025-12-09 00:00:00,returned,organic_search,debit_card
11786,1527,2024-09-11 00:00:00,completed,social_media,credit_card
11787,6420,2025-01-07 00:00:00,completed,referral,bank_transfer
11788,30,2024-08-04 00:00:00,completed,email,bank_transfer
11789,6568,2024-09-13 00:00:00,completed,direct,bank_transfer
11790,5120,2025-09-20 00:00:00,cancelled,paid_search,debit_card
11791,2441,2025-04-04 00:00:00,completed,paid_search,debit_card
11792,7452,2025-05-12 00:00:00,completed,direct,bank_transfer
11793,3726,2025-10-01 00:00:00,completed,paid_search,bank_transfer
11794,4484,2025-11-11 23:07:34,completed,direct,paypal
11795,280,2025-01-29 00:00:00,completed,referral,bank_transfer
11796,3691,2025-12-24 00:00:00,completed,social_media,credit_card
11797,1588,2025-12-17 13:09:51,completed,direct,credit_card
11798,2596,2024-11-16 00:00:00,cancelled,direct,bank_transfer
11799,2372,2025-11-18 00:00:00,completed,email,paypal
11800,447,2025-11-02 00:00:00,completed,social_media,paypal
11801,4250,2024-08-16 00:00:00,completed,direct,credit_card
11802,4834,2025-06-10 00:00:00,completed,organic_search,paypal
11803,5280,2024-01-04 00:00:00,completed,organic_search,debit_card
11804,4269,2025-10-28 00:00:00,completed,email,debit_card
11805,8045,2024-07-12 00:00:00,completed,direct,paypal
11806,371,2024-03-30 00:00:00,completed,social_media,bank_transfer
11807,5661,2024-12-23 00:00:00,completed,direct,bank_transfer
11808,8013,2025-05-08 06:06:56,completed,direct,debit_card
11809,405,2025-05-11 00:00:00,completed,paid_search,paypal
11810,4581,2025-12-22 00:00:00,cancelled,paid_search,bank_transfer
11811,5418,2025-01-20 00:00:00,cancelled,paid_search,debit_card
11812,1813,2024-03-18 00:00:00,completed,social_media,debit_card
11813,2373,2025-09-05 00:00:00,completed,email,bank_transfer
11814,7264,2025-04-30 00:00:00,completed,social_media,bank_transfer
11815,5243,2025-01-28 00:00:00,completed,email,debit_card
11816,2928,2024-05-11 00:00:00,completed,direct,bank_transfer
11817,7060,2025-03-15 08:10:21,completed,referral,paypal
11818,6900,2024-11-21 00:00:00,completed,social_media,debit_card
11819,3189,2025-10-09 00:00:00,cancelled,paid_search,debit_card
11820,4512,2025-04-15 00:00:00,returned,email,credit_card
11821,6157,2025-11-15 00:00:00,completed,paid_search,bank_transfer
11822,3170,2025-04-14 00:00:00,completed,referral,debit_card
11823,5802,2024-09-09 00:00:00,completed,paid_search,debit_card
11824,2360,2025-04-11 00:00:00,completed,paid_search,paypal
11825,2734,2025-04-24 00:00:00,completed,organic_search,credit_card
11826,2890,2024-08-12 16:24:49,completed,organic_search,credit_card
11827,8637,2025-09-06 00:00:00,completed,social_media,credit_card
11828,7716,2024-12-02 13:25:47,completed,organic_search,debit_card
11829,5220,2025-01-11 00:00:00,completed,direct,debit_card
11830,5210,2025-02-02 00:00:00,completed,social_media,credit_card
11831,552,2025-08-21 00:00:00,completed,organic_search,debit_card
11832,6006,2024-04-24 00:00:00,completed,direct,bank_transfer
11833,3031,2024-12-21 00:00:00,cancelled,direct,bank_transfer
11834,5647,2025-12-25 00:00:00,completed,social_media,debit_card
11835,7772,2025-11-10 00:00:00,completed,direct,debit_card
11836,442,2024-06-27 00:00:00,completed,paid_search,debit_card
11837,5596,2024-10-13 06:23:05,cancelled,referral,debit_card
11838,5214,2024-11-16 00:00:00,cancelled,organic_search,bank_transfer
11839,1955,2025-06-28 00:00:00,completed,paid_search,debit_card
11840,5971,2025-10-09 00:00:00,completed,social_media,debit_card
11841,5120,2025-09-05 00:00:00,completed,direct,bank_transfer
11842,7084,2025-03-21 00:00:00,completed,organic_search,credit_card
11843,1083,2025-10-12 03:56:54,completed,social_media,paypal
11844,4091,2025-01-18 00:00:00,completed,organic_search,credit_card
11845,-1,2024-05-22 00:00:00,completed,email,debit_card
11846,6392,2025-04-29 00:00:00,completed,direct,paypal
11847,6343,2025-12-14 00:00:00,completed,social_media,credit_card
11848,2951,2025-02-10 00:00:00,cancelled,paid_search,bank_transfer
11849,920,2025-05-09 04:09:07,completed,paid_search,debit_card
11850,8762,2025-06-26 00:00:00,completed,paid_search,debit_card
11851,1030,2025-06-12 00:00:00,completed,paid_search,paypal
11852,-1,2025-01-10 00:00:00,completed,referral,bank_transfer
11853,-1,2024-11-17 01:48:06,returned,organic_search,debit_card
11854,1621,2025-12-23 00:00:00,cancelled,direct,credit_card
11855,2881,2025-11-09 05:22:51,completed,referral,paypal
11856,4740,2024-11-12 00:00:00,completed,referral,debit_card
11857,7316,2025-02-11 18:05:01,completed,email,credit_card
11858,8959,2024-12-30 00:00:00,completed,paid_search,debit_card
11859,3305,2024-06-16 21:43:23,returned,organic_search,paypal
11860,208,2025-12-16 00:00:00,completed,direct,debit_card
11861,5683,2024-12-25 00:00:00,completed,referral,bank_transfer
11862,6577,2025-11-14 00:00:00,completed,direct,credit_card
11863,3649,2024-07-26 00:00:00,completed,organic_search,paypal
11864,1742,2025-04-17 00:00:00,completed,organic_search,paypal
11865,2858,2024-02-03 00:00:00,cancelled,paid_search,paypal
11866,6072,2025-09-14 00:00:00,completed,email,bank_transfer
11867,4566,2025-11-05 00:00:00,completed,email,credit_card
11868,6877,2025-06-11 00:00:00,completed,referral,paypal
11869,2060,2024-03-09 00:00:00,completed,social_media,bank_transfer
11870,7787,2024-08-16 00:00:00,completed,social_media,credit_card
11871,1496,2024-04-02 00:00:00,completed,organic_search,paypal
11872,3051,2024-10-21 00:00:00,completed,social_media,bank_transfer
11873,5442,2025-12-06 00:00:00,completed,email,paypal
11874,6815,2025-04-30 00:00:00,completed,organic_search,bank_transfer
11875,-1,2025-06-01 05:04:34,completed,referral,debit_card
11876,8750,2025-04-19 00:00:00,completed,organic_search,paypal
11877,6532,2024-10-09 00:00:00,completed,referral,paypal
11878,2055,2024-09-15 00:00:00,completed,social_media,debit_card
11879,6706,2024-06-04 21:52:23,completed,organic_search,paypal
11880,6444,2025-11-03 00:00:00,completed,direct,paypal
11881,6956,2025-04-06 00:00:00,completed,social_media,credit_card
11882,8471,2024-07-23 00:00:00,completed,direct,bank_transfer
11883,6579,2024-07-14 00:00:00,cancelled,organic_search,debit_card
11884,3248,2025-11-13 00:00:00,completed,social_media,debit_card
11885,7318,2025-08-31 00:00:00,completed,email,paypal
11886,6441,2025-05-07 00:00:00,completed,email,debit_card
11887,5308,2024-12-26 00:00:00,completed,social_media,bank_transfer
11888,3262,2024-09-30 11:25:20,completed,social_media,paypal
11889,8521,2025-12-24 00:00:00,completed,paid_search,bank_transfer
11890,4743,2025-05-10 00:00:00,completed,email,debit_card
11891,5795,2024-11-01 00:00:00,completed,social_media,credit_card
11892,3825,2025-02-11 00:00:00,completed,referral,debit_card
11893,7214,2025-11-09 00:00:00,completed,social_media,paypal
11894,3152,2024-10-28 00:00:00,returned,paid_search,credit_card
11895,7500,2025-08-01 00:00:00,cancelled,email,debit_card
11896,1053,2024-07-23 00:00:00,completed,organic_search,paypal
11897,6556,2024-05-10 00:00:00,completed,social_media,paypal
11898,4404,2025-08-18 06:49:20,completed,direct,debit_card
11899,6468,2024-10-04 00:00:00,completed,referral,bank_transfer
11900,4913,2025-10-18 14:15:17,completed,email,debit_card
11901,1302,2025-12-30 00:00:00,completed,organic_search,bank_transfer
11902,4405,2024-05-04 00:00:00,completed,referral,debit_card
11903,8900,2025-02-19 00:00:00,completed,email,credit_card
11904,6976,2025-10-07 00:00:00,completed,social_media,paypal
11905,2801,2025-09-30 00:00:00,completed,email,credit_card
11906,8714,2025-09-12 00:00:00,completed,organic_search,debit_card
11907,7193,2024-11-27 00:00:00,completed,referral,bank_transfer
11908,3358,2025-02-02 00:00:00,completed,paid_search,credit_card
11909,5565,2025-05-20 23:04:20,completed,paid_search,paypal
11910,3938,2025-12-22 00:00:00,completed,email,paypal
11911,948,2024-11-15 00:00:00,completed,email,debit_card
11912,7469,2025-12-03 22:56:21,completed,direct,debit_card
11913,1814,2024-10-06 03:39:23,completed,direct,credit_card
11914,4224,2025-12-28 00:00:00,returned,paid_search,credit_card
11915,6503,2025-07-13 00:00:00,completed,social_media,credit_card
11916,8609,2025-02-11 00:00:00,completed,paid_search,debit_card
11917,609,2025-02-06 00:00:00,completed,direct,bank_transfer
11918,3619,2024-10-08 00:00:00,completed,referral,credit_card
11919,5668,2024-10-10 05:51:59,completed,paid_search,bank_transfer
11920,7198,2024-05-12 00:00:00,completed,organic_search,bank_transfer
11921,8519,2024-12-05 00:00:00,completed,social_media,paypal
11922,7,2024-11-26 00:00:00,completed,social_media,paypal
11923,5791,2025-09-13 00:00:00,completed,social_media,debit_card
11924,67,2025-05-29 00:00:00,completed,paid_search,paypal
11925,7283,2024-01-05 00:00:00,completed,email,paypal
11926,1435,2025-11-04 00:00:00,completed,referral,debit_card
11927,8272,2025-05-25 00:00:00,completed,referral,credit_card
11928,1495,2025-12-17 00:00:00,completed,social_media,credit_card
11929,7056,2025-12-07 00:00:00,completed,referral,debit_card
11930,2711,2024-07-12 00:00:00,completed,paid_search,paypal
11931,5145,2025-02-20 22:00:18,completed,email,credit_card
11932,5609,2025-06-27 00:00:00,completed,organic_search,paypal
11933,1955,2024-02-08 21:35:00,completed,social_media,bank_transfer
11934,2786,2024-01-21 00:00:00,completed,organic_search,paypal
11935,1050,2024-05-27 00:00:00,completed,paid_search,paypal
11936,52,2024-09-21 00:00:00,completed,social_media,paypal
11937,2254,2025-01-11 22:24:59,completed,paid_search,credit_card
11938,4778,2025-03-03 00:00:00,completed,paid_search,debit_card
11939,6585,2024-06-05 04:05:25,returned,email,debit_card
11940,7349,2025-07-15 11:25:35,completed,email,paypal
11941,684,2025-05-21 00:00:00,completed,email,paypal
11942,2554,2024-10-26 00:00:00,completed,referral,credit_card
11943,7113,2024-01-20 00:00:00,cancelled,referral,debit_card
11944,4446,2024-04-06 02:14:16,completed,social_media,debit_card
11945,1727,2024-12-18 00:00:00,completed,referral,paypal
11946,3608,2024-06-21 00:00:00,completed,organic_search,debit_card
11947,2539,2024-12-11 16:45:46,completed,social_media,debit_card
11948,495,2025-06-13 00:00:00,completed,email,bank_transfer
11949,7051,2025-04-17 03:28:41,completed,organic_search,bank_transfer
11950,2730,2024-03-09 00:00:00,completed,email,credit_card
11951,8723,2024-11-24 00:00:00,completed,social_media,paypal
11952,8214,2025-02-06 00:00:00,completed,organic_search,bank_transfer
11953,6613,2025-11-08 08:41:15,completed,direct,bank_transfer
11954,3023,2025-07-09 00:00:00,completed,social_media,paypal
11955,2630,2025-04-21 03:25:43,completed,organic_search,paypal
11956,4390,2024-04-12 00:00:00,completed,direct,debit_card
11957,3270,2024-05-12 00:00:00,completed,paid_search,bank_transfer
11958,8344,2025-11-15 00:00:00,completed,organic_search,credit_card
11959,1197,2024-02-23 21:21:02,completed,organic_search,bank_transfer
11960,6694,2025-12-27 00:00:00,completed,email,paypal
11961,5633,2025-08-07 00:00:00,cancelled,referral,credit_card
11962,7471,2025-07-20 00:00:00,completed,direct,bank_transfer
11963,5012,2024-02-21 09:32:23,completed,referral,credit_card
11964,5802,2025-05-28 00:00:00,completed,paid_search,paypal
11965,8882,2025-03-01 00:00:00,returned,referral,bank_transfer
11966,902,2024-05-04 00:00:00,completed,direct,bank_transfer
11967,1022,2024-10-13 00:00:00,completed,paid_search,paypal
11968,3623,2025-11-20 00:00:00,completed,paid_search,paypal
11969,4369,2025-04-19 00:00:00,completed,paid_search,credit_card
11970,1900,2024-12-29 07:22:05,completed,organic_search,credit_card
11971,807,2024-04-01 00:00:00,completed,direct,debit_card
11972,225,2025-12-08 00:00:00,completed,email,paypal
11973,7058,2025-08-05 00:00:00,completed,organic_search,debit_card
11974,4478,2025-06-02 00:00:00,completed,paid_search,paypal
11975,7799,2025-03-21 00:00:00,cancelled,direct,credit_card
11976,3326,2025-01-15 20:40:02,completed,social_media,credit_card
11977,6512,2025-05-19 00:00:00,completed,organic_search,credit_card
11978,4512,2024-05-09 00:00:00,completed,social_media,debit_card
11979,5644,2025-12-10 00:00:00,completed,direct,debit_card
11980,3410,2025-05-16 16:55:11,completed,social_media,bank_transfer
11981,788,2024-11-06 00:00:00,completed,paid_search,bank_transfer
11982,8744,2025-01-30 00:00:00,completed,email,paypal
11983,7734,2025-10-10 00:00:00,completed,paid_search,credit_card
11984,2894,2024-06-29 00:00:00,completed,organic_search,credit_card
11985,8848,2024-10-25 00:00:00,completed,social_media,credit_card
11986,2802,2025-07-19 00:00:00,completed,referral,credit_card
11987,4084,2024-11-08 00:00:00,returned,email,paypal
11988,6979,2025-02-10 00:00:00,completed,referral,paypal
11989,2889,2024-05-28 00:00:00,cancelled,organic_search,bank_transfer
11990,3007,2025-09-13 00:00:00,completed,email,paypal
11991,3770,2024-03-27 14:19:34,completed,direct,debit_card
11992,4323,2024-01-18 14:25:02,cancelled,email,debit_card
11993,1199,2025-11-23 17:20:26,completed,direct,paypal
11994,180,2025-05-11 02:22:04,completed,paid_search,bank_transfer
11995,8505,2024-11-29 02:47:51,completed,organic_search,debit_card
11996,3255,2024-05-09 00:00:00,completed,social_media,paypal
11997,999,2025-06-05 00:00:00,completed,direct,paypal
11998,7009,2025-03-20 00:00:00,completed,organic_search,bank_transfer
11999,2751,2025-12-28 20:55:17,completed,direct,debit_card
12000,1720,2025-12-25 00:00:00,returned,direct,bank_transfer
12001,8881,2025-06-17 13:12:40,completed,social_media,paypal
12002,8518,2025-01-23 00:00:00,cancelled,paid_search,debit_card
12003,1033,2025-03-06 00:00:00,completed,paid_search,paypal
12004,8325,2025-07-21 00:00:00,completed,email,paypal
12005,8237,2024-04-30 00:00:00,completed,social_media,bank_transfer
12006,5852,2024-11-16 10:33:42,completed,social_media,debit_card
12007,4898,2024-04-03 00:00:00,completed,paid_search,debit_card
12008,2052,2024-04-01 03:29:31,completed,paid_search,credit_card
12009,1185,2024-02-08 00:00:00,completed,direct,paypal
12010,5590,2025-02-03 00:00:00,completed,paid_search,credit_card
12011,7607,2025-09-27 00:00:00,completed,organic_search,credit_card
12012,6390,2025-03-02 11:26:29,completed,direct,debit_card
12013,1710,2024-11-19 00:00:00,completed,social_media,debit_card
12014,2718,2024-04-11 00:00:00,completed,social_media,bank_transfer
12015,5044,2025-04-19 00:00:00,completed,referral,credit_card
12016,5761,2024-10-07 00:00:00,completed,social_media,debit_card
12017,708,2025-03-06 00:00:00,completed,direct,credit_card
12018,5664,2025-12-23 00:00:00,completed,organic_search,bank_transfer
12019,6809,2024-10-05 00:00:00,completed,direct,credit_card
12020,1716,2024-08-17 00:00:00,completed,paid_search,paypal
12021,2316,2025-02-19 00:00:00,completed,referral,bank_transfer
12022,2431,2025-12-20 00:00:00,completed,paid_search,bank_transfer
12023,8670,2025-09-19 00:00:00,completed,direct,paypal
12024,3745,2025-11-23 00:00:00,completed,social_media,paypal
12025,4907,2024-11-18 00:00:00,completed,paid_search,paypal
12026,6692,2025-12-28 00:00:00,completed,referral,debit_card
12027,3422,2024-05-01 00:00:00,completed,referral,bank_transfer
12028,1031,2024-10-03 00:00:00,completed,referral,credit_card
12029,6058,2025-11-06 00:00:00,completed,referral,bank_transfer
12030,6175,2025-05-12 00:00:00,completed,paid_search,debit_card
12031,2447,2024-04-19 00:00:00,returned,social_media,debit_card
12032,352,2024-05-12 14:21:56,completed,social_media,bank_transfer
12033,6160,2024-02-15 00:00:00,completed,direct,bank_transfer
12034,6512,2024-05-03 09:27:08,completed,social_media,credit_card
12035,265,2024-08-14 00:00:00,completed,direct,credit_card
12036,6423,2025-12-21 00:00:00,completed,organic_search,credit_card
12037,8662,2025-11-07 00:00:00,completed,referral,paypal
12038,1691,2025-09-23 00:00:00,completed,email,debit_card
12039,4824,2025-09-22 15:12:19,completed,social_media,credit_card
12040,6448,2025-04-08 23:51:15,cancelled,referral,debit_card
12041,2166,2025-05-10 00:00:00,completed,social_media,debit_card
12042,6946,2025-05-21 00:00:00,completed,direct,debit_card
12043,8035,2024-08-11 00:00:00,cancelled,paid_search,bank_transfer
12044,7541,2025-04-27 03:02:23,cancelled,social_media,bank_transfer
12045,2431,2025-04-07 09:10:12,cancelled,social_media,paypal
12046,7458,2025-10-20 00:00:00,completed,paid_search,credit_card
12047,3804,2025-12-25 00:00:00,completed,direct,debit_card
12048,2509,2024-12-28 00:00:00,completed,paid_search,credit_card
12049,1591,2025-09-14 00:00:00,completed,paid_search,bank_transfer
12050,8418,2024-04-28 00:00:00,completed,email,credit_card
12051,3940,2025-09-22 00:00:00,completed,email,bank_transfer
12052,8009,2024-08-12 00:00:00,completed,referral,credit_card
12053,1513,2024-02-23 00:00:00,completed,organic_search,paypal
12054,7080,2024-04-12 00:00:00,completed,social_media,bank_transfer
12055,1075,2025-05-31 00:00:00,completed,referral,paypal
12056,180,2024-05-18 19:51:44,cancelled,direct,credit_card
12057,-1,2025-12-04 00:00:00,cancelled,referral,bank_transfer
12058,719,2024-06-04 00:00:00,completed,referral,debit_card
12059,4260,2025-12-06 00:00:00,completed,referral,credit_card
12060,8124,2025-08-08 00:00:00,completed,direct,paypal
12061,7586,2024-11-16 00:00:00,completed,direct,credit_card
12062,4355,2024-12-18 20:42:16,completed,social_media,credit_card
12063,5632,2025-08-30 00:00:00,completed,referral,credit_card
12064,5804,2025-05-25 00:00:00,completed,paid_search,paypal
12065,1073,2025-07-13 00:00:00,completed,social_media,debit_card
12066,2675,2024-12-17 23:22:04,completed,social_media,debit_card
12067,2808,2025-04-03 00:00:00,completed,referral,bank_transfer
12068,3488,2025-12-28 00:00:00,completed,referral,debit_card
12069,2572,2024-08-19 00:00:00,cancelled,paid_search,bank_transfer
12070,2366,2024-12-31 00:00:00,returned,social_media,debit_card
12071,3273,2024-10-24 00:00:00,completed,social_media,paypal
12072,3499,2025-09-15 00:00:00,completed,social_media,bank_transfer
12073,4499,2025-09-14 00:00:00,cancelled,organic_search,debit_card
12074,1647,2024-10-24 00:00:00,completed,direct,debit_card
12075,7296,2024-10-04 00:00:00,completed,email,paypal
12076,7957,2024-01-17 00:00:00,completed,paid_search,debit_card
12077,2330,2025-01-09 05:38:59,completed,paid_search,paypal
12078,1195,2024-12-28 10:41:21,completed,social_media,debit_card
12079,6669,2025-12-27 00:00:00,completed,direct,bank_transfer
12080,8550,2025-02-16 00:00:00,completed,organic_search,debit_card
12081,351,2024-09-25 00:00:00,returned,direct,bank_transfer
12082,147,2025-11-20 22:06:59,completed,direct,debit_card
12083,1741,2025-03-06 00:00:00,completed,email,debit_card
12084,6348,2025-05-23 00:00:00,cancelled,direct,bank_transfer
12085,8900,2024-04-24 00:00:00,completed,social_media,debit_card
12086,6937,2024-12-14 00:00:00,returned,social_media,bank_transfer
12087,5300,2025-12-11 00:00:00,completed,paid_search,debit_card
12088,6487,2025-05-17 00:00:00,completed,organic_search,credit_card
12089,2170,2024-11-24 00:00:00,returned,direct,paypal
12090,6390,2025-06-11 00:00:00,returned,organic_search,paypal
12091,2982,2025-11-28 00:00:00,completed,referral,paypal
12092,2091,2024-10-10 00:00:00,completed,organic_search,debit_card
12093,2225,2025-03-17 00:00:00,completed,organic_search,paypal
12094,6180,2025-12-16 00:00:00,completed,direct,debit_card
12095,7083,2024-07-09 00:00:00,completed,email,debit_card
12096,5359,2025-08-16 00:00:00,cancelled,social_media,debit_card
12097,621,2025-06-03 16:29:11,completed,paid_search,debit_card
12098,375,2025-07-19 13:12:41,cancelled,paid_search,paypal
12099,2050,2024-11-28 00:00:00,completed,referral,debit_card
12100,2685,2024-07-11 00:00:00,completed,referral,credit_card
12101,3722,2025-07-22 00:00:00,completed,organic_search,paypal
12102,745,2024-08-20 00:00:00,completed,organic_search,bank_transfer
12103,6701,2025-01-02 12:56:28,completed,direct,paypal
12104,6579,2024-07-25 00:00:00,completed,email,bank_transfer
12105,3199,2024-12-01 00:00:00,cancelled,social_media,debit_card
12106,5201,2025-12-21 00:00:00,completed,referral,paypal
12107,994,2025-01-13 00:00:00,cancelled,referral,paypal
12108,3823,2025-12-20 15:49:40,returned,direct,paypal
12109,7933,2024-06-07 00:00:00,completed,direct,debit_card
12110,6120,2025-05-15 00:00:00,completed,social_media,credit_card
12111,1020,2024-06-08 00:00:00,cancelled,email,paypal
12112,7836,2025-09-30 00:00:00,completed,paid_search,bank_transfer
12113,6304,2025-09-26 00:00:00,returned,direct,paypal
12114,4179,2024-05-11 13:11:41,completed,paid_search,paypal
12115,6419,2025-11-29 00:00:00,completed,email,credit_card
12116,1639,2024-07-31 00:00:00,completed,referral,credit_card
12117,5076,2025-06-02 00:00:00,completed,referral,debit_card
12118,5695,2025-12-26 08:46:26,completed,referral,paypal
12119,8586,2025-11-17 00:00:00,completed,paid_search,credit_card
12120,654,2025-12-16 00:00:00,completed,organic_search,credit_card
12121,3456,2024-11-23 00:00:00,completed,direct,bank_transfer
12122,8643,2024-04-05 00:00:00,completed,referral,credit_card
12123,2050,2024-07-25 00:00:00,completed,referral,bank_transfer
12124,7525,2025-03-14 00:00:00,cancelled,referral,bank_transfer
12125,15,2025-02-10 00:00:00,cancelled,paid_search,bank_transfer
12126,263,2024-06-17 00:00:00,returned,organic_search,credit_card
12127,3026,2025-07-05 00:00:00,completed,social_media,credit_card
12128,7097,2024-11-13 23:52:14,completed,referral,credit_card
12129,1022,2024-11-23 00:00:00,completed,direct,debit_card
12130,3534,2025-07-06 00:00:00,completed,email,credit_card
12131,1276,2025-02-14 04:32:42,completed,referral,paypal
12132,2102,2025-10-13 00:00:00,completed,direct,credit_card
12133,4649,2024-06-23 11:24:05,completed,email,credit_card
12134,2965,2025-09-30 00:00:00,completed,referral,bank_transfer
12135,2001,2024-03-22 00:00:00,returned,paid_search,paypal
12136,3622,2024-07-31 00:00:00,completed,referral,paypal
12137,6492,2025-07-02 03:18:04,completed,social_media,paypal
12138,1168,2025-11-05 14:21:00,cancelled,social_media,credit_card
12139,4433,2024-09-22 00:00:00,completed,email,debit_card
12140,2579,2024-11-15 00:00:00,cancelled,email,paypal
12141,3493,2025-10-04 00:00:00,completed,paid_search,bank_transfer
12142,7605,2024-08-16 00:00:00,completed,referral,paypal
12143,8596,2025-10-13 00:00:00,cancelled,social_media,paypal
12144,2290,2025-09-20 00:00:00,completed,email,credit_card
12145,5806,2024-06-12 17:12:19,completed,email,bank_transfer
12146,6258,2025-11-02 00:00:00,completed,direct,debit_card
12147,7790,2025-09-21 00:00:00,cancelled,social_media,paypal
12148,8322,2024-11-20 00:00:00,completed,email,debit_card
12149,4320,2025-06-16 00:00:00,completed,social_media,bank_transfer
12150,-1,2024-07-03 00:00:00,completed,social_media,paypal
12151,8957,2025-05-30 00:00:00,completed,referral,bank_transfer
12152,4687,2024-06-20 00:00:00,cancelled,email,bank_transfer
12153,5007,2025-10-24 20:19:22,cancelled,direct,debit_card
12154,6179,2024-12-01 00:00:00,completed,social_media,paypal
12155,3447,2024-10-16 00:00:00,completed,social_media,bank_transfer
12156,6132,2025-10-30 00:00:00,completed,social_media,credit_card
12157,4759,2024-07-03 00:00:00,completed,direct,debit_card
12158,354,2024-12-21 00:00:00,completed,referral,bank_transfer
12159,7884,2024-12-08 00:00:00,completed,referral,credit_card
12160,8673,2024-10-18 00:00:00,completed,direct,credit_card
12161,267,2025-11-29 00:00:00,completed,social_media,paypal
12162,7307,2025-06-09 00:00:00,completed,direct,paypal
12163,3556,2024-03-22 00:00:00,completed,organic_search,paypal
12164,5383,2025-08-13 00:00:00,completed,referral,credit_card
12165,4620,2025-04-03 07:43:08,completed,paid_search,bank_transfer
12166,5086,2025-11-24 01:59:26,completed,organic_search,bank_transfer
12167,4575,2024-11-07 00:00:00,returned,paid_search,credit_card
12168,7890,2025-06-05 00:00:00,completed,referral,bank_transfer
12169,6334,2025-03-14 00:00:00,completed,social_media,credit_card
12170,3796,2025-03-05 00:00:00,completed,organic_search,debit_card
12171,6390,2025-04-02 00:00:00,completed,email,credit_card
12172,8902,2024-08-11 00:00:00,completed,paid_search,paypal
12173,778,2025-09-09 00:00:00,completed,email,credit_card
12174,3575,2025-01-31 00:00:00,completed,email,credit_card
12175,8045,2025-12-16 18:11:31,completed,organic_search,paypal
12176,6833,2024-09-29 00:00:00,returned,referral,bank_transfer
12177,8625,2025-07-21 00:00:00,cancelled,organic_search,bank_transfer
12178,394,2025-10-12 00:00:00,completed,paid_search,bank_transfer
12179,7981,2025-07-08 20:56:10,completed,organic_search,debit_card
12180,7332,2025-11-12 00:00:00,cancelled,social_media,paypal
12181,7547,2025-10-22 00:00:00,completed,social_media,bank_transfer
12182,5507,2024-12-03 00:00:00,returned,direct,bank_transfer
12183,506,2025-05-24 00:00:00,completed,organic_search,paypal
12184,4978,2024-06-23 00:00:00,completed,social_media,credit_card
12185,3753,2025-09-04 00:00:00,completed,email,credit_card
12186,4878,2024-09-03 08:47:12,completed,organic_search,bank_transfer
12187,6843,2025-09-01 10:25:15,completed,direct,paypal
12188,5491,2025-04-03 00:00:00,completed,direct,credit_card
12189,2737,2024-12-28 00:00:00,completed,direct,debit_card
12190,5528,2024-10-05 00:00:00,completed,organic_search,credit_card
12191,812,2025-12-31 00:00:00,cancelled,organic_search,debit_card
12192,53,2024-03-31 00:00:00,completed,referral,paypal
12193,3693,2024-02-28 00:00:00,completed,organic_search,debit_card
12194,6994,2024-08-22 00:00:00,completed,social_media,paypal
12195,7611,2025-12-21 00:00:00,completed,referral,debit_card
12196,5068,2025-12-24 00:00:00,completed,paid_search,paypal
12197,8035,2025-01-07 00:00:00,completed,organic_search,debit_card
12198,1219,2025-11-16 00:00:00,cancelled,direct,bank_transfer
12199,8896,2024-08-19 00:00:00,completed,email,bank_transfer
12200,8528,2025-12-21 00:00:00,completed,direct,bank_transfer
12201,5525,2024-06-10 00:00:00,completed,paid_search,credit_card
12202,580,2024-04-30 00:00:00,completed,paid_search,bank_transfer
12203,4189,2024-05-11 00:00:00,completed,organic_search,paypal
12204,1696,2025-05-05 00:00:00,completed,social_media,bank_transfer
12205,5799,2025-09-25 10:38:39,completed,direct,credit_card
12206,1804,2024-12-06 19:12:06,completed,email,bank_transfer
12207,4457,2025-12-23 03:36:13,completed,paid_search,paypal
12208,1942,2025-01-16 00:00:00,completed,organic_search,bank_transfer
12209,1722,2024-06-17 00:00:00,completed,email,debit_card
12210,2327,2025-02-13 00:00:00,completed,referral,bank_transfer
12211,293,2025-07-19 00:00:00,completed,referral,paypal
12212,6612,2025-10-25 00:00:00,completed,paid_search,bank_transfer
12213,2864,2025-02-07 00:00:00,completed,paid_search,bank_transfer
12214,6461,2025-05-19 07:40:23,returned,referral,debit_card
12215,6048,2024-10-04 00:00:00,completed,organic_search,bank_transfer
12216,644,2025-06-25 00:00:00,completed,paid_search,bank_transfer
12217,2894,2025-12-26 00:00:00,completed,social_media,credit_card
12218,5237,2024-03-05 12:15:34,completed,direct,credit_card
12219,8498,2025-11-18 00:00:00,cancelled,social_media,credit_card
12220,3691,2025-04-28 00:00:00,completed,social_media,paypal
12221,4668,2024-09-21 00:00:00,completed,email,paypal
12222,6934,2025-12-15 00:00:00,completed,referral,paypal
12223,7449,2025-02-28 00:00:00,returned,direct,bank_transfer
12224,8542,2024-11-17 00:00:00,cancelled,referral,debit_card
12225,4589,2024-07-19 11:00:48,completed,organic_search,debit_card
12226,1843,2024-09-15 10:21:29,completed,email,debit_card
12227,7056,2025-10-25 00:00:00,completed,email,paypal
12228,1214,2025-06-03 02:27:19,completed,email,debit_card
12229,3858,2025-11-29 00:00:00,completed,social_media,credit_card
12230,5796,2024-04-09 00:00:00,completed,email,credit_card
12231,6419,2024-05-19 00:00:00,completed,organic_search,paypal
12232,6775,2024-09-01 00:00:00,completed,email,debit_card
12233,1840,2025-03-19 12:23:58,completed,direct,credit_card
12234,-1,2025-12-31 00:00:00,completed,social_media,bank_transfer
12235,1688,2025-07-30 08:44:21,completed,paid_search,credit_card
12236,941,2024-11-04 00:00:00,completed,paid_search,paypal
12237,6153,2025-11-15 00:00:00,completed,social_media,paypal
12238,8428,2025-09-25 00:00:00,completed,organic_search,debit_card
12239,5167,2024-01-22 00:00:00,completed,organic_search,debit_card
12240,5487,2025-10-16 00:00:00,cancelled,direct,credit_card
12241,4975,2024-10-31 06:18:10,cancelled,direct,bank_transfer
12242,421,2024-06-17 00:00:00,completed,organic_search,debit_card
12243,6311,2024-08-30 00:00:00,completed,email,credit_card
12244,3297,2025-02-15 00:00:00,completed,referral,credit_card
12245,8633,2025-07-01 00:00:00,completed,social_media,bank_transfer
12246,1773,2024-10-21 00:00:00,completed,organic_search,credit_card
12247,2817,2024-07-09 00:00:00,completed,paid_search,credit_card
12248,4669,2025-09-13 00:00:00,completed,organic_search,paypal
12249,4408,2025-12-28 00:00:00,completed,referral,debit_card
12250,3681,2025-09-23 15:15:11,completed,organic_search,debit_card
12251,2914,2024-10-27 00:02:25,completed,email,paypal
12252,1410,2024-09-15 19:37:17,completed,referral,debit_card
12253,7600,2024-08-22 01:10:47,completed,direct,bank_transfer
12254,4148,2024-06-04 20:51:54,completed,direct,paypal
12255,5299,2025-04-20 19:22:04,completed,email,bank_transfer
12256,5046,2025-05-27 00:00:00,completed,direct,debit_card
12257,5322,2025-08-06 00:00:00,completed,referral,debit_card
12258,6519,2025-07-20 00:00:00,completed,email,paypal
12259,5802,2024-10-24 00:00:00,completed,direct,credit_card
12260,2571,2024-11-17 00:00:00,completed,paid_search,bank_transfer
12261,5110,2025-07-21 00:00:00,completed,referral,credit_card
12262,2300,2024-11-27 00:00:00,completed,referral,bank_transfer
12263,5416,2024-08-17 14:37:13,completed,social_media,debit_card
12264,3987,2024-10-12 00:00:00,completed,referral,credit_card
12265,390,2024-10-08 19:44:55,completed,paid_search,paypal
12266,6784,2024-04-17 00:00:00,completed,email,credit_card
12267,2579,2025-10-24 00:00:00,completed,social_media,debit_card
12268,8515,2025-11-05 00:00:00,completed,direct,debit_card
12269,2638,2024-08-24 00:00:00,completed,referral,credit_card
12270,-1,2024-03-23 00:00:00,completed,organic_search,bank_transfer
12271,4273,2025-08-29 00:00:00,completed,direct,paypal
12272,269,2024-08-16 00:00:00,cancelled,paid_search,paypal
12273,746,2024-12-19 00:00:00,completed,organic_search,paypal
12274,800,2024-03-22 09:44:40,completed,email,debit_card
12275,553,2024-08-30 00:00:00,completed,referral,paypal
12276,2520,2025-02-10 00:00:00,completed,referral,bank_transfer
12277,3007,2025-10-09 00:00:00,cancelled,direct,debit_card
12278,1091,2024-08-12 16:43:38,completed,direct,credit_card
12279,4038,2024-11-20 00:00:00,completed,social_media,paypal
12280,3365,2024-06-01 01:33:38,completed,referral,bank_transfer
12281,5863,2024-02-04 00:00:00,completed,paid_search,bank_transfer
12282,1860,2025-12-29 00:00:00,completed,paid_search,credit_card
12283,8465,2025-02-07 00:00:00,returned,email,credit_card
12284,4777,2025-04-13 15:51:23,completed,paid_search,debit_card
12285,5748,2025-09-15 00:00:00,cancelled,referral,credit_card
12286,391,2025-10-30 00:00:00,completed,email,paypal
12287,5164,2025-10-10 00:00:00,completed,paid_search,debit_card
12288,3390,2024-01-24 00:00:00,completed,referral,paypal
12289,8549,2024-07-24 00:00:00,completed,direct,credit_card
12290,8194,2025-01-07 00:00:00,completed,referral,credit_card
12291,5879,2024-12-11 00:00:00,completed,organic_search,credit_card
12292,7090,2025-12-25 00:00:00,completed,organic_search,bank_transfer
12293,5950,2025-09-07 00:00:00,completed,social_media,paypal
12294,173,2025-12-16 02:05:46,cancelled,paid_search,credit_card
12295,6508,2024-08-07 15:02:19,completed,email,paypal
12296,1674,2025-11-09 00:00:00,completed,social_media,bank_transfer
12297,6323,2024-12-11 00:00:00,completed,email,paypal
12298,104,2025-12-28 00:00:00,completed,social_media,debit_card
12299,2890,2024-06-25 00:00:00,completed,referral,credit_card
12300,4786,2025-03-26 00:00:00,completed,direct,bank_transfer
12301,3084,2025-10-02 00:00:00,cancelled,paid_search,credit_card
12302,6428,2025-01-14 02:46:57,completed,paid_search,credit_card
12303,4835,2025-02-15 00:00:00,completed,paid_search,paypal
12304,8854,2025-12-27 00:00:00,completed,email,bank_transfer
12305,3293,2025-01-07 02:07:44,completed,organic_search,debit_card
12306,6665,2025-05-27 08:18:41,completed,email,debit_card
12307,7732,2024-03-12 22:15:09,completed,direct,credit_card
12308,2383,2025-10-31 00:00:00,completed,direct,bank_transfer
12309,6971,2025-06-27 00:00:00,completed,paid_search,debit_card
12310,3620,2024-12-24 02:36:30,completed,email,credit_card
12311,1248,2024-01-23 00:00:00,completed,email,bank_transfer
12312,35,2025-05-18 00:00:00,completed,referral,paypal
12313,6881,2024-01-18 00:00:00,completed,social_media,paypal
12314,1767,2024-02-01 00:00:00,completed,organic_search,debit_card
12315,499,2025-04-06 00:00:00,cancelled,social_media,paypal
12316,4589,2024-07-26 00:00:00,completed,organic_search,debit_card
12317,3199,2024-07-29 00:00:00,cancelled,paid_search,bank_transfer
12318,6419,2025-06-30 00:00:00,completed,direct,credit_card
12319,1048,2024-11-03 00:00:00,completed,social_media,paypal
12320,1285,2024-11-07 00:00:00,completed,social_media,debit_card
12321,3715,2024-06-16 00:00:00,completed,paid_search,credit_card
12322,4817,2025-05-10 00:00:00,completed,social_media,bank_transfer
12323,7626,2025-06-07 00:00:00,cancelled,direct,bank_transfer
12324,5383,2025-08-17 08:55:46,completed,paid_search,paypal
12325,8353,2024-09-24 00:00:00,completed,email,paypal
12326,2056,2024-04-18 00:00:00,completed,referral,paypal
12327,5495,2024-07-04 00:00:00,completed,referral,credit_card
12328,6065,2025-08-01 00:00:00,completed,paid_search,paypal
12329,6707,2025-12-12 00:00:00,completed,organic_search,paypal
12330,-1,2024-08-22 00:00:00,completed,referral,debit_card
12331,4321,2024-09-25 16:53:20,completed,email,debit_card
12332,3403,2024-04-29 00:31:22,returned,direct,bank_transfer
12333,7878,2025-05-28 00:00:00,completed,direct,credit_card
12334,1671,2025-07-19 23:23:15,completed,referral,paypal
12335,367,2025-06-23 00:00:00,completed,social_media,bank_transfer
12336,4091,2025-08-11 00:00:00,completed,paid_search,debit_card
12337,2322,2025-03-03 00:00:00,completed,organic_search,debit_card
12338,3643,2024-06-01 23:19:03,completed,email,debit_card
12339,-1,2024-10-22 01:05:50,completed,referral,debit_card
12340,3214,2025-07-07 00:00:00,completed,direct,debit_card
12341,6548,2025-06-02 08:26:50,completed,social_media,debit_card
12342,2354,2025-04-05 00:00:00,returned,organic_search,bank_transfer
12343,2829,2025-07-22 00:00:00,completed,social_media,credit_card
12344,2291,2025-06-19 00:00:00,completed,email,credit_card
12345,5291,2025-11-16 00:00:00,completed,social_media,credit_card
12346,2128,2025-05-14 00:00:00,cancelled,email,paypal
12347,6633,2025-09-23 00:00:00,completed,referral,debit_card
12348,6298,2024-09-19 08:08:52,completed,social_media,debit_card
12349,3887,2025-07-18 00:00:00,completed,referral,paypal
12350,260,2025-11-25 01:13:56,completed,referral,debit_card
12351,230,2024-12-15 00:00:00,completed,email,paypal
12352,4923,2025-09-23 00:00:00,completed,organic_search,debit_card
12353,7761,2025-08-19 00:00:00,completed,direct,paypal
12354,5523,2024-03-17 00:00:00,completed,organic_search,credit_card
12355,4020,2025-11-05 00:00:00,completed,direct,credit_card
12356,8160,2024-05-28 00:00:00,completed,organic_search,credit_card
12357,1871,2025-12-20 00:00:00,completed,paid_search,credit_card
12358,3312,2025-10-13 00:00:00,returned,email,paypal
12359,5222,2024-05-08 10:22:38,completed,direct,bank_transfer
12360,2730,2024-05-20 00:00:00,cancelled,social_media,bank_transfer
12361,-1,2025-05-20 00:00:00,completed,social_media,paypal
12362,4176,2024-11-25 00:00:00,completed,paid_search,debit_card
12363,504,2024-02-17 00:00:00,completed,email,paypal
12364,1666,2025-04-13 00:00:00,completed,referral,bank_transfer
12365,4921,2024-12-17 00:00:00,completed,referral,credit_card
12366,5071,2024-04-30 00:00:00,completed,paid_search,credit_card
12367,-1,2025-10-07 00:00:00,completed,organic_search,paypal
12368,5532,2025-11-30 00:00:00,completed,email,credit_card
12369,6167,2025-09-09 00:00:00,completed,email,credit_card
12370,2016,2025-10-19 00:00:00,completed,organic_search,credit_card
12371,1046,2024-08-21 00:00:00,completed,social_media,credit_card
12372,5548,2024-10-01 07:46:40,completed,organic_search,bank_transfer
12373,8001,2024-08-14 00:00:00,completed,organic_search,credit_card
12374,5401,2025-09-15 00:00:00,completed,email,paypal
12375,4081,2025-12-12 00:00:00,completed,organic_search,credit_card
12376,5348,2025-08-14 00:00:00,returned,referral,bank_transfer
12377,4327,2025-11-16 00:00:00,returned,referral,bank_transfer
12378,1365,2025-06-20 00:00:00,completed,social_media,debit_card
12379,6853,2024-12-16 00:00:00,cancelled,paid_search,bank_transfer
12380,4925,2025-01-07 22:45:50,completed,referral,debit_card
12381,3668,2024-03-04 00:00:00,completed,social_media,debit_card
12382,5170,2024-02-13 22:10:17,completed,referral,bank_transfer
12383,2273,2025-07-31 00:00:00,completed,referral,bank_transfer
12384,3949,2025-01-19 00:00:00,completed,email,credit_card
12385,5735,2025-04-20 00:00:00,completed,referral,debit_card
12386,2129,2025-04-24 00:00:00,cancelled,referral,bank_transfer
12387,6921,2024-12-10 00:00:00,completed,referral,paypal
12388,4822,2025-02-22 00:00:00,completed,paid_search,credit_card
12389,7969,2025-02-17 00:00:00,completed,referral,paypal
12390,-1,2024-12-17 00:00:00,completed,social_media,debit_card
12391,4568,2025-10-18 20:09:11,completed,paid_search,credit_card
12392,1858,2025-01-31 00:00:00,completed,social_media,debit_card
12393,6813,2025-05-26 00:00:00,cancelled,direct,debit_card
12394,3861,2025-11-22 00:00:00,completed,paid_search,credit_card
12395,5476,2025-11-10 00:00:00,completed,email,credit_card
12396,1048,2025-11-20 00:00:00,completed,social_media,bank_transfer
12397,5822,2024-10-06 00:00:00,completed,email,bank_transfer
12398,3443,2024-02-17 00:00:00,completed,paid_search,debit_card
12399,3094,2024-09-29 09:07:17,completed,paid_search,credit_card
12400,-1,2024-10-13 00:00:00,completed,organic_search,paypal
12401,3990,2025-11-28 00:00:00,completed,email,debit_card
12402,6272,2025-06-28 00:00:00,completed,direct,bank_transfer
12403,5790,2024-10-04 00:00:00,completed,direct,credit_card
12404,1022,2024-02-06 00:00:00,completed,email,credit_card
12405,6912,2024-06-23 00:00:00,cancelled,paid_search,bank_transfer
12406,3000,2025-06-14 00:00:00,completed,direct,debit_card
12407,7401,2025-08-27 01:17:32,completed,organic_search,debit_card
12408,5602,2025-11-07 00:00:00,completed,email,credit_card
12409,2942,2025-12-10 00:00:00,completed,email,credit_card
12410,3284,2024-08-07 00:00:00,completed,paid_search,bank_transfer
12411,6760,2024-11-05 00:00:00,completed,email,paypal
12412,5071,2024-11-09 00:00:00,completed,social_media,debit_card
12413,6184,2024-12-02 00:00:00,completed,organic_search,paypal
12414,1500,2025-11-30 09:19:10,completed,social_media,bank_transfer
12415,7280,2025-07-05 00:00:00,completed,paid_search,credit_card
12416,2975,2025-08-29 00:00:00,returned,organic_search,bank_transfer
12417,5712,2025-06-03 00:00:00,cancelled,referral,credit_card
12418,1124,2024-02-09 00:00:00,completed,social_media,paypal
12419,2981,2024-03-22 00:00:00,returned,paid_search,debit_card
12420,5998,2025-10-04 00:00:00,completed,direct,debit_card
12421,2574,2025-08-15 00:00:00,completed,organic_search,credit_card
12422,8139,2024-08-20 00:00:00,completed,email,debit_card
12423,6126,2025-08-17 00:00:00,returned,social_media,debit_card
12424,8045,2025-12-10 00:00:00,completed,referral,bank_transfer
12425,3633,2024-12-28 00:00:00,cancelled,email,debit_card
12426,337,2025-03-09 00:00:00,completed,email,paypal
12427,5326,2024-12-24 00:00:00,completed,organic_search,paypal
12428,3134,2025-07-18 00:00:00,completed,referral,debit_card
12429,4141,2025-09-14 19:13:55,completed,referral,paypal
12430,6309,2025-12-28 00:00:00,completed,email,paypal
12431,6488,2024-11-25 00:00:00,completed,email,credit_card
12432,279,2024-12-28 00:00:00,completed,direct,debit_card
12433,7103,2024-03-07 00:00:00,completed,email,credit_card
12434,4559,2024-08-09 00:00:00,completed,social_media,bank_transfer
12435,5141,2025-07-29 00:00:00,cancelled,social_media,bank_transfer
12436,2779,2025-12-01 00:00:00,cancelled,social_media,bank_transfer
12437,3885,2024-12-20 00:00:00,completed,email,paypal
12438,6572,2024-07-17 00:00:00,completed,paid_search,bank_transfer
12439,7175,2024-10-18 00:00:00,cancelled,referral,debit_card
12440,3565,2025-02-03 00:00:00,completed,social_media,bank_transfer
12441,6413,2024-10-23 00:00:00,completed,organic_search,debit_card
12442,2428,2024-09-06 00:00:00,completed,social_media,debit_card
12443,7700,2025-08-27 00:00:00,completed,paid_search,bank_transfer
12444,5622,2024-01-12 00:00:00,completed,email,paypal
12445,7161,2025-11-04 00:00:00,completed,referral,credit_card
12446,4407,2025-03-10 00:00:00,completed,paid_search,debit_card
12447,2159,2024-03-10 00:00:00,completed,organic_search,bank_transfer
12448,3960,2025-05-26 00:00:00,completed,organic_search,credit_card
12449,3520,2025-07-12 00:00:00,completed,social_media,credit_card
12450,3081,2025-02-07 00:00:00,returned,referral,bank_transfer
12451,2004,2025-01-26 00:15:24,completed,paid_search,bank_transfer
12452,7009,2024-11-26 00:00:00,completed,referral,credit_card
12453,843,2025-10-27 14:48:25,completed,paid_search,paypal
12454,8209,2025-09-10 21:36:46,completed,social_media,debit_card
12455,1657,2024-11-11 00:00:00,cancelled,referral,bank_transfer
12456,-1,2024-02-05 00:00:00,completed,direct,credit_card
12457,-1,2024-03-31 19:28:34,completed,paid_search,paypal
12458,3659,2024-04-23 00:00:00,completed,organic_search,bank_transfer
12459,-1,2025-05-12 00:00:00,completed,referral,credit_card
12460,8042,2024-03-08 00:00:00,completed,direct,credit_card
12461,804,2024-11-20 00:00:00,completed,organic_search,debit_card
12462,8743,2025-07-09 00:00:00,completed,paid_search,debit_card
12463,419,2024-10-26 00:00:00,completed,direct,debit_card
12464,1723,2025-09-14 02:23:22,completed,referral,paypal
12465,5371,2025-09-02 05:10:14,completed,email,debit_card
12466,784,2024-09-16 00:00:00,cancelled,referral,credit_card
12467,1538,2025-08-22 00:00:00,completed,paid_search,paypal
12468,8796,2025-04-09 00:00:00,completed,organic_search,credit_card
12469,-1,2024-12-21 00:00:00,cancelled,direct,paypal
12470,7394,2024-08-15 00:00:00,completed,email,bank_transfer
12471,4769,2025-03-29 18:23:33,completed,email,paypal
12472,8334,2025-12-03 21:17:18,completed,referral,debit_card
12473,1097,2025-06-21 00:00:00,completed,direct,paypal
12474,8699,2024-07-10 00:00:00,completed,organic_search,credit_card
12475,3245,2025-07-21 00:00:00,completed,social_media,debit_card
12476,7967,2025-01-09 00:00:00,completed,referral,debit_card
12477,6185,2025-05-18 00:00:00,cancelled,organic_search,debit_card
12478,8858,2025-08-26 17:48:04,returned,email,credit_card
12479,7998,2025-03-25 00:00:00,completed,social_media,debit_card
12480,8212,2025-10-14 22:08:29,completed,email,paypal
12481,5825,2025-08-18 05:51:58,cancelled,email,debit_card
12482,7710,2025-06-03 00:00:00,completed,referral,bank_transfer
12483,6993,2024-06-18 11:55:56,completed,organic_search,debit_card
12484,1537,2025-10-27 00:00:00,completed,paid_search,paypal
12485,5995,2025-12-08 00:00:00,completed,email,debit_card
12486,1420,2024-06-04 00:00:00,completed,social_media,debit_card
12487,8045,2025-03-04 00:00:00,completed,social_media,debit_card
12488,642,2024-09-27 00:00:00,completed,direct,debit_card
12489,-1,2025-09-08 00:00:00,completed,paid_search,paypal
12490,3684,2025-08-17 00:00:00,completed,social_media,credit_card
12491,1619,2024-08-06 00:00:00,completed,paid_search,bank_transfer
12492,-1,2025-11-15 11:00:02,completed,email,debit_card
12493,441,2024-07-18 02:30:33,completed,direct,paypal
12494,4344,2025-05-10 00:00:00,completed,email,bank_transfer
12495,7113,2025-05-02 00:00:00,completed,social_media,debit_card
12496,2939,2024-11-16 00:54:07,completed,social_media,debit_card
12497,4895,2024-06-25 00:00:00,completed,social_media,credit_card
12498,6486,2024-07-05 15:20:44,cancelled,paid_search,credit_card
12499,8782,2025-06-07 00:00:00,completed,paid_search,debit_card
12500,1010,2025-04-19 00:00:00,completed,paid_search,bank_transfer
12501,1496,2024-05-20 01:33:06,completed,referral,credit_card
12502,4710,2024-11-05 00:00:00,completed,organic_search,bank_transfer
12503,3858,2024-03-31 00:00:00,completed,organic_search,credit_card
12504,3777,2025-09-01 00:00:00,completed,referral,bank_transfer
12505,2767,2025-08-11 00:00:00,completed,organic_search,credit_card
12506,5176,2024-03-16 00:00:00,completed,social_media,debit_card
12507,8171,2025-04-26 00:00:00,completed,referral,debit_card
12508,1529,2024-04-13 00:00:00,completed,paid_search,debit_card
12509,2033,2025-11-26 17:29:56,completed,paid_search,debit_card
12510,6210,2025-11-27 00:00:00,completed,referral,credit_card
12511,553,2025-02-08 00:00:00,completed,referral,bank_transfer
12512,6235,2025-04-12 00:00:00,completed,social_media,credit_card
12513,2915,2025-10-13 00:00:00,completed,referral,credit_card
12514,3293,2025-10-23 00:00:00,cancelled,organic_search,debit_card
12515,3729,2025-03-05 00:00:00,cancelled,social_media,bank_transfer
12516,3226,2024-11-03 21:08:05,completed,paid_search,debit_card
12517,7778,2024-08-22 00:00:00,completed,social_media,debit_card
12518,8731,2024-11-15 00:00:00,completed,direct,bank_transfer
12519,5054,2025-06-13 00:00:00,completed,social_media,bank_transfer
12520,5359,2024-10-07 00:00:00,completed,referral,bank_transfer
12521,692,2024-09-27 00:24:55,completed,organic_search,debit_card
12522,6583,2025-02-15 00:00:00,completed,paid_search,debit_card
12523,5369,2024-09-05 02:05:37,completed,email,paypal
12524,492,2025-05-16 09:52:33,completed,referral,debit_card
12525,1887,2025-12-03 00:00:00,returned,social_media,bank_transfer
12526,1918,2025-09-04 15:00:32,completed,direct,paypal
12527,1622,2025-10-07 00:00:00,completed,direct,paypal
12528,6103,2025-12-05 00:00:00,completed,referral,paypal
12529,8589,2025-03-04 10:27:39,completed,email,bank_transfer
12530,7046,2024-07-23 00:00:00,completed,paid_search,paypal
12531,4409,2025-11-22 00:58:45,cancelled,paid_search,credit_card
12532,3715,2024-09-18 23:43:57,completed,referral,debit_card
12533,3557,2024-04-20 00:00:00,completed,referral,bank_transfer
12534,5543,2025-05-09 00:00:00,completed,social_media,paypal
12535,3310,2024-07-13 00:00:00,completed,email,debit_card
12536,2128,2024-12-09 00:00:00,completed,paid_search,bank_transfer
12537,5556,2024-02-09 18:07:38,completed,direct,credit_card
12538,3597,2024-06-04 23:17:13,completed,paid_search,paypal
12539,145,2024-07-10 00:00:00,completed,direct,credit_card
12540,226,2024-03-11 00:00:00,completed,referral,bank_transfer
12541,2574,2025-07-03 00:00:00,completed,referral,debit_card
12542,4741,2025-10-28 22:10:37,completed,referral,bank_transfer
12543,3266,2024-09-12 00:00:00,completed,social_media,credit_card
12544,244,2025-11-14 00:00:00,completed,social_media,bank_transfer
12545,2097,2024-08-18 00:00:00,completed,paid_search,bank_transfer
12546,945,2024-11-14 00:25:10,completed,organic_search,paypal
12547,8756,2024-06-18 00:00:00,completed,paid_search,debit_card
12548,2898,2025-06-07 00:00:00,completed,direct,debit_card
12549,150,2025-02-01 00:00:00,completed,paid_search,paypal
12550,6120,2025-06-02 00:00:00,completed,direct,bank_transfer
12551,2187,2025-09-13 00:00:00,cancelled,organic_search,bank_transfer
12552,5235,2025-04-16 00:00:00,cancelled,email,credit_card
12553,1447,2025-12-06 00:00:00,completed,social_media,bank_transfer
12554,-1,2025-12-08 00:00:00,completed,referral,debit_card
12555,8956,2024-10-29 00:00:00,completed,social_media,paypal
12556,6074,2024-12-02 00:00:00,completed,organic_search,debit_card
12557,6540,2025-08-15 11:22:55,cancelled,social_media,paypal
12558,3928,2025-06-01 00:00:00,completed,email,paypal
12559,8876,2024-07-15 00:00:00,completed,organic_search,debit_card
12560,3909,2024-12-11 00:00:00,completed,paid_search,debit_card
12561,2254,2025-02-15 00:00:00,completed,social_media,bank_transfer
12562,1129,2025-01-01 00:00:00,completed,direct,paypal
12563,1968,2024-07-15 00:00:00,completed,paid_search,credit_card
12564,5291,2025-04-12 00:00:00,completed,paid_search,paypal
12565,2305,2025-09-13 00:00:00,completed,social_media,bank_transfer
12566,6057,2025-02-27 00:00:00,completed,email,debit_card
12567,3526,2025-07-20 00:00:00,completed,paid_search,bank_transfer
12568,8203,2025-11-23 00:00:00,completed,paid_search,bank_transfer
12569,5156,2024-03-06 00:00:00,completed,organic_search,paypal
12570,5736,2024-09-20 07:41:17,completed,paid_search,credit_card
12571,5140,2025-04-14 00:00:00,completed,referral,bank_transfer
12572,8194,2025-10-05 00:00:00,completed,email,bank_transfer
12573,616,2024-02-19 03:41:12,cancelled,referral,bank_transfer
12574,658,2025-12-26 03:17:08,completed,referral,credit_card
12575,6496,2025-02-03 00:00:00,completed,email,bank_transfer
12576,7092,2024-02-12 00:00:00,completed,referral,paypal
12577,4001,2024-10-24 03:07:03,completed,referral,paypal
12578,3250,2024-07-11 00:00:00,completed,social_media,debit_card
12579,2610,2025-10-01 00:00:00,completed,organic_search,credit_card
12580,2203,2025-12-15 00:00:00,completed,email,credit_card
12581,8449,2024-12-29 00:00:00,completed,referral,bank_transfer
12582,2752,2025-12-14 00:00:00,completed,paid_search,paypal
12583,5988,2025-10-20 00:00:00,completed,social_media,paypal
12584,7281,2025-02-26 00:00:00,completed,organic_search,paypal
12585,223,2025-07-15 00:00:00,completed,organic_search,credit_card
12586,336,2025-01-16 21:10:40,completed,paid_search,credit_card
12587,3083,2025-04-25 00:00:00,completed,organic_search,paypal
12588,6442,2024-03-16 00:00:00,cancelled,email,bank_transfer
12589,2448,2025-07-31 00:00:00,completed,organic_search,paypal
12590,13,2024-10-03 00:00:00,returned,referral,credit_card
12591,2701,2025-10-16 23:58:15,completed,email,paypal
12592,881,2025-10-21 00:00:00,completed,paid_search,bank_transfer
12593,2062,2024-08-09 00:00:00,completed,direct,credit_card
12594,3084,2024-11-13 00:00:00,completed,organic_search,bank_transfer
12595,1242,2025-02-27 10:33:08,completed,email,bank_transfer
12596,6534,2025-05-21 00:00:00,completed,social_media,paypal
12597,2406,2024-10-20 09:58:12,completed,social_media,debit_card
12598,6124,2025-05-19 00:00:00,completed,social_media,paypal
12599,5524,2024-10-28 00:00:00,completed,email,debit_card
12600,8309,2024-03-13 01:24:59,completed,email,paypal
12601,860,2024-04-01 00:00:00,cancelled,paid_search,bank_transfer
12602,2027,2024-04-30 00:00:00,completed,referral,credit_card
12603,8005,2025-02-10 00:00:00,completed,email,bank_transfer
12604,7607,2025-12-17 00:00:00,completed,direct,paypal
12605,1822,2025-01-09 18:34:46,completed,email,paypal
12606,1051,2025-03-23 00:00:00,completed,email,credit_card
12607,7919,2024-06-14 03:15:39,completed,social_media,credit_card
12608,1684,2025-04-20 00:00:00,completed,social_media,credit_card
12609,8050,2024-06-12 00:00:00,completed,referral,debit_card
12610,8866,2025-05-31 00:00:00,completed,direct,credit_card
12611,2074,2025-07-12 00:00:00,cancelled,organic_search,credit_card
12612,7774,2024-08-01 00:00:00,completed,organic_search,paypal
12613,3910,2025-09-14 00:00:00,completed,direct,paypal
12614,7301,2024-02-02 00:00:00,completed,paid_search,debit_card
12615,3751,2024-12-10 00:00:00,completed,organic_search,bank_transfer
12616,691,2024-05-09 15:29:13,completed,paid_search,debit_card
12617,-1,2024-11-29 00:00:00,completed,direct,bank_transfer
12618,1446,2024-07-11 09:54:33,completed,email,paypal
12619,8579,2024-09-12 00:00:00,completed,social_media,debit_card
12620,3852,2024-12-31 00:00:00,completed,social_media,paypal
12621,799,2024-10-31 00:00:00,completed,direct,paypal
12622,2154,2025-07-03 20:24:34,completed,email,debit_card
12623,7979,2025-12-02 16:20:44,completed,organic_search,paypal
12624,2981,2024-12-23 00:00:00,completed,paid_search,credit_card
12625,7919,2024-07-29 00:00:00,returned,organic_search,paypal
12626,1635,2024-07-10 00:00:00,completed,paid_search,debit_card
12627,4321,2025-11-05 00:00:00,cancelled,social_media,paypal
12628,8124,2025-05-04 00:00:00,completed,organic_search,credit_card
12629,475,2025-03-02 00:00:00,completed,referral,paypal
12630,2839,2024-06-17 00:00:00,completed,direct,credit_card
12631,8428,2025-01-30 00:00:00,completed,paid_search,bank_transfer
12632,5499,2024-10-13 00:00:00,completed,social_media,bank_transfer
12633,6613,2025-12-11 00:00:00,completed,paid_search,paypal
12634,7787,2025-11-17 00:00:00,completed,paid_search,credit_card
12635,4846,2024-04-12 20:51:54,completed,social_media,debit_card
12636,7817,2025-03-26 00:00:00,completed,direct,credit_card
12637,5888,2024-08-29 00:00:00,completed,paid_search,credit_card
12638,6357,2024-12-28 00:00:00,completed,referral,credit_card
12639,1474,2025-11-15 00:00:00,completed,email,debit_card
12640,8663,2025-04-03 04:26:19,completed,paid_search,debit_card
12641,7375,2024-11-19 00:00:00,completed,paid_search,credit_card
12642,2390,2024-08-13 00:00:00,completed,paid_search,credit_card
12643,5356,2025-10-06 00:00:00,completed,referral,debit_card
12644,3471,2025-06-10 00:00:00,completed,direct,bank_transfer
12645,-1,2025-02-15 00:00:00,completed,social_media,bank_transfer
12646,-1,2024-08-22 00:00:00,completed,email,bank_transfer
12647,444,2024-11-19 23:48:41,completed,organic_search,paypal
12648,8787,2025-12-17 00:00:00,completed,referral,credit_card
12649,708,2025-03-29 02:40:03,completed,organic_search,paypal
12650,4252,2024-12-23 00:00:00,completed,paid_search,credit_card
12651,4459,2025-03-29 00:00:00,completed,email,credit_card
12652,2530,2025-09-23 00:00:00,completed,direct,bank_transfer
12653,5234,2024-11-22 00:00:00,completed,direct,paypal
12654,7717,2024-07-16 00:00:00,completed,referral,credit_card
12655,2748,2025-05-13 00:00:00,cancelled,paid_search,paypal
12656,691,2025-07-09 12:23:58,completed,email,credit_card
12657,5828,2025-08-11 00:00:00,completed,referral,debit_card
12658,6948,2025-11-16 00:00:00,completed,organic_search,credit_card
12659,8808,2024-08-12 00:00:00,completed,paid_search,credit_card
12660,1513,2024-03-04 00:00:00,completed,email,credit_card
12661,8345,2025-12-16 00:00:00,completed,email,debit_card
12662,4460,2025-01-16 00:00:00,completed,email,paypal
12663,2217,2025-09-06 00:00:00,completed,organic_search,paypal
12664,8883,2025-10-07 00:00:00,completed,referral,debit_card
12665,2243,2025-04-17 00:00:00,completed,email,debit_card
12666,6778,2024-10-08 00:00:00,completed,organic_search,paypal
12667,7256,2025-08-09 00:00:00,completed,direct,bank_transfer
12668,3974,2025-10-08 00:00:00,completed,direct,credit_card
12669,6400,2025-04-21 00:00:00,completed,organic_search,paypal
12670,5294,2025-04-03 00:00:00,completed,email,paypal
12671,1822,2024-12-05 00:00:00,completed,paid_search,credit_card
12672,7017,2024-04-12 20:37:35,completed,direct,paypal
12673,8588,2024-11-22 10:00:27,completed,organic_search,credit_card
12674,4512,2024-11-06 10:04:11,completed,paid_search,bank_transfer
12675,-1,2025-12-14 00:00:00,completed,email,credit_card
12676,3949,2025-09-26 00:00:00,cancelled,paid_search,paypal
12677,4433,2025-05-07 00:00:00,completed,social_media,paypal
12678,6237,2025-03-27 00:00:00,completed,email,paypal
12679,1761,2024-04-07 00:00:00,completed,email,bank_transfer
12680,8348,2025-12-24 00:00:00,completed,direct,bank_transfer
12681,7428,2024-10-12 00:00:00,completed,paid_search,bank_transfer
12682,8066,2024-05-05 00:00:00,completed,email,paypal
12683,5620,2025-03-08 00:00:00,completed,social_media,paypal
12684,8176,2025-11-13 20:32:00,completed,referral,paypal
12685,6294,2025-11-19 00:00:00,completed,organic_search,debit_card
12686,4733,2024-01-16 00:00:00,completed,organic_search,debit_card
12687,8605,2025-11-18 00:00:00,completed,referral,bank_transfer
12688,4052,2024-10-07 03:45:07,completed,social_media,bank_transfer
12689,4625,2024-02-22 00:00:00,completed,email,bank_transfer
12690,1609,2025-11-02 00:00:00,completed,social_media,debit_card
12691,8745,2025-09-11 00:00:00,completed,paid_search,debit_card
12692,2076,2025-05-21 00:00:00,completed,social_media,debit_card
12693,1912,2025-06-05 00:00:00,completed,social_media,paypal
12694,996,2025-10-14 00:00:00,completed,email,paypal
12695,4182,2025-09-28 08:23:10,completed,social_media,paypal
12696,2567,2025-11-20 00:00:00,completed,paid_search,debit_card
12697,6848,2025-04-21 00:00:00,completed,direct,credit_card
12698,2873,2025-12-20 00:00:00,returned,social_media,paypal
12699,6654,2025-12-30 00:00:00,completed,direct,bank_transfer
12700,1860,2024-05-15 00:00:00,completed,social_media,paypal
12701,2166,2025-11-03 14:56:03,completed,email,bank_transfer
12702,7470,2025-03-13 00:00:00,completed,organic_search,debit_card
12703,3419,2024-12-16 00:00:00,completed,email,paypal
12704,1096,2025-06-02 00:00:00,cancelled,direct,credit_card
12705,8868,2024-03-13 22:56:18,completed,email,credit_card
12706,1677,2025-03-18 00:00:00,completed,paid_search,debit_card
12707,1442,2025-12-11 00:00:00,completed,referral,paypal
12708,3300,2024-08-18 00:00:00,completed,organic_search,credit_card
12709,938,2025-01-08 09:45:43,completed,social_media,paypal
12710,1496,2025-12-09 00:00:00,completed,direct,bank_transfer
12711,7828,2025-01-10 00:00:00,completed,paid_search,bank_transfer
12712,1627,2024-12-02 00:00:00,completed,paid_search,credit_card
12713,1092,2025-01-21 00:00:00,completed,organic_search,credit_card
12714,8137,2025-03-28 17:22:50,completed,social_media,credit_card
12715,4094,2025-06-15 00:00:00,completed,direct,credit_card
12716,1496,2025-10-07 00:00:00,completed,organic_search,debit_card
12717,5356,2025-01-02 00:00:00,completed,organic_search,credit_card
12718,410,2025-10-16 00:00:00,completed,paid_search,debit_card
12719,3945,2025-04-07 00:00:00,completed,social_media,debit_card
12720,5432,2024-11-21 16:44:14,completed,social_media,paypal
12721,8834,2025-04-07 00:00:00,completed,direct,debit_card
12722,3022,2025-08-15 00:00:00,cancelled,email,bank_transfer
12723,7060,2025-04-25 10:00:19,returned,paid_search,bank_transfer
12724,1286,2024-03-14 04:31:21,completed,email,debit_card
12725,4001,2024-07-07 01:37:43,completed,paid_search,credit_card
12726,2097,2024-10-19 00:00:00,completed,social_media,bank_transfer
12727,4550,2024-10-16 20:53:58,cancelled,direct,credit_card
12728,3845,2025-07-15 00:00:00,completed,email,bank_transfer
12729,-1,2024-01-26 00:00:00,completed,paid_search,credit_card
12730,8488,2025-09-09 00:00:00,completed,social_media,bank_transfer
12731,5361,2024-10-03 00:00:00,completed,organic_search,bank_transfer
12732,1668,2024-05-11 00:00:00,completed,direct,bank_transfer
12733,5144,2025-04-03 00:00:00,completed,organic_search,paypal
12734,7333,2024-08-20 00:00:00,completed,paid_search,debit_card
12735,375,2025-11-18 00:00:00,completed,direct,paypal
12736,4003,2024-04-14 00:00:00,cancelled,social_media,credit_card
12737,420,2025-01-25 00:00:00,completed,paid_search,paypal
12738,2297,2025-03-11 00:00:00,cancelled,social_media,debit_card
12739,904,2025-06-04 00:00:00,cancelled,social_media,bank_transfer
12740,8862,2024-10-24 03:19:41,completed,organic_search,paypal
12741,1600,2025-01-03 00:00:00,completed,referral,bank_transfer
12742,1441,2025-08-07 00:00:00,completed,referral,paypal
12743,8966,2025-12-22 00:00:00,completed,social_media,credit_card
12744,4777,2025-11-21 00:00:00,completed,referral,credit_card
12745,7000,2024-11-23 00:00:00,cancelled,organic_search,credit_card
12746,3023,2025-12-31 00:00:00,completed,social_media,bank_transfer
12747,4924,2024-01-06 00:00:00,completed,email,bank_transfer
12748,66,2024-02-08 00:00:00,completed,social_media,credit_card
12749,3761,2025-10-20 00:00:00,completed,email,bank_transfer
12750,5123,2024-08-05 00:00:00,completed,paid_search,bank_transfer
12751,4761,2024-03-18 00:00:00,completed,email,bank_transfer
12752,3731,2024-09-08 03:19:51,cancelled,email,paypal
12753,7290,2025-08-01 00:00:00,completed,email,bank_transfer
12754,4636,2025-08-23 00:00:00,completed,referral,credit_card
12755,5861,2025-10-06 00:00:00,completed,organic_search,paypal
12756,1752,2024-09-09 00:00:00,completed,direct,debit_card
12757,7967,2025-03-16 00:00:00,completed,organic_search,bank_transfer
12758,3345,2025-12-04 00:00:00,completed,paid_search,debit_card
12759,4459,2025-10-15 00:00:00,completed,social_media,bank_transfer
12760,3249,2024-11-13 04:08:52,completed,paid_search,credit_card
12761,8248,2025-12-25 00:00:00,completed,direct,bank_transfer
12762,8339,2025-08-09 02:45:46,completed,email,paypal
12763,2110,2024-03-20 00:00:00,completed,organic_search,credit_card
12764,6956,2024-02-17 00:00:00,completed,email,bank_transfer
12765,1013,2024-07-05 19:12:21,completed,direct,paypal
12766,299,2025-08-22 13:46:13,completed,organic_search,bank_transfer
12767,7737,2024-07-21 00:00:00,completed,email,debit_card
12768,1272,2025-03-22 00:00:00,completed,organic_search,bank_transfer
12769,1491,2024-04-22 00:00:00,completed,paid_search,bank_transfer
12770,5593,2025-12-02 00:00:00,cancelled,organic_search,bank_transfer
12771,7567,2024-11-24 00:00:00,completed,paid_search,credit_card
12772,1799,2025-11-27 00:00:00,completed,direct,credit_card
12773,1123,2025-12-11 08:44:15,cancelled,direct,paypal
12774,753,2024-09-01 00:00:00,completed,social_media,paypal
12775,253,2025-12-02 00:00:00,completed,referral,paypal
12776,1140,2024-04-02 00:00:00,completed,organic_search,debit_card
12777,8697,2025-11-28 00:00:00,completed,referral,debit_card
12778,936,2025-03-27 08:53:57,completed,email,debit_card
12779,5510,2024-03-04 00:00:00,completed,direct,debit_card
12780,8520,2024-05-09 00:00:00,completed,email,credit_card
12781,5791,2024-12-14 02:27:52,completed,organic_search,paypal
12782,325,2025-12-10 00:00:00,cancelled,organic_search,paypal
12783,5498,2025-07-29 23:55:43,completed,organic_search,paypal
12784,8356,2025-11-11 00:00:00,completed,social_media,bank_transfer
12785,2995,2024-12-06 00:00:00,completed,paid_search,paypal
12786,2906,2024-02-28 06:47:46,completed,referral,paypal
12787,2337,2025-12-22 00:00:00,completed,email,paypal
12788,4677,2024-01-25 05:15:30,completed,social_media,debit_card
12789,-1,2025-12-12 00:00:00,completed,organic_search,credit_card
12790,6685,2024-07-12 00:00:00,completed,direct,bank_transfer
12791,5953,2024-01-15 00:00:00,completed,referral,bank_transfer
12792,3686,2025-07-26 00:00:00,completed,social_media,credit_card
12793,6673,2025-12-24 00:00:00,completed,referral,debit_card
12794,968,2025-12-19 00:00:00,completed,email,credit_card
12795,6926,2024-06-28 00:00:00,completed,direct,bank_transfer
12796,5556,2024-07-18 14:29:35,completed,referral,bank_transfer
12797,5808,2025-04-30 00:00:00,completed,referral,bank_transfer
12798,628,2025-06-19 13:36:18,completed,social_media,credit_card
12799,5697,2025-08-29 00:00:00,completed,social_media,bank_transfer
12800,4566,2024-07-18 22:54:20,completed,email,bank_transfer
12801,4485,2025-12-16 00:00:00,completed,paid_search,credit_card
12802,2986,2025-06-20 00:00:00,completed,paid_search,credit_card
12803,75,2025-11-02 00:00:00,completed,organic_search,credit_card
12804,3903,2025-04-12 21:42:58,completed,organic_search,paypal
12805,3688,2024-12-29 00:00:00,completed,paid_search,paypal
12806,3904,2025-12-23 00:00:00,completed,referral,paypal
12807,5643,2025-05-11 00:00:00,completed,referral,debit_card
12808,2799,2025-11-10 10:52:20,completed,paid_search,credit_card
12809,2534,2025-12-14 08:54:36,completed,email,paypal
12810,4595,2025-07-16 00:00:00,cancelled,social_media,bank_transfer
12811,5456,2025-04-18 00:00:00,completed,email,bank_transfer
12812,5242,2024-01-06 00:00:00,completed,paid_search,paypal
12813,8155,2024-02-24 00:00:00,completed,social_media,credit_card
12814,7103,2024-08-06 00:00:00,completed,direct,credit_card
12815,509,2024-07-23 00:00:00,cancelled,email,credit_card
12816,5205,2024-09-24 00:00:00,completed,email,paypal
12817,3853,2024-11-02 00:00:00,completed,organic_search,paypal
12818,3327,2024-12-03 15:13:10,returned,referral,credit_card
12819,-1,2025-03-01 00:00:00,completed,direct,bank_transfer
12820,4213,2024-04-27 00:00:00,cancelled,referral,credit_card
12821,6643,2024-02-27 00:00:00,cancelled,email,bank_transfer
12822,8925,2025-07-15 07:23:31,completed,organic_search,credit_card
12823,1450,2025-10-04 00:00:00,cancelled,email,debit_card
12824,536,2025-01-25 00:00:00,cancelled,direct,debit_card
12825,2906,2025-06-17 00:00:00,returned,email,bank_transfer
12826,430,2025-10-22 06:55:55,completed,organic_search,credit_card
12827,1141,2025-09-01 00:00:00,completed,direct,credit_card
12828,-1,2025-06-22 00:00:00,completed,organic_search,debit_card
12829,8857,2025-12-14 00:00:00,completed,referral,paypal
12830,6415,2025-10-29 00:00:00,completed,referral,credit_card
12831,6957,2025-01-08 00:00:00,cancelled,paid_search,paypal
12832,1351,2025-06-24 00:00:00,returned,email,credit_card
12833,5483,2024-07-14 00:00:00,completed,social_media,bank_transfer
12834,1490,2025-04-26 00:00:00,completed,social_media,bank_transfer
12835,3490,2025-12-25 01:13:30,completed,direct,debit_card
12836,3189,2025-03-27 00:00:00,completed,direct,paypal
12837,5663,2025-05-12 00:00:00,completed,referral,paypal
12838,774,2024-12-26 00:00:00,returned,email,bank_transfer
12839,1018,2025-12-31 00:00:00,completed,paid_search,paypal
12840,5624,2025-05-10 02:23:22,returned,paid_search,credit_card
12841,5861,2024-02-26 00:00:00,completed,email,debit_card
12842,3141,2025-05-15 00:00:00,completed,social_media,debit_card
12843,1408,2024-10-10 13:19:10,cancelled,paid_search,debit_card
12844,8197,2024-02-14 00:00:00,completed,paid_search,paypal
12845,519,2025-10-18 00:00:00,completed,social_media,paypal
12846,6622,2024-11-10 00:00:00,cancelled,direct,debit_card
12847,1345,2025-04-10 00:00:00,completed,social_media,bank_transfer
12848,5875,2024-10-21 00:00:00,completed,direct,paypal
12849,6149,2024-07-31 00:00:00,completed,organic_search,bank_transfer
12850,7458,2025-12-22 00:00:00,completed,organic_search,credit_card
12851,3633,2024-04-12 00:00:00,returned,paid_search,credit_card
12852,221,2025-05-25 00:00:00,cancelled,referral,debit_card
12853,7505,2025-05-31 19:53:25,completed,organic_search,bank_transfer
12854,4096,2025-04-26 00:00:00,completed,organic_search,paypal
12855,7831,2025-11-30 00:00:00,completed,email,credit_card
12856,7167,2025-07-16 00:00:00,completed,organic_search,bank_transfer
12857,4600,2024-12-24 20:20:37,completed,email,bank_transfer
12858,-1,2025-11-08 00:00:00,completed,referral,debit_card
12859,4267,2024-07-18 00:00:00,completed,social_media,paypal
12860,6446,2025-04-15 00:00:00,completed,organic_search,bank_transfer
12861,6197,2025-12-13 08:51:55,completed,social_media,bank_transfer
12862,4800,2025-06-11 00:00:00,completed,direct,paypal
12863,5379,2025-10-16 00:00:00,cancelled,organic_search,paypal
12864,7398,2025-06-30 00:00:00,cancelled,social_media,paypal
12865,5286,2025-10-29 00:00:00,returned,direct,debit_card
12866,4156,2025-11-12 00:00:00,completed,email,credit_card
12867,6133,2024-09-10 00:00:00,completed,direct,paypal
12868,355,2024-07-07 00:00:00,completed,email,bank_transfer
12869,1066,2025-03-01 00:00:00,completed,direct,paypal
12870,1213,2025-08-04 16:24:00,completed,direct,credit_card
12871,3928,2024-08-31 00:00:00,completed,referral,paypal
12872,8059,2024-06-01 00:00:00,cancelled,social_media,debit_card
12873,5940,2024-11-24 00:00:00,completed,referral,bank_transfer
12874,8971,2025-12-20 00:00:00,completed,email,credit_card
12875,395,2025-07-30 00:00:00,completed,organic_search,bank_transfer
12876,6666,2024-12-23 00:00:00,completed,direct,debit_card
12877,2911,2024-07-29 15:13:19,cancelled,referral,credit_card
12878,237,2024-12-01 00:00:00,completed,direct,paypal
12879,7641,2024-07-07 00:00:00,completed,direct,debit_card
12880,1546,2024-05-05 00:00:00,completed,organic_search,credit_card
12881,2019,2025-11-27 00:00:00,completed,paid_search,bank_transfer
12882,3147,2025-12-31 00:00:00,completed,social_media,debit_card
12883,7296,2024-01-07 00:00:00,completed,referral,paypal
12884,5758,2024-03-12 06:56:32,completed,paid_search,credit_card
12885,2494,2024-11-16 00:00:00,completed,social_media,debit_card
12886,1597,2025-02-09 00:00:00,completed,referral,credit_card
12887,1070,2024-08-10 00:00:00,completed,email,bank_transfer
12888,1436,2024-10-31 00:00:00,completed,referral,debit_card
12889,8035,2024-06-08 00:00:00,completed,social_media,credit_card
12890,8536,2025-09-20 00:00:00,completed,email,paypal
12891,8934,2025-08-11 00:00:00,completed,referral,bank_transfer
12892,7721,2025-06-17 00:00:00,completed,direct,credit_card
12893,8208,2024-12-16 00:00:00,completed,paid_search,paypal
12894,7559,2025-11-28 00:00:00,cancelled,referral,credit_card
12895,8843,2025-12-20 00:00:00,completed,direct,debit_card
12896,7818,2024-11-07 00:00:00,completed,email,paypal
12897,4266,2024-08-27 00:00:00,completed,email,paypal
12898,3000,2025-04-02 02:54:07,completed,referral,bank_transfer
12899,5371,2024-04-20 00:00:00,completed,social_media,bank_transfer
12900,5608,2025-01-18 06:21:05,completed,organic_search,credit_card
12901,5315,2025-05-11 00:00:00,completed,referral,paypal
12902,6535,2025-03-30 00:00:00,completed,email,debit_card
12903,6471,2024-11-17 00:00:00,completed,email,paypal
12904,851,2025-04-14 00:00:00,completed,organic_search,bank_transfer
12905,2679,2025-12-16 00:00:00,completed,direct,credit_card
12906,8230,2024-08-11 00:00:00,completed,direct,bank_transfer
12907,5429,2025-01-07 00:00:00,cancelled,referral,bank_transfer
12908,3036,2024-02-28 18:08:29,completed,organic_search,debit_card
12909,7864,2024-03-25 00:00:00,returned,referral,paypal
12910,2338,2025-04-20 00:00:00,completed,email,credit_card
12911,3764,2024-05-04 00:00:00,completed,social_media,debit_card
12912,2596,2024-01-02 00:00:00,completed,referral,bank_transfer
12913,8053,2024-08-07 00:00:00,completed,email,credit_card
12914,6726,2025-04-29 00:00:00,returned,organic_search,bank_transfer
12915,4246,2025-05-08 00:00:00,completed,email,credit_card
12916,8610,2024-08-08 16:08:07,completed,social_media,credit_card
12917,8583,2025-11-07 00:00:00,completed,referral,debit_card
12918,6579,2024-07-20 00:00:00,completed,social_media,credit_card
12919,8249,2025-06-02 16:26:15,completed,organic_search,credit_card
12920,6643,2024-12-28 00:00:00,completed,email,paypal
12921,5796,2025-07-01 00:00:00,completed,email,bank_transfer
12922,3884,2025-12-30 00:00:00,cancelled,social_media,bank_transfer
12923,2566,2025-09-12 00:00:00,completed,email,credit_card
12924,593,2024-01-07 00:00:00,completed,direct,credit_card
12925,7423,2025-11-18 00:00:00,completed,referral,debit_card
12926,1189,2024-03-25 00:00:00,completed,social_media,paypal
12927,3772,2025-12-14 00:00:00,completed,organic_search,paypal
12928,2206,2024-10-16 00:00:00,completed,email,bank_transfer
12929,4195,2024-12-14 00:00:00,completed,direct,bank_transfer
12930,2920,2024-04-20 00:00:00,completed,direct,credit_card
12931,7674,2024-05-11 00:00:00,cancelled,referral,debit_card
12932,-1,2025-08-21 00:00:00,completed,referral,bank_transfer
12933,8684,2025-12-11 20:05:52,completed,social_media,debit_card
12934,5734,2025-05-31 13:48:13,completed,email,credit_card
12935,-1,2025-08-13 04:35:48,completed,paid_search,credit_card
12936,3686,2025-09-13 00:00:00,completed,paid_search,debit_card
12937,4832,2024-01-10 00:00:00,completed,direct,credit_card
12938,2416,2024-01-03 00:00:00,completed,direct,bank_transfer
12939,8308,2024-03-01 00:00:00,completed,social_media,bank_transfer
12940,1701,2024-11-28 00:00:00,completed,email,bank_transfer
12941,5629,2024-12-09 00:00:00,completed,organic_search,bank_transfer
12942,7408,2024-03-20 00:00:00,completed,email,bank_transfer
12943,5486,2024-07-16 00:00:00,completed,social_media,credit_card
12944,764,2024-05-23 00:00:00,completed,direct,bank_transfer
12945,5638,2025-11-30 00:00:00,completed,social_media,bank_transfer
12946,7081,2024-06-07 00:00:00,completed,direct,bank_transfer
12947,1781,2025-04-10 06:52:41,completed,email,paypal
12948,6816,2025-05-19 00:00:00,completed,referral,debit_card
12949,8127,2025-04-14 00:00:00,completed,paid_search,bank_transfer
12950,-1,2024-04-28 04:09:30,completed,organic_search,bank_transfer
12951,3770,2024-10-11 00:00:00,completed,direct,paypal
12952,256,2024-08-03 00:00:00,completed,organic_search,bank_transfer
12953,3865,2024-12-20 00:00:00,completed,organic_search,paypal
12954,6117,2024-07-26 00:00:00,completed,organic_search,bank_transfer
12955,8243,2025-04-27 00:00:00,completed,organic_search,bank_transfer
12956,-1,2025-07-29 00:00:00,completed,social_media,bank_transfer
12957,8425,2025-04-06 00:00:00,completed,email,bank_transfer
12958,6095,2025-01-15 00:00:00,completed,email,debit_card
12959,6323,2024-12-16 00:00:00,completed,referral,paypal
12960,24,2025-10-31 00:00:00,cancelled,organic_search,credit_card
12961,3351,2024-08-24 08:17:32,completed,email,debit_card
12962,8392,2025-08-26 01:22:33,returned,organic_search,bank_transfer
12963,6396,2025-10-09 00:00:00,completed,referral,credit_card
12964,4320,2025-01-01 00:00:00,completed,referral,debit_card
12965,1022,2024-10-28 00:00:00,completed,organic_search,credit_card
12966,2316,2025-02-17 14:19:10,completed,social_media,bank_transfer
12967,5121,2024-04-22 00:00:00,completed,email,debit_card
12968,8303,2024-02-03 00:00:00,completed,email,debit_card
12969,938,2024-10-05 00:00:00,completed,organic_search,paypal
12970,1482,2024-07-24 00:00:00,completed,direct,paypal
12971,6064,2025-03-16 16:53:30,cancelled,social_media,credit_card
12972,2748,2025-11-03 00:00:00,completed,referral,paypal
12973,1610,2024-07-09 00:00:00,completed,organic_search,paypal
12974,1688,2025-08-12 00:00:00,cancelled,referral,paypal
12975,4552,2025-12-15 00:00:00,completed,social_media,bank_transfer
12976,-1,2025-12-16 00:00:00,completed,organic_search,bank_transfer
12977,8366,2025-10-28 05:46:23,cancelled,social_media,debit_card
12978,4900,2024-12-05 00:00:00,completed,social_media,credit_card
12979,6415,2024-01-04 00:00:00,completed,social_media,debit_card
12980,1710,2025-02-05 00:00:00,cancelled,direct,bank_transfer
12981,6585,2025-04-25 00:00:00,completed,direct,bank_transfer
12982,5997,2025-11-03 00:00:00,completed,referral,credit_card
12983,2041,2025-12-30 03:10:30,completed,paid_search,paypal
12984,6193,2025-03-19 00:00:00,completed,direct,debit_card
12985,1998,2024-11-25 00:00:00,completed,paid_search,bank_transfer
12986,5466,2024-07-23 00:00:00,completed,organic_search,debit_card
12987,6188,2024-01-07 00:00:00,completed,direct,bank_transfer
12988,6425,2025-03-20 00:00:00,completed,paid_search,debit_card
12989,8422,2025-04-23 00:00:00,completed,paid_search,paypal
12990,8747,2025-10-21 00:00:00,completed,referral,paypal
12991,7498,2025-03-17 16:46:28,completed,email,debit_card
12992,8129,2025-01-12 00:00:00,cancelled,social_media,paypal
12993,197,2025-06-13 00:00:00,completed,organic_search,paypal
12994,3343,2025-10-30 00:00:00,completed,organic_search,credit_card
12995,393,2024-06-15 00:00:00,completed,social_media,paypal
12996,2115,2025-05-11 00:00:00,completed,organic_search,debit_card
12997,3521,2025-07-16 00:00:00,completed,organic_search,credit_card
12998,8030,2024-07-07 00:00:00,completed,organic_search,credit_card
12999,4735,2024-07-27 00:00:00,completed,paid_search,debit_card
13000,5998,2025-05-12 00:00:00,completed,paid_search,debit_card
13001,3344,2024-02-14 00:00:00,completed,social_media,credit_card
13002,5556,2025-02-10 00:00:00,completed,direct,bank_transfer
13003,7552,2024-07-11 00:00:00,completed,direct,debit_card
13004,2810,2025-09-07 00:00:00,completed,social_media,credit_card
13005,8610,2025-10-29 21:02:42,completed,email,debit_card
13006,2013,2024-03-12 00:00:00,completed,email,bank_transfer
13007,8505,2025-09-01 00:00:00,returned,referral,debit_card
13008,286,2025-12-25 00:00:00,completed,referral,debit_card
13009,5014,2025-09-27 00:00:00,completed,social_media,bank_transfer
13010,-1,2025-11-23 00:00:00,completed,social_media,debit_card
13011,-1,2025-01-19 00:00:00,completed,social_media,bank_transfer
13012,5121,2024-09-06 13:42:29,completed,email,bank_transfer
13013,6322,2024-12-28 00:00:00,completed,email,debit_card
13014,2711,2025-08-14 00:00:00,completed,organic_search,bank_transfer
13015,527,2024-08-05 00:00:00,completed,email,bank_transfer
13016,2360,2024-10-07 20:51:16,completed,organic_search,credit_card
13017,1667,2024-03-03 02:15:02,completed,email,credit_card
13018,8544,2025-01-14 00:00:00,completed,referral,bank_transfer
13019,7879,2025-10-22 00:00:00,completed,organic_search,credit_card
13020,2949,2024-04-02 00:00:00,completed,direct,credit_card
13021,7734,2025-07-16 20:31:06,completed,direct,paypal
13022,1999,2025-07-12 00:00:00,cancelled,social_media,debit_card
13023,1897,2024-09-08 00:00:00,completed,email,bank_transfer
13024,7086,2025-07-29 00:00:00,completed,referral,bank_transfer
13025,3023,2025-12-22 00:00:00,completed,social_media,bank_transfer
13026,629,2025-12-18 00:00:00,cancelled,referral,paypal
13027,6644,2024-09-07 00:00:00,returned,referral,debit_card
13028,-1,2024-04-29 00:00:00,completed,email,paypal
13029,5229,2024-06-15 00:00:00,returned,paid_search,debit_card
13030,2481,2025-04-08 00:00:00,cancelled,organic_search,bank_transfer
13031,3437,2025-08-20 00:00:00,completed,organic_search,credit_card
13032,5996,2025-07-15 00:00:00,completed,direct,bank_transfer
13033,6495,2024-11-20 00:00:00,returned,direct,paypal
13034,8200,2024-07-07 12:43:33,returned,referral,credit_card
13035,8416,2025-05-10 23:31:56,completed,paid_search,credit_card
13036,7965,2025-03-01 00:00:00,completed,direct,credit_card
13037,5994,2025-08-22 00:00:00,completed,paid_search,credit_card
13038,4154,2025-01-22 00:00:00,completed,organic_search,bank_transfer
13039,6286,2024-11-21 00:00:00,completed,referral,credit_card
13040,6167,2024-10-25 00:00:00,completed,referral,bank_transfer
13041,2059,2024-08-16 00:00:00,completed,email,credit_card
13042,4699,2024-10-03 00:56:51,completed,paid_search,paypal
13043,1969,2024-04-23 00:00:00,completed,email,bank_transfer
13044,8323,2024-11-26 00:00:00,completed,email,paypal
13045,3000,2024-02-19 00:00:00,completed,social_media,debit_card
13046,7467,2024-07-23 00:00:00,completed,direct,paypal
13047,3478,2025-03-09 00:00:00,returned,social_media,paypal
13048,7052,2024-11-14 00:00:00,completed,paid_search,paypal
13049,2075,2025-07-11 00:00:00,completed,social_media,debit_card
13050,-1,2025-08-14 23:15:02,completed,social_media,debit_card
13051,1699,2025-05-11 13:05:33,returned,paid_search,bank_transfer
13052,4535,2025-12-16 00:00:00,completed,email,debit_card
13053,1117,2024-01-30 00:00:00,completed,social_media,credit_card
13054,4888,2025-08-29 00:00:00,completed,direct,paypal
13055,7598,2025-12-16 00:00:00,returned,direct,bank_transfer
13056,6984,2025-11-08 00:00:00,completed,paid_search,paypal
13057,496,2024-07-05 03:28:45,completed,paid_search,debit_card
13058,4548,2024-11-15 00:00:00,completed,direct,credit_card
13059,7879,2024-09-07 00:00:00,completed,social_media,bank_transfer
13060,6011,2025-05-25 00:00:00,completed,paid_search,paypal
13061,582,2025-08-11 22:10:18,completed,direct,paypal
13062,3014,2024-09-11 00:00:00,completed,social_media,paypal
13063,5140,2025-04-12 00:00:00,completed,social_media,credit_card
13064,1637,2025-07-27 00:00:00,completed,email,credit_card
13065,6316,2025-03-01 00:00:00,completed,direct,paypal
13066,5858,2025-11-05 00:00:00,completed,referral,bank_transfer
13067,1922,2025-09-19 11:55:41,completed,referral,credit_card
13068,5075,2024-03-23 00:00:00,completed,direct,bank_transfer
13069,7510,2025-06-08 00:00:00,completed,paid_search,credit_card
13070,3457,2024-09-07 04:42:46,completed,organic_search,bank_transfer
13071,2320,2025-04-24 00:00:00,completed,referral,debit_card
13072,6494,2025-12-16 00:00:00,completed,referral,credit_card
13073,694,2025-11-15 00:00:00,completed,organic_search,paypal
13074,7706,2024-12-25 00:00:00,returned,social_media,paypal
13075,8707,2024-10-23 00:00:00,completed,direct,debit_card
13076,8900,2024-09-06 00:00:00,completed,referral,bank_transfer
13077,3992,2025-06-04 00:00:00,completed,referral,debit_card
13078,5741,2024-05-13 00:00:00,cancelled,direct,debit_card
13079,7930,2025-04-19 00:00:00,completed,social_media,debit_card
13080,2100,2024-02-01 00:00:00,completed,email,bank_transfer
13081,281,2024-11-13 00:00:00,completed,email,credit_card
13082,3549,2024-08-24 00:00:00,completed,referral,bank_transfer
13083,8183,2025-12-21 18:05:26,completed,social_media,paypal
13084,4671,2025-08-21 00:00:00,completed,organic_search,bank_transfer
13085,4904,2024-11-27 00:00:00,completed,social_media,credit_card
13086,6418,2024-04-21 00:00:00,cancelled,email,credit_card
13087,5311,2025-03-26 00:00:00,completed,direct,debit_card
13088,534,2024-08-18 00:00:00,returned,social_media,credit_card
13089,5178,2025-04-09 00:00:00,completed,email,bank_transfer
13090,5986,2025-10-27 00:00:00,completed,paid_search,debit_card
13091,5919,2025-06-04 00:00:00,completed,organic_search,credit_card
13092,6727,2025-06-17 00:00:00,completed,paid_search,paypal
13093,4813,2025-04-13 00:00:00,completed,organic_search,paypal
13094,8332,2025-05-12 00:00:00,cancelled,paid_search,credit_card
13095,4289,2025-12-06 22:27:28,cancelled,email,paypal
13096,-1,2025-03-23 00:00:00,completed,social_media,credit_card
13097,7209,2024-11-03 00:00:00,completed,referral,bank_transfer
13098,7710,2025-08-02 00:00:00,completed,referral,credit_card
13099,5992,2024-07-23 00:00:00,completed,referral,paypal
13100,1223,2025-06-18 00:00:00,completed,email,paypal
13101,3073,2025-03-13 00:00:00,completed,direct,debit_card
13102,205,2024-05-02 00:00:00,completed,organic_search,paypal
13103,2754,2024-03-08 00:00:00,completed,direct,credit_card
13104,5273,2025-02-25 22:30:13,completed,paid_search,bank_transfer
13105,7465,2025-11-19 00:00:00,returned,referral,paypal
13106,5383,2025-04-30 08:35:50,cancelled,paid_search,bank_transfer
13107,395,2025-07-21 00:00:00,completed,organic_search,bank_transfer
13108,2433,2024-11-21 17:29:23,completed,organic_search,credit_card
13109,5348,2025-04-05 00:00:00,completed,social_media,bank_transfer
13110,6557,2025-01-28 05:26:40,completed,direct,credit_card
13111,8017,2025-07-05 00:00:00,completed,direct,paypal
13112,8931,2024-03-07 00:00:00,completed,referral,paypal
13113,8247,2025-03-08 00:00:00,completed,referral,bank_transfer
13114,4312,2024-10-27 00:00:00,completed,email,debit_card
13115,6904,2024-11-14 00:00:00,completed,referral,bank_transfer
13116,2263,2025-12-17 00:00:00,completed,paid_search,debit_card
13117,621,2024-07-20 00:00:00,completed,organic_search,debit_card
13118,540,2024-11-06 04:00:28,completed,organic_search,bank_transfer
13119,2273,2025-03-21 00:00:00,cancelled,email,debit_card
13120,369,2025-11-09 00:00:00,completed,organic_search,paypal
13121,7861,2024-12-31 00:00:00,completed,organic_search,debit_card
13122,4524,2025-01-09 00:00:00,cancelled,organic_search,debit_card
13123,7503,2025-11-06 00:00:00,completed,paid_search,paypal
13124,8671,2024-11-05 00:00:00,completed,paid_search,credit_card
13125,-1,2024-12-19 00:00:00,completed,direct,credit_card
13126,8647,2024-01-12 00:00:00,completed,referral,credit_card
13127,6614,2025-10-25 00:00:00,completed,email,debit_card
13128,4072,2024-02-29 00:00:00,completed,organic_search,debit_card
13129,5515,2024-11-04 00:00:00,completed,paid_search,bank_transfer
13130,7564,2025-07-19 00:00:00,completed,paid_search,paypal
13131,8304,2025-04-30 00:00:00,cancelled,email,paypal
13132,8826,2025-01-17 00:00:00,cancelled,paid_search,paypal
13133,6751,2025-04-12 16:22:08,completed,direct,credit_card
13134,4988,2024-08-03 00:00:00,completed,paid_search,debit_card
13135,8938,2025-01-12 00:00:00,completed,paid_search,credit_card
13136,8848,2025-03-15 00:00:00,completed,organic_search,paypal
13137,4410,2025-11-24 14:33:18,completed,organic_search,paypal
13138,5996,2024-09-29 00:00:00,completed,paid_search,debit_card
13139,7492,2025-11-11 00:00:00,completed,social_media,bank_transfer
13140,3998,2025-06-24 10:13:29,completed,social_media,paypal
13141,7671,2024-01-29 00:00:00,completed,paid_search,credit_card
13142,1092,2025-08-19 00:00:00,completed,social_media,paypal
13143,4449,2024-02-18 02:48:11,completed,paid_search,credit_card
13144,4466,2025-12-31 00:00:00,completed,paid_search,bank_transfer
13145,6347,2025-11-13 05:17:19,cancelled,social_media,credit_card
13146,1139,2024-10-28 00:00:00,completed,social_media,bank_transfer
13147,1017,2024-09-26 00:00:00,completed,paid_search,debit_card
13148,8337,2024-12-13 06:05:19,completed,organic_search,debit_card
13149,2833,2024-12-01 11:40:16,completed,social_media,credit_card
13150,3023,2024-09-12 00:00:00,returned,direct,debit_card
13151,7177,2024-10-11 00:00:00,returned,social_media,debit_card
13152,3820,2025-06-08 00:00:00,completed,organic_search,debit_card
13153,7708,2024-01-07 00:00:00,completed,social_media,debit_card
13154,3692,2025-02-11 00:00:00,completed,social_media,debit_card
13155,7024,2025-10-13 00:00:00,completed,referral,paypal
13156,4863,2025-02-22 00:00:00,completed,social_media,credit_card
13157,8635,2025-11-04 00:00:00,completed,email,debit_card
13158,3023,2024-09-17 11:32:02,completed,social_media,paypal
13159,3343,2024-01-25 00:00:00,completed,organic_search,paypal
13160,8956,2025-06-06 00:00:00,completed,direct,paypal
13161,6822,2025-06-02 00:00:00,completed,paid_search,paypal
13162,7132,2025-05-01 00:00:00,completed,email,debit_card
13163,2760,2025-11-24 18:25:29,completed,social_media,credit_card
13164,4917,2025-12-20 00:00:00,completed,email,paypal
13165,2906,2025-06-17 00:00:00,cancelled,direct,credit_card
13166,2442,2025-09-14 00:00:00,completed,referral,debit_card
13167,4940,2024-04-12 19:12:11,returned,paid_search,bank_transfer
13168,-1,2024-06-28 13:24:55,cancelled,email,paypal
13169,2027,2025-08-25 00:00:00,completed,organic_search,debit_card
13170,2284,2025-01-13 00:00:00,completed,organic_search,bank_transfer
13171,2291,2025-01-26 00:00:00,completed,social_media,paypal
13172,7331,2024-04-11 00:00:00,completed,social_media,paypal
13173,4726,2025-05-29 03:21:41,completed,direct,credit_card
13174,3551,2024-07-22 00:00:00,completed,direct,bank_transfer
13175,7801,2025-06-12 14:47:35,completed,social_media,bank_transfer
13176,2774,2024-07-11 00:00:00,completed,referral,debit_card
13177,3608,2024-03-22 20:24:57,completed,referral,credit_card
13178,719,2024-11-17 00:00:00,completed,direct,credit_card
13179,1163,2024-03-09 00:00:00,completed,social_media,credit_card
13180,1323,2025-11-19 00:00:00,completed,direct,paypal
13181,3202,2024-12-03 00:00:00,completed,organic_search,bank_transfer
13182,4850,2024-07-14 00:00:00,completed,paid_search,credit_card
13183,10,2025-04-18 00:00:00,completed,paid_search,paypal
13184,1803,2025-02-26 00:00:00,completed,paid_search,paypal
13185,1664,2024-03-02 00:00:00,completed,organic_search,credit_card
13186,2380,2024-01-11 00:00:00,completed,organic_search,paypal
13187,1577,2025-12-27 00:00:00,completed,email,paypal
13188,1856,2025-04-07 00:00:00,completed,social_media,paypal
13189,-1,2024-12-06 00:00:00,completed,paid_search,paypal
13190,5478,2025-02-17 00:00:00,completed,paid_search,paypal
13191,7045,2024-04-10 00:00:00,completed,referral,debit_card
13192,7586,2024-11-25 00:00:00,cancelled,social_media,bank_transfer
13193,6178,2025-06-27 00:00:00,completed,social_media,bank_transfer
13194,6517,2025-11-17 00:00:00,completed,email,paypal
13195,5828,2024-07-21 00:00:00,completed,paid_search,paypal
13196,6004,2025-10-30 00:00:00,completed,social_media,debit_card
13197,8589,2024-05-20 00:00:00,completed,direct,debit_card
13198,1761,2024-08-20 00:00:00,completed,paid_search,credit_card
13199,2580,2024-02-20 00:00:00,completed,organic_search,paypal
13200,912,2024-06-08 00:00:00,cancelled,direct,credit_card
13201,7743,2025-12-01 07:08:08,completed,organic_search,debit_card
13202,4148,2025-02-07 00:00:00,completed,email,paypal
13203,8395,2024-06-04 00:00:00,completed,referral,bank_transfer
13204,3786,2025-12-17 10:13:18,completed,direct,debit_card
13205,4080,2025-11-15 00:00:00,cancelled,direct,bank_transfer
13206,4144,2025-08-09 00:00:00,completed,email,bank_transfer
13207,5650,2025-12-07 08:51:55,completed,direct,bank_transfer
13208,7073,2024-08-24 00:00:00,returned,social_media,debit_card
13209,3241,2025-10-27 00:00:00,completed,organic_search,bank_transfer
13210,5809,2025-07-27 00:00:00,completed,social_media,credit_card
13211,1927,2025-11-11 16:38:36,completed,referral,paypal
13212,5112,2025-10-04 00:00:00,completed,direct,debit_card
13213,5046,2024-11-26 00:00:00,returned,social_media,credit_card
13214,8219,2025-09-20 00:00:00,completed,email,debit_card
13215,8284,2024-09-30 05:10:38,completed,organic_search,paypal
13216,4499,2024-11-16 00:00:00,completed,email,bank_transfer
13217,251,2024-05-06 00:00:00,completed,paid_search,paypal
13218,7809,2025-08-12 00:00:00,completed,paid_search,credit_card
13219,8,2024-10-23 00:00:00,completed,social_media,debit_card
13220,4417,2025-03-29 00:00:00,completed,referral,credit_card
13221,201,2024-12-18 00:00:00,completed,organic_search,credit_card
13222,3250,2025-12-17 00:00:00,completed,organic_search,paypal
13223,5867,2024-11-19 00:00:00,completed,organic_search,bank_transfer
13224,3420,2025-09-23 00:00:00,completed,social_media,debit_card
13225,8578,2025-11-06 00:00:00,completed,referral,paypal
13226,5910,2025-01-17 00:00:00,completed,social_media,paypal
13227,5971,2024-12-12 00:00:00,returned,paid_search,debit_card
13228,3453,2025-04-09 00:00:00,completed,email,debit_card
13229,380,2025-11-29 00:00:00,completed,email,bank_transfer
13230,6830,2025-09-08 02:30:29,completed,paid_search,bank_transfer
13231,6613,2024-08-31 00:00:00,completed,email,debit_card
13232,4902,2025-11-19 19:46:54,completed,email,bank_transfer
13233,3833,2024-12-16 00:00:00,returned,paid_search,bank_transfer
13234,4972,2025-05-07 13:19:49,completed,email,debit_card
13235,6902,2025-10-25 00:00:00,completed,direct,bank_transfer
13236,6580,2024-07-25 00:00:00,completed,paid_search,debit_card
13237,6097,2025-09-27 00:00:00,completed,direct,paypal
13238,8364,2025-05-21 22:36:42,completed,paid_search,credit_card
13239,5623,2025-11-21 00:00:00,cancelled,email,bank_transfer
13240,147,2024-07-09 02:36:47,completed,email,credit_card
13241,5696,2025-01-03 00:00:00,completed,referral,paypal
13242,5650,2025-10-25 22:57:54,completed,paid_search,bank_transfer
13243,682,2024-01-27 00:00:00,completed,social_media,credit_card
13244,3948,2024-05-11 00:00:00,completed,organic_search,paypal
13245,6022,2025-12-28 00:00:00,completed,email,credit_card
13246,6519,2024-10-15 00:00:00,completed,email,credit_card
13247,8256,2025-12-23 00:00:00,completed,paid_search,paypal
13248,7780,2024-07-20 00:00:00,completed,referral,paypal
13249,1141,2024-12-03 00:00:00,completed,social_media,paypal
13250,5613,2025-07-09 00:00:00,cancelled,direct,debit_card
13251,5499,2025-04-07 00:00:00,completed,direct,credit_card
13252,2833,2025-11-05 00:00:00,completed,direct,credit_card
13253,1749,2025-04-05 00:00:00,completed,referral,paypal
13254,1896,2025-01-11 00:00:00,completed,direct,paypal
13255,1679,2024-09-07 00:00:00,completed,organic_search,paypal
13256,7470,2025-01-23 00:00:00,completed,direct,paypal
13257,1422,2024-06-22 00:00:00,completed,direct,debit_card
13258,2489,2025-05-21 00:00:00,completed,direct,credit_card
13259,2056,2024-09-20 00:00:00,completed,direct,paypal
13260,6580,2024-11-18 00:00:00,completed,referral,credit_card
13261,1501,2025-02-18 00:00:00,completed,email,bank_transfer
13262,244,2024-02-06 00:00:00,completed,referral,bank_transfer
13263,3451,2024-04-20 00:00:00,completed,referral,paypal
13264,2848,2025-07-24 00:00:00,completed,referral,credit_card
13265,3652,2025-01-11 11:19:21,completed,referral,credit_card
13266,6968,2025-09-11 00:00:00,completed,email,paypal
13267,125,2025-07-30 00:00:00,completed,direct,bank_transfer
13268,372,2024-12-01 00:00:00,completed,email,debit_card
13269,2404,2025-06-04 05:58:00,completed,email,debit_card
13270,8224,2024-04-22 00:00:00,completed,organic_search,paypal
13271,1603,2025-09-25 00:00:00,cancelled,direct,bank_transfer
13272,-1,2025-12-28 00:00:00,completed,referral,paypal
13273,7468,2025-04-06 00:00:00,completed,email,debit_card
13274,4208,2025-07-21 00:00:00,completed,referral,debit_card
13275,6912,2024-09-09 00:00:00,completed,referral,debit_card
13276,4804,2025-01-18 19:24:04,cancelled,social_media,paypal
13277,5229,2025-11-06 00:00:00,completed,paid_search,bank_transfer
13278,5356,2024-07-04 00:00:00,completed,referral,paypal
13279,5997,2024-03-10 00:00:00,completed,organic_search,debit_card
13280,599,2025-01-26 21:23:26,completed,social_media,bank_transfer
13281,5681,2025-11-08 00:00:00,completed,organic_search,bank_transfer
13282,6619,2024-12-11 00:00:00,completed,email,paypal
13283,2890,2025-12-05 00:00:00,completed,organic_search,paypal
13284,-1,2024-04-23 00:00:00,completed,direct,paypal
13285,1384,2024-08-12 00:00:00,completed,paid_search,paypal
13286,8434,2025-09-08 00:00:00,completed,social_media,paypal
13287,6256,2024-08-30 00:00:00,completed,organic_search,bank_transfer
13288,6156,2025-07-03 00:00:00,completed,direct,bank_transfer
13289,8102,2024-01-07 00:00:00,completed,social_media,bank_transfer
13290,7696,2024-03-13 00:00:00,completed,email,credit_card
13291,3189,2024-05-19 00:00:00,completed,direct,bank_transfer
13292,6524,2025-12-06 13:58:33,completed,social_media,paypal
13293,494,2025-04-20 00:00:00,completed,referral,paypal
13294,4286,2025-10-04 14:13:12,completed,email,bank_transfer
13295,8652,2024-11-18 00:00:00,completed,referral,paypal
13296,2573,2025-05-19 00:00:00,completed,direct,credit_card
13297,487,2025-03-09 07:44:45,returned,social_media,paypal
13298,5368,2025-12-12 00:00:00,completed,direct,bank_transfer
13299,3277,2025-04-09 00:00:00,completed,social_media,credit_card
13300,3504,2025-08-23 00:00:00,completed,email,credit_card
13301,5365,2024-02-03 00:00:00,completed,paid_search,debit_card
13302,5727,2025-04-19 00:00:00,completed,referral,credit_card
13303,4031,2025-02-14 00:00:00,completed,email,paypal
13304,4699,2025-05-12 00:00:00,completed,social_media,debit_card
13305,-1,2024-09-26 00:00:00,completed,email,bank_transfer
13306,8835,2024-10-06 08:51:09,completed,social_media,paypal
13307,6542,2024-12-28 00:00:00,completed,referral,paypal
13308,1535,2024-09-14 00:00:00,completed,social_media,paypal
13309,3319,2024-05-27 09:27:11,completed,email,debit_card
13310,8170,2025-06-11 00:00:00,completed,email,credit_card
13311,3907,2025-04-25 00:00:00,completed,referral,credit_card
13312,8818,2025-11-08 00:00:00,completed,email,credit_card
13313,4510,2025-10-24 00:00:00,completed,organic_search,bank_transfer
13314,7970,2024-10-16 00:00:00,completed,social_media,paypal
13315,353,2025-04-17 00:00:00,completed,social_media,bank_transfer
13316,4005,2024-04-12 00:00:00,completed,social_media,credit_card
13317,6484,2025-11-30 00:00:00,completed,direct,credit_card
13318,7987,2024-12-25 00:00:00,completed,organic_search,bank_transfer
13319,5621,2024-12-19 00:00:00,completed,referral,paypal
13320,1644,2024-11-01 00:00:00,completed,social_media,credit_card
13321,8196,2025-08-02 00:00:00,completed,email,debit_card
13322,5314,2024-09-21 00:00:00,completed,organic_search,bank_transfer
13323,1054,2024-10-12 00:00:00,returned,organic_search,paypal
13324,4283,2025-10-06 00:00:00,completed,referral,credit_card
13325,6471,2025-10-26 00:00:00,cancelled,paid_search,bank_transfer
13326,4166,2024-02-11 00:00:00,completed,social_media,paypal
13327,8048,2025-02-16 13:15:56,completed,social_media,paypal
13328,3909,2025-11-13 00:00:00,completed,social_media,credit_card
13329,5368,2024-03-10 00:00:00,completed,referral,bank_transfer
13330,1997,2025-11-20 00:00:00,completed,social_media,bank_transfer
13331,4743,2024-08-24 00:00:00,completed,paid_search,paypal
13332,2095,2025-07-19 16:30:51,completed,paid_search,credit_card
13333,2118,2025-12-05 00:00:00,completed,referral,paypal
13334,2630,2025-04-21 00:00:00,completed,social_media,paypal
13335,428,2025-07-11 00:00:00,completed,direct,credit_card
13336,1550,2024-04-30 00:00:00,completed,direct,paypal
13337,3917,2024-11-26 09:26:11,completed,social_media,paypal
13338,1271,2025-11-04 00:00:00,completed,paid_search,debit_card
13339,1293,2025-10-13 04:47:08,completed,direct,credit_card
13340,8934,2024-08-21 09:55:39,completed,organic_search,credit_card
13341,3943,2025-10-08 00:00:00,returned,social_media,paypal
13342,3710,2024-12-22 19:31:20,completed,email,bank_transfer
13343,2520,2024-07-26 11:15:03,completed,referral,paypal
13344,4741,2025-09-11 00:00:00,completed,paid_search,paypal
13345,5493,2024-04-19 00:00:00,completed,email,credit_card
13346,3857,2025-03-24 00:00:00,completed,email,paypal
13347,3623,2024-03-22 00:00:00,completed,referral,credit_card
13348,6486,2024-12-01 06:51:43,completed,social_media,bank_transfer
13349,8764,2025-05-25 00:00:00,completed,email,paypal
13350,8119,2025-04-23 00:00:00,cancelled,email,paypal
13351,1159,2024-12-25 00:00:00,completed,social_media,debit_card
13352,6036,2025-01-11 00:00:00,returned,email,credit_card
13353,68,2024-08-31 00:00:00,completed,direct,paypal
13354,5837,2025-02-04 16:47:55,completed,direct,credit_card
13355,4290,2025-12-14 00:00:00,cancelled,email,bank_transfer
13356,4538,2025-03-11 00:00:00,completed,organic_search,debit_card
13357,5406,2024-12-06 00:00:00,completed,organic_search,bank_transfer
13358,6870,2024-02-10 00:00:00,completed,organic_search,debit_card
13359,6740,2025-12-07 11:31:56,completed,email,bank_transfer
13360,431,2025-04-02 00:00:00,cancelled,paid_search,paypal
13361,6812,2025-10-04 00:00:00,completed,direct,debit_card
13362,7675,2025-09-24 00:00:00,completed,referral,credit_card
13363,667,2024-11-08 00:00:00,completed,direct,debit_card
13364,2998,2025-02-27 00:00:00,completed,email,debit_card
13365,7333,2025-12-20 00:00:00,completed,email,debit_card
13366,4555,2025-07-14 00:00:00,completed,social_media,debit_card
13367,6436,2024-06-21 00:00:00,completed,organic_search,credit_card
13368,4644,2024-05-31 00:00:00,completed,direct,paypal
13369,-1,2024-10-08 00:00:00,completed,social_media,debit_card
13370,8639,2025-09-16 00:00:00,completed,referral,debit_card
13371,2642,2024-10-27 00:00:00,completed,referral,debit_card
13372,3556,2024-01-30 00:00:00,completed,social_media,debit_card
13373,3984,2025-11-12 00:00:00,completed,direct,paypal
13374,1022,2024-07-07 05:00:14,completed,email,debit_card
13375,3715,2024-01-14 00:00:00,completed,organic_search,bank_transfer
13376,7157,2024-08-09 00:00:00,completed,email,paypal
13377,7830,2024-09-07 00:00:00,completed,email,credit_card
13378,8198,2025-01-04 00:00:00,completed,paid_search,bank_transfer
13379,148,2025-02-12 00:00:00,completed,direct,bank_transfer
13380,7301,2025-11-15 00:00:00,completed,email,credit_card
13381,4647,2025-02-05 00:00:00,completed,social_media,credit_card
13382,1947,2024-12-28 12:38:54,completed,direct,paypal
13383,4606,2025-04-22 00:00:00,cancelled,referral,debit_card
13384,7804,2024-09-14 00:00:00,completed,email,credit_card
13385,4006,2024-03-09 16:48:42,completed,social_media,paypal
13386,-1,2025-12-09 00:00:00,completed,email,debit_card
13387,5683,2024-07-24 00:00:00,completed,social_media,paypal
13388,4522,2024-04-08 00:00:00,cancelled,social_media,paypal
13389,2749,2025-02-19 00:00:00,completed,paid_search,credit_card
13390,110,2025-03-07 11:39:38,completed,organic_search,credit_card
13391,5630,2024-01-26 00:00:00,completed,paid_search,bank_transfer
13392,5340,2024-06-15 00:00:00,completed,direct,bank_transfer
13393,4785,2024-12-12 00:00:00,cancelled,direct,paypal
13394,4966,2025-07-22 00:00:00,completed,referral,debit_card
13395,7800,2024-09-01 08:58:51,completed,referral,bank_transfer
13396,2939,2025-01-05 00:00:00,cancelled,paid_search,paypal
13397,5073,2025-04-24 00:00:00,completed,social_media,paypal
13398,6294,2025-11-19 00:00:00,completed,email,debit_card
13399,1983,2024-11-14 00:00:00,cancelled,direct,credit_card
13400,8556,2024-06-01 02:13:06,completed,direct,credit_card
13401,6817,2025-03-05 00:00:00,returned,organic_search,debit_card
13402,521,2025-09-03 11:53:30,completed,email,credit_card
13403,8004,2024-08-05 00:00:00,completed,paid_search,bank_transfer
13404,8596,2025-06-01 00:00:00,completed,organic_search,bank_transfer
13405,7350,2024-01-25 00:00:00,completed,social_media,paypal
13406,3933,2024-02-15 00:00:00,completed,social_media,credit_card
13407,-1,2025-02-28 05:47:46,returned,email,credit_card
13408,1206,2024-10-29 00:00:00,completed,referral,debit_card
13409,4952,2025-01-11 00:00:00,completed,referral,bank_transfer
13410,1617,2025-05-25 00:00:00,cancelled,paid_search,credit_card
13411,4047,2025-02-02 07:41:52,completed,organic_search,debit_card
13412,8582,2024-12-26 00:00:00,completed,social_media,bank_transfer
13413,7356,2025-03-11 00:00:00,completed,email,credit_card
13414,7227,2024-02-24 23:36:39,completed,referral,bank_transfer
13415,3262,2025-11-21 00:00:00,completed,email,credit_card
13416,8618,2025-12-31 00:00:00,completed,paid_search,paypal
13417,3393,2024-07-18 00:00:00,cancelled,paid_search,bank_transfer
13418,395,2024-05-19 00:00:00,completed,direct,debit_card
13419,5881,2024-06-11 00:00:00,completed,social_media,debit_card
13420,3343,2025-06-07 00:00:00,completed,social_media,paypal
13421,1481,2025-07-06 16:48:50,completed,email,debit_card
13422,8622,2025-02-11 00:00:00,completed,email,bank_transfer
13423,5873,2025-06-09 00:00:00,cancelled,referral,debit_card
13424,8673,2025-01-30 04:46:47,completed,direct,paypal
13425,5368,2025-06-02 00:00:00,completed,email,paypal
13426,621,2025-07-25 00:00:00,returned,email,paypal
13427,300,2025-03-23 00:00:00,cancelled,organic_search,paypal
13428,8337,2025-02-22 00:00:00,completed,organic_search,debit_card
13429,383,2025-06-25 18:17:28,returned,organic_search,credit_card
13430,5669,2025-04-24 00:00:00,completed,referral,credit_card
13431,2779,2025-06-24 00:00:00,completed,organic_search,paypal
13432,6378,2025-06-02 00:00:00,completed,social_media,credit_card
13433,2672,2025-08-16 00:00:00,completed,organic_search,bank_transfer
13434,367,2025-06-23 00:00:00,completed,direct,debit_card
13435,6752,2025-03-28 00:00:00,returned,social_media,credit_card
13436,2890,2025-07-21 00:00:00,completed,organic_search,debit_card
13437,5079,2025-01-30 00:00:00,completed,email,credit_card
13438,7145,2024-09-13 00:00:00,completed,direct,bank_transfer
13439,6506,2024-01-03 13:11:02,completed,paid_search,bank_transfer
13440,3215,2025-04-26 00:00:00,completed,paid_search,paypal
13441,6912,2025-05-17 00:00:00,completed,social_media,bank_transfer
13442,8566,2025-12-21 06:47:56,completed,organic_search,debit_card
13443,5624,2024-03-12 00:00:00,completed,organic_search,credit_card
13444,6513,2024-12-20 00:00:00,returned,social_media,paypal
13445,8010,2024-07-08 00:00:00,completed,referral,debit_card
13446,7801,2024-03-29 16:44:53,cancelled,paid_search,bank_transfer
13447,3245,2025-09-20 00:00:00,completed,paid_search,credit_card
13448,-1,2024-09-19 00:00:00,completed,organic_search,debit_card
13449,289,2025-05-30 00:00:00,completed,email,credit_card
13450,-1,2025-07-25 00:00:00,completed,social_media,debit_card
13451,2315,2025-02-18 00:00:00,completed,organic_search,bank_transfer
13452,4056,2025-11-14 00:00:00,cancelled,email,paypal
13453,8175,2025-01-24 00:00:00,completed,social_media,debit_card
13454,2300,2024-10-18 00:00:00,completed,organic_search,bank_transfer
13455,2115,2025-11-22 00:00:00,completed,direct,debit_card
13456,5938,2025-08-11 00:00:00,completed,referral,paypal
13457,6525,2024-07-01 10:53:42,completed,direct,debit_card
13458,73,2024-05-02 00:00:00,completed,organic_search,paypal
13459,4160,2024-04-18 11:38:02,completed,social_media,debit_card
13460,4514,2024-10-20 00:00:00,completed,social_media,credit_card
13461,2547,2025-12-21 00:00:00,completed,direct,credit_card
13462,5041,2025-04-25 00:00:00,completed,paid_search,debit_card
13463,1490,2024-12-09 04:46:36,completed,referral,bank_transfer
13464,3001,2025-11-19 00:00:00,completed,social_media,credit_card
13465,6584,2025-02-02 06:40:26,completed,organic_search,paypal
13466,8083,2024-08-11 00:00:00,completed,paid_search,bank_transfer
13467,5423,2025-10-12 00:00:00,completed,organic_search,bank_transfer
13468,734,2025-11-03 19:09:20,cancelled,direct,credit_card
13469,6280,2025-11-01 17:27:14,cancelled,direct,debit_card
13470,8304,2025-03-23 00:00:00,completed,referral,credit_card
13471,4663,2025-09-30 00:00:00,completed,referral,debit_card
13472,4561,2024-07-16 00:00:00,completed,organic_search,debit_card
13473,-1,2025-05-05 00:00:00,completed,direct,paypal
13474,5863,2025-12-26 00:00:00,completed,referral,debit_card
13475,7469,2024-10-23 00:00:00,completed,referral,credit_card
13476,5971,2025-03-10 00:00:00,completed,organic_search,paypal
13477,-1,2025-03-06 18:05:24,completed,social_media,bank_transfer
13478,2670,2024-02-23 00:00:00,completed,referral,debit_card
13479,6165,2025-09-13 00:00:00,completed,direct,debit_card
13480,4207,2024-06-07 00:00:00,completed,direct,debit_card
13481,3718,2025-06-15 00:00:00,completed,organic_search,bank_transfer
13482,228,2024-04-14 03:40:26,cancelled,organic_search,paypal
13483,8183,2025-12-12 00:00:00,completed,referral,bank_transfer
13484,8183,2024-10-24 23:58:20,completed,social_media,paypal
13485,4254,2024-08-30 00:00:00,completed,paid_search,paypal
13486,6488,2024-05-27 00:00:00,completed,direct,credit_card
13487,1683,2025-12-12 00:00:00,completed,email,credit_card
13488,4658,2025-08-11 00:00:00,completed,social_media,debit_card
13489,4042,2025-08-31 00:00:00,completed,paid_search,paypal
13490,6080,2025-03-13 00:00:00,completed,paid_search,paypal
13491,4338,2025-02-21 00:00:00,completed,referral,bank_transfer
13492,4602,2024-08-05 00:00:00,completed,paid_search,paypal
13493,2757,2025-04-26 00:00:00,completed,paid_search,debit_card
13494,475,2024-09-17 09:31:58,completed,social_media,paypal
13495,8485,2025-12-23 00:00:00,completed,paid_search,bank_transfer
13496,124,2025-10-04 07:38:12,completed,paid_search,bank_transfer
13497,2643,2024-12-29 00:00:00,completed,referral,paypal
13498,4136,2024-06-18 00:00:00,completed,direct,credit_card
13499,2964,2025-09-27 00:00:00,completed,direct,paypal
13500,5090,2024-05-20 00:00:00,completed,direct,paypal
13501,4261,2024-07-26 00:00:00,completed,organic_search,paypal
13502,2402,2024-08-16 09:06:41,completed,referral,paypal
13503,860,2025-04-24 00:00:00,completed,paid_search,paypal
13504,1325,2025-09-28 00:00:00,completed,organic_search,credit_card
13505,4488,2024-11-08 00:23:49,completed,paid_search,bank_transfer
13506,7821,2024-04-13 00:00:00,completed,referral,debit_card
13507,991,2025-12-02 00:00:00,completed,paid_search,credit_card
13508,6263,2025-04-09 00:00:00,completed,paid_search,credit_card
13509,7333,2024-08-26 00:00:00,completed,paid_search,paypal
13510,2602,2024-08-24 00:00:00,completed,referral,debit_card
13511,6183,2025-12-12 00:00:00,completed,paid_search,credit_card
13512,6368,2025-12-15 00:00:00,returned,referral,credit_card
13513,6546,2025-12-28 00:00:00,cancelled,direct,debit_card
13514,8236,2025-10-11 00:00:00,completed,email,bank_transfer
13515,3661,2024-07-25 15:07:37,completed,referral,paypal
13516,2295,2024-08-17 00:00:00,completed,email,bank_transfer
13517,5024,2024-11-22 00:00:00,completed,direct,paypal
13518,606,2024-11-10 00:00:00,completed,paid_search,credit_card
13519,3092,2025-12-16 16:57:11,completed,paid_search,paypal
13520,8170,2025-09-30 00:00:00,completed,paid_search,bank_transfer
13521,4917,2025-08-19 00:00:00,cancelled,email,paypal
13522,4026,2024-07-23 00:00:00,completed,organic_search,credit_card
13523,2501,2025-11-28 00:00:00,completed,organic_search,credit_card
13524,2354,2025-10-22 00:00:00,completed,paid_search,debit_card
13525,2226,2024-06-30 00:00:00,completed,email,debit_card
13526,7669,2025-11-12 17:51:45,completed,social_media,credit_card
13527,-1,2024-08-10 00:00:00,cancelled,email,bank_transfer
13528,4939,2024-04-09 00:00:00,completed,direct,paypal
13529,775,2025-07-03 04:22:09,completed,direct,bank_transfer
13530,6941,2025-01-07 00:00:00,completed,referral,bank_transfer
13531,8113,2024-04-23 00:00:00,completed,direct,bank_transfer
13532,8599,2024-11-10 10:13:56,returned,referral,paypal
13533,5802,2025-12-29 00:00:00,returned,referral,paypal
13534,4692,2025-07-18 04:47:35,completed,paid_search,credit_card
13535,5718,2025-08-23 00:00:00,completed,organic_search,credit_card
13536,131,2024-08-18 00:00:00,completed,email,credit_card
13537,6068,2024-04-07 00:00:00,completed,organic_search,paypal
13538,6564,2024-10-12 22:23:41,completed,social_media,credit_card
13539,6666,2024-09-19 00:00:00,completed,paid_search,paypal
13540,5202,2024-09-06 00:00:00,completed,referral,credit_card
13541,6481,2024-07-30 00:00:00,completed,social_media,paypal
13542,5889,2025-06-05 00:00:00,cancelled,email,paypal
13543,1130,2024-11-15 00:00:00,completed,organic_search,paypal
13544,8313,2025-10-18 11:58:37,completed,social_media,credit_card
13545,5738,2024-07-21 15:38:34,completed,organic_search,paypal
13546,6721,2025-02-12 00:00:00,cancelled,social_media,bank_transfer
13547,3165,2024-01-20 00:00:00,completed,paid_search,debit_card
13548,8505,2025-02-27 00:00:00,completed,referral,bank_transfer
13549,4647,2024-03-13 00:00:00,completed,organic_search,debit_card
13550,6283,2025-12-23 00:00:00,completed,organic_search,debit_card
13551,8783,2025-10-01 07:39:29,completed,email,paypal
13552,8473,2025-03-06 00:00:00,completed,referral,debit_card
13553,5952,2024-04-15 00:00:00,completed,direct,credit_card
13554,1572,2025-05-18 00:00:00,completed,paid_search,credit_card
13555,8773,2025-09-11 00:00:00,completed,social_media,debit_card
13556,-1,2024-07-28 00:00:00,completed,social_media,debit_card
13557,1017,2025-05-02 00:00:00,completed,organic_search,debit_card
13558,4158,2025-10-14 00:00:00,completed,referral,credit_card
13559,5056,2025-09-17 00:00:00,completed,social_media,debit_card
13560,904,2025-10-08 17:53:20,completed,referral,paypal
13561,1800,2025-11-15 00:00:00,completed,organic_search,debit_card
13562,4966,2025-12-09 00:00:00,completed,paid_search,bank_transfer
13563,8887,2024-12-25 00:00:00,completed,referral,bank_transfer
13564,282,2025-02-05 00:00:00,completed,social_media,paypal
13565,8452,2025-10-01 00:00:00,completed,organic_search,bank_transfer
13566,8316,2025-01-08 00:00:00,completed,email,bank_transfer
13567,7928,2025-12-30 00:00:00,completed,referral,bank_transfer
13568,3483,2024-01-20 21:42:14,completed,social_media,debit_card
13569,4535,2024-11-30 00:00:00,completed,direct,credit_card
13570,3709,2024-10-15 00:00:00,completed,direct,paypal
13571,8744,2024-09-30 00:00:00,completed,referral,credit_card
13572,4824,2024-08-27 23:45:05,completed,direct,bank_transfer
13573,782,2025-08-09 13:07:12,completed,paid_search,debit_card
13574,2573,2024-04-13 03:03:40,completed,paid_search,debit_card
13575,4267,2025-08-31 00:00:00,completed,social_media,bank_transfer
13576,8797,2025-07-29 00:00:00,returned,email,debit_card
13577,5259,2024-09-20 03:59:12,completed,social_media,debit_card
13578,6443,2024-09-22 00:00:00,completed,email,credit_card
13579,866,2025-06-13 00:00:00,completed,social_media,credit_card
13580,8114,2025-09-13 00:00:00,cancelled,email,debit_card
13581,4978,2025-11-14 00:00:00,completed,referral,credit_card
13582,8523,2025-04-11 00:00:00,completed,paid_search,debit_card
13583,4110,2025-12-19 00:00:00,completed,direct,debit_card
13584,6328,2025-05-11 00:00:00,completed,organic_search,bank_transfer
13585,4351,2025-11-28 00:00:00,completed,paid_search,credit_card
13586,1370,2025-10-11 00:00:00,completed,paid_search,credit_card
13587,2550,2025-11-22 00:00:00,completed,email,bank_transfer
13588,658,2024-01-17 00:00:00,cancelled,email,bank_transfer
13589,4054,2025-12-19 00:00:00,completed,social_media,credit_card
13590,6004,2025-02-20 00:00:00,completed,email,bank_transfer
13591,2295,2025-05-10 00:00:00,returned,social_media,debit_card
13592,4530,2024-05-25 00:00:00,completed,referral,bank_transfer
13593,4234,2024-12-21 00:00:00,completed,email,credit_card
13594,4927,2024-07-10 00:00:00,completed,email,bank_transfer
13595,1752,2024-10-24 00:00:00,completed,email,debit_card
13596,4934,2024-05-21 00:00:00,completed,direct,bank_transfer
13597,3355,2025-10-10 00:00:00,completed,paid_search,bank_transfer
13598,2680,2024-01-14 00:00:00,completed,organic_search,credit_card
13599,5388,2024-11-07 00:00:00,completed,email,paypal
13600,1419,2024-11-07 00:00:00,returned,organic_search,debit_card
13601,8338,2025-05-16 00:00:00,cancelled,referral,bank_transfer
13602,8624,2024-09-23 00:00:00,completed,social_media,debit_card
13603,6120,2024-09-27 00:00:00,completed,referral,credit_card
13604,2825,2025-03-04 13:30:37,completed,email,debit_card
13605,5771,2025-06-30 00:00:00,completed,referral,debit_card
13606,5546,2024-05-19 00:00:00,cancelled,paid_search,credit_card
13607,3601,2024-07-13 00:00:00,completed,organic_search,bank_transfer
13608,2692,2024-09-17 16:48:40,completed,organic_search,debit_card
13609,1597,2025-12-22 00:00:00,completed,paid_search,credit_card
13610,2052,2024-12-21 00:00:00,completed,email,paypal
13611,6045,2025-05-23 00:00:00,completed,organic_search,credit_card
13612,8197,2024-09-12 00:00:00,returned,email,bank_transfer
13613,3552,2025-03-06 08:27:58,completed,email,debit_card
13614,1186,2024-04-02 01:52:25,completed,email,bank_transfer
13615,129,2024-02-17 00:00:00,completed,paid_search,debit_card
13616,3732,2025-02-16 00:00:00,completed,referral,paypal
13617,2189,2024-12-22 00:00:00,completed,social_media,debit_card
13618,2995,2024-04-06 00:00:00,cancelled,organic_search,paypal
13619,2276,2025-07-25 00:00:00,completed,direct,bank_transfer
13620,6154,2025-12-29 00:00:00,cancelled,paid_search,paypal
13621,5887,2024-12-20 00:00:00,cancelled,direct,credit_card
13622,8451,2025-06-10 00:00:00,completed,organic_search,paypal
13623,6477,2025-12-18 00:00:00,completed,social_media,credit_card
13624,1564,2025-10-25 00:00:00,completed,paid_search,credit_card
13625,6947,2025-11-02 00:00:00,completed,email,credit_card
13626,1714,2025-08-28 00:00:00,cancelled,referral,credit_card
13627,5158,2024-05-26 00:00:00,completed,referral,credit_card
13628,751,2025-03-22 00:00:00,completed,direct,paypal
13629,461,2024-10-14 00:00:00,completed,paid_search,paypal
13630,4288,2024-06-28 00:00:00,completed,direct,bank_transfer
13631,1024,2025-01-08 00:00:00,completed,paid_search,bank_transfer
13632,2863,2024-05-29 15:07:53,completed,referral,bank_transfer
13633,3129,2025-08-02 00:00:00,completed,email,paypal
13634,7105,2025-02-05 00:00:00,cancelled,email,debit_card
13635,3081,2025-04-06 00:00:00,completed,referral,bank_transfer
13636,4567,2024-06-13 00:00:00,completed,direct,credit_card
13637,7132,2024-07-06 00:00:00,completed,direct,bank_transfer
13638,1936,2025-12-05 00:00:00,completed,email,paypal
13639,7462,2025-12-26 00:00:00,completed,email,debit_card
13640,7696,2024-04-25 14:12:56,completed,social_media,debit_card
13641,-1,2024-10-19 00:00:00,completed,email,credit_card
13642,4096,2025-11-11 00:00:00,cancelled,organic_search,debit_card
13643,3414,2024-03-31 00:00:00,cancelled,referral,debit_card
13644,6498,2025-11-14 00:00:00,completed,paid_search,bank_transfer
13645,575,2025-01-04 00:00:00,returned,email,bank_transfer
13646,393,2024-12-27 00:00:00,completed,organic_search,paypal
13647,3101,2024-11-05 00:00:00,completed,email,debit_card
13648,6741,2024-10-28 16:19:58,completed,organic_search,debit_card
13649,1140,2024-11-03 00:00:00,completed,organic_search,debit_card
13650,5859,2025-11-18 09:34:30,completed,referral,debit_card
13651,2534,2025-08-19 00:00:00,returned,organic_search,debit_card
13652,6029,2025-07-12 11:06:24,completed,paid_search,debit_card
13653,4215,2025-10-05 00:00:00,completed,email,paypal
13654,1128,2024-09-26 00:00:00,completed,email,bank_transfer
13655,2323,2025-06-05 00:00:00,completed,direct,bank_transfer
13656,2065,2025-08-02 00:00:00,completed,social_media,bank_transfer
13657,1561,2025-09-26 00:00:00,completed,organic_search,debit_card
13658,4322,2024-11-05 00:00:00,completed,email,paypal
13659,8810,2025-06-23 00:00:00,completed,referral,credit_card
13660,6097,2025-11-17 00:00:00,completed,organic_search,debit_card
13661,7734,2024-12-24 00:00:00,completed,paid_search,debit_card
13662,-1,2024-03-25 00:00:00,completed,paid_search,debit_card
13663,4993,2025-03-25 00:00:00,completed,email,credit_card
13664,2239,2024-11-25 00:00:00,completed,organic_search,bank_transfer
13665,8586,2025-07-14 00:00:00,completed,direct,bank_transfer
13666,6471,2025-12-14 00:00:00,completed,email,paypal
13667,8850,2025-03-02 05:14:29,completed,social_media,bank_transfer
13668,6022,2025-02-13 00:00:00,cancelled,direct,bank_transfer
13669,7160,2025-01-07 00:00:00,completed,referral,bank_transfer
13670,8235,2024-02-05 00:00:00,completed,direct,bank_transfer
13671,7011,2024-09-23 05:57:42,completed,organic_search,debit_card
13672,5197,2025-12-02 00:00:00,completed,organic_search,debit_card
13673,4362,2025-07-12 00:00:00,completed,social_media,bank_transfer
13674,7617,2024-01-20 22:58:39,completed,direct,debit_card
13675,7126,2024-10-08 00:00:00,cancelled,social_media,bank_transfer
13676,3376,2025-07-21 00:00:00,returned,organic_search,debit_card
13677,4601,2025-09-14 00:00:00,returned,referral,debit_card
13678,5859,2025-10-29 00:00:00,returned,direct,bank_transfer
13679,287,2024-10-24 00:00:00,completed,organic_search,paypal
13680,2325,2025-12-06 00:00:00,completed,referral,paypal
13681,2352,2025-04-21 00:00:00,completed,email,bank_transfer
13682,8170,2025-07-31 00:00:00,completed,organic_search,debit_card
13683,3068,2025-05-22 20:44:03,completed,direct,debit_card
13684,5032,2024-05-21 00:00:00,completed,direct,paypal
13685,7694,2025-12-18 00:00:00,completed,referral,debit_card
13686,2440,2024-05-21 00:00:00,completed,email,debit_card
13687,1200,2024-09-24 23:23:35,cancelled,social_media,paypal
13688,8753,2025-10-14 21:36:46,completed,referral,debit_card
13689,6519,2025-06-06 00:00:00,completed,organic_search,paypal
13690,1674,2025-10-28 22:03:43,cancelled,paid_search,credit_card
13691,7588,2025-03-25 00:00:00,completed,email,debit_card
13692,7282,2024-12-11 00:00:00,completed,direct,debit_card
13693,7745,2025-12-03 00:00:00,completed,referral,bank_transfer
13694,2596,2024-02-19 00:00:00,completed,paid_search,bank_transfer
13695,4147,2025-11-06 03:43:25,completed,referral,paypal
13696,6428,2024-09-03 00:22:45,completed,referral,debit_card
13697,3597,2025-03-11 00:00:00,completed,paid_search,paypal
13698,685,2024-06-06 00:00:00,cancelled,referral,debit_card
13699,1322,2025-05-10 07:35:38,completed,email,debit_card
13700,5506,2025-11-19 00:00:00,completed,direct,debit_card
13701,3461,2025-02-20 00:00:00,completed,organic_search,paypal
13702,53,2025-09-03 00:00:00,completed,direct,credit_card
13703,7079,2025-10-09 00:00:00,completed,direct,paypal
13704,3838,2025-08-27 00:00:00,completed,email,paypal
13705,2907,2025-12-04 00:00:00,completed,organic_search,bank_transfer
13706,6585,2025-01-27 00:00:00,completed,referral,credit_card
13707,4200,2024-10-07 00:00:00,completed,paid_search,debit_card
13708,6436,2024-04-03 00:00:00,completed,organic_search,credit_card
13709,135,2024-09-17 00:00:00,completed,social_media,bank_transfer
13710,93,2024-06-10 18:38:23,completed,organic_search,paypal
13711,-1,2025-04-25 00:00:00,completed,social_media,bank_transfer
13712,-1,2024-07-22 00:00:00,completed,referral,paypal
13713,2553,2024-02-22 00:00:00,completed,paid_search,debit_card
13714,6327,2024-02-18 00:00:00,completed,email,credit_card
13715,1634,2025-10-25 00:00:00,completed,email,paypal
13716,2892,2025-05-18 00:00:00,completed,direct,debit_card
13717,760,2024-12-02 00:00:00,completed,paid_search,paypal
13718,8144,2025-11-22 00:00:00,completed,referral,debit_card
13719,2890,2024-03-29 00:00:00,completed,direct,paypal
13720,2167,2025-12-24 00:00:00,completed,referral,paypal
13721,6751,2025-04-06 00:00:00,returned,direct,bank_transfer
13722,1895,2024-07-20 02:14:21,returned,social_media,paypal
13723,2259,2025-07-19 00:00:00,returned,direct,bank_transfer
13724,1018,2025-09-14 00:00:00,completed,social_media,paypal
13725,8884,2025-01-11 10:50:40,completed,social_media,credit_card
13726,2325,2025-08-11 00:00:00,completed,paid_search,debit_card
13727,-1,2024-06-18 00:00:00,completed,social_media,debit_card
13728,1666,2024-10-13 00:00:00,cancelled,email,debit_card
13729,211,2024-04-22 00:00:00,completed,organic_search,credit_card
13730,8283,2024-08-16 23:26:08,returned,direct,paypal
13731,5356,2024-09-10 00:00:00,completed,social_media,debit_card
13732,3243,2025-01-12 00:00:00,completed,organic_search,paypal
13733,4750,2024-06-04 00:00:00,completed,direct,debit_card
13734,2447,2025-01-09 00:00:00,completed,referral,paypal
13735,5857,2025-04-06 20:21:39,completed,social_media,bank_transfer
13736,5681,2025-11-23 00:00:00,cancelled,direct,credit_card
13737,777,2025-12-31 00:00:00,completed,social_media,bank_transfer
13738,8438,2025-07-09 00:00:00,completed,referral,debit_card
13739,4250,2025-12-21 00:00:00,completed,direct,debit_card
13740,1856,2025-09-28 00:00:00,completed,social_media,credit_card
13741,2871,2025-12-18 00:00:00,completed,social_media,debit_card
13742,8014,2025-08-08 11:34:18,completed,referral,debit_card
13743,-1,2024-08-04 00:00:00,completed,social_media,bank_transfer
13744,5189,2024-12-23 00:00:00,completed,referral,debit_card
13745,8745,2025-06-26 18:06:31,completed,paid_search,paypal
13746,6030,2024-11-28 15:40:01,completed,direct,bank_transfer
13747,6250,2024-09-10 00:00:00,completed,email,paypal
13748,2333,2025-05-08 00:00:00,returned,referral,credit_card
13749,6184,2025-07-12 00:00:00,completed,social_media,bank_transfer
13750,3623,2024-02-17 00:00:00,completed,referral,debit_card
13751,8441,2025-09-17 00:00:00,completed,direct,paypal
13752,1256,2025-08-18 00:00:00,completed,paid_search,debit_card
13753,2680,2025-12-18 02:10:10,completed,organic_search,bank_transfer
13754,643,2025-06-12 00:00:00,completed,social_media,bank_transfer
13755,3514,2025-09-13 00:00:00,cancelled,social_media,debit_card
13756,1422,2025-03-29 00:00:00,cancelled,social_media,debit_card
13757,7814,2024-08-10 00:00:00,completed,paid_search,paypal
13758,8558,2025-04-16 09:41:23,completed,referral,debit_card
13759,6194,2025-09-15 00:00:00,completed,direct,paypal
13760,1017,2025-11-22 14:30:15,completed,direct,bank_transfer
13761,3158,2025-09-30 00:00:00,completed,paid_search,bank_transfer
13762,8899,2024-01-08 00:00:00,completed,social_media,debit_card
13763,1321,2025-05-24 00:00:00,completed,referral,bank_transfer
13764,5139,2024-11-18 00:00:00,completed,direct,paypal
13765,3253,2024-01-14 00:00:00,completed,direct,paypal
13766,-1,2024-08-06 00:00:00,completed,email,paypal
13767,-1,2024-05-12 00:00:00,completed,email,paypal
13768,467,2025-10-31 00:00:00,completed,email,paypal
13769,6500,2024-09-27 00:00:00,cancelled,email,bank_transfer
13770,3023,2024-10-18 01:17:30,completed,referral,debit_card
13771,6090,2025-12-17 00:00:00,returned,social_media,debit_card
13772,1022,2024-12-12 12:27:15,completed,social_media,bank_transfer
13773,4839,2024-01-14 00:00:00,completed,direct,credit_card
13774,3461,2024-10-17 00:00:00,completed,social_media,credit_card
13775,4955,2024-05-18 00:00:00,completed,email,credit_card
13776,7891,2024-05-01 00:00:00,completed,email,bank_transfer
13777,8973,2024-04-06 00:00:00,returned,direct,paypal
13778,6960,2025-05-19 00:00:00,completed,social_media,debit_card
13779,7079,2024-07-26 00:00:00,completed,paid_search,debit_card
13780,4896,2024-12-03 00:00:00,completed,paid_search,paypal
13781,956,2025-11-08 00:00:00,completed,paid_search,paypal
13782,6173,2025-01-06 00:00:00,completed,referral,paypal
13783,1415,2025-11-30 00:00:00,completed,email,credit_card
13784,2311,2025-12-03 00:00:00,completed,paid_search,bank_transfer
13785,6545,2024-12-22 05:47:21,completed,referral,paypal
13786,6084,2025-05-09 00:00:00,completed,social_media,paypal
13787,2913,2024-04-01 00:00:00,completed,email,debit_card
13788,7126,2024-04-18 00:00:00,completed,direct,paypal
13789,8666,2025-06-29 00:00:00,completed,email,debit_card
13790,5034,2025-03-03 00:00:00,completed,paid_search,paypal
13791,6268,2025-09-30 01:39:21,completed,paid_search,paypal
13792,2547,2025-12-01 00:00:00,completed,paid_search,debit_card
13793,8957,2024-12-17 00:00:00,completed,organic_search,credit_card
13794,2569,2025-05-21 00:00:00,completed,direct,paypal
13795,8209,2025-03-14 00:00:00,completed,direct,paypal
13796,8587,2025-12-25 00:00:00,completed,paid_search,debit_card
13797,6644,2025-10-24 00:00:00,completed,email,credit_card
13798,7508,2025-11-29 00:00:00,cancelled,direct,paypal
13799,4224,2024-09-23 00:00:00,completed,direct,bank_transfer
13800,8508,2025-09-19 00:00:00,completed,organic_search,paypal
13801,6870,2024-10-03 00:00:00,completed,direct,paypal
13802,3023,2024-08-14 00:00:00,completed,direct,credit_card
13803,348,2025-12-11 03:23:11,completed,social_media,debit_card
13804,4994,2024-01-28 00:00:00,cancelled,organic_search,bank_transfer
13805,7775,2025-12-19 00:00:00,completed,paid_search,bank_transfer
13806,7957,2024-06-16 00:00:00,completed,organic_search,bank_transfer
13807,-1,2025-10-18 00:00:00,completed,email,credit_card
13808,2028,2024-11-10 00:00:00,completed,social_media,debit_card
13809,3932,2024-11-28 00:00:00,returned,organic_search,credit_card
13810,5661,2024-08-21 00:00:00,completed,email,paypal
13811,6177,2025-05-14 00:00:00,completed,paid_search,credit_card
13812,3096,2024-11-26 00:00:00,cancelled,organic_search,bank_transfer
13813,6420,2025-03-07 00:00:00,completed,direct,bank_transfer
13814,5438,2024-01-22 18:47:45,completed,social_media,bank_transfer
13815,5235,2024-03-23 00:00:00,completed,paid_search,paypal
13816,6142,2024-04-28 00:00:00,completed,email,credit_card
13817,5562,2025-01-01 00:00:00,completed,organic_search,debit_card
13818,1586,2025-10-15 05:23:17,completed,organic_search,credit_card
13819,8090,2025-11-19 00:00:00,completed,paid_search,debit_card
13820,2263,2024-09-15 00:00:00,completed,referral,paypal
13821,6881,2025-06-05 00:00:00,completed,referral,credit_card
13822,1668,2025-09-17 13:07:57,completed,social_media,paypal
13823,6123,2024-10-21 03:59:09,completed,email,bank_transfer
13824,8283,2024-12-27 00:00:00,completed,organic_search,bank_transfer
13825,96,2025-03-31 00:00:00,completed,paid_search,bank_transfer
13826,-1,2024-06-02 00:00:00,completed,email,credit_card
13827,297,2024-02-05 02:11:42,completed,social_media,bank_transfer
13828,114,2024-06-20 00:00:00,completed,paid_search,bank_transfer
13829,7933,2025-12-06 00:00:00,completed,organic_search,debit_card
13830,6554,2024-04-02 00:00:00,completed,email,debit_card
13831,1034,2024-07-27 00:00:00,completed,referral,debit_card
13832,8649,2024-11-21 03:30:20,completed,email,debit_card
13833,6218,2024-06-04 00:00:00,completed,email,debit_card
13834,1088,2024-07-28 00:00:00,completed,referral,debit_card
13835,7955,2025-11-29 00:00:00,completed,organic_search,debit_card
13836,4446,2024-01-28 00:00:00,completed,email,bank_transfer
13837,2611,2025-06-30 07:14:06,completed,social_media,paypal
13838,7632,2024-12-15 00:00:00,completed,referral,paypal
13839,6830,2025-07-14 03:07:51,completed,social_media,paypal
13840,5741,2025-05-16 05:58:46,cancelled,social_media,credit_card
13841,8315,2024-08-27 00:00:00,completed,direct,paypal
13842,7965,2025-02-11 00:00:00,completed,referral,credit_card
13843,2135,2025-07-03 00:00:00,cancelled,paid_search,credit_card
13844,8129,2025-10-19 00:00:00,returned,paid_search,bank_transfer
13845,3449,2024-12-25 00:00:00,completed,social_media,bank_transfer
13846,3987,2025-12-26 00:00:00,completed,email,debit_card
13847,8968,2025-09-18 00:00:00,completed,social_media,bank_transfer
13848,7016,2025-12-19 00:00:00,completed,social_media,debit_card
13849,2982,2025-03-24 00:00:00,completed,social_media,credit_card
13850,5986,2025-02-20 00:00:00,completed,social_media,bank_transfer
13851,4981,2025-09-09 00:00:00,completed,referral,credit_card
13852,1141,2025-11-16 00:00:00,completed,email,paypal
13853,8211,2025-12-18 08:15:17,completed,social_media,credit_card
13854,7607,2024-11-13 00:00:00,completed,social_media,bank_transfer
13855,7182,2025-05-10 00:00:00,completed,direct,debit_card
13856,5164,2024-08-16 00:00:00,completed,direct,paypal
13857,2074,2025-04-16 00:00:00,completed,organic_search,debit_card
13858,8178,2024-07-17 00:00:00,completed,social_media,paypal
13859,3253,2024-11-26 00:00:00,completed,email,credit_card
13860,205,2025-06-12 00:00:00,completed,organic_search,paypal
13861,-1,2024-06-13 21:16:47,completed,paid_search,paypal
13862,7963,2025-06-15 01:06:38,completed,organic_search,credit_card
13863,5738,2025-05-19 00:00:00,returned,social_media,bank_transfer
13864,126,2024-05-19 01:26:20,completed,direct,credit_card
13865,2146,2024-11-14 00:00:00,completed,social_media,credit_card
13866,4175,2025-04-28 00:00:00,completed,paid_search,paypal
13867,5795,2024-07-24 00:00:00,completed,social_media,paypal
13868,6550,2025-10-06 00:00:00,completed,paid_search,credit_card
13869,7295,2025-12-21 03:58:36,completed,social_media,paypal
13870,-1,2024-08-19 00:00:00,completed,organic_search,bank_transfer
13871,6076,2024-07-24 06:48:45,completed,direct,bank_transfer
13872,7507,2025-02-03 00:00:00,completed,direct,paypal
13873,6644,2025-09-04 00:00:00,completed,social_media,bank_transfer
13874,8812,2024-10-16 00:00:00,cancelled,direct,bank_transfer
13875,8093,2024-01-28 06:01:30,completed,referral,bank_transfer
13876,1607,2025-04-13 16:15:14,cancelled,direct,credit_card
13877,8744,2025-12-16 00:00:00,completed,email,debit_card
13878,1930,2024-12-18 16:56:02,completed,organic_search,credit_card
13879,-1,2025-01-02 00:00:00,completed,organic_search,paypal
13880,6495,2025-12-20 21:29:43,completed,direct,credit_card
13881,5788,2025-07-30 22:46:16,completed,email,bank_transfer
13882,3004,2025-08-16 00:00:00,completed,referral,debit_card
13883,1289,2025-04-28 00:00:00,completed,paid_search,bank_transfer
13884,1221,2025-12-22 00:00:00,completed,direct,credit_card
13885,8019,2025-07-26 00:00:00,cancelled,direct,paypal
13886,3990,2025-11-22 00:00:00,completed,paid_search,bank_transfer
13887,5173,2025-08-02 00:00:00,completed,direct,debit_card
13888,8605,2025-08-26 00:00:00,completed,referral,credit_card
13889,2402,2024-10-23 22:49:02,completed,referral,bank_transfer
13890,7053,2024-11-02 00:00:00,completed,direct,paypal
13891,4348,2025-09-26 00:00:00,completed,email,debit_card
13892,2008,2024-10-27 00:00:00,completed,social_media,bank_transfer
13893,7886,2025-04-28 11:51:57,completed,organic_search,paypal
13894,6294,2024-09-19 00:00:00,completed,email,debit_card
13895,932,2025-10-16 00:00:00,completed,direct,debit_card
13896,5005,2024-05-09 00:42:05,completed,paid_search,bank_transfer
13897,7874,2025-10-23 02:32:56,cancelled,organic_search,paypal
13898,654,2025-05-26 00:00:00,completed,referral,paypal
13899,3833,2024-07-24 00:00:00,completed,email,debit_card
13900,7465,2025-04-13 00:00:00,completed,direct,debit_card
13901,7939,2024-10-16 00:00:00,completed,organic_search,debit_card
13902,7161,2024-11-13 00:00:00,cancelled,social_media,debit_card
13903,2854,2024-11-28 00:00:00,completed,direct,paypal
13904,4693,2024-03-21 00:00:00,completed,organic_search,credit_card
13905,6854,2025-12-26 16:37:23,completed,referral,bank_transfer
13906,1471,2024-02-13 14:35:13,completed,organic_search,bank_transfer
13907,5481,2025-07-07 22:40:31,completed,direct,paypal
13908,6649,2024-08-12 00:00:00,completed,social_media,paypal
13909,7858,2025-06-25 00:00:00,returned,organic_search,bank_transfer
13910,1094,2024-12-01 00:00:00,cancelled,paid_search,credit_card
13911,3048,2025-07-15 00:00:00,completed,organic_search,paypal
13912,5004,2025-08-23 01:54:58,cancelled,social_media,credit_card
13913,6492,2025-07-27 00:00:00,cancelled,referral,paypal
13914,6746,2024-05-12 12:29:05,completed,email,bank_transfer
13915,2380,2025-03-07 00:00:00,completed,social_media,credit_card
13916,143,2024-10-14 12:27:54,completed,direct,credit_card
13917,6428,2024-02-09 00:00:00,completed,direct,bank_transfer
13918,8420,2024-12-30 00:00:00,completed,email,credit_card
13919,7388,2025-01-15 00:00:00,completed,paid_search,debit_card
13920,5735,2025-02-14 00:00:00,completed,paid_search,debit_card
13921,-1,2025-06-08 00:00:00,completed,direct,paypal
13922,3999,2024-11-04 00:00:00,completed,email,debit_card
13923,4861,2024-08-11 00:00:00,completed,referral,bank_transfer
13924,124,2024-03-18 00:00:00,completed,social_media,debit_card
13925,8730,2025-07-24 00:00:00,completed,email,credit_card
13926,5368,2025-05-02 00:00:00,completed,paid_search,credit_card
13927,3597,2024-11-27 03:41:08,returned,social_media,paypal
13928,432,2025-06-08 00:00:00,completed,social_media,bank_transfer
13929,3343,2025-04-10 02:58:24,completed,referral,debit_card
13930,35,2025-02-16 00:00:00,cancelled,email,paypal
13931,3004,2025-03-22 06:53:54,completed,paid_search,paypal
13932,8781,2025-06-18 00:00:00,completed,referral,debit_card
13933,1488,2025-07-05 00:00:00,completed,organic_search,debit_card
13934,5035,2024-10-21 00:00:00,completed,direct,credit_card
13935,1771,2024-08-06 00:00:00,completed,email,bank_transfer
13936,7239,2024-06-24 00:00:00,cancelled,referral,paypal
13937,5193,2025-06-21 00:00:00,completed,paid_search,paypal
13938,1921,2025-11-13 00:00:00,completed,organic_search,credit_card
13939,8014,2024-12-27 06:52:51,completed,paid_search,paypal
13940,7245,2024-07-06 07:58:53,completed,referral,bank_transfer
13941,8781,2025-09-09 00:00:00,completed,referral,credit_card
13942,8,2025-10-25 00:00:00,completed,email,bank_transfer
13943,4216,2025-11-16 00:00:00,cancelled,email,debit_card
13944,-1,2025-05-28 03:14:01,completed,paid_search,debit_card
13945,7507,2025-11-08 04:13:52,cancelled,email,credit_card
13946,7690,2024-01-22 00:00:00,completed,paid_search,paypal
13947,5722,2024-05-06 00:00:00,completed,direct,bank_transfer
13948,6581,2024-04-21 00:00:00,completed,social_media,bank_transfer
13949,7466,2025-11-08 00:00:00,completed,email,debit_card
13950,906,2024-03-28 00:00:00,completed,email,debit_card
13951,6420,2025-03-10 08:31:49,completed,social_media,debit_card
13952,7551,2025-02-19 00:00:00,completed,email,bank_transfer
13953,404,2024-06-11 00:00:00,completed,direct,paypal
13954,2768,2025-11-12 00:00:00,cancelled,social_media,credit_card
13955,3002,2024-07-07 00:00:00,completed,social_media,bank_transfer
13956,7904,2024-11-29 00:00:00,completed,email,paypal
13957,7209,2025-09-20 00:00:00,completed,referral,paypal
13958,6079,2024-11-02 00:00:00,completed,direct,paypal
13959,7462,2025-07-14 21:40:33,completed,email,credit_card
13960,4183,2025-10-16 00:00:00,returned,referral,credit_card
13961,8093,2025-12-07 11:59:05,cancelled,organic_search,debit_card
13962,2202,2025-11-14 00:00:00,completed,social_media,debit_card
13963,6519,2024-11-10 00:00:00,completed,paid_search,bank_transfer
13964,2277,2025-05-14 00:00:00,completed,referral,credit_card
13965,394,2024-04-05 00:00:00,completed,social_media,paypal
13966,2670,2024-09-26 00:00:00,returned,referral,paypal
13967,4553,2024-04-23 00:00:00,completed,email,credit_card
13968,7799,2024-11-08 00:00:00,completed,organic_search,credit_card
13969,4710,2025-11-14 00:00:00,completed,email,paypal
13970,1696,2024-11-26 18:49:45,returned,organic_search,credit_card
13971,-1,2025-04-27 00:00:00,completed,referral,paypal
13972,2540,2025-01-15 00:00:00,completed,direct,bank_transfer
13973,-1,2025-02-07 00:00:00,completed,referral,paypal
13974,8640,2025-12-20 00:00:00,completed,social_media,credit_card
13975,5011,2024-10-27 00:00:00,returned,social_media,debit_card
13976,902,2025-12-06 00:00:00,completed,organic_search,credit_card
13977,-1,2025-01-02 00:00:00,completed,social_media,paypal
13978,7819,2024-03-19 04:06:43,completed,social_media,credit_card
13979,4108,2025-03-05 00:00:00,completed,paid_search,debit_card
13980,2250,2025-10-14 00:00:00,cancelled,email,paypal
13981,7444,2024-04-27 00:00:00,cancelled,email,debit_card
13982,5032,2024-03-28 23:54:22,completed,social_media,paypal
13983,1877,2024-06-21 00:00:00,completed,direct,debit_card
13984,8762,2025-09-14 00:00:00,completed,social_media,credit_card
13985,8750,2025-08-19 00:00:00,completed,social_media,bank_transfer
13986,3380,2025-04-30 00:00:00,completed,email,paypal
13987,623,2025-02-15 00:00:00,completed,direct,paypal
13988,5815,2025-11-19 00:00:00,returned,social_media,paypal
13989,2944,2025-09-16 00:00:00,completed,organic_search,bank_transfer
13990,647,2025-10-13 00:00:00,cancelled,organic_search,debit_card
13991,8247,2025-10-14 00:00:00,completed,referral,credit_card
13992,-1,2025-06-23 16:33:30,completed,email,paypal
13993,3236,2025-02-06 00:00:00,completed,organic_search,credit_card
13994,6882,2025-11-09 00:00:00,completed,email,credit_card
13995,641,2025-12-04 20:28:21,completed,direct,credit_card
13996,3403,2024-03-02 00:00:00,completed,direct,paypal
13997,1062,2024-08-03 00:00:00,completed,referral,paypal
13998,543,2025-12-16 00:00:00,completed,email,debit_card
13999,5416,2024-10-12 09:32:16,returned,paid_search,credit_card
14000,7434,2025-11-13 00:00:00,completed,email,debit_card
14001,4179,2024-12-17 00:00:00,completed,direct,bank_transfer
14002,4852,2024-05-18 19:34:00,returned,direct,debit_card
14003,2541,2024-04-09 00:00:00,cancelled,organic_search,paypal
14004,6810,2024-06-23 00:00:00,completed,direct,credit_card
14005,3328,2024-09-20 00:00:00,completed,social_media,paypal
14006,658,2025-03-04 19:27:42,completed,referral,credit_card
14007,1571,2025-04-08 00:00:00,completed,referral,debit_card
14008,1245,2025-12-27 00:00:00,completed,email,credit_card
14009,4020,2025-01-22 00:00:00,completed,organic_search,bank_transfer
14010,635,2025-03-27 00:00:00,completed,referral,debit_card
14011,7471,2025-03-30 00:00:00,returned,social_media,paypal
14012,8406,2025-12-04 00:00:00,completed,organic_search,paypal
14013,2333,2025-03-27 11:14:52,completed,paid_search,paypal
14014,-1,2024-01-13 00:00:00,completed,social_media,bank_transfer
14015,4806,2024-01-03 00:00:00,returned,email,credit_card
14016,-1,2024-04-26 00:00:00,cancelled,direct,debit_card
14017,639,2024-04-30 00:00:00,completed,social_media,credit_card
14018,6181,2025-08-06 16:28:09,completed,direct,credit_card
14019,3191,2024-10-08 00:00:00,completed,organic_search,debit_card
14020,4638,2025-11-22 00:00:00,returned,direct,bank_transfer
14021,2049,2025-12-05 08:51:37,completed,organic_search,credit_card
14022,1520,2025-12-23 00:00:00,cancelled,referral,paypal
14023,2293,2025-12-09 00:00:00,completed,paid_search,bank_transfer
14024,698,2024-10-08 00:00:00,completed,organic_search,debit_card
14025,2611,2025-03-21 00:00:00,completed,social_media,paypal
14026,6404,2024-07-13 00:16:54,cancelled,social_media,debit_card
14027,6027,2025-10-10 00:00:00,completed,social_media,bank_transfer
14028,5117,2025-11-19 00:00:00,completed,email,bank_transfer
14029,6,2025-11-04 00:00:00,completed,social_media,bank_transfer
14030,1217,2025-01-15 00:00:00,completed,organic_search,bank_transfer
14031,7793,2025-09-11 00:00:00,completed,social_media,paypal
14032,2547,2024-04-26 00:00:00,completed,referral,credit_card
14033,8451,2024-02-24 00:00:00,completed,referral,paypal
14034,8091,2025-09-07 00:00:00,completed,organic_search,credit_card
14035,1492,2025-01-07 00:00:00,completed,direct,debit_card
14036,8311,2025-12-30 12:15:32,completed,social_media,debit_card
14037,5791,2024-04-26 00:00:00,completed,paid_search,paypal
14038,5810,2025-06-11 00:00:00,completed,social_media,credit_card
14039,7884,2025-02-25 00:00:00,completed,paid_search,bank_transfer
14040,3723,2025-10-22 00:00:00,completed,email,credit_card
14041,6797,2025-10-16 00:00:00,completed,direct,paypal
14042,6179,2025-11-30 00:00:00,completed,referral,paypal
14043,7120,2024-10-28 00:00:00,cancelled,paid_search,paypal
14044,6117,2025-12-13 00:00:00,completed,email,debit_card
14045,776,2024-06-19 17:17:10,completed,email,paypal
14046,2737,2024-10-04 00:00:00,cancelled,referral,credit_card
14047,8671,2025-01-13 15:15:24,completed,email,bank_transfer
14048,2100,2025-10-23 00:00:00,returned,email,paypal
14049,4366,2025-02-20 00:00:00,completed,direct,debit_card
14050,3289,2025-10-23 00:00:00,completed,referral,credit_card
14051,842,2025-08-23 00:00:00,completed,paid_search,paypal
14052,1714,2024-08-14 00:00:00,completed,direct,paypal
14053,2688,2025-12-13 00:00:00,cancelled,referral,bank_transfer
14054,4278,2024-03-19 00:00:00,completed,social_media,credit_card
14055,8091,2025-11-23 13:13:24,completed,referral,debit_card
14056,4774,2024-11-02 00:00:00,completed,organic_search,credit_card
14057,6032,2025-03-13 00:00:00,completed,email,credit_card
14058,3929,2025-04-01 00:00:00,completed,email,bank_transfer
14059,8045,2024-07-09 00:00:00,completed,organic_search,bank_transfer
14060,6138,2024-12-02 07:08:08,cancelled,organic_search,debit_card
14061,887,2024-07-30 00:00:00,completed,social_media,bank_transfer
14062,4410,2024-09-08 00:00:00,completed,email,credit_card
14063,7648,2024-07-24 00:00:00,returned,email,paypal
14064,6780,2025-05-03 00:00:00,completed,organic_search,debit_card
14065,8378,2025-10-05 00:00:00,completed,direct,credit_card
14066,2146,2025-05-02 00:00:00,completed,email,credit_card
14067,-1,2025-11-21 00:00:00,completed,organic_search,paypal
14068,2676,2025-06-19 00:00:00,completed,social_media,credit_card
14069,489,2025-07-26 00:00:00,completed,paid_search,bank_transfer
14070,4579,2025-07-11 00:00:00,completed,paid_search,debit_card
14071,1080,2025-01-30 00:00:00,completed,organic_search,paypal
14072,6311,2025-07-26 00:00:00,completed,social_media,paypal
14073,8337,2024-03-28 00:00:00,completed,referral,bank_transfer
14074,8524,2025-11-07 00:00:00,completed,paid_search,debit_card
14075,5596,2025-09-23 00:00:00,completed,email,credit_card
14076,4940,2024-09-15 00:00:00,completed,direct,debit_card
14077,-1,2025-09-16 00:00:00,completed,email,credit_card
14078,5356,2024-01-18 00:00:00,completed,referral,debit_card
14079,8583,2024-08-22 00:00:00,completed,paid_search,credit_card
14080,8480,2024-03-23 00:00:00,completed,direct,paypal
14081,2712,2025-09-24 00:00:00,returned,direct,paypal
14082,141,2025-09-09 00:00:00,completed,referral,bank_transfer
14083,4045,2025-10-14 00:00:00,completed,organic_search,paypal
14084,7966,2024-01-07 00:00:00,completed,social_media,paypal
14085,7734,2025-03-14 00:00:00,completed,direct,bank_transfer
14086,5566,2025-08-06 12:03:56,completed,email,credit_card
14087,1496,2024-06-22 00:00:00,completed,email,bank_transfer
14088,1050,2025-06-28 09:08:58,completed,referral,debit_card
14089,8810,2024-04-12 07:19:18,completed,organic_search,bank_transfer
14090,3889,2024-07-18 02:26:09,completed,paid_search,debit_card
14091,5990,2025-02-22 00:00:00,completed,organic_search,credit_card
14092,8383,2025-06-30 00:00:00,completed,direct,bank_transfer
14093,8045,2024-06-13 00:00:00,completed,email,credit_card
14094,5237,2024-07-22 00:00:00,completed,referral,credit_card
14095,4507,2024-10-08 00:00:00,completed,social_media,bank_transfer
14096,6797,2024-10-09 00:00:00,completed,social_media,credit_card
14097,3227,2024-08-30 00:00:00,cancelled,organic_search,credit_card
14098,5763,2024-12-20 02:29:46,cancelled,social_media,credit_card
14099,235,2025-01-07 00:00:00,completed,paid_search,debit_card
14100,7627,2025-01-19 00:00:00,completed,organic_search,debit_card
14101,-1,2025-09-21 00:00:00,completed,paid_search,paypal
14102,8810,2025-08-16 00:00:00,cancelled,social_media,bank_transfer
14103,3318,2024-05-25 00:00:00,completed,email,paypal
14104,4911,2024-03-05 00:00:00,completed,direct,credit_card
14105,2222,2025-11-15 00:00:00,completed,social_media,credit_card
14106,2823,2024-08-04 00:00:00,completed,paid_search,paypal
14107,4219,2024-06-15 00:00:00,returned,referral,paypal
14108,6906,2024-01-31 00:00:00,completed,social_media,debit_card
14109,181,2025-06-13 00:00:00,returned,email,paypal
14110,3623,2025-05-12 22:12:39,completed,email,bank_transfer
14111,5139,2025-12-27 00:00:00,completed,social_media,credit_card
14112,2032,2025-11-19 00:00:00,cancelled,email,bank_transfer
14113,762,2024-12-28 00:00:00,completed,email,paypal
14114,4984,2024-12-08 00:00:00,completed,social_media,debit_card
14115,5881,2024-10-28 09:10:06,completed,paid_search,credit_card
14116,5913,2024-06-19 06:53:30,completed,email,credit_card
14117,3285,2024-06-05 02:03:08,completed,paid_search,bank_transfer
14118,2231,2024-05-30 00:00:00,completed,direct,paypal
14119,2070,2024-05-12 21:06:02,completed,direct,paypal
14120,401,2024-11-09 00:00:00,completed,paid_search,debit_card
14121,1752,2024-03-11 00:00:00,completed,social_media,paypal
14122,7582,2025-12-17 00:00:00,completed,organic_search,paypal
14123,28,2025-09-05 00:00:00,completed,paid_search,credit_card
14124,425,2025-12-27 00:00:00,completed,direct,bank_transfer
14125,1230,2024-12-09 00:00:00,completed,paid_search,credit_card
14126,3878,2025-02-06 00:00:00,completed,organic_search,debit_card
14127,3090,2024-11-13 00:00:00,completed,referral,debit_card
14128,1683,2024-07-20 16:30:59,completed,paid_search,debit_card
14129,1087,2024-06-10 00:00:00,completed,direct,bank_transfer
14130,8661,2025-12-11 00:00:00,completed,paid_search,bank_transfer
14131,8443,2025-12-27 00:00:00,completed,social_media,bank_transfer
14132,7125,2024-01-03 00:00:00,completed,paid_search,paypal
14133,2371,2024-06-17 13:20:03,completed,paid_search,bank_transfer
14134,3001,2025-01-05 20:32:07,completed,paid_search,credit_card
14135,6166,2024-07-23 00:00:00,completed,organic_search,debit_card
14136,2730,2024-12-05 00:00:00,completed,organic_search,bank_transfer
14137,4907,2024-05-27 20:44:18,completed,email,debit_card
14138,-1,2025-02-05 03:18:48,completed,direct,paypal
14139,4808,2024-10-08 00:00:00,completed,social_media,debit_card
14140,3803,2024-11-29 00:00:00,completed,paid_search,credit_card
14141,3208,2024-04-23 00:00:00,completed,paid_search,debit_card
14142,7182,2025-01-10 00:00:00,returned,social_media,paypal
14143,6833,2025-12-25 00:00:00,completed,direct,paypal
14144,6444,2024-11-16 00:00:00,completed,direct,credit_card
14145,3455,2025-11-14 06:49:51,completed,social_media,bank_transfer
14146,7164,2025-10-31 00:00:00,completed,social_media,credit_card
14147,8840,2025-12-14 00:00:00,completed,referral,debit_card
14148,6390,2025-09-30 00:00:00,completed,organic_search,paypal
14149,3755,2025-05-07 00:00:00,completed,referral,paypal
14150,7380,2025-06-11 00:00:00,completed,organic_search,bank_transfer
14151,5618,2024-04-04 20:10:59,completed,social_media,paypal
14152,8117,2025-10-02 00:00:00,completed,referral,paypal
14153,6583,2025-12-28 00:00:00,completed,organic_search,paypal
14154,7110,2025-09-18 00:00:00,completed,referral,credit_card
14155,6176,2025-12-18 00:20:08,completed,social_media,bank_transfer
14156,903,2025-09-24 00:00:00,completed,organic_search,debit_card
14157,4479,2025-11-14 00:00:00,completed,organic_search,credit_card
14158,557,2025-08-07 00:00:00,cancelled,direct,paypal
14159,4135,2025-12-09 00:00:00,completed,referral,credit_card
14160,6613,2025-03-31 00:00:00,completed,social_media,bank_transfer
14161,3887,2025-04-12 00:00:00,completed,social_media,credit_card
14162,15,2025-10-21 00:00:00,returned,organic_search,credit_card
14163,3403,2025-11-01 02:52:34,completed,social_media,debit_card
14164,661,2025-07-14 00:00:00,returned,social_media,credit_card
14165,7212,2024-02-11 00:00:00,completed,social_media,bank_transfer
14166,7243,2024-02-18 00:00:00,completed,paid_search,debit_card
14167,7471,2025-12-08 00:00:00,completed,social_media,debit_card
14168,305,2025-05-14 00:00:00,completed,social_media,debit_card
14169,320,2024-10-29 11:52:49,completed,paid_search,debit_card
14170,8360,2024-06-16 00:00:00,completed,direct,debit_card
14171,1200,2025-10-23 00:00:00,completed,paid_search,debit_card
14172,6201,2025-10-27 00:00:00,cancelled,social_media,debit_card
14173,7368,2025-10-15 00:00:00,returned,organic_search,bank_transfer
14174,4138,2025-06-25 21:46:57,completed,organic_search,credit_card
14175,5045,2024-12-06 00:00:00,completed,referral,credit_card
14176,2142,2024-11-02 04:48:51,completed,organic_search,credit_card
14177,8545,2024-01-13 00:00:00,completed,direct,paypal
14178,2815,2025-10-26 00:00:00,completed,email,bank_transfer
14179,2056,2024-04-16 00:00:00,completed,paid_search,paypal
14180,4864,2025-06-14 00:00:00,cancelled,email,debit_card
14181,1809,2025-03-16 00:00:00,completed,referral,credit_card
14182,6368,2025-04-02 19:48:45,cancelled,referral,paypal
14183,4769,2025-12-05 00:00:00,completed,paid_search,bank_transfer
14184,1416,2024-02-13 00:00:00,completed,paid_search,bank_transfer
14185,657,2025-09-20 00:00:00,completed,email,credit_card
14186,1323,2024-03-09 23:42:47,completed,organic_search,paypal
14187,1323,2024-02-21 00:00:00,completed,social_media,paypal
14188,2898,2025-01-11 04:27:29,completed,email,debit_card
14189,7711,2024-03-21 00:00:00,completed,social_media,debit_card
14190,565,2025-09-30 00:00:00,completed,referral,paypal
14191,1243,2025-04-05 00:00:00,completed,organic_search,debit_card
14192,2822,2024-10-02 00:00:00,completed,paid_search,debit_card
14193,5106,2024-02-24 00:00:00,completed,paid_search,credit_card
14194,7045,2025-06-01 07:13:27,completed,organic_search,bank_transfer
14195,8522,2025-10-10 22:19:21,completed,direct,paypal
14196,3791,2025-01-19 00:00:00,completed,organic_search,bank_transfer
14197,1034,2025-04-22 00:00:00,completed,email,credit_card
14198,2014,2025-10-06 00:00:00,completed,social_media,bank_transfer
14199,2692,2025-05-31 00:00:00,completed,paid_search,bank_transfer
14200,7270,2024-08-29 00:00:00,completed,email,credit_card
14201,6368,2025-06-02 00:00:00,returned,social_media,debit_card
14202,1973,2025-06-13 00:00:00,completed,paid_search,debit_card
14203,7756,2025-08-26 00:00:00,completed,organic_search,paypal
14204,7944,2025-06-07 00:00:00,completed,paid_search,paypal
14205,8163,2025-12-20 00:00:00,completed,direct,bank_transfer
14206,2583,2024-08-03 00:00:00,completed,referral,paypal
14207,1296,2025-12-14 00:00:00,completed,paid_search,debit_card
14208,1021,2025-04-11 17:30:10,completed,social_media,debit_card
14209,3678,2025-07-14 00:00:00,completed,social_media,credit_card
14210,3961,2024-04-28 00:00:00,completed,direct,bank_transfer
14211,8035,2024-12-13 00:00:00,completed,email,credit_card
14212,2520,2025-09-17 00:00:00,completed,organic_search,debit_card
14213,5780,2025-08-07 16:57:19,completed,social_media,credit_card
14214,7295,2024-02-24 11:28:04,completed,organic_search,debit_card
14215,2534,2025-04-17 00:00:00,returned,referral,debit_card
14216,2515,2024-04-17 00:00:00,completed,email,debit_card
14217,-1,2025-12-30 00:00:00,cancelled,referral,credit_card
14218,6710,2025-11-23 00:00:00,completed,paid_search,paypal
14219,8855,2024-01-30 00:00:00,completed,paid_search,debit_card
14220,7858,2025-11-07 02:10:16,completed,email,credit_card
14221,7607,2025-12-02 07:37:53,completed,paid_search,debit_card
14222,6419,2024-11-30 00:00:00,completed,social_media,paypal
14223,1157,2025-08-16 00:00:00,completed,paid_search,paypal
14224,7492,2025-01-23 00:00:00,completed,email,debit_card
14225,8630,2025-02-07 00:00:00,completed,paid_search,credit_card
14226,3597,2024-11-22 00:00:00,completed,social_media,paypal
14227,2907,2024-12-11 00:00:00,completed,direct,paypal
14228,4832,2025-06-01 00:00:00,completed,email,credit_card
14229,8826,2024-06-13 00:00:00,cancelled,direct,debit_card
14230,497,2025-10-24 00:00:00,completed,email,debit_card
14231,6555,2024-11-27 05:50:48,completed,referral,debit_card
14232,7542,2024-12-23 01:58:13,completed,email,bank_transfer
14233,7300,2025-11-22 00:00:00,completed,direct,credit_card
14234,5235,2025-03-11 08:06:36,completed,referral,debit_card
14235,8518,2025-04-15 00:00:00,completed,referral,credit_card
14236,1304,2025-12-16 11:42:47,completed,referral,debit_card
14237,2306,2025-11-19 00:00:00,completed,referral,paypal
14238,2867,2024-06-07 00:00:00,completed,email,debit_card
14239,85,2025-02-20 00:00:00,cancelled,paid_search,bank_transfer
14240,3414,2025-12-21 00:00:00,completed,email,credit_card
14241,1526,2024-12-09 00:00:00,cancelled,social_media,bank_transfer
14242,6696,2024-12-08 02:39:35,returned,social_media,paypal
14243,3820,2024-08-01 00:00:00,cancelled,email,paypal
14244,6519,2024-05-13 02:57:44,cancelled,direct,bank_transfer
14245,2746,2025-08-30 22:24:10,returned,organic_search,credit_card
14246,1280,2025-09-18 21:18:15,completed,social_media,debit_card
14247,1281,2025-12-20 00:00:00,completed,referral,paypal
14248,1922,2025-09-20 00:00:00,completed,organic_search,debit_card
14249,1128,2024-09-14 00:00:00,completed,organic_search,paypal
14250,2072,2024-02-24 00:00:00,completed,email,debit_card
14251,5356,2025-12-26 15:31:59,completed,email,bank_transfer
14252,2410,2024-11-22 16:14:07,completed,social_media,paypal
14253,3166,2024-11-06 00:00:00,completed,email,bank_transfer
14254,516,2025-11-26 00:00:00,cancelled,paid_search,bank_transfer
14255,8251,2025-05-13 00:00:00,completed,referral,bank_transfer
14256,1330,2024-08-19 00:00:00,completed,referral,credit_card
14257,3217,2025-11-20 00:00:00,completed,paid_search,paypal
14258,3501,2025-12-29 00:00:00,completed,organic_search,debit_card
14259,7127,2024-04-15 00:00:00,completed,paid_search,credit_card
14260,4471,2025-11-08 13:24:23,completed,direct,bank_transfer
14261,3534,2024-12-18 00:00:00,completed,paid_search,bank_transfer
14262,6441,2025-03-31 07:30:33,completed,email,paypal
14263,5505,2025-11-30 00:00:00,cancelled,organic_search,debit_card
14264,760,2025-12-22 08:49:02,completed,organic_search,bank_transfer
14265,2897,2024-09-30 00:00:00,completed,paid_search,paypal
14266,-1,2024-08-18 10:53:30,completed,paid_search,credit_card
14267,4471,2024-04-09 15:46:46,cancelled,organic_search,paypal
14268,3915,2025-04-27 00:00:00,completed,paid_search,bank_transfer
14269,1438,2024-01-20 00:00:00,completed,direct,debit_card
14270,7760,2024-12-28 00:00:00,completed,paid_search,credit_card
14271,1292,2024-04-01 00:00:00,completed,social_media,paypal
14272,1025,2024-12-25 00:00:00,completed,direct,paypal
14273,4043,2024-02-24 02:38:47,completed,referral,credit_card
14274,4026,2025-10-27 00:00:00,completed,social_media,debit_card
14275,-1,2024-08-15 00:00:00,completed,paid_search,credit_card
14276,1236,2024-11-16 00:00:00,cancelled,organic_search,debit_card
14277,4471,2025-12-11 00:00:00,completed,social_media,debit_card
14278,1910,2025-09-03 00:00:00,completed,referral,bank_transfer
14279,6496,2024-08-23 00:00:00,completed,social_media,credit_card
14280,3602,2024-03-31 00:00:00,completed,organic_search,credit_card
14281,5994,2025-08-13 03:40:59,completed,organic_search,bank_transfer
14282,3124,2024-12-18 00:00:00,completed,direct,debit_card
14283,5215,2025-09-15 07:05:16,cancelled,referral,debit_card
14284,4332,2025-01-26 00:00:00,returned,direct,bank_transfer
14285,3452,2024-11-25 00:00:00,completed,email,debit_card
14286,4964,2025-01-31 00:00:00,completed,paid_search,paypal
14287,3542,2025-09-04 00:00:00,completed,organic_search,paypal
14288,7469,2025-11-25 00:00:00,completed,paid_search,paypal
14289,4576,2024-03-06 00:00:00,completed,organic_search,credit_card
14290,8356,2025-03-31 00:00:00,completed,organic_search,bank_transfer
14291,2094,2024-02-14 00:00:00,completed,direct,bank_transfer
14292,1100,2025-02-15 00:00:00,cancelled,paid_search,paypal
14293,3515,2025-11-18 00:00:00,completed,referral,bank_transfer
14294,1744,2024-12-04 00:00:00,completed,email,paypal
14295,3618,2025-12-07 00:00:00,completed,organic_search,paypal
14296,1960,2025-06-14 00:00:00,completed,organic_search,bank_transfer
14297,8035,2025-12-07 07:50:42,completed,paid_search,debit_card
14298,5248,2025-10-09 00:00:00,completed,direct,bank_transfer
14299,4593,2024-02-05 00:00:00,completed,organic_search,credit_card
14300,7288,2024-09-03 16:27:02,completed,email,credit_card
14301,1264,2024-12-20 00:00:00,completed,referral,paypal
14302,7927,2024-07-07 00:00:00,completed,email,credit_card
14303,4471,2025-03-09 00:00:00,cancelled,paid_search,credit_card
14304,1322,2025-02-18 13:23:14,completed,organic_search,debit_card
14305,7586,2025-12-15 00:00:00,completed,referral,paypal
14306,4253,2025-01-15 00:00:00,cancelled,social_media,bank_transfer
14307,5573,2025-09-28 05:50:45,completed,social_media,bank_transfer
14308,8262,2025-12-10 00:00:00,cancelled,organic_search,paypal
14309,8236,2025-11-15 00:00:00,completed,organic_search,credit_card
14310,8256,2024-08-14 21:51:14,completed,referral,paypal
14311,3841,2025-03-10 00:00:00,completed,organic_search,paypal
14312,6927,2024-11-26 00:00:00,completed,referral,debit_card
14313,2196,2024-12-22 22:37:19,completed,social_media,paypal
14314,7689,2024-03-12 00:00:00,cancelled,organic_search,paypal
14315,3158,2025-10-22 00:00:00,cancelled,email,bank_transfer
14316,4284,2025-01-02 00:00:00,completed,direct,paypal
14317,8243,2025-03-31 00:00:00,completed,paid_search,bank_transfer
14318,7468,2025-12-25 20:55:38,completed,direct,credit_card
14319,8786,2024-03-18 00:00:00,returned,email,credit_card
14320,3350,2025-03-04 00:00:00,completed,social_media,bank_transfer
14321,1452,2025-09-20 00:00:00,completed,referral,bank_transfer
14322,8434,2024-06-18 00:00:00,completed,direct,credit_card
14323,4556,2025-01-06 00:00:00,completed,paid_search,debit_card
14324,8225,2024-09-11 12:49:45,completed,direct,bank_transfer
14325,6765,2025-11-10 00:00:00,completed,organic_search,credit_card
14326,8093,2024-11-15 00:00:00,completed,referral,credit_card
14327,6061,2024-11-16 00:00:00,completed,paid_search,bank_transfer
14328,7518,2025-05-23 00:00:00,returned,social_media,paypal
14329,1175,2024-07-21 00:00:00,completed,email,paypal
14330,8938,2024-10-18 00:00:00,completed,organic_search,credit_card
14331,1712,2024-12-31 00:00:00,cancelled,direct,paypal
14332,250,2024-11-30 00:00:00,returned,paid_search,bank_transfer
14333,4908,2025-04-01 19:43:27,returned,referral,debit_card
14334,6579,2025-05-24 00:00:00,completed,organic_search,credit_card
14335,6613,2025-05-01 02:15:37,completed,organic_search,debit_card
14336,3134,2025-07-01 03:53:17,completed,paid_search,bank_transfer
14337,6968,2024-11-04 00:00:00,completed,direct,paypal
14338,7790,2024-05-25 00:00:00,completed,email,debit_card
14339,5625,2025-09-12 00:00:00,completed,email,credit_card
14340,3556,2025-11-04 08:45:30,completed,paid_search,debit_card
14341,5660,2024-09-26 00:00:00,completed,email,bank_transfer
14342,7975,2024-12-26 00:00:00,returned,direct,paypal
14343,8336,2025-03-12 00:00:00,completed,social_media,credit_card
14344,313,2025-04-07 00:00:00,returned,referral,credit_card
14345,1191,2025-05-07 00:00:00,completed,email,credit_card
14346,46,2024-02-26 00:00:00,completed,organic_search,bank_transfer
14347,4550,2025-08-17 00:00:00,cancelled,organic_search,paypal
14348,4025,2024-03-20 00:00:00,completed,referral,debit_card
14349,5039,2025-02-15 00:00:00,completed,paid_search,paypal
14350,6336,2025-10-22 00:00:00,completed,referral,bank_transfer
14351,3370,2025-01-31 00:00:00,completed,direct,debit_card
14352,1970,2024-06-16 00:00:00,completed,direct,bank_transfer
14353,3633,2025-12-26 00:00:00,cancelled,referral,debit_card
14354,88,2025-11-20 00:00:00,completed,social_media,bank_transfer
14355,7671,2025-09-19 00:00:00,completed,direct,bank_transfer
14356,3542,2024-12-28 00:00:00,completed,referral,debit_card
14357,5739,2024-07-21 00:00:00,completed,referral,bank_transfer
14358,3008,2025-12-10 00:00:00,completed,organic_search,credit_card
14359,5668,2025-04-06 00:00:00,completed,organic_search,credit_card
14360,4991,2025-11-04 13:43:46,completed,paid_search,paypal
14361,1970,2024-11-23 00:00:00,completed,email,debit_card
14362,5763,2024-11-19 00:00:00,completed,referral,bank_transfer
14363,1071,2025-12-26 00:00:00,completed,referral,credit_card
14364,4448,2025-03-30 00:00:00,completed,paid_search,credit_card
14365,6644,2024-06-08 00:00:00,completed,direct,paypal
14366,5064,2024-08-24 00:00:00,completed,referral,bank_transfer
14367,6898,2025-02-27 00:00:00,completed,email,bank_transfer
14368,2561,2024-02-27 00:00:00,completed,social_media,bank_transfer
14369,480,2025-02-10 00:00:00,completed,paid_search,credit_card
14370,550,2025-01-01 00:00:00,completed,referral,debit_card
14371,2530,2025-09-24 04:07:17,completed,organic_search,debit_card
14372,3753,2024-11-30 00:00:00,cancelled,organic_search,bank_transfer
14373,4964,2025-12-25 02:59:08,completed,paid_search,bank_transfer
14374,6999,2024-07-18 18:38:09,completed,organic_search,debit_card
14375,7765,2025-05-18 16:40:29,completed,organic_search,bank_transfer
14376,6428,2024-04-18 00:00:00,completed,social_media,credit_card
14377,4277,2025-08-26 00:00:00,completed,social_media,credit_card
14378,-1,2025-12-30 00:00:00,completed,social_media,bank_transfer
14379,3948,2025-10-17 00:00:00,completed,email,bank_transfer
14380,2565,2025-04-23 00:00:00,completed,paid_search,debit_card
14381,5756,2025-03-01 13:29:14,completed,direct,credit_card
14382,7578,2025-10-27 08:38:29,completed,paid_search,debit_card
14383,4800,2025-08-12 00:00:00,cancelled,social_media,bank_transfer
14384,445,2025-12-28 00:00:00,cancelled,referral,credit_card
14385,8669,2024-12-21 00:00:00,completed,email,credit_card
14386,2748,2025-12-28 00:00:00,cancelled,email,credit_card
14387,8466,2024-06-23 00:00:00,completed,social_media,debit_card
14388,7524,2024-09-23 00:00:00,completed,direct,credit_card
14389,3802,2024-04-17 00:00:00,completed,direct,debit_card
14390,559,2024-08-10 00:00:00,completed,referral,credit_card
14391,8745,2025-09-16 00:00:00,completed,email,debit_card
14392,6109,2025-04-11 00:00:00,completed,email,credit_card
14393,2346,2025-09-23 00:00:00,completed,referral,debit_card
14394,4929,2025-06-15 00:00:00,completed,organic_search,credit_card
14395,5859,2025-03-24 00:00:00,completed,email,credit_card
14396,2133,2025-08-09 00:00:00,completed,email,debit_card
14397,916,2024-12-18 00:00:00,completed,direct,debit_card
14398,2518,2025-10-30 17:47:57,completed,email,bank_transfer
14399,465,2025-07-18 00:00:00,completed,direct,debit_card
14400,686,2025-08-01 00:00:00,completed,social_media,paypal
14401,1496,2025-04-09 00:00:00,completed,email,bank_transfer
14402,1501,2025-11-18 00:00:00,completed,paid_search,paypal
14403,2328,2024-09-21 00:00:00,cancelled,paid_search,debit_card
14404,8649,2024-12-13 00:00:00,completed,paid_search,bank_transfer
14405,5324,2025-09-22 23:23:50,completed,referral,debit_card
14406,3902,2025-03-08 00:00:00,completed,organic_search,bank_transfer
14407,5210,2025-11-20 00:00:00,completed,direct,credit_card
14408,56,2024-11-25 00:00:00,completed,paid_search,credit_card
14409,8273,2024-12-07 00:00:00,completed,referral,paypal
14410,4919,2025-11-19 00:00:00,completed,direct,credit_card
14411,4170,2025-12-02 00:00:00,completed,email,debit_card
14412,8685,2025-03-25 00:00:00,completed,direct,paypal
14413,6749,2024-11-18 00:00:00,completed,social_media,bank_transfer
14414,3116,2024-10-12 00:00:00,completed,paid_search,debit_card
14415,8638,2025-07-02 09:17:33,completed,organic_search,debit_card
14416,7876,2024-05-18 00:00:00,completed,direct,debit_card
14417,8808,2025-11-15 00:00:00,completed,organic_search,debit_card
14418,943,2025-09-23 00:00:00,completed,referral,credit_card
14419,8817,2024-07-28 00:00:00,completed,direct,bank_transfer
14420,5016,2025-07-29 17:34:06,completed,organic_search,credit_card
14421,6221,2025-05-25 00:00:00,completed,social_media,bank_transfer
14422,2004,2024-07-21 00:00:00,completed,direct,bank_transfer
14423,1350,2024-09-10 00:00:00,completed,paid_search,credit_card
14424,771,2024-12-27 00:00:00,completed,direct,credit_card
14425,3899,2025-08-02 00:00:00,completed,social_media,debit_card
14426,2080,2025-06-20 00:00:00,completed,email,bank_transfer
14427,795,2025-04-06 00:00:00,completed,email,debit_card
14428,8814,2025-09-17 00:00:00,completed,referral,paypal
14429,6777,2025-10-09 00:00:00,cancelled,paid_search,bank_transfer
14430,4798,2025-06-05 00:00:00,completed,paid_search,credit_card
14431,6876,2025-09-28 00:00:00,completed,social_media,credit_card
14432,5638,2024-11-19 00:00:00,completed,referral,debit_card
14433,1684,2025-11-16 00:00:00,completed,paid_search,credit_card
14434,5841,2025-03-06 00:00:00,completed,organic_search,bank_transfer
14435,6308,2025-10-19 00:00:00,completed,email,bank_transfer
14436,2232,2025-04-16 00:00:00,cancelled,organic_search,paypal
14437,2973,2024-08-23 00:00:00,returned,email,paypal
14438,3538,2025-04-13 07:53:15,completed,social_media,credit_card
14439,5554,2024-12-08 00:00:00,cancelled,organic_search,paypal
14440,1228,2025-08-01 09:30:09,completed,organic_search,credit_card
14441,6878,2025-02-22 09:45:58,completed,email,debit_card
14442,3194,2025-10-27 00:00:00,returned,email,paypal
14443,6419,2025-07-18 00:00:00,completed,organic_search,bank_transfer
14444,8613,2025-07-23 00:00:00,completed,referral,credit_card
14445,8045,2024-08-22 00:00:00,completed,referral,debit_card
14446,6823,2025-12-26 00:00:00,cancelled,paid_search,credit_card
14447,1837,2025-10-31 00:00:00,completed,organic_search,credit_card
14448,6765,2025-09-30 00:00:00,completed,referral,debit_card
14449,5859,2024-11-17 00:00:00,completed,paid_search,debit_card
14450,7132,2025-04-09 00:00:00,completed,social_media,bank_transfer
14451,8039,2024-04-06 00:00:00,completed,direct,debit_card
14452,2892,2025-04-11 19:23:27,completed,email,paypal
14453,5947,2024-06-13 00:00:00,completed,social_media,debit_card
14454,2585,2025-04-21 22:26:04,completed,referral,paypal
14455,3196,2025-06-27 00:00:00,completed,email,paypal
14456,4818,2024-12-18 00:00:00,completed,direct,debit_card
14457,4005,2025-03-12 00:00:00,completed,referral,debit_card
14458,5539,2025-11-14 00:00:00,completed,email,paypal
14459,7006,2024-05-07 00:00:00,completed,paid_search,debit_card
14460,5578,2025-10-01 08:03:20,completed,social_media,bank_transfer
14461,8953,2024-08-07 00:00:00,completed,social_media,credit_card
14462,6829,2024-02-19 10:31:01,completed,organic_search,bank_transfer
14463,-1,2024-07-22 00:00:00,completed,email,credit_card
14464,6877,2025-09-15 00:00:00,completed,paid_search,paypal
14465,4703,2024-12-25 00:00:00,completed,organic_search,credit_card
14466,3779,2025-11-13 00:00:00,completed,direct,debit_card
14467,6802,2025-04-01 00:00:00,completed,direct,paypal
14468,6372,2024-01-02 00:00:00,completed,referral,bank_transfer
14469,6188,2025-08-14 00:00:00,cancelled,organic_search,paypal
14470,6665,2024-05-09 00:00:00,completed,direct,paypal
14471,8063,2025-09-30 00:00:00,completed,direct,debit_card
14472,2147,2024-05-07 00:00:00,completed,email,credit_card
14473,5217,2024-11-25 00:00:00,completed,social_media,debit_card
14474,5561,2025-12-09 00:00:00,completed,organic_search,paypal
14475,2738,2025-12-15 00:00:00,completed,social_media,bank_transfer
14476,-1,2024-08-12 00:00:00,completed,paid_search,debit_card
14477,7263,2025-10-23 21:17:06,completed,paid_search,debit_card
14478,2981,2024-07-28 00:00:00,completed,paid_search,debit_card
14479,3301,2025-10-10 16:10:35,completed,email,credit_card
14480,6631,2025-07-03 00:00:00,completed,social_media,paypal
14481,115,2024-07-30 00:00:00,completed,direct,debit_card
14482,4286,2024-01-11 00:00:00,completed,paid_search,debit_card
14483,3168,2024-05-30 00:00:00,completed,email,debit_card
14484,7896,2024-12-14 00:00:00,completed,email,credit_card
14485,7327,2024-08-09 00:00:00,completed,paid_search,debit_card
14486,3075,2025-06-24 06:54:37,returned,direct,paypal
14487,8000,2025-12-29 00:00:00,completed,referral,paypal
14488,8463,2024-01-17 00:00:00,completed,organic_search,bank_transfer
14489,5095,2025-04-13 02:18:20,completed,social_media,credit_card
14490,1510,2025-05-06 00:40:12,completed,social_media,paypal
14491,7114,2025-11-30 00:00:00,completed,email,paypal
14492,2966,2025-03-18 00:00:00,completed,paid_search,credit_card
14493,4881,2025-04-14 16:31:24,completed,direct,credit_card
14494,442,2025-02-18 00:00:00,completed,paid_search,bank_transfer
14495,4620,2024-10-05 00:00:00,completed,social_media,credit_card
14496,3509,2024-03-13 00:00:00,completed,email,paypal
14497,6362,2024-12-27 00:00:00,completed,direct,bank_transfer
14498,403,2024-03-09 00:00:00,returned,direct,debit_card
14499,5761,2025-04-19 00:00:00,completed,referral,bank_transfer
14500,7126,2024-11-04 00:00:00,completed,organic_search,bank_transfer
14501,129,2025-07-04 00:00:00,completed,paid_search,paypal
14502,6931,2024-06-01 17:22:04,completed,email,bank_transfer
14503,1263,2025-07-12 00:00:00,completed,organic_search,paypal
14504,6460,2025-11-22 00:00:00,completed,referral,paypal
14505,4202,2024-07-27 00:00:00,completed,email,credit_card
14506,5090,2024-11-24 00:00:00,completed,organic_search,bank_transfer
14507,3116,2025-06-02 23:37:45,completed,social_media,bank_transfer
14508,2309,2024-04-24 00:00:00,completed,email,paypal
14509,696,2024-11-30 00:00:00,completed,social_media,credit_card
14510,7999,2024-09-21 19:29:46,completed,referral,paypal
14511,5629,2025-11-30 03:22:57,completed,paid_search,bank_transfer
14512,-1,2025-04-11 00:00:00,completed,email,bank_transfer
14513,7864,2025-10-05 00:00:00,completed,paid_search,bank_transfer
14514,8045,2025-03-29 00:00:00,completed,referral,bank_transfer
14515,-1,2025-06-12 00:00:00,completed,email,bank_transfer
14516,786,2025-07-12 00:00:00,completed,referral,credit_card
14517,8461,2025-12-20 00:00:00,completed,referral,bank_transfer
14518,1151,2024-05-24 00:00:00,returned,email,debit_card
14519,4789,2024-06-28 00:00:00,returned,social_media,paypal
14520,7926,2025-07-17 00:00:00,completed,organic_search,credit_card
14521,4367,2025-04-13 00:00:00,completed,email,paypal
14522,1572,2024-01-26 00:00:00,completed,organic_search,credit_card
14523,3439,2024-03-20 00:00:00,completed,social_media,credit_card
14524,-1,2025-11-19 00:00:00,completed,referral,paypal
14525,-1,2025-11-11 00:00:00,completed,direct,credit_card
14526,6578,2024-01-12 00:00:00,completed,email,bank_transfer
14527,8213,2025-11-20 00:00:00,completed,referral,debit_card
14528,428,2025-05-19 00:00:00,completed,social_media,debit_card
14529,2594,2025-10-10 00:00:00,completed,social_media,debit_card
14530,3400,2025-09-01 00:00:00,completed,referral,bank_transfer
14531,121,2024-05-12 00:00:00,completed,email,credit_card
14532,3475,2025-01-15 00:00:00,completed,organic_search,credit_card
14533,909,2025-02-06 00:00:00,completed,paid_search,debit_card
14534,4792,2025-04-20 23:57:38,completed,social_media,bank_transfer
14535,44,2024-05-04 00:00:00,completed,organic_search,debit_card
14536,2541,2025-12-28 00:00:00,completed,organic_search,paypal
14537,8015,2024-09-15 00:00:00,completed,paid_search,credit_card
14538,2011,2024-08-04 09:30:07,completed,organic_search,debit_card
14539,630,2025-04-02 00:00:00,completed,social_media,bank_transfer
14540,2347,2025-04-10 00:00:00,completed,direct,paypal
14541,7652,2025-01-21 00:00:00,completed,paid_search,paypal
14542,5399,2025-09-19 00:00:00,completed,referral,bank_transfer
14543,5389,2025-03-26 00:00:00,completed,organic_search,bank_transfer
14544,7,2025-05-30 00:00:00,completed,direct,bank_transfer
14545,4364,2025-08-19 00:00:00,completed,social_media,credit_card
14546,2501,2024-04-02 00:00:00,completed,referral,paypal
14547,3103,2025-03-05 00:00:00,completed,email,bank_transfer
14548,5520,2025-11-17 00:00:00,completed,direct,paypal
14549,8089,2024-01-25 11:35:02,completed,referral,paypal
14550,1719,2024-12-25 00:00:00,completed,paid_search,debit_card
14551,7093,2025-04-12 00:00:00,cancelled,email,paypal
14552,481,2024-11-29 00:00:00,completed,organic_search,bank_transfer
14553,3023,2025-02-07 00:00:00,completed,social_media,credit_card
14554,2060,2025-12-25 06:56:25,completed,paid_search,credit_card
14555,8467,2024-05-08 00:00:00,completed,paid_search,paypal
14556,1684,2024-03-24 00:00:00,completed,referral,debit_card
14557,5354,2025-07-11 00:00:00,completed,organic_search,credit_card
14558,-1,2025-11-11 00:00:00,completed,social_media,credit_card
14559,4376,2025-02-18 00:00:00,completed,referral,credit_card
14560,3804,2025-03-24 00:00:00,completed,social_media,bank_transfer
14561,409,2025-10-27 02:45:06,cancelled,paid_search,paypal
14562,7641,2025-08-29 00:00:00,completed,organic_search,bank_transfer
14563,7206,2024-10-02 00:00:00,completed,social_media,paypal
14564,2609,2024-01-24 00:00:00,completed,organic_search,paypal
14565,5664,2025-02-25 00:00:00,completed,paid_search,bank_transfer
14566,3343,2025-11-07 00:00:00,returned,direct,credit_card
14567,7103,2025-11-22 21:22:24,completed,direct,credit_card
14568,6420,2025-12-15 00:00:00,completed,social_media,bank_transfer
14569,885,2025-11-16 11:23:06,completed,paid_search,debit_card
14570,7804,2025-05-10 00:00:00,completed,paid_search,debit_card
14571,1697,2025-01-25 00:00:00,completed,direct,debit_card
14572,1649,2025-09-21 00:00:00,completed,referral,bank_transfer
14573,6781,2025-08-30 00:00:00,completed,direct,paypal
14574,1740,2025-04-11 00:00:00,completed,direct,debit_card
14575,1191,2024-04-16 00:00:00,completed,referral,paypal
14576,3103,2025-12-04 15:59:53,completed,email,credit_card
14577,7756,2025-02-04 00:00:00,completed,social_media,debit_card
14578,1671,2024-04-12 00:00:00,completed,email,credit_card
14579,3132,2025-06-14 05:44:54,completed,direct,bank_transfer
14580,2682,2025-07-15 00:00:00,completed,social_media,bank_transfer
14581,3284,2024-08-16 00:00:00,completed,email,paypal
14582,6592,2025-10-28 00:00:00,completed,paid_search,bank_transfer
14583,3728,2024-10-22 00:00:00,returned,paid_search,paypal
14584,7014,2024-07-24 00:00:00,completed,paid_search,bank_transfer
14585,5907,2024-12-26 00:00:00,completed,direct,credit_card
14586,3328,2025-08-23 00:00:00,returned,referral,debit_card
14587,3989,2025-12-19 00:00:00,completed,email,debit_card
14588,6514,2025-10-12 00:00:00,completed,referral,credit_card
14589,4938,2025-10-12 00:00:00,completed,referral,paypal
14590,8036,2024-06-08 00:00:00,completed,paid_search,bank_transfer
14591,8613,2024-03-30 00:00:00,completed,referral,debit_card
14592,6626,2025-04-24 00:00:00,completed,paid_search,paypal
14593,-1,2024-10-22 00:00:00,completed,paid_search,credit_card
14594,5499,2025-10-23 00:00:00,cancelled,social_media,credit_card
14595,394,2025-07-14 22:30:39,cancelled,email,bank_transfer
14596,-1,2025-12-21 00:00:00,completed,organic_search,bank_transfer
14597,2166,2024-09-24 11:21:24,completed,social_media,credit_card
14598,3090,2025-03-02 04:54:37,completed,direct,credit_card
14599,4526,2025-03-14 00:00:00,completed,email,debit_card
14600,2751,2024-09-10 00:00:00,completed,referral,bank_transfer
14601,2890,2025-05-17 00:00:00,completed,paid_search,debit_card
14602,3696,2025-01-24 17:23:55,completed,organic_search,debit_card
14603,2685,2025-01-27 00:00:00,completed,direct,bank_transfer
14604,1609,2024-04-12 00:00:00,completed,social_media,credit_card
14605,7066,2024-01-24 00:00:00,completed,paid_search,paypal
14606,3633,2025-03-30 03:22:44,completed,direct,paypal
14607,7696,2024-11-19 00:00:00,completed,referral,debit_card
14608,8166,2024-02-01 00:00:00,completed,referral,credit_card
14609,6940,2024-04-11 00:00:00,completed,social_media,credit_card
14610,3644,2024-10-13 00:00:00,cancelled,email,credit_card
14611,6659,2024-12-19 08:13:00,completed,organic_search,paypal
14612,1496,2024-05-30 00:00:00,completed,social_media,debit_card
14613,6124,2025-03-19 00:00:00,completed,organic_search,debit_card
14614,3734,2025-07-28 00:00:00,completed,email,bank_transfer
14615,6071,2025-06-14 00:00:00,completed,organic_search,paypal
14616,6976,2025-08-10 00:00:00,completed,direct,debit_card
14617,5197,2025-02-01 00:00:00,completed,social_media,paypal
14618,5930,2025-03-28 00:00:00,completed,email,credit_card
14619,2015,2025-10-12 00:00:00,completed,direct,bank_transfer
14620,5460,2025-09-01 00:00:00,completed,paid_search,credit_card
14621,4249,2025-04-08 00:00:00,completed,email,bank_transfer
14622,3950,2025-01-16 22:44:00,completed,organic_search,credit_card
14623,3772,2024-12-31 18:47:06,completed,paid_search,paypal
14624,2890,2025-12-09 00:00:00,cancelled,social_media,debit_card
14625,2849,2024-07-12 00:00:00,completed,paid_search,paypal
14626,6477,2024-11-21 00:00:00,completed,direct,credit_card
14627,5149,2024-08-28 00:00:00,completed,paid_search,bank_transfer
14628,300,2024-02-12 00:00:00,completed,direct,bank_transfer
14629,477,2024-09-03 00:00:00,completed,email,debit_card
14630,5272,2025-05-10 00:00:00,completed,paid_search,debit_card
14631,7826,2025-10-05 00:00:00,returned,referral,debit_card
14632,426,2025-09-28 00:00:00,completed,email,debit_card
14633,4696,2024-12-05 00:00:00,completed,paid_search,credit_card
14634,7869,2025-12-27 00:00:00,completed,social_media,paypal
14635,45,2025-05-19 15:19:22,cancelled,email,paypal
14636,2592,2024-12-22 13:15:24,completed,email,paypal
14637,8512,2025-10-27 00:00:00,completed,social_media,credit_card
14638,793,2025-08-23 00:00:00,completed,referral,credit_card
14639,5595,2025-09-05 00:00:00,completed,social_media,credit_card
14640,4697,2024-08-02 00:00:00,cancelled,email,credit_card
14641,1458,2025-02-15 00:00:00,completed,referral,paypal
14642,419,2025-08-11 00:00:00,returned,paid_search,bank_transfer
14643,4646,2025-03-16 00:00:00,completed,direct,credit_card
14644,6796,2025-07-22 00:00:00,completed,email,debit_card
14645,1676,2025-05-16 19:04:02,completed,email,credit_card
14646,6416,2025-10-31 00:00:00,completed,organic_search,credit_card
14647,5044,2024-10-18 20:53:14,cancelled,social_media,bank_transfer
14648,3293,2025-07-05 00:00:00,returned,referral,credit_card
14649,6157,2024-05-21 00:00:00,completed,social_media,debit_card
14650,1822,2025-07-27 00:00:00,completed,social_media,paypal
14651,4215,2025-08-24 00:00:00,returned,direct,debit_card
14652,5064,2024-02-27 02:21:35,completed,email,credit_card
14653,4231,2025-07-17 00:00:00,completed,direct,debit_card
14654,3649,2024-12-30 00:00:00,cancelled,social_media,debit_card
14655,6850,2024-05-22 00:00:00,returned,social_media,paypal
14656,6076,2025-02-01 00:00:00,completed,email,debit_card
14657,5897,2024-07-31 08:38:30,returned,email,paypal
14658,8247,2024-12-30 00:00:00,completed,organic_search,credit_card
14659,-1,2024-12-15 14:11:24,completed,referral,credit_card
14660,5240,2025-08-29 00:00:00,completed,email,debit_card
14661,3212,2025-09-20 00:00:00,completed,paid_search,debit_card
14662,7193,2025-05-29 00:00:00,completed,referral,debit_card
14663,1366,2024-02-01 00:00:00,cancelled,referral,bank_transfer
14664,4745,2025-12-06 23:01:07,completed,social_media,paypal
14665,4855,2025-07-24 00:00:00,completed,direct,debit_card
14666,-1,2024-02-16 00:00:00,completed,direct,credit_card
14667,-1,2025-10-17 00:00:00,completed,direct,credit_card
14668,7405,2024-08-06 00:00:00,completed,organic_search,debit_card
14669,4371,2025-10-05 00:00:00,completed,social_media,paypal
14670,5050,2025-02-14 08:36:25,completed,organic_search,debit_card
14671,2969,2025-01-02 00:00:00,completed,social_media,credit_card
14672,7675,2025-11-20 05:57:14,completed,email,debit_card
14673,6899,2025-01-18 00:00:00,completed,social_media,paypal
14674,7119,2024-04-03 00:00:00,completed,social_media,credit_card
14675,1336,2025-12-12 21:13:27,completed,direct,debit_card
14676,3662,2025-12-02 00:00:00,cancelled,social_media,debit_card
14677,4962,2025-07-23 21:18:02,completed,direct,paypal
14678,1208,2025-02-15 00:00:00,completed,referral,bank_transfer
14679,3397,2024-04-21 00:00:00,completed,organic_search,credit_card
14680,854,2025-10-01 04:17:59,completed,referral,debit_card
14681,8849,2024-04-04 00:00:00,completed,paid_search,credit_card
14682,6943,2024-03-27 00:00:00,completed,paid_search,credit_card
14683,5720,2025-10-04 00:00:00,completed,email,bank_transfer
14684,1936,2024-06-27 13:59:11,returned,email,debit_card
14685,3094,2024-12-01 00:00:00,completed,email,debit_card
14686,1385,2025-05-01 00:00:00,completed,social_media,debit_card
14687,4949,2024-06-04 00:00:00,completed,direct,credit_card
14688,7596,2024-06-28 00:00:00,completed,direct,credit_card
14689,194,2024-05-04 00:00:00,completed,direct,bank_transfer
14690,1017,2024-10-08 00:00:00,completed,referral,debit_card
14691,2162,2025-08-13 00:00:00,completed,email,debit_card
14692,6591,2025-11-10 00:00:00,completed,email,paypal
14693,8266,2025-01-02 00:00:00,completed,direct,paypal
14694,6958,2025-03-18 00:00:00,returned,social_media,credit_card
14695,4861,2024-02-14 00:00:00,completed,organic_search,credit_card
14696,1026,2024-03-28 00:00:00,completed,direct,bank_transfer
14697,6977,2024-09-26 00:00:00,completed,referral,paypal
14698,1032,2025-04-15 00:00:00,completed,direct,debit_card
14699,3208,2025-08-29 00:00:00,cancelled,email,credit_card
14700,2879,2025-05-27 00:23:36,completed,organic_search,bank_transfer
14701,3310,2024-12-19 00:00:00,completed,direct,credit_card
14702,3046,2024-05-17 00:00:00,cancelled,referral,debit_card
14703,7103,2025-09-24 00:00:00,completed,referral,paypal
14704,1628,2024-12-05 00:00:00,completed,email,paypal
14705,7820,2025-08-27 00:00:00,completed,email,credit_card
14706,7939,2025-03-23 16:20:51,completed,email,bank_transfer
14707,4536,2025-08-29 07:58:18,returned,paid_search,bank_transfer
14708,1037,2025-11-27 00:00:00,completed,paid_search,bank_transfer
14709,5321,2025-12-02 17:04:54,completed,direct,debit_card
14710,7600,2025-04-08 00:00:00,completed,organic_search,credit_card
14711,2711,2025-03-22 00:00:00,completed,referral,bank_transfer
14712,7746,2024-10-03 00:00:00,cancelled,paid_search,paypal
14713,6259,2025-12-08 20:58:49,completed,organic_search,paypal
14714,-1,2025-02-06 10:51:42,completed,email,debit_card
14715,7630,2024-05-26 00:00:00,completed,direct,debit_card
14716,1912,2025-01-14 00:00:00,completed,paid_search,bank_transfer
14717,4148,2024-05-25 00:00:00,cancelled,email,credit_card
14718,1018,2025-03-15 00:00:00,completed,social_media,paypal
14719,683,2025-04-27 04:58:29,completed,email,paypal
14720,6531,2024-11-21 00:00:00,completed,referral,debit_card
14721,8455,2024-03-31 00:00:00,completed,paid_search,paypal
14722,8981,2025-12-11 16:53:43,completed,email,bank_transfer
14723,2541,2025-09-20 00:00:00,completed,email,bank_transfer
14724,1915,2025-10-29 00:00:00,cancelled,social_media,bank_transfer
14725,5173,2024-06-12 00:00:00,completed,direct,paypal
14726,1909,2025-09-12 18:57:36,completed,email,bank_transfer
14727,2759,2025-03-02 01:53:46,completed,paid_search,debit_card
14728,7742,2024-07-08 00:00:00,returned,email,credit_card
14729,7499,2024-05-23 00:00:00,completed,email,credit_card
14730,8277,2024-11-25 01:46:09,completed,email,credit_card
14731,4461,2024-06-05 00:00:00,cancelled,email,debit_card
14732,5213,2025-12-31 00:00:00,returned,direct,bank_transfer
14733,7117,2024-03-06 00:36:32,completed,organic_search,credit_card
14734,2251,2025-01-22 00:00:00,completed,referral,debit_card
14735,7615,2025-02-01 00:00:00,completed,direct,paypal
14736,180,2024-10-31 00:00:00,completed,referral,credit_card
14737,7389,2025-05-04 00:00:00,completed,organic_search,bank_transfer
14738,7166,2024-06-17 00:00:00,completed,organic_search,credit_card
14739,2815,2025-09-27 00:00:00,completed,referral,credit_card
14740,6722,2024-11-18 00:00:00,completed,direct,paypal
14741,2019,2025-05-18 00:00:00,completed,organic_search,credit_card
14742,5327,2025-08-13 00:00:00,cancelled,direct,credit_card
14743,6487,2025-11-19 00:00:00,completed,direct,paypal
14744,6594,2025-10-27 00:00:00,returned,paid_search,debit_card
14745,-1,2025-05-30 00:00:00,completed,referral,paypal
14746,1724,2024-12-17 00:00:00,completed,paid_search,debit_card
14747,4445,2025-03-16 21:01:12,returned,organic_search,bank_transfer
14748,8137,2025-09-17 00:00:00,completed,direct,debit_card
14749,5184,2025-11-15 00:00:00,completed,paid_search,debit_card
14750,8106,2024-05-02 21:41:25,completed,organic_search,paypal
14751,4003,2024-12-15 00:00:00,cancelled,referral,bank_transfer
14752,7368,2025-09-21 00:00:00,completed,referral,debit_card
14753,8045,2025-01-13 00:00:00,completed,organic_search,debit_card
14754,7828,2024-11-18 00:00:00,cancelled,direct,credit_card
14755,8054,2024-12-28 00:00:00,returned,organic_search,debit_card
14756,2064,2025-05-26 00:00:00,completed,email,debit_card
14757,4043,2025-12-31 03:41:59,completed,referral,paypal
14758,1651,2025-03-08 00:00:00,completed,referral,debit_card
14759,-1,2024-08-13 01:27:22,completed,paid_search,credit_card
14760,4506,2024-06-30 00:00:00,completed,social_media,credit_card
14761,8857,2024-02-27 00:00:00,completed,organic_search,bank_transfer
14762,5451,2025-04-25 08:10:07,completed,direct,debit_card
14763,7894,2025-04-15 14:51:44,completed,direct,debit_card
14764,8647,2024-10-08 00:00:00,completed,social_media,bank_transfer
14765,845,2025-07-30 00:00:00,completed,referral,credit_card
14766,1541,2025-08-30 00:00:00,completed,direct,debit_card
14767,2722,2024-09-27 00:00:00,returned,direct,bank_transfer
14768,5684,2024-11-24 21:52:14,returned,social_media,credit_card
14769,601,2025-12-28 00:00:00,completed,paid_search,debit_card
14770,7275,2024-12-10 18:19:33,completed,social_media,bank_transfer
14771,620,2025-09-12 04:26:35,completed,referral,credit_card
14772,1502,2025-02-01 02:44:36,completed,referral,credit_card
14773,3521,2025-10-02 00:00:00,completed,referral,debit_card
14774,5147,2025-09-17 00:00:00,completed,organic_search,credit_card
14775,8153,2025-07-11 15:19:20,completed,organic_search,bank_transfer
14776,8893,2025-05-11 00:00:00,completed,referral,credit_card
14777,8185,2025-12-09 00:00:00,completed,referral,paypal
14778,1046,2025-05-10 00:00:00,cancelled,referral,paypal
14779,5819,2024-09-09 17:25:45,completed,direct,credit_card
14780,4070,2024-12-22 00:00:00,completed,social_media,credit_card
14781,1217,2025-09-10 00:00:00,completed,referral,credit_card
14782,5124,2025-06-29 00:00:00,completed,direct,credit_card
14783,3286,2024-07-15 00:00:00,completed,social_media,paypal
14784,3191,2024-08-03 00:00:00,completed,referral,paypal
14785,926,2025-07-22 00:00:00,returned,email,bank_transfer
14786,-1,2024-09-21 00:00:00,completed,organic_search,paypal
14787,6708,2025-03-13 00:00:00,completed,email,bank_transfer
14788,2635,2025-09-03 00:00:00,cancelled,social_media,bank_transfer
14789,8488,2025-04-28 00:00:00,cancelled,paid_search,debit_card
14790,8750,2024-12-04 00:00:00,completed,social_media,paypal
14791,7499,2024-07-22 02:45:44,cancelled,email,paypal
14792,6110,2024-08-24 00:00:00,completed,direct,bank_transfer
14793,3470,2024-09-26 00:00:00,completed,referral,bank_transfer
14794,4007,2025-04-30 00:00:00,completed,social_media,debit_card
14795,4199,2025-03-16 00:00:00,completed,referral,bank_transfer
14796,8757,2024-08-09 00:00:00,completed,social_media,paypal
14797,7020,2024-03-26 00:00:00,completed,email,credit_card
14798,2734,2024-07-08 00:00:00,completed,email,paypal
14799,5758,2025-12-26 00:00:00,completed,paid_search,bank_transfer
14800,5468,2025-02-15 00:00:00,completed,email,bank_transfer
14801,7515,2025-10-11 00:00:00,completed,paid_search,paypal
14802,937,2025-11-03 09:12:06,completed,email,paypal
14803,6495,2025-03-22 08:36:01,completed,social_media,paypal
14804,3066,2025-08-07 09:24:04,completed,paid_search,debit_card
14805,1256,2024-07-30 03:54:48,returned,organic_search,paypal
14806,6762,2025-07-26 02:00:36,completed,referral,bank_transfer
14807,3070,2024-10-08 00:00:00,completed,direct,debit_card
14808,6747,2025-10-25 00:00:00,completed,direct,credit_card
14809,1544,2024-04-12 00:00:00,completed,social_media,credit_card
14810,-1,2025-09-20 00:00:00,completed,paid_search,credit_card
14811,7449,2024-04-28 00:00:00,completed,paid_search,debit_card
14812,2711,2025-11-16 05:40:32,returned,referral,debit_card
14813,6845,2024-11-02 22:50:48,completed,organic_search,bank_transfer
14814,1316,2025-01-07 00:00:00,completed,paid_search,debit_card
14815,6048,2025-03-03 00:00:00,completed,referral,debit_card
14816,586,2024-12-06 00:00:00,completed,referral,paypal
14817,3086,2025-06-25 00:00:00,completed,social_media,bank_transfer
14818,-1,2025-12-12 00:00:00,completed,paid_search,credit_card
14819,1179,2024-02-25 00:00:00,completed,paid_search,paypal
14820,5509,2025-02-12 00:00:00,cancelled,referral,credit_card
14821,693,2025-05-30 00:00:00,completed,paid_search,credit_card
14822,6194,2025-11-10 00:00:00,completed,direct,credit_card
14823,2617,2024-12-15 00:00:00,completed,social_media,paypal
14824,2890,2025-02-18 00:00:00,completed,social_media,debit_card
14825,3119,2025-11-11 00:00:00,completed,referral,debit_card
14826,1939,2024-12-30 00:00:00,cancelled,paid_search,bank_transfer
14827,8686,2025-08-04 00:00:00,completed,social_media,paypal
14828,8383,2024-01-29 00:00:00,completed,direct,bank_transfer
14829,8045,2024-06-26 00:00:00,cancelled,social_media,bank_transfer
14830,1040,2025-06-22 00:00:00,completed,email,debit_card
14831,2197,2025-08-14 00:00:00,completed,referral,credit_card
14832,5646,2025-12-05 00:00:00,completed,direct,bank_transfer
14833,8956,2024-06-10 05:58:31,completed,referral,paypal
14834,5576,2025-01-26 00:00:00,completed,social_media,debit_card
14835,3023,2024-11-30 00:00:00,completed,social_media,debit_card
14836,7570,2025-10-03 00:00:00,completed,paid_search,bank_transfer
14837,1313,2025-11-12 00:00:00,completed,paid_search,bank_transfer
14838,-1,2025-09-21 00:00:00,completed,organic_search,bank_transfer
14839,8989,2024-04-12 00:00:00,completed,referral,debit_card
14840,8931,2025-11-20 00:00:00,completed,organic_search,debit_card
14841,1415,2025-02-18 00:00:00,completed,paid_search,bank_transfer
14842,5066,2025-09-01 00:00:00,completed,paid_search,bank_transfer
14843,5374,2024-06-07 02:59:57,completed,referral,paypal
14844,1855,2025-07-13 00:00:00,completed,social_media,paypal
14845,5047,2024-09-08 00:00:00,completed,organic_search,paypal
14846,5972,2025-01-19 11:48:20,completed,referral,credit_card
14847,3040,2024-01-24 00:00:00,completed,email,bank_transfer
14848,2927,2024-06-19 00:00:00,completed,referral,debit_card
14849,593,2024-04-21 00:00:00,completed,referral,paypal
14850,8830,2024-11-09 00:00:00,completed,social_media,credit_card
14851,7451,2024-04-28 00:00:00,completed,paid_search,bank_transfer
14852,7013,2025-07-28 00:00:00,completed,paid_search,bank_transfer
14853,221,2024-10-02 00:00:00,returned,paid_search,bank_transfer
14854,5754,2025-06-05 22:39:17,completed,email,credit_card
14855,1709,2024-08-06 00:00:00,completed,direct,credit_card
14856,6130,2025-12-11 05:53:19,cancelled,referral,bank_transfer
14857,5723,2025-07-12 00:00:00,completed,direct,bank_transfer
14858,7876,2024-08-29 00:00:00,completed,direct,debit_card
14859,2402,2025-06-03 00:00:00,completed,paid_search,paypal
14860,278,2024-02-08 10:25:49,cancelled,referral,bank_transfer
14861,8465,2025-06-12 00:00:00,completed,email,credit_card
14862,8413,2025-03-31 00:00:00,completed,social_media,debit_card
14863,4207,2024-02-28 00:00:00,completed,paid_search,bank_transfer
14864,760,2024-11-23 00:00:00,completed,paid_search,debit_card
14865,4597,2024-04-05 03:21:39,cancelled,referral,debit_card
14866,4849,2024-12-19 06:08:17,completed,referral,bank_transfer
14867,7606,2025-07-12 00:00:00,completed,email,debit_card
14868,6621,2025-02-17 14:49:26,completed,direct,credit_card
14869,694,2024-12-15 00:00:00,completed,email,paypal
14870,6523,2024-05-18 00:00:00,cancelled,paid_search,bank_transfer
14871,1316,2024-09-15 00:00:00,completed,paid_search,bank_transfer
14872,874,2024-04-29 00:00:00,completed,referral,bank_transfer
14873,3662,2025-10-11 00:00:00,completed,referral,credit_card
14874,754,2024-06-02 00:00:00,completed,paid_search,debit_card
14875,7670,2025-05-21 00:00:00,completed,paid_search,debit_card
14876,4275,2024-11-23 00:00:00,completed,referral,paypal
14877,5397,2024-08-30 00:00:00,completed,email,credit_card
14878,5335,2025-06-21 00:00:00,completed,social_media,paypal
14879,-1,2025-02-05 09:12:46,completed,direct,paypal
14880,8470,2024-12-23 15:29:42,completed,paid_search,debit_card
14881,7849,2025-05-19 00:00:00,completed,paid_search,debit_card
14882,3538,2025-07-03 00:00:00,completed,direct,bank_transfer
14883,1391,2024-11-02 00:00:00,completed,organic_search,paypal
14884,5451,2025-04-25 00:00:00,completed,paid_search,paypal
14885,4055,2025-12-07 00:00:00,completed,direct,credit_card
14886,2120,2024-02-06 00:00:00,completed,direct,credit_card
14887,959,2025-02-13 09:17:19,completed,referral,bank_transfer
14888,4023,2024-03-15 00:00:00,completed,organic_search,bank_transfer
14889,6020,2024-07-23 06:45:03,returned,paid_search,credit_card
14890,5763,2025-04-26 00:00:00,completed,direct,bank_transfer
14891,7145,2025-11-10 16:02:25,completed,paid_search,credit_card
14892,4307,2025-11-17 00:00:00,completed,paid_search,credit_card
14893,2984,2024-03-29 00:00:00,completed,referral,bank_transfer
14894,4976,2025-01-01 20:05:12,completed,direct,debit_card
14895,8992,2025-12-05 00:00:00,completed,referral,credit_card
14896,437,2024-06-14 00:00:00,completed,organic_search,debit_card
14897,4893,2025-09-15 00:00:00,completed,direct,paypal
14898,3043,2025-09-01 08:00:31,completed,referral,paypal
14899,1029,2025-11-25 06:34:25,completed,direct,credit_card
14900,4009,2024-01-13 08:06:45,completed,referral,bank_transfer
14901,5915,2024-08-21 00:00:00,completed,social_media,credit_card
14902,4890,2025-10-22 12:04:28,completed,email,bank_transfer
14903,293,2025-07-13 00:00:00,completed,referral,bank_transfer
14904,5356,2025-11-22 00:00:00,completed,referral,credit_card
14905,2183,2024-03-15 00:00:00,completed,social_media,credit_card
14906,3157,2025-05-22 05:57:15,completed,paid_search,credit_card
14907,2894,2025-05-02 22:56:30,completed,email,debit_card
14908,7942,2024-02-18 00:00:00,completed,referral,bank_transfer
14909,465,2025-03-23 00:00:00,completed,organic_search,paypal
14910,3209,2025-05-30 00:00:00,cancelled,organic_search,debit_card
14911,3633,2024-07-28 00:00:00,completed,paid_search,debit_card
14912,5704,2024-10-09 00:00:00,completed,direct,bank_transfer
14913,7303,2025-06-21 11:57:18,cancelled,paid_search,paypal
14914,6721,2025-02-15 00:00:00,completed,organic_search,credit_card
14915,6956,2025-11-07 00:00:00,returned,paid_search,bank_transfer
14916,1825,2024-11-23 00:00:00,completed,paid_search,paypal
14917,8448,2024-10-04 05:46:55,completed,organic_search,paypal
14918,3814,2025-12-26 00:00:00,returned,paid_search,debit_card
14919,110,2025-11-29 00:00:00,completed,direct,debit_card
14920,6183,2024-02-09 00:00:00,completed,social_media,debit_card
14921,5568,2025-09-18 00:00:00,cancelled,direct,bank_transfer
14922,1219,2024-09-05 00:00:00,completed,referral,paypal
14923,-1,2024-02-07 00:00:00,returned,referral,debit_card
14924,5185,2024-10-09 00:00:00,completed,email,paypal
14925,4333,2024-10-06 12:36:09,completed,paid_search,paypal
14926,3657,2025-10-18 00:00:00,completed,direct,bank_transfer
14927,1984,2025-08-10 00:00:00,completed,organic_search,debit_card
14928,8789,2025-12-25 00:00:00,returned,paid_search,debit_card
14929,6500,2025-08-10 18:29:25,completed,direct,bank_transfer
14930,5245,2024-12-31 00:00:00,completed,email,debit_card
14931,5819,2025-08-02 09:39:24,completed,organic_search,paypal
14932,7775,2025-12-31 00:00:00,completed,organic_search,debit_card
14933,5859,2025-08-10 07:10:24,cancelled,referral,debit_card
14934,1123,2025-09-13 00:00:00,completed,direct,debit_card
14935,6453,2025-12-09 13:27:41,completed,paid_search,paypal
14936,5216,2024-05-12 05:07:51,completed,organic_search,debit_card
14937,8917,2025-06-08 00:00:00,completed,email,debit_card
14938,6781,2025-11-04 00:00:00,cancelled,email,credit_card
14939,3179,2025-12-15 00:00:00,completed,social_media,paypal
14940,1313,2024-08-16 00:50:45,completed,paid_search,credit_card
14941,4461,2025-03-16 00:00:00,cancelled,email,paypal
14942,6286,2025-07-20 08:15:13,completed,email,debit_card
14943,1676,2024-09-17 00:00:00,completed,paid_search,bank_transfer
14944,6005,2025-05-24 00:00:00,completed,direct,paypal
14945,7639,2024-09-26 00:00:00,cancelled,direct,paypal
14946,1496,2024-11-18 00:00:00,completed,organic_search,debit_card
14947,6528,2025-01-22 00:00:00,cancelled,paid_search,credit_card
14948,668,2025-04-04 20:11:26,cancelled,paid_search,credit_card
14949,79,2025-01-29 00:00:00,cancelled,paid_search,paypal
14950,324,2025-03-08 00:00:00,completed,organic_search,credit_card
14951,5822,2024-10-29 00:00:00,cancelled,social_media,credit_card
14952,8979,2024-06-26 00:00:00,completed,organic_search,bank_transfer
14953,7118,2024-03-03 00:00:00,completed,direct,credit_card
14954,2393,2024-08-02 00:00:00,completed,direct,credit_card
14955,703,2025-11-05 00:00:00,completed,direct,bank_transfer
14956,5683,2025-09-28 00:00:00,completed,email,credit_card
14957,31,2024-07-06 00:00:00,completed,paid_search,bank_transfer
14958,7338,2024-07-05 00:00:00,completed,social_media,credit_card
14959,2291,2025-09-05 00:00:00,returned,referral,credit_card
14960,2791,2024-11-02 20:34:04,returned,organic_search,debit_card
14961,3179,2025-12-14 00:00:00,completed,organic_search,bank_transfer
14962,7050,2025-12-08 00:00:00,completed,email,bank_transfer
14963,2502,2024-11-15 00:00:00,completed,organic_search,credit_card
14964,2670,2024-10-22 00:00:00,completed,social_media,paypal
14965,4997,2025-03-31 02:32:07,completed,organic_search,credit_card
14966,4274,2024-07-04 00:00:00,completed,paid_search,debit_card
14967,8820,2024-05-16 00:00:00,completed,paid_search,paypal
14968,2476,2024-07-13 00:00:00,completed,direct,credit_card
14969,901,2025-09-21 00:00:00,completed,email,paypal
14970,4997,2025-03-24 00:00:00,completed,organic_search,paypal
14971,1751,2024-01-15 00:00:00,completed,social_media,paypal
14972,3807,2025-07-15 00:00:00,completed,referral,credit_card
14973,1777,2025-01-05 00:00:00,cancelled,paid_search,paypal
14974,8147,2025-03-22 00:00:00,completed,paid_search,credit_card
14975,3024,2024-08-19 00:00:00,cancelled,organic_search,debit_card
14976,7157,2025-04-20 00:00:00,completed,paid_search,debit_card
14977,8755,2025-12-24 00:00:00,completed,social_media,paypal
14978,8674,2024-01-04 00:00:00,completed,referral,debit_card
14979,4859,2024-10-18 13:19:01,cancelled,organic_search,bank_transfer
14980,-1,2024-09-14 00:00:00,cancelled,referral,paypal
14981,6073,2024-09-18 10:55:23,completed,email,debit_card
14982,1246,2024-12-12 00:00:00,completed,social_media,bank_transfer
14983,8215,2025-10-17 00:00:00,cancelled,direct,credit_card
14984,4325,2025-11-29 00:00:00,completed,direct,debit_card
14985,1473,2024-08-08 20:23:56,completed,referral,bank_transfer
14986,7328,2025-04-14 00:00:00,returned,social_media,debit_card
14987,5755,2025-06-19 00:00:00,returned,social_media,paypal
14988,-1,2025-03-30 10:22:45,completed,email,paypal
14989,7649,2025-01-15 12:50:33,completed,email,credit_card
14990,2973,2024-07-29 00:00:00,completed,direct,credit_card
14991,2410,2025-04-03 00:00:00,returned,email,bank_transfer
14992,6782,2024-12-23 00:00:00,returned,direct,credit_card
14993,5303,2025-10-04 00:00:00,completed,email,debit_card
14994,685,2025-09-14 00:00:00,completed,email,debit_card
14995,1719,2024-06-01 00:00:00,completed,referral,credit_card
14996,1454,2024-04-17 00:00:00,completed,referral,bank_transfer
14997,5427,2025-11-27 00:00:00,completed,paid_search,credit_card
14998,835,2025-09-04 00:00:00,completed,email,paypal
14999,1964,2025-11-07 17:38:59,returned,direct,bank_transfer
15000,5035,2024-03-16 00:00:00,completed,email,credit_card
15001,1288,2025-04-02 14:17:34,cancelled,referral,bank_transfer
15002,2332,2025-04-12 07:17:06,completed,referral,bank_transfer
15003,8392,2025-08-11 00:00:00,completed,organic_search,debit_card
15004,6452,2024-04-26 00:00:00,completed,paid_search,bank_transfer
15005,2866,2024-09-11 00:00:00,cancelled,social_media,bank_transfer
15006,8114,2024-12-26 00:00:00,completed,paid_search,paypal
15007,2353,2025-11-10 11:54:10,cancelled,social_media,credit_card
15008,5419,2025-12-09 11:15:37,completed,social_media,bank_transfer
15009,3395,2025-12-29 00:00:00,completed,organic_search,debit_card
15010,6953,2025-12-17 00:00:00,completed,organic_search,bank_transfer
15011,3424,2024-01-09 00:00:00,cancelled,social_media,bank_transfer
15012,2337,2024-04-03 00:00:00,completed,referral,bank_transfer
15013,5602,2024-06-15 00:00:00,completed,paid_search,debit_card
15014,6889,2024-11-27 00:00:00,returned,organic_search,debit_card
15015,4951,2025-10-24 17:36:11,cancelled,paid_search,credit_card
15016,6613,2025-11-21 00:00:00,completed,referral,credit_card
15017,3897,2024-07-24 00:00:00,completed,paid_search,credit_card
15018,7368,2025-06-07 09:28:34,completed,referral,paypal
15019,5375,2025-01-12 00:00:00,completed,email,paypal
15020,1863,2025-11-02 00:00:00,cancelled,direct,credit_card
15021,8236,2024-05-02 08:17:51,completed,referral,paypal
15022,7738,2025-02-06 00:00:00,completed,organic_search,paypal
15023,8895,2024-12-11 00:00:00,completed,organic_search,credit_card
15024,5259,2025-05-08 01:34:50,completed,paid_search,credit_card
15025,6251,2025-01-19 00:00:00,completed,direct,paypal
15026,7987,2024-01-25 00:00:00,completed,referral,bank_transfer
15027,514,2025-12-29 00:00:00,cancelled,direct,paypal
15028,8451,2025-04-14 00:00:00,completed,referral,bank_transfer
15029,2542,2025-02-20 00:00:00,completed,social_media,paypal
15030,563,2025-12-15 00:00:00,completed,social_media,bank_transfer
15031,2234,2024-06-23 00:00:00,completed,organic_search,bank_transfer
15032,5392,2024-07-26 00:00:00,completed,social_media,debit_card
15033,468,2025-10-11 00:00:00,completed,referral,paypal
15034,10,2024-09-29 00:00:00,completed,organic_search,paypal
15035,5896,2025-06-10 00:00:00,completed,paid_search,paypal
15036,4183,2024-10-08 01:16:22,completed,paid_search,debit_card
15037,7805,2024-02-15 00:00:00,completed,direct,paypal
15038,2423,2025-03-26 00:00:00,completed,direct,debit_card
15039,2639,2024-08-02 00:00:00,completed,organic_search,debit_card
15040,755,2025-09-10 11:31:16,completed,social_media,debit_card
15041,4975,2025-06-22 00:00:00,completed,direct,credit_card
15042,3371,2025-12-03 00:00:00,completed,email,credit_card
15043,3139,2025-09-26 04:43:27,completed,direct,bank_transfer
15044,4222,2024-07-18 13:56:39,completed,email,bank_transfer
15045,7856,2025-10-06 14:05:16,completed,paid_search,credit_card
15046,1027,2025-06-22 00:00:00,completed,referral,bank_transfer
15047,4846,2025-12-07 00:00:00,completed,email,debit_card
15048,1865,2025-10-25 18:07:10,completed,email,bank_transfer
15049,2005,2025-05-06 07:30:05,completed,direct,debit_card
15050,2414,2025-02-13 00:00:00,completed,referral,paypal
15051,4238,2025-06-19 00:00:00,completed,referral,credit_card
15052,4567,2024-10-28 00:00:00,completed,referral,paypal
15053,8056,2024-07-20 00:00:00,completed,email,debit_card
15054,8250,2025-06-04 21:20:10,completed,email,paypal
15055,5395,2024-09-06 12:47:29,completed,organic_search,credit_card
15056,2644,2024-04-08 00:00:00,completed,email,debit_card
15057,7580,2024-01-01 00:00:00,completed,referral,debit_card
15058,7342,2025-05-30 00:00:00,cancelled,email,debit_card
15059,7392,2024-12-04 00:00:00,completed,paid_search,bank_transfer
15060,166,2025-09-07 00:00:00,completed,email,credit_card
15061,6968,2024-12-10 00:00:00,completed,paid_search,paypal
15062,7884,2025-03-02 00:00:00,returned,organic_search,credit_card
15063,5578,2024-12-26 00:00:00,completed,email,credit_card
15064,6943,2025-06-28 23:26:46,completed,social_media,bank_transfer
15065,7169,2024-01-12 00:00:00,completed,email,paypal
15066,4688,2025-12-18 16:33:04,cancelled,paid_search,paypal
15067,7529,2025-08-12 00:00:00,completed,paid_search,credit_card
15068,7335,2025-02-11 00:00:00,completed,referral,credit_card
15069,8474,2025-02-12 00:00:00,completed,social_media,debit_card
15070,8525,2025-01-29 00:00:00,cancelled,referral,paypal
15071,4898,2025-04-09 00:00:00,completed,referral,bank_transfer
15072,313,2025-08-31 11:59:13,completed,organic_search,debit_card
15073,195,2025-07-31 13:30:57,completed,email,debit_card
15074,8662,2025-11-20 02:38:49,completed,referral,debit_card
15075,3116,2025-08-14 13:23:28,completed,email,debit_card
15076,3482,2025-12-31 00:00:00,completed,referral,credit_card
15077,4341,2024-11-27 00:00:00,completed,direct,credit_card
15078,2502,2025-10-25 00:00:00,completed,social_media,credit_card
15079,5433,2025-01-08 00:00:00,completed,organic_search,paypal
15080,7253,2025-07-28 00:00:00,completed,social_media,bank_transfer
15081,2421,2024-11-14 00:00:00,completed,organic_search,credit_card
15082,6875,2025-09-27 00:00:00,completed,organic_search,bank_transfer
15083,6219,2025-11-24 00:00:00,returned,paid_search,paypal
15084,4866,2024-08-23 00:00:00,completed,social_media,bank_transfer
15085,3014,2025-06-11 06:01:22,completed,organic_search,debit_card
15086,8070,2024-12-19 00:00:00,completed,referral,debit_card
15087,3703,2025-12-28 00:00:00,completed,social_media,bank_transfer
15088,3455,2025-02-24 00:00:00,completed,paid_search,credit_card
15089,5917,2024-01-09 00:00:00,cancelled,organic_search,debit_card
15090,8516,2024-12-14 00:00:00,completed,referral,paypal
15091,4704,2025-07-01 03:06:16,completed,social_media,credit_card
15092,6674,2024-04-04 00:00:00,completed,paid_search,debit_card
15093,4214,2025-05-26 00:00:00,cancelled,referral,paypal
15094,2060,2025-06-12 00:00:00,completed,organic_search,bank_transfer
15095,1203,2025-03-11 00:00:00,completed,direct,credit_card
15096,1321,2024-03-26 00:00:00,cancelled,referral,credit_card
15097,218,2025-12-29 00:00:00,completed,direct,debit_card
15098,5101,2025-08-02 00:00:00,completed,paid_search,paypal
15099,1272,2024-06-29 00:00:00,cancelled,organic_search,bank_transfer
15100,8008,2024-01-18 00:00:00,completed,social_media,debit_card
15101,-1,2024-07-08 00:00:00,completed,email,bank_transfer
15102,4579,2025-10-28 03:07:22,completed,email,credit_card
15103,4153,2024-01-31 00:00:00,returned,paid_search,debit_card
15104,3210,2024-09-05 00:00:00,completed,social_media,bank_transfer
15105,5883,2025-10-09 00:00:00,completed,organic_search,paypal
15106,5606,2025-05-14 04:58:30,completed,social_media,debit_card
15107,3171,2025-09-26 00:00:00,completed,email,debit_card
15108,3169,2025-09-03 13:52:20,completed,social_media,debit_card
15109,5952,2024-07-03 00:00:00,completed,paid_search,bank_transfer
15110,5118,2025-11-21 00:00:00,cancelled,social_media,paypal
15111,6635,2024-08-31 02:03:41,completed,referral,paypal
15112,8682,2025-04-21 15:28:49,completed,direct,debit_card
15113,7200,2025-06-24 00:00:00,completed,organic_search,paypal
15114,2840,2024-06-07 00:00:00,completed,referral,debit_card
15115,7009,2025-12-23 00:00:00,completed,paid_search,bank_transfer
15116,4154,2025-04-03 00:00:00,completed,organic_search,bank_transfer
15117,7182,2024-03-15 00:00:00,completed,direct,credit_card
15118,8201,2025-08-12 00:00:00,completed,direct,bank_transfer
15119,2349,2025-05-14 09:57:10,cancelled,social_media,debit_card
15120,2245,2025-08-02 00:00:00,completed,organic_search,paypal
15121,3993,2025-01-04 00:00:00,completed,organic_search,bank_transfer
15122,502,2025-10-26 00:00:00,completed,referral,credit_card
15123,6357,2024-02-15 02:40:40,completed,paid_search,bank_transfer
15124,6928,2024-10-05 09:22:14,cancelled,paid_search,bank_transfer
15125,3189,2025-02-16 00:00:00,completed,direct,bank_transfer
15126,4299,2024-04-05 16:01:47,completed,referral,bank_transfer
15127,5432,2025-08-07 00:00:00,completed,organic_search,paypal
15128,719,2024-12-19 12:14:14,completed,direct,credit_card
15129,6579,2024-08-10 00:00:00,completed,paid_search,debit_card
15130,4875,2024-01-05 18:20:45,completed,email,paypal
15131,5753,2025-08-16 00:00:00,completed,paid_search,bank_transfer
15132,6686,2025-10-26 00:00:00,completed,paid_search,paypal
15133,6249,2024-12-20 00:00:00,cancelled,social_media,credit_card
15134,937,2025-04-29 00:00:00,cancelled,email,bank_transfer
15135,7231,2024-08-31 00:00:00,completed,referral,credit_card
15136,5625,2025-06-08 00:00:00,completed,organic_search,debit_card
15137,6596,2024-01-18 17:50:25,completed,social_media,bank_transfer
15138,2455,2025-03-04 21:53:32,completed,paid_search,credit_card
15139,2080,2025-06-24 00:00:00,completed,social_media,bank_transfer
15140,7642,2025-12-01 00:00:00,cancelled,organic_search,bank_transfer
15141,3597,2024-12-13 00:00:00,completed,email,credit_card
15142,5320,2025-09-15 00:00:00,completed,paid_search,paypal
15143,5087,2025-05-22 00:00:00,completed,paid_search,paypal
15144,5377,2025-12-05 00:00:00,completed,direct,debit_card
15145,682,2024-12-22 00:00:00,completed,email,paypal
15146,2818,2024-11-10 00:00:00,completed,email,bank_transfer
15147,649,2025-11-19 00:00:00,completed,direct,paypal
15148,4438,2024-03-06 00:00:00,completed,organic_search,paypal
15149,8349,2024-03-06 00:00:00,cancelled,referral,debit_card
15150,3585,2024-11-04 00:00:00,completed,direct,debit_card
15151,7230,2025-10-31 00:00:00,completed,paid_search,bank_transfer
15152,2692,2024-01-15 00:00:00,cancelled,email,bank_transfer
15153,7919,2025-11-08 00:00:00,completed,email,debit_card
15154,3870,2025-01-31 00:00:00,cancelled,social_media,debit_card
15155,3278,2024-01-06 00:00:00,cancelled,direct,credit_card
15156,6454,2024-12-23 00:00:00,completed,social_media,bank_transfer
15157,4743,2024-07-24 00:00:00,completed,organic_search,debit_card
15158,3116,2025-10-06 00:00:00,cancelled,referral,credit_card
15159,574,2025-07-19 00:00:00,completed,direct,debit_card
15160,1584,2025-03-04 00:00:00,completed,paid_search,credit_card
15161,7130,2024-02-24 00:00:00,completed,organic_search,credit_card
15162,8519,2025-07-02 00:00:00,completed,paid_search,bank_transfer
15163,1600,2025-10-31 10:26:22,completed,email,bank_transfer
15164,5264,2025-08-16 00:00:00,completed,social_media,debit_card
15165,339,2025-10-24 00:00:00,completed,organic_search,paypal
15166,2722,2024-08-06 00:00:00,completed,direct,credit_card
15167,4148,2025-11-19 00:00:00,cancelled,direct,debit_card
15168,6804,2024-12-11 00:00:00,completed,organic_search,bank_transfer
15169,428,2024-01-19 00:00:00,cancelled,email,debit_card
15170,7218,2025-01-11 00:00:00,completed,organic_search,debit_card
15171,1922,2025-10-12 00:00:00,cancelled,email,debit_card
15172,7014,2025-02-07 00:00:00,completed,organic_search,debit_card
15173,5764,2024-04-09 00:00:00,completed,social_media,credit_card
15174,3138,2024-09-21 00:00:00,completed,social_media,credit_card
15175,6685,2025-02-14 00:00:00,completed,paid_search,debit_card
15176,2223,2025-11-23 00:00:00,completed,organic_search,bank_transfer
15177,2066,2024-06-17 00:00:00,completed,email,debit_card
15178,601,2025-10-21 00:52:37,completed,direct,bank_transfer
15179,3618,2024-10-23 00:00:00,completed,direct,credit_card
15180,959,2025-11-10 00:00:00,completed,social_media,debit_card
15181,3870,2025-12-02 00:00:00,returned,paid_search,paypal
15182,96,2025-01-09 00:00:00,completed,direct,paypal
15183,1494,2024-05-12 00:00:00,completed,referral,debit_card
15184,8611,2025-10-07 00:00:00,completed,organic_search,debit_card
15185,7370,2025-04-04 00:00:00,completed,email,paypal
15186,2221,2025-07-23 00:00:00,completed,paid_search,paypal
15187,6632,2025-09-06 00:00:00,completed,organic_search,paypal
15188,6185,2024-06-20 07:22:22,completed,paid_search,bank_transfer
15189,1672,2025-11-01 00:00:00,completed,referral,debit_card
15190,3418,2024-02-08 00:00:00,completed,email,credit_card
15191,8463,2025-07-12 00:00:00,cancelled,social_media,credit_card
15192,6830,2024-09-20 00:00:00,completed,direct,debit_card
15193,7022,2025-08-26 20:46:14,completed,direct,credit_card
15194,5210,2024-10-18 00:00:00,completed,organic_search,paypal
15195,6162,2024-10-11 00:00:00,completed,referral,credit_card
15196,4710,2024-05-11 00:00:00,completed,direct,debit_card
15197,6850,2025-09-04 15:15:47,completed,organic_search,paypal
15198,6771,2025-04-24 00:00:00,cancelled,organic_search,bank_transfer
15199,312,2025-11-17 00:00:00,completed,organic_search,debit_card
15200,5825,2024-11-04 00:00:00,completed,referral,paypal
15201,5805,2025-07-28 00:00:00,completed,direct,debit_card
15202,658,2025-09-07 00:00:00,returned,email,paypal
15203,3773,2024-06-18 00:00:00,completed,paid_search,paypal
15204,8318,2024-12-23 00:00:00,cancelled,organic_search,debit_card
15205,8796,2025-02-28 00:00:00,completed,referral,bank_transfer
15206,7229,2024-01-12 00:00:00,completed,social_media,bank_transfer
15207,1455,2024-11-12 13:52:42,completed,referral,paypal
15208,3456,2025-07-24 00:00:00,completed,referral,debit_card
15209,1732,2024-08-20 00:00:00,cancelled,direct,paypal
15210,6035,2025-09-08 00:00:00,completed,email,debit_card
15211,7137,2025-12-08 00:00:00,completed,email,paypal
15212,8176,2025-04-30 00:00:00,completed,organic_search,bank_transfer
15213,7956,2025-06-01 19:26:15,completed,referral,credit_card
15214,975,2024-03-28 00:00:00,completed,organic_search,credit_card
15215,1216,2025-11-09 03:40:27,completed,email,bank_transfer
15216,8426,2024-10-19 00:00:00,completed,social_media,bank_transfer
15217,7801,2025-03-06 00:00:00,completed,direct,debit_card
15218,4248,2025-12-24 00:00:00,completed,direct,paypal
15219,3970,2025-05-21 12:33:49,completed,paid_search,bank_transfer
15220,5100,2025-08-19 00:00:00,cancelled,email,paypal
15221,5500,2025-01-26 00:00:00,completed,social_media,bank_transfer
15222,2391,2024-03-18 07:01:08,completed,referral,bank_transfer
15223,3710,2025-10-05 00:00:00,completed,organic_search,credit_card
15224,5711,2024-02-17 00:00:00,completed,direct,paypal
15225,1949,2025-08-03 00:00:00,returned,organic_search,paypal
15226,-1,2024-02-01 00:00:00,cancelled,paid_search,paypal
15227,2658,2025-08-11 00:00:00,completed,referral,credit_card
15228,5095,2024-06-25 00:00:00,cancelled,direct,paypal
15229,5114,2025-03-24 00:00:00,completed,organic_search,bank_transfer
15230,4170,2025-05-22 00:00:00,returned,organic_search,credit_card
15231,2275,2025-02-06 07:10:20,completed,referral,paypal
15232,5222,2024-11-22 00:00:00,completed,email,paypal
15233,892,2025-02-15 00:00:00,completed,organic_search,paypal
15234,3563,2024-06-11 00:00:00,completed,direct,bank_transfer
15235,2109,2025-01-19 00:00:00,completed,social_media,paypal
15236,1204,2024-12-02 00:00:00,completed,email,paypal
15237,8564,2025-04-30 18:20:30,completed,organic_search,credit_card
15238,6480,2024-09-09 01:17:22,completed,paid_search,debit_card
15239,1600,2025-12-27 00:00:00,completed,direct,paypal
15240,8762,2025-03-14 00:33:56,completed,referral,debit_card
15241,2039,2024-07-31 00:00:00,completed,paid_search,paypal
15242,2216,2025-02-23 00:00:00,cancelled,referral,debit_card
15243,1291,2025-10-11 00:00:00,completed,referral,bank_transfer
15244,6721,2024-01-31 00:00:00,completed,email,paypal
15245,5278,2025-07-19 00:00:00,completed,social_media,paypal
15246,576,2025-04-18 00:00:00,returned,social_media,credit_card
15247,257,2024-07-07 00:00:00,completed,referral,bank_transfer
15248,4922,2025-10-16 00:00:00,completed,paid_search,debit_card
15249,6028,2024-12-07 00:00:00,completed,email,paypal
15250,7614,2024-10-25 00:00:00,completed,direct,paypal
15251,4417,2025-10-23 00:00:00,completed,direct,bank_transfer
15252,6257,2025-06-20 00:00:00,completed,referral,paypal
15253,6780,2025-11-23 00:00:00,completed,referral,debit_card
15254,5656,2025-06-14 00:00:00,completed,referral,bank_transfer
15255,3249,2025-08-30 04:27:06,completed,social_media,credit_card
15256,1280,2025-10-27 00:00:00,completed,direct,debit_card
15257,5983,2024-03-12 00:00:00,returned,organic_search,paypal
15258,7099,2025-09-21 00:00:00,completed,social_media,debit_card
15259,1802,2025-02-06 00:00:00,completed,organic_search,credit_card
15260,4572,2024-03-28 00:00:00,completed,email,credit_card
15261,3647,2025-03-20 09:24:31,completed,referral,bank_transfer
15262,1942,2024-11-04 00:00:00,completed,paid_search,paypal
15263,2308,2025-08-27 00:00:00,completed,organic_search,credit_card
15264,2235,2025-04-16 00:00:00,returned,email,credit_card
15265,3862,2025-12-14 00:00:00,completed,referral,debit_card
15266,3597,2024-07-20 20:37:43,cancelled,social_media,bank_transfer
15267,5114,2025-05-28 00:00:00,completed,social_media,paypal
15268,911,2024-08-16 00:00:00,completed,social_media,debit_card
15269,5356,2025-06-02 00:00:00,completed,organic_search,credit_card
15270,222,2025-08-18 00:00:00,completed,direct,debit_card
15271,2421,2025-08-18 06:51:48,cancelled,referral,debit_card
15272,4642,2025-10-15 00:00:00,completed,email,bank_transfer
15273,6371,2025-11-05 00:00:00,cancelled,organic_search,bank_transfer
15274,7117,2024-04-05 23:19:32,completed,email,paypal
15275,355,2024-11-24 00:00:00,completed,direct,bank_transfer
15276,4963,2025-07-25 00:00:00,completed,direct,credit_card
15277,3268,2025-12-03 00:00:00,returned,social_media,debit_card
15278,6437,2024-07-28 00:00:00,completed,direct,credit_card
15279,2667,2025-04-21 00:00:00,cancelled,referral,credit_card
15280,6881,2024-12-26 00:00:00,completed,social_media,paypal
15281,5551,2024-12-18 00:00:00,completed,email,debit_card
15282,7312,2025-10-12 00:00:00,completed,organic_search,credit_card
15283,-1,2024-12-26 00:00:00,completed,direct,debit_card
15284,8412,2024-02-06 00:54:10,completed,organic_search,paypal
15285,5465,2024-03-16 00:00:00,completed,referral,paypal
15286,8264,2025-11-06 00:00:00,completed,paid_search,bank_transfer
15287,1478,2025-12-17 00:00:00,completed,social_media,credit_card
15288,423,2025-07-26 22:13:57,completed,referral,debit_card
15289,4925,2024-05-12 00:00:00,completed,email,bank_transfer
15290,8988,2025-12-09 00:00:00,completed,direct,debit_card
15291,6565,2025-07-07 17:58:04,completed,direct,credit_card
15292,2848,2025-11-01 00:00:00,cancelled,paid_search,paypal
15293,6188,2025-09-15 00:00:00,completed,paid_search,debit_card
15294,395,2024-12-12 00:00:00,completed,direct,debit_card
15295,4349,2025-02-24 00:00:00,cancelled,paid_search,bank_transfer
15296,2230,2024-07-23 00:00:00,completed,paid_search,credit_card
15297,483,2024-10-24 00:00:00,completed,social_media,debit_card
15298,2349,2025-09-23 00:00:00,completed,paid_search,bank_transfer
15299,6671,2025-11-22 00:00:00,completed,social_media,debit_card
15300,5084,2025-08-19 00:00:00,completed,referral,paypal
15301,238,2025-02-12 00:00:00,completed,paid_search,credit_card
15302,3768,2024-04-15 00:00:00,completed,referral,paypal
15303,6953,2024-03-14 00:00:00,completed,social_media,paypal
15304,8809,2024-12-10 00:00:00,completed,social_media,debit_card
15305,8089,2025-02-11 01:42:17,completed,organic_search,bank_transfer
15306,14,2025-05-30 00:00:00,cancelled,organic_search,debit_card
15307,2060,2024-01-10 00:00:00,completed,direct,bank_transfer
15308,1964,2025-12-28 00:00:00,completed,direct,credit_card
15309,3802,2024-05-12 00:00:00,completed,email,debit_card
15310,5962,2025-02-11 00:00:00,completed,paid_search,bank_transfer
15311,1478,2025-04-08 01:51:26,completed,paid_search,paypal
15312,8468,2024-05-28 11:58:29,returned,direct,paypal
15313,7178,2025-10-05 00:00:00,completed,referral,bank_transfer
15314,3868,2025-09-08 00:00:00,cancelled,social_media,bank_transfer
15315,5368,2025-03-04 00:00:00,completed,paid_search,bank_transfer
15316,5005,2025-03-24 22:33:17,completed,paid_search,bank_transfer
15317,5362,2024-04-16 00:00:00,cancelled,direct,debit_card
15318,7949,2025-02-07 00:00:00,completed,direct,paypal
15319,1902,2025-11-29 18:33:59,cancelled,social_media,paypal
15320,6337,2024-04-22 14:08:12,completed,direct,debit_card
15321,1046,2024-10-01 00:00:00,completed,direct,paypal
15322,4236,2025-11-25 00:00:00,completed,paid_search,paypal
15323,5859,2024-10-18 00:00:00,completed,paid_search,paypal
15324,127,2025-07-01 07:21:14,completed,referral,bank_transfer
15325,1055,2025-04-08 00:00:00,completed,email,bank_transfer
15326,894,2025-05-21 00:00:00,completed,direct,credit_card
15327,3456,2024-12-30 00:00:00,returned,direct,credit_card
15328,5731,2024-10-30 00:00:00,cancelled,email,debit_card
15329,-1,2024-03-05 20:48:36,completed,paid_search,debit_card
15330,2389,2025-01-09 00:00:00,completed,email,debit_card
15331,1318,2025-03-09 00:00:00,completed,referral,debit_card
15332,3819,2025-07-13 00:00:00,completed,direct,paypal
15333,1399,2025-06-23 00:00:00,cancelled,referral,bank_transfer
15334,250,2024-09-14 00:00:00,completed,referral,debit_card
15335,5211,2024-02-01 00:00:00,completed,direct,debit_card
15336,8132,2025-11-10 00:00:00,completed,direct,credit_card
15337,7959,2025-03-06 00:00:00,cancelled,social_media,debit_card
15338,992,2024-03-11 00:00:00,completed,social_media,paypal
15339,1413,2024-04-30 09:09:21,completed,email,bank_transfer
15340,4538,2024-03-21 00:00:00,completed,email,debit_card
15341,3388,2024-11-27 00:00:00,completed,referral,debit_card
15342,6508,2025-10-09 08:25:25,completed,organic_search,debit_card
15343,4573,2025-12-02 00:00:00,completed,direct,bank_transfer
15344,205,2025-11-23 00:00:00,completed,organic_search,paypal
15345,2671,2025-12-02 00:00:00,completed,email,paypal
15346,8345,2025-11-27 00:00:00,completed,direct,paypal
15347,4732,2025-04-03 00:00:00,completed,social_media,debit_card
15348,7392,2024-08-24 00:00:00,completed,email,credit_card
15349,3697,2025-05-10 00:00:00,completed,direct,bank_transfer
15350,6260,2024-08-18 00:00:00,completed,direct,debit_card
15351,1603,2024-04-10 00:00:00,completed,social_media,bank_transfer
15352,6812,2024-09-05 17:58:03,completed,direct,debit_card
15353,7275,2025-03-25 00:00:00,returned,email,bank_transfer
15354,881,2024-11-12 00:00:00,completed,direct,paypal
15355,1740,2024-06-21 00:00:00,completed,direct,paypal
15356,4272,2025-02-02 00:00:00,completed,direct,debit_card
15357,5876,2025-11-13 00:00:00,completed,referral,paypal
15358,5877,2025-05-03 00:00:00,completed,email,debit_card
15359,6183,2025-11-15 00:00:00,completed,organic_search,bank_transfer
15360,6594,2024-02-08 00:00:00,completed,email,debit_card
15361,4679,2024-07-04 15:52:12,completed,organic_search,bank_transfer
15362,5315,2025-05-07 00:00:00,completed,referral,bank_transfer
15363,82,2025-02-11 11:32:52,completed,organic_search,credit_card
15364,1583,2025-07-05 04:43:08,returned,email,credit_card
15365,4604,2025-10-03 18:22:36,completed,paid_search,debit_card
15366,6892,2025-09-06 04:15:35,completed,referral,credit_card
15367,7491,2025-12-10 00:43:22,cancelled,referral,bank_transfer
15368,6735,2024-12-22 00:00:00,completed,direct,credit_card
15369,4490,2024-08-11 00:00:00,completed,paid_search,bank_transfer
15370,2643,2025-04-20 22:28:54,completed,organic_search,bank_transfer
15371,4102,2024-09-05 00:00:00,completed,email,credit_card
15372,92,2024-10-21 00:00:00,completed,paid_search,bank_transfer
15373,5514,2024-08-13 00:00:00,completed,direct,credit_card
15374,731,2024-12-21 00:00:00,completed,direct,bank_transfer
15375,1394,2024-10-05 00:00:00,completed,referral,credit_card
15376,5770,2024-02-13 02:14:30,completed,paid_search,paypal
15377,136,2025-07-03 00:00:00,completed,email,paypal
15378,5305,2025-05-31 00:00:00,completed,organic_search,bank_transfer
15379,5887,2025-08-08 00:00:00,completed,social_media,paypal
15380,7295,2025-05-07 00:00:00,completed,social_media,debit_card
15381,665,2024-05-13 00:00:00,completed,paid_search,paypal
15382,27,2024-10-23 08:10:20,completed,email,paypal
15383,7079,2024-05-28 00:00:00,returned,referral,credit_card
15384,2718,2025-10-31 00:00:00,completed,email,credit_card
15385,8206,2025-09-03 00:00:00,cancelled,organic_search,bank_transfer
15386,1754,2024-08-07 00:00:00,completed,direct,credit_card
15387,5382,2024-11-23 00:00:00,completed,social_media,credit_card
15388,1069,2025-12-19 22:38:03,completed,referral,debit_card
15389,3702,2025-05-20 00:00:00,completed,social_media,credit_card
15390,8160,2025-07-10 00:00:00,completed,paid_search,debit_card
15391,5608,2024-02-10 00:00:00,completed,direct,paypal
15392,6396,2024-08-15 00:00:00,returned,direct,paypal
15393,2126,2025-09-27 04:45:07,completed,social_media,paypal
15394,8537,2025-07-24 00:00:00,completed,organic_search,paypal
15395,5745,2025-07-20 00:00:00,completed,organic_search,debit_card
15396,1035,2025-04-21 00:00:00,cancelled,social_media,credit_card
15397,158,2025-04-28 00:00:00,completed,direct,debit_card
15398,162,2025-08-27 00:00:00,completed,referral,bank_transfer
15399,499,2024-10-06 01:54:06,completed,paid_search,credit_card
15400,8447,2024-11-29 00:00:00,completed,referral,bank_transfer
15401,3300,2025-12-11 00:00:00,completed,organic_search,credit_card
15402,2782,2024-04-11 00:00:00,completed,direct,paypal
15403,3836,2025-04-16 00:00:00,completed,organic_search,paypal
15404,3767,2025-04-08 00:00:00,completed,direct,credit_card
15405,2244,2025-12-31 00:00:00,completed,organic_search,credit_card
15406,901,2025-01-16 00:00:00,completed,direct,bank_transfer
15407,1061,2025-01-10 00:00:00,completed,paid_search,bank_transfer
15408,5525,2025-10-31 02:13:33,returned,direct,debit_card
15409,3644,2025-10-09 08:41:25,completed,direct,debit_card
15410,8353,2025-08-24 00:00:00,completed,social_media,paypal
15411,4282,2025-02-11 00:00:00,completed,social_media,debit_card
15412,4655,2024-11-13 00:00:00,completed,organic_search,bank_transfer
15413,8589,2025-05-30 01:02:34,completed,social_media,paypal
15414,4636,2025-11-14 00:00:00,completed,paid_search,debit_card
15415,-1,2025-11-17 10:18:53,completed,organic_search,paypal
15416,3348,2024-07-05 00:00:00,completed,social_media,debit_card
15417,6573,2025-10-01 00:00:00,completed,paid_search,debit_card
15418,3608,2025-12-02 00:00:00,completed,direct,bank_transfer
15419,5410,2025-12-23 00:00:00,cancelled,social_media,credit_card
15420,4133,2025-07-18 01:15:16,completed,email,bank_transfer
15421,4894,2024-12-26 00:00:00,completed,direct,debit_card
15422,7647,2024-05-02 00:00:00,completed,direct,debit_card
15423,3809,2025-04-30 00:00:00,completed,email,bank_transfer
15424,2166,2024-04-25 18:54:05,completed,referral,bank_transfer
15425,5274,2025-10-26 00:00:00,completed,paid_search,credit_card
15426,8650,2025-07-09 00:00:00,returned,paid_search,credit_card
15427,6423,2025-02-08 00:00:00,completed,social_media,bank_transfer
15428,2881,2025-01-11 00:00:00,completed,referral,paypal
15429,8886,2025-11-23 00:00:00,completed,paid_search,debit_card
15430,3164,2024-10-21 07:19:25,completed,email,debit_card
15431,-1,2024-09-19 00:00:00,completed,paid_search,bank_transfer
15432,1822,2025-09-12 00:00:00,completed,organic_search,bank_transfer
15433,-1,2025-10-12 00:00:00,completed,referral,debit_card
15434,745,2025-10-18 23:26:41,completed,organic_search,paypal
15435,6584,2024-01-08 00:00:00,completed,direct,debit_card
15436,6844,2024-06-10 00:00:00,cancelled,direct,credit_card
15437,6289,2024-05-02 00:00:00,returned,referral,bank_transfer
15438,7182,2024-08-09 00:00:00,completed,organic_search,bank_transfer
15439,4362,2025-09-20 00:00:00,completed,social_media,credit_card
15440,529,2024-09-11 00:00:00,completed,paid_search,debit_card
15441,3292,2025-08-22 00:00:00,completed,paid_search,credit_card
15442,5928,2024-09-21 00:00:00,completed,social_media,paypal
15443,5969,2024-12-20 15:49:49,completed,organic_search,bank_transfer
15444,1856,2025-12-25 01:18:57,cancelled,social_media,bank_transfer
15445,2377,2024-09-15 00:00:00,cancelled,email,debit_card
15446,4492,2024-12-11 00:00:00,completed,email,credit_card
15447,6730,2024-10-31 02:46:55,completed,social_media,bank_transfer
15448,7885,2024-08-05 00:00:00,cancelled,email,credit_card
15449,844,2025-03-05 00:00:00,completed,social_media,paypal
15450,8565,2024-12-12 00:00:00,completed,referral,bank_transfer
15451,8586,2025-07-30 00:00:00,returned,email,credit_card
15452,79,2025-10-17 00:00:00,completed,organic_search,paypal
15453,4686,2025-04-15 17:36:26,completed,social_media,credit_card
15454,5399,2024-02-14 00:00:00,completed,social_media,debit_card
15455,5110,2025-06-06 00:00:00,completed,referral,debit_card
15456,5674,2024-03-13 00:00:00,returned,organic_search,credit_card
15457,4654,2025-04-06 00:00:00,completed,paid_search,paypal
15458,2746,2025-07-23 04:47:28,completed,referral,bank_transfer
15459,938,2024-03-08 00:00:00,completed,organic_search,bank_transfer
15460,1970,2025-10-18 00:00:00,completed,email,paypal
15461,6842,2025-11-29 00:00:00,completed,organic_search,paypal
15462,2270,2025-10-14 23:56:51,completed,paid_search,credit_card
15463,7674,2024-11-02 04:28:44,completed,direct,debit_card
15464,3708,2025-05-15 00:00:00,completed,direct,credit_card
15465,3816,2025-11-30 00:00:00,completed,organic_search,bank_transfer
15466,8038,2024-11-11 00:00:00,cancelled,referral,debit_card
15467,2023,2025-10-18 09:05:01,completed,paid_search,debit_card
15468,1800,2024-01-14 22:46:51,completed,organic_search,bank_transfer
15469,-1,2024-06-01 00:00:00,completed,organic_search,bank_transfer
15470,4993,2025-11-09 00:00:00,completed,social_media,paypal
15471,1809,2025-12-09 00:00:00,completed,social_media,bank_transfer
15472,1573,2025-09-30 00:00:00,completed,paid_search,debit_card
15473,7969,2025-06-12 00:00:00,cancelled,organic_search,credit_card
15474,5531,2024-05-16 00:00:00,completed,paid_search,credit_card
15475,1127,2024-04-09 00:00:00,completed,organic_search,paypal
15476,8203,2025-11-26 00:00:00,completed,email,debit_card
15477,4095,2024-07-14 00:00:00,completed,paid_search,debit_card
15478,-1,2025-07-21 00:00:00,cancelled,paid_search,bank_transfer
15479,2646,2025-04-05 04:41:58,cancelled,direct,credit_card
15480,4895,2024-12-04 00:00:00,completed,organic_search,debit_card
15481,1642,2024-10-19 00:00:00,completed,organic_search,debit_card
15482,4052,2025-03-29 00:00:00,completed,referral,debit_card
15483,1668,2025-11-04 00:00:00,completed,direct,debit_card
15484,2870,2025-08-08 00:00:00,completed,direct,paypal
15485,2538,2025-06-08 00:00:00,cancelled,email,bank_transfer
15486,2659,2025-03-10 00:00:00,completed,paid_search,bank_transfer
15487,8954,2024-10-29 00:00:00,completed,referral,bank_transfer
15488,379,2024-05-18 00:00:00,completed,organic_search,bank_transfer
15489,4585,2024-12-27 00:00:00,returned,social_media,paypal
15490,5802,2024-02-09 00:00:00,completed,referral,bank_transfer
15491,6121,2024-08-16 00:00:00,completed,paid_search,bank_transfer
15492,6974,2025-01-14 00:00:00,completed,referral,paypal
15493,7029,2025-01-01 00:00:00,completed,direct,bank_transfer
15494,8819,2024-02-29 09:43:42,completed,direct,bank_transfer
15495,6985,2025-05-16 00:00:00,completed,social_media,paypal
15496,7621,2025-04-19 00:00:00,cancelled,paid_search,credit_card
15497,4919,2024-06-04 00:00:00,completed,direct,bank_transfer
15498,6091,2025-12-11 00:00:00,cancelled,direct,bank_transfer
15499,4415,2024-04-28 08:35:37,completed,direct,paypal
15500,2596,2025-11-05 00:00:00,completed,referral,debit_card
15501,2904,2024-01-01 00:00:00,cancelled,direct,bank_transfer
15502,3322,2025-11-17 18:14:25,completed,social_media,paypal
15503,3148,2024-01-28 00:00:00,completed,paid_search,bank_transfer
15504,4925,2025-10-09 00:00:00,completed,direct,credit_card
15505,2325,2024-12-04 06:25:54,completed,direct,bank_transfer
15506,4783,2025-08-29 00:00:00,completed,referral,bank_transfer
15507,8476,2024-12-23 00:00:00,completed,email,credit_card
15508,3733,2024-03-30 00:00:00,completed,referral,credit_card
15509,2092,2025-09-16 00:00:00,completed,email,credit_card
15510,3201,2024-03-30 00:00:00,completed,social_media,bank_transfer
15511,8111,2025-12-03 00:00:00,completed,organic_search,bank_transfer
15512,8686,2024-08-03 00:00:00,completed,direct,debit_card
15513,8202,2025-02-25 00:00:00,completed,email,bank_transfer
15514,2693,2025-08-18 00:00:00,completed,referral,paypal
15515,3573,2024-12-19 00:00:00,completed,paid_search,bank_transfer
15516,8991,2024-08-22 00:00:00,completed,referral,paypal
15517,3001,2025-09-11 00:00:00,completed,referral,debit_card
15518,1328,2025-09-27 00:00:00,completed,paid_search,paypal
15519,2651,2025-03-12 00:00:00,returned,social_media,paypal
15520,8895,2024-11-12 00:00:00,completed,paid_search,bank_transfer
15521,3830,2025-03-18 00:00:00,completed,paid_search,debit_card
15522,8613,2024-12-04 00:00:00,cancelled,organic_search,credit_card
15523,1022,2024-09-26 00:00:00,completed,direct,debit_card
15524,7072,2025-09-06 00:00:00,completed,organic_search,debit_card
15525,913,2024-11-22 00:00:00,completed,direct,paypal
15526,1875,2025-10-01 00:00:00,completed,email,bank_transfer
15527,5678,2024-12-24 12:02:54,completed,social_media,debit_card
15528,4008,2025-08-11 00:00:00,completed,organic_search,paypal
15529,6168,2025-01-12 00:00:00,completed,social_media,bank_transfer
15530,8979,2025-07-10 00:00:00,completed,organic_search,paypal
15531,516,2025-02-18 00:00:00,completed,direct,bank_transfer
15532,1818,2025-09-23 00:00:00,completed,social_media,paypal
15533,5905,2025-06-22 00:00:00,completed,referral,paypal
15534,8291,2024-03-18 00:00:00,completed,email,debit_card
15535,7389,2024-04-24 00:00:00,completed,social_media,paypal
15536,4302,2024-02-21 00:00:00,completed,email,debit_card
15537,6891,2025-02-05 00:00:00,completed,direct,bank_transfer
15538,1968,2025-10-21 00:00:00,completed,organic_search,debit_card
15539,140,2024-11-07 00:00:00,completed,paid_search,credit_card
15540,5271,2024-12-15 16:22:08,cancelled,referral,bank_transfer
15541,7525,2025-11-28 00:00:00,completed,referral,credit_card
15542,4001,2025-10-28 00:00:00,completed,social_media,bank_transfer
15543,5262,2025-07-09 00:00:00,completed,email,paypal
15544,3898,2024-04-10 00:00:00,cancelled,direct,bank_transfer
15545,4756,2024-05-15 22:21:53,completed,referral,debit_card
15546,8183,2024-01-23 00:00:00,returned,direct,paypal
15547,4416,2024-05-05 00:00:00,completed,paid_search,paypal
15548,73,2024-10-24 00:00:00,completed,email,debit_card
15549,7412,2025-04-20 00:00:00,completed,email,debit_card
15550,5693,2024-03-22 00:00:00,completed,direct,credit_card
15551,6749,2024-03-06 00:00:00,completed,email,paypal
15552,8343,2024-07-18 10:18:29,completed,email,bank_transfer
15553,2682,2025-06-15 00:00:00,completed,paid_search,credit_card
15554,4650,2025-04-06 00:00:00,completed,paid_search,paypal
15555,5553,2025-04-19 00:00:00,completed,direct,credit_card
15556,3189,2024-09-20 00:00:00,completed,paid_search,credit_card
15557,7823,2024-12-08 00:00:00,completed,organic_search,credit_card
15558,6455,2024-04-25 05:43:59,cancelled,email,paypal
15559,6778,2024-08-30 00:00:00,completed,social_media,debit_card
15560,7484,2025-11-23 00:00:00,completed,paid_search,credit_card
15561,2428,2025-12-24 05:08:26,completed,organic_search,paypal
15562,6892,2025-06-26 00:00:00,completed,direct,bank_transfer
15563,7144,2025-12-01 00:00:00,completed,email,paypal
15564,7788,2025-06-23 00:00:00,completed,paid_search,credit_card
15565,4512,2024-02-15 00:00:00,completed,organic_search,bank_transfer
15566,4662,2025-12-30 00:00:00,completed,direct,credit_card
15567,965,2024-04-27 00:00:00,completed,direct,credit_card
15568,7878,2025-07-21 05:29:49,completed,referral,credit_card
15569,4928,2024-09-22 00:00:00,completed,email,paypal
15570,5474,2024-12-19 00:00:00,completed,email,bank_transfer
15571,1186,2025-06-25 00:00:00,cancelled,paid_search,bank_transfer
15572,5547,2025-01-18 00:00:00,completed,direct,paypal
15573,414,2024-09-20 00:00:00,completed,paid_search,credit_card
15574,8541,2024-11-19 00:00:00,completed,social_media,bank_transfer
15575,7987,2024-11-23 00:00:00,completed,social_media,debit_card
15576,1847,2025-12-17 00:00:00,completed,paid_search,debit_card
15577,5467,2025-10-05 00:00:00,completed,email,bank_transfer
15578,5554,2025-02-07 00:00:00,completed,referral,bank_transfer
15579,7449,2024-05-08 00:00:00,completed,social_media,paypal
15580,6993,2025-10-13 00:00:00,completed,organic_search,debit_card
15581,-1,2024-06-24 00:00:00,cancelled,social_media,debit_card
15582,3237,2024-08-15 00:00:00,cancelled,referral,credit_card
15583,1208,2024-12-06 00:00:00,completed,social_media,debit_card
15584,5304,2025-11-16 00:00:00,completed,email,credit_card
15585,7054,2024-05-30 00:00:00,completed,social_media,credit_card
15586,2680,2024-05-20 18:22:12,completed,direct,bank_transfer
15587,2222,2025-09-03 00:00:00,completed,paid_search,credit_card
15588,7440,2024-10-12 00:00:00,completed,paid_search,debit_card
15589,6967,2025-05-02 00:00:00,completed,referral,credit_card
15590,1922,2025-02-01 23:57:25,completed,organic_search,bank_transfer
15591,8044,2025-01-16 00:00:00,completed,organic_search,paypal
15592,1306,2024-10-05 00:00:00,completed,referral,paypal
15593,1066,2024-08-06 00:00:00,completed,social_media,paypal
15594,3239,2025-10-19 00:00:00,cancelled,paid_search,debit_card
15595,8201,2025-11-18 00:00:00,completed,social_media,debit_card
15596,6440,2024-09-07 21:56:38,completed,paid_search,bank_transfer
15597,3633,2024-12-05 00:00:00,completed,referral,debit_card
15598,1496,2024-10-03 00:00:00,completed,paid_search,bank_transfer
15599,6585,2025-05-30 00:00:00,completed,email,bank_transfer
15600,5525,2025-08-13 00:00:00,completed,email,paypal
15601,-1,2024-12-09 05:49:06,completed,direct,paypal
15602,7066,2025-07-19 00:00:00,completed,referral,credit_card
15603,1004,2025-11-08 00:00:00,completed,referral,bank_transfer
15604,6725,2025-12-08 00:00:00,cancelled,paid_search,credit_card
15605,2422,2024-03-23 00:00:00,completed,organic_search,bank_transfer
15606,8872,2024-07-29 10:45:41,completed,social_media,credit_card
15607,197,2024-03-27 00:00:00,completed,referral,bank_transfer
15608,2243,2025-11-11 00:48:30,completed,social_media,paypal
15609,4609,2025-02-10 00:00:00,completed,organic_search,paypal
15610,767,2025-05-06 04:48:29,completed,direct,paypal
15611,3179,2024-12-04 00:00:00,completed,referral,paypal
15612,-1,2024-09-10 00:00:00,completed,direct,paypal
15613,4128,2024-10-28 00:00:00,completed,social_media,paypal
15614,4251,2025-04-27 15:18:02,completed,direct,bank_transfer
15615,8129,2024-09-27 00:00:00,completed,referral,bank_transfer
15616,4674,2024-04-01 00:00:00,completed,paid_search,debit_card
15617,8679,2025-08-23 00:48:42,completed,direct,bank_transfer
15618,1415,2024-10-29 00:00:00,completed,referral,credit_card
15619,2634,2025-02-01 00:00:00,completed,organic_search,paypal
15620,6080,2024-05-26 00:00:00,cancelled,organic_search,paypal
15621,2660,2025-08-10 00:00:00,cancelled,direct,debit_card
15622,3205,2025-04-30 00:00:00,returned,social_media,bank_transfer
15623,8343,2025-11-25 10:29:32,cancelled,direct,debit_card
15624,4976,2025-03-10 14:49:31,completed,direct,bank_transfer
15625,3097,2025-12-10 00:00:00,completed,referral,debit_card
15626,7175,2025-11-21 05:47:17,completed,email,bank_transfer
15627,694,2025-08-05 00:00:00,completed,email,bank_transfer
15628,5207,2025-07-12 00:00:00,completed,referral,paypal
15629,979,2024-11-13 00:00:00,cancelled,social_media,paypal
15630,1671,2024-12-06 00:00:00,completed,organic_search,debit_card
15631,606,2024-01-03 00:00:00,completed,direct,bank_transfer
15632,8345,2025-05-16 00:00:00,completed,referral,credit_card
15633,472,2025-08-17 21:13:19,cancelled,email,bank_transfer
15634,4782,2025-09-20 22:36:33,completed,social_media,paypal
15635,2116,2024-06-17 00:00:00,completed,organic_search,paypal
15636,3542,2025-01-25 06:22:34,completed,referral,debit_card
15637,4561,2024-07-14 00:00:00,completed,direct,credit_card
15638,4155,2025-07-07 00:00:00,completed,organic_search,paypal
15639,6914,2024-06-25 00:00:00,completed,email,paypal
15640,8449,2025-11-26 00:00:00,completed,organic_search,bank_transfer
15641,2802,2024-09-03 00:00:00,completed,social_media,debit_card
15642,250,2024-10-23 00:00:00,completed,organic_search,paypal
15643,8266,2025-04-11 00:00:00,completed,social_media,bank_transfer
15644,-1,2025-02-07 00:00:00,completed,social_media,debit_card
15645,4001,2024-03-02 00:00:00,completed,paid_search,bank_transfer
15646,4206,2025-09-03 00:00:00,returned,email,debit_card
15647,1381,2024-04-13 00:00:00,cancelled,referral,credit_card
15648,4391,2025-12-26 00:00:00,completed,email,debit_card
15649,2827,2025-05-16 00:00:00,completed,direct,debit_card
15650,-1,2024-09-25 00:00:00,completed,referral,bank_transfer
15651,1753,2025-04-29 00:00:00,completed,paid_search,credit_card
15652,3493,2024-04-05 00:00:00,completed,social_media,debit_card
15653,5682,2025-10-06 00:00:00,completed,paid_search,bank_transfer
15654,3188,2025-12-04 00:00:25,completed,email,bank_transfer
15655,4383,2025-11-13 00:00:00,completed,direct,credit_card
15656,8980,2024-11-23 01:49:13,completed,referral,bank_transfer
15657,4705,2024-11-14 00:00:00,completed,organic_search,debit_card
15658,8433,2024-02-17 02:09:15,completed,referral,bank_transfer
15659,423,2025-06-29 00:00:00,completed,paid_search,bank_transfer
15660,1170,2025-08-04 00:00:00,completed,paid_search,credit_card
15661,8717,2025-02-07 12:31:04,completed,paid_search,debit_card
15662,1248,2025-11-27 00:00:00,completed,social_media,credit_card
15663,6812,2024-07-05 10:40:09,completed,direct,debit_card
15664,4117,2024-01-14 00:00:00,completed,referral,credit_card
15665,3742,2024-01-04 00:00:00,completed,email,credit_card
15666,6109,2024-08-27 00:00:00,completed,social_media,paypal
15667,6721,2024-02-15 20:15:05,completed,referral,paypal
15668,8607,2025-03-15 00:00:00,completed,email,credit_card
15669,2416,2024-11-08 00:00:00,completed,paid_search,credit_card
15670,6461,2024-07-17 00:00:00,completed,social_media,credit_card
15671,3160,2025-05-09 00:00:00,completed,paid_search,bank_transfer
15672,6625,2024-08-10 00:00:00,completed,paid_search,debit_card
15673,1366,2025-07-25 00:00:00,completed,organic_search,credit_card
15674,4221,2024-11-27 00:00:00,cancelled,paid_search,debit_card
15675,1743,2025-03-22 00:00:00,returned,email,debit_card
15676,3105,2025-12-07 00:00:00,completed,direct,credit_card
15677,6606,2024-02-20 00:00:00,completed,referral,debit_card
15678,2196,2025-03-13 00:00:00,completed,direct,paypal
15679,6348,2025-11-05 00:00:00,completed,paid_search,credit_card
15680,4579,2025-05-16 00:00:00,completed,organic_search,bank_transfer
15681,-1,2024-12-10 00:00:00,completed,direct,bank_transfer
15682,3560,2024-12-21 20:53:19,completed,referral,debit_card
15683,8043,2025-07-20 00:00:00,completed,direct,debit_card
15684,-1,2025-11-20 00:00:00,completed,referral,bank_transfer
15685,3400,2024-02-25 00:00:00,completed,organic_search,debit_card
15686,538,2024-03-30 00:00:00,completed,organic_search,debit_card
15687,1263,2024-11-14 00:00:00,completed,direct,debit_card
15688,7294,2024-09-05 20:32:12,completed,organic_search,credit_card
15689,6072,2024-02-10 00:00:00,completed,email,paypal
15690,2676,2024-08-25 00:00:00,completed,organic_search,credit_card
15691,3601,2024-08-02 11:58:17,completed,direct,bank_transfer
15692,7506,2024-05-29 00:00:00,completed,paid_search,debit_card
15693,3802,2025-12-07 00:00:00,completed,social_media,paypal
15694,6986,2024-06-11 00:00:00,completed,referral,bank_transfer
15695,2752,2024-08-10 00:00:00,completed,email,bank_transfer
15696,6698,2024-09-16 00:00:00,completed,referral,bank_transfer
15697,4307,2025-12-07 00:00:00,completed,referral,paypal
15698,5035,2025-09-09 00:00:00,completed,organic_search,bank_transfer
15699,5521,2025-09-30 00:00:00,completed,referral,debit_card
15700,4161,2024-05-03 00:00:00,completed,email,debit_card
15701,4307,2025-10-27 00:00:00,completed,referral,debit_card
15702,2501,2024-12-27 00:00:00,completed,social_media,credit_card
15703,-1,2024-10-01 00:00:00,completed,direct,credit_card
15704,8383,2025-05-07 15:01:40,completed,email,paypal
15705,4882,2025-10-19 00:00:00,completed,email,credit_card
15706,344,2025-09-23 00:00:00,completed,email,bank_transfer
15707,1596,2025-11-20 00:00:00,completed,referral,bank_transfer
15708,7895,2025-05-12 00:00:00,completed,direct,credit_card
15709,8596,2024-09-09 00:00:00,completed,email,paypal
15710,1533,2025-01-06 00:00:00,completed,paid_search,bank_transfer
15711,6790,2024-01-21 03:41:50,completed,email,credit_card
15712,5741,2025-11-15 00:00:00,completed,social_media,bank_transfer
15713,2828,2024-06-22 00:00:00,completed,social_media,debit_card
15714,4023,2025-11-08 08:51:57,completed,organic_search,paypal
15715,6263,2024-11-16 00:00:00,completed,direct,credit_card
15716,997,2024-07-12 00:00:00,completed,direct,bank_transfer
15717,1793,2024-02-23 16:04:33,completed,email,debit_card
15718,331,2024-11-15 05:34:18,completed,referral,credit_card
15719,8350,2025-11-19 00:00:00,completed,organic_search,credit_card
15720,5306,2024-02-05 00:00:00,cancelled,email,credit_card
15721,4843,2024-12-26 21:36:35,completed,email,paypal
15722,6533,2024-02-12 00:00:00,completed,paid_search,debit_card
15723,-1,2024-08-12 00:00:00,completed,social_media,paypal
15724,1634,2024-10-07 00:00:00,completed,paid_search,debit_card
15725,1289,2024-09-22 00:00:00,completed,email,paypal
15726,2748,2025-11-15 00:00:00,completed,social_media,paypal
15727,8364,2025-01-17 00:00:00,completed,social_media,paypal
15728,3784,2024-09-10 00:00:00,completed,paid_search,bank_transfer
15729,7349,2025-05-17 00:00:00,completed,paid_search,bank_transfer
15730,1922,2024-09-06 00:00:00,completed,organic_search,paypal
15731,4560,2024-09-28 00:00:00,completed,social_media,bank_transfer
15732,1236,2025-04-16 02:13:37,cancelled,email,paypal
15733,3799,2024-09-09 00:00:00,completed,email,credit_card
15734,2463,2025-07-19 00:00:00,completed,direct,paypal
15735,5065,2025-07-03 00:00:00,completed,referral,paypal
15736,7210,2025-09-19 00:00:00,completed,referral,credit_card
15737,8656,2025-12-13 00:00:00,cancelled,email,credit_card
15738,2667,2024-05-14 00:00:00,completed,paid_search,bank_transfer
15739,6875,2024-11-19 00:00:00,cancelled,email,bank_transfer
15740,8194,2024-11-10 00:00:00,completed,email,bank_transfer
15741,1209,2024-06-18 00:00:00,completed,paid_search,debit_card
15742,5387,2025-12-10 00:00:00,returned,email,debit_card
15743,5642,2025-09-11 00:00:00,completed,social_media,credit_card
15744,2554,2025-01-03 00:00:00,completed,social_media,debit_card
15745,228,2025-04-10 00:00:00,returned,organic_search,bank_transfer
15746,2414,2024-03-17 00:00:00,completed,organic_search,paypal
15747,5372,2025-04-23 00:00:00,completed,referral,debit_card
15748,1865,2025-10-01 00:00:00,completed,organic_search,bank_transfer
15749,2693,2025-06-05 00:00:00,returned,organic_search,paypal
15750,6548,2024-03-10 00:00:00,cancelled,direct,debit_card
15751,3659,2025-07-11 00:00:00,completed,organic_search,paypal
15752,638,2024-12-04 00:00:00,completed,organic_search,bank_transfer
15753,3666,2025-04-15 00:00:00,completed,paid_search,credit_card
15754,-1,2025-04-03 00:00:00,completed,organic_search,debit_card
15755,2450,2024-12-13 00:00:00,completed,referral,paypal
15756,2496,2025-08-16 00:00:00,completed,paid_search,bank_transfer
15757,1611,2025-11-17 00:00:00,completed,social_media,paypal
15758,2547,2024-01-08 00:00:00,completed,referral,bank_transfer
15759,5313,2025-12-07 00:00:00,completed,referral,debit_card
15760,8900,2025-03-22 00:00:00,completed,referral,bank_transfer
15761,5602,2025-08-03 16:35:53,completed,direct,debit_card
15762,3768,2025-11-06 00:00:00,cancelled,organic_search,bank_transfer
15763,3590,2025-02-14 00:00:00,returned,organic_search,bank_transfer
15764,246,2025-10-27 00:00:00,completed,social_media,credit_card
15765,25,2024-07-15 00:00:00,completed,email,bank_transfer
15766,7386,2024-06-26 00:00:00,completed,paid_search,debit_card
15767,4526,2025-03-07 00:00:00,cancelled,social_media,debit_card
15768,330,2025-12-11 00:00:00,completed,referral,bank_transfer
15769,2680,2025-11-21 00:00:00,completed,direct,debit_card
15770,3286,2025-06-24 00:00:00,cancelled,referral,credit_card
15771,7238,2025-04-01 00:00:00,completed,paid_search,credit_card
15772,4007,2024-11-17 00:00:00,completed,social_media,paypal
15773,7307,2025-12-24 00:00:00,completed,social_media,paypal
15774,5844,2024-11-11 18:50:13,completed,referral,credit_card
15775,329,2025-09-01 00:00:00,completed,social_media,paypal
15776,8941,2025-06-04 00:00:00,completed,referral,paypal
15777,1717,2025-05-30 00:00:00,completed,email,bank_transfer
15778,2590,2024-12-19 00:00:00,completed,direct,debit_card
15779,7492,2025-12-19 09:00:03,completed,referral,debit_card
15780,1803,2025-05-04 00:00:00,completed,email,credit_card
15781,3688,2025-12-09 17:46:49,completed,organic_search,bank_transfer
15782,8003,2024-01-11 00:00:00,completed,paid_search,credit_card
15783,5874,2025-05-05 00:00:00,returned,direct,credit_card
15784,2817,2025-08-14 00:00:00,completed,organic_search,bank_transfer
15785,-1,2025-09-02 16:40:32,completed,organic_search,debit_card
15786,7521,2025-11-26 00:00:00,completed,social_media,debit_card
15787,3713,2024-07-01 00:00:00,completed,paid_search,debit_card
15788,5286,2024-01-01 00:00:00,completed,paid_search,debit_card
15789,-1,2025-02-19 00:00:00,completed,email,bank_transfer
15790,8900,2024-10-02 00:00:00,completed,social_media,bank_transfer
15791,4712,2025-12-22 00:00:00,completed,social_media,credit_card
15792,942,2024-08-26 00:00:00,completed,direct,bank_transfer
15793,6488,2025-02-19 00:00:00,completed,referral,paypal
15794,2528,2024-03-19 07:54:45,completed,referral,paypal
15795,6194,2025-03-30 00:00:00,returned,paid_search,paypal
15796,3247,2024-12-13 00:00:00,cancelled,social_media,credit_card
15797,6637,2024-03-01 00:00:00,completed,email,debit_card
15798,3384,2024-11-19 00:00:00,completed,social_media,debit_card
15799,8680,2024-12-18 00:00:00,completed,direct,debit_card
15800,1323,2025-12-28 00:00:00,completed,email,paypal
15801,669,2024-08-13 00:00:00,completed,organic_search,credit_card
15802,7218,2025-04-15 00:00:00,returned,organic_search,credit_card
15803,3691,2025-12-27 00:00:00,completed,paid_search,paypal
15804,4302,2025-01-10 00:00:00,completed,social_media,credit_card
15805,8613,2025-12-29 00:00:00,returned,organic_search,paypal
15806,5428,2025-12-20 07:18:07,completed,social_media,bank_transfer
15807,6117,2025-03-05 00:00:00,completed,direct,bank_transfer
15808,198,2025-07-31 00:00:00,completed,social_media,debit_card
15809,6207,2024-05-09 10:43:17,completed,organic_search,credit_card
15810,3577,2025-01-22 00:00:00,completed,social_media,bank_transfer
15811,4246,2025-11-10 00:00:00,returned,organic_search,debit_card
15812,7484,2025-03-17 00:00:00,completed,organic_search,debit_card
15813,4848,2025-08-04 00:00:00,returned,organic_search,bank_transfer
15814,-1,2025-09-02 18:02:45,completed,direct,debit_card
15815,7381,2024-09-23 00:00:00,completed,direct,bank_transfer
15816,6730,2025-11-14 00:00:00,completed,organic_search,bank_transfer
15817,5414,2025-02-08 07:34:11,completed,paid_search,paypal
15818,3794,2024-08-15 00:00:00,completed,organic_search,bank_transfer
15819,517,2025-11-10 00:00:00,completed,organic_search,paypal
15820,188,2024-12-31 00:00:00,returned,organic_search,credit_card
15821,456,2025-05-09 00:00:00,completed,referral,paypal
15822,8849,2025-04-18 00:00:00,cancelled,social_media,credit_card
15823,3000,2024-12-14 00:00:00,completed,referral,credit_card
15824,6488,2025-12-10 00:00:00,completed,social_media,bank_transfer
15825,5473,2025-05-13 00:00:00,cancelled,organic_search,credit_card
15826,5286,2024-12-18 03:42:40,completed,email,debit_card
15827,5356,2024-05-08 00:00:00,completed,organic_search,debit_card
15828,2817,2025-11-22 00:00:00,completed,paid_search,credit_card
15829,8201,2024-02-18 00:00:00,returned,social_media,debit_card
15830,8505,2025-11-09 03:53:40,completed,direct,paypal
15831,5949,2024-12-03 02:03:40,completed,social_media,debit_card
15832,7990,2025-06-21 00:00:00,completed,organic_search,bank_transfer
15833,589,2025-03-12 00:00:00,completed,referral,debit_card
15834,987,2024-06-19 00:00:00,completed,referral,paypal
15835,5163,2025-01-05 00:00:00,completed,organic_search,bank_transfer
15836,7828,2025-09-14 08:20:52,completed,direct,credit_card
15837,2925,2025-09-10 00:00:00,completed,paid_search,bank_transfer
15838,5054,2025-04-02 00:00:00,completed,referral,paypal
15839,98,2025-10-06 00:00:00,returned,email,debit_card
15840,-1,2025-10-09 00:00:00,completed,referral,debit_card
15841,7080,2025-10-30 00:00:00,completed,referral,credit_card
15842,3332,2025-09-13 00:00:00,completed,email,credit_card
15843,-1,2024-11-30 00:00:00,cancelled,organic_search,paypal
15844,907,2025-12-30 00:00:00,completed,email,debit_card
15845,4287,2025-01-16 00:00:00,returned,organic_search,credit_card
15846,581,2024-02-03 00:00:00,completed,organic_search,credit_card
15847,3100,2024-12-04 04:06:50,completed,paid_search,debit_card
15848,2061,2024-05-26 00:00:00,completed,direct,bank_transfer
15849,2936,2024-05-20 09:05:12,completed,social_media,credit_card
15850,8744,2024-10-16 01:31:08,completed,organic_search,bank_transfer
15851,-1,2024-03-10 00:00:00,completed,referral,paypal
15852,3009,2025-07-26 00:00:00,completed,social_media,credit_card
15853,5910,2024-02-04 00:00:00,completed,email,bank_transfer
15854,6332,2024-08-09 00:00:00,completed,email,paypal
15855,-1,2024-04-21 00:00:00,completed,referral,bank_transfer
15856,5040,2024-03-21 18:01:22,completed,social_media,bank_transfer
15857,6956,2024-05-10 00:00:00,completed,paid_search,credit_card
15858,3526,2025-04-05 00:00:00,cancelled,organic_search,credit_card
15859,1623,2025-12-19 00:00:00,completed,paid_search,debit_card
15860,3967,2025-11-14 00:00:00,completed,referral,debit_card
15861,3861,2025-11-14 00:00:00,completed,social_media,credit_card
15862,3882,2024-07-13 00:00:00,completed,organic_search,paypal
15863,6440,2024-10-02 00:00:00,completed,referral,paypal
15864,3732,2024-04-05 11:21:13,cancelled,email,credit_card
15865,8803,2025-09-23 16:50:30,completed,organic_search,credit_card
15866,-1,2024-03-29 00:00:00,returned,referral,debit_card
15867,4842,2025-04-24 00:00:00,completed,social_media,bank_transfer
15868,5155,2024-09-18 00:00:00,completed,social_media,paypal
15869,3753,2024-09-14 15:30:14,completed,paid_search,bank_transfer
15870,3282,2025-12-28 00:00:00,completed,social_media,paypal
15871,-1,2025-09-09 00:00:00,completed,paid_search,bank_transfer
15872,402,2025-10-28 00:00:00,cancelled,social_media,bank_transfer
15873,3770,2025-04-05 00:00:00,completed,organic_search,credit_card
15874,1454,2025-11-12 01:46:41,completed,email,bank_transfer
15875,6711,2025-06-25 00:00:00,completed,direct,bank_transfer
15876,1849,2025-12-12 00:00:00,completed,social_media,paypal
15877,8185,2024-10-15 00:00:00,returned,organic_search,bank_transfer
15878,3453,2025-05-21 00:00:00,completed,direct,debit_card
15879,8485,2025-07-27 07:12:50,cancelled,organic_search,paypal
15880,-1,2024-12-19 00:00:00,completed,email,credit_card
15881,7117,2025-11-16 00:00:00,cancelled,direct,bank_transfer
15882,5741,2025-12-24 15:10:13,completed,referral,credit_card
15883,1438,2025-08-03 00:00:00,completed,paid_search,bank_transfer
15884,8613,2024-12-18 00:00:00,returned,referral,paypal
15885,7177,2025-02-18 00:00:00,completed,organic_search,credit_card
15886,2700,2025-11-04 00:00:00,completed,direct,credit_card
15887,4325,2025-06-25 00:00:00,completed,referral,credit_card
15888,660,2024-01-03 00:00:00,completed,organic_search,paypal
15889,6108,2025-04-13 00:00:00,completed,paid_search,bank_transfer
15890,1210,2024-01-25 23:39:31,completed,organic_search,paypal
15891,6028,2025-09-23 00:00:00,completed,referral,credit_card
15892,6214,2024-11-16 00:00:00,completed,paid_search,bank_transfer
15893,3008,2025-02-18 00:00:00,completed,direct,credit_card
15894,-1,2025-05-10 00:00:00,completed,email,credit_card
15895,7194,2024-03-03 00:00:00,completed,organic_search,paypal
15896,4584,2024-06-25 00:00:00,returned,organic_search,bank_transfer
15897,8499,2024-12-22 00:00:00,completed,paid_search,debit_card
15898,7916,2024-09-02 00:00:00,cancelled,referral,credit_card
15899,6419,2024-11-21 00:00:00,completed,social_media,debit_card
15900,1476,2025-12-31 00:00:00,completed,referral,bank_transfer
15901,4587,2025-10-21 00:00:00,completed,referral,bank_transfer
15902,7996,2025-11-17 00:00:00,returned,social_media,bank_transfer
15903,5614,2025-12-08 00:00:00,completed,organic_search,bank_transfer
15904,5037,2024-11-23 00:00:00,cancelled,paid_search,debit_card
15905,8817,2024-10-28 00:00:00,completed,email,debit_card
15906,168,2024-06-09 00:00:00,completed,referral,debit_card
15907,122,2025-10-24 00:00:00,completed,social_media,bank_transfer
15908,8256,2025-07-19 00:00:00,completed,organic_search,bank_transfer
15909,380,2024-09-08 21:23:41,completed,email,bank_transfer
15910,3079,2024-12-11 00:00:00,completed,paid_search,credit_card
15911,8549,2025-03-18 00:00:00,completed,referral,bank_transfer
15912,6413,2025-03-04 00:00:00,returned,referral,bank_transfer
15913,5989,2025-11-19 00:00:00,completed,email,credit_card
15914,6084,2024-12-13 14:05:48,completed,social_media,debit_card
15915,2948,2025-11-28 00:00:00,completed,email,bank_transfer
15916,4906,2025-01-22 00:00:00,cancelled,paid_search,paypal
15917,-1,2025-09-03 00:00:00,completed,paid_search,paypal
15918,2854,2025-12-06 00:00:00,completed,paid_search,bank_transfer
15919,7368,2025-11-27 00:00:00,completed,direct,paypal
15920,2986,2024-03-14 00:00:00,completed,social_media,debit_card
15921,701,2024-11-08 00:00:00,completed,paid_search,paypal
15922,1912,2025-02-23 04:53:48,completed,paid_search,debit_card
15923,3759,2025-01-13 00:00:00,completed,direct,paypal
15924,8407,2025-06-22 00:00:00,completed,paid_search,debit_card
15925,3829,2025-12-11 00:00:00,completed,social_media,paypal
15926,877,2024-05-11 23:48:48,cancelled,paid_search,credit_card
15927,1865,2025-02-01 00:00:00,cancelled,organic_search,paypal
15928,5030,2024-07-29 00:00:00,completed,organic_search,credit_card
15929,1681,2025-11-22 00:00:00,completed,direct,paypal
15930,622,2025-12-19 00:00:00,completed,paid_search,credit_card
15931,6596,2025-02-24 00:00:00,completed,direct,debit_card
15932,7250,2024-05-03 00:00:00,completed,referral,credit_card
15933,7865,2025-09-27 21:30:19,completed,organic_search,bank_transfer
15934,7802,2025-08-01 00:00:00,completed,social_media,paypal
15935,-1,2024-11-30 00:00:00,completed,paid_search,paypal
15936,6789,2025-11-19 00:00:00,completed,direct,credit_card
15937,5368,2025-12-23 01:44:46,completed,email,debit_card
15938,237,2025-04-25 00:00:00,completed,organic_search,bank_transfer
15939,3694,2025-04-30 01:09:09,completed,social_media,bank_transfer
15940,518,2024-10-28 00:00:00,completed,referral,debit_card
15941,814,2025-05-13 00:00:00,completed,referral,paypal
15942,550,2025-01-20 00:00:00,returned,paid_search,bank_transfer
15943,8865,2024-01-11 00:00:00,completed,organic_search,debit_card
15944,7804,2024-03-26 00:00:00,cancelled,paid_search,bank_transfer
15945,4044,2024-09-22 00:00:00,completed,referral,bank_transfer
15946,2329,2024-08-03 00:00:00,completed,organic_search,paypal
15947,709,2025-04-13 00:00:00,completed,direct,paypal
15948,3982,2025-05-25 10:33:44,completed,email,credit_card
15949,5536,2025-05-30 00:00:00,completed,referral,credit_card
15950,7385,2024-12-17 00:00:00,returned,organic_search,debit_card
15951,503,2025-01-03 00:00:00,cancelled,organic_search,credit_card
15952,3853,2025-10-26 09:44:46,completed,direct,credit_card
15953,-1,2025-02-22 04:01:02,completed,organic_search,bank_transfer
15954,1178,2025-12-27 00:00:00,completed,social_media,debit_card
15955,3681,2025-01-20 06:12:03,completed,referral,bank_transfer
15956,2584,2025-06-28 00:00:00,completed,organic_search,paypal
15957,1300,2024-07-03 00:00:00,completed,organic_search,debit_card
15958,7759,2025-06-30 00:00:00,cancelled,social_media,paypal
15959,6452,2025-11-04 17:13:07,completed,organic_search,paypal
15960,3784,2025-12-10 00:00:00,completed,direct,paypal
15961,3400,2025-12-30 00:00:00,completed,direct,debit_card
15962,7654,2024-10-16 00:00:00,completed,social_media,bank_transfer
15963,889,2025-05-07 10:12:18,completed,social_media,paypal
15964,1407,2025-01-31 00:00:00,returned,paid_search,debit_card
15965,8390,2025-04-29 00:00:00,completed,organic_search,paypal
15966,7568,2024-06-24 00:00:00,completed,paid_search,paypal
15967,7157,2025-06-11 00:00:00,completed,direct,credit_card
15968,5749,2025-11-28 00:00:00,completed,organic_search,bank_transfer
15969,2737,2025-01-30 00:00:00,returned,organic_search,credit_card
15970,8623,2024-10-15 00:00:00,completed,email,bank_transfer
15971,4545,2024-06-08 00:00:00,completed,organic_search,debit_card
15972,2638,2025-07-22 00:00:00,completed,direct,debit_card
15973,3368,2024-11-06 00:00:00,completed,referral,bank_transfer
15974,172,2025-11-28 00:00:00,completed,email,paypal
15975,2402,2025-07-13 00:00:00,completed,organic_search,bank_transfer
15976,1782,2025-06-25 00:00:00,completed,organic_search,bank_transfer
15977,1313,2025-04-26 00:00:00,completed,direct,bank_transfer
15978,319,2024-02-03 00:00:00,completed,organic_search,paypal
15979,2136,2025-06-12 00:00:00,completed,direct,credit_card
15980,1018,2025-06-12 02:46:41,completed,direct,credit_card
15981,438,2025-12-29 00:00:00,returned,paid_search,bank_transfer
15982,1323,2025-04-10 00:00:00,completed,referral,bank_transfer
15983,1922,2025-08-10 00:00:00,completed,direct,bank_transfer
15984,3831,2024-03-13 00:00:00,completed,organic_search,credit_card
15985,5368,2025-06-15 00:00:00,completed,social_media,debit_card
15986,2991,2025-09-14 00:00:00,completed,referral,paypal
15987,1359,2025-09-23 00:00:00,completed,email,debit_card
15988,8673,2025-09-18 00:00:00,completed,email,paypal
15989,4765,2024-08-30 00:00:00,completed,organic_search,paypal
15990,6861,2025-12-22 05:53:05,cancelled,direct,credit_card
15991,6431,2025-12-30 00:00:00,completed,direct,paypal
15992,-1,2024-04-04 00:00:00,completed,organic_search,credit_card
15993,5173,2025-12-08 15:45:00,completed,organic_search,bank_transfer
15994,5550,2024-10-22 00:00:00,completed,referral,paypal
15995,3247,2025-07-26 19:31:40,completed,organic_search,bank_transfer
15996,6209,2024-11-21 00:00:00,completed,direct,paypal
15997,7320,2025-12-20 00:00:00,completed,social_media,credit_card
15998,3355,2024-04-30 00:00:00,completed,organic_search,paypal
15999,152,2025-03-11 00:00:00,cancelled,referral,bank_transfer
16000,3223,2025-01-10 00:00:00,completed,organic_search,bank_transfer
