customer_id,recency_days,frequency,monetary,r_score,f_score,m_score,rfm_segment
1,290,2,745.57,2,2,4,Lost / Hibernating
2,405,1,44.39,1,1,1,Lost / Hibernating
5,228,1,281.66,2,1,2,Lost / Hibernating
6,58,1,37.54,3,1,1,New / Promising
7,216,5,829.55,2,4,4,At Risk (Valuable)
8,68,5,755.62,3,4,4,Champions
9,207,1,40.27,2,1,1,Lost / Hibernating
10,258,2,365.16,2,2,3,Lost / Hibernating
11,337,1,70.39,2,1,1,Lost / Hibernating
12,36,5,2454.89,4,4,4,Champions
13,255,1,19.94,2,1,1,Lost / Hibernating
15,180,1,24.94,2,1,1,Lost / Hibernating
16,82,1,168.03,3,1,2,New / Promising
18,27,3,232.41,4,3,2,Regular
21,4,1,124.58,4,1,1,New / Promising
22,312,2,147.3,2,2,2,Lost / Hibernating
24,594,2,696.97,1,2,4,Lost / Hibernating
25,30,4,409.57,4,4,3,Champions
27,435,1,159.15,1,1,2,Lost / Hibernating
28,118,1,30.7,3,1,1,New / Promising
29,190,1,341.9,2,1,3,Lost / Hibernating
30,515,1,927.91,1,1,4,Lost / Hibernating
31,66,3,588.41,3,3,3,Champions
33,30,2,708.86,4,2,4,New / Promising
34,95,3,1007.07,3,3,4,Champions
35,115,2,431.82,3,2,3,New / Promising
36,505,1,1454.69,1,1,4,Lost / Hibernating
37,39,2,601.66,4,2,3,New / Promising
38,13,2,1136.14,4,2,4,New / Promising
39,490,1,270.53,1,1,2,Lost / Hibernating
40,87,2,751.81,3,2,4,New / Promising
41,619,1,28.33,1,1,1,Lost / Hibernating
42,148,3,681.19,3,3,3,Champions
44,14,2,375.03,4,2,3,New / Promising
45,660,1,293.96,1,1,2,Lost / Hibernating
46,417,2,565.79,1,2,3,Lost / Hibernating
49,274,2,441.12,2,2,3,Lost / Hibernating
50,7,2,61.85,4,2,1,New / Promising
52,467,1,68.79,1,1,1,Lost / Hibernating
53,120,3,644.98,3,3,3,Champions
54,432,1,114.15,1,1,1,Lost / Hibernating
55,39,2,407.32,4,2,3,New / Promising
56,141,2,393.19,3,2,3,New / Promising
58,82,1,356.05,3,1,3,New / Promising
59,79,1,1232.7,3,1,4,New / Promising
61,65,3,562.59,3,3,3,Champions
62,36,3,412.42,4,3,3,Champions
63,368,2,1232.68,2,2,4,Lost / Hibernating
66,693,1,117.52,1,1,1,Lost / Hibernating
67,208,3,1011.62,2,3,4,At Risk (Valuable)
68,488,2,1187.41,1,2,4,Lost / Hibernating
70,400,2,153.25,1,2,2,Lost / Hibernating
73,203,4,1474.28,2,4,4,At Risk (Valuable)
74,4,1,89.75,4,1,1,New / Promising
75,60,1,179.91,3,1,2,New / Promising
76,332,1,108.17,2,1,1,Lost / Hibernating
79,76,5,1842.49,3,4,4,Champions
80,515,1,11.35,1,1,1,Lost / Hibernating
81,106,1,159.11,3,1,2,New / Promising
82,257,4,944.22,2,4,4,At Risk (Valuable)
83,370,1,137.19,2,1,1,Lost / Hibernating
84,240,3,664.03,2,3,3,At Risk (Valuable)
87,41,5,833.52,4,4,4,Champions
88,26,3,1667.04,4,3,4,Champions
89,254,2,385.33,2,2,3,Lost / Hibernating
92,97,2,143.51,3,2,1,New / Promising
93,570,1,188.58,1,1,2,Lost / Hibernating
94,20,1,418.73,4,1,3,New / Promising
95,160,2,246.99,3,2,2,New / Promising
96,230,4,765.76,2,4,4,At Risk (Valuable)
97,176,1,30.92,2,1,1,Lost / Hibernating
98,343,1,5.87,2,1,1,Lost / Hibernating
99,483,1,310.75,1,1,2,Lost / Hibernating
101,161,1,65.87,3,1,1,New / Promising
102,369,1,39.89,2,1,1,Lost / Hibernating
103,202,2,627.75,2,2,3,Lost / Hibernating
104,4,1,40.24,4,1,1,New / Promising
105,128,3,1184.54,3,3,4,Champions
106,114,1,68.08,3,1,1,New / Promising
110,33,3,708.06,4,3,4,Champions
111,402,1,96.53,1,1,1,Lost / Hibernating
112,311,1,11.57,2,1,1,Lost / Hibernating
114,560,1,81.17,1,1,1,Lost / Hibernating
115,520,1,397.98,1,1,3,Lost / Hibernating
116,50,2,832.26,4,2,4,New / Promising
117,469,1,132.4,1,1,1,Lost / Hibernating
118,19,3,876.03,4,3,4,Champions
121,337,3,285.07,2,3,2,Regular
122,69,1,228.77,3,1,2,New / Promising
124,89,4,2252.64,3,4,4,Champions
125,155,2,1726.37,3,2,4,New / Promising
126,592,1,217.77,1,1,2,Lost / Hibernating
127,141,3,578.22,3,3,3,Champions
129,181,4,1076.87,2,4,4,At Risk (Valuable)
131,5,2,585.0,4,2,3,New / Promising
132,534,1,128.46,1,1,1,Lost / Hibernating
133,368,3,1004.4,2,3,4,At Risk (Valuable)
134,304,1,76.43,2,1,1,Lost / Hibernating
135,471,1,115.28,1,1,1,Lost / Hibernating
136,29,2,365.59,4,2,3,New / Promising
137,215,3,559.98,2,3,3,At Risk (Valuable)
140,420,1,130.69,1,1,1,Lost / Hibernating
141,114,1,135.91,3,1,1,New / Promising
143,330,4,462.21,2,4,3,At Risk (Valuable)
144,397,1,273.84,1,1,2,Lost / Hibernating
145,356,3,403.57,2,3,3,At Risk (Valuable)
146,408,1,49.14,1,1,1,Lost / Hibernating
147,42,4,1187.6,4,4,4,Champions
148,222,3,879.69,2,3,4,At Risk (Valuable)
150,164,2,213.3,3,2,2,New / Promising
151,375,1,373.03,1,1,3,Lost / Hibernating
153,127,1,121.47,3,1,1,New / Promising
156,417,1,175.92,1,1,2,Lost / Hibernating
157,415,3,1119.89,1,3,4,At Risk (Valuable)
158,248,2,700.29,2,2,4,Lost / Hibernating
160,36,1,421.26,4,1,3,New / Promising
162,127,2,161.25,3,2,2,New / Promising
163,369,4,1431.11,2,4,4,At Risk (Valuable)
164,168,2,1374.73,3,2,4,New / Promising
166,116,2,214.2,3,2,2,New / Promising
168,20,2,665.77,4,2,3,New / Promising
169,475,1,78.12,1,1,1,Lost / Hibernating
171,280,1,39.7,2,1,1,Lost / Hibernating
172,34,2,334.87,4,2,3,New / Promising
173,146,2,1813.63,3,2,4,New / Promising
174,113,1,151.47,3,1,2,New / Promising
175,34,1,150.85,4,1,2,New / Promising
177,206,2,567.82,2,2,3,Lost / Hibernating
179,171,1,1097.71,3,1,4,New / Promising
180,235,6,1866.02,2,4,4,At Risk (Valuable)
181,24,2,340.6,4,2,3,New / Promising
182,435,1,96.28,1,1,1,Lost / Hibernating
183,495,2,268.99,1,2,2,Lost / Hibernating
184,407,1,1004.79,1,1,4,Lost / Hibernating
186,126,2,199.11,3,2,2,New / Promising
187,154,1,225.7,3,1,2,New / Promising
190,156,2,66.61,3,2,1,New / Promising
192,262,1,88.08,2,1,1,Lost / Hibernating
193,49,1,168.15,4,1,2,New / Promising
194,607,1,739.5,1,1,4,Lost / Hibernating
195,154,2,650.41,3,2,3,New / Promising
196,140,2,320.01,3,2,2,New / Promising
197,18,4,795.32,4,4,4,Champions
198,109,3,593.03,3,3,3,Champions
199,587,1,152.55,1,1,2,Lost / Hibernating
200,366,2,167.04,2,2,2,Lost / Hibernating
201,44,2,787.29,4,2,4,New / Promising
202,12,1,82.45,4,1,1,New / Promising
203,304,1,40.66,2,1,1,Lost / Hibernating
205,39,4,605.04,4,4,3,Champions
206,60,1,89.68,3,1,1,New / Promising
207,258,2,225.1,2,2,2,Lost / Hibernating
208,16,1,236.64,4,1,2,New / Promising
209,29,3,822.49,4,3,4,Champions
211,461,2,335.86,1,2,3,Lost / Hibernating
212,12,1,18.12,4,1,1,New / Promising
215,76,1,414.54,3,1,3,New / Promising
216,234,2,401.55,2,2,3,Lost / Hibernating
218,3,2,179.48,4,2,2,New / Promising
219,276,1,33.67,2,1,1,Lost / Hibernating
222,136,2,255.53,3,2,2,New / Promising
223,17,2,317.62,4,2,2,New / Promising
225,15,3,593.86,4,3,3,Champions
226,661,1,129.13,1,1,1,Lost / Hibernating
227,365,1,37.99,2,1,1,Lost / Hibernating
228,295,1,116.11,2,1,1,Lost / Hibernating
230,332,3,407.12,2,3,3,At Risk (Valuable)
231,35,1,36.18,4,1,1,New / Promising
232,406,1,222.6,1,1,2,Lost / Hibernating
233,304,1,21.89,2,1,1,Lost / Hibernating
234,117,2,514.74,3,2,3,New / Promising
235,359,1,138.5,2,1,1,Lost / Hibernating
236,502,1,634.51,1,1,3,Lost / Hibernating
237,251,2,598.41,2,2,3,Lost / Hibernating
238,323,1,70.18,2,1,1,Lost / Hibernating
239,27,5,1594.1,4,4,4,Champions
243,340,1,60.94,2,1,1,Lost / Hibernating
244,48,3,565.29,4,3,3,Champions
245,123,2,533.36,3,2,3,New / Promising
246,66,1,748.57,3,1,4,New / Promising
248,1,2,1157.82,4,2,4,New / Promising
250,210,3,1135.17,2,3,4,At Risk (Valuable)
251,302,2,635.28,2,2,3,Lost / Hibernating
252,314,3,475.44,2,3,3,At Risk (Valuable)
253,30,1,531.66,4,1,3,New / Promising
254,267,1,176.12,2,1,2,Lost / Hibernating
255,196,2,350.44,2,2,3,Lost / Hibernating
256,7,4,715.9,4,4,4,Champions
257,543,1,211.64,1,1,2,Lost / Hibernating
259,447,1,77.72,1,1,1,Lost / Hibernating
260,37,1,218.34,4,1,2,New / Promising
261,324,1,806.53,2,1,4,Lost / Hibernating
262,101,1,247.55,3,1,2,New / Promising
263,111,1,131.21,3,1,1,New / Promising
265,476,3,551.42,1,3,3,At Risk (Valuable)
266,53,1,121.23,4,1,1,New / Promising
267,13,4,615.6,4,4,3,Champions
269,26,3,979.56,4,3,4,Champions
272,32,1,105.01,4,1,1,New / Promising
274,204,1,41.88,2,1,1,Lost / Hibernating
276,471,1,38.72,1,1,1,Lost / Hibernating
277,3,2,74.99,4,2,1,New / Promising
278,283,1,43.2,2,1,1,Lost / Hibernating
279,369,1,85.03,2,1,1,Lost / Hibernating
280,209,2,696.19,2,2,4,Lost / Hibernating
281,11,2,182.94,4,2,2,New / Promising
282,75,3,688.73,3,3,4,Champions
284,10,3,460.32,4,3,3,Champions
285,489,1,90.43,1,1,1,Lost / Hibernating
286,7,1,14.24,4,1,1,New / Promising
287,146,3,471.47,3,3,3,Champions
288,220,4,793.57,2,4,4,At Risk (Valuable)
289,1,8,2818.96,4,4,4,Champions
291,293,2,183.91,2,2,2,Lost / Hibernating
293,55,4,1186.6,4,4,4,Champions
294,218,1,89.57,2,1,1,Lost / Hibernating
295,22,1,71.41,4,1,1,New / Promising
296,11,2,1157.11,4,2,4,New / Promising
297,375,2,672.02,1,2,3,Lost / Hibernating
299,132,1,111.87,3,1,1,New / Promising
300,689,1,233.39,1,1,2,Lost / Hibernating
301,198,2,209.78,2,2,2,Lost / Hibernating
302,386,3,1180.12,1,3,4,At Risk (Valuable)
303,508,1,153.98,1,1,2,Lost / Hibernating
305,20,3,448.65,4,3,3,Champions
308,113,1,204.08,3,1,2,New / Promising
312,45,4,594.73,4,4,3,Champions
313,45,3,525.19,4,3,3,Champions
314,242,2,1234.21,2,2,4,Lost / Hibernating
319,698,1,503.73,1,1,3,Lost / Hibernating
320,429,1,642.12,1,1,3,Lost / Hibernating
321,87,2,103.82,3,2,1,New / Promising
322,289,2,328.29,2,2,2,Lost / Hibernating
323,90,2,81.31,3,2,1,New / Promising
324,299,1,196.31,2,1,2,Lost / Hibernating
325,204,3,95.14,2,3,1,Regular
328,22,2,597.17,4,2,3,New / Promising
329,122,1,119.93,3,1,1,New / Promising
330,21,2,104.81,4,2,1,New / Promising
331,412,1,900.76,1,1,4,Lost / Hibernating
332,378,3,665.42,1,3,3,At Risk (Valuable)
334,62,2,185.64,3,2,2,New / Promising
335,123,2,336.36,3,2,3,New / Promising
336,22,2,100.19,4,2,1,New / Promising
337,298,1,216.13,2,1,2,Lost / Hibernating
339,69,1,355.02,3,1,3,New / Promising
340,633,1,513.77,1,1,3,Lost / Hibernating
341,20,1,59.83,4,1,1,New / Promising
343,7,4,599.48,4,4,3,Champions
344,32,4,1239.74,4,4,4,Champions
345,60,1,670.89,3,1,3,New / Promising
347,268,2,160.22,2,2,2,Lost / Hibernating
348,4,2,172.16,4,2,2,New / Promising
350,317,1,639.22,2,1,3,Lost / Hibernating
351,334,3,117.05,2,3,1,Regular
352,599,1,73.92,1,1,1,Lost / Hibernating
353,259,1,32.19,2,1,1,Lost / Hibernating
354,376,2,386.6,1,2,3,Lost / Hibernating
355,123,3,441.02,3,3,3,Champions
356,160,1,112.23,3,1,1,New / Promising
357,33,2,522.64,4,2,3,New / Promising
358,83,2,111.88,3,2,1,New / Promising
359,147,2,1012.66,3,2,4,New / Promising
362,679,1,71.3,1,1,1,Lost / Hibernating
367,36,10,4251.3,4,4,4,Champions
369,53,1,397.28,4,1,3,New / Promising
371,63,2,1190.87,3,2,4,New / Promising
372,396,1,161.71,1,1,2,Lost / Hibernating
375,44,2,159.49,4,2,2,New / Promising
376,141,1,40.73,3,1,1,New / Promising
377,104,3,939.83,3,3,4,Champions
379,378,3,1178.2,1,3,4,At Risk (Valuable)
380,33,3,1118.34,4,3,4,Champions
384,119,1,265.2,3,1,2,New / Promising
386,77,1,75.64,3,1,1,New / Promising
387,195,2,167.93,2,2,2,Lost / Hibernating
389,19,2,517.97,4,2,3,New / Promising
390,450,1,41.38,1,1,1,Lost / Hibernating
391,63,2,379.57,3,2,3,New / Promising
393,22,4,1114.45,4,4,4,Champions
394,61,6,1464.15,3,4,4,Champions
395,155,5,993.84,3,4,4,Champions
396,367,1,57.42,2,1,1,Lost / Hibernating
397,51,1,214.23,4,1,2,New / Promising
398,376,1,37.61,1,1,1,Lost / Hibernating
399,51,1,610.4,4,1,3,New / Promising
401,418,1,59.0,1,1,1,Lost / Hibernating
402,54,5,627.58,4,4,3,Champions
403,71,3,527.79,3,3,3,Champions
404,242,2,603.49,2,2,3,Lost / Hibernating
405,41,3,672.38,4,3,3,Champions
406,545,1,63.32,1,1,1,Lost / Hibernating
407,491,1,153.53,1,1,2,Lost / Hibernating
409,48,5,990.79,4,4,4,Champions
410,71,2,73.54,3,2,1,New / Promising
412,220,2,168.97,2,2,2,Lost / Hibernating
414,468,1,84.81,1,1,1,Lost / Hibernating
415,381,1,89.43,1,1,1,Lost / Hibernating
416,25,1,261.42,4,1,2,New / Promising
417,253,1,31.74,2,1,1,Lost / Hibernating
418,406,1,173.2,1,1,2,Lost / Hibernating
419,257,3,542.98,2,3,3,At Risk (Valuable)
420,341,1,255.84,2,1,2,Lost / Hibernating
421,12,2,109.78,4,2,1,New / Promising
422,486,1,951.9,1,1,4,Lost / Hibernating
423,105,6,1048.09,3,4,4,Champions
424,376,2,1662.82,1,2,4,Lost / Hibernating
425,5,1,299.05,4,1,2,New / Promising
426,95,2,490.8,3,2,3,New / Promising
428,102,3,397.28,3,3,3,Champions
429,530,3,848.17,1,3,4,At Risk (Valuable)
430,71,1,69.16,3,1,1,New / Promising
431,199,1,110.68,2,1,1,Lost / Hibernating
432,95,2,151.83,3,2,2,New / Promising
433,179,1,357.1,2,1,3,Lost / Hibernating
434,20,3,884.09,4,3,4,Champions
436,200,5,951.03,2,4,4,At Risk (Valuable)
437,117,3,492.3,3,3,3,Champions
438,75,1,370.57,3,1,3,New / Promising
439,363,2,396.47,2,2,3,Lost / Hibernating
441,532,1,89.25,1,1,1,Lost / Hibernating
442,263,3,441.47,2,4,3,At Risk (Valuable)
444,408,1,28.94,1,1,1,Lost / Hibernating
445,146,1,368.82,3,1,3,New / Promising
446,131,1,713.01,3,1,4,New / Promising
447,60,2,427.87,3,2,3,New / Promising
449,113,2,162.0,3,2,2,New / Promising
452,438,2,226.75,1,2,2,Lost / Hibernating
453,485,2,749.44,1,2,4,Lost / Hibernating
454,669,1,233.57,1,1,2,Lost / Hibernating
455,60,2,125.01,3,2,1,New / Promising
456,184,3,419.64,2,4,3,At Risk (Valuable)
458,110,1,80.24,3,1,1,New / Promising
459,24,1,56.69,4,1,1,New / Promising
460,2,2,425.53,4,2,3,New / Promising
461,56,7,1729.4,4,4,4,Champions
462,446,1,157.32,1,1,2,Lost / Hibernating
464,261,2,589.96,2,2,3,Lost / Hibernating
465,167,4,316.68,3,4,2,Regular
467,62,1,28.03,3,1,1,New / Promising
468,82,1,237.85,3,1,2,New / Promising
471,222,3,556.4,2,4,3,At Risk (Valuable)
472,181,3,350.99,2,4,3,At Risk (Valuable)
474,296,2,89.17,2,2,1,Lost / Hibernating
475,305,2,422.06,2,2,3,Lost / Hibernating
477,485,2,557.26,1,2,3,Lost / Hibernating
478,652,1,690.58,1,1,4,Lost / Hibernating
479,213,1,210.16,2,1,2,Lost / Hibernating
480,325,1,149.72,2,1,2,Lost / Hibernating
481,166,2,1394.25,3,2,4,New / Promising
482,19,3,287.01,4,4,2,Regular
483,434,1,64.35,1,1,1,Lost / Hibernating
484,187,1,108.8,2,1,1,Lost / Hibernating
485,454,2,308.76,1,2,2,Lost / Hibernating
486,529,3,211.03,1,4,2,Regular
487,406,1,56.12,1,1,1,Lost / Hibernating
488,167,1,442.53,3,1,3,New / Promising
489,159,2,561.86,3,2,3,New / Promising
492,78,4,1971.76,3,4,4,Champions
494,256,2,703.48,2,2,4,Lost / Hibernating
495,85,2,180.69,3,2,2,New / Promising
496,118,4,1867.33,3,4,4,Champions
497,69,3,551.09,3,4,3,Champions
499,232,3,563.98,2,4,3,At Risk (Valuable)
501,161,2,865.22,3,2,4,New / Promising
502,67,2,573.26,3,2,3,New / Promising
503,110,4,1896.64,3,4,4,Champions
504,684,1,42.41,1,1,1,Lost / Hibernating
506,222,1,118.05,2,1,1,Lost / Hibernating
511,246,1,240.08,2,1,2,Lost / Hibernating
512,528,2,372.76,1,2,3,Lost / Hibernating
513,47,3,1204.46,4,4,4,Champions
515,52,1,338.02,4,1,3,New / Promising
516,303,3,1263.8,2,4,4,At Risk (Valuable)
517,52,2,158.52,4,2,2,New / Promising
518,430,1,250.84,1,1,2,Lost / Hibernating
519,75,1,146.37,3,1,1,New / Promising
520,19,1,111.09,4,1,1,New / Promising
521,15,4,781.88,4,4,4,Champions
522,101,3,1025.9,3,4,4,Champions
526,131,1,543.82,3,1,3,New / Promising
527,514,1,56.71,1,1,1,Lost / Hibernating
529,477,1,115.31,1,1,1,Lost / Hibernating
530,731,1,49.04,1,1,1,Lost / Hibernating
531,171,1,99.1,3,1,1,New / Promising
533,384,1,40.46,1,1,1,Lost / Hibernating
534,85,1,112.38,3,1,1,New / Promising
535,117,3,1329.86,3,4,4,Champions
537,378,1,61.02,1,1,1,Lost / Hibernating
538,50,3,826.2,4,4,4,Champions
540,68,4,1107.51,3,4,4,Champions
541,212,1,49.54,2,1,1,Lost / Hibernating
543,16,2,155.23,4,2,2,New / Promising
544,436,1,348.3,1,1,3,Lost / Hibernating
549,59,2,294.24,3,2,2,New / Promising
550,365,1,230.58,2,1,2,Lost / Hibernating
551,205,1,196.52,2,1,2,Lost / Hibernating
552,133,2,574.28,3,2,3,New / Promising
553,327,2,293.39,2,2,2,Lost / Hibernating
554,252,1,30.9,2,1,1,Lost / Hibernating
556,74,1,167.54,3,1,2,New / Promising
557,184,2,709.73,2,2,4,Lost / Hibernating
559,5,3,375.51,4,4,3,Champions
560,292,1,1415.54,2,1,4,Lost / Hibernating
561,156,1,81.68,3,1,1,New / Promising
562,466,1,250.52,1,1,2,Lost / Hibernating
563,13,2,69.15,4,2,1,New / Promising
565,93,3,397.81,3,4,3,Champions
566,109,1,142.14,3,1,1,New / Promising
567,30,1,721.42,4,1,4,New / Promising
569,309,1,37.23,2,1,1,Lost / Hibernating
570,83,1,95.39,3,1,1,New / Promising
572,13,2,503.58,4,2,3,New / Promising
574,166,1,227.08,3,1,2,New / Promising
575,37,2,571.86,4,2,3,New / Promising
576,600,1,114.04,1,1,1,Lost / Hibernating
577,416,1,205.48,1,1,2,Lost / Hibernating
580,611,1,17.65,1,1,1,Lost / Hibernating
581,542,3,667.92,1,4,3,At Risk (Valuable)
582,12,6,656.61,4,4,3,Champions
583,138,1,439.3,3,1,3,New / Promising
584,89,2,498.1,3,2,3,New / Promising
586,388,2,143.82,1,2,1,Lost / Hibernating
587,50,1,168.48,4,1,2,New / Promising
588,547,2,190.0,1,2,2,Lost / Hibernating
589,295,2,143.24,2,2,1,Lost / Hibernating
590,576,1,234.7,1,1,2,Lost / Hibernating
592,295,1,183.88,2,1,2,Lost / Hibernating
593,620,2,615.11,1,2,3,Lost / Hibernating
595,421,1,64.4,1,1,1,Lost / Hibernating
597,630,2,239.56,1,2,2,Lost / Hibernating
599,340,1,332.76,2,1,2,Lost / Hibernating
601,4,15,4361.56,4,4,4,Champions
603,450,1,80.69,1,1,1,Lost / Hibernating
604,77,1,353.85,3,1,3,New / Promising
605,10,4,620.51,4,4,3,Champions
606,293,3,673.38,2,4,3,At Risk (Valuable)
608,704,1,66.04,1,1,1,Lost / Hibernating
609,329,1,129.78,2,1,1,Lost / Hibernating
610,181,1,116.18,2,1,1,Lost / Hibernating
611,53,3,698.17,4,4,4,Champions
612,15,1,337.95,4,1,3,New / Promising
614,95,2,854.45,3,2,4,New / Promising
615,113,2,440.6,3,2,3,New / Promising
618,48,1,74.16,4,1,1,New / Promising
619,109,1,21.46,3,1,1,New / Promising
620,111,1,72.06,3,1,1,New / Promising
621,212,3,744.66,2,4,4,At Risk (Valuable)
622,13,2,410.79,4,2,3,New / Promising
623,320,2,76.04,2,2,1,Lost / Hibernating
625,44,3,1786.73,4,4,4,Champions
626,296,1,374.91,2,1,3,Lost / Hibernating
628,196,2,606.07,2,2,3,Lost / Hibernating
630,274,1,72.32,2,1,1,Lost / Hibernating
632,662,1,11.7,1,1,1,Lost / Hibernating
633,150,2,279.27,3,2,2,New / Promising
635,280,2,1151.81,2,2,4,Lost / Hibernating
637,131,1,10.62,3,1,1,New / Promising
638,393,2,1212.48,1,2,4,Lost / Hibernating
639,611,1,301.27,1,1,2,Lost / Hibernating
641,28,2,825.38,4,2,4,New / Promising
642,461,1,576.71,1,1,3,Lost / Hibernating
643,203,2,515.31,2,2,3,Lost / Hibernating
644,21,4,1050.36,4,4,4,Champions
646,46,1,432.17,4,1,3,New / Promising
648,318,2,327.35,2,2,2,Lost / Hibernating
649,43,1,141.12,4,1,1,New / Promising
653,377,1,202.08,1,1,2,Lost / Hibernating
654,16,2,240.52,4,2,2,New / Promising
655,56,1,201.2,4,1,2,New / Promising
656,7,4,472.96,4,4,3,Champions
657,103,2,100.6,3,2,1,New / Promising
658,6,4,487.75,4,4,3,Champions
659,143,1,69.19,3,1,1,New / Promising
660,47,2,293.62,4,2,2,New / Promising
661,110,2,1091.92,3,2,4,New / Promising
662,23,1,217.91,4,1,2,New / Promising
665,215,2,386.02,2,2,3,Lost / Hibernating
667,419,1,310.06,1,1,2,Lost / Hibernating
668,267,1,471.05,2,1,3,Lost / Hibernating
669,298,2,707.69,2,2,4,Lost / Hibernating
670,430,1,46.95,1,1,1,Lost / Hibernating
673,62,1,318.75,3,1,2,New / Promising
674,6,4,1190.32,4,4,4,Champions
675,390,3,313.24,1,4,2,Regular
677,629,2,228.11,1,2,2,Lost / Hibernating
680,24,1,92.88,4,1,1,New / Promising
681,320,1,150.84,2,1,2,Lost / Hibernating
682,54,6,1171.52,4,4,4,Champions
683,249,1,58.08,2,1,1,Lost / Hibernating
684,225,1,98.9,2,1,1,Lost / Hibernating
685,109,1,330.25,3,1,2,New / Promising
686,49,4,1345.38,4,4,4,Champions
687,365,1,21.06,2,1,1,Lost / Hibernating
688,658,1,832.92,1,1,4,Lost / Hibernating
689,560,1,21.07,1,1,1,Lost / Hibernating
691,176,2,116.85,2,2,1,Lost / Hibernating
692,461,1,83.4,1,1,1,Lost / Hibernating
693,216,2,290.77,2,2,2,Lost / Hibernating
694,47,5,728.98,4,4,4,Champions
695,188,3,836.81,2,4,4,At Risk (Valuable)
696,397,2,1341.95,1,2,4,Lost / Hibernating
697,310,1,102.37,2,1,1,Lost / Hibernating
698,450,1,515.92,1,1,3,Lost / Hibernating
699,694,1,55.48,1,1,1,Lost / Hibernating
701,76,4,575.47,3,4,3,Champions
702,142,1,299.24,3,1,2,New / Promising
703,57,1,61.76,3,1,1,New / Promising
704,220,1,153.16,2,1,2,Lost / Hibernating
705,508,1,597.69,1,1,3,Lost / Hibernating
708,50,6,2342.98,4,4,4,Champions
709,263,1,67.49,2,1,1,Lost / Hibernating
711,289,2,383.87,2,2,3,Lost / Hibernating
716,163,2,411.3,3,2,3,New / Promising
717,211,2,102.24,2,2,1,Lost / Hibernating
719,72,4,656.9,3,4,3,Champions
720,132,4,894.89,3,4,4,Champions
722,35,2,245.95,4,2,2,New / Promising
723,167,1,55.14,3,1,1,New / Promising
724,365,1,80.02,2,1,1,Lost / Hibernating
726,586,1,9.77,1,1,1,Lost / Hibernating
727,72,2,435.37,3,2,3,New / Promising
729,142,2,48.28,3,2,1,New / Promising
731,79,2,271.45,3,2,2,New / Promising
733,238,1,227.46,2,1,2,Lost / Hibernating
734,499,1,22.07,1,1,1,Lost / Hibernating
735,415,2,1583.12,1,2,4,Lost / Hibernating
736,32,4,521.18,4,4,3,Champions
737,543,1,673.59,1,1,3,Lost / Hibernating
738,26,1,88.4,4,1,1,New / Promising
740,21,3,698.33,4,4,4,Champions
742,315,1,541.0,2,1,3,Lost / Hibernating
744,110,1,173.74,3,1,2,New / Promising
745,43,4,863.49,4,4,4,Champions
746,378,3,308.95,1,4,2,Regular
748,53,3,514.56,4,4,3,Champions
749,167,1,71.44,3,1,1,New / Promising
751,285,2,491.67,2,2,3,Lost / Hibernating
752,110,2,419.2,3,2,3,New / Promising
753,487,1,126.31,1,1,1,Lost / Hibernating
754,8,2,1054.05,4,2,4,New / Promising
755,27,4,1476.79,4,4,4,Champions
756,588,1,60.04,1,1,1,Lost / Hibernating
759,213,2,256.44,2,2,2,Lost / Hibernating
760,10,5,1444.9,4,4,4,Champions
762,124,5,1379.34,3,4,4,Champions
763,28,1,90.96,4,1,1,New / Promising
764,117,2,360.56,3,2,3,New / Promising
765,88,3,3164.71,3,4,4,Champions
766,242,1,159.01,2,1,2,Lost / Hibernating
767,136,3,247.25,3,4,2,Regular
769,16,1,180.84,4,1,2,New / Promising
770,140,2,1648.74,3,2,4,New / Promising
771,370,1,22.35,2,1,1,Lost / Hibernating
772,16,2,1167.8,4,2,4,New / Promising
774,615,1,672.2,1,1,3,Lost / Hibernating
775,182,1,71.97,2,1,1,Lost / Hibernating
776,379,3,1859.72,1,4,4,At Risk (Valuable)
777,1,1,44.04,4,1,1,New / Promising
778,7,3,614.88,4,4,3,Champions
779,450,1,1267.68,1,1,4,Lost / Hibernating
780,41,1,11.57,4,1,1,New / Promising
781,536,1,248.34,1,1,2,Lost / Hibernating
782,145,1,152.5,3,1,2,New / Promising
783,431,1,228.08,1,1,2,Lost / Hibernating
784,20,1,182.84,4,1,2,New / Promising
786,173,2,389.68,3,2,3,New / Promising
787,411,3,484.61,1,4,3,At Risk (Valuable)
788,264,2,121.35,2,2,1,Lost / Hibernating
789,183,3,400.79,2,4,3,At Risk (Valuable)
793,131,3,1139.38,3,4,4,Champions
795,270,1,63.18,2,1,1,Lost / Hibernating
796,200,2,674.27,2,2,3,Lost / Hibernating
797,408,1,58.33,1,1,1,Lost / Hibernating
799,427,1,548.07,1,1,3,Lost / Hibernating
800,271,2,285.61,2,2,2,Lost / Hibernating
802,615,1,166.21,1,1,2,Lost / Hibernating
803,284,1,770.31,2,1,4,Lost / Hibernating
804,407,1,11.78,1,1,1,Lost / Hibernating
806,154,2,897.58,3,2,4,New / Promising
807,640,1,192.07,1,1,2,Lost / Hibernating
808,181,3,685.71,2,4,4,At Risk (Valuable)
809,376,2,422.31,1,2,3,Lost / Hibernating
811,435,2,163.1,1,2,2,Lost / Hibernating
814,233,1,75.32,2,1,1,Lost / Hibernating
815,93,2,849.09,3,2,4,New / Promising
816,14,3,596.42,4,4,3,Champions
817,20,1,128.52,4,1,1,New / Promising
818,23,3,780.97,4,4,4,Champions
821,67,1,91.19,3,1,1,New / Promising
823,47,2,962.91,4,2,4,New / Promising
824,122,2,363.61,3,2,3,New / Promising
826,149,3,1246.04,3,4,4,Champions
827,688,1,443.24,1,1,3,Lost / Hibernating
828,295,5,355.95,2,4,3,At Risk (Valuable)
830,234,1,49.16,2,1,1,Lost / Hibernating
833,334,1,1012.44,2,1,4,Lost / Hibernating
835,119,1,246.16,3,1,2,New / Promising
836,418,3,668.81,1,4,3,At Risk (Valuable)
839,215,1,197.98,2,1,2,Lost / Hibernating
840,98,1,353.21,3,1,3,New / Promising
842,131,3,539.47,3,4,3,Champions
843,66,1,358.53,3,1,3,New / Promising
844,206,4,720.56,2,4,4,At Risk (Valuable)
845,155,2,331.02,3,2,2,New / Promising
847,56,3,204.8,4,4,2,Regular
848,12,2,170.69,4,2,2,New / Promising
851,45,3,187.38,4,4,2,Regular
852,84,1,90.4,3,1,1,New / Promising
853,728,1,124.49,1,1,1,Lost / Hibernating
854,92,1,68.89,3,1,1,New / Promising
855,506,1,50.83,1,1,1,Lost / Hibernating
858,175,2,301.25,2,2,2,Lost / Hibernating
860,252,3,480.55,2,4,3,At Risk (Valuable)
861,23,2,452.73,4,2,3,New / Promising
863,527,1,207.39,1,1,2,Lost / Hibernating
864,266,2,329.34,2,2,2,Lost / Hibernating
866,84,5,618.42,3,4,3,Champions
867,184,1,83.49,2,1,1,Lost / Hibernating
869,151,2,769.76,3,2,4,New / Promising
870,70,3,657.76,3,4,3,Champions
871,436,1,138.78,1,1,1,Lost / Hibernating
872,296,1,58.17,2,1,1,Lost / Hibernating
873,517,1,33.33,1,1,1,Lost / Hibernating
874,248,2,274.16,2,2,2,Lost / Hibernating
875,306,3,1415.72,2,4,4,At Risk (Valuable)
876,227,1,44.38,2,1,1,Lost / Hibernating
879,22,1,223.62,4,1,2,New / Promising
880,493,1,606.24,1,1,3,Lost / Hibernating
881,72,2,452.91,3,2,3,New / Promising
882,305,1,596.51,2,1,3,Lost / Hibernating
884,327,3,381.54,2,4,3,At Risk (Valuable)
885,46,2,513.36,4,2,3,New / Promising
886,26,1,158.92,4,1,2,New / Promising
887,520,2,185.15,1,2,2,Lost / Hibernating
888,94,2,508.81,3,2,3,New / Promising
889,227,3,606.71,2,4,3,At Risk (Valuable)
892,114,3,244.92,3,4,2,Regular
893,98,3,963.69,3,4,4,Champions
894,225,2,180.83,2,2,2,Lost / Hibernating
895,483,2,236.65,1,2,2,Lost / Hibernating
896,443,1,64.06,1,1,1,Lost / Hibernating
897,94,2,392.11,3,2,3,New / Promising
898,520,1,170.7,1,1,2,Lost / Hibernating
900,3,1,257.21,4,1,2,New / Promising
901,102,4,1189.38,3,4,4,Champions
902,26,2,3247.19,4,2,4,New / Promising
903,66,3,353.67,3,4,3,Champions
904,85,3,259.4,3,4,2,Regular
906,644,1,38.63,1,1,1,Lost / Hibernating
907,2,2,112.57,4,2,1,New / Promising
908,22,7,2103.41,4,4,4,Champions
909,329,1,358.59,2,1,3,Lost / Hibernating
911,503,2,1496.89,1,2,4,Lost / Hibernating
912,388,1,109.93,1,1,1,Lost / Hibernating
913,405,2,1097.4,1,2,4,Lost / Hibernating
914,711,1,85.44,1,1,1,Lost / Hibernating
916,62,3,623.89,3,4,3,Champions
917,265,2,503.55,2,2,3,Lost / Hibernating
918,308,1,42.37,2,1,1,Lost / Hibernating
920,1,2,905.73,4,2,4,New / Promising
922,353,1,62.93,2,1,1,Lost / Hibernating
923,13,1,212.24,4,1,2,New / Promising
925,240,1,47.18,2,1,1,Lost / Hibernating
927,585,1,131.86,1,1,1,Lost / Hibernating
928,22,1,235.32,4,1,2,New / Promising
930,292,1,425.06,2,1,3,Lost / Hibernating
931,328,3,1111.33,2,4,4,At Risk (Valuable)
932,77,3,454.12,3,4,3,Champions
933,37,1,59.96,4,1,1,New / Promising
935,668,1,24.13,1,1,1,Lost / Hibernating
936,280,1,163.39,2,1,2,Lost / Hibernating
937,59,1,23.57,3,1,1,New / Promising
938,70,9,1826.58,3,4,4,Champions
939,62,2,276.47,3,2,2,New / Promising
941,423,1,54.6,1,1,1,Lost / Hibernating
942,160,2,392.96,3,2,3,New / Promising
943,20,3,448.1,4,4,3,Champions
944,509,1,35.98,1,1,1,Lost / Hibernating
945,352,2,140.86,2,2,1,Lost / Hibernating
947,238,1,122.4,2,1,1,Lost / Hibernating
948,412,2,701.36,1,2,4,Lost / Hibernating
950,338,3,1502.21,2,4,4,At Risk (Valuable)
951,154,1,71.56,3,1,1,New / Promising
953,62,2,169.08,3,2,2,New / Promising
955,75,3,415.45,3,4,3,Champions
956,54,2,223.53,4,2,2,New / Promising
958,129,2,237.51,3,2,2,New / Promising
959,52,3,1229.8,4,4,4,Champions
960,296,1,42.47,2,1,1,Lost / Hibernating
965,614,1,458.63,1,1,3,Lost / Hibernating
968,13,1,87.49,4,1,1,New / Promising
969,390,1,70.12,1,1,1,Lost / Hibernating
970,50,4,1009.81,4,4,4,Champions
971,578,1,38.09,1,1,1,Lost / Hibernating
973,472,2,565.51,1,2,3,Lost / Hibernating
974,573,1,27.03,1,1,1,Lost / Hibernating
975,546,2,271.29,1,2,2,Lost / Hibernating
981,567,1,106.56,1,1,1,Lost / Hibernating
984,397,1,229.4,1,1,2,Lost / Hibernating
985,209,1,56.05,2,1,1,Lost / Hibernating
986,721,1,38.6,1,1,1,Lost / Hibernating
987,43,2,228.83,4,2,2,New / Promising
988,587,1,450.22,1,1,3,Lost / Hibernating
989,396,1,49.0,1,1,1,Lost / Hibernating
991,30,1,246.18,4,1,2,New / Promising
992,240,2,402.03,2,2,3,Lost / Hibernating
993,88,1,171.52,3,1,2,New / Promising
994,3,5,1094.16,4,4,4,Champions
996,79,1,393.4,3,1,3,New / Promising
997,538,2,869.53,1,2,4,Lost / Hibernating
998,182,2,322.68,2,2,2,Lost / Hibernating
999,210,1,334.18,2,1,2,Lost / Hibernating
1000,20,2,541.76,4,2,3,New / Promising
1001,326,1,44.61,2,1,1,Lost / Hibernating
1002,433,1,355.87,1,1,3,Lost / Hibernating
1003,229,1,293.57,2,1,2,Lost / Hibernating
1004,32,2,412.59,4,2,3,New / Promising
1006,90,1,185.84,3,1,2,New / Promising
1010,257,3,1254.34,2,4,4,At Risk (Valuable)
1011,272,2,194.28,2,2,2,Lost / Hibernating
1012,455,1,234.21,1,1,2,Lost / Hibernating
1013,545,1,78.81,1,1,1,Lost / Hibernating
1017,23,10,1097.72,4,4,4,Champions
1018,1,8,3336.71,4,4,4,Champions
1019,264,1,40.2,2,1,1,Lost / Hibernating
1020,247,2,428.09,2,2,3,Lost / Hibernating
1021,265,1,164.62,2,1,2,Lost / Hibernating
1022,56,16,3280.19,4,4,4,Champions
1023,192,1,459.69,2,1,3,Lost / Hibernating
1024,358,2,1269.97,2,2,4,Lost / Hibernating
1025,372,1,363.72,2,1,3,Lost / Hibernating
1026,644,1,353.86,1,1,3,Lost / Hibernating
1027,193,1,563.17,2,1,3,Lost / Hibernating
1029,37,3,126.07,4,4,1,Regular
1030,203,3,1036.4,2,4,4,At Risk (Valuable)
1031,455,2,296.97,1,2,2,Lost / Hibernating
1032,261,2,526.94,2,2,3,Lost / Hibernating
1033,301,1,48.47,2,1,1,Lost / Hibernating
1034,254,3,2655.98,2,4,4,At Risk (Valuable)
1036,92,2,250.97,3,2,2,New / Promising
1037,35,2,508.67,4,2,3,New / Promising
1038,425,1,126.52,1,1,1,Lost / Hibernating
1039,587,1,246.1,1,1,2,Lost / Hibernating
1040,68,3,969.53,3,4,4,Champions
1041,112,3,673.6,3,4,3,Champions
1042,119,1,799.91,3,1,4,New / Promising
1046,83,5,1055.18,3,4,4,Champions
1048,7,5,588.45,4,4,3,Champions
1049,8,1,413.76,4,1,3,New / Promising
1050,160,5,3221.67,3,4,4,Champions
1051,61,3,238.17,3,4,2,Regular
1052,448,1,184.29,1,1,2,Lost / Hibernating
1053,45,3,476.14,4,4,3,Champions
1054,396,1,41.87,1,1,1,Lost / Hibernating
1055,268,1,108.13,2,1,1,Lost / Hibernating
1056,161,1,711.28,3,1,4,New / Promising
1057,101,1,247.4,3,1,2,New / Promising
1060,181,1,430.71,2,1,3,Lost / Hibernating
1061,130,3,1624.52,3,4,4,Champions
1062,285,4,1492.1,2,4,4,At Risk (Valuable)
1063,302,2,285.54,2,2,2,Lost / Hibernating
1064,498,1,341.85,1,1,3,Lost / Hibernating
1065,458,2,151.69,1,2,2,Lost / Hibernating
1066,229,4,1111.82,2,4,4,At Risk (Valuable)
1067,665,1,203.06,1,1,2,Lost / Hibernating
1069,13,1,108.08,4,1,1,New / Promising
1070,140,3,464.38,3,4,3,Champions
1071,6,2,740.61,4,2,4,New / Promising
1073,57,2,237.4,3,2,2,New / Promising
1075,190,2,609.54,2,2,3,Lost / Hibernating
1076,33,1,326.52,4,1,2,New / Promising
1080,336,2,253.21,2,2,2,Lost / Hibernating
1083,81,1,461.96,3,1,3,New / Promising
1084,60,2,750.66,3,2,4,New / Promising
1086,151,1,507.46,3,1,3,New / Promising
1087,570,2,872.47,1,2,4,Lost / Hibernating
1088,522,1,220.14,1,1,2,Lost / Hibernating
1089,193,1,11.45,2,1,1,Lost / Hibernating
1090,15,1,51.08,4,1,1,New / Promising
1091,23,3,2086.26,4,4,4,Champions
1092,135,3,273.82,3,4,2,Regular
1093,34,2,653.73,4,2,3,New / Promising
1094,91,2,102.79,3,2,1,New / Promising
1095,142,1,551.33,3,1,3,New / Promising
1096,552,2,313.78,1,2,2,Lost / Hibernating
1097,194,2,765.98,2,2,4,Lost / Hibernating
1101,310,2,465.36,2,2,3,Lost / Hibernating
1102,286,2,509.84,2,2,3,Lost / Hibernating
1104,212,2,542.38,2,2,3,Lost / Hibernating
1105,222,2,333.5,2,2,2,Lost / Hibernating
1106,642,1,31.62,1,1,1,Lost / Hibernating
1108,379,1,562.59,1,1,3,Lost / Hibernating
1109,207,2,332.51,2,2,2,Lost / Hibernating
1110,19,3,511.52,4,4,3,Champions
1112,577,1,571.81,1,1,3,Lost / Hibernating
1117,702,1,275.58,1,1,2,Lost / Hibernating
1119,215,1,19.5,2,1,1,Lost / Hibernating
1120,62,2,268.22,3,2,2,New / Promising
1121,705,1,765.85,1,1,4,Lost / Hibernating
1122,451,2,220.14,1,2,2,Lost / Hibernating
1123,88,3,683.19,3,4,4,Champions
1124,9,3,3266.73,4,4,4,Champions
1125,33,2,1356.15,4,2,4,New / Promising
1126,434,1,219.45,1,1,2,Lost / Hibernating
1127,632,1,168.72,1,1,2,Lost / Hibernating
1128,5,5,1442.32,4,4,4,Champions
1129,365,1,297.54,2,1,2,Lost / Hibernating
1130,412,3,735.78,1,4,4,At Risk (Valuable)
1131,366,2,348.65,2,2,3,Lost / Hibernating
1134,180,2,392.46,2,2,3,Lost / Hibernating
1136,268,3,223.55,2,4,2,Regular
1137,19,4,581.15,4,4,3,Champions
1138,242,1,740.86,2,1,4,Lost / Hibernating
1139,430,1,245.17,1,1,2,Lost / Hibernating
1140,424,2,281.06,1,2,2,Lost / Hibernating
1141,29,4,441.85,4,4,3,Champions
1143,139,2,193.05,3,2,2,New / Promising
1144,157,3,546.25,3,4,3,Champions
1145,360,1,79.44,2,1,1,Lost / Hibernating
1146,39,3,671.33,4,4,3,Champions
1147,218,1,169.67,2,1,2,Lost / Hibernating
1148,19,2,328.53,4,2,2,New / Promising
1149,196,1,109.04,2,1,1,Lost / Hibernating
1154,114,3,593.29,3,4,3,Champions
1155,583,2,514.55,1,2,3,Lost / Hibernating
1157,138,2,870.45,3,2,4,New / Promising
1158,51,2,334.94,4,2,3,New / Promising
1159,372,1,388.08,2,1,3,Lost / Hibernating
1163,45,2,509.18,4,2,3,New / Promising
1164,200,1,239.18,2,1,2,Lost / Hibernating
1165,62,1,812.85,3,1,4,New / Promising
1166,407,1,142.09,1,1,1,Lost / Hibernating
1168,10,6,1371.91,4,4,4,Champions
1170,150,5,3526.29,3,4,4,Champions
1173,676,1,365.37,1,1,3,Lost / Hibernating
1175,529,1,302.18,1,1,2,Lost / Hibernating
1177,316,1,331.05,2,1,2,Lost / Hibernating
1178,5,6,1670.3,4,4,4,Champions
1179,306,2,171.38,2,2,2,Lost / Hibernating
1180,197,2,620.34,2,2,3,Lost / Hibernating
1181,87,1,46.0,3,1,1,New / Promising
1185,195,3,521.81,2,4,3,At Risk (Valuable)
1186,57,8,4572.02,3,4,4,Champions
1188,6,4,1129.48,4,4,4,Champions
1189,214,2,109.31,2,2,1,Lost / Hibernating
1191,239,5,629.89,2,4,3,At Risk (Valuable)
1195,118,10,2615.9,3,4,4,Champions
1196,402,1,196.76,1,1,2,Lost / Hibernating
1197,678,1,107.68,1,1,1,Lost / Hibernating
1198,442,1,165.01,1,1,2,Lost / Hibernating
1199,39,2,130.63,4,2,1,New / Promising
1200,48,4,1719.92,4,4,4,Champions
1203,38,2,325.11,4,2,2,New / Promising
1204,54,4,1753.86,4,4,4,Champions
1206,429,2,521.16,1,2,3,Lost / Hibernating
1207,366,1,30.21,2,1,1,Lost / Hibernating
1208,320,3,752.5,2,4,4,At Risk (Valuable)
1209,79,4,634.54,3,4,3,Champions
1210,355,2,84.2,2,2,1,Lost / Hibernating
1213,150,4,1314.03,3,4,4,Champions
1214,212,2,768.19,2,2,4,Lost / Hibernating
1215,424,1,763.63,1,1,4,Lost / Hibernating
1216,53,2,787.17,4,2,4,New / Promising
1217,113,2,563.74,3,2,3,New / Promising
1218,270,1,222.84,2,1,2,Lost / Hibernating
1219,483,2,349.56,1,2,3,Lost / Hibernating
1221,10,1,477.72,4,1,3,New / Promising
1222,29,4,650.16,4,4,3,Champions
1223,10,4,343.71,4,4,3,Champions
1224,15,1,163.66,4,1,2,New / Promising
1226,50,1,933.86,4,1,4,New / Promising
1227,519,2,209.49,1,2,2,Lost / Hibernating
1228,19,2,864.06,4,2,4,New / Promising
1230,388,1,100.0,1,1,1,Lost / Hibernating
1231,105,3,2160.33,3,4,4,Champions
1234,228,1,484.63,2,1,3,Lost / Hibernating
1235,670,1,512.62,1,1,3,Lost / Hibernating
1236,4,2,1428.51,4,2,4,New / Promising
1238,284,3,272.24,2,4,2,Regular
1239,306,2,440.78,2,2,3,Lost / Hibernating
1240,102,1,79.19,3,1,1,New / Promising
1242,45,5,1554.66,4,4,4,Champions
1243,8,2,611.43,4,2,3,New / Promising
1244,131,1,295.38,3,1,2,New / Promising
1245,5,3,253.24,4,4,2,Regular
1246,188,2,554.12,2,2,3,Lost / Hibernating
1247,240,3,182.88,2,4,2,Regular
1248,35,5,573.33,4,4,3,Champions
1249,160,1,103.76,3,1,1,New / Promising
1250,200,2,321.74,2,2,2,Lost / Hibernating
1251,58,1,158.92,3,1,2,New / Promising
1255,62,1,918.78,3,1,4,New / Promising
1256,136,1,91.25,3,1,1,New / Promising
1257,593,1,178.6,1,1,2,Lost / Hibernating
1258,121,2,464.08,3,2,3,New / Promising
1260,332,1,258.15,2,1,2,Lost / Hibernating
1261,426,1,95.44,1,1,1,Lost / Hibernating
1263,114,4,1038.06,3,4,4,Champions
1264,32,4,888.8,4,4,4,Champions
1266,111,2,200.41,3,2,2,New / Promising
1268,484,1,71.73,1,1,1,Lost / Hibernating
1270,22,2,491.55,4,2,3,New / Promising
1271,58,2,283.05,3,2,2,New / Promising
1272,190,2,903.21,2,2,4,Lost / Hibernating
1273,594,1,195.14,1,1,2,Lost / Hibernating
1276,150,2,267.71,3,2,2,New / Promising
1277,71,2,652.12,3,2,3,New / Promising
1278,189,1,128.63,2,1,1,Lost / Hibernating
1280,66,3,254.93,3,4,2,Regular
1281,12,1,272.06,4,1,2,New / Promising
1282,60,5,1715.24,3,4,4,Champions
1283,111,3,955.96,3,4,4,Champions
1285,281,3,1096.87,2,4,4,At Risk (Valuable)
1286,544,3,514.1,1,4,3,At Risk (Valuable)
1287,89,1,98.9,3,1,1,New / Promising
1288,393,2,1033.5,1,2,4,Lost / Hibernating
1289,248,3,636.37,2,4,3,At Risk (Valuable)
1290,397,1,169.9,1,1,2,Lost / Hibernating
1291,82,1,73.22,3,1,1,New / Promising
1292,640,1,172.35,1,1,2,Lost / Hibernating
1293,80,3,420.84,3,4,3,Champions
1296,18,3,733.9,4,4,4,Champions
1298,442,1,426.28,1,1,3,Lost / Hibernating
1300,547,1,118.92,1,1,1,Lost / Hibernating
1301,21,2,103.91,4,2,1,New / Promising
1302,2,1,146.59,4,1,1,New / Promising
1303,495,1,135.05,1,1,1,Lost / Hibernating
1304,16,1,31.47,4,1,1,New / Promising
1305,207,2,1599.4,2,2,4,Lost / Hibernating
1306,453,1,277.44,1,1,2,Lost / Hibernating
1307,433,1,715.57,1,1,4,Lost / Hibernating
1310,40,1,115.35,4,1,1,New / Promising
1311,85,2,537.13,3,2,3,New / Promising
1312,12,1,59.51,4,1,1,New / Promising
1313,50,4,611.77,4,4,3,Champions
1315,196,2,161.17,2,2,2,Lost / Hibernating
1316,167,3,776.31,3,4,4,Champions
1317,399,1,51.14,1,1,1,Lost / Hibernating
1318,181,4,327.06,2,4,2,Regular
1319,634,2,822.28,1,2,4,Lost / Hibernating
1320,317,1,247.47,2,1,2,Lost / Hibernating
1321,94,2,244.19,3,2,2,New / Promising
1322,236,2,116.1,2,2,1,Lost / Hibernating
1323,4,11,2107.03,4,4,4,Champions
1325,95,1,406.91,3,1,3,New / Promising
1326,211,2,348.5,2,2,3,Lost / Hibernating
1327,427,1,33.17,1,1,1,Lost / Hibernating
1328,96,5,1036.01,3,4,4,Champions
1329,17,2,267.22,4,2,2,New / Promising
1330,500,1,155.61,1,1,2,Lost / Hibernating
1332,422,1,34.61,1,1,1,Lost / Hibernating
1334,75,2,208.56,3,2,2,New / Promising
1335,467,1,354.92,1,1,3,Lost / Hibernating
1336,20,2,356.02,4,2,3,New / Promising
1337,516,1,301.12,1,1,2,Lost / Hibernating
1338,350,1,64.88,2,1,1,Lost / Hibernating
1339,252,1,40.08,2,1,1,Lost / Hibernating
1341,449,2,282.89,1,2,2,Lost / Hibernating
1344,16,1,266.19,4,1,2,New / Promising
1345,266,2,376.27,2,2,3,Lost / Hibernating
1346,23,3,387.79,4,4,3,Champions
1350,478,2,248.11,1,2,2,Lost / Hibernating
1351,673,1,35.29,1,1,1,Lost / Hibernating
1352,142,1,120.54,3,1,1,New / Promising
1355,627,1,89.25,1,1,1,Lost / Hibernating
1356,589,1,16.57,1,1,1,Lost / Hibernating
1357,172,1,57.81,3,1,1,New / Promising
1359,32,4,278.03,4,4,2,Regular
1360,249,1,498.72,2,1,3,Lost / Hibernating
1362,318,1,638.27,2,1,3,Lost / Hibernating
1364,351,2,663.04,2,2,3,Lost / Hibernating
1365,134,3,1195.51,3,4,4,Champions
1366,160,1,82.79,3,1,1,New / Promising
1367,338,1,521.12,2,1,3,Lost / Hibernating
1368,335,3,257.54,2,4,2,Regular
1369,367,2,506.45,2,2,3,Lost / Hibernating
1370,82,1,152.96,3,1,2,New / Promising
1371,1,4,2054.76,4,4,4,Champions
1372,711,1,16.88,1,1,1,Lost / Hibernating
1373,104,3,1497.84,3,4,4,Champions
1374,58,1,330.94,3,1,2,New / Promising
1375,357,3,730.92,2,4,4,At Risk (Valuable)
1376,503,1,1299.15,1,1,4,Lost / Hibernating
1377,263,1,56.1,2,1,1,Lost / Hibernating
1378,47,1,95.87,4,1,1,New / Promising
1379,73,4,605.37,3,4,3,Champions
1380,564,2,165.72,1,2,2,Lost / Hibernating
1381,96,1,335.02,3,1,3,New / Promising
1383,432,1,37.55,1,1,1,Lost / Hibernating
1384,507,1,34.61,1,1,1,Lost / Hibernating
1385,245,1,22.58,2,1,1,Lost / Hibernating
1389,386,2,182.21,1,2,2,Lost / Hibernating
1390,23,4,1835.81,4,4,4,Champions
1391,425,1,169.92,1,1,2,Lost / Hibernating
1392,523,1,39.31,1,1,1,Lost / Hibernating
1393,7,3,617.77,4,4,3,Champions
1394,241,2,335.11,2,2,3,Lost / Hibernating
1396,227,2,338.69,2,3,3,At Risk (Valuable)
1397,550,2,426.18,1,3,3,At Risk (Valuable)
1398,258,1,175.39,2,1,2,Lost / Hibernating
1400,11,3,1056.43,4,4,4,Champions
1401,170,1,342.52,3,1,3,New / Promising
1402,38,4,1497.55,4,4,4,Champions
1403,146,2,334.46,3,3,2,Regular
1404,67,1,236.34,3,1,2,New / Promising
1407,20,1,64.07,4,1,1,New / Promising
1410,359,3,1245.84,2,4,4,At Risk (Valuable)
1411,231,3,227.86,2,4,2,Regular
1412,138,1,42.76,3,1,1,New / Promising
1413,495,3,1350.49,1,4,4,At Risk (Valuable)
1414,37,1,47.63,4,1,1,New / Promising
1415,32,3,271.54,4,4,2,Regular
1416,209,2,77.38,2,3,1,Regular
1420,166,2,333.87,3,3,2,Regular
1422,558,1,65.85,1,1,1,Lost / Hibernating
1423,194,4,784.91,2,4,4,At Risk (Valuable)
1425,288,3,569.8,2,4,3,At Risk (Valuable)
1426,164,1,71.38,3,1,1,New / Promising
1427,157,2,421.68,3,3,3,Champions
1428,44,1,602.69,4,1,3,New / Promising
1429,373,1,252.76,1,1,2,Lost / Hibernating
1430,372,1,550.97,2,1,3,Lost / Hibernating
1431,176,2,1274.33,2,3,4,At Risk (Valuable)
1433,245,1,27.08,2,1,1,Lost / Hibernating
1435,39,6,1515.44,4,4,4,Champions
1436,155,3,353.76,3,4,3,Champions
1438,151,2,115.82,3,3,1,Regular
1441,147,2,289.52,3,3,2,Regular
1442,21,1,16.52,4,1,1,New / Promising
1443,201,2,1424.21,2,3,4,At Risk (Valuable)
1444,298,2,1583.69,2,3,4,At Risk (Valuable)
1445,325,2,260.29,2,3,2,Regular
1446,123,2,210.47,3,3,2,Regular
1447,26,3,1296.2,4,4,4,Champions
1449,156,1,33.85,3,1,1,New / Promising
1452,103,2,904.18,3,3,4,Champions
1453,181,3,1091.24,2,4,4,At Risk (Valuable)
1454,50,5,1420.92,4,4,4,Champions
1455,158,3,1733.34,3,4,4,Champions
1458,167,4,477.13,3,4,3,Champions
1459,232,1,34.98,2,1,1,Lost / Hibernating
1460,66,1,71.28,3,1,1,New / Promising
1461,391,1,353.22,1,1,3,Lost / Hibernating
1464,452,1,5.6,1,1,1,Lost / Hibernating
1466,632,1,108.13,1,1,1,Lost / Hibernating
1467,572,1,1087.17,1,1,4,Lost / Hibernating
1469,26,2,170.64,4,3,2,Regular
1470,399,1,168.94,1,1,2,Lost / Hibernating
1471,688,1,347.96,1,1,3,Lost / Hibernating
1473,66,3,340.61,3,4,3,Champions
1474,47,2,74.79,4,3,1,Regular
1476,1,1,352.5,4,1,3,New / Promising
1478,15,3,627.42,4,4,3,Champions
1479,115,9,2491.86,3,4,4,Champions
1480,340,2,1181.65,2,3,4,At Risk (Valuable)
1481,179,2,233.88,2,3,2,Regular
1482,267,3,894.77,2,4,4,At Risk (Valuable)
1484,485,1,162.36,1,1,2,Lost / Hibernating
1485,543,1,149.28,1,1,2,Lost / Hibernating
1486,432,1,187.83,1,1,2,Lost / Hibernating
1488,180,1,272.88,2,1,2,Lost / Hibernating
1489,268,1,417.6,2,1,3,Lost / Hibernating
1490,160,4,986.99,3,4,4,Champions
1491,580,2,85.58,1,3,1,Regular
1492,187,2,440.67,2,3,3,At Risk (Valuable)
1494,599,1,57.61,1,1,1,Lost / Hibernating
1495,15,1,14.59,4,1,1,New / Promising
1496,2,40,8925.33,4,4,4,Champions
1497,677,1,36.43,1,1,1,Lost / Hibernating
1498,3,6,1644.47,4,4,4,Champions
1500,32,1,180.78,4,1,2,New / Promising
1501,44,3,1443.5,4,4,4,Champions
1502,334,2,628.26,2,3,3,At Risk (Valuable)
1503,114,1,315.24,3,1,2,New / Promising
1505,488,1,16.45,1,1,1,Lost / Hibernating
1507,270,1,635.79,2,1,3,Lost / Hibernating
1508,20,2,1020.58,4,3,4,Champions
1510,19,2,364.38,4,3,3,Champions
1513,218,3,749.58,2,4,4,At Risk (Valuable)
1514,80,2,490.74,3,3,3,Champions
1515,126,1,266.22,3,1,2,New / Promising
1517,63,3,1138.35,3,4,4,Champions
1518,66,1,186.06,3,1,2,New / Promising
1521,418,1,176.95,1,1,2,Lost / Hibernating
1522,81,1,458.0,3,1,3,New / Promising
1524,566,1,108.69,1,1,1,Lost / Hibernating
1525,218,1,188.59,2,1,2,Lost / Hibernating
1526,698,1,208.19,1,1,2,Lost / Hibernating
1527,477,1,83.91,1,1,1,Lost / Hibernating
1528,103,3,429.28,3,4,3,Champions
1529,407,2,872.51,1,3,4,At Risk (Valuable)
1530,5,2,148.93,4,3,2,Regular
1531,74,2,107.11,3,3,1,Regular
1533,6,3,862.19,4,4,4,Champions
1534,45,1,24.32,4,1,1,New / Promising
1535,52,6,1204.4,4,4,4,Champions
1537,66,3,496.6,3,4,3,Champions
1538,126,2,542.58,3,3,3,Champions
1539,584,1,218.2,1,1,2,Lost / Hibernating
1540,717,1,189.88,1,1,2,Lost / Hibernating
1541,124,3,1126.07,3,4,4,Champions
1542,287,1,15.21,2,1,1,Lost / Hibernating
1544,12,4,749.32,4,4,4,Champions
1546,15,5,521.04,4,4,3,Champions
1547,272,3,350.54,2,4,3,At Risk (Valuable)
1548,380,4,1587.28,1,4,4,At Risk (Valuable)
1550,611,1,77.04,1,1,1,Lost / Hibernating
1551,238,3,592.39,2,4,3,At Risk (Valuable)
1552,342,1,334.72,2,1,3,Lost / Hibernating
1555,663,1,253.48,1,1,2,Lost / Hibernating
1557,20,3,785.4,4,4,4,Champions
1559,199,3,969.02,2,4,4,At Risk (Valuable)
1560,11,1,43.85,4,1,1,New / Promising
1561,97,1,858.03,3,1,4,New / Promising
1563,48,1,295.65,4,1,2,New / Promising
1564,68,2,585.95,3,3,3,Champions
1565,50,2,1116.72,4,3,4,Champions
1567,513,1,44.82,1,1,1,Lost / Hibernating
1568,206,3,457.16,2,4,3,At Risk (Valuable)
1570,17,2,1447.92,4,3,4,Champions
1571,268,1,1014.36,2,1,4,Lost / Hibernating
1572,106,8,1542.07,3,4,4,Champions
1573,93,1,260.13,3,1,2,New / Promising
1575,202,1,118.6,2,1,1,Lost / Hibernating
1576,378,1,308.96,1,1,2,Lost / Hibernating
1577,5,2,995.21,4,3,4,Champions
1579,46,2,889.26,4,3,4,Champions
1582,50,3,826.84,4,4,4,Champions
1584,303,2,84.01,2,3,1,Regular
1585,315,1,406.5,2,1,3,Lost / Hibernating
1586,78,3,377.83,3,4,3,Champions
1588,9,8,1590.03,4,4,4,Champions
1591,109,3,693.2,3,4,4,Champions
1592,670,1,559.95,1,1,3,Lost / Hibernating
1594,336,1,248.39,2,1,2,Lost / Hibernating
1596,42,1,355.26,4,1,3,New / Promising
1597,10,4,1334.16,4,4,4,Champions
1599,85,3,275.23,3,4,2,Regular
1600,5,4,807.89,4,4,4,Champions
1602,38,2,382.27,4,3,3,Champions
1603,370,2,360.32,2,3,3,At Risk (Valuable)
1605,538,1,778.36,1,1,4,Lost / Hibernating
1607,150,1,77.76,3,1,1,New / Promising
1608,536,1,396.59,1,1,3,Lost / Hibernating
1609,60,3,1005.18,3,4,4,Champions
1610,4,5,594.61,4,4,3,Champions
1611,7,2,277.25,4,3,2,Regular
1612,45,1,18.62,4,1,1,New / Promising
1615,378,1,217.6,1,1,2,Lost / Hibernating
1617,235,2,908.1,2,3,4,At Risk (Valuable)
1618,25,1,66.57,4,1,1,New / Promising
1619,513,1,19.59,1,1,1,Lost / Hibernating
1622,86,1,81.98,3,1,1,New / Promising
1623,13,1,71.54,4,1,1,New / Promising
1624,474,1,18.33,1,1,1,Lost / Hibernating
1625,436,1,517.99,1,1,3,Lost / Hibernating
1626,241,5,1685.48,2,4,4,At Risk (Valuable)
1627,362,2,465.69,2,3,3,At Risk (Valuable)
1628,392,1,122.3,1,1,1,Lost / Hibernating
1630,139,2,386.35,3,3,3,Champions
1632,396,1,26.85,1,1,1,Lost / Hibernating
1633,199,2,388.42,2,3,3,At Risk (Valuable)
1634,68,2,236.05,3,3,2,Regular
1635,540,1,30.51,1,1,1,Lost / Hibernating
1637,158,2,76.65,3,3,1,Regular
1638,406,1,1235.68,1,1,4,Lost / Hibernating
1639,399,2,1180.8,1,3,4,At Risk (Valuable)
1640,88,1,31.23,3,1,1,New / Promising
1642,37,4,1081.98,4,4,4,Champions
1643,25,2,213.01,4,3,2,Regular
1644,54,2,529.03,4,3,3,Champions
1646,112,3,650.05,3,4,3,Champions
1647,22,7,1294.37,4,4,4,Champions
1649,102,3,242.3,3,4,2,Regular
1651,66,6,2864.07,3,4,4,Champions
1652,417,1,435.19,1,1,3,Lost / Hibernating
1653,234,2,269.78,2,3,2,Regular
1654,41,2,651.75,4,3,3,Champions
1655,91,3,396.96,3,4,3,Champions
1656,380,1,34.47,1,1,1,Lost / Hibernating
1659,624,1,295.75,1,1,2,Lost / Hibernating
1661,193,2,2358.9,2,3,4,At Risk (Valuable)
1662,151,1,97.88,3,1,1,New / Promising
1663,385,1,105.64,1,1,1,Lost / Hibernating
1664,111,2,184.25,3,3,2,Regular
1666,51,4,525.36,4,4,3,Champions
1667,669,1,89.04,1,1,1,Lost / Hibernating
1668,32,8,1525.42,4,4,4,Champions
1669,445,1,222.36,1,1,2,Lost / Hibernating
1671,159,4,1945.74,3,4,4,Champions
1672,61,1,182.24,3,1,2,New / Promising
1674,53,2,598.18,4,3,3,Champions
1675,75,1,269.46,3,1,2,New / Promising
1676,230,2,160.32,2,3,2,Regular
1677,289,1,329.82,2,1,2,Lost / Hibernating
1679,276,2,265.33,2,3,2,Regular
1681,40,2,603.58,4,3,3,Champions
1682,219,2,443.88,2,3,3,At Risk (Valuable)
1683,20,2,484.57,4,3,3,Champions
1684,46,4,1201.62,4,4,4,Champions
1685,369,1,552.69,2,1,3,Lost / Hibernating
1686,500,1,138.42,1,1,1,Lost / Hibernating
1687,690,1,115.45,1,1,1,Lost / Hibernating
1688,155,4,500.93,3,4,3,Champions
1689,437,1,116.96,1,1,1,Lost / Hibernating
1691,100,1,168.64,3,1,2,New / Promising
1692,71,1,105.54,3,1,1,New / Promising
1693,182,1,13.59,2,1,1,Lost / Hibernating
1695,77,2,29.49,3,3,1,Regular
1696,27,4,390.35,4,4,3,Champions
1697,341,2,617.41,2,3,3,At Risk (Valuable)
1698,373,1,272.52,1,1,2,Lost / Hibernating
1699,614,1,15.39,1,1,1,Lost / Hibernating
1701,301,3,976.83,2,4,4,At Risk (Valuable)
1703,17,1,38.93,4,1,1,New / Promising
1704,137,1,159.65,3,1,2,New / Promising
1705,578,1,209.68,1,1,2,Lost / Hibernating
1708,58,1,396.9,3,1,3,New / Promising
1709,172,4,510.93,3,4,3,Champions
1710,243,3,496.45,2,4,3,At Risk (Valuable)
1711,265,1,272.4,2,1,2,Lost / Hibernating
1712,399,1,151.6,1,1,2,Lost / Hibernating
1714,81,3,6037.91,3,4,4,Champions
1716,502,1,63.6,1,1,1,Lost / Hibernating
1717,49,2,196.13,4,3,2,Regular
1719,114,4,599.24,3,4,3,Champions
1720,266,1,117.51,2,1,1,Lost / Hibernating
1721,69,1,129.36,3,1,1,New / Promising
1722,80,3,462.82,3,4,3,Champions
1723,109,1,355.31,3,1,3,New / Promising
1724,380,1,27.92,1,1,1,Lost / Hibernating
1725,420,1,85.63,1,1,1,Lost / Hibernating
1727,379,1,195.92,1,1,2,Lost / Hibernating
1729,449,1,418.84,1,1,3,Lost / Hibernating
1730,252,2,1280.88,2,3,4,At Risk (Valuable)
1731,389,2,214.43,1,3,2,Regular
1733,432,1,331.71,1,1,2,Lost / Hibernating
1734,383,1,221.98,1,1,2,Lost / Hibernating
1737,402,1,108.35,1,1,1,Lost / Hibernating
1738,205,1,411.48,2,1,3,Lost / Hibernating
1739,584,1,15.74,1,1,1,Lost / Hibernating
1740,265,2,256.17,2,3,2,Regular
1741,9,4,1961.71,4,4,4,Champions
1742,259,1,652.37,2,1,3,Lost / Hibernating
1743,289,1,51.57,2,1,1,Lost / Hibernating
1744,393,1,86.37,1,1,1,Lost / Hibernating
1745,486,1,351.12,1,1,3,Lost / Hibernating
1747,81,1,137.38,3,1,1,New / Promising
1749,12,6,1050.69,4,4,4,Champions
1750,284,2,313.81,2,3,2,Regular
1751,418,2,591.56,1,3,3,At Risk (Valuable)
1752,190,5,897.16,2,4,4,At Risk (Valuable)
1753,247,1,111.93,2,1,1,Lost / Hibernating
1754,512,1,13.55,1,1,1,Lost / Hibernating
1755,21,3,858.81,4,4,4,Champions
1756,278,1,56.3,2,1,1,Lost / Hibernating
1758,55,2,146.98,4,3,1,Regular
1760,33,1,335.4,4,1,3,New / Promising
1761,147,4,903.22,3,4,4,Champions
1764,14,2,263.98,4,3,2,Regular
1765,159,1,122.52,3,1,1,New / Promising
1766,469,1,69.34,1,1,1,Lost / Hibernating
1767,415,2,107.83,1,3,1,Regular
1768,77,1,225.6,3,1,2,New / Promising
1770,8,2,805.31,4,3,4,Champions
1771,513,1,109.56,1,1,1,Lost / Hibernating
1773,437,3,1522.63,1,4,4,At Risk (Valuable)
1774,664,1,374.44,1,1,3,Lost / Hibernating
1776,91,2,390.36,3,3,3,Champions
1777,354,2,984.9,2,3,4,At Risk (Valuable)
1778,390,1,838.8,1,1,4,Lost / Hibernating
1779,35,1,18.48,4,1,1,New / Promising
1780,10,2,423.83,4,3,3,Champions
1781,75,2,248.11,3,3,2,Regular
1782,47,2,675.96,4,3,3,Champions
1783,273,1,339.76,2,1,3,Lost / Hibernating
1786,36,4,290.48,4,4,2,Regular
1788,560,1,84.24,1,1,1,Lost / Hibernating
1790,133,1,47.65,3,1,1,New / Promising
1792,126,2,1916.23,3,3,4,Champions
1793,678,1,166.69,1,1,2,Lost / Hibernating
1794,638,1,1319.3,1,1,4,Lost / Hibernating
1796,101,2,440.53,3,3,3,Champions
1797,687,1,151.49,1,1,2,Lost / Hibernating
1799,35,2,291.55,4,3,2,Regular
1800,47,2,303.37,4,3,2,Regular
1801,346,1,69.65,2,1,1,Lost / Hibernating
1802,329,1,339.8,2,1,3,Lost / Hibernating
1803,9,5,953.8,4,4,4,Champions
1804,146,3,227.63,3,4,2,Regular
1805,70,1,103.18,3,1,1,New / Promising
1806,233,1,253.38,2,1,2,Lost / Hibernating
1807,292,1,99.06,2,1,1,Lost / Hibernating
1808,429,2,887.18,1,3,4,At Risk (Valuable)
1809,23,2,368.46,4,3,3,Champions
1810,218,2,168.27,2,3,2,Regular
1811,262,2,105.4,2,3,1,Regular
1812,101,1,379.47,3,1,3,New / Promising
1813,394,2,509.57,1,3,3,At Risk (Valuable)
1814,452,1,236.27,1,1,2,Lost / Hibernating
1816,51,2,77.23,4,3,1,Regular
1817,170,2,319.1,3,3,2,Regular
1818,100,3,875.3,3,4,4,Champions
1819,629,1,11.34,1,1,1,Lost / Hibernating
1821,140,3,595.69,3,4,3,Champions
1822,79,6,1181.77,3,4,4,Champions
1825,273,3,795.26,2,4,4,At Risk (Valuable)
1826,39,1,212.27,4,1,2,New / Promising
1828,9,3,361.13,4,4,3,Champions
1829,387,1,522.11,1,1,3,Lost / Hibernating
1830,42,2,391.87,4,3,3,Champions
1831,585,2,785.62,1,3,4,At Risk (Valuable)
1833,624,1,27.6,1,1,1,Lost / Hibernating
1834,656,1,256.5,1,1,2,Lost / Hibernating
1835,373,2,372.68,1,3,3,At Risk (Valuable)
1837,62,2,507.63,3,3,3,Champions
1838,1,4,1027.8,4,4,4,Champions
1839,19,1,219.68,4,1,2,New / Promising
1840,288,1,480.93,2,1,3,Lost / Hibernating
1843,125,3,635.98,3,4,3,Champions
1844,133,1,87.12,3,1,1,New / Promising
1845,141,1,244.05,3,1,2,New / Promising
1847,15,4,719.9,4,4,4,Champions
1848,475,1,658.44,1,1,3,Lost / Hibernating
1849,20,1,468.02,4,1,3,New / Promising
1851,47,1,64.58,4,1,1,New / Promising
1852,619,1,85.56,1,1,1,Lost / Hibernating
1854,84,1,171.78,3,1,2,New / Promising
1855,131,4,2097.42,3,4,4,Champions
1856,95,2,363.36,3,3,3,Champions
1858,217,4,1145.35,2,4,4,At Risk (Valuable)
1859,7,4,617.46,4,4,3,Champions
1860,3,4,1027.44,4,4,4,Champions
1861,22,1,240.32,4,1,2,New / Promising
1863,10,1,21.72,4,1,1,New / Promising
1864,170,1,22.36,3,1,1,New / Promising
1865,68,2,310.19,3,3,2,Regular
1868,468,1,34.61,1,1,1,Lost / Hibernating
1871,12,1,124.18,4,1,1,New / Promising
1874,131,3,701.76,3,4,4,Champions
1875,92,1,127.71,3,1,1,New / Promising
1876,46,1,2768.23,4,1,4,New / Promising
1877,71,2,360.24,3,3,3,Champions
1880,120,3,428.06,3,4,3,Champions
1881,42,2,582.67,4,3,3,Champions
1883,453,1,993.74,1,1,4,Lost / Hibernating
1884,505,1,378.02,1,1,3,Lost / Hibernating
1885,374,1,1106.46,1,1,4,Lost / Hibernating
1888,16,2,300.99,4,3,2,Regular
1890,41,4,837.82,4,4,4,Champions
1891,371,1,220.62,2,1,2,Lost / Hibernating
1893,207,1,32.61,2,1,1,Lost / Hibernating
1896,355,2,169.08,2,3,2,Regular
1897,327,3,1044.97,2,4,4,At Risk (Valuable)
1898,563,2,470.23,1,3,3,At Risk (Valuable)
1900,190,2,505.68,2,3,3,At Risk (Valuable)
1902,281,2,69.71,2,3,1,Regular
1903,120,2,453.44,3,3,3,Champions
1904,220,2,669.51,2,3,3,At Risk (Valuable)
1907,17,1,166.59,4,1,2,New / Promising
1908,170,3,531.82,3,4,3,Champions
1909,111,1,910.25,3,1,4,New / Promising
1910,32,6,1892.22,4,4,4,Champions
1912,210,5,1200.12,2,4,4,At Risk (Valuable)
1914,280,1,216.6,2,1,2,Lost / Hibernating
1915,160,3,1897.13,3,4,4,Champions
1918,119,1,132.32,3,1,1,New / Promising
1921,49,1,54.61,4,1,1,New / Promising
1922,6,23,5920.48,4,4,4,Champions
1923,115,1,25.26,3,1,1,New / Promising
1925,546,1,31.26,1,1,1,Lost / Hibernating
1926,56,4,633.03,4,4,3,Champions
1927,51,1,297.17,4,1,2,New / Promising
1928,111,1,161.34,3,1,2,New / Promising
1930,151,3,617.26,3,4,3,Champions
1933,536,1,255.11,1,1,2,Lost / Hibernating
1936,27,2,170.95,4,3,2,Regular
1937,133,3,762.93,3,4,4,Champions
1938,247,1,245.65,2,1,2,Lost / Hibernating
1940,40,1,124.36,4,1,1,New / Promising
1942,270,6,734.86,2,4,4,At Risk (Valuable)
1947,369,1,307.84,2,1,2,Lost / Hibernating
1948,171,1,127.13,3,1,1,New / Promising
1949,53,1,51.0,4,1,1,New / Promising
1950,567,1,400.5,1,1,3,Lost / Hibernating
1953,508,1,541.64,1,1,3,Lost / Hibernating
1955,169,4,458.39,3,4,3,Champions
1956,635,1,239.19,1,1,2,Lost / Hibernating
1957,185,1,48.46,2,1,1,Lost / Hibernating
1959,158,1,77.34,3,1,1,New / Promising
1960,201,1,506.41,2,1,3,Lost / Hibernating
1961,340,1,62.52,2,1,1,Lost / Hibernating
1964,4,2,855.45,4,3,4,Champions
1965,25,3,366.39,4,4,3,Champions
1967,305,3,366.56,2,4,3,At Risk (Valuable)
1968,72,4,508.72,3,4,3,Champions
1969,363,2,309.74,2,3,2,Regular
1970,75,7,1721.28,3,4,4,Champions
1971,126,1,82.32,3,1,1,New / Promising
1972,31,2,1628.35,4,3,4,Champions
1973,202,3,453.09,2,4,3,At Risk (Valuable)
1974,65,1,368.6,3,1,3,New / Promising
1979,504,1,43.83,1,1,1,Lost / Hibernating
1980,296,2,380.05,2,3,3,At Risk (Valuable)
1984,35,3,2015.76,4,4,4,Champions
1987,51,4,1067.65,4,4,4,Champions
1989,402,1,566.34,1,1,3,Lost / Hibernating
1990,27,2,330.78,4,3,2,Regular
1992,419,1,134.89,1,1,1,Lost / Hibernating
1993,193,1,70.09,2,1,1,Lost / Hibernating
1994,443,1,110.35,1,1,1,Lost / Hibernating
1996,508,1,217.87,1,1,2,Lost / Hibernating
1997,42,2,370.06,4,3,3,Champions
1998,56,6,1860.61,4,4,4,Champions
2001,424,1,123.11,1,1,1,Lost / Hibernating
2002,231,1,250.88,2,1,2,Lost / Hibernating
2004,340,2,932.85,2,3,4,At Risk (Valuable)
2005,145,3,552.32,3,4,3,Champions
2007,42,2,432.86,4,3,3,Champions
2008,294,3,534.47,2,4,3,At Risk (Valuable)
2010,116,3,138.97,3,4,1,Regular
2011,167,5,3135.09,3,4,4,Champions
2012,68,4,1199.67,3,4,4,Champions
2013,660,1,130.18,1,1,1,Lost / Hibernating
2014,87,2,637.81,3,3,3,Champions
2015,81,2,588.28,3,3,3,Champions
2016,74,2,208.01,3,3,2,Regular
2017,171,2,1829.38,3,3,4,Champions
2018,235,1,78.58,2,1,1,Lost / Hibernating
2019,32,3,556.4,4,4,3,Champions
2020,698,1,603.21,1,1,3,Lost / Hibernating
2021,139,1,244.47,3,1,2,New / Promising
2022,100,1,143.38,3,1,1,New / Promising
2023,75,1,508.63,3,1,3,New / Promising
2026,21,2,1026.93,4,3,4,Champions
2027,40,3,553.07,4,4,3,Champions
2028,417,1,1282.7,1,1,4,Lost / Hibernating
2029,388,1,780.99,1,1,4,Lost / Hibernating
2031,637,1,88.4,1,1,1,Lost / Hibernating
2032,34,3,359.72,4,4,3,Champions
2033,36,1,860.77,4,1,4,New / Promising
2035,289,2,216.9,2,3,2,Regular
2036,105,1,136.23,3,1,1,New / Promising
2037,442,1,882.71,1,1,4,Lost / Hibernating
2039,246,3,637.47,2,4,3,At Risk (Valuable)
2041,2,6,1045.85,4,4,4,Champions
2042,220,3,1306.65,2,4,4,At Risk (Valuable)
2043,718,1,316.12,1,1,2,Lost / Hibernating
2044,89,1,48.41,3,1,1,New / Promising
2045,387,1,165.99,1,1,2,Lost / Hibernating
2046,292,1,352.55,2,1,3,Lost / Hibernating
2047,713,1,454.03,1,1,3,Lost / Hibernating
2049,27,2,505.84,4,3,3,Champions
2050,399,3,391.13,1,4,3,At Risk (Valuable)
2051,42,3,1590.24,4,4,4,Champions
2052,376,3,1958.35,1,4,4,At Risk (Valuable)
2054,500,1,24.21,1,1,1,Lost / Hibernating
2055,473,1,1027.07,1,1,4,Lost / Hibernating
2056,468,3,583.07,1,4,3,At Risk (Valuable)
2058,236,2,648.37,2,3,3,At Risk (Valuable)
2059,503,1,80.29,1,1,1,Lost / Hibernating
2060,2,14,3356.09,4,4,4,Champions
2061,47,4,636.51,4,4,3,Champions
2062,510,1,79.3,1,1,1,Lost / Hibernating
2064,114,3,432.35,3,4,3,Champions
2065,152,1,163.49,3,1,2,New / Promising
2066,355,3,284.44,2,4,2,Regular
2068,85,4,1555.16,3,4,4,Champions
2069,118,2,438.83,3,3,3,Champions
2070,173,3,507.03,3,4,3,Champions
2071,73,2,95.42,3,3,1,Regular
2072,67,2,601.84,3,3,3,Champions
2073,174,4,497.37,3,4,3,Champions
2074,260,1,146.69,2,1,1,Lost / Hibernating
2075,145,3,663.92,3,4,3,Champions
2076,225,2,658.92,2,3,3,At Risk (Valuable)
2077,193,1,320.43,2,1,2,Lost / Hibernating
2079,4,2,763.11,4,3,4,Champions
2080,16,6,4343.56,4,4,4,Champions
2082,136,1,70.86,3,1,1,New / Promising
2083,109,2,58.43,3,3,1,Regular
2084,236,2,214.44,2,3,2,Regular
2085,342,1,138.86,2,1,1,Lost / Hibernating
2087,538,1,161.94,1,1,2,Lost / Hibernating
2088,522,1,45.0,1,1,1,Lost / Hibernating
2089,20,1,42.0,4,1,1,New / Promising
2090,129,3,874.24,3,4,4,Champions
2091,254,5,362.34,2,4,3,At Risk (Valuable)
2092,107,2,757.78,3,3,4,Champions
2094,16,2,310.27,4,3,2,Regular
2095,166,3,301.94,3,4,2,Regular
2097,13,5,421.45,4,4,3,Champions
2098,19,2,364.97,4,3,3,Champions
2099,48,1,85.65,4,1,1,New / Promising
2100,700,1,184.99,1,1,2,Lost / Hibernating
2101,717,1,525.16,1,1,3,Lost / Hibernating
2102,80,2,59.6,3,3,1,Regular
2106,71,1,484.48,3,1,3,New / Promising
2107,247,2,421.94,2,3,3,At Risk (Valuable)
2109,17,2,37.22,4,3,1,Regular
2110,422,2,1304.16,1,3,4,At Risk (Valuable)
2111,423,1,27.59,1,1,1,Lost / Hibernating
2114,435,1,41.48,1,1,1,Lost / Hibernating
2115,40,7,1615.76,4,4,4,Champions
2116,100,2,259.25,3,3,2,Regular
2117,67,3,858.29,3,4,4,Champions
2118,27,2,260.42,4,3,2,Regular
2119,33,2,276.98,4,3,2,Regular
2120,695,1,61.9,1,1,1,Lost / Hibernating
2126,96,1,471.44,3,1,3,New / Promising
2127,337,2,117.99,2,3,1,Regular
2128,249,2,210.14,2,3,2,Regular
2129,173,2,529.56,3,3,3,Champions
2131,458,1,77.27,1,1,1,Lost / Hibernating
2132,222,2,476.08,2,3,3,At Risk (Valuable)
2133,103,2,1400.21,3,3,4,Champions
2134,37,1,67.55,4,1,1,New / Promising
2136,203,2,213.32,2,3,2,Regular
2139,57,1,61.55,3,1,1,New / Promising
2140,188,1,156.78,2,1,2,Lost / Hibernating
2142,425,2,1523.4,1,3,4,At Risk (Valuable)
2143,141,3,643.23,3,4,3,Champions
2146,244,2,159.84,2,3,2,Regular
2147,367,2,324.88,2,3,2,Regular
2148,5,1,231.73,4,1,2,New / Promising
2149,13,5,1086.94,4,4,4,Champions
2150,57,1,387.75,3,1,3,New / Promising
2151,153,1,254.86,3,1,2,New / Promising
2153,42,2,1944.81,4,3,4,Champions
2154,182,1,62.82,2,1,1,Lost / Hibernating
2159,432,4,740.59,1,4,4,At Risk (Valuable)
2161,482,2,223.97,1,3,2,Regular
2162,59,2,262.62,3,3,2,Regular
2164,192,2,123.97,2,3,1,Regular
2165,509,1,477.87,1,1,3,Lost / Hibernating
2166,30,16,4093.51,4,4,4,Champions
2167,8,1,1264.68,4,1,4,New / Promising
2168,322,1,89.19,2,1,1,Lost / Hibernating
2170,26,2,282.49,4,3,2,Regular
2171,304,1,52.24,2,1,1,Lost / Hibernating
2172,402,1,43.58,1,1,1,Lost / Hibernating
2173,212,2,803.3,2,3,4,At Risk (Valuable)
2174,110,1,272.5,3,1,2,New / Promising
2175,345,1,90.89,2,1,1,Lost / Hibernating
2176,128,2,709.11,3,3,4,Champions
2177,507,1,17.48,1,1,1,Lost / Hibernating
2178,9,1,244.0,4,1,2,New / Promising
2179,611,1,317.46,1,1,2,Lost / Hibernating
2180,24,2,576.17,4,3,3,Champions
2183,657,1,115.6,1,1,1,Lost / Hibernating
2184,238,1,239.12,2,1,2,Lost / Hibernating
2185,8,4,1244.7,4,4,4,Champions
2186,612,1,550.58,1,1,3,Lost / Hibernating
2188,102,2,540.81,3,3,3,Champions
2189,375,2,112.58,1,3,1,Regular
2190,166,2,319.2,3,3,2,Regular
2191,368,2,532.23,2,3,3,At Risk (Valuable)
2193,459,2,256.57,1,3,2,Regular
2194,258,2,445.35,2,3,3,At Risk (Valuable)
2196,294,3,271.43,2,4,2,Regular
2197,125,2,283.67,3,3,2,Regular
2198,294,4,2686.43,2,4,4,At Risk (Valuable)
2201,1,2,896.99,4,3,4,Champions
2202,11,2,321.55,4,3,2,Regular
2203,17,1,134.63,4,1,1,New / Promising
2204,132,1,837.81,3,1,4,New / Promising
2205,247,1,166.53,2,1,2,Lost / Hibernating
2206,442,2,169.51,1,3,2,Regular
2208,333,1,98.0,2,1,1,Lost / Hibernating
2210,429,1,251.58,1,1,2,Lost / Hibernating
2211,399,1,41.57,1,1,1,Lost / Hibernating
2212,134,4,229.69,3,4,2,Regular
2213,223,1,212.91,2,1,2,Lost / Hibernating
2215,39,1,62.24,4,1,1,New / Promising
2216,44,3,515.33,4,4,3,Champions
2217,64,3,732.56,3,4,4,Champions
2219,571,1,267.74,1,1,2,Lost / Hibernating
2221,162,3,421.96,3,4,3,Champions
2222,47,2,187.04,4,3,2,Regular
2223,39,4,725.6,4,4,4,Champions
2224,97,1,292.51,3,1,2,New / Promising
2225,48,3,656.77,4,4,3,Champions
2226,550,2,2360.93,1,3,4,At Risk (Valuable)
2228,573,2,410.67,1,3,3,At Risk (Valuable)
2229,85,5,834.5,3,4,4,Champions
2230,527,2,260.83,1,3,2,Regular
2231,581,1,116.0,1,1,1,Lost / Hibernating
2232,369,2,987.35,2,3,4,At Risk (Valuable)
2233,425,1,98.26,1,1,1,Lost / Hibernating
2234,492,2,252.54,1,3,2,Regular
2235,619,1,116.83,1,1,1,Lost / Hibernating
2236,413,1,304.65,1,1,2,Lost / Hibernating
2237,500,1,54.87,1,1,1,Lost / Hibernating
2239,129,2,342.23,3,3,3,Champions
2240,29,1,562.01,4,1,3,New / Promising
2243,51,5,613.58,4,4,3,Champions
2244,1,2,87.48,4,3,1,Regular
2245,103,4,2175.4,3,4,4,Champions
2247,357,2,273.16,2,3,2,Regular
2249,476,1,79.94,1,1,1,Lost / Hibernating
2250,50,2,338.62,4,3,3,Champions
2251,344,2,471.05,2,3,3,At Risk (Valuable)
2252,31,2,157.42,4,3,2,Regular
2253,24,2,3390.48,4,3,4,Champions
2254,320,2,713.86,2,3,4,At Risk (Valuable)
2255,51,6,1378.22,4,4,4,Champions
2257,152,2,808.4,3,3,4,Champions
2258,587,1,133.8,1,1,1,Lost / Hibernating
2261,506,1,288.31,1,1,2,Lost / Hibernating
2263,15,2,365.09,4,3,3,Champions
2266,254,3,763.61,2,4,4,At Risk (Valuable)
2270,79,2,620.87,3,3,3,Champions
2271,347,2,917.14,2,3,4,At Risk (Valuable)
2273,154,3,663.65,3,4,3,Champions
2275,329,2,147.01,2,3,1,Regular
2276,160,1,105.5,3,1,1,New / Promising
2277,52,3,855.15,4,4,4,Champions
2278,25,2,63.29,4,3,1,Regular
2279,58,1,21.4,3,1,1,New / Promising
2280,147,3,763.42,3,4,4,Champions
2284,353,2,382.63,2,3,3,At Risk (Valuable)
2286,607,1,193.54,1,1,2,Lost / Hibernating
2288,730,1,342.63,1,1,3,Lost / Hibernating
2290,103,2,253.39,3,3,2,Regular
2291,71,10,4097.93,3,4,4,Champions
2292,463,1,491.6,1,1,3,Lost / Hibernating
2293,23,3,678.22,4,4,3,Champions
2294,223,1,175.2,2,1,2,Lost / Hibernating
2295,502,1,143.58,1,1,1,Lost / Hibernating
2296,547,1,151.4,1,1,2,Lost / Hibernating
2297,291,1,220.87,2,1,2,Lost / Hibernating
2298,627,1,210.82,1,1,2,Lost / Hibernating
2299,92,1,1490.11,3,1,4,New / Promising
2300,40,6,2009.05,4,4,4,Champions
2301,179,2,151.95,2,3,2,Regular
2304,329,2,481.59,2,3,3,At Risk (Valuable)
2305,110,1,104.12,3,1,1,New / Promising
2306,43,2,1198.23,4,3,4,Champions
2308,127,1,254.62,3,1,2,New / Promising
2309,365,2,820.79,2,3,4,At Risk (Valuable)
2311,29,2,409.8,4,3,3,Champions
2314,297,2,265.51,2,3,2,Regular
2315,230,3,619.39,2,4,3,At Risk (Valuable)
2316,216,6,1029.86,2,4,4,At Risk (Valuable)
2317,88,4,1266.16,3,4,4,Champions
2319,91,2,124.06,3,3,1,Regular
2320,20,2,246.48,4,3,2,Regular
2322,304,1,275.88,2,1,2,Lost / Hibernating
2323,210,1,59.9,2,1,1,Lost / Hibernating
2325,26,8,2249.61,4,4,4,Champions
2326,81,1,80.36,3,1,1,New / Promising
2327,322,1,153.68,2,1,2,Lost / Hibernating
2329,516,1,1110.37,1,1,4,Lost / Hibernating
2330,357,1,167.28,2,1,2,Lost / Hibernating
2332,264,2,807.34,2,3,4,At Risk (Valuable)
2333,18,3,555.65,4,4,3,Champions
2334,168,2,1201.68,3,3,4,Champions
2337,10,2,326.75,4,3,2,Regular
2338,256,2,283.63,2,3,2,Regular
2339,314,1,445.4,2,1,3,Lost / Hibernating
2344,392,2,885.48,1,3,4,At Risk (Valuable)
2346,100,2,133.55,3,3,1,Regular
2347,266,2,109.91,2,3,1,Regular
2349,100,3,904.32,3,4,4,Champions
2350,377,2,572.72,1,3,3,At Risk (Valuable)
2351,33,1,64.77,4,1,1,New / Promising
2352,255,2,374.41,2,3,3,At Risk (Valuable)
2353,406,1,757.26,1,1,4,Lost / Hibernating
2354,71,2,679.05,3,3,3,Champions
2355,637,1,47.56,1,1,1,Lost / Hibernating
2356,84,2,176.64,3,3,2,Regular
2357,678,1,226.44,1,1,2,Lost / Hibernating
2360,258,4,765.6,2,4,4,At Risk (Valuable)
2363,147,2,68.21,3,3,1,Regular
2365,25,3,710.7,4,4,4,Champions
2366,637,1,69.39,1,1,1,Lost / Hibernating
2367,174,1,168.71,3,1,2,New / Promising
2368,224,1,526.45,2,1,3,Lost / Hibernating
2369,623,1,336.81,1,1,3,Lost / Hibernating
2370,142,4,911.95,3,4,4,Champions
2371,563,1,842.66,1,1,4,Lost / Hibernating
2372,44,4,502.27,4,4,3,Champions
2373,118,2,364.94,3,3,3,Champions
2375,43,5,926.37,4,4,4,Champions
2378,76,1,13.66,3,1,1,New / Promising
2379,409,2,2130.14,1,3,4,At Risk (Valuable)
2380,300,4,653.61,2,4,3,At Risk (Valuable)
2382,505,1,136.8,1,1,1,Lost / Hibernating
2383,24,2,433.96,4,3,3,Champions
2384,23,1,1658.26,4,1,4,New / Promising
2385,127,2,316.84,3,3,2,Regular
2386,182,3,565.68,2,4,3,At Risk (Valuable)
2389,357,1,135.25,2,1,1,Lost / Hibernating
2390,90,3,483.19,3,4,3,Champions
2391,1,2,892.37,4,3,4,Champions
2393,517,1,100.13,1,1,1,Lost / Hibernating
2394,119,1,272.26,3,1,2,New / Promising
2395,143,1,49.33,3,1,1,New / Promising
2396,24,1,72.53,4,1,1,New / Promising
2398,80,2,193.47,3,3,2,Regular
2402,4,9,2013.89,4,4,4,Champions
2404,211,3,409.51,2,4,3,At Risk (Valuable)
2405,204,1,695.35,2,1,4,Lost / Hibernating
2406,7,2,986.39,4,3,4,Champions
2407,22,1,39.64,4,1,1,New / Promising
2408,474,1,29.31,1,1,1,Lost / Hibernating
2409,27,3,706.68,4,4,4,Champions
2410,398,3,364.21,1,4,3,At Risk (Valuable)
2411,512,2,403.57,1,3,3,At Risk (Valuable)
2412,132,2,213.2,3,3,2,Regular
2413,207,2,94.55,2,3,1,Regular
2414,278,4,730.12,2,4,4,At Risk (Valuable)
2415,119,3,233.96,3,4,2,Regular
2416,419,3,2282.21,1,4,4,At Risk (Valuable)
2419,470,1,53.03,1,1,1,Lost / Hibernating
2420,108,2,1304.4,3,3,4,Champions
2421,413,2,448.84,1,3,3,At Risk (Valuable)
2422,649,2,291.4,1,3,2,Regular
2423,47,2,355.09,4,3,3,Champions
2424,242,2,1249.64,2,3,4,At Risk (Valuable)
2425,268,2,227.29,2,3,2,Regular
2427,395,1,407.25,1,1,3,Lost / Hibernating
2428,8,2,695.18,4,3,4,Champions
2429,3,9,4471.53,4,4,4,Champions
2431,12,1,66.43,4,1,1,New / Promising
2433,29,3,2173.09,4,4,4,Champions
2436,689,1,603.63,1,1,3,Lost / Hibernating
2437,20,1,501.08,4,1,3,New / Promising
2438,58,1,50.94,3,1,1,New / Promising
2440,371,2,322.52,2,3,2,Regular
2441,272,1,34.48,2,1,1,Lost / Hibernating
2442,22,2,552.61,4,3,3,Champions
2445,4,3,929.78,4,4,4,Champions
2446,1,1,54.25,4,1,1,New / Promising
2447,132,4,2008.47,3,4,4,Champions
2448,154,1,537.04,3,1,3,New / Promising
2450,384,2,884.56,1,3,4,At Risk (Valuable)
2451,329,4,1125.92,2,4,4,At Risk (Valuable)
2452,38,5,1872.18,4,4,4,Champions
2455,303,1,104.85,2,1,1,Lost / Hibernating
2457,245,1,385.54,2,1,3,Lost / Hibernating
2460,626,1,185.24,1,1,2,Lost / Hibernating
2463,166,2,127.94,3,3,1,Regular
2465,582,1,207.78,1,1,2,Lost / Hibernating
2466,289,1,58.42,2,1,1,Lost / Hibernating
2467,253,3,1340.7,2,4,4,At Risk (Valuable)
2469,25,2,196.79,4,3,2,Regular
2474,614,2,183.38,1,3,2,Regular
2476,537,1,307.91,1,1,2,Lost / Hibernating
2477,39,1,732.69,4,1,4,New / Promising
2481,642,1,182.66,1,1,2,Lost / Hibernating
2484,55,1,74.22,4,1,1,New / Promising
2485,516,3,353.29,1,4,3,At Risk (Valuable)
2486,26,2,379.32,4,3,3,Champions
2488,523,1,10.4,1,1,1,Lost / Hibernating
2489,34,2,316.41,4,3,2,Regular
2490,186,1,85.55,2,1,1,Lost / Hibernating
2491,606,1,87.28,1,1,1,Lost / Hibernating
2492,367,2,80.6,2,3,1,Regular
2493,183,3,428.53,2,4,3,At Risk (Valuable)
2494,5,2,413.85,4,3,3,Champions
2495,292,1,65.4,2,1,1,Lost / Hibernating
2496,106,5,685.94,3,4,4,Champions
2498,219,2,284.29,2,3,2,Regular
2500,135,1,55.77,3,1,1,New / Promising
2501,34,4,911.31,4,4,4,Champions
2502,68,3,530.79,3,4,3,Champions
2503,717,1,198.06,1,1,2,Lost / Hibernating
2506,303,3,1059.07,2,4,4,At Risk (Valuable)
2509,17,3,1227.14,4,4,4,Champions
2510,369,1,70.89,2,1,1,Lost / Hibernating
2512,85,1,449.0,3,1,3,New / Promising
2513,581,1,258.21,1,1,2,Lost / Hibernating
2514,298,2,596.22,2,3,3,At Risk (Valuable)
2515,624,1,126.6,1,1,1,Lost / Hibernating
2516,632,1,100.95,1,1,1,Lost / Hibernating
2518,30,2,187.2,4,3,2,Regular
2520,55,4,711.65,4,4,4,Champions
2523,605,1,258.38,1,1,2,Lost / Hibernating
2525,142,1,215.05,3,1,2,New / Promising
2527,16,1,259.78,4,1,2,New / Promising
2528,653,1,36.88,1,1,1,Lost / Hibernating
2530,99,2,1164.83,3,3,4,Champions
2531,28,2,395.44,4,3,3,Champions
2532,23,4,1409.49,4,4,4,Champions
2533,363,1,24.89,2,1,1,Lost / Hibernating
2534,18,3,1114.9,4,4,4,Champions
2535,201,2,629.99,2,3,3,At Risk (Valuable)
2536,638,2,71.13,1,3,1,Regular
2537,99,1,90.3,3,1,1,New / Promising
2538,159,2,391.33,3,3,3,Champions
2539,386,2,603.95,1,3,3,At Risk (Valuable)
2540,21,6,3111.67,4,4,4,Champions
2541,2,15,4113.51,4,4,4,Champions
2542,315,2,1244.54,2,3,4,At Risk (Valuable)
2544,40,3,261.17,4,4,2,Regular
2547,11,4,3399.94,4,4,4,Champions
2548,521,1,273.96,1,1,2,Lost / Hibernating
2550,40,2,325.2,4,3,2,Regular
2553,430,2,442.35,1,3,3,At Risk (Valuable)
2554,363,2,601.68,2,3,3,At Risk (Valuable)
2558,477,1,121.28,1,1,1,Lost / Hibernating
2559,398,2,197.99,1,3,2,Regular
2560,261,1,196.5,2,1,2,Lost / Hibernating
2561,463,2,241.1,1,3,2,Regular
2565,226,3,487.14,2,4,3,At Risk (Valuable)
2566,111,1,238.36,3,1,2,New / Promising
2567,42,2,286.15,4,3,2,Regular
2569,225,2,1417.01,2,3,4,At Risk (Valuable)
2570,23,2,522.63,4,3,3,Champions
2571,410,1,70.19,1,1,1,Lost / Hibernating
2573,227,2,1193.57,2,3,4,At Risk (Valuable)
2574,139,4,628.95,3,4,3,Champions
2576,167,1,1026.63,3,1,4,New / Promising
2579,69,3,1019.64,3,4,4,Champions
2580,86,2,623.72,3,3,3,Champions
2581,273,1,778.02,2,1,4,Lost / Hibernating
2582,306,1,109.5,2,1,1,Lost / Hibernating
2583,516,1,259.96,1,1,2,Lost / Hibernating
2584,187,1,277.29,2,1,2,Lost / Hibernating
2585,255,3,674.53,2,4,3,At Risk (Valuable)
2587,564,2,138.1,1,3,1,Regular
2588,49,1,80.32,4,1,1,New / Promising
2589,613,1,267.36,1,1,2,Lost / Hibernating
2590,245,2,600.47,2,3,3,At Risk (Valuable)
2591,23,3,456.76,4,4,3,Champions
2592,145,3,809.78,3,4,4,Champions
2594,83,1,154.41,3,1,2,New / Promising
2595,288,2,1705.59,2,3,4,At Risk (Valuable)
2596,57,7,2906.55,3,4,4,Champions
2597,35,2,623.1,4,3,3,Champions
2598,441,1,37.29,1,1,1,Lost / Hibernating
2601,233,1,56.93,2,1,1,Lost / Hibernating
2602,495,1,566.27,1,1,3,Lost / Hibernating
2606,149,6,571.76,3,4,3,Champions
2608,30,5,1708.21,4,4,4,Champions
2609,92,3,257.11,3,4,2,Regular
2610,92,2,150.05,3,3,2,Regular
2611,185,2,115.7,2,3,1,Regular
2612,173,2,50.56,3,3,1,Regular
2613,182,1,1167.15,2,1,4,Lost / Hibernating
2614,466,1,144.17,1,1,1,Lost / Hibernating
2615,341,1,531.08,2,1,3,Lost / Hibernating
2616,355,2,244.67,2,3,2,Regular
2617,382,3,819.75,1,4,4,At Risk (Valuable)
2618,2,2,315.29,4,3,2,Regular
2619,146,3,931.39,3,4,4,Champions
2620,246,2,110.22,2,3,1,Regular
2623,48,3,323.92,4,4,2,Regular
2624,238,1,324.86,2,1,2,Lost / Hibernating
2626,82,3,230.54,3,4,2,Regular
2628,502,1,372.87,1,1,3,Lost / Hibernating
2630,86,3,795.65,3,4,4,Champions
2631,517,1,52.73,1,1,1,Lost / Hibernating
2633,80,2,315.31,3,3,2,Regular
2634,334,1,33.76,2,1,1,Lost / Hibernating
2635,506,1,286.84,1,1,2,Lost / Hibernating
2636,510,1,75.47,1,1,1,Lost / Hibernating
2637,95,2,733.06,3,3,4,Champions
2638,163,3,272.37,3,4,2,Regular
2639,294,3,386.92,2,4,3,At Risk (Valuable)
2640,179,2,145.67,2,3,1,Regular
2642,233,2,425.94,2,3,3,At Risk (Valuable)
2643,102,5,1340.26,3,4,4,Champions
2644,383,3,287.0,1,4,2,Regular
2645,248,1,141.71,2,1,1,Lost / Hibernating
2651,419,1,318.09,1,1,2,Lost / Hibernating
2653,177,2,447.11,2,3,3,At Risk (Valuable)
2655,145,1,156.53,3,1,2,New / Promising
2657,161,3,547.38,3,4,3,Champions
2658,143,2,569.76,3,3,3,Champions
2659,297,1,169.94,2,1,2,Lost / Hibernating
2660,42,1,74.82,4,1,1,New / Promising
2661,76,1,204.47,3,1,2,New / Promising
2665,705,1,228.74,1,1,2,Lost / Hibernating
2666,189,2,203.93,2,3,2,Regular
2667,597,1,51.6,1,1,1,Lost / Hibernating
2668,312,1,205.95,2,1,2,Lost / Hibernating
2669,148,1,60.84,3,1,1,New / Promising
2670,106,5,1684.58,3,4,4,Champions
2671,30,1,159.82,4,1,2,New / Promising
2672,138,4,805.43,3,4,4,Champions
2673,17,2,296.5,4,3,2,Regular
2674,157,2,278.87,3,3,2,Regular
2675,380,2,263.7,1,3,2,Regular
2676,32,9,2783.77,4,4,4,Champions
2678,255,1,415.27,2,1,3,Lost / Hibernating
2679,8,5,1345.39,4,4,4,Champions
2680,14,7,1707.52,4,4,4,Champions
2682,170,2,255.44,3,3,2,Regular
2683,7,2,119.12,4,3,1,Regular
2685,339,2,1300.93,2,3,4,At Risk (Valuable)
2686,551,2,709.75,1,3,4,At Risk (Valuable)
2688,174,1,143.34,3,1,1,New / Promising
2689,141,3,681.66,3,4,3,Champions
2690,159,1,50.16,3,1,1,New / Promising
2691,57,1,44.24,3,1,1,New / Promising
2692,43,4,781.31,4,4,4,Champions
2693,136,1,77.91,3,1,1,New / Promising
2695,73,2,617.28,3,3,3,Champions
2696,399,1,40.48,1,1,1,Lost / Hibernating
2698,628,1,175.97,1,1,2,Lost / Hibernating
2699,411,1,171.56,1,1,2,Lost / Hibernating
2700,58,2,160.26,3,3,2,Regular
2701,56,3,562.04,4,4,3,Champions
2702,442,3,530.44,1,4,3,At Risk (Valuable)
2706,237,1,102.91,2,1,1,Lost / Hibernating
2707,392,2,457.45,1,3,3,At Risk (Valuable)
2711,37,12,2908.16,4,4,4,Champions
2713,5,2,1173.54,4,3,4,Champions
2714,85,2,774.22,3,3,4,Champions
2717,171,2,104.97,3,3,1,Regular
2718,62,4,1295.62,3,4,4,Champions
2721,148,2,633.25,3,3,3,Champions
2722,513,1,330.67,1,1,2,Lost / Hibernating
2723,132,3,767.71,3,4,4,Champions
2724,12,3,1548.44,4,4,4,Champions
2725,176,2,112.82,2,3,1,Regular
2728,235,2,233.43,2,3,2,Regular
2730,392,2,782.38,1,3,4,At Risk (Valuable)
2731,52,1,425.57,4,1,3,New / Promising
2733,290,3,533.88,2,4,3,At Risk (Valuable)
2734,252,3,342.97,2,4,3,At Risk (Valuable)
2735,453,1,157.2,1,1,2,Lost / Hibernating
2736,141,3,436.63,3,4,3,Champions
2737,123,4,969.15,3,4,4,Champions
2738,17,2,288.61,4,3,2,Regular
2739,12,5,638.6,4,4,3,Champions
2740,23,2,114.21,4,3,1,Regular
2741,497,1,370.5,1,1,3,Lost / Hibernating
2742,712,1,52.71,1,1,1,Lost / Hibernating
2743,662,1,221.29,1,1,2,Lost / Hibernating
2744,613,1,387.3,1,1,3,Lost / Hibernating
2745,48,2,120.58,4,3,1,Regular
2746,162,9,2828.48,3,4,4,Champions
2747,278,2,1483.81,2,3,4,At Risk (Valuable)
2748,1,15,6025.53,4,4,4,Champions
2749,313,2,193.89,2,3,2,Regular
2750,476,1,207.45,1,1,2,Lost / Hibernating
2751,4,4,1190.09,4,4,4,Champions
2752,18,4,551.93,4,4,3,Champions
2753,156,2,108.09,3,3,1,Regular
2754,389,3,588.01,1,4,3,At Risk (Valuable)
2757,250,3,950.75,2,4,4,At Risk (Valuable)
2758,147,1,348.18,3,1,3,New / Promising
2759,38,3,395.2,4,4,3,Champions
2760,38,1,474.4,4,1,3,New / Promising
2761,101,4,886.03,3,4,4,Champions
2762,139,2,508.8,3,3,3,Champions
2763,8,2,885.99,4,3,4,Champions
2764,156,1,487.19,3,1,3,New / Promising
2765,338,1,246.38,2,1,2,Lost / Hibernating
2766,426,1,118.68,1,1,1,Lost / Hibernating
2767,8,2,533.83,4,3,3,Champions
2772,89,1,165.89,3,1,2,New / Promising
2774,417,2,824.55,1,3,4,At Risk (Valuable)
2775,28,1,628.33,4,1,3,New / Promising
2777,597,1,198.77,1,1,2,Lost / Hibernating
2779,3,3,966.88,4,4,4,Champions
2780,68,3,1723.61,3,4,4,Champions
2782,630,1,163.58,1,1,2,Lost / Hibernating
2783,202,1,118.82,2,1,1,Lost / Hibernating
2784,315,1,752.54,2,1,4,Lost / Hibernating
2785,198,1,202.59,2,1,2,Lost / Hibernating
2786,711,1,65.06,1,1,1,Lost / Hibernating
2787,124,2,459.76,3,3,3,Champions
2791,343,2,204.85,2,3,2,Regular
2792,366,1,345.48,2,1,3,Lost / Hibernating
2793,51,2,613.62,4,3,3,Champions
2794,20,1,36.81,4,1,1,New / Promising
2795,327,1,383.05,2,1,3,Lost / Hibernating
2796,499,1,29.76,1,1,1,Lost / Hibernating
2798,678,1,110.22,1,1,1,Lost / Hibernating
2799,52,1,143.28,4,1,1,New / Promising
2801,93,2,456.66,3,3,3,Champions
2802,166,5,901.86,3,4,4,Champions
2803,145,3,331.78,3,4,2,Regular
2804,320,1,421.32,2,1,3,Lost / Hibernating
2805,501,1,258.12,1,1,2,Lost / Hibernating
2808,25,3,1075.71,4,4,4,Champions
2810,5,4,818.26,4,4,4,Champions
2815,67,2,207.51,3,3,2,Regular
2816,25,1,87.36,4,1,1,New / Promising
2817,40,7,1436.49,4,4,4,Champions
2818,417,1,5.8,1,1,1,Lost / Hibernating
2820,494,1,86.8,1,1,1,Lost / Hibernating
2821,212,1,27.9,2,1,1,Lost / Hibernating
2822,456,1,89.39,1,1,1,Lost / Hibernating
2823,30,2,977.1,4,3,4,Champions
2825,222,2,468.12,2,3,3,At Risk (Valuable)
2827,230,1,214.75,2,1,2,Lost / Hibernating
2828,558,1,168.49,1,1,2,Lost / Hibernating
2829,163,2,496.94,3,3,3,Champions
2832,720,1,84.7,1,1,1,Lost / Hibernating
2833,57,2,133.29,3,3,1,Regular
2834,28,2,710.9,4,3,4,Champions
2835,408,1,103.9,1,1,1,Lost / Hibernating
2836,610,1,69.43,1,1,1,Lost / Hibernating
2837,238,1,1062.89,2,1,4,Lost / Hibernating
2839,563,1,182.97,1,1,2,Lost / Hibernating
2840,131,3,437.32,3,4,3,Champions
2843,15,4,777.47,4,4,4,Champions
2844,257,1,129.86,2,1,1,Lost / Hibernating
2845,259,2,313.79,2,3,2,Regular
2846,5,3,603.18,4,4,3,Champions
2848,74,5,470.3,3,4,3,Champions
2849,538,1,812.45,1,1,4,Lost / Hibernating
2851,40,2,147.53,4,3,2,Regular
2854,26,3,366.09,4,4,3,Champions
2855,31,1,537.26,4,1,3,New / Promising
2856,55,2,1003.05,4,3,4,Champions
2858,40,5,2303.96,4,4,4,Champions
2860,329,3,162.48,2,4,2,Regular
2863,582,2,263.2,1,3,2,Regular
2864,328,1,113.47,2,1,1,Lost / Hibernating
2865,29,2,316.92,4,3,2,Regular
2866,642,1,59.27,1,1,1,Lost / Hibernating
2867,573,2,722.76,1,3,4,At Risk (Valuable)
2868,325,1,135.35,2,1,1,Lost / Hibernating
2870,146,1,218.18,3,1,2,New / Promising
2871,14,4,603.51,4,4,3,Champions
2872,81,1,21.95,3,1,1,New / Promising
2876,329,2,285.88,2,3,2,Regular
2877,399,1,54.97,1,1,1,Lost / Hibernating
2879,16,3,531.62,4,4,3,Champions
2880,269,4,610.18,2,4,3,At Risk (Valuable)
2881,53,3,305.23,4,4,2,Regular
2882,181,1,181.64,2,1,2,Lost / Hibernating
2887,230,1,11.6,2,1,1,Lost / Hibernating
2889,40,1,138.02,4,1,1,New / Promising
2890,6,32,8635.06,4,4,4,Champions
2892,44,3,445.22,4,4,3,Champions
2894,6,10,2830.99,4,4,4,Champions
2895,184,1,286.52,2,1,2,Lost / Hibernating
2896,24,1,180.55,4,1,2,New / Promising
2897,13,2,1388.01,4,3,4,Champions
2898,20,4,1461.03,4,4,4,Champions
2899,66,2,537.69,3,3,3,Champions
2900,396,2,905.71,1,3,4,At Risk (Valuable)
2901,47,1,924.36,4,1,4,New / Promising
2902,168,2,416.14,3,3,3,Champions
2903,466,1,279.23,1,1,2,Lost / Hibernating
2906,95,2,411.93,3,3,3,Champions
2907,27,4,1073.6,4,4,4,Champions
2908,48,2,363.21,4,3,3,Champions
2909,713,1,315.15,1,1,2,Lost / Hibernating
2910,205,1,55.91,2,1,1,Lost / Hibernating
2911,61,1,10.96,3,1,1,New / Promising
2913,640,1,247.82,1,1,2,Lost / Hibernating
2914,431,2,792.86,1,3,4,At Risk (Valuable)
2915,80,4,1133.31,3,4,4,Champions
2916,155,3,469.49,3,4,3,Champions
2920,130,4,321.34,3,4,2,Regular
2924,297,1,17.37,2,1,1,Lost / Hibernating
2925,113,2,984.38,3,3,4,Champions
2926,149,1,527.8,3,1,3,New / Promising
2927,561,1,155.28,1,1,2,Lost / Hibernating
2928,600,1,733.97,1,1,4,Lost / Hibernating
2929,4,5,1514.58,4,4,4,Champions
2931,593,1,79.81,1,1,1,Lost / Hibernating
2934,328,1,184.82,2,1,2,Lost / Hibernating
2935,168,4,244.23,3,4,2,Regular
2936,591,1,158.48,1,1,2,Lost / Hibernating
2937,568,1,299.97,1,1,2,Lost / Hibernating
2939,87,4,753.26,3,4,4,Champions
2940,84,1,134.75,3,1,1,New / Promising
2942,22,2,259.97,4,3,2,Regular
2944,107,1,17.12,3,1,1,New / Promising
2945,42,1,332.24,4,1,2,New / Promising
2947,418,1,585.01,1,1,3,Lost / Hibernating
2948,34,1,170.62,4,1,2,New / Promising
2949,639,1,153.12,1,1,2,Lost / Hibernating
2950,31,3,1146.63,4,4,4,Champions
2951,657,1,12.3,1,1,1,Lost / Hibernating
2953,24,4,1755.02,4,4,4,Champions
2954,13,3,196.57,4,4,2,Regular
2955,631,1,428.04,1,1,3,Lost / Hibernating
2958,13,1,509.77,4,1,3,New / Promising
2959,679,1,851.02,1,1,4,Lost / Hibernating
2960,163,1,77.52,3,1,1,New / Promising
2962,527,2,640.53,1,3,3,At Risk (Valuable)
2964,96,1,816.73,3,1,4,New / Promising
2965,42,2,363.64,4,3,3,Champions
2966,50,5,515.27,4,4,3,Champions
2968,391,1,234.67,1,1,2,Lost / Hibernating
2969,254,3,499.46,2,4,3,At Risk (Valuable)
2970,488,1,78.32,1,1,1,Lost / Hibernating
2971,25,1,34.7,4,1,1,New / Promising
2972,512,1,360.05,1,1,3,Lost / Hibernating
2973,521,1,59.36,1,1,1,Lost / Hibernating
2975,73,2,241.8,3,3,2,Regular
2976,230,1,128.88,2,1,1,Lost / Hibernating
2977,478,1,269.99,1,1,2,Lost / Hibernating
2978,42,1,135.93,4,1,1,New / Promising
2979,599,1,500.4,1,1,3,Lost / Hibernating
2980,13,2,430.98,4,3,3,Champions
2981,49,7,1162.93,4,4,4,Champions
2982,34,4,1823.34,4,4,4,Champions
2984,643,1,370.06,1,1,3,Lost / Hibernating
2985,382,1,27.33,1,1,1,Lost / Hibernating
2986,45,4,929.08,4,4,4,Champions
2988,489,1,231.96,1,1,2,Lost / Hibernating
2989,364,1,318.82,2,1,2,Lost / Hibernating
2991,109,2,186.5,3,3,2,Regular
2992,420,1,244.77,1,1,2,Lost / Hibernating
2994,325,2,139.49,2,3,1,Regular
2995,391,2,109.33,1,3,1,Regular
2996,373,1,168.2,1,1,2,Lost / Hibernating
2997,246,3,1147.24,2,4,4,At Risk (Valuable)
2998,308,1,36.91,2,1,1,Lost / Hibernating
2999,26,1,174.1,4,1,2,New / Promising
3000,12,10,2422.46,4,4,4,Champions
3001,43,5,2121.84,4,4,4,Champions
3002,290,2,1516.59,2,3,4,At Risk (Valuable)
3004,138,3,91.11,3,4,1,Regular
3005,45,2,112.69,4,3,1,Regular
3007,42,3,1091.75,4,4,4,Champions
3008,22,6,621.78,4,4,3,Champions
3009,159,1,151.73,3,1,2,New / Promising
3011,49,1,36.77,4,1,1,New / Promising
3013,72,1,72.08,3,1,1,New / Promising
3014,38,8,2491.27,4,4,4,Champions
3015,244,3,1724.61,2,4,4,At Risk (Valuable)
3017,71,4,649.23,3,4,3,Champions
3019,277,2,768.99,2,3,4,At Risk (Valuable)
3020,321,3,306.78,2,4,2,Regular
3022,596,1,1037.24,1,1,4,Lost / Hibernating
3023,1,15,2385.22,4,4,4,Champions
3024,237,2,534.11,2,3,3,At Risk (Valuable)
3025,194,1,1111.67,2,1,4,Lost / Hibernating
3026,180,2,1022.29,2,3,4,At Risk (Valuable)
3027,211,1,71.91,2,1,1,Lost / Hibernating
3029,3,1,1601.76,4,1,4,New / Promising
3030,58,1,142.36,3,1,1,New / Promising
3036,673,1,42.82,1,1,1,Lost / Hibernating
3037,477,1,234.94,1,1,2,Lost / Hibernating
3040,371,3,375.23,2,4,3,At Risk (Valuable)
3041,467,1,138.74,1,1,1,Lost / Hibernating
3042,270,2,808.33,2,3,4,At Risk (Valuable)
3043,113,3,173.63,3,4,2,Regular
3044,379,1,126.92,1,1,1,Lost / Hibernating
3045,139,3,356.23,3,4,3,Champions
3046,70,4,1206.79,3,4,4,Champions
3047,509,1,505.06,1,1,3,Lost / Hibernating
3048,170,2,156.91,3,3,2,Regular
3049,601,1,76.63,1,1,1,Lost / Hibernating
3051,437,1,29.65,1,1,1,Lost / Hibernating
3052,36,1,229.72,4,1,2,New / Promising
3056,267,1,169.3,2,1,2,Lost / Hibernating
3057,713,1,87.24,1,1,1,Lost / Hibernating
3058,365,2,427.92,2,3,3,At Risk (Valuable)
3059,295,4,1158.65,2,4,4,At Risk (Valuable)
3061,5,3,432.93,4,4,3,Champions
3062,22,3,878.45,4,4,4,Champions
3065,106,1,306.66,3,1,2,New / Promising
3066,147,2,1099.42,3,3,4,Champions
3067,490,1,333.63,1,1,2,Lost / Hibernating
3068,224,1,697.66,2,1,4,Lost / Hibernating
3069,110,1,830.66,3,1,4,New / Promising
3070,450,3,167.6,1,4,2,Regular
3072,69,3,414.48,3,4,3,Champions
3073,172,2,511.52,3,3,3,Champions
3074,188,2,325.21,2,3,2,Regular
3077,430,1,25.2,1,1,1,Lost / Hibernating
3079,127,2,103.0,3,3,1,Regular
3081,250,3,1311.13,2,4,4,At Risk (Valuable)
3082,92,2,799.87,3,3,4,Champions
3083,251,2,843.72,2,3,4,At Risk (Valuable)
3084,40,2,1126.94,4,3,4,Champions
3086,190,1,32.9,2,1,1,Lost / Hibernating
3088,52,4,823.87,4,4,4,Champions
3090,305,3,1020.23,2,4,4,At Risk (Valuable)
3091,221,1,141.99,2,1,1,Lost / Hibernating
3092,16,1,22.51,4,1,1,New / Promising
3094,113,6,1831.6,3,4,4,Champions
3095,555,1,129.14,1,1,1,Lost / Hibernating
3096,140,1,308.85,3,1,2,New / Promising
3097,22,2,984.43,4,3,4,Champions
3098,222,2,1553.92,2,3,4,At Risk (Valuable)
3099,111,2,315.18,3,3,2,Regular
3100,393,2,858.64,1,3,4,At Risk (Valuable)
3101,422,1,145.35,1,1,1,Lost / Hibernating
3103,9,18,2981.83,4,4,4,Champions
3104,80,2,1029.21,3,3,4,Champions
3105,25,2,238.73,4,3,2,Regular
3107,175,1,704.96,2,1,4,Lost / Hibernating
3111,207,1,307.16,2,1,2,Lost / Hibernating
3112,334,1,700.94,2,1,4,Lost / Hibernating
3113,154,4,375.12,3,4,3,Champions
3116,48,9,1988.29,4,4,4,Champions
3117,25,3,967.46,4,4,4,Champions
3119,51,3,358.35,4,4,3,Champions
3120,196,1,605.81,2,1,3,Lost / Hibernating
3122,605,1,1816.71,1,1,4,Lost / Hibernating
3123,293,2,1054.7,2,3,4,At Risk (Valuable)
3124,42,2,718.41,4,3,4,Champions
3126,111,1,942.76,3,1,4,New / Promising
3127,697,1,255.98,1,1,2,Lost / Hibernating
3128,467,1,49.64,1,1,1,Lost / Hibernating
3129,152,1,422.63,3,1,3,New / Promising
3131,450,1,125.53,1,1,1,Lost / Hibernating
3132,201,1,206.19,2,1,2,Lost / Hibernating
3133,407,1,139.58,1,1,1,Lost / Hibernating
3134,138,4,1603.26,3,4,4,Champions
3136,303,1,1275.5,2,1,4,Lost / Hibernating
3137,302,1,330.06,2,1,2,Lost / Hibernating
3138,467,1,406.75,1,1,3,Lost / Hibernating
3139,97,2,488.18,3,3,3,Champions
3140,25,5,782.66,4,4,4,Champions
3141,231,3,926.91,2,4,4,At Risk (Valuable)
3147,1,1,174.4,4,1,2,New / Promising
3148,173,3,776.59,3,4,4,Champions
3149,83,1,230.73,3,1,2,New / Promising
3150,44,2,889.42,4,3,4,Champions
3152,40,6,2516.54,4,4,4,Champions
3154,106,1,771.61,3,1,4,New / Promising
3155,370,2,383.47,2,3,3,At Risk (Valuable)
3157,224,1,523.53,2,1,3,Lost / Hibernating
3158,93,4,584.48,3,4,3,Champions
3159,720,1,65.55,1,1,1,Lost / Hibernating
3160,237,1,215.65,2,1,2,Lost / Hibernating
3164,360,3,1066.04,2,4,4,At Risk (Valuable)
3165,460,2,1684.82,1,3,4,At Risk (Valuable)
3166,421,1,87.79,1,1,1,Lost / Hibernating
3168,540,2,503.69,1,3,3,At Risk (Valuable)
3169,120,2,1348.33,3,3,4,Champions
3170,262,1,104.42,2,1,1,Lost / Hibernating
3171,97,1,110.69,3,1,1,New / Promising
3173,574,1,66.0,1,1,1,Lost / Hibernating
3174,382,1,425.41,1,1,3,Lost / Hibernating
3178,299,2,961.31,2,3,4,At Risk (Valuable)
3179,17,4,2814.58,4,4,4,Champions
3180,574,2,139.88,1,3,1,Regular
3182,356,1,300.46,2,1,2,Lost / Hibernating
3183,144,2,498.19,3,3,3,Champions
3185,148,2,860.83,3,3,4,Champions
3188,28,1,770.28,4,1,4,New / Promising
3189,128,8,2256.08,3,4,4,Champions
3190,31,2,481.16,4,3,3,Champions
3191,121,5,999.05,3,4,4,Champions
3193,193,2,101.54,2,3,1,Regular
3194,29,4,823.95,4,4,4,Champions
3195,166,3,779.85,3,4,4,Champions
3196,188,1,850.92,2,1,4,Lost / Hibernating
3198,58,4,849.14,3,4,4,Champions
3199,291,2,904.13,2,3,4,At Risk (Valuable)
3200,360,1,66.85,2,1,1,Lost / Hibernating
3201,86,3,467.27,3,4,3,Champions
3202,380,3,737.68,1,4,4,At Risk (Valuable)
3203,663,1,1005.98,1,1,4,Lost / Hibernating
3204,93,3,271.92,3,4,2,Regular
3205,458,1,359.16,1,1,3,Lost / Hibernating
3206,417,1,235.64,1,1,2,Lost / Hibernating
3208,345,5,1641.99,2,4,4,At Risk (Valuable)
3209,123,1,306.58,3,1,2,New / Promising
3210,203,2,172.8,2,3,2,Regular
3212,103,1,424.32,3,1,3,New / Promising
3213,61,2,103.26,3,3,1,Regular
3214,178,2,338.02,2,3,3,At Risk (Valuable)
3215,250,1,72.78,2,1,1,Lost / Hibernating
3216,30,1,60.79,4,1,1,New / Promising
3217,42,1,145.77,4,1,1,New / Promising
3218,6,3,106.78,4,4,1,Regular
3219,337,3,2202.33,2,4,4,At Risk (Valuable)
3220,143,3,351.15,3,4,3,Champions
3221,258,1,349.8,2,1,3,Lost / Hibernating
3223,356,2,577.53,2,3,3,At Risk (Valuable)
3225,1,1,78.87,4,1,1,New / Promising
3226,306,2,514.21,2,3,3,At Risk (Valuable)
3228,2,1,47.82,4,1,1,New / Promising
3230,315,1,261.61,2,1,2,Lost / Hibernating
3232,90,3,707.68,3,4,4,Champions
3233,15,2,109.42,4,3,1,Regular
3234,299,3,1948.11,2,4,4,At Risk (Valuable)
3236,329,5,873.04,2,4,4,At Risk (Valuable)
3237,424,2,284.68,1,3,2,Regular
3238,122,2,321.07,3,3,2,Regular
3241,66,2,770.68,3,3,4,Champions
3243,354,1,142.63,2,1,1,Lost / Hibernating
3244,33,1,747.95,4,1,4,New / Promising
3245,9,4,1081.12,4,4,4,Champions
3246,474,1,77.92,1,1,1,Lost / Hibernating
3247,159,2,214.25,3,3,2,Regular
3248,49,1,201.06,4,1,2,New / Promising
3249,34,8,1352.73,4,4,4,Champions
3250,15,6,950.42,4,4,4,Champions
3251,46,1,22.76,4,1,1,New / Promising
3252,143,1,136.84,3,1,1,New / Promising
3253,125,3,950.3,3,4,4,Champions
3255,58,3,482.46,3,4,3,Champions
3256,29,1,130.14,4,1,1,New / Promising
3257,28,2,506.82,4,3,3,Champions
3258,55,2,729.4,4,3,4,Champions
3261,280,2,108.36,2,3,1,Regular
3262,41,3,566.2,4,4,3,Champions
3263,393,2,548.03,1,3,3,At Risk (Valuable)
3264,39,1,277.98,4,1,2,New / Promising
3265,325,2,225.92,2,3,2,Regular
3266,182,2,505.09,2,3,3,At Risk (Valuable)
3267,499,1,340.2,1,1,3,Lost / Hibernating
3268,93,2,342.27,3,3,3,Champions
3269,101,2,1403.12,3,3,4,Champions
3270,51,2,150.49,4,3,2,Regular
3273,434,1,289.51,1,1,2,Lost / Hibernating
3274,716,1,443.99,1,1,3,Lost / Hibernating
3277,267,1,92.44,2,1,1,Lost / Hibernating
3279,324,1,50.33,2,1,1,Lost / Hibernating
3282,4,2,340.68,4,3,3,Champions
3283,55,1,216.18,4,1,2,New / Promising
3284,51,12,3728.06,4,4,4,Champions
3285,575,1,43.44,1,1,1,Lost / Hibernating
3286,535,1,285.57,1,1,2,Lost / Hibernating
3287,307,2,665.1,2,3,3,At Risk (Valuable)
3289,9,3,720.47,4,4,4,Champions
3290,36,2,334.83,4,3,3,Champions
3291,343,1,54.02,2,1,1,Lost / Hibernating
3292,24,6,930.48,4,4,4,Champions
3293,359,2,222.62,2,3,2,Regular
3296,377,1,145.84,1,1,1,Lost / Hibernating
3297,12,4,726.28,4,4,4,Champions
3299,649,1,84.29,1,1,1,Lost / Hibernating
3300,21,3,1328.49,4,4,4,Champions
3301,83,1,491.99,3,1,3,New / Promising
3304,74,1,138.71,3,1,1,New / Promising
3305,164,1,81.87,3,1,1,New / Promising
3306,477,1,272.93,1,1,2,Lost / Hibernating
3309,279,1,358.98,2,1,3,Lost / Hibernating
3310,378,3,1161.58,1,4,4,At Risk (Valuable)
3311,69,1,256.01,3,1,2,New / Promising
3312,5,2,1035.84,4,3,4,Champions
3314,411,1,476.35,1,1,3,Lost / Hibernating
3318,304,3,420.9,2,4,3,At Risk (Valuable)
3319,584,1,59.24,1,1,1,Lost / Hibernating
3320,4,10,2590.35,4,4,4,Champions
3322,45,2,876.81,4,3,4,Champions
3323,39,1,501.94,4,1,3,New / Promising
3326,27,4,945.79,4,4,4,Champions
3328,468,2,819.03,1,3,4,At Risk (Valuable)
3330,19,4,1242.27,4,4,4,Champions
3331,17,1,310.03,4,1,2,New / Promising
3332,110,1,26.05,3,1,1,New / Promising
3334,132,2,357.25,3,3,3,Champions
3336,4,2,434.27,4,3,3,Champions
3337,49,1,81.5,4,1,1,New / Promising
3338,579,2,1338.61,1,3,4,At Risk (Valuable)
3341,90,2,168.08,3,3,2,Regular
3342,581,1,29.92,1,1,1,Lost / Hibernating
3343,10,9,3594.47,4,4,4,Champions
3344,687,1,164.19,1,1,2,Lost / Hibernating
3345,28,3,1051.24,4,4,4,Champions
3346,8,1,120.94,4,1,1,New / Promising
3348,35,5,1275.25,4,4,4,Champions
3349,363,2,725.65,2,3,4,At Risk (Valuable)
3350,303,1,45.45,2,1,1,Lost / Hibernating
3351,97,3,492.78,3,4,3,Champions
3352,94,1,109.06,3,1,1,New / Promising
3353,375,1,70.29,1,1,1,Lost / Hibernating
3354,122,1,192.13,3,1,2,New / Promising
3355,83,3,502.19,3,4,3,Champions
3357,53,2,368.03,4,3,3,Champions
3358,35,4,1161.43,4,4,4,Champions
3360,15,3,608.68,4,4,3,Champions
3361,64,1,38.07,3,1,1,New / Promising
3362,289,2,411.67,2,3,3,At Risk (Valuable)
3363,629,1,5.41,1,1,1,Lost / Hibernating
3364,311,2,926.46,2,3,4,At Risk (Valuable)
3365,579,2,818.45,1,3,4,At Risk (Valuable)
3366,528,2,775.06,1,3,4,At Risk (Valuable)
3368,421,2,278.96,1,3,2,Regular
3370,265,2,544.54,2,3,3,At Risk (Valuable)
3371,4,3,560.17,4,4,3,Champions
3373,5,2,342.06,4,3,3,Champions
3374,429,2,152.96,1,3,2,Regular
3375,27,1,20.66,4,1,1,New / Promising
3376,425,1,680.14,1,1,3,Lost / Hibernating
3377,231,1,118.75,2,1,1,Lost / Hibernating
3378,399,3,746.03,1,4,4,At Risk (Valuable)
3379,45,1,317.49,4,1,2,New / Promising
3380,246,2,232.65,2,3,2,Regular
3381,480,1,158.97,1,1,2,Lost / Hibernating
3382,197,2,494.87,2,3,3,At Risk (Valuable)
3384,293,2,291.99,2,3,2,Regular
3385,319,1,187.59,2,1,2,Lost / Hibernating
3386,127,2,136.7,3,3,1,Regular
3388,400,1,1554.85,1,1,4,Lost / Hibernating
3389,18,3,789.29,4,4,4,Champions
3390,545,2,89.28,1,3,1,Regular
3392,414,1,58.09,1,1,1,Lost / Hibernating
3393,146,3,207.22,3,4,2,Regular
3395,3,3,701.84,4,4,4,Champions
3396,329,2,589.34,2,3,3,At Risk (Valuable)
3397,439,4,1008.62,1,4,4,At Risk (Valuable)
3400,2,4,1080.22,4,4,4,Champions
3403,10,7,1887.95,4,4,4,Champions
3408,246,1,222.46,2,1,2,Lost / Hibernating
3410,230,3,166.06,2,4,2,Regular
3411,17,3,1532.03,4,4,4,Champions
3414,11,1,595.65,4,1,3,New / Promising
3416,438,1,54.09,1,1,1,Lost / Hibernating
3418,591,3,808.87,1,4,4,At Risk (Valuable)
3419,381,1,152.28,1,1,2,Lost / Hibernating
3420,100,1,125.85,3,1,1,New / Promising
3421,146,1,176.89,3,1,2,New / Promising
3422,326,2,207.03,2,3,2,Regular
3423,5,2,539.8,4,3,3,Champions
3425,93,1,331.43,3,1,2,New / Promising
3431,254,1,112.45,2,1,1,Lost / Hibernating
3432,2,2,324.39,4,3,2,Regular
3434,473,2,95.63,1,3,1,Regular
3436,229,3,1106.8,2,4,4,At Risk (Valuable)
3437,134,1,603.49,3,1,3,New / Promising
3438,72,2,275.03,3,3,2,Regular
3439,204,3,774.48,2,4,4,At Risk (Valuable)
3440,173,1,104.39,3,1,1,New / Promising
3441,61,3,573.84,3,4,3,Champions
3443,267,3,339.36,2,4,3,At Risk (Valuable)
3444,674,1,41.95,1,1,1,Lost / Hibernating
3445,52,2,303.43,4,3,2,Regular
3447,442,1,421.92,1,1,3,Lost / Hibernating
3448,215,1,342.44,2,1,3,Lost / Hibernating
3449,372,3,374.26,2,4,3,At Risk (Valuable)
3451,86,2,642.88,3,3,3,Champions
3452,402,2,652.94,1,3,3,At Risk (Valuable)
3453,225,3,228.59,2,4,2,Regular
3455,48,2,201.95,4,3,2,Regular
3456,49,4,915.9,4,4,4,Champions
3457,481,1,620.26,1,1,3,Lost / Hibernating
3459,291,1,78.89,2,1,1,Lost / Hibernating
3461,315,3,800.77,2,4,4,At Risk (Valuable)
3465,231,1,107.19,2,1,1,Lost / Hibernating
3466,6,4,2007.88,4,4,4,Champions
3467,703,1,255.24,1,1,2,Lost / Hibernating
3469,216,2,411.98,2,3,3,At Risk (Valuable)
3470,462,1,106.59,1,1,1,Lost / Hibernating
3471,2,2,446.83,4,3,3,Champions
3472,47,2,478.38,4,3,3,Champions
3473,678,1,62.41,1,1,1,Lost / Hibernating
3474,654,1,223.9,1,1,2,Lost / Hibernating
3475,267,2,369.56,2,3,3,At Risk (Valuable)
3476,377,1,550.69,1,1,3,Lost / Hibernating
3479,484,1,72.08,1,1,1,Lost / Hibernating
3480,482,1,114.24,1,1,1,Lost / Hibernating
3481,302,2,87.66,2,3,1,Regular
3482,1,1,287.17,4,1,2,New / Promising
3483,712,1,57.01,1,1,1,Lost / Hibernating
3487,54,1,194.22,4,1,2,New / Promising
3488,4,1,151.55,4,1,2,New / Promising
3490,7,3,124.06,4,4,1,Regular
3491,12,1,161.25,4,1,2,New / Promising
3493,89,2,422.17,3,3,3,Champions
3496,248,2,156.09,2,3,2,Regular
3498,5,6,919.01,4,4,4,Champions
3499,13,5,606.84,4,4,3,Champions
3500,333,1,171.58,2,1,2,Lost / Hibernating
3501,3,1,120.04,4,1,1,New / Promising
3503,286,1,734.66,2,1,4,Lost / Hibernating
3504,131,2,2364.17,3,3,4,Champions
3506,376,1,81.91,1,1,1,Lost / Hibernating
3508,289,4,597.27,2,4,3,At Risk (Valuable)
3509,90,3,707.36,3,4,4,Champions
3511,380,1,611.63,1,1,3,Lost / Hibernating
3513,598,1,713.64,1,1,4,Lost / Hibernating
3515,44,2,775.08,4,3,4,Champions
3516,586,1,436.44,1,1,3,Lost / Hibernating
3518,641,1,29.2,1,1,1,Lost / Hibernating
3520,173,2,442.44,3,3,3,Champions
3521,91,4,778.05,3,4,4,Champions
3523,212,2,575.19,2,3,3,At Risk (Valuable)
3525,148,4,823.31,3,4,4,Champions
3526,165,1,185.88,3,1,2,New / Promising
3527,144,1,410.62,3,1,3,New / Promising
3528,77,1,56.7,3,1,1,New / Promising
3530,495,1,245.67,1,1,2,Lost / Hibernating
3532,249,1,252.28,2,1,2,Lost / Hibernating
3533,486,1,355.25,1,1,3,Lost / Hibernating
3534,179,3,502.54,2,4,3,At Risk (Valuable)
3537,393,2,895.32,1,3,4,At Risk (Valuable)
3538,182,3,1016.91,2,4,4,At Risk (Valuable)
3540,5,2,712.6,4,3,4,Champions
3541,40,1,328.41,4,1,2,New / Promising
3542,119,4,921.04,3,4,4,Champions
3543,86,1,88.06,3,1,1,New / Promising
3544,134,1,313.76,3,1,2,New / Promising
3545,34,1,100.72,4,1,1,New / Promising
3549,18,8,857.99,4,4,4,Champions
3550,236,2,146.95,2,3,1,Regular
3551,82,7,980.8,3,4,4,Champions
3552,301,2,297.46,2,3,2,Regular
3554,460,1,157.64,1,1,2,Lost / Hibernating
3555,6,1,286.4,4,1,2,New / Promising
3556,36,15,1603.44,4,4,4,Champions
3557,525,3,2260.36,1,4,4,At Risk (Valuable)
3559,289,1,102.92,2,1,1,Lost / Hibernating
3560,1,2,91.54,4,3,1,Regular
3561,341,2,890.32,2,3,4,At Risk (Valuable)
3563,569,1,168.02,1,1,2,Lost / Hibernating
3564,423,1,1811.06,1,1,4,Lost / Hibernating
3565,231,2,383.32,2,3,3,At Risk (Valuable)
3567,224,1,209.66,2,1,2,Lost / Hibernating
3568,399,1,108.23,1,1,1,Lost / Hibernating
3569,175,1,302.01,2,1,2,Lost / Hibernating
3572,44,3,538.38,4,4,3,Champions
3573,378,2,317.02,1,3,2,Regular
3574,728,1,546.34,1,1,3,Lost / Hibernating
3575,335,1,968.77,2,1,4,Lost / Hibernating
3576,196,1,360.83,2,1,3,Lost / Hibernating
3577,131,3,651.57,3,4,3,Champions
3578,189,2,611.12,2,3,3,At Risk (Valuable)
3579,13,3,455.62,4,4,3,Champions
3581,291,1,260.93,2,1,2,Lost / Hibernating
3582,216,2,958.13,2,3,4,At Risk (Valuable)
3583,241,3,836.19,2,4,4,At Risk (Valuable)
3584,54,1,123.57,4,1,1,New / Promising
3585,71,7,856.04,3,4,4,Champions
3592,385,1,50.07,1,1,1,Lost / Hibernating
3593,511,1,38.66,1,1,1,Lost / Hibernating
3597,187,7,1144.81,2,4,4,At Risk (Valuable)
3598,516,1,595.75,1,1,3,Lost / Hibernating
3599,395,1,233.49,1,1,2,Lost / Hibernating
3600,150,1,664.7,3,1,3,New / Promising
3601,56,8,3132.78,4,4,4,Champions
3602,641,1,190.15,1,1,2,Lost / Hibernating
3604,382,1,144.36,1,1,1,Lost / Hibernating
3608,30,3,1500.58,4,4,4,Champions
3609,396,1,238.17,1,1,2,Lost / Hibernating
3611,661,2,1125.58,1,3,4,At Risk (Valuable)
3616,76,2,382.83,3,3,3,Champions
3617,241,1,82.84,2,1,1,Lost / Hibernating
3618,25,3,1305.23,4,4,4,Champions
3619,450,1,231.15,1,1,2,Lost / Hibernating
3620,264,4,1168.28,2,4,4,At Risk (Valuable)
3622,397,2,402.46,1,3,3,At Risk (Valuable)
3623,42,9,1515.18,4,4,4,Champions
3624,569,2,2082.64,1,3,4,At Risk (Valuable)
3627,267,1,423.55,2,1,3,Lost / Hibernating
3628,358,1,155.6,2,1,2,Lost / Hibernating
3629,65,3,1341.27,3,4,4,Champions
3630,396,1,289.08,1,1,2,Lost / Hibernating
3631,77,1,233.46,3,1,2,New / Promising
3633,136,8,2356.37,3,4,4,Champions
3636,484,1,118.84,1,1,1,Lost / Hibernating
3637,390,1,84.11,1,1,1,Lost / Hibernating
3643,307,4,689.49,2,4,4,At Risk (Valuable)
3644,84,1,278.43,3,1,2,New / Promising
3646,108,8,2340.52,3,4,4,Champions
3647,287,2,583.45,2,3,3,At Risk (Valuable)
3648,35,3,589.54,4,4,3,Champions
3649,267,2,358.4,2,3,3,At Risk (Valuable)
3652,355,1,1316.0,2,1,4,Lost / Hibernating
3654,274,1,268.42,2,1,2,Lost / Hibernating
3656,300,2,515.7,2,3,3,At Risk (Valuable)
3657,75,2,253.7,3,3,2,Regular
3658,90,3,1127.85,3,4,4,Champions
3659,174,3,648.3,3,4,3,Champions
3660,212,1,281.54,2,1,2,Lost / Hibernating
3661,10,3,227.34,4,4,2,Regular
3662,82,5,2362.82,3,4,4,Champions
3663,341,2,114.34,2,3,1,Regular
3665,169,1,647.36,3,1,3,New / Promising
3666,260,4,1693.67,2,4,4,At Risk (Valuable)
3667,112,1,502.08,3,1,3,New / Promising
3668,668,1,771.72,1,1,4,Lost / Hibernating
3669,607,1,557.48,1,1,3,Lost / Hibernating
3671,675,1,155.2,1,1,2,Lost / Hibernating
3672,371,2,522.77,2,3,3,At Risk (Valuable)
3677,699,1,192.7,1,1,2,Lost / Hibernating
3678,171,3,822.8,3,4,4,Champions
3681,100,3,425.5,3,4,3,Champions
3684,137,2,93.1,3,3,1,Regular
3686,110,2,1055.7,3,3,4,Champions
3687,399,2,391.9,1,3,3,At Risk (Valuable)
3688,23,3,610.57,4,4,3,Champions
3691,5,4,1128.31,4,4,4,Champions
3692,324,1,161.65,2,1,2,Lost / Hibernating
3693,673,1,17.8,1,1,1,Lost / Hibernating
3694,246,2,197.03,2,3,2,Regular
3696,39,6,1511.9,4,4,4,Champions
3697,236,2,230.52,2,3,2,Regular
3698,10,2,372.3,4,3,3,Champions
3700,335,1,43.61,2,1,1,Lost / Hibernating
3701,19,1,129.16,4,1,1,New / Promising
3702,226,1,16.9,2,1,1,Lost / Hibernating
3703,4,2,1142.51,4,3,4,Champions
3705,21,1,416.61,4,1,3,New / Promising
3707,157,3,412.25,3,4,3,Champions
3708,40,3,287.35,4,4,2,Regular
3709,76,2,746.91,3,3,4,Champions
3710,88,2,227.58,3,3,2,Regular
3712,388,1,36.23,1,1,1,Lost / Hibernating
3713,549,1,243.9,1,1,2,Lost / Hibernating
3715,8,6,997.38,4,4,4,Champions
3718,200,1,47.92,2,1,1,Lost / Hibernating
3720,2,1,264.62,4,1,2,New / Promising
3721,108,1,121.96,3,1,1,New / Promising
3722,36,5,1376.98,4,4,4,Champions
3723,71,2,516.25,3,3,3,Champions
3724,550,1,281.56,1,1,2,Lost / Hibernating
3725,256,1,649.65,2,1,3,Lost / Hibernating
3726,92,2,794.84,3,3,4,Champions
3727,108,2,767.68,3,3,4,Champions
3729,512,1,42.06,1,1,1,Lost / Hibernating
3730,696,1,331.38,1,1,2,Lost / Hibernating
3731,402,1,93.56,1,1,1,Lost / Hibernating
3732,319,2,221.7,2,3,2,Regular
3733,642,1,435.42,1,1,3,Lost / Hibernating
3734,157,1,86.45,3,1,1,New / Promising
3735,411,2,435.33,1,3,3,At Risk (Valuable)
3738,286,1,103.77,2,1,1,Lost / Hibernating
3740,122,4,1124.98,3,4,4,Champions
3742,728,1,34.68,1,1,1,Lost / Hibernating
3745,39,2,582.52,4,3,3,Champions
3746,276,2,378.96,2,3,3,At Risk (Valuable)
3747,154,2,967.06,3,3,4,Champions
3749,2,1,66.4,4,1,1,New / Promising
3751,19,2,352.33,4,3,3,Champions
3752,433,1,199.24,1,1,2,Lost / Hibernating
3753,63,8,2738.95,3,4,4,Champions
3754,67,1,302.22,3,1,2,New / Promising
3755,239,1,70.26,2,1,1,Lost / Hibernating
3758,670,1,355.6,1,1,3,Lost / Hibernating
3759,214,2,564.76,2,3,3,At Risk (Valuable)
3760,64,1,63.77,3,1,1,New / Promising
3761,15,10,1750.15,4,4,4,Champions
3764,547,2,325.83,1,3,2,Regular
3766,263,1,18.66,2,1,1,Lost / Hibernating
3767,268,3,498.48,2,4,3,At Risk (Valuable)
3768,405,4,627.71,1,4,3,At Risk (Valuable)
3770,3,8,2191.11,4,4,4,Champions
3771,504,1,74.53,1,1,1,Lost / Hibernating
3772,18,2,214.04,4,3,2,Regular
3773,562,1,339.83,1,1,3,Lost / Hibernating
3774,39,2,36.3,4,3,1,Regular
3775,121,1,414.67,3,1,3,New / Promising
3776,371,2,103.49,2,3,1,Regular
3777,122,1,196.82,3,1,2,New / Promising
3778,50,2,474.27,4,3,3,Champions
3779,49,1,164.53,4,1,2,New / Promising
3781,646,1,406.6,1,1,3,Lost / Hibernating
3782,105,4,1004.79,3,4,4,Champions
3783,230,1,34.49,2,1,1,Lost / Hibernating
3784,22,2,666.06,4,3,3,Champions
3786,15,1,304.43,4,1,2,New / Promising
3788,301,1,163.19,2,1,2,Lost / Hibernating
3789,3,1,25.04,4,1,1,New / Promising
3790,8,3,672.96,4,4,3,Champions
3791,98,2,623.73,3,3,3,Champions
3792,644,1,17.73,1,1,1,Lost / Hibernating
3793,428,2,606.12,1,3,3,At Risk (Valuable)
3794,504,1,230.39,1,1,2,Lost / Hibernating
3796,42,3,1022.39,4,4,4,Champions
3797,360,2,216.25,2,3,2,Regular
3798,297,2,730.89,2,3,4,At Risk (Valuable)
3799,24,2,268.2,4,3,2,Regular
3800,229,3,2254.28,2,4,4,At Risk (Valuable)
3801,192,1,27.98,2,1,1,Lost / Hibernating
3802,25,6,2928.82,4,4,4,Champions
3803,398,1,246.8,1,1,2,Lost / Hibernating
3804,7,6,1700.32,4,4,4,Champions
3805,502,1,455.62,1,1,3,Lost / Hibernating
3806,417,1,54.62,1,1,1,Lost / Hibernating
3807,170,1,19.69,3,1,1,New / Promising
3809,246,1,89.67,2,1,1,Lost / Hibernating
3814,383,2,982.43,1,3,4,At Risk (Valuable)
3815,51,4,662.66,4,4,3,Champions
3816,32,1,214.98,4,1,2,New / Promising
3817,302,2,559.69,2,3,3,At Risk (Valuable)
3819,172,2,318.85,3,3,2,Regular
3820,39,3,662.0,4,4,3,Champions
3821,580,1,255.06,1,1,2,Lost / Hibernating
3822,175,1,182.27,2,1,2,Lost / Hibernating
3823,426,1,31.64,1,1,1,Lost / Hibernating
3824,184,2,252.49,2,3,2,Regular
3825,122,4,1143.63,3,4,4,Champions
3826,225,2,318.15,2,3,2,Regular
3828,29,2,281.86,4,3,2,Regular
3829,21,2,323.53,4,3,2,Regular
3830,289,1,190.7,2,1,2,Lost / Hibernating
3831,659,2,234.62,1,3,2,Regular
3832,50,3,684.73,4,4,4,Champions
3833,526,1,128.63,1,1,1,Lost / Hibernating
3836,260,3,877.68,2,4,4,At Risk (Valuable)
3837,275,1,43.0,2,1,1,Lost / Hibernating
3838,127,1,104.98,3,1,1,New / Promising
3839,396,2,807.96,1,3,4,At Risk (Valuable)
3840,409,1,275.08,1,1,2,Lost / Hibernating
3841,297,1,478.44,2,1,3,Lost / Hibernating
3842,76,2,3053.23,3,3,4,Champions
3843,99,2,772.56,3,3,4,Champions
3844,444,1,151.53,1,1,2,Lost / Hibernating
3845,170,2,591.22,3,3,3,Champions
3852,122,2,953.18,3,3,4,Champions
3853,67,4,463.94,3,4,3,Champions
3854,62,1,92.13,3,1,1,New / Promising
3857,283,1,402.15,2,1,3,Lost / Hibernating
3858,33,3,556.36,4,4,3,Champions
3859,693,1,167.1,1,1,2,Lost / Hibernating
3861,40,5,897.62,4,4,4,Champions
3862,18,3,488.79,4,4,3,Champions
3863,689,1,167.36,1,1,2,Lost / Hibernating
3865,377,1,295.8,1,1,2,Lost / Hibernating
3868,411,1,439.48,1,1,3,Lost / Hibernating
3870,170,1,105.71,3,1,1,New / Promising
3871,159,1,756.18,3,1,4,New / Promising
3873,187,2,119.18,2,3,1,Regular
3874,194,1,68.41,2,1,1,Lost / Hibernating
3875,173,2,216.75,3,3,2,Regular
3876,33,3,392.6,4,4,3,Champions
3877,461,1,289.96,1,1,2,Lost / Hibernating
3878,329,1,703.87,2,1,4,Lost / Hibernating
3880,80,1,170.25,3,1,2,New / Promising
3881,580,2,210.88,1,3,2,Regular
3882,537,1,1283.42,1,1,4,Lost / Hibernating
3885,21,3,691.65,4,4,4,Champions
3886,365,1,277.0,2,1,2,Lost / Hibernating
3887,167,6,1289.14,3,4,4,Champions
3889,532,1,551.72,1,1,3,Lost / Hibernating
3890,725,1,86.32,1,1,1,Lost / Hibernating
3892,362,2,417.56,2,3,3,At Risk (Valuable)
3893,504,1,36.72,1,1,1,Lost / Hibernating
3894,47,2,926.5,4,3,4,Champions
3896,611,2,366.2,1,3,3,At Risk (Valuable)
3897,107,5,733.04,3,4,4,Champions
3899,40,3,775.32,4,4,4,Champions
3902,299,1,189.9,2,1,2,Lost / Hibernating
3903,264,1,95.77,2,1,1,Lost / Hibernating
3904,9,5,983.79,4,4,4,Champions
3907,251,1,413.85,2,1,3,Lost / Hibernating
3908,215,1,706.01,2,1,4,Lost / Hibernating
3909,49,4,1442.19,4,4,4,Champions
3910,109,1,323.77,3,1,2,New / Promising
3913,53,1,183.43,4,1,2,New / Promising
3915,249,1,542.81,2,1,3,Lost / Hibernating
3916,488,1,148.91,1,1,2,Lost / Hibernating
3917,261,3,2029.61,2,4,4,At Risk (Valuable)
3918,209,1,21.19,2,1,1,Lost / Hibernating
3919,405,1,121.23,1,1,1,Lost / Hibernating
3921,295,3,652.17,2,4,3,At Risk (Valuable)
3922,17,4,824.24,4,4,4,Champions
3923,19,3,298.01,4,4,2,Regular
3924,32,2,381.58,4,3,3,Champions
3925,163,2,1025.61,3,3,4,Champions
3926,375,3,1648.84,1,4,4,At Risk (Valuable)
3927,201,1,309.65,2,1,2,Lost / Hibernating
3928,214,4,2429.34,2,4,4,At Risk (Valuable)
3929,275,1,131.07,2,1,1,Lost / Hibernating
3933,100,3,350.88,3,4,3,Champions
3935,580,1,232.91,1,1,2,Lost / Hibernating
3937,461,1,244.87,1,1,2,Lost / Hibernating
3938,10,2,346.52,4,3,3,Champions
3940,101,1,160.12,3,1,2,New / Promising
3943,175,2,93.89,2,3,1,Regular
3944,377,1,118.82,1,1,1,Lost / Hibernating
3945,269,2,338.54,2,3,3,At Risk (Valuable)
3946,313,1,42.9,2,1,1,Lost / Hibernating
3948,76,6,588.34,3,4,3,Champions
3949,62,3,756.57,3,4,4,Champions
3950,25,5,942.89,4,4,4,Champions
3951,22,2,1746.47,4,3,4,Champions
3952,727,1,212.19,1,1,2,Lost / Hibernating
3955,22,2,424.86,4,3,3,Champions
3957,383,1,168.08,1,1,2,Lost / Hibernating
3958,627,1,42.65,1,1,1,Lost / Hibernating
3960,168,2,165.2,3,3,2,Regular
3961,462,2,370.47,1,3,3,At Risk (Valuable)
3962,375,1,566.95,1,1,3,Lost / Hibernating
3963,336,2,1785.68,2,3,4,At Risk (Valuable)
3967,48,1,30.88,4,1,1,New / Promising
3968,26,2,1082.55,4,3,4,Champions
3970,225,1,59.37,2,1,1,Lost / Hibernating
3973,528,1,1015.28,1,1,4,Lost / Hibernating
3974,85,1,196.72,3,1,2,New / Promising
3975,211,2,158.86,2,3,2,Regular
3977,320,1,129.24,2,1,1,Lost / Hibernating
3978,12,1,485.1,4,1,3,New / Promising
3980,81,2,228.75,3,3,2,Regular
3981,44,1,293.75,4,1,2,New / Promising
3982,221,1,64.2,2,1,1,Lost / Hibernating
3984,26,6,767.6,4,4,4,Champions
3985,310,1,323.4,2,1,2,Lost / Hibernating
3986,595,1,440.41,1,1,3,Lost / Hibernating
3987,6,7,2003.22,4,4,4,Champions
3989,13,3,823.36,4,4,4,Champions
3990,34,6,2078.49,4,4,4,Champions
3992,211,1,85.01,2,1,1,Lost / Hibernating
3993,362,1,85.44,2,1,1,Lost / Hibernating
3994,401,2,511.7,1,3,3,At Risk (Valuable)
3995,15,2,99.02,4,3,1,Regular
3997,621,1,117.72,1,1,1,Lost / Hibernating
3998,191,1,562.73,2,1,3,Lost / Hibernating
3999,378,2,176.37,1,3,2,Regular
4000,631,1,46.6,1,1,1,Lost / Hibernating
4001,65,7,1364.87,3,4,4,Champions
4002,677,1,681.72,1,1,3,Lost / Hibernating
4003,76,2,296.69,3,3,2,Regular
4005,295,3,602.27,2,4,3,At Risk (Valuable)
4006,12,3,1263.21,4,4,4,Champions
4007,246,4,1928.81,2,4,4,At Risk (Valuable)
4008,79,2,207.86,3,3,2,Regular
4009,719,1,100.23,1,1,1,Lost / Hibernating
4011,723,1,417.34,1,1,3,Lost / Hibernating
4015,154,1,86.15,3,1,1,New / Promising
4017,2,1,78.74,4,1,1,New / Promising
4018,205,2,113.15,2,3,1,Regular
4019,626,1,419.85,1,1,3,Lost / Hibernating
4020,31,7,976.1,4,4,4,Champions
4021,25,2,106.4,4,3,1,Regular
4022,64,1,211.41,3,1,2,New / Promising
4023,54,2,191.04,4,3,2,Regular
4024,15,2,628.69,4,3,3,Champions
4025,29,2,482.22,4,3,3,Champions
4026,66,2,451.13,3,3,3,Champions
4027,703,1,323.35,1,1,2,Lost / Hibernating
4028,208,2,888.73,2,3,4,At Risk (Valuable)
4029,269,2,147.22,2,3,2,Regular
4030,34,1,168.87,4,1,2,New / Promising
4031,32,2,750.38,4,3,4,Champions
4032,463,1,145.08,1,1,1,Lost / Hibernating
4036,547,1,24.52,1,1,1,Lost / Hibernating
4037,553,2,1196.38,1,3,4,At Risk (Valuable)
4038,296,4,1408.6,2,4,4,At Risk (Valuable)
4039,21,1,145.46,4,1,1,New / Promising
4040,5,1,33.98,4,1,1,New / Promising
4041,36,4,690.72,4,4,4,Champions
4042,123,1,627.93,3,1,3,New / Promising
4043,1,5,997.48,4,4,4,Champions
4044,421,2,405.18,1,3,3,At Risk (Valuable)
4045,79,2,450.2,3,3,3,Champions
4046,615,1,584.47,1,1,3,Lost / Hibernating
4047,237,2,507.63,2,3,3,At Risk (Valuable)
4051,413,2,667.95,1,3,3,At Risk (Valuable)
4052,66,6,2025.49,3,4,4,Champions
4053,487,2,770.25,1,3,4,At Risk (Valuable)
4054,13,2,418.73,4,3,3,Champions
4055,25,3,566.33,4,4,3,Champions
4057,261,1,187.52,2,1,2,Lost / Hibernating
4059,46,4,405.69,4,4,3,Champions
4060,5,2,571.81,4,3,3,Champions
4061,155,1,210.26,3,1,2,New / Promising
4063,486,1,677.92,1,1,3,Lost / Hibernating
4065,89,1,268.86,3,1,2,New / Promising
4066,709,1,90.96,1,1,1,Lost / Hibernating
4068,179,2,592.31,2,3,3,At Risk (Valuable)
4070,375,1,75.76,1,1,1,Lost / Hibernating
4071,107,2,785.22,3,3,4,Champions
4072,672,1,17.01,1,1,1,Lost / Hibernating
4073,371,1,829.25,2,1,4,Lost / Hibernating
4074,139,1,63.06,3,1,1,New / Promising
4075,338,1,90.9,2,1,1,Lost / Hibernating
4079,115,2,697.28,3,3,4,Champions
4081,20,3,214.58,4,4,2,Regular
4085,370,1,137.62,2,1,1,Lost / Hibernating
4086,59,1,452.92,3,1,3,New / Promising
4088,132,1,389.31,3,1,3,New / Promising
4089,570,1,154.02,1,1,2,Lost / Hibernating
4090,665,1,543.37,1,1,3,Lost / Hibernating
4091,143,2,1515.9,3,3,4,Champions
4093,691,1,199.17,1,1,2,Lost / Hibernating
4094,200,3,429.81,2,4,3,At Risk (Valuable)
4095,536,1,33.28,1,1,1,Lost / Hibernating
4096,250,1,469.38,2,1,3,Lost / Hibernating
4098,166,2,363.43,3,3,3,Champions
4100,709,1,1113.59,1,1,4,Lost / Hibernating
4102,251,2,538.47,2,3,3,At Risk (Valuable)
4103,427,1,422.56,1,1,3,Lost / Hibernating
4105,335,1,37.88,2,1,1,Lost / Hibernating
4106,235,3,1670.05,2,4,4,At Risk (Valuable)
4107,109,1,174.85,3,1,2,New / Promising
4108,302,1,81.5,2,1,1,Lost / Hibernating
4109,111,1,143.81,3,1,1,New / Promising
4110,13,3,1301.53,4,4,4,Champions
4113,320,2,378.57,2,3,3,At Risk (Valuable)
4116,576,1,108.56,1,1,1,Lost / Hibernating
4117,718,1,133.47,1,1,1,Lost / Hibernating
4118,572,1,104.48,1,1,1,Lost / Hibernating
4120,408,2,300.85,1,3,2,Regular
4122,123,3,544.95,3,4,3,Champions
4123,90,2,547.63,3,3,3,Champions
4125,449,1,177.02,1,1,2,Lost / Hibernating
4127,269,1,154.06,2,1,2,Lost / Hibernating
4128,430,2,107.48,1,3,1,Regular
4129,110,1,632.48,3,1,3,New / Promising
4131,395,1,33.7,1,1,1,Lost / Hibernating
4133,50,2,2016.28,4,3,4,Champions
4135,23,2,819.33,4,3,4,Champions
4136,562,2,579.85,1,3,3,At Risk (Valuable)
4137,347,2,280.22,2,3,2,Regular
4138,190,2,263.85,2,3,2,Regular
4139,479,1,83.02,1,1,1,Lost / Hibernating
4140,283,1,15.46,2,1,1,Lost / Hibernating
4141,109,1,275.49,3,1,2,New / Promising
4144,145,3,593.69,3,4,3,Champions
4145,473,1,79.28,1,1,1,Lost / Hibernating
4146,19,1,389.97,4,1,3,New / Promising
4147,5,5,179.36,4,4,2,Regular
4148,15,6,1406.1,4,4,4,Champions
4149,642,1,359.96,1,1,3,Lost / Hibernating
4150,563,1,970.04,1,1,4,Lost / Hibernating
4151,683,1,449.32,1,1,3,Lost / Hibernating
4153,130,2,224.26,3,3,2,Regular
4154,49,4,1411.39,4,4,4,Champions
4155,178,1,891.94,2,1,4,Lost / Hibernating
4156,50,2,312.86,4,3,2,Regular
4157,178,2,1212.11,2,3,4,At Risk (Valuable)
4158,79,2,145.26,3,3,1,Regular
4159,298,1,43.96,2,1,1,Lost / Hibernating
4160,389,2,1043.19,1,3,4,At Risk (Valuable)
4161,608,1,284.57,1,1,2,Lost / Hibernating
4163,634,1,337.17,1,1,3,Lost / Hibernating
4164,14,2,310.61,4,3,2,Regular
4165,168,2,1355.55,3,3,4,Champions
4166,466,2,118.48,1,3,1,Regular
4168,505,1,435.1,1,1,3,Lost / Hibernating
4170,30,5,890.31,4,4,4,Champions
4171,35,3,232.83,4,4,2,Regular
4172,696,1,84.81,1,1,1,Lost / Hibernating
4175,248,3,231.2,2,4,2,Regular
4176,6,8,2105.39,4,4,4,Champions
4177,415,3,680.87,1,4,3,At Risk (Valuable)
4179,106,6,1354.58,3,4,4,Champions
4181,8,1,184.38,4,1,2,New / Promising
4182,44,3,627.87,4,4,3,Champions
4183,450,1,141.34,1,1,1,Lost / Hibernating
4184,423,1,57.9,1,1,1,Lost / Hibernating
4186,5,1,331.87,4,1,2,New / Promising
4188,233,1,178.22,2,1,2,Lost / Hibernating
4189,600,1,174.02,1,1,2,Lost / Hibernating
4193,308,1,174.55,2,1,2,Lost / Hibernating
4194,18,1,20.02,4,1,1,New / Promising
4195,219,2,136.32,2,3,1,Regular
4198,34,2,239.44,4,3,2,Regular
4199,291,1,241.62,2,1,2,Lost / Hibernating
4200,451,1,63.03,1,1,1,Lost / Hibernating
4201,56,3,514.06,4,4,3,Champions
4202,523,1,181.51,1,1,2,Lost / Hibernating
4203,77,1,62.96,3,1,1,New / Promising
4204,448,1,316.47,1,1,2,Lost / Hibernating
4205,64,2,172.71,3,3,2,Regular
4206,173,1,75.12,3,1,1,New / Promising
4207,72,4,386.26,3,4,3,Champions
4208,164,1,763.32,3,1,4,New / Promising
4209,39,1,65.64,4,1,1,New / Promising
4210,99,2,605.95,3,3,3,Champions
4211,19,4,470.09,4,4,3,Champions
4212,60,1,67.4,3,1,1,New / Promising
4213,95,2,1047.16,3,3,4,Champions
4214,6,2,900.35,4,3,4,Champions
4215,88,1,155.92,3,1,2,New / Promising
4216,82,1,34.41,3,1,1,New / Promising
4219,425,2,1045.17,1,3,4,At Risk (Valuable)
4220,138,1,327.06,3,1,2,New / Promising
4222,532,1,304.45,1,1,2,Lost / Hibernating
4223,378,2,599.44,1,3,3,At Risk (Valuable)
4224,376,5,618.83,1,4,3,At Risk (Valuable)
4226,68,3,190.82,3,4,2,Regular
4228,404,1,57.9,1,1,1,Lost / Hibernating
4229,57,1,275.16,3,1,2,New / Promising
4230,19,2,526.08,4,3,3,Champions
4231,168,2,564.57,3,3,3,Champions
4234,8,2,695.73,4,3,4,Champions
4236,37,2,1174.03,4,3,4,Champions
4238,46,4,606.08,4,4,3,Champions
4239,2,2,322.16,4,3,2,Regular
4240,339,1,246.02,2,1,2,Lost / Hibernating
4241,458,1,1382.54,1,1,4,Lost / Hibernating
4242,476,1,315.46,1,1,2,Lost / Hibernating
4244,290,2,155.51,2,3,2,Regular
4246,1,2,113.98,4,3,1,Regular
4248,8,1,139.54,4,1,1,New / Promising
4249,268,2,376.13,2,3,3,At Risk (Valuable)
4250,4,5,1087.72,4,4,4,Champions
4251,249,1,412.48,2,1,3,Lost / Hibernating
4252,374,1,88.78,1,1,1,Lost / Hibernating
4253,213,2,821.62,2,3,4,At Risk (Valuable)
4254,51,4,837.15,4,4,4,Champions
4255,235,3,695.77,2,4,4,At Risk (Valuable)
4256,164,1,85.14,3,1,1,New / Promising
4260,26,3,263.06,4,4,2,Regular
4261,347,3,610.65,2,4,3,At Risk (Valuable)
4262,105,1,161.58,3,1,2,New / Promising
4264,680,1,90.79,1,1,1,Lost / Hibernating
4266,285,3,375.85,2,4,3,At Risk (Valuable)
4267,77,4,1859.66,3,4,4,Champions
4268,287,1,21.09,2,1,1,Lost / Hibernating
4269,65,1,278.75,3,1,2,New / Promising
4270,14,3,580.68,4,4,3,Champions
4271,14,3,1274.6,4,4,4,Champions
4272,333,1,32.56,2,1,1,Lost / Hibernating
4273,125,1,124.13,3,1,1,New / Promising
4274,546,1,25.41,1,1,1,Lost / Hibernating
4275,404,1,136.24,1,1,1,Lost / Hibernating
4277,128,2,118.0,3,3,1,Regular
4278,653,1,793.98,1,1,4,Lost / Hibernating
4280,42,3,1141.33,4,4,4,Champions
4282,50,2,651.82,4,3,3,Champions
4283,87,1,95.22,3,1,1,New / Promising
4284,176,3,178.48,2,4,2,Regular
4285,236,1,66.74,2,1,1,Lost / Hibernating
4286,20,3,550.99,4,4,3,Champions
4287,215,2,180.11,2,3,2,Regular
4288,387,2,112.56,1,3,1,Regular
4289,672,1,398.36,1,1,3,Lost / Hibernating
4294,180,1,380.66,2,1,3,Lost / Hibernating
4295,189,2,752.65,2,3,4,At Risk (Valuable)
4296,4,4,839.94,4,4,4,Champions
4299,415,3,394.66,1,4,3,At Risk (Valuable)
4300,106,1,68.03,3,1,1,New / Promising
4302,178,3,1625.48,2,4,4,At Risk (Valuable)
4303,73,2,536.83,3,3,3,Champions
4304,13,1,112.51,4,1,1,New / Promising
4305,168,2,240.43,3,3,2,Regular
4306,174,3,316.69,3,4,2,Regular
4307,21,7,1062.84,4,4,4,Champions
4308,27,2,1024.29,4,3,4,Champions
4309,151,2,174.09,3,3,2,Regular
4310,610,1,105.44,1,1,1,Lost / Hibernating
4311,253,1,479.78,2,1,3,Lost / Hibernating
4312,431,1,1255.56,1,1,4,Lost / Hibernating
4315,560,1,33.48,1,1,1,Lost / Hibernating
4316,53,1,12.2,4,1,1,New / Promising
4320,199,2,497.39,2,3,3,At Risk (Valuable)
4321,204,5,499.61,2,4,3,At Risk (Valuable)
4322,16,3,756.31,4,4,4,Champions
4325,33,4,1458.3,4,4,4,Champions
4328,424,2,534.83,1,3,3,At Risk (Valuable)
4329,188,1,60.63,2,1,1,Lost / Hibernating
4330,157,1,93.82,3,1,1,New / Promising
4331,517,1,131.16,1,1,1,Lost / Hibernating
4332,265,1,170.16,2,1,2,Lost / Hibernating
4333,68,4,922.36,3,4,4,Champions
4335,489,1,130.71,1,1,1,Lost / Hibernating
4338,314,1,83.57,2,1,1,Lost / Hibernating
4341,258,3,990.52,2,4,4,At Risk (Valuable)
4343,4,2,661.6,4,3,3,Champions
4344,236,1,695.56,2,1,4,Lost / Hibernating
4345,234,1,85.88,2,1,1,Lost / Hibernating
4346,394,2,345.84,1,3,3,At Risk (Valuable)
4347,121,5,2019.35,3,4,4,Champions
4348,97,2,646.66,3,3,3,Champions
4349,53,3,267.14,4,4,2,Regular
4350,206,1,583.69,2,1,3,Lost / Hibernating
4351,34,1,399.6,4,1,3,New / Promising
4353,270,2,433.34,2,3,3,At Risk (Valuable)
4354,130,1,172.55,3,1,2,New / Promising
4355,379,1,379.13,1,1,3,Lost / Hibernating
4356,66,1,80.8,3,1,1,New / Promising
4357,59,2,1519.02,3,3,4,Champions
4358,236,1,337.57,2,1,3,Lost / Hibernating
4359,431,1,149.94,1,1,2,Lost / Hibernating
4360,197,1,68.58,2,1,1,Lost / Hibernating
4361,647,1,95.7,1,1,1,Lost / Hibernating
4362,103,2,465.1,3,3,3,Champions
4364,135,2,630.27,3,3,3,Champions
4365,107,4,441.65,3,4,3,Champions
4366,222,2,392.48,2,3,3,At Risk (Valuable)
4367,263,1,281.33,2,1,2,Lost / Hibernating
4368,23,1,105.92,4,1,1,New / Promising
4369,73,2,744.29,3,3,4,Champions
4371,27,2,1165.11,4,3,4,Champions
4373,217,2,1639.44,2,3,4,At Risk (Valuable)
4374,115,2,356.38,3,3,3,Champions
4376,263,2,35.45,2,3,1,Regular
4377,348,1,103.3,2,1,1,Lost / Hibernating
4378,540,1,297.95,1,1,2,Lost / Hibernating
4381,186,4,1102.56,2,4,4,At Risk (Valuable)
4382,30,2,339.12,4,3,3,Champions
4383,49,2,949.38,4,3,4,Champions
4385,652,1,149.37,1,1,2,Lost / Hibernating
4388,223,2,448.08,2,3,3,At Risk (Valuable)
4390,629,1,54.76,1,1,1,Lost / Hibernating
4391,6,1,71.46,4,1,1,New / Promising
4392,207,1,14.8,2,1,1,Lost / Hibernating
4394,25,4,845.43,4,4,4,Champions
4395,147,2,201.78,3,3,2,Regular
4396,472,1,1355.73,1,1,4,Lost / Hibernating
4398,146,3,410.65,3,4,3,Champions
4399,191,1,181.9,2,1,2,Lost / Hibernating
4400,11,2,94.81,4,3,1,Regular
4401,384,1,115.07,1,1,1,Lost / Hibernating
4403,261,1,38.21,2,1,1,Lost / Hibernating
4404,48,4,1047.6,4,4,4,Champions
4405,607,1,56.77,1,1,1,Lost / Hibernating
4406,618,1,1120.29,1,1,4,Lost / Hibernating
4407,26,2,333.79,4,3,2,Regular
4408,4,2,619.96,4,3,3,Champions
4409,135,3,854.49,3,4,4,Champions
4410,38,6,685.32,4,4,4,Champions
4411,160,1,11.13,3,1,1,New / Promising
4413,207,3,690.85,2,4,4,At Risk (Valuable)
4414,494,1,117.59,1,1,1,Lost / Hibernating
4415,395,2,237.64,1,3,2,Regular
4416,606,1,189.12,1,1,2,Lost / Hibernating
4417,70,2,102.44,3,3,1,Regular
4418,376,1,119.98,1,1,1,Lost / Hibernating
4419,460,1,194.25,1,1,2,Lost / Hibernating
4420,92,1,49.91,3,1,1,New / Promising
4421,223,2,270.03,2,3,2,Regular
4422,300,1,26.65,2,1,1,Lost / Hibernating
4425,352,1,269.39,2,1,2,Lost / Hibernating
4427,104,2,890.97,3,3,4,Champions
4428,4,3,315.82,4,4,2,Regular
4429,20,3,323.06,4,4,2,Regular
4430,101,1,192.22,3,1,2,New / Promising
4431,216,1,756.24,2,1,4,Lost / Hibernating
4433,6,7,1510.82,4,4,4,Champions
4434,44,6,2013.04,4,4,4,Champions
4436,67,2,295.01,3,3,2,Regular
4438,666,1,294.42,1,1,2,Lost / Hibernating
4439,22,2,663.16,4,3,3,Champions
4442,370,1,249.95,2,1,2,Lost / Hibernating
4443,211,1,490.82,2,1,3,Lost / Hibernating
4446,635,2,384.83,1,3,3,At Risk (Valuable)
4447,271,2,251.55,2,3,2,Regular
4448,12,2,306.61,4,3,2,Regular
4449,154,3,290.12,3,4,2,Regular
4452,300,2,667.41,2,3,3,At Risk (Valuable)
4453,134,2,151.59,3,3,2,Regular
4454,289,1,56.94,2,1,1,Lost / Hibernating
4456,162,2,195.16,3,3,2,Regular
4457,9,1,71.78,4,1,1,New / Promising
4459,78,2,442.56,3,3,3,Champions
4460,350,1,18.18,2,1,1,Lost / Hibernating
4461,208,3,967.18,2,4,4,At Risk (Valuable)
4462,693,1,48.63,1,1,1,Lost / Hibernating
4463,181,1,470.41,2,1,3,Lost / Hibernating
4465,85,1,885.01,3,1,4,New / Promising
4466,1,2,725.19,4,3,4,Champions
4467,305,1,403.21,2,1,3,Lost / Hibernating
4468,349,3,335.97,2,4,3,At Risk (Valuable)
4470,180,2,385.27,2,3,3,At Risk (Valuable)
4471,13,16,2745.28,4,4,4,Champions
4472,159,1,164.18,3,1,2,New / Promising
4475,512,1,318.14,1,1,2,Lost / Hibernating
4478,213,2,553.66,2,3,3,At Risk (Valuable)
4479,48,1,256.61,4,1,2,New / Promising
4482,478,1,251.37,1,1,2,Lost / Hibernating
4483,501,1,227.08,1,1,2,Lost / Hibernating
4484,51,3,324.28,4,4,2,Regular
4485,16,1,35.75,4,1,1,New / Promising
4486,11,1,54.46,4,1,1,New / Promising
4487,157,1,131.99,3,1,1,New / Promising
4488,213,3,1252.37,2,4,4,At Risk (Valuable)
4490,346,2,118.41,2,3,1,Regular
4491,484,1,774.87,1,1,4,Lost / Hibernating
4492,386,1,59.13,1,1,1,Lost / Hibernating
4494,304,2,527.48,2,3,3,At Risk (Valuable)
4497,107,1,77.39,3,1,1,New / Promising
4499,411,1,290.66,1,1,2,Lost / Hibernating
4500,369,2,650.14,2,3,3,At Risk (Valuable)
4501,10,1,290.06,4,1,2,New / Promising
4502,722,1,131.07,1,1,1,Lost / Hibernating
4503,544,1,69.23,1,1,1,Lost / Hibernating
4505,587,1,1341.3,1,1,4,Lost / Hibernating
4506,213,2,116.5,2,3,1,Regular
4507,61,5,791.75,3,4,4,Champions
4508,195,1,103.14,2,1,1,Lost / Hibernating
4510,15,2,877.04,4,3,4,Champions
4511,116,2,744.09,3,3,4,Champions
4512,97,8,3098.4,3,4,4,Champions
4513,201,2,290.9,2,3,2,Regular
4514,438,1,1459.09,1,1,4,Lost / Hibernating
4515,186,1,70.54,2,1,1,Lost / Hibernating
4516,153,2,311.45,3,3,2,Regular
4517,696,1,72.54,1,1,1,Lost / Hibernating
4518,172,2,214.17,3,3,2,Regular
4521,72,3,1166.11,3,4,4,Champions
4522,230,1,132.38,2,1,1,Lost / Hibernating
4523,308,1,34.51,2,1,1,Lost / Hibernating
4524,18,2,133.79,4,3,1,Regular
4525,270,1,478.7,2,1,3,Lost / Hibernating
4526,293,3,179.54,2,4,2,Regular
4530,415,2,984.6,1,3,4,At Risk (Valuable)
4531,263,2,409.85,2,3,3,At Risk (Valuable)
4533,299,2,926.37,2,3,4,At Risk (Valuable)
4535,16,5,2174.21,4,4,4,Champions
4538,296,2,244.7,2,3,2,Regular
4541,15,2,169.62,4,3,2,Regular
4542,540,2,243.38,1,3,2,Regular
4543,235,1,798.47,2,1,4,Lost / Hibernating
4544,126,5,642.99,3,4,3,Champions
4545,35,2,1220.3,4,3,4,Champions
4547,711,1,86.07,1,1,1,Lost / Hibernating
4548,184,2,966.05,2,3,4,At Risk (Valuable)
4549,116,2,123.57,3,3,1,Regular
4550,18,2,363.52,4,3,3,Champions
4551,718,1,49.55,1,1,1,Lost / Hibernating
4552,17,4,1484.98,4,4,4,Champions
4553,50,5,954.0,4,4,4,Champions
4554,140,1,106.8,3,1,1,New / Promising
4555,49,2,50.3,4,3,1,Regular
4556,360,1,66.77,2,1,1,Lost / Hibernating
4558,518,1,17.14,1,1,1,Lost / Hibernating
4559,510,1,75.08,1,1,1,Lost / Hibernating
4560,460,1,253.7,1,1,2,Lost / Hibernating
4561,534,2,146.35,1,3,1,Regular
4562,460,1,265.59,1,1,2,Lost / Hibernating
4563,162,1,156.25,3,1,2,New / Promising
4566,57,4,1790.68,3,4,4,Champions
4567,430,2,151.34,1,3,2,Regular
4568,3,2,160.89,4,3,2,Regular
4569,546,1,129.49,1,1,1,Lost / Hibernating
4571,74,1,226.78,3,1,2,New / Promising
4572,263,3,1163.29,2,4,4,At Risk (Valuable)
4573,30,1,134.69,4,1,1,New / Promising
4574,136,2,464.49,3,3,3,Champions
4575,451,1,59.45,1,1,1,Lost / Hibernating
4576,340,2,51.07,2,3,1,Regular
4579,20,12,3845.68,4,4,4,Champions
4580,9,4,734.53,4,4,4,Champions
4582,346,2,362.17,2,3,3,At Risk (Valuable)
4583,18,2,161.53,4,3,2,Regular
4585,252,1,315.94,2,1,2,Lost / Hibernating
4587,72,1,524.45,3,1,3,New / Promising
4589,302,3,1581.91,2,4,4,At Risk (Valuable)
4590,189,1,44.68,2,1,1,Lost / Hibernating
4592,55,1,851.87,4,1,4,New / Promising
4593,696,1,211.06,1,1,2,Lost / Hibernating
4594,723,1,193.31,1,1,2,Lost / Hibernating
4595,504,1,150.15,1,1,2,Lost / Hibernating
4598,396,1,151.61,1,1,2,Lost / Hibernating
4599,88,2,199.98,3,3,2,Regular
4600,130,2,86.03,3,3,1,Regular
4601,104,1,1185.99,3,1,4,New / Promising
4602,514,1,38.73,1,1,1,Lost / Hibernating
4603,404,1,33.71,1,1,1,Lost / Hibernating
4604,90,2,918.37,3,3,4,Champions
4605,90,2,381.24,3,3,3,Champions
4606,295,2,1129.7,2,3,4,At Risk (Valuable)
4607,6,2,1116.25,4,3,4,Champions
4609,325,1,99.54,2,1,1,Lost / Hibernating
4610,176,3,428.7,2,4,3,At Risk (Valuable)
4616,706,1,82.13,1,1,1,Lost / Hibernating
4618,116,2,699.64,3,3,4,Champions
4620,41,5,950.21,4,4,4,Champions
4621,476,2,424.79,1,3,3,At Risk (Valuable)
4622,6,3,2324.63,4,4,4,Champions
4625,679,1,133.62,1,1,1,Lost / Hibernating
4626,74,1,93.45,3,1,1,New / Promising
4630,673,1,241.23,1,1,2,Lost / Hibernating
4631,233,1,66.34,2,1,1,Lost / Hibernating
4634,144,1,411.48,3,1,3,New / Promising
4636,48,2,143.76,4,3,1,Regular
4637,285,1,153.8,2,1,2,Lost / Hibernating
4638,323,1,558.01,2,1,3,Lost / Hibernating
4639,158,1,19.48,3,1,1,New / Promising
4640,404,1,148.81,1,1,2,Lost / Hibernating
4641,191,1,533.82,2,1,3,Lost / Hibernating
4642,78,2,194.61,3,3,2,Regular
4644,1,7,2841.77,4,4,4,Champions
4646,291,2,574.58,2,3,3,At Risk (Valuable)
4647,330,2,612.71,2,3,3,At Risk (Valuable)
4648,351,2,364.08,2,3,3,At Risk (Valuable)
4649,405,2,548.63,1,3,3,At Risk (Valuable)
4650,270,1,57.4,2,1,1,Lost / Hibernating
4651,7,1,83.34,4,1,1,New / Promising
4654,270,1,45.08,2,1,1,Lost / Hibernating
4655,19,4,993.48,4,4,4,Champions
4656,675,1,59.63,1,1,1,Lost / Hibernating
4658,143,1,26.94,3,1,1,New / Promising
4660,525,1,221.03,1,1,2,Lost / Hibernating
4661,647,1,242.21,1,1,2,Lost / Hibernating
4662,2,3,716.12,4,4,4,Champions
4663,93,1,33.14,3,1,1,New / Promising
4664,168,2,251.3,3,3,2,Regular
4665,51,4,476.85,4,4,3,Champions
4666,539,1,91.1,1,1,1,Lost / Hibernating
4668,467,1,520.32,1,1,3,Lost / Hibernating
4669,110,2,113.4,3,3,1,Regular
4670,355,1,18.93,2,1,1,Lost / Hibernating
4671,133,2,82.67,3,3,1,Regular
4672,387,1,172.19,1,1,2,Lost / Hibernating
4674,640,1,51.1,1,1,1,Lost / Hibernating
4675,384,1,59.77,1,1,1,Lost / Hibernating
4677,14,4,1996.02,4,4,4,Champions
4678,133,1,54.47,3,1,1,New / Promising
4679,40,5,1036.14,4,4,4,Champions
4680,129,1,257.13,3,1,2,New / Promising
4681,16,4,628.75,4,4,3,Champions
4682,138,2,214.22,3,3,2,Regular
4683,259,1,1052.45,2,1,4,Lost / Hibernating
4686,261,2,215.45,2,3,2,Regular
4688,114,1,793.15,3,1,4,New / Promising
4690,282,1,73.6,2,1,1,Lost / Hibernating
4692,167,1,24.99,3,1,1,New / Promising
4693,651,1,19.49,1,1,1,Lost / Hibernating
4695,204,1,11.94,2,1,1,Lost / Hibernating
4696,73,3,706.7,3,4,4,Champions
4698,383,1,238.29,1,1,2,Lost / Hibernating
4699,3,4,321.33,4,4,2,Regular
4700,463,1,317.37,1,1,2,Lost / Hibernating
4703,61,3,365.74,3,4,3,Champions
4704,184,1,88.84,2,1,1,Lost / Hibernating
4705,88,8,3032.3,3,4,4,Champions
4706,3,2,221.73,4,3,2,Regular
4710,34,6,688.99,4,4,4,Champions
4711,275,1,1096.65,2,1,4,Lost / Hibernating
4712,10,4,1389.86,4,4,4,Champions
4714,37,3,499.17,4,4,3,Champions
4717,335,1,166.25,2,1,2,Lost / Hibernating
4718,48,5,614.08,4,4,3,Champions
4720,260,1,739.16,2,1,4,Lost / Hibernating
4721,35,1,215.67,4,1,2,New / Promising
4722,19,2,324.64,4,3,2,Regular
4723,33,1,357.25,4,1,3,New / Promising
4724,282,2,434.88,2,3,3,At Risk (Valuable)
4726,24,3,126.32,4,4,1,Regular
4727,726,1,33.61,1,1,1,Lost / Hibernating
4728,308,5,405.54,2,4,3,At Risk (Valuable)
4730,35,1,190.68,4,1,2,New / Promising
4732,273,2,101.5,2,3,1,Regular
4733,296,2,97.31,2,3,1,Regular
4735,523,1,404.48,1,1,3,Lost / Hibernating
4736,245,2,314.95,2,3,2,Regular
4737,533,1,294.89,1,1,2,Lost / Hibernating
4738,96,2,980.18,3,3,4,Champions
4739,43,2,205.05,4,3,2,Regular
4740,86,2,181.45,3,3,2,Regular
4741,65,2,354.42,3,3,3,Champions
4743,116,5,1507.59,3,4,4,Champions
4745,26,3,1325.1,4,4,4,Champions
4746,654,1,146.8,1,1,1,Lost / Hibernating
4747,59,1,273.67,3,1,2,New / Promising
4748,460,1,240.28,1,1,2,Lost / Hibernating
4749,645,1,154.99,1,1,2,Lost / Hibernating
4750,576,1,186.94,1,1,2,Lost / Hibernating
4753,663,1,69.39,1,1,1,Lost / Hibernating
4754,288,1,329.66,2,1,2,Lost / Hibernating
4755,621,1,70.68,1,1,1,Lost / Hibernating
4756,475,2,1139.45,1,3,4,At Risk (Valuable)
4757,567,1,244.49,1,1,2,Lost / Hibernating
4758,205,1,83.24,2,1,1,Lost / Hibernating
4759,547,1,172.98,1,1,2,Lost / Hibernating
4761,61,3,343.21,3,4,3,Champions
4762,4,6,1070.19,4,4,4,Champions
4765,489,2,747.31,1,3,4,At Risk (Valuable)
4769,27,2,269.14,4,3,2,Regular
4770,53,2,1368.42,4,3,4,Champions
4771,165,2,392.82,3,3,3,Champions
4772,136,1,2411.52,3,1,4,New / Promising
4774,40,4,1257.46,4,4,4,Champions
4776,165,2,73.06,3,3,1,Regular
4777,41,4,1310.6,4,4,4,Champions
4778,304,1,457.18,2,1,3,Lost / Hibernating
4781,242,1,167.34,2,1,2,Lost / Hibernating
4782,103,4,866.87,3,4,4,Champions
4783,125,1,21.07,3,1,1,New / Promising
4784,76,2,899.49,3,3,4,Champions
4785,496,1,953.77,1,1,4,Lost / Hibernating
4786,65,3,1121.78,3,4,4,Champions
4787,59,2,477.11,3,3,3,Champions
4789,669,1,293.73,1,1,2,Lost / Hibernating
4790,22,1,53.1,4,1,1,New / Promising
4792,256,1,172.91,2,1,2,Lost / Hibernating
4797,7,1,21.65,4,1,1,New / Promising
4798,210,2,253.39,2,3,2,Regular
4799,349,2,230.14,2,3,2,Regular
4800,9,6,1999.1,4,4,4,Champions
4801,2,3,303.74,4,4,2,Regular
4803,220,1,31.04,2,1,1,Lost / Hibernating
4805,377,2,578.92,1,3,3,At Risk (Valuable)
4807,543,1,149.25,1,1,2,Lost / Hibernating
4808,450,1,87.85,1,1,1,Lost / Hibernating
4809,24,1,406.36,4,1,3,New / Promising
4810,1,6,1690.76,4,4,4,Champions
4812,177,2,121.83,2,3,1,Regular
4813,263,1,622.83,2,1,3,Lost / Hibernating
4814,25,2,668.98,4,3,3,Champions
4815,135,1,70.61,3,1,1,New / Promising
4816,176,1,370.43,2,1,3,Lost / Hibernating
4817,81,2,783.58,3,3,4,Champions
4818,95,5,784.33,3,4,4,Champions
4819,405,1,280.3,1,1,2,Lost / Hibernating
4821,166,1,480.75,3,1,3,New / Promising
4822,297,5,883.08,2,4,4,At Risk (Valuable)
4823,415,1,253.77,1,1,2,Lost / Hibernating
4824,101,5,1332.51,3,4,4,Champions
4827,382,2,717.93,1,3,4,At Risk (Valuable)
4829,134,3,756.98,3,4,4,Champions
4832,214,2,439.5,2,3,3,At Risk (Valuable)
4834,205,1,163.84,2,1,2,Lost / Hibernating
4835,320,2,479.76,2,3,3,At Risk (Valuable)
4836,12,2,737.16,4,3,4,Champions
4839,236,2,707.66,2,3,4,At Risk (Valuable)
4840,298,1,873.06,2,1,4,Lost / Hibernating
4841,24,2,607.47,4,3,3,Champions
4842,252,2,564.61,2,3,3,At Risk (Valuable)
4843,17,3,269.31,4,4,2,Regular
4846,25,2,419.36,4,3,3,Champions
4847,486,1,57.39,1,1,1,Lost / Hibernating
4848,466,3,675.58,1,4,3,At Risk (Valuable)
4849,378,2,870.42,1,3,4,At Risk (Valuable)
4850,536,1,222.12,1,1,2,Lost / Hibernating
4853,132,3,376.91,3,4,3,Champions
4854,271,1,244.83,2,1,2,Lost / Hibernating
4855,132,2,103.9,3,3,1,Regular
4861,69,5,512.79,3,4,3,Champions
4863,313,1,87.73,2,1,1,Lost / Hibernating
4866,431,2,241.69,1,3,2,Regular
4867,113,1,16.75,3,1,1,New / Promising
4870,142,4,642.39,3,4,3,Champions
4871,35,4,954.9,4,4,4,Champions
4873,88,1,823.13,3,1,4,New / Promising
4875,55,4,909.51,4,4,4,Champions
4876,244,2,276.54,2,3,2,Regular
4877,580,1,128.97,1,1,1,Lost / Hibernating
4878,485,1,225.28,1,1,2,Lost / Hibernating
4879,139,1,222.84,3,1,2,New / Promising
4881,262,1,491.07,2,1,3,Lost / Hibernating
4882,74,1,1327.83,3,1,4,New / Promising
4887,10,5,1990.48,4,4,4,Champions
4888,45,4,451.07,4,4,3,Champions
4889,115,2,118.8,3,3,1,Regular
4890,71,1,457.52,3,2,3,New / Promising
4893,14,3,1094.02,4,4,4,Champions
4894,371,1,47.52,2,2,1,Lost / Hibernating
4895,187,3,798.42,2,4,4,At Risk (Valuable)
4896,22,6,1505.64,4,4,4,Champions
4897,466,1,156.25,1,2,2,Lost / Hibernating
4898,267,2,676.46,2,3,3,At Risk (Valuable)
4899,447,1,21.74,1,2,1,Lost / Hibernating
4900,314,2,1169.85,2,3,4,At Risk (Valuable)
4901,139,1,118.57,3,2,1,New / Promising
4902,43,1,66.88,4,2,1,New / Promising
4903,246,1,78.61,2,2,1,Lost / Hibernating
4904,200,3,275.69,2,4,2,Regular
4905,1,2,939.63,4,3,4,Champions
4907,135,4,1944.58,3,4,4,Champions
4908,33,3,504.98,4,4,3,Champions
4909,677,1,33.05,1,2,1,Lost / Hibernating
4910,139,2,406.33,3,3,3,Champions
4911,667,1,92.55,1,2,1,Lost / Hibernating
4912,79,2,190.21,3,3,2,Regular
4913,75,7,1686.53,3,4,4,Champions
4914,324,1,93.14,2,2,1,Lost / Hibernating
4917,12,2,491.98,4,3,3,Champions
4919,43,4,1030.49,4,4,4,Champions
4920,20,1,58.14,4,2,1,New / Promising
4921,51,3,876.2,4,4,4,Champions
4922,77,4,595.02,3,4,3,Champions
4923,100,3,725.94,3,4,4,Champions
4924,726,1,62.17,1,2,1,Lost / Hibernating
4925,82,7,1760.27,3,4,4,Champions
4926,409,1,177.23,1,2,2,Lost / Hibernating
4927,229,2,486.43,2,3,3,At Risk (Valuable)
4928,13,4,1813.95,4,4,4,Champions
4929,200,1,101.73,2,2,1,Lost / Hibernating
4931,328,3,801.81,2,4,4,At Risk (Valuable)
4932,399,1,114.91,1,2,1,Lost / Hibernating
4933,51,2,321.73,4,3,2,Regular
4934,174,4,839.97,3,4,4,Champions
4935,23,3,1367.13,4,4,4,Champions
4938,81,2,220.97,3,3,2,Regular
4939,632,1,491.27,1,2,3,Lost / Hibernating
4940,118,4,452.38,3,4,3,Champions
4941,274,1,147.14,2,2,1,Lost / Hibernating
4943,33,2,646.8,4,3,3,Champions
4946,18,1,319.68,4,2,2,New / Promising
4949,53,4,1230.7,4,4,4,Champions
4951,355,1,326.56,2,2,2,Lost / Hibernating
4952,227,3,1135.93,2,4,4,At Risk (Valuable)
4954,17,1,436.38,4,2,3,New / Promising
4955,389,3,998.78,1,4,4,At Risk (Valuable)
4958,176,2,186.43,2,3,2,Regular
4960,378,1,17.0,1,2,1,Lost / Hibernating
4961,2,3,840.76,4,4,4,Champions
4962,162,2,1751.49,3,3,4,Champions
4963,160,1,174.94,3,2,2,New / Promising
4964,7,3,654.95,4,4,3,Champions
4966,23,2,525.83,4,3,3,Champions
4968,157,1,42.14,3,2,1,New / Promising
4970,512,1,213.98,1,2,2,Lost / Hibernating
4971,31,2,259.52,4,3,2,Regular
4972,239,3,588.16,2,4,3,At Risk (Valuable)
4974,458,1,371.3,1,2,3,Lost / Hibernating
4975,193,1,278.18,2,2,2,Lost / Hibernating
4976,85,5,1024.0,3,4,4,Champions
4977,7,1,38.89,4,2,1,New / Promising
4978,14,5,894.91,4,4,4,Champions
4979,632,2,395.64,1,3,3,At Risk (Valuable)
4980,353,1,353.76,2,2,3,Lost / Hibernating
4981,114,2,339.42,3,3,3,Champions
4983,627,1,722.69,1,2,4,Lost / Hibernating
4984,389,1,37.89,1,2,1,Lost / Hibernating
4987,14,3,753.65,4,4,4,Champions
4988,156,2,325.61,3,3,2,Regular
4989,671,1,428.49,1,2,3,Lost / Hibernating
4990,69,4,415.56,3,4,3,Champions
4991,58,2,1317.76,3,3,4,Champions
4993,53,2,232.65,4,3,2,Regular
4994,445,1,24.52,1,2,1,Lost / Hibernating
4997,276,2,161.46,2,3,2,Regular
4998,12,1,219.49,4,2,2,New / Promising
5001,222,2,1153.77,2,3,4,At Risk (Valuable)
5002,178,2,191.36,2,3,2,Regular
5004,215,2,823.65,2,3,4,At Risk (Valuable)
5005,283,2,222.61,2,3,2,Regular
5006,373,2,602.14,1,3,3,At Risk (Valuable)
5009,429,2,373.56,1,3,3,At Risk (Valuable)
5010,359,3,269.53,2,4,2,Regular
5011,312,1,124.92,2,2,1,Lost / Hibernating
5012,680,1,121.95,1,2,1,Lost / Hibernating
5014,5,3,990.39,4,4,4,Champions
5015,539,1,48.78,1,2,1,Lost / Hibernating
5016,156,1,165.83,3,2,2,New / Promising
5018,438,1,133.07,1,2,1,Lost / Hibernating
5020,612,1,42.79,1,2,1,Lost / Hibernating
5021,127,1,456.3,3,2,3,New / Promising
5022,75,4,530.92,3,4,3,Champions
5023,11,2,183.3,4,3,2,Regular
5024,12,4,2415.77,4,4,4,Champions
5028,18,1,71.78,4,2,1,New / Promising
5030,521,1,601.64,1,2,3,Lost / Hibernating
5032,96,8,2321.49,3,4,4,Champions
5034,304,2,565.45,2,3,3,At Risk (Valuable)
5035,114,3,596.8,3,4,3,Champions
5037,10,1,571.29,4,2,3,New / Promising
5038,12,2,770.45,4,3,4,Champions
5039,63,3,683.05,3,4,3,Champions
5040,516,2,288.98,1,3,2,Regular
5041,206,2,309.63,2,3,2,Regular
5042,495,1,240.65,1,2,2,Lost / Hibernating
5044,82,2,230.37,3,3,2,Regular
5045,190,3,514.64,2,4,3,At Risk (Valuable)
5046,219,1,270.58,2,2,2,Lost / Hibernating
5047,305,6,1470.53,2,4,4,At Risk (Valuable)
5048,237,1,162.16,2,2,2,Lost / Hibernating
5050,10,2,427.16,4,3,3,Champions
5051,383,3,410.89,1,4,3,At Risk (Valuable)
5052,162,3,486.75,3,4,3,Champions
5053,699,1,663.44,1,2,3,Lost / Hibernating
5054,202,3,484.94,2,4,3,At Risk (Valuable)
5056,106,1,111.12,3,2,1,New / Promising
5057,10,1,889.22,4,2,4,New / Promising
5059,217,7,2345.68,2,4,4,At Risk (Valuable)
5061,35,2,218.99,4,3,2,Regular
5062,285,2,407.88,2,3,3,At Risk (Valuable)
5063,282,2,199.2,2,3,2,Regular
5064,254,4,570.61,2,4,3,At Risk (Valuable)
5065,167,3,1156.37,3,4,4,Champions
5066,122,1,25.63,3,2,1,New / Promising
5067,558,1,285.44,1,2,2,Lost / Hibernating
5068,8,1,44.91,4,2,1,New / Promising
5069,75,1,222.16,3,2,2,New / Promising
5071,418,3,622.49,1,4,3,At Risk (Valuable)
5072,359,1,71.04,2,2,1,Lost / Hibernating
5073,252,1,422.42,2,2,3,Lost / Hibernating
5074,522,1,188.37,1,2,2,Lost / Hibernating
5075,649,1,44.99,1,2,1,Lost / Hibernating
5076,213,1,60.48,2,2,1,Lost / Hibernating
5077,47,2,598.73,4,3,3,Champions
5078,322,2,207.17,2,3,2,Regular
5079,336,1,111.46,2,2,1,Lost / Hibernating
5080,528,1,51.93,1,2,1,Lost / Hibernating
5083,7,1,339.67,4,2,3,New / Promising
5084,88,2,172.0,3,3,2,Regular
5085,475,2,545.92,1,3,3,At Risk (Valuable)
5086,38,3,530.49,4,4,3,Champions
5087,224,2,206.06,2,3,2,Regular
5088,61,1,162.71,3,2,2,New / Promising
5089,716,1,380.13,1,2,3,Lost / Hibernating
5090,403,3,410.96,1,4,3,At Risk (Valuable)
5092,220,1,694.99,2,2,4,Lost / Hibernating
5094,42,2,252.1,4,3,2,Regular
5095,263,3,1371.03,2,4,4,At Risk (Valuable)
5099,37,1,58.77,4,2,1,New / Promising
5101,18,4,231.44,4,4,2,Regular
5102,352,1,307.85,2,2,2,Lost / Hibernating
5103,165,2,237.48,3,3,2,Regular
5104,234,2,1332.9,2,3,4,At Risk (Valuable)
5106,72,4,1365.92,3,4,4,Champions
5107,678,1,412.02,1,2,3,Lost / Hibernating
5108,93,1,32.45,3,2,1,New / Promising
5109,194,1,138.32,2,2,1,Lost / Hibernating
5110,164,2,269.29,3,3,2,Regular
5111,40,3,225.28,4,4,2,Regular
5112,89,3,1756.73,3,4,4,Champions
5113,174,1,97.46,3,2,1,New / Promising
5114,218,2,145.69,2,3,1,Regular
5115,147,1,192.9,3,2,2,New / Promising
5116,85,2,539.33,3,3,3,Champions
5117,43,3,1217.41,4,4,4,Champions
5119,5,3,1071.7,4,4,4,Champions
5120,118,2,315.93,3,3,2,Regular
5121,482,3,638.49,1,4,3,At Risk (Valuable)
5122,28,1,198.63,4,2,2,New / Promising
5123,268,2,146.63,2,3,1,Regular
5124,186,1,16.57,2,2,1,Lost / Hibernating
5127,58,1,576.94,3,2,3,New / Promising
5128,346,1,101.96,2,2,1,Lost / Hibernating
5129,23,2,325.94,4,3,2,Regular
5130,238,1,266.46,2,2,2,Lost / Hibernating
5131,173,4,1010.83,3,4,4,Champions
5134,397,1,412.56,1,2,3,Lost / Hibernating
5135,17,1,45.15,4,2,1,New / Promising
5139,5,3,1096.74,4,4,4,Champions
5140,35,5,1145.94,4,4,4,Champions
5144,120,3,1794.28,3,4,4,Champions
5145,9,6,969.19,4,4,4,Champions
5147,45,3,485.88,4,4,3,Champions
5148,386,1,334.64,1,2,2,Lost / Hibernating
5149,236,2,271.63,2,3,2,Regular
5150,237,4,1476.83,2,4,4,At Risk (Valuable)
5153,63,1,276.7,3,2,2,New / Promising
5155,470,2,374.77,1,3,3,At Risk (Valuable)
5156,666,1,293.32,1,2,2,Lost / Hibernating
5158,585,2,333.54,1,3,2,Regular
5159,466,1,110.1,1,2,1,Lost / Hibernating
5160,44,1,180.8,4,2,2,New / Promising
5161,99,2,284.12,3,3,2,Regular
5162,18,3,572.71,4,4,3,Champions
5163,361,1,54.8,2,2,1,Lost / Hibernating
5164,12,4,593.13,4,4,3,Champions
5165,351,1,20.03,2,2,1,Lost / Hibernating
5167,16,3,1399.45,4,4,4,Champions
5168,8,4,2393.65,4,4,4,Champions
5170,48,2,659.03,4,3,3,Champions
5173,24,12,3588.24,4,4,4,Champions
5176,134,2,1122.89,3,3,4,Champions
5178,267,1,84.32,2,2,1,Lost / Hibernating
5182,204,1,91.43,2,2,1,Lost / Hibernating
5184,47,2,433.42,4,3,3,Champions
5185,50,2,326.6,4,3,2,Regular
5186,255,1,53.04,2,2,1,Lost / Hibernating
5187,369,2,644.64,2,3,3,At Risk (Valuable)
5189,21,4,1032.9,4,4,4,Champions
5192,322,2,612.83,2,3,3,At Risk (Valuable)
5193,194,1,21.46,2,2,1,Lost / Hibernating
5196,42,2,725.57,4,3,4,Champions
5197,30,3,283.86,4,4,2,Regular
5198,46,2,76.84,4,3,1,Regular
5199,448,2,533.34,1,3,3,At Risk (Valuable)
5201,11,1,132.75,4,2,1,New / Promising
5202,19,6,912.82,4,4,4,Champions
5203,244,2,553.03,2,3,3,At Risk (Valuable)
5205,25,2,55.65,4,3,1,Regular
5207,18,3,719.58,4,4,4,Champions
5208,597,1,92.26,1,2,1,Lost / Hibernating
5209,151,2,158.7,3,3,2,Regular
5210,42,4,415.85,4,4,3,Champions
5211,419,2,533.75,1,3,3,At Risk (Valuable)
5213,88,2,427.29,3,3,3,Champions
5214,390,1,231.85,1,2,2,Lost / Hibernating
5215,223,2,861.86,2,3,4,At Risk (Valuable)
5216,92,4,953.03,3,4,4,Champions
5217,10,3,635.94,4,4,3,Champions
5218,587,1,700.67,1,2,4,Lost / Hibernating
5220,355,1,248.25,2,2,2,Lost / Hibernating
5222,405,2,528.24,1,3,3,At Risk (Valuable)
5223,17,2,359.12,4,3,3,Champions
5227,40,1,75.31,4,2,1,New / Promising
5229,56,4,426.25,4,4,3,Champions
5230,34,2,130.08,4,3,1,Regular
5231,351,1,220.53,2,2,2,Lost / Hibernating
5232,84,1,181.06,3,2,2,New / Promising
5233,540,1,113.59,1,2,1,Lost / Hibernating
5234,205,2,323.35,2,3,2,Regular
5235,296,2,687.01,2,3,4,At Risk (Valuable)
5236,109,1,1114.06,3,2,4,New / Promising
5237,528,2,324.35,1,3,2,Regular
5238,225,1,45.56,2,2,1,Lost / Hibernating
5240,125,2,163.64,3,3,2,Regular
5241,203,1,120.51,2,2,1,Lost / Hibernating
5242,726,1,125.24,1,2,1,Lost / Hibernating
5243,103,5,940.18,3,4,4,Champions
5245,256,3,357.31,2,4,3,At Risk (Valuable)
5247,617,2,145.17,1,3,1,Regular
5248,52,3,574.87,4,4,3,Champions
5249,593,1,576.33,1,2,3,Lost / Hibernating
5250,667,1,587.31,1,2,3,Lost / Hibernating
5251,357,1,273.89,2,2,2,Lost / Hibernating
5252,188,2,624.19,2,3,3,At Risk (Valuable)
5255,410,1,68.28,1,2,1,Lost / Hibernating
5259,238,2,293.43,2,3,2,Regular
5260,34,2,519.12,4,3,3,Champions
5261,3,1,125.28,4,2,1,New / Promising
5262,130,5,2010.47,3,4,4,Champions
5264,138,2,187.63,3,3,2,Regular
5267,117,1,61.88,3,2,1,New / Promising
5268,122,2,828.84,3,3,4,Champions
5270,667,1,86.32,1,2,1,Lost / Hibernating
5272,136,3,2598.8,3,4,4,Champions
5273,310,1,357.34,2,2,3,Lost / Hibernating
5274,67,8,2869.78,3,4,4,Champions
5275,526,1,252.29,1,2,2,Lost / Hibernating
5276,10,2,389.84,4,3,3,Champions
5278,166,1,198.65,3,2,2,New / Promising
5279,99,1,231.66,3,2,2,New / Promising
5280,728,1,81.11,1,2,1,Lost / Hibernating
5283,127,1,57.15,3,2,1,New / Promising
5284,333,2,429.74,2,3,3,At Risk (Valuable)
5286,300,6,1974.61,2,4,4,At Risk (Valuable)
5289,147,3,455.47,3,4,3,Champions
5290,162,2,138.45,3,3,1,Regular
5291,46,4,814.6,4,4,4,Champions
5292,61,2,256.29,3,3,2,Regular
5293,520,1,386.1,1,2,3,Lost / Hibernating
5294,273,1,631.59,2,2,3,Lost / Hibernating
5296,439,1,160.28,1,2,2,Lost / Hibernating
5298,299,1,511.98,2,2,3,Lost / Hibernating
5299,256,2,585.74,2,3,3,At Risk (Valuable)
5300,21,1,660.94,4,2,3,New / Promising
5302,623,1,256.57,1,2,2,Lost / Hibernating
5303,89,3,1084.93,3,4,4,Champions
5304,46,2,329.76,4,3,2,Regular
5305,125,4,1001.31,3,4,4,Champions
5306,37,6,776.46,4,4,4,Champions
5308,144,5,873.05,3,4,4,Champions
5309,67,2,174.78,3,3,2,Regular
5311,281,2,116.81,2,3,1,Regular
5313,25,1,148.27,4,2,2,New / Promising
5314,467,1,529.67,1,2,3,Lost / Hibernating
5315,202,3,2041.21,2,4,4,At Risk (Valuable)
5316,99,1,508.33,3,2,3,New / Promising
5317,5,1,48.27,4,2,1,New / Promising
5320,108,1,128.47,3,2,1,New / Promising
5321,5,2,732.78,4,3,4,Champions
5322,148,3,2618.03,3,4,4,Champions
5323,24,4,1486.6,4,4,4,Champions
5324,101,2,260.13,3,3,2,Regular
5326,207,3,401.96,2,4,3,At Risk (Valuable)
5335,194,2,546.75,2,3,3,At Risk (Valuable)
5336,650,2,1087.49,1,3,4,At Risk (Valuable)
5340,22,2,532.5,4,3,3,Champions
5341,586,1,138.09,1,2,1,Lost / Hibernating
5343,69,2,300.15,3,3,2,Regular
5344,37,1,201.28,4,2,2,New / Promising
5345,74,1,90.17,3,2,1,New / Promising
5347,545,1,75.96,1,2,1,Lost / Hibernating
5348,111,3,277.47,3,4,2,Regular
5350,12,1,986.43,4,2,4,New / Promising
5351,204,1,81.14,2,2,1,Lost / Hibernating
5354,174,2,757.8,3,3,4,Champions
5355,376,1,547.26,1,2,3,Lost / Hibernating
5356,6,35,10799.15,4,4,4,Champions
5357,592,1,167.45,1,2,2,Lost / Hibernating
5359,242,3,533.96,2,4,3,At Risk (Valuable)
5360,483,1,74.99,1,2,1,Lost / Hibernating
5361,160,2,382.84,3,3,3,Champions
5363,370,1,578.3,2,2,3,Lost / Hibernating
5364,507,1,506.83,1,2,3,Lost / Hibernating
5365,698,1,94.23,1,2,1,Lost / Hibernating
5366,355,1,134.44,2,2,1,Lost / Hibernating
5367,353,1,203.84,2,2,2,Lost / Hibernating
5368,2,22,4240.66,4,4,4,Champions
5369,483,1,36.58,1,2,1,Lost / Hibernating
5370,64,1,23.0,3,2,1,New / Promising
5371,39,7,2663.73,4,4,4,Champions
5372,253,1,230.2,2,2,2,Lost / Hibernating
5373,401,2,933.06,1,3,4,At Risk (Valuable)
5374,183,5,1865.52,2,4,4,At Risk (Valuable)
5375,354,2,551.84,2,3,3,At Risk (Valuable)
5377,27,1,322.94,4,2,2,New / Promising
5378,650,1,192.66,1,2,2,Lost / Hibernating
5379,310,3,631.15,2,4,3,At Risk (Valuable)
5380,325,1,81.28,2,2,1,Lost / Hibernating
5381,400,1,40.1,1,2,1,Lost / Hibernating
5382,48,2,339.9,4,3,3,Champions
5383,137,2,848.48,3,3,4,Champions
5384,246,2,457.86,2,3,3,At Risk (Valuable)
5385,46,1,215.53,4,2,2,New / Promising
5388,420,1,583.05,1,2,3,Lost / Hibernating
5389,281,1,128.66,2,2,1,Lost / Hibernating
5391,578,1,90.96,1,2,1,Lost / Hibernating
5392,524,1,241.92,1,2,2,Lost / Hibernating
5395,115,5,1829.26,3,4,4,Champions
5397,489,1,82.61,1,2,1,Lost / Hibernating
5398,57,2,500.0,3,3,3,Champions
5399,104,2,393.02,3,3,3,Champions
5400,129,1,361.79,3,2,3,New / Promising
5401,108,3,1054.79,3,4,4,Champions
5402,369,1,78.15,2,2,1,Lost / Hibernating
5403,624,1,64.34,1,2,1,Lost / Hibernating
5404,115,2,872.84,3,3,4,Champions
5406,391,1,31.87,1,2,1,Lost / Hibernating
5408,252,1,608.3,2,2,3,Lost / Hibernating
5410,106,2,305.02,3,3,2,Regular
5411,32,1,154.44,4,2,2,New / Promising
5414,327,1,151.76,2,2,2,Lost / Hibernating
5416,112,3,1345.39,3,4,4,Champions
5417,595,1,258.84,1,2,2,Lost / Hibernating
5419,23,1,596.09,4,2,3,New / Promising
5420,572,2,203.23,1,3,2,Regular
5421,425,1,71.41,1,2,1,Lost / Hibernating
5422,113,2,114.76,3,3,1,Regular
5423,81,1,23.02,3,2,1,New / Promising
5425,165,1,85.35,3,2,1,New / Promising
5427,35,3,388.6,4,4,3,Champions
5428,12,2,445.51,4,3,3,Champions
5430,289,3,719.36,2,4,4,At Risk (Valuable)
5432,147,5,349.79,3,4,3,Champions
5433,358,1,492.04,2,2,3,Lost / Hibernating
5435,2,3,1273.05,4,4,4,Champions
5437,408,1,361.21,1,2,3,Lost / Hibernating
5438,280,2,292.36,2,3,2,Regular
5442,26,2,510.32,4,3,3,Champions
5444,13,2,370.68,4,3,3,Champions
5445,456,1,38.9,1,2,1,Lost / Hibernating
5447,57,1,96.08,3,2,1,New / Promising
5448,16,1,303.5,4,2,2,New / Promising
5451,251,2,300.9,2,3,2,Regular
5454,221,4,1224.21,2,4,4,At Risk (Valuable)
5455,19,2,604.98,4,3,3,Champions
5456,161,2,694.13,3,3,4,Champions
5458,43,1,490.3,4,2,3,New / Promising
5459,184,1,47.01,2,2,1,Lost / Hibernating
5460,122,3,538.04,3,4,3,Champions
5464,395,3,259.94,1,4,2,Regular
5465,656,1,87.36,1,2,1,Lost / Hibernating
5466,448,2,537.56,1,3,3,At Risk (Valuable)
5467,88,1,1035.99,3,2,4,New / Promising
5468,320,1,127.11,2,2,1,Lost / Hibernating
5469,234,1,83.28,2,2,1,Lost / Hibernating
5470,72,1,148.56,3,2,2,New / Promising
5472,58,2,210.78,3,3,2,Regular
5473,619,1,173.58,1,2,2,Lost / Hibernating
5474,252,3,632.03,2,4,3,At Risk (Valuable)
5475,22,1,200.86,4,2,2,New / Promising
5476,13,3,405.69,4,4,3,Champions
5478,318,1,573.16,2,2,3,Lost / Hibernating
5479,8,1,220.7,4,2,2,New / Promising
5480,18,3,458.77,4,4,3,Champions
5481,178,1,37.0,2,2,1,Lost / Hibernating
5482,124,4,643.83,3,4,3,Champions
5483,536,1,199.87,1,2,2,Lost / Hibernating
5486,314,2,900.03,2,3,4,At Risk (Valuable)
5487,153,2,356.57,3,3,3,Champions
5488,131,1,70.72,3,2,1,New / Promising
5489,502,2,548.94,1,3,3,At Risk (Valuable)
5490,34,2,490.04,4,3,3,Champions
5491,273,2,123.39,2,3,1,Regular
5493,117,2,428.72,3,3,3,Champions
5495,546,2,556.95,1,3,3,At Risk (Valuable)
5496,46,1,322.46,4,2,2,New / Promising
5498,156,1,271.41,3,2,2,New / Promising
5499,269,2,93.04,2,3,1,Regular
5500,340,1,84.8,2,2,1,Lost / Hibernating
5503,430,1,19.9,1,2,1,Lost / Hibernating
5505,52,2,287.34,4,3,2,Regular
5506,35,3,260.49,4,4,2,Regular
5507,106,1,71.79,3,2,1,New / Promising
5508,90,2,453.42,3,3,3,Champions
5510,668,1,138.87,1,2,1,Lost / Hibernating
5511,206,2,858.28,2,3,4,At Risk (Valuable)
5512,246,1,590.04,2,2,3,Lost / Hibernating
5513,406,1,1246.24,1,2,4,Lost / Hibernating
5514,355,2,698.62,2,3,4,At Risk (Valuable)
5515,423,2,1283.87,1,3,4,At Risk (Valuable)
5517,82,3,277.01,3,4,2,Regular
5518,223,3,643.98,2,4,3,At Risk (Valuable)
5519,88,2,146.46,3,3,1,Regular
5520,45,1,125.33,4,2,1,New / Promising
5521,93,1,179.09,3,2,2,New / Promising
5523,382,2,82.51,1,3,1,Regular
5524,225,4,485.95,2,4,3,At Risk (Valuable)
5525,141,3,188.72,3,4,2,Regular
5526,389,2,163.58,1,3,2,Regular
5528,83,3,275.75,3,4,2,Regular
5529,196,2,550.75,2,3,3,At Risk (Valuable)
5530,629,1,721.42,1,2,4,Lost / Hibernating
5531,595,1,81.78,1,2,1,Lost / Hibernating
5532,32,1,59.9,4,2,1,New / Promising
5533,22,6,678.59,4,4,3,Champions
5535,370,2,806.79,2,3,4,At Risk (Valuable)
5536,83,6,2515.43,3,4,4,Champions
5539,48,2,511.27,4,3,3,Champions
5540,158,2,391.32,3,3,3,Champions
5541,34,5,1064.75,4,4,4,Champions
5542,632,1,260.12,1,2,2,Lost / Hibernating
5543,237,3,215.37,2,4,2,Regular
5546,191,2,557.84,2,3,3,At Risk (Valuable)
5547,330,5,1010.06,2,4,4,At Risk (Valuable)
5548,13,2,347.12,4,3,3,Champions
5549,561,1,269.98,1,2,2,Lost / Hibernating
5550,436,1,227.49,1,2,2,Lost / Hibernating
5551,379,1,291.29,1,2,2,Lost / Hibernating
5552,318,1,248.82,2,2,2,Lost / Hibernating
5553,257,2,55.52,2,3,1,Regular
5554,328,2,1050.52,2,3,4,At Risk (Valuable)
5555,48,1,16.26,4,2,1,New / Promising
5556,176,6,1655.46,2,4,4,At Risk (Valuable)
5558,309,1,270.72,2,2,2,Lost / Hibernating
5561,23,2,245.97,4,3,2,Regular
5562,365,1,241.67,2,2,2,Lost / Hibernating
5565,226,1,108.12,2,2,1,Lost / Hibernating
5566,148,1,138.14,3,2,1,New / Promising
5568,15,5,2110.75,4,4,4,Champions
5569,224,1,162.9,2,2,2,Lost / Hibernating
5573,95,2,414.37,3,3,3,Champions
5575,418,1,556.57,1,2,3,Lost / Hibernating
5576,340,1,232.58,2,2,2,Lost / Hibernating
5578,92,3,425.33,3,4,3,Champions
5579,75,3,698.37,3,4,4,Champions
5580,405,1,341.04,1,2,3,Lost / Hibernating
5582,201,1,141.7,2,2,1,Lost / Hibernating
5584,20,2,264.19,4,3,2,Regular
5585,33,2,273.57,4,3,2,Regular
5590,127,3,1236.29,3,4,4,Champions
5593,270,2,636.88,2,3,3,At Risk (Valuable)
5594,215,1,408.58,2,2,3,Lost / Hibernating
5595,55,7,1542.76,4,4,4,Champions
5596,100,1,158.75,3,2,2,New / Promising
5598,154,3,1602.21,3,4,4,Champions
5601,613,1,419.52,1,2,3,Lost / Hibernating
5602,31,4,667.01,4,4,3,Champions
5603,173,1,172.31,3,2,2,New / Promising
5604,54,3,1445.9,4,4,4,Champions
5605,432,1,534.76,1,2,3,Lost / Hibernating
5606,232,1,189.17,2,2,2,Lost / Hibernating
5607,291,2,673.46,2,3,3,At Risk (Valuable)
5608,35,5,622.06,4,4,3,Champions
5609,168,3,288.06,3,4,2,Regular
5610,59,2,1315.33,3,3,4,Champions
5611,409,1,584.93,1,2,3,Lost / Hibernating
5612,525,1,67.26,1,2,1,Lost / Hibernating
5613,410,1,437.95,1,2,3,Lost / Hibernating
5614,24,2,514.62,4,3,3,Champions
5615,257,1,181.59,2,2,2,Lost / Hibernating
5616,140,1,372.79,3,2,3,New / Promising
5617,174,1,596.96,3,2,3,New / Promising
5618,573,2,841.78,1,3,4,At Risk (Valuable)
5620,299,1,200.54,2,2,2,Lost / Hibernating
5621,378,2,162.25,1,3,2,Regular
5622,720,1,60.0,1,2,1,Lost / Hibernating
5623,270,1,28.98,2,2,1,Lost / Hibernating
5624,660,1,502.79,1,2,3,Lost / Hibernating
5625,111,2,488.6,3,3,3,Champions
5626,20,1,217.01,4,2,2,New / Promising
5627,8,3,251.03,4,4,2,Regular
5629,32,2,643.87,4,3,3,Champions
5630,689,2,119.93,1,3,1,Regular
5632,124,2,159.67,3,3,2,Regular
5633,115,2,477.86,3,3,3,Champions
5634,723,1,406.44,1,2,3,Lost / Hibernating
5635,42,3,460.69,4,4,3,Champions
5636,374,1,164.65,1,2,2,Lost / Hibernating
5638,32,2,99.24,4,3,1,Regular
5639,642,1,327.4,1,2,2,Lost / Hibernating
5641,131,1,216.27,3,2,2,New / Promising
5642,12,3,870.5,4,4,4,Champions
5643,235,1,43.5,2,2,1,Lost / Hibernating
5644,5,4,1445.32,4,4,4,Champions
5645,664,1,270.71,1,2,2,Lost / Hibernating
5646,27,2,752.91,4,3,4,Champions
5647,7,1,34.27,4,2,1,New / Promising
5650,25,2,759.84,4,3,4,Champions
5652,30,1,239.11,4,2,2,New / Promising
5654,205,1,216.23,2,2,2,Lost / Hibernating
5655,685,1,159.94,1,2,2,Lost / Hibernating
5656,201,1,44.88,2,2,1,Lost / Hibernating
5658,40,1,27.97,4,2,1,New / Promising
5659,269,2,243.63,2,3,2,Regular
5660,195,4,488.34,2,4,3,At Risk (Valuable)
5661,374,2,479.37,1,3,3,At Risk (Valuable)
5662,109,2,172.12,3,3,2,Regular
5663,234,5,1425.16,2,4,4,At Risk (Valuable)
5664,9,5,2035.94,4,4,4,Champions
5665,126,2,414.36,3,3,3,Champions
5666,33,2,401.0,4,3,3,Champions
5667,543,1,21.66,1,2,1,Lost / Hibernating
5668,57,7,1538.32,3,4,4,Champions
5669,155,2,389.94,3,3,3,Champions
5670,188,2,118.0,2,3,1,Regular
5671,47,1,117.8,4,2,1,New / Promising
5673,6,3,213.36,4,4,2,Regular
5675,188,1,22.16,2,2,1,Lost / Hibernating
5676,202,2,518.15,2,3,3,At Risk (Valuable)
5677,36,2,379.97,4,3,3,Champions
5678,373,1,72.41,1,2,1,Lost / Hibernating
5680,357,2,340.73,2,3,3,At Risk (Valuable)
5681,54,1,76.02,4,2,1,New / Promising
5682,87,2,187.32,3,3,2,Regular
5683,95,3,650.72,3,4,3,Champions
5685,101,2,646.57,3,3,3,Champions
5687,363,2,181.91,2,3,2,Regular
5689,267,1,280.73,2,2,2,Lost / Hibernating
5691,477,1,77.14,1,2,1,Lost / Hibernating
5692,248,2,524.76,2,3,3,At Risk (Valuable)
5693,650,1,41.36,1,2,1,Lost / Hibernating
5695,6,3,385.91,4,4,3,Champions
5696,34,3,281.63,4,4,2,Regular
5697,125,2,661.66,3,3,3,Champions
5698,12,4,577.29,4,4,3,Champions
5699,206,1,407.21,2,2,3,Lost / Hibernating
5700,151,1,1531.41,3,2,4,New / Promising
5704,4,3,784.9,4,4,4,Champions
5707,38,6,2066.96,4,4,4,Champions
5708,367,2,389.49,2,3,3,At Risk (Valuable)
5709,612,1,942.41,1,2,4,Lost / Hibernating
5711,684,1,127.34,1,2,1,Lost / Hibernating
5713,70,3,2891.57,3,4,4,Champions
5714,31,2,786.57,4,3,4,Champions
5715,160,3,204.96,3,4,2,Regular
5717,119,2,719.44,3,3,4,Champions
5718,131,2,739.93,3,3,4,Champions
5719,459,1,121.75,1,2,1,Lost / Hibernating
5720,89,3,419.53,3,4,3,Champions
5721,216,1,268.12,2,2,2,Lost / Hibernating
5722,246,3,374.24,2,4,3,At Risk (Valuable)
5723,62,2,318.77,3,3,2,Regular
5725,32,1,122.66,4,2,1,New / Promising
5727,148,4,1035.51,3,4,4,Champions
5731,306,2,1153.81,2,3,4,At Risk (Valuable)
5732,395,1,661.66,1,2,3,Lost / Hibernating
5734,215,2,397.48,2,3,3,At Risk (Valuable)
5735,256,3,1355.18,2,4,4,At Risk (Valuable)
5736,468,1,743.85,1,2,4,Lost / Hibernating
5738,405,3,222.31,1,4,2,Regular
5739,251,2,481.69,2,3,3,At Risk (Valuable)
5741,8,3,498.14,4,4,3,Champions
5742,9,1,288.56,4,2,2,New / Promising
5743,136,2,68.88,3,3,1,Regular
5744,95,1,420.25,3,2,3,New / Promising
5745,165,3,421.53,3,4,3,Champions
5748,117,1,61.79,3,2,1,New / Promising
5749,34,2,946.64,4,3,4,Champions
5750,559,1,36.94,1,2,1,Lost / Hibernating
5751,466,1,114.71,1,2,1,Lost / Hibernating
5753,138,3,625.57,3,4,3,Champions
5754,210,1,222.86,2,2,2,Lost / Hibernating
5756,306,1,62.62,2,2,1,Lost / Hibernating
5758,6,5,1483.08,4,4,4,Champions
5759,75,3,1539.17,3,4,4,Champions
5760,198,1,466.93,2,2,3,Lost / Hibernating
5761,9,5,636.46,4,4,3,Champions
5763,125,7,1921.21,3,4,4,Champions
5764,632,1,467.35,1,2,3,Lost / Hibernating
5765,64,1,14.47,3,2,1,New / Promising
5767,221,3,797.5,2,4,4,At Risk (Valuable)
5769,111,3,270.39,3,4,2,Regular
5770,688,1,44.09,1,2,1,Lost / Hibernating
5771,100,4,882.2,3,4,4,Champions
5772,689,1,274.6,1,2,2,Lost / Hibernating
5773,14,1,33.33,4,2,1,New / Promising
5775,156,1,238.28,3,2,2,New / Promising
5779,419,3,461.26,1,4,3,At Risk (Valuable)
5780,147,1,108.58,3,2,1,New / Promising
5781,49,2,146.78,4,3,1,Regular
5784,455,1,180.9,1,2,2,Lost / Hibernating
5788,74,3,472.3,3,4,3,Champions
5789,22,1,126.98,4,2,1,New / Promising
5790,204,2,995.39,2,3,4,At Risk (Valuable)
5791,110,4,995.58,3,4,4,Champions
5794,711,1,16.86,1,2,1,Lost / Hibernating
5795,127,3,1188.53,3,4,4,Champions
5796,15,4,1409.18,4,4,4,Champions
5797,205,1,526.21,2,2,3,Lost / Hibernating
5799,98,3,894.05,3,4,4,Champions
5801,486,2,218.29,1,3,2,Regular
5802,160,14,3961.88,3,4,4,Champions
5803,228,1,35.76,2,2,1,Lost / Hibernating
5804,221,1,294.66,2,2,2,Lost / Hibernating
5805,157,1,6.08,3,2,1,New / Promising
5806,411,2,138.32,1,3,1,Regular
5808,246,3,885.86,2,4,4,At Risk (Valuable)
5809,158,1,81.4,3,2,1,New / Promising
5810,204,4,1230.94,2,4,4,At Risk (Valuable)
5811,203,2,825.4,2,3,4,At Risk (Valuable)
5812,50,2,459.93,4,3,3,Champions
5815,68,2,385.42,3,3,3,Champions
5816,514,1,179.03,1,2,2,Lost / Hibernating
5817,66,1,1159.27,3,2,4,New / Promising
5819,62,4,1328.4,3,4,4,Champions
5821,382,1,40.69,1,2,1,Lost / Hibernating
5822,452,2,235.88,1,3,2,Regular
5823,84,1,270.31,3,2,2,New / Promising
5825,423,2,224.64,1,3,2,Regular
5826,118,1,18.44,3,2,1,New / Promising
5827,192,1,58.47,2,2,1,Lost / Hibernating
5828,109,8,700.91,3,4,4,Champions
5832,21,2,991.09,4,3,4,Champions
5836,99,1,70.34,3,2,1,New / Promising
5837,8,2,197.44,4,3,2,Regular
5838,156,2,153.11,3,3,2,Regular
5839,155,2,55.76,3,3,1,Regular
5841,76,5,830.35,3,4,4,Champions
5842,672,1,96.27,1,2,1,Lost / Hibernating
5844,416,1,233.79,1,2,2,Lost / Hibernating
5845,17,3,514.72,4,4,3,Champions
5846,453,1,508.52,1,2,3,Lost / Hibernating
5847,231,2,83.81,2,3,1,Regular
5849,104,1,53.06,3,2,1,New / Promising
5851,668,1,62.24,1,2,1,Lost / Hibernating
5852,6,2,449.14,4,3,3,Champions
5853,141,1,79.42,3,2,1,New / Promising
5855,153,1,619.87,3,2,3,New / Promising
5857,270,1,205.68,2,2,2,Lost / Hibernating
5858,57,2,239.76,3,3,2,Regular
5859,20,12,4022.35,4,4,4,Champions
5861,87,4,338.58,3,4,3,Champions
5863,6,3,1064.92,4,4,4,Champions
5864,25,1,43.62,4,2,1,New / Promising
5865,273,1,554.88,2,2,3,Lost / Hibernating
5867,303,2,317.71,2,3,2,Regular
5870,541,1,141.4,1,2,1,Lost / Hibernating
5871,676,1,5.59,1,2,1,Lost / Hibernating
5873,389,1,68.27,1,2,1,Lost / Hibernating
5875,437,1,62.78,1,2,1,Lost / Hibernating
5876,49,2,210.38,4,3,2,Regular
5877,219,2,839.85,2,3,4,At Risk (Valuable)
5879,386,2,489.73,1,3,3,At Risk (Valuable)
5881,430,2,725.2,1,3,4,At Risk (Valuable)
5882,121,1,321.12,3,2,2,New / Promising
5883,4,3,263.52,4,4,2,Regular
5884,37,1,222.3,4,2,2,New / Promising
5885,73,1,83.74,3,2,1,New / Promising
5887,146,6,520.71,3,4,3,Champions
5888,490,1,32.29,1,2,1,Lost / Hibernating
5893,129,2,470.91,3,3,3,Champions
5895,381,1,322.6,1,2,2,Lost / Hibernating
5896,205,1,101.69,2,2,1,Lost / Hibernating
5897,5,1,186.65,4,2,2,New / Promising
5898,24,1,156.81,4,2,2,New / Promising
5899,70,1,148.49,3,2,2,New / Promising
5900,19,3,236.12,4,4,2,Regular
5902,52,2,220.09,4,3,2,Regular
5903,553,1,259.88,1,2,2,Lost / Hibernating
5904,1,1,44.46,4,2,1,New / Promising
5905,69,3,808.82,3,4,4,Champions
5906,267,1,600.39,2,2,3,Lost / Hibernating
5907,283,3,568.09,2,4,3,At Risk (Valuable)
5908,19,1,73.82,4,2,1,New / Promising
5910,268,4,454.81,2,4,3,At Risk (Valuable)
5911,348,1,506.54,2,2,3,Lost / Hibernating
5912,2,2,266.74,4,3,2,Regular
5913,561,1,101.19,1,2,1,Lost / Hibernating
5915,94,3,1381.04,3,4,4,Champions
5916,613,1,113.67,1,2,1,Lost / Hibernating
5918,203,3,133.12,2,4,1,Regular
5919,211,1,200.61,2,2,2,Lost / Hibernating
5920,117,2,126.2,3,3,1,Regular
5921,119,1,633.22,3,2,3,New / Promising
5923,207,1,179.12,2,2,2,Lost / Hibernating
5924,181,1,62.77,2,2,1,Lost / Hibernating
5925,189,1,113.01,2,2,1,Lost / Hibernating
5928,467,1,191.42,1,2,2,Lost / Hibernating
5930,279,2,307.97,2,3,2,Regular
5933,519,1,561.44,1,2,3,Lost / Hibernating
5934,612,1,64.9,1,2,1,Lost / Hibernating
5935,18,1,118.14,4,2,1,New / Promising
5937,586,1,69.07,1,2,1,Lost / Hibernating
5938,143,2,668.62,3,3,3,Champions
5939,21,1,283.71,4,2,2,New / Promising
5940,341,4,1330.58,2,4,4,At Risk (Valuable)
5941,118,2,191.78,3,3,2,Regular
5942,552,1,142.47,1,2,1,Lost / Hibernating
5943,10,7,2036.37,4,4,4,Champions
5944,17,1,51.99,4,2,1,New / Promising
5945,182,3,470.53,2,4,3,At Risk (Valuable)
5947,567,2,763.07,1,3,4,At Risk (Valuable)
5949,70,4,526.29,3,4,3,Champions
5950,116,2,1245.43,3,3,4,Champions
5951,448,1,627.69,1,2,3,Lost / Hibernating
5952,21,3,171.99,4,4,2,Regular
5953,717,1,319.16,1,2,2,Lost / Hibernating
5954,271,2,460.05,2,3,3,At Risk (Valuable)
5955,171,1,79.95,3,2,1,New / Promising
5956,189,3,379.39,2,4,3,At Risk (Valuable)
5958,9,1,31.88,4,2,1,New / Promising
5959,44,2,144.66,4,3,1,Regular
5962,292,3,348.45,2,4,3,At Risk (Valuable)
5967,106,1,128.32,3,2,1,New / Promising
5969,125,2,228.0,3,3,2,Regular
5971,21,7,2585.79,4,4,4,Champions
5972,347,1,165.74,2,2,2,Lost / Hibernating
5974,88,1,179.81,3,2,2,New / Promising
5976,84,1,156.08,3,2,2,New / Promising
5977,370,3,1154.73,2,4,4,At Risk (Valuable)
5978,12,1,268.26,4,2,2,New / Promising
5982,178,1,46.59,2,2,1,Lost / Hibernating
5983,40,2,672.01,4,3,3,Champions
5984,42,3,1954.73,4,4,4,Champions
5986,66,4,1618.36,3,4,4,Champions
5988,20,3,730.92,4,4,4,Champions
5989,43,2,373.84,4,3,3,Champions
5990,166,2,285.82,3,3,2,Regular
5992,527,1,497.57,1,2,3,Lost / Hibernating
5993,21,3,569.48,4,4,3,Champions
5994,132,2,85.21,3,3,1,Regular
5995,24,1,162.18,4,2,2,New / Promising
5996,170,2,40.57,3,3,1,Regular
5997,59,2,335.08,3,3,3,Champions
5998,89,3,137.9,3,4,1,Regular
5999,352,1,116.64,2,2,1,Lost / Hibernating
6000,74,1,311.24,3,2,2,New / Promising
6001,538,1,415.02,1,2,3,Lost / Hibernating
6004,63,2,518.27,3,3,3,Champions
6005,97,2,224.71,3,3,2,Regular
6006,187,4,1571.59,2,4,4,At Risk (Valuable)
6007,397,1,268.44,1,2,2,Lost / Hibernating
6008,20,2,211.97,4,3,2,Regular
6011,3,5,1199.57,4,4,4,Champions
6012,50,3,830.34,4,4,4,Champions
6017,368,1,263.06,2,2,2,Lost / Hibernating
6020,586,1,300.18,1,2,2,Lost / Hibernating
6021,540,1,15.56,1,2,1,Lost / Hibernating
6022,4,2,1153.89,4,3,4,Champions
6023,478,2,189.49,1,3,2,Regular
6024,532,1,83.53,1,2,1,Lost / Hibernating
6025,572,1,403.1,1,2,3,Lost / Hibernating
6027,83,1,21.11,3,2,1,New / Promising
6028,100,2,274.96,3,3,2,Regular
6029,173,2,293.3,3,3,2,Regular
6030,399,1,271.87,1,2,2,Lost / Hibernating
6032,24,3,929.95,4,4,4,Champions
6034,475,1,903.15,1,2,4,Lost / Hibernating
6035,115,1,482.68,3,2,3,New / Promising
6036,7,6,1518.2,4,4,4,Champions
6037,187,1,78.76,2,2,1,Lost / Hibernating
6038,181,1,251.93,2,2,2,Lost / Hibernating
6039,287,2,506.26,2,3,3,At Risk (Valuable)
6040,371,2,90.17,2,3,1,Regular
6041,697,1,22.45,1,2,1,Lost / Hibernating
6042,488,1,466.8,1,2,3,Lost / Hibernating
6045,223,2,171.77,2,3,2,Regular
6046,8,4,893.39,4,4,4,Champions
6047,98,3,541.78,3,4,3,Champions
6048,237,4,1039.0,2,4,4,At Risk (Valuable)
6050,26,2,427.37,4,3,3,Champions
6051,20,1,305.41,4,2,2,New / Promising
6053,414,1,37.97,1,2,1,Lost / Hibernating
6054,174,1,80.08,3,2,1,New / Promising
6056,79,1,301.43,3,2,2,New / Promising
6057,182,3,1909.86,2,4,4,At Risk (Valuable)
6058,56,5,2139.34,4,4,4,Champions
6059,114,1,115.57,3,2,1,New / Promising
6061,106,4,1689.59,3,4,4,Champions
6062,119,1,42.12,3,2,1,New / Promising
6064,83,3,453.21,3,4,3,Champions
6065,99,2,290.34,3,3,2,Regular
6066,171,2,576.54,3,3,3,Champions
6067,646,1,165.46,1,2,2,Lost / Hibernating
6068,3,3,988.37,4,4,4,Champions
6070,543,1,355.48,1,2,3,Lost / Hibernating
6071,201,1,27.67,2,2,1,Lost / Hibernating
6072,109,3,413.51,3,4,3,Champions
6073,20,2,135.64,4,3,1,Regular
6074,395,1,240.42,1,2,2,Lost / Hibernating
6075,89,2,86.64,3,3,1,Regular
6076,334,3,3094.8,2,4,4,At Risk (Valuable)
6077,53,3,846.97,4,4,4,Champions
6079,28,3,532.6,4,4,3,Champions
6080,136,3,591.55,3,4,3,Champions
6084,237,2,162.91,2,3,2,Regular
6085,47,3,404.31,4,4,3,Champions
6086,33,2,239.38,4,3,2,Regular
6089,537,1,148.63,1,2,2,Lost / Hibernating
6090,116,2,429.42,3,3,3,Champions
6091,82,2,316.87,3,3,2,Regular
6092,121,2,1074.98,3,3,4,Champions
6095,225,3,508.01,2,4,3,At Risk (Valuable)
6097,19,4,405.98,4,4,3,Champions
6098,152,2,231.62,3,3,2,Regular
6100,172,1,33.61,3,2,1,New / Promising
6103,27,3,454.49,4,4,3,Champions
6104,49,1,340.21,4,2,3,New / Promising
6105,166,1,24.98,3,2,1,New / Promising
6106,25,1,579.93,4,2,3,New / Promising
6107,37,1,152.81,4,2,2,New / Promising
6108,263,1,263.91,2,2,2,Lost / Hibernating
6109,265,2,649.88,2,3,3,At Risk (Valuable)
6110,217,4,1948.37,2,4,4,At Risk (Valuable)
6111,539,1,75.82,1,2,1,Lost / Hibernating
6113,558,1,645.38,1,2,3,Lost / Hibernating
6117,19,5,1426.12,4,4,4,Champions
6118,362,1,168.06,2,2,2,Lost / Hibernating
6119,260,2,329.62,2,3,2,Regular
6120,213,4,989.08,2,4,4,At Risk (Valuable)
6121,200,2,524.2,2,3,3,At Risk (Valuable)
6122,260,1,26.88,2,2,1,Lost / Hibernating
6123,61,6,1597.81,3,4,4,Champions
6124,227,2,119.5,2,3,1,Regular
6126,713,1,523.24,1,2,3,Lost / Hibernating
6129,13,3,1311.46,4,4,4,Champions
6130,604,2,455.14,1,3,3,At Risk (Valuable)
6131,570,1,38.08,1,2,1,Lost / Hibernating
6132,63,1,50.86,3,2,1,New / Promising
6133,473,2,495.36,1,3,3,At Risk (Valuable)
6134,424,1,142.56,1,2,1,Lost / Hibernating
6135,376,1,81.02,1,2,1,Lost / Hibernating
6137,43,1,114.58,4,2,1,New / Promising
6138,66,1,18.71,3,2,1,New / Promising
6139,46,1,80.1,4,2,1,New / Promising
6140,263,3,633.83,2,4,3,At Risk (Valuable)
6141,66,1,108.44,3,2,1,New / Promising
6142,613,1,119.4,1,2,1,Lost / Hibernating
6145,592,1,1079.49,1,2,4,Lost / Hibernating
6147,280,1,39.16,2,2,1,Lost / Hibernating
6149,519,1,86.45,1,2,1,Lost / Hibernating
6150,255,1,224.38,2,2,2,Lost / Hibernating
6153,47,2,214.27,4,3,2,Regular
6154,388,2,926.91,1,3,4,At Risk (Valuable)
6155,287,2,817.2,2,3,4,At Risk (Valuable)
6156,182,1,317.72,2,2,2,Lost / Hibernating
6157,34,5,384.02,4,4,3,Champions
6159,599,1,804.11,1,2,4,Lost / Hibernating
6160,29,9,2566.16,4,4,4,Champions
6161,527,1,47.6,1,2,1,Lost / Hibernating
6162,447,2,774.79,1,3,4,At Risk (Valuable)
6165,110,1,11.36,3,2,1,New / Promising
6166,36,11,2587.91,4,4,4,Champions
6167,22,5,1134.52,4,4,4,Champions
6168,21,4,667.25,4,4,3,Champions
6170,218,1,140.46,2,2,1,Lost / Hibernating
6171,49,2,209.9,4,3,2,Regular
6173,360,3,722.78,2,4,4,At Risk (Valuable)
6174,255,1,134.26,2,2,1,Lost / Hibernating
6175,234,3,840.29,2,4,4,At Risk (Valuable)
6176,14,3,587.72,4,4,3,Champions
6177,212,3,262.47,2,4,2,Regular
6178,188,3,313.87,2,4,2,Regular
6179,17,5,1622.49,4,4,4,Champions
6180,16,4,597.24,4,4,3,Champions
6181,148,2,207.25,3,3,2,Regular
6183,19,8,2326.87,4,4,4,Champions
6184,172,3,348.52,3,4,3,Champions
6185,91,2,163.67,3,3,2,Regular
6186,208,1,180.37,2,2,2,Lost / Hibernating
6187,21,1,204.64,4,2,2,New / Promising
6188,108,4,763.53,3,4,4,Champions
6189,70,1,44.4,3,2,1,New / Promising
6190,269,4,824.82,2,4,4,At Risk (Valuable)
6191,384,1,129.09,1,2,1,Lost / Hibernating
6193,288,2,150.43,2,3,2,Regular
6194,52,3,462.83,4,4,3,Champions
6195,225,2,331.61,2,3,2,Regular
6196,531,1,1587.65,1,2,4,Lost / Hibernating
6197,19,1,68.57,4,2,1,New / Promising
6198,598,1,511.98,1,2,3,Lost / Hibernating
6201,321,3,567.17,2,4,3,At Risk (Valuable)
6204,31,1,16.92,4,2,1,New / Promising
6205,404,2,611.58,1,3,3,At Risk (Valuable)
6207,223,2,81.71,2,3,1,Regular
6208,189,1,351.04,2,2,3,Lost / Hibernating
6209,406,1,155.68,1,2,2,Lost / Hibernating
6210,14,5,399.25,4,4,3,Champions
6212,177,3,1078.8,2,4,4,At Risk (Valuable)
6213,456,1,391.99,1,2,3,Lost / Hibernating
6214,174,2,147.77,3,3,2,Regular
6215,30,4,699.58,4,4,4,Champions
6216,174,2,251.52,3,3,2,Regular
6218,117,3,493.27,3,4,3,Champions
6219,116,3,657.77,3,4,3,Champions
6220,718,1,222.7,1,2,2,Lost / Hibernating
6221,221,1,93.02,2,2,1,Lost / Hibernating
6222,440,1,44.12,1,2,1,Lost / Hibernating
6223,14,1,322.08,4,2,2,New / Promising
6226,56,1,200.35,4,2,2,New / Promising
6229,396,1,262.43,1,2,2,Lost / Hibernating
6231,406,1,1597.23,1,2,4,Lost / Hibernating
6233,404,1,166.54,1,2,2,Lost / Hibernating
6234,142,1,1473.45,3,2,4,New / Promising
6235,264,1,382.65,2,2,3,Lost / Hibernating
6236,402,1,168.27,1,2,2,Lost / Hibernating
6237,108,2,246.27,3,3,2,Regular
6238,126,2,771.41,3,3,4,Champions
6239,662,1,130.04,1,2,1,Lost / Hibernating
6240,212,1,277.17,2,2,2,Lost / Hibernating
6242,328,1,44.06,2,2,1,Lost / Hibernating
6245,20,2,107.48,4,3,1,Regular
6246,33,2,362.68,4,3,3,Champions
6247,77,7,2013.22,3,4,4,Champions
6250,478,1,408.24,1,2,3,Lost / Hibernating
6251,347,1,545.79,2,2,3,Lost / Hibernating
6252,687,1,832.83,1,2,4,Lost / Hibernating
6253,263,1,232.2,2,2,2,Lost / Hibernating
6254,293,2,271.24,2,3,2,Regular
6255,290,2,278.47,2,3,2,Regular
6256,197,2,132.95,2,3,1,Regular
6257,36,3,1483.0,4,4,4,Champions
6258,60,1,185.48,3,2,2,New / Promising
6259,16,5,821.51,4,4,4,Champions
6260,501,2,247.78,1,3,2,Regular
6262,13,2,247.46,4,3,2,Regular
6263,267,3,1054.56,2,4,4,At Risk (Valuable)
6264,330,1,184.36,2,2,2,Lost / Hibernating
6267,142,1,292.52,3,2,2,New / Promising
6268,93,1,290.52,3,2,2,New / Promising
6269,175,1,283.36,2,2,2,Lost / Hibernating
6272,187,2,298.61,2,3,2,Regular
6273,488,1,440.32,1,2,3,Lost / Hibernating
6274,396,1,456.5,1,2,3,Lost / Hibernating
6275,26,2,326.76,4,3,2,Regular
6277,166,2,660.5,3,3,3,Champions
6279,515,1,479.51,1,2,3,Lost / Hibernating
6280,277,1,548.0,2,2,3,Lost / Hibernating
6283,9,5,937.04,4,4,4,Champions
6285,54,1,796.75,4,2,4,New / Promising
6286,165,2,259.11,3,3,2,Regular
6288,191,2,283.36,2,3,2,Regular
6289,53,1,211.48,4,2,2,New / Promising
6290,390,3,1232.45,1,4,4,At Risk (Valuable)
6291,83,1,33.56,3,2,1,New / Promising
6292,5,1,910.64,4,2,4,New / Promising
6293,223,1,344.33,2,2,3,Lost / Hibernating
6294,43,5,1259.53,4,4,4,Champions
6298,469,1,167.2,1,2,2,Lost / Hibernating
6299,204,3,166.81,2,4,2,Regular
6301,6,2,800.74,4,3,4,Champions
6302,296,1,504.18,2,2,3,Lost / Hibernating
6305,550,1,178.24,1,2,2,Lost / Hibernating
6308,74,2,178.55,3,3,2,Regular
6309,4,1,381.86,4,2,3,New / Promising
6311,159,2,533.3,3,3,3,Champions
6313,400,1,86.86,1,2,1,Lost / Hibernating
6314,145,4,1854.47,3,4,4,Champions
6316,306,1,43.75,2,2,1,Lost / Hibernating
6318,13,2,470.26,4,3,3,Champions
6319,203,1,185.82,2,2,2,Lost / Hibernating
6321,618,1,135.0,1,2,1,Lost / Hibernating
6322,369,1,119.02,2,2,1,Lost / Hibernating
6323,288,4,832.53,2,4,4,At Risk (Valuable)
6324,255,2,367.93,2,3,3,At Risk (Valuable)
6325,87,2,384.71,3,3,3,Champions
6326,138,1,125.84,3,2,1,New / Promising
6327,32,4,1329.89,4,4,4,Champions
6328,222,3,735.15,2,4,4,At Risk (Valuable)
6332,510,1,322.43,1,2,2,Lost / Hibernating
6333,408,1,86.67,1,2,1,Lost / Hibernating
6334,293,1,16.22,2,2,1,Lost / Hibernating
6335,365,1,29.57,2,2,1,Lost / Hibernating
6336,71,1,21.62,3,2,1,New / Promising
6337,57,4,909.85,3,4,4,Champions
6339,538,1,36.32,1,2,1,Lost / Hibernating
6340,369,1,129.64,2,2,1,Lost / Hibernating
6341,65,1,280.05,3,2,2,New / Promising
6342,90,1,634.56,3,2,3,New / Promising
6343,18,2,1069.97,4,3,4,Champions
6345,455,3,549.25,1,4,3,At Risk (Valuable)
6346,270,1,70.43,2,2,1,Lost / Hibernating
6347,669,1,102.47,1,2,1,Lost / Hibernating
6348,57,3,723.28,3,4,4,Champions
6349,601,2,307.3,1,3,2,Regular
6350,636,1,37.96,1,2,1,Lost / Hibernating
6352,143,2,346.74,3,3,3,Champions
6357,369,2,529.17,2,3,3,At Risk (Valuable)
6358,618,1,2203.75,1,2,4,Lost / Hibernating
6361,352,1,1242.1,2,2,4,Lost / Hibernating
6362,9,2,625.72,4,3,3,Champions
6363,285,4,770.02,2,4,4,At Risk (Valuable)
6365,326,1,37.84,2,2,1,Lost / Hibernating
6366,478,1,34.43,1,2,1,Lost / Hibernating
6368,33,2,633.21,4,3,3,Champions
6370,437,1,188.4,1,2,2,Lost / Hibernating
6371,435,3,549.07,1,4,3,At Risk (Valuable)
6372,4,3,845.65,4,4,4,Champions
6374,362,1,603.92,2,2,3,Lost / Hibernating
6375,220,2,379.12,2,3,3,At Risk (Valuable)
6376,605,1,15.72,1,2,1,Lost / Hibernating
6378,213,1,86.93,2,2,1,Lost / Hibernating
6386,6,2,218.99,4,3,2,Regular
6387,252,1,26.65,2,2,1,Lost / Hibernating
6388,13,1,47.36,4,2,1,New / Promising
6390,23,12,1953.93,4,4,4,Champions
6392,247,2,1623.53,2,3,4,At Risk (Valuable)
6394,213,1,283.04,2,2,2,Lost / Hibernating
6396,84,4,700.91,3,4,4,Champions
6398,102,1,38.34,3,2,1,New / Promising
6400,255,1,178.2,2,2,2,Lost / Hibernating
6403,18,1,5.56,4,2,1,New / Promising
6406,472,1,40.48,1,2,1,Lost / Hibernating
6407,37,1,180.78,4,2,2,New / Promising
6409,228,1,196.64,2,2,2,Lost / Hibernating
6411,6,3,726.17,4,4,4,Champions
6413,435,2,260.49,1,3,2,Regular
6414,28,2,246.17,4,3,2,Regular
6415,64,2,867.91,3,3,4,Champions
6416,62,5,2699.8,3,4,4,Champions
6417,299,3,495.26,2,4,3,At Risk (Valuable)
6419,33,12,3225.66,4,4,4,Champions
6420,17,9,2298.33,4,4,4,Champions
6421,80,1,146.34,3,2,1,New / Promising
6423,11,4,2147.05,4,4,4,Champions
6425,99,2,458.42,3,3,3,Champions
6427,666,1,247.56,1,2,2,Lost / Hibernating
6428,32,7,1565.5,4,4,4,Champions
6431,2,3,441.17,4,4,3,Champions
6432,382,2,314.39,1,3,2,Regular
6434,283,1,701.94,2,2,4,Lost / Hibernating
6436,420,3,878.03,1,4,4,At Risk (Valuable)
6437,51,4,577.11,4,4,3,Champions
6440,456,5,1458.23,1,4,4,At Risk (Valuable)
6441,214,4,458.06,2,4,3,At Risk (Valuable)
6443,16,3,288.33,4,4,2,Regular
6444,59,2,441.15,3,3,3,Champions
6445,250,1,177.01,2,2,2,Lost / Hibernating
6446,173,3,260.96,3,4,2,Regular
6447,399,1,69.93,1,2,1,Lost / Hibernating
6448,334,1,74.43,2,2,1,Lost / Hibernating
6450,121,1,611.01,3,2,3,New / Promising
6451,37,5,835.83,4,4,4,Champions
6452,58,5,609.69,3,4,3,Champions
6453,23,3,383.68,4,4,3,Champions
6454,58,2,849.6,3,3,4,Champions
6455,212,2,104.14,2,3,1,Regular
6457,407,2,142.69,1,3,1,Regular
6458,16,1,1829.48,4,2,4,New / Promising
6460,40,1,133.65,4,2,1,New / Promising
6461,11,2,453.31,4,3,3,Champions
6462,285,3,975.06,2,4,4,At Risk (Valuable)
6467,34,1,17.45,4,2,1,New / Promising
6468,454,1,351.4,1,2,3,Lost / Hibernating
6469,154,1,155.47,3,2,2,New / Promising
6470,138,1,240.55,3,2,2,New / Promising
6471,18,3,540.94,4,4,3,Champions
6472,88,1,328.98,3,2,2,New / Promising
6474,188,1,33.46,2,2,1,Lost / Hibernating
6475,355,1,108.61,2,2,1,Lost / Hibernating
6476,9,2,140.91,4,3,1,Regular
6477,14,2,559.92,4,3,3,Champions
6479,346,3,568.87,2,4,3,At Risk (Valuable)
6480,479,2,301.87,1,3,2,Regular
6481,520,2,637.2,1,3,3,At Risk (Valuable)
6483,32,1,222.6,4,2,2,New / Promising
6484,32,1,275.5,4,2,2,New / Promising
6485,423,1,77.32,1,2,1,Lost / Hibernating
6486,166,2,80.7,3,3,1,Regular
6487,43,3,297.29,4,4,2,Regular
6488,22,4,1022.81,4,4,4,Champions
6489,496,1,739.85,1,2,4,Lost / Hibernating
6492,20,2,121.39,4,3,1,Regular
6494,16,1,689.9,4,2,4,New / Promising
6495,12,5,1061.82,4,4,4,Champions
6496,332,3,256.35,2,4,2,Regular
6498,48,2,742.81,4,3,4,Champions
6499,221,2,302.31,2,3,2,Regular
6500,144,5,1928.01,3,4,4,Champions
6502,461,2,252.77,1,3,2,Regular
6503,172,1,447.45,3,2,3,New / Promising
6505,44,1,210.9,4,2,2,New / Promising
6506,729,1,83.53,1,2,1,Lost / Hibernating
6507,237,2,244.06,2,3,2,Regular
6508,84,4,1668.68,3,4,4,Champions
6509,72,1,94.68,3,2,1,New / Promising
6511,459,1,137.72,1,2,1,Lost / Hibernating
6512,227,3,960.95,2,4,4,At Risk (Valuable)
6513,42,1,307.22,4,2,2,New / Promising
6514,81,3,388.1,3,4,3,Champions
6515,6,3,1528.83,4,4,4,Champions
6516,6,1,1599.23,4,2,4,New / Promising
6517,45,2,589.04,4,3,3,Champions
6518,536,1,33.6,1,2,1,Lost / Hibernating
6519,32,13,2936.93,4,4,4,Champions
6520,633,1,108.05,1,2,1,Lost / Hibernating
6521,13,3,1087.35,4,4,4,Champions
6523,58,4,1314.98,3,4,4,Champions
6524,26,3,771.1,4,4,4,Champions
6525,549,1,148.16,1,2,2,Lost / Hibernating
6526,547,1,30.3,1,2,1,Lost / Hibernating
6527,88,1,669.78,3,2,3,New / Promising
6528,258,1,14.97,2,2,1,Lost / Hibernating
6531,406,1,25.42,1,2,1,Lost / Hibernating
6532,81,2,231.32,3,3,2,Regular
6533,689,1,621.74,1,2,3,Lost / Hibernating
6534,51,7,2612.19,4,4,4,Champions
6535,50,2,276.45,4,3,2,Regular
6536,218,2,295.11,2,3,2,Regular
6537,257,2,193.74,2,3,2,Regular
6539,379,2,259.22,1,3,2,Regular
6540,70,1,100.9,3,2,1,New / Promising
6542,369,1,472.41,2,2,3,Lost / Hibernating
6545,375,1,10.46,1,2,1,Lost / Hibernating
6546,70,2,184.74,3,3,2,Regular
6548,213,1,10.69,2,2,1,Lost / Hibernating
6550,27,4,556.89,4,4,3,Champions
6551,511,1,142.44,1,2,1,Lost / Hibernating
6552,619,1,443.96,1,2,3,Lost / Hibernating
6553,370,1,32.08,2,2,1,Lost / Hibernating
6554,639,1,71.34,1,2,1,Lost / Hibernating
6555,400,1,593.96,1,2,3,Lost / Hibernating
6556,16,2,869.22,4,3,4,Champions
6557,34,4,480.77,4,4,3,Champions
6558,677,1,516.48,1,2,3,Lost / Hibernating
6564,446,2,309.11,1,3,2,Regular
6565,178,1,24.39,2,2,1,Lost / Hibernating
6566,398,2,530.77,1,3,3,At Risk (Valuable)
6568,475,1,194.11,1,2,2,Lost / Hibernating
6569,558,1,271.99,1,2,2,Lost / Hibernating
6571,30,1,84.46,4,2,1,New / Promising
6572,533,1,534.76,1,2,3,Lost / Hibernating
6573,12,2,223.21,4,3,2,Regular
6575,150,3,895.32,3,4,4,Champions
6576,582,1,73.04,1,2,1,Lost / Hibernating
6577,48,1,453.15,4,2,3,New / Promising
6578,13,2,85.73,4,3,1,Regular
6579,12,16,5155.21,4,4,4,Champions
6580,239,5,1138.41,2,4,4,At Risk (Valuable)
6581,355,3,518.25,2,4,3,At Risk (Valuable)
6583,4,2,479.35,4,3,3,Champions
6584,333,4,1336.62,2,4,4,At Risk (Valuable)
6585,216,4,974.11,2,4,4,At Risk (Valuable)
6586,361,1,109.28,2,2,1,Lost / Hibernating
6587,114,2,162.24,3,3,2,Regular
6588,271,3,391.1,2,4,3,At Risk (Valuable)
6591,52,1,70.11,4,2,1,New / Promising
6592,65,1,28.56,3,2,1,New / Promising
6594,60,4,1176.42,3,4,4,Champions
6596,311,2,671.64,2,3,3,At Risk (Valuable)
6597,104,2,683.5,3,3,4,Champions
6598,55,1,274.99,4,2,2,New / Promising
6599,460,1,55.98,1,2,1,Lost / Hibernating
6601,273,1,699.57,2,2,4,Lost / Hibernating
6602,227,1,411.17,2,2,3,Lost / Hibernating
6606,681,1,156.47,1,2,2,Lost / Hibernating
6610,106,1,232.09,3,2,2,New / Promising
6612,68,2,607.57,3,3,3,Champions
6613,21,8,2848.87,4,4,4,Champions
6614,68,3,74.04,3,4,1,Regular
6615,693,1,232.09,1,2,2,Lost / Hibernating
6617,532,1,158.32,1,2,2,Lost / Hibernating
6618,41,1,624.83,4,2,3,New / Promising
6619,386,1,43.23,1,2,1,Lost / Hibernating
6621,318,1,436.34,2,2,3,Lost / Hibernating
6622,319,3,606.25,2,4,3,At Risk (Valuable)
6623,189,1,469.47,2,2,3,Lost / Hibernating
6625,509,2,272.75,1,3,2,Regular
6626,252,1,73.89,2,2,1,Lost / Hibernating
6627,411,2,264.58,1,3,2,Regular
6628,263,1,33.96,2,2,1,Lost / Hibernating
6629,23,1,203.55,4,2,2,New / Promising
6630,437,1,75.54,1,2,1,Lost / Hibernating
6631,182,2,671.66,2,3,3,At Risk (Valuable)
6632,117,2,186.92,3,3,2,Regular
6633,100,1,142.31,3,2,1,New / Promising
6634,411,2,72.25,1,3,1,Regular
6635,471,2,116.5,1,3,1,Regular
6636,274,1,369.37,2,2,3,Lost / Hibernating
6637,671,1,36.07,1,2,1,Lost / Hibernating
6639,41,3,249.63,4,4,2,Regular
6640,421,2,128.25,1,3,1,Regular
6642,238,1,127.89,2,2,1,Lost / Hibernating
6643,240,4,472.65,2,4,3,At Risk (Valuable)
6644,42,8,1746.59,4,4,4,Champions
6645,470,1,171.02,1,2,2,Lost / Hibernating
6647,424,2,517.92,1,3,3,At Risk (Valuable)
6648,347,3,108.23,2,4,1,Regular
6649,341,2,700.35,2,3,4,At Risk (Valuable)
6652,257,1,243.3,2,2,2,Lost / Hibernating
6654,2,1,353.76,4,2,3,New / Promising
6657,467,1,1079.78,1,2,4,Lost / Hibernating
6658,12,2,2572.43,4,3,4,Champions
6659,378,2,727.23,1,3,4,At Risk (Valuable)
6660,488,1,139.34,1,2,1,Lost / Hibernating
6661,284,2,164.79,2,3,2,Regular
6665,108,4,967.35,3,4,4,Champions
6666,112,3,1038.15,3,4,4,Champions
6667,134,2,469.27,3,3,3,Champions
6669,5,1,105.49,4,2,1,New / Promising
6671,40,1,471.6,4,2,3,New / Promising
6672,109,1,86.13,3,2,1,New / Promising
6673,8,4,680.7,4,4,3,Champions
6674,457,2,375.76,1,3,3,At Risk (Valuable)
6676,91,1,427.48,3,2,3,New / Promising
6678,248,2,282.1,2,3,2,Regular
6679,96,4,1860.66,3,4,4,Champions
6680,62,3,443.37,3,4,3,Champions
6682,560,1,933.31,1,2,4,Lost / Hibernating
6684,70,1,153.69,3,2,2,New / Promising
6685,9,3,563.6,4,4,3,Champions
6686,1,4,959.79,4,4,4,Champions
6687,614,2,136.89,1,3,1,Regular
6688,494,1,1101.07,1,2,4,Lost / Hibernating
6689,718,1,107.08,1,2,1,Lost / Hibernating
6690,552,1,91.07,1,2,1,Lost / Hibernating
6691,283,3,593.83,2,4,3,At Risk (Valuable)
6692,4,1,72.35,4,2,1,New / Promising
6694,5,1,17.33,4,2,1,New / Promising
6695,224,1,308.54,2,2,2,Lost / Hibernating
6696,133,1,201.8,3,2,2,New / Promising
6698,472,1,87.66,1,2,1,Lost / Hibernating
6700,21,2,730.25,4,3,4,Champions
6701,33,2,79.7,4,3,1,Regular
6702,225,2,177.55,2,3,2,Regular
6705,316,1,92.77,2,2,1,Lost / Hibernating
6706,576,1,745.66,1,2,4,Lost / Hibernating
6707,20,2,339.7,4,3,3,Champions
6708,294,1,295.96,2,2,2,Lost / Hibernating
6709,376,1,116.35,1,2,1,Lost / Hibernating
6710,39,2,582.18,4,3,3,Champions
6711,190,2,180.94,2,3,2,Regular
6712,470,2,1161.2,1,3,4,At Risk (Valuable)
6715,267,4,539.62,2,4,3,At Risk (Valuable)
6717,50,1,119.26,4,2,1,New / Promising
6720,99,2,252.68,3,3,2,Regular
6721,27,9,3366.62,4,4,4,Champions
6722,262,3,367.75,2,4,3,At Risk (Valuable)
6723,408,2,597.62,1,3,3,At Risk (Valuable)
6726,426,1,203.86,1,2,2,Lost / Hibernating
6727,198,3,1234.92,2,4,4,At Risk (Valuable)
6728,66,3,419.71,3,4,3,Champions
6729,141,3,410.8,3,4,3,Champions
6730,48,3,1672.74,4,4,4,Champions
6733,426,1,121.19,1,2,1,Lost / Hibernating
6734,513,1,277.5,1,2,2,Lost / Hibernating
6735,375,2,456.43,1,3,3,At Risk (Valuable)
6736,82,1,39.1,3,2,1,New / Promising
6737,154,1,320.49,3,2,2,New / Promising
6739,375,1,305.88,1,2,2,Lost / Hibernating
6740,25,1,112.17,4,2,1,New / Promising
6741,430,1,352.89,1,2,3,Lost / Hibernating
6742,242,1,560.27,2,2,3,Lost / Hibernating
6743,44,3,933.37,4,4,4,Champions
6744,633,1,576.38,1,2,3,Lost / Hibernating
6745,21,4,1054.37,4,4,4,Champions
6746,135,2,231.06,3,3,2,Regular
6747,68,1,123.81,3,2,1,New / Promising
6748,706,1,25.49,1,2,1,Lost / Hibernating
6749,85,3,388.27,3,4,3,Champions
6751,8,2,317.01,4,3,2,Regular
6754,3,3,539.8,4,4,3,Champions
6756,149,3,534.11,3,4,3,Champions
6757,603,1,550.08,1,2,3,Lost / Hibernating
6758,74,1,158.07,3,2,2,New / Promising
6759,109,2,180.62,3,3,2,Regular
6760,422,1,734.2,1,2,4,Lost / Hibernating
6761,522,1,48.34,1,2,1,Lost / Hibernating
6762,159,2,78.37,3,3,1,Regular
6763,77,1,67.73,3,2,1,New / Promising
6764,53,2,373.74,4,3,3,Champions
6765,52,3,623.08,4,4,3,Champions
6766,202,2,495.05,2,3,3,At Risk (Valuable)
6767,411,2,304.8,1,3,2,Regular
6768,101,1,109.52,3,2,1,New / Promising
6769,26,1,24.66,4,2,1,New / Promising
6770,105,1,69.89,3,2,1,New / Promising
6772,728,1,142.78,1,2,1,Lost / Hibernating
6775,487,1,123.16,1,2,1,Lost / Hibernating
6777,278,3,504.32,2,4,3,At Risk (Valuable)
6778,450,2,310.31,1,3,2,Regular
6779,6,4,467.42,4,4,3,Champions
6780,39,3,594.09,4,4,3,Champions
6781,124,2,467.77,3,3,3,Champions
6783,470,2,279.15,1,3,2,Regular
6784,2,2,141.21,4,3,1,Regular
6785,220,2,199.95,2,3,2,Regular
6787,241,1,40.86,2,2,1,Lost / Hibernating
6788,509,1,21.0,1,2,1,Lost / Hibernating
6789,43,1,268.26,4,2,2,New / Promising
6790,711,1,107.04,1,2,1,Lost / Hibernating
6791,415,1,307.49,1,2,2,Lost / Hibernating
6793,4,1,265.47,4,2,2,New / Promising
6794,132,1,300.02,3,2,2,New / Promising
6795,240,2,193.54,2,3,2,Regular
6796,163,1,72.68,3,2,1,New / Promising
6797,77,2,602.34,3,3,3,Champions
6802,21,3,1166.61,4,4,4,Champions
6804,386,1,59.71,1,2,1,Lost / Hibernating
6805,135,1,139.56,3,2,1,New / Promising
6808,139,3,568.59,3,4,3,Champions
6809,453,1,135.3,1,2,1,Lost / Hibernating
6810,474,2,117.64,1,3,1,Regular
6811,337,1,162.97,2,2,2,Lost / Hibernating
6812,89,5,695.05,3,4,4,Champions
6813,322,2,303.57,2,3,2,Regular
6815,138,2,806.27,3,3,4,Champions
6816,37,4,1252.26,4,4,4,Champions
6820,50,1,259.66,4,2,2,New / Promising
6822,213,1,1265.18,2,2,4,Lost / Hibernating
6823,66,3,894.16,3,4,4,Champions
6824,373,1,996.55,1,2,4,Lost / Hibernating
6825,49,2,129.1,4,3,1,Regular
6827,235,1,261.25,2,2,2,Lost / Hibernating
6828,138,1,72.45,3,2,1,New / Promising
6829,381,2,555.35,1,3,3,At Risk (Valuable)
6830,115,8,1652.42,3,4,4,Champions
6833,7,4,1237.63,4,4,4,Champions
6834,412,3,196.87,1,4,2,Regular
6835,445,2,504.39,1,3,3,At Risk (Valuable)
6837,130,6,655.74,3,4,3,Champions
6838,391,2,324.61,1,3,2,Regular
6839,404,1,204.1,1,2,2,Lost / Hibernating
6842,33,1,185.45,4,2,2,New / Promising
6843,122,2,207.32,3,3,2,Regular
6844,368,3,1570.46,2,4,4,At Risk (Valuable)
6845,425,1,158.16,1,2,2,Lost / Hibernating
6848,255,2,798.24,2,3,4,At Risk (Valuable)
6849,210,1,1297.55,2,2,4,Lost / Hibernating
6850,119,1,311.25,3,2,2,New / Promising
6851,378,2,256.56,1,3,2,Regular
6854,6,1,228.71,4,2,2,New / Promising
6857,239,1,101.64,2,2,1,Lost / Hibernating
6859,365,2,84.6,2,3,1,Regular
6862,415,1,315.94,1,2,2,Lost / Hibernating
6863,108,2,692.14,3,3,4,Champions
6865,359,1,53.43,2,2,1,Lost / Hibernating
6869,410,1,353.06,1,2,3,Lost / Hibernating
6870,48,3,730.02,4,4,4,Champions
6871,656,1,603.17,1,2,3,Lost / Hibernating
6874,415,1,76.56,1,2,1,Lost / Hibernating
6875,96,1,1099.31,3,2,4,New / Promising
6876,95,2,128.36,3,3,1,Regular
6877,16,3,125.03,4,4,1,Regular
6878,313,1,283.81,2,2,2,Lost / Hibernating
6879,507,1,282.5,1,2,2,Lost / Hibernating
6881,14,8,3814.07,4,4,4,Champions
6882,53,2,315.84,4,3,2,Regular
6883,446,2,646.25,1,3,3,At Risk (Valuable)
6885,163,2,285.89,3,3,2,Regular
6886,602,1,210.46,1,2,2,Lost / Hibernating
6887,184,1,586.64,2,2,3,Lost / Hibernating
6889,237,1,254.61,2,2,2,Lost / Hibernating
6890,648,2,165.17,1,3,2,Regular
6891,56,3,454.22,4,4,3,Champions
6892,2,3,758.79,4,4,4,Champions
6893,63,2,274.32,3,3,2,Regular
6896,54,4,762.16,4,4,4,Champions
6898,308,2,1180.62,2,3,4,At Risk (Valuable)
6899,348,2,228.65,2,3,2,Regular
6900,406,2,235.7,1,3,2,Regular
6902,68,1,51.01,3,2,1,New / Promising
6903,155,1,302.07,3,2,2,New / Promising
6904,2,3,847.09,4,4,4,Champions
6906,532,2,1060.76,1,3,4,At Risk (Valuable)
6907,31,3,155.46,4,4,2,Regular
6909,407,1,268.53,1,2,2,Lost / Hibernating
6910,123,2,220.41,3,3,2,Regular
6911,9,4,980.63,4,4,4,Champions
6912,163,3,172.75,3,4,2,Regular
6913,40,2,666.49,4,3,3,Champions
6914,58,3,93.64,3,4,1,Regular
6916,33,1,48.76,4,2,1,New / Promising
6917,363,2,748.75,2,3,4,At Risk (Valuable)
6918,140,1,1172.86,3,2,4,New / Promising
6921,47,9,2317.67,4,4,4,Champions
6923,6,2,571.3,4,3,3,Champions
6924,366,1,359.2,2,2,3,Lost / Hibernating
6926,552,1,150.93,1,2,2,Lost / Hibernating
6927,401,1,229.37,1,2,2,Lost / Hibernating
6928,37,3,1980.12,4,4,4,Champions
6931,7,2,458.81,4,3,3,Champions
6934,17,1,293.91,4,2,2,New / Promising
6935,317,1,148.54,2,2,2,Lost / Hibernating
6937,16,3,1321.34,4,4,4,Champions
6938,2,3,490.04,4,4,3,Champions
6939,105,1,241.89,3,2,2,New / Promising
6940,630,1,469.92,1,2,3,Lost / Hibernating
6941,359,2,175.82,2,3,2,Regular
6943,187,2,445.75,2,3,3,At Risk (Valuable)
6944,26,2,581.66,4,3,3,Champions
6946,225,2,157.91,2,3,2,Regular
6947,60,1,28.42,3,2,1,New / Promising
6948,46,2,889.84,4,3,4,Champions
6949,297,1,53.19,2,2,1,Lost / Hibernating
6951,540,1,506.48,1,2,3,Lost / Hibernating
6953,15,2,314.99,4,3,2,Regular
6954,212,4,1013.65,2,4,4,At Risk (Valuable)
6956,32,12,2950.53,4,4,4,Champions
6957,118,1,241.13,3,2,2,New / Promising
6960,167,3,1406.81,3,4,4,Champions
6961,45,2,879.19,4,3,4,Champions
6963,177,1,279.29,2,2,2,Lost / Hibernating
6964,119,2,878.01,3,3,4,Champions
6965,253,1,277.63,2,2,2,Lost / Hibernating
6967,244,2,281.72,2,3,2,Regular
6968,112,4,857.59,3,4,4,Champions
6969,262,3,601.18,2,4,3,At Risk (Valuable)
6971,188,1,216.6,2,2,2,Lost / Hibernating
6972,49,3,617.8,4,4,3,Champions
6974,352,3,301.28,2,4,2,Regular
6976,86,2,252.12,3,3,2,Regular
6977,252,5,1038.3,2,4,4,At Risk (Valuable)
6978,319,1,63.73,2,2,1,Lost / Hibernating
6979,325,1,69.07,2,2,1,Lost / Hibernating
6981,65,3,634.97,3,4,3,Champions
6983,108,1,157.83,3,2,2,New / Promising
6984,54,2,313.06,4,3,2,Regular
6985,2,2,1295.44,4,3,4,Champions
6986,569,1,79.52,1,2,1,Lost / Hibernating
6987,32,1,98.88,4,2,1,New / Promising
6990,251,1,161.58,2,2,2,Lost / Hibernating
6991,566,1,159.99,1,2,2,Lost / Hibernating
6992,452,1,465.3,1,2,3,Lost / Hibernating
6993,17,7,1752.49,4,4,4,Champions
6994,497,1,178.92,1,2,2,Lost / Hibernating
6995,29,1,65.25,4,2,1,New / Promising
6999,19,5,1242.0,4,4,4,Champions
7000,324,2,245.28,2,3,2,Regular
7001,420,2,596.91,1,3,3,At Risk (Valuable)
7003,343,2,444.0,2,3,3,At Risk (Valuable)
7004,201,1,51.03,2,2,1,Lost / Hibernating
7005,31,3,1245.67,4,4,4,Champions
7006,506,3,960.0,1,4,4,At Risk (Valuable)
7007,321,1,34.96,2,2,1,Lost / Hibernating
7008,476,1,104.42,1,2,1,Lost / Hibernating
7009,9,5,3155.25,4,4,4,Champions
7011,465,2,199.33,1,3,2,Regular
7012,484,1,354.36,1,2,3,Lost / Hibernating
7013,157,1,149.63,3,2,2,New / Promising
7014,53,5,1857.32,4,4,4,Champions
7015,392,2,282.06,1,3,2,Regular
7016,13,2,173.29,4,3,2,Regular
7017,2,3,920.91,4,4,4,Champions
7019,34,2,318.68,4,3,2,Regular
7020,646,1,10.96,1,2,1,Lost / Hibernating
7022,20,3,641.03,4,4,3,Champions
7023,51,1,32.09,4,2,1,New / Promising
7024,80,1,195.74,3,2,2,New / Promising
7025,272,1,206.31,2,2,2,Lost / Hibernating
7028,187,2,416.01,2,3,3,At Risk (Valuable)
7029,365,3,420.42,2,4,3,At Risk (Valuable)
7030,2,3,1145.36,4,4,4,Champions
7031,154,2,406.98,3,3,3,Champions
7032,68,5,1182.27,3,4,4,Champions
7034,87,2,275.15,3,3,2,Regular
7035,426,2,107.4,1,3,1,Regular
7036,412,2,74.53,1,3,1,Regular
7037,292,2,453.16,2,3,3,At Risk (Valuable)
7039,61,3,370.43,3,4,3,Champions
7040,85,2,366.11,3,3,3,Champions
7041,56,3,1017.66,4,4,4,Champions
7042,136,2,378.19,3,3,3,Champions
7043,59,2,706.86,3,3,4,Champions
7045,52,11,2849.84,4,4,4,Champions
7046,254,3,243.37,2,4,2,Regular
7049,291,1,261.96,2,2,2,Lost / Hibernating
7050,24,3,435.59,4,4,3,Champions
7051,259,1,221.27,2,2,2,Lost / Hibernating
7052,46,3,616.47,4,4,3,Champions
7053,36,2,393.95,4,3,3,Champions
7054,16,3,275.03,4,4,2,Regular
7055,156,2,80.22,3,3,1,Regular
7056,25,3,406.13,4,4,3,Champions
7057,18,3,631.42,4,4,3,Champions
7058,149,1,116.77,3,2,1,New / Promising
7060,203,6,2847.65,2,4,4,At Risk (Valuable)
7061,284,1,76.96,2,2,1,Lost / Hibernating
7063,60,1,221.63,3,2,2,New / Promising
7064,255,3,370.25,2,4,3,At Risk (Valuable)
7065,552,1,74.95,1,2,1,Lost / Hibernating
7066,166,4,1251.43,3,4,4,Champions
7068,47,3,529.3,4,4,3,Champions
7071,2,1,33.67,4,2,1,New / Promising
7072,117,3,972.85,3,4,4,Champions
7075,134,2,362.6,3,3,3,Champions
7077,281,3,834.9,2,4,4,At Risk (Valuable)
7078,88,3,2413.0,3,4,4,Champions
7079,84,2,155.68,3,3,2,Regular
7080,63,2,759.59,3,3,4,Champions
7081,485,2,160.26,1,3,2,Regular
7083,541,1,165.43,1,2,2,Lost / Hibernating
7084,286,1,52.28,2,2,1,Lost / Hibernating
7085,629,1,67.63,1,2,1,Lost / Hibernating
7086,156,1,275.34,3,2,2,New / Promising
7087,158,2,1486.56,3,3,4,Champions
7089,160,4,691.49,3,4,4,Champions
7090,7,2,74.64,4,3,1,Regular
7091,433,1,160.17,1,2,2,Lost / Hibernating
7092,29,5,2020.56,4,4,4,Champions
7096,67,2,681.3,3,3,3,Champions
7097,414,2,396.51,1,3,3,At Risk (Valuable)
7098,82,2,606.97,3,3,3,Champions
7099,102,1,57.1,3,2,1,New / Promising
7100,49,2,137.09,4,3,1,Regular
7101,541,1,319.95,1,2,2,Lost / Hibernating
7103,40,6,911.47,4,4,4,Champions
7106,699,1,43.55,1,2,1,Lost / Hibernating
7109,43,5,1552.29,4,4,4,Champions
7110,105,3,282.66,3,4,2,Regular
7112,438,2,544.17,1,3,3,At Risk (Valuable)
7113,244,2,385.78,2,3,3,At Risk (Valuable)
7114,32,1,295.86,4,2,2,New / Promising
7115,440,1,163.54,1,2,2,Lost / Hibernating
7117,169,7,2371.23,3,4,4,Champions
7118,2,3,1009.72,4,4,4,Champions
7119,638,1,25.0,1,2,1,Lost / Hibernating
7121,256,3,1022.47,2,4,4,At Risk (Valuable)
7122,404,2,416.52,1,3,3,At Risk (Valuable)
7125,117,2,183.69,3,3,2,Regular
7126,249,3,1357.08,2,4,4,At Risk (Valuable)
7127,71,2,79.45,3,3,1,Regular
7128,605,1,69.54,1,2,1,Lost / Hibernating
7130,159,4,634.12,3,4,3,Champions
7132,86,4,676.24,3,4,3,Champions
7133,167,1,42.96,3,2,1,New / Promising
7135,14,1,69.09,4,2,1,New / Promising
7137,24,2,898.39,4,3,4,Champions
7138,475,1,368.27,1,2,3,Lost / Hibernating
7139,116,2,205.34,3,3,2,Regular
7140,154,2,924.54,3,3,4,Champions
7141,309,1,17.02,2,2,1,Lost / Hibernating
7142,184,3,125.45,2,4,1,Regular
7143,106,2,125.61,3,3,1,Regular
7144,31,1,220.26,4,2,2,New / Promising
7145,44,5,881.73,4,4,4,Champions
7146,155,1,109.31,3,2,1,New / Promising
7147,23,1,290.22,4,2,2,New / Promising
7149,320,1,165.82,2,2,2,Lost / Hibernating
7150,568,1,26.38,1,2,1,Lost / Hibernating
7151,369,2,1291.31,2,3,4,At Risk (Valuable)
7153,606,1,113.16,1,2,1,Lost / Hibernating
7156,24,1,191.65,4,2,2,New / Promising
7157,204,3,497.33,2,4,3,At Risk (Valuable)
7158,38,2,364.98,4,3,3,Champions
7159,587,1,141.21,1,2,1,Lost / Hibernating
7160,198,3,907.59,2,4,4,At Risk (Valuable)
7161,58,2,92.59,3,3,1,Regular
7163,99,1,167.58,3,2,2,New / Promising
7164,62,1,10.31,3,2,1,New / Promising
7166,563,1,146.35,1,2,1,Lost / Hibernating
7167,169,3,564.87,3,4,3,Champions
7168,120,1,163.95,3,2,2,New / Promising
7169,400,2,747.0,1,3,4,At Risk (Valuable)
7170,290,2,324.5,2,3,2,Regular
7171,225,1,322.6,2,2,2,Lost / Hibernating
7175,41,1,46.67,4,2,1,New / Promising
7177,72,4,962.98,3,4,4,Champions
7178,88,3,647.36,3,4,3,Champions
7180,34,5,2419.23,4,4,4,Champions
7181,380,1,30.02,1,2,1,Lost / Hibernating
7182,236,6,1121.74,2,4,4,At Risk (Valuable)
7184,302,2,346.18,2,3,3,At Risk (Valuable)
7185,346,1,234.83,2,2,2,Lost / Hibernating
7188,540,2,182.08,1,3,2,Regular
7189,380,2,604.64,1,3,3,At Risk (Valuable)
7191,16,3,883.39,4,4,4,Champions
7192,24,1,198.42,4,2,2,New / Promising
7193,150,3,448.28,3,4,3,Champions
7194,377,2,897.1,1,3,4,At Risk (Valuable)
7198,599,1,287.11,1,2,2,Lost / Hibernating
7199,122,2,624.04,3,3,3,Champions
7200,191,1,35.71,2,2,1,Lost / Hibernating
7201,410,2,318.56,1,3,2,Regular
7203,292,2,139.35,2,3,1,Regular
7204,527,1,17.79,1,2,1,Lost / Hibernating
7205,375,1,154.02,1,2,2,Lost / Hibernating
7206,324,2,125.45,2,3,1,Regular
7209,54,4,806.02,4,4,4,Champions
7210,104,2,435.99,3,3,3,Champions
7212,463,2,209.88,1,3,2,Regular
7213,524,1,149.44,1,2,2,Lost / Hibernating
7214,53,3,469.95,4,4,3,Champions
7215,7,1,353.08,4,2,3,New / Promising
7216,46,1,507.35,4,2,3,New / Promising
7217,591,1,267.18,1,2,2,Lost / Hibernating
7218,10,4,864.46,4,4,4,Champions
7220,264,1,190.07,2,2,2,Lost / Hibernating
7221,60,1,54.45,3,2,1,New / Promising
7222,516,1,129.12,1,2,1,Lost / Hibernating
7224,105,3,382.45,3,4,3,Champions
7226,376,1,189.71,1,2,2,Lost / Hibernating
7227,677,1,34.33,1,2,1,Lost / Hibernating
7229,83,3,2747.45,3,4,4,Champions
7230,62,1,96.09,3,2,1,New / Promising
7231,488,1,171.92,1,2,2,Lost / Hibernating
7233,362,3,232.25,2,4,2,Regular
7234,407,1,196.31,1,2,2,Lost / Hibernating
7235,8,2,322.66,4,3,2,Regular
7236,419,1,44.86,1,2,1,Lost / Hibernating
7238,145,3,691.91,3,4,4,Champions
7239,7,1,419.45,4,2,3,New / Promising
7241,344,1,126.94,2,2,1,Lost / Hibernating
7243,107,2,312.09,3,3,2,Regular
7245,544,1,558.05,1,2,3,Lost / Hibernating
7247,562,1,179.35,1,2,2,Lost / Hibernating
7248,224,2,237.49,2,3,2,Regular
7250,187,2,441.36,2,3,3,At Risk (Valuable)
7253,157,1,120.06,3,2,1,New / Promising
7255,12,1,334.97,4,2,3,New / Promising
7256,145,1,103.27,3,2,1,New / Promising
7257,611,1,194.84,1,2,2,Lost / Hibernating
7258,145,1,282.26,3,2,2,New / Promising
7259,10,1,151.27,4,2,2,New / Promising
7260,539,2,662.07,1,3,3,At Risk (Valuable)
7261,178,1,441.09,2,2,3,Lost / Hibernating
7262,431,1,42.95,1,2,1,Lost / Hibernating
7263,70,2,762.73,3,3,4,Champions
7264,109,4,499.83,3,4,3,Champions
7265,627,1,13.31,1,2,1,Lost / Hibernating
7267,242,1,34.94,2,2,1,Lost / Hibernating
7268,2,3,385.87,4,4,3,Champions
7269,101,1,684.58,3,2,4,New / Promising
7270,490,1,481.16,1,2,3,Lost / Hibernating
7272,24,2,98.71,4,3,1,Regular
7274,539,1,1073.45,1,2,4,Lost / Hibernating
7275,387,2,1107.37,1,3,4,At Risk (Valuable)
7278,58,1,138.29,3,2,1,New / Promising
7280,19,3,992.29,4,4,4,Champions
7281,309,1,25.25,2,2,1,Lost / Hibernating
7282,150,3,880.63,3,4,4,Champions
7283,550,2,235.01,1,3,2,Regular
7284,298,1,627.2,2,2,3,Lost / Hibernating
7285,611,2,710.74,1,3,4,At Risk (Valuable)
7286,387,1,484.35,1,2,3,Lost / Hibernating
7287,175,1,49.09,2,2,1,Lost / Hibernating
7288,117,3,2347.22,3,4,4,Champions
7289,698,1,33.7,1,2,1,Lost / Hibernating
7290,153,4,1045.95,3,4,4,Champions
7292,92,1,252.43,3,2,2,New / Promising
7294,257,2,884.82,2,3,4,At Risk (Valuable)
7295,11,5,1922.57,4,4,4,Champions
7296,52,3,469.6,4,4,3,Champions
7297,590,1,651.15,1,2,3,Lost / Hibernating
7299,104,2,792.24,3,3,4,Champions
7300,40,1,173.05,4,2,2,New / Promising
7301,47,2,813.64,4,3,4,Champions
7302,286,2,233.07,2,3,2,Regular
7303,229,1,370.44,2,2,3,Lost / Hibernating
7304,177,1,24.68,2,2,1,Lost / Hibernating
7305,99,1,32.89,3,2,1,New / Promising
7306,19,2,798.38,4,3,4,Champions
7307,8,4,698.41,4,4,4,Champions
7309,12,2,298.7,4,3,2,Regular
7312,1,3,390.22,4,4,3,Champions
7313,349,1,249.9,2,2,2,Lost / Hibernating
7314,60,4,558.58,3,4,3,Champions
7315,175,1,553.95,2,2,3,Lost / Hibernating
7316,324,1,1352.5,2,2,4,Lost / Hibernating
7317,79,3,427.3,3,4,3,Champions
7318,123,2,201.91,3,3,2,Regular
7319,649,1,12.87,1,2,1,Lost / Hibernating
7320,12,2,1343.91,4,3,4,Champions
7323,449,3,652.95,1,4,3,At Risk (Valuable)
7324,426,1,377.8,1,2,3,Lost / Hibernating
7325,38,1,43.67,4,2,1,New / Promising
7327,510,1,105.52,1,2,1,Lost / Hibernating
7331,92,4,263.61,3,4,2,Regular
7332,496,1,23.61,1,2,1,Lost / Hibernating
7333,12,7,1853.25,4,4,4,Champions
7334,323,2,498.41,2,3,3,At Risk (Valuable)
7335,324,2,65.41,2,3,1,Regular
7338,173,3,752.43,3,4,4,Champions
7339,548,1,344.45,1,2,3,Lost / Hibernating
7340,55,2,705.8,4,3,4,Champions
7341,26,1,24.6,4,2,1,New / Promising
7347,120,2,205.11,3,3,2,Regular
7348,581,1,114.49,1,2,1,Lost / Hibernating
7349,170,2,606.67,3,3,3,Champions
7350,707,1,337.07,1,2,3,Lost / Hibernating
7351,46,3,414.22,4,4,3,Champions
7352,202,1,542.09,2,2,3,Lost / Hibernating
7353,212,1,54.75,2,2,1,Lost / Hibernating
7354,218,1,488.91,2,2,3,Lost / Hibernating
7355,681,1,447.04,1,2,3,Lost / Hibernating
7356,296,3,250.01,2,4,2,Regular
7357,211,5,1057.32,2,4,4,At Risk (Valuable)
7358,256,1,80.19,2,2,1,Lost / Hibernating
7360,24,3,1315.65,4,4,4,Champions
7362,32,2,684.14,4,3,4,Champions
7364,383,1,386.41,1,2,3,Lost / Hibernating
7366,224,1,2397.92,2,2,4,Lost / Hibernating
7367,677,1,38.77,1,2,1,Lost / Hibernating
7368,35,4,571.71,4,4,3,Champions
7370,227,4,1556.62,2,4,4,At Risk (Valuable)
7373,483,2,312.72,1,3,2,Regular
7374,485,2,886.93,1,3,4,At Risk (Valuable)
7375,408,1,599.74,1,2,3,Lost / Hibernating
7376,52,3,592.07,4,4,3,Champions
7378,85,2,137.09,3,3,1,Regular
7379,625,1,295.9,1,2,2,Lost / Hibernating
7380,19,4,740.4,4,4,4,Champions
7381,465,2,604.43,1,3,3,At Risk (Valuable)
7383,241,1,182.91,2,2,2,Lost / Hibernating
7384,55,3,791.67,4,4,4,Champions
7385,354,1,1591.8,2,2,4,Lost / Hibernating
7386,554,2,373.86,1,3,3,At Risk (Valuable)
7388,351,2,377.91,2,3,3,At Risk (Valuable)
7389,234,4,313.44,2,4,2,Regular
7390,78,2,590.35,3,3,3,Champions
7391,93,1,250.8,3,2,2,New / Promising
7392,393,2,305.9,1,3,2,Regular
7393,157,2,1069.15,3,3,4,Champions
7394,504,2,856.97,1,3,4,At Risk (Valuable)
7399,627,1,224.6,1,2,2,Lost / Hibernating
7401,127,1,30.8,3,2,1,New / Promising
7402,412,1,448.24,1,2,3,Lost / Hibernating
7403,397,1,254.84,1,2,2,Lost / Hibernating
7404,577,1,84.48,1,2,1,Lost / Hibernating
7405,513,1,23.58,1,2,1,Lost / Hibernating
7406,102,2,712.64,3,3,4,Champions
7407,364,1,145.57,2,2,1,Lost / Hibernating
7408,652,1,610.2,1,2,3,Lost / Hibernating
7410,596,1,137.77,1,2,1,Lost / Hibernating
7411,331,2,501.08,2,3,3,At Risk (Valuable)
7412,77,3,732.38,3,4,4,Champions
7414,538,1,509.71,1,2,3,Lost / Hibernating
7415,596,1,137.06,1,2,1,Lost / Hibernating
7416,627,1,222.59,1,2,2,Lost / Hibernating
7418,378,2,1281.86,1,3,4,At Risk (Valuable)
7420,55,1,197.49,4,2,2,New / Promising
7421,71,3,191.71,3,4,2,Regular
7422,474,2,704.91,1,3,4,At Risk (Valuable)
7423,44,1,73.15,4,2,1,New / Promising
7425,137,1,53.34,3,2,1,New / Promising
7426,12,1,83.03,4,2,1,New / Promising
7428,446,1,127.34,1,2,1,Lost / Hibernating
7429,641,1,131.41,1,2,1,Lost / Hibernating
7432,408,1,155.75,1,2,2,Lost / Hibernating
7433,366,1,602.23,2,2,3,Lost / Hibernating
7434,49,5,854.79,4,4,4,Champions
7435,599,1,770.21,1,2,4,Lost / Hibernating
7437,123,5,1195.45,3,4,4,Champions
7438,97,1,369.79,3,2,3,New / Promising
7440,37,2,189.18,4,3,2,Regular
7441,397,3,558.81,1,4,3,At Risk (Valuable)
7445,150,3,678.38,3,4,3,Champions
7447,115,3,1041.02,3,4,4,Champions
7448,362,1,287.91,2,2,2,Lost / Hibernating
7449,3,6,2627.89,4,4,4,Champions
7451,613,1,189.87,1,2,2,Lost / Hibernating
7452,9,5,2176.64,4,4,4,Champions
7453,352,1,91.14,2,2,1,Lost / Hibernating
7454,439,1,104.05,1,2,1,Lost / Hibernating
7457,517,1,73.86,1,2,1,Lost / Hibernating
7458,10,3,496.99,4,4,3,Champions
7459,367,1,172.85,2,2,2,Lost / Hibernating
7461,7,3,421.85,4,4,3,Champions
7462,6,8,3679.51,4,4,4,Champions
7465,263,1,94.56,2,2,1,Lost / Hibernating
7466,54,3,3446.81,4,4,4,Champions
7467,159,3,637.22,3,4,3,Champions
7468,7,4,1383.98,4,4,4,Champions
7469,7,5,2575.14,4,4,4,Champions
7470,111,5,937.49,3,4,4,Champions
7471,24,3,2615.97,4,4,4,Champions
7473,39,4,1317.16,4,4,4,Champions
7475,77,1,16.37,3,2,1,New / Promising
7477,148,1,638.97,3,2,3,New / Promising
7479,119,2,117.18,3,3,1,Regular
7481,408,1,85.35,1,2,1,Lost / Hibernating
7484,39,2,335.56,4,3,3,Champions
7485,114,3,111.03,3,4,1,Regular
7488,95,1,681.38,3,2,3,New / Promising
7491,70,2,47.22,3,3,1,Regular
7492,4,12,2417.67,4,4,4,Champions
7494,16,4,1540.37,4,4,4,Champions
7496,164,3,381.48,3,4,3,Champions
7497,550,1,89.16,1,2,1,Lost / Hibernating
7498,246,2,223.72,2,3,2,Regular
7499,186,3,336.62,2,4,3,At Risk (Valuable)
7501,82,1,333.32,3,2,2,New / Promising
7503,56,2,471.04,4,3,3,Champions
7505,215,1,180.86,2,2,2,Lost / Hibernating
7506,582,1,210.36,1,2,2,Lost / Hibernating
7507,298,5,678.45,2,4,3,At Risk (Valuable)
7508,172,2,648.67,3,3,3,Champions
7510,207,1,277.69,2,2,2,Lost / Hibernating
7511,299,2,1584.5,2,3,4,At Risk (Valuable)
7512,165,1,279.5,3,2,2,New / Promising
7513,461,1,81.56,1,2,1,Lost / Hibernating
7515,82,3,1418.1,3,4,4,Champions
7517,13,2,195.0,4,3,2,Regular
7518,13,1,988.56,4,2,4,New / Promising
7519,225,2,158.61,2,3,2,Regular
7521,36,2,367.28,4,3,3,Champions
7523,78,5,710.75,3,4,4,Champions
7524,59,2,370.88,3,3,3,Champions
7525,34,2,306.07,4,3,2,Regular
7527,418,1,160.68,1,2,2,Lost / Hibernating
7528,145,1,385.88,3,2,3,New / Promising
7529,142,2,204.22,3,3,2,Regular
7530,394,2,93.92,1,3,1,Regular
7531,33,1,40.7,4,2,1,New / Promising
7532,60,3,772.32,3,4,4,Champions
7534,28,2,780.37,4,3,4,Champions
7535,358,1,235.08,2,2,2,Lost / Hibernating
7537,308,2,300.45,2,3,2,Regular
7538,700,1,144.43,1,2,1,Lost / Hibernating
7540,14,3,504.2,4,4,3,Champions
7541,494,2,531.68,1,3,3,At Risk (Valuable)
7542,298,2,290.27,2,3,2,Regular
7547,71,2,234.05,3,3,2,Regular
7548,464,1,332.38,1,2,2,Lost / Hibernating
7550,403,1,59.91,1,2,1,Lost / Hibernating
7551,316,1,285.5,2,2,2,Lost / Hibernating
7552,539,1,1194.14,1,2,4,Lost / Hibernating
7557,351,1,122.06,2,2,1,Lost / Hibernating
7558,179,1,60.24,2,2,1,Lost / Hibernating
7562,315,2,170.73,2,3,2,Regular
7563,157,1,206.77,3,2,2,New / Promising
7564,166,1,128.46,3,2,1,New / Promising
7566,272,1,272.86,2,2,2,Lost / Hibernating
7567,52,5,1102.67,4,4,4,Champions
7568,507,3,1278.89,1,4,4,At Risk (Valuable)
7569,284,2,866.38,2,3,4,At Risk (Valuable)
7570,90,3,512.82,3,4,3,Champions
7572,46,2,197.2,4,3,2,Regular
7573,339,3,1942.11,2,4,4,At Risk (Valuable)
7574,42,2,204.78,4,3,2,Regular
7576,208,1,169.96,2,2,2,Lost / Hibernating
7578,66,1,91.35,3,2,1,New / Promising
7579,98,2,285.7,3,3,2,Regular
7580,54,3,877.55,4,4,4,Champions
7581,118,1,80.22,3,2,1,New / Promising
7582,15,1,22.7,4,2,1,New / Promising
7583,111,4,1922.24,3,4,4,Champions
7584,58,3,675.77,3,4,3,Champions
7586,17,3,1980.12,4,4,4,Champions
7588,75,3,726.11,3,4,4,Champions
7589,24,1,841.74,4,2,4,New / Promising
7590,188,1,382.77,2,2,3,Lost / Hibernating
7591,15,1,107.2,4,2,1,New / Promising
7592,416,1,16.37,1,2,1,Lost / Hibernating
7593,80,2,1039.4,3,3,4,Champions
7594,625,1,45.53,1,2,1,Lost / Hibernating
7596,251,2,100.81,2,3,1,Regular
7600,268,3,989.62,2,4,4,At Risk (Valuable)
7601,590,1,435.18,1,2,3,Lost / Hibernating
7602,18,6,2667.07,4,4,4,Champions
7604,324,1,450.38,2,2,3,Lost / Hibernating
7605,43,3,2264.04,4,4,4,Champions
7606,173,2,198.15,3,3,2,Regular
7607,14,9,1276.8,4,4,4,Champions
7608,459,2,209.54,1,3,2,Regular
7610,5,2,376.84,4,3,3,Champions
7611,11,6,2705.83,4,4,4,Champions
7612,29,1,256.57,4,2,2,New / Promising
7613,228,1,350.28,2,2,3,Lost / Hibernating
7614,11,2,372.65,4,3,3,Champions
7615,334,3,657.05,2,4,3,At Risk (Valuable)
7616,305,2,739.28,2,3,4,At Risk (Valuable)
7617,712,1,180.77,1,2,2,Lost / Hibernating
7622,21,2,425.22,4,3,3,Champions
7623,666,1,146.05,1,2,1,Lost / Hibernating
7625,425,1,205.54,1,2,2,Lost / Hibernating
7627,83,2,280.54,3,3,2,Regular
7628,662,1,83.84,1,2,1,Lost / Hibernating
7629,527,1,108.75,1,2,1,Lost / Hibernating
7630,350,2,180.76,2,3,2,Regular
7631,20,2,389.89,4,3,3,Champions
7632,382,1,42.06,1,2,1,Lost / Hibernating
7634,275,1,45.08,2,2,1,Lost / Hibernating
7639,24,2,404.5,4,3,3,Champions
7641,125,3,809.14,3,4,4,Champions
7642,388,1,97.22,1,2,1,Lost / Hibernating
7644,255,1,298.64,2,2,2,Lost / Hibernating
7645,271,3,603.43,2,4,3,At Risk (Valuable)
7646,132,3,452.9,3,4,3,Champions
7647,609,1,103.42,1,2,1,Lost / Hibernating
7648,35,2,845.32,4,3,4,Champions
7649,351,1,440.76,2,2,3,Lost / Hibernating
7650,439,1,100.08,1,2,1,Lost / Hibernating
7651,77,1,68.98,3,2,1,New / Promising
7652,345,2,482.19,2,3,3,At Risk (Valuable)
7654,234,2,512.92,2,3,3,At Risk (Valuable)
7656,74,1,29.06,3,2,1,New / Promising
7658,280,1,95.15,2,2,1,Lost / Hibernating
7659,73,2,161.27,3,3,2,Regular
7660,210,1,705.49,2,2,4,Lost / Hibernating
7661,390,1,355.7,1,2,3,Lost / Hibernating
7664,482,3,613.01,1,4,3,At Risk (Valuable)
7667,176,3,545.71,2,4,3,At Risk (Valuable)
7668,691,1,123.07,1,2,1,Lost / Hibernating
7669,48,3,1769.68,4,4,4,Champions
7670,14,2,209.16,4,3,2,Regular
7671,104,2,724.99,3,3,4,Champions
7672,559,2,282.83,1,3,2,Regular
7673,270,1,524.3,2,2,3,Lost / Hibernating
7674,68,5,1355.6,3,4,4,Champions
7675,42,2,792.43,4,3,4,Champions
7676,339,3,924.5,2,4,4,At Risk (Valuable)
7679,51,2,126.41,4,3,1,Regular
7680,96,5,580.35,3,4,3,Champions
7681,112,2,147.57,3,3,2,Regular
7686,10,3,732.95,4,4,4,Champions
7687,102,4,1973.62,3,4,4,Champions
7688,186,1,309.34,2,2,2,Lost / Hibernating
7690,710,1,186.53,1,2,2,Lost / Hibernating
7691,521,1,390.96,1,2,3,Lost / Hibernating
7694,14,2,418.1,4,3,3,Champions
7695,243,1,357.27,2,2,3,Lost / Hibernating
7696,408,3,218.09,1,4,2,Regular
7697,63,1,156.84,3,2,2,New / Promising
7698,704,1,32.43,1,2,1,Lost / Hibernating
7700,127,2,600.37,3,3,3,Champions
7704,4,5,515.7,4,4,3,Champions
7705,90,1,100.0,3,2,1,New / Promising
7706,329,3,818.26,2,4,4,At Risk (Valuable)
7707,10,1,228.66,4,2,2,New / Promising
7708,149,2,536.63,3,3,3,Champions
7710,152,3,2910.94,3,4,4,Champions
7711,185,2,311.76,2,3,2,Regular
7712,610,1,293.21,1,2,2,Lost / Hibernating
7714,40,1,134.36,4,2,1,New / Promising
7715,255,1,54.55,2,2,1,Lost / Hibernating
7716,395,1,1473.6,1,2,4,Lost / Hibernating
7717,10,5,1216.93,4,4,4,Champions
7718,275,1,179.93,2,2,2,Lost / Hibernating
7719,281,1,73.83,2,2,1,Lost / Hibernating
7720,253,2,139.98,2,3,1,Regular
7721,66,4,699.9,3,4,4,Champions
7722,446,1,18.43,1,2,1,Lost / Hibernating
7724,333,1,414.78,2,2,3,Lost / Hibernating
7726,57,2,233.44,3,3,2,Regular
7728,651,1,297.61,1,2,2,Lost / Hibernating
7730,479,1,40.32,1,2,1,Lost / Hibernating
7732,26,3,388.36,4,4,3,Champions
7733,165,2,91.54,3,3,1,Regular
7734,44,8,2041.62,4,4,4,Champions
7735,236,1,63.08,2,2,1,Lost / Hibernating
7736,78,2,734.97,3,3,4,Champions
7737,383,3,539.71,1,4,3,At Risk (Valuable)
7738,49,2,321.15,4,3,2,Regular
7740,393,1,11.84,1,2,1,Lost / Hibernating
7741,50,1,194.99,4,2,2,New / Promising
7743,31,2,567.46,4,3,3,Champions
7745,29,5,484.37,4,4,3,Champions
7746,40,2,272.52,4,3,2,Regular
7748,210,3,245.1,2,4,2,Regular
7749,600,1,48.88,1,2,1,Lost / Hibernating
7750,375,1,324.85,1,2,2,Lost / Hibernating
7751,456,1,34.23,1,2,1,Lost / Hibernating
7752,91,3,604.14,3,4,3,Champions
7755,35,1,97.61,4,2,1,New / Promising
7756,128,3,409.75,3,4,3,Champions
7757,377,1,303.08,1,2,2,Lost / Hibernating
7759,217,1,205.92,2,2,2,Lost / Hibernating
7760,369,1,669.15,2,2,3,Lost / Hibernating
7761,135,3,219.41,3,4,2,Regular
7763,169,2,314.95,3,3,2,Regular
7765,13,3,1083.46,4,4,4,Champions
7768,20,2,271.26,4,3,2,Regular
7772,52,1,68.53,4,2,1,New / Promising
7773,399,1,85.79,1,2,1,Lost / Hibernating
7774,518,1,243.62,1,2,2,Lost / Hibernating
7775,1,5,939.2,4,4,4,Champions
7776,513,2,650.37,1,3,3,At Risk (Valuable)
7777,446,2,979.71,1,3,4,At Risk (Valuable)
7778,39,4,1688.54,4,4,4,Champions
7780,441,2,1091.42,1,3,4,At Risk (Valuable)
7784,503,1,860.81,1,2,4,Lost / Hibernating
7785,302,1,556.18,2,2,3,Lost / Hibernating
7787,45,6,2216.82,4,4,4,Champions
7788,192,4,1609.35,2,4,4,At Risk (Valuable)
7789,210,2,398.54,2,3,3,At Risk (Valuable)
7790,586,1,50.19,1,2,1,Lost / Hibernating
7791,475,1,147.81,1,2,2,Lost / Hibernating
7793,29,6,1640.5,4,4,4,Champions
7799,419,2,933.69,1,3,4,At Risk (Valuable)
7800,487,1,115.02,1,2,1,Lost / Hibernating
7801,30,4,1036.21,4,4,4,Champions
7802,153,2,465.12,3,3,3,Champions
7803,345,1,203.82,2,2,2,Lost / Hibernating
7804,7,3,471.97,4,4,3,Champions
7805,686,1,415.88,1,2,3,Lost / Hibernating
7806,477,1,17.08,1,2,1,Lost / Hibernating
7808,309,3,277.44,2,4,2,Regular
7809,142,1,205.64,3,2,2,New / Promising
7810,236,3,812.54,2,4,4,At Risk (Valuable)
7814,509,1,72.78,1,2,1,Lost / Hibernating
7815,625,2,816.62,1,3,4,At Risk (Valuable)
7816,165,1,219.81,3,2,2,New / Promising
7817,89,2,264.13,3,3,2,Regular
7818,27,3,977.6,4,4,4,Champions
7819,586,2,728.44,1,3,4,At Risk (Valuable)
7820,65,2,863.5,3,3,4,Champions
7821,628,1,84.88,1,2,1,Lost / Hibernating
7823,9,3,789.8,4,4,4,Champions
7825,207,3,362.06,2,4,3,At Risk (Valuable)
7827,14,2,462.49,4,3,3,Champions
7828,92,3,1621.83,3,4,4,Champions
7829,219,1,76.31,2,2,1,Lost / Hibernating
7830,168,4,1606.72,3,4,4,Champions
7831,32,3,809.26,4,4,4,Champions
7832,252,1,291.73,2,2,2,Lost / Hibernating
7833,294,1,165.53,2,2,2,Lost / Hibernating
7835,278,4,1972.83,2,4,4,At Risk (Valuable)
7836,93,1,58.26,3,2,1,New / Promising
7837,705,1,129.34,1,2,1,Lost / Hibernating
7840,109,4,636.54,3,4,3,Champions
7841,381,1,73.73,1,2,1,Lost / Hibernating
7842,153,3,232.18,3,4,2,Regular
7843,38,1,34.14,4,2,1,New / Promising
7844,533,2,443.55,1,3,3,At Risk (Valuable)
7845,99,2,191.08,3,3,2,Regular
7846,725,1,1764.68,1,2,4,Lost / Hibernating
7849,190,2,322.21,2,3,2,Regular
7850,70,5,1715.02,3,4,4,Champions
7852,639,1,42.75,1,2,1,Lost / Hibernating
7854,111,3,455.76,3,4,3,Champions
7855,142,1,58.83,3,2,1,New / Promising
7856,87,1,118.32,3,2,1,New / Promising
7857,367,1,87.29,2,2,1,Lost / Hibernating
7858,55,2,1151.36,4,3,4,Champions
7859,186,1,295.83,2,2,2,Lost / Hibernating
7860,171,1,1187.54,3,2,4,New / Promising
7861,92,4,1254.94,3,4,4,Champions
7862,159,2,430.14,3,3,3,Champions
7864,88,2,1197.14,3,3,4,Champions
7865,96,2,682.29,3,3,3,Champions
7866,470,1,49.0,1,2,1,Lost / Hibernating
7868,126,3,507.61,3,4,3,Champions
7869,5,4,352.49,4,4,3,Champions
7870,125,1,77.69,3,2,1,New / Promising
7871,451,1,57.72,1,2,1,Lost / Hibernating
7874,32,1,720.6,4,2,4,New / Promising
7876,106,4,1216.37,3,4,4,Champions
7878,164,4,1530.99,3,4,4,Champions
7879,71,3,545.3,3,4,3,Champions
7881,374,4,1001.67,1,4,4,At Risk (Valuable)
7882,323,1,273.55,2,2,2,Lost / Hibernating
7883,504,1,65.42,1,2,1,Lost / Hibernating
7884,310,3,707.1,2,4,4,At Risk (Valuable)
7885,462,1,19.75,1,2,1,Lost / Hibernating
7886,80,2,442.31,3,3,3,Champions
7888,27,1,164.22,4,2,2,New / Promising
7889,20,4,1032.53,4,4,4,Champions
7890,210,1,115.03,2,2,1,Lost / Hibernating
7891,9,3,352.39,4,4,3,Champions
7892,518,1,703.97,1,2,4,Lost / Hibernating
7893,113,2,166.93,3,3,2,Regular
7894,261,1,64.27,2,2,1,Lost / Hibernating
7895,41,2,1356.56,4,3,4,Champions
7896,383,1,151.31,1,2,2,Lost / Hibernating
7899,21,2,164.23,4,3,2,Regular
7902,704,1,24.88,1,2,1,Lost / Hibernating
7903,31,1,139.52,4,2,1,New / Promising
7904,398,2,74.53,1,3,1,Regular
7905,693,1,67.53,1,2,1,Lost / Hibernating
7906,32,4,548.93,4,4,3,Champions
7908,148,1,261.52,3,2,2,New / Promising
7910,39,2,177.15,4,3,2,Regular
7911,88,1,154.56,3,2,2,New / Promising
7915,9,2,885.6,4,3,4,Champions
7917,641,1,1104.61,1,2,4,Lost / Hibernating
7918,174,1,580.85,3,2,3,New / Promising
7919,54,5,1311.59,4,4,4,Champions
7921,4,3,678.85,4,4,3,Champions
7923,265,1,306.83,2,2,2,Lost / Hibernating
7924,218,1,218.94,2,2,2,Lost / Hibernating
7925,127,1,72.4,3,2,1,New / Promising
7926,85,2,143.11,3,3,1,Regular
7927,543,1,222.06,1,2,2,Lost / Hibernating
7928,2,4,614.95,4,4,3,Champions
7930,257,1,170.94,2,2,2,Lost / Hibernating
7933,26,2,431.61,4,3,3,Champions
7935,184,2,985.03,2,3,4,At Risk (Valuable)
7936,223,2,326.05,2,3,2,Regular
7938,20,2,241.49,4,3,2,Regular
7939,284,2,391.79,2,3,3,At Risk (Valuable)
7941,31,1,87.94,4,2,1,New / Promising
7942,582,2,498.53,1,3,3,At Risk (Valuable)
7943,139,2,140.99,3,3,1,Regular
7944,168,4,1593.43,3,4,4,Champions
7946,50,2,136.56,4,3,1,Regular
7947,166,2,1804.47,3,3,4,Champions
7948,121,5,1473.97,3,4,4,Champions
7949,27,2,888.6,4,3,4,Champions
7950,404,2,152.8,1,3,2,Regular
7951,106,3,485.54,3,4,3,Champions
7952,659,1,24.78,1,2,1,Lost / Hibernating
7954,364,1,87.6,2,2,1,Lost / Hibernating
7955,33,1,252.08,4,2,2,New / Promising
7956,214,2,142.53,2,3,1,Regular
7957,541,3,629.86,1,4,3,At Risk (Valuable)
7959,261,1,415.12,2,2,3,Lost / Hibernating
7960,34,2,380.88,4,3,3,Champions
7961,545,1,700.52,1,2,4,Lost / Hibernating
7963,200,1,23.37,2,2,1,Lost / Hibernating
7964,110,1,189.9,3,2,2,New / Promising
7965,306,2,595.4,2,3,3,At Risk (Valuable)
7966,725,1,59.76,1,2,1,Lost / Hibernating
7967,291,3,200.3,2,4,2,Regular
7968,421,2,412.75,1,3,3,At Risk (Valuable)
7969,318,3,668.94,2,4,3,At Risk (Valuable)
7970,197,2,382.51,2,3,3,At Risk (Valuable)
7972,513,1,160.17,1,2,2,Lost / Hibernating
7975,598,2,268.4,1,3,2,Regular
7977,500,1,175.56,1,2,2,Lost / Hibernating
7979,30,1,86.04,4,2,1,New / Promising
7981,177,1,36.32,2,2,1,Lost / Hibernating
7982,75,2,185.12,3,3,2,Regular
7983,507,1,246.46,1,2,2,Lost / Hibernating
7985,46,2,2789.66,4,3,4,Champions
7986,394,1,585.49,1,2,3,Lost / Hibernating
7987,124,4,552.12,3,4,3,Champions
7989,193,2,1131.25,2,3,4,At Risk (Valuable)
7990,194,1,171.4,2,2,2,Lost / Hibernating
7992,80,1,57.6,3,2,1,New / Promising
7997,68,3,2199.24,3,4,4,Champions
7998,282,1,88.77,2,2,1,Lost / Hibernating
7999,238,4,1305.05,2,4,4,At Risk (Valuable)
8000,3,1,84.66,4,2,1,New / Promising
8001,21,3,753.18,4,4,4,Champions
8003,77,3,760.96,3,4,4,Champions
8004,55,3,722.72,4,4,4,Champions
8005,325,2,59.73,2,3,1,Regular
8006,62,1,118.43,3,2,1,New / Promising
8007,170,5,993.18,3,4,4,Champions
8008,174,4,647.82,3,4,3,Champions
8009,507,2,621.33,1,3,3,At Risk (Valuable)
8010,542,1,778.62,1,2,4,Lost / Hibernating
8013,238,2,609.32,2,3,3,At Risk (Valuable)
8014,73,5,749.08,3,4,4,Champions
8015,473,1,111.19,1,2,1,Lost / Hibernating
8016,407,2,447.48,1,3,3,At Risk (Valuable)
8017,180,1,125.17,2,2,1,Lost / Hibernating
8018,130,2,253.52,3,3,2,Regular
8020,38,1,498.94,4,2,3,New / Promising
8022,546,1,255.73,1,2,2,Lost / Hibernating
8023,157,2,917.78,3,3,4,Champions
8024,348,2,673.38,2,3,3,At Risk (Valuable)
8025,254,1,65.04,2,2,1,Lost / Hibernating
8026,155,1,215.53,3,2,2,New / Promising
8028,584,1,63.3,1,2,1,Lost / Hibernating
8030,543,1,56.89,1,2,1,Lost / Hibernating
8032,46,2,95.6,4,3,1,Regular
8034,714,1,255.31,1,2,2,Lost / Hibernating
8035,25,7,2813.85,4,4,4,Champions
8036,572,1,83.14,1,2,1,Lost / Hibernating
8038,6,1,1494.33,4,2,4,New / Promising
8039,60,5,2553.07,3,4,4,Champions
8041,539,2,408.8,1,3,3,At Risk (Valuable)
8042,93,2,505.09,3,3,3,Champions
8043,165,1,61.17,3,2,1,New / Promising
8044,263,4,599.61,2,4,3,At Risk (Valuable)
8045,16,21,6937.95,4,4,4,Champions
8048,79,4,752.18,3,4,4,Champions
8049,91,1,251.44,3,2,2,New / Promising
8050,568,2,471.78,1,3,3,At Risk (Valuable)
8051,568,1,182.76,1,2,2,Lost / Hibernating
8052,59,2,502.59,3,3,3,Champions
8053,512,1,1018.29,1,2,4,Lost / Hibernating
8054,138,2,104.49,3,3,1,Regular
8056,530,1,787.5,1,2,4,Lost / Hibernating
8057,395,1,39.08,1,2,1,Lost / Hibernating
8060,117,1,1191.4,3,2,4,New / Promising
8061,423,1,33.18,1,2,1,Lost / Hibernating
8062,193,2,149.4,2,3,2,Regular
8063,93,1,62.53,3,2,1,New / Promising
8065,171,1,84.28,3,2,1,New / Promising
8066,606,2,163.09,1,3,2,Regular
8067,142,1,1283.89,3,2,4,New / Promising
8068,390,1,78.56,1,2,1,Lost / Hibernating
8070,188,2,818.11,2,3,4,At Risk (Valuable)
8071,411,1,684.6,1,2,4,Lost / Hibernating
8072,313,1,26.59,2,2,1,Lost / Hibernating
8073,285,1,294.78,2,2,2,Lost / Hibernating
8077,145,2,501.63,3,3,3,Champions
8079,170,1,191.43,3,2,2,New / Promising
8080,460,2,424.66,1,3,3,At Risk (Valuable)
8082,309,1,61.49,2,2,1,Lost / Hibernating
8083,508,1,236.13,1,2,2,Lost / Hibernating
8084,178,3,886.6,2,4,4,At Risk (Valuable)
8087,242,1,159.3,2,2,2,Lost / Hibernating
8089,324,2,150.81,2,3,2,Regular
8090,43,1,718.07,4,2,4,New / Promising
8091,39,3,476.93,4,4,3,Champions
8093,1,9,2587.96,4,4,4,Champions
8095,190,5,523.7,2,4,3,At Risk (Valuable)
8096,372,1,1252.27,2,2,4,Lost / Hibernating
8098,652,1,244.07,1,2,2,Lost / Hibernating
8099,467,1,188.22,1,2,2,Lost / Hibernating
8100,309,2,334.95,2,3,3,At Risk (Valuable)
8101,14,3,1381.6,4,4,4,Champions
8102,313,2,1004.8,2,3,4,At Risk (Valuable)
8103,42,1,12.4,4,2,1,New / Promising
8106,609,1,230.92,1,2,2,Lost / Hibernating
8107,527,1,165.76,1,2,2,Lost / Hibernating
8109,11,1,933.1,4,2,4,New / Promising
8111,29,1,67.93,4,2,1,New / Promising
8112,719,1,245.54,1,2,2,Lost / Hibernating
8113,492,2,142.69,1,3,1,Regular
8114,28,4,701.5,4,4,4,Champions
8115,206,1,40.85,2,2,1,Lost / Hibernating
8116,40,1,231.93,4,2,2,New / Promising
8117,14,2,1706.91,4,3,4,Champions
8119,72,2,416.27,3,3,3,Champions
8120,21,1,227.35,4,2,2,New / Promising
8122,190,2,233.49,2,3,2,Regular
8123,55,2,348.04,4,3,3,Champions
8124,146,3,495.44,3,4,3,Champions
8127,262,1,23.48,2,2,1,Lost / Hibernating
8129,8,10,3075.64,4,4,4,Champions
8130,389,3,288.86,1,4,2,Regular
8131,197,2,197.26,2,3,2,Regular
8132,52,1,753.35,4,2,4,New / Promising
8133,455,1,103.13,1,2,1,Lost / Hibernating
8134,596,1,257.75,1,2,2,Lost / Hibernating
8136,465,1,532.32,1,2,3,Lost / Hibernating
8137,106,4,622.29,3,4,3,Champions
8139,499,1,206.87,1,2,2,Lost / Hibernating
8140,25,4,602.97,4,4,3,Champions
8143,113,3,774.93,3,4,4,Champions
8144,40,1,474.47,4,2,3,New / Promising
8145,122,1,134.81,3,2,1,New / Promising
8146,2,2,40.97,4,3,1,Regular
8147,285,1,379.64,2,2,3,Lost / Hibernating
8148,194,1,132.73,2,2,1,Lost / Hibernating
8149,238,3,365.3,2,4,3,At Risk (Valuable)
8150,514,2,181.45,1,3,2,Regular
8151,90,1,93.64,3,2,1,New / Promising
8152,345,1,626.19,2,2,3,Lost / Hibernating
8153,174,1,708.17,3,2,4,New / Promising
8155,26,2,699.4,4,3,4,Champions
8160,11,5,1231.11,4,4,4,Champions
8161,606,1,26.16,1,2,1,Lost / Hibernating
8162,296,1,114.83,2,2,1,Lost / Hibernating
8163,12,3,375.29,4,4,3,Champions
8164,53,2,343.51,4,3,3,Champions
8165,371,2,283.42,2,3,2,Regular
8166,91,3,629.81,3,4,3,Champions
8168,508,1,106.77,1,2,1,Lost / Hibernating
8169,50,1,771.93,4,2,4,New / Promising
8170,93,6,2151.71,3,4,4,Champions
8171,195,4,1027.97,2,4,4,At Risk (Valuable)
8175,342,1,932.44,2,2,4,Lost / Hibernating
8176,49,4,790.14,4,4,4,Champions
8178,533,1,1166.43,1,2,4,Lost / Hibernating
8179,618,1,137.37,1,2,1,Lost / Hibernating
8180,342,2,449.1,2,3,3,At Risk (Valuable)
8181,56,2,218.79,4,3,2,Regular
8182,11,2,328.45,4,3,2,Regular
8183,11,4,560.86,4,4,3,Champions
8184,16,3,389.27,4,4,3,Champions
8185,23,2,107.8,4,3,1,Regular
8187,78,5,482.59,3,4,3,Champions
8188,562,1,48.88,1,2,1,Lost / Hibernating
8189,395,1,171.68,1,2,2,Lost / Hibernating
8190,68,1,116.4,3,2,1,New / Promising
8191,149,2,751.49,3,3,4,Champions
8192,295,2,78.28,2,3,1,Regular
8194,70,4,870.83,3,4,4,Champions
8195,284,1,18.85,2,2,1,Lost / Hibernating
8196,43,3,582.06,4,4,3,Champions
8197,29,2,478.64,4,3,3,Champions
8198,362,1,27.12,2,2,1,Lost / Hibernating
8199,431,2,689.74,1,3,4,At Risk (Valuable)
8200,339,2,955.15,2,3,4,At Risk (Valuable)
8201,34,5,988.35,4,4,4,Champions
8202,310,1,255.69,2,2,2,Lost / Hibernating
8203,36,5,694.59,4,4,4,Champions
8205,404,2,269.31,1,3,2,Regular
8206,87,1,129.85,3,2,1,New / Promising
8207,84,1,151.43,3,2,2,New / Promising
8208,324,2,750.45,2,3,4,At Risk (Valuable)
8209,11,8,2454.88,4,4,4,Champions
8211,14,2,2231.54,4,3,4,Champions
8212,79,2,188.14,3,3,2,Regular
8213,42,3,250.94,4,4,2,Regular
8214,329,1,107.15,2,2,1,Lost / Hibernating
8215,161,5,998.88,3,4,4,Champions
8216,111,4,943.15,3,4,4,Champions
8217,540,1,264.91,1,2,2,Lost / Hibernating
8219,103,3,1130.52,3,4,4,Champions
8220,250,1,429.81,2,2,3,Lost / Hibernating
8221,372,1,350.1,2,2,3,Lost / Hibernating
8222,290,1,90.92,2,2,1,Lost / Hibernating
8224,55,4,958.3,4,4,4,Champions
8225,341,2,1021.67,2,3,4,At Risk (Valuable)
8228,67,1,48.83,3,2,1,New / Promising
8229,327,2,147.29,2,3,2,Regular
8230,51,2,1009.6,4,3,4,Champions
8231,401,3,684.09,1,4,4,At Risk (Valuable)
8232,432,1,28.9,1,2,1,Lost / Hibernating
8233,51,1,196.6,4,2,2,New / Promising
8235,696,1,138.74,1,2,1,Lost / Hibernating
8236,22,8,2046.62,4,4,4,Champions
8237,319,4,304.82,2,4,2,Regular
8238,38,2,704.59,4,3,4,Champions
8242,455,1,194.35,1,2,2,Lost / Hibernating
8243,249,2,621.92,2,3,3,At Risk (Valuable)
8244,167,2,632.99,3,3,3,Champions
8247,79,5,2497.34,3,4,4,Champions
8248,7,2,451.82,4,3,3,Champions
8249,213,2,519.71,2,3,3,At Risk (Valuable)
8250,211,2,137.65,2,3,1,Regular
8251,180,2,38.0,2,3,1,Regular
8252,590,1,253.84,1,2,2,Lost / Hibernating
8253,68,3,526.9,3,4,3,Champions
8255,386,3,378.89,1,4,3,At Risk (Valuable)
8256,9,12,3583.71,4,4,4,Champions
8259,402,1,93.76,1,2,1,Lost / Hibernating
8262,362,1,829.39,2,2,4,Lost / Hibernating
8264,56,1,84.09,4,2,1,New / Promising
8266,265,2,544.85,2,3,3,At Risk (Valuable)
8267,359,1,290.2,2,2,2,Lost / Hibernating
8268,320,3,552.99,2,4,3,At Risk (Valuable)
8270,217,1,199.35,2,2,2,Lost / Hibernating
8271,54,1,146.76,4,2,1,New / Promising
8272,221,3,432.1,2,4,3,At Risk (Valuable)
8273,390,2,275.3,1,3,2,Regular
8274,27,1,161.86,4,2,2,New / Promising
8276,44,1,139.71,4,2,1,New / Promising
8277,402,1,1221.0,1,2,4,Lost / Hibernating
8278,144,1,665.27,3,2,3,New / Promising
8282,168,3,493.63,3,4,3,Champions
8283,41,3,769.62,4,4,4,Champions
8284,458,1,66.27,1,2,1,Lost / Hibernating
8286,36,1,14.1,4,2,1,New / Promising
8288,23,2,243.33,4,3,2,Regular
8289,206,2,603.36,2,3,3,At Risk (Valuable)
8291,654,1,1071.37,1,2,4,Lost / Hibernating
8292,94,1,420.88,3,2,3,New / Promising
8293,388,1,470.82,1,2,3,Lost / Hibernating
8295,75,1,118.23,3,2,1,New / Promising
8298,54,2,28.8,4,3,1,Regular
8299,452,1,45.11,1,2,1,Lost / Hibernating
8300,374,1,1506.12,1,2,4,Lost / Hibernating
8303,698,1,45.82,1,2,1,Lost / Hibernating
8304,284,2,421.73,2,3,3,At Risk (Valuable)
8306,153,1,107.81,3,2,1,New / Promising
8307,40,4,886.68,4,4,4,Champions
8308,295,2,1289.24,2,3,4,At Risk (Valuable)
8309,659,1,216.72,1,2,2,Lost / Hibernating
8310,541,1,42.72,1,2,1,Lost / Hibernating
8311,2,1,47.06,4,2,1,New / Promising
8313,34,3,1985.22,4,4,4,Champions
8314,628,2,143.31,1,3,1,Regular
8315,58,2,278.36,3,3,2,Regular
8316,319,2,736.62,2,3,4,At Risk (Valuable)
8318,6,3,1050.95,4,4,4,Champions
8320,64,2,1251.58,3,3,4,Champions
8322,407,2,288.19,1,3,2,Regular
8323,401,2,144.06,1,3,1,Regular
8325,164,3,316.21,3,4,2,Regular
8327,147,2,141.79,3,3,1,Regular
8332,39,3,328.88,4,4,2,Regular
8333,262,2,1625.29,2,3,4,At Risk (Valuable)
8334,29,2,764.36,4,3,4,Champions
8336,295,1,341.79,2,2,3,Lost / Hibernating
8337,313,4,845.09,2,4,4,At Risk (Valuable)
8339,145,1,68.74,3,2,1,New / Promising
8342,225,1,205.07,2,2,2,Lost / Hibernating
8343,532,2,613.81,1,3,3,At Risk (Valuable)
8344,47,3,831.96,4,4,4,Champions
8345,16,7,1008.28,4,4,4,Champions
8347,252,2,448.13,2,3,3,At Risk (Valuable)
8348,8,1,217.55,4,2,2,New / Promising
8349,372,2,163.27,2,3,2,Regular
8350,43,2,439.67,4,3,3,Champions
8351,235,1,184.32,2,2,2,Lost / Hibernating
8353,88,4,574.01,3,4,3,Champions
8354,280,1,41.25,2,2,1,Lost / Hibernating
8356,51,4,1563.31,4,4,4,Champions
8357,227,1,26.75,2,2,1,Lost / Hibernating
8359,83,2,62.12,3,3,1,Regular
8360,558,2,465.63,1,3,3,At Risk (Valuable)
8362,422,1,185.39,1,2,2,Lost / Hibernating
8363,381,1,185.09,1,2,2,Lost / Hibernating
8364,43,7,2153.19,4,4,4,Champions
8368,51,2,492.51,4,3,3,Champions
8369,114,2,816.56,3,3,4,Champions
8371,716,1,80.77,1,2,1,Lost / Hibernating
8372,397,1,51.03,1,2,1,Lost / Hibernating
8373,21,2,142.62,4,3,1,Regular
8375,647,1,140.31,1,2,1,Lost / Hibernating
8376,367,1,175.12,2,2,2,Lost / Hibernating
8377,42,1,75.13,4,2,1,New / Promising
8378,27,2,983.63,4,3,4,Champions
8379,123,2,713.27,3,3,4,Champions
8380,479,1,165.82,1,2,2,Lost / Hibernating
8382,231,1,289.35,2,2,2,Lost / Hibernating
8383,185,4,1101.95,2,4,4,At Risk (Valuable)
8384,30,1,155.1,4,2,2,New / Promising
8385,225,1,441.42,2,2,3,Lost / Hibernating
8386,61,2,194.84,3,3,2,Regular
8388,681,1,5.81,1,2,1,Lost / Hibernating
8389,351,1,189.73,2,2,2,Lost / Hibernating
8390,247,3,445.7,2,4,3,At Risk (Valuable)
8392,143,2,266.83,3,3,2,Regular
8393,379,2,806.84,1,3,4,At Risk (Valuable)
8394,115,2,983.51,3,3,4,Champions
8395,300,2,919.68,2,3,4,At Risk (Valuable)
8396,714,1,137.0,1,2,1,Lost / Hibernating
8397,159,2,70.75,3,3,1,Regular
8398,124,3,435.62,3,4,3,Champions
8399,402,1,22.44,1,2,1,Lost / Hibernating
8401,13,2,514.62,4,3,3,Champions
8402,80,2,95.2,3,3,1,Regular
8403,128,1,114.81,3,2,1,New / Promising
8404,513,1,86.85,1,2,1,Lost / Hibernating
8406,28,3,332.4,4,4,2,Regular
8407,149,3,540.75,3,4,3,Champions
8409,427,1,230.89,1,2,2,Lost / Hibernating
8410,149,2,180.97,3,3,2,Regular
8411,115,1,128.28,3,2,1,New / Promising
8412,331,2,767.75,2,3,4,At Risk (Valuable)
8413,276,1,111.14,2,2,1,Lost / Hibernating
8415,715,1,356.83,1,2,3,Lost / Hibernating
8416,3,2,896.3,4,3,4,Champions
8417,152,1,256.22,3,2,2,New / Promising
8418,613,1,235.1,1,2,2,Lost / Hibernating
8419,104,1,40.68,3,2,1,New / Promising
8420,367,1,359.13,2,2,3,Lost / Hibernating
8422,172,2,364.34,3,3,3,Champions
8424,14,1,222.18,4,2,2,New / Promising
8425,270,1,150.56,2,2,2,Lost / Hibernating
8426,439,1,73.43,1,2,1,Lost / Hibernating
8427,406,1,926.3,1,2,4,Lost / Hibernating
8428,98,3,4130.8,3,4,4,Champions
8431,380,1,480.43,1,2,3,Lost / Hibernating
8432,136,1,87.5,3,2,1,New / Promising
8433,684,1,11.89,1,2,1,Lost / Hibernating
8434,115,2,1071.39,3,3,4,Champions
8437,529,1,43.04,1,2,1,Lost / Hibernating
8438,176,1,154.55,2,2,2,Lost / Hibernating
8439,102,1,49.32,3,2,1,New / Promising
8441,106,2,153.0,3,3,2,Regular
8443,5,4,644.94,4,4,3,Champions
8444,102,2,203.37,3,3,2,Regular
8445,361,1,71.67,2,2,1,Lost / Hibernating
8446,125,1,38.13,3,2,1,New / Promising
8447,398,1,81.13,1,2,1,Lost / Hibernating
8448,39,2,256.73,4,3,2,Regular
8449,36,4,799.81,4,4,4,Champions
8451,205,4,566.83,2,4,3,At Risk (Valuable)
8452,92,2,369.76,3,3,3,Champions
8453,93,5,2062.46,3,4,4,Champions
8455,418,2,693.37,1,3,4,At Risk (Valuable)
8456,291,1,100.83,2,2,1,Lost / Hibernating
8457,297,1,295.17,2,2,2,Lost / Hibernating
8458,33,2,318.5,4,3,2,Regular
8459,385,1,181.4,1,2,2,Lost / Hibernating
8461,12,2,94.67,4,3,1,Regular
8463,74,6,1601.29,3,4,4,Champions
8465,50,2,390.0,4,3,3,Champions
8466,12,23,5046.26,4,4,4,Champions
8467,603,1,156.58,1,2,2,Lost / Hibernating
8470,374,2,116.16,1,3,1,Regular
8471,527,1,66.54,1,2,1,Lost / Hibernating
8472,6,1,201.61,4,2,2,New / Promising
8473,104,2,1242.94,3,3,4,Champions
8474,165,2,1426.69,3,3,4,Champions
8475,106,3,224.47,3,4,2,Regular
8476,374,1,250.18,1,2,2,Lost / Hibernating
8477,267,4,1322.68,2,4,4,At Risk (Valuable)
8480,649,1,469.76,1,2,3,Lost / Hibernating
8483,147,1,37.4,3,2,1,New / Promising
8484,514,1,519.71,1,2,3,Lost / Hibernating
8485,9,2,921.01,4,3,4,Champions
8487,293,1,136.73,2,2,1,Lost / Hibernating
8488,114,3,439.08,3,4,3,Champions
8489,420,1,194.0,1,2,2,Lost / Hibernating
8491,145,3,558.77,3,4,3,Champions
8494,247,1,152.33,2,2,2,Lost / Hibernating
8497,132,2,164.51,3,3,2,Regular
8498,99,1,156.81,3,2,2,New / Promising
8499,197,2,99.85,2,3,1,Regular
8500,183,1,522.68,2,2,3,Lost / Hibernating
8501,40,2,464.97,4,3,3,Champions
8502,28,1,589.29,4,2,3,New / Promising
8503,500,2,285.2,1,3,2,Regular
8505,53,6,1843.58,4,4,4,Champions
8507,375,1,208.98,1,2,2,Lost / Hibernating
8508,104,1,599.71,3,2,3,New / Promising
8510,161,1,44.3,3,2,1,New / Promising
8511,49,2,211.32,4,3,2,Regular
8512,66,3,475.16,3,4,3,Champions
8514,38,2,288.91,4,3,2,Regular
8515,48,3,507.76,4,4,3,Champions
8516,383,1,143.44,1,2,1,Lost / Hibernating
8518,261,2,268.78,2,3,2,Regular
8519,5,9,2451.23,4,4,4,Champions
8520,133,3,750.78,3,4,4,Champions
8521,8,2,94.14,4,3,1,Regular
8522,83,1,26.02,3,2,1,New / Promising
8523,265,2,1235.21,2,3,4,At Risk (Valuable)
8524,55,2,145.11,4,3,1,Regular
8526,90,4,892.36,3,4,4,Champions
8527,12,1,987.36,4,2,4,New / Promising
8528,11,2,138.78,4,3,1,Regular
8532,217,2,339.38,2,3,3,At Risk (Valuable)
8534,134,2,991.47,3,3,4,Champions
8535,173,1,530.02,3,2,3,New / Promising
8536,103,1,285.7,3,2,2,New / Promising
8537,161,2,133.84,3,3,1,Regular
8538,366,1,234.36,2,2,2,Lost / Hibernating
8540,115,2,251.26,3,3,2,Regular
8541,68,4,1501.92,3,4,4,Champions
8544,308,2,276.52,2,3,2,Regular
8545,425,2,115.15,1,3,1,Regular
8546,313,2,64.28,2,3,1,Regular
8547,44,1,326.23,4,2,2,New / Promising
8548,14,1,62.55,4,2,1,New / Promising
8549,23,7,1121.83,4,4,4,Champions
8550,319,3,1553.04,2,4,4,At Risk (Valuable)
8551,72,4,504.34,3,4,3,Champions
8553,277,3,868.5,2,4,4,At Risk (Valuable)
8556,59,8,1899.54,3,4,4,Champions
8558,260,1,40.41,2,2,1,Lost / Hibernating
8561,1,2,194.98,4,3,2,Regular
8562,378,1,594.78,1,2,3,Lost / Hibernating
8564,246,1,183.74,2,2,2,Lost / Hibernating
8565,385,2,1803.62,1,3,4,At Risk (Valuable)
8566,11,4,1762.39,4,4,4,Champions
8567,408,2,906.41,1,3,4,At Risk (Valuable)
8570,42,2,251.68,4,3,2,Regular
8572,285,2,998.44,2,3,4,At Risk (Valuable)
8573,414,3,754.53,1,4,4,At Risk (Valuable)
8575,58,3,951.02,3,4,4,Champions
8576,15,1,930.42,4,2,4,New / Promising
8578,56,1,30.19,4,2,1,New / Promising
8579,445,2,542.98,1,3,3,At Risk (Valuable)
8580,357,2,676.05,2,3,3,At Risk (Valuable)
8582,286,3,505.28,2,4,3,At Risk (Valuable)
8583,55,2,188.78,4,3,2,Regular
8584,227,2,218.86,2,3,2,Regular
8586,45,4,591.31,4,4,3,Champions
8587,7,2,787.18,4,3,4,Champions
8588,136,3,559.54,3,4,3,Champions
8589,33,10,2094.84,4,4,4,Champions
8590,313,1,1036.44,2,2,4,Lost / Hibernating
8591,211,2,188.44,2,3,2,Regular
8592,79,1,35.41,3,2,1,New / Promising
8593,197,1,645.11,2,2,3,Lost / Hibernating
8594,42,6,1090.2,4,4,4,Champions
8596,12,16,3557.98,4,4,4,Champions
8597,719,1,74.11,1,2,1,Lost / Hibernating
8598,19,2,349.26,4,3,3,Champions
8599,166,3,573.18,3,4,3,Champions
8601,5,4,825.32,4,4,4,Champions
8602,687,2,995.35,1,3,4,At Risk (Valuable)
8603,4,2,1448.61,4,3,4,Champions
8604,201,2,928.64,2,3,4,At Risk (Valuable)
8605,44,3,781.58,4,4,4,Champions
8606,23,1,36.13,4,2,1,New / Promising
8607,292,1,233.33,2,2,2,Lost / Hibernating
8609,193,3,276.54,2,4,2,Regular
8610,64,3,650.21,3,4,3,Champions
8611,86,2,155.08,3,3,2,Regular
8612,477,1,18.2,1,2,1,Lost / Hibernating
8613,33,26,6346.45,4,4,4,Champions
8614,70,2,857.62,3,3,4,Champions
8618,1,4,554.06,4,4,3,Champions
8619,222,2,320.83,2,3,2,Regular
8620,435,1,19.6,1,2,1,Lost / Hibernating
8621,57,2,303.28,3,3,2,Regular
8622,239,3,118.59,2,4,1,Regular
8623,361,3,622.44,2,4,3,At Risk (Valuable)
8624,465,1,323.0,1,2,2,Lost / Hibernating
8626,323,2,179.84,2,3,2,Regular
8627,137,2,540.89,3,3,3,Champions
8629,282,1,173.03,2,2,2,Lost / Hibernating
8630,328,1,32.99,2,2,1,Lost / Hibernating
8631,20,2,117.31,4,3,1,Regular
8632,718,1,119.33,1,2,1,Lost / Hibernating
8633,115,2,1923.73,3,3,4,Champions
8634,109,3,2783.4,3,4,4,Champions
8635,27,3,770.65,4,4,4,Champions
8636,139,1,384.19,3,2,3,New / Promising
8637,117,3,220.91,3,4,2,Regular
8638,183,1,271.66,2,2,2,Lost / Hibernating
8639,107,3,700.57,3,4,4,Champions
8640,12,2,579.78,4,3,3,Champions
8641,265,1,165.47,2,2,2,Lost / Hibernating
8643,1,8,1361.51,4,4,4,Champions
8644,583,1,33.96,1,2,1,Lost / Hibernating
8646,291,1,323.39,2,2,2,Lost / Hibernating
8647,142,3,336.43,3,4,3,Champions
8649,255,3,962.98,2,4,4,At Risk (Valuable)
8652,4,3,1545.02,4,4,4,Champions
8653,657,1,589.02,1,2,3,Lost / Hibernating
8654,381,2,438.85,1,3,3,At Risk (Valuable)
8656,133,1,298.63,3,2,2,New / Promising
8657,702,1,48.08,1,2,1,Lost / Hibernating
8658,367,1,111.83,2,2,1,Lost / Hibernating
8659,155,1,491.53,3,2,3,New / Promising
8660,526,1,151.95,1,2,2,Lost / Hibernating
8661,21,1,184.91,4,2,2,New / Promising
8662,42,2,507.49,4,3,3,Champions
8663,273,2,265.53,2,3,2,Regular
8666,186,3,493.56,2,4,3,At Risk (Valuable)
8667,41,2,1402.67,4,3,4,Champions
8669,22,2,313.03,4,3,2,Regular
8670,52,4,1525.69,4,4,4,Champions
8671,16,4,943.18,4,4,4,Champions
8672,478,1,217.26,1,2,2,Lost / Hibernating
8673,66,5,3587.56,3,4,4,Champions
8674,599,2,78.27,1,3,1,Regular
8675,115,1,224.89,3,2,2,New / Promising
8677,191,1,211.52,2,2,2,Lost / Hibernating
8679,82,4,949.71,3,4,4,Champions
8680,379,1,82.03,1,2,1,Lost / Hibernating
8681,241,1,19.82,2,2,1,Lost / Hibernating
8682,255,1,461.1,2,2,3,Lost / Hibernating
8684,21,1,467.82,4,2,3,New / Promising
8685,282,1,167.94,2,2,2,Lost / Hibernating
8686,150,3,516.04,3,4,3,Champions
8688,720,1,585.97,1,2,3,Lost / Hibernating
8689,124,1,25.32,3,2,1,New / Promising
8690,283,1,337.93,2,2,3,Lost / Hibernating
8693,51,4,1166.22,4,4,4,Champions
8696,87,2,985.03,3,3,4,Champions
8697,34,4,404.0,4,4,3,Champions
8698,277,1,14.49,2,2,1,Lost / Hibernating
8699,150,3,262.19,3,4,2,Regular
8700,187,1,124.13,2,2,1,Lost / Hibernating
8701,397,2,258.33,1,3,2,Regular
8703,265,2,260.68,2,3,2,Regular
8704,87,1,213.22,3,2,2,New / Promising
8705,728,1,117.31,1,2,1,Lost / Hibernating
8707,435,1,286.83,1,2,2,Lost / Hibernating
8708,387,1,214.73,1,2,2,Lost / Hibernating
8711,288,1,324.4,2,2,2,Lost / Hibernating
8712,71,1,79.68,3,2,1,New / Promising
8713,126,3,1016.45,3,4,4,Champions
8714,111,4,852.98,3,4,4,Champions
8715,84,1,38.65,3,2,1,New / Promising
8716,208,1,71.06,2,2,1,Lost / Hibernating
8717,9,4,856.92,4,4,4,Champions
8718,81,3,703.84,3,4,4,Champions
8721,33,2,1261.64,4,3,4,Champions
8723,163,4,966.42,3,4,4,Champions
8725,537,1,45.8,1,2,1,Lost / Hibernating
8726,283,1,168.9,2,2,2,Lost / Hibernating
8728,105,4,759.84,3,4,4,Champions
8730,161,2,257.53,3,3,2,Regular
8731,412,2,143.07,1,3,1,Regular
8736,720,1,18.08,1,2,1,Lost / Hibernating
8737,322,3,961.55,2,4,4,At Risk (Valuable)
8739,347,1,158.98,2,2,2,Lost / Hibernating
8740,633,1,67.05,1,2,1,Lost / Hibernating
8741,158,2,463.32,3,3,3,Champions
8742,36,3,692.97,4,4,4,Champions
8743,176,2,764.92,2,3,4,At Risk (Valuable)
8744,16,7,1458.67,4,4,4,Champions
8745,107,3,532.52,3,4,3,Champions
8747,72,3,1091.08,3,4,4,Champions
8750,135,4,536.48,3,4,3,Champions
8752,693,1,252.64,1,2,2,Lost / Hibernating
8753,45,2,326.99,4,3,2,Regular
8754,55,2,440.88,4,3,3,Champions
8755,8,1,121.71,4,2,1,New / Promising
8756,149,2,181.71,3,3,2,Regular
8757,510,2,447.75,1,3,3,At Risk (Valuable)
8758,120,2,729.23,3,3,4,Champions
8759,473,1,42.69,1,2,1,Lost / Hibernating
8760,123,3,479.11,3,4,3,Champions
8761,352,2,440.03,2,3,3,At Risk (Valuable)
8762,86,4,347.37,3,4,3,Champions
8763,150,3,219.28,3,4,2,Regular
8764,221,1,116.18,2,2,1,Lost / Hibernating
8765,9,1,687.42,4,2,4,New / Promising
8768,96,2,119.82,3,3,1,Regular
8769,257,1,155.64,2,2,2,Lost / Hibernating
8773,112,1,103.81,3,2,1,New / Promising
8775,138,1,172.5,3,2,2,New / Promising
8776,14,2,294.63,4,3,2,Regular
8779,386,1,91.28,1,2,1,Lost / Hibernating
8780,401,2,487.45,1,3,3,At Risk (Valuable)
8781,60,8,1335.46,3,4,4,Champions
8782,208,1,271.2,2,2,2,Lost / Hibernating
8783,92,2,237.22,3,3,2,Regular
8784,233,1,89.35,2,2,1,Lost / Hibernating
8786,123,3,484.45,3,4,3,Champions
8787,15,2,926.52,4,3,4,Champions
8789,498,1,472.21,1,2,3,Lost / Hibernating
8791,238,2,607.89,2,3,3,At Risk (Valuable)
8793,494,3,533.81,1,4,3,At Risk (Valuable)
8794,342,2,228.62,2,3,2,Regular
8795,487,2,223.79,1,3,2,Regular
8796,79,4,454.68,3,4,3,Champions
8797,49,3,402.37,4,4,3,Champions
8800,70,2,319.92,3,3,2,Regular
8803,100,1,19.4,3,2,1,New / Promising
8804,74,1,327.96,3,2,2,New / Promising
8806,323,2,614.1,2,3,3,At Risk (Valuable)
8808,17,4,1627.53,4,4,4,Champions
8809,139,3,617.01,3,4,3,Champions
8810,192,3,442.02,2,4,3,At Risk (Valuable)
8812,604,1,68.38,1,2,1,Lost / Hibernating
8814,106,3,1482.11,3,4,4,Champions
8815,14,1,127.98,4,2,1,New / Promising
8817,430,2,179.4,1,3,2,Regular
8818,8,3,267.82,4,4,2,Regular
8819,404,2,372.0,1,3,3,At Risk (Valuable)
8820,595,1,17.99,1,2,1,Lost / Hibernating
8821,623,1,424.95,1,2,3,Lost / Hibernating
8822,47,3,977.03,4,4,4,Champions
8823,98,1,50.34,3,2,1,New / Promising
8824,631,1,1076.28,1,2,4,Lost / Hibernating
8825,148,2,296.21,3,3,2,Regular
8826,21,3,1235.38,4,4,4,Champions
8827,79,2,394.74,3,3,3,Champions
8828,135,1,596.61,3,2,3,New / Promising
8829,487,2,291.27,1,3,2,Regular
8830,418,1,82.69,1,2,1,Lost / Hibernating
8834,269,3,692.58,2,4,4,At Risk (Valuable)
8835,239,2,182.96,2,3,2,Regular
8836,327,1,41.12,2,2,1,Lost / Hibernating
8837,257,3,867.39,2,4,4,At Risk (Valuable)
8838,444,1,430.48,1,2,3,Lost / Hibernating
8839,548,1,72.39,1,2,1,Lost / Hibernating
8840,11,3,578.49,4,4,3,Champions
8841,50,2,801.46,4,3,4,Champions
8842,87,4,1409.02,3,4,4,Champions
8843,12,2,448.15,4,3,3,Champions
8844,99,1,41.09,3,2,1,New / Promising
8845,337,1,257.11,2,2,2,Lost / Hibernating
8846,126,3,1941.29,3,4,4,Champions
8848,113,6,926.47,3,4,4,Champions
8849,144,2,563.49,3,3,3,Champions
8850,305,1,100.88,2,2,1,Lost / Hibernating
8851,353,1,153.85,2,2,2,Lost / Hibernating
8852,104,2,164.51,3,3,2,Regular
8853,37,5,892.0,4,4,4,Champions
8854,5,1,225.86,4,2,2,New / Promising
8855,35,3,755.49,4,4,4,Champions
8857,18,5,1089.6,4,4,4,Champions
8858,599,1,74.8,1,2,1,Lost / Hibernating
8860,165,1,74.52,3,2,1,New / Promising
8861,667,1,148.33,1,2,2,Lost / Hibernating
8862,3,3,1333.92,4,4,4,Champions
8863,200,1,118.07,2,2,1,Lost / Hibernating
8865,266,3,1481.72,2,4,4,At Risk (Valuable)
8866,5,3,927.43,4,4,4,Champions
8867,249,1,194.98,2,2,2,Lost / Hibernating
8868,327,2,527.83,2,3,3,At Risk (Valuable)
8869,113,2,830.97,3,3,4,Champions
8870,49,3,202.61,4,4,2,Regular
8872,239,2,447.03,2,3,3,At Risk (Valuable)
8874,305,1,651.06,2,2,3,Lost / Hibernating
8875,162,1,463.02,3,2,3,New / Promising
8876,535,1,87.3,1,2,1,Lost / Hibernating
8877,370,1,71.96,2,2,1,Lost / Hibernating
8878,131,1,36.34,3,2,1,New / Promising
8881,198,1,38.41,2,2,1,Lost / Hibernating
8883,86,2,499.35,3,3,3,Champions
8884,61,4,3444.42,3,4,4,Champions
8885,647,1,140.9,1,2,1,Lost / Hibernating
8886,39,2,201.61,4,3,2,Regular
8887,20,2,424.92,4,3,3,Champions
8891,39,4,925.18,4,4,4,Champions
8892,421,1,77.66,1,2,1,Lost / Hibernating
8893,235,3,1684.55,2,4,4,At Risk (Valuable)
8894,72,1,370.16,3,2,3,New / Promising
8895,386,2,479.7,1,3,3,At Risk (Valuable)
8896,1,3,695.09,4,4,4,Champions
8897,28,2,349.21,4,3,3,Champions
8898,159,3,1339.52,3,4,4,Champions
8899,724,1,215.5,1,2,2,Lost / Hibernating
8900,285,8,1571.95,2,4,4,At Risk (Valuable)
8901,6,3,331.85,4,4,2,Regular
8902,174,2,173.43,3,3,2,Regular
8904,711,1,174.7,1,2,2,Lost / Hibernating
8906,600,1,10.94,1,2,1,Lost / Hibernating
8907,332,1,575.27,2,2,3,Lost / Hibernating
8909,117,2,479.9,3,3,3,Champions
8910,102,1,185.99,3,2,2,New / Promising
8914,244,2,278.05,2,3,2,Regular
8915,609,1,137.87,1,2,1,Lost / Hibernating
8917,32,3,640.84,4,4,3,Champions
8918,640,1,468.08,1,2,3,Lost / Hibernating
8919,42,1,121.59,4,2,1,New / Promising
8923,197,4,686.08,2,4,4,At Risk (Valuable)
8925,81,3,774.17,3,4,4,Champions
8927,113,2,809.59,3,3,4,Champions
8928,160,1,518.94,3,2,3,New / Promising
8931,42,2,272.55,4,3,2,Regular
8932,533,1,336.34,1,2,3,Lost / Hibernating
8934,143,2,481.11,3,3,3,Champions
8935,43,1,91.55,4,2,1,New / Promising
8936,315,4,563.18,2,4,3,At Risk (Valuable)
8937,644,1,53.22,1,2,1,Lost / Hibernating
8938,354,3,1198.08,2,4,4,At Risk (Valuable)
8940,19,3,206.83,4,4,2,Regular
8941,211,2,109.02,2,3,1,Regular
8942,188,1,215.6,2,2,2,Lost / Hibernating
8945,146,1,26.78,3,2,1,New / Promising
8946,166,2,1448.43,3,3,4,Champions
8948,564,1,162.28,1,2,2,Lost / Hibernating
8949,130,1,293.18,3,2,2,New / Promising
8950,24,1,398.9,4,2,3,New / Promising
8951,214,2,550.15,2,3,3,At Risk (Valuable)
8952,280,1,77.26,2,2,1,Lost / Hibernating
8953,94,3,354.29,3,4,3,Champions
8954,2,2,215.97,4,3,2,Regular
8955,366,2,1165.5,2,3,4,At Risk (Valuable)
8956,26,11,2781.06,4,4,4,Champions
8957,216,4,466.08,2,4,3,At Risk (Valuable)
8958,49,1,763.52,4,2,4,New / Promising
8959,320,3,1009.52,2,4,4,At Risk (Valuable)
8961,588,1,540.21,1,2,3,Lost / Hibernating
8962,52,6,1541.2,4,4,4,Champions
8963,11,2,475.45,4,3,3,Champions
8964,23,1,572.38,4,2,3,New / Promising
8965,17,1,127.49,4,2,1,New / Promising
8966,10,2,175.44,4,3,2,Regular
8967,638,1,1075.81,1,2,4,Lost / Hibernating
8968,105,2,1299.84,3,3,4,Champions
8970,588,1,42.84,1,2,1,Lost / Hibernating
8971,12,1,507.67,4,2,3,New / Promising
8973,276,1,10.09,2,2,1,Lost / Hibernating
8975,160,1,28.23,3,2,1,New / Promising
8979,54,4,838.5,4,4,4,Champions
8980,404,1,505.21,1,2,3,Lost / Hibernating
8981,21,1,13.7,4,2,1,New / Promising
8985,28,6,1521.65,4,4,4,Champions
8988,23,3,655.53,4,4,3,Champions
8989,204,3,905.39,2,4,4,At Risk (Valuable)
8990,406,2,760.92,1,3,4,At Risk (Valuable)
8991,497,1,152.14,1,2,2,Lost / Hibernating
8992,27,3,685.66,4,4,4,Champions
8995,154,2,695.11,3,3,4,Champions
8997,118,1,35.72,3,2,1,New / Promising
8998,78,1,57.67,3,2,1,New / Promising
8999,92,1,317.67,3,2,2,New / Promising
9000,331,2,1321.82,2,3,4,At Risk (Valuable)
