customer_id,first_name,last_name,email,phone,city,country,registration_date,acquisition_channel
1,Danielle,Johnson,Danielle.Johnson760@yahoo.com,232.318.1960,East William,USA,2023-06-28T21:29:57,organic_search
2,Anthony,Gonzalez,Anthony.Gonzalez224@hotmail.com,001-486-537-9402x654,Curtisfurt,USA,2025-05-09T08:01:33,referral
3,Colin,Abbott,Colin.Abbott778@hotmail.com,507-381-6184x959,Lake Jeremyport,United Kingdom,2024-11-20,email
4,Tracie,Wyatt,Tracie.Wyatt868@gmail.com,(547)452-5534x1928,Grayside,US,14.02.2025,social_media
5,Jeffrey,Nguyen,Jeffrey.Nguyen592@gmail.com,505.964.1395,Wilkersonmouth,FR,2024-04-21T03:40:38,social_media
6,Douglas,Taylor,Douglas.Taylor855@hotmail.com,+1-484-996-9653,Port Brandonville,germany,27/05/2023,referral
7,Eric,Moore,Eric.Moore474@hotmail.com,(791)366-9784x80184,Ryanmouth,Canada,2023-04-25,social_media
8,Aaron,Bowen,Aaron.Bowen68@hotmail.com,282-781-4893x252,Smithstad,DE,2025-03-21T23:24:19,paid_search
9,Natasha,Decker,Natasha.Decker253@yahoo.com,403.491.1718,Arroyoburgh,UK,11/01/2025,referral
10,Joseph,Brennan,Joseph.Brennan774@yahoo.com,383.546.5787,North Matthew,Germany,2023-05-11T14:00:32,referral
11,Brianna,Hall,Brianna.Hall,5106310518,Lewisberg,germany,06-30-2024,organic_search
12,Jennifer,Khan,Jennifer.Khan162@hotmail.com,337.263.1165x6670,Chandlerville,uk,2024-01-01,direct
13,John,Lee,John.Lee157@yahoo.com,(362)247-3178,North Sarabury,UK,2024-10-25,organic_search
14,Gabriel,Tucker,Gabriel.Tucker246@gmail.com,,Barreraburgh,U.K.,22/05/2023,paid_search
15,Nicholas,Galloway,Nicholas.Galloway170@yahoo.com,246.787.2343x098,North Breannahaven,germany,2024-02-16T11:20:57,direct
16,Samantha,Schmidt,Samantha.Schmidt922@gmail.com,312.819.1361x93990,Sarahborough,uk,16/04/2024,organic_search
17,Elizabeth,Edwards,Elizabeth.Edwards235@yahoo.com,(524)675-1079x9118,West Nicole,USA,21.09.2025,paid_search
18,Natasha,Wood,Natasha.Wood485@gmail.com,,Bassport,france,2024-12-26T15:25:19,email
19,Cheryl,Archer,Cheryl.Archer63@hotmail.com,508.741.2411x82449,Lake Cynthia,USA,2025-07-07T05:06:13,paid_search
20,Joseph,Freeman,Joseph.Freeman256@gmail.com,964-800-5242,North Charlesberg,uk,31/01/2023,paid_search
21,Amy,Davenport,Amy.Davenport493@hotmail.com,+1-526-520-4505,West Kimberlychester,DE,06-27-2024,email
22,Terri,Brady,Terri.Brady736@gmail.com,,Port Lisa,france,2023-05-05,organic_search
23,Nicole,Johnson,Nicole.Johnson515@hotmail.com,563-542-1607x33754,Lake Jamesmouth,FR,2023-05-21,direct
24,Joshua,Jones,Joshua.Jones123@yahoo.com,,Darlenefurt,CA,12-06-2025,paid_search
25,Erin,Anthony,Erin.Anthony272@yahoo.com,8147294019,Samuelhaven,UK,2023-05-29T00:20:20,referral
26,Darrell,Lam,Darrell.Lam76@gmail.com,706-308-8356x159,Williamchester,France,05-15-2024,paid_search
27,Mark,Terry,Mark.Terry721@hotmail.com,(236)662-9946,Jasonshire,germany,05/09/2024,social_media
28,Catherine,Morris,Catherine.Morris761@yahoo.com,638.572.1489x513,East Andrew,USA,2024-06-24T18:24:04,social_media
29,John,Alvarez,John.Alvarez,569.436.7632x016,Williamsbury,USA,2024-06-20T05:52:58,referral
30,Samantha,Martinez,Samantha.Martinez10@gmail.com,988.995.7986x872,,germany,26.01.2025,paid_search
31,Jonathon,Wright,Jonathon.Wright43@hotmail.com,387-434-7143x455,East Patrick,Germany,2024-03-06,social_media
32,Eric,Lewis,Eric.Lewis998@yahoo.com,(258)776-0366x90967,Karenchester,FR,2023-12-29,paid_search
33,Amanda,Navarro,Amanda.Navarro822@hotmail.com,873.446.7065,Calhounside,uk,2025-02-22T01:24:35,paid_search
34,Anthony,Long,Anthony.Long359@hotmail.com,,North Dawnberg,CA,2024-11-03,social_media
35,Michelle,White,Michelle.White696@yahoo.com,,Murphymouth,uk,01-01-2024,organic_search
36,Mark,Juarez,Mark.Juarez445@yahoo.com,264-517-0805x310,Port Andrew, USA ,2024-01-25,direct
37,Elijah,Martinez,Elijah.Martinez533@hotmail.com,393-474-5299,Danieltown,Germany,2025-01-15,direct
38,Sarah,Johnston,Sarah.Johnston680@yahoo.com,(831)793-1491x9058,New Deborahtown,U.K.,04.04.2025,paid_search
39,Melissa,Short,Melissa.Short681@gmail.com,(657)726-2849x87769,Port Sarah,CA,01-01-2023,paid_search
40,Joshua,Hayes,Joshua.Hayes622@yahoo.com,001-596-750-7527,Matthewview,germany,2023-12-14,social_media
41,Angela,Black,Angela.Black649@gmail.com,236-378-3777,Jeffreybury,france,2024-02-12,organic_search
42,Kevin,Perkins,Kevin.Perkins626@yahoo.com,+1-685-668-5574,North Jennifer,CA,2025-02-25T17:59:59,paid_search
43,Leslie,Newton,LESLIE.NEWTON705@HOTMAIL.COM,,East Javier,canada,2023-12-27T18:51:29,organic_search
44,Todd,Hardy,Todd.Hardy940@hotmail.com,+1-641-234-3524x082,New Kellyberg,France,11.10.2024,direct
45,Dana,Mullins,Dana.Mullins851@gmail.com,6949777520,Port Cameronfort,FR,05-21-2024,referral
46,Charles,Soto,Charles.Soto245@gmail.com,(529)841-3186,Kerrport,germany,15/06/2023,paid_search
47,Michelle,Branch,Michelle.Branch157@yahoo.com,001-490-591-3341,New Charles,germany,2024-02-28T15:17:49,referral
48,Aaron,Hayes,Aaron.Hayes390@hotmail.com,340.534.4713x4936,West Margaret, USA ,08.05.2025,referral
49,Charles,Martin,Charles.Martin225@yahoo.com,+1-994-371-7464x887,South Jessicaview,CA,05/12/2023,referral
50,Anthony,Perez,Anthony.Perez929@hotmail.com,001-990-649-0278,New Ryan,France,2025-08-03,social_media
51,Lisa,Costa,Lisa.Costa217@yahoo.com,(265)951-2567x468,West Johnnyville,DE,2025-05-13,email
52,Tara,Powell,Tara.Powell54@hotmail.com,9879603859,East Josephberg, USA ,05/03/2023,organic_search
53,Sara,Kim,Sara.Kim245@hotmail.com,310.993.2480x8613,Lake Marilynfort,France,25.01.2025,referral
54,Sarah,Carter,Sarah.Carter988@hotmail.com,467-373-7826x398,Kendrachester,United States,07/02/2025,organic_search
55,Matthew,French,Matthew.French851@yahoo.com,9447997278,Andreaside,france,2023-09-05,social_media
56,Nicholas,Cantu,Nicholas.Cantu678@gmail.com,001-939-263-6057x662,New Tammy,FR,08-05-2023,direct
57,Martin,Garcia,Martin.Garcia157@yahoo.com,687-702-6217,Santosmouth,germany,2025-09-17T16:55:31,direct
58,Melissa,Villarreal,Melissa.Villarreal331@yahoo.com,478-609-1343x16117,North Markton,FR,09.08.2025,direct
59,Kelly,Brooks,Kelly.Brooks30@gmail.com,886.592.2219,Durhamberg,DE,07-26-2024,referral
60,Jesse,Little,Jesse.Little971@yahoo.com,607-948-2175x946,Jamesfurt, USA ,2025-09-02T23:30:59,email
61,Melissa,Rodriguez,Melissa.Rodriguez302@yahoo.com,001-259-944-0640,Kimberlybury,USA,2025-12-23T12:30:56,direct
62,Catherine,Gomez,Catherine.Gomez361@hotmail.com,794.421.0470,West Markchester,FR,02/09/2023,paid_search
63,Gregory,Anderson,Gregory.Anderson496@hotmail.com,(488)542-4745x171,Coffeyside,canada,02/02/2024,social_media
64,Michael,Gibbs,Michael.Gibbs15@gmail.com,,Amandamouth,CA,2023-09-16T23:13:26,organic_search
65,Miguel,Curry,Miguel.Curry292@yahoo.com,,Carsonstad, USA ,2025-09-05,email
66,Daniel,Hall,Daniel.Hall591@gmail.com,+1-285-693-1746x120,Wilsonbury,Germany,23.05.2024,email
67,Paige,Taylor,Paige.Taylor810@yahoo.com,(786)592-6179x640,Wallacebury,france,28.05.2025,referral
68,Melissa,Garcia,Melissa.Garcia984@hotmail.com,(285)206-4317x139,Johnberg, USA ,18/11/2023,referral
69,Kristin,Harris,Kristin.Harris3@hotmail.com,,New Jason,United States,2024-08-02,direct
70,Molly,Murphy,Molly.Murphy807@gmail.com,+1-704-522-8421x020,Alfredview,CA,05/04/2024,social_media
71,Brian,Harmon,Brian.Harmon62@hotmail.com,517-275-8917,Stephentown,Canada,09-12-2023,direct
72,Bruce,Mendoza,Bruce.Mendoza513@yahoo.com,(717)871-1592x12499,Shawnchester,DE,2024-05-27,paid_search
73,Cory,Miles,CORY.MILES974@HOTMAIL.COM,+1-883-767-3657x6615,Nicholasberg,france,25.12.2023,direct
74,Gloria,Wells,Gloria.Wells186@gmail.com,716-315-2809,Gomezchester,DE,04-16-2025,direct
75,Miranda,Griffith,Miranda.Griffith338@yahoo.com,+1-745-319-8327x315,Audreychester,United States,2023-03-17,social_media
76,Megan,Villegas,Megan.Villegas119@hotmail.com,+1-480-494-0244x550,Jonestown,U.K.,2025-08-04,paid_search
77,Christopher,Moreno,Christopher.Moreno638@yahoo.com,(275)325-4599x10229,Scottchester,FR,2024-08-12T15:57:04,organic_search
78,Todd,Ramos,Todd.Ramos819@yahoo.com,681.256.1497,South Tracey, USA ,2023-08-21,direct
79,Brian,Harris,Brian.Harris956@gmail.com,001-724-345-1076x22683,Hensleyton,CA,14.05.2024,paid_search
80,Ryan,Stevens,Ryan.Stevens944@gmail.com,,Barbarashire,Germany,29.04.2025,social_media
81,Richard,Bowman,Richard.Bowman744@yahoo.com,860-352-9751,South Brianna,US,09-18-2025,referral
82,Alexandria,Foster,Alexandria.Foster467@yahoo.com,001-453-552-1818x8355,East Jonathanburgh,FR,04-21-2025,direct
83,Carrie,Wolf,Carrie.Wolf936@hotmail.com,727-779-9799,South Carlos,germany,11/10/2025,referral
84,Scott,Turner,Scott.Turner891@yahoo.com,001-205-781-4770,,FR,23/10/2023,organic_search
85,Marie,Jones,Marie.Jones347@gmail.com,+1-998-467-9807x935,South Dalemouth,DE,12-28-2025,direct
86,Toni,Miller,Toni.Miller37@hotmail.com,(703)777-8892,Paulmouth,germany,2023-07-05,direct
87,Erika,Williams,Erika.Williams171@hotmail.com,+1-451-751-8644x9251,Tammyfurt,usa,06/02/2025,paid_search
88,David,Fletcher,David.Fletcher580@gmail.com,486-552-8168x5054,Staceyfort,FR,08.05.2024,paid_search
89,James,Cooke,James.Cooke,441-888-8059,East Henry,CA,2023-11-20T02:41:21,social_media
90,Heather,Weber,Heather.Weber655@gmail.com,001-670-965-3794x7383,West Erika,FR,16/09/2025,email
91,Ashley,Alexander,Ashley.Alexander589@yahoo.com,001-368-386-2392x40758,Christopherburgh,FR,2023-01-17,referral
92,Joshua,Whitehead,Joshua.Whitehead795@gmail.com,(713)575-0606x85361,West Sarahmouth,DE,2023-10-08,direct
93,Lacey,Taylor,Lacey.Taylor808@yahoo.com,,Hortonberg,US,30/04/2025,paid_search
94,Katherine,Harrison,Katherine.Harrison544@hotmail.com,8103432898,Johnville,FR,2024-08-27,email
95,Brandon,Barnes,Brandon.Barnes773@hotmail.com,811.279.8089x324,Johnchester,United States,2025-01-19T03:17:16,organic_search
96,Jacob,Barnett,Jacob.Barnett466@hotmail.com,(718)688-8806x706,West Kristinastad,United Kingdom,30/01/2025,email
97,John,Sandoval,John.Sandoval906@gmail.com,001-995-220-5852x77221,Jamesborough, USA ,2025-08-08T11:00:08,organic_search
98,Nina,Stewart,Nina.Stewart969@yahoo.com,868.874.0345x05415,Klinefurt,Canada,03-06-2025,direct
99,Matthew,Lopez,Matthew.Lopez602@hotmail.com,,Richardsonhaven,FR,2025-04-15,direct
100,Joseph,Miller,Joseph.Miller455@yahoo.com,769-628-4511,Seanchester,UK,2025-01-04T02:12:16,social_media
101,Garrett,Wallace,Garrett.Wallace972@yahoo.com,4592640165,Port Cathy,Canada,02-13-2023,paid_search
102,Kimberly,Johnson,Kimberly.Johnson211@gmail.com,755.769.0927,Hinesshire,canada,03.11.2024,organic_search
103,Devin,Richardson,Devin.Richardson134@yahoo.com,+1-943-510-2786x8144,Heatherfort,UK,03.01.2025,social_media
104,James,Taylor,James.Taylor272@gmail.com,427.715.5188x442,North Tracie,United States,11.01.2025,organic_search
105,Laura,Young,Laura.Young227@yahoo.com,3583957829,Raymondfort,germany,2025-07-27,organic_search
106,Alicia,Hammond,Alicia.Hammond437@hotmail.com,,East Teresaland,DE,31/10/2023,social_media
107,Shannon,Frazier,Shannon.Frazier600@yahoo.com,(489)622-6801,East Marcus,france,2025-05-31,direct
108,Jenna,Reed,Jenna.Reed887@hotmail.com,414-438-4249x8182,Meganshire,france,05-01-2025,email
109,Blake,Shields,Blake.Shields384@gmail.com,,Lake Kelliview,U.K.,06-03-2025,paid_search
110,Debra,Wang,Debra.Wang601@yahoo.com,+1-207-484-4736x471,Perrymouth,France,05-16-2025,referral
111,James,Lawson,James.Lawson107@yahoo.com,001-355-662-5881x537,Wrightville,U.K.,01-22-2025,referral
112,Brent,Dougherty,Brent.Dougherty866@hotmail.com,(232)359-5327x87747,Wagnerbury,CA,01/07/2024,social_media
113,Jason,Gomez,JASON.GOMEZ360@GMAIL.COM,779-274-8016x2456,Williamsside,U.K.,04.03.2023,paid_search
114,James,Tran,James.Tran465@gmail.com,(787)484-9912x1655,New William,DE,23/06/2023,paid_search
115,Vincent,Williams,Vincent.Williams691@gmail.com,001-457-887-2982x595,Brittneyhaven,France,2024-03-17,social_media
116,Maria,Patel,Maria.Patel291@hotmail.com,001-647-205-5169,Bakershire,Germany,23/04/2023,social_media
117,Becky,Griffith,Becky.Griffith,728.896.2309x1307,South Hannah,Canada,17/02/2025,referral
118,Robert,Hampton,Robert.Hampton826@yahoo.com,001-702-783-8578x6527,Chelseaborough,france,09.06.2023,email
119,Susan,Ramirez,Susan.Ramirez727@yahoo.com,644.637.5758,New Ericafurt,FR,2025-07-31,email
120,Paula,Foster,Paula.Foster447@yahoo.com,001-624-404-1574x73384,New Joycebury,United States,2024-11-13,referral
121,John,Santiago,John.Santiago523@hotmail.com,230.416.5712,Delgadofort, USA ,2023-10-30,paid_search
122,Thomas,Gonzalez,Thomas.Gonzalez178@yahoo.com,440-619-3802x62067,North Kennethville,UK,08.10.2025,referral
123,Sarah,Rogers,Sarah.Rogers947@yahoo.com,+1-688-472-8743x1527,Lake Matthewport,germany,2024-10-09T05:29:46,organic_search
124,Ashley,Todd,Ashley.Todd647@gmail.com,+1-566-285-1612x275,Patrickmouth,DE,2025-07-14,social_media
125,Karen,Finley,Karen.Finley661@yahoo.com,001-690-445-3017,Parksport,United Kingdom,26.03.2023,direct
126,Hannah,Fowler,Hannah.Fowler620@yahoo.com,,Christinabury,CA,04.12.2024,direct
127,Susan,Mendoza,Susan.Mendoza254@yahoo.com,001-795-368-7833x9187,North Mariahaven,Canada,2024-08-02T14:06:19,social_media
128,James,Herrera,James.Herrera809@gmail.com,887-913-9718x70728,New Stevenport,France,31.05.2024,paid_search
129,Jennifer,Foster,Jennifer.Foster597@gmail.com,001-639-810-6518x0170,Port Derek,United Kingdom,2023-09-22,social_media
130,Darlene,Daniel,Darlene.Daniel659@yahoo.com,(867)466-1825x128,Port Adam,FR,2025-12-14T03:24:09,referral
131,Andrew,Evans,Andrew.Evans372@hotmail.com,001-286-886-3375x2431,East Jamieville,United Kingdom,2023-10-09,social_media
132,Brittney,Griffin,Brittney.Griffin790@hotmail.com,001-603-506-7383x028,Barbaramouth, USA ,2023-09-26T21:44:42,paid_search
133,Joel,Walter,Joel.Walter852@hotmail.com,836.744.0892x68705,,Canada,2025-01-16T08:38:53,referral
134,Heather,Russell,Heather.Russell240@yahoo.com,(428)873-3427x0866,West James,uk,2025-01-23T20:46:06,email
135,Deborah,Nielsen,Deborah.Nielsen515@yahoo.com,383-504-6990,South Jason,uk,2024-05-27T01:53:59,social_media
136,Rebecca,Turner,Rebecca.Turner729@gmail.com,731.673.9363,Owensstad,France,2025-11-17T05:21:53,organic_search
137,Kyle,Ward,Kyle.Ward906@yahoo.com,217.653.5560x932,Phillipsborough,CA,17/06/2023,organic_search
138,Mark,James,Mark.James860@gmail.com,,Piercemouth,United Kingdom,2025-08-25T05:03:11,email
139,Jonathan,Underwood,Jonathan.Underwood928@hotmail.com,+1-277-325-2287x2808,Port Adamberg,France,2025-12-16,social_media
140,Megan,Hall,Megan.Hall125@hotmail.com,(903)987-5099,North Amandachester,CA,20.10.2025,organic_search
141,Alexander,Moreno,Alexander.Moreno,+1-440-586-2118,New Alisha,france,19.01.2024,social_media
142,Lisa,Adams,Lisa.Adams558@yahoo.com,256-379-3341,Grayside, USA ,03-03-2025,direct
143,Thomas,Walsh,Thomas.Walsh808@hotmail.com,,North Vincent,US,2024-11-11,social_media
144,Ryan,Mueller,Ryan.Mueller834@hotmail.com,380-633-9740,East Sarahmouth,FR,2024-01-09,direct
145,Alexis,Clark,Alexis.Clark301@gmail.com,001-761-242-9396x85621,South Jesseland,Germany,2025-03-26T19:46:16,social_media
146,Matthew,Mack,Matthew.Mack293@hotmail.com,(850)347-7358x6629,Laurenland,United States,2025-01-23T15:54:32,direct
147,Christopher,Moore,Christopher.Moore348@hotmail.com,+1-426-355-1104x7541,South Shane,DE,2023-06-19,email
148,Angela,Russell,Angela.Russell559@gmail.com,658-819-9560,Maxwellside,France,2025-05-22T06:04:02,social_media
149,Rebecca,Spence,Rebecca.Spence745@hotmail.com,826.622.4447x21264,Pattonstad,Germany,2023-04-28T02:43:55,social_media
150,Johnathan,Wright,Johnathan.Wright696@hotmail.com,799.937.1240x6596,Ryanberg,france,16/09/2023,direct
151,Kevin,Morrison,Kevin.Morrison393@hotmail.com,575.726.5479,Ramirezfurt,U.K.,28.06.2025,paid_search
152,Michael,Frederick,Michael.Frederick408@gmail.com,,Lake Katrina,FR,26.11.2025,organic_search
153,Anthony,Acosta,Anthony.Acosta721@hotmail.com,674.416.7243,Mccormickland,U.K.,2023-09-09,email
154,Shane,Harper,Shane.Harper456@hotmail.com,(488)268-0589x1135,Rasmussenmouth,canada,13.05.2023,social_media
155,Tammy,Jordan,Tammy.Jordan729@gmail.com,943-788-8993,Fordshire,UK,16/02/2024,email
156,Hannah,Hernandez,Hannah.Hernandez568@gmail.com,914.761.1254x5738,Davismouth,US,2023-05-15T11:15:39,direct
157,Luis,Evans,Luis.Evans421@hotmail.com,405-712-3828,Mullenbury,germany,10.07.2025,social_media
158,Lauren,Soto,Lauren.Soto656@gmail.com,+1-666-309-3796x6033,Port Monicaburgh,canada,12/09/2023,social_media
159,Michael,Gonzalez,Michael.Gonzalez331@gmail.com,978-459-6969x155,Samanthashire,Canada,11/06/2023,direct
160,Christopher,Anderson,Christopher.Anderson129@gmail.com,441.825.2866,Lopezside,FR,12.11.2023,direct
161,Heather,Brewer,Heather.Brewer863@gmail.com,,South Keith,FR,26/06/2024,referral
162,Jacob,Wilkinson,Jacob.Wilkinson655@hotmail.com,9508723688,Perrymouth,germany,05-16-2024,email
163,Tracy,Miller,Tracy.Miller162@gmail.com,001-334-304-3842x79788,Kimberlystad,USA,2024-10-15T12:34:28,paid_search
164,Amber,Sherman,Amber.Sherman327@hotmail.com,983.361.3407x451,East Lisa,United Kingdom,2025-02-25T22:24:18,paid_search
165,Brianna,Bell,Brianna.Bell957@hotmail.com,+1-462-792-3309x584,Keithview,CA,2025-10-18T11:14:01,organic_search
166,Stephanie,Robertson,Stephanie.Robertson518@hotmail.com,,East Sydneychester,usa,21.08.2025,organic_search
167,Samantha,Riddle,Samantha.Riddle138@hotmail.com,(623)825-3672,Hayesland,usa,03.02.2024,social_media
168,Richard,Brady,Richard.Brady517@hotmail.com,(577)859-0175x186,South Joseph,usa,2023-09-21T03:31:12,social_media
169,Maria,Morgan,Maria.Morgan774@hotmail.com,,,U.K.,13.11.2024,email
170,David,Phelps,David.Phelps915@yahoo.com,+1-600-417-0127x70632,Clarencestad,canada,09-04-2024,referral
171,John,Watson,John.Watson502@hotmail.com,(506)943-6110,East Brittneyhaven,france,05-03-2025,direct
172,Erin,Smith,Erin.Smith486@hotmail.com,416-827-1361x11554,Lake Victoria, USA ,2023-04-16T21:14:43,paid_search
173,Douglas,Moreno,Douglas.Moreno739@gmail.com,+1-427-353-2697x311,,france,2023-08-14,email
174,Brittany,Cruz,Brittany.Cruz156@yahoo.com,523-841-3899x94043,Debbiebury,uk,08.05.2023,paid_search
175,Troy,Rodriguez,Troy.Rodriguez679@yahoo.com,+1-491-980-5526x9658,North Brendatown,FR,12-26-2024,referral
176,Jose,Williams,Jose.Williams981@gmail.com,(384)686-6618x8924,New Samanthaberg,Germany,2024-08-14T07:32:48,social_media
177,Amanda,Myers,Amanda.Myers574@hotmail.com,001-614-463-0316x17990,North Jeantown,DE,02-16-2025,paid_search
178,Frank,Benton,Frank.Benton295@hotmail.com,342.952.4105x64814,Dixonton,United Kingdom,14.03.2024,social_media
179,Victor,Bradley,Victor.Bradley279@yahoo.com,(241)591-3800,South Michaelberg,france,23/12/2025,organic_search
180,Harold,Horne,Harold.Horne339@gmail.com,,Walkerbury,usa,2023-11-20T14:48:54,email
181,Robert,Cortez,Robert.Cortez329@yahoo.com,295-818-0238,South Michelleport,CA,2023-03-18T06:22:26,paid_search
182,Mark,Tran,Mark.Tran807@gmail.com,(534)494-9375x973,South Andrewside,usa,19.01.2023,referral
183,Michael,Franco,Michael.Franco292@gmail.com,206-541-3836x70241,Haynesstad,US,10-29-2025,paid_search
184,Stephen,Adkins,Stephen.Adkins167@hotmail.com,,New Dennisfurt,US,27/08/2024,paid_search
185,Charles,Bradley,Charles.Bradley919@yahoo.com,+1-423-344-5655x74313,North Frank,france,10-15-2023,paid_search
186,Steven,Russell,Steven.Russell393@hotmail.com,(537)747-4112x490,North Jennifer,US,01-24-2023,direct
187,Tanya,Foster,Tanya.Foster684@gmail.com,+1-344-220-6788x31712,Port Kimberlybury,Canada,09-28-2024,social_media
188,David,Colon,David.Colon225@yahoo.com,+1-219-994-1013x72151,East Sandrachester,France,22/08/2025,paid_search
189,Lorraine,Foster,Lorraine.Foster539@gmail.com,(562)653-2447x2099,Jenkinsside,France,01.11.2025,referral
190,Timothy,Miller,Timothy.Miller336@yahoo.com,(963)983-8065,Robertahaven,Canada,2025-11-11,email
191,Marc,Nelson,Marc.Nelson426@gmail.com,593-604-0785x93213,Port Wendybury,canada,2025-03-21,direct
192,Barbara,Mcgrath,Barbara.Mcgrath75@yahoo.com,(422)539-5590x599,Weaverburgh,canada,2023-05-22,social_media
193,Tracy,Davis,Tracy.Davis788@gmail.com,+1-730-287-0593x252,East Brendaberg,Germany,2025-02-22T16:19:50,email
194,Kim,Mathis,Kim.Mathis137@yahoo.com,456-891-5452,Banksburgh, USA ,2024-04-01,social_media
195,Jasmine,Hoffman,Jasmine.Hoffman737@hotmail.com,(239)426-4422x096,Samanthabury,germany,2024-07-18,organic_search
196,Danielle,Garcia,Danielle.Garcia785@yahoo.com,,West Julie,germany,2025-07-03,paid_search
197,John,Haas,John.Haas450@gmail.com,,Port Jennamouth,usa,15.08.2024,social_media
198,Sean,Baker,Sean.Baker792@gmail.com,001-915-841-0067x626,Amyville,france,03-28-2024,social_media
199,Maria,Kramer,Maria.Kramer972@hotmail.com,+1-432-871-0405x4115,Lake Charles, USA ,2023-04-07T12:32:23,referral
200,Shelly,Spence,Shelly.Spence419@yahoo.com,+1-597-506-2962x015,Terryside,uk,2024-09-07T05:15:20,organic_search
201,Joseph,Campbell,Joseph.Campbell992@gmail.com,206-898-7205,West Madisonfort,FR,06-11-2023,organic_search
202,James,Johnson,James.Johnson850@gmail.com,+1-441-771-4677x4186,Woodmouth,france,21.01.2024,paid_search
203,Bradley,Gonzales,Bradley.Gonzales891@yahoo.com,849.502.1158,Port Paulhaven,Germany,29/08/2023,direct
204,Robert,Nichols,Robert.Nichols210@yahoo.com,001-437-341-6089,Thompsonburgh,france,01-05-2025,social_media
205,Teresa,Stokes,Teresa.Stokes478@gmail.com,3613632945,Hawkinsside,FR,2025-01-29T11:23:35,organic_search
206,Mark,Hill,Mark.Hill760@yahoo.com,3993861622,Port Justinside,France,11-09-2023,paid_search
207,Nicole,Humphrey,Nicole.Humphrey854@yahoo.com,(279)897-0246x2996,Hannahton,germany,2025-09-27T23:21:48,email
208,Julie,Mccall,Julie.Mccall815@yahoo.com,6549447132,Josephchester,canada,2023-05-01,organic_search
209,Cassidy,Davis,Cassidy.Davis423@yahoo.com,667.885.0821,Port Melissa,USA,2025-07-22,referral
210,Natasha,Johnson, Natasha.Johnson676@gmail.com ,,Port Brian,FR,07-16-2024,organic_search
211,Antonio,Williams,Antonio.Williams691@yahoo.com,001-934-457-8610x357,Matthewsstad,france,08.05.2024,referral
212,Max,Monroe,Max.Monroe274@yahoo.com,001-814-206-0293x3334,South Rhondaburgh,U.K.,2024-04-07,direct
213,Carolyn,Smith,Carolyn.Smith416@yahoo.com,,Jenniferview,USA,10-20-2025,referral
214,Rodney,Bennett,Rodney.Bennett942@yahoo.com,743.674.8969x108,Gabriellefort, USA ,04-06-2023,referral
215,Caleb,Mcneil,Caleb.Mcneil34@hotmail.com,944-643-2830x96520,Rebeccafurt,france,03-26-2025,paid_search
216,Paul,Johnson,Paul.Johnson581@hotmail.com,001-435-438-7584,Connorberg,France,14.10.2023,direct
217,Joyce,Hardy,Joyce.Hardy101@hotmail.com,001-925-313-5346x55494,Brownshire,United Kingdom,2025-03-23,direct
218,Betty,Oliver,Betty.Oliver503@yahoo.com,481.568.4602,Robertshire,uk,17.02.2025,social_media
219,Patricia,Hatfield,Patricia.Hatfield76@gmail.com,421-975-2500x74329,East Christinachester,canada,2024-10-10,organic_search
220,Richard,Sanford,Richard.Sanford456@yahoo.com,2082350583,East Heather,US,2025-11-15,organic_search
221,Maxwell,Anderson,Maxwell.Anderson568@yahoo.com,494.721.0447x89856,Howardborough,US,05.03.2025,paid_search
222,Frederick,Meadows,Frederick.Meadows174@yahoo.com,3337230982,South Nancyview,france,12-09-2023,email
223,Kelsey,Dean,Kelsey.Dean802@hotmail.com,6109016761,East Heather,uk,2024-02-05,paid_search
224,Crystal,Turner,Crystal.Turner972@hotmail.com,384-699-2618,Port Danielborough,United Kingdom,31.05.2025,paid_search
225,Chelsea,Strickland,Chelsea.Strickland618@hotmail.com,956.742.0873,North Alexander,U.K.,2024-08-19T23:02:35,referral
226,Christopher,Rodriguez,Christopher.Rodriguez386@hotmail.com,+1-372-418-1143x74470,Port Kellymouth,CA,2024-01-04,direct
227,Ronald,Wilson,Ronald.Wilson215@gmail.com,7227557941,North Richard,germany,17/04/2025,direct
228,Suzanne,Nelson,Suzanne.Nelson259@yahoo.com,,Marshburgh,UK,2025-09-08T21:11:55,referral
229,Daniel,Horton,Daniel.Horton429@gmail.com,(816)797-9729,Port Gabrielleberg,france,24/06/2023,direct
230,Timothy,Freeman,Timothy.Freeman663@yahoo.com,301.845.0899x358,South Michael,UK,2024-11-10,organic_search
231,Erica,Cruz,Erica.Cruz228@hotmail.com,+1-700-628-7721x753,New Jeffreyfurt,US,12.03.2025,direct
232,Richard,Young,Richard.Young354@yahoo.com,897.217.7517x016,Port Christopherport,France,10-18-2023,social_media
233,Pamela,Hart,Pamela.Hart534@hotmail.com,+1-375-350-3758x99757,North Matthew,Germany,2024-09-06,organic_search
234,Maria,Brandt,Maria.Brandt694@yahoo.com,+1-385-610-2726,East David,United Kingdom,2024-11-08T20:23:00,email
235,Melissa,Lewis,Melissa.Lewis645@gmail.com,,Danielchester,CA,09.02.2024,email
236,Brandon,Schultz,Brandon.Schultz722@hotmail.com,001-217-879-8270,Glassburgh,Germany,01-18-2024,paid_search
237,Heather,Thompson,Heather.Thompson269@gmail.com,569-695-8669,Stuartport,Germany,2025-03-14,social_media
238,Shawn,Anderson,Shawn.Anderson633@yahoo.com,+1-484-485-8333x945,Jenniferstad,uk,2023-10-02,paid_search
239,Anna,Aguilar,Anna.Aguilar188@hotmail.com,001-268-546-0810x620,Karenburgh,United Kingdom,2025-05-16T06:45:47,direct
240,Tonya,Vega,Tonya.Vega942@gmail.com,5438805719,New Kristen,france,06.10.2024,organic_search
241,Lauren,Roberts,Lauren.Roberts497@hotmail.com,5669658004,Lake Janet,United Kingdom,2025-10-04T15:07:57,email
242,Deborah,Fischer,Deborah.Fischer579@hotmail.com,001-293-834-7212x2816,Angelaberg,Canada,11.12.2023,direct
243,Eugene,Singleton,Eugene.Singleton524@gmail.com,372-702-5909x47985,East Abigail,germany,27.03.2023,paid_search
244,Kristie,Moore,Kristie.Moore754@hotmail.com,+1-661-553-3555,Barajastown,Germany,2024-12-14T03:10:01,organic_search
245,Danny,Reed,Danny.Reed831@gmail.com,+1-799-930-5616x4840,Williamsborough,Canada,13/10/2023,organic_search
246,Luke,Miller,Luke.Miller546@gmail.com,(588)801-3361,Lake Ginatown,FR,2024-07-01,paid_search
247,Stephen,Rivera,Stephen.Rivera284@gmail.com,802-848-1934,Mccoychester,Germany,2024-05-21T14:17:52,paid_search
248,Leslie,Price,Leslie.Price276@gmail.com,+1-309-619-0158,Catherineport,france,04-05-2025,direct
249,Kathy,Kim,Kathy.Kim974@yahoo.com,+1-407-328-3268x42450,North Ashleyfurt,uk,07-27-2025,organic_search
250,Amanda,Arroyo,Amanda.Arroyo224@yahoo.com,653.568.2223,East Emilyshire,FR,2023-09-25T20:36:45,social_media
251,Melissa,York,Melissa.York102@hotmail.com,481.541.4139x755,West Christineborough,USA,2025-07-23T00:01:28,paid_search
252,Louis,Hayes,Louis.Hayes310@hotmail.com,+1-849-629-9556x20533,Dennismouth,canada,31/01/2025,organic_search
253,Natalie,Ford,Natalie.Ford313@yahoo.com,,Tonyville,germany,2024-03-13,paid_search
254,Gregory,Obrien, Gregory.Obrien532@yahoo.com ,(883)541-1080,New Jorgeside,France,2025-05-14T04:48:44,organic_search
255,Thomas,Rowe,Thomas.Rowe92@yahoo.com,(539)442-7881x6580,South Erik,CA,30/09/2023,organic_search
256,Ashley,Knight,Ashley.Knight9@gmail.com,001-775-803-7314x5303,Hardinton,france,2025-04-23T22:25:50,paid_search
257,Bill,Wong,Bill.Wong144@gmail.com,001-384-649-8926x659,Kaufmanbury,USA,10-14-2023,direct
258,Zachary,Gomez,Zachary.Gomez567@yahoo.com,479.408.2723x1843,,United States,09.09.2024,referral
259,Eric,Guzman,Eric.Guzman766@gmail.com,+1-236-451-7773x92603,East Crystal,France,01/03/2025,email
260,Benjamin,Armstrong, Benjamin.Armstrong541@gmail.com ,(342)586-9904,Obrienfort,France,11.05.2025,direct
261,Michelle,Jackson,Michelle.Jackson978@yahoo.com,,Port Brandi,CA,04.05.2023,social_media
262,Katrina,Hanson,Katrina.Hanson434@hotmail.com,225-579-9136x621,Serranoville,FR,26.09.2024,paid_search
263,Gregory,Valenzuela,Gregory.Valenzuela335@hotmail.com,2888117298,Woodton,canada,2025-06-14,paid_search
264,Heidi,Patterson,Heidi.Patterson119@yahoo.com,001-865-699-1624x73149,North Jenna,usa,02/09/2023,direct
265,Kristine,Lane,Kristine.Lane509@gmail.com,806.735.6512x69448,Victoriafurt,United States,2023-09-17,organic_search
266,Kari,Gutierrez,Kari.Gutierrez279@hotmail.com,525.988.7449x5621,North Jason,uk,2025-11-12,email
267,Richard,Morgan,Richard.Morgan377@hotmail.com,+1-602-560-1279x611,Christopherton,France,2025-11-08,organic_search
268,Jenny,Arias,Jenny.Arias484@yahoo.com,+1-584-290-2770x384,,Canada,05-08-2025,paid_search
269,Kristen,Dixon,Kristen.Dixon328@hotmail.com,692.805.3021,Elizabethfurt,germany,03.01.2024,organic_search
270,Brenda,Holmes,Brenda.Holmes899@hotmail.com,001-511-984-8955x439,Andrewsview,Germany,17/01/2023,social_media
271,Gregory,Hunter,Gregory.Hunter758@hotmail.com,684-951-8489,Hartbury,FR,05/02/2024,paid_search
272,Katherine,Ali,Katherine.Ali25@yahoo.com,+1-279-607-1416x33565,West Christopher,usa,2023-01-03T23:55:54,direct
273,Emily,Nicholson,Emily.Nicholson211@gmail.com,,South Lee,United Kingdom,2024-07-27,paid_search
274,Jeffery,Berry,Jeffery.Berry718@gmail.com,001-437-333-3433x3395,North Emmafort,FR,18.03.2025,referral
275,Christina,Duran,Christina.Duran679@hotmail.com,4756957947,Walkershire,usa,2024-10-30T11:34:48,social_media
276,David,Fox,David.Fox967@yahoo.com,280.585.6271x8750,Carpentermouth,Canada,2025-08-12T11:26:00,organic_search
277,Michael,Hensley,Michael.Hensley988@gmail.com,+1-943-847-9552,South Jaclyn,FR,2024-09-15,paid_search
278,Nathan,Dickerson,Nathan.Dickerson94@yahoo.com,,Whiteberg,UK,2023-12-23T01:07:53,email
279,Tiffany,Parks,Tiffany.Parks564@gmail.com,001-943-486-6322x7026,,france,31/03/2024,email
280,Wendy,Atkinson,Wendy.Atkinson597@hotmail.com,+1-357-444-8906,East Lisafort,United Kingdom,2025-06-27,social_media
281,Mary,Davis,Mary.Davis965@hotmail.com,445-658-8450x61593,Markhaven,USA,2023-03-02T13:56:05,paid_search
282,Tony,Doyle,Tony.Doyle931@gmail.com,,Austinmouth,UK,05-18-2024,email
283,Crystal,Thomas,Crystal.Thomas491@gmail.com,+1-656-699-6112x5355,Nelsonmouth,germany,12.12.2025,organic_search
284,Kimberly,Mcmillan,Kimberly.Mcmillan368@hotmail.com,001-687-362-2023,East Randy,germany,2024-07-07,social_media
285,Cody,Zuniga,Cody.Zuniga31@yahoo.com,+1-400-368-1149,Parkerbury,France,2024-04-21,paid_search
286,Joan,Ramos,Joan.Ramos547@gmail.com,(682)900-5577,Lake Amber,CA,06/03/2025,paid_search
287,Brittany,Bryant,Brittany.Bryant326@hotmail.com,,Millsside,canada,19/10/2023,email
288,Kyle,Reed,Kyle.Reed180@hotmail.com,217.245.6424,West Justin,FR,02.01.2023,paid_search
289,Amanda,Watts,Amanda.Watts735@yahoo.com,,Evanschester,CA,18.10.2023,social_media
290,Lauren,Harper,Lauren.Harper722@gmail.com,+1-853-868-6632,West Christian,US,2023-11-19T15:54:21,direct
291,Colleen,Black,Colleen.Black725@hotmail.com,001-944-984-6312x241,Jackiefort,UK,12-26-2023,direct
292,Jacob,Smith,Jacob.Smith182@gmail.com,+1-502-314-4270,North Tristan,UK,08.03.2023,social_media
293,Matthew,Collins,Matthew.Collins655@yahoo.com,(470)551-2046x187,Lisatown,France,2024-10-16,direct
294,David,Tate,David.Tate12@gmail.com,(473)203-7183x7645,West Timothyport,uk,2023-01-03T01:45:10,email
295,James,Clay,James.Clay906@hotmail.com,313.865.0249,North Tanya,Germany,2024-04-06T05:55:19,organic_search
296,Bianca,Vazquez,Bianca.Vazquez21@hotmail.com,+1-725-413-2719x500,East Tonymouth,US,2023-06-03,social_media
297,Tina,Kramer,Tina.Kramer915@yahoo.com,930.565.2407x784,New Michael,france,2023-11-18,social_media
298,Jessica,Hill,Jessica.Hill420@hotmail.com,+1-721-982-7448,Port Danafurt,Canada,2024-05-01,email
299,Jessica,Andrade,Jessica.Andrade,,Kimberlybury,france,2025-09-10,organic_search
300,Malik,Brown,Malik.Brown654@hotmail.com,(338)278-2945x6511,East Morgan,Canada,2025-09-28,direct
301,James,Washington,James.Washington190@gmail.com,,New Darlenefurt,FR,06-23-2024,referral
302,Diane,Fox,Diane.Fox771@hotmail.com,001-940-353-9103,Owenton,United States,2024-04-10,email
303,Michael,Paul,Michael.Paul989@yahoo.com,(309)548-0141x381,Lopezhaven,FR,2023-06-11,referral
304,Diane,Hudson,Diane.Hudson820@gmail.com,+1-486-419-5761,Wagnerburgh,france,09/12/2023,paid_search
305,Amanda,Greene,Amanda.Greene81@yahoo.com,685-756-6593x98368,Westfurt,usa,2024-06-12,organic_search
306,Aaron,Johnson,Aaron.Johnson407@yahoo.com,+1-408-324-0433x504,,germany,2025-12-06,email
307,Benjamin,Kelly,Benjamin.Kelly581@gmail.com,359-733-4419x693,Thompsonshire,Canada,26.07.2023,social_media
308,Lori,Davis,Lori.Davis393@hotmail.com,209-861-0556x6139,West Alicemouth,DE,2025-04-02T01:24:43,social_media
309,Amber,Hernandez,Amber.Hernandez764@hotmail.com,001-632-806-7998x136,East Matthew,Canada,2024-09-28T10:12:25,direct
310,Thomas,Mcgee,Thomas.Mcgee138@hotmail.com,(541)568-6227x8376,North Joseph,United States,2023-07-02T06:50:33,paid_search
311,Russell,Cohen,Russell.Cohen497@hotmail.com,216-665-5355,West Christina,germany,2024-09-29T18:27:06,paid_search
312,Veronica,Ramos,Veronica.Ramos30@gmail.com,,,france,14/04/2023,social_media
313,Scott,Glass,Scott.Glass518@gmail.com,652.211.0392,Heatherville,uk,2025-07-02T06:27:56,referral
314,Kevin,Ruiz,Kevin.Ruiz353@yahoo.com,483.238.8487,Aguilarhaven,FR,02/03/2025,referral
315,Bradley,Jackson,Bradley.Jackson663@yahoo.com,794.307.0164,West Michellefurt,Canada,19/01/2023,direct
316,Jerry,James,JERRY.JAMES821@HOTMAIL.COM,957-298-1238,East Sandraport,canada,2024-07-17T15:25:49,social_media
317,Matthew,Long,Matthew.Long224@gmail.com,6558543840,New Stacybury,DE,13.11.2025,direct
318,Edward,Prince,Edward.Prince290@hotmail.com,(416)889-3639,Reneemouth,france,07-21-2024,paid_search
319,Shane,Anderson,Shane.Anderson784@hotmail.com,(498)432-4826,Carlosside,canada,2024-10-16,direct
320,Stacy,Wilson,Stacy.Wilson266@yahoo.com,(505)366-4742,East Anthony,DE,24/01/2024,direct
321,Valerie,Jensen,Valerie.Jensen804@hotmail.com,001-993-493-3051,Josephstad,france,2024-01-06,email
322,Jack,Hughes,Jack.Hughes265@yahoo.com,(523)530-6046,North Gregory,canada,07-02-2023,paid_search
323,Stephanie,Gonzales,Stephanie.Gonzales808@hotmail.com,257.336.6096x5699,Bryantton,uk,20.04.2023,referral
324,Natalie,Sanchez,Natalie.Sanchez484@hotmail.com,(408)868-0347x6447,Christieton,France,21/04/2023,paid_search
325,Hannah,Mckee,Hannah.Mckee584@yahoo.com,+1-271-481-2982x6657,Garzaborough,uk,06-15-2023,direct
326,Nicole,Davis,Nicole.Davis650@yahoo.com,001-421-811-7518x689,Williamsburgh,CA,2023-11-21,paid_search
327,Rhonda,Cunningham,Rhonda.Cunningham649@hotmail.com,,East Misty,FR,02-03-2025,referral
328,Harold,Joseph,HAROLD.JOSEPH693@YAHOO.COM,947-942-1230x9407,New Nicolebury,Canada,30.07.2023,referral
329,Jay,Keller,Jay.Keller67@yahoo.com,(471)299-0384x98302,Benjaminton,UK,22/11/2024,social_media
330,Elizabeth,Massey,Elizabeth.Massey769@yahoo.com,710-216-2249x99827,Port Kevinstad,DE,2023-09-26,referral
331,Priscilla,Wilkins,Priscilla.Wilkins127@yahoo.com,+1-814-572-1458,New Brian,France,2025-12-31,referral
332,Ashley,Krause,Ashley.Krause670@hotmail.com,779-446-9548,Stonefort,USA,01/06/2024,paid_search
333,Travis,White,Travis.White431@hotmail.com,843.801.0713,West Michaelborough,US,03.08.2023,organic_search
334,Alex,Harris,Alex.Harris804@yahoo.com,214-448-8501x556,West Martha,United Kingdom,2024-02-18T13:01:53,social_media
335,Sandra,Mendoza,Sandra.Mendoza562@yahoo.com,2276278576,,Canada,02.07.2023,direct
336,Annette,Gregory,Annette.Gregory973@hotmail.com,,East Barbaramouth,Germany,04-18-2024,social_media
337,Lauren,Barron,Lauren.Barron103@yahoo.com,824-405-6829,Port Kimberlyport,Germany,2025-05-22,organic_search
338,Janet,Edwards,Janet.Edwards680@gmail.com,361-773-5743x842,Port Jamesland,United States,07-10-2023,paid_search
339,Scott,Johnson,Scott.Johnson410@yahoo.com,923.857.8452x18230,North Larryton,usa,08/12/2023,direct
340,Gloria,Wheeler,Gloria.Wheeler107@gmail.com,670-718-4094x35334,Lambertview,United States,16.02.2025,organic_search
341,Edward,Hill,Edward.Hill943@gmail.com,,East Amyside,CA,26.01.2023,direct
342,Lucas,Thomas,Lucas.Thomas979@hotmail.com,993-221-4958x7020,South Brianchester,France,05-24-2024,direct
343,Philip,Bush,Philip.Bush860@hotmail.com,,Jensenport,Germany,2025-11-01T17:05:10,paid_search
344,Martin,Gonzalez,Martin.Gonzalez329@hotmail.com,+1-617-992-1717,Hallbury,usa,2025-04-05,email
345,Douglas,Huang,Douglas.Huang459@yahoo.com,(962)955-7701x715,West Katrina,germany,2023-02-06T03:44:13,email
346,Cassandra,Anderson,CASSANDRA.ANDERSON563@GMAIL.COM,(515)481-4876x9639,Reyesmouth, USA ,07/11/2025,direct
347,Jared,Benson,Jared.Benson373@yahoo.com,(395)983-2197x19975,West Stephanie,DE,08-26-2025,direct
348,Chad,Rodriguez,Chad.Rodriguez100@hotmail.com,001-665-870-1329x02278,Gonzalezmouth,Germany,20.08.2024,social_media
349,Kevin,Bauer,Kevin.Bauer919@hotmail.com,265-219-0986x2405,Danielport,USA,2024-02-06,email
350,Michelle,Young,Michelle.Young845@hotmail.com,001-465-966-6683,East Angela,CA,2023-09-10T16:24:08,direct
351,Megan,Ward, Megan.Ward138@yahoo.com ,(842)420-1027,East Dawnchester,france,16/09/2025,direct
352,Michelle,English,Michelle.English749@hotmail.com,+1-469-827-8687x653,New Tyronebury,France,26.02.2025,direct
353,Jennifer,Adams,Jennifer.Adams408@hotmail.com,001-950-309-7519,Lake Jessica,CA,15.11.2025,social_media
354,Tonya,Terrell,Tonya.Terrell223@yahoo.com,281.789.1371x894,South Shawnfort,france,31.12.2023,direct
355,Audrey,Rivera,Audrey.Rivera780@yahoo.com,242-609-4940x7929,West Toddberg,United Kingdom,2025-12-29T10:24:37,organic_search
356,William,York,William.York26@yahoo.com,929-744-4019x292,West Kimberly,France,09/08/2024,organic_search
357,Joel,White,Joel.White772@hotmail.com,5519292766,East Becky,UK,04.04.2024,email
358,Meagan,Brown,Meagan.Brown804@yahoo.com,,North Garyfurt,canada,03.05.2025,organic_search
359,Thomas,Alvarez,Thomas.Alvarez208@hotmail.com,666.974.2860,Gregoryhaven,US,23.01.2025,direct
360,Felicia,Williams,Felicia.Williams795@hotmail.com,+1-556-594-5441x4967,Ericaburgh,France,2023-12-22,email
361,Lawrence,Smith,Lawrence.Smith286@gmail.com,606-618-1753,North Andrew,usa,14/11/2023,social_media
362,Christopher,Mays,Christopher.Mays793@hotmail.com,491.311.9269,West Kenneth,France,01-03-2025,referral
363,Donna,Jones,Donna.Jones534@yahoo.com,665-642-1406x650,South Chad,Canada,03-29-2024,social_media
364,Tiffany,Gonzalez,Tiffany.Gonzalez224@yahoo.com,(971)628-6391,North Charlesshire,U.K.,01-19-2023,email
365,Jessica,Waters,Jessica.Waters629@gmail.com,920.806.4256x9087,Anthonyland,canada,08-21-2023,referral
366,Amber,Smith,Amber.Smith934@hotmail.com,001-371-998-5546x01585,Deborahburgh,United Kingdom,30/08/2024,social_media
367,Angela,Ponce,Angela.Ponce971@hotmail.com,446.215.7173,North Jennifer,France,07/03/2024,direct
368,Brittany,Burns,Brittany.Burns211@gmail.com,+1-747-287-0050,Wilsonhaven,Germany,2023-05-28,email
369,Stephen,Gregory,Stephen.Gregory90@hotmail.com,,Lake Beth,United Kingdom,2024-06-13T14:50:29,email
370,Sandy,Johnson,SANDY.JOHNSON324@GMAIL.COM,407.390.3202x0417,North Tylerbury,DE,04-04-2023,referral
371,Bryan,Harris,Bryan.Harris806@yahoo.com,001-365-319-8253x0925,Donaldchester,US,05/03/2023,referral
372,Gary,Wood,Gary.Wood765@gmail.com,239.202.1962x071,North Jasmine,Canada,03.02.2025,referral
373,Brittney,Campbell,BRITTNEY.CAMPBELL43@HOTMAIL.COM,001-472-932-4876x32909,Lake Margaretport,Canada,2024-12-05T07:42:32,direct
374,Michael,Smith,Michael.Smith165@gmail.com,,North Valerie,France,2023-04-22T19:58:59,direct
375,Tiffany,Montgomery,Tiffany.Montgomery298@hotmail.com,237.734.0312x77220,Jasonview,France,01/01/2025,organic_search
376,Matthew,Trujillo,Matthew.Trujillo922@yahoo.com,3103822078,Lake Sean,United Kingdom,09.11.2023,social_media
377,Bethany,Barnes,BETHANY.BARNES173@HOTMAIL.COM,+1-953-215-3136x36317,Thomasmouth,uk,01-06-2025,email
378,Gregory,Brooks,Gregory.Brooks368@yahoo.com,001-935-943-5209x0421,Jacksonmouth,DE,28.07.2024,paid_search
379,Jeffrey,Phillips, Jeffrey.Phillips745@gmail.com ,,New Tara,United Kingdom,09/04/2025,organic_search
380,Melissa,Miller,Melissa.Miller557@hotmail.com,539.477.4063x3569,South Tinaton,FR,2024-08-18T04:52:28,referral
381,Vickie,Quinn, Vickie.Quinn407@hotmail.com ,3682671773,Dodsonberg,France,06/12/2023,email
382,Michael,Allen,Michael.Allen580@gmail.com,9744279907,Lopezstad,Canada,04/01/2025,email
383,Courtney,Padilla,Courtney.Padilla271@gmail.com,+1-316-758-0464x9893,New Sierrastad,Canada,2025-08-19,organic_search
384,Pamela,Rodriguez,Pamela.Rodriguez721@yahoo.com,590.355.2818x325,Mclaughlinshire,United Kingdom,2023-12-23T13:42:49,social_media
385,Monica,Warner,Monica.Warner920@hotmail.com,001-335-954-8640x15577,Shannonstad,france,2024-12-23T12:33:44,email
386,Lauren,Dougherty,Lauren.Dougherty514@gmail.com,471.616.2411,Lake Earlberg,France,04/11/2023,social_media
387,Nancy,Meyer,Nancy.Meyer837@hotmail.com,2466827567,North Andrew,france,07/09/2025,referral
388,Laurie,Conley,Laurie.Conley854@hotmail.com,+1-456-695-5798x8774,Port Jordan,canada,15.11.2025,paid_search
389,Todd,Arellano,Todd.Arellano265@gmail.com,(454)472-9284,East John,United States,03/08/2024,email
390,Blake,Stewart,Blake.Stewart889@gmail.com,445.623.8055x257,North Richardfort,FR,08.01.2024,social_media
391,Kayla,Gould,Kayla.Gould703@yahoo.com,(408)985-4749,Hannahfort,canada,11/08/2023,referral
392,Rachel,Taylor,Rachel.Taylor430@hotmail.com,740-269-3751,New Alicia,france,2025-12-24,organic_search
393,Kimberly,Wang,Kimberly.Wang,7182718637,Raymondchester,germany,2025-06-02T19:00:25,social_media
394,Mike,Watson,Mike.Watson440@yahoo.com,(854)878-1376x742,Port Brenda, USA ,20/07/2023,social_media
395,Christopher,Clark,Christopher.Clark932@yahoo.com,451.596.1064x62879,Port Patrick,Germany,15.01.2023,organic_search
396,Angela,Williams,Angela.Williams385@yahoo.com,001-647-687-3002,Martinezport,France,03.06.2024,email
397,Robert,Vasquez,Robert.Vasquez627@hotmail.com,+1-630-914-7195x9796,West Williamshire,FR,09-15-2025,referral
398,Andres,Green,Andres.Green260@hotmail.com,7258725204,Brandonport,FR,2023-09-01T08:21:56,direct
399,Alyssa,Mayer,Alyssa.Mayer220@hotmail.com,621.792.8554,New Bettyberg,Canada,2023-04-17T05:51:08,direct
400,Alexander,Holmes,Alexander.Holmes844@yahoo.com,,Jenkinsburgh,USA,2023-06-13,direct
401,Curtis,Moore,Curtis.Moore629@gmail.com,,Port Penny,DE,2023-12-25T23:18:44,email
402,Christina,Guerra,Christina.Guerra871@hotmail.com,,South Stevenland,United States,22.11.2025,paid_search
403,Darryl,Anderson,Darryl.Anderson245@gmail.com,554.452.7985x2401,Lake Jeremy,US,20.03.2025,paid_search
404,David,Anderson,David.Anderson755@gmail.com,(311)607-6031x08907,North Kevintown,France,12-13-2024,paid_search
405,Karen,Patton,Karen.Patton466@hotmail.com,793.725.0124,Port Vincent,France,05-29-2023,social_media
406,Jessica,Allen,Jessica.Allen980@hotmail.com,219-308-3342,New Melissa, USA ,2025-02-11T20:30:15,paid_search
407,Thomas,Wolfe,Thomas.Wolfe698@gmail.com,,Nunezville,uk,03-27-2024,email
408,Henry,Kelly,Henry.Kelly718@yahoo.com,(638)236-1517x18275,West Tristanfurt,United Kingdom,05/06/2023,email
409,Justin,Burke,Justin.Burke224@yahoo.com,+1-373-886-4631x75207,Millsland,U.K.,18/10/2025,direct
410,David,Foster,David.Foster212@hotmail.com,001-812-315-3539,Port Roger,CA,2023-09-03T02:51:27,referral
411,Victor,Hubbard,Victor.Hubbard981@hotmail.com,001-646-457-9678,Rodriguezview, USA ,16/07/2024,referral
412,Tracy,Hall,Tracy.Hall228@gmail.com,7104170269,Christyville,uk,03-08-2023,email
413,Kathleen,Guerrero,Kathleen.Guerrero124@hotmail.com,,Sparksborough,CA,07-26-2023,referral
414,Kelly,Jimenez,Kelly.Jimenez562@hotmail.com,885-988-0061x675,Johnsonburgh,UK,2025-05-18T07:39:54,direct
415,Angela,Dalton,Angela.Dalton875@yahoo.com,001-927-962-4671x978,New Brian,U.K.,24/07/2023,referral
416,Jose,Garza,Jose.Garza201@yahoo.com,+1-254-750-0902x559,Davisstad,DE,20.10.2025,referral
417,Victoria,Jenkins,Victoria.Jenkins308@gmail.com,,East Jimmy,uk,2024-03-17T09:15:30,direct
418,Larry,Miller,Larry.Miller763@hotmail.com,941-852-0850,Adamsfort,usa,2023-02-10,social_media
419,Brianna,Odom,Brianna.Odom591@yahoo.com,001-965-791-7135,New Kevin,France,2025-11-11T17:44:56,organic_search
420,Tara,Harris,Tara.Harris294@hotmail.com,583-344-0496,New Matthewland,germany,13.05.2025,referral
421,Ashley,Schmidt,Ashley.Schmidt82@yahoo.com,551.848.4685,Kinghaven,Germany,2025-03-20T09:52:33,social_media
422,Shawn,Hines,Shawn.Hines989@gmail.com,8822973748,West Steven,france,30/05/2024,paid_search
423,John,Francis,John.Francis98@yahoo.com,,Jenkinsland,Germany,06-20-2023,referral
424,Cynthia,Singleton,Cynthia.Singleton671@yahoo.com,924-993-6312x3034,Hendersonton,Canada,16.09.2023,paid_search
425,James,Nelson,James.Nelson680@gmail.com,348-820-7001x594,Emilyland,USA,2024-07-11T19:58:18,paid_search
426,Randy,Larsen,Randy.Larsen606@gmail.com,919.381.8984,New David,France,12-29-2025,email
427,Lindsay,Murphy,Lindsay.Murphy825@hotmail.com,001-263-963-2123x4764,,France,12-07-2025,social_media
428,Amanda,Lyons,Amanda.Lyons9@gmail.com,286-573-4257x54090,Angelaport,germany,22/08/2024,organic_search
429,Danielle,Haynes,Danielle.Haynes194@hotmail.com,383-576-0644,Jasonburgh,FR,09/03/2025,social_media
430,Ruth,Welch,Ruth.Welch641@hotmail.com,(704)817-7656x12481,Shawntown,usa,06.08.2024,social_media
431,Kathleen,Davidson,Kathleen.Davidson874@gmail.com,+1-472-806-3459x1123,Shannonberg,Germany,10-04-2025,organic_search
432,Jorge,Mcdaniel,Jorge.Mcdaniel993@yahoo.com,531-365-2669x3008,Gonzalezburgh,Canada,2023-01-17,paid_search
433,Brandon,Williamson,Brandon.Williamson223@hotmail.com,321-552-9108x677,East Sophia,usa,2023-03-06,paid_search
434,Lisa,Adams,Lisa.Adams795@hotmail.com,262.663.9343x6262,Joemouth,US,2025-02-20,direct
435,Rebecca,Wood,Rebecca.Wood790@hotmail.com,+1-371-307-2563x6694,North Marvinbury,CA,12/07/2023,email
436,Thomas,Gomez,Thomas.Gomez985@hotmail.com,,North Jonfurt,germany,12-02-2025,email
437,Kevin,Foster,Kevin.Foster370@yahoo.com,,New Blake,UK,26/10/2024,social_media
438,Harry,Jackson, Harry.Jackson406@yahoo.com ,672-715-8624x15027,Campbellview,France,2023-11-14,paid_search
439,Chloe,Juarez,Chloe.Juarez94@yahoo.com,456.225.7287x03203,Greenmouth,CA,29/12/2024,direct
440,Samuel,Carney,Samuel.Carney129@yahoo.com,3757877712,East Mirandaburgh,France,2025-06-17,direct
441,Mary,Brady,Mary.Brady742@yahoo.com,001-393-590-8926,Rhodesmouth,DE,30.09.2025,paid_search
442,Anthony,Maldonado,Anthony.Maldonado332@hotmail.com,965-991-5201,Fullerview,FR,22/05/2023,email
443,Brooke,Smith, Brooke.Smith555@gmail.com ,+1-897-359-2304x5018,Scottbury,U.K.,02-08-2023,referral
444,Tammy,Glenn,Tammy.Glenn739@gmail.com,9328664214,Rebeccaberg,CA,11-12-2023,social_media
445,Michael,Davis,Michael.Davis330@yahoo.com,437.876.7499x61659,Davishaven,germany,2023-03-06,email
446,Matthew,Ford,Matthew.Ford33@gmail.com,+1-427-688-1476x1742,New Ronald,Canada,06-08-2024,paid_search
447,Ashley,Arnold,ASHLEY.ARNOLD73@GMAIL.COM,218.366.1794x54918,Whiteburgh,france,2025-08-16,social_media
448,Megan,Williams,Megan.Williams961@yahoo.com,,Leemouth,france,2025-12-19,social_media
449,Katherine,Cole,Katherine.Cole984@yahoo.com,223-421-9416x80061,Stevensfurt,United States,24/05/2024,referral
450,Misty,Church,Misty.Church765@hotmail.com,001-374-299-5641x2203,Port Anthony,FR,02/08/2023,referral
451,Timothy,Thomas,Timothy.Thomas346@gmail.com,(983)914-7276x01227,Port Shannonbury,germany,2024-10-26T13:32:02,direct
452,James,Hudson,James.Hudson332@yahoo.com,6502166799,Rosshaven,germany,2024-06-04T13:06:27,email
453,Brittany,Carr,Brittany.Carr744@hotmail.com,330.980.6958x1467,Shanechester,Germany,14/01/2023,paid_search
454,Andrew,Roberts,Andrew.Roberts791@gmail.com,857.738.3959x7246,Marshburgh,United Kingdom,2023-11-13,email
455,Christy,Campbell,Christy.Campbell142@hotmail.com,872-923-2971,Jimmyside,UK,29/03/2025,direct
456,Brandon,Smith,Brandon.Smith812@yahoo.com,(522)980-1561x931,Victoriastad,US,07-15-2023,organic_search
457,Kayla,Carrillo,Kayla.Carrillo81@hotmail.com,328-291-0771x199,East Crystalborough,FR,04.09.2023,organic_search
458,Rhonda,Moore,Rhonda.Moore313@yahoo.com,001-878-271-2552x137,Port Lisa,Germany,2023-11-10T01:50:21,email
459,Matthew,Wagner,Matthew.Wagner517@gmail.com,856-953-2863x266,Sherrymouth,france,2025-09-01,referral
460,Dustin,Smith,Dustin.Smith88@hotmail.com,215-456-2606,Lake Tinahaven,DE,2024-02-10T17:45:44,direct
461,Teresa,Barnes,Teresa.Barnes575@hotmail.com,,Jennifermouth,France,2024-10-24,organic_search
462,Regina,Smith,Regina.Smith375@yahoo.com,,Lake Richard,DE,2024-12-17T22:26:09,referral
463,Dawn,Clay,Dawn.Clay46@hotmail.com,+1-675-563-4108x562,New Andreahaven,CA,2023-06-25,paid_search
464,Matthew,Reid,Matthew.Reid890@gmail.com,2897434681,Courtneystad,France,08-22-2025,paid_search
465,David,Sherman,David.Sherman209@gmail.com,749.607.5399x893,Elizabethshire,France,07.02.2023,direct
466,Emily,Klein,Emily.Klein262@hotmail.com,001-331-358-9357x1266,South Pamelafort,France,2023-01-18T02:25:29,direct
467,Jason,Miller,Jason.Miller886@hotmail.com,469.488.6497x67762,Dawsonberg,U.K.,11-07-2025,email
468,Tammy,Palmer,Tammy.Palmer91@hotmail.com,837-370-2851,,france,05-21-2024,social_media
469,David,Armstrong,David.Armstrong763@gmail.com,221.654.5447x02296,Jasonfort,DE,2025-10-23,direct
470,Aaron,Kelley,Aaron.Kelley912@gmail.com,9674949756,New Dana,uk,30/11/2024,organic_search
471,Kathleen,Contreras,Kathleen.Contreras984@gmail.com,001-651-399-6636x5807,Lake Angel,germany,23.05.2025,social_media
472,Crystal,Ingram,Crystal.Ingram135@yahoo.com,+1-518-913-9890,North Dominiqueside,germany,24/09/2024,email
473,Hector,Smith,Hector.Smith956@gmail.com,297.918.9569,West Samuelchester,canada,13/01/2024,direct
474,Andrew,Rice,Andrew.Rice902@yahoo.com,611-818-2422x412,North Christina,US,14/07/2024,organic_search
475,Mark,Johnson,Mark.Johnson27@gmail.com,561-952-6546x1033,Averyview,Canada,2024-04-20,social_media
476,Bruce,Marshall,Bruce.Marshall138@yahoo.com,370-563-0489,West Ashley,usa,03/10/2025,paid_search
477,Sean,Mathis,Sean.Mathis34@hotmail.com,925.282.3868,Port Stevenport,Canada,2024-02-20,paid_search
478,Denise,Jackson,Denise.Jackson502@gmail.com,349.646.5398x4028,South Hollyberg,germany,2025-02-18T11:23:32,referral
479,Jessica,Lutz,Jessica.Lutz550@yahoo.com,798.755.4743,South Susan,france,28.03.2023,referral
480,Mark,Sloan,Mark.Sloan41@gmail.com,,New Thomastown,germany,03-26-2025,email
481,Emily,Gutierrez,Emily.Gutierrez302@hotmail.com,001-776-881-1807x156,Port Katrina,CA,14.07.2025,organic_search
482,Heidi,Smith,Heidi.Smith961@yahoo.com,(537)503-0453x194,,canada,18/07/2025,email
483,Tina,Coffey,Tina.Coffey332@gmail.com,479-530-3614x987,North Brianna,US,08-22-2023,organic_search
484,Julie,Anderson,Julie.Anderson394@hotmail.com,984.230.8948,Davidsonton,france,03-31-2023,referral
485,Melissa,Morris,Melissa.Morris890@yahoo.com,918-777-5803x046,South Jamesland,Canada,02/07/2025,organic_search
486,Nicole,Aguirre,Nicole.Aguirre4@hotmail.com,361.233.2541,Reynoldstown,Canada,2023-01-12T22:08:09,paid_search
487,Brittany,Sims,Brittany.Sims676@yahoo.com,931-373-5058x319,Rileyland,canada,23.07.2024,paid_search
488,Terri,Rangel,Terri.Rangel152@yahoo.com,,Pamelaland,United States,2024-09-03,organic_search
489,Kimberly,Brown,Kimberly.Brown183@yahoo.com,6498611080,Davischester,usa,30.12.2023,social_media
490,Jesse,Greene,Jesse.Greene787@hotmail.com,,South Patrickchester,USA,2023-05-13T10:39:42,paid_search
491,Nichole,Harvey,Nichole.Harvey338@yahoo.com,+1-507-485-9311x0919,Michaelfort,US,2025-12-19T03:11:31,direct
492,Jenny,Wallace,Jenny.Wallace295@gmail.com,(600)424-9685,South Kyle,france,23.09.2023,email
493,Matthew,Wood,Matthew.Wood648@gmail.com,792.503.8806x53331,Nealmouth,france,2024-02-01,organic_search
494,Carol,Rivera,Carol.Rivera816@hotmail.com,001-259-946-5217,North Danielle,germany,14.11.2024,direct
495,Heather,Owens,Heather.Owens656@gmail.com,275.363.6205,Anthonyville,Canada,2024-10-25,direct
496,Douglas,Alexander,Douglas.Alexander406@hotmail.com,001-650-403-3423,Melaniebury,U.K.,2024-11-23T17:26:37,organic_search
497,Gregory,Smith,Gregory.Smith160@yahoo.com,502-761-5347,Donnahaven,CA,27.04.2025,social_media
498,Tiffany,Cuevas,Tiffany.Cuevas695@yahoo.com,001-811-522-3386x559,Port Christinaborough,france,25/12/2024,social_media
499,Melissa,Phillips,Melissa.Phillips385@gmail.com,830-742-8973x17912,Stoneburgh,US,2024-09-23,social_media
500,Marc,Brooks,Marc.Brooks509@hotmail.com,877.549.6903x3373,Ronaldfurt,Germany,12-25-2023,organic_search
501,Ashley,Walls,Ashley.Walls455@yahoo.com,981-721-4785x390,Hayeschester,Canada,09-17-2025,social_media
502,Robert,Ballard,Robert.Ballard842@yahoo.com,360-627-3415x148,,Canada,2025-03-04,organic_search
503,Sara,Garcia,Sara.Garcia704@gmail.com,(408)635-3544x439,Port Kevinstad,United Kingdom,01.10.2024,social_media
504,Krista,Powell,Krista.Powell206@yahoo.com,001-907-582-6333,Sharpmouth,CA,11-02-2023,organic_search
505,Matthew,Miller,Matthew.Miller574@gmail.com,(763)777-8052x92407,South Ronald, USA ,03/08/2024,paid_search
506,Karen,Farmer,Karen.Farmer628@hotmail.com,,Marktown,US,2023-04-14T03:51:24,organic_search
507,Ashley,Johnson,Ashley.Johnson402@gmail.com,(859)399-9663,Lopezville,usa,12-29-2024,paid_search
508,Mark,Hayden,Mark.Hayden998@hotmail.com,,Christopherville,France,2025-08-17T03:32:28,social_media
509,Emily,Thompson,Emily.Thompson238@hotmail.com,+1-370-923-1643x348,West Aprilburgh,DE,01-11-2024,email
510,Mark,Browning,Mark.Browning67@yahoo.com,(412)586-7163,Ryanfort,Germany,2023-09-18,email
511,Erik,Andrews,Erik.Andrews570@yahoo.com,001-338-874-3027,New Mark,US,14/05/2024,email
512,Ashley,Henry,Ashley.Henry349@yahoo.com,001-401-847-5469,East Rachel,Germany,01/12/2024,paid_search
513,Jessica,Ellis,Jessica.Ellis857@hotmail.com,(691)360-3248,South Robert, USA ,2023-12-27T11:12:54,organic_search
514,Kathleen,Martinez,Kathleen.Martinez702@yahoo.com,218-956-7243,North Daniellemouth,France,05/07/2023,referral
515,Patrick,Reese,Patrick.Reese677@gmail.com,(500)941-2577x7118,South Lori,United States,10.10.2024,direct
516,Mckenzie,Jackson,Mckenzie.Jackson736@gmail.com,,East Kellyside,uk,04-07-2025,organic_search
517,Judith,Jackson,Judith.Jackson1@hotmail.com,001-304-827-5230x83708,Scotttown,United Kingdom,26.04.2024,email
518,Brandon,Bennett,Brandon.Bennett416@gmail.com,753.531.0600,East Susanville,uk,2025-02-26T13:07:03,paid_search
519,Laura,Rivas,LAURA.RIVAS138@GMAIL.COM,001-820-868-1558x3938,East Jasonstad,UK,06/10/2023,direct
520,Marcus,Smith,Marcus.Smith916@hotmail.com,606-937-3149x50136,Lake Amandashire,DE,07-10-2025,paid_search
521,George,Haley,GEORGE.HALEY620@HOTMAIL.COM,562-252-5715x09976,North Christina,CA,2025-01-21,referral
522,Penny,Parker,Penny.Parker378@hotmail.com,(539)910-2574x32630,Dennismouth,germany,26.07.2024,organic_search
523,Dawn,Hodges,Dawn.Hodges91@hotmail.com,(740)435-5338x03396,Sotoland,france,2024-10-01,social_media
524,Molly,Jones,Molly.Jones481@gmail.com,5233212983,Hardyport,France,26/08/2024,organic_search
525,Frank,Gonzalez,Frank.Gonzalez312@yahoo.com,(993)344-9734,Raymondburgh,france,04-16-2023,direct
526,Thomas,Henderson,Thomas.Henderson294@hotmail.com,001-462-670-6614x9828,Fordmouth,France,07-29-2024,organic_search
527,Justin,Hart,Justin.Hart179@yahoo.com,752-973-2300,Frostfurt, USA ,28/04/2024,referral
528,Tara,Brooks,Tara.Brooks87@yahoo.com,991-760-1692x3645,Lake Paulchester,US,25/04/2025,direct
529,Jill,Allen,Jill.Allen653@gmail.com,,Crystaltown,germany,26/08/2023,email
530,Heidi,Brewer,Heidi.Brewer309@yahoo.com,+1-872-343-9920x116,South Gabriel,DE,03-09-2025,paid_search
531,Ronald,Holt,Ronald.Holt13@hotmail.com,+1-469-646-1195,Lake Raymond,FR,26.03.2023,direct
532,Kyle,Benitez,Kyle.Benitez626@yahoo.com,4117686462,Lake Dennis,uk,12/03/2025,direct
533,Tom,Shaw,Tom.Shaw533@gmail.com,393.423.0234x679,West Christopherville,France,2023-05-20T00:26:07,organic_search
534,Joshua,Peterson,Joshua.Peterson702@hotmail.com,277.310.0409,,France,08.07.2023,direct
535,Jason,Conner,Jason.Conner654@yahoo.com,+1-584-777-5965x555,Grayton,canada,14/01/2024,social_media
536,Theresa,Marks,Theresa.Marks677@gmail.com,5767209184,Montgomeryfort,uk,24/10/2024,organic_search
537,Zachary,Keller,Zachary.Keller392@gmail.com,+1-750-850-5739x7691,Hatfieldville,United Kingdom,23/05/2023,referral
538,Jessica,Carter,Jessica.Carter661@gmail.com,001-428-998-0271x487,South Elainebury,Germany,2025-06-23,organic_search
539,John,Jackson,John.Jackson586@hotmail.com,001-311-460-2564x347,Davismouth,USA,2023-01-02T01:22:39,social_media
540,Monica,Huynh,Monica.Huynh338@hotmail.com,356-668-6334,North Christophershire,canada,2025-06-12,referral
541,Sharon,Garner,Sharon.Garner394@gmail.com,001-552-856-9040,Floresstad,Canada,01-05-2025,email
542,Lauren,Peck,Lauren.Peck375@gmail.com,999.431.6087x52437,Dustinton,USA,20.02.2024,organic_search
543,Carol,Parker,Carol.Parker196@hotmail.com,749-473-7460,Port Jessica,germany,15/06/2025,organic_search
544,Lisa,Graves,Lisa.Graves738@gmail.com,001-827-364-2086x56756,Justinborough,Canada,2025-10-20T19:26:24,organic_search
545,Jacqueline,Kelley,Jacqueline.Kelley58@gmail.com,(959)904-7292,Phyllisborough,US,07.12.2025,paid_search
546,Jeffery,Goodman,Jeffery.Goodman948@hotmail.com,,West Jessicashire,France,04/04/2023,organic_search
547,Curtis,Floyd,Curtis.Floyd52@gmail.com,(862)401-5720x1859,Sanchezville,canada,2023-05-11,email
548,John,Burns,John.Burns226@hotmail.com,+1-326-317-6475x011,Mayhaven,france,2025-04-03,direct
549,Jeffrey,Matthews,Jeffrey.Matthews141@hotmail.com,,Hillville,france,05-10-2023,paid_search
550,Laura,White,Laura.White714@yahoo.com,+1-964-392-1518x2606,Port Karenville,Germany,2025-02-09,email
551,Henry,George,Henry.George8@gmail.com,4873510293,Melissaton,USA,01/09/2025,paid_search
552,Christopher,Martinez,Christopher.Martinez422@yahoo.com,(482)960-3408x487,Alexandrastad,uk,06-30-2023,social_media
553,Catherine,Dixon,Catherine.Dixon572@hotmail.com,,Lake Loribury,Germany,2025-11-05T07:59:00,direct
554,Benjamin,Thomas,Benjamin.Thomas55@gmail.com,(898)339-5429,Jorgeburgh,CA,2023-12-28,organic_search
555,Ricardo,Miller,Ricardo.Miller215@yahoo.com,+1-462-783-1435x98926,,U.K.,18/04/2023,paid_search
556,Victoria,Hamilton,Victoria.Hamilton528@gmail.com,+1-731-741-8186x151,Dustinbury,usa,12/02/2024,organic_search
557,Joshua,Garcia,Joshua.Garcia101@gmail.com,(611)328-4971x8594,East Louisfurt,UK,2025-09-19T01:58:42,paid_search
558,Henry,Shaffer,Henry.Shaffer466@hotmail.com,+1-489-467-9240,South Ashley,canada,07-06-2024,paid_search
559,Joseph,Sellers,Joseph.Sellers62@hotmail.com,(839)567-2757x844,Cynthialand, USA ,26.03.2024,paid_search
560,Stacey,Russell,Stacey.Russell592@yahoo.com,611-931-2901,South Ericaberg,France,2024-03-19T21:32:19,email
561,Timothy,Robertson,Timothy.Robertson748@hotmail.com,+1-716-509-3068,New Shaneburgh,United Kingdom,2023-11-02,email
562,Emily,Macias,Emily.Macias482@hotmail.com,921.852.8506,West Tara,USA,2023-07-20T16:28:22,paid_search
563,Matthew,Shelton,MATTHEW.SHELTON772@HOTMAIL.COM,001-214-947-4430x96348,Browntown, USA ,2023-07-05T00:34:47,direct
564,Christina,Murphy,Christina.Murphy721@yahoo.com,905-526-5016,New Willieberg,UK,11/10/2023,social_media
565,Robert,Gentry,ROBERT.GENTRY649@GMAIL.COM,(443)676-5456,South Dianamouth,germany,08-30-2024,direct
566,Evan,Gomez,Evan.Gomez590@yahoo.com,8537134026,East Elizabethfort,france,04-23-2023,organic_search
567,Susan,Bird,Susan.Bird375@gmail.com,(478)772-5686x21102,Port Gabrielleton,usa,02-24-2024,paid_search
568,Erika,Peterson,Erika.Peterson665@hotmail.com,001-406-574-4716x3928,Katieview,France,04-06-2024,social_media
569,Virginia,Wright,Virginia.Wright434@yahoo.com,571.389.2392,South Benjamin,france,09.09.2023,direct
570,Veronica,Hickman,Veronica.Hickman463@yahoo.com,5935106684,Ronaldton,FR,2023-05-15T06:51:27,organic_search
571,William,Schneider,William.Schneider920@yahoo.com,445-245-6350,North Donnamouth,usa,31/10/2023,paid_search
572,Jason,Kennedy,Jason.Kennedy24@hotmail.com,362-247-5541,West Michael,france,2025-06-28,social_media
573,Lisa,Paul,Lisa.Paul23@hotmail.com,595.534.3961x12910,Schaeferland,Canada,12-03-2024,email
574,Shelly,Montgomery,Shelly.Montgomery714@yahoo.com,001-773-982-0236x8485,South Carloschester,france,09-19-2024,paid_search
575,Alexandra,Farley,Alexandra.Farley995@gmail.com,(894)924-0903,East Samuelhaven,DE,11-26-2023,paid_search
576,Patrick,Chan,Patrick.Chan710@yahoo.com,,Jamietown,canada,09-17-2023,social_media
577,Ernest,Robinson,Ernest.Robinson576@hotmail.com,6873884434,East Brandon,Canada,11-29-2023,organic_search
578,John,Williams,John.Williams954@gmail.com,724-303-3810x595,,usa,11-05-2025,email
579,Stacey,Henson,Stacey.Henson819@yahoo.com,001-226-394-5005x3424,Bautistaview,UK,24.03.2023,organic_search
580,Molly,Walters,Molly.Walters412@hotmail.com,973.554.3962,Richardsonfort,United Kingdom,04.02.2024,paid_search
581,Clayton,White,Clayton.White24@gmail.com,(439)872-4042,North Douglas,UK,2025-03-18T07:04:46,social_media
582,Ronald,Gibson,Ronald.Gibson524@hotmail.com,(418)520-9166x0100,West Douglastown,france,01-27-2025,organic_search
583,Laura,Smith,Laura.Smith360@gmail.com,+1-651-732-7972,Mooreton,U.K.,05-01-2025,paid_search
584,Amy,Adams,Amy.Adams918@hotmail.com,400-218-4186,North Jeremy,germany,2025-12-11,referral
585,Paul,Gomez,Paul.Gomez7@yahoo.com,761.372.1314,Davidland,Germany,08/10/2023,email
586,Paula,Munoz,Paula.Munoz44@gmail.com,(785)692-6249x45147,Port Aaronberg,uk,2024-04-04,paid_search
587,Kimberly,Thomas,Kimberly.Thomas979@gmail.com,(877)711-9642x1522,Troyfort,U.K.,03/01/2024,organic_search
588,Heather,Gutierrez,Heather.Gutierrez505@hotmail.com,323-866-8788x78836,Lake Christopher,US,2024-06-12T22:51:52,direct
589,Michael,Harris, Michael.Harris525@gmail.com ,(887)521-0552x472,Port Jeffrey,US,08-02-2025,paid_search
590,Julie,Wilson,Julie.Wilson370@hotmail.com,001-426-206-5019x179,West Donald,US,07/06/2023,direct
591,John,Smith,John.Smith614@yahoo.com,(927)228-4765,Danielton,Canada,09-08-2024,organic_search
592,Nicole,Johnson, Nicole.Johnson361@gmail.com ,620.366.7849x84362,Spenceberg,france,2024-11-27,paid_search
593,Julia,Morales,Julia.Morales227@gmail.com,862.889.1775,North Linda,canada,2025-12-25,email
594,Deborah,Lee,Deborah.Lee120@gmail.com,315-395-0342,New Alex,Germany,24.06.2025,social_media
595,Renee,Lopez,RENEE.LOPEZ312@GMAIL.COM,+1-303-641-9909x7005,West Karenfurt,canada,09/04/2024,paid_search
596,Vincent,Edwards,Vincent.Edwards436@yahoo.com,001-952-215-6818x2096,Evanmouth,Canada,2023-03-29,organic_search
597,Christian,Garrett,Christian.Garrett61@hotmail.com,932.428.8985,,france,17.07.2023,paid_search
598,Matthew,Ward,Matthew.Ward190@yahoo.com,9633399129,East Katieport,France,13/12/2024,referral
599,Amy,Novak,Amy.Novak518@gmail.com,,Davismouth,France,28/01/2024,referral
600,Geoffrey,Phillips,Geoffrey.Phillips947@gmail.com,495-351-1274x747,Williamsport,USA,19/06/2025,social_media
601,Richard,Vincent,Richard.Vincent220@hotmail.com,(975)689-5516,New Tiffanyton,DE,2025-11-30T04:56:54,social_media
602,Joyce,Sanchez,Joyce.Sanchez85@hotmail.com,5218462961,Caldwellstad,United Kingdom,28.06.2025,email
603,Steven,Day,Steven.Day194@yahoo.com,312-716-6365,Wendyfort,uk,2023-01-27,email
604,Jason,Figueroa,Jason.Figueroa675@gmail.com,870-282-7235x909,Kristinefort,germany,12-12-2023,paid_search
605,Jason,Lewis,Jason.Lewis610@gmail.com,001-564-642-1214x61476,Port Brian,UK,2024-07-13T23:26:28,social_media
606,Patty,Patterson,Patty.Patterson618@yahoo.com,(735)867-7826,New Kristaborough,germany,2023-09-08T09:07:38,email
607,Christian,Contreras,Christian.Contreras966@hotmail.com,,West Elizabeth,canada,02.01.2024,direct
608,Madison,Navarro,Madison.Navarro311@hotmail.com,001-950-427-2751x6480,Fowlershire,UK,08-12-2025,direct
609,Connor,Robinson,Connor.Robinson517@gmail.com,(682)696-3533x90550,Lake Victormouth,DE,2023-03-06,email
610,Robert,Bell,Robert.Bell874@hotmail.com,(885)612-7652x89286,Waltersville,DE,2024-09-12T05:58:34,email
611,Wanda,Shaffer,Wanda.Shaffer733@gmail.com,909-261-7981,Melissaborough,CA,20.08.2025,paid_search
612,Jeffrey,Gibson,Jeffrey.Gibson401@yahoo.com,737-515-7660,Josephview,France,2024-08-05,organic_search
613,Kyle,Orr,Kyle.Orr132@yahoo.com,,North Rachel,France,2024-11-29,email
614,Robert,Smith,Robert.Smith422@gmail.com,(889)255-2963x863,Andersonfurt,U.K.,2023-05-15,social_media
615,Tiffany,Thompson,Tiffany.Thompson552@yahoo.com,526.331.2819x64825,North Samuelshire,Canada,2024-06-30T00:44:34,referral
616,Eric,Montgomery,Eric.Montgomery387@hotmail.com,596-602-7523,New Mary,US,2024-02-26T12:13:55,referral
617,Jessica,Roman,Jessica.Roman630@yahoo.com,001-440-641-2091x17911,Patricialand,UK,04/06/2023,social_media
618,Chris,Kirk,Chris.Kirk305@gmail.com,(417)406-1713x6657,Alejandroburgh,United Kingdom,07-14-2023,social_media
619,Donna,Welch,Donna.Welch821@gmail.com,,West Victoriafort, USA ,2025-10-30T10:55:09,direct
620,Wanda,Greene,Wanda.Greene205@gmail.com,(484)513-9080,Dannyborough,FR,08.02.2023,paid_search
621,Anthony,Taylor,Anthony.Taylor219@gmail.com,001-824-547-3158x4776,Geraldview,FR,2025-06-07,referral
622,Suzanne,Garcia,Suzanne.Garcia474@hotmail.com,823-876-7694x5919,New Michael,CA,14/10/2024,email
623,Rachael,Weiss,Rachael.Weiss662@yahoo.com,(708)849-6498,North Hectormouth,U.K.,02-26-2023,email
624,Ruben,Lopez,Ruben.Lopez447@gmail.com,235-752-5105,,germany,22.07.2024,paid_search
625,Jason,Bradley,JASON.BRADLEY802@YAHOO.COM,381.664.9383,New Patriciachester,usa,2025-04-13,email
626,Evelyn,Graham,Evelyn.Graham115@yahoo.com,330.977.0461,New Mark,Canada,2025-12-11T09:10:04,organic_search
627,Patrick,Ray,Patrick.Ray126@yahoo.com,2907742608,North Terrychester,canada,28/04/2024,paid_search
628,Jennifer,Hill,Jennifer.Hill220@yahoo.com,(318)257-9064x7715,North Margaret,United States,02-06-2025,referral
629,Dominic,Holder,Dominic.Holder700@hotmail.com,001-263-621-3580x0401,West Markfurt,DE,2025-01-23,direct
630,Joseph,Jackson,Joseph.Jackson862@gmail.com,001-371-525-2967,Stanleyview,France,2024-06-02T20:07:27,social_media
631,Marc,Simon,Marc.Simon548@gmail.com,344-915-8331,East Alexanderborough,United Kingdom,2024-06-07,paid_search
632,Taylor,Cruz,Taylor.Cruz881@yahoo.com,453-398-8547,East Sabrina,UK,04-12-2025,organic_search
633,Paul,Chavez,Paul.Chavez755@hotmail.com,336.531.4624x91271,South Jacobtown,DE,25.11.2023,organic_search
634,Thomas,Schmidt,Thomas.Schmidt617@yahoo.com,718-215-6326x868,Nelsonville,uk,2024-01-12T22:56:35,direct
635,Brandon,Reyes,Brandon.Reyes411@yahoo.com,,West Jaime,Canada,2023-09-24T21:37:38,social_media
636,Gregory,Hill,Gregory.Hill895@hotmail.com,586.310.3131x0094,West Jeremyfurt,DE,2024-02-11T03:04:22,social_media
637,Philip,Garcia,Philip.Garcia898@hotmail.com,,,CA,2024-04-13T03:14:22,paid_search
638,Madison,Holt,Madison.Holt51@yahoo.com,,East Kristi,UK,29.08.2023,email
639,Michael,Roberts,Michael.Roberts507@hotmail.com,401-728-9743x2512,Thomastown,germany,2024-08-12T17:59:31,paid_search
640,Elizabeth,Patterson,Elizabeth.Patterson615@gmail.com,(241)920-9579,South Daniel,Germany,10-26-2023,social_media
641,Lori,Bradley,Lori.Bradley462@yahoo.com,988.922.1145,,canada,2023-09-30T11:46:08,direct
642,Jessica,Fritz,Jessica.Fritz393@yahoo.com,,Kingmouth,canada,2024-11-12T08:33:01,social_media
643,Alexander,Gomez,Alexander.Gomez991@hotmail.com,,Patriciafort,france,2025-02-19T11:00:50,direct
644,Daniel,Jennings,Daniel.Jennings992@hotmail.com,+1-502-363-2570x3965,South Danielle,UK,25/11/2024,organic_search
645,Tammy,Wiley,Tammy.Wiley146@hotmail.com,+1-878-624-5569,Jamesshire,uk,2024-07-29T13:07:43,social_media
646,Abigail,Cooper,Abigail.Cooper530@hotmail.com,467-995-4107,New Tammy,U.K.,2023-11-06T20:13:53,organic_search
647,Cindy,Beck,Cindy.Beck56@yahoo.com,641.240.7034x9107,Belltown,Canada,2025-10-10T01:29:06,social_media
648,Brendan,Taylor,Brendan.Taylor469@yahoo.com,782.514.2369x14307,Hendersonville,FR,04/08/2024,direct
649,Patricia,Mora,Patricia.Mora577@hotmail.com,629-665-9234x2683,West Ashleymouth,FR,2024-01-05,paid_search
650,Amy,Bennett,Amy.Bennett97@yahoo.com,828-975-8575,Alimouth,germany,06/08/2023,organic_search
651,Anthony,Hansen,Anthony.Hansen851@yahoo.com,629-243-9852,Martineztown,usa,05.11.2024,email
652,Steven,Hines,Steven.Hines217@hotmail.com,701.204.1591x497,Lake Brendahaven,UK,2025-02-20T03:22:10,social_media
653,Jodi,Brown,Jodi.Brown989@gmail.com,328.272.3244x07931,New Nichole,Canada,04/04/2025,organic_search
654,April,Wright,April.Wright821@gmail.com,608.976.0146x7238,South Dustintown,uk,16.07.2023,paid_search
655,Jack,Cardenas,Jack.Cardenas907@hotmail.com,,East William,DE,24/01/2025,email
656,Holly,Gonzalez,Holly.Gonzalez42@yahoo.com,441-297-5466x1766,Stephenshire,Germany,11.10.2025,organic_search
657,Pedro,Carpenter,Pedro.Carpenter448@gmail.com,+1-597-705-2774x0258,Palmerburgh,uk,07.09.2024,email
658,Diana,Bell,Diana.Bell565@hotmail.com,001-857-924-4617,New Jeanette,United Kingdom,06-02-2024,referral
659,William,Hopkins,William.Hopkins17@yahoo.com,(259)295-9961,East Colin, USA ,06-20-2023,social_media
660,Daniel,Villa,Daniel.Villa466@yahoo.com,933-712-6610x94101,East Manuelmouth,france,19/01/2024,organic_search
661,Nicholas,Zhang,Nicholas.Zhang893@hotmail.com,+1-433-847-7433,,FR,2025-09-04T16:45:14,direct
662,Lisa,Stokes,Lisa.Stokes499@gmail.com,890-313-0205,Jacobhaven,france,2025-03-19,paid_search
663,Tyler,Collier, Tyler.Collier196@hotmail.com ,385.459.8217x6619,Craigfort,Canada,25/10/2023,email
664,Jerry,Guzman,Jerry.Guzman89@yahoo.com,,East Loriport,France,2023-11-09T16:12:41,email
665,Sandra,King,Sandra.King600@hotmail.com,(812)241-8938x984,New Thomasview,usa,2023-07-30T22:57:09,email
666,Denise,Johnson,Denise.Johnson593@yahoo.com,235-702-3850x371,South Carlyland,germany,2025-09-26,referral
667,Paige,Mendoza,Paige.Mendoza591@gmail.com,201-207-8356x743,Port Kimberlyborough,usa,10-10-2025,email
668,Amanda,Dalton,Amanda.Dalton166@hotmail.com,+1-308-770-6626x68217,Jameschester,Germany,2024-11-25T21:55:18,paid_search
669,Samantha,Allen,Samantha.Allen983@gmail.com,001-203-368-9003,East Samuelport,uk,28/11/2023,social_media
670,Bradley,Bailey,Bradley.Bailey133@hotmail.com,642.596.7111,Thorntonstad,usa,08/10/2025,paid_search
671,Priscilla,Trevino,Priscilla.Trevino19@yahoo.com,001-245-784-3845x881,Thorntonfort,France,2025-10-28,social_media
672,Joshua,Harris,Joshua.Harris633@gmail.com,934.283.1520x37710,Joshuafurt,Germany,04-06-2023,paid_search
673,Kevin,Hanna,Kevin.Hanna686@gmail.com,496-870-6670x336,Lake Kevinside,france,16.08.2023,referral
674,Kathryn,Pineda,Kathryn.Pineda43@hotmail.com,001-654-993-0596x60186,Armstrongshire, USA ,21.08.2024,email
675,Kayla,Green,Kayla.Green663@yahoo.com,832.204.4138x459,Michaelview,United States,2023-01-14T08:55:54,social_media
676,Kimberly,Patrick,Kimberly.Patrick88@hotmail.com,2149954277,South Benjaminstad,UK,20/12/2025,paid_search
677,Timothy,Richard,Timothy.Richard941@gmail.com,(909)414-9851x72444,Lake Greg,DE,02/03/2023,organic_search
678,Monica,Douglas,Monica.Douglas87@gmail.com,502-287-9508,Theresatown,France,17/03/2023,referral
679,Erika,Mathews,Erika.Mathews997@yahoo.com,+1-309-335-1187,East Mark, USA ,2024-10-04,social_media
680,Nathan,Carson,Nathan.Carson943@yahoo.com,864-720-5955,Dunlapport,france,2025-06-24T12:34:12,paid_search
681,Christy,Martin,Christy.Martin38@gmail.com,829-201-9358x8953,South Kathryn,United Kingdom,2024-08-04,referral
682,Debra,Friedman,Debra.Friedman534@gmail.com,001-989-986-8180,Josephshire,FR,06-13-2024,direct
683,Kelly,Sanchez,Kelly.Sanchez114@gmail.com,001-353-775-1376x51588,Jacobsmouth,germany,09-13-2023,referral
684,Kristie,Hall,Kristie.Hall348@gmail.com,+1-736-392-9445,South Robertberg,usa,28/12/2025,social_media
685,Barbara,Chen,Barbara.Chen683@gmail.com,(370)421-6487,Port Ryanburgh,U.K.,05-22-2024,referral
686,Veronica,Anderson,Veronica.Anderson843@hotmail.com,(365)226-8341x5599,Lake Samanthamouth,France,2023-07-08T02:15:51,paid_search
687,Renee,Mccoy,Renee.Mccoy457@hotmail.com,(847)722-9812x09957,Thompsonshire,Germany,2024-06-24T21:16:25,direct
688,Joshua,Mejia,Joshua.Mejia706@gmail.com,775-409-8898x6456,North Lisa,DE,2023-09-18T17:38:59,paid_search
689,Jessica,Hays,Jessica.Hays121@gmail.com,(984)599-5154x21447,West Sheila,france,2023-09-01T21:54:12,organic_search
690,Jordan,Obrien,Jordan.Obrien586@gmail.com,242.513.8820,South Marissatown,US,2024-08-25,paid_search
691,Mike,Campbell,Mike.Campbell432@hotmail.com,(678)327-4117x67412,Lindabury,canada,2025-09-28,referral
692,Jessica,Murphy,Jessica.Murphy892@hotmail.com,247-581-5061x85380,New Nicholas,United Kingdom,11.02.2025,paid_search
693,Sherry,Nunez,Sherry.Nunez652@yahoo.com,327.927.4231x8306,Lake Gregory,canada,18/04/2025,email
694,Robert,Baker,Robert.Baker982@yahoo.com,,Lake Michael,United Kingdom,02-20-2023,referral
695,Alyssa,Best,Alyssa.Best88@yahoo.com,,West Elizabeth, USA ,23.01.2024,organic_search
696,Tracy,Mccoy,Tracy.Mccoy185@hotmail.com,(887)341-3146x753,South Stephanie, USA ,28.06.2025,referral
697,Donna,Bailey,Donna.Bailey604@yahoo.com,001-827-279-6304x483,Josemouth,uk,2025-12-17T11:33:19,social_media
698,Robert,Lamb,Robert.Lamb102@yahoo.com,(440)547-3504x7639,New Cherylberg,USA,2025-04-14,referral
699,Cassidy,Smith,Cassidy.Smith28@hotmail.com,5617558108,East Mary,UK,2024-06-12,organic_search
700,Randall,Robbins,Randall.Robbins771@yahoo.com,(255)363-8300,Moodyton,Canada,07-05-2024,email
701,Eric,Turner,Eric.Turner68@gmail.com,+1-830-241-6624x1118,Lake Mariaberg,FR,27.07.2023,direct
702,Cody,Chapman,Cody.Chapman582@yahoo.com,994.556.8044,West Tanyashire,CA,03/02/2025,paid_search
703,Thomas,Carter,Thomas.Carter,868.247.4883,Lunastad,FR,15/08/2024,organic_search
704,Kathryn,Klein,Kathryn.Klein280@yahoo.com,390.663.7579,Douglasland,usa,2025-11-11,paid_search
705,Cody,Jackson,Cody.Jackson72@yahoo.com,001-531-226-9789,Kingport,france,26/07/2024,referral
706,Joy,Flowers,Joy.Flowers906@gmail.com,999-960-4387x87535,North Ronaldland,FR,05-18-2024,paid_search
707,Nicholas,Sherman,NICHOLAS.SHERMAN337@GMAIL.COM,,East Jamesville,germany,2023-01-20T06:19:05,referral
708,Benjamin,Coleman,Benjamin.Coleman552@gmail.com,+1-787-728-6604x1644,East Kelly,DE,06-30-2025,email
709,Gina,Lang,Gina.Lang397@hotmail.com,,Aprilview,FR,2024-01-31,paid_search
710,Thomas,Clark,Thomas.Clark697@yahoo.com,001-622-587-0562x2710,Lake Clifford,US,2024-03-28T08:31:44,social_media
711,Stephen,Davis,Stephen.Davis505@hotmail.com,892.615.8350x344,Claudiafurt,US,03-22-2025,referral
712,Sarah,Hoffman,Sarah.Hoffman175@hotmail.com,+1-831-792-1342x49128,Tammyfort,FR,14/05/2023,direct
713,Jason,Smith,Jason.Smith266@gmail.com,319.222.2705,New Lindsay,United States,17.02.2023,social_media
714,Ronald,Ruiz,Ronald.Ruiz3@yahoo.com,,East Annfurt,FR,06-04-2025,organic_search
715,Kim,Mccarthy,Kim.Mccarthy508@yahoo.com,985-681-9324x2687,New Rachelstad,FR,2025-05-10T19:23:04,social_media
716,Gregory,Cline,Gregory.Cline200@yahoo.com,001-556-239-8365x20375,Markstad,usa,17/05/2025,paid_search
717,Ruth,Shaw,Ruth.Shaw319@gmail.com,+1-940-947-6044x090,,CA,15/11/2024,organic_search
718,Tracy,Wells,Tracy.Wells982@hotmail.com,001-981-205-0922x21610,Connorside,Germany,2025-06-17T03:28:59,referral
719,Joshua,Phelps,Joshua.Phelps998@hotmail.com,+1-305-552-9580x660,Lake Joseph,USA,2023-09-19T02:15:26,organic_search
720,Gerald,Williams,Gerald.Williams68@hotmail.com,386.720.4485,Carrollland,uk,21.04.2025,direct
721,Ashlee,Ford,Ashlee.Ford465@gmail.com,521-725-9020,Millerbury,France,23.02.2023,social_media
722,Kyle,Becker,Kyle.Becker111@gmail.com,001-524-606-4242x9563,East Tiffany,France,16.09.2023,social_media
723,Jordan,Gonzales,Jordan.Gonzales493@gmail.com,559.855.8720x9628,Debbieport,uk,2024-09-30T21:16:54,referral
724,Jared,Lyons,Jared.Lyons598@hotmail.com,+1-241-383-4374,South Donald,U.K.,25.01.2025,referral
725,Brenda,Watson,Brenda.Watson244@yahoo.com,+1-790-651-5026x75512,South Amy,Canada,15/02/2024,organic_search
726,Karen,Gonzales,Karen.Gonzales684@hotmail.com,899.666.7345x957,East Kathrynhaven,UK,11-18-2024,email
727,Daniel,Simmons,Daniel.Simmons108@yahoo.com,001-569-402-8249,,UK,2024-04-01T08:23:02,referral
728,David,Cook,David.Cook493@gmail.com,442-557-6270,West Kyle,Canada,01-13-2024,organic_search
729,Jack,Hodge,Jack.Hodge31@yahoo.com,332-985-0725,Halefort,US,2025-01-07,paid_search
730,Elizabeth,Guerra,Elizabeth.Guerra179@hotmail.com,816.825.2654,West Tracyshire,CA,06/02/2024,social_media
731,Anthony,Blackwell,Anthony.Blackwell852@gmail.com,,West Michael,USA,16/09/2024,social_media
732,Walter,Smith,Walter.Smith964@hotmail.com,001-461-832-7303x46156,West Larry,UK,31/08/2023,paid_search
733,Emma,Castillo,Emma.Castillo388@yahoo.com,(422)868-1715x16025,Smithfurt,canada,01-23-2024,paid_search
734,Roberto,Brown,Roberto.Brown55@yahoo.com,819-878-5758x512,East Adamshire,UK,2025-09-28,email
735,Jonathan,Robertson,Jonathan.Robertson172@hotmail.com,001-776-607-4017x7509,Rogersport,France,08-08-2025,direct
736,Katie,Johnson,Katie.Johnson733@yahoo.com,(345)760-7540,New Joannabury,uk,16/03/2023,paid_search
737,Gregory,Nichols,Gregory.Nichols406@gmail.com,001-327-764-5793x8970,Benjaminville,Germany,2024-06-05,paid_search
738,Patrick,Baird,Patrick.Baird456@gmail.com,546-260-2416x13944,Ashleyborough,US,2025-07-12T17:01:22,email
739,Kathleen,Kim,Kathleen.Kim325@hotmail.com,001-524-280-9624x406,Sandovalview,uk,18.06.2023,referral
740,Joseph,George,Joseph.George81@hotmail.com,,,france,15/02/2024,direct
741,Louis,Walker,Louis.Walker310@gmail.com,001-853-919-4979x695,West Matthewstad,U.K.,10-10-2023,organic_search
742,Lynn,Hernandez,Lynn.Hernandez843@hotmail.com,338.526.4609x1785,Kevinmouth,U.K.,25.01.2023,paid_search
743,Shannon,Mcdonald,Shannon.Mcdonald233@gmail.com,+1-592-895-9660x487,South Catherine,Germany,08-17-2025,organic_search
744,Melissa,Davis,Melissa.Davis440@gmail.com,719.542.2686,Lesterview,UK,06.02.2025,paid_search
745,Luis,Cox,Luis.Cox512@gmail.com,+1-858-688-6367x74722,New Mariamouth,United Kingdom,04-06-2025,social_media
746,Diana,Vega,Diana.Vega582@gmail.com,(396)866-3093x2998,West Chelseaburgh,France,11/03/2025,email
747,Ashley,Kennedy,Ashley.Kennedy396@gmail.com,(909)568-8327x532,Davidland, USA ,2023-07-10,direct
748,Patricia,Clark,Patricia.Clark33@yahoo.com,539.973.2781x952,North Kaitlynchester,France,01/03/2025,paid_search
749,Michelle,Cowan,Michelle.Cowan466@yahoo.com,964-281-9807,Lisaton,United Kingdom,18/11/2023,referral
750,Michael,Moran,Michael.Moran761@hotmail.com,+1-476-511-2491x2565,Clarkville,DE,04/06/2025,referral
751,Mark,Benson,Mark.Benson602@yahoo.com,001-273-445-4757x494,New Keith,FR,2025-07-01T02:19:44,referral
752,Jeffrey,Wood,Jeffrey.Wood337@yahoo.com,001-644-829-4774x222,Danatown,canada,2024-08-12T23:31:51,social_media
753,Melissa,Aguilar,Melissa.Aguilar628@gmail.com,001-404-758-8679,New Melissa,uk,2025-06-03T16:40:08,direct
754,Leon,Brooks,Leon.Brooks583@yahoo.com,+1-528-472-7601x5343,Charlotteville,canada,20/08/2024,email
755,Debra,Kelly,Debra.Kelly125@yahoo.com,001-708-333-5061,Angelaside,germany,07-12-2025,paid_search
756,Melanie,Medina,MELANIE.MEDINA474@GMAIL.COM,5799833423,North Tiffany,France,2025-03-28T07:04:40,organic_search
757,Joseph,Ramirez,Joseph.Ramirez118@hotmail.com,912.984.0333,New Nicoleton,US,19/06/2023,direct
758,Luis,Walters,Luis.Walters483@gmail.com,,Wilsonland,Germany,25.08.2024,direct
759,Thomas,Garcia, Thomas.Garcia80@hotmail.com ,997.549.0961,Gayview,Germany,12/03/2023,email
760,Karen,Guzman,Karen.Guzman657@yahoo.com,+1-625-987-8444x8354,Port Sonyafort, USA ,2023-01-10T01:46:18,paid_search
761,Adam,Barry,Adam.Barry931@hotmail.com,372.521.6417x5823,West Warren,CA,29/01/2024,organic_search
762,Luke,Moreno,Luke.Moreno172@gmail.com,+1-749-939-2523x62292,Chanview,canada,2024-02-29T19:43:22,email
763,Jeremy,Baker,Jeremy.Baker,(224)855-5746x966,,United States,11/03/2024,organic_search
764,Brian,Ortiz,Brian.Ortiz45@hotmail.com,(274)703-3445,Gibbsmouth,U.K.,28.07.2023,paid_search
765,Angela,Stevenson,Angela.Stevenson615@gmail.com,+1-287-841-1325x797,Wrightshire,United Kingdom,30/09/2023,direct
766,Nicholas,Garcia,Nicholas.Garcia70@hotmail.com,648-557-4172x15622,South Johnshire,uk,21.04.2024,direct
767,Amy,Guerrero,Amy.Guerrero22@hotmail.com,740.721.5573x25737,Lake Teresa,United States,12/06/2023,social_media
768,Jonathon,Munoz,Jonathon.Munoz207@gmail.com,(716)266-7080,Forbeshaven,DE,27/06/2025,social_media
769,Morgan,Murphy,Morgan.Murphy534@hotmail.com,349.951.1918x1828,Port Charles,United Kingdom,09/11/2024,paid_search
770,Gabriella,Meyers,Gabriella.Meyers929@yahoo.com,625.212.9578x606,Smithbury,France,02-20-2025,paid_search
771,Marcus,Hernandez,Marcus.Hernandez7@gmail.com,,Amandaborough,germany,2024-02-23,paid_search
772,Kayla,Andrews,Kayla.Andrews852@yahoo.com,001-292-432-3421x089,Stephaniemouth,france,03/12/2023,email
773,Monica,Hebert,Monica.Hebert255@hotmail.com,234.426.4335,Martinezfurt,canada,09-12-2025,email
774,Anthony,Dillon,Anthony.Dillon483@hotmail.com,360.377.6336,New Robin,Germany,2025-09-14T00:43:16,email
775,Jenny,Martinez,Jenny.Martinez610@gmail.com,779-955-6331,Williammouth,US,03.08.2024,referral
776,Allen,James,Allen.James342@yahoo.com,(615)754-1643x1670,,Germany,2025-10-22T13:37:34,email
777,Brandon,Boone,Brandon.Boone994@gmail.com,001-502-682-2700,Christinaburgh,DE,2023-03-21T04:31:55,referral
778,Robert,Thompson,Robert.Thompson782@hotmail.com,(825)712-0734,Christytown,Canada,09-27-2025,direct
779,Krista,Rivera,Krista.Rivera949@yahoo.com,4263086982,West Phyllisland,usa,27/02/2023,social_media
780,Robert,Jones,Robert.Jones967@yahoo.com,768.772.9047x742,South Trevorshire,FR,2023-01-26,direct
781,James,Robinson,James.Robinson724@gmail.com,(531)616-4913,Lake Donna,DE,05-24-2025,referral
782,Mark,Dickson,Mark.Dickson908@hotmail.com,001-488-294-2565,Welchborough,france,02.07.2023,social_media
783,Tiffany,Smith,Tiffany.Smith767@hotmail.com,,Port Lauraburgh,CA,2025-10-04,organic_search
784,Randy,Smith,Randy.Smith427@yahoo.com,653.796.7379x4871,Wendyburgh,germany,10/02/2024,referral
785,Jonathan,Roman,Jonathan.Roman581@yahoo.com,001-587-915-8415x60821,North Andreaport,usa,2024-06-15T14:53:01,direct
786,David,Bailey,David.Bailey890@yahoo.com,(481)282-6832x30358,Amberhaven,France,02/03/2023,email
787,Garrett,Moore,Garrett.Moore779@hotmail.com,,Lake Cynthia,germany,27/03/2023,referral
788,Christine,Bridges,Christine.Bridges618@hotmail.com,(889)863-4064,Mcdonaldberg,usa,05-29-2025,direct
789,Jennifer,Evans,Jennifer.Evans837@gmail.com,484-539-9106x227,Hartmanchester,U.K.,2024-11-07,email
790,Peter,Lee,Peter.Lee856@yahoo.com,934-426-1923,Kathleentown,germany,2024-05-24T13:24:50,referral
791,Dana,Meyer, Dana.Meyer424@hotmail.com ,997-437-4189,Port Reneemouth,germany,01-07-2025,direct
792,Nancy,Herring,Nancy.Herring622@gmail.com,(741)576-9274x3811,Copelandchester,Germany,2025-09-02,direct
793,Robert,Little,Robert.Little622@yahoo.com,001-944-585-6451x0173,Wadeville,DE,30/10/2025,email
794,Wendy,Mckenzie,Wendy.Mckenzie853@yahoo.com,+1-399-369-8609,North Tammybury,US,25.08.2023,paid_search
795,Michael,Chambers,Michael.Chambers175@hotmail.com,(460)257-7980x66039,Coreychester,Canada,2023-11-25T11:53:15,social_media
796,Laurie,Daniel,Laurie.Daniel264@yahoo.com,(755)834-7057x423,Kimberlyburgh,canada,10-04-2025,paid_search
797,Megan,Gates,Megan.Gates67@yahoo.com,(498)835-4116x597,West Melissa,france,13/06/2025,social_media
798,Todd,Rogers,Todd.Rogers90@yahoo.com,(422)850-1394x884,East Clarencefurt,US,01-23-2025,email
799,Melissa,Thomas,Melissa.Thomas2@yahoo.com,+1-356-726-1499,South Margaret,france,17.01.2025,direct
800,John,Moore, John.Moore228@yahoo.com ,2736333732,North Meredith,france,2024-08-30T07:58:12,direct
801,Timothy,Gonzales,Timothy.Gonzales616@hotmail.com,+1-893-662-8969,,Germany,17.10.2024,direct
802,Jasmine,Holden,Jasmine.Holden869@yahoo.com,(355)935-8512x53892,Danielbury,US,02-10-2025,paid_search
803,Jennifer,Robbins,Jennifer.Robbins957@hotmail.com,+1-937-849-0797,East Andrewmouth,canada,09-25-2025,direct
804,Angelica,Brown,Angelica.Brown562@yahoo.com,821.551.4940x9762,Collinsport,Canada,05-28-2023,social_media
805,Mark,Hudson,Mark.Hudson877@hotmail.com,(828)495-0905x91191,East Tina,canada,2023-04-21T11:04:15,direct
806,Kim,Mayo,Kim.Mayo141@gmail.com,8718511696,Taylormouth,canada,2024-02-05,social_media
807,Isaac,Collins,Isaac.Collins695@gmail.com,001-764-971-2463x351,New Jonathanton,France,2023-12-11,social_media
808,Tina,Brown,Tina.Brown968@yahoo.com,220-780-0564,East Jacobfort,Germany,2025-04-07,organic_search
809,Hunter,Robinson,Hunter.Robinson501@yahoo.com,429-959-2728,New Benjaminside,CA,2023-07-03T16:52:54,social_media
810,Pamela,Leon,Pamela.Leon12@gmail.com,741-952-9821x7392,Bowersville,DE,17.02.2023,referral
811,Elizabeth,Jones,Elizabeth.Jones711@gmail.com,(323)773-6050x791,Shermanborough,DE,07.06.2025,paid_search
812,Justin,Taylor,Justin.Taylor66@gmail.com,866-666-1707x1587,Gayport,US,17.03.2025,referral
813,Kelli,Hale,Kelli.Hale532@hotmail.com,2312499825,West Paulstad,Germany,2024-02-29,paid_search
814,Tamara,Williams,TAMARA.WILLIAMS185@HOTMAIL.COM,,Rodgershaven,france,27.11.2023,social_media
815,Melinda,Hicks,Melinda.Hicks128@hotmail.com,001-203-217-2351x373,Harrisville,USA,01-01-2023,organic_search
816,Sandra,Smith,Sandra.Smith675@gmail.com,+1-852-663-5602x29394,Lake Jill,FR,22.12.2024,referral
817,Joseph,Vaughn,Joseph.Vaughn102@yahoo.com,(364)337-4906x07231,Port Tracy,canada,16.03.2024,referral
818,Isaac,Murphy,Isaac.Murphy368@hotmail.com,364-984-4941x163,East April,canada,2023-12-01T14:33:56,organic_search
819,Austin,Mendoza,Austin.Mendoza963@gmail.com,706.921.1369,South Carla,uk,30.01.2024,direct
820,Blake,Peck,Blake.Peck168@gmail.com,001-835-809-0254x25730,,france,05-21-2024,organic_search
821,Eric,Carter,Eric.Carter701@gmail.com,623.457.0713,New Tamara,France,13/07/2024,social_media
822,Brian,Cohen,Brian.Cohen387@yahoo.com,280.892.5502x13060,Port Jeffreyton,USA,14.12.2025,email
823,Anne,Jones,Anne.Jones358@hotmail.com,996.449.6737x9457,Herrerastad, USA ,2023-12-16T11:34:40,paid_search
824,Jeffrey,Mitchell,Jeffrey.Mitchell489@hotmail.com,(264)925-0642,Pageside,uk,20.10.2023,direct
825,Melissa,Archer,Melissa.Archer941@gmail.com,+1-753-866-6777x6755,Lake Alyssa,United Kingdom,2025-07-26T06:39:59,social_media
826,John,Marquez,John.Marquez294@hotmail.com,895.478.6543,Rodriguezmouth,germany,2024-09-17,social_media
827,Kevin,Wall,Kevin.Wall866@hotmail.com,(803)435-8268x62703,Tonyashire,DE,04-28-2023,referral
828,Kayla,Davidson,Kayla.Davidson986@hotmail.com,226.357.3275,North Andrewton,Germany,2025-12-26T04:32:23,organic_search
829,Martin,Davis, Martin.Davis933@yahoo.com ,923.941.5959,Janeport,France,2025-12-17,referral
830,Kevin,Lang,Kevin.Lang691@gmail.com,(926)618-9628,North Elizabeth,Germany,10-01-2023,organic_search
831,Dwayne,Wallace,Dwayne.Wallace389@gmail.com,(967)467-2095,Shannonfort,DE,08-30-2023,email
832,Stacey,Knight,STACEY.KNIGHT219@YAHOO.COM,351-522-9462,Kellyland,U.K.,2025-11-21T01:17:23,referral
833,Michael,Terrell,MICHAEL.TERRELL365@YAHOO.COM,,New Patriciachester,Germany,01-17-2024,organic_search
834,Victoria,Diaz,Victoria.Diaz504@yahoo.com,584.680.7520,Shanechester,usa,01-15-2023,paid_search
835,Matthew,Nelson,Matthew.Nelson384@hotmail.com,515.980.2909x046,Priceview,DE,2025-06-17T23:53:39,paid_search
836,Heidi,Rogers,Heidi.Rogers766@hotmail.com,(765)325-4837x44171,Port Davidville,CA,2023-03-24T04:52:01,email
837,John,Thompson,John.Thompson165@gmail.com,(393)411-0059,Welchmouth,United Kingdom,2025-09-28T20:01:45,direct
838,Kristi,Rodriguez,Kristi.Rodriguez770@gmail.com,5235121106,Lake Christophermouth,CA,2025-03-07,organic_search
839,Colleen,Lee, Colleen.Lee160@gmail.com ,,Jacobsburgh,United States,2025-05-29,email
840,Taylor,Dennis,Taylor.Dennis289@hotmail.com,4725801234,Lake Kathleenborough,DE,2024-05-25,social_media
841,Jacob,Morris,Jacob.Morris841@gmail.com,,South Cynthia,canada,07.01.2024,direct
842,Brittany,Guzman,Brittany.Guzman124@hotmail.com,+1-243-364-5380x4421,Cooperton,Canada,2024-02-13,email
843,Christine,Roth,Christine.Roth314@gmail.com,+1-970-715-9591x94575,Evansfort,germany,2025-05-24,social_media
844,Lawrence,Duarte,Lawrence.Duarte373@gmail.com,892.905.6775,,US,2023-03-25,direct
845,Misty,Marshall,Misty.Marshall293@gmail.com,(766)202-5626,Moodyburgh,UK,01-14-2025,organic_search
846,Edward,Shah,Edward.Shah700@gmail.com,906-872-4530,West Maria,USA,12-19-2025,paid_search
847,Melissa,Ramirez,Melissa.Ramirez599@gmail.com,697.466.2705x1157,New Sherry,UK,2024-01-26T07:01:27,organic_search
848,Linda,Butler,Linda.Butler634@gmail.com,725-449-6919x2845,Annettefort, USA ,31/03/2023,email
849,Bryan,West,Bryan.West259@yahoo.com,735.535.7485,West Kimberly,france,2025-01-19,email
850,Ashley,Pruitt,Ashley.Pruitt430@hotmail.com,001-393-837-9705,New Marc,usa,2023-09-22,referral
851,Allison,Ford,Allison.Ford759@hotmail.com,217-763-4250x733,Malloryfort,United States,2025-06-15T18:32:32,referral
852,Anna,Bowers,Anna.Bowers622@yahoo.com,659.583.3991x4038,Hendersontown,DE,16.11.2025,direct
853,Kenneth,Harris,Kenneth.Harris311@yahoo.com,,North Denisechester,FR,12-28-2025,organic_search
854,Christian,Marshall,Christian.Marshall950@gmail.com,968.629.7514x743,New David,CA,2024-03-06,organic_search
855,Stephanie,Martinez,Stephanie.Martinez333@yahoo.com,+1-775-825-6806,West Christie,U.K.,2024-08-26,direct
856,Kathleen,Schneider,Kathleen.Schneider225@yahoo.com,,New Brianberg,US,08-06-2023,direct
857,Tyler,Mcintosh,Tyler.Mcintosh212@gmail.com,(318)823-1555,Karenfort,france,2025-03-20T05:40:00,paid_search
858,Richard,Brown,Richard.Brown152@yahoo.com,+1-262-281-3721x4330,South Bobby,DE,2024-01-22T20:44:26,direct
859,Jeffery,Hall,JEFFERY.HALL289@GMAIL.COM,(985)256-6084,Pierceton,canada,2023-05-23,email
860,James,Johnson,James.Johnson931@gmail.com,001-870-551-9582,New Adrian,CA,2023-01-25,email
861,Courtney,Dean,Courtney.Dean113@yahoo.com,,Williamburgh,Germany,21/06/2023,direct
862,Mary,Webster,Mary.Webster812@yahoo.com,435-346-1470x79863,South Lindaborough,France,24/06/2023,email
863,James,Hudson,James.Hudson836@hotmail.com,,Marissaborough,FR,2023-09-10,organic_search
864,Olivia,Meyers,Olivia.Meyers106@yahoo.com,703.594.3804x032,,FR,24/05/2025,social_media
865,Victor,Cortez,Victor.Cortez944@hotmail.com,276-292-7789x43191,Port Alexview,UK,14/12/2023,organic_search
866,Sarah,Turner,Sarah.Turner79@yahoo.com,001-292-610-5336x5146,North Kevinview,U.K.,2023-11-06T06:28:59,referral
867,Stephen,Randolph,Stephen.Randolph696@gmail.com,607-620-1137,Lake Annaland,UK,2023-08-01T09:52:12,direct
868,Jessica,Hernandez,Jessica.Hernandez831@gmail.com,(660)607-6762x0901,Harrisview,U.K.,28/10/2023,email
869,Andrew,Nelson,Andrew.Nelson816@gmail.com,270.609.6873,Christopherstad,germany,2024-07-24,social_media
870,Stephen,Kennedy,Stephen.Kennedy786@gmail.com,(958)782-5562x965,Dylanfort,Canada,13/11/2024,email
871,Emma,Russell,Emma.Russell510@yahoo.com,494-225-5778,Williamberg,germany,13.05.2025,direct
872,Carol,Fernandez, Carol.Fernandez90@hotmail.com ,,Port Lauren,canada,2023-10-01,social_media
873,Donald,Velasquez,Donald.Velasquez302@gmail.com,001-661-461-8808x190,Lake Jenna,UK,2024-03-07,direct
874,Matthew,Wilson,Matthew.Wilson986@hotmail.com,(486)586-3956x137,Port Tanyaville,Canada,21.04.2023,organic_search
875,Tyler,Moon,Tyler.Moon892@hotmail.com,536-443-8130x0041,,germany,02/05/2025,email
876,Maria,Becker,Maria.Becker541@gmail.com,571-665-6094x565,Harveyfort,canada,2023-01-28,paid_search
877,Cynthia,Watkins,Cynthia.Watkins,707.955.0476x8169,South Benjaminfort,USA,07-19-2025,referral
878,Katherine,Miller,Katherine.Miller727@yahoo.com,,North Johnville,FR,2023-09-14T07:42:49,referral
879,Shawn,Curry,Shawn.Curry402@gmail.com,+1-470-254-8739x610,Jonesburgh,United States,08-17-2025,direct
880,Steven,Terry,Steven.Terry169@yahoo.com,+1-604-491-8727,West Carolynchester,DE,01-12-2025,organic_search
881,Daniel,Moore,Daniel.Moore167@gmail.com,677.430.6260,West Michelle,CA,2024-02-18,paid_search
882,Brandy,Snyder,Brandy.Snyder584@hotmail.com,,Stokesville,United Kingdom,09-24-2024,social_media
883,Craig,Taylor,Craig.Taylor200@hotmail.com,+1-890-977-5608x581,West Samuelchester,germany,09.11.2024,organic_search
884,Carl,Miller,Carl.Miller25@hotmail.com,(576)983-2102x192,Angelafort,France,2023-11-07,direct
885,Carl,Tyler,Carl.Tyler906@gmail.com,001-461-880-3324,West Briantown,United States,24.10.2025,direct
886,Daniel,Wade,Daniel.Wade459@hotmail.com,404.825.3733x77731,East Elizabethhaven,FR,04/03/2025,referral
887,Dustin,Hodges,Dustin.Hodges982@yahoo.com,819.223.6534x60605,Lake Jessica,France,2024-09-25,email
888,Nathaniel,Cole,Nathaniel.Cole322@gmail.com,001-827-298-6239x8471,Jonesland,usa,2023-05-26T06:31:26,social_media
889,Janet,Waters,Janet.Waters782@hotmail.com,7546647548,Dixonfurt,DE,03-23-2023,email
890,Katherine,Franco,Katherine.Franco940@hotmail.com,001-389-699-2751x758,Sarahport,germany,20.06.2023,email
891,Brooke,Perez,Brooke.Perez636@yahoo.com,693.654.3586,Santiagoborough,United Kingdom,11-13-2023,email
892,Kayla,Zamora,Kayla.Zamora409@gmail.com,001-543-558-8537x98214,Isaacfort,canada,17.08.2025,email
893,Nicholas,Myers,Nicholas.Myers185@hotmail.com,897-285-2491x416,East Lisaview,USA,11-04-2024,social_media
894,Sarah,Gibson,Sarah.Gibson218@hotmail.com,,Williamchester,FR,20/08/2025,social_media
895,James,Williams,James.Williams616@yahoo.com,+1-279-217-6651x2215,West Danielside,France,13/03/2024,organic_search
896,Joseph,Bowers,Joseph.Bowers259@hotmail.com,+1-563-509-0015x94463,Sarahstad,DE,13.07.2025,paid_search
897,Mary,Hernandez,Mary.Hernandez851@hotmail.com,001-453-326-3890,Lisaville,UK,2024-02-11T12:43:00,email
898,Cody,Bruce,Cody.Bruce706@gmail.com,579.622.3410,Rileyfurt,germany,21.01.2023,paid_search
899,Sean,Hall,Sean.Hall632@gmail.com,(777)726-9608x43768,South Williamfurt, USA ,10/10/2024,email
900,Mary,Obrien,Mary.Obrien886@yahoo.com,(719)862-6335,Johnport,CA,2025-07-11T04:34:38,direct
901,Rachel,Gray,Rachel.Gray38@yahoo.com,7938170695,South Samuelmouth,France,02-12-2025,paid_search
902,Regina,Davis,Regina.Davis591@yahoo.com,(534)254-7223x989,Diazbury,canada,2023-09-13T18:10:22,email
903,Christopher,Moon,Christopher.Moon361@gmail.com,+1-680-441-8472x426,South Larry,DE,07-28-2025,paid_search
904,Abigail,Hall,Abigail.Hall167@gmail.com,+1-309-324-8762x303,West Lisaburgh,france,2024-08-03,organic_search
905,Amanda,Maxwell,AMANDA.MAXWELL666@HOTMAIL.COM,001-252-828-2305x24808,East Brandon,USA,2023-07-24T23:03:57,referral
906,Eric,Anderson,Eric.Anderson684@hotmail.com,(394)873-7213x290,North Justin,France,2024-02-05,social_media
907,Allison,Burns,Allison.Burns930@yahoo.com,,Onealmouth,DE,04-03-2024,social_media
908,Suzanne,Harding,Suzanne.Harding859@yahoo.com,,Waltonhaven,U.K.,2023-03-08,paid_search
909,Sharon,Jackson,Sharon.Jackson344@yahoo.com,(803)819-5419,Evanstown,U.K.,16.03.2025,email
910,Leonard,Gonzalez,Leonard.Gonzalez400@gmail.com,462.279.2463,South Johnny,canada,23.07.2023,organic_search
911,Reginald,Marquez,Reginald.Marquez864@yahoo.com,772.260.3214,Stevenfurt,FR,2023-07-10,email
912,Paige,Wiggins,PAIGE.WIGGINS157@GMAIL.COM,,Michaelhaven, USA ,09-25-2023,paid_search
913,Andrea,Williams,Andrea.Williams920@yahoo.com,455-634-8201,North Williamhaven,canada,2025-02-13,social_media
914,Nathan,West,NATHAN.WEST643@YAHOO.COM,,Reedmouth,United States,09/09/2023,social_media
915,Justin,Williams,Justin.Williams96@hotmail.com,001-317-476-8089,Riveramouth,UK,2023-02-14,email
916,Jessica,Reid,Jessica.Reid704@gmail.com,(231)696-4630,East Jamesshire,United States,03/09/2024,direct
917,James,Lloyd,James.Lloyd622@gmail.com,(489)943-0120x47137,North Elizabethmouth,france,11.01.2023,direct
918,Christina,Krause,Christina.Krause198@yahoo.com,598-585-5829x849,South Timothymouth,United Kingdom,17/01/2025,organic_search
919,Shelby,Turner,Shelby.Turner226@hotmail.com,(309)744-1283x3372,Newtonchester,UK,08.07.2023,direct
920,Ashley,Evans,Ashley.Evans764@gmail.com,(497)815-0666,Goodmouth,uk,2024-02-10T10:14:02,organic_search
921,Sharon,Wilson,Sharon.Wilson320@gmail.com,476.793.6634x3925,Castanedaville,france,10.07.2024,organic_search
922,Christopher,Hogan,Christopher.Hogan440@gmail.com,(486)271-2007,West Tonya,FR,03-11-2023,referral
923,Michael,Jennings,Michael.Jennings619@hotmail.com,(291)502-4510x910,,DE,2024-01-04T11:44:54,paid_search
924,Kristine,Prince,Kristine.Prince75@yahoo.com,449-349-8194,,UK,23/01/2023,email
925,Steven,Phelps,Steven.Phelps921@gmail.com,+1-781-679-3406x5277,Desireefurt,FR,2024-07-23,referral
926,Robert,Arias,Robert.Arias775@yahoo.com,,Jasonmouth,germany,2023-04-06T09:59:28,organic_search
927,Eduardo,Moore,Eduardo.Moore176@gmail.com,,,usa,01-10-2023,paid_search
928,Brian,Golden,Brian.Golden918@gmail.com,,South Davidland,Germany,04-30-2025,social_media
929,Justin,Cook,Justin.Cook82@yahoo.com,001-537-966-1894,West Ericborough,uk,2025-07-19,social_media
930,Michael,Williams,Michael.Williams30@yahoo.com,(227)476-5725x6592,Robertfort,France,11/06/2025,organic_search
931,Nancy,Cook,Nancy.Cook924@gmail.com,,East William,canada,2023-04-18,organic_search
932,Tyler,Ramirez,Tyler.Ramirez77@gmail.com,001-526-500-5595x5017,West Erin,US,2023-10-10T21:14:34,organic_search
933,Michaela,Manning,Michaela.Manning883@yahoo.com,968.299.9360x79848,Marvinchester,CA,08.09.2023,paid_search
934,Bridget,Hanna,Bridget.Hanna678@gmail.com,567.699.3593x7440,Bakerhaven,FR,08-29-2024,referral
935,Jermaine,Walker,Jermaine.Walker663@yahoo.com,860.260.1488,Kaylaton,canada,2023-01-27T07:52:09,email
936,Tyler,Carpenter,Tyler.Carpenter108@hotmail.com,+1-784-513-6852x83061,Smithberg,CA,30/09/2024,referral
937,Sarah,Simon,Sarah.Simon225@gmail.com,+1-344-362-6325x14488,Port David,United States,2025-03-30,social_media
938,Sharon,Mckay,Sharon.Mckay703@gmail.com,001-642-317-5188x78179,Kristinastad,Germany,2023-08-14,email
939,Gregory,Drake,Gregory.Drake30@hotmail.com,,Jessicaland,CA,26/12/2024,paid_search
940,Victoria,Martin,Victoria.Martin442@yahoo.com,,New Lisa,germany,05-15-2025,paid_search
941,Amanda,Mendoza,Amanda.Mendoza609@hotmail.com,,,Germany,24/05/2024,organic_search
942,Michael,Peterson,Michael.Peterson590@yahoo.com,001-961-886-3239x79137,Dawnborough,USA,2025-04-08T14:16:08,organic_search
943,Rachel,Johnson,Rachel.Johnson844@gmail.com,9953055605,Port Cody,canada,08-12-2024,direct
944,Abigail,Miranda,Abigail.Miranda190@hotmail.com,(777)588-5190,Amandachester,USA,05-03-2024,direct
945,Kelly,Trevino,Kelly.Trevino192@gmail.com,624-662-4561x8517,Johnsonport,United States,02-12-2023,organic_search
946,Mark,Joseph,Mark.Joseph779@gmail.com,399.515.1145x51293,West Larryside,canada,2024-05-21,organic_search
947,Kari,Durham,Kari.Durham697@gmail.com,001-389-784-8416x046,Joyceberg, USA ,07-12-2023,direct
948,Casey,Rush,Casey.Rush503@hotmail.com,6174075681,North Matthew,uk,01-28-2023,direct
949,Jacob,Hull,Jacob.Hull116@hotmail.com,207-632-2836,South Amy,uk,03-27-2024,email
950,Brian,Clark,Brian.Clark592@hotmail.com,(338)845-2696x9443,Deborahfort,United States,2025-02-12,social_media
951,Aaron,Wilson,Aaron.Wilson982@hotmail.com,242.592.9132,Lake Brandon,FR,05-04-2025,paid_search
952,Charles,Foster,Charles.Foster533@gmail.com,419-403-1061x537,Port Miguelchester, USA ,2024-12-11,organic_search
953,Nicholas,Stone,Nicholas.Stone151@yahoo.com,232.636.5337x746,South Steventon,germany,09-13-2024,organic_search
954,Kimberly,Bass,Kimberly.Bass465@hotmail.com,,Warrenborough,United Kingdom,2025-05-31,organic_search
955,Robert,Keith,Robert.Keith359@gmail.com,942-560-7819x7543,Maryfurt,UK,26/06/2023,direct
956,Joseph,Castillo,Joseph.Castillo600@yahoo.com,(303)676-3882,Alexaville,CA,2025-03-02T15:23:06,organic_search
957,Joseph,Barrett,Joseph.Barrett612@yahoo.com,001-460-919-1344x3899,East Susanmouth,U.K.,13/02/2024,email
958,Kayla,Carrillo,Kayla.Carrillo309@yahoo.com,001-650-673-2146,Lake Richard,France,13/06/2025,referral
959,Meagan,Guzman,Meagan.Guzman321@hotmail.com,(516)779-3350x557,Perezside,germany,2025-04-20,referral
960,Allen,Jones,Allen.Jones91@hotmail.com,(336)903-7681,East Joann,usa,18.09.2023,referral
961,Jeffery,Davis,Jeffery.Davis774@yahoo.com,7965149731,North Lindaside,United Kingdom,2025-11-26,organic_search
962,Julie,Mays,Julie.Mays850@gmail.com,7743820736,New Brandishire,US,2024-11-09,direct
963,Joshua,Simmons,Joshua.Simmons524@yahoo.com,(578)220-1904x322,East Margaret,france,11/10/2025,direct
964,James,Phillips,James.Phillips,+1-973-892-0135x46212,East Nicholasside,CA,2023-08-23,paid_search
965,Gregory,Cameron,Gregory.Cameron533@yahoo.com,512-431-2616,Jenniferside,France,04-24-2023,email
966,Nicole,Schmidt,Nicole.Schmidt840@hotmail.com,001-857-429-8937,Ramirezview,Germany,10/09/2023,direct
967,Catherine,Howe,Catherine.Howe146@gmail.com,464.268.7191,Lake Isabella,United States,09-02-2025,social_media
968,Stefanie,Wilson,Stefanie.Wilson505@yahoo.com,(392)508-2832x3089,West Alicialand, USA ,2025-05-20,social_media
969,Jordan,Rivera,Jordan.Rivera578@gmail.com,(406)973-2318,South Jenniferside,Germany,06-29-2025,paid_search
970,Christopher,Wolf,Christopher.Wolf470@yahoo.com,(345)700-0000,Port Judy,germany,2024-12-15T19:07:00,referral
971,Dana,Miller,Dana.Miller672@hotmail.com,471.778.5090,Nicholasville,United States,10-14-2023,email
972,Laura,Gordon,Laura.Gordon386@yahoo.com,001-344-421-8299x87478,Port Kathryn,usa,12/12/2025,direct
973,Walter,Kramer,Walter.Kramer599@yahoo.com,(870)786-7009x0043,Christopherhaven,U.K.,2023-07-17T03:52:02,direct
974,Joshua,Hernandez,Joshua.Hernandez779@yahoo.com,001-713-262-4835,Kyleburgh,DE,2023-12-23T13:59:02,organic_search
975,Kristen,Bennett,Kristen.Bennett257@gmail.com,+1-907-706-3369,Port Claudiahaven, USA ,03-02-2023,organic_search
976,Jack,Brown,Jack.Brown137@yahoo.com,6166481880,New Stacy,DE,08/08/2024,direct
977,Vernon,Galvan,Vernon.Galvan834@hotmail.com,,South Jennifer,CA,2023-07-17,paid_search
978,Jacob,Holland,Jacob.Holland793@yahoo.com,832-612-6942x894,North John,US,17/12/2025,paid_search
979,Robert,Love,Robert.Love513@yahoo.com,001-486-731-4417x0646,Katherineton,FR,2025-05-25T22:46:21,organic_search
980,Jacob,Kramer,Jacob.Kramer131@hotmail.com,+1-655-282-4301x76464,Lake Daniel,France,08/11/2024,social_media
981,John,Terry,John.Terry721@hotmail.com,(645)227-9050,Johnborough,uk,09.05.2024,referral
982,Jason,Hubbard,Jason.Hubbard634@yahoo.com,384.395.1632,Lake Carolhaven,uk,2024-06-22,organic_search
983,Steven,Johns,Steven.Johns268@gmail.com,+1-509-433-9137,Schneiderbury,uk,06/11/2024,email
984,Benjamin,Russell,Benjamin.Russell927@gmail.com,001-211-298-7561x7868,East Lori, USA ,02.05.2025,organic_search
985,Wendy,Johnson,Wendy.Johnson970@gmail.com,661-382-9803x65774,Rangelborough,FR,2024-12-18T15:42:39,social_media
986,Peter,Lynch,Peter.Lynch954@yahoo.com,(601)349-1189,Jeremiahfurt,Canada,2023-02-07T20:06:56,organic_search
987,Alyssa,Cooper,Alyssa.Cooper713@gmail.com,,Port Wendy,DE,23/01/2025,social_media
988,James,Briggs,James.Briggs244@gmail.com,799.782.1374,Jonesview,Germany,04/04/2023,organic_search
989,Sarah,Dominguez,Sarah.Dominguez130@hotmail.com,828-286-0505x3766,North Juliechester,USA,21.08.2024,email
990,Kimberly,Smith,Kimberly.Smith126@gmail.com,208.835.6691,Lake Stanley,germany,2025-01-01T08:01:13,direct
991,Luke,Mcgee,Luke.Mcgee799@gmail.com,(434)855-0688,South Conniefort,U.K.,2025-10-28,social_media
992,Roger,Hoffman,Roger.Hoffman974@gmail.com,+1-938-544-0134x808,Kennethfort,germany,17.04.2024,paid_search
993,Michelle,Durham,Michelle.Durham743@hotmail.com,226.703.3591x01570,Port Keithshire,US,2025-07-18,email
994,Hunter,Smith,Hunter.Smith285@yahoo.com,,Brandiburgh,US,2025-02-25,email
995,Richard,Harper,Richard.Harper46@hotmail.com,+1-669-496-4899x718,Bethshire,DE,03-06-2023,organic_search
996,John,Rivera,John.Rivera945@gmail.com,408-849-9323x1234,,FR,2025-06-07,organic_search
997,Richard,Castro,Richard.Castro976@gmail.com,(690)587-2617x60723,West Elizabeth,FR,28/11/2025,email
998,Carrie,Cox,Carrie.Cox947@gmail.com,228.404.0561x29965,Garzastad,germany,05-26-2024,social_media
999,Amy,Thomas,Amy.Thomas40@hotmail.com,918-869-6561x308,Lake Mariaberg,FR,01-26-2023,referral
1000,Katie,Aguirre,Katie.Aguirre868@yahoo.com,001-551-643-4682,Connieton,U.K.,10.09.2025,paid_search
1001,Melissa,Wall,Melissa.Wall594@gmail.com,530.308.6966x1016,Lake Jamesmouth,Germany,01-04-2024,social_media
1002,Madison,Morrow,Madison.Morrow233@gmail.com,,North Nicholaston,Germany,20.03.2023,email
1003,Cheryl,Ramirez,Cheryl.Ramirez43@yahoo.com,+1-491-250-7628x3976,Jeffreyview,FR,03.02.2023,direct
1004,Joseph,Huang,Joseph.Huang241@yahoo.com,494.762.0726x629,New Laurenfort, USA ,10-29-2024,direct
1005,Jessica,Mckenzie,Jessica.Mckenzie658@yahoo.com,6293914068,East James,Germany,04-15-2025,email
1006,Jesse,Pineda,Jesse.Pineda165@yahoo.com,(423)356-1781x703,New Frankfurt,United Kingdom,09.03.2024,direct
1007,Daniel,Christensen,Daniel.Christensen730@gmail.com,,Davidfort,france,2025-02-19,organic_search
1008,Amy,Bray,Amy.Bray516@yahoo.com,233-471-8444,Brandonfurt,canada,16.12.2025,email
1009,Kelly,Williams,Kelly.Williams452@gmail.com,(944)903-7341x67812,East Charles,france,2025-01-11T08:24:23,social_media
1010,Mary,Fowler,Mary.Fowler456@yahoo.com,001-782-913-4862,Hallchester,United States,2025-01-11T23:47:13,referral
1011,Michelle,Hall,Michelle.Hall806@hotmail.com,518.928.5605,South Kristenshire,CA,14/04/2025,referral
1012,Amy,Fields,Amy.Fields350@yahoo.com,+1-817-470-6736x82050,Lake Maryburgh,U.K.,2024-02-10T06:33:01,organic_search
1013,Jeffrey,Bailey,Jeffrey.Bailey429@hotmail.com,(616)850-5871,Lake Charles,Canada,2023-03-11,direct
1014,Denise,Giles,Denise.Giles136@gmail.com,001-625-596-7908,Hansonside,Canada,2024-05-09,social_media
1015,Keith,Payne,Keith.Payne740@gmail.com,(620)650-9386,West Nicole,United Kingdom,07-10-2025,email
1016,Matthew,Moss,Matthew.Moss188@hotmail.com,+1-211-945-7887,West Sandrabury,canada,16.01.2023,social_media
1017,Paula,Morales,Paula.Morales329@yahoo.com,938.920.9746x1917,Weavershire,DE,08-31-2024,organic_search
1018,Rose,Wagner,Rose.Wagner919@hotmail.com,(725)289-3708,Schneiderbury,france,2024-01-01,direct
1019,Miguel,Dominguez,Miguel.Dominguez532@gmail.com,+1-456-769-5790x01248,Josephburgh,CA,2024-08-12T09:58:13,email
1020,Sarah,Long,Sarah.Long296@hotmail.com,,Gonzalezstad,Canada,2024-07-24,paid_search
1021,Margaret,Carr,Margaret.Carr773@gmail.com,+1-832-489-4633x8915,Christophermouth,france,2024-02-04T00:14:33,organic_search
1022,Jacob,Juarez,Jacob.Juarez289@hotmail.com,725.362.9269x3358,Port Victoria,UK,2024-08-27,email
1023,William,Castro,William.Castro270@yahoo.com,(950)678-4685x095,Jeffreyborough,DE,2023-06-11,social_media
1024,Kristopher,Hanson,Kristopher.Hanson344@hotmail.com,691.217.9720x38593,Port Michaelfurt,canada,2024-10-06T01:23:47,organic_search
1025,Kyle,Nguyen,Kyle.Nguyen195@yahoo.com,,West Mariaborough,FR,17/01/2023,referral
1026,Daniel,Daniel,Daniel.Daniel690@yahoo.com,+1-636-478-1367x500,West Stephanieland,Germany,2023-09-27,referral
1027,Austin,Gomez,Austin.Gomez445@yahoo.com,(698)719-8780x9270,East Megan,Canada,2024-06-22T22:19:56,direct
1028,Alison,Gates,Alison.Gates654@yahoo.com,(922)658-6605x9867,Michelleberg,France,2024-08-21T17:39:37,direct
1029,Trevor,Morgan,Trevor.Morgan366@yahoo.com,001-648-359-6559x4282,Port Heathermouth,germany,2024-08-11T15:16:37,social_media
1030,Anthony,Cantu,Anthony.Cantu436@gmail.com,,North Ericport,canada,2023-09-20T17:36:44,referral
1031,Nathan,Hall,NATHAN.HALL241@HOTMAIL.COM,213.721.5513,Timothyhaven,germany,10-23-2024,email
1032,James,Schultz,James.Schultz436@hotmail.com,001-921-444-4889x6699,Mccartybury,DE,2023-04-04T11:13:57,email
1033,Rodney,Nolan,Rodney.Nolan897@yahoo.com,001-546-420-2582x5431,Lake Dennisland,canada,06.11.2024,referral
1034,David,Obrien,David.Obrien822@hotmail.com,5498106018,Tracyborough,USA,2023-05-10,referral
1035,Jennifer,Ford,Jennifer.Ford549@gmail.com,+1-727-968-1722,Floresstad,CA,11-27-2023,email
1036,Anna,Baker, Anna.Baker751@gmail.com ,(329)805-2918x7683,New Mistymouth,canada,2025-10-24T14:29:18,organic_search
1037,Susan,Brewer,SUSAN.BREWER309@GMAIL.COM,,South Graceborough,CA,2025-02-12T23:51:28,paid_search
1038,Scott,Love,Scott.Love79@gmail.com,001-592-805-2229,,United Kingdom,07.11.2023,email
1039,Nicole,Moses,Nicole.Moses880@hotmail.com,,Lloydshire,canada,02-20-2024,direct
1040,Charles,Turner,Charles.Turner386@hotmail.com,+1-523-725-5398,Josephville,FR,28/12/2025,email
1041,Tracy,Newman,Tracy.Newman746@hotmail.com,,Robinsonfurt,usa,20/02/2023,email
1042,Keith,Mcmahon,Keith.Mcmahon577@hotmail.com,444-997-9127x99702,East Brianbury,uk,2023-12-13T07:33:41,referral
1043,Elizabeth,Carlson,Elizabeth.Carlson145@hotmail.com,313.475.2988x3220,Randyton,Canada,05-01-2023,email
1044,Amy,Thompson,Amy.Thompson855@gmail.com,787-797-8889x753,,U.K.,2024-03-04T20:28:36,referral
1045,Jack,Walsh,Jack.Walsh983@yahoo.com,7033044361,Jonesburgh,DE,2023-06-16T03:49:28,direct
1046,Stephanie,Wiggins,Stephanie.Wiggins131@hotmail.com,602-592-9501,Ramirezhaven,usa,2023-08-21T01:25:19,email
1047,James,Salazar,James.Salazar823@gmail.com,3964713971,,canada,08-29-2023,direct
1048,Raymond,Schultz,Raymond.Schultz630@hotmail.com,(213)321-7672,North Danielfurt,U.K.,30.01.2025,social_media
1049,Dan,Gentry,Dan.Gentry216@gmail.com,590-572-5873,West Ashleychester,DE,2025-12-09,social_media
1050,Omar,Clark,Omar.Clark,+1-827-448-1242x11408,Michelleshire,Germany,2023-07-12T19:34:41,social_media
1051,Elizabeth,Hendrix,Elizabeth.Hendrix640@gmail.com,+1-546-720-9355x610,Port Heather,USA,01-29-2023,social_media
1052,Tyler,Smith,Tyler.Smith747@gmail.com,771.724.3658,Parkerberg,germany,19.02.2024,paid_search
1053,Jason,Johnson,Jason.Johnson287@gmail.com,001-920-627-0615x9273,East Carolton,United States,23.02.2025,referral
1054,Scott,Griffith,Scott.Griffith990@gmail.com,(469)206-3224x81554,Lake Jennifer,FR,2024-04-19,referral
1055,Justin,Wright, Justin.Wright169@gmail.com ,6953679756,Scottstad,Canada,2025-06-19T15:29:18,social_media
1056,Nathan,Coleman,Nathan.Coleman247@gmail.com,347.212.4760,Port Davidhaven,United Kingdom,05.12.2025,organic_search
1057,David,Clark,David.Clark979@hotmail.com,(283)317-6417x26808,Sethberg,France,06-23-2025,direct
1058,Brittany,Oneill,Brittany.Oneill922@gmail.com,707-313-8067x13073,Port Monicastad, USA ,09/12/2024,referral
1059,Tara,Finley,Tara.Finley392@yahoo.com,736-921-3009x6258,Warnerview,France,04.02.2024,social_media
1060,Tyler,Harris,Tyler.Harris933@hotmail.com,8538396274,,United Kingdom,2024-07-17T23:21:45,email
1061,Samuel,Hernandez,Samuel.Hernandez281@yahoo.com,001-618-832-7000,Colemanport,US,19/07/2025,email
1062,Tammy,Sims,Tammy.Sims40@gmail.com,001-511-307-9771x40049,Audreymouth,France,2023-09-27T03:00:55,organic_search
1063,John,Bright,John.Bright653@gmail.com,920-549-9809x49769,East Stevenmouth,usa,02-04-2023,direct
1064,Gina,Cervantes,Gina.Cervantes740@yahoo.com,+1-984-916-6123x740,Johnburgh,canada,06/05/2023,referral
1065,Kathleen,Kim,Kathleen.Kim274@gmail.com,001-489-894-9919x7014,North Jason,canada,2023-12-21,social_media
1066,Brent,Murray,Brent.Murray121@hotmail.com,(311)560-2041,Gabrielleshire,U.K.,27/08/2023,direct
1067,William,Gordon,William.Gordon326@hotmail.com,321.817.0889x480,Kevinberg,United States,2025-02-06,direct
1068,Eugene,Martinez,Eugene.Martinez858@yahoo.com,283.897.8570x82004,Floresland,CA,2024-09-27T01:56:30,direct
1069,Maria,White,Maria.White286@gmail.com,(491)849-6112x8794,South Jessica,UK,12-29-2023,direct
1070,Philip,Harding,Philip.Harding95@hotmail.com,704.809.5314x1961,South Rachelbury,DE,16.12.2023,email
1071,Gregory,Mitchell,Gregory.Mitchell583@hotmail.com,+1-883-456-5179,Daniellechester,canada,29.02.2024,referral
1072,Jacqueline,Campbell,Jacqueline.Campbell526@hotmail.com,,Reyesbury,United Kingdom,17/01/2024,email
1073,Jennifer,Walls,Jennifer.Walls382@yahoo.com,4477842170,South Douglasstad,FR,04/01/2025,email
1074,Bethany,Sanchez,Bethany.Sanchez345@hotmail.com,(548)282-0893x48688,Taylorview,DE,2024-01-17T00:47:30,referral
1075,Randall,Hernandez,Randall.Hernandez590@hotmail.com,399.516.0911x413,Donnaburgh,germany,2024-11-22T17:34:09,social_media
1076,Yolanda,Marks,Yolanda.Marks782@hotmail.com,(313)837-6052x30458,Kimberlytown,United States,2025-03-31,paid_search
1077,Renee,Ward,Renee.Ward945@yahoo.com,001-247-824-1916x50344,Brucefort,France,10-13-2023,organic_search
1078,Karla,Washington,Karla.Washington812@hotmail.com,282-849-8980,,US,30/10/2023,social_media
1079,Steven,Arnold,Steven.Arnold190@gmail.com,817-646-8135x926,Jensenside,United Kingdom,2025-02-05T00:10:48,paid_search
1080,Christina,Herman,Christina.Herman483@hotmail.com,001-669-387-4869,Matthewview,United Kingdom,2025-08-07,email
1081,Tiffany,Lara,Tiffany.Lara782@gmail.com,519-829-2075,West Danielfort,CA,2025-05-19T21:44:01,referral
1082,Christian,Vega,Christian.Vega501@gmail.com,898.486.3653,New Bethmouth,US,04-26-2024,social_media
1083,Nathan,Brown,Nathan.Brown626@yahoo.com,6004994248,West Samanthafurt,France,04-01-2023,email
1084,Faith,Hill,Faith.Hill394@hotmail.com,+1-696-467-6056,Port Krystalport,US,2023-03-13T09:30:12,paid_search
1085,Leroy,Grimes,Leroy.Grimes699@yahoo.com,001-875-480-9745x33890,Port Kimberly,CA,08/04/2025,social_media
1086,Jonathan,Sullivan,Jonathan.Sullivan520@yahoo.com,(726)554-0165,North Heatherchester,canada,2023-04-22T11:01:48,social_media
1087,Ethan,Lopez,Ethan.Lopez827@gmail.com,(442)776-7746,South Anthonyland, USA ,2025-12-31,paid_search
1088,Gregory,Fletcher,Gregory.Fletcher778@gmail.com,258-348-8600,Chapmanfurt,germany,12.06.2024,referral
1089,Timothy,Simpson,Timothy.Simpson50@hotmail.com,(631)929-9570,Lake Ricky,DE,2025-01-26T09:11:12,social_media
1090,Jose,Martin,Jose.Martin556@yahoo.com,921-720-3843,South Michael,United Kingdom,2023-03-14,social_media
1091,Brianna,Cruz,Brianna.Cruz757@hotmail.com,6784525482,Lake Angelabury, USA ,10-07-2025,social_media
1092,Wesley,Johns,Wesley.Johns633@yahoo.com,001-340-406-4454x75231,East Sarah,germany,2025-07-27,social_media
1093,Traci,Mitchell,Traci.Mitchell151@hotmail.com,,Flemingland,United Kingdom,06-11-2023,email
1094,Shannon,Santana,Shannon.Santana189@yahoo.com,001-933-742-7203x88621,Lake Amyland,Germany,06/06/2025,referral
1095,Catherine,Hughes,Catherine.Hughes631@gmail.com,4456306935,West Melanie,U.K.,2025-08-26T07:50:07,social_media
1096,Nicole,Smith,Nicole.Smith514@hotmail.com,+1-418-616-7784x8165,Jonathanstad,CA,2025-04-13,email
1097,Jose,Simmons,Jose.Simmons274@hotmail.com,,Port Amanda,CA,2024-10-26,referral
1098,Michael,Jones,Michael.Jones603@hotmail.com,+1-937-681-0539x128,Larashire,uk,12-03-2024,social_media
1099,Beth,Mcneil,Beth.Mcneil474@hotmail.com,629.804.5792x71472,North Lisa,Germany,05.04.2025,organic_search
1100,Michelle,Downs,Michelle.Downs354@hotmail.com,001-564-524-2383x9728,East Theresaside,germany,2025-07-13,paid_search
1101,Vincent,Myers,Vincent.Myers171@gmail.com,001-432-488-0983,North Lisatown,france,2024-08-04T20:15:33,paid_search
1102,Jacob,Thompson,Jacob.Thompson135@gmail.com,2189676610,Martinezside,germany,08-15-2023,paid_search
1103,Christopher,Phillips,Christopher.Phillips411@yahoo.com,(914)603-8453x1980,Loganside,canada,2025-01-13,direct
1104,Darlene,Lee,Darlene.Lee231@yahoo.com,(795)810-0307x62054,Flowersmouth,uk,12-30-2023,organic_search
1105,Andrew,Barker,Andrew.Barker782@yahoo.com,(266)941-1065x41134,Craigshire,FR,06/05/2025,direct
1106,Joseph,Montgomery,Joseph.Montgomery230@gmail.com,890.458.3668x34826,Lawsontown, USA ,16.02.2023,paid_search
1107,Allison,Fernandez,Allison.Fernandez641@hotmail.com,+1-789-217-8791,Leahchester,canada,08.03.2025,paid_search
1108,Henry,Chavez,Henry.Chavez378@gmail.com,001-476-809-3201,Shawnhaven,CA,2023-09-29,organic_search
1109,Barbara,Guerra,Barbara.Guerra473@gmail.com,(704)318-0952x1755,Tuckerport,canada,2025-08-02,referral
1110,Janice,Lambert,Janice.Lambert,,Phillipsburgh,UK,2025-11-30T17:07:11,organic_search
1111,Kristen,Davis,Kristen.Davis905@hotmail.com,+1-482-941-9962x6422,Williamland,DE,2023-02-18T15:57:57,direct
1112,Shannon,Shepherd,Shannon.Shepherd832@yahoo.com,001-454-221-8545x7056,East Megan,US,2025-11-13T22:54:39,email
1113,Michael,Rivas,Michael.Rivas150@hotmail.com,001-200-916-3564,East Margaret,USA,01-20-2025,paid_search
1114,Joshua,Lin,Joshua.Lin216@gmail.com,628.995.4001x78822,North Derek,CA,05-16-2024,social_media
1115,Robert,Price,Robert.Price807@hotmail.com,,Adamland,DE,2025-12-04,paid_search
1116,Brian,Bell,Brian.Bell731@hotmail.com,+1-401-819-5092x7115,Lake Nicolestad,U.K.,19/06/2025,direct
1117,Jeremy,Montoya,Jeremy.Montoya623@yahoo.com,,Port Ashleyborough,Canada,12.09.2024,organic_search
1118,Bradley,Ford,Bradley.Ford739@yahoo.com,001-650-707-4189,Jeremyberg,U.K.,05/12/2024,referral
1119,Lauren,Boyd,Lauren.Boyd536@yahoo.com,001-689-936-5294,South Maryland,FR,2023-12-26T17:37:18,organic_search
1120,Susan,Mcguire,Susan.Mcguire231@hotmail.com,(673)748-1310,East Michaelside,US,2024-02-08T12:58:47,email
1121,Elizabeth,Powell,ELIZABETH.POWELL929@HOTMAIL.COM,(517)743-5748,South Alyssa,france,2024-02-19,email
1122,Richard,Nelson,Richard.Nelson520@hotmail.com,(606)473-9834x48838,Laurenfurt,US,25.04.2023,referral
1123,Samantha,Salinas,Samantha.Salinas263@hotmail.com,762-980-5507x7406,Michaelstad,Canada,2025-07-23,referral
1124,Susan,Moore,Susan.Moore94@hotmail.com,(909)608-5510,Lake Veronicaville,U.K.,12/09/2024,paid_search
1125,Pamela,Garcia,Pamela.Garcia780@gmail.com,678-961-9025,Brownburgh,canada,2023-05-30T07:09:05,organic_search
1126,Gary,Johnson,Gary.Johnson488@hotmail.com,+1-753-754-1201x227,North Ericchester,Germany,2025-05-30T04:03:37,direct
1127,Katherine,Lyons,Katherine.Lyons826@gmail.com,951-753-2594,South Justinfort,canada,08/07/2024,social_media
1128,Cory,Ramos,Cory.Ramos527@gmail.com,(579)380-5950,North Toniport,FR,2025-10-27T11:14:35,organic_search
1129,Susan,Howell,Susan.Howell7@yahoo.com,001-603-391-0452x03608,New Kevinville,CA,2025-06-03,email
1130,Stephanie,Mooney,Stephanie.Mooney199@yahoo.com,+1-792-885-5359x520,North Brianfort,UK,2025-12-22,direct
1131,Ashley,Lane,Ashley.Lane585@hotmail.com,9699680186,Bradleybury,UK,20/11/2023,social_media
1132,Wendy,Mason,Wendy.Mason670@hotmail.com,+1-923-839-4495x30067,West Mark,FR,13/09/2024,social_media
1133,Jeffery,Chen,Jeffery.Chen850@gmail.com,673-365-4262,Medinaburgh,U.K.,2025-04-07T02:00:49,social_media
1134,Brandi,Burton,Brandi.Burton786@hotmail.com,001-223-234-5110,Combston,CA,02-03-2025,email
1135,Michael,Smith,Michael.Smith572@hotmail.com,+1-868-843-0211,Robinsonberg,DE,07/08/2023,paid_search
1136,Christina,Smith,Christina.Smith965@hotmail.com,,Susanmouth,uk,09-24-2025,referral
1137,Matthew,Walter,Matthew.Walter61@hotmail.com,+1-887-659-2129,South Brandon,FR,16/08/2023,direct
1138,Stephanie,Allen,Stephanie.Allen794@hotmail.com,(602)975-5821,Wuberg,US,30/06/2023,social_media
1139,Aaron,Wallace,Aaron.Wallace782@gmail.com,(323)780-2362x192,New Ashleyfort,france,05-20-2023,email
1140,Jennifer,Parks,Jennifer.Parks329@hotmail.com,761-318-6385,Ashleymouth,Canada,2024-06-06,paid_search
1141,Hannah,Ruiz,Hannah.Ruiz438@hotmail.com,001-516-388-0053x789,Franklinberg,usa,2025-11-15,referral
1142,William,Perkins,William.Perkins983@gmail.com,545.640.1822x72002,Lake Sara,Germany,18.05.2023,organic_search
1143,Tiffany,Taylor,Tiffany.Taylor545@gmail.com,3413447432,Dicksonstad,France,2024-01-26T02:39:39,social_media
1144,Barbara,Page,Barbara.Page911@hotmail.com,,Lake Davidtown,DE,26.11.2024,direct
1145,David,Walters, David.Walters412@gmail.com ,,Sharonberg,Germany,05-24-2025,paid_search
1146,Jeffery,Anderson,Jeffery.Anderson787@hotmail.com,875.721.3530x281,South Jonborough,france,27/12/2024,paid_search
1147,Aaron,Joyce,Aaron.Joyce316@gmail.com,(593)477-7569x198,Lake Andrewburgh,Canada,12-14-2024,social_media
1148,Vicki,Davis,Vicki.Davis214@hotmail.com,+1-517-646-9029x83104,New Paulburgh,canada,28/12/2024,email
1149,Edward,Miller,Edward.Miller27@gmail.com,767-808-0568,Stevenston,usa,28/03/2025,email
1150,Patrick,Graves,Patrick.Graves96@gmail.com,698-665-5049,Dianamouth,France,2024-03-05T04:22:55,direct
1151,Tammy,Myers,Tammy.Myers768@gmail.com,,Cassandraborough,FR,05.09.2025,organic_search
1152,Jennifer,Bradley,Jennifer.Bradley8@yahoo.com,,West Deborahfurt,Germany,2024-09-26T02:22:39,direct
1153,Gary,Lopez,Gary.Lopez719@gmail.com,(726)611-4243x6258,North Erin,UK,07-16-2024,organic_search
1154,Melissa,Fields,Melissa.Fields182@gmail.com,+1-679-391-9623,Bakerborough,Canada,06/05/2023,direct
1155,Anita,Ballard,Anita.Ballard633@gmail.com,001-247-525-0583x3343,North Jasminestad,U.K.,2024-01-07,paid_search
1156,Melinda,Rice,Melinda.Rice209@yahoo.com,7549576947,Matthewsview,usa,2023-02-22,email
1157,Jennifer,Bender,Jennifer.Bender936@hotmail.com,335-836-5974x66986,West David,United States,07-25-2023,paid_search
1158,Gregory,Mitchell,Gregory.Mitchell68@gmail.com,+1-409-859-4815,West Kristin,usa,2023-10-03,social_media
1159,Nathan,James,Nathan.James922@yahoo.com,621.430.7423x591,Martinezport,DE,2023-07-17T17:23:44,direct
1160,Brian,Contreras,Brian.Contreras129@yahoo.com,+1-989-833-2614x5430,Lake Kayla,France,07-14-2023,referral
1161,Jeremy,Woodward,Jeremy.Woodward232@hotmail.com,3083178522,Jessicamouth,United States,30.11.2025,social_media
1162,Christopher,Cantu,Christopher.Cantu433@yahoo.com,923-554-2687x44701,Port Deborah,CA,2025-02-27,paid_search
1163,Lisa,Johnson,Lisa.Johnson147@hotmail.com,(552)937-7729x66563,,Canada,09-11-2025,paid_search
1164,Adam,Ramirez,Adam.Ramirez463@gmail.com,+1-205-427-8105x5800,Gatesburgh,FR,11-19-2025,paid_search
1165,Jessica,Jones,Jessica.Jones827@gmail.com,,Stevenborough,U.K.,2025-11-29,social_media
1166,David,Johnson,David.Johnson27@yahoo.com,291.536.8172,East Nicholasstad,germany,08-28-2024,social_media
1167,Michael,Moore,Michael.Moore567@yahoo.com,(709)729-7352,East Eddie,DE,12/11/2025,direct
1168,Edward,Steele,Edward.Steele204@yahoo.com,793.989.9204,Port Michael,Canada,11.12.2025,social_media
1169,David,Henderson,David.Henderson711@gmail.com,,Teresafort,France,08.04.2024,referral
1170,Randy,Solomon,Randy.Solomon286@hotmail.com,208.326.9718x236,South Davidfurt,Germany,2025-05-12T17:21:01,social_media
1171,Cory,Newman,Cory.Newman961@hotmail.com,688.821.7648,Gonzalezmouth,canada,2023-05-17T02:09:22,paid_search
1172,Karen,Anderson,Karen.Anderson843@gmail.com,622.428.0194,Annshire,CA,2023-11-23T23:31:23,email
1173,Eric,Cabrera,Eric.Cabrera255@hotmail.com,+1-822-556-0629x5350,Linbury,France,10/09/2023,paid_search
1174,Carl,Holland,Carl.Holland689@hotmail.com,7465741307,Kelseyside,Germany,2025-08-22T08:27:12,social_media
1175,Mario,Smith,Mario.Smith761@hotmail.com,536-926-0846,Paulmouth, USA ,2024-07-11T01:29:30,social_media
1176,Jessica,Gibbs,Jessica.Gibbs437@gmail.com,(354)791-2151x641,Ronnietown,usa,2024-04-05,organic_search
1177,Ashley,Lambert,Ashley.Lambert886@hotmail.com,001-269-439-5787x5207,West Garyburgh,france,2025-05-13,social_media
1178,Elizabeth,Jones,Elizabeth.Jones656@hotmail.com,912.912.4139x3696,Johnsonhaven,U.K.,27/07/2023,referral
1179,Thomas,Jones,Thomas.Jones606@yahoo.com,973.819.2276x0759,Johnborough,Germany,08.02.2025,direct
1180,Shelia,Cohen,Shelia.Cohen617@hotmail.com,,Jamesland,Germany,03.05.2024,direct
1181,Crystal,Reyes,Crystal.Reyes835@yahoo.com,208.495.2312,New Chadtown,FR,2025-12-06T01:21:25,direct
1182,Kim,Tucker,KIM.TUCKER930@YAHOO.COM,949-874-7000x268,Kylechester,germany,2025-04-24T01:01:59,social_media
1183,Tyler,Evans,Tyler.Evans361@yahoo.com,,Mcleanland,U.K.,22/06/2024,referral
1184,Robert,Harris,Robert.Harris330@yahoo.com,(804)650-0635x53730,Jensenmouth,france,07-02-2023,referral
1185,Scott,Rodriguez,Scott.Rodriguez825@hotmail.com,,Derrickfurt,france,11.04.2025,email
1186,Jeffrey,Harris,Jeffrey.Harris208@hotmail.com,(897)502-5512x827,Evansland,CA,11-23-2023,organic_search
1187,Melissa,Mendez,Melissa.Mendez596@hotmail.com,+1-789-659-6546x634,Julieport,United States,31.12.2023,direct
1188,Jenna,Floyd,Jenna.Floyd96@yahoo.com,+1-916-699-9393x449,New Nicole,United States,11-27-2024,email
1189,Natalie,Baker,Natalie.Baker107@hotmail.com,001-682-323-0958x62973,East Dale,CA,18/06/2023,email
1190,Alan,Shannon,Alan.Shannon562@hotmail.com,520.621.7075x485,Woodfort,United States,24/03/2024,email
1191,Lauren,Anderson,Lauren.Anderson13@gmail.com,8303044964,Lake Cheryl,Canada,29/01/2024,referral
1192,Ashley,Morrow,Ashley.Morrow643@gmail.com,001-551-721-3756x5896,Courtneyfort,FR,2025-01-15T09:35:44,social_media
1193,Tamara,Peters,Tamara.Peters328@yahoo.com,599-631-4584,Randybury,UK,20.05.2024,paid_search
1194,Christopher,Walker,Christopher.Walker726@hotmail.com,+1-450-234-2362,East Kyle, USA ,04-03-2024,referral
1195,Kelly,Baker,Kelly.Baker634@gmail.com,+1-710-443-7968x6800,,usa,2025-07-07,social_media
1196,Ashley,Ramirez,Ashley.Ramirez152@hotmail.com,5212774174,Jaredmouth,germany,2023-02-26T21:45:46,email
1197,Brian,Perez,Brian.Perez221@yahoo.com,4229894665,Jessicaburgh,CA,06/11/2025,referral
1198,James,Anderson,JAMES.ANDERSON884@GMAIL.COM,+1-230-520-2569x133,East Jameschester,FR,2023-05-26,referral
1199,Taylor,Jones,Taylor.Jones166@hotmail.com,767-750-7627,Lake Brian,germany,2024-01-07T01:04:24,direct
1200,Joshua,Wood,Joshua.Wood92@gmail.com,223-598-4723,Jenniferberg,US,19/02/2025,social_media
1201,Brandon,Fernandez,Brandon.Fernandez319@yahoo.com,290-717-2224,South Lisachester,Canada,02/04/2025,social_media
1202,Sabrina,Green,Sabrina.Green463@hotmail.com,217.875.4619x924,Daniellebury,US,2023-05-02,paid_search
1203,Amanda,Knapp,AMANDA.KNAPP13@GMAIL.COM,+1-872-658-1225x90956,Robinberg, USA ,23/05/2023,direct
1204,Stacey,Washington,Stacey.Washington187@hotmail.com,279.312.1211,Churchton,FR,05/02/2025,email
1205,Joe,Reed,Joe.Reed153@hotmail.com,+1-269-501-7074,West Dale,canada,09-04-2023,organic_search
1206,Teresa,Williamson,Teresa.Williamson605@hotmail.com,(629)551-7122x276,New Shawn,UK,21.11.2024,email
1207,Frank,Ward,Frank.Ward685@yahoo.com,(821)562-6549,Lake Jill,Germany,2024-01-21,social_media
1208,Heather,Velasquez,Heather.Velasquez831@gmail.com,244-670-4887x8995,Smithburgh,usa,07-06-2023,referral
1209,Alex,Brooks,Alex.Brooks720@hotmail.com,(885)519-5377x4926,New Joyce,france,07-06-2025,direct
1210,Robert,Adams,Robert.Adams446@yahoo.com,375.422.5920x6165,North Destiny,DE,2025-03-07T11:08:14,social_media
1211,Ashley,Pennington,Ashley.Pennington852@gmail.com,001-741-715-6302,Hallbury, USA ,12-22-2023,direct
1212,Steven,Cortez,Steven.Cortez29@gmail.com,+1-262-794-2066x1549,East Jamieville, USA ,07.06.2025,paid_search
1213,Jeffrey,Medina,Jeffrey.Medina698@gmail.com,4493832112,Port Charles,FR,17/10/2024,email
1214,Kara,Dixon,Kara.Dixon656@gmail.com,001-358-326-8687x640,Joseside,canada,17/08/2024,direct
1215,Brian,Parker,Brian.Parker400@yahoo.com,,Port Mary,UK,05-19-2024,email
1216,Aaron,Norton,Aaron.Norton885@gmail.com,001-787-878-7358,Campbellfurt,france,2025-04-18T00:22:20,email
1217,Kaitlyn,Hampton,Kaitlyn.Hampton863@gmail.com,+1-362-534-2192x622,North Kevin,DE,2025-03-20T01:31:18,paid_search
1218,Caleb,Mitchell,Caleb.Mitchell653@hotmail.com,,Amandaville,Canada,2023-12-09T09:20:19,social_media
1219,Juan,Washington,Juan.Washington292@hotmail.com,001-611-379-7269,New Holly,FR,18.02.2024,email
1220,Daniel,Dunn,Daniel.Dunn531@gmail.com,766.560.2000,New Matthew,Canada,2024-01-13,paid_search
1221,Amy,Lopez,Amy.Lopez380@gmail.com,,West Crystalmouth,germany,01-23-2024,organic_search
1222,Lisa,Nelson,Lisa.Nelson972@hotmail.com,280.258.2692,Sanderschester,France,2023-04-26T14:14:50,paid_search
1223,Frank,Ellis,Frank.Ellis231@yahoo.com,532.983.8963,Mcculloughland,United Kingdom,23.05.2023,referral
1224,William,Reid,William.Reid147@hotmail.com,,Thompsonmouth,UK,05/02/2023,direct
1225,Daniel,Hamilton,Daniel.Hamilton40@yahoo.com,001-510-713-2823x39218,South Jillian,U.K.,2025-03-04,paid_search
1226,Jessica,Brown,Jessica.Brown559@yahoo.com,306-677-6106x59208,Port Charles, USA ,2024-08-01T22:25:46,email
1227,David,Lawson,David.Lawson503@yahoo.com,578-615-9698,Donnaburgh,canada,10.11.2023,social_media
1228,Jessica,Smith,Jessica.Smith294@hotmail.com,001-426-765-6862x9591,Harrishaven,Canada,2025-01-23T00:45:44,social_media
1229,Brittany,Vance,Brittany.Vance471@gmail.com,653-994-6074x29907,Port Christina,Canada,2024-12-23T07:34:36,email
1230,Rodney,Hinton,Rodney.Hinton752@yahoo.com,979-696-7080,Scottstad,DE,30/09/2023,paid_search
1231,Gina,Jefferson,Gina.Jefferson196@yahoo.com,(941)783-9841x6734,South Jessica,canada,2025-08-06T19:57:34,social_media
1232,Amanda,Ferguson,Amanda.Ferguson403@yahoo.com,798-404-4509x2860,Port Pamton,UK,24/04/2025,paid_search
1233,Frank,Taylor,Frank.Taylor676@yahoo.com,4666489008,Michaelville,UK,01/03/2025,social_media
1234,Kayla,Smith,Kayla.Smith657@hotmail.com,001-583-905-7488,Marthaville,France,09-25-2023,referral
1235,Angela,Perry,Angela.Perry753@gmail.com,,,france,2023-04-19,social_media
1236,Alexis,Schaefer,Alexis.Schaefer762@yahoo.com,(700)503-0566x199,West Paulville,UK,07-03-2025,direct
1237,Angela,Saunders,Angela.Saunders311@gmail.com,984.467.9087x018,Humphreyton,CA,2025-12-26T22:30:40,paid_search
1238,Anthony,Welch,Anthony.Welch644@gmail.com,(951)603-4444x29906,Stephanieside,france,2023-10-28,organic_search
1239,Rachel,Morales,Rachel.Morales485@yahoo.com,(840)962-2155,West Sarah,CA,22.06.2025,paid_search
1240,Kayla,Lopez,Kayla.Lopez994@gmail.com,690-953-3470,Timothyfurt,Germany,27/01/2025,paid_search
1241,Kevin,Roberts,Kevin.Roberts694@yahoo.com,(293)996-5213x835,East Karlstad,FR,2024-10-18,social_media
1242,Jeffery,Martin,Jeffery.Martin17@hotmail.com,5034622117,Simpsonchester,FR,17.11.2025,organic_search
1243,Kelsey,Herrera,Kelsey.Herrera928@hotmail.com,001-439-758-5585x2294,Lake Michele,DE,11-22-2024,direct
1244,Craig,Wilson,Craig.Wilson83@hotmail.com,375-691-7105x08054,,germany,2023-02-09T11:01:16,paid_search
1245,Shane,Parker,Shane.Parker398@yahoo.com,353.952.4784,West Beverlyshire,DE,05-19-2025,paid_search
1246,Stephen,Green,Stephen.Green566@hotmail.com,505.337.8803,South Christopher,U.K.,2024-10-14,organic_search
1247,Kristin,Barker,Kristin.Barker249@gmail.com,+1-789-426-0878x8281,Danielsborough,Canada,2023-06-04,direct
1248,Alec,Wilcox,Alec.Wilcox160@yahoo.com,(751)552-1746,Jessicafort,United Kingdom,2023-08-05,organic_search
1249,Lisa,Mueller,Lisa.Mueller941@gmail.com,689-815-6734,,Canada,2024-04-22,direct
1250,Tyler,Moss,Tyler.Moss329@yahoo.com,001-662-896-9143x3629,Greenmouth,usa,01-17-2024,direct
1251,Brian,Matthews, Brian.Matthews454@hotmail.com ,5012089857,Port Sarah,France,2024-01-23,paid_search
1252,Jenna,Martin,Jenna.Martin775@hotmail.com,889-668-4424,Christinemouth,CA,11-03-2025,paid_search
1253,Brandi,Kim,Brandi.Kim,(475)395-8281x902,Mcgeemouth,DE,2024-07-30,organic_search
1254,Jessica,Lynch,Jessica.Lynch353@hotmail.com,+1-612-648-8397x1705,Lisaview,usa,2025-07-02,social_media
1255,Laura,Harris,Laura.Harris715@yahoo.com,001-828-368-1123x03885,New Johnfort,FR,2025-07-12T13:02:18,social_media
1256,Mary,Miller,Mary.Miller782@yahoo.com,001-200-799-2177,Dylanchester,DE,2024-12-23T14:55:04,email
1257,Sandy,Richards,Sandy.Richards475@gmail.com,(215)388-0705x326,New Johnshire,uk,02-20-2023,email
1258,Christopher,Wright,CHRISTOPHER.WRIGHT375@HOTMAIL.COM,(897)242-5513,Lake Amandaside,CA,2024-01-12,organic_search
1259,Lauren,Foley,Lauren.Foley154@hotmail.com,504-850-2437,West Sarahhaven,DE,22/07/2024,email
1260,Tyler,Gray,Tyler.Gray512@yahoo.com,(571)535-8969,Johnton,france,08-06-2023,direct
1261,Janet,Sims,Janet.Sims297@hotmail.com,461-754-7315x66397,Kristyville,germany,22/09/2024,social_media
1262,Craig,Roberts,Craig.Roberts627@yahoo.com,+1-890-828-3772x70289,Smithbury,uk,20.09.2023,email
1263,Kenneth,Boyd,Kenneth.Boyd458@yahoo.com,641-861-0197x535,Bradstad,USA,2024-10-02T23:04:42,social_media
1264,Tabitha,Johnson,Tabitha.Johnson592@hotmail.com,+1-980-827-3042,South Dennis,FR,13.04.2024,paid_search
1265,Meredith,Brennan, Meredith.Brennan577@yahoo.com ,,Ericamouth,CA,20.10.2024,email
1266,Darren,Fischer,Darren.Fischer923@gmail.com,001-953-809-6906,Heathertown,germany,07-19-2024,organic_search
1267,Ashley,Thompson,Ashley.Thompson229@hotmail.com,001-949-387-4551x35872,Adamsborough,Germany,2024-07-12T11:39:07,social_media
1268,Andrew,Faulkner,Andrew.Faulkner205@hotmail.com,+1-311-964-0343,New Terry,france,05.05.2023,referral
1269,Denise,Howard,Denise.Howard810@hotmail.com,333.564.7704,New Alexanderville,UK,2024-08-29,direct
1270,Sheri,Bailey,Sheri.Bailey378@hotmail.com,+1-360-428-2625x4204,North Cheryl,Germany,2025-06-28,social_media
1271,Jennifer,Kelly,Jennifer.Kelly203@yahoo.com,(604)341-0079,East Joseph,DE,09-11-2023,referral
1272,Whitney,Allen,Whitney.Allen146@hotmail.com,+1-210-997-9412x2487,Lake Peter,DE,03-21-2025,referral
1273,Jonathan,Mahoney,Jonathan.Mahoney332@yahoo.com,,East Gregory,US,2023-09-28,organic_search
1274,Christian,Crawford,Christian.Crawford105@yahoo.com,(324)204-3261,East Kevinhaven,Canada,2024-11-23T02:57:17,social_media
1275,Ryan,Watts,Ryan.Watts411@gmail.com,4702286720,New Matthewbury,usa,2023-07-03T07:32:45,paid_search
1276,Peter,Lang,Peter.Lang233@hotmail.com,,North Ashley,US,2024-04-06,organic_search
1277,James,Mullen,James.Mullen973@hotmail.com,3059779500,East Matthew,Canada,21.03.2025,social_media
1278,Lauren,Sheppard,Lauren.Sheppard686@gmail.com,539.871.3072x211,,Germany,2024-04-15T21:13:00,organic_search
1279,Ashley,Paul,Ashley.Paul596@yahoo.com,667-822-1045,South Danielburgh,United Kingdom,16.01.2023,social_media
1280,Amy,Haney,Amy.Haney524@gmail.com,407.744.3602x3442,North Deborah,U.K.,2024-06-17,direct
1281,Alexis,Peterson,Alexis.Peterson30@gmail.com,001-941-420-9447,Jensenborough,uk,2023-08-19T01:31:00,organic_search
1282,Emily,Fisher,Emily.Fisher778@hotmail.com,(251)432-7617x948,Stacystad,Canada,2024-09-13T13:08:28,organic_search
1283,Breanna,Bell,Breanna.Bell912@yahoo.com,3214191589,Fernandezfurt,canada,06/01/2024,email
1284,Victoria,Warner,Victoria.Warner336@hotmail.com,+1-886-247-8686x237,New Aliciaport,germany,2024-08-07,referral
1285,Stephen,Johnson,Stephen.Johnson,678.419.1907,,USA,30.06.2025,paid_search
1286,Christopher,Turner,Christopher.Turner377@gmail.com,(898)636-9235x3484,Blackburnton,USA,2025-05-05,social_media
1287,William,Wilson,William.Wilson310@hotmail.com,265.746.2202x12372,Aaronborough,USA,2023-09-04,email
1288,Kathleen,Smith,Kathleen.Smith116@gmail.com,3882634673,New Adrianashire,Canada,07.07.2024,email
1289,Yvette,Martinez,Yvette.Martinez221@gmail.com,(900)291-6923x2737,Smithmouth,United States,2025-04-24,referral
1290,Kevin,Zhang,Kevin.Zhang983@gmail.com,+1-667-546-3000,South David,USA,19/02/2023,paid_search
1291,Colin,Conley,Colin.Conley666@yahoo.com,618-715-1985,Port Ashley,Germany,04-19-2024,social_media
1292,Linda,Hernandez,Linda.Hernandez377@gmail.com,840.815.3534,South Marcshire, USA ,10-26-2023,email
1293,Catherine,Wright,Catherine.Wright412@hotmail.com,001-246-467-2010x824,Lake Williamberg,canada,2025-10-09T19:44:36,social_media
1294,Denise,Palmer,Denise.Palmer617@hotmail.com,001-440-926-2085x81745,Port Roberta,Germany,12-03-2023,referral
1295,Dana,Lee,Dana.Lee350@yahoo.com,(335)470-0412,Danielville,canada,2024-02-26,email
1296,Glenda,Mays,Glenda.Mays,(255)990-4610,East Brian, USA ,12-04-2023,email
1297,Ronald,Johnson,Ronald.Johnson750@gmail.com,(483)582-7101,New Jessica,US,03-24-2024,direct
1298,Sara,Simmons,Sara.Simmons770@yahoo.com,820-748-5076,Port Kelsey,germany,21.01.2024,organic_search
1299,Jessica,Beltran,Jessica.Beltran938@yahoo.com,360-742-2763x4601,North Michael,Germany,2023-07-17,organic_search
1300,Jennifer,Lindsey,Jennifer.Lindsey124@gmail.com,,Travisberg,US,09-01-2023,direct
1301,Jordan,Bailey,Jordan.Bailey715@yahoo.com,976-482-2512,Chaveztown,Germany,06.09.2025,referral
1302,William,Boone,William.Boone33@hotmail.com,(656)622-4197x6878,Mcdonaldland,usa,20.07.2023,referral
1303,Eileen,Lane,Eileen.Lane28@hotmail.com,,West Alexis,uk,08/07/2023,direct
1304,Robert,Cantu,Robert.Cantu389@hotmail.com,,Vincentfort,usa,13.07.2025,email
1305,Victoria,Beltran,Victoria.Beltran701@gmail.com,454.334.0466,North Matthew,USA,2025-10-25T06:35:54,social_media
1306,Dana,Bridges,Dana.Bridges821@hotmail.com,001-352-954-9206x4411,New Andrea,FR,2025-10-02T06:19:55,social_media
1307,Amanda,Ford,Amanda.Ford298@gmail.com,+1-663-843-5948x82188,South Richardtown,Canada,14/09/2025,organic_search
1308,Michael,Garcia,Michael.Garcia827@gmail.com,4215254341,North Jeanetteton,germany,2025-10-07T08:19:40,direct
1309,Larry,Manning,Larry.Manning169@hotmail.com,(303)972-1860x03203,North Christopherview,USA,2025-01-20,direct
1310,Antonio,Smith,Antonio.Smith378@yahoo.com,413.717.1978x6016,Lake Williamville,france,2025-05-14,organic_search
1311,Bonnie,Mitchell,Bonnie.Mitchell487@hotmail.com,485.350.1137x535,South Sandraside,U.K.,28.11.2023,paid_search
1312,Allison,Camacho,Allison.Camacho676@yahoo.com,,South Devinmouth,CA,2024-01-15T21:11:39,organic_search
1313,Carol,Brown,Carol.Brown238@gmail.com,416.516.0881x972,Kingfort,France,2025-11-10,referral
1314,Kimberly,Nichols,Kimberly.Nichols311@yahoo.com,730-976-8102x48085,North Geoffreyview,United Kingdom,2024-01-22T17:17:07,email
1315,Elizabeth,Carter,Elizabeth.Carter177@gmail.com,862.721.6906,Greenfort,Canada,18/09/2023,organic_search
1316,Andrew,Owen,Andrew.Owen75@hotmail.com,+1-851-669-1395x21501,South Charles,germany,2024-04-06T09:33:22,organic_search
1317,Timothy,Smith,Timothy.Smith892@gmail.com,(408)642-4319x839,Wesleybury,Germany,10/07/2025,direct
1318,Andrew,Turner,Andrew.Turner630@gmail.com,001-969-710-5302x1516,Wolfefurt,CA,09.05.2024,social_media
1319,Jennifer,Sanchez,Jennifer.Sanchez444@hotmail.com,+1-953-848-1105x014,Kaylaberg,Germany,03-23-2023,email
1320,Tracy,Wilkins,Tracy.Wilkins666@hotmail.com,(715)373-8551x28177,East Brittany,uk,23.09.2024,email
1321,Kathy,Jimenez,Kathy.Jimenez604@gmail.com,654-826-0972x36024,Kelseychester,germany,2025-08-19,direct
1322,Kendra,Mcdonald,Kendra.Mcdonald546@gmail.com,(817)610-7308x715,Schmidtbury,DE,14.08.2024,paid_search
1323,Timothy,Sharp,Timothy.Sharp929@gmail.com,675-343-8027,Wesleymouth,U.K.,04-22-2025,referral
1324,Janice,Powers,Janice.Powers675@yahoo.com,4299254686,New Zachary,germany,25.01.2024,referral
1325,Kevin,Williams,Kevin.Williams818@yahoo.com,(842)907-6327x13538,Holtstad,UK,20.05.2024,direct
1326,Cassandra,Robinson,Cassandra.Robinson909@hotmail.com,(287)790-6048x86932,Kimberlyview,UK,07-29-2025,paid_search
1327,Adam,Kramer,Adam.Kramer259@hotmail.com,792.573.9615x97640,Robertton,United Kingdom,2024-06-05T18:01:27,referral
1328,Jillian,Porter,Jillian.Porter524@yahoo.com,455.942.6190x3842,Port Richard,FR,2023-08-10T17:20:38,email
1329,Mary,Gibson,Mary.Gibson144@gmail.com,,North Jasmin,United Kingdom,22.07.2024,referral
1330,Gregory,Schneider,Gregory.Schneider803@yahoo.com,,North Kathleenmouth,UK,2023-05-03,social_media
1331,Maria,Curtis,Maria.Curtis284@yahoo.com,(691)671-6204x29851,Raybury,france,25/12/2024,organic_search
1332,Antonio,Thompson,Antonio.Thompson325@gmail.com,(690)439-2202x69801,Adamsland,france,2023-02-05,referral
1333,Bruce,Payne,Bruce.Payne829@gmail.com,670.531.6370x500,East Robert,FR,06/12/2023,social_media
1334,Stephen,King,Stephen.King245@yahoo.com,(593)217-2947x6380,Avilamouth,USA,2024-04-20,email
1335,Jordan,Moore,Jordan.Moore154@yahoo.com,+1-998-451-9393x272,East Patriciaville,DE,2024-07-10T07:28:06,email
1336,Lynn,Walker,LYNN.WALKER330@HOTMAIL.COM,8497602667,South Michelle,FR,23.10.2023,direct
1337,Angela,Torres,Angela.Torres807@gmail.com,001-874-699-5070,South Kaitlinstad,Germany,17.04.2024,email
1338,Karen,Mathis,Karen.Mathis250@gmail.com,,North Amy, USA ,2025-01-06,email
1339,Elizabeth,Nielsen,Elizabeth.Nielsen457@hotmail.com,(290)622-1543,Amyton,germany,16/06/2024,paid_search
1340,Brenda,Thompson,Brenda.Thompson661@gmail.com,,Susanbury,canada,2023-04-09,direct
1341,Jamie,Smith,Jamie.Smith631@gmail.com,351.502.5550,Justinton,Canada,2024-08-23T05:09:24,social_media
1342,Jeremy,Sullivan,Jeremy.Sullivan420@hotmail.com,,Heatherborough,Canada,27.12.2023,email
1343,Cindy,Fischer,CINDY.FISCHER242@GMAIL.COM,,East Kelly,Germany,05.07.2024,organic_search
1344,John,Ellison,John.Ellison780@hotmail.com,(420)280-5983x12441,Deleonfurt,germany,10-28-2024,referral
1345,Lawrence,Baxter,Lawrence.Baxter517@hotmail.com,+1-620-712-3763x177,Ernesttown, USA ,05-10-2024,referral
1346,Patrick,Larson,Patrick.Larson252@yahoo.com,+1-319-537-5919x2267,South Nathanfurt,uk,2023-03-28T02:26:31,paid_search
1347,David,Henderson,David.Henderson472@yahoo.com,952.586.4612x0961,North Ashleyburgh,US,11.12.2025,social_media
1348,Donna,Suarez,Donna.Suarez736@yahoo.com,324-603-2115x35505,Lake Kelsey,france,2025-10-20,paid_search
1349,Craig,Bowman,Craig.Bowman377@yahoo.com,908.477.9724,Heatherview, USA ,2023-02-18T11:27:08,paid_search
1350,Michelle,Hernandez,Michelle.Hernandez446@gmail.com,283.845.8192x04877,Waltersshire,United States,10-14-2023,email
1351,James,Clark,James.Clark17@gmail.com,001-629-898-6515x90257,Brianhaven,Canada,2025-01-30T07:27:09,paid_search
1352,Matthew,Gordon,Matthew.Gordon252@yahoo.com,001-688-838-2567x2620,Martinezshire,Germany,2025-08-10T14:04:26,organic_search
1353,Kimberly,Cox,Kimberly.Cox364@gmail.com,001-455-719-6282x22501,Jacksonport,FR,05-19-2023,paid_search
1354,Seth,Tran,Seth.Tran12@gmail.com,001-342-601-2234,,UK,23.03.2024,social_media
1355,Ashley,Thompson,Ashley.Thompson414@gmail.com,8962627026,Samanthamouth,usa,2025-11-24,email
1356,Maria,Williams,Maria.Williams782@hotmail.com,(263)321-7400x391,East Nathan,DE,11-11-2023,direct
1357,James,Harvey,James.Harvey740@gmail.com,(247)811-9360,New Douglasfort,germany,18/07/2024,organic_search
1358,Donna,Flores,Donna.Flores13@yahoo.com,(216)707-6264x3850,South Glenn,US,07.11.2023,referral
1359,Joseph,Davis,Joseph.Davis1@yahoo.com,+1-623-413-3610x94416,Lake Cory,UK,24/03/2024,direct
1360,Michael,Yoder,Michael.Yoder82@yahoo.com,937-827-7685,South Micheleborough,Germany,18.08.2025,referral
1361,Kristy,Munoz,Kristy.Munoz339@gmail.com,+1-204-361-7551x887,Harveyshire,france,01.12.2025,paid_search
1362,Jacob,Evans,Jacob.Evans445@gmail.com,3249837444,East Joseph,Canada,08.04.2025,social_media
1363,Ross,Rogers,Ross.Rogers844@gmail.com,469.847.9025x48536,West Haleyburgh,United Kingdom,10.11.2023,referral
1364,James,Hamilton,James.Hamilton761@hotmail.com,410-309-5385x574,Barberbury,uk,2023-05-16,email
1365,Manuel,Lawrence,Manuel.Lawrence158@gmail.com,6939781460,Mclaughlinport,DE,2025-09-23T17:54:29,referral
1366,Jeffrey,Wagner,Jeffrey.Wagner441@hotmail.com,643-870-6618x756,Andersonfurt,CA,2024-10-31T21:36:24,organic_search
1367,Kari,Powell, Kari.Powell85@gmail.com ,(941)485-8990x027,North Kimberlyport,USA,2023-11-08,email
1368,Matthew,Terry,Matthew.Terry137@hotmail.com,+1-760-243-5660,Lake John,Canada,29/06/2023,social_media
1369,Joseph,Coleman,Joseph.Coleman40@hotmail.com,,East Anthony,United Kingdom,2023-12-15T14:13:51,organic_search
1370,Timothy,Alexander,Timothy.Alexander631@gmail.com,8679182226,Kimberlytown,U.K.,16.06.2024,organic_search
1371,Kellie,Hayes,Kellie.Hayes230@hotmail.com,665.438.5906x73963,Archertown,germany,15.07.2025,social_media
1372,Judy,Edwards,Judy.Edwards429@hotmail.com,804-992-2170x48618,South Peterburgh,uk,07/05/2024,direct
1373,Mary,Farmer,Mary.Farmer82@yahoo.com,001-429-907-3992x89198,New Ericmouth,Canada,05-31-2023,direct
1374,Tammy,Hammond,Tammy.Hammond736@gmail.com,617.408.6494x269,East Jennifershire,UK,2024-09-11T07:38:15,direct
1375,Amanda,Mckay,Amanda.Mckay161@gmail.com,835-949-0145,South Carolland,US,2025-03-08T06:47:33,email
1376,Christina,Weiss,Christina.Weiss884@yahoo.com,605.549.8243,Lake Dwayneland,germany,06/10/2024,organic_search
1377,Steven,Ryan,Steven.Ryan426@yahoo.com,,Shawtown,CA,2025-11-16T21:59:17,social_media
1378,Paul,Bennett,Paul.Bennett185@hotmail.com,331-758-9016x492,East Sheilaton,canada,2025-02-02,organic_search
1379,Danny,Brown,Danny.Brown207@hotmail.com,(264)307-0308,Mooreberg,germany,23.12.2025,referral
1380,Allison,Burke,Allison.Burke202@yahoo.com,+1-424-748-5007,Lake Deborah,france,2024-08-17T19:37:00,organic_search
1381,Crystal,Davis,Crystal.Davis19@yahoo.com,+1-906-891-9612,Andersonside,U.K.,07.08.2025,paid_search
1382,Antonio,Anderson,Antonio.Anderson461@gmail.com,691.670.2634,West Leah,UK,06-04-2024,organic_search
1383,Patrick,Curtis,Patrick.Curtis42@hotmail.com,,,France,05.06.2023,referral
1384,Johnny,Murillo,Johnny.Murillo514@hotmail.com,201.320.4242x5369,East Stephen,Germany,15.04.2023,paid_search
1385,John,White,John.White566@yahoo.com,001-476-603-9670,South Lucas,france,03.11.2024,direct
1386,Megan,Vance,Megan.Vance702@yahoo.com,9557364818,Erinbury,Canada,06-12-2024,direct
1387,Morgan,Wilcox,Morgan.Wilcox166@yahoo.com,,North Michael,uk,25.09.2024,direct
1388,Jennifer,Hayes,Jennifer.Hayes,585.846.6232,South Richardmouth,USA,2024-07-07,email
1389,Cassandra,Weber,Cassandra.Weber513@hotmail.com,(449)812-5949x72204,East Susan,United Kingdom,07-23-2024,organic_search
1390,Anne,Anderson,Anne.Anderson398@yahoo.com,,Sandersmouth,UK,26/06/2023,paid_search
1391,Stacy,Carroll,Stacy.Carroll535@yahoo.com,(535)569-9929,Karenfort,UK,2023-03-03T12:23:08,email
1392,Michelle,Ross,Michelle.Ross795@hotmail.com,477.292.5604x134,Paulabury, USA ,2023-05-18T08:15:20,referral
1393,Cody,Gonzalez,Cody.Gonzalez330@hotmail.com,001-239-912-2600x0144,,DE,12-28-2024,direct
1394,Sarah,Thomas,Sarah.Thomas768@hotmail.com,,Port Kevinbury,uk,2025-12-02,referral
1395,Melissa,Harrell,Melissa.Harrell507@hotmail.com,,East Kevintown,CA,10-11-2024,referral
1396,James,Cain,James.Cain40@yahoo.com,428-672-0998x65642,West Christineberg,DE,12/06/2024,social_media
1397,Brian,White,Brian.White77@yahoo.com,609.876.6919,New Shelby,uk,02-23-2023,paid_search
1398,Margaret,Gardner,Margaret.Gardner954@gmail.com,,Richardberg,United States,2024-11-14,paid_search
1399,Natasha,Miller,Natasha.Miller597@hotmail.com,(930)479-6618x695,Melissatown,France,13.06.2023,direct
1400,Kyle,Pope,Kyle.Pope929@yahoo.com,241.225.3137x9561,,FR,05-10-2025,social_media
1401,Tyler,Simpson,Tyler.Simpson,(417)250-3619,,United States,09.01.2025,organic_search
1402,Dwayne,Cook,Dwayne.Cook606@hotmail.com,001-699-419-3873x3703,Melissaport,UK,2023-08-01,email
1403,Joshua,West,Joshua.West726@hotmail.com,+1-304-276-0786x235,Gutierrezland,canada,15.04.2025,social_media
1404,Kimberly,Franklin,Kimberly.Franklin795@yahoo.com,+1-708-851-7328x9514,West Benjamin,france,06.03.2025,social_media
1405,Lisa,Grant,Lisa.Grant415@yahoo.com,505.358.1157x44965,Williamsfort,UK,09-13-2023,direct
1406,Lori,Smith,Lori.Smith2@yahoo.com,6932045418,New Sandra,FR,13.01.2024,organic_search
1407,Jennifer,Hernandez,Jennifer.Hernandez729@gmail.com,+1-703-896-6203,Courtneytown,Canada,09-30-2023,organic_search
1408,Donna,Ferguson,Donna.Ferguson668@gmail.com,(865)529-5164,Lake Joel,France,04/07/2025,direct
1409,Jennifer,Anderson,Jennifer.Anderson333@gmail.com,897.944.0880,New Jenniferside,US,2023-10-26T07:31:43,social_media
1410,Timothy,Novak,Timothy.Novak879@hotmail.com,(301)399-1843,,canada,2023-01-07T15:46:32,paid_search
1411,James,Chase,James.Chase767@gmail.com,(861)515-8485x8052,Lake David,USA,2024-07-26T06:26:47,organic_search
1412,Brittney,Powell,Brittney.Powell67@yahoo.com,722.605.3970x774,Timothyton,germany,2024-07-18T17:21:39,social_media
1413,Michelle,Shelton,Michelle.Shelton226@hotmail.com,001-623-817-1461x99539,Larachester,CA,09/11/2025,organic_search
1414,David,Russell,David.Russell535@gmail.com,796-905-3026x18402,Smithfurt,U.K.,2025-04-06,referral
1415,Zachary,Williams,Zachary.Williams921@gmail.com,(830)666-3605x0281,New Amyville,United States,2025-12-21T06:39:39,referral
1416,Alex,Robinson,ALEX.ROBINSON982@GMAIL.COM,001-212-603-0252,Ericborough,United States,12/09/2025,organic_search
1417,Katrina,Stevens,Katrina.Stevens258@yahoo.com,001-279-253-1926,Williamsmouth,uk,2024-12-31T03:29:54,email
1418,Michael,Briggs,Michael.Briggs912@yahoo.com,754-549-2054x8944,North Angelaside,France,13/11/2024,email
1419,David,Kelley,David.Kelley707@yahoo.com,(758)434-4566x229,,France,14.08.2025,direct
1420,David,Jensen,David.Jensen698@gmail.com,266-603-6162x48607,Shieldsberg,USA,2025-01-29,social_media
1421,Katherine,Winters,Katherine.Winters419@yahoo.com,3237515850,Lake Adam, USA ,28.11.2024,organic_search
1422,Scott,Shelton,Scott.Shelton811@hotmail.com,967-215-6058,Davidview,US,21/07/2024,direct
1423,Kevin,Clark,Kevin.Clark837@hotmail.com,,Kyleshire,usa,04-14-2024,organic_search
1424,Joseph,Mckinney,Joseph.Mckinney358@yahoo.com,001-853-815-7905x7191,Melaniefurt,germany,13/02/2023,paid_search
1425,Beverly,Jordan,Beverly.Jordan756@yahoo.com,983-835-9748,West Gloriaton,Canada,06/05/2023,referral
1426,Kelsey,Waller,Kelsey.Waller121@hotmail.com,001-277-718-4301x922,Burnsborough,Canada,2025-06-03,paid_search
1427,Jake,Roth,Jake.Roth8@hotmail.com,001-497-732-3964x402,Port Frank,DE,23/06/2023,organic_search
1428,Ralph,Lara,Ralph.Lara112@yahoo.com,(799)424-2773x9238,East Johnburgh,CA,23.12.2025,social_media
1429,Andrew,Davis,Andrew.Davis849@hotmail.com,6164933284,West Troy,Germany,06-30-2025,social_media
1430,Chad,Garza,Chad.Garza949@gmail.com,+1-907-755-1545x260,Carrollland,France,10.08.2025,organic_search
1431,James,Chung,James.Chung236@gmail.com,4064433226,Colemouth,Canada,04.10.2023,paid_search
1432,Jeffery,Crosby,Jeffery.Crosby819@yahoo.com,001-280-566-4707x0385,Salinasmouth,France,09.05.2024,organic_search
1433,Christina,Jackson,Christina.Jackson266@hotmail.com,,Derekport,United Kingdom,25/02/2024,direct
1434,Christopher,Holloway,Christopher.Holloway152@hotmail.com,940.827.4067x5826,West Ashley, USA ,21/10/2024,direct
1435,Aaron,Howe, Aaron.Howe31@gmail.com ,8033638564,,U.K.,03-04-2023,paid_search
1436,Justin,West,Justin.West85@yahoo.com,+1-679-331-8399x798,Carolhaven,France,30.01.2025,organic_search
1437,Ronald,Lawrence,Ronald.Lawrence321@hotmail.com,650-849-3266x43223,East Craigside,CA,2024-06-18,referral
1438,Brenda,Michael,Brenda.Michael685@hotmail.com,+1-411-959-4853x4001,Figueroaburgh,canada,26.12.2023,referral
1439,Derrick,Lee,Derrick.Lee389@hotmail.com,,,US,2024-06-19T08:56:32,social_media
1440,Teresa,Warner,Teresa.Warner371@yahoo.com,442.425.6787x1888,South Alicia,United Kingdom,04-25-2025,referral
1441,Amy,Webb,Amy.Webb379@yahoo.com,+1-684-916-8061x34956,Petermouth,CA,2023-03-27,direct
1442,Zachary,Parks,Zachary.Parks417@hotmail.com,396-238-3097x236,New Nicolechester,Germany,04.02.2023,paid_search
1443,Christopher,Morales,Christopher.Morales63@gmail.com,765-955-7864,Morrisstad,Canada,12.09.2023,direct
1444,Pamela,Bell,Pamela.Bell641@gmail.com,876-440-0068x758,Feliciastad,US,24/05/2024,email
1445,Charles,Reyes,Charles.Reyes664@yahoo.com,,Danielburgh,canada,27.08.2024,referral
1446,Patricia,Hensley,Patricia.Hensley305@yahoo.com,589-897-4023,Smithbury,uk,18/12/2025,organic_search
1447,Mary,Hoover,Mary.Hoover85@gmail.com,001-817-203-6309x4423,North Laura,U.K.,11-17-2023,social_media
1448,Marvin,Williams,Marvin.Williams413@hotmail.com,001-383-909-4134x9096,Parrishshire,United States,2024-01-28,email
1449,Natalie,Taylor,Natalie.Taylor422@yahoo.com,228-941-3569x48045,West Karen,DE,2023-02-16,social_media
1450,Nicholas,Vazquez,Nicholas.Vazquez715@yahoo.com,809.257.3940x59802,Lake Christina,canada,2025-08-11,direct
1451,Joseph,Curtis,Joseph.Curtis297@gmail.com,215.989.2584,Port Larry,United Kingdom,03/03/2024,referral
1452,Billy,Davis,Billy.Davis905@hotmail.com,377.848.6759x514,Victoriahaven,U.K.,2023-07-13T21:50:24,referral
1453,Jennifer,Harris,Jennifer.Harris900@hotmail.com,429.858.6841x96233,Lake Dawnside,germany,10/02/2024,paid_search
1454,Nicholas,Dean,Nicholas.Dean331@yahoo.com,,South Robert,germany,21.06.2023,email
1455,Timothy,Reilly,Timothy.Reilly98@gmail.com,373-706-6293,Port Alyssaland,uk,18/01/2023,paid_search
1456,Taylor,Mason,Taylor.Mason601@yahoo.com,001-526-455-9469x89062,Hardybury,USA,2023-01-27T08:53:52,social_media
1457,Desiree,Wilson,Desiree.Wilson720@hotmail.com,990.222.3790x06548,Lisamouth,germany,30.04.2025,direct
1458,Beverly,Warner,Beverly.Warner377@gmail.com,,Fishermouth,CA,10.09.2023,social_media
1459,Lee,Watkins,Lee.Watkins300@gmail.com,+1-789-307-3781,Troyton, USA ,14/04/2025,direct
1460,Angela,Turner,Angela.Turner622@hotmail.com,+1-562-268-3848x876,North Gina,Canada,06-07-2023,organic_search
1461,Raymond,Hernandez,Raymond.Hernandez533@hotmail.com,(812)319-0518x8129,,UK,2024-11-22T08:39:09,email
1462,William,Anderson,William.Anderson990@gmail.com,,Smithfurt,DE,06/02/2023,organic_search
1463,Paul,Hodges,Paul.Hodges370@hotmail.com,4108792372,,France,2023-11-12,social_media
1464,Angela,Barry,Angela.Barry976@gmail.com,786-949-7035x067,Atkinsbury,Canada,08/11/2025,email
1465,Wendy,Lee,Wendy.Lee498@yahoo.com,001-770-277-3123x155,Scottton,France,03-07-2024,social_media
1466,Michael,Schneider,Michael.Schneider248@hotmail.com,599.338.4440x4588,West Calebfort,USA,02/12/2024,email
1467,Stephanie,Curtis,Stephanie.Curtis916@hotmail.com,323-750-3687,Fuentesside,france,2023-09-12,direct
1468,Carolyn,Manning,Carolyn.Manning708@hotmail.com,+1-677-697-8023x4456,Cherryshire,uk,05-13-2023,referral
1469,Lisa,Johnson,Lisa.Johnson732@gmail.com,001-566-340-1632x95737,Brandifort,Canada,11.05.2025,email
1470,Michael,Mccarthy,Michael.Mccarthy92@gmail.com,+1-327-731-8683x029,Sandraport,uk,05-23-2024,referral
1471,Dawn,Ferrell,Dawn.Ferrell22@gmail.com,624.516.5185,Roblestown,US,2023-12-25,paid_search
1472,Stacey,Lozano,Stacey.Lozano800@yahoo.com,967-646-2159x5841,South Brycetown,CA,2025-04-15,referral
1473,Matthew,Vaughan,Matthew.Vaughan408@gmail.com,581-669-8141,Elizabethfurt,Germany,12-23-2023,referral
1474,Holly,Brown,Holly.Brown622@hotmail.com,683-577-4029x286,Port Sarah,canada,01.12.2025,organic_search
1475,Lisa,Coleman,Lisa.Coleman919@hotmail.com,(909)396-2183x667,Fritzchester,United Kingdom,2025-06-08,referral
1476,Ryan,Miller,Ryan.Miller605@gmail.com,263-342-0222x34998,Lake Samuel,CA,2025-02-22T20:51:32,social_media
1477,Rodney,Walker,Rodney.Walker75@yahoo.com,859.301.7791x5244,Kellyburgh,germany,26.10.2023,social_media
1478,Jason,Frank,Jason.Frank946@yahoo.com,274-365-6426,Sanchezberg,FR,05-07-2024,referral
1479,Noah,Jones,NOAH.JONES876@HOTMAIL.COM,001-656-295-5922x77641,,United Kingdom,18.11.2025,email
1480,Anthony,Ho,Anthony.Ho57@hotmail.com,402-555-1344x48672,West Taylorbury,Germany,01-31-2024,organic_search
1481,Sue,Jones,Sue.Jones385@yahoo.com,661-957-4932x511,Lawrencemouth,USA,2024-10-20T01:58:40,email
1482,Jason,Anderson,Jason.Anderson535@hotmail.com,8408954377,New Jameshaven,canada,01-24-2025,social_media
1483,Linda,Shaw,Linda.Shaw452@gmail.com,787-331-4391,West Jeremyfort,usa,2023-10-14T14:40:50,direct
1484,Amanda,Jackson,Amanda.Jackson141@gmail.com,8787187109,Turnermouth,canada,2025-08-29,paid_search
1485,Kathleen,Combs,Kathleen.Combs955@yahoo.com,+1-280-826-9331x5423,North Jackton,france,2025-12-28,paid_search
1486,Jackson,Shaw,Jackson.Shaw465@yahoo.com,+1-850-952-2411x4206,North Leslieview,Canada,12-17-2023,email
1487,Luis,Chapman,Luis.Chapman558@gmail.com,4164633822,Benjaminmouth,usa,28.07.2023,paid_search
1488,Jesse,Madden,Jesse.Madden116@gmail.com,(220)356-2019,Port Jaredside,usa,15.08.2025,referral
1489,Kristopher,Walker,Kristopher.Walker125@gmail.com,432.552.8613,Matthewchester,uk,11.04.2023,social_media
1490,Erin,Cook,Erin.Cook885@gmail.com,,Jacobfurt,United States,2023-04-19T08:36:39,paid_search
1491,Kenneth,Brock,Kenneth.Brock408@hotmail.com,260.724.9866x342,South Karen,United Kingdom,17/11/2025,organic_search
1492,Dana,Wells,Dana.Wells655@gmail.com,498-852-9735x615,Watsonmouth,United States,01.02.2024,email
1493,Anna,Jones,Anna.Jones560@yahoo.com,001-762-553-8096x64147,South Melinda,canada,22.05.2025,paid_search
1494,Helen,Moore,Helen.Moore182@yahoo.com,001-746-565-3538x96298,West James, USA ,2025-07-09T00:50:03,direct
1495,Renee,Fischer,Renee.Fischer737@yahoo.com,,Bradshawberg,france,2023-05-06T14:39:37,paid_search
1496,Kenneth,Morgan,Kenneth.Morgan799@gmail.com,(676)838-3543,Vincentchester,germany,22/10/2023,paid_search
1497,John,Lane,John.Lane358@yahoo.com,368-824-9793,West Michellehaven,canada,31.01.2023,email
1498,Christopher,Long,Christopher.Long415@hotmail.com,+1-937-410-3073x7260,North Joshuachester,US,12.10.2023,email
1499,Lisa,Haley,Lisa.Haley978@hotmail.com,3826649312,Bowersshire,germany,2024-08-14,paid_search
1500,Kayla,Logan,Kayla.Logan872@yahoo.com,(325)942-9264x5633,Lake Sarah,Canada,06-06-2025,referral
1501,Michelle,Chapman,Michelle.Chapman306@yahoo.com,8368948112,Ashleyland,UK,06-22-2023,email
1502,Christine,Hayes,Christine.Hayes469@hotmail.com,2683335391,Rodriguezstad,france,02.01.2024,email
1503,Kristen,Duncan,Kristen.Duncan490@gmail.com,,Parsonsbury,DE,2024-07-16,referral
1504,Ashley,Nelson,Ashley.Nelson507@hotmail.com,8139334437,Lake Joshua,usa,2025-06-12T18:24:56,direct
1505,Laura,Campbell,Laura.Campbell328@hotmail.com,,Christopherton,Canada,2024-10-13,email
1506,Stephanie,Hancock,Stephanie.Hancock641@yahoo.com,+1-330-214-8116x049,Port Larryburgh,canada,2025-01-08T14:12:18,direct
1507,Patricia,Johnson,Patricia.Johnson703@hotmail.com,+1-266-516-8019,Drewborough,FR,12-27-2023,social_media
1508,Jonathan,Woodard,Jonathan.Woodard957@yahoo.com,384-920-3531x6079,East Samanthafurt,UK,25/08/2024,direct
1509,Brian,Nguyen,Brian.Nguyen546@yahoo.com,217-413-2194,Rebeccatown,canada,03.02.2024,organic_search
1510,Evan,Cantu,Evan.Cantu169@hotmail.com,+1-514-811-2874x5271,Sweeneystad,uk,09-16-2025,email
1511,Travis,Phillips,Travis.Phillips176@yahoo.com,391.838.1074,Port Beckyport,canada,27/01/2025,referral
1512,Gary,May,Gary.May728@gmail.com,(840)413-1535x069,Jonesside, USA ,03-02-2025,organic_search
1513,Jon,Cooper,Jon.Cooper775@gmail.com,627-741-0254x71798,Myersport,FR,03.09.2023,organic_search
1514,William,Hendrix,William.Hendrix614@hotmail.com,700.851.9567,West Michael,usa,2024-07-05,social_media
1515,William,Tanner,William.Tanner315@gmail.com,817.226.6256x504,Johnsonton,CA,03-19-2024,referral
1516,Christopher,Trevino,Christopher.Trevino488@hotmail.com,313-206-8624x087,Lake Tinachester,CA,2024-10-11,referral
1517,Robert,Greene,Robert.Greene714@hotmail.com,317-328-2076x238,Mollyburgh,UK,2024-12-25T06:27:22,email
1518,Donald,Thomas,Donald.Thomas971@gmail.com,(728)424-0847,West Zoe,france,2023-09-27,social_media
1519,Brittany,Phillips,Brittany.Phillips241@gmail.com,510-784-7913x511,Port Melissamouth,UK,08.10.2023,email
1520,James,Coffey,James.Coffey979@yahoo.com,(728)992-0641,New Katherinehaven,Germany,06-24-2025,paid_search
1521,John,Anderson,John.Anderson724@hotmail.com,6103419453,Monicaberg,CA,2024-11-26T21:25:12,social_media
1522,Kristin,Dixon,Kristin.Dixon183@gmail.com,,Keithside,U.K.,2025-05-26,paid_search
1523,Robert,Gibson,Robert.Gibson44@hotmail.com,+1-728-902-1889x3063,Lake Wandamouth,USA,29/05/2023,direct
1524,Angela,Mejia,Angela.Mejia890@hotmail.com,(213)797-4369,Angelastad,US,21/05/2025,direct
1525,Robyn,Mueller,Robyn.Mueller311@hotmail.com,001-840-284-2906,Michaelberg,US,2025-10-01T05:14:43,direct
1526,April,Owen,April.Owen460@yahoo.com,5619065673,Nathanton,CA,01-14-2023,referral
1527,Christopher,Flores,Christopher.Flores295@yahoo.com,(613)568-1498x02530,Sharpburgh,CA,05/08/2023,organic_search
1528,Danielle,Sweeney,Danielle.Sweeney,647-472-5084x232,West William,Canada,2025-02-11,referral
1529,Katie,Hill,Katie.Hill269@yahoo.com,001-724-715-5369x158,Campbellshire,CA,23.08.2025,direct
1530,Sarah,Cruz,Sarah.Cruz182@yahoo.com,001-560-524-2570,Lake Drew,usa,01-13-2025,email
1531,Laura,Lowe,Laura.Lowe159@yahoo.com,(223)415-8286x304,Longland,CA,17.07.2025,paid_search
1532,Scott,Garcia,Scott.Garcia55@yahoo.com,(492)320-4167,Gabrielleshire,usa,10/05/2023,paid_search
1533,Gregory,Sullivan,Gregory.Sullivan746@hotmail.com,370.563.2503,New Brandon,germany,01/03/2023,paid_search
1534,Amanda,Pace,Amanda.Pace979@yahoo.com,5225061901,West Christine,canada,24.05.2025,organic_search
1535,Tracy,Freeman,Tracy.Freeman567@hotmail.com,8004029561,Port Matthew,UK,15.05.2024,paid_search
1536,Jennifer,Rhodes,Jennifer.Rhodes274@hotmail.com,218.655.9407x9923,Jessicaborough,U.K.,2024-03-24T05:52:56,social_media
1537,Derrick,Young,Derrick.Young585@yahoo.com,+1-277-381-4564x7437,Sierrastad,Canada,2023-08-27T06:34:13,referral
1538,James,Mendez,James.Mendez3@gmail.com,,Lake Shannonfort,FR,2025-08-17T19:11:14,direct
1539,Ronnie,Fisher,Ronnie.Fisher503@yahoo.com,905-227-6120x92815,Bateston,United States,28/11/2025,paid_search
1540,Eric,Sanchez,Eric.Sanchez138@hotmail.com,567-787-0676,East Edward,USA,2023-12-21,social_media
1541,Gabriella,Martinez,Gabriella.Martinez622@yahoo.com,001-821-526-8485,Millerport,FR,16/06/2025,direct
1542,Megan,Obrien,Megan.Obrien190@gmail.com,4005375398,East Douglaschester,U.K.,2023-03-24,social_media
1543,Melvin,Hopkins,Melvin.Hopkins945@hotmail.com,(869)732-7841x7837,West Paulahaven,UK,07-31-2025,paid_search
1544,Donald,Davis,Donald.Davis585@yahoo.com,+1-406-952-6642x67351,West Leslie,canada,2024-12-14,social_media
1545,Michael,Rivers,Michael.Rivers284@gmail.com,856.456.9764x8784,West Lisa,CA,2023-01-11T20:59:29,email
1546,Becky,Erickson,Becky.Erickson704@gmail.com,8467250692,,United States,2023-11-06,paid_search
1547,Patrick,Mcfarland,Patrick.Mcfarland888@gmail.com,(506)727-6729,New Scottborough,Canada,20.04.2023,direct
1548,Jonathan,Wiley,Jonathan.Wiley116@gmail.com,,East Barbaraport,USA,07/03/2023,direct
1549,Samuel,Patton,Samuel.Patton955@yahoo.com,6227347780,Sharpmouth,uk,2024-01-30T15:42:30,social_media
1550,Michaela,Taylor,Michaela.Taylor14@gmail.com,440.570.3398x21478,South Deanna,canada,08-01-2023,paid_search
1551,Nicole,Steele,NICOLE.STEELE292@HOTMAIL.COM,001-545-416-7670x636,Gonzalezville,USA,01-18-2023,paid_search
1552,Carlos,Taylor, Carlos.Taylor294@gmail.com ,5085484264,South Melinda,canada,2024-12-17,direct
1553,Emma,James,Emma.James733@hotmail.com,(789)667-1360,Pamelaberg,United States,04/02/2023,email
1554,Andrew,Galloway,Andrew.Galloway283@yahoo.com,790-213-2495x193,North Danielmouth,United States,2023-09-24,social_media
1555,Kelly,Rodriguez,Kelly.Rodriguez27@yahoo.com,208.603.8890x44104,North Michael,United States,08.09.2025,email
1556,Paul,Hicks,Paul.Hicks171@gmail.com,+1-235-538-1483x74755,New Danielleville,United Kingdom,15/02/2023,paid_search
1557,Sandra,Black,Sandra.Black544@yahoo.com,(947)317-7840x1902,Merritthaven,CA,01-16-2023,organic_search
1558,Heather,Brewer,HEATHER.BREWER128@GMAIL.COM,916.811.5866x8611,Kellyhaven,Canada,2025-07-13T13:25:08,social_media
1559,James,Gonzalez,James.Gonzalez380@yahoo.com,570-650-5835,Dawnland,France,12-20-2023,email
1560,Brianna,Henderson,Brianna.Henderson,,New Mike,United States,2023-08-31,organic_search
1561,Michael,Allen,Michael.Allen826@gmail.com,,West Erik,Canada,04/07/2023,email
1562,Ricardo,Thomas,RICARDO.THOMAS558@YAHOO.COM,001-575-280-1584x66879,North Edward,France,03-04-2023,direct
1563,Zachary,Harris,Zachary.Harris87@yahoo.com,(376)769-8345,East Luishaven,usa,2024-04-14,organic_search
1564,Nathan,Evans,Nathan.Evans994@gmail.com,408.273.0897,Cannonbury,U.K.,2024-02-07,referral
1565,Angela,Espinoza,Angela.Espinoza358@gmail.com,877.571.1842x5278,Port Carrietown,Germany,2024-06-03,paid_search
1566,Scott,Miller,Scott.Miller6@gmail.com,2247234473,Allisonmouth, USA ,11-17-2023,email
1567,Tricia,Davis,Tricia.Davis843@hotmail.com,001-861-899-7165x965,Russellton,DE,2025-08-30,organic_search
1568,Catherine,Cummings,Catherine.Cummings425@yahoo.com,733.544.0095x22426,Weberburgh,uk,2023-08-27T01:50:29,referral
1569,David,Davis,David.Davis479@gmail.com,001-743-990-7054x73601,North Rebeccamouth,germany,05-20-2023,referral
1570,Benjamin,Park,Benjamin.Park256@gmail.com,862-760-0802,Lake Jose,US,24.10.2025,social_media
1571,Taylor,Rogers,Taylor.Rogers952@yahoo.com,+1-933-354-8835,North Justin,FR,2023-05-14T07:13:59,referral
1572,Richard,Hudson,Richard.Hudson124@yahoo.com,(838)866-4320x3172,Dustinhaven,germany,21/02/2025,paid_search
1573,Douglas,Long,Douglas.Long976@yahoo.com,892-272-4000x208,West Elizabethfurt,DE,22/10/2024,paid_search
1574,Kristy,Flores,Kristy.Flores606@hotmail.com,5852432716,East Luke,france,01-31-2023,paid_search
1575,Robert,Rios,ROBERT.RIOS143@GMAIL.COM,(593)301-0009x0899,Meyertown,germany,2023-12-18,email
1576,Lisa,Collins,Lisa.Collins677@hotmail.com,4282354158,North Sandra,United States,06-21-2023,direct
1577,Jasmin,Schultz,Jasmin.Schultz526@yahoo.com,(313)766-2808x12268,Kimberlyview,france,2023-08-18T03:02:24,organic_search
1578,Kayla,Bradford,Kayla.Bradford641@yahoo.com,,North Victoria,france,2023-05-25T19:54:06,social_media
1579,Michelle,Davis,Michelle.Davis165@yahoo.com,+1-483-330-9673x97984,Lake Kylechester,UK,2024-04-22T20:47:33,referral
1580,Catherine,Wells,CATHERINE.WELLS955@YAHOO.COM,001-450-516-7671x8776,,uk,2025-08-29T11:39:29,direct
1581,Robert,Young,Robert.Young863@hotmail.com,850.916.2762x92266,New Hollyborough,United States,22.06.2023,email
1582,Seth,Sanders,Seth.Sanders811@yahoo.com,322-489-8907x49935,Matthewfort,FR,2025-03-14T21:03:57,direct
1583,Timothy,Hernandez,Timothy.Hernandez45@yahoo.com,+1-276-340-8385x805,Davidmouth,US,05-17-2025,email
1584,Daniel,Valentine,Daniel.Valentine922@yahoo.com,978-393-9129x56518,Port Tiffanyhaven,usa,2024-04-04T12:08:07,social_media
1585,Roy,Brown,Roy.Brown595@hotmail.com,(900)792-4492x878,Riddlebury,usa,2023-04-03T22:01:05,direct
1586,Dawn,Schroeder,Dawn.Schroeder393@hotmail.com,801.212.5018,Hillshire,uk,13/11/2025,organic_search
1587,Karen,Johnson,Karen.Johnson157@hotmail.com,+1-295-822-2336x9318,North Alexander,Germany,2024-05-12T22:56:56,social_media
1588,Stephanie,Fowler,STEPHANIE.FOWLER129@GMAIL.COM,(742)566-2497,Landryport,france,30.03.2025,paid_search
1589,Virginia,Terry,Virginia.Terry902@yahoo.com,914.546.9567x4068,Debbieview,France,15.12.2025,referral
1590,Shelby,Robinson,Shelby.Robinson23@yahoo.com,001-514-666-8865x8348,Lake Shelby,usa,23.05.2024,direct
1591,Michael,Payne,Michael.Payne732@yahoo.com,+1-926-973-6648x5320,,Canada,2024-01-18,social_media
1592,Michael,Ruiz,Michael.Ruiz411@hotmail.com,+1-743-226-9834x436,Andrewport,United Kingdom,2024-07-24T10:59:55,paid_search
1593,Luis,Brown,Luis.Brown632@hotmail.com,2929846720,West Gerald,United Kingdom,2023-02-27T20:39:06,email
1594,Valerie,Munoz,Valerie.Munoz774@gmail.com,,Lake Taylorbury,usa,13.06.2024,referral
1595,Robin,Burns,Robin.Burns43@gmail.com,001-854-450-3801,Angiestad,france,10-25-2023,organic_search
1596,Daniel,Johnson,Daniel.Johnson424@gmail.com,001-304-450-2814x353,Carlsonbury,DE,2025-03-18T22:48:48,social_media
1597,Madison,Christensen,Madison.Christensen632@hotmail.com,001-753-411-1235x90426,Montoyaberg,FR,20.06.2025,email
1598,Andrea,Pittman,Andrea.Pittman706@yahoo.com,(551)708-5738,Kellyland,FR,2023-04-11,referral
1599,Jordan,Sherman,Jordan.Sherman614@gmail.com,+1-519-935-1174x555,Port Robertfort,canada,02-20-2025,organic_search
1600,Jacob,Bruce,Jacob.Bruce81@yahoo.com,833.474.6121x575,Scottville,usa,2025-03-19T07:32:30,social_media
1601,Glenn,Coleman,Glenn.Coleman727@hotmail.com,581-387-6209x906,Allenbury,CA,2025-02-15,organic_search
1602,Sandra,Harper,Sandra.Harper672@gmail.com,(570)345-0599x82267,Port Jason, USA ,01-02-2024,email
1603,Kimberly,Carey,Kimberly.Carey886@hotmail.com,+1-280-448-5142,Cathybury,germany,04-20-2025,email
1604,Richard,Diaz,Richard.Diaz15@hotmail.com,(782)731-3427,Grayburgh,UK,26.06.2025,organic_search
1605,Catherine,Brown,Catherine.Brown802@hotmail.com,749-504-4318x34369,North Ginaburgh,FR,01/03/2023,paid_search
1606,Elizabeth,Richards,Elizabeth.Richards819@yahoo.com,415-806-2917,Lisamouth,U.K.,2024-11-20,organic_search
1607,Jason,Martin,Jason.Martin343@gmail.com,,Thomasland,germany,21/05/2025,organic_search
1608,Julia,Simon,Julia.Simon302@yahoo.com,392.721.9836,Robinsonmouth,Canada,2025-08-28T11:18:33,paid_search
1609,Ryan,Webb,RYAN.WEBB400@GMAIL.COM,(329)787-7074x599,North Jonathan,United Kingdom,27.10.2025,referral
1610,Louis,Smith,Louis.Smith7@gmail.com,2265838789,Danaton,Germany,2025-03-22T17:31:11,referral
1611,George,Stewart,George.Stewart896@yahoo.com,760.630.4093x467,New Jenniferberg,Canada,2023-01-28T09:56:48,paid_search
1612,John,Coleman,John.Coleman874@hotmail.com,201-738-2721,East Johnfurt,DE,20.04.2023,social_media
1613,Brian,Gardner,Brian.Gardner778@gmail.com,(401)238-8253,Lake Jessica,canada,2025-12-26T01:45:03,referral
1614,Nicole,Powers,Nicole.Powers378@hotmail.com,963-560-3891,Burkemouth,UK,04-21-2024,social_media
1615,Kaitlyn,Watkins,Kaitlyn.Watkins49@yahoo.com,+1-276-972-0005x2141,South Dannybury,U.K.,14/08/2025,paid_search
1616,Joseph,Diaz,Joseph.Diaz144@gmail.com,+1-389-651-2370x8511,Michaelstad,USA,2025-10-03,email
1617,Robert,Kennedy,Robert.Kennedy783@hotmail.com,(955)361-9276x7137,Bradychester,DE,14/12/2023,referral
1618,John,Gomez,John.Gomez702@gmail.com,(966)578-3055,Garciaside,FR,05.05.2023,email
1619,Meghan,Warren,Meghan.Warren262@hotmail.com,902-823-4614x4662,Lake Jeffery,Canada,15.04.2024,referral
1620,Kenneth,Frazier,Kenneth.Frazier640@gmail.com,861.842.1524x831,,CA,2023-08-01,direct
1621,Jared,Leblanc,Jared.Leblanc486@yahoo.com,504.865.6896x9870,North Anthony,DE,07-25-2024,direct
1622,Amber,Tucker,Amber.Tucker269@hotmail.com,+1-236-831-5922x9127,Carmenview,U.K.,16.05.2023,referral
1623,Caleb,Velez,Caleb.Velez722@gmail.com,(329)511-8722x8247,North Amandamouth,CA,18.10.2024,organic_search
1624,Heather,Barton,Heather.Barton468@yahoo.com,+1-907-257-8984x9749,Evanberg,canada,21.05.2025,referral
1625,Daniel,Martinez,Daniel.Martinez614@yahoo.com,+1-365-265-8189,Jonesborough,canada,09-08-2025,email
1626,Crystal,Cohen,Crystal.Cohen386@hotmail.com,863-316-3129x75572,Carlsonchester,CA,19/02/2025,social_media
1627,Jeffery,Sloan,Jeffery.Sloan852@hotmail.com,819-438-9990,North Kathryntown,Canada,2023-07-31,direct
1628,Victor,Simmons,Victor.Simmons31@yahoo.com,(732)616-3361x317,Port Melanieport,FR,2025-11-24,direct
1629,Hannah,Davenport,Hannah.Davenport947@gmail.com,,Chambersstad,france,2023-12-26,organic_search
1630,Kara,Watson,Kara.Watson473@yahoo.com,435.463.9981x27439,Kimberlymouth,FR,2025-09-11,organic_search
1631,Daniel,Stokes,Daniel.Stokes838@gmail.com,+1-825-281-4762x123,Lake Amberbury,France,04-26-2024,social_media
1632,Ashley,Green,Ashley.Green967@yahoo.com,538-245-3156,North Patricia,canada,10-11-2023,social_media
1633,Laurie,Harper,Laurie.Harper324@hotmail.com,+1-459-309-6459x87240,Webbborough,germany,2023-02-04T16:38:25,paid_search
1634,Mark,Bautista,Mark.Bautista837@gmail.com,(468)311-3397x36707,Sandovalport,US,2023-06-02,direct
1635,Theresa,Mccarthy,Theresa.Mccarthy444@gmail.com,,,usa,03-15-2025,organic_search
1636,Kevin,Santos,KEVIN.SANTOS289@HOTMAIL.COM,(441)598-3063,Edwardstown,United States,2024-07-04T22:31:22,organic_search
1637,Clinton,Stephens,Clinton.Stephens16@hotmail.com,244-624-8420x2435,Jenkinsland,france,16.10.2023,direct
1638,David,Fitzgerald,David.Fitzgerald637@yahoo.com,,West Robertview,france,06.06.2025,referral
1639,Alan,Lang,Alan.Lang484@yahoo.com,547-953-9891,West Larryberg,France,04.03.2023,email
1640,Kevin,Nguyen,Kevin.Nguyen465@gmail.com,,New Reginaburgh,CA,2023-09-17,paid_search
1641,Paul,Jones,Paul.Jones783@gmail.com,4352659429,East Timothy,germany,2024-01-18,social_media
1642,Jennifer,Reynolds,JENNIFER.REYNOLDS876@HOTMAIL.COM,(392)529-5338x61941,Port Christinebury, USA ,05-30-2023,social_media
1643,Krista,Torres,Krista.Torres995@yahoo.com,+1-624-506-6283x4633,West Jason,FR,10-10-2023,email
1644,Nathan,Crosby,Nathan.Crosby803@hotmail.com,466.894.0865x42438,New Mark,France,08.07.2023,email
1645,Andrew,Adams,Andrew.Adams273@yahoo.com,6959288959,East Ashleychester,CA,07-09-2025,direct
1646,Justin,Clark,Justin.Clark939@hotmail.com,576-250-4718,Port Brittanyshire,U.K.,2023-04-03T11:36:46,referral
1647,Matthew,Taylor,Matthew.Taylor866@hotmail.com,634.949.6686x679,,Canada,2023-02-06,direct
1648,Allen,Haynes,Allen.Haynes948@yahoo.com,,Port Michellechester,Germany,2023-10-06T10:08:16,paid_search
1649,Breanna,Miller,Breanna.Miller942@yahoo.com,+1-971-710-3847x156,,France,02.07.2023,direct
1650,Robert,Luna,Robert.Luna165@gmail.com,+1-451-588-6016x7449,Heatherstad,France,03-08-2025,organic_search
1651,Cheryl,Bowman,Cheryl.Bowman61@yahoo.com,001-885-504-5056,Cooperton,Germany,08-26-2023,organic_search
1652,Derek,Joseph,Derek.Joseph865@yahoo.com,(986)317-8925,Susanberg,France,2025-05-25,direct
1653,Mark,Baird,Mark.Baird970@hotmail.com,385.876.2648,New Deborah,UK,2023-03-09,email
1654,Ashley,Blake,ASHLEY.BLAKE697@YAHOO.COM,+1-306-235-8530,Port Kathrynmouth,FR,27.06.2023,social_media
1655,Andrea,Bennett,Andrea.Bennett336@yahoo.com,993-704-8527,Blaketon,france,26.04.2025,referral
1656,Patricia,Hughes,Patricia.Hughes353@yahoo.com,(603)863-4443,Burgessbury,CA,30.06.2023,paid_search
1657,Jesse,Medina,Jesse.Medina825@hotmail.com,(933)557-6170,South Kevinstad,Germany,03-14-2023,organic_search
1658,Steven,Mercado,Steven.Mercado794@gmail.com,+1-962-963-6785x08989,Kristenstad,CA,08-30-2024,email
1659,Christina,Sutton,Christina.Sutton346@hotmail.com,948.652.9537,Port Kristenfort,UK,2025-06-10T01:25:01,email
1660,Paul,Barnes,Paul.Barnes562@yahoo.com,704-520-7675x1497,Christophermouth,canada,02-04-2024,paid_search
1661,Karen,Miranda,Karen.Miranda392@hotmail.com,001-730-499-0009x40656,Lake Kelly,UK,2023-10-10,social_media
1662,Jose,Sanchez,Jose.Sanchez457@yahoo.com,+1-665-935-2326x6000,Port Yvonneland,United Kingdom,2024-11-18,social_media
1663,Chad,Fitzgerald,Chad.Fitzgerald,,Madisonland,Germany,2024-10-26,email
1664,Christian,Norris,Christian.Norris683@hotmail.com,899.865.1181x58374,West Jessicafort,United Kingdom,2025-08-05T18:28:40,organic_search
1665,Shane,Mclean,Shane.Mclean20@hotmail.com,+1-268-770-4796x6682,West Richard,france,2023-12-29,email
1666,Tiffany,Willis,Tiffany.Willis942@gmail.com,291.742.3302x92764,Marybury,FR,2023-12-29,direct
1667,Cindy,Henderson,Cindy.Henderson449@gmail.com,840-251-3186,Toddmouth,Canada,2023-01-22T05:44:57,direct
1668,Mikayla,Lewis,Mikayla.Lewis328@hotmail.com,647-485-2474,East Markview,USA,15.06.2024,social_media
1669,Julian,Smith,Julian.Smith290@hotmail.com,+1-623-387-3518x66477,North Tara,usa,22.09.2023,referral
1670,Samantha,Jones,Samantha.Jones726@hotmail.com,702.358.5346,Jasonhaven,US,2023-05-15,email
1671,Kimberly,Diaz,Kimberly.Diaz994@gmail.com,001-617-389-5599x098,New Tiffany,UK,22/07/2024,organic_search
1672,Mark,Aguirre,Mark.Aguirre47@gmail.com,,Murrayburgh,CA,07-12-2023,referral
1673,Jason,Harris,Jason.Harris983@gmail.com,001-534-389-1800,Michelleborough,France,2024-11-28,social_media
1674,Jonathon,Padilla,Jonathon.Padilla35@gmail.com,721-495-9730x9121,Conwayport,Germany,2025-03-25T20:47:47,referral
1675,Christopher,Miller,Christopher.Miller560@hotmail.com,(213)531-5553x0153,Port Kyletown,USA,09-07-2025,direct
1676,Shannon,Patel,Shannon.Patel912@hotmail.com,001-810-896-5984x557,Lake Lauren,canada,2025-02-06,organic_search
1677,Mark,Mercado,Mark.Mercado470@gmail.com,+1-629-791-2699,North Robert,DE,2024-12-13,email
1678,Gabrielle,Donovan,Gabrielle.Donovan321@hotmail.com,,North Robertville,CA,2024-01-12,direct
1679,Samantha,Goodman,Samantha.Goodman970@hotmail.com,(491)800-8224x2168,East Gloria,canada,2023-07-15,direct
1680,Cynthia,Porter,Cynthia.Porter41@hotmail.com,,Jacksonfurt, USA ,04-27-2025,paid_search
1681,Mary,Carroll,Mary.Carroll908@yahoo.com,(208)734-7910,East Ebony,United States,01-14-2023,email
1682,Cynthia,Nielsen,Cynthia.Nielsen332@hotmail.com,(972)628-7032x200,Christinaberg,uk,17/05/2025,email
1683,Jonathan,Lee,Jonathan.Lee977@yahoo.com,729-251-4520,,United States,10-17-2023,social_media
1684,Jasmine,Hernandez,Jasmine.Hernandez80@hotmail.com,660.960.4802x24065,Shannonfurt,France,2025-06-30,social_media
1685,Heather,Lawson, Heather.Lawson731@yahoo.com ,8908418985,Jamesville,Canada,12-17-2023,referral
1686,Rachel,Murphy,Rachel.Murphy587@yahoo.com,(523)388-7888x76569,South Donna, USA ,2023-08-18T18:19:06,paid_search
1687,Brian,Holland,Brian.Holland341@gmail.com,001-901-613-8604,Orrland,FR,2025-08-21,email
1688,Karen,Gilbert,Karen.Gilbert46@gmail.com,603.351.4895x38294,West Steveshire,france,18.03.2024,email
1689,Jessica,Krueger,Jessica.Krueger521@gmail.com,772-583-9516x7309,Lake Jessica,France,2024-09-28,referral
1690,Trevor,Morton,Trevor.Morton740@yahoo.com,486.286.5629x25822,New Jefferybury,Canada,19/09/2023,paid_search
1691,Nathaniel,Williams,Nathaniel.Williams259@hotmail.com,756.584.6767x80964,Beltranview,Canada,2025-12-10,email
1692,Autumn,Guerra,AUTUMN.GUERRA718@YAHOO.COM,,,UK,03-01-2024,direct
1693,Matthew,Miller,Matthew.Miller873@yahoo.com,+1-931-675-5592x8974,Lake Calebport,Canada,07-31-2023,direct
1694,Tara,Cruz,Tara.Cruz921@gmail.com,(875)711-9976x45349,,Canada,03/06/2024,organic_search
1695,Kristin,Jones,Kristin.Jones733@yahoo.com,001-564-719-6789x63009,North Mary,US,16.07.2023,paid_search
1696,Randy,Lee,RANDY.LEE701@GMAIL.COM,659-572-2422,Kelseyburgh,Canada,06-01-2023,email
1697,Timothy,Ortiz,Timothy.Ortiz882@gmail.com,001-284-560-1804,West Angela,France,01/03/2023,direct
1698,Charles,Dickerson,Charles.Dickerson69@gmail.com,,Adkinsstad,FR,2023-08-31T15:17:03,organic_search
1699,Laura,Rose,Laura.Rose376@yahoo.com,001-871-255-4460x5392,Washingtonview,France,2025-03-16,email
1700,Sarah,Summers,Sarah.Summers404@yahoo.com,+1-427-720-5364x9911,Wallaceberg,canada,09-12-2024,social_media
1701,Leah,Diaz,Leah.Diaz452@gmail.com,(915)753-8307,Analand,United Kingdom,2024-04-05T20:39:50,social_media
1702,Robin,Hughes,Robin.Hughes663@yahoo.com,239-956-7844x607,Christophershire,US,2025-06-07,social_media
1703,Heidi,Hurley,Heidi.Hurley222@hotmail.com,417.775.5129x44149,Lake Craig,CA,18/10/2024,organic_search
1704,Samantha,Harvey,Samantha.Harvey652@gmail.com,238.959.7477x65659,West Markview,france,2023-07-20T22:40:28,paid_search
1705,Deborah,Erickson,Deborah.Erickson319@hotmail.com,636-287-7156x9220,Sullivanbury,canada,27.03.2024,social_media
1706,Kenneth,Rodriguez,Kenneth.Rodriguez738@gmail.com,(997)571-0011x547,Christinaview,Canada,01-18-2025,referral
1707,John,Jones,John.Jones252@hotmail.com,387-522-5578x564,Josephfort,Canada,11.06.2023,email
1708,Kyle,Long,Kyle.Long383@yahoo.com,+1-257-739-5232x8555,Burgessport,Germany,07-04-2024,email
1709,Marissa,Cox,Marissa.Cox730@hotmail.com,866-402-8413,East Judith,germany,11-18-2024,paid_search
1710,Diana,Rivers,Diana.Rivers578@yahoo.com,904.907.1469x714,West David,DE,2025-10-26,email
1711,Michael,Flores,Michael.Flores130@yahoo.com,9832745601,New Makayla,CA,11-11-2024,referral
1712,Craig,Miller,Craig.Miller190@yahoo.com,+1-900-817-0679x490,New Larry,US,2025-03-24T10:59:55,paid_search
1713,Erin,Sanders,Erin.Sanders14@hotmail.com,(815)593-8967,Whitneychester,United States,01/09/2023,email
1714,Tommy,Allen,Tommy.Allen54@hotmail.com,(589)660-7072x288,East Jerrystad,US,2023-11-19,social_media
1715,Lori,Mullins,Lori.Mullins219@hotmail.com,9146309742,South Richard,U.K.,2024-04-07,organic_search
1716,Emily,Walker,Emily.Walker703@yahoo.com,001-596-771-4803x007,Bridgesside,france,09-04-2023,direct
1717,Lisa,Price,Lisa.Price95@gmail.com,825.326.3794x12886,Port Davidberg,FR,2024-07-26T06:24:57,referral
1718,Summer,Robles,Summer.Robles274@gmail.com,,West Courtneyburgh,DE,2023-12-02,direct
1719,Marco,Moore,Marco.Moore816@yahoo.com,619-878-9259,Shannonview,FR,2023-09-28T21:01:08,email
1720,Crystal,Nelson, Crystal.Nelson193@yahoo.com ,,East Nicholas,uk,2025-01-01T05:33:08,referral
1721,Lori,Ramirez,Lori.Ramirez950@gmail.com,581-285-1367,,USA,08/11/2023,direct
1722,Gloria,Thomas,Gloria.Thomas317@gmail.com,+1-381-693-7684,Crosbyview,Canada,08.09.2024,direct
1723,Patrick,Taylor,Patrick.Taylor782@gmail.com,348-333-3540,South Gary,United States,2023-03-13,paid_search
1724,Jamie,Price,Jamie.Price355@gmail.com,2878647709,Grahamside,germany,2024-01-17T20:57:26,paid_search
1725,John,Marshall,John.Marshall737@gmail.com,001-295-607-6716x2172,Hoffmanport,UK,25/04/2024,paid_search
1726,Dakota,Price,Dakota.Price717@hotmail.com,803.926.4564,Danielland,Germany,08-28-2025,paid_search
1727,Richard,Morris,Richard.Morris434@hotmail.com,001-739-306-4909x70342,Flemingville,Canada,2023-04-11T20:04:10,organic_search
1728,Andrea,Mclaughlin,Andrea.Mclaughlin399@yahoo.com,+1-991-236-8296,Ramirezville,France,2024-02-14,organic_search
1729,Susan,Nielsen,Susan.Nielsen128@gmail.com,+1-236-925-2602x216,Laurahaven,usa,31.03.2024,direct
1730,Alex,Hancock,Alex.Hancock92@hotmail.com,335.283.8439,Coxbury,canada,06-20-2024,email
1731,Nicole,Nguyen,Nicole.Nguyen333@gmail.com,245.346.9351x0214,New John,Germany,09/11/2023,direct
1732,Christopher,Rivera,Christopher.Rivera650@hotmail.com,+1-397-999-0359x7177,East Antoniochester,France,12/11/2023,paid_search
1733,Vincent,Solomon,Vincent.Solomon59@hotmail.com,712-546-0516x4838,South Paul,uk,11/04/2023,direct
1734,Jonathan,Avila,Jonathan.Avila69@yahoo.com,001-567-376-0064x34597,Wolfton,Germany,18/07/2024,organic_search
1735,Jeremy,Thompson,Jeremy.Thompson323@hotmail.com,(675)974-5104x84809,Port Dave,germany,2023-11-01,paid_search
1736,Christopher,Cooper,Christopher.Cooper411@gmail.com,342-370-7995x94761,South Stephanieshire,Germany,08-27-2025,email
1737,Thomas,Parker,Thomas.Parker749@yahoo.com,(845)565-7289x722,Williamview,US,2023-12-23,social_media
1738,Sherry,Frazier,Sherry.Frazier738@gmail.com,001-209-884-6856,Cummingsburgh,usa,10.07.2024,direct
1739,Sandra,Finley,Sandra.Finley739@hotmail.com,(713)982-6870x97777,Port Destinyshire, USA ,2024-01-14T02:11:30,organic_search
1740,Annette,Bryan,Annette.Bryan260@gmail.com,,Walkermouth,Canada,13/10/2025,direct
1741,Bridget,Suarez,Bridget.Suarez315@yahoo.com,810-473-5128,Lake Laura,United States,06.04.2025,referral
1742,Richard,Rasmussen,Richard.Rasmussen38@hotmail.com,(543)523-3302,Joshuatown,DE,2025-09-17,referral
1743,Kristin,Olsen,Kristin.Olsen449@gmail.com,(894)730-6952x3578,New Kevin,Canada,22.12.2025,email
1744,Derrick,Cooper,Derrick.Cooper361@yahoo.com,001-700-564-4885x487,North Suzannehaven,FR,2024-09-24,referral
1745,Krista,Scott,Krista.Scott337@yahoo.com,(742)280-5376x425,Hawkinschester,usa,16/11/2024,organic_search
1746,Andrea,Walsh,Andrea.Walsh163@yahoo.com,+1-360-520-3922,South Austinland,Canada,02-13-2025,referral
1747,Christy,Love,CHRISTY.LOVE492@YAHOO.COM,+1-966-439-9287,Harrisland,DE,19.09.2024,direct
1748,John,Moore,John.Moore411@yahoo.com,001-656-629-1796,South Alanborough,DE,2025-05-09T07:19:45,social_media
1749,Kathleen,Weaver,Kathleen.Weaver35@hotmail.com,9706051028,Gailberg,germany,27/03/2024,organic_search
1750,Sheila,Thomas,Sheila.Thomas396@gmail.com,001-401-375-4541x6487,Port Pamelafurt,france,14.08.2023,direct
1751,Robert,Baxter,Robert.Baxter583@yahoo.com,+1-801-252-6974x4203,Nicholsmouth,UK,01-17-2023,social_media
1752,Kelly,Daniels,Kelly.Daniels542@gmail.com,509.858.7238,South Brandonland,United States,10-05-2024,referral
1753,Michelle,Rogers,Michelle.Rogers861@hotmail.com,(332)967-1485,North Michaelville,france,06-09-2025,social_media
1754,Ariana,Crawford,Ariana.Crawford764@yahoo.com,+1-720-492-5192x01828,East Janet,U.K.,06.09.2023,referral
1755,Tara,Cole,Tara.Cole772@gmail.com,793-779-5829x158,North Rubenborough,France,06.08.2024,social_media
1756,Laurie,Brewer,Laurie.Brewer18@gmail.com,992-507-5741x4248,Mooreberg,DE,04-08-2023,referral
1757,Michael,Miller,Michael.Miller620@hotmail.com,912.949.7736,Port Jonathan,Germany,12-05-2025,organic_search
1758,James,Torres,James.Torres107@hotmail.com,649-578-7296x57156,Port Ericshire,Canada,2023-12-21T04:11:32,organic_search
1759,Brandon,Shaffer,Brandon.Shaffer309@yahoo.com,+1-204-224-7960,Albertland,DE,2025-01-28T12:15:29,referral
1760,Robert,Gomez,Robert.Gomez39@gmail.com,262.542.6622x5492,Caseybury,Canada,12.05.2023,paid_search
1761,Brian,Hodges,BRIAN.HODGES843@HOTMAIL.COM,,Sandraton,France,02-22-2024,email
1762,Rita,Shelton,Rita.Shelton195@gmail.com,731.817.2264x147,,uk,31.05.2025,referral
1763,Ashley,French,Ashley.French268@gmail.com,+1-618-442-9335x9847,New Amber,Canada,2024-03-29,paid_search
1764,John,Bauer,John.Bauer380@hotmail.com,001-859-466-7715x39022,Stevenbury,france,05/10/2023,paid_search
1765,Richard,Smith,Richard.Smith300@hotmail.com,,East Cassie,uk,2025-07-12T21:05:49,referral
1766,Allen,Johnson,ALLEN.JOHNSON852@HOTMAIL.COM,9649761442,Port Joan,germany,10-16-2023,email
1767,Mark,Green,Mark.Green157@gmail.com,001-942-731-6979x206,Sophiabury,France,2024-08-08T02:20:42,social_media
1768,Christy,Torres,Christy.Torres310@gmail.com,+1-596-790-4539x25287,Gonzalezhaven,Canada,20/01/2025,paid_search
1769,Corey,Walker,Corey.Walker967@gmail.com,434.653.3023x6412,Mahoneytown,france,23/11/2023,paid_search
1770,Cynthia,Ryan, Cynthia.Ryan639@gmail.com ,001-472-503-3505x160,West Cody,France,09/08/2023,organic_search
1771,Anthony,Erickson,Anthony.Erickson225@yahoo.com,(758)870-9404x224,Charlesshire,Canada,05-26-2025,organic_search
1772,Christine,Watson,Christine.Watson146@yahoo.com,325-538-0781,Rebeccastad,DE,04-27-2023,direct
1773,Jennifer,Walker,Jennifer.Walker58@hotmail.com,894-819-7157x5571,East Susan,UK,13/06/2024,paid_search
1774,Crystal,Anderson,Crystal.Anderson278@yahoo.com,(230)261-6218x56352,Grahamland,United States,2023-05-20,organic_search
1775,Larry,Roberts,Larry.Roberts167@gmail.com,,Catherinefurt,germany,06-18-2025,direct
1776,Vincent,Howard,Vincent.Howard748@hotmail.com,(397)271-4336x08090,West Kathychester,FR,2024-10-19T09:28:57,organic_search
1777,Jessica,Atkinson,Jessica.Atkinson959@hotmail.com,592.278.8881,Laurenfurt,france,2025-06-21T05:36:36,direct
1778,Diana,Cruz,Diana.Cruz518@gmail.com,+1-781-868-7851,West Courtneyshire,CA,2024-12-03T14:01:39,referral
1779,Patrick,Holder,Patrick.Holder937@hotmail.com,+1-426-972-8007,Port Aaron,U.K.,2025-07-13,paid_search
1780,Danielle,Spencer,Danielle.Spencer87@hotmail.com,+1-247-523-7356x40783,,United States,2024-12-10T20:07:36,direct
1781,Brandon,Ross,Brandon.Ross686@yahoo.com,399.695.1454x98367,Castilloshire,France,2025-09-19,direct
1782,Austin,Graham,Austin.Graham155@hotmail.com,267.751.8571x16456,Loriborough,canada,2024-10-13T03:58:58,organic_search
1783,Wendy,Wright,Wendy.Wright146@gmail.com,507.539.2002x58565,Warnerfort,Canada,2024-01-08,social_media
1784,Laura,Smith,Laura.Smith148@gmail.com,367-787-1926,Amyberg,UK,22/02/2025,direct
1785,Alexander,Garcia,Alexander.Garcia837@yahoo.com,+1-202-554-5500x54908,Moralesmouth, USA ,07.02.2023,referral
1786,Joel,Hicks,Joel.Hicks614@gmail.com,,Nicholasfurt,germany,2025-02-05T22:20:58,referral
1787,Jason,Harris,Jason.Harris627@yahoo.com,583.700.0914,New Kyle,United Kingdom,2024-01-08T14:27:49,direct
1788,Sharon,Odom,Sharon.Odom971@yahoo.com,001-941-579-9654x662,Coryfurt,Canada,10-16-2025,paid_search
1789,Eric,Rogers,Eric.Rogers581@yahoo.com,001-856-900-2230x23405,Castanedaville,CA,10-02-2023,referral
1790,Jack,Miller,Jack.Miller607@yahoo.com,290.341.8280x51666,East Beth,Canada,23/03/2024,referral
1791,Tony,Tran,Tony.Tran776@yahoo.com,790.698.6361x5276,Kevintown,U.K.,2023-11-12T23:30:40,paid_search
1792,Duane,Lloyd,Duane.Lloyd304@yahoo.com,001-982-348-8631x373,Michaelbury,france,14.06.2024,organic_search
1793,Sherry,Monroe,Sherry.Monroe100@gmail.com,+1-502-866-9141,South Christopherview,FR,31.03.2023,referral
1794,Shawn,Patton,Shawn.Patton877@gmail.com,591.619.9256x92476,North Jeffreyland,canada,12-21-2023,direct
1795,Juan,Gonzalez,Juan.Gonzalez729@gmail.com,211.681.4051x32517,Shannonhaven,United Kingdom,2025-04-02,organic_search
1796,Michael,Smith,Michael.Smith544@hotmail.com,506-371-4878x310,Lisastad,France,2023-10-01,email
1797,Kathryn,Price,Kathryn.Price951@yahoo.com,522.975.7940x7403,Jonathanshire,canada,10-04-2024,direct
1798,Christina,Montes,Christina.Montes412@yahoo.com,6933391369,Port Crystal,germany,10/06/2025,social_media
1799,Tabitha,Jones,Tabitha.Jones626@yahoo.com,2327675318,Schaeferfurt,Canada,2023-02-05,organic_search
1800,John,Jennings,John.Jennings627@gmail.com,408-796-5461,South Benjamin,UK,2025-11-12,organic_search
1801,Sarah,Smith,Sarah.Smith458@yahoo.com,648.667.9486x989,South Alexanderbury,germany,14/12/2025,referral
1802,Richard,Rodriguez,Richard.Rodriguez754@gmail.com,570.517.7375x949,,Canada,2023-12-11,organic_search
1803,Lisa,Villa,Lisa.Villa766@yahoo.com,311.617.1960x04902,Kellystad,UK,2024-10-20,social_media
1804,Matthew,Vargas,Matthew.Vargas251@yahoo.com,,Jeremybury,CA,28.11.2023,paid_search
1805,Elizabeth,Stone,Elizabeth.Stone64@hotmail.com,001-265-552-3917,West John,france,12/06/2025,paid_search
1806,Aaron,Zuniga,Aaron.Zuniga904@gmail.com,999-592-6653x6197,South Jayshire,France,2024-03-15T17:36:33,direct
1807,Misty,Hines,Misty.Hines345@hotmail.com,(848)772-3858,Port Christy, USA ,2025-04-04T06:26:44,email
1808,Michelle,Hopkins,Michelle.Hopkins445@yahoo.com,+1-371-941-3493,Alexanderton,United States,01/11/2025,paid_search
1809,Russell,Diaz,Russell.Diaz102@hotmail.com,+1-217-835-7921x1625,West Karen,France,2025-08-02,referral
1810,Phillip,Morales,Phillip.Morales726@hotmail.com,+1-297-501-4557,West Doris,DE,2025-10-06,direct
1811,Thomas,Larsen,Thomas.Larsen774@gmail.com,,Sandersshire,usa,12-06-2025,paid_search
1812,Tammie,Cox,Tammie.Cox131@gmail.com,+1-205-309-2600x011,Rogerchester, USA ,15.08.2023,email
1813,Chad,Richards,Chad.Richards659@gmail.com,+1-244-298-1213,Lake Kathryn,france,2023-02-04T05:29:09,email
1814,Alyssa,Turner,Alyssa.Turner547@yahoo.com,001-390-286-7233,Elizabethhaven,uk,24/10/2024,social_media
1815,David,Rhodes,David.Rhodes608@yahoo.com,+1-436-455-6192x2188,South Jasonland,france,2025-06-10,email
1816,Alicia,Riggs,Alicia.Riggs594@yahoo.com,676-313-0236,Lawsonchester,UK,23.04.2025,social_media
1817,William,Stewart,William.Stewart588@hotmail.com,+1-391-567-6403x239,West Donald,usa,09-20-2024,referral
1818,Rachel,Hernandez,Rachel.Hernandez416@hotmail.com,(771)426-9379x4999,West Jackson,U.K.,2024-09-11T04:05:51,email
1819,Christina,Gill,Christina.Gill860@yahoo.com,584-236-8681x1143,Scotthaven,CA,2025-12-28T03:53:20,social_media
1820,Angel,Hoffman,Angel.Hoffman29@yahoo.com,955-259-0627,West Barbara,france,03-18-2025,paid_search
1821,Hailey,Smith,Hailey.Smith168@hotmail.com,463-572-1626x603,Williamland,USA,06.05.2023,paid_search
1822,Amanda,Smith,Amanda.Smith,759-799-7737x93957,New Suzanneberg,U.K.,01-25-2024,email
1823,Jonathan,Hayes,Jonathan.Hayes634@hotmail.com,811-473-6703,Phillipmouth,UK,12/12/2024,organic_search
1824,Michelle,Garcia,Michelle.Garcia,,Stacyport,CA,2025-03-10,referral
1825,Jessica,Martin,Jessica.Martin661@gmail.com,4084056308,Virginiaside,FR,18/06/2024,email
1826,Donald,Owens,Donald.Owens865@gmail.com,,North Pamelahaven,france,2023-02-09,referral
1827,Alicia,Miller,Alicia.Miller425@hotmail.com,236.354.8522x072,Kirkside,Germany,2025-02-01,paid_search
1828,Kenneth,Gardner,Kenneth.Gardner311@yahoo.com,+1-716-727-9636x51295,Lake Jennatown,U.K.,2024-07-15T12:29:10,referral
1829,Susan,Dyer,Susan.Dyer169@gmail.com,819.248.4226x23003,Taylorbury,DE,05.12.2024,email
1830,Marco,Hernandez,Marco.Hernandez323@hotmail.com,430.234.2437x53916,Port Robertfurt,Germany,17/01/2023,paid_search
1831,Jeffrey,Henderson,JEFFREY.HENDERSON813@YAHOO.COM,+1-668-374-0330x454,South Coryfurt,uk,28.10.2024,paid_search
1832,Joseph,Marshall,Joseph.Marshall335@gmail.com,+1-884-445-8015x17642,New Davidville,FR,28/09/2025,social_media
1833,David,Smith,David.Smith224@gmail.com,+1-496-599-6131x5255,,U.K.,25/05/2024,direct
1834,Heather,Anderson,Heather.Anderson953@hotmail.com,7586837743,Lake Melissaport,Canada,2023-10-21T23:03:28,email
1835,Tyler,Sullivan,Tyler.Sullivan791@yahoo.com,001-839-450-1115x2558,Griffinside,CA,10-19-2024,paid_search
1836,Andrea,Thompson,Andrea.Thompson685@gmail.com,617.748.9030,Lake Katherinefort,canada,11.04.2025,social_media
1837,David,Stephens,David.Stephens630@gmail.com,,Margaretberg,DE,04-07-2023,referral
1838,Gregory,Frey,Gregory.Frey459@gmail.com,(754)959-2055x967,Greeneland,US,2023-10-17T10:50:02,referral
1839,Daniel,Lopez,Daniel.Lopez854@yahoo.com,001-983-604-5762,Katieville,United Kingdom,07-29-2025,social_media
1840,Christopher,Price,Christopher.Price38@hotmail.com,001-458-397-0152,East Nicholas,France,2024-03-21,organic_search
1841,Aimee,Frank,Aimee.Frank846@gmail.com,5832476128,,Canada,29.08.2025,paid_search
1842,Gloria,Mccall,Gloria.Mccall362@yahoo.com,,Orrville,France,06-09-2025,direct
1843,Julie,Cross,Julie.Cross186@hotmail.com,+1-979-792-7156x033,New Michael,US,2024-11-01T08:14:38,referral
1844,Dawn,Harding,Dawn.Harding525@hotmail.com,268.918.4397x63090,South Brenda,USA,2025-02-20,direct
1845,Christina,Baird,Christina.Baird761@hotmail.com,+1-444-857-4441x0769,South Danielle,DE,27/09/2024,email
1846,Sara,Mitchell,Sara.Mitchell620@gmail.com,775-291-6043x5983,Burnettshire,canada,30.11.2024,referral
1847,Tammy,Cox,TAMMY.COX810@YAHOO.COM,583.675.6816x784,South Maryborough,france,2024-04-11,referral
1848,Brian,Ramos,Brian.Ramos726@hotmail.com,977-561-3500,Silvaberg,canada,17/08/2024,direct
1849,James,Baldwin,James.Baldwin284@hotmail.com,440-533-6999x52850,Port Yvonneberg,uk,07-26-2025,email
1850,Sarah,Vega,Sarah.Vega933@yahoo.com,232-573-5514x97249,East John,canada,14/12/2024,referral
1851,Timothy,Jones,Timothy.Jones53@yahoo.com,+1-250-293-5555x702,Wilsonview, USA ,06-01-2023,referral
1852,Charles,Barnes,Charles.Barnes655@yahoo.com,359-447-6121x893,Rhodestown,France,12-19-2025,social_media
1853,Megan,Nguyen,Megan.Nguyen814@yahoo.com,001-861-722-2830x5644,Lake Adam,US,2025-12-07,paid_search
1854,Jonathan,Wood,Jonathan.Wood31@yahoo.com,001-950-926-3560,Tateport,canada,17/06/2023,referral
1855,Sandra,Robinson,Sandra.Robinson82@hotmail.com,(276)239-9046,,germany,2023-12-08T03:50:10,email
1856,April,Benson,April.Benson380@gmail.com,(796)726-9022x2097,South Daltonton,France,02-04-2025,direct
1857,Ryan,Mays,RYAN.MAYS769@YAHOO.COM,,Lake Carlosmouth,france,14/10/2024,direct
1858,Erika,Thompson,Erika.Thompson765@gmail.com,993.444.9076,,Germany,26.12.2025,email
1859,Rita,Reyes,Rita.Reyes662@hotmail.com,883-433-9192,North Melissabury,UK,23.12.2025,organic_search
1860,Angel,Miller,Angel.Miller126@gmail.com,(700)682-2837x74270,Travisside,france,2024-02-28,social_media
1861,Amanda,Wallace,Amanda.Wallace211@gmail.com,,North Ricardo,FR,2025-11-09T21:49:48,referral
1862,Edward,Steele,Edward.Steele362@hotmail.com,001-701-726-9804x466,Lake Nicole,Canada,05-31-2025,direct
1863,Travis,Smith,Travis.Smith682@hotmail.com,(906)647-2452x57378,Simpsonside,uk,25/09/2025,social_media
1864,Jose,Alexander,Jose.Alexander104@hotmail.com,001-994-465-7770x612,Erichaven,United Kingdom,2025-11-06T08:44:15,email
1865,Bryan,George,Bryan.George29@hotmail.com,(761)564-1700,Joneshaven,CA,10/01/2023,social_media
1866,Shelly,Johnson,Shelly.Johnson85@yahoo.com,001-368-480-3166x4795,Aguilarborough,canada,13.03.2023,direct
1867,Priscilla,Beard,Priscilla.Beard650@yahoo.com,(385)335-4160,Angelahaven,DE,06-27-2024,organic_search
1868,Scott,Galvan, Scott.Galvan686@gmail.com ,908.667.1520x7710,West Jeremychester,United States,23/09/2025,email
1869,Theresa,Riley,Theresa.Riley894@hotmail.com,296.272.4610x511,Lake Taylorville,canada,04-15-2024,paid_search
1870,Tyler,Mclaughlin,Tyler.Mclaughlin422@gmail.com,001-420-250-2549x7239,North Veronicaburgh, USA ,08/01/2023,paid_search
1871,Christine,Blackwell,Christine.Blackwell782@yahoo.com,+1-697-647-5396x597,West Edward,france,19/12/2024,social_media
1872,Elizabeth,Becker,Elizabeth.Becker915@hotmail.com,220-741-6415x374,East Johnbury,france,20.05.2025,organic_search
1873,Miranda,Clarke,Miranda.Clarke860@yahoo.com,001-399-976-8160x8557,Carolton,usa,02.03.2024,referral
1874,Lauren,Meyer,Lauren.Meyer506@hotmail.com,001-768-881-4499x0803,West Jessica, USA ,2024-04-24T07:48:28,social_media
1875,Emily,Wallace,Emily.Wallace15@yahoo.com,909-399-8632x45352,North Christopherton,DE,19/08/2023,referral
1876,Rhonda,Holmes,Rhonda.Holmes191@hotmail.com,584-466-8985,East Michaelshire,Germany,20/06/2024,paid_search
1877,Robert,Porter,Robert.Porter36@gmail.com,,Port Donnaborough, USA ,2023-05-16,direct
1878,Debra,Steele,Debra.Steele606@hotmail.com,9024264259,West Melissaport,germany,2024-05-06,organic_search
1879,Amy,Martin,Amy.Martin732@hotmail.com,678.819.2147x49847,West Gregbury,FR,11.08.2025,direct
1880,Selena,Mullen,Selena.Mullen155@yahoo.com,001-284-672-1461x7275,Laurenburgh,FR,2023-12-30,email
1881,Rodney,Lin,Rodney.Lin190@yahoo.com,+1-688-797-9887x754,Nicoleport,UK,2025-05-08,referral
1882,Tammy,Young,Tammy.Young37@gmail.com,892-493-6059,Cookland,France,30/08/2025,referral
1883,Vanessa,Perkins,Vanessa.Perkins712@yahoo.com,(538)890-1248x4479,,DE,2024-11-17T08:36:31,email
1884,Jennifer,Caldwell,Jennifer.Caldwell585@yahoo.com,,North Tinachester,Canada,09-01-2025,organic_search
1885,Angela,Morales,Angela.Morales507@hotmail.com,(230)770-6594,,USA,02.08.2025,email
1886,Tammy,Garcia,Tammy.Garcia771@gmail.com,,Lake David,United States,2025-02-18,direct
1887,Cynthia,Evans,Cynthia.Evans906@gmail.com,,East Maryburgh,FR,06-03-2024,direct
1888,Lindsey,Mcintyre,Lindsey.Mcintyre508@hotmail.com,001-471-386-2447x56311,New Holly,Germany,01-13-2023,social_media
1889,Travis,Boone,Travis.Boone56@hotmail.com,880.866.1545x9858,West Ryan,CA,09-27-2023,paid_search
1890,Jeanne,Phillips,Jeanne.Phillips16@hotmail.com,8288825212,West Maryview,usa,02-04-2023,social_media
1891,Peter,Nielsen,Peter.Nielsen905@hotmail.com,342.588.2847x05203,Port Christina,DE,2024-12-24,paid_search
1892,Angela,Conway,Angela.Conway419@gmail.com,001-923-820-3668x6427,,CA,10-02-2023,direct
1893,Derek,Duffy,Derek.Duffy115@hotmail.com,+1-952-572-8760x32087,Samuelland,U.K.,2023-07-06T06:12:57,referral
1894,Sue,Smith,Sue.Smith293@gmail.com,+1-983-934-5573x56232,North Jonathanborough,germany,18/11/2025,paid_search
1895,Matthew,Kelly,Matthew.Kelly61@hotmail.com,430.627.3228x5704,,DE,17.04.2024,organic_search
1896,Bobby,Acosta,Bobby.Acosta586@gmail.com,355-846-8939x77041,Maddoxside,France,2023-03-31T01:49:59,referral
1897,Melissa,Jones,Melissa.Jones403@hotmail.com,(646)873-8656x90448,Reeseborough,France,16.04.2024,social_media
1898,Jacob,White,Jacob.White277@gmail.com,,West Amy,FR,12-16-2025,social_media
1899,Mark,Nichols, Mark.Nichols152@hotmail.com ,400.862.3945x994,Anthonychester,Germany,2025-10-03,social_media
1900,Andrew,Peters,Andrew.Peters900@yahoo.com,,North Christopher,United Kingdom,2024-05-24T10:37:12,email
1901,Sherry,Williams, Sherry.Williams114@gmail.com ,001-480-513-8716,West Roger,canada,07-04-2023,organic_search
1902,Claudia,Flores,Claudia.Flores24@hotmail.com,001-910-280-1533x74356,Lake Diana,Germany,08/11/2023,direct
1903,Travis,Dixon,Travis.Dixon957@yahoo.com,656-759-6957,Petersonmouth,Germany,2025-07-30,email
1904,Cheryl,Wood,Cheryl.Wood815@yahoo.com,3556362917,Nancyport, USA ,05-20-2025,email
1905,Priscilla,Hansen,PRISCILLA.HANSEN52@HOTMAIL.COM,(825)725-2078x821,Port Carlosburgh,Canada,2024-03-24T09:04:02,organic_search
1906,Christopher,Collier,Christopher.Collier976@yahoo.com,,Phillipsport,United States,01-26-2025,referral
1907,Luis,Brown,Luis.Brown986@gmail.com,4276694730,East Lynnstad,canada,01-25-2023,paid_search
1908,Felicia,Allen,Felicia.Allen285@hotmail.com,524-640-2936,New Johnburgh,UK,27.05.2024,direct
1909,Laura,Davis,Laura.Davis443@hotmail.com,2522579599,Sarafort,uk,02.02.2023,organic_search
1910,Cathy,King,Cathy.King943@gmail.com,+1-632-554-6018x9113,Lauriestad,France,2023-01-03T05:26:07,paid_search
1911,Thomas,Harris,Thomas.Harris355@hotmail.com,001-396-327-6861x27342,North Kerri, USA ,10/04/2024,email
1912,Christine,Andrade,Christine.Andrade974@hotmail.com,,New Christopher,UK,13/07/2023,referral
1913,Jeffrey,Davis,Jeffrey.Davis563@hotmail.com,880-829-8908x8819,Lisaburgh,United Kingdom,01.11.2024,organic_search
1914,Jacob,Summers,Jacob.Summers118@gmail.com,+1-999-408-2133x56831,Port Ryan,uk,2025-04-16,organic_search
1915,Michelle,Ross,Michelle.Ross249@gmail.com,617-210-3891x9187,Lisatown,canada,26/12/2023,referral
1916,Daniel,Bowen,Daniel.Bowen360@gmail.com,3346495607,Carrillostad,Germany,2023-01-24T18:07:22,email
1917,Brian,Baldwin,Brian.Baldwin979@yahoo.com,(525)972-3163x160,North Deniseton,UK,05/04/2023,paid_search
1918,Leslie,Oneal,Leslie.Oneal225@yahoo.com,,East Kathleenshire,DE,2024-11-12,social_media
1919,Cheryl,Heath,Cheryl.Heath762@gmail.com,6668700599,Sandersbury,germany,06-15-2024,referral
1920,Michelle,Taylor,Michelle.Taylor503@gmail.com,270.907.1580,West Dianaside,Germany,16/09/2023,email
1921,Robert,Wright,Robert.Wright522@gmail.com,430-565-8744x8883,Rogerstown,Germany,30/03/2025,social_media
1922,Mary,Vasquez,Mary.Vasquez901@gmail.com,858.225.8545x51391,West April, USA ,07-06-2024,email
1923,Frederick,Potter,Frederick.Potter679@yahoo.com,,Danielsborough,Germany,08-11-2023,referral
1924,Amy,Burns,Amy.Burns309@yahoo.com,001-832-638-0043,Diazport,FR,2023-04-20T11:11:10,direct
1925,Robert,Roach,Robert.Roach157@yahoo.com,967.741.6371x20631,Pamelashire,germany,12-30-2024,social_media
1926,Scott,Ross,Scott.Ross18@gmail.com,958-440-8114x415,Lake Larryborough,France,11.09.2023,email
1927,Jacqueline,Snow,Jacqueline.Snow564@gmail.com,(486)811-4603x61189,Port Marvinmouth,canada,09-20-2024,direct
1928,Jenna,Nelson,Jenna.Nelson513@yahoo.com,,Gregoryfurt,FR,2025-05-09,email
1929,Vincent,Wright,Vincent.Wright887@hotmail.com,,,DE,07-06-2023,social_media
1930,Karen,Buckley,Karen.Buckley768@gmail.com,871.840.3445x4595,North Jerrytown,canada,04-02-2025,referral
1931,Melissa,Davis,Melissa.Davis5@yahoo.com,+1-922-572-3869x7421,Yatesbury,FR,2025-10-31,organic_search
1932,Amanda,Barrett,Amanda.Barrett64@gmail.com,001-357-809-3409,Antonioville,Canada,2023-04-12,social_media
1933,Chad,Jenkins,Chad.Jenkins215@hotmail.com,203-848-4843x770,Port Tony,USA,13.10.2025,email
1934,Ashley,Marquez,Ashley.Marquez47@hotmail.com,414-329-5449x66954,Kirbystad,FR,2024-12-27,direct
1935,Megan,Anderson,Megan.Anderson101@yahoo.com,(680)601-6173,Carpenterport,FR,2025-01-16,organic_search
1936,Heidi,Flores,Heidi.Flores349@gmail.com,,West Emily,CA,18.12.2025,direct
1937,Lisa,Dawson,Lisa.Dawson141@hotmail.com,226.348.9710,Smithside,usa,2025-04-30T03:51:05,organic_search
1938,Tammy,Garcia,Tammy.Garcia525@hotmail.com,001-694-357-6130x494,Glennbury,france,2025-02-25T09:09:00,email
1939,Lawrence,Bell,Lawrence.Bell203@gmail.com,+1-933-372-8756,North Samantha, USA ,06/08/2023,social_media
1940,Robert,Nguyen,Robert.Nguyen690@yahoo.com,+1-677-311-5882x1870,South Jessicaville,France,06/03/2023,direct
1941,Darren,Butler,Darren.Butler199@gmail.com,764-646-1198x3097,Lake Katrina,U.K.,06.09.2023,organic_search
1942,Morgan,Burns,Morgan.Burns685@hotmail.com,001-988-352-3774x87700,West John,germany,2023-02-10T14:09:38,direct
1943,Matthew,Davis,Matthew.Davis448@gmail.com,001-880-282-2679x90966,New Russell,United Kingdom,10-18-2023,organic_search
1944,Renee,Bridges,Renee.Bridges917@hotmail.com,495.371.6468,,usa,2024-02-09,direct
1945,Kayla,Smith,Kayla.Smith915@gmail.com,270.890.7037,Waltonshire,FR,30/03/2024,social_media
1946,Jeffrey,Johnson,Jeffrey.Johnson516@hotmail.com,,New Tamarahaven,FR,06-02-2023,paid_search
1947,Jimmy,Wagner,Jimmy.Wagner104@hotmail.com,(867)748-7629,Port Thomasport,United States,2025-03-05T10:35:15,direct
1948,Emily,Adams,Emily.Adams684@yahoo.com,(357)926-7654x1982,Tyroneshire,Canada,2023-01-07,organic_search
1949,Michael,Villarreal,Michael.Villarreal431@gmail.com,845.522.0262,East Davidfurt,uk,05-19-2025,email
1950,Elizabeth,Mckee,Elizabeth.Mckee346@yahoo.com,(657)233-0907,Perezland,canada,07-08-2025,organic_search
1951,Ryan,Cooper,Ryan.Cooper607@hotmail.com,(547)967-5125,North Jenniferstad,Canada,2025-02-09,direct
1952,Mary,Hobbs,Mary.Hobbs165@yahoo.com,001-769-833-2763x3422,Port Stacey,FR,2025-01-27T10:12:04,email
1953,April,Marshall,April.Marshall38@gmail.com,622.459.3103x3700,West Selena,Germany,08-07-2025,email
1954,Austin,Paul,Austin.Paul545@gmail.com,833-333-1883x845,West Debbie,uk,09-23-2025,paid_search
1955,Patricia,Garrett,Patricia.Garrett795@gmail.com,873-271-9851x769,Phillipsstad,France,26/10/2024,email
1956,Kyle,Luna,Kyle.Luna577@hotmail.com,(815)678-3792,West Jamieberg,United States,30/10/2023,referral
1957,Crystal,Cole,Crystal.Cole47@hotmail.com,+1-268-585-9342x883,Austinmouth,FR,2024-02-28T05:14:10,organic_search
1958,Robin,Rhodes,Robin.Rhodes214@hotmail.com,731.850.3219,Laurenland,CA,14.09.2023,email
1959,Erin,Luna,Erin.Luna622@gmail.com,906-366-8606x73476,Mariashire,FR,07.12.2025,direct
1960,Erika,Patterson,Erika.Patterson59@gmail.com,+1-495-691-0385,Port Terry,Canada,22.02.2023,paid_search
1961,Gary,Garcia,Gary.Garcia592@yahoo.com,001-663-774-3963,Adrianside,Germany,06-11-2024,paid_search
1962,Anna,Flores,Anna.Flores462@hotmail.com,265-465-3170x8730,North Eileenmouth,uk,06/12/2024,email
1963,Shelby,James,Shelby.James722@yahoo.com,625.967.3223,Anneland, USA ,2025-09-03T07:38:52,direct
1964,Ronald,Myers,Ronald.Myers747@gmail.com,001-810-290-4886,Clarkberg,CA,2023-07-31,email
1965,Robert,Torres,Robert.Torres437@yahoo.com,001-289-537-8595x41760,Davischester,uk,19.11.2023,social_media
1966,Kelly,Pace,Kelly.Pace275@hotmail.com,,Danielleside,US,01.08.2023,organic_search
1967,Daniel,Mitchell,Daniel.Mitchell878@yahoo.com,546.969.4473,Lake Kellimouth,canada,01-29-2023,paid_search
1968,David,Harding,David.Harding508@gmail.com,+1-556-965-1837x84771,Johnview,DE,2023-02-09,email
1969,Michael,Obrien,Michael.Obrien909@yahoo.com,859.638.0625x02308,Phamburgh,CA,11/02/2024,email
1970,Joseph,Walker,Joseph.Walker260@gmail.com,,Johnfurt,Germany,11-24-2023,email
1971,Brooke,Thompson,Brooke.Thompson938@gmail.com,,Port Curtis,Germany,2024-10-27,paid_search
1972,Michael,Johnson,Michael.Johnson112@gmail.com,871.208.8035x46946,Brendaton,U.K.,07.10.2025,organic_search
1973,Jason,Powell,Jason.Powell121@yahoo.com,276-591-1612x215,Halestad,canada,29/05/2025,email
1974,Andrea,Ortiz,Andrea.Ortiz405@hotmail.com,001-519-700-4158x933,Port Amy,DE,29.12.2024,email
1975,Jennifer,Stanley, Jennifer.Stanley24@gmail.com ,738-955-0029,Port April,U.K.,05-07-2025,email
1976,Daniel,Liu,Daniel.Liu46@gmail.com,224-857-1815,New Kennethshire,United States,2023-12-18,paid_search
1977,Kelli,Wilson,Kelli.Wilson926@yahoo.com,+1-950-355-1919x3968,Nortonfort,Canada,26.07.2024,referral
1978,Chase,Smith,Chase.Smith231@gmail.com,+1-849-329-3285x0719,New Jeffrey, USA ,12-10-2023,organic_search
1979,Lisa,Jones,Lisa.Jones830@gmail.com,395-922-0940x037,Coxside,United States,04-08-2024,social_media
1980,Michael,Moore,Michael.Moore876@yahoo.com,280-866-1126x203,Sherrychester,United States,02/03/2024,paid_search
1981,Louis,Nunez,Louis.Nunez302@gmail.com,418-560-1811,,Canada,24.02.2023,direct
1982,Nancy,Mendez,Nancy.Mendez237@hotmail.com,430.225.5987,Frenchbury,france,04-28-2023,referral
1983,Danny,Mitchell,Danny.Mitchell930@hotmail.com,,Carolside,DE,13/10/2025,organic_search
1984,Dominique,Wagner,Dominique.Wagner317@hotmail.com,,Port Andrewshire,DE,2024-07-03,referral
1985,Jane,Schultz,Jane.Schultz351@hotmail.com,001-868-204-5052x11203,South Kristiville,CA,2024-04-14T03:38:10,social_media
1986,Shelly,Wu,Shelly.Wu411@gmail.com,546-608-1971x408,Elliottview,canada,2025-11-07T22:55:17,social_media
1987,Juan,Hutchinson,Juan.Hutchinson919@gmail.com,(509)758-0627x4566,South Jonathanview,Germany,2024-04-13,referral
1988,Christian,Thomas,Christian.Thomas676@hotmail.com,+1-804-895-7762x53847,New Lindsayborough,France,2024-01-27,organic_search
1989,Brady,Myers, Brady.Myers881@yahoo.com ,828.461.7468x5902,Bernardland,UK,2023-07-25,social_media
1990,David,Myers,David.Myers862@gmail.com,001-886-960-3498x24689,North Randyfurt,canada,18.06.2024,paid_search
1991,Eric,Jimenez,Eric.Jimenez881@yahoo.com,+1-440-521-5723x12524,Edwardfurt,U.K.,2024-10-20,referral
1992,Mariah,Smith,Mariah.Smith950@yahoo.com,001-489-249-6172x1505,Rebekahbury,canada,21/02/2025,paid_search
1993,Mark,Saunders,Mark.Saunders604@gmail.com,001-518-445-6059x9342,Lake Jennifer,Canada,04-28-2023,email
1994,David,Munoz,David.Munoz297@gmail.com,001-944-531-4140,Heatherborough,france,05.01.2025,paid_search
1995,Erin,Reid,Erin.Reid997@yahoo.com,001-482-540-2116,East Travisshire,France,19.12.2023,social_media
1996,Michelle,Santana,Michelle.Santana129@hotmail.com,481-800-9624,Victoriahaven,DE,2024-10-15,referral
1997,Kelsey,Fischer,Kelsey.Fischer569@yahoo.com,855.587.7452,Wayneside,Germany,2024-12-23T23:08:33,paid_search
1998,Douglas,Curry,Douglas.Curry177@yahoo.com,+1-425-244-2253x5117,Brandonbury,uk,05/07/2023,paid_search
1999,Johnathan,Diaz,Johnathan.Diaz,,New Suzanne,United Kingdom,05/05/2025,direct
2000,Erik,Benitez, Erik.Benitez138@yahoo.com ,(976)366-0828x8745,North Connie,Germany,04-18-2023,email
2001,Lawrence,Jones,Lawrence.Jones69@gmail.com,001-268-959-3152x621,Jenniferland,Canada,13.04.2023,paid_search
2002,Jonathan,Blevins,Jonathan.Blevins782@gmail.com,8106614452,Jeanport,CA,27/06/2023,email
2003,Joseph,Harris,Joseph.Harris430@gmail.com,+1-497-811-5333x497,,USA,2025-03-30T10:13:49,organic_search
2004,Megan,Mcdonald,Megan.Mcdonald486@gmail.com,9037434499,Lisachester,Germany,2024-12-25,referral
2005,Courtney,Gross,Courtney.Gross475@hotmail.com,617.586.0215x99279,Kimbury,UK,01/04/2024,paid_search
2006,Zachary,Henry,Zachary.Henry13@yahoo.com,001-703-631-2223,South Alexandermouth,Germany,05/09/2024,direct
2007,Jamie,Wilson,Jamie.Wilson358@yahoo.com,001-283-568-7477x7407,Cruzstad,usa,2025-08-08T17:06:26,referral
2008,Richard,Smith,Richard.Smith974@yahoo.com,(822)482-1282x1938,Petersview,uk,05-29-2024,paid_search
2009,Kathryn,Anderson,Kathryn.Anderson839@yahoo.com,001-239-833-0459x692,Kellerfurt,France,2025-11-13T20:02:32,organic_search
2010,Antonio,Nelson,Antonio.Nelson635@yahoo.com,612.334.4358,New Dianechester,usa,10/08/2024,email
2011,Michael,Moore,Michael.Moore791@yahoo.com,(210)663-7817,Port Nicholas,U.K.,17.11.2024,email
2012,Connie,Rice,Connie.Rice460@gmail.com,001-565-995-5859x421,North Jason,FR,2025-01-27T08:12:22,paid_search
2013,Melissa,Lee,Melissa.Lee582@hotmail.com,(759)572-7676x8777,Kristinachester,germany,2024-06-29,organic_search
2014,Charles,Bass,Charles.Bass233@yahoo.com,274-691-9538,South Kristin,FR,2023-12-24T03:19:36,direct
2015,Melissa,Lee,Melissa.Lee329@hotmail.com,,Lake Lisafurt,UK,2025-09-03,social_media
2016,Danny,Glenn,Danny.Glenn313@gmail.com,,North Christopherville,Germany,10-31-2025,social_media
2017,Matthew,Fox,Matthew.Fox53@gmail.com,242-336-4792x1499,Port Jessicafurt,CA,12-20-2024,email
2018,Colton,Peck,Colton.Peck696@yahoo.com,890.949.9157x380,Murraybury,Germany,05-18-2023,direct
2019,Paul,White,Paul.White382@gmail.com,001-661-502-3726,North Michael, USA ,31.08.2025,organic_search
2020,Lauren,Bradley,Lauren.Bradley316@yahoo.com,(545)497-1557,Owensville, USA ,08-17-2024,email
2021,Darrell,Rogers,Darrell.Rogers346@hotmail.com,+1-817-873-2609x685,North Sarahhaven,Germany,08/11/2025,organic_search
2022,Matthew,Jacobs,Matthew.Jacobs661@gmail.com,(286)479-4336x447,Gonzalezfort,DE,04/09/2023,paid_search
2023,Randall,Vasquez,Randall.Vasquez421@yahoo.com,001-959-364-5876x69494,Michaelbury,CA,2023-02-03T18:38:15,referral
2024,Joshua,Ramos,Joshua.Ramos337@yahoo.com,802-740-5377x29084,,FR,22.08.2025,email
2025,Natalie,May,Natalie.May697@yahoo.com,503-575-4807x80538,Sarashire,CA,2025-09-13,direct
2026,Jacob,Griffith,JACOB.GRIFFITH869@GMAIL.COM,969.564.8040,Clarkview,U.K.,07-21-2025,direct
2027,Christopher,Smith,Christopher.Smith784@yahoo.com,724.505.1026,Welchchester,FR,13/04/2025,paid_search
2028,Jamie,Macdonald,Jamie.Macdonald412@yahoo.com,946.646.6033x273,,USA,28.01.2024,paid_search
2029,Daniel,Wheeler,Daniel.Wheeler83@gmail.com,001-394-710-1027x607,South Kerryhaven,france,11-12-2023,paid_search
2030,Jose,Ibarra,Jose.Ibarra,001-673-683-3061,West Sergio,CA,2024-06-21T06:14:54,referral
2031,Diana,Adams,Diana.Adams31@yahoo.com,993.750.5260x27068,Avilaton,UK,06-28-2023,social_media
2032,Timothy,Fields,Timothy.Fields20@hotmail.com,+1-312-492-3613,South Steven,france,18/02/2025,organic_search
2033,Michael,Newman,Michael.Newman840@hotmail.com,313-237-6870x5807,Kirkstad,FR,10.07.2024,referral
2034,David,Johnson,David.Johnson832@yahoo.com,507-207-8384x784,West Zachary,UK,2025-08-12,email
2035,Kayla,Ford,Kayla.Ford881@yahoo.com,340-944-9272x80903,Port Elizabeth,germany,22.08.2023,referral
2036,Peter,Andersen,Peter.Andersen389@gmail.com,001-716-578-5984x4408,East Wendyton,USA,11-12-2025,organic_search
2037,Steven,Clay,Steven.Clay794@yahoo.com,4525699015,East Catherinefurt,CA,2024-09-03T01:32:54,organic_search
2038,Patrick,Robinson,Patrick.Robinson526@hotmail.com,(935)365-4030,Joshuaton,Canada,2025-07-19T05:48:04,paid_search
2039,Linda,Fleming,Linda.Fleming616@gmail.com,(701)229-5318,West Davidland,France,2025-12-14,direct
2040,Elizabeth,Schmidt,Elizabeth.Schmidt151@hotmail.com,5682204810,Kennethport,usa,08-14-2025,organic_search
2041,Jeanne,Robinson,JEANNE.ROBINSON553@HOTMAIL.COM,(577)397-3982x455,Micheleside,usa,27/02/2025,email
2042,Eric,Thomas,ERIC.THOMAS136@HOTMAIL.COM,,Port Zachary,DE,23/07/2025,email
2043,Devin,Frederick,Devin.Frederick923@gmail.com,001-851-385-2557,Rebeccashire,canada,01-12-2024,social_media
2044,Blake,Brown,Blake.Brown842@hotmail.com,,New Rodneymouth,france,20/10/2023,direct
2045,Megan,Green,Megan.Green418@hotmail.com,261.450.4884x915,Keithport,UK,2025-01-15,paid_search
2046,Blake,Lowery,Blake.Lowery584@gmail.com,,Cantuchester,FR,08/07/2025,social_media
2047,Caitlin,Ward,Caitlin.Ward326@yahoo.com,,West Michelle,CA,20.05.2025,organic_search
2048,William,Miller,William.Miller809@gmail.com,422.777.5477x77459,Natashaville,FR,11.07.2024,paid_search
2049,David,Robertson,David.Robertson896@gmail.com,793-679-7900x7045,Ashleychester,US,30/03/2025,paid_search
2050,Steven,Baker,Steven.Baker439@hotmail.com,366-423-9567,Michaelbury,Canada,15.04.2025,organic_search
2051,Matthew,Johnson,Matthew.Johnson596@gmail.com,001-976-874-9064x12272,Jamesland,CA,2023-12-23,social_media
2052,Sheri,Montoya,Sheri.Montoya538@gmail.com,001-534-617-0054x558,,canada,2025-05-03,email
2053,Michael,Dean,Michael.Dean418@yahoo.com,(262)716-8335x766,West Vanessashire,france,13.11.2023,direct
2054,Christopher,Shaw,Christopher.Shaw221@hotmail.com,7434171557,Lake Jennifermouth,France,2025-08-08T18:02:17,referral
2055,Brandy,Walker, Brandy.Walker939@hotmail.com ,(209)331-6089x8885,West Nathanside,CA,07.12.2025,paid_search
2056,James,Miller,James.Miller205@gmail.com,(532)802-6400x933,South Briana,US,2023-09-16,organic_search
2057,Jackson,Smith,Jackson.Smith297@hotmail.com,588.678.2188,Stephaniemouth,USA,18/05/2023,organic_search
2058,April,Mullins, April.Mullins223@yahoo.com ,001-676-463-4208x34812,Grahamfort,United Kingdom,2025-08-20,referral
2059,Joshua,Luna,Joshua.Luna446@yahoo.com,940-747-8327x9663,Lake Heatherfort,france,2023-10-05,social_media
2060,Scott,Bond,Scott.Bond665@yahoo.com,+1-592-746-8714x469,,france,2025-09-19T15:31:58,referral
2061,John,Patrick,John.Patrick966@yahoo.com,(864)623-9402x69089,Myershaven, USA ,03-11-2023,email
2062,Caleb,Merritt,CALEB.MERRITT901@HOTMAIL.COM,+1-922-492-3246,,France,2025-04-16,referral
2063,Jacob,Williams,Jacob.Williams342@yahoo.com,837.984.0613,Jasminehaven,germany,08-17-2024,paid_search
2064,Tamara,Simpson,Tamara.Simpson264@gmail.com,,West Kristinmouth,uk,2024-10-08,organic_search
2065,Breanna,Parks,Breanna.Parks502@yahoo.com,+1-876-957-8680x05512,Greenview,usa,2024-04-07,referral
2066,Shelia,Baker,Shelia.Baker151@yahoo.com,727.505.6146,Laurenburgh,Canada,2024-02-11T18:46:25,paid_search
2067,Bobby,Carter,Bobby.Carter42@gmail.com,+1-386-774-7152x03519,Port Matthewstad,CA,07.07.2025,referral
2068,Courtney,Young,Courtney.Young506@yahoo.com,+1-950-881-4322,Mckinneyborough,US,2024-04-06,organic_search
2069,Jacob,Burns,Jacob.Burns330@hotmail.com,001-304-923-3810x608,,DE,2025-01-01T03:16:13,direct
2070,Bradley,Cox,Bradley.Cox171@gmail.com,+1-218-745-7496x599,South Andrew,canada,07.06.2024,organic_search
2071,Henry,Jensen,HENRY.JENSEN522@YAHOO.COM,214-935-8304,Dennisstad,FR,10-19-2024,social_media
2072,David,Williams,David.Williams686@gmail.com,6927216897,Port Steve,FR,2025-08-26,social_media
2073,Justin,Griffin,Justin.Griffin252@gmail.com,3434192743,Colemanstad, USA ,19/07/2024,referral
2074,Raymond,Williams,Raymond.Williams183@gmail.com,461.665.5806,Nguyenmouth,France,25/11/2023,referral
2075,Edward,Bryant,Edward.Bryant701@gmail.com,,Lake Johnfort,uk,2023-01-26T05:31:04,social_media
2076,Julie,Thomas,Julie.Thomas715@hotmail.com,310-305-6870x69057,North Heidi,canada,28/02/2024,social_media
2077,Christopher,Reyes,Christopher.Reyes205@hotmail.com,+1-632-735-3933x054,Port Monicamouth,Germany,2025-10-27,email
2078,Thomas,Brown,Thomas.Brown518@yahoo.com,001-643-421-8302,Vegachester,Germany,26.03.2023,direct
2079,Kara,Mueller,Kara.Mueller554@hotmail.com,+1-251-790-2041x15488,North Catherineborough,France,11/06/2023,direct
2080,Justin,Hampton,Justin.Hampton388@hotmail.com,636.533.0575,,CA,30/11/2023,paid_search
2081,Steven,Harrell,Steven.Harrell609@gmail.com,001-284-416-4377,Port Stevenview,USA,2023-11-22,social_media
2082,Scott,Rodriguez, Scott.Rodriguez927@gmail.com ,392-983-3971x78568,Jacobsstad,canada,2024-08-29,referral
2083,Benjamin,Munoz,Benjamin.Munoz917@yahoo.com,001-539-530-1055x9169,South Briannafurt,canada,25.11.2024,social_media
2084,Karl,Porter,Karl.Porter824@hotmail.com,+1-744-906-5452x593,Lake Tylerfurt,DE,02-08-2025,paid_search
2085,Michelle,Smith,Michelle.Smith768@yahoo.com,(820)278-5622x7192,Port Crystal,United States,07/07/2025,email
2086,Patrick,Singh,Patrick.Singh50@gmail.com,,New Ryantown,FR,06-07-2025,organic_search
2087,Jodi,Johnson,Jodi.Johnson544@hotmail.com,360.991.9490,,canada,05/09/2023,referral
2088,Brandon,Brennan,Brandon.Brennan122@gmail.com,662.980.5877x7701,Lake Paul, USA ,05.10.2023,social_media
2089,David,Benjamin,David.Benjamin706@gmail.com,001-956-596-4607,Suzannestad,UK,2025-01-20,referral
2090,Peter,Yates,Peter.Yates43@hotmail.com,892-520-5135,Robleshaven,CA,12-15-2024,direct
2091,Kimberly,Bishop,Kimberly.Bishop831@yahoo.com,,North Tylerville,U.K.,07-30-2024,paid_search
2092,Roger,Burgess,Roger.Burgess128@hotmail.com,967.635.8182x17748,Hayesbury,France,18/12/2024,social_media
2093,Nathaniel,Mercer,Nathaniel.Mercer408@hotmail.com,+1-458-743-8356x99971,Port Barry,U.K.,10.09.2023,email
2094,Christopher,Gonzalez, Christopher.Gonzalez717@hotmail.com ,(546)591-2671x9196,Johnton,US,13.10.2023,email
2095,Jason,Jones,Jason.Jones11@hotmail.com,783.705.6828x7533,South Hannah,usa,02/02/2023,social_media
2096,Brian,George,Brian.George517@yahoo.com,001-587-647-8112x82699,Davidbury,US,2024-04-16,email
2097,Ashley,Martin,Ashley.Martin324@gmail.com,,New Jeffrey,Germany,2024-06-07,paid_search
2098,Scott,Stevens,Scott.Stevens335@yahoo.com,303-994-7505x57779,Jamesberg,canada,2025-01-18,direct
2099,Elizabeth,Lewis,Elizabeth.Lewis598@hotmail.com,435-238-1157x50927,Zacharyborough,uk,10.12.2025,referral
2100,Oscar,Miles,Oscar.Miles988@yahoo.com,856.929.4339x168,Port Abigailmouth,DE,06.03.2025,paid_search
2101,Mark,Ross,Mark.Ross731@yahoo.com,494.941.0104,Greenborough,CA,2023-01-15T13:37:34,organic_search
2102,Michael,Skinner,Michael.Skinner764@gmail.com,,North Danielhaven,Canada,2023-01-13,referral
2103,Lauren,Wagner,Lauren.Wagner27@hotmail.com,+1-569-691-3293x575,North Christopherfort,Canada,08/09/2025,paid_search
2104,Benjamin,Lopez,Benjamin.Lopez297@yahoo.com,(660)816-4262x455,North Rhonda,FR,2023-12-02T14:22:25,email
2105,Suzanne,Rivas,Suzanne.Rivas669@yahoo.com,001-946-592-2394x071,Jeremyfurt,france,23.11.2023,social_media
2106,Patrick,Brown,Patrick.Brown140@hotmail.com,747-300-6039x81079,Leeberg,Canada,14.05.2023,paid_search
2107,Charles,Chen,Charles.Chen529@hotmail.com,820-322-4175,Robertsonmouth,Canada,11.12.2025,organic_search
2108,Ryan,Beck,Ryan.Beck840@gmail.com,354.713.3366x50285,Hortonmouth,DE,2025-03-07T02:05:46,social_media
2109,Andrea,Gonzales,Andrea.Gonzales707@hotmail.com,657-482-9052,,germany,16/03/2025,paid_search
2110,George,Olsen,George.Olsen793@gmail.com,+1-214-329-9948x1414,Port William,Canada,2025-07-09T17:01:08,paid_search
2111,Michael,Warner,Michael.Warner425@hotmail.com,001-239-314-2652,Port Jennifer,Canada,2024-09-03,email
2112,Daniel,Turner,Daniel.Turner572@gmail.com,(809)884-4698,Claudiaside,United States,28/10/2025,direct
2113,Charles,Daniels,Charles.Daniels746@yahoo.com,(891)636-7591,Heathershire,United Kingdom,2025-10-12,direct
2114,David,Stout,David.Stout801@yahoo.com,721.480.1130,North Michael,DE,05/01/2023,organic_search
2115,Maria,Ferguson,Maria.Ferguson724@gmail.com,842.484.0224,Woodsland,United States,2025-04-06T09:33:09,direct
2116,Crystal,Duarte,Crystal.Duarte588@gmail.com,9252342386,Wellstown,US,21.03.2024,direct
2117,Larry,Taylor,Larry.Taylor589@hotmail.com,998.976.6740,North Bernard,germany,2025-11-02,referral
2118,Debra,White,Debra.White834@yahoo.com,001-600-933-0510x972,West Joshua,FR,05-03-2025,paid_search
2119,Ryan,Roberts,Ryan.Roberts764@gmail.com,,Mcgeeside,Canada,2025-12-28,direct
2120,Brittany,Clark,Brittany.Clark631@gmail.com,,Boltonchester,US,2024-01-09T16:23:58,direct
2121,Karen,Ashley,Karen.Ashley932@hotmail.com,001-539-885-2381x828,Lake Courtney,Canada,06/09/2024,social_media
2122,Kimberly,Stevens,Kimberly.Stevens473@hotmail.com,(780)570-4235x73189,Port Christopherchester,germany,17/10/2023,email
2123,Erin,Watkins,Erin.Watkins560@hotmail.com,935-234-7050,Mendozatown,france,2025-03-05,email
2124,Jennifer,Arnold,Jennifer.Arnold715@yahoo.com,001-849-899-6357,Martinezland,United States,2024-07-09,direct
2125,John,Michael,John.Michael704@yahoo.com,001-451-494-8454,Brandimouth,uk,09.05.2024,email
2126,Craig,Montoya,Craig.Montoya405@gmail.com,001-305-391-5419x635,New Robertport,Canada,2023-06-21T13:59:16,paid_search
2127,Matthew,Chambers,Matthew.Chambers429@yahoo.com,965.590.5041,Andradeberg,USA,2024-07-22T12:02:05,direct
2128,Donald,Green,Donald.Green331@yahoo.com,001-378-970-3238x128,Port Morganshire,FR,2023-12-19T09:16:32,email
2129,Karen,Gomez,Karen.Gomez8@yahoo.com,+1-375-321-1275x96373,Catherineborough,United Kingdom,12-23-2025,direct
2130,John,Travis,John.Travis74@gmail.com,+1-686-223-0659,East Lisaside,US,2024-09-11,referral
2131,Cody,Owen, Cody.Owen484@gmail.com ,001-664-385-1002x182,Andrewland,france,2025-04-12T19:27:26,organic_search
2132,Seth,Taylor,Seth.Taylor857@yahoo.com,,,France,17/05/2024,organic_search
2133,Teresa,Brown,Teresa.Brown830@hotmail.com,+1-978-273-2149,Lake David,FR,2023-04-03,referral
2134,Andrew,Lopez,Andrew.Lopez548@yahoo.com,+1-274-633-4421x06510,Smithtown,france,2024-07-05,referral
2135,Cristina,Rodriguez,Cristina.Rodriguez68@gmail.com,955.457.9420,Lake Jesse,germany,09-24-2025,social_media
2136,Susan,Henderson,Susan.Henderson276@hotmail.com,921.976.1898x987,Alvarezmouth,canada,28/03/2023,social_media
2137,Samantha,Hancock,Samantha.Hancock504@gmail.com,477.212.3981x89397,Williambury,germany,04-01-2024,direct
2138,Benjamin,Ward,Benjamin.Ward599@hotmail.com,255-986-8173x418,Maxwellton,US,12-12-2023,social_media
2139,John,Schultz,John.Schultz893@gmail.com,,Nancymouth,canada,14.10.2023,social_media
2140,William,Harvey,William.Harvey480@hotmail.com,,Port Traceymouth,France,07-30-2025,referral
2141,John,Myers,John.Myers372@gmail.com,9543493392,Johnathanchester,DE,21.05.2025,direct
2142,Jeremy,Edwards,Jeremy.Edwards4@yahoo.com,202.707.1537x842,Faithstad,Canada,30.11.2025,social_media
2143,Jennifer,Campos,Jennifer.Campos431@hotmail.com,444-407-8967x78889,Port Saraton, USA ,2025-01-08T19:58:30,direct
2144,Stanley,Taylor,Stanley.Taylor170@hotmail.com,6408947112,Lake Scottfort,FR,2025-06-27,email
2145,Amanda,Smith,Amanda.Smith864@yahoo.com,804-686-6718,Eduardochester,Germany,2025-12-20T03:17:19,referral
2146,David,Carter,David.Carter302@yahoo.com,3499867110,Osbornebury,France,28.04.2025,referral
2147,John,Nguyen,John.Nguyen951@gmail.com,001-944-630-7324x668,Port Jasonton,usa,11.07.2025,referral
2148,Jose,Horne,Jose.Horne906@hotmail.com,,Port Stevenhaven,United States,05-27-2025,direct
2149,Sarah,Berry,Sarah.Berry654@yahoo.com,(892)647-0481x1301,East John,france,2024-10-23,direct
2150,Lisa,Nielsen,Lisa.Nielsen509@hotmail.com,(551)681-2759x1700,Port Steven,DE,23/03/2023,email
2151,James,Cameron,James.Cameron362@yahoo.com,(374)705-3625x1231,Danielland,France,2025-11-10T22:09:20,paid_search
2152,Daniel,Huff,Daniel.Huff216@gmail.com,+1-720-460-7136x9300,,germany,2023-11-15T00:36:54,email
2153,Gregory,Levine,Gregory.Levine244@yahoo.com,326-373-5384x256,Rodriguezmouth,United States,02-27-2023,direct
2154,Elizabeth,Howell,Elizabeth.Howell900@hotmail.com,+1-744-426-1845x537,Morenostad, USA ,2025-03-03,referral
2155,Brian,Rodriguez, Brian.Rodriguez665@hotmail.com ,001-740-523-2358,Williamborough,Canada,2023-03-17,email
2156,Stacy,Doyle,Stacy.Doyle225@hotmail.com,928-580-5075x07819,Jonathonport,France,04-18-2024,direct
2157,Rhonda,Howard,Rhonda.Howard953@yahoo.com,001-577-277-4449x649,,france,2024-10-09T01:36:38,email
2158,Kevin,Campbell,Kevin.Campbell524@gmail.com,6608698826,Lake Emily,uk,01-27-2024,direct
2159,Michael,Diaz,Michael.Diaz820@gmail.com,279.638.5460x9121,South Ericstad,Germany,03-22-2024,social_media
2160,Jon,Levine,Jon.Levine698@hotmail.com,,New Ryan,United Kingdom,2023-07-11T19:06:26,referral
2161,Christopher,Hamilton,Christopher.Hamilton899@hotmail.com,+1-332-947-0792x625,,france,22.01.2025,paid_search
2162,Kenneth,Martinez,Kenneth.Martinez319@yahoo.com,001-603-425-0394x39884,Hawkinsstad,USA,11-09-2023,organic_search
2163,Eric,Middleton,Eric.Middleton549@yahoo.com,779-749-6454,Quinnville,CA,2025-12-29,direct
2164,Glen,Hardy,Glen.Hardy655@hotmail.com,474-627-1832,East Jasonborough, USA ,10-19-2023,direct
2165,Phillip,Wade,Phillip.Wade437@gmail.com,361.376.4040x4655,New Nicholas,U.K.,2024-04-19T15:24:37,social_media
2166,William,Krueger,William.Krueger443@gmail.com,(702)428-9207x459,South Kimberly,USA,03-02-2024,referral
2167,Rachel,Henry,Rachel.Henry464@yahoo.com,(539)435-4337,Meyerborough,DE,23.04.2024,email
2168,Cathy,Carrillo,Cathy.Carrillo214@hotmail.com,(915)910-0260,North Jonathan,france,15/09/2024,paid_search
2169,Patricia,Sims,Patricia.Sims308@hotmail.com,,Hubershire,Canada,04/06/2024,referral
2170,Elizabeth,Reyes,Elizabeth.Reyes25@yahoo.com,771.455.7310,New Ashleyborough,DE,05/06/2024,direct
2171,Cameron,Chavez,Cameron.Chavez761@gmail.com,,Brettborough,US,2024-07-02,email
2172,Maureen,Mcdonald,Maureen.Mcdonald4@gmail.com,,East Cherylborough,usa,08.04.2025,organic_search
2173,Pamela,Hill,Pamela.Hill234@gmail.com,001-248-250-2759x0826,South Edwardtown,United Kingdom,04-30-2023,referral
2174,Ann,Fuller,Ann.Fuller499@gmail.com,(718)894-5239,East Jimmyland,canada,2023-09-14T19:30:56,social_media
2175,Lisa,Cochran,Lisa.Cochran790@hotmail.com,275.817.5790x32308,New Justinland,Canada,02.03.2023,email
2176,Steven,Smith,Steven.Smith572@hotmail.com,913-700-7886x758,Feliciamouth,Canada,2025-04-30T15:04:05,organic_search
2177,Stefanie,Smith,Stefanie.Smith321@yahoo.com,001-514-850-4972,Howellfurt,United States,03/10/2023,direct
2178,David,Thompson,David.Thompson629@yahoo.com,818-414-2043x84504,South Nancyview,CA,17/05/2025,email
2179,Eileen,Hickman,Eileen.Hickman633@hotmail.com,994.816.6740,Amandamouth,DE,2024-09-15T10:03:06,organic_search
2180,Joseph,Jones,Joseph.Jones28@gmail.com,9665726418,Medinamouth,U.K.,2025-03-20T13:07:30,social_media
2181,Jay,Kennedy,Jay.Kennedy834@gmail.com,(449)631-6459,South Amy,CA,17.05.2023,social_media
2182,Joseph,Smith,Joseph.Smith649@gmail.com,493.265.1875x6926,Lake Tanya,germany,2025-02-08,social_media
2183,Jessica,Harrison,Jessica.Harrison27@gmail.com,771-925-6721x23008,Kristinville,France,01-02-2024,organic_search
2184,Michael,Thomas,Michael.Thomas799@yahoo.com,(756)960-0980,South Denise,CA,28/12/2025,referral
2185,Brandon,Mckay,Brandon.Mckay481@gmail.com,741.836.5329,Christinamouth,US,2023-06-21T13:36:33,social_media
2186,Michelle,Lang,Michelle.Lang153@gmail.com,001-970-260-0746x1433,Port Joshuashire,France,08-13-2025,paid_search
2187,Christopher,Dillon,Christopher.Dillon896@yahoo.com,343-768-7163x8762,Zimmermanport,United States,2025-06-10,referral
2188,Marissa,Stevenson,Marissa.Stevenson716@yahoo.com,,Marthachester,Canada,2025-09-10,social_media
2189,Roy,Mills,Roy.Mills87@yahoo.com,001-987-441-4278x53141,Clarkview,canada,2023-12-16,organic_search
2190,Gina,Jackson,Gina.Jackson80@hotmail.com,(723)239-9821,South Hollyville,germany,16/05/2025,social_media
2191,Jason,Booker,Jason.Booker,001-604-348-4567x715,Santosfurt,Germany,2024-02-10,social_media
2192,Peter,Phillips, Peter.Phillips724@yahoo.com ,+1-993-891-1645,Knappmouth,UK,10-25-2025,direct
2193,Karen,Ross,Karen.Ross692@yahoo.com,766.464.7608x5208,Collinsmouth,United Kingdom,2023-11-11T00:59:39,email
2194,Sara,Jones,Sara.Jones106@yahoo.com,9494988782,,Germany,02/04/2025,paid_search
2195,Taylor,Evans,Taylor.Evans132@yahoo.com,(420)961-8506,Lake Alicia,France,25/09/2023,organic_search
2196,Kristen,Hill,Kristen.Hill144@gmail.com,(572)246-6390x3214,,uk,04/06/2023,social_media
2197,James,Stephens,James.Stephens215@gmail.com,001-233-801-1184,Johnside,FR,14/02/2025,paid_search
2198,Marcus,Mills,Marcus.Mills613@yahoo.com,(824)952-9615x143,Michaelhaven,canada,15.09.2024,email
2199,Jason,Jones,Jason.Jones625@yahoo.com,001-883-887-1355,Mcphersonbury,U.K.,31/01/2024,direct
2200,Diane,Harris,Diane.Harris974@hotmail.com,001-295-386-4178x256,Port Lynnchester, USA ,11.05.2024,referral
2201,David,Valencia,David.Valencia637@hotmail.com,376-929-3684x2685,Leefort,UK,2023-12-30T13:58:05,social_media
2202,Anne,Roberson,Anne.Roberson274@gmail.com,402-271-9095,New Stephanie,United Kingdom,12.11.2025,email
2203,Shawn,Garcia,Shawn.Garcia108@gmail.com,651-690-4562,Barkerberg,DE,01-29-2025,email
2204,Austin,Myers,Austin.Myers445@yahoo.com,(733)593-5082x43262,West Alexiston,uk,15.04.2025,referral
2205,Dawn,Edwards,Dawn.Edwards158@hotmail.com,001-984-614-2024x84350,Alexisborough,UK,2023-11-05,social_media
2206,Joan,Wright,Joan.Wright161@gmail.com,209.299.7024x40431,Washingtonside,Germany,04-04-2024,paid_search
2207,Gordon,Byrd,Gordon.Byrd562@hotmail.com,001-832-377-3765x547,Martinezstad,uk,27.07.2023,paid_search
2208,Thomas,Perez,Thomas.Perez605@yahoo.com,581-447-1266x6153,Haroldton,uk,2023-06-08,social_media
2209,Marisa,Nixon,Marisa.Nixon970@yahoo.com,4139433906,Williamport,canada,2025-08-03,paid_search
2210,Lisa,Kennedy,Lisa.Kennedy826@gmail.com,001-491-929-9037x191,Carolshire,usa,01-09-2023,referral
2211,Heather,Cox,Heather.Cox835@yahoo.com,+1-214-221-1622x06591,Maryborough,FR,17/07/2024,organic_search
2212,Phillip,Mcdowell,Phillip.Mcdowell293@yahoo.com,244-232-9691x422,Sotoburgh,Canada,01-12-2024,paid_search
2213,Samantha,Rosario,Samantha.Rosario169@yahoo.com,001-983-352-7808x785,New Sabrinaborough,france,2024-01-27,email
2214,Amber,Watson,Amber.Watson954@gmail.com,8099006325,Dyerport,canada,2024-06-21,direct
2215,Richard,Arnold,Richard.Arnold658@gmail.com,628.847.0344x6332,Deborahchester,United States,2025-04-19,email
2216,Melissa,Rice,Melissa.Rice224@gmail.com,346-935-1757x35185,Carrollfurt,France,2024-12-17,organic_search
2217,Michael,Montoya,Michael.Montoya253@yahoo.com,001-765-460-0337,New Megan,germany,04-08-2024,social_media
2218,Jillian,Black,Jillian.Black940@hotmail.com,(610)792-2251,Timothyshire,CA,12-28-2025,organic_search
2219,Cynthia,Combs,Cynthia.Combs817@gmail.com,,Davidsonbury,france,2024-03-19,social_media
2220,Todd,Gutierrez,Todd.Gutierrez107@yahoo.com,942-264-3029,East Kristyberg,France,2023-06-20,social_media
2221,Harold,Hansen,Harold.Hansen155@gmail.com,4937524392,North Jenniferport,Canada,09.03.2023,referral
2222,Ashley,Hurst,Ashley.Hurst299@hotmail.com,507-669-5390x878,Powelltown,United States,05.11.2024,social_media
2223,Brent,Rowland,Brent.Rowland215@hotmail.com,(544)866-6694,Lake Tammyport,Canada,16.07.2023,organic_search
2224,Jason,Ortiz,Jason.Ortiz392@gmail.com,+1-850-885-5925x62972,East Lindsay,canada,11/10/2025,paid_search
2225,Kimberly,Murphy,Kimberly.Murphy699@hotmail.com,(273)646-8927,Thompsonbury, USA ,09.01.2023,referral
2226,Jon,King,Jon.King95@yahoo.com,(861)405-1496x18068,Toddhaven,US,19.09.2025,paid_search
2227,Heather,Sosa,Heather.Sosa870@hotmail.com,(344)894-0395,Robertland,DE,2024-05-04,organic_search
2228,Jerome,Evans,Jerome.Evans630@gmail.com,+1-383-831-8380,West Taylor,DE,13/12/2023,organic_search
2229,Brenda,Ballard,Brenda.Ballard899@hotmail.com,477.493.9801,North Paulville,U.K.,2025-04-21T21:43:45,direct
2230,Walter,Richardson,Walter.Richardson69@gmail.com,5235915231,Walshborough,CA,2025-10-14,organic_search
2231,Erika,Carter,Erika.Carter373@gmail.com,001-382-812-7023,Lopezville,canada,19.07.2024,social_media
2232,Ian,Bailey,Ian.Bailey620@gmail.com,217.375.6900,South Nicholasmouth,DE,26.01.2025,direct
2233,Megan,Stephenson,Megan.Stephenson463@gmail.com,948-634-3871x5154,Montgomeryville,uk,29/08/2024,email
2234,Steven,Sims,Steven.Sims160@hotmail.com,001-287-502-7282x040,,usa,2025-02-22T00:17:27,organic_search
2235,Diane,Oconnor,Diane.Oconnor302@hotmail.com,3838491232,,USA,2025-02-13T18:32:27,paid_search
2236,Elizabeth,Smith,Elizabeth.Smith807@yahoo.com,+1-432-741-8325x276,,United Kingdom,23.04.2025,referral
2237,Dylan,Melton,Dylan.Melton996@gmail.com,431-516-7954,South Troy,US,12.12.2023,direct
2238,Anthony,Curry,Anthony.Curry360@gmail.com,(778)311-6786x2902,Jacobfurt,USA,25/12/2023,social_media
2239,Nancy,Webster,Nancy.Webster285@yahoo.com,530.222.0994x175,Soniatown, USA ,2024-08-31,social_media
2240,Michael,Gonzalez,Michael.Gonzalez744@hotmail.com,,Kimberlyton,USA,28/07/2023,social_media
2241,Elizabeth,Johnson,Elizabeth.Johnson199@yahoo.com,908-648-5284x67703,Hayesfort,US,22/12/2025,organic_search
2242,Brandon,Smith,Brandon.Smith121@hotmail.com,001-230-376-4405x8355,Orrmouth,DE,09/08/2025,organic_search
2243,Gary,Davidson,Gary.Davidson18@yahoo.com,428.229.0183,Danielburgh,canada,11-05-2024,organic_search
2244,Bryan,Lee,Bryan.Lee893@gmail.com,(836)780-1990x50240,North Emilyview,FR,2024-06-21T10:28:57,referral
2245,Melissa,Wells,Melissa.Wells295@gmail.com,001-817-506-4857x9688,East Patriciaview,DE,2024-04-02T00:49:18,paid_search
2246,Maria,West,Maria.West935@hotmail.com,+1-304-348-1388x190,Lorimouth,uk,2023-08-25,paid_search
2247,Holly,Porter,Holly.Porter927@hotmail.com,(977)261-9524x9601,Port Cody,france,01-29-2023,referral
2248,Robert,Rivera,Robert.Rivera937@yahoo.com,402.923.8045x347,,U.K.,23.07.2024,direct
2249,Steven,Taylor,Steven.Taylor618@gmail.com,001-520-795-9284x8987,Thompsonmouth,usa,30.11.2025,email
2250,Susan,Harvey,Susan.Harvey69@gmail.com,857.802.4093,Lake Catherine,usa,2024-07-13T13:31:01,organic_search
2251,Allison,Cannon,Allison.Cannon326@yahoo.com,+1-744-827-3983,Davidbury,usa,04.09.2024,organic_search
2252,Carrie,Tran,Carrie.Tran226@hotmail.com,(276)322-7353x34062,Colemanbury,CA,26.11.2023,email
2253,Joseph,Brown,Joseph.Brown309@yahoo.com,001-421-856-3452x636,East James,U.K.,01-19-2023,direct
2254,Stephen,Campbell,Stephen.Campbell762@yahoo.com,(751)643-4421x117,Kellyshire,Canada,2024-07-14T02:54:47,direct
2255,Martin,May,Martin.May114@gmail.com,001-318-384-2463x81512,Nelsonfort,CA,12-30-2025,email
2256,Darlene,Thompson,Darlene.Thompson394@yahoo.com,,Robertsshire,United Kingdom,2025-01-25,paid_search
2257,Caitlyn,Mason,Caitlyn.Mason673@yahoo.com,(947)735-3998,West Johntown,Canada,03-31-2024,direct
2258,Bruce,Stewart,Bruce.Stewart538@gmail.com,951-483-4792x305,Markborough,France,14.03.2025,referral
2259,Whitney,Johnson,Whitney.Johnson162@hotmail.com,424-664-3786,Lake Brandon,usa,2024-09-10T03:10:04,email
2260,Lisa,Jones,Lisa.Jones927@yahoo.com,+1-960-666-9610x6963,Port Dylanland,France,2024-03-05,email
2261,April,Henry,April.Henry840@hotmail.com,+1-306-350-6147x1590,West Aaron,Canada,10-21-2025,referral
2262,Jessica,Lee,Jessica.Lee190@yahoo.com,,North Reneeton,United Kingdom,05-13-2024,referral
2263,Jacob,Mcgrath,Jacob.Mcgrath,+1-298-868-3212,West Julieside,CA,2024-11-30,email
2264,Kenneth,Watson,Kenneth.Watson862@yahoo.com,+1-666-399-7842x001,Maryberg,Canada,24.01.2025,social_media
2265,Jonathan,Smith,Jonathan.Smith594@yahoo.com,,Port Tracy,usa,05/12/2024,direct
2266,John,Anthony,John.Anthony986@yahoo.com,659-952-8599,Donnachester,Canada,2024-08-06T12:04:10,social_media
2267,Jason,Molina,Jason.Molina295@yahoo.com,,New Jerome,germany,23.12.2024,direct
2268,Matthew,Porter,Matthew.Porter687@hotmail.com,598.636.7607x4105,West Adamview,USA,2024-12-06T06:26:12,direct
2269,Lisa,Hall,LISA.HALL129@GMAIL.COM,856.802.8586,Port Christinaborough,Germany,2025-09-03,email
2270,Michael,Rhodes,Michael.Rhodes62@yahoo.com,6754121018,Martinberg, USA ,2025-06-23T00:52:31,direct
2271,Noah,Roberson,Noah.Roberson438@yahoo.com,780-524-5940,Richardbury,germany,29/12/2024,organic_search
2272,Matthew,Owen,Matthew.Owen839@hotmail.com,777.995.0765,South Nancy,CA,2025-10-16,social_media
2273,Johnathan,Burnett,Johnathan.Burnett320@hotmail.com,(225)312-2584x679,Trujilloburgh,canada,18.05.2024,referral
2274,Melissa,Christian,Melissa.Christian720@hotmail.com,001-229-449-6523x96749,Port Jeffreyhaven,Canada,2025-10-25T13:50:20,referral
2275,Matthew,Johnson,Matthew.Johnson995@gmail.com,,New Joseland,Canada,2024-02-18T18:05:33,social_media
2276,Matthew,Klein,Matthew.Klein904@gmail.com,926-895-7538x5139,West Eugene,France,2024-07-16T01:06:15,social_media
2277,Justin,Jones,Justin.Jones439@gmail.com,001-662-804-0852x0633,North Alisonfort,canada,25/01/2025,email
2278,Alicia,Lopez,Alicia.Lopez324@gmail.com,326.859.3380x41917,East Jamesbury,CA,01-18-2025,email
2279,Bruce,Ochoa,Bruce.Ochoa421@yahoo.com,518-943-6602x0931,Lake Ericland,FR,2024-08-12,organic_search
2280,Anthony,Allen, Anthony.Allen641@yahoo.com ,767.677.7365x7645,Christinaton,uk,31.10.2024,social_media
2281,Jared,Lam,Jared.Lam839@hotmail.com,495-843-5110,New Leslie,United States,05.10.2025,paid_search
2282,Jamie,Carson,Jamie.Carson629@hotmail.com,+1-723-233-1351x485,Johnsonfurt,United Kingdom,30.05.2023,organic_search
2283,John,Reynolds,John.Reynolds,9678415144,North Sarah,uk,07.10.2025,direct
2284,Rebecca,Fisher,Rebecca.Fisher933@yahoo.com,+1-434-627-9730,South Ashleyfort,US,08-27-2023,direct
2285,Samantha,Cooper,Samantha.Cooper25@hotmail.com,,East Jeremystad,usa,22/10/2023,email
2286,William,Clark,William.Clark58@yahoo.com,,East Nicholasburgh,canada,2025-09-26T14:34:15,organic_search
2287,Amanda,Schmidt,Amanda.Schmidt417@hotmail.com,+1-319-694-9516x599,Maryfurt,Germany,2025-05-23,organic_search
2288,Diane,Carter,Diane.Carter905@yahoo.com,(845)923-9004x15242,Markfort,United States,26.11.2025,social_media
2289,Pamela,Cobb,Pamela.Cobb837@hotmail.com,001-977-295-0146,South Tracy,CA,16.05.2025,email
2290,Katherine,Benton,Katherine.Benton171@gmail.com,001-828-200-4177x0734,North Robert, USA ,2023-06-25T07:31:51,organic_search
2291,Jeffrey,Evans,Jeffrey.Evans622@hotmail.com,699.421.6457x5275,,U.K.,01-28-2025,referral
2292,Jennifer,Dawson,Jennifer.Dawson888@hotmail.com,228.867.8515,Meyerhaven,USA,2024-03-16,direct
2293,Chad,Howard,Chad.Howard111@yahoo.com,655-266-1668,South Sarah,USA,2023-05-03,paid_search
2294,John,King,John.King522@hotmail.com,5595551611,Robertborough,france,2023-05-06,social_media
2295,Jacob,Green,Jacob.Green357@yahoo.com,482-356-9619,Lake Jenna,Canada,2024-01-27,social_media
2296,Rebecca,Hayes,Rebecca.Hayes223@hotmail.com,,,france,2023-01-25T03:45:14,referral
2297,Patricia,Grant,Patricia.Grant289@hotmail.com,(897)584-8798x9631,,uk,2023-03-18T05:38:05,direct
2298,Brian,Martin,Brian.Martin919@hotmail.com,3438692259,Deantown,usa,2025-06-11,social_media
2299,Shelly,Anderson,Shelly.Anderson435@yahoo.com,,Willistown,FR,02-28-2025,referral
2300,Daniel,Myers,Daniel.Myers680@gmail.com,,New Margaretchester,France,27.02.2023,paid_search
2301,John,Ferrell,John.Ferrell262@hotmail.com,4855536062,South Jacobchester,UK,11-04-2023,paid_search
2302,Thomas,Davidson,Thomas.Davidson254@yahoo.com,275.269.4298x4104,Port Julie,UK,2025-03-30,email
2303,Taylor,Smith,Taylor.Smith573@gmail.com,382-474-6352x3561,East Maryside,DE,20/09/2025,organic_search
2304,Aaron,Cameron,Aaron.Cameron156@hotmail.com,001-395-486-2185x311,South Toddtown,Canada,25.02.2025,referral
2305,Lisa,Clark,Lisa.Clark325@yahoo.com,,Cruzbury,CA,11-26-2025,email
2306,Philip,Cortez,Philip.Cortez5@hotmail.com,272-581-3265x9845,Lake Travis,United States,2025-08-24,direct
2307,Brandon,Thompson,Brandon.Thompson569@hotmail.com,+1-640-737-5353x132,Port Hannah,Germany,26.08.2023,social_media
2308,Stephanie,Rivera,Stephanie.Rivera132@yahoo.com,995-203-0568,,CA,2023-05-06T00:18:49,organic_search
2309,Stephen,Jones,Stephen.Jones50@hotmail.com,001-565-424-9489x18529,Lake Charlesville,Canada,2025-09-28,social_media
2310,Joshua,Owens,Joshua.Owens679@yahoo.com,(449)413-6165x76528,Rodriguezshire,germany,24.05.2025,referral
2311,Diana,Douglas,Diana.Douglas386@hotmail.com,001-502-694-8494,Stephenchester,Germany,2025-04-12,referral
2312,Michelle,Jones,Michelle.Jones698@gmail.com,+1-786-755-0091,,france,20/01/2025,social_media
2313,Jennifer,Garner,Jennifer.Garner389@hotmail.com,323.695.9360,East Danatown,canada,2024-01-09,referral
2314,Robert,Rodriguez,Robert.Rodriguez250@yahoo.com,+1-536-308-7807x20203,East Alexandershire,US,2024-05-13,organic_search
2315,Christine,Foster,Christine.Foster808@yahoo.com,(837)920-3734x48365,South Danielleshire,uk,2023-07-16,email
2316,Cristina,Smith,Cristina.Smith10@yahoo.com,+1-557-543-9677x05467,South Johntown,CA,06-19-2024,referral
2317,Brittany,Newton,Brittany.Newton941@yahoo.com,368-287-3058x868,West Jason,germany,04.10.2025,paid_search
2318,Cody,Ponce,Cody.Ponce585@gmail.com,(262)354-7800x95804,Paulmouth,US,2025-10-31T15:02:34,social_media
2319,Charlene,Owens,Charlene.Owens24@hotmail.com,7006190073,Alexanderbury,Canada,04-14-2025,paid_search
2320,Crystal,Chandler,Crystal.Chandler318@yahoo.com,369.539.0894,New Amandashire,France,10-17-2025,organic_search
2321,Nicholas,Jones,Nicholas.Jones706@gmail.com,(413)705-4284,North Christophershire,USA,2023-06-26T11:04:31,organic_search
2322,Diana,Gonzalez,DIANA.GONZALEZ604@YAHOO.COM,+1-940-294-2941x259,Port Kelsey,United Kingdom,23/08/2023,direct
2323,John,Daniels,John.Daniels241@yahoo.com,+1-267-566-0628x95134,Pierceside,United States,2024-02-16,organic_search
2324,Steven,Roberts,Steven.Roberts604@hotmail.com,,North Allison,USA,08-22-2023,referral
2325,William,Russell,William.Russell540@gmail.com,001-293-997-0266x382,West Sarahside,United States,2024-01-04,referral
2326,Christopher,Nguyen,Christopher.Nguyen946@gmail.com,911.878.6057,Snydershire,Canada,05/05/2025,referral
2327,Derrick,Bush,Derrick.Bush808@hotmail.com,+1-989-720-3028,Nelsonstad, USA ,12-15-2024,email
2328,Wesley,Goodwin,WESLEY.GOODWIN868@GMAIL.COM,,Lake Mary,uk,06-30-2023,direct
2329,Jason,Smith,Jason.Smith691@yahoo.com,987.319.2497x2655,South Juan,France,06.07.2025,social_media
2330,Mckenzie,Woods,Mckenzie.Woods572@yahoo.com,001-651-445-3752x574,Donaldchester,Canada,08-29-2025,direct
2331,Diana,Vaughan,Diana.Vaughan416@hotmail.com,,Lake Danielhaven,USA,26.03.2025,referral
2332,Michael,Garcia,Michael.Garcia950@gmail.com,756-973-3851,,CA,23/03/2025,email
2333,Ronald,Fitzgerald,Ronald.Fitzgerald607@yahoo.com,5503680983,West Ryan,Germany,23/01/2023,email
2334,Jacqueline,Thompson,Jacqueline.Thompson973@yahoo.com,586-603-4563x33892,Devonmouth,Germany,01-02-2023,referral
2335,Shannon,Morgan,Shannon.Morgan828@yahoo.com,378-826-3880x32427,Lake Aliciafurt,France,2025-08-10T05:32:41,social_media
2336,Kendra,Espinoza,Kendra.Espinoza390@hotmail.com,669.974.7623x70385,Goodwinburgh,FR,12-25-2025,organic_search
2337,Robert,Davis,Robert.Davis128@gmail.com,492-229-4123,Lopezbury,US,2024-01-21,paid_search
2338,Gina,King,Gina.King889@hotmail.com,485-745-5418,North Jose,FR,2024-09-23T19:08:09,organic_search
2339,Adam,Zamora,Adam.Zamora793@yahoo.com,(230)632-8267x3549,Rileyside,US,2024-01-06T19:02:11,referral
2340,Stephanie,Ward,Stephanie.Ward655@gmail.com,,Claytonhaven,DE,2024-02-06,organic_search
2341,Breanna,Kim,BREANNA.KIM649@GMAIL.COM,832-750-8628,Carterborough,CA,2023-12-17,email
2342,Kenneth,Hughes,Kenneth.Hughes153@hotmail.com,+1-688-823-0925x87289,Fitzpatrickborough,FR,01.09.2023,organic_search
2343,Phillip,Miller,Phillip.Miller908@gmail.com,808.446.0172,East Shirleyfurt,Germany,2024-06-19T06:17:24,direct
2344,Larry,Williams,Larry.Williams266@yahoo.com,+1-374-891-1634x30310,Youngfurt,Germany,08-13-2024,email
2345,Ryan,Rollins,Ryan.Rollins313@gmail.com,445.754.1408x57962,Port Marytown,US,2025-10-12,direct
2346,William,Rose,William.Rose925@gmail.com,8662002604,South Josemouth,germany,2024-06-04,social_media
2347,James,Calderon,James.Calderon440@hotmail.com,962-644-1066,Valeriebury,germany,11-18-2025,referral
2348,Melinda,Hernandez,Melinda.Hernandez576@gmail.com,(950)324-2389x35440,Lake Saramouth,CA,28/05/2025,email
2349,Katelyn,Jensen,Katelyn.Jensen445@yahoo.com,3236050667,,Germany,08-01-2025,referral
2350,Amber,Young,Amber.Young947@gmail.com,+1-431-671-4795x54129,East Adam,Germany,03-23-2024,social_media
2351,Krista,Romero,Krista.Romero441@hotmail.com,,,canada,2024-09-17,social_media
2352,Rachel,Jones,Rachel.Jones180@hotmail.com,(208)395-2176,South Catherine, USA ,08/02/2024,referral
2353,Gabriel,Hanna,Gabriel.Hanna47@yahoo.com,001-407-732-4913x94303,Lake Katelynfort,canada,10-06-2024,direct
2354,John,Sanders,John.Sanders576@gmail.com,883.784.4037,Jasonshire,United States,26/12/2024,direct
2355,Brittany,Moore,BRITTANY.MOORE352@HOTMAIL.COM,+1-658-303-3086,Angelabury,US,2023-05-13T05:04:14,referral
2356,Maria,Garza,Maria.Garza845@gmail.com,450.550.4871x59051,Freemanville,UK,25/07/2023,paid_search
2357,Brian,Williams,Brian.Williams282@yahoo.com,247-593-9117x1740,Michaelhaven,United Kingdom,2023-11-02T20:04:27,direct
2358,Erin,Gordon,Erin.Gordon826@yahoo.com,465.573.7449x66607,Grayton,Germany,01-30-2024,social_media
2359,Katrina,York,Katrina.York978@yahoo.com,,Daletown,U.K.,15/06/2023,social_media
2360,Angela,Daniels,Angela.Daniels489@gmail.com,(589)738-2528x94043,South Andrewfurt,USA,2024-03-26,email
2361,Cathy,Erickson,Cathy.Erickson191@yahoo.com,552.866.8480x316,Millsmouth,CA,2023-07-15,direct
2362,Leslie,Green,Leslie.Green384@hotmail.com,+1-513-553-7642,East Stephaniestad,uk,11/06/2024,email
2363,John,Richardson,John.Richardson264@hotmail.com,001-660-288-5329x873,North Jonathanfort, USA ,02.05.2023,paid_search
2364,Mary,Torres,Mary.Torres853@yahoo.com,973-377-0499x096,Michaelfurt, USA ,2023-06-01T15:52:04,organic_search
2365,Tiffany,Rogers,Tiffany.Rogers34@yahoo.com,839.361.0340x573,New Michelletown,U.K.,2023-09-14T15:14:49,paid_search
2366,Kelly,Rodriguez,Kelly.Rodriguez976@hotmail.com,956.394.3072x1887,Bentonshire,United States,12-22-2025,referral
2367,Brianna,Hughes,Brianna.Hughes674@hotmail.com,923.863.4110x485,Fitzpatrickville,United Kingdom,2024-09-01,direct
2368,Shelley,Cruz,Shelley.Cruz180@yahoo.com,001-728-418-2912x789,Barbarashire,canada,2025-01-29T16:04:36,email
2369,Caleb,Suarez,Caleb.Suarez625@gmail.com,,Corystad,canada,2024-06-13,referral
2370,Erica,Castro,Erica.Castro307@yahoo.com,(737)730-4376x318,Maddoxtown,canada,20/03/2023,direct
2371,Trevor,Martinez,Trevor.Martinez496@hotmail.com,748-814-4000x407,East Johnville,FR,23.08.2023,paid_search
2372,Brent,Henderson,Brent.Henderson829@gmail.com,697.429.6822x885,Bradshawview,DE,2023-10-17,direct
2373,Jonathan,Chapman,Jonathan.Chapman501@yahoo.com,001-892-751-9736,Seanstad, USA ,2023-06-04T11:43:59,paid_search
2374,William,Houston,William.Houston797@hotmail.com,001-837-910-5392x590,Martinezmouth,DE,2025-09-25T00:02:08,direct
2375,James,Morales,James.Morales871@hotmail.com,874-230-4025,West Davidville,U.K.,06-04-2024,organic_search
2376,Robert,Sanders,Robert.Sanders7@yahoo.com,952.870.7127x971,Lake Susan,United States,03-12-2023,direct
2377,Albert,Marks,Albert.Marks175@yahoo.com,(372)999-0438,Murrayberg,United Kingdom,2023-04-08,referral
2378,Sarah,Jackson,Sarah.Jackson418@yahoo.com,3257431639,Wendyview,CA,2023-10-27T08:44:29,referral
2379,Nina,Martinez,Nina.Martinez46@yahoo.com,2468782036,West Jenniferstad,France,2023-04-10,paid_search
2380,Antonio,Li,Antonio.Li385@yahoo.com,,East Jonathanfort,CA,13/12/2023,paid_search
2381,Jeremy,Grimes,Jeremy.Grimes758@gmail.com,001-406-367-6654x05324,Levineview, USA ,2025-04-21T08:05:32,organic_search
2382,Jeffrey,Walker,Jeffrey.Walker579@gmail.com,561.478.0581x38057,East Nicholasmouth,canada,2025-02-18,email
2383,Meredith,Todd,Meredith.Todd724@hotmail.com,,,france,09-23-2023,direct
2384,Ann,Phillips, Ann.Phillips990@yahoo.com ,(226)715-1070x557,New Sophia,USA,26.02.2023,referral
2385,Barry,Ross, Barry.Ross185@yahoo.com ,741-823-5998x962,Port Raymond,United Kingdom,06-14-2023,direct
2386,Lee,Johnson,Lee.Johnson266@yahoo.com,+1-525-951-5179x7519,Briannaborough,U.K.,08.03.2025,paid_search
2387,Carl,Krause,Carl.Krause511@yahoo.com,844.458.0197,East Sharonchester,DE,2025-10-23T18:13:18,paid_search
2388,Kathryn,Sanders,Kathryn.Sanders599@hotmail.com,(315)226-5322x2470,West Allisonville,Germany,21/06/2025,organic_search
2389,Gary,Le,Gary.Le507@gmail.com,+1-388-440-8943x748,Robertsonfort,U.K.,09/08/2024,direct
2390,Karen,Guzman,Karen.Guzman704@gmail.com,001-308-605-8899x0580,East Jaytown,Canada,2024-09-10T10:49:04,email
2391,Matthew,Johnson,Matthew.Johnson435@hotmail.com,205-463-5869,Port Joeland,CA,2025-07-25,direct
2392,Colton,Miles,Colton.Miles642@hotmail.com,360-421-2467x6428,Ashleeborough,UK,25/12/2025,email
2393,Randy,Moore,Randy.Moore28@yahoo.com,498-284-9591x260,East Christian,uk,2025-11-11,paid_search
2394,Megan,Mcgee,Megan.Mcgee573@yahoo.com,(757)216-6578x13049,Joehaven,germany,11/04/2024,direct
2395,Ashley,Molina,Ashley.Molina591@yahoo.com,+1-416-545-0862x9532,South Wendyview,US,21/08/2023,email
2396,Patricia,Werner,Patricia.Werner338@hotmail.com,764.812.6139x5574,New Juliemouth,usa,2023-10-25,organic_search
2397,Melissa,Gonzalez,Melissa.Gonzalez175@gmail.com,308-435-4427x8859,,FR,22.08.2023,email
2398,Alexis,Salazar,Alexis.Salazar343@yahoo.com,(893)525-9627x6223,Port Grantmouth,usa,2024-05-31T20:59:29,social_media
2399,Jerry,King,Jerry.King460@hotmail.com,499.255.7802,Port Shawnland,france,09-12-2023,referral
2400,Erica,Johnson,Erica.Johnson428@gmail.com,001-945-502-6944,Elizabethview,DE,2023-01-20,email
2401,Cody,Beard,Cody.Beard821@hotmail.com,239-810-3231x8667,Bowmanview,canada,2025-04-15,paid_search
2402,Thomas,Brewer,Thomas.Brewer979@gmail.com,001-401-810-4083x84378,Port Christopherside,FR,31.07.2023,social_media
2403,Sergio,Dawson,Sergio.Dawson224@hotmail.com,001-653-434-2253x93922,Nicolefort,FR,12.12.2025,referral
2404,Thomas,Carrillo,Thomas.Carrillo544@yahoo.com,345.375.0218x852,Aliciachester,usa,2023-01-27,email
2405,Wanda,Perez,Wanda.Perez194@yahoo.com,683.496.8788,Port Kaitlinport,DE,2024-02-03,paid_search
2406,Steven,Mccullough,Steven.Mccullough629@hotmail.com,001-598-435-8947x706,,usa,2023-04-26T08:50:07,direct
2407,Alicia,Allen,Alicia.Allen366@hotmail.com,+1-902-354-6167x9467,Lewischester,canada,12.05.2025,referral
2408,Julie,Miller,Julie.Miller157@gmail.com,001-759-945-9211,East Stephanie,France,2024-10-21,email
2409,Martin,Mccoy,Martin.Mccoy854@gmail.com,+1-847-737-7962x638,Katieshire,United Kingdom,2024-06-04T17:58:08,paid_search
2410,Sherry,Humphrey,Sherry.Humphrey724@hotmail.com,291.378.2200x810,Gregorychester,United States,06-18-2024,organic_search
2411,Elizabeth,Carlson,Elizabeth.Carlson792@yahoo.com,(651)257-5951,Griffintown,canada,2024-05-11T00:18:57,referral
2412,Elizabeth,Smith,Elizabeth.Smith678@hotmail.com,858-772-4227x496,New Kenneth,germany,18.09.2024,referral
2413,Zachary,Castaneda,Zachary.Castaneda645@yahoo.com,571-697-2512,Port Sherry,Germany,2023-12-27T03:55:04,email
2414,Mark,Blackburn,Mark.Blackburn667@yahoo.com,(777)277-3426x587,Lake Chad,CA,27.02.2024,email
2415,Kevin,Holland,KEVIN.HOLLAND464@YAHOO.COM,+1-214-907-7128x061,Wendyfurt,CA,01-23-2023,paid_search
2416,Paige,Krause,Paige.Krause175@hotmail.com,001-574-272-1712x43566,East Michael,canada,2024-04-15T02:13:58,direct
2417,James,Conrad,James.Conrad752@hotmail.com,,Jenniferstad,Canada,09-26-2024,paid_search
2418,Mark,Griffin,Mark.Griffin160@hotmail.com,(673)950-7810x7283,Adamschester,U.K.,23.01.2025,social_media
2419,Kara,Sanford,Kara.Sanford360@gmail.com,(361)849-9363,Port Suzanne,DE,2023-05-14T12:14:47,social_media
2420,Scott,Foster,Scott.Foster822@yahoo.com,239-209-5195x663,Harrisberg, USA ,2023-05-14T07:00:34,organic_search
2421,Jennifer,Wilson,Jennifer.Wilson851@gmail.com,,Erikafurt,U.K.,25/04/2023,email
2422,Jonathon,Griffin,Jonathon.Griffin28@yahoo.com,001-704-481-1353x7396,Weeksburgh,USA,26/12/2023,paid_search
2423,Kathy,Larson,Kathy.Larson729@hotmail.com,001-286-977-7055x4899,East Heatherfurt,DE,12-10-2023,paid_search
2424,Chelsea,Guzman,Chelsea.Guzman393@gmail.com,848-527-0029x33132,Ochoachester,canada,2024-01-28,referral
2425,Andrew,Brown,Andrew.Brown130@yahoo.com,,Charlesfort,CA,30/12/2023,social_media
2426,Timothy,Steele,Timothy.Steele207@hotmail.com,+1-818-742-5195x617,Angelaburgh,Germany,03-03-2024,organic_search
2427,Eric,Schwartz,Eric.Schwartz447@yahoo.com,(485)487-0630,New Sarah,FR,08-12-2024,paid_search
2428,Laura,Kelly,Laura.Kelly393@gmail.com,+1-878-697-1535,Hardingchester,France,2024-02-23,referral
2429,Alicia,Collins,Alicia.Collins998@hotmail.com,346.745.5072x8310,New Amyside,UK,02-03-2025,email
2430,Timothy,Powell,Timothy.Powell583@yahoo.com,(805)981-0580x108,Laraview,United States,2024-10-22,email
2431,Jon,Graham,Jon.Graham46@hotmail.com,878.786.6364,,DE,27/11/2024,referral
2432,John,Robinson,John.Robinson218@yahoo.com,474.396.3379x226,West Aaronborough,FR,2025-02-11T18:47:58,email
2433,Todd,Clark,Todd.Clark552@hotmail.com,634.950.5219x4050,Port Robert,germany,15.02.2023,organic_search
2434,Claudia,Lin,Claudia.Lin637@hotmail.com,001-962-591-4597,Grayshire,US,2024-06-17,social_media
2435,Amanda,Figueroa,Amanda.Figueroa850@yahoo.com,001-819-881-7473,Jamiemouth,DE,2025-10-31,direct
2436,Debbie,Rose,Debbie.Rose504@hotmail.com,648.695.5713x198,Susanfurt,usa,29.02.2024,direct
2437,Caleb,Graham,Caleb.Graham530@hotmail.com,525-674-7774x37212,Wallacefurt,germany,02-04-2023,email
2438,Rachel,Jones,Rachel.Jones591@hotmail.com,,New Katelynhaven,germany,25.06.2024,email
2439,Taylor,Brooks,Taylor.Brooks852@hotmail.com,+1-783-322-9000x59054,Hallmouth,usa,03-10-2023,organic_search
2440,Andrea,Mitchell,Andrea.Mitchell332@yahoo.com,001-491-593-4424x6271,East Sharon,canada,2024-09-08,direct
2441,Renee,Hampton,Renee.Hampton530@yahoo.com,433-453-5975x98096,New Richardtown,Germany,17/04/2023,social_media
2442,Alicia,Castro,ALICIA.CASTRO227@HOTMAIL.COM,,Cynthiahaven,FR,18.06.2025,email
2443,Denise,Arnold,Denise.Arnold87@hotmail.com,837.863.0977x3983,Johnsonfort,FR,28/10/2025,direct
2444,Diane,Forbes,Diane.Forbes359@hotmail.com,250-304-4507x29629,South Cherylburgh,DE,28/10/2023,direct
2445,Hannah,Hernandez,Hannah.Hernandez260@yahoo.com,(778)625-4630,Lake Michaelfort,Germany,12/02/2025,organic_search
2446,David,Ellis,David.Ellis691@yahoo.com,998.272.4581,Adrianmouth,France,08/04/2023,organic_search
2447,Jennifer,Hubbard,Jennifer.Hubbard287@hotmail.com,+1-805-536-5972,Arthurmouth,DE,06/10/2023,email
2448,Joyce,Beltran,Joyce.Beltran321@yahoo.com,430-369-6721,Paulbury,germany,09-27-2025,email
2449,Angela,Harrington,Angela.Harrington701@gmail.com,385.537.9821x4924,Garciabury,U.K.,2024-12-26T06:55:37,direct
2450,Aaron,Mercado,Aaron.Mercado900@hotmail.com,690.585.8306,Osbornehaven,DE,2025-05-09T20:18:02,social_media
2451,Sarah,Henderson,Sarah.Henderson894@gmail.com,986.765.6067,Annemouth,US,30/06/2025,social_media
2452,Kristen,Moss,Kristen.Moss325@yahoo.com,310-257-7250x4025,Lindahaven,USA,2023-04-30,referral
2453,Seth,Clark,Seth.Clark816@yahoo.com,745.272.0802x41041,Mossport,United Kingdom,23/06/2024,referral
2454,Bethany,Wilson,Bethany.Wilson375@yahoo.com,8813611556,Lake Justin,uk,2025-04-22,direct
2455,Janet,Alexander,Janet.Alexander267@hotmail.com,,Brandonton,USA,17.05.2024,direct
2456,Monica,Collins,Monica.Collins80@hotmail.com,608-692-2706x9906,West Samuel,uk,2024-10-05,referral
2457,Michael,Horton,Michael.Horton515@hotmail.com,703.363.8364x72245,Johnsonbury,US,2024-09-30T11:09:22,email
2458,Joe,Brown,Joe.Brown523@yahoo.com,+1-724-549-6639x0004,West Jacquelineside,Germany,2025-08-03T21:14:47,email
2459,Mindy,Stephens,Mindy.Stephens907@hotmail.com,(972)551-4096x17099,South Makaylashire,germany,03.12.2024,social_media
2460,Walter,Wilson,Walter.Wilson658@yahoo.com,(388)713-0384x69128,North Parkermouth, USA ,05/01/2024,email
2461,Jose,Ortiz,JOSE.ORTIZ876@GMAIL.COM,(973)812-5361x276,Port Michelle,DE,2023-12-24,social_media
2462,Kristin,Raymond,Kristin.Raymond69@hotmail.com,,Sarahshire,US,12/07/2025,referral
2463,Shelly,Freeman,Shelly.Freeman260@yahoo.com,5805989717,Port Matthewfort,France,2024-09-11,paid_search
2464,Clifford,Coleman,Clifford.Coleman289@yahoo.com,(261)644-7165,Katiestad,U.K.,2024-04-07T18:22:12,direct
2465,Jacob,Green,Jacob.Green85@yahoo.com,+1-282-696-9454x19137,Pooleberg,CA,10-14-2025,organic_search
2466,Andrew,Lopez,Andrew.Lopez993@hotmail.com,973.896.5242,Lake Laurieport,Canada,18/11/2025,social_media
2467,Donna,Martinez,Donna.Martinez548@yahoo.com,740-726-1353x425,Millerborough,DE,16/01/2025,direct
2468,Douglas,Duffy,Douglas.Duffy564@hotmail.com,(213)784-1551,Sarahstad,usa,2025-12-06,paid_search
2469,Kendra,Cline,Kendra.Cline339@yahoo.com,4562880848,Mooreland,FR,07/12/2024,paid_search
2470,Edward,Lopez,Edward.Lopez966@yahoo.com,8299378132,South John,France,26/03/2023,referral
2471,Eric,Ortiz,Eric.Ortiz887@yahoo.com,867.946.9588x194,Goodwinshire,US,18.11.2023,social_media
2472,Gina,Cantrell,Gina.Cantrell763@yahoo.com,899-631-3675x726,Lake Markfurt,FR,2023-07-28,referral
2473,Debra,Merritt,Debra.Merritt484@hotmail.com,732.503.1613x17790,Blakeborough,UK,2024-02-07,social_media
2474,Angela,Ferguson,Angela.Ferguson201@gmail.com,,North Destiny,U.K.,2024-09-21,email
2475,Laura,Ortega,Laura.Ortega91@hotmail.com,480-516-6480,Taylorton,germany,08.01.2025,social_media
2476,Misty,Savage,Misty.Savage468@gmail.com,789.953.1154x39781,West Lisa,U.K.,13.09.2024,direct
2477,Michelle,Riley,Michelle.Riley606@gmail.com,7662086236,Randyberg,canada,2023-11-09T02:00:18,social_media
2478,Robert,Zhang,Robert.Zhang940@gmail.com,,West Michelle, USA ,2025-02-22T23:19:39,direct
2479,Troy,Fowler,Troy.Fowler18@gmail.com,(251)882-6135,North Bruce,France,09-29-2023,paid_search
2480,Keith,Jones,Keith.Jones549@yahoo.com,+1-997-706-2981x099,Port Stephanie,usa,2025-10-19T12:57:20,paid_search
2481,Amanda,Barnes,Amanda.Barnes583@yahoo.com,3836681682,South Stephaniefort,germany,2023-06-26,social_media
2482,Valerie,Brown,Valerie.Brown143@hotmail.com,214.739.0390x920,Thompsonton,France,23.09.2023,direct
2483,Timothy,Chen,Timothy.Chen721@hotmail.com,574-485-7988x8921,Perezville,Germany,07-01-2024,referral
2484,Pamela,Crosby,Pamela.Crosby132@gmail.com,+1-532-629-7254x014,Townsendstad,germany,06-30-2023,paid_search
2485,Kelly,Davidson,Kelly.Davidson694@hotmail.com,,Cobbstad,US,2025-11-22,email
2486,Carol,Gibson,CAROL.GIBSON566@GMAIL.COM,5799246366,Michaelstad,US,2025-01-04T10:56:18,social_media
2487,Deborah,Ramirez,Deborah.Ramirez710@yahoo.com,+1-238-275-0077,North Scott,DE,20.06.2023,direct
2488,Duane,Mccoy,Duane.Mccoy339@gmail.com,,Port Michael,france,11-05-2024,email
2489,Briana,Mason,Briana.Mason528@yahoo.com,233.315.6964,North Larrytown,Canada,12.12.2024,referral
2490,Christopher,Montgomery,Christopher.Montgomery211@gmail.com,552.306.2260,Paulberg,Canada,2023-02-17,direct
2491,Kathleen,Ross,KATHLEEN.ROSS392@GMAIL.COM,316.214.0823,South Christophermouth,canada,13.06.2023,organic_search
2492,David,Bauer,David.Bauer18@yahoo.com,274-705-1995x08190,Wisebury,canada,22.10.2024,paid_search
2493,Dana,Moore,Dana.Moore316@yahoo.com,459.651.7635,East Denisetown,FR,08/04/2023,social_media
2494,Edward,Lopez,Edward.Lopez575@hotmail.com,001-567-710-6656x02492,Alexanderport,Germany,04-26-2023,direct
2495,Christopher,Turner,Christopher.Turner674@gmail.com,(771)475-3227x997,Mercermouth,Canada,24.11.2025,direct
2496,Alison,Acevedo,Alison.Acevedo390@hotmail.com,+1-389-316-8317x151,Franciscoview,DE,31/12/2025,referral
2497,Darren,Carter,Darren.Carter550@hotmail.com,254-867-3137x1741,Harperport,canada,2024-03-05T01:31:10,referral
2498,Rebecca,Stewart,Rebecca.Stewart438@gmail.com,+1-957-803-4011,South Anthonyville,FR,2025-10-11,referral
2499,Jamie,Mcdowell,Jamie.Mcdowell332@gmail.com,927-438-3181,East Tamifort,DE,30/08/2025,organic_search
2500,Brenda,Howard,Brenda.Howard652@yahoo.com,400-619-1542x607,North Robertview,CA,06/11/2024,referral
2501,Jamie,Farmer,Jamie.Farmer282@gmail.com,411-547-5466x2482,Lake Ronaldport,FR,2024-08-19T19:10:17,direct
2502,David,Jones,David.Jones455@gmail.com,,Knappview,CA,10-06-2025,social_media
2503,Richard,Walker,Richard.Walker628@hotmail.com,(915)692-3466x521,Scottborough,CA,28.09.2024,email
2504,Kathleen,Hall,Kathleen.Hall,001-549-650-6054x11371,Newtonbury,germany,28.02.2024,paid_search
2505,Cynthia,Sherman,Cynthia.Sherman406@gmail.com,589.207.8695x7601,Danielmouth,USA,11-14-2023,paid_search
2506,Cynthia,Rasmussen,Cynthia.Rasmussen288@hotmail.com,974-273-3435x9736,Lake Ronaldstad,canada,2025-09-09T13:53:33,referral
2507,Eric,Bean,Eric.Bean644@gmail.com,,Lake Lindseyfort, USA ,11-02-2025,organic_search
2508,Laura,Flores, Laura.Flores932@yahoo.com ,8939701185,Dawnstad,Canada,10.05.2024,email
2509,Gary,Smith,Gary.Smith498@hotmail.com,+1-850-895-7928x18472,,germany,16/05/2024,email
2510,William,Sanders,William.Sanders912@gmail.com,001-899-424-1611x9540,Hunttown, USA ,10/10/2023,organic_search
2511,William,Patel,William.Patel405@hotmail.com,001-406-483-1121x7959,East John,UK,11-10-2023,email
2512,Christopher,Murphy,Christopher.Murphy642@yahoo.com,625.303.8561x6271,West Kylie,germany,06-25-2023,direct
2513,Tyler,Erickson,Tyler.Erickson252@gmail.com,(635)473-7421,New Johnnyton,canada,2023-07-02T05:46:43,paid_search
2514,Scott,Allen,Scott.Allen223@yahoo.com,715-487-1994x250,Jeremytown,DE,2025-03-20T00:05:31,referral
2515,Michelle,Andrews,Michelle.Andrews852@yahoo.com,001-987-779-9364x273,Hernandezhaven,France,24.07.2023,organic_search
2516,Jennifer,Garcia,Jennifer.Garcia384@hotmail.com,329-521-3511,North Daniel,DE,20/09/2024,social_media
2517,Thomas,Lopez,Thomas.Lopez103@hotmail.com,4245694841,Port Jessica,canada,05-15-2024,direct
2518,Howard,Chase,Howard.Chase279@gmail.com,+1-573-385-7094,South Alexander,FR,09-12-2025,social_media
2519,Alison,Gomez,Alison.Gomez665@yahoo.com,237.592.1316x82260,Jonesville,U.K.,2025-08-22T23:55:46,organic_search
2520,Claudia,Jones,Claudia.Jones820@yahoo.com,+1-544-998-8380,Traceymouth,uk,2023-04-21T17:43:35,direct
2521,Pamela,Brock,Pamela.Brock886@hotmail.com,813-437-0494,Meganmouth,CA,2023-04-08,social_media
2522,Kyle,Gonzales,Kyle.Gonzales466@yahoo.com,5056355882,Lake Davidhaven,uk,2024-06-21T19:32:07,paid_search
2523,Anthony,Peters,Anthony.Peters966@gmail.com,001-938-450-2847,Zacharystad,CA,2024-07-07T23:35:55,social_media
2524,Jeffrey,Jones,Jeffrey.Jones547@yahoo.com,(841)553-3070x66670,North Cory,usa,01.05.2024,social_media
2525,Kristina,Jones,KRISTINA.JONES566@YAHOO.COM,001-311-595-5309x373,Ginabury,U.K.,09-22-2025,email
2526,Tony,Dean,Tony.Dean670@yahoo.com,4372930618,West Tracistad,United Kingdom,2024-06-21,paid_search
2527,Zachary,Williams,Zachary.Williams245@gmail.com,662-947-4246,East Michael,Germany,2024-09-07T00:39:51,organic_search
2528,Kristina,Morris,Kristina.Morris827@yahoo.com,,Maryshire,uk,2025-10-06T21:28:35,direct
2529,Donna,Johnson,Donna.Johnson128@hotmail.com,267.791.2072,Dunntown,CA,03-19-2024,social_media
2530,Melanie,Edwards,Melanie.Edwards126@hotmail.com,,Alexside,Germany,2024-12-13,direct
2531,Corey,Munoz,Corey.Munoz449@yahoo.com,+1-944-656-5781,Wendyton,USA,10.03.2023,email
2532,Tara,Green,Tara.Green967@hotmail.com,(815)956-7409x201,Carolynbury,France,17/01/2025,direct
2533,Austin,Pollard,Austin.Pollard435@gmail.com,941.240.5806,Port Jonathanview,france,05-06-2024,direct
2534,Stephanie,Howard,Stephanie.Howard418@hotmail.com,600-900-4004x645,Riceborough,france,24/06/2023,social_media
2535,Kenneth,Faulkner,KENNETH.FAULKNER627@YAHOO.COM,(825)460-4899x246,Scottton,United States,12-04-2023,referral
2536,Christopher,Lee,Christopher.Lee415@gmail.com,001-479-751-1812x165,New Emilystad,CA,2025-04-27,direct
2537,Ashlee,Guzman,Ashlee.Guzman201@yahoo.com,,North Matthew,United Kingdom,07-23-2025,direct
2538,Andrew,Parrish,Andrew.Parrish575@gmail.com,001-574-316-4776x31032,Moraleston,DE,07/01/2024,direct
2539,Francis,Parker,Francis.Parker969@yahoo.com,668-744-4696,West Felicia,germany,2025-12-07T14:12:42,referral
2540,Christopher,Beck,Christopher.Beck830@gmail.com,(981)413-7244,Goodmanmouth,USA,07/12/2023,email
2541,Tiffany,Davis,Tiffany.Davis600@yahoo.com,589-440-0946x5846,Annhaven,USA,09-18-2024,email
2542,Troy,Smith,Troy.Smith387@yahoo.com,001-537-667-6497x37805,West Daniel,U.K.,2024-08-09,referral
2543,Cory,Medina,Cory.Medina682@gmail.com,(328)397-4767x66609,West Frank, USA ,2024-01-20,direct
2544,Mary,Martinez,Mary.Martinez60@hotmail.com,,North Shane,UK,29.06.2025,social_media
2545,Michelle,Crawford,Michelle.Crawford798@gmail.com,256.675.9105x63967,Kristenfort, USA ,2023-12-06,social_media
2546,Tammy,Rangel,Tammy.Rangel204@gmail.com,,Austinmouth,France,13/12/2023,email
2547,Meghan,Mcdonald,Meghan.Mcdonald2@gmail.com,(650)215-5449,Stephenmouth,United States,2023-04-05,email
2548,David,Price,David.Price112@hotmail.com,974.848.4555,Clarkmouth,DE,2023-01-06T17:35:31,direct
2549,Hannah,Mata,Hannah.Mata859@gmail.com,001-450-995-3072x772,,germany,2025-12-08T18:47:32,referral
2550,Paul,Murphy,Paul.Murphy106@hotmail.com,+1-270-589-4266,Buckleyside,US,11-28-2023,direct
2551,Anthony,Fields,Anthony.Fields263@yahoo.com,(344)882-9435x00796,Jeffreyfort,uk,23.10.2024,direct
2552,Monica,Owens,Monica.Owens804@hotmail.com,524-871-6491x916,Andrewfort,usa,2025-09-23,paid_search
2553,Leah,Cooper,Leah.Cooper345@gmail.com,(901)469-1569x780,North Timothy,UK,2023-09-10,direct
2554,Brandon,Warren,Brandon.Warren193@gmail.com,449.802.3743,,United Kingdom,2024-07-21,social_media
2555,Audrey,Moran,Audrey.Moran613@yahoo.com,+1-341-480-1695x991,Robertview,Canada,2023-12-18,paid_search
2556,Benjamin,Jones,Benjamin.Jones434@gmail.com,+1-728-379-1465,Lake Dustinborough,Canada,2024-07-19,paid_search
2557,Margaret,Hart,Margaret.Hart204@hotmail.com,5596666942,New Emma,France,2023-06-19T00:09:18,social_media
2558,Jennifer,Howard,Jennifer.Howard907@hotmail.com,001-742-288-4637x7348,North Lisa,Germany,2024-03-21,organic_search
2559,Jessica,Sawyer,Jessica.Sawyer84@yahoo.com,(217)793-1625,Jameschester,canada,23.01.2024,social_media
2560,Scott,Obrien,Scott.Obrien580@yahoo.com,+1-648-337-2687x7938,Port Alisha,uk,2023-07-24T17:56:29,organic_search
2561,Ryan,Martin,Ryan.Martin28@yahoo.com,847.886.9104x0762,Ianport,germany,13/09/2024,social_media
2562,Craig,Stewart,Craig.Stewart338@gmail.com,280-920-4041,New Cesarview,Germany,18/10/2024,email
2563,John,Barker,John.Barker266@yahoo.com,8265578149,Louisland,germany,2025-06-11,email
2564,Brandi,Wood,Brandi.Wood318@gmail.com,+1-210-215-8456x73137,Lake Heatherview,UK,20/07/2025,organic_search
2565,Ashley,Davis,Ashley.Davis46@yahoo.com,(560)973-0217x373,North Mckenzietown,Germany,2025-07-13T12:08:10,social_media
2566,Connor,Ibarra,CONNOR.IBARRA799@YAHOO.COM,001-626-221-8922,South Chrishaven,United Kingdom,2025-06-17,referral
2567,Patrick,Nelson,PATRICK.NELSON397@HOTMAIL.COM,001-766-202-5143,Marialand,US,01-07-2025,email
2568,Caleb,Hawkins,Caleb.Hawkins108@gmail.com,7458015311,Port Tamarafort,Germany,07-09-2025,direct
2569,Richard,Deleon,Richard.Deleon350@hotmail.com,477-796-6054x856,Bellview,uk,06.03.2024,social_media
2570,Gary,Collins, Gary.Collins777@yahoo.com ,001-906-994-8617x54182,Port Darrellside,United Kingdom,2024-12-15,email
2571,Angela,Kramer,Angela.Kramer605@yahoo.com,9582019755,South Travis,germany,19.05.2023,paid_search
2572,Amy,Jefferson,Amy.Jefferson488@yahoo.com,6444414429,Snydertown,germany,2025-02-06,direct
2573,Alyssa,Brown,Alyssa.Brown579@yahoo.com,8156137862,Williamsberg,canada,2025-06-28,organic_search
2574,Jonathan,Jenkins,Jonathan.Jenkins367@hotmail.com,+1-381-642-0768x17006,South Michael,Germany,13/04/2025,social_media
2575,Thomas,Powers,Thomas.Powers238@gmail.com,+1-276-261-0541x715,Reynoldsland,Canada,04-15-2024,email
2576,Gwendolyn,Harrell,Gwendolyn.Harrell834@yahoo.com,001-918-800-7784x28455,New Colleenfort,usa,2024-06-13,email
2577,Timothy,Williams,Timothy.Williams671@yahoo.com,221.492.2834x9143,West Ericburgh,FR,17/09/2024,referral
2578,Julie,Dean,Julie.Dean494@hotmail.com,436.274.0891,Brittanyview,UK,12-23-2025,social_media
2579,Lindsey,Watts,Lindsey.Watts799@hotmail.com,001-569-888-0122x56208,Lake Alexisside,FR,12-01-2025,paid_search
2580,Amber,Hernandez,Amber.Hernandez987@yahoo.com,+1-701-362-0637x03559,Davidmouth,U.K.,20/04/2025,social_media
2581,Rachel,Mullins,Rachel.Mullins492@yahoo.com,001-762-596-5863x602,Palmerborough,United Kingdom,23/03/2025,organic_search
2582,Sara,Pacheco,Sara.Pacheco605@hotmail.com,,East Mark,canada,07-10-2023,referral
2583,Joshua,Williams,Joshua.Williams945@hotmail.com,5699409787,Port Maryborough,DE,10/12/2025,referral
2584,Cynthia,Roberts,Cynthia.Roberts847@gmail.com,001-200-206-6584x84393,Ryanbury,Germany,17.04.2025,organic_search
2585,Jacqueline,Edwards,Jacqueline.Edwards592@hotmail.com,001-760-289-7064x937,Justinton,germany,2025-11-03T00:14:28,organic_search
2586,Cynthia,Valentine,Cynthia.Valentine81@hotmail.com,+1-230-447-0278,Colemanstad,US,13/02/2023,direct
2587,Daniel,Lopez,Daniel.Lopez741@hotmail.com,001-205-601-9857x54738,South Kyle,USA,21.12.2025,paid_search
2588,Patrick,Dixon,Patrick.Dixon890@hotmail.com,707-725-5320x52851,North Jacobburgh,USA,02-06-2023,paid_search
2589,Johnny,Miller,Johnny.Miller697@yahoo.com,,Chambersstad,germany,2025-03-26T02:01:01,referral
2590,Alexander,Ward,Alexander.Ward753@gmail.com,,New Cynthialand,U.K.,05/11/2025,paid_search
2591,William,Howard,William.Howard408@gmail.com,512-500-7404x5156,South Richard,France,18.11.2024,paid_search
2592,Colleen,Mueller,Colleen.Mueller411@yahoo.com,+1-599-247-3879,Lake Mike,Canada,2025-07-31,social_media
2593,Melissa,Morrison,Melissa.Morrison580@yahoo.com,6563360712,South Jamie,USA,2023-09-22,referral
2594,Megan,Gilbert,Megan.Gilbert123@gmail.com,+1-558-819-3669x4364,Ericaborough,Canada,2023-11-02T20:34:29,organic_search
2595,Christopher,Torres,Christopher.Torres773@hotmail.com,894-556-8150x89514,New Sethside,UK,2025-01-31,organic_search
2596,Beth,Rich,Beth.Rich822@gmail.com,502.530.4233,,Germany,2025-08-13T12:10:10,social_media
2597,Dale,Hudson,Dale.Hudson937@gmail.com,001-825-809-2704x00438,Robertsonmouth,US,02-28-2025,referral
2598,Billy,Porter,Billy.Porter948@gmail.com,(202)775-7896x6368,South James, USA ,20/08/2025,direct
2599,Brian,Peters,Brian.Peters809@hotmail.com,(433)609-7019,Portermouth,germany,02-09-2024,social_media
2600,Michael,Mills,Michael.Mills532@yahoo.com,(410)398-6367,Stephensshire,FR,11/04/2025,referral
2601,Paul,Smith,Paul.Smith629@yahoo.com,781.227.9042x52846,Gardnerland,United States,02-08-2023,paid_search
2602,Erica,Carlson,Erica.Carlson596@gmail.com,+1-241-599-7970x3108,Angelicatown,uk,2023-01-20,email
2603,Christine,Sloan,Christine.Sloan234@yahoo.com,001-844-787-8904x8334,Hardinmouth,uk,10-11-2023,social_media
2604,Sabrina,Walters,Sabrina.Walters945@yahoo.com,,East Craigland,France,2024-07-03,organic_search
2605,Elizabeth,Gordon,Elizabeth.Gordon478@gmail.com,(266)540-5997x43087,Warrenmouth,UK,2025-03-22,social_media
2606,Janice,Randall,Janice.Randall432@yahoo.com,726-788-7041,Fernandezville,DE,15/09/2023,paid_search
2607,Jimmy,Gross,Jimmy.Gross460@gmail.com,001-614-621-7562x479,East Mary,U.K.,2024-10-23T22:26:40,direct
2608,Tyler,Stephens,Tyler.Stephens493@yahoo.com,605.297.6620,Meyerfurt,germany,10/02/2023,email
2609,Johnny,Smith,Johnny.Smith309@gmail.com,,Scottport,canada,21.10.2023,organic_search
2610,Richard,Hughes,Richard.Hughes721@gmail.com,+1-697-785-6525x542,Moralesburgh,France,30/09/2024,email
2611,Chelsea,Armstrong,Chelsea.Armstrong256@gmail.com,622.367.9406x015,New Frank,FR,04/08/2024,organic_search
2612,Jennifer,Reilly,Jennifer.Reilly505@hotmail.com,(788)633-9238x98622,Bankschester,germany,14.01.2025,paid_search
2613,Jacob,Gutierrez,Jacob.Gutierrez314@yahoo.com,,North Jeremyfurt,France,10/03/2024,direct
2614,Nathan,Adams,Nathan.Adams526@hotmail.com,8844371492,Hallstad,UK,12/11/2025,paid_search
2615,Adam,Ross,Adam.Ross239@gmail.com,001-212-366-4609x6149,North Carlachester,usa,04-16-2024,organic_search
2616,Philip,Davenport,Philip.Davenport301@hotmail.com,645-443-0017x84627,Lake Leroyberg,Canada,2025-07-28,paid_search
2617,Matthew,Leonard,Matthew.Leonard46@hotmail.com,273.907.3216x65691,Lake Amandafurt,CA,2023-07-16T01:01:54,direct
2618,Karen,Jones,Karen.Jones970@gmail.com,913.840.2500x6422,Johnshire,US,2024-06-30,social_media
2619,Debbie,Farmer,Debbie.Farmer917@yahoo.com,226-450-5347x74116,Jacquelinestad,Canada,11.06.2023,paid_search
2620,James,Roberson,James.Roberson877@hotmail.com,+1-475-259-8759,Jenniferstad,U.K.,24.11.2025,organic_search
2621,Nicole,Martin,Nicole.Martin998@hotmail.com,001-923-601-6430x3297,Dawnport,canada,09-27-2024,organic_search
2622,Jeremy,Rowe,Jeremy.Rowe896@gmail.com,001-645-978-6740,Andersonfurt,france,2023-09-06T14:17:03,paid_search
2623,Jennifer,Mcintyre,Jennifer.Mcintyre647@yahoo.com,,Port Miranda,canada,04/09/2023,organic_search
2624,Joanne,Hicks,Joanne.Hicks374@hotmail.com,001-641-690-6710x09978,New William,france,2023-01-02T16:40:57,organic_search
2625,Beth,Wright,Beth.Wright297@yahoo.com,+1-242-412-8265x8597,Zacharyland,United Kingdom,2025-05-10T21:41:12,email
2626,Aaron,Day,Aaron.Day195@yahoo.com,001-799-815-8434,Susanberg,US,2023-03-19,organic_search
2627,Victoria,Walker,Victoria.Walker751@gmail.com,740-670-8063x139,West Sarah,uk,10.12.2025,organic_search
2628,Amber,Logan,Amber.Logan213@yahoo.com,690-473-1282x11126,Lake Williammouth,france,12.05.2024,organic_search
2629,Jonathan,Tate,Jonathan.Tate485@hotmail.com,293.877.0705x07095,South Elizabeth,germany,2025-05-11,social_media
2630,Jacob,Sullivan,Jacob.Sullivan391@yahoo.com,001-632-965-7207x980,South Williambury, USA ,2023-12-27,organic_search
2631,Scott,Middleton,Scott.Middleton732@yahoo.com,652.739.9963x6918,Josephshire,Germany,17/08/2024,direct
2632,Amy,Walker,Amy.Walker216@hotmail.com,(779)328-2629x016,Carrieshire,CA,28/02/2023,organic_search
2633,Lee,Olson,Lee.Olson455@yahoo.com,587.315.5333x179,Lake Kent,germany,07-31-2023,social_media
2634,Troy,Mosley,Troy.Mosley422@gmail.com,+1-461-976-5021x000,,UK,09.06.2025,referral
2635,Allison,Parker,Allison.Parker382@hotmail.com,001-895-587-0051x25380,New Isabelmouth,DE,2024-09-15T12:54:01,organic_search
2636,Rachel,Eaton,Rachel.Eaton841@yahoo.com,+1-832-987-9274x622,Jamesland,U.K.,17.06.2025,paid_search
2637,Julie,Bailey,Julie.Bailey138@hotmail.com,638-672-0757x931,Destinyview,USA,2024-05-06T17:06:07,email
2638,Lisa,Lloyd,Lisa.Lloyd694@hotmail.com,001-296-445-9624x384,Griffinland,Canada,2023-11-26,social_media
2639,Megan,Hayes,Megan.Hayes690@gmail.com,+1-268-550-7051x82511,Lake Amandamouth,uk,02-06-2025,social_media
2640,David,Smith,David.Smith351@yahoo.com,001-814-845-6619,,USA,2024-03-03T20:40:52,email
2641,Jessica,Parks,Jessica.Parks533@gmail.com,450-843-4010,,Germany,31.07.2024,paid_search
2642,Destiny,Peterson,Destiny.Peterson31@yahoo.com,001-947-656-6573x297,Port Briantown,USA,2024-04-07T00:38:47,direct
2643,Ryan,Nguyen,Ryan.Nguyen449@gmail.com,001-323-830-9462x14706,Jeffreymouth,United Kingdom,04.03.2025,referral
2644,Jeffrey,Conley,Jeffrey.Conley200@gmail.com,234-828-9078x16293,West Mikaylafort,germany,2025-07-15T11:55:00,organic_search
2645,Daniel,Kirby,Daniel.Kirby131@yahoo.com,(316)390-3670x5904,Sandovalshire,United States,2025-08-16,paid_search
2646,Danielle,Becker,Danielle.Becker676@yahoo.com,+1-863-219-9467x099,Nelsonchester,United Kingdom,2023-12-06,social_media
2647,Maria,Roy,Maria.Roy413@gmail.com,+1-483-608-7884x779,South Michael,usa,18.09.2023,referral
2648,Richard,Schmidt,Richard.Schmidt498@yahoo.com,+1-262-974-8230,West Jonathanmouth,U.K.,2024-10-30T05:07:00,email
2649,Brittany,Kelly,Brittany.Kelly850@gmail.com,936.372.1156,Andrewburgh,FR,10-24-2023,direct
2650,Rebecca,White,Rebecca.White258@yahoo.com,,Parkerville,France,2024-04-25,social_media
2651,Danielle,Cole,Danielle.Cole232@yahoo.com,509-342-3159x63781,,United Kingdom,2023-11-09T13:50:41,direct
2652,Nicole,Gallegos,Nicole.Gallegos943@gmail.com,(218)613-6900x479,Grossport,France,2025-02-23,social_media
2653,Carmen,Brown,Carmen.Brown895@yahoo.com,,West Coreybury,Germany,2023-09-14T11:28:50,direct
2654,Christina,Velez,Christina.Velez910@yahoo.com,+1-291-219-2689,Bernardton,France,10/05/2023,social_media
2655,Danielle,Serrano,Danielle.Serrano96@hotmail.com,944-916-6611,Port Chelsea,US,2023-08-01,social_media
2656,Frank,Smith,Frank.Smith161@yahoo.com,2806585824,Washingtonshire,United States,11.07.2025,social_media
2657,Theresa,Morris,Theresa.Morris587@yahoo.com,(340)803-0315,South Michaelside,Germany,2024-08-29T18:19:32,referral
2658,Chelsea,Thompson,Chelsea.Thompson23@gmail.com,+1-449-747-6419x49583,New Ashleyland,Canada,06/10/2024,paid_search
2659,Alejandro,Valencia,Alejandro.Valencia678@yahoo.com,234.792.2777,Melissaburgh,DE,2024-03-31T07:49:13,social_media
2660,Roberto,Jackson,Roberto.Jackson4@hotmail.com,+1-355-743-4482x13801,Thomasview,uk,14/08/2024,direct
2661,Kimberly,Chambers,KIMBERLY.CHAMBERS73@YAHOO.COM,939-785-5323,New Katherinefort,DE,2024-12-19,direct
2662,John,Ford,John.Ford357@gmail.com,823-724-3421x39579,,France,24.02.2023,email
2663,Sherry,Martin,Sherry.Martin417@gmail.com,,Gonzalezbury,U.K.,02-13-2023,email
2664,Nathaniel,Smith,Nathaniel.Smith476@hotmail.com,455-880-4829x407,West Jessica,uk,11-28-2025,referral
2665,Adrienne,Goodman,ADRIENNE.GOODMAN479@HOTMAIL.COM,,Port Jessica,United Kingdom,2025-07-22,organic_search
2666,Shannon,Miranda,Shannon.Miranda973@gmail.com,+1-458-873-6080x5582,Port James,DE,2024-02-09,email
2667,Jasmine,Miller,Jasmine.Miller114@yahoo.com,350.611.5327x034,Woodsmouth,France,04-17-2023,referral
2668,Katherine,Rosales,Katherine.Rosales945@hotmail.com,763.571.3799x87080,New Savannah,United States,05-16-2025,paid_search
2669,Andrea,Davies,Andrea.Davies682@gmail.com,001-623-796-5753x764,East Conniefurt,Canada,02/12/2024,paid_search
2670,Eric,Jackson,Eric.Jackson492@gmail.com,+1-834-364-4299,New Brian,France,01-03-2023,referral
2671,Charles,Byrd,Charles.Byrd185@yahoo.com,3692939945,Barretthaven,france,2025-09-05T23:34:41,paid_search
2672,James,Le,James.Le222@hotmail.com,(416)929-8604,Jacquelineville,usa,03/11/2025,paid_search
2673,Karen,Sanchez,Karen.Sanchez867@hotmail.com,205.869.5625,Charlesborough,FR,2025-09-08T23:59:17,referral
2674,Luis,Payne,Luis.Payne95@hotmail.com,+1-990-388-8608x110,Caitlinburgh,germany,12.09.2023,email
2675,Robin,Harris,ROBIN.HARRIS441@YAHOO.COM,6366808588,Jasonfort,Germany,16.10.2024,paid_search
2676,Dennis,Rodriguez,Dennis.Rodriguez398@gmail.com,(367)276-3831,Jesseport,USA,2025-01-29T09:34:28,social_media
2677,Holly,Williams,Holly.Williams840@hotmail.com,,Hudsonfort,Germany,2024-11-02T13:07:47,organic_search
2678,Mark,Wise,Mark.Wise735@hotmail.com,001-942-418-1801x874,Lake Stephaniebury,canada,20.03.2025,paid_search
2679,Daniel,Moore,Daniel.Moore130@yahoo.com,,Christinemouth,U.K.,2025-03-08,organic_search
2680,Kyle,Smith,Kyle.Smith684@gmail.com,(231)621-7817,Lake John,USA,30.07.2025,social_media
2681,Donald,Chase,Donald.Chase,+1-881-518-5920,Port Josefurt,United Kingdom,14/10/2023,referral
2682,Maurice,Glenn,Maurice.Glenn853@gmail.com,(918)491-0953x1001,Calebfurt,uk,09/04/2025,paid_search
2683,Michelle,Jackson,Michelle.Jackson63@gmail.com,+1-301-637-0209,North Michelleview,Canada,12/08/2025,direct
2684,Paul,Hughes,Paul.Hughes993@hotmail.com,660.777.2720,Lake Jenniferside,DE,22/12/2025,paid_search
2685,Adrian,Fitzgerald,Adrian.Fitzgerald219@gmail.com,001-753-333-5016x262,West Meganshire,usa,26/02/2025,organic_search
2686,Joseph,Mays,Joseph.Mays424@yahoo.com,205.815.1332,Harrisshire,Canada,23.01.2024,referral
2687,Mary,Wilcox,Mary.Wilcox868@gmail.com,207-541-3596x6533,Perezhaven,usa,19/05/2023,direct
2688,Stephanie,Cox,Stephanie.Cox144@yahoo.com,239.619.5800,South Donaldfurt,CA,19/07/2025,email
2689,Tony,Williams,Tony.Williams473@hotmail.com,768-731-4650x0394,Paulport,France,17/01/2024,referral
2690,Dawn,Brown,Dawn.Brown265@hotmail.com,790-323-2016,South Julieville,DE,2025-05-29T19:44:17,referral
2691,Melissa,Cannon,Melissa.Cannon77@gmail.com,351.892.6775x046,,USA,11-30-2025,referral
2692,Deborah,Stanley,Deborah.Stanley88@hotmail.com,+1-484-239-6568x8720,Meganside,DE,2023-04-25T23:18:46,direct
2693,Tiffany,Miller,Tiffany.Miller544@gmail.com,665.634.7641,Lake Tamara,CA,11-08-2023,email
2694,Michelle,Harrison,Michelle.Harrison173@hotmail.com,001-774-753-1459,New Susanton,CA,19/03/2024,social_media
2695,Dustin,Williamson, Dustin.Williamson75@gmail.com ,(595)847-3564x27294,North Stephanietown,FR,29/09/2025,direct
2696,Ariana,Shepard,Ariana.Shepard201@yahoo.com,608-314-6470x23607,Brownchester,germany,19/05/2023,social_media
2697,Alexander,Thompson,Alexander.Thompson699@gmail.com,753-613-4176x22809,South Mitchellton,DE,22/07/2025,direct
2698,Cole,Wright,Cole.Wright152@yahoo.com,+1-505-584-8281x739,Montgomeryville,FR,25.11.2023,social_media
2699,Anthony,Stark, Anthony.Stark213@hotmail.com ,(696)856-1206,Jenniferfort,Canada,06.11.2025,paid_search
2700,Nicholas,Ford,Nicholas.Ford524@yahoo.com,(425)708-4501x4399,Andradeshire,UK,24.08.2025,paid_search
2701,Beth,Jackson,Beth.Jackson652@yahoo.com,402-785-5143,Donaldbury,United States,15/12/2024,organic_search
2702,Jacob,Schaefer,Jacob.Schaefer7@hotmail.com,+1-265-791-8198,New Melissa,Germany,2024-06-02T02:31:30,direct
2703,Lisa,Wise,Lisa.Wise628@gmail.com,230-367-3083x03884,Walshmouth,CA,11-01-2024,organic_search
2704,Latoya,Vargas,Latoya.Vargas980@hotmail.com,001-719-910-5071x970,Teresaport,USA,08/06/2024,email
2705,Michael,Mann,Michael.Mann,(791)743-8767x38431,Simpsonmouth,Canada,21/10/2024,direct
2706,Carol,Murray,Carol.Murray3@gmail.com,001-662-563-2732,Avilaborough,France,2024-07-16T07:11:25,social_media
2707,Erica,Walters,Erica.Walters118@gmail.com,001-505-666-5141,,canada,2023-08-18T15:07:46,paid_search
2708,James,Orozco,James.Orozco861@yahoo.com,332.998.7681x60519,East Erinburgh,usa,17/09/2024,paid_search
2709,Michelle,Patterson,Michelle.Patterson383@gmail.com,543.673.8013x184,East Maxwellfort,US,2024-06-24T21:07:39,organic_search
2710,Jennifer,Ballard,Jennifer.Ballard295@hotmail.com,,South David, USA ,2023-07-14T17:49:59,social_media
2711,Daniel,Lutz,Daniel.Lutz969@yahoo.com,(620)773-4787x3541,Laurachester,canada,2023-09-01,social_media
2712,Monica,Hayes,Monica.Hayes988@gmail.com,816-588-5926,Walshtown, USA ,02-04-2024,paid_search
2713,Alexander,Oneill,Alexander.Oneill164@hotmail.com,+1-343-883-0148x578,Racheltown,U.K.,09.04.2023,referral
2714,April,Faulkner,April.Faulkner664@hotmail.com,418-890-2446x288,South Jamiefurt,CA,2024-09-18T18:05:35,paid_search
2715,Austin,Ayers,Austin.Ayers611@hotmail.com,936.431.4931x813,New Joanna,UK,26.10.2024,direct
2716,Abigail,Forbes,Abigail.Forbes475@yahoo.com,603-408-3491x16476,Gonzalezchester,Germany,30.06.2025,referral
2717,Angela,Davis,Angela.Davis21@gmail.com,001-472-727-8181x5539,North Sarah,United States,2023-01-15T21:35:26,organic_search
2718,Christopher,Sanders,Christopher.Sanders70@gmail.com,(903)638-4178x76028,South Ernestview,FR,03-26-2024,direct
2719,Alyssa,Jones,Alyssa.Jones611@yahoo.com,001-503-991-6781x288,New Deborah,U.K.,2024-10-19T16:11:56,referral
2720,Mark,Walters,Mark.Walters110@gmail.com,001-708-522-7814x69539,Lawrenceberg,France,2024-09-17T12:03:51,email
2721,John,Levy,John.Levy896@gmail.com,,South Garyport,CA,31.12.2024,email
2722,Lisa,Perry,Lisa.Perry900@hotmail.com,,West Ryanburgh,USA,15.02.2025,email
2723,Jerry,Williams,Jerry.Williams938@hotmail.com,(478)201-9467x0141,Kennethville,USA,05.11.2025,referral
2724,Victoria,Eaton,Victoria.Eaton739@gmail.com,7838624874,East Lisa,france,28.08.2023,referral
2725,Amy,Hester,Amy.Hester906@yahoo.com,001-717-332-7760x639,South Angela,germany,17/03/2025,paid_search
2726,Michelle,Williams,Michelle.Williams498@yahoo.com,001-774-816-9843x66337,Port Williamstad,france,18.01.2025,referral
2727,Jeffrey,Olson,Jeffrey.Olson525@yahoo.com,001-378-559-2945x836,Carterside,FR,15/08/2025,organic_search
2728,Nancy,Mckee,NANCY.MCKEE661@GMAIL.COM,001-296-404-2445x02567,South Lisaburgh,France,08-31-2024,email
2729,Christine,Clarke,Christine.Clarke284@hotmail.com,+1-581-461-0376,Aaronhaven,U.K.,2025-05-22T04:55:52,direct
2730,Victoria,Barber,Victoria.Barber670@gmail.com,737-341-2698x0865,New Robertville,U.K.,03-11-2025,paid_search
2731,Christina,Watkins,Christina.Watkins944@gmail.com,783.693.1329x4027,West Rachel,UK,21.04.2023,direct
2732,Cameron,Shepard,Cameron.Shepard373@yahoo.com,255.957.4863x281,Port Matthewton,FR,06.11.2024,organic_search
2733,Monica,Rogers,Monica.Rogers539@yahoo.com,838.341.0960x0661,Jamesland,DE,2024-03-07T02:04:03,direct
2734,Scott,Sullivan,Scott.Sullivan477@hotmail.com,(344)656-9791,East Katherine,usa,2023-02-22,email
2735,Paula,Montoya,Paula.Montoya224@hotmail.com,457.855.4606x834,West Jameshaven,france,01/08/2024,paid_search
2736,Amy,Hess,Amy.Hess602@yahoo.com,+1-296-696-6081x875,,germany,2024-01-19,paid_search
2737,Daniel,Fowler,Daniel.Fowler201@gmail.com,(234)487-4512x61937,Lake Julia,DE,2024-08-06T22:41:06,paid_search
2738,Catherine,Suarez,Catherine.Suarez193@hotmail.com,+1-244-231-2134x5579,Lopezfurt,United Kingdom,06.11.2024,paid_search
2739,Paul,Christian,Paul.Christian377@hotmail.com,723.306.3657x8371,West Coryfurt,U.K.,2023-03-25,email
2740,Todd,Webb,Todd.Webb200@yahoo.com,395.893.2249x6737,Edwardsmouth,United Kingdom,2025-08-20,paid_search
2741,Brandi,Wilson,Brandi.Wilson578@gmail.com,6946540289,New Sara, USA ,01-30-2023,organic_search
2742,Allison,Bennett,Allison.Bennett415@hotmail.com,869.841.3667x488,New Katiehaven,germany,2024-04-30,social_media
2743,Rodney,Cunningham,Rodney.Cunningham291@gmail.com,,Davidbury,DE,01-27-2025,referral
2744,Marcus,Johnson,Marcus.Johnson130@hotmail.com,,Chelseaport,United Kingdom,30/09/2024,direct
2745,Kristy,Green,Kristy.Green420@yahoo.com,,South Brian,CA,2025-04-21,referral
2746,Devin,Evans,Devin.Evans760@yahoo.com,001-927-686-1095x4728,South Louisland,canada,19.10.2023,organic_search
2747,Monica,Sanchez,Monica.Sanchez189@gmail.com,360-237-8280x356,,canada,02.08.2023,organic_search
2748,Anita,Lucas,Anita.Lucas962@hotmail.com,477.707.5013x9939,Schmittmouth,germany,2023-12-20,paid_search
2749,Mary,Conrad,Mary.Conrad259@yahoo.com,001-846-931-7718x626,Jonesbury,France,23/08/2023,direct
2750,Laura,Cannon,Laura.Cannon665@yahoo.com,681.830.3262,Anthonyview, USA ,29/05/2023,referral
2751,Richard,Diaz, Richard.Diaz625@yahoo.com ,,Chavezmouth,germany,2023-12-21,organic_search
2752,Jeffrey,Phillips,Jeffrey.Phillips906@gmail.com,295-341-2176x208,Port Amanda,France,04-21-2023,referral
2753,John,Scott,John.Scott503@hotmail.com,(880)709-2053,West Cynthiafurt,FR,2023-10-25T02:15:44,paid_search
2754,Alicia,Montgomery,Alicia.Montgomery710@hotmail.com,,North Saraburgh,Canada,09.12.2023,referral
2755,Nancy,Lopez,Nancy.Lopez265@yahoo.com,(640)441-5758,Hendersonchester,US,2024-07-08T17:52:45,organic_search
2756,Theresa,Davis, Theresa.Davis839@gmail.com ,379.633.3356x9420,Lauramouth,FR,11-15-2023,social_media
2757,Phillip,Gray,Phillip.Gray473@yahoo.com,001-629-350-6410x318,Barronburgh,CA,2024-06-18T00:30:47,organic_search
2758,Danielle,Richardson,Danielle.Richardson427@gmail.com,,West Cynthia,FR,19.10.2023,referral
2759,Ronnie,Haynes,Ronnie.Haynes977@yahoo.com,661-220-3846x7264,Port Carolynhaven,FR,07/10/2023,email
2760,Christina,Thornton,Christina.Thornton264@hotmail.com,+1-814-235-3542x562,Steelehaven,usa,2025-11-22,social_media
2761,Christopher,Blake,Christopher.Blake735@hotmail.com,,Tanyamouth,germany,04-02-2025,email
2762,Laura,Bradford,Laura.Bradford652@gmail.com,001-640-274-9185x0582,Emilymouth,FR,21.06.2024,direct
2763,Kayla,Butler,Kayla.Butler383@yahoo.com,720-969-0611,Lake Scott,UK,25.06.2023,direct
2764,Mark,Gibbs,Mark.Gibbs535@gmail.com,,West Amandafurt,United Kingdom,2025-03-30,social_media
2765,Kyle,Church,Kyle.Church492@hotmail.com,342-780-5400x923,South Annbury,Canada,06/08/2024,email
2766,Alexis,Christian,Alexis.Christian382@hotmail.com,490.803.4329,North Patricia,france,2025-04-24,social_media
2767,Erin,Mack,Erin.Mack,001-556-528-4975x657,New Beverly,USA,06.08.2023,direct
2768,Keith,Jones,Keith.Jones744@hotmail.com,+1-751-988-8578x78280,Lake Misty,United Kingdom,01/12/2023,direct
2769,William,Munoz,William.Munoz34@hotmail.com,601.889.8659,Port Shannonport,France,2025-08-27T09:47:42,direct
2770,Matthew,Barnes,Matthew.Barnes889@hotmail.com,767-203-2718x87587,Lake Davidfort,UK,06-05-2024,paid_search
2771,Matthew,Jarvis,Matthew.Jarvis695@gmail.com,2468907439,Samanthaview,germany,06-20-2023,organic_search
2772,Timothy,Simpson,Timothy.Simpson452@hotmail.com,(302)944-4073,New Denisetown,UK,2024-01-20T08:40:41,referral
2773,David,White,David.White809@gmail.com,001-867-629-1694x26166,Jonestown,CA,05.07.2025,organic_search
2774,Tracy,Berry,Tracy.Berry858@yahoo.com,(375)565-2083,Lake Adamfurt,Germany,06.04.2023,social_media
2775,Christopher,Glenn,Christopher.Glenn401@gmail.com,(315)829-0074,Dawsonview,france,09.03.2024,email
2776,Jason,Johnson,Jason.Johnson753@yahoo.com,5424831672,Patrickview,CA,13/06/2025,social_media
2777,Valerie,Wells,Valerie.Wells325@gmail.com,,Williamsfurt,UK,04-27-2023,direct
2778,Bryan,Gibson,Bryan.Gibson257@hotmail.com,377.388.9214,North Stephentown, USA ,20/10/2024,paid_search
2779,William,Scott,William.Scott366@hotmail.com,+1-901-817-0564,Amberstad,United States,07-18-2025,direct
2780,Shawn,Diaz,Shawn.Diaz899@hotmail.com,3332675947,Lake Makayla,France,2024-12-09T22:26:06,direct
2781,Timothy,Campbell,Timothy.Campbell343@hotmail.com,(252)630-8045x3343,North Kristin,Canada,2025-09-18,direct
2782,Melinda,Smith,Melinda.Smith992@gmail.com,(575)454-7539x6416,Christopherfort,France,07-27-2024,email
2783,Melissa,Thomas,Melissa.Thomas179@hotmail.com,803.558.2172,Port Anthony,US,31/05/2024,organic_search
2784,Katie,Brown,Katie.Brown81@hotmail.com,680-688-6112x580,North Raymond,uk,23/10/2023,email
2785,Lucas,Poole,Lucas.Poole635@yahoo.com,321.912.7168x1098,Mcculloughbury,DE,08-02-2025,social_media
2786,Roberta,Anderson,Roberta.Anderson526@yahoo.com,,South Timothy,U.K.,25/08/2023,direct
2787,Maria,Hayes,Maria.Hayes,8706686864,West Thomasbury,france,01-08-2024,direct
2788,Michael,Lawson,Michael.Lawson214@yahoo.com,,Dunnmouth, USA ,07-24-2024,social_media
2789,James,Owens,James.Owens249@gmail.com,,Geraldmouth,germany,07.01.2025,email
2790,Sean,James,Sean.James136@hotmail.com,001-277-539-5166,Lake Debra,canada,2023-02-27T23:55:44,social_media
2791,Diane,Singh,Diane.Singh531@gmail.com,340-895-0715,East Jeffrey,FR,09-25-2023,paid_search
2792,Debra,Freeman,Debra.Freeman219@yahoo.com,(559)561-1595,Christopherberg,Canada,04.10.2025,email
2793,Sandra,Travis,Sandra.Travis306@hotmail.com,+1-206-728-8156x60309,Lake Alejandraview,CA,2023-08-04,paid_search
2794,Sarah,Hill,Sarah.Hill15@hotmail.com,963.556.8087,Tonyport,france,2023-04-08T14:23:05,organic_search
2795,Rachel,Green,Rachel.Green356@hotmail.com,(676)421-8743x09647,East Peter,U.K.,2024-10-29,referral
2796,Joel,Turner,Joel.Turner644@yahoo.com,2926951628,Josephberg,United States,2025-12-07T19:40:17,email
2797,Nicholas,Kim,Nicholas.Kim934@gmail.com,812.858.1287,West Adrian,France,13/12/2025,referral
2798,Lauren,Dean,Lauren.Dean710@hotmail.com,,Josemouth,France,11/05/2024,direct
2799,Ronald,Espinoza,Ronald.Espinoza554@gmail.com,369-968-5169x2175,East Nathanberg,canada,2024-03-05,paid_search
2800,Cristina,Phillips,Cristina.Phillips536@yahoo.com,+1-870-850-0574x5807,Amandahaven,DE,2025-03-08T04:57:29,referral
2801,Kenneth,Perez,Kenneth.Perez483@hotmail.com,,North Harold,UK,2023-01-13T18:24:58,email
2802,Ryan,Simpson,Ryan.Simpson852@gmail.com,,West Catherine,France,04-11-2024,direct
2803,Amber,Walsh,Amber.Walsh492@gmail.com,652-348-8160x353,Colemanstad,U.K.,2025-07-16,organic_search
2804,Larry,Rodriguez,Larry.Rodriguez219@yahoo.com,319-410-1473,Port Lawrence,U.K.,04/08/2025,paid_search
2805,John,Castro,John.Castro836@hotmail.com,3127771277,Hollandmouth,FR,05/06/2024,social_media
2806,James,Bass,James.Bass298@gmail.com,001-217-544-7940,Port Leahside,U.K.,2025-07-10,social_media
2807,Brooke,Moore,Brooke.Moore426@hotmail.com,,Port Richardville,USA,05-12-2025,email
2808,Cassidy,Gallagher,Cassidy.Gallagher541@yahoo.com,+1-740-429-3764,,Germany,07-24-2024,direct
2809,Lori,Bowman,Lori.Bowman765@hotmail.com,228.202.3865x626,West Bethanytown,DE,30.11.2023,referral
2810,Elizabeth,Wilson,Elizabeth.Wilson548@hotmail.com,001-888-900-3005x37828,Port Jenny,U.K.,28.11.2023,social_media
2811,Melanie,Moore,Melanie.Moore982@gmail.com,,South Chadside,U.K.,2024-10-23,organic_search
2812,Bryan,Gallagher,Bryan.Gallagher49@hotmail.com,,East Jamie,canada,2025-10-30,email
2813,Jasmine,Mcdonald,Jasmine.Mcdonald230@hotmail.com,(421)954-1519x8070,New Elizabeth,canada,05.06.2023,direct
2814,Marie,Neal,Marie.Neal375@yahoo.com,(486)835-8349,New Brandi,USA,27/07/2025,direct
2815,Paula,Wilkins,Paula.Wilkins170@yahoo.com,+1-749-755-9109x2335,Bruceberg,DE,06-02-2025,email
2816,Patricia,Banks,Patricia.Banks920@yahoo.com,(738)591-6190x5587,Lake Daisyshire,france,01-23-2025,social_media
2817,Robert,Nelson,Robert.Nelson645@hotmail.com,+1-909-341-6795x202,Markview,canada,2025-01-16,referral
2818,Sandra,Miller,Sandra.Miller354@gmail.com,+1-691-972-8458,Brendaton,canada,2023-10-21T02:14:47,direct
2819,Meagan,Johnston,Meagan.Johnston513@gmail.com,(728)986-5807x20080,North Ashleyfort,france,01-14-2024,social_media
2820,Justin,Clark,Justin.Clark728@hotmail.com,,Seanberg,DE,2023-10-05T17:14:33,referral
2821,Diane,Jensen,DIANE.JENSEN208@YAHOO.COM,(756)380-8469x001,Port Jason,uk,12/01/2025,direct
2822,Mercedes,Nelson,Mercedes.Nelson756@gmail.com,494-670-0251x9067,Kimberlyton,United States,15/02/2024,social_media
2823,Christy,Ward,Christy.Ward257@yahoo.com,001-572-748-7747x630,, USA ,2023-12-04T12:52:24,referral
2824,Scott,Caldwell,SCOTT.CALDWELL725@HOTMAIL.COM,6913006347,Port Josephberg,United Kingdom,04-29-2024,social_media
2825,Brandon,Moore,Brandon.Moore89@gmail.com,4599757336,Coopermouth,Germany,09-11-2024,referral
2826,Michael,Howard,Michael.Howard71@gmail.com,486-885-6850x66487,Nancyhaven,uk,03.08.2025,email
2827,Thomas,Walker,Thomas.Walker506@gmail.com,,,United States,2023-12-05,direct
2828,Brian,Cooper,Brian.Cooper86@yahoo.com,(645)633-4798x5294,Smithville,canada,30.11.2023,referral
2829,Hannah,Collins,Hannah.Collins559@gmail.com,863-337-0695x11819,New Deanna, USA ,08/01/2025,organic_search
2830,Melissa,Cox,Melissa.Cox693@hotmail.com,,Markview,France,19.10.2024,direct
2831,Frank,Andrews,Frank.Andrews453@gmail.com,+1-333-824-1997x71180,Terrymouth,Canada,2023-04-21,email
2832,Kelly,Meyers,Kelly.Meyers879@yahoo.com,,Port Josephtown,USA,11-02-2025,organic_search
2833,Michelle,Meyer,Michelle.Meyer115@hotmail.com,(671)543-6947,Kimberlyfurt,United Kingdom,11.07.2024,social_media
2834,Heidi,Black,Heidi.Black982@hotmail.com,886.616.1877,Alexandraton,Germany,10-12-2025,direct
2835,Amber,Lopez,Amber.Lopez725@hotmail.com,(752)717-9005x31260,Evansberg,CA,2024-03-03T04:17:03,organic_search
2836,Rebecca,Cooley,Rebecca.Cooley510@hotmail.com,001-845-395-8769x55912,North Tyler,canada,2023-04-23T11:29:07,organic_search
2837,John,Camacho,John.Camacho627@gmail.com,735.294.1234x59232,West Michael,canada,28.01.2023,referral
2838,Mary,Jones,Mary.Jones936@gmail.com,001-462-974-3514x92863,East Jamiemouth,uk,08/10/2023,direct
2839,Jonathan,Orr,Jonathan.Orr30@gmail.com,(681)606-0763,East Joshua,Germany,10-11-2025,direct
2840,Robert,White,Robert.White431@hotmail.com,(433)756-4162x9870,North Michael, USA ,11.04.2025,email
2841,Jennifer,Davis,Jennifer.Davis903@hotmail.com,+1-735-417-2368x5044,Williamsberg,U.K.,05-13-2024,referral
2842,Lynn,Frey,Lynn.Frey505@yahoo.com,572-224-0553x0611,West Michaelhaven, USA ,17.10.2023,social_media
2843,Roberta,Taylor,Roberta.Taylor324@yahoo.com,,East Joseph,U.K.,11/05/2025,social_media
2844,William,Johnson,William.Johnson797@yahoo.com,(483)635-5563x85981,New Anne,France,2025-09-28T07:06:58,referral
2845,Samuel,Moreno, Samuel.Moreno976@yahoo.com ,001-280-905-5733,South Crystal,Canada,01-15-2025,email
2846,Aaron,Nunez,Aaron.Nunez530@gmail.com,,Johnathanstad,DE,2023-06-30,email
2847,Anthony,Gibson,Anthony.Gibson469@yahoo.com,2568655899,,Canada,16.06.2024,social_media
2848,Marcus,Mahoney,Marcus.Mahoney106@hotmail.com,,Grimesberg, USA ,19/08/2023,direct
2849,Frank,Jackson,Frank.Jackson75@gmail.com,3432006319,,Germany,2024-02-11,organic_search
2850,Margaret,Phelps,Margaret.Phelps171@yahoo.com,436-235-9114,New Raymond,france,07-06-2024,social_media
2851,Dennis,Thomas,Dennis.Thomas408@gmail.com,+1-461-440-2454,Joannaberg,canada,2024-04-19T18:11:53,organic_search
2852,George,Allen,George.Allen204@gmail.com,420.400.1327,Eileenmouth,United Kingdom,11-23-2024,direct
2853,Bryan,Willis,BRYAN.WILLIS30@YAHOO.COM,,Lake Sarahmouth,DE,2023-10-09T05:32:27,paid_search
2854,Jerry,Martin,Jerry.Martin386@yahoo.com,(217)962-9484x6764,Carpenterstad,canada,2025-06-30T07:33:38,referral
2855,Jason,Jones,Jason.Jones377@yahoo.com,5835070906,Brownfort,canada,12.07.2025,paid_search
2856,Stacy,Browning,Stacy.Browning800@hotmail.com,967-926-1736x29245,Gonzalezburgh,United Kingdom,21/08/2023,email
2857,Hayley,Lee,Hayley.Lee247@hotmail.com,(414)562-9222,New Jennifer,United Kingdom,2025-08-28,organic_search
2858,Christopher,Porter,Christopher.Porter830@yahoo.com,(223)659-0627,Lake Graceview,Germany,12/09/2023,referral
2859,Kevin,Jackson,Kevin.Jackson292@yahoo.com,(529)524-5670,Austinchester,U.K.,2025-09-01T12:52:43,paid_search
2860,Regina,Benson,Regina.Benson173@hotmail.com,001-933-774-1535x833,Lake Rebeccatown,DE,2023-05-17T23:36:21,paid_search
2861,Matthew,Farmer,Matthew.Farmer473@hotmail.com,+1-445-587-5950x8257,Lake Helen,U.K.,2024-10-03T04:16:46,direct
2862,James,Smith,James.Smith234@gmail.com,+1-861-986-9484,Stevenstad,canada,2023-07-06,organic_search
2863,Gary,Harvey,Gary.Harvey477@yahoo.com,+1-435-465-0869,Richardtown,Germany,2024-11-22T16:19:42,organic_search
2864,Julie,Cook,Julie.Cook877@gmail.com,+1-854-911-0556x24126,Kemphaven,Canada,04/07/2023,direct
2865,Anthony,Holland,Anthony.Holland731@hotmail.com,405-696-4703x364,Kathleenberg,CA,12/03/2024,direct
2866,Andrew,Flores,Andrew.Flores731@hotmail.com,001-432-661-4340x3715,Port David,FR,02/03/2024,email
2867,Charlotte,Rogers,Charlotte.Rogers281@yahoo.com,+1-730-495-3122,Hillmouth,uk,24.09.2023,email
2868,Juan,Dunn,Juan.Dunn810@gmail.com,,Gonzalesfurt, USA ,2023-09-05T04:13:23,organic_search
2869,Kelly,Martin,Kelly.Martin956@yahoo.com,,North Steven,US,2025-10-30,referral
2870,Donna,Johnson,Donna.Johnson820@hotmail.com,201-701-2448,Obrienport,DE,11-23-2025,direct
2871,Sherri,Garcia,Sherri.Garcia509@hotmail.com,574.390.0449x10072,Samanthaburgh,Canada,2025-10-11,organic_search
2872,Yvette,Campbell,Yvette.Campbell574@hotmail.com,206.940.4121,Lake Melanieborough,germany,18.11.2023,organic_search
2873,Charles,Owen,Charles.Owen774@yahoo.com,,East Christopherhaven,France,2025-04-11,paid_search
2874,William,Dunn,William.Dunn370@gmail.com,(360)767-5141x4835,Smithstad,FR,2025-01-09,email
2875,David,Ball,David.Ball777@yahoo.com,302.815.3861x1511,,uk,2023-01-29T06:52:41,organic_search
2876,Grant,Hardy,Grant.Hardy458@gmail.com,,Jaredstad,France,03.05.2025,paid_search
2877,Christina,Baker,Christina.Baker511@gmail.com,(916)550-4725x5310,Mosleyburgh,Canada,11-20-2025,referral
2878,Dustin,Gonzales,Dustin.Gonzales689@yahoo.com,001-808-445-2408x8609,Katiebury,UK,2023-12-27T22:24:59,social_media
2879,Lisa,Russell,Lisa.Russell818@gmail.com,+1-309-499-3191x40099,Davidville,usa,2025-05-24T17:08:40,social_media
2880,Victoria,Matthews,Victoria.Matthews792@hotmail.com,001-728-687-4159x492,West Jasmine,United Kingdom,09-03-2025,organic_search
2881,Lori,Hernandez,Lori.Hernandez315@yahoo.com,327-238-6966x481,Chadburgh,United States,24/03/2025,organic_search
2882,Ariana,Blair,Ariana.Blair866@hotmail.com,824.930.6777x983,Romerotown,Canada,30/01/2025,paid_search
2883,Trevor,Dixon,Trevor.Dixon933@gmail.com,408-293-5133x157,Lake John, USA ,22/03/2023,social_media
2884,Ryan,Miller,Ryan.Miller528@hotmail.com,(820)817-2951x2660,North Melissatown,usa,09-08-2023,direct
2885,Angela,Smith,Angela.Smith494@gmail.com,,Lake Ashleyfort,France,2024-03-05T14:32:35,referral
2886,Peter,Webb,Peter.Webb140@yahoo.com,2868333995,Parkfort,Canada,27/12/2024,referral
2887,Ronnie,Conner,Ronnie.Conner144@yahoo.com,(808)400-5090x830,Brandonshire,CA,21/11/2024,organic_search
2888,Kathleen,Gallegos,Kathleen.Gallegos830@yahoo.com,(864)341-9941x243,Williamstown,United States,15.01.2023,social_media
2889,Holly,Carlson,Holly.Carlson213@hotmail.com,+1-507-861-9181x498,Boydtown,canada,27/01/2024,direct
2890,Joel,Monroe,Joel.Monroe909@gmail.com,274.691.1767x550,Port Tristan, USA ,06-18-2023,direct
2891,Darlene,Gonzalez,Darlene.Gonzalez641@gmail.com,,Loristad,germany,2025-01-31T04:08:19,email
2892,Deanna,Ortega,Deanna.Ortega395@gmail.com,(595)208-3860,South Tyler,france,12-31-2024,direct
2893,Angela,Ramos,Angela.Ramos377@yahoo.com,(475)935-1534x7439,New Danielton,Canada,2025-06-10,social_media
2894,Stephen,Williams,Stephen.Williams149@hotmail.com,4372810103,Port John,canada,12-05-2025,referral
2895,Rebecca,Hess,Rebecca.Hess744@yahoo.com,7993097578,Rossshire,CA,2024-03-28T21:57:46,referral
2896,Andrew,Beard,Andrew.Beard936@yahoo.com,449-904-3946x1622,Andersonville,FR,01/02/2025,paid_search
2897,Andrew,Adams,Andrew.Adams523@hotmail.com,7264028465,Lake Alyssamouth, USA ,15/06/2023,social_media
2898,Patrick,Hunter,Patrick.Hunter447@yahoo.com,299-433-9745x391,New Kelly,usa,2023-03-17T14:40:57,paid_search
2899,Scott,Miller,Scott.Miller428@hotmail.com,944-733-7360x9085,Port Joanna,uk,20.05.2024,referral
2900,Carrie,Ramos,Carrie.Ramos912@gmail.com,683-442-9002,Medinamouth,United Kingdom,19/02/2025,organic_search
2901,Eric,Harris,Eric.Harris580@yahoo.com,001-215-312-1676x0896,South Soniachester,U.K.,29.04.2025,referral
2902,Morgan,Wagner, Morgan.Wagner939@hotmail.com ,782.642.5658x293,Lake Donnaport,U.K.,08-08-2024,email
2903,Connie,Smith,Connie.Smith77@gmail.com,,Leeborough,UK,06/07/2023,direct
2904,Julie,Bennett,Julie.Bennett390@yahoo.com,+1-808-714-4986x029,East Grace,Germany,02/08/2025,paid_search
2905,Jenna,Walker,Jenna.Walker941@gmail.com,(930)870-7919x048,North Michaelhaven,CA,2025-03-12,referral
2906,Jennifer,Walsh,JENNIFER.WALSH618@GMAIL.COM,645.712.9829,Karenhaven,USA,24/06/2025,email
2907,Jason,Osborne,Jason.Osborne947@hotmail.com,514.774.2507x43820,Lake Jenniferton,U.K.,08-18-2025,referral
2908,Scott,Patterson,Scott.Patterson94@yahoo.com,550-805-3576x03673,West Henryview,U.K.,2024-02-10,email
2909,Thomas,Miller,Thomas.Miller654@yahoo.com,001-516-832-9566x14824,Amyland,U.K.,2024-07-10T15:14:09,referral
2910,Scott,Martin,Scott.Martin937@yahoo.com,+1-357-873-0614x60174,Anthonyton,U.K.,27/04/2023,referral
2911,Bryan,Chandler,Bryan.Chandler676@gmail.com,,Roberthaven,France,2024-09-12T16:21:38,organic_search
2912,Kristy,Stein,Kristy.Stein945@hotmail.com,296-427-8387x77654,West Sheila,france,27.12.2024,email
2913,Thomas,Martinez,Thomas.Martinez634@yahoo.com,737-840-2826,Henrybury,FR,03.04.2023,direct
2914,Robin,Bennett,Robin.Bennett400@yahoo.com,(527)954-5403x4989,Christinemouth,france,09-02-2024,social_media
2915,Joel,Douglas,Joel.Douglas610@hotmail.com,,East Gina,FR,07.03.2023,email
2916,Melissa,Green,Melissa.Green534@gmail.com,444-976-5839x01876,West Miahaven,USA,05-24-2025,referral
2917,Amber,Conway,Amber.Conway489@gmail.com,571.758.3443x02997,Josephburgh,United States,2023-06-17,paid_search
2918,Linda,Brown,Linda.Brown832@hotmail.com,001-948-804-6886x98908,Port Jonathan,Canada,03.10.2024,email
2919,Diane,Freeman,Diane.Freeman949@yahoo.com,,Trujilloville,france,09-11-2024,referral
2920,Daniel,Griffin,Daniel.Griffin221@yahoo.com,378.915.6162,South Sarah,France,03/01/2023,referral
2921,Megan,Young,MEGAN.YOUNG768@HOTMAIL.COM,001-373-814-0319x1666,West Julie,U.K.,2024-01-31,organic_search
2922,Donna,Williamson,Donna.Williamson189@hotmail.com,,Mendozafurt,USA,2025-02-06,email
2923,Gerald,Doyle,Gerald.Doyle303@hotmail.com,(824)879-2247,Williamsmouth, USA ,02-04-2025,social_media
2924,Curtis,Wilkinson,Curtis.Wilkinson98@gmail.com,+1-548-795-7925x7852,New Wesley, USA ,2025-12-26,referral
2925,Tina,Johnson,Tina.Johnson,441.637.3454,Collierville,germany,22.02.2024,direct
2926,Tamara,Reed,Tamara.Reed503@yahoo.com,,Port Henry,United Kingdom,26/03/2024,organic_search
2927,Carl,Wilson,Carl.Wilson591@hotmail.com,317-519-0706x77693,Port Melanieport,CA,2024-06-27,paid_search
2928,Larry,Spencer,Larry.Spencer75@gmail.com,(342)455-0353x3210,Stacyfurt,germany,08.07.2025,organic_search
2929,Shannon,Hammond,Shannon.Hammond109@hotmail.com,249-599-5977,Lake Lindatown,DE,26/09/2023,organic_search
2930,Michael,Patel,Michael.Patel851@hotmail.com,(758)632-0143,Paulborough,germany,2023-08-30T20:11:02,organic_search
2931,Kristen,Golden,Kristen.Golden84@hotmail.com,283.868.6364x44981,Port David, USA ,16.04.2024,paid_search
2932,Robert,West,Robert.West187@gmail.com,001-420-460-4294,North Christinaburgh,Canada,2023-10-05T02:10:07,paid_search
2933,Joseph,Baker,Joseph.Baker810@gmail.com,+1-950-469-7820x9938,North Devontown,Canada,04.08.2023,direct
2934,Jason,Hernandez,Jason.Hernandez111@hotmail.com,+1-683-999-0150x595,Millerside,germany,2024-12-05,organic_search
2935,Vanessa,Brown,Vanessa.Brown863@hotmail.com,(380)530-4005x4680,Port Mistyview,Canada,2023-07-31,social_media
2936,Jason,Allen,Jason.Allen860@gmail.com,(474)332-1115x495,Larsonville,uk,09.06.2024,paid_search
2937,Caitlyn,Kirby,Caitlyn.Kirby578@hotmail.com,,New Michellebury,uk,2024-11-11,email
2938,Nicolas,Jones,Nicolas.Jones968@hotmail.com,(359)820-5948x36090,North Katelynmouth,canada,2024-12-14,email
2939,Patricia,Holloway,Patricia.Holloway623@gmail.com,001-960-596-4394x5349,,UK,2025-01-05T16:32:26,email
2940,David,Smith,David.Smith869@hotmail.com,(601)253-5305x32562,Virginiafort,CA,06-25-2023,paid_search
2941,Bradley,Jenkins,Bradley.Jenkins401@hotmail.com,001-955-651-6932x405,North Rhondashire,USA,09-10-2023,direct
2942,Jamie,Gonzalez, Jamie.Gonzalez328@gmail.com ,+1-403-389-1667x7095,Ericafurt,germany,2025-07-02,organic_search
2943,Alyssa,Moran,Alyssa.Moran141@yahoo.com,001-739-742-9008x892,Palmerborough,DE,12-05-2025,email
2944,Chelsea,Fuentes,Chelsea.Fuentes940@hotmail.com,4372037731,Tammyside,france,26/01/2025,email
2945,Robert,Day,Robert.Day303@yahoo.com,753.307.4878x13409,Alexiston,germany,27/02/2024,social_media
2946,Julia,Spencer,Julia.Spencer184@gmail.com,001-461-570-0048x541,Williamville,CA,01-02-2023,direct
2947,Alan,Hardy,Alan.Hardy317@yahoo.com,,Gabrielmouth,france,26/04/2023,organic_search
2948,Nicole,Lyons,Nicole.Lyons339@yahoo.com,(955)261-4412,Port Brianborough,UK,04-27-2025,referral
2949,Donna,Martinez,Donna.Martinez296@gmail.com,001-541-476-1114,Karenton,France,24.06.2023,social_media
2950,Carol,Brady,Carol.Brady743@gmail.com,+1-361-421-6694x81001,East Tiffany,UK,2023-03-05T19:35:49,referral
2951,Andrew,Barnes,Andrew.Barnes712@hotmail.com,(355)667-3238x3684,West Juan,CA,13.09.2025,paid_search
2952,Patricia,Thompson,Patricia.Thompson775@hotmail.com,2747905389,Adrianview,United Kingdom,20.03.2024,referral
2953,Evan,Davidson, Evan.Davidson515@yahoo.com ,+1-236-925-7721,South Justin,France,2024-09-28T05:55:15,social_media
2954,Sandra,Ashley,Sandra.Ashley791@yahoo.com,001-715-379-8155,Brittanystad,germany,08-27-2025,social_media
2955,Gary,Coleman,Gary.Coleman219@gmail.com,+1-952-421-7328x4248,Lake Fernandoberg,CA,08/10/2025,social_media
2956,Christina,Schneider,Christina.Schneider766@yahoo.com,,South Leonard,U.K.,14/12/2025,referral
2957,Daniel,Wong,Daniel.Wong48@hotmail.com,820-445-7813x145,Jeremyborough,US,12/11/2025,organic_search
2958,Bruce,Taylor,Bruce.Taylor407@gmail.com,,North Alexis,uk,10-11-2025,direct
2959,Daniel,Jones,Daniel.Jones81@yahoo.com,442-414-3778x0559,Churchtown,FR,16.03.2024,social_media
2960,Sherri,Martinez,Sherri.Martinez106@gmail.com,001-849-876-9799x8725,Christianborough,France,03-12-2023,direct
2961,Michael,Dickerson,Michael.Dickerson810@hotmail.com,(249)296-7276x33968,Wilsonville,US,06-17-2023,social_media
2962,Christina,Campbell,Christina.Campbell808@yahoo.com,2526201127,East Stephanie,canada,2024-02-24,referral
2963,Mike,Hudson,Mike.Hudson100@gmail.com,823.381.4331,Mercerfort,FR,2024-07-20T21:08:24,paid_search
2964,Kyle,Parker,Kyle.Parker863@yahoo.com,,Williamsville,FR,09-11-2024,social_media
2965,Daniel,Ferrell,Daniel.Ferrell509@hotmail.com,001-451-511-5787,East Troymouth,france,21.05.2023,referral
2966,Deborah,Boyle,Deborah.Boyle525@hotmail.com,(602)864-2362x4588,South Chad,usa,20.01.2025,paid_search
2967,Juan,Holland,Juan.Holland262@yahoo.com,(608)205-7117x844,East Jessicaview,germany,2024-08-13,paid_search
2968,Kim,Guzman,Kim.Guzman165@gmail.com,843-979-3666x044,,Canada,06-18-2025,email
2969,Darryl,Ryan,Darryl.Ryan121@gmail.com,(618)727-7347x74967,South Paula,canada,2025-03-22T20:13:40,social_media
2970,Heather,Allen,Heather.Allen741@hotmail.com,+1-618-781-5675x4135,Dorothymouth,DE,2024-12-24,organic_search
2971,Dana,Johnson,Dana.Johnson986@yahoo.com,+1-907-570-4553x001,Port Sarahville,DE,06.01.2024,paid_search
2972,Edward,Jackson,Edward.Jackson849@yahoo.com,001-421-629-8567,West Michaelburgh, USA ,09-11-2025,email
2973,Mark,Massey,Mark.Massey268@yahoo.com,648.456.5264x2437,Port Eric,CA,07.01.2025,email
2974,Jack,Williams,Jack.Williams679@gmail.com,7644960726,,France,07-13-2024,paid_search
2975,Jennifer,Finley,Jennifer.Finley208@hotmail.com,548-976-0967,West Arthur,United States,21.07.2024,organic_search
2976,Ashley,Esparza,Ashley.Esparza674@gmail.com,,Peterborough, USA ,2024-01-07,email
2977,Kristina,Brown,Kristina.Brown571@hotmail.com,6656069615,Davidfurt,CA,04-06-2024,direct
2978,John,Meadows,John.Meadows86@gmail.com,800-220-8967,Brianchester,France,02-01-2025,paid_search
2979,Douglas,Dougherty,Douglas.Dougherty253@gmail.com,(217)751-9679x296,Gomezland, USA ,02-01-2024,referral
2980,Stacy,Shelton,Stacy.Shelton501@gmail.com,422-407-0431x077,New Steven,Germany,2025-01-09T20:21:09,organic_search
2981,Christine,Avery,Christine.Avery92@yahoo.com,993.567.4286x01767,North Daleborough,CA,18.02.2023,social_media
2982,Antonio,Bell,Antonio.Bell806@hotmail.com,001-923-983-5223,Bradleyport,CA,2025-09-30,social_media
2983,Laura,Pham,Laura.Pham97@yahoo.com,+1-332-444-8968x4604,Garciastad,USA,22/09/2024,direct
2984,Mark,Collins,Mark.Collins996@yahoo.com,001-633-899-7021,Lake Paulton,CA,2023-01-27,direct
2985,Larry,Caldwell,Larry.Caldwell100@gmail.com,2296654419,South Steven,FR,07.02.2023,referral
2986,Antonio,Williamson,Antonio.Williamson928@yahoo.com,805.603.5623x724,Tinafurt,US,19/02/2025,email
2987,Alec,Medina,Alec.Medina38@yahoo.com,419-490-6563,Washingtonland,Germany,01-07-2024,paid_search
2988,Kathleen,Jones,Kathleen.Jones373@yahoo.com,451.425.9272x91694,Port Catherine,Canada,2025-01-13T22:35:23,organic_search
2989,Sandra,Wright,Sandra.Wright937@yahoo.com,787-957-6176,East Elizabeth,U.K.,08-31-2023,social_media
2990,Michelle,Hickman,Michelle.Hickman854@hotmail.com,536.960.7983x34083,South Melissa,France,27.04.2025,email
2991,Daniel,Whitaker,Daniel.Whitaker417@hotmail.com,(266)986-6808,Robertbury,FR,09.05.2023,social_media
2992,Brent,Williams,Brent.Williams206@gmail.com,250.593.6047x0928,South Laurie,FR,23/08/2024,email
2993,Joseph,Fleming,Joseph.Fleming905@gmail.com,647.727.9392x2689,Ericchester,U.K.,18.05.2025,email
2994,Judith,Martinez,Judith.Martinez531@gmail.com,001-736-398-3240x7281,Morahaven,U.K.,2024-06-26,social_media
2995,Anthony,Lloyd,Anthony.Lloyd282@gmail.com,+1-488-604-0933x627,Markberg,UK,2023-09-23,social_media
2996,Jacob,Howard,Jacob.Howard508@yahoo.com,(367)732-7222,Johnmouth,CA,2025-12-09T22:15:03,social_media
2997,Brent,Davis,Brent.Davis639@hotmail.com,001-832-797-4511,South Adamfurt,canada,08.03.2023,organic_search
2998,Glenn,Haley,Glenn.Haley545@hotmail.com,813-639-6605x75296,Jonesland,UK,2023-09-05T09:01:03,referral
2999,William,Lewis,William.Lewis759@gmail.com,+1-207-823-9191x84655,South Betty,DE,2025-07-28,social_media
3000,Elizabeth,Romero,Elizabeth.Romero2@gmail.com,(976)855-9991x9669,Lake Ivanborough,US,2023-03-02,organic_search
3001,Nicholas,Lucero,Nicholas.Lucero370@hotmail.com,001-695-314-3704x342,Mooreborough,CA,2024-08-19T14:21:56,social_media
3002,David,Mcdonald,David.Mcdonald709@yahoo.com,001-542-322-1242x197,East Jonathanborough,DE,22/05/2024,email
3003,Dalton,Murphy,Dalton.Murphy635@gmail.com,+1-329-258-3850x83327,Leemouth,canada,2024-08-03,organic_search
3004,Christopher,Robinson,Christopher.Robinson644@hotmail.com,,Dennisport,United States,2024-11-02T04:11:11,social_media
3005,Wendy,Jones,Wendy.Jones607@yahoo.com,391-763-3547,Michelleborough,FR,2024-04-28T00:47:27,organic_search
3006,John,Fowler,John.Fowler221@hotmail.com,(454)217-6892,Leblancberg,U.K.,17/12/2025,social_media
3007,Ashley,Newman,Ashley.Newman685@hotmail.com,,Matthewside,US,01.03.2023,email
3008,Gwendolyn,Thompson,Gwendolyn.Thompson775@hotmail.com,757-618-6919x8162,North Samantha,uk,03.09.2023,paid_search
3009,Marco,Blair,Marco.Blair409@yahoo.com,633-886-1367,South Craigtown,canada,03.06.2024,direct
3010,Lucas,Allen,Lucas.Allen989@yahoo.com,+1-707-536-7127x47069,East Danielhaven,france,2024-05-23T18:08:23,referral
3011,Lisa,Larson,Lisa.Larson343@gmail.com,+1-469-572-9672x04186,New Katelynville,Germany,2023-04-02T22:51:49,direct
3012,Deanna,Oneal,DEANNA.ONEAL908@HOTMAIL.COM,,Edwardsside,United Kingdom,02-24-2024,email
3013,Paul,Scott,Paul.Scott,7197255317,West Peterville,france,20/12/2024,email
3014,Ryan,Phillips,Ryan.Phillips707@gmail.com,+1-740-639-7267,Scottshire,U.K.,18.11.2025,organic_search
3015,Cynthia,Perkins,Cynthia.Perkins888@gmail.com,725-709-5636x038,New Katelyn,Canada,2024-06-08,email
3016,Jacob,Wilson,Jacob.Wilson532@gmail.com,(799)767-8343,Port Catherinemouth,germany,27.03.2023,direct
3017,Robert,Hunt,Robert.Hunt761@hotmail.com,(992)325-4376x3662,,FR,2025-01-31,direct
3018,Chase,Burnett,Chase.Burnett434@yahoo.com,(735)495-5394x506,Amandabury,UK,19.03.2023,referral
3019,Kimberly,Brown,Kimberly.Brown391@hotmail.com,001-572-385-5417x9394,Pennyville,FR,01-03-2025,social_media
3020,Jose,Lozano,Jose.Lozano31@yahoo.com,940-696-7624x285,West Andrewstad,United States,2023-05-04T06:33:13,paid_search
3021,Erik,Santiago,Erik.Santiago121@yahoo.com,+1-970-735-4766x3077,Lake Deannashire,Canada,2024-10-30,social_media
3022,Anthony,Padilla,Anthony.Padilla81@yahoo.com,001-319-340-7234x61504,Williamsberg,Canada,26/02/2025,organic_search
3023,Anna,Taylor,Anna.Taylor801@hotmail.com,,Port Louis,United Kingdom,08-31-2024,direct
3024,Katherine,Clark,Katherine.Clark938@gmail.com,6299501147,New Ashley,Germany,12-12-2025,direct
3025,Jeanette,Kidd,Jeanette.Kidd243@yahoo.com,(937)783-9049,Parkport,U.K.,20/01/2024,email
3026,Lawrence,Hebert,Lawrence.Hebert601@yahoo.com,226-533-3388x4651,Annaton,UK,14.08.2025,referral
3027,Angie,Phillips,Angie.Phillips927@gmail.com,5167064490,Port Wanda,US,11-03-2024,direct
3028,Sara,Wilson,Sara.Wilson,+1-373-834-3071x82182,South Elizabethshire,FR,2024-07-30,direct
3029,Frederick,Robinson,Frederick.Robinson523@hotmail.com,(878)911-0802x3883,,United Kingdom,2024-11-11T00:58:27,email
3030,Renee,Townsend,Renee.Townsend355@gmail.com,+1-757-695-3564x41193,Bensonhaven,FR,12.11.2024,organic_search
3031,Peter,Vargas,Peter.Vargas775@hotmail.com,001-562-340-2384x920,Schultzland, USA ,2025-07-14T22:50:58,email
3032,Jose,Smith,Jose.Smith589@gmail.com,,Lake Jamesstad,U.K.,07-05-2025,direct
3033,Katie,Taylor,Katie.Taylor495@yahoo.com,,New Matthew,France,08.11.2024,social_media
3034,Barbara,Fowler,Barbara.Fowler583@gmail.com,8677333827,Port Kenneth,FR,2023-08-05T15:53:16,paid_search
3035,Elizabeth,Trevino,Elizabeth.Trevino578@hotmail.com,,Barbarafurt,canada,2024-03-28,paid_search
3036,Adriana,Andrews,Adriana.Andrews458@gmail.com,285.385.5201,Erikaport,DE,10/11/2023,direct
3037,Kim,Pierce,Kim.Pierce370@yahoo.com,492.407.4051x8703,Lake Denisemouth,DE,2024-02-18,email
3038,Mark,Salazar,Mark.Salazar348@gmail.com,(349)283-9103x204,Lake Tommy,USA,2024-11-19T13:14:08,paid_search
3039,William,Jones,William.Jones572@gmail.com,001-297-229-5755x12637,Farmerchester,usa,2025-09-17T15:05:44,referral
3040,Kayla,Frederick,Kayla.Frederick,830.822.5176,North Rebecca, USA ,07.07.2023,email
3041,Tracy,Butler,Tracy.Butler206@gmail.com,734.859.5829,Raymondland,US,21.11.2023,email
3042,Betty,Jackson,Betty.Jackson229@hotmail.com,590-999-4414x75376,West Susan,France,2024-05-11T02:29:47,organic_search
3043,Savannah,Hammond,Savannah.Hammond979@yahoo.com,+1-964-976-6955,West Davidchester,france,06-30-2023,social_media
3044,Michelle,Everett,Michelle.Everett612@gmail.com,(479)796-4511x5905,Gordontown,France,2024-08-06,referral
3045,Lance,Martin,Lance.Martin695@yahoo.com,(597)495-0804x6606,Anthonyport,canada,2023-03-29,direct
3046,Curtis,Thomas,Curtis.Thomas574@yahoo.com,402-609-2252x12380,Hollyfurt,canada,26/12/2025,referral
3047,Tiffany,Koch,Tiffany.Koch976@gmail.com,363.451.4874x9715,Joshuaside,U.K.,04-07-2025,paid_search
3048,Carmen,Cross,Carmen.Cross239@hotmail.com,533-758-4999x91695,Douglasside, USA ,2025-06-09T10:38:06,social_media
3049,Jennifer,Pearson,Jennifer.Pearson836@yahoo.com,620-990-1817,Port Bryan,canada,07.12.2023,email
3050,Christopher,English,Christopher.English453@yahoo.com,736.209.8910,Emilymouth,Germany,06-27-2025,referral
3051,Cassie,Price,Cassie.Price319@gmail.com,+1-674-700-5975x834,Garytown,France,20.03.2024,direct
3052,Jennifer,Martin,Jennifer.Martin95@hotmail.com,441.782.8654x90787,Austinstad,UK,25/07/2024,direct
3053,Lance,Cook,LANCE.COOK778@GMAIL.COM,+1-209-837-5770x796,Lake Rodneyview,germany,2025-03-06T14:13:00,direct
3054,Daniel,Hodges,Daniel.Hodges982@gmail.com,(784)483-6955,Fordton,France,26/10/2023,social_media
3055,Heather,Aguilar,Heather.Aguilar503@gmail.com,(269)815-6949,Port Alexandraburgh,germany,2024-07-06T01:56:17,direct
3056,Tyler,Martinez,Tyler.Martinez528@gmail.com,(835)312-0945,Stephaniefort,United States,12/10/2025,organic_search
3057,Jamie,Green,Jamie.Green336@yahoo.com,685.363.3759,Lake Amber,U.K.,03-28-2025,email
3058,Thomas,Mann,Thomas.Mann576@yahoo.com,,North Annland,FR,2025-03-21T23:11:59,direct
3059,Crystal,Bates,Crystal.Bates655@hotmail.com,+1-411-633-7952x33143,Lake Rebeccatown,DE,08-14-2025,email
3060,Elizabeth,Johns,Elizabeth.Johns986@gmail.com,(978)279-6338,,US,2024-08-20,direct
3061,Meagan,Hardy,Meagan.Hardy454@gmail.com,+1-322-908-2204x48435,South Nicoleshire,FR,19.06.2023,organic_search
3062,Michael,Rodriguez,Michael.Rodriguez356@gmail.com,325-999-0028x4224,Lake Davidbury,france,04-27-2024,referral
3063,Melissa,Glover,Melissa.Glover557@gmail.com,374.934.0305x7925,East John,United Kingdom,2025-10-22T17:19:23,email
3064,Michael,Wilson,Michael.Wilson875@yahoo.com,822.401.5297x96854,North Paulmouth,Canada,2024-02-23,organic_search
3065,Alan,Brown,Alan.Brown943@gmail.com,,New Derrickville,Germany,03-30-2023,paid_search
3066,Madeline,Adams,Madeline.Adams84@yahoo.com,001-366-345-3629x21350,West Jonathan,canada,2024-08-28T21:07:51,social_media
3067,Catherine,Weaver,Catherine.Weaver22@hotmail.com,001-650-792-9184,Elizabethshire,france,2025-05-29,social_media
3068,Joshua,Wheeler,Joshua.Wheeler926@gmail.com,(747)820-4744x217,,CA,09-18-2025,organic_search
3069,Jerry,Scott,Jerry.Scott439@gmail.com,365-614-4446x574,Ernestberg,Canada,02.04.2025,email
3070,Jacqueline,Hunt,Jacqueline.Hunt823@hotmail.com,+1-264-665-0893,North Thomas,U.K.,11-14-2023,paid_search
3071,Angela,Moore,Angela.Moore130@gmail.com,+1-513-969-9754x839,Webbberg, USA ,26/03/2025,paid_search
3072,Kaitlyn,Davies,Kaitlyn.Davies89@hotmail.com,,West Johnberg,CA,05-28-2024,social_media
3073,Frank,Wilson,Frank.Wilson432@yahoo.com,001-403-283-4124x72237,Evansland,UK,26/08/2025,email
3074,Carol,Reed,CAROL.REED8@YAHOO.COM,9069323998,East Stephanie,United Kingdom,2025-06-13T20:01:11,organic_search
3075,Erik,Gay,Erik.Gay3@hotmail.com,683-775-5826x32189,Lake Brucehaven,germany,2025-12-06T03:19:28,email
3076,Michael,Romero,Michael.Romero830@hotmail.com,001-398-918-1199x428,West Dennis,France,04-18-2024,social_media
3077,Dawn,Jenkins,Dawn.Jenkins752@gmail.com,995.353.4334,Andersontown,FR,25.04.2023,social_media
3078,Joseph,Poole,Joseph.Poole882@hotmail.com,+1-832-542-4300x91731,East Kelly,Canada,26.06.2024,social_media
3079,Jeremy,Sandoval,JEREMY.SANDOVAL588@HOTMAIL.COM,+1-472-744-7839x07121,Harveyside,United Kingdom,05-13-2023,referral
3080,Sherri,Reynolds,Sherri.Reynolds798@hotmail.com,402-641-9827,Denisestad,France,2024-05-22T08:09:55,paid_search
3081,Gregory,Johnson,Gregory.Johnson324@yahoo.com,001-991-952-8311,Danielfurt,Canada,19.04.2023,referral
3082,Michael,Sloan,Michael.Sloan416@gmail.com,+1-900-854-4027,North Elizabethberg,United Kingdom,2023-10-28T03:29:28,organic_search
3083,Jeffrey,Price,Jeffrey.Price63@yahoo.com,551.900.0366x8574,New Joseph,uk,03.04.2024,direct
3084,Lauren,Mata,Lauren.Mata460@gmail.com,001-384-458-1630x2129,South James,Germany,2025-06-29,social_media
3085,Melissa,Stanton,Melissa.Stanton506@yahoo.com,412-898-0310,,France,05-22-2023,direct
3086,Eric,Alexander,Eric.Alexander794@yahoo.com,4677482522,Melindafurt,United Kingdom,03-09-2024,direct
3087,Matthew,Montoya,Matthew.Montoya532@hotmail.com,,Troybury,Germany,29/08/2024,direct
3088,Lisa,Reynolds,Lisa.Reynolds954@gmail.com,955-490-3653x5423,Samuelmouth,UK,25.01.2025,social_media
3089,Michelle,Mcgee,MICHELLE.MCGEE891@GMAIL.COM,(267)661-7479,Wandamouth,Germany,2024-01-09,referral
3090,Sheila,Avila,Sheila.Avila27@yahoo.com,001-220-859-6425x4978,Jeromeland,CA,13.05.2023,email
3091,Christina,Bender,Christina.Bender758@hotmail.com,(703)848-9731x1601,Jimmyshire,France,2023-01-07,referral
3092,Carrie,Lopez,Carrie.Lopez835@gmail.com,654-524-0150,Carrton,United Kingdom,20/10/2025,referral
3093,Jane,Perry,Jane.Perry952@hotmail.com,5888358558,Malikside,US,2025-10-12,social_media
3094,Shane,Cannon,Shane.Cannon138@yahoo.com,,Greenstad,FR,24.05.2025,email
3095,Jessica,Weeks,Jessica.Weeks29@hotmail.com,001-804-636-8275,Mercadohaven,uk,18/08/2023,paid_search
3096,Mark,Roman,Mark.Roman887@yahoo.com,967.625.3081x58086,Danielbury,US,30.07.2025,direct
3097,Erin,Gates,Erin.Gates361@yahoo.com,(271)499-9275x23710,Mirandafurt,France,2025-12-11T15:08:54,paid_search
3098,James,Jones,James.Jones565@hotmail.com,257.305.3209x3613,Larrychester,United Kingdom,2024-07-31T18:10:21,referral
3099,Joshua,Sanford,Joshua.Sanford885@hotmail.com,529.441.0367x5806,Billland,CA,20.09.2024,paid_search
3100,Stephen,Wall,Stephen.Wall619@gmail.com,001-937-909-7184x67908,South Javier,uk,14/06/2023,organic_search
3101,Dana,Villegas,Dana.Villegas437@hotmail.com,(375)292-7460,South Danamouth,DE,10.05.2025,paid_search
3102,Thomas,Williams,Thomas.Williams245@hotmail.com,001-270-818-3256x618,North Alishamouth,CA,03-19-2024,direct
3103,Kristin,Cochran,Kristin.Cochran136@gmail.com,3704010222,Castroborough,germany,2024-11-09T06:28:42,direct
3104,Morgan,Raymond,Morgan.Raymond140@gmail.com,810-911-8169x34910,Gilbertfort,Canada,11/09/2023,referral
3105,Megan,Williams,Megan.Williams606@gmail.com,894-611-6328x2251,New Sharon,CA,05/12/2023,referral
3106,William,Hughes,William.Hughes452@yahoo.com,721.717.0254x496,East Janiceburgh,Canada,07-21-2024,direct
3107,Rachel,Miller,Rachel.Miller334@hotmail.com,+1-425-648-0575x95024,South Jason,US,06-11-2023,paid_search
3108,Tammie,White,Tammie.White686@gmail.com,+1-375-548-7713x20206,North Joe,United States,06-06-2023,email
3109,Kimberly,Perry,Kimberly.Perry878@yahoo.com,,Ramirezhaven,United Kingdom,2023-03-12T06:50:54,referral
3110,Nicole,Thompson,Nicole.Thompson660@hotmail.com,880.873.9004x9630,Camachochester,uk,25.07.2023,email
3111,Greg,Gray,Greg.Gray826@hotmail.com,(996)349-9104,Evansmouth,Germany,2024-07-12,organic_search
3112,Michelle,Archer,Michelle.Archer308@yahoo.com,+1-584-646-5771x3715,South Wayne,USA,15.12.2024,paid_search
3113,Brandi,Reid,Brandi.Reid110@gmail.com,673.622.7665x48427,Barkermouth,USA,21/08/2023,direct
3114,Courtney,Holland,Courtney.Holland379@gmail.com,001-500-421-4366x5945,East Tina,France,2023-06-08,social_media
3115,Kevin,Huber,Kevin.Huber876@hotmail.com,835.766.8228,Lambertport,Germany,23/04/2025,email
3116,Cassandra,Walters,Cassandra.Walters853@hotmail.com,8393801337,,CA,31/12/2023,social_media
3117,Laura,Miller,Laura.Miller638@yahoo.com,+1-577-301-4111x58162,,uk,20/06/2023,direct
3118,Michael,Lynch,Michael.Lynch283@gmail.com,+1-311-858-7650,New Shane,UK,2024-06-14,direct
3119,Dana,Johnson,Dana.Johnson52@yahoo.com,001-692-615-1098x1009,North Austin,usa,06-23-2025,organic_search
3120,Stephen,Perez,Stephen.Perez346@gmail.com,,Rogersshire,Germany,12-16-2023,direct
3121,Keith,Griffin,Keith.Griffin347@yahoo.com,+1-338-308-2632x6763,Johnton,usa,06-25-2023,social_media
3122,Stephen,Perez,Stephen.Perez224@hotmail.com,671.841.4264x29306,West Shelbyhaven,United States,2024-11-28,social_media
3123,Jessica,Bass,Jessica.Bass778@hotmail.com,916.674.2895x40584,New Krystal,germany,27/08/2025,referral
3124,Kelly,Wiley,Kelly.Wiley182@gmail.com,,Owenburgh,US,2023-08-26,direct
3125,Denise,Cook,Denise.Cook585@hotmail.com,698.498.2245x540,North Albertport,UK,22.06.2023,social_media
3126,Daisy,Carr,Daisy.Carr596@gmail.com,277-785-4539,Warnerside,germany,2023-09-05,organic_search
3127,Omar,Mahoney,Omar.Mahoney912@hotmail.com,(792)433-9530x02553,Richardborough,DE,11.06.2025,referral
3128,Shawn,Short,Shawn.Short413@hotmail.com,001-331-325-2458x7013,South Michaelfort,FR,2023-09-13T09:00:13,email
3129,John,Clark,John.Clark936@hotmail.com,762.849.2151,Larryside,United Kingdom,03/10/2024,direct
3130,Tyler,Kelley,TYLER.KELLEY671@GMAIL.COM,613.459.3589x105,Ryanfort, USA ,03-21-2024,email
3131,Jason,Coleman,Jason.Coleman909@yahoo.com,431.861.2099,Grantberg,France,09-14-2023,email
3132,Elizabeth,Kennedy,Elizabeth.Kennedy489@yahoo.com,753-267-2097,Bennettshire,CA,10-03-2024,paid_search
3133,Dale,Fitzpatrick,Dale.Fitzpatrick435@gmail.com,001-585-568-5944x1649,Port Rebeccaland,canada,03/10/2023,direct
3134,Luis,Sherman,Luis.Sherman506@hotmail.com,+1-254-802-6218,Lake Johnchester,france,2023-04-17T19:37:38,email
3135,John,Hall,John.Hall41@yahoo.com,001-218-952-2916x5613,Port Christine,Canada,2024-05-08,social_media
3136,Stephanie,Miller,Stephanie.Miller705@hotmail.com,984-954-4300x7457,Davidport,USA,2023-10-24T10:19:39,paid_search
3137,Rachel,Underwood,Rachel.Underwood188@hotmail.com,(818)531-6332x533,West Stephenstad,U.K.,25/12/2025,referral
3138,Steven,Wagner,Steven.Wagner865@yahoo.com,(707)202-5076x6606,Jenniferchester,CA,15/10/2024,referral
3139,Christopher,Williams,Christopher.Williams174@hotmail.com,+1-365-453-2647x414,Alexisview, USA ,07.12.2023,direct
3140,James,Graham,James.Graham22@yahoo.com,335.896.0001x82087,New Paige,germany,2024-04-20T12:49:34,direct
3141,David,Lewis,David.Lewis534@hotmail.com,001-527-319-1899,Hutchinsonberg,Canada,19/01/2024,social_media
3142,Cole,Cook,Cole.Cook,417.457.6018x08675,Andersonland,CA,2023-01-07T18:02:41,social_media
3143,Matthew,Parks,Matthew.Parks565@hotmail.com,928.516.6517,East Christophermouth, USA ,03-29-2025,email
3144,Rachel,Hudson,Rachel.Hudson427@gmail.com,552.976.2559,Hopkinsland,germany,10-28-2024,organic_search
3145,Christopher,Stone,Christopher.Stone566@gmail.com,666-551-6391x72715,Jacksonland,FR,2024-11-12,paid_search
3146,Miranda,Hatfield,Miranda.Hatfield36@gmail.com,,Davidmouth,canada,2024-12-26,organic_search
3147,Andrew,Harris,Andrew.Harris510@yahoo.com,6746968757,Gravesport,FR,04-14-2024,direct
3148,Jeanne,Ryan,Jeanne.Ryan966@gmail.com,673.298.2125x58877,Brianland,France,19/10/2023,social_media
3149,Matthew,Clark,Matthew.Clark887@hotmail.com,(650)686-5699x6387,Wilkersonland,CA,22/03/2023,paid_search
3150,Jeremy,Miller,Jeremy.Miller144@yahoo.com,001-938-834-1065x7299,Richardsonburgh,France,04-16-2024,direct
3151,Stacy,Ayala,Stacy.Ayala699@yahoo.com,203.693.3677x7441,New Taylor,germany,11-27-2023,referral
3152,David,Ingram,David.Ingram776@gmail.com,,Lake Brian,Germany,2024-02-26,organic_search
3153,Alexander,Lambert,Alexander.Lambert413@yahoo.com,5934582717,East Christophertown,france,2024-06-15,paid_search
3154,Samuel,Foster,Samuel.Foster522@yahoo.com,001-651-784-7887x978,Harveystad,France,2023-07-09,paid_search
3155,Steven,Carpenter,Steven.Carpenter157@gmail.com,,, USA ,2025-11-26T09:31:53,organic_search
3156,Corey,Russo,Corey.Russo564@gmail.com,794.361.9069x239,New Michelleborough,germany,30.07.2024,referral
3157,Stacy,Gill,Stacy.Gill215@hotmail.com,466.886.8998x42003,Brucebury,Germany,07/06/2024,social_media
3158,Wendy,Humphrey,Wendy.Humphrey107@gmail.com,711-442-0765x133,Carolinefort,UK,2025-03-20,organic_search
3159,Samuel,Wright,Samuel.Wright205@hotmail.com,001-596-810-8492x97045,Rossberg,United Kingdom,2023-09-30T01:43:22,paid_search
3160,Heather,Bradley,Heather.Bradley238@yahoo.com,762.513.5456x1431,Lake Natasha,canada,2023-06-24T17:48:30,organic_search
3161,Angela,Conley,Angela.Conley913@hotmail.com,001-253-612-0085,Port Anthonyburgh,france,2025-07-18T17:52:50,email
3162,Joshua,Rowland,Joshua.Rowland886@yahoo.com,,East Richardview,DE,22.06.2023,paid_search
3163,Isaac,Sanchez,Isaac.Sanchez659@yahoo.com,001-933-813-4241x4718,,FR,09.01.2025,social_media
3164,Francisco,Jones,Francisco.Jones758@yahoo.com,,Jacobsport,U.K.,07-23-2025,organic_search
3165,Jessica,Nixon,Jessica.Nixon921@hotmail.com,+1-721-301-7274x821,Wangtown,france,2023-03-24,social_media
3166,Jessica,Henry,Jessica.Henry523@hotmail.com,(331)832-4049x61965,Jacksonland,DE,2024-10-28T08:40:50,direct
3167,Joshua,Washington,Joshua.Washington371@yahoo.com,386-486-2378x57717,New Brittanyborough,Canada,06.07.2025,social_media
3168,Melissa,Rios,Melissa.Rios966@hotmail.com,476-970-7002,,United Kingdom,2023-04-22,social_media
3169,Barbara,Coleman,Barbara.Coleman573@gmail.com,001-944-252-7843x0039,Huertaport,CA,14/12/2024,direct
3170,Rodney,Lynn,Rodney.Lynn290@hotmail.com,491-286-8498x7493,Lake Bonnie,U.K.,2025-04-26T16:36:13,direct
3171,Garrett,Tran,Garrett.Tran551@yahoo.com,770.537.5578x54576,New Douglaschester,france,2023-10-05,direct
3172,Keith,Smith,Keith.Smith799@hotmail.com,,East Davidburgh,usa,2024-09-27,organic_search
3173,Michael,Stevens,Michael.Stevens413@gmail.com,712-726-6435x094,,CA,2024-07-26,direct
3174,Tammy,Lucas,Tammy.Lucas419@yahoo.com,614.992.6622,Pattersonborough,uk,09-16-2023,email
3175,Tina,Hernandez,Tina.Hernandez577@hotmail.com,,South Suzanneton,US,2025-08-06,paid_search
3176,Brandon,Scott,Brandon.Scott335@hotmail.com,001-586-541-7939x96979,East William,Canada,01/03/2023,paid_search
3177,Jennifer,Rose,Jennifer.Rose676@yahoo.com,+1-783-386-8982,Clarkchester,uk,2024-06-09,paid_search
3178,Tammy,Garcia,Tammy.Garcia818@yahoo.com,(922)535-0799x378,Deanshire,US,21.10.2025,paid_search
3179,Cassandra,Johnson,Cassandra.Johnson862@hotmail.com,896-903-3429x950,Lake Eric,uk,2024-01-28,referral
3180,Elaine,Hamilton,Elaine.Hamilton251@hotmail.com,907-567-7786,Jonesland,DE,31.01.2025,organic_search
3181,Tonya,Williams,Tonya.Williams377@hotmail.com,,Bakerchester,CA,31/07/2025,direct
3182,Walter,Cobb,Walter.Cobb910@hotmail.com,430.653.7406,South David,CA,2024-11-08T07:38:43,paid_search
3183,Jenna,Allen,Jenna.Allen897@yahoo.com,+1-677-336-5188,Websterland,United Kingdom,17.05.2023,organic_search
3184,Jason,Carpenter,JASON.CARPENTER389@GMAIL.COM,(435)872-4763x9857,Austinmouth,Canada,09/03/2023,paid_search
3185,Donald,Mcfarland,Donald.Mcfarland272@hotmail.com,438-658-0099x9866,Hannahmouth,US,15/05/2024,referral
3186,Calvin,Adams,Calvin.Adams324@gmail.com,,Wesleymouth,UK,29/09/2024,email
3187,Julie,Cooper,Julie.Cooper282@hotmail.com,254.934.5364x9961,Griffithshire, USA ,10/10/2024,email
3188,Cassie,Wallace,Cassie.Wallace738@gmail.com,(522)264-6153,East Tylerberg,France,28/09/2024,paid_search
3189,Steve,Cox,Steve.Cox356@gmail.com,569.876.9380x5145,North Sarahhaven,Canada,13/11/2024,referral
3190,Patricia,Jones,PATRICIA.JONES345@GMAIL.COM,550.400.6991x5585,Port Jonathan,France,07.11.2025,direct
3191,Luis,Acevedo,Luis.Acevedo370@yahoo.com,(632)321-4894,New Laurie,Germany,2025-08-27T17:55:32,email
3192,Ashley,Brooks,Ashley.Brooks798@gmail.com,769.293.3038x156,,U.K.,2025-05-24,organic_search
3193,Timothy,Bailey,Timothy.Bailey396@hotmail.com,+1-669-251-0636x11287,North Shawnborough,Germany,09-15-2023,social_media
3194,Tina,Mcdaniel,Tina.Mcdaniel474@hotmail.com,+1-838-421-4528x789,North Kimberly,CA,2024-08-17T23:46:59,organic_search
3195,Jacob,Mitchell,Jacob.Mitchell144@yahoo.com,(518)350-5608,East Deniseton,France,02/06/2024,referral
3196,Jose,Blair,Jose.Blair95@yahoo.com,001-589-865-4981x8440,Veronicamouth,Germany,03-31-2024,email
3197,Chad,Townsend,Chad.Townsend578@yahoo.com,+1-405-548-7487x0566,Port Kristiton,usa,03/09/2025,organic_search
3198,Martha,Long,Martha.Long223@gmail.com,001-544-761-5012,South Ralphstad,Germany,31.08.2024,referral
3199,Michele,Reynolds,Michele.Reynolds971@gmail.com,(505)990-8557x657,New Cole,FR,2024-05-12,email
3200,Carolyn,Freeman,Carolyn.Freeman584@gmail.com,329.290.3521x960,South Roberto,FR,12-26-2024,email
3201,Kimberly,Crawford,Kimberly.Crawford178@yahoo.com,(443)821-1190,Gillberg,France,2023-10-22,referral
3202,Jimmy,Cole,Jimmy.Cole871@hotmail.com,+1-613-730-9831,East Travis,Canada,03/03/2024,email
3203,Sandra,Pope,Sandra.Pope473@gmail.com,863-832-8742x5656,Lake Dominiquemouth,Germany,2023-03-24T10:07:39,social_media
3204,Samantha,Williams,Samantha.Williams83@gmail.com,001-358-795-3815x750,Jeffreyside,United Kingdom,18/12/2024,direct
3205,Vanessa,Francis,Vanessa.Francis736@yahoo.com,381.780.7794x914,West Josephchester,canada,31.12.2024,direct
3206,Christopher,Carlson,Christopher.Carlson799@hotmail.com,741-671-0065x62666,Elizabethbury,CA,03-06-2024,paid_search
3207,Kimberly,Schultz,Kimberly.Schultz902@yahoo.com,277.466.5995,West Juan,canada,06/05/2025,organic_search
3208,Kim,Anderson,KIM.ANDERSON43@HOTMAIL.COM,362-826-6484,West Paulburgh,United Kingdom,02-01-2024,direct
3209,Ana,Hall,Ana.Hall980@gmail.com,001-558-705-3315x131,Wilsonville,FR,2024-03-19,social_media
3210,Sophia,Mosley,Sophia.Mosley255@gmail.com,584.373.4479x3722,Gallagherland,uk,2023-05-15T20:14:50,paid_search
3211,Chelsey,Stanton,Chelsey.Stanton371@yahoo.com,+1-522-358-8584,Lake Janet, USA ,11/04/2024,referral
3212,Lee,Maldonado,Lee.Maldonado911@yahoo.com,808-374-7407x3972,Reedmouth,Germany,11-24-2023,referral
3213,Scott,Lawrence,Scott.Lawrence,,Martinezbury, USA ,2023-02-26T20:25:01,organic_search
3214,Joyce,Baker,Joyce.Baker535@yahoo.com,318-409-5455,Danberg,Canada,2024-10-24T20:45:41,organic_search
3215,Willie,Reynolds,Willie.Reynolds215@yahoo.com,+1-640-316-1706,Kevinborough,Canada,2025-08-09,email
3216,Yvonne,Vasquez,Yvonne.Vasquez809@yahoo.com,(301)856-9146,Victoriastad,uk,2023-04-27,referral
3217,Nicole,Perez,Nicole.Perez477@yahoo.com,(284)909-1341x78109,New Nicholasville,United Kingdom,2023-02-19T01:42:50,referral
3218,Diane,Evans,Diane.Evans506@yahoo.com,549-951-4955,South Ana,FR,23.11.2024,social_media
3219,Stephanie,Owens,Stephanie.Owens311@hotmail.com,(661)480-8438x8168,Reevesborough,France,11.03.2025,social_media
3220,Denise,Johnson,Denise.Johnson457@hotmail.com,+1-207-804-6445x030,West Michaelville,Germany,10-03-2023,paid_search
3221,Emily,Mendez,Emily.Mendez784@hotmail.com,887-533-0027,Port Yolanda,FR,2023-10-27T03:51:39,email
3222,Isaac,Clark,Isaac.Clark952@yahoo.com,269.750.4326,West Stevenstad,UK,02-12-2025,organic_search
3223,Jason,Bridges,Jason.Bridges916@gmail.com,(554)793-0539x73451,Phillipschester,germany,01-07-2025,email
3224,Brian,James,Brian.James981@gmail.com,001-609-589-7274x051,Port Paulland,United Kingdom,11-06-2023,organic_search
3225,Kylie,Franklin,Kylie.Franklin640@gmail.com,001-236-256-4025x426,Martinezshire,FR,2025-08-26,paid_search
3226,Donna,Jackson,Donna.Jackson900@hotmail.com,735-479-9389x594,West Caleb,UK,29/10/2023,email
3227,Timothy,Camacho,Timothy.Camacho277@yahoo.com,(794)397-7565,New Meghan,France,2023-05-20T18:31:50,social_media
3228,Lisa,Nunez,Lisa.Nunez183@hotmail.com,+1-356-238-3676x65703,East Davidland,germany,2024-03-27T05:47:25,paid_search
3229,John,Schneider,John.Schneider121@hotmail.com,975.634.2144x83545,New Roger,uk,2024-05-25,referral
3230,Abigail,Gonzalez,Abigail.Gonzalez676@hotmail.com,,West Edward,uk,09-16-2024,email
3231,Mikayla,Lewis,Mikayla.Lewis8@hotmail.com,553.652.1517,Fishertown,Germany,02/10/2025,email
3232,Shelby,Reynolds,Shelby.Reynolds715@hotmail.com,001-299-324-7157x5610,Port Jasontown,France,2024-05-18T23:11:16,social_media
3233,Francisco,Wu,Francisco.Wu603@hotmail.com,(539)455-1216,East Angela,Canada,2025-06-27,direct
3234,Rhonda,Garcia,Rhonda.Garcia437@gmail.com,,South Lori,Germany,2024-05-05T09:00:43,organic_search
3235,Courtney,Gutierrez,Courtney.Gutierrez751@hotmail.com,(214)645-3715,Davidfurt,US,2024-08-04T07:10:17,referral
3236,Tracy,Atkins,Tracy.Atkins677@yahoo.com,+1-480-811-5913,Jacobburgh,Germany,27/07/2025,organic_search
3237,Jasmin,Long,Jasmin.Long,(746)990-3369x310,New Spencerburgh,uk,2025-10-24T15:54:55,organic_search
3238,James,Kelley,James.Kelley298@yahoo.com,755-827-8762x6023,Andrewshire,France,2025-01-10,social_media
3239,Jesse,Dean,Jesse.Dean516@hotmail.com,+1-868-991-9507,Hudsonshire, USA ,18/06/2023,paid_search
3240,Jeff,Warren,Jeff.Warren225@gmail.com,001-419-548-7461,New Heathertown,canada,11-23-2023,referral
3241,Barry,Roberts,Barry.Roberts473@yahoo.com,217-458-6373x53327,Ortizchester,USA,15.08.2024,social_media
3242,Walter,Lamb,Walter.Lamb465@hotmail.com,(384)631-1621x065,Meganborough,uk,2025-08-09T23:39:44,email
3243,Kristin,Donovan,Kristin.Donovan324@hotmail.com,,Gabrielleport,US,2024-09-27T13:29:33,direct
3244,Kaitlyn,Miller,Kaitlyn.Miller943@yahoo.com,(277)710-3027x596,Bishopborough,DE,2025-08-28T15:45:57,email
3245,Vanessa,Dillon,Vanessa.Dillon997@yahoo.com,442.331.4945,West Jasmine,uk,01/12/2024,referral
3246,Tammy,Kelley,Tammy.Kelley338@gmail.com,(720)398-1804x09991,Julieport,DE,29.11.2025,paid_search
3247,Aaron,Cobb,Aaron.Cobb514@hotmail.com,(601)334-7429x636,East Linda,france,2023-01-11,direct
3248,Kevin,Taylor,Kevin.Taylor709@hotmail.com,639-224-5396x042,South Justinview,FR,20.04.2024,email
3249,Devon,Chambers,Devon.Chambers64@hotmail.com,001-368-452-7682x091,West Krista,United Kingdom,18/03/2023,organic_search
3250,Kayla,Price,Kayla.Price57@yahoo.com,(980)297-0209,Craigstad,UK,2024-05-10,organic_search
3251,Michelle,Garcia,Michelle.Garcia270@hotmail.com,591-917-5331x70253,Smithfurt, USA ,10-17-2025,paid_search
3252,Brett,Villanueva,Brett.Villanueva158@gmail.com,275.387.2537x172,Jerrybury,U.K.,2024-06-02T12:36:48,direct
3253,Angel,Gonzalez,Angel.Gonzalez325@gmail.com,869-564-7413x31151,Valerieport,France,23/07/2025,social_media
3254,Eric,Gutierrez,Eric.Gutierrez979@yahoo.com,515.643.0990,East Charlesfurt,uk,2024-12-28T19:33:31,direct
3255,Danielle,Gonzalez,Danielle.Gonzalez476@hotmail.com,(467)413-6463x5145,East Donald,United Kingdom,09.09.2023,direct
3256,Mark,Robinson,Mark.Robinson794@yahoo.com,752.597.9934x96577,West Gregory,France,2024-09-19T23:04:36,email
3257,Elizabeth,Crawford,Elizabeth.Crawford201@hotmail.com,(640)664-1231x5402,Shawtown,canada,2025-01-11T04:15:25,referral
3258,Nicole,Chavez,Nicole.Chavez445@yahoo.com,3166327034,Port Allenstad,Germany,2023-01-09T04:46:25,organic_search
3259,David,Fry,David.Fry696@hotmail.com,(536)842-7212x6454,Barnesfort,France,19.01.2023,direct
3260,Cheryl,Hamilton,Cheryl.Hamilton104@hotmail.com,567-426-9863x0133,Gilbertside,Germany,03-26-2023,social_media
3261,Jill,Raymond,Jill.Raymond847@hotmail.com,(817)302-6719,Melissaport,Germany,07-12-2023,email
3262,Cindy,Vincent,Cindy.Vincent648@yahoo.com,647-756-1603,South Anthony,Germany,12/08/2024,email
3263,Robert,Gilmore,Robert.Gilmore247@gmail.com,479.556.1410x96615,Lake Matthew,CA,04.10.2024,referral
3264,Stacy,Rose,Stacy.Rose689@gmail.com,+1-585-606-9030,Doyleland,United Kingdom,2024-12-10T01:47:37,social_media
3265,Christian,Williams,Christian.Williams779@yahoo.com,402.438.5951,South Elijahborough,United Kingdom,21.04.2023,referral
3266,Brandon,Harris, Brandon.Harris144@yahoo.com ,001-982-933-9895x1113,,Germany,2023-01-25T17:02:29,organic_search
3267,Samantha,Sanchez,Samantha.Sanchez242@hotmail.com,292.678.7678x236,East Brittany,France,28/09/2025,email
3268,Patrick,Brennan,Patrick.Brennan352@yahoo.com,214-844-8657x43062,West Ericaside,DE,04-06-2024,social_media
3269,Cynthia,Pacheco,Cynthia.Pacheco296@hotmail.com,+1-219-287-2029x8113,Johnborough,France,20/05/2024,referral
3270,Brenda,Key,Brenda.Key273@gmail.com,001-281-717-9633,South Karenview,canada,07-21-2023,paid_search
3271,Ashley,Morgan,Ashley.Morgan52@yahoo.com,632-371-9298x0284,Millerfurt,canada,07/11/2024,social_media
3272,Brittany,Werner,Brittany.Werner194@yahoo.com,(440)588-5163,East Tracymouth,DE,2023-03-30T08:02:53,organic_search
3273,Timothy,Ortega,Timothy.Ortega152@gmail.com,6373622659,Davidside,France,08-04-2025,paid_search
3274,Jason,Bell,Jason.Bell432@yahoo.com,857.881.1644,Lindaville,USA,2024-10-28,organic_search
3275,Madeline,Jackson,Madeline.Jackson855@hotmail.com,3103291585,Aliciaville,US,06.03.2024,email
3276,Margaret,Brown,Margaret.Brown259@yahoo.com,(202)335-3596x8289,Suzanneside,France,07/08/2025,paid_search
3277,Daniel,Taylor,Daniel.Taylor736@gmail.com,,Royland,DE,07-02-2025,direct
3278,Raymond,Montoya,Raymond.Montoya58@yahoo.com,6279168927,,Germany,2023-03-31,organic_search
3279,William,Parks,William.Parks650@yahoo.com,981-293-8347,Theresatown,Germany,07-02-2025,email
3280,Deborah,Hines,Deborah.Hines124@hotmail.com,373-608-0282x131,,uk,2024-08-15T09:59:02,direct
3281,Mary,Thompson,Mary.Thompson189@hotmail.com,943-604-4469,Port Mark,Canada,04-26-2025,organic_search
3282,Robert,Evans,Robert.Evans767@gmail.com,001-601-397-6893x34500,Christopherland,U.K.,05-20-2023,organic_search
3283,James,Williams,James.Williams583@gmail.com,866.617.0616x684,Port Danielle,DE,2024-11-01,organic_search
3284,Anthony,Greene,Anthony.Greene225@yahoo.com,(884)481-8186,Port Juan,canada,22/11/2025,organic_search
3285,Penny,Brown,Penny.Brown164@yahoo.com,424.277.2139x636,South Adrianview, USA ,09-09-2025,direct
3286,Breanna,Morse,Breanna.Morse657@gmail.com,523.919.0170x6686,North Heidi,CA,29/05/2025,organic_search
3287,Laura,Buchanan,Laura.Buchanan867@hotmail.com,958.340.4705,Port Robert,canada,2023-10-20,referral
3288,Paul,Reed,Paul.Reed654@hotmail.com,316-356-6671x571,North Sharon,CA,2025-01-26,direct
3289,Andrew,Boyd,Andrew.Boyd920@hotmail.com,4588935967,West Jennifer,uk,03.11.2024,organic_search
3290,Matthew,Reed,Matthew.Reed552@yahoo.com,250-833-5984,New Ryanhaven,FR,2023-02-19T01:49:52,referral
3291,Joy,Lee,Joy.Lee311@gmail.com,334-222-9978x532,Lake Johnshire,CA,02.06.2025,direct
3292,Amy,Mckenzie,Amy.Mckenzie531@gmail.com,001-604-200-3765,West Bobbymouth,UK,12-20-2025,referral
3293,Ryan,Fitzgerald,Ryan.Fitzgerald807@gmail.com,(978)270-9095x902,Peterfurt,CA,27/10/2023,social_media
3294,Cassandra,Jones,Cassandra.Jones835@hotmail.com,001-891-383-8648x83626,Gravesfurt,germany,2023-12-06,direct
3295,Stephanie,Powers,Stephanie.Powers182@yahoo.com,477-852-9694,West Melissaside,uk,2025-05-31T15:09:10,organic_search
3296,Cynthia,Murray,Cynthia.Murray103@hotmail.com,+1-914-212-4527,Benjaminside,US,2025-02-14T18:41:06,paid_search
3297,Linda,Kennedy,Linda.Kennedy396@yahoo.com,8569244818,Michelleville,france,12-13-2023,referral
3298,Jeremiah,Berry,Jeremiah.Berry773@hotmail.com,287.307.4142,West Mary,United Kingdom,2023-06-20T18:56:15,referral
3299,Lisa,Clarke,Lisa.Clarke820@yahoo.com,482.681.4046,Patelborough,uk,11/04/2024,organic_search
3300,Laura,Pittman,LAURA.PITTMAN558@GMAIL.COM,262.573.3089,Lucasport,France,20/05/2023,email
3301,Kyle,Rios,Kyle.Rios993@yahoo.com,821.309.5496,Stevensborough,germany,2023-11-20,organic_search
3302,Brian,Orr,Brian.Orr99@hotmail.com,9998199846,South Andrewshire,Germany,23/07/2023,paid_search
3303,Nathan,Davis,Nathan.Davis249@gmail.com,256.225.7621,New Anthony,United States,10.01.2023,paid_search
3304,Shawn,Herman,Shawn.Herman497@hotmail.com,001-855-500-0444x156,West Jessicaburgh,United States,13/03/2023,referral
3305,Tyler,Hamilton,Tyler.Hamilton920@gmail.com,5212758928,Jamestown,United Kingdom,2025-03-27,organic_search
3306,David,Perez,David.Perez672@yahoo.com,001-460-572-0324x893,Vancefort,USA,02/12/2024,social_media
3307,Sabrina,Fisher,Sabrina.Fisher264@yahoo.com,+1-646-468-5324x148,Banksside,UK,05-29-2023,direct
3308,Cassandra,Kaufman,Cassandra.Kaufman446@hotmail.com,,South Scottfort,DE,15/07/2025,email
3309,Miranda,Mcconnell,Miranda.Mcconnell991@yahoo.com,,Alyssamouth,canada,30.11.2025,direct
3310,Andrea,Foster,Andrea.Foster643@yahoo.com,(419)724-2793x468,South Michaelburgh,CA,01-26-2023,referral
3311,Elizabeth,Henry,Elizabeth.Henry272@gmail.com,911-987-7863x41448,Turnerchester,Canada,12/07/2025,social_media
3312,Kimberly,Silva,Kimberly.Silva890@hotmail.com,,North Jameshaven,canada,10/12/2024,referral
3313,Amanda,Phelps,Amanda.Phelps912@gmail.com,279.760.6888x6742,Lake Lorimouth,Canada,2025-11-01,email
3314,Thomas,Faulkner,Thomas.Faulkner550@yahoo.com,(821)763-4651,West Jesseberg,germany,2024-01-22T18:27:59,social_media
3315,Bryce,Mcclain, Bryce.Mcclain454@hotmail.com ,882.898.7908,Kristinview,CA,16/09/2025,direct
3316,Samuel,Ortiz,Samuel.Ortiz969@gmail.com,270-359-3967,Mikeburgh,US,06-02-2023,organic_search
3317,Jack,Parker,Jack.Parker815@hotmail.com,(946)555-2957,Dannyside,DE,2025-09-29,paid_search
3318,John,Smith,John.Smith257@gmail.com,,Port Nicole,germany,2024-04-10T00:51:45,email
3319,Jennifer,Miller,Jennifer.Miller851@hotmail.com,280-202-1498,Scottmouth,U.K.,22/06/2023,email
3320,Lisa,Cook,Lisa.Cook657@yahoo.com,+1-573-843-2823x91321,Carpenterview,CA,22.02.2023,paid_search
3321,Cindy,Wright,Cindy.Wright370@hotmail.com,608.746.9873x29758,,Canada,05.02.2024,organic_search
3322,Ronald,Wells,Ronald.Wells611@hotmail.com,670.724.4698,New Bryanfurt, USA ,08-18-2025,email
3323,Sarah,Johnson,Sarah.Johnson472@yahoo.com,983.406.2646x588,Josephport,USA,11.06.2025,email
3324,Paul,Benjamin,Paul.Benjamin674@gmail.com,628-542-0927,New Zacharyland,canada,02-21-2023,referral
3325,Douglas,Johnson,Douglas.Johnson556@gmail.com,812-785-1368x40541,East Tracy,United States,2024-07-15T12:12:24,email
3326,Aaron,Medina,Aaron.Medina450@yahoo.com,575.619.0032x2607,Hicksport,DE,2023-03-01T03:30:39,organic_search
3327,John,Simmons,John.Simmons810@yahoo.com,+1-546-543-1032,Lisabury,France,13/08/2025,paid_search
3328,Sean,Hamilton,Sean.Hamilton5@yahoo.com,805.685.8219,Carriechester,canada,2023-11-29T16:02:07,direct
3329,Amy,Taylor,Amy.Taylor883@gmail.com,521-425-5889,North Thomas,CA,01-09-2024,referral
3330,David,Rodriguez,David.Rodriguez486@yahoo.com,606.970.7792x445,Destinymouth,france,18.12.2023,paid_search
3331,Chad,Hall,Chad.Hall743@gmail.com,,Lindseychester,canada,06.06.2024,paid_search
3332,Lauren,Bass,Lauren.Bass411@gmail.com,802-542-6459,Tammyhaven,france,08-09-2024,social_media
3333,Justin,Palmer,Justin.Palmer466@hotmail.com,909-403-5858,Leeburgh,canada,11/12/2024,referral
3334,Heather,Wells,Heather.Wells751@gmail.com,(271)492-6421,New Kimberly, USA ,24/05/2024,paid_search
3335,Lisa,Noble,Lisa.Noble962@hotmail.com,+1-207-836-6497,Bethtown,United Kingdom,2024-07-07,social_media
3336,Jessica,Vega,Jessica.Vega384@gmail.com,001-764-233-5623,North Pamela,Canada,2025-05-01T07:42:38,paid_search
3337,Michelle,Andrade,Michelle.Andrade430@hotmail.com,,Smithton,france,2025-01-15,direct
3338,Susan,Williams,Susan.Williams278@gmail.com,,East Vanessa,UK,26.06.2024,social_media
3339,Michael,Anderson,Michael.Anderson296@gmail.com,2896395608,Reyesmouth,germany,06/09/2024,referral
3340,Darren,Sweeney,Darren.Sweeney77@gmail.com,278-824-7599x1173,Nguyenfurt,US,2023-12-22T09:09:47,social_media
3341,Zachary,Soto,Zachary.Soto611@hotmail.com,(276)402-7316x035,Rachelmouth,canada,15.03.2024,referral
3342,Alexis,Short,Alexis.Short384@gmail.com,(670)752-4169,,FR,2025-08-09,social_media
3343,Ryan,Evans,Ryan.Evans817@hotmail.com,(267)264-6914x28400,East Kathleenmouth,United Kingdom,04-25-2024,email
3344,Jose,West,Jose.West267@yahoo.com,510.973.8232x2583,Deleonburgh,France,05-29-2024,paid_search
3345,Dawn,Thomas,Dawn.Thomas656@gmail.com,001-934-850-1541x7765,Millerton,germany,2023-05-26T09:46:52,organic_search
3346,Austin,Eaton,Austin.Eaton755@hotmail.com,518-562-4793,Williamshire,DE,2025-04-26T08:49:24,social_media
3347,Christopher,Brown,Christopher.Brown903@yahoo.com,001-263-915-5580,Tyronemouth,France,03-17-2023,organic_search
3348,Steven,Garcia,Steven.Garcia870@hotmail.com,,North William,Germany,2023-12-04,paid_search
3349,Kathryn,Moss,Kathryn.Moss426@hotmail.com,(737)208-4446,Lake Jamesside,Canada,05.12.2023,referral
3350,Christopher,Hunter,Christopher.Hunter986@hotmail.com,,Melissaside,germany,13.06.2023,referral
3351,Shelley,Thompson,Shelley.Thompson381@gmail.com,(564)557-0177,Guerreroland,UK,07-16-2025,paid_search
3352,Brandon,Ward,Brandon.Ward663@yahoo.com,5543971279,New Ericfurt,USA,2025-09-01T08:06:47,paid_search
3353,Frederick,Wong,Frederick.Wong865@yahoo.com,269-799-0604x18696,Powellville,canada,28.11.2025,direct
3354,Christopher,Mclaughlin,Christopher.Mclaughlin468@hotmail.com,(889)621-0758,West Anna,FR,30.09.2025,paid_search
3355,John,Richards,John.Richards30@yahoo.com,836.331.4928,Wilsonfort,France,2025-12-30T07:36:30,email
3356,Luis,Foster,Luis.Foster481@yahoo.com,245.849.6422,West Kim,Germany,2023-07-31,social_media
3357,Allison,Allen,Allison.Allen58@gmail.com,658.608.7563,Lake Melissaton,canada,22.12.2025,direct
3358,William,Bailey,William.Bailey648@gmail.com,688-231-9272x7783,Aguilarborough,germany,2024-09-21T17:02:22,organic_search
3359,Devin,Bernard,Devin.Bernard866@gmail.com,+1-216-571-7711,Bradleyton,DE,2023-12-05T04:58:47,social_media
3360,Tamara,Henry,TAMARA.HENRY540@GMAIL.COM,(217)245-7417x91848,North Karenland,United Kingdom,24.10.2025,direct
3361,Jeremy,Brown,Jeremy.Brown416@hotmail.com,+1-421-348-9040x1139,Donnaside,CA,07-17-2025,organic_search
3362,Michelle,Hobbs,Michelle.Hobbs916@hotmail.com,(677)724-4376,Jonesport,germany,04-02-2024,referral
3363,Ronald,Berry,Ronald.Berry339@gmail.com,(383)636-5974x709,Harmonville,UK,2024-08-17T15:15:59,referral
3364,Carrie,Terry,Carrie.Terry676@hotmail.com,001-808-333-8265x61978,South Richard,USA,12-25-2023,referral
3365,Frances,Carpenter,Frances.Carpenter899@yahoo.com,001-899-727-7086x6574,Ramosmouth,DE,2023-04-19,paid_search
3366,Caroline,Browning, Caroline.Browning276@yahoo.com ,(973)580-0750x68233,New John,FR,06-18-2023,paid_search
3367,Taylor,Campbell,Taylor.Campbell758@gmail.com,+1-626-878-8657x07385,Lake Juliastad,germany,2024-02-18T22:08:47,email
3368,Eric,Dudley,Eric.Dudley165@gmail.com,(413)230-5878,Lake Kimberly,CA,2023-02-14,referral
3369,Sherri,Chapman,Sherri.Chapman23@yahoo.com,376-293-0888x37079,Andersonland,UK,2025-10-17T19:08:08,paid_search
3370,Michael,Campbell,Michael.Campbell534@yahoo.com,391-397-4708x4867,Websterburgh,Germany,2024-03-23,social_media
3371,Kelly,Rice,Kelly.Rice68@yahoo.com,,Allenborough, USA ,18.04.2024,social_media
3372,Roberto,Greer,Roberto.Greer89@hotmail.com,6942162672,Martinfort,U.K.,06.01.2024,paid_search
3373,Brian,Zamora,Brian.Zamora483@gmail.com,(315)966-7019,South Danielview,United States,2024-05-07T15:07:40,direct
3374,Kristi,Baldwin,Kristi.Baldwin963@hotmail.com,+1-520-371-8980x221,Johnsonton,DE,07-23-2025,social_media
3375,James,Edwards,James.Edwards339@gmail.com,+1-617-734-1741x4655,Port Valeriebury,U.K.,08/11/2024,social_media
3376,Michele,Mahoney,Michele.Mahoney924@yahoo.com,(591)864-9156x630,East William,USA,11.04.2023,direct
3377,Jennifer,Hicks,Jennifer.Hicks708@yahoo.com,2073443525,South Michaelfurt,Canada,24.05.2023,social_media
3378,Jordan,Smith,JORDAN.SMITH476@YAHOO.COM,+1-469-667-7813x4145,Amychester,United Kingdom,2023-01-30T14:02:09,social_media
3379,Joshua,Silva,Joshua.Silva648@hotmail.com,535-409-0435x18406,Danafurt,US,2023-11-18T03:54:32,social_media
3380,Michael,Chan,Michael.Chan753@gmail.com,(471)800-4991,Tiffanybury,France,2025-07-17,paid_search
3381,Tammy,Baker,Tammy.Baker55@yahoo.com,001-809-581-9205x091,New Erica,FR,10/03/2023,direct
3382,Sheri,Hopkins,Sheri.Hopkins465@yahoo.com,(359)332-8657,Lake Kelly,UK,23.06.2023,social_media
3383,Audrey,Rodriguez,Audrey.Rodriguez975@hotmail.com,001-730-306-2381x83924,Snyderland,FR,2024-07-19T11:24:59,direct
3384,Tristan,Ross,Tristan.Ross443@hotmail.com,001-596-507-9117x292,,U.K.,29/05/2023,social_media
3385,Sonya,Warner,Sonya.Warner539@hotmail.com,833-453-1535,,canada,22.05.2023,email
3386,Jennifer,Daniels,Jennifer.Daniels704@yahoo.com,001-324-850-4094x1477,New Elizabeth,germany,31/03/2023,email
3387,Amanda,Jones,Amanda.Jones777@hotmail.com,(844)468-2163,Smithhaven,Germany,02-27-2023,direct
3388,Ryan,Day,Ryan.Day496@hotmail.com,001-973-522-3224x263,Huntland,usa,17/05/2025,organic_search
3389,Eric,King, Eric.King227@yahoo.com ,328-978-4759x04474,Collinsview,Germany,06-29-2023,social_media
3390,Joseph,Smith,Joseph.Smith864@yahoo.com,001-540-465-2532,Kentview,DE,17.02.2024,email
3391,Elizabeth,Fischer,Elizabeth.Fischer921@yahoo.com,001-651-999-5508x9775,Lake Amy,germany,12.03.2025,organic_search
3392,David,Morris,David.Morris761@yahoo.com,4662250162,Jamesmouth,U.K.,12.05.2025,referral
3393,Scott,Martinez,Scott.Martinez580@hotmail.com,587-224-8492x6152,Karenside,United Kingdom,11-30-2024,social_media
3394,Dennis,Williams,Dennis.Williams120@hotmail.com,4824078098,New Margaretstad,usa,01-19-2024,social_media
3395,Gregory,Wilson,Gregory.Wilson153@hotmail.com,001-494-923-5479x130,New Meghan, USA ,2025-05-29T20:39:44,direct
3396,Betty,Jackson,Betty.Jackson594@gmail.com,9025279825,Kristinaview,uk,2025-04-16,referral
3397,Sarah,Jackson,Sarah.Jackson60@gmail.com,222.240.8077,South Kelsey,Germany,01-11-2024,referral
3398,Dalton,Rodriguez, Dalton.Rodriguez257@yahoo.com ,7684524608,New Markstad,usa,2023-01-21T04:01:36,email
3399,Christopher,Lopez,Christopher.Lopez772@hotmail.com,966.300.9997x49411,Victoriaton,Canada,02-04-2023,direct
3400,Jimmy,Phillips,Jimmy.Phillips832@hotmail.com,001-873-672-5901x2599,West Kathleen,UK,2024-12-14T15:11:20,paid_search
3401,Holly,Odom,Holly.Odom466@hotmail.com,001-778-967-1542x959,Port Bonniemouth,uk,05-13-2023,organic_search
3402,Emily,Pena,Emily.Pena876@gmail.com,5718910353,West Claire,United States,2025-12-08T06:20:21,social_media
3403,Danny,Mahoney,Danny.Mahoney767@gmail.com,840.851.5588,Port Sarah,Germany,15.06.2023,referral
3404,Tonya,Banks,Tonya.Banks,487.306.1154,Port Rachelhaven,Canada,2024-11-05T18:24:26,paid_search
3405,Kathleen,Oliver,Kathleen.Oliver343@yahoo.com,,Carlaville, USA ,2023-12-02,email
3406,Claire,Hardy,Claire.Hardy31@yahoo.com,595-317-3366x64814,Port Shannon,germany,14/09/2024,referral
3407,Joseph,Esparza,Joseph.Esparza163@hotmail.com,5194801106,,United States,16.02.2024,organic_search
3408,Howard,Monroe,Howard.Monroe680@gmail.com,(365)949-5189,Micheleland,canada,07/12/2024,direct
3409,Vicki,George,Vicki.George160@yahoo.com,536-298-0345x9489,Christinaton,United States,2024-11-06T15:05:36,organic_search
3410,Alice,Franklin,Alice.Franklin351@gmail.com,5065956981,North Raymond,france,23.10.2025,organic_search
3411,Brianna,Chang,Brianna.Chang129@yahoo.com,(840)630-7505x9990,New Darrellfurt,Germany,21.08.2024,organic_search
3412,Seth,Brown,Seth.Brown164@gmail.com,796.551.0592x086,Robertsview,FR,01-09-2023,organic_search
3413,Michael,Howard,Michael.Howard453@hotmail.com,693.518.5665,Samanthahaven,uk,2024-12-21T16:02:12,social_media
3414,Daniel,Hernandez,Daniel.Hernandez924@yahoo.com,288.510.7863x20197,South Courtneyhaven,canada,11-02-2024,direct
3415,David,Rodgers,DAVID.RODGERS835@GMAIL.COM,325.458.8119,Fordville,france,08-30-2024,direct
3416,Nicole,York,Nicole.York492@hotmail.com,,South Whitneyview,uk,06-13-2025,organic_search
3417,Larry,Baker,Larry.Baker872@yahoo.com,(600)642-5976x57125,Amymouth, USA ,20/01/2024,referral
3418,Ashley,Good,Ashley.Good393@yahoo.com,696-214-9901,West Kevinport,UK,2025-07-30T01:07:02,email
3419,Larry,Duncan,Larry.Duncan794@gmail.com,+1-952-816-5389x7390,Paulfort, USA ,2025-06-16,direct
3420,Michael,Hernandez,Michael.Hernandez925@yahoo.com,+1-742-303-1579x9706,East Joshuaton,Canada,25/07/2023,organic_search
3421,Laura,Kim,Laura.Kim438@gmail.com,(835)809-6801x92271,East Melissa,france,2024-02-13T23:33:06,paid_search
3422,Catherine,Perez,Catherine.Perez516@gmail.com,(301)577-2655x81326,Dianaview,U.K.,2023-07-26,social_media
3423,Sharon,Bryan,Sharon.Bryan878@gmail.com,782-533-2002,West Mariafurt,germany,2025-09-28,social_media
3424,Thomas,Parker,Thomas.Parker839@yahoo.com,685-533-1156,Melissaburgh,uk,2024-11-30T09:51:01,referral
3425,Stephanie,Mays,Stephanie.Mays765@hotmail.com,453.318.4833x649,Edwardshire,FR,2025-05-28,organic_search
3426,Robert,Cox,Robert.Cox218@hotmail.com,816.263.9303x221,Smithhaven,CA,05-09-2025,social_media
3427,Eric,Holder,Eric.Holder917@hotmail.com,,,germany,2023-07-05T10:41:59,organic_search
3428,Madison,Koch,Madison.Koch788@yahoo.com,274-312-5121x88334,Andrewsland,uk,13/03/2023,referral
3429,Brittany,Torres,Brittany.Torres264@hotmail.com,001-955-376-6962x536,South Davidberg,FR,2024-08-02T08:53:03,referral
3430,Bradley,Torres,Bradley.Torres652@yahoo.com,001-274-417-5659x230,West Tiffany,canada,2024-10-13T20:56:37,email
3431,David,Faulkner,David.Faulkner,966-443-3351,North Caseyberg, USA ,02/06/2024,social_media
3432,Susan,Austin,Susan.Austin89@yahoo.com,001-909-593-0676x42011,North Christianville,USA,01-30-2023,paid_search
3433,Anthony,Becker,Anthony.Becker65@yahoo.com,(700)352-0495x6686,East Amystad,FR,16/03/2023,paid_search
3434,Jason,Jennings,Jason.Jennings727@gmail.com,(778)539-2902,,france,04.03.2025,referral
3435,Howard,Adams,Howard.Adams916@hotmail.com,+1-807-769-6577,Jasonstad,United Kingdom,21/08/2025,referral
3436,Sydney,Friedman,Sydney.Friedman298@hotmail.com,,West Rodneyland,DE,04.05.2024,direct
3437,Gabriel,Douglas,Gabriel.Douglas639@yahoo.com,334-474-9116x08478,East Jason,canada,11/05/2024,organic_search
3438,Jennifer,Shelton,Jennifer.Shelton357@hotmail.com,,Joshuaport,Germany,2023-08-04T02:49:41,referral
3439,Amanda,Fox,Amanda.Fox350@hotmail.com,(394)645-1421x5729,South Jennifer,Germany,04/10/2023,organic_search
3440,Timothy,Robinson,Timothy.Robinson994@hotmail.com,343-482-7646,Lake Carolyn,canada,2024-01-16,paid_search
3441,Marcus,Richardson,Marcus.Richardson388@hotmail.com,(959)913-7206,North Sherry,Germany,2025-08-24T06:22:13,social_media
3442,Sydney,Murray,Sydney.Murray66@gmail.com,299.934.6862,Tanyaborough,uk,01-14-2025,social_media
3443,Anna,Montoya,Anna.Montoya365@gmail.com,001-693-782-8918x35073,Alexton,CA,27/11/2025,social_media
3444,Peter,Wilson,Peter.Wilson430@gmail.com,,West Robertmouth,canada,2025-12-02,organic_search
3445,Tanya,Cook,Tanya.Cook754@hotmail.com,(721)876-2724x38144,Christopherview,US,2024-10-16T16:44:46,social_media
3446,Brittany,Chavez,Brittany.Chavez38@gmail.com,+1-701-244-6338x4554,East Dianaberg,DE,19.01.2023,paid_search
3447,Charles,Williamson,Charles.Williamson215@hotmail.com,584.281.3120x59308,Lake Sandra,france,12-30-2023,referral
3448,Edward,Williams,Edward.Williams255@hotmail.com,417-866-9706x8382,Westton,Germany,08.05.2024,referral
3449,Gabriela,Smith,Gabriela.Smith308@gmail.com,+1-277-335-4962x595,North Jeff,Canada,11-25-2024,social_media
3450,Martin,Lopez,Martin.Lopez962@gmail.com,(553)943-6466,South Thomasmouth,germany,02-19-2024,direct
3451,Ruth,Evans,Ruth.Evans91@gmail.com,614.782.2119,Whitestad,CA,2025-11-13T23:00:29,referral
3452,Nicholas,Hooper,Nicholas.Hooper257@gmail.com,668-755-5026,West Tammyborough,germany,19/08/2025,direct
3453,Jessica,Brown,Jessica.Brown668@gmail.com,(888)849-9392,North Anthonymouth,FR,2025-04-26,referral
3454,Shelia,Small,Shelia.Small816@hotmail.com,(585)844-3052,West Mirandaville,Canada,26/12/2023,referral
3455,Ryan,Cobb,Ryan.Cobb190@gmail.com,+1-670-272-7420x0502,Hudsonbury,usa,01-08-2025,social_media
3456,Carrie,Ramos,Carrie.Ramos864@hotmail.com,+1-781-204-8591,Michelleburgh,United Kingdom,05-04-2024,organic_search
3457,Nicole,Phillips,Nicole.Phillips356@yahoo.com,740.341.4714x08877,Helenfurt,United States,08-30-2025,direct
3458,Chelsea,Greer,Chelsea.Greer316@gmail.com,001-613-279-0168,Hollyfurt,United Kingdom,25.07.2023,referral
3459,Hannah,Hall,Hannah.Hall143@hotmail.com,001-694-479-1415x928,Suarezfurt,germany,2023-12-20T19:39:25,referral
3460,Tracy,Wilkinson,Tracy.Wilkinson300@yahoo.com,,South Matthewmouth,uk,2023-12-25,referral
3461,Joshua,Russell,Joshua.Russell558@yahoo.com,001-378-856-3716x43611,Brianastad,CA,13/03/2024,organic_search
3462,Vicki,Taylor,VICKI.TAYLOR250@GMAIL.COM,,Wilsonhaven,Germany,18.03.2025,organic_search
3463,Troy,Henry,Troy.Henry718@gmail.com,563-343-2510x11028,Ashleyland,Canada,20.10.2025,organic_search
3464,Joseph,Brown,Joseph.Brown827@gmail.com,001-820-317-4748x1579,Oliviaborough,usa,2023-03-12,organic_search
3465,Kimberly,Brown,Kimberly.Brown422@hotmail.com,224-958-2470,New Henryhaven,usa,07-15-2024,social_media
3466,Dawn,Cox,DAWN.COX769@YAHOO.COM,001-336-742-5424x7026,Raymondchester,US,13/02/2025,referral
3467,Catherine,Anderson,Catherine.Anderson783@gmail.com,529.572.2318x7086,Kariview,United Kingdom,2025-02-22,direct
3468,Michael,Perkins, Michael.Perkins888@yahoo.com ,,New Geraldtown,United States,06-20-2024,paid_search
3469,Haley,Best,Haley.Best640@hotmail.com,869-480-2844x02783,Arnoldview,france,2024-07-22,email
3470,Christine,Phillips,Christine.Phillips504@hotmail.com,+1-447-890-4475x15379,Port Katherinetown,germany,2023-10-30T02:46:21,social_media
3471,Paula,Townsend,Paula.Townsend934@gmail.com,282.800.0297,Crossside,United States,2024-06-28,email
3472,Don,Adams,Don.Adams658@yahoo.com,+1-353-809-2222x1288,East Lauramouth,USA,2023-12-12,social_media
3473,Lori,Fuentes,Lori.Fuentes445@gmail.com,001-823-227-2344x241,New Alicia,usa,2023-09-07,social_media
3474,Dawn,Miller,Dawn.Miller779@hotmail.com,001-494-682-2332,Websterfurt,germany,06.12.2023,paid_search
3475,David,Silva,David.Silva841@yahoo.com,508-518-6321,Zunigamouth,Canada,06.01.2024,referral
3476,Jennifer,Becker,Jennifer.Becker114@gmail.com,945-254-4722,Port Josephhaven,UK,2025-05-04T22:06:37,paid_search
3477,Rebecca,Hull,Rebecca.Hull872@hotmail.com,+1-974-642-2597x303,Deborahhaven,United Kingdom,10.05.2023,social_media
3478,Jason,Good,Jason.Good253@yahoo.com,,East Jessica,Canada,23.09.2025,email
3479,Karen,Beasley,Karen.Beasley575@gmail.com,(708)930-7736x6758,Friedmanmouth,Canada,2024-04-20T17:32:34,social_media
3480,Taylor,Young,Taylor.Young611@gmail.com,838-637-9023x89405,Jamesville,UK,10/12/2025,paid_search
3481,Stephanie,Jackson,Stephanie.Jackson421@hotmail.com,412.407.9624x80995,Dianemouth, USA ,2023-09-20,referral
3482,Mark,Wilson,Mark.Wilson341@yahoo.com,001-737-720-1701x175,Gibsonport,United Kingdom,05.08.2023,organic_search
3483,Timothy,Richardson,Timothy.Richardson571@gmail.com,,Chavezport,United Kingdom,09-16-2025,social_media
3484,Michelle,Green,Michelle.Green708@hotmail.com,+1-589-207-1677x880,West Tracey,germany,21/01/2023,direct
3485,Barbara,Taylor,Barbara.Taylor404@hotmail.com,+1-500-583-3418x71550,Port Maryhaven,U.K.,05/11/2024,email
3486,Sherry,Boyle,Sherry.Boyle,001-354-931-3731x29504,Annetteshire,U.K.,2023-04-29T10:38:17,social_media
3487,Steven,Taylor,Steven.Taylor7@gmail.com,+1-892-578-0992x8398,Lake Benjaminburgh,United States,12/11/2023,referral
3488,Anthony,Bean,ANTHONY.BEAN289@YAHOO.COM,+1-363-603-8169,Castillomouth,france,08.10.2023,direct
3489,Deborah,Hale,Deborah.Hale998@hotmail.com,001-764-644-9118x5101,South Kimberly,uk,2023-04-16,email
3490,Gregory,Cook,Gregory.Cook482@yahoo.com,601.480.8725,North David,CA,23/05/2024,email
3491,Danielle,Alvarez,Danielle.Alvarez161@gmail.com,652.315.2723x1143,Reyesbury,DE,03-04-2024,paid_search
3492,Amber,Butler,Amber.Butler139@yahoo.com,001-759-572-7771x98460,Stephaniemouth,FR,09/12/2024,referral
3493,Danielle,Alexander,Danielle.Alexander901@gmail.com,,Sparksbury,FR,2025-09-28T11:05:21,social_media
3494,Jordan,Lucas,Jordan.Lucas207@yahoo.com,,Davisport,uk,2023-03-23T20:58:07,email
3495,Katherine,Morales,Katherine.Morales618@gmail.com,+1-229-317-7360x539,Port Alexanderton,France,12.07.2025,email
3496,Timothy,Warner,Timothy.Warner680@hotmail.com,918.226.3741,East Jacob,USA,02.04.2025,organic_search
3497,Brian,Robertson,Brian.Robertson887@hotmail.com,639.722.7445,Kaylafort, USA ,04.10.2024,direct
3498,Stacey,Wallace,Stacey.Wallace33@yahoo.com,,West Justin,UK,2025-11-02T16:36:50,organic_search
3499,Samuel,Rhodes,Samuel.Rhodes603@hotmail.com,617.440.6686x799,Lake Kelseyville,germany,2023-05-24,social_media
3500,Jeffery,Patterson,Jeffery.Patterson451@hotmail.com,(537)261-8259,Holmesfort,FR,10-25-2023,email
3501,Anne,Greene,Anne.Greene852@gmail.com,212.412.6358x15671,Jacksonmouth,canada,01.10.2025,direct
3502,Katelyn,Fitzgerald,Katelyn.Fitzgerald376@hotmail.com,935.462.8443,New Jonathan,france,08.04.2025,social_media
3503,Jennifer,Garcia,Jennifer.Garcia694@gmail.com,(320)404-3209x182,Timothyfurt,US,07/05/2023,email
3504,Donna,Jordan,Donna.Jordan127@hotmail.com,583.903.1729x409,Christopherfort,Germany,10.09.2023,social_media
3505,Robert,Zamora, Robert.Zamora278@hotmail.com ,681-741-9679x918,,United Kingdom,2025-06-29T13:27:23,organic_search
3506,Carlos,Hernandez,Carlos.Hernandez793@hotmail.com,001-849-665-3851x9405,Cynthiashire,Canada,2025-06-29T22:06:35,paid_search
3507,Melanie,Benson,Melanie.Benson537@gmail.com,907-452-8799,Port Tammy,FR,2024-09-17T05:36:07,paid_search
3508,Matthew,Floyd,Matthew.Floyd603@hotmail.com,001-450-722-5931x227,Nicoleshire,U.K.,24.08.2023,email
3509,Lisa,Noble,Lisa.Noble418@hotmail.com,6308795825,Rasmussenberg,CA,07.11.2025,direct
3510,John,Brooks,John.Brooks496@hotmail.com,883.490.7516x3806,Fischerport,canada,20.10.2023,organic_search
3511,Alexander,Neal,Alexander.Neal826@gmail.com,537.822.9176x480,,germany,08-07-2023,paid_search
3512,Casey,Walters,Casey.Walters63@yahoo.com,640-629-1956x5058,,US,2023-09-05,email
3513,Chad,Fowler,Chad.Fowler477@hotmail.com,(528)735-6022,North Elizabethport,DE,2025-07-06T20:57:32,organic_search
3514,Natalie,Braun,Natalie.Braun219@hotmail.com,(236)693-8058x4607,West Ellen,DE,28.07.2025,direct
3515,Daniel,Brooks,Daniel.Brooks705@gmail.com,872-561-0845,Port Nicolemouth,France,03/08/2025,paid_search
3516,Evelyn,Mcpherson,Evelyn.Mcpherson148@gmail.com,001-526-950-8899x75585,Gamblehaven,Germany,2024-04-20,social_media
3517,Mary,Simmons,Mary.Simmons432@yahoo.com,,New Richardland,FR,15/08/2025,direct
3518,Daniel,Dunn,Daniel.Dunn447@hotmail.com,+1-974-747-3217,Louisport,United States,19/12/2024,email
3519,Paula,Mclean,PAULA.MCLEAN264@YAHOO.COM,6607855883,Campbellbury,United States,2023-11-13T02:01:04,email
3520,Sarah,Nash,Sarah.Nash,(741)815-6527x701,South Richard,DE,2024-07-22,direct
3521,Katherine,Cunningham,Katherine.Cunningham285@gmail.com,+1-705-627-9200,Allenville,germany,31.05.2023,direct
3522,Robert,Gill,Robert.Gill568@yahoo.com,,Williamsfurt,US,2024-04-04,paid_search
3523,Cynthia,Elliott,Cynthia.Elliott878@gmail.com,(537)555-8388,Lake Christopher,DE,2025-02-01T04:51:22,organic_search
3524,Bonnie,Curtis,Bonnie.Curtis31@yahoo.com,685-992-8206x6653,Moonland,United Kingdom,15.01.2025,social_media
3525,Austin,Smith,Austin.Smith409@gmail.com,,North Benjaminborough, USA ,04.12.2024,direct
3526,Paula,Adkins,Paula.Adkins445@yahoo.com,(417)980-8864x49916,Osbornestad,france,03-28-2025,email
3527,Adam,Boyer,Adam.Boyer393@hotmail.com,001-942-750-1229x15353,South Charles,USA,2025-07-03,referral
3528,Brittany,Lin,Brittany.Lin899@hotmail.com,(916)224-2933x8010,South Stevenport,CA,02-10-2024,social_media
3529,Kyle,Smith,Kyle.Smith21@gmail.com,486-549-1750x7831,North Melissa,france,2024-07-04,email
3530,Melissa,Perez,Melissa.Perez79@hotmail.com,362.817.4103x7514,Annchester,uk,06/11/2023,direct
3531,Heather,Rice,Heather.Rice41@hotmail.com,,East Chelsea,uk,10.08.2023,direct
3532,Shawn,Brennan,Shawn.Brennan631@gmail.com,+1-727-786-0284x9635,North Donaldshire,Germany,2024-05-29T08:57:57,social_media
3533,Lisa,Baker,Lisa.Baker783@hotmail.com,001-595-225-3595,Port Ashleystad,france,2025-04-02,email
3534,Joseph,Cross,Joseph.Cross9@gmail.com,294-545-9914x52102,Smithmouth,France,25.01.2023,organic_search
3535,Charles,Hood,CHARLES.HOOD275@HOTMAIL.COM,,Johnsonport,France,08-19-2023,email
3536,Sherri,Jones,Sherri.Jones981@gmail.com,4043687975,North Aliciaside,CA,19/03/2023,organic_search
3537,Ryan,Evans,Ryan.Evans100@yahoo.com,,Jasminehaven,Canada,06-03-2023,email
3538,Patrick,Thomas,Patrick.Thomas795@gmail.com,+1-505-444-1710x567,Lake Mikayla,DE,2025-12-08T06:55:22,paid_search
3539,Deanna,Webster,Deanna.Webster838@gmail.com,706.348.7235x838,Walterberg,usa,2024-10-19,paid_search
3540,Brian,Marshall, Brian.Marshall883@gmail.com ,5484307627,Matthewside,Germany,2025-06-05T13:27:03,direct
3541,Eric,Kirby,Eric.Kirby733@yahoo.com,883.526.2250,Alyssamouth,uk,2025-11-15,paid_search
3542,Joe,Francis,Joe.Francis589@hotmail.com,(730)214-6467,New Brian,US,2025-03-22,email
3543,Carrie,Murphy,Carrie.Murphy41@yahoo.com,285-320-3971,West Katelynborough,U.K.,25/01/2024,paid_search
3544,Jeffery,Cox,Jeffery.Cox152@gmail.com,001-880-299-3409,Lake Allisonfort,usa,05/06/2024,email
3545,Natalie,Powell,Natalie.Powell686@yahoo.com,+1-786-955-8422x52776,Michaelchester,United States,2024-10-18T19:48:34,organic_search
3546,Mckenzie,Mercado,Mckenzie.Mercado14@yahoo.com,(592)477-5019,Davidchester,france,16/03/2023,social_media
3547,Mallory,Collins,Mallory.Collins861@yahoo.com,(422)516-6095,West Chelseamouth,U.K.,10.11.2025,paid_search
3548,Charles,Roberts,Charles.Roberts627@hotmail.com,4356777931,West Brittanyhaven,usa,2025-04-29T05:10:21,email
3549,Patrick,Sanford,Patrick.Sanford246@yahoo.com,(531)675-5337,Mcgrathchester,Canada,04.06.2024,paid_search
3550,Jeff,Marks,Jeff.Marks622@hotmail.com,(758)958-2765x46991,Lake Anthony,france,09/03/2023,referral
3551,John,Vasquez,John.Vasquez882@hotmail.com,281-944-2983x68761,Andrewfurt,USA,13/01/2025,direct
3552,Christian,Spears,Christian.Spears777@yahoo.com,001-855-310-7498x18869,West Angelatown,germany,07-15-2023,direct
3553,Caleb,Jones,Caleb.Jones75@hotmail.com,829.470.1268x315,Jacobfurt,canada,2025-12-18T15:41:56,email
3554,Brandon,Fowler,Brandon.Fowler52@gmail.com,001-416-397-6905x43526,Jenniferland,france,2023-10-06,organic_search
3555,Brandi,Smith,Brandi.Smith2@gmail.com,+1-332-471-0732x57592,Port Austin,US,2025-03-18,direct
3556,Tina,Valencia,Tina.Valencia481@hotmail.com,+1-690-856-4317x210,Port Lisa,FR,01/08/2024,social_media
3557,Krystal,Warren,Krystal.Warren232@yahoo.com,001-770-519-8783x50544,New Danielville,canada,03/09/2025,email
3558,Edgar,Carter,Edgar.Carter371@yahoo.com,,New Bettyborough,DE,12/12/2025,organic_search
3559,Jonathan,Garcia,Jonathan.Garcia539@yahoo.com,+1-605-540-7647x1862,Kelleyville,US,2025-03-22T19:27:02,referral
3560,Jaime,Phillips, Jaime.Phillips181@yahoo.com ,694.780.7207,Markport,FR,20.05.2024,referral
3561,Brian,Anderson,Brian.Anderson771@yahoo.com,001-476-902-1806x6725,Port Jessica,uk,12-30-2023,paid_search
3562,Lisa,Scott,Lisa.Scott655@yahoo.com,(519)206-7742x108,Clarkview,canada,2025-05-09T23:29:54,referral
3563,Kenneth,Flowers,Kenneth.Flowers765@yahoo.com,408-542-5754,Luceromouth,uk,24/11/2025,direct
3564,Jason,Scott,Jason.Scott942@yahoo.com,(448)768-9832,West Anthony,germany,02/11/2024,direct
3565,Susan,White,Susan.White730@yahoo.com,269-703-3847x137,Hobbsfort,USA,16.04.2023,social_media
3566,Jessica,Taylor,Jessica.Taylor507@gmail.com,420-204-0234,East Erica,Germany,02-15-2025,referral
3567,Amy,Davidson,Amy.Davidson696@hotmail.com,853-850-0215x6383,Knightborough,FR,2023-10-04,referral
3568,Richard,Morgan,Richard.Morgan808@yahoo.com,001-694-791-9978x5134,Johnburgh,USA,29/04/2023,social_media
3569,Candace,Jimenez,Candace.Jimenez501@gmail.com,859.842.8318x8861,Hallport,US,2023-03-29T20:34:23,email
3570,Jack,Hunt, Jack.Hunt680@gmail.com ,+1-911-254-1682x497,Ericaview,USA,09-17-2025,paid_search
3571,Elizabeth,Wilson,Elizabeth.Wilson879@hotmail.com,+1-240-965-4765x12674,Lindastad,CA,03-18-2025,direct
3572,Craig,Palmer,Craig.Palmer305@yahoo.com,(762)493-3495x651,Lake Stephanie,canada,2023-09-12T21:20:50,paid_search
3573,Jason,Brown,Jason.Brown185@yahoo.com,560.559.6765x6124,Jonathanport,United Kingdom,2024-04-20T15:43:45,social_media
3574,Patrick,Lindsey,Patrick.Lindsey496@yahoo.com,001-638-592-5291,Sosamouth,germany,2024-11-16T19:22:14,social_media
3575,Danielle,Barrett,Danielle.Barrett682@hotmail.com,6836116867,Warrenchester,United States,2023-01-03T17:07:24,organic_search
3576,Martha,Rangel,Martha.Rangel31@gmail.com,(607)618-1169,Lake Amyberg,canada,2025-09-12T09:37:09,email
3577,Phillip,Morrison,Phillip.Morrison782@hotmail.com,987-601-5398,West Karenland,germany,2023-07-04,paid_search
3578,Becky,Aguilar,Becky.Aguilar378@hotmail.com,001-449-885-1174,West Davidmouth,UK,03-22-2024,paid_search
3579,Kyle,Phillips,Kyle.Phillips381@gmail.com,(328)258-9370,West Shawn,germany,16/02/2025,social_media
3580,Joshua,Kerr,Joshua.Kerr993@hotmail.com,001-210-304-9246,New Courtney,usa,03.04.2024,social_media
3581,Jordan,Pena,Jordan.Pena275@hotmail.com,001-872-963-1508x1086,West Sarahberg,DE,02-14-2025,referral
3582,Jo,Howard,Jo.Howard673@hotmail.com,590.735.4064x282,Lindseyhaven,France,2025-06-22T12:09:04,direct
3583,Renee,Ross,Renee.Ross229@hotmail.com,,New Jenniferchester,U.K.,2024-11-20T14:19:03,paid_search
3584,Justin,Hubbard,Justin.Hubbard668@hotmail.com,,Charlesburgh,USA,2025-01-04T02:48:41,social_media
3585,Christopher,Young,Christopher.Young523@hotmail.com,(405)893-7062x7235,Jenniferborough,usa,2024-09-07,organic_search
3586,Patrick,Rodriguez,Patrick.Rodriguez670@hotmail.com,+1-670-957-1629,Sabrinahaven,canada,02/09/2025,referral
3587,Trevor,Williams,Trevor.Williams954@gmail.com,001-664-561-4699,Richardton,DE,2025-03-14T16:02:39,email
3588,David,Drake,David.Drake370@hotmail.com,,Angelachester,US,09.01.2024,email
3589,Shawn,Glover,Shawn.Glover953@hotmail.com,+1-553-824-9753x930,Port Cherylshire,france,20/01/2023,referral
3590,Jason,Gray,Jason.Gray795@gmail.com,886.515.7423,Doyletown,Canada,2025-08-22T09:31:57,organic_search
3591,Emily,Hayes,Emily.Hayes256@yahoo.com,,New Ryanside,Canada,21.06.2023,organic_search
3592,Nicole,Smith,Nicole.Smith177@yahoo.com,(512)804-6545x6566,South James,FR,2023-06-24T17:13:06,direct
3593,Janice,Contreras,Janice.Contreras572@gmail.com,392.222.3042,South Brooke,U.K.,2024-10-23T20:15:24,direct
3594,Teresa,Duncan,TERESA.DUNCAN200@GMAIL.COM,4485793701,West Kelsey,usa,30/12/2023,paid_search
3595,Martha,Carroll,Martha.Carroll557@hotmail.com,477.459.0129,North Carlos,UK,2024-12-19T21:47:43,social_media
3596,Jason,Smith,Jason.Smith421@yahoo.com,474-408-5074x91139,Port Tonya,Germany,2025-01-07,email
3597,Bethany,Goodman, Bethany.Goodman252@hotmail.com ,282.268.3138,East Anna,canada,11.04.2023,organic_search
3598,Maria,Hardin,Maria.Hardin324@hotmail.com,736.814.0476x194,,FR,2024-11-24,direct
3599,Christopher,Caldwell, CHRISTOPHER.CALDWELL543@YAHOO.COM ,+1-618-411-0699,East Sarah,US,11.05.2025,email
3600,Bryan,Oliver,Bryan.Oliver512@hotmail.com,295.989.3201x08981,East Dylan,U.K.,24/05/2025,email
3601,Lauren,Valdez,Lauren.Valdez782@hotmail.com,547.683.0194x4108,Johnmouth,uk,16/04/2025,email
3602,John,Carter,John.Carter160@yahoo.com,+1-541-478-5847x702,North Brian,France,2023-06-02,paid_search
3603,Cameron,Gonzales,Cameron.Gonzales298@gmail.com,+1-210-443-9792x341,Drewton,CA,2024-10-23,referral
3604,Marc,Mcdaniel, Marc.Mcdaniel328@gmail.com ,906-926-8441,,United Kingdom,06.09.2025,email
3605,Kristin,Flowers,Kristin.Flowers78@hotmail.com,+1-661-476-8729x620,Richardsonside,canada,12.02.2025,referral
3606,Courtney,Brown,Courtney.Brown622@gmail.com,001-841-700-8259x230,North Timothyside,United Kingdom,11/06/2025,referral
3607,Eugene,Combs,Eugene.Combs542@gmail.com,228-780-0496x05469,New Kevinshire,germany,12-10-2024,email
3608,Joy,Barrett,Joy.Barrett116@gmail.com,904.720.4730x8788,South Jeffrey,United States,2025-03-10T02:20:56,paid_search
3609,Gabriel,Goodman,Gabriel.Goodman186@yahoo.com,913-233-5802x1037,East Johnborough,FR,20/11/2023,paid_search
3610,Louis,Taylor,Louis.Taylor528@yahoo.com,,South Gordonport,FR,16.06.2023,referral
3611,Elizabeth,Harmon,Elizabeth.Harmon383@yahoo.com,608.583.2860x4161,Marybury,DE,2024-01-19,direct
3612,Lindsey,Torres,Lindsey.Torres332@gmail.com,,Port Kyle,USA,10-21-2024,social_media
3613,Michael,Stewart,Michael.Stewart747@hotmail.com,364-333-3040x3058,Elainestad,US,2023-09-15T23:56:47,organic_search
3614,Joel,Smith,Joel.Smith625@yahoo.com,(392)658-0994,South Sarah,Canada,19/11/2024,social_media
3615,John,Jones,John.Jones378@hotmail.com,486.455.6850,Lake Amandastad,canada,2023-02-11T20:45:53,paid_search
3616,James,Mann,James.Mann748@yahoo.com,+1-592-779-5132x46518,West Ryanburgh,France,2024-10-28T23:02:34,referral
3617,Bradley,Cross,Bradley.Cross797@gmail.com,001-379-283-4007x7160,Port Daniel,France,2023-04-08T21:24:28,email
3618,Sarah,Trujillo,Sarah.Trujillo657@yahoo.com,+1-796-532-1553x397,South Tinaberg,canada,20.10.2025,email
3619,Lisa,Walls, Lisa.Walls953@hotmail.com ,,Garciaburgh,FR,2024-07-22,email
3620,Savannah,Moore,Savannah.Moore410@gmail.com,+1-700-225-9375x8183,East Dustinfort,canada,2023-02-25,email
3621,Stephanie,Adams,Stephanie.Adams728@hotmail.com,897.657.8423x51802,North Cynthia,France,2024-12-08T10:32:44,paid_search
3622,Brenda,Savage,Brenda.Savage637@hotmail.com,541.463.4477x92796,West Miguelland,US,24/06/2025,referral
3623,Mary,Owen,Mary.Owen969@hotmail.com,+1-370-745-3304x3494,Lake Paul,france,31.07.2025,direct
3624,Thomas,Carter,Thomas.Carter8@gmail.com,+1-273-514-0290x30081,North Darrenport,FR,2025-01-16T07:07:43,social_media
3625,Alexander,Cooper,Alexander.Cooper489@hotmail.com,286.721.6348x443,,france,07-17-2025,organic_search
3626,Jason,House,Jason.House419@hotmail.com,855.308.2382x8881,South Denise,Canada,05/03/2025,referral
3627,Bianca,Murphy,Bianca.Murphy848@hotmail.com,+1-507-732-7146,Kellyside,Germany,11-15-2023,direct
3628,Kevin,Briggs,Kevin.Briggs318@yahoo.com,,Port Rhonda,France,2024-01-29,referral
3629,Jennifer,Rowe,Jennifer.Rowe35@hotmail.com,620.632.3832x270,East Thomas,UK,2025-11-22T04:30:03,email
3630,Heather,Johnson,Heather.Johnson549@yahoo.com,(558)359-2458x023,New Corystad,Canada,30.01.2025,social_media
3631,Deborah,Le,Deborah.Le753@hotmail.com,5519438827,Rebeccaton,Germany,24/06/2025,social_media
3632,Brenda,Green,Brenda.Green41@yahoo.com,318.513.2406x2146,West Jorge,US,2025-10-25,organic_search
3633,Jaime,Cummings,Jaime.Cummings826@yahoo.com,3256556348,Port Nataliestad,FR,06/01/2025,organic_search
3634,Steven,Gibson,Steven.Gibson157@gmail.com,,Lake Shannonview,France,14.08.2025,paid_search
3635,Anne,Thomas,ANNE.THOMAS389@HOTMAIL.COM,+1-239-466-5285x1419,Ramirezmouth,usa,12-04-2024,direct
3636,Joshua,Jenkins,Joshua.Jenkins92@hotmail.com,+1-592-750-7633x7364,South Daniel,DE,2023-04-03,social_media
3637,Corey,Long,Corey.Long35@gmail.com,400.595.8304x2863,,U.K.,2023-03-18T23:41:43,social_media
3638,Carl,Thompson,Carl.Thompson639@yahoo.com,001-557-747-4493x667,North Ricardo,FR,02/11/2025,direct
3639,Abigail,Evans,Abigail.Evans576@gmail.com,597.740.9393x49647,New Jennifer,Germany,2025-11-10T03:32:30,organic_search
3640,Michelle,Parrish,Michelle.Parrish227@gmail.com,454-826-2671,Brownborough,france,01-12-2024,direct
3641,Ryan,Aguilar,Ryan.Aguilar850@yahoo.com,(673)922-1775x9414,Mclaughlintown,france,03-13-2023,paid_search
3642,Kayla,Peterson,KAYLA.PETERSON562@GMAIL.COM,569.879.1627x624,Port Richardton,france,04/05/2025,social_media
3643,Benjamin,Owens,Benjamin.Owens11@hotmail.com,,East Jeanne,US,2025-07-06,email
3644,Danielle,Colon,Danielle.Colon514@hotmail.com,001-417-387-3563,New Stacyside, USA ,2023-07-30,paid_search
3645,Rachael,Garcia,Rachael.Garcia389@yahoo.com,(269)787-7351,Lewisport,FR,05-31-2024,email
3646,Kimberly,Jenkins,Kimberly.Jenkins379@yahoo.com,4095479479,Roweville,Germany,22.06.2025,referral
3647,Paul,Jenkins,Paul.Jenkins177@gmail.com,001-990-987-9296x8636,Hallfurt,DE,17.10.2025,social_media
3648,Paul,Boyer,Paul.Boyer373@gmail.com,336.500.7550x4084,Port Vincent,DE,03/09/2023,direct
3649,Brent,Jones,Brent.Jones777@yahoo.com,,Port Amy,Canada,02-22-2025,social_media
3650,David,Cochran,David.Cochran919@hotmail.com,890.377.9886x1825,Simmonston,Germany,05-30-2025,social_media
3651,Paige,Tran,Paige.Tran649@gmail.com,(880)322-2446,Nguyenfort,france,2025-01-25,direct
3652,Holly,Howard,Holly.Howard856@yahoo.com,,Ortizburgh,France,20/09/2025,organic_search
3653,Melinda,Kelly,Melinda.Kelly831@yahoo.com,5436883392,New Beckyville,France,04/12/2023,email
3654,Jacob,Foster,Jacob.Foster722@hotmail.com,676-449-8577,Clarkmouth,Germany,07/07/2024,email
3655,Ashley,Friedman,Ashley.Friedman361@gmail.com,+1-470-854-7209x26465,Loveview,United States,21/10/2023,organic_search
3656,Rachel,Rodriguez,Rachel.Rodriguez262@hotmail.com,,,canada,21/12/2024,direct
3657,Mary,Jones, Mary.Jones888@yahoo.com ,(880)273-1001x79776,East Ethantown,UK,11.11.2025,paid_search
3658,Deborah,Wright,Deborah.Wright161@hotmail.com,(642)338-2235x52209,West Teresa,usa,13.01.2024,paid_search
3659,Diamond,Morales,Diamond.Morales959@hotmail.com,+1-812-702-5409x4113,Michaelmouth,germany,2024-05-14T05:37:50,paid_search
3660,Heather,Davis,Heather.Davis938@yahoo.com,969-783-6495x09262,Hernandezborough,DE,07.11.2025,direct
3661,Jennifer,Garcia,Jennifer.Garcia551@hotmail.com,706.614.3288,Williamsshire,uk,15.08.2024,referral
3662,Lisa,Smith,Lisa.Smith207@hotmail.com,001-281-689-2371,Bethfort,Canada,05.04.2025,social_media
3663,Cole,Garcia,Cole.Garcia932@hotmail.com,(546)389-0688x78580,Lake Leah,France,2024-03-04,paid_search
3664,Laura,Webb,Laura.Webb127@gmail.com,,Jamesside,usa,31/01/2023,social_media
3665,Julia,Cook,Julia.Cook568@hotmail.com,001-989-953-4297x039,East Sherry,United States,2023-07-16,organic_search
3666,Aaron,Johnson, Aaron.Johnson287@gmail.com ,432-269-4410x423,Lake Monicaside,DE,02/09/2023,referral
3667,Tiffany,Diaz,Tiffany.Diaz756@yahoo.com,(533)648-7819,North Bryce,france,19.07.2024,email
3668,Justin,Newman,Justin.Newman369@yahoo.com,957.532.5141x561,East Joshuaberg,France,2023-02-14T13:44:50,organic_search
3669,Darrell,Perkins,Darrell.Perkins867@hotmail.com,(747)561-7403,,FR,17/10/2023,paid_search
3670,Jasmine,Williams,Jasmine.Williams566@yahoo.com,(784)617-2734x0697,East Veronicaburgh,uk,2023-10-27,paid_search
3671,Patrick,Higgins,Patrick.Higgins979@gmail.com,,Port Kristinemouth,United Kingdom,10.09.2025,email
3672,Sarah,Bartlett,Sarah.Bartlett140@hotmail.com,+1-592-929-8309x2213,West Elizabethton,usa,2024-12-25T06:41:48,referral
3673,Jay,Cuevas,Jay.Cuevas956@yahoo.com,9725943062,Matthewberg,DE,12-02-2023,organic_search
3674,Ashley,Mckenzie,Ashley.Mckenzie483@hotmail.com,228.455.8679x316,Palmerborough,Germany,2024-02-09,paid_search
3675,Tara,Love,Tara.Love618@hotmail.com,465.361.2806x955,North Heathermouth,France,2025-03-12T06:26:50,organic_search
3676,Jason,Sanders,Jason.Sanders648@gmail.com,466-378-5971x34112,West Garyborough,Germany,08.07.2025,direct
3677,Andrea,Santiago,Andrea.Santiago631@hotmail.com,(247)796-5545,Josehaven,france,23.12.2023,paid_search
3678,Nicole,Burke,Nicole.Burke589@hotmail.com,001-606-690-4398x78889,,Canada,30/08/2024,referral
3679,Katrina,Kirk,Katrina.Kirk790@yahoo.com,2267909594,North Theresa,uk,29.09.2024,social_media
3680,Alicia,Williamson,Alicia.Williamson54@gmail.com,7775730881,East Tarabury,germany,06/07/2024,email
3681,Jamie,Ashley,Jamie.Ashley856@yahoo.com,305.429.7925x384,Matthewsville,germany,02-04-2023,referral
3682,Kristin,Thomas, Kristin.Thomas505@gmail.com ,325.888.8404,South Joshua,canada,2023-04-22,email
3683,Derrick,Anderson,Derrick.Anderson646@gmail.com,654-844-8502,North Erikaland,Canada,05/01/2023,paid_search
3684,Paul,Ferguson,Paul.Ferguson826@gmail.com,813.277.9730x9514,Leefort,Canada,2023-06-20T11:22:24,organic_search
3685,George,Parker,George.Parker694@gmail.com,+1-824-504-4012x1785,Jamesland, USA ,09/06/2025,email
3686,Joshua,Diaz,Joshua.Diaz213@gmail.com,829-804-3128,Bryantstad, USA ,2024-04-09,email
3687,Patrick,Ross,Patrick.Ross54@hotmail.com,,South John,US,08.07.2025,referral
3688,Kathryn,Hernandez,Kathryn.Hernandez477@hotmail.com,,Alexandraville,U.K.,11.01.2025,organic_search
3689,Richard,Combs,RICHARD.COMBS12@GMAIL.COM,699-890-8701,New Terrenceton,france,04-21-2024,paid_search
3690,Kristen,Thornton,Kristen.Thornton374@yahoo.com,001-639-424-6783x146,Kelseyhaven,Germany,2023-08-13,paid_search
3691,Lisa,Gross,Lisa.Gross803@gmail.com,(943)596-9647,East Travis,canada,17/05/2025,social_media
3692,Jonathan,Stephenson,Jonathan.Stephenson991@hotmail.com,001-829-621-3324x061,Smithfurt,France,2023-03-31T13:22:10,organic_search
3693,Brianna,Pruitt,Brianna.Pruitt197@yahoo.com,350-556-9582x616,Tammyhaven,DE,07/10/2025,email
3694,Emma,Jones,Emma.Jones540@yahoo.com,+1-602-956-2197,Williamsport,US,25.08.2023,paid_search
3695,Brian,Thomas,Brian.Thomas995@gmail.com,,Dwaynechester,usa,22/06/2024,social_media
3696,Leslie,Moore,Leslie.Moore374@gmail.com,,Brownfurt,FR,2024-02-22,direct
3697,Kenneth,Johnson,Kenneth.Johnson,5723476605,New Jacqueline,germany,2024-09-27,referral
3698,Katherine,Clark,Katherine.Clark,966.693.7772x4242,East Meghanfort,uk,2023-07-05T17:56:48,organic_search
3699,Danielle,Townsend,Danielle.Townsend397@gmail.com,,Port Jill,Germany,12/03/2024,organic_search
3700,Duane,Hester,Duane.Hester849@gmail.com,699-287-7999x481,Mannville,france,2025-02-18T13:01:18,social_media
3701,Gregory,Ellis,Gregory.Ellis66@yahoo.com,704-808-6732,Abigailtown,USA,2024-08-18T04:43:43,direct
3702,Nicholas,Moore,Nicholas.Moore567@yahoo.com,365-469-3865,West Josestad,usa,26/02/2024,social_media
3703,Latasha,Shaw,Latasha.Shaw260@hotmail.com,486.547.7016x9620,South David,USA,23.10.2023,paid_search
3704,Victoria,Ross,Victoria.Ross976@gmail.com,+1-781-337-8956x23543,New Tina,Canada,2023-05-31T02:53:05,referral
3705,Larry,Gardner,Larry.Gardner57@hotmail.com,(338)259-5240x50045,Daychester,uk,23/11/2024,paid_search
3706,Alexander,Hawkins,Alexander.Hawkins401@gmail.com,001-759-524-3981,East Stacey,uk,2024-01-21,email
3707,Margaret,Brown,Margaret.Brown10@gmail.com,468-366-0289,Christinafurt,U.K.,2024-03-12,paid_search
3708,Rhonda,Oneal,Rhonda.Oneal761@hotmail.com,001-817-381-5483,West Johnbury,uk,2023-04-04T23:15:51,referral
3709,Jeffrey,Gray,Jeffrey.Gray856@hotmail.com,,Justinborough,germany,2025-12-15,social_media
3710,Justin,Haynes,Justin.Haynes650@gmail.com,8348267845,North Katrinastad,US,02/05/2024,social_media
3711,Raymond,Brewer,Raymond.Brewer255@yahoo.com,8968405787,Port Kendraland,FR,01-07-2025,paid_search
3712,Thomas,Gardner,Thomas.Gardner817@hotmail.com,+1-961-947-3074x802,South James,usa,2023-02-07,referral
3713,Daniel,Matthews,Daniel.Matthews571@hotmail.com,(699)546-5217x45658,Hartport,uk,02-13-2023,organic_search
3714,Megan,Barker,Megan.Barker495@gmail.com,+1-368-741-4579x55738,Loveshire,FR,10.03.2025,organic_search
3715,Sheila,Fritz,Sheila.Fritz759@hotmail.com,(581)456-1302,Salasfurt,Germany,14.07.2023,social_media
3716,Jason,Jacobson,Jason.Jacobson832@yahoo.com,001-794-897-3976x876,Tracifort,United Kingdom,30.12.2023,direct
3717,Daniel,Tyler,Daniel.Tyler523@gmail.com,,Kellybury,France,2024-02-17,paid_search
3718,Joseph,Carpenter,Joseph.Carpenter960@gmail.com,+1-299-875-1175x6344,East Davidshire,usa,25/11/2023,organic_search
3719,Craig,Reyes,Craig.Reyes,(596)996-7278x33226,North Anne,CA,2025-11-29T12:31:33,organic_search
3720,Laura,Thompson,Laura.Thompson706@gmail.com,,Perkinsland,Germany,2023-12-24T18:05:17,paid_search
3721,Karen,Clay,Karen.Clay324@gmail.com,(978)297-2671x56914,East Christineside,Canada,27/07/2023,organic_search
3722,Jason,Lowe,Jason.Lowe190@hotmail.com,001-245-841-6460x7150,Reedburgh,FR,2025-11-06,referral
3723,Amy,Conway,Amy.Conway147@gmail.com,4454578685,Port David,FR,2024-11-06,referral
3724,Jocelyn,Williams,Jocelyn.Williams706@yahoo.com,(297)574-1442x018,Sierratown,U.K.,04-03-2024,direct
3725,Jennifer,Key,Jennifer.Key216@hotmail.com,321.970.4668x708,Thomasland,CA,14/05/2025,referral
3726,Stephanie,Webb,Stephanie.Webb246@gmail.com,,North Joseph,Canada,2023-04-14,email
3727,Heather,Romero,Heather.Romero382@yahoo.com,(899)880-1665x813,East Kathleen,UK,07-25-2024,direct
3728,Eric,Pollard,Eric.Pollard217@gmail.com,+1-261-802-1305,New Ashley,United States,18.09.2025,social_media
3729,Todd,Lee,Todd.Lee964@yahoo.com,681.546.0824x74079,Larryville,Germany,2023-08-03T09:02:58,organic_search
3730,Emily,Mcdonald,Emily.Mcdonald576@yahoo.com,(766)219-6213x2392,Lake Stephanieshire,FR,17.08.2023,paid_search
3731,Timothy,Cruz, Timothy.Cruz666@gmail.com ,001-732-316-5808x72670,New Jeffreyhaven,CA,01.02.2025,paid_search
3732,Amanda,Spears,Amanda.Spears863@gmail.com,+1-504-258-1672x919,Davidton,usa,2024-05-19,paid_search
3733,Christopher,Hoffman,Christopher.Hoffman285@hotmail.com,8527731187,Henryburgh,germany,2024-04-02T07:36:16,organic_search
3734,Jacob,Rodriguez,Jacob.Rodriguez406@hotmail.com,,Bradshawtown,U.K.,02-01-2023,paid_search
3735,Holly,Yu,Holly.Yu666@hotmail.com,410-619-5992x2249,Latashaview,U.K.,27.07.2023,organic_search
3736,Anthony,Newton,Anthony.Newton579@yahoo.com,,Port Michaelburgh,France,2025-12-31T10:12:23,email
3737,Heather,Taylor,Heather.Taylor783@hotmail.com,364.686.1838x2559,East Linda,france,01-30-2025,organic_search
3738,Laura,Erickson,Laura.Erickson222@gmail.com,856-305-1820x808,Casetown,UK,2025-10-07T02:12:56,paid_search
3739,Alicia,Sellers,Alicia.Sellers103@gmail.com,838-747-3242x05703,Bettymouth,Canada,11/11/2024,organic_search
3740,Timothy,Vasquez,Timothy.Vasquez502@gmail.com,492.390.4699x8117,South Brett,France,2025-10-06,email
3741,Jacqueline,Ramsey,Jacqueline.Ramsey498@yahoo.com,,Davisfort,United States,2023-10-08,social_media
3742,Henry,Jimenez,Henry.Jimenez47@gmail.com,(541)202-6210,Port Jacob,UK,09-03-2024,email
3743,Kathryn,Brandt,Kathryn.Brandt955@hotmail.com,743-519-3841,Lake Caseyhaven,FR,19/05/2025,referral
3744,Brooke,Hall,Brooke.Hall344@yahoo.com,913.497.2988,Spearsland,France,2023-09-03,email
3745,Jason,Dunlap,Jason.Dunlap746@hotmail.com,2422387680,Limouth,canada,04-24-2024,organic_search
3746,Christina,Campbell,Christina.Campbell583@hotmail.com,370.597.8525x399,Melissaland,France,06-22-2024,email
3747,Jeremiah,Hensley,Jeremiah.Hensley762@yahoo.com,+1-644-685-1954x4233,East Nathanside,uk,01-15-2024,social_media
3748,Denise,Finley,Denise.Finley926@yahoo.com,208-989-2171,Amandabury,US,2025-09-18,referral
3749,Christopher,Guzman,Christopher.Guzman120@hotmail.com,001-996-746-0872x5477,New Katherine,Canada,2024-05-12,organic_search
3750,Amy,Garner,Amy.Garner885@yahoo.com,+1-335-232-4781,Port Ronaldville,CA,2025-03-04T22:56:25,organic_search
3751,Terri,Meyer,Terri.Meyer864@yahoo.com,646-393-1681x516,South Brandonview,France,2023-01-12,organic_search
3752,Rebecca,Peterson,Rebecca.Peterson24@hotmail.com,001-364-992-3066x190,Kimberlyport,United Kingdom,12-18-2025,direct
3753,Frank,Flores,Frank.Flores360@yahoo.com,(771)593-0647x39087,Amandashire,FR,2023-10-18T10:16:05,email
3754,Ann,Martin,Ann.Martin455@yahoo.com,,West Elizabeth,CA,2024-11-09,referral
3755,Sarah,Cummings,Sarah.Cummings684@yahoo.com,533-431-6954,East Joshua,United States,2023-05-03,social_media
3756,Ashley,Bell,ASHLEY.BELL617@GMAIL.COM,,Williamsonside,FR,05-25-2023,organic_search
3757,Zachary,Lee,Zachary.Lee282@yahoo.com,472.904.3971x8884,Lake Nicholaschester,germany,2024-01-22,direct
3758,Leslie,Campbell,Leslie.Campbell718@yahoo.com,,Jessicaburgh,Canada,2025-02-08T03:37:40,referral
3759,Abigail,Smith,Abigail.Smith285@gmail.com,676-496-4544x066,Jayhaven,U.K.,01-04-2024,organic_search
3760,Jacob,Perkins,Jacob.Perkins190@gmail.com,+1-280-411-8721x3983,Lake Anthonystad,France,28/06/2025,social_media
3761,Tammy,Burton,Tammy.Burton956@yahoo.com,323.586.1601x861,Byrdton,uk,2024-10-26,direct
3762,Hannah,Watkins,Hannah.Watkins995@hotmail.com,,,U.K.,09-25-2024,referral
3763,Antonio,Sheppard,Antonio.Sheppard241@hotmail.com,284-504-7735,New Kristenport,uk,27.10.2025,organic_search
3764,Brenda,Decker,Brenda.Decker490@gmail.com,(432)528-5563x3660,Dylanland,Germany,2025-08-20T07:29:31,referral
3765,Tyler,Berry,Tyler.Berry255@gmail.com,,North Melissaburgh,US,09/09/2023,referral
3766,Susan,Berry,Susan.Berry314@gmail.com,7513027190,Steveshire,FR,2023-04-28,referral
3767,Robert,Williams,Robert.Williams195@yahoo.com,(723)630-9479x7688,West Kylie, USA ,2024-03-07T04:07:20,email
3768,Paul,Villarreal, Paul.Villarreal866@yahoo.com ,582-295-4637x33300,Stephenfurt,FR,2024-10-14,organic_search
3769,Elizabeth,Burnett,Elizabeth.Burnett752@gmail.com,342.653.0128,Port Adamland,uk,2025-05-01,direct
3770,Derek,Cooper,Derek.Cooper804@gmail.com,981.287.4146x5663,Johnsonview,U.K.,2024-12-28T16:23:39,organic_search
3771,Katie,Young,Katie.Young975@hotmail.com,437.451.4353x5546,Lake Amanda,CA,31.07.2024,direct
3772,Jenna,Ellis,Jenna.Ellis329@yahoo.com,(500)797-4909x1261,West Craigville,france,13.06.2024,social_media
3773,Amy,Oneill,Amy.Oneill751@hotmail.com,700-648-9656x0846,Carlamouth,U.K.,19/04/2025,social_media
3774,Rebecca,Garner,Rebecca.Garner4@hotmail.com,775.456.1234x001,New Anthony,UK,2024-03-17T00:21:32,paid_search
3775,Kelly,Fuller,Kelly.Fuller482@yahoo.com,4763294201,Taylorburgh,germany,31.10.2024,email
3776,Bobby,Turner,Bobby.Turner596@yahoo.com,(720)982-4198,Lunafort, USA ,2025-05-23,paid_search
3777,Jason,Rodriguez,Jason.Rodriguez831@hotmail.com,372.530.7357,Mosshaven,DE,19.09.2024,paid_search
3778,Sean,King,Sean.King202@yahoo.com,795.335.2585x35599,Josephport,FR,07-30-2023,paid_search
3779,John,Noble,John.Noble892@yahoo.com,687.824.3088,South Melissaville,DE,2024-08-12,referral
3780,Sarah,Evans,Sarah.Evans198@hotmail.com,(750)996-9337,North Markstad,usa,22.12.2023,paid_search
3781,Susan,Rice,Susan.Rice102@gmail.com,(739)558-4545x05296,Williamsview,United Kingdom,09/11/2025,organic_search
3782,Thomas,Swanson,THOMAS.SWANSON48@GMAIL.COM,+1-685-668-3505x183,East Stephenstad,germany,07/02/2023,email
3783,Jose,Henry,Jose.Henry183@gmail.com,542-895-0336,West Austin,UK,30.07.2024,organic_search
3784,Nancy,Martinez,Nancy.Martinez689@yahoo.com,,Kennethshire,usa,12-24-2023,email
3785,April,Burton,April.Burton254@hotmail.com,860-565-3493x0966,Carriechester,United Kingdom,2023-07-13T09:34:53,social_media
3786,Nicholas,Brown,Nicholas.Brown99@hotmail.com,577-339-0455x43623,North Helen,FR,02.05.2023,email
3787,Gina,Higgins,Gina.Higgins444@hotmail.com,210-238-7738,Yangside,germany,22/01/2024,direct
3788,Carolyn,Underwood,Carolyn.Underwood902@gmail.com,001-668-570-6668,North Ryan,DE,06/09/2024,email
3789,Antonio,Daniels,Antonio.Daniels314@gmail.com,+1-612-272-4901,,Germany,2024-01-03T16:19:52,paid_search
3790,Michael,Gonzalez,Michael.Gonzalez590@hotmail.com,,West Nicholas,usa,22/12/2024,email
3791,Christy,Guzman,Christy.Guzman621@yahoo.com,338.743.9537x2580,Lake Sharon,germany,2025-11-12T08:57:34,paid_search
3792,Adriana,Duncan,Adriana.Duncan736@gmail.com,4038230201,Brownville,germany,12-14-2025,referral
3793,Travis,Romero,Travis.Romero876@yahoo.com,001-655-450-5181x761,Moodyberg,United States,2025-02-24,organic_search
3794,Kenneth,Perez,Kenneth.Perez454@yahoo.com,304.511.0800x2649,Dianafort,United Kingdom,19/02/2025,direct
3795,Jonathan,Ashley,Jonathan.Ashley762@hotmail.com,,,United Kingdom,2023-02-11,direct
3796,Brittany,Raymond,Brittany.Raymond826@yahoo.com,(352)275-3177,Kimberlymouth,usa,2024-05-23,paid_search
3797,Gregory,Howard,Gregory.Howard449@yahoo.com,(233)273-4348x8919,North Garyburgh,DE,03.03.2023,paid_search
3798,Andrew,Tyler,Andrew.Tyler925@gmail.com,976.606.6259x578,Danielberg,UK,2025-01-26T14:24:20,paid_search
3799,Jessica,Collins,Jessica.Collins489@yahoo.com,,North Timothy,United States,02.08.2025,paid_search
3800,Jessica,Forbes,Jessica.Forbes369@yahoo.com,821-994-0478x913,South Chadchester,usa,01/08/2023,email
3801,Alicia,Phillips,Alicia.Phillips854@hotmail.com,,Lake Ericbury,Canada,01-12-2023,referral
3802,Hannah,Watts,Hannah.Watts161@gmail.com,594.214.5509x733,Williamshaven,CA,2023-11-23,organic_search
3803,Evan,Hill,Evan.Hill214@gmail.com,001-585-627-0497,Reneefurt,Germany,04-19-2023,organic_search
3804,Natasha,Shaffer,Natasha.Shaffer350@yahoo.com,(347)749-6591x3110,Port Gabriel,UK,03-05-2023,social_media
3805,Charles,Shields,Charles.Shields916@hotmail.com,,West Nicoleshire,USA,12/04/2025,email
3806,Michael,Fernandez,Michael.Fernandez800@gmail.com,(436)588-6608,East Sheila,germany,09.10.2025,email
3807,Craig,Wright,Craig.Wright868@hotmail.com,322-254-9457x03176,Port Desireeburgh,Germany,2025-08-25,social_media
3808,Joshua,Brown,Joshua.Brown318@yahoo.com,908.714.1423,Dodsonmouth,Canada,2025-10-21,direct
3809,Erin,Frey,Erin.Frey874@yahoo.com,+1-717-933-0165x4876,Port Nathanshire,DE,26.08.2023,referral
3810,Charles,Myers,Charles.Myers57@yahoo.com,317-628-6421x36017,Pruittburgh,usa,2024-11-07T12:53:35,organic_search
3811,Nichole,Thompson,Nichole.Thompson412@hotmail.com,(394)853-1965,,France,2024-07-08,social_media
3812,Julian,Roberts,Julian.Roberts640@gmail.com,+1-205-640-0853,North Kimberly,UK,08.02.2023,organic_search
3813,Nancy,Hodges,Nancy.Hodges67@yahoo.com,001-319-590-9798x965,North Angelafort,United Kingdom,29.12.2023,social_media
3814,Andrew,Mathis,Andrew.Mathis45@hotmail.com,781.857.4916x716,Williamsshire,FR,2024-08-26,email
3815,Alicia,Jordan,Alicia.Jordan552@yahoo.com,+1-785-416-8203,Taylorport,germany,03-26-2024,referral
3816,Lindsey,Jones,Lindsey.Jones688@yahoo.com,315-306-8985x1188,Gregoryfort,Germany,08-03-2023,social_media
3817,Tracey,Nichols,Tracey.Nichols803@gmail.com,980-385-1496x675,Duncanport,usa,2025-07-25,direct
3818,Andrew,Lee,Andrew.Lee6@gmail.com,001-742-968-3969x95713,North Danielside,France,2025-01-23T13:12:05,email
3819,Tiffany,Bailey,Tiffany.Bailey641@hotmail.com,(524)202-3878,New Darius, USA ,09/07/2023,paid_search
3820,Kenneth,Marshall,Kenneth.Marshall307@gmail.com,709-562-6292x259,Simmonsville,France,11-06-2023,paid_search
3821,Meredith,Ramsey,Meredith.Ramsey764@hotmail.com,(632)272-7206x675,Sharonfort,Germany,28.07.2024,direct
3822,Jason,Smith,Jason.Smith175@yahoo.com,637-345-0883x06829,Leblancton,France,2025-08-10T22:51:59,referral
3823,Joshua,Riley,Joshua.Riley30@yahoo.com,229.242.7919x1637,Karimouth,france,05/05/2023,email
3824,Dustin,Jackson,Dustin.Jackson881@hotmail.com,388.723.9797x08770,,USA,24/05/2023,direct
3825,Elizabeth,Barry,Elizabeth.Barry736@yahoo.com,+1-524-843-1029x93210,Delgadoview,usa,2023-08-05,email
3826,Lisa,Johnson,Lisa.Johnson772@gmail.com,001-254-527-0983x1818,Jacobmouth,DE,2024-12-12T19:43:20,direct
3827,Daniel,Morrow,Daniel.Morrow877@hotmail.com,+1-830-754-5082x7598,New Susanview,CA,26/09/2025,organic_search
3828,William,Frazier,William.Frazier183@yahoo.com,(674)882-2328x64250,Susanland,France,10.02.2023,social_media
3829,Sarah,Davies,Sarah.Davies450@hotmail.com,001-374-426-5884x066,Michaelland, USA ,16.10.2025,paid_search
3830,Chad,Barnett,Chad.Barnett,(841)481-1607,North Breannafurt,United Kingdom,21/11/2025,direct
3831,Cheryl,Durham, CHERYL.DURHAM978@GMAIL.COM ,(621)368-4720x20631,New Davidview,France,28.04.2025,referral
3832,Jason,Richards,Jason.Richards394@hotmail.com,605-968-6429x6172,Port Travis,Germany,01-11-2023,email
3833,Jason,Warren,Jason.Warren651@hotmail.com,001-270-560-4462,Campbellport,France,2023-01-31T04:36:19,direct
3834,Jessica,Alvarez,Jessica.Alvarez25@hotmail.com,,Lake Samuelfort,france,2023-04-08,organic_search
3835,James,Hale,James.Hale950@hotmail.com,342-511-4078,Alvaradoport,france,06.11.2025,social_media
3836,Carla,Petersen,CARLA.PETERSEN315@GMAIL.COM,603.983.9427x1342,,CA,12-02-2023,paid_search
3837,Brian,Contreras,Brian.Contreras380@yahoo.com,+1-792-422-5716x40048,Davidbury,Canada,25/04/2023,social_media
3838,Dana,Buchanan,Dana.Buchanan480@hotmail.com,001-356-446-6397x180,South Jaredstad,CA,12-08-2024,organic_search
3839,Sarah,Snyder,Sarah.Snyder765@hotmail.com,,,canada,2023-07-09,paid_search
3840,Beth,Marquez,Beth.Marquez505@hotmail.com,897-856-7564x667,Brockshire,USA,09.11.2024,referral
3841,Jennifer,Robinson,Jennifer.Robinson822@hotmail.com,716.594.0324x22164,Port Erin,Canada,27/06/2024,referral
3842,Jennifer,Mitchell,Jennifer.Mitchell208@hotmail.com,(514)761-0049,Port Brianhaven,germany,2023-04-10,social_media
3843,Craig,Montgomery,Craig.Montgomery422@hotmail.com,365.514.6905,Gutierrezborough,Germany,21/02/2024,referral
3844,Christine,Ray,Christine.Ray141@gmail.com,2579834108,Barryshire,United Kingdom,03-08-2025,paid_search
3845,Martin,Barrett,Martin.Barrett213@gmail.com,,Josephstad,DE,10-07-2024,social_media
3846,Daniel,Bartlett,Daniel.Bartlett779@yahoo.com,7292422085,Port Cory,germany,24/08/2024,direct
3847,Laura,Wolfe,Laura.Wolfe459@gmail.com,(959)359-9592x419,Myersmouth, USA ,05/04/2023,organic_search
3848,Regina,Robinson,Regina.Robinson830@gmail.com,281-517-0328,Lake Michael,UK,05.05.2024,email
3849,Amanda,Sanders,AMANDA.SANDERS333@YAHOO.COM,391-379-2165x148,Port Stacyport,United States,19/02/2023,referral
3850,Priscilla,Ortiz,Priscilla.Ortiz440@yahoo.com,(361)717-3702,New Marissa,DE,11-25-2023,email
3851,Nicole,Bell,Nicole.Bell429@gmail.com,(559)396-7313x121,West James,france,21.09.2025,organic_search
3852,Jeanette,James,Jeanette.James985@hotmail.com,(229)813-6215x3944,,france,2023-12-14T10:43:34,email
3853,Aaron,Franco,Aaron.Franco371@yahoo.com,,Lunaberg,usa,2025-04-27T06:50:57,email
3854,Albert,Higgins,Albert.Higgins179@hotmail.com,298-944-7539x360,Zacharyborough,france,2023-01-24T00:30:05,email
3855,Melissa,Lopez,Melissa.Lopez930@gmail.com,236.294.1751,Alvaradofurt,france,01/12/2023,referral
3856,Michael,Thomas,Michael.Thomas331@yahoo.com,,Williambury,uk,10-02-2023,organic_search
3857,William,Hansen,William.Hansen,223-958-7905,North Jacqueline,france,12-23-2025,referral
3858,Candace,Olson,Candace.Olson560@gmail.com,001-948-556-3666,East Katherinefurt, USA ,22.07.2025,organic_search
3859,Kaitlyn,Vaughn,Kaitlyn.Vaughn198@yahoo.com,338.397.5470,North Justin,UK,2023-10-05,paid_search
3860,Melanie,Howard,Melanie.Howard72@hotmail.com,493.394.2728,Nicolestad,United States,2025-04-29,social_media
3861,Julia,Malone,Julia.Malone488@yahoo.com,9402287447,Ramirezland,france,2023-01-18T07:42:21,referral
3862,Jamie,Rogers,Jamie.Rogers795@hotmail.com,,New Melanie,canada,2025-12-13T19:12:20,organic_search
3863,Laura,Adams,Laura.Adams342@hotmail.com,523-850-6884x3939,South Hollychester,United Kingdom,2025-06-19,social_media
3864,James,Warner,James.Warner861@gmail.com,+1-719-829-4787x454,Port Jamesville,Canada,18/07/2024,paid_search
3865,Deborah,Combs,Deborah.Combs558@hotmail.com,(886)659-2799x48129,Tashaport,usa,2025-09-05T14:52:23,paid_search
3866,April,Travis,April.Travis317@gmail.com,571.895.9119x941,Kylemouth, USA ,2024-06-02,social_media
3867,Thomas,Lane,Thomas.Lane302@gmail.com,+1-484-540-1470,Lake Brittanyfurt,DE,10-10-2024,direct
3868,Daniel,Banks,Daniel.Banks925@yahoo.com,382.484.4271x80455,Darrellville,CA,03/04/2025,referral
3869,Cynthia,Craig,Cynthia.Craig622@yahoo.com,647-956-3651x8370,Lake Frankmouth,canada,2024-07-09T01:35:24,direct
3870,Kathryn,Rios,Kathryn.Rios322@gmail.com,(506)982-1203x581,Christopherchester,USA,2024-04-22T20:16:59,direct
3871,Cynthia,Park,Cynthia.Park224@yahoo.com,(540)755-8972,Port Sandrahaven,france,10/12/2025,paid_search
3872,Linda,Coffey,Linda.Coffey434@yahoo.com,(729)629-7702,Annmouth,U.K.,27/06/2023,social_media
3873,Robin,Wilkinson,Robin.Wilkinson510@gmail.com,(405)848-7291,Allenstad,DE,12.06.2023,paid_search
3874,Erica,Mcdaniel,Erica.Mcdaniel493@yahoo.com,,Port Crystalborough,Germany,2023-11-01T15:34:53,social_media
3875,Dustin,Williams,Dustin.Williams848@hotmail.com,471-795-5763,,germany,2023-06-21,referral
3876,Debra,Wilson,Debra.Wilson402@yahoo.com,(915)667-4863,Williamstown,usa,2024-05-24,organic_search
3877,Jason,Long,Jason.Long891@hotmail.com,(302)868-7175x84053,Amyburgh,germany,11-17-2023,paid_search
3878,Jacob,Palmer,Jacob.Palmer682@yahoo.com,(717)427-4600x3410,Johnsonbury,CA,2024-02-09T02:03:25,paid_search
3879,Nathan,Woods,Nathan.Woods422@hotmail.com,001-949-274-5009,Adamsview,Canada,2023-04-04,direct
3880,Brent,Sanford,Brent.Sanford684@yahoo.com,+1-212-453-4611x55524,Castroburgh,france,01/06/2024,social_media
3881,Brian,Cox,Brian.Cox417@gmail.com,330-883-9531,Cynthiaville,USA,17.05.2024,direct
3882,Michael,Anderson,Michael.Anderson347@gmail.com,850-989-6071x376,Lake Morganton,uk,2024-01-30T10:21:23,email
3883,Patrick,Smith, Patrick.Smith84@gmail.com ,306-640-5118x32840,Billytown,United Kingdom,29.01.2024,direct
3884,Joshua,Barr,Joshua.Barr368@hotmail.com,001-435-631-7324x61552,North Johnview,DE,01-19-2024,direct
3885,Christian,Johns,Christian.Johns903@gmail.com,(768)492-6583,Allenborough,US,2023-12-04,organic_search
3886,Melissa,Barber,Melissa.Barber747@hotmail.com,(288)556-0694x56847,New Nicholasshire,DE,10-10-2025,social_media
3887,Elizabeth,Patterson,Elizabeth.Patterson234@hotmail.com,523-294-4949,Pearsonside,UK,2025-12-11T15:36:15,direct
3888,Kyle,Gibson,Kyle.Gibson303@hotmail.com,749-202-3077x146,New Robert,United Kingdom,16.03.2025,email
3889,Mary,Murillo,Mary.Murillo825@hotmail.com,376.591.0818,,canada,2025-07-11,organic_search
3890,Thomas,Brown,Thomas.Brown587@gmail.com,7475084444,West Richard, USA ,2024-05-22T02:24:14,direct
3891,Dennis,Mcpherson,Dennis.Mcpherson125@hotmail.com,495-811-0945,Rachelhaven,UK,04-14-2023,referral
3892,Danielle,Anderson,Danielle.Anderson2@yahoo.com,851-646-2000x88887,West Johnmouth,France,18/12/2025,social_media
3893,Gabriel,White,Gabriel.White359@yahoo.com,969-531-4935x48810,South Robert,uk,2024-06-27,direct
3894,Sandra,Dawson,Sandra.Dawson28@gmail.com,001-390-237-7731,Port Martha,germany,05-05-2024,referral
3895,Hannah,Lee,Hannah.Lee331@yahoo.com,+1-259-233-5851x51494,Bakerchester,UK,12/02/2023,direct
3896,Monica,Kennedy,Monica.Kennedy536@gmail.com,001-479-388-1188,South Nicholaston,United States,08.11.2023,organic_search
3897,Mario,Petty,Mario.Petty269@hotmail.com,(858)970-4253x776,East Mary,U.K.,2025-07-22T01:53:15,organic_search
3898,Pamela,Matthews,PAMELA.MATTHEWS455@YAHOO.COM,,Port Saratown,United Kingdom,24/09/2023,paid_search
3899,Gregory,Walters,Gregory.Walters184@gmail.com,001-872-838-0571x21662,South Jeremy,DE,2025-05-25T12:11:11,paid_search
3900,Gary,Elliott,Gary.Elliott621@gmail.com,+1-742-568-5446x0688,North Cindy,usa,09.05.2024,referral
3901,Emily,Hess,Emily.Hess680@gmail.com,504.642.1795,Robertstad,DE,04.02.2024,organic_search
3902,Kaitlin,Campbell,Kaitlin.Campbell371@yahoo.com,(840)844-1631,Meganfort,FR,2025-11-04T13:11:30,direct
3903,Brian,Brown,Brian.Brown540@gmail.com,,Willisview,France,12-21-2024,referral
3904,Tiffany,Andrade,Tiffany.Andrade170@yahoo.com,(212)706-6058,Watkinstown,FR,10-08-2025,direct
3905,Karen,Ramsey,Karen.Ramsey198@hotmail.com,001-417-608-8807,North Thomas,UK,05-26-2023,email
3906,Jimmy,Nixon,Jimmy.Nixon901@hotmail.com,001-777-822-6966x734,North Jillianton,uk,2023-04-14,organic_search
3907,Bradley,Watson,Bradley.Watson176@hotmail.com,949-314-6516x79212,Donaldland,USA,2025-12-04,organic_search
3908,Timothy,Palmer,Timothy.Palmer652@yahoo.com,8966837201,Shelleymouth,United Kingdom,2025-05-13,referral
3909,Christian,Robinson,Christian.Robinson922@hotmail.com,881-496-3481x30043,Darlenefurt,US,15.08.2025,direct
3910,Ashley,Barnett,Ashley.Barnett892@gmail.com,001-693-805-8187x6240,Davisland,canada,02.01.2024,direct
3911,Austin,Novak,Austin.Novak325@hotmail.com,595-481-6189,Nguyenchester,FR,2024-02-27T19:37:35,paid_search
3912,Vicki,Ayala,Vicki.Ayala333@yahoo.com,(601)581-8785x037,Lucasburgh,usa,02.07.2024,direct
3913,Matthew,Mitchell,Matthew.Mitchell676@hotmail.com,+1-561-589-1241x52121,Clarkton,FR,02-26-2025,direct
3914,Felicia,Williams,FELICIA.WILLIAMS285@GMAIL.COM,+1-628-397-9573x7756,New Brittanyport,canada,07-03-2025,email
3915,Mitchell,Johnson,Mitchell.Johnson652@gmail.com,,Chelseaview,canada,2023-11-16,direct
3916,Julie,Lee,Julie.Lee961@yahoo.com,494-413-3098x455,,USA,2024-12-28,social_media
3917,Mackenzie,Morris,Mackenzie.Morris425@hotmail.com,001-442-728-5141x363,Allisonchester,U.K.,2025-02-09,direct
3918,Melissa,Young,Melissa.Young,,Lake Jason,United Kingdom,03-14-2025,social_media
3919,Michael,Garcia,Michael.Garcia712@hotmail.com,911.213.7236,Lake Stephanie,DE,2025-03-19T13:12:26,paid_search
3920,Sierra,Figueroa,Sierra.Figueroa659@yahoo.com,,,canada,30.11.2025,organic_search
3921,Jessica,Thompson,Jessica.Thompson250@gmail.com,511-218-9098,Richardsborough,Canada,2023-08-29T11:18:33,direct
3922,Nicole,Clark,Nicole.Clark858@hotmail.com,+1-413-889-1986x0208,New Davidbury,usa,2025-08-05,social_media
3923,James,Stewart, James.Stewart169@hotmail.com ,862.283.5880x58877,Russellfort,CA,05.05.2025,paid_search
3924,Ashley,White,Ashley.White823@yahoo.com,(444)923-5986x48409,East Barbarafort, USA ,2023-04-14T15:43:20,organic_search
3925,Rebecca,Scott,Rebecca.Scott56@gmail.com,(848)598-0147,Leeville,germany,2023-08-31T04:21:19,direct
3926,Matthew,Dean,Matthew.Dean876@yahoo.com,001-786-568-1403x48454,Gibsonborough,france,2024-08-06T15:00:55,organic_search
3927,Denise,Jackson,Denise.Jackson397@yahoo.com,934.757.0811,Russellland,france,01.11.2023,referral
3928,Stephanie,Carter,Stephanie.Carter526@hotmail.com,(265)884-9089x57107,North Jonathantown,Canada,07/11/2025,social_media
3929,Sheila,Jackson,Sheila.Jackson357@gmail.com,+1-759-260-6585x5229,Keithchester,CA,12-29-2023,referral
3930,Andrew,Moss,ANDREW.MOSS240@HOTMAIL.COM,448.861.8174x57576,Port Ryan,canada,2024-10-26T09:22:10,social_media
3931,Helen,Smith,Helen.Smith17@gmail.com,997.630.3659x07746,East Kenneth,FR,2025-07-15,organic_search
3932,Adam,Mann,Adam.Mann457@yahoo.com,,West Matthewtown,uk,12-31-2025,email
3933,Daniel,Villegas,Daniel.Villegas657@gmail.com,,East Lisa,United Kingdom,2023-12-10,social_media
3934,Sheryl,Carter,Sheryl.Carter655@gmail.com,001-517-627-4963x1885,Port Dustinville,FR,2023-05-09,referral
3935,Margaret,Williams,Margaret.Williams391@yahoo.com,001-985-926-3231x0785,Robertton,United States,09-14-2024,social_media
3936,Nathan,Roberts,Nathan.Roberts62@gmail.com,001-211-386-6827x2634,West Annettemouth,FR,04-01-2024,paid_search
3937,Jennifer,Rodriguez,Jennifer.Rodriguez579@gmail.com,427.915.1319x48288,Haleview,germany,25.11.2023,referral
3938,Jason,Carlson,Jason.Carlson639@yahoo.com,,West Sean,USA,12-06-2025,social_media
3939,Dan,Yates,Dan.Yates918@hotmail.com,,Walshborough,usa,11-08-2023,paid_search
3940,Logan,Ramirez,Logan.Ramirez910@gmail.com,545.371.4727x479,South Charlesbury,usa,06/12/2024,social_media
3941,James,Ramos,James.Ramos639@gmail.com,+1-221-655-4237x39977,West Marilynmouth,US,09-18-2025,organic_search
3942,Samantha,Fernandez,Samantha.Fernandez61@yahoo.com,236-843-2359,East Pamela,United States,05.07.2025,referral
3943,Stephen,Flores,Stephen.Flores183@yahoo.com,784-900-4210x997,Mckinneyland,FR,2024-06-24,referral
3944,Erika,Sullivan,Erika.Sullivan885@yahoo.com,,Mcdanielshire,U.K.,19/06/2023,email
3945,James,Perkins,James.Perkins269@hotmail.com,(278)936-0798,Port Allen,Canada,27.08.2025,social_media
3946,Donna,Daniel,Donna.Daniel871@hotmail.com,638.210.1362,North Chelsea,FR,29/01/2025,direct
3947,Kristy,Hernandez,Kristy.Hernandez552@hotmail.com,,Greenfurt,U.K.,2024-11-25T17:22:39,referral
3948,Timothy,Golden,Timothy.Golden689@yahoo.com,(232)725-0546x78848,Joseport,United Kingdom,12/01/2025,paid_search
3949,Henry,Johnson,HENRY.JOHNSON371@HOTMAIL.COM,001-623-543-7142,Port Davidmouth,CA,08/12/2023,direct
3950,Michelle,Thompson,Michelle.Thompson286@yahoo.com,+1-528-784-0969x657,Lake Steven,Canada,2025-09-15T20:58:31,social_media
3951,Mckenzie,Rodriguez,MCKENZIE.RODRIGUEZ565@GMAIL.COM,,South Derrickmouth,Germany,06-14-2024,direct
3952,Laura,Frazier,Laura.Frazier915@hotmail.com,2565022247,Lake Sandra,France,2023-11-23T18:54:37,paid_search
3953,Hannah,Young,Hannah.Young535@hotmail.com,878.600.6840,New Lori,U.K.,05-26-2025,referral
3954,Ann,Rosales,Ann.Rosales223@yahoo.com,(607)393-2008x224,North Courtney,germany,06/10/2023,paid_search
3955,Megan,Smith,Megan.Smith472@yahoo.com,370-341-9364x06415,East George,usa,09/07/2025,social_media
3956,Daniel,Lambert,Daniel.Lambert960@gmail.com,001-495-701-0232x3213,West Tinafort,US,09/11/2025,direct
3957,Jesus,Johnson,Jesus.Johnson243@gmail.com,749-516-1019,North Aaron,Germany,12.11.2024,paid_search
3958,Cheryl,Shaw,Cheryl.Shaw564@yahoo.com,+1-328-914-3519x41997,Allenville,france,01.04.2024,email
3959,Brooke,Rios,Brooke.Rios705@gmail.com,654-331-6701,West Emilyside,uk,07-06-2024,organic_search
3960,Alejandra,Briggs,Alejandra.Briggs336@yahoo.com,,Elizabethfurt,canada,2024-02-25T10:13:02,social_media
3961,Stephanie,Holland,Stephanie.Holland603@gmail.com,+1-909-483-2736x5293,Valerieberg,UK,2025-02-09T01:36:54,referral
3962,Brett,Lutz,Brett.Lutz208@yahoo.com,(656)279-1671x2794,East Andrewshire,france,19.12.2025,direct
3963,Shannon,Morris,Shannon.Morris145@gmail.com,824.897.0730,Maynardchester,canada,2024-09-18T06:45:19,referral
3964,Maria,Andrews,Maria.Andrews815@gmail.com,001-822-885-4040x261,Luiston,uk,07.01.2025,social_media
3965,Craig,Hogan,Craig.Hogan324@hotmail.com,+1-722-458-4819x0604,Dunnport,Germany,15.10.2024,referral
3966,Rachel,Daugherty,Rachel.Daugherty597@yahoo.com,+1-364-797-1729x12698,East Joseph,france,2025-11-28,referral
3967,Yesenia,Perez,Yesenia.Perez906@hotmail.com,230-492-6978x8331,New Matthewberg,USA,2024-02-23,paid_search
3968,Bradley,Cox,Bradley.Cox31@yahoo.com,798-303-4405x85659,Burgessbury,germany,2024-07-11T07:37:29,paid_search
3969,Kimberly,Townsend,Kimberly.Townsend178@gmail.com,344-492-0954x554,North Mary,United States,11/03/2024,organic_search
3970,Linda,Oneal,Linda.Oneal701@hotmail.com,994-642-2832x9958,South Stephanie,France,07.05.2024,email
3971,Rebecca,Wu,Rebecca.Wu338@yahoo.com,001-630-349-5509x4786,Gonzalezside,FR,2023-09-06,organic_search
3972,Marie,Hunter,Marie.Hunter484@gmail.com,6598251211,East Tonya,france,03/08/2023,email
3973,Suzanne,Hamilton,Suzanne.Hamilton317@yahoo.com,(256)336-3004x335,Randyport,uk,2025-09-29,email
3974,Alexander,Estrada,Alexander.Estrada182@hotmail.com,(456)594-1467x359,Burnettstad,US,08.07.2023,social_media
3975,Karen,Berg,Karen.Berg25@yahoo.com,001-216-816-5665x764,East Patrick,France,2025-07-17T06:05:49,organic_search
3976,Matthew,Myers,MATTHEW.MYERS106@YAHOO.COM,,North Brianshire,france,23.05.2023,direct
3977,Madison,Stevens,Madison.Stevens66@yahoo.com,+1-839-424-9623x443,Christopherchester,CA,2023-06-03T07:50:23,organic_search
3978,Jacob,Rose,Jacob.Rose871@yahoo.com,,Scottport,Canada,01-11-2023,email
3979,Chad,Doyle,Chad.Doyle85@gmail.com,001-736-501-0786x760,Juliemouth,FR,2025-10-02,direct
3980,Benjamin,Murphy,Benjamin.Murphy50@hotmail.com,001-816-654-9806x184,Bennetthaven,U.K.,24/02/2024,paid_search
3981,Elizabeth,Watson,Elizabeth.Watson28@yahoo.com,(446)403-6324x2866,Garciaberg,CA,15.03.2023,social_media
3982,Christopher,Walker,Christopher.Walker497@yahoo.com,,Tinachester,Germany,23/11/2024,paid_search
3983,Stephen,Cooke,Stephen.Cooke606@gmail.com,(607)927-7236x5761,Jenkinsfort,Canada,2023-11-03,email
3984,Courtney,Butler,Courtney.Butler654@gmail.com,(726)912-3494,West Hannah,United Kingdom,2024-04-29,paid_search
3985,Brooke,Miller,Brooke.Miller677@yahoo.com,982-361-4810x995,East April,Germany,07-27-2023,referral
3986,Kathleen,Henry,Kathleen.Henry29@gmail.com,531.556.6705,New Kimberlyland,USA,03-31-2023,email
3987,Carol,Gonzalez,Carol.Gonzalez,(306)396-2498x9569,,France,06-07-2024,social_media
3988,Brad,Lee,Brad.Lee692@hotmail.com,001-275-686-3804,Connorfurt,france,01.05.2023,organic_search
3989,Charles,Sullivan, Charles.Sullivan144@hotmail.com ,+1-213-606-3548x53961,New Annatown,France,2023-01-15,referral
3990,Leonard,Delgado,Leonard.Delgado785@yahoo.com,+1-398-575-8402x49387,South Ashley,usa,2023-11-27T14:11:42,email
3991,Jerry,Caldwell,Jerry.Caldwell288@yahoo.com,+1-445-889-0573x01995,Port Joshuastad,United Kingdom,11-21-2025,paid_search
3992,Laura,Wallace,Laura.Wallace442@hotmail.com,(745)366-3630,New Sabrina,france,2025-10-19,paid_search
3993,Robert,Rivas,Robert.Rivas866@hotmail.com,001-763-817-3338,South Ashley,US,24/02/2025,social_media
3994,Cynthia,West,Cynthia.West771@hotmail.com,001-501-750-3431x6292,Lopezbury,DE,18.08.2025,email
3995,Jose,Lee,Jose.Lee224@yahoo.com,812.205.7492x138,Gordonhaven,U.K.,15/04/2023,direct
3996,Cheryl,Miranda,Cheryl.Miranda437@hotmail.com,+1-887-202-4564x53107,Johnsonshire,France,2024-06-04T04:55:25,direct
3997,Paul,Dunn,Paul.Dunn261@yahoo.com,344.735.9345x716,,canada,12-02-2025,social_media
3998,Natasha,Day,Natasha.Day120@yahoo.com,,East Paul, USA ,2025-05-06T00:13:10,social_media
3999,Ricky,Rosario, Ricky.Rosario61@gmail.com ,001-613-923-1230x36726,North Amy,usa,2024-02-19,paid_search
4000,Robert,Irwin,Robert.Irwin461@gmail.com,403-642-0628x95804,Lisaville,United Kingdom,05-22-2023,social_media
4001,Courtney,Hopkins,Courtney.Hopkins398@hotmail.com,001-983-592-1143x6785,Port Julia,USA,2023-12-04,email
4002,Theresa,Hughes,Theresa.Hughes210@yahoo.com,(968)929-3007x37038,Melanieview,canada,23/02/2023,referral
4003,Jesse,Alvarado,Jesse.Alvarado677@gmail.com,782.957.0445x54283,Georgeton,germany,2025-02-22T10:22:21,social_media
4004,Bonnie,Hall,Bonnie.Hall386@hotmail.com,5542794898,New Kathleenchester,DE,2024-06-19,direct
4005,Lynn,Lozano,Lynn.Lozano254@gmail.com,001-675-439-3985x67600,Williamshaven,US,01.02.2023,paid_search
4006,John,Baird,JOHN.BAIRD123@YAHOO.COM,989-343-3805x3634,Simpsonton,FR,03/05/2024,social_media
4007,Jonathan,Briggs,Jonathan.Briggs12@yahoo.com,+1-680-354-4529x2582,Amyside,UK,2024-11-21,referral
4008,Shane,Nguyen,Shane.Nguyen811@gmail.com,889-831-0587,Leahland, USA ,29/03/2023,organic_search
4009,Andrea,Ramirez,Andrea.Ramirez225@gmail.com,(857)814-1787x4105,East Robert,DE,2025-12-15,organic_search
4010,Gregory,Hill,Gregory.Hill487@gmail.com,9258786535,Myersborough,germany,09-09-2023,organic_search
4011,Ronald,Maxwell,Ronald.Maxwell593@gmail.com,(711)624-5861,Carrhaven,Germany,09-19-2024,organic_search
4012,Mia,Evans,Mia.Evans967@yahoo.com,001-818-451-9968x327,New Douglasbury,germany,22.08.2025,direct
4013,Todd,Johnson,Todd.Johnson120@hotmail.com,(402)633-9804x73272,Lake Renee,UK,05-19-2025,referral
4014,Tracy,Stewart,Tracy.Stewart168@hotmail.com,001-311-362-5969x7185,Elizabethmouth,germany,09/12/2023,email
4015,Scott,Flowers,Scott.Flowers693@yahoo.com,415.993.8096,Gilmoreville,United States,2025-04-10,social_media
4016,Clarence,Burgess,Clarence.Burgess316@gmail.com,001-228-534-4026,Dorothyside,United States,2025-11-04T16:09:50,direct
4017,Julie,Marshall,Julie.Marshall657@hotmail.com,+1-735-640-8584x2049,New Tyler,France,2023-07-31,paid_search
4018,Sara,Santiago,Sara.Santiago887@yahoo.com,453.686.6881x453,Port Wendyborough,UK,2024-05-25,organic_search
4019,Julia,Harris,Julia.Harris539@gmail.com,626.640.8194,Port Tammietown,Canada,02.09.2023,paid_search
4020,Abigail,Taylor,Abigail.Taylor67@yahoo.com,959.891.9215,Janethaven,Germany,06-30-2025,email
4021,Margaret,Martin,Margaret.Martin908@yahoo.com,320-252-8700,Mooreport,FR,2024-10-24T12:42:22,social_media
4022,Ronald,Mullins,Ronald.Mullins66@gmail.com,922-856-2443,Port Chelsea,Germany,2025-04-04T08:25:29,direct
4023,Eric,Esparza,Eric.Esparza559@gmail.com,(365)245-6670x37070,Teresastad,USA,13.09.2023,direct
4024,Timothy,Maddox,Timothy.Maddox520@gmail.com,782.857.8437x11718,,uk,12-20-2025,organic_search
4025,Christine,Watts,Christine.Watts636@hotmail.com,001-378-818-8758x1589,East Carolyn,france,14.01.2024,paid_search
4026,Steven,Adams,Steven.Adams479@hotmail.com,+1-271-695-7156x2100,Mannland,Germany,21/03/2024,organic_search
4027,Kristina,Fischer,Kristina.Fischer707@gmail.com,(656)885-9003x70861,New Christopher,UK,2024-02-17,social_media
4028,Donald,Valencia,Donald.Valencia666@hotmail.com,223-378-3762x3147,South Gina,United Kingdom,2023-08-18,email
4029,Julie,Ware,Julie.Ware423@hotmail.com,001-329-526-6923x620,Donaldville,uk,16/07/2023,direct
4030,John,Hicks,John.Hicks135@yahoo.com,(330)829-8628x11803,Jamesshire,germany,06-03-2023,paid_search
4031,Cesar,Singh,Cesar.Singh374@hotmail.com,(463)674-7888,Ginaville,France,2025-09-23T02:18:37,organic_search
4032,Cathy,Jimenez,Cathy.Jimenez516@gmail.com,001-433-991-7232x8823,Kevinborough,Canada,2023-11-13T18:36:04,social_media
4033,Nicole,Kennedy,Nicole.Kennedy484@yahoo.com,844-205-4755x32413,Johnsonburgh,France,24/11/2024,referral
4034,Jenny,Evans,Jenny.Evans493@hotmail.com,841-907-1787,Jodifurt,usa,29.03.2024,social_media
4035,Rose,Smith,Rose.Smith965@yahoo.com,001-445-879-4275x37373,Jamesberg,France,12.01.2024,organic_search
4036,Jonathan,Hill,Jonathan.Hill586@yahoo.com,001-212-226-9514x3692,Port Douglasstad,uk,01/11/2023,organic_search
4037,Jennifer,Dixon,Jennifer.Dixon648@gmail.com,202-897-0895x3897,Austinborough,Germany,2023-11-23,direct
4038,Veronica,Snyder,VERONICA.SNYDER566@HOTMAIL.COM,001-467-682-6376,Jonesmouth,DE,21/07/2024,referral
4039,Jennifer,Duncan,Jennifer.Duncan302@hotmail.com,+1-731-380-4479x4050,Brendatown,US,17/02/2024,social_media
4040,Robert,Brown,Robert.Brown315@yahoo.com,(727)506-1050x09171,Hernandezville,FR,2025-05-21T02:33:24,paid_search
4041,Steven,Cowan,Steven.Cowan471@yahoo.com,7895884797,Port Erinville,CA,2024-11-10,direct
4042,Michael,Garrison,Michael.Garrison571@yahoo.com,001-916-243-3982x8836,New Spencerville,CA,25.04.2025,social_media
4043,Melissa,Arnold,Melissa.Arnold415@yahoo.com,+1-928-475-7198,North Gloria,CA,02.05.2025,social_media
4044,Matthew,Middleton,Matthew.Middleton351@yahoo.com,+1-261-265-8413,East Frank,UK,20.07.2024,paid_search
4045,Ricky,Morales,Ricky.Morales549@gmail.com,(467)829-8361x94102,Lake Karen,Germany,01.10.2024,paid_search
4046,Gloria,Thompson,Gloria.Thompson908@yahoo.com,001-392-980-3151x22658,,canada,2024-12-20T14:11:49,direct
4047,Steven,Perkins,Steven.Perkins124@hotmail.com,+1-225-778-3636x8123,East Meagan,United States,2023-05-27,direct
4048,Devon,Williams,Devon.Williams449@gmail.com,+1-318-412-3073x8880,North Derek,United States,11-06-2025,paid_search
4049,Connie,Francis,Connie.Francis93@hotmail.com,(252)310-1074x52050,,DE,02-07-2025,organic_search
4050,Carl,Fuller,Carl.Fuller424@yahoo.com,758-208-5111,Danielburgh, USA ,12/10/2025,referral
4051,Jessica,Cooper,Jessica.Cooper82@gmail.com,928-275-0826,New Brian,canada,08-18-2024,organic_search
4052,Todd,Grant,Todd.Grant383@yahoo.com,+1-791-349-3719x104,Davidfurt,usa,2023-11-01,organic_search
4053,Janet,Shaw,Janet.Shaw767@gmail.com,356.410.9583x4835,Rogersbury,germany,06/10/2024,referral
4054,Susan,Mcgee, Susan.Mcgee53@yahoo.com ,399.905.2334x7509,West Jessica,United Kingdom,2023-08-27,direct
4055,James,Lucas,James.Lucas82@yahoo.com,7587588118,Alvarezfort,UK,06.02.2025,email
4056,Tina,Ramos,Tina.Ramos523@yahoo.com,(476)262-7106x104,North Thomas,France,2025-07-13T11:56:50,social_media
4057,Samantha,Gross,Samantha.Gross403@gmail.com,+1-268-228-1597,Galvanside,U.K.,13/02/2023,paid_search
4058,Patrick,Wilson,Patrick.Wilson162@yahoo.com,+1-600-385-3475x507,Kevinport,france,11.02.2025,direct
4059,Joel,Garza,Joel.Garza478@yahoo.com,,Mcgeeburgh, USA ,31/01/2024,social_media
4060,Ricardo,Thompson,Ricardo.Thompson267@gmail.com,+1-651-398-1383x349,Sabrinaburgh,FR,08.05.2024,organic_search
4061,Audrey,Richard,Audrey.Richard671@hotmail.com,(877)377-1358,Johnsonland,Canada,2024-08-25,direct
4062,Jamie,Wilson,Jamie.Wilson811@hotmail.com,+1-578-271-8797x8929,Port Shannonfort,Canada,2023-03-04T01:29:23,paid_search
4063,Donald,Flores,Donald.Flores397@yahoo.com,6098062509,Estradatown,uk,20/02/2025,email
4064,Matthew,Melendez,Matthew.Melendez885@gmail.com,(689)202-5528x89737,Hopkinsview,uk,2023-04-18,paid_search
4065,Nicole,Perkins,Nicole.Perkins467@gmail.com,216-217-7237x973,Rachelborough,DE,18/02/2024,social_media
4066,Kathleen,Wilson,Kathleen.Wilson491@hotmail.com,(751)786-4704,East Jamesbury,FR,2023-08-31,referral
4067,Kimberly,Cordova,Kimberly.Cordova271@hotmail.com,247-915-6503x7150,Angelabury,U.K.,02.09.2024,direct
4068,Patricia,Hernandez,Patricia.Hernandez387@hotmail.com,(801)420-2152,South Donnachester,France,2025-03-06T14:05:09,social_media
4069,Gina,Armstrong,Gina.Armstrong437@hotmail.com,957.518.6972x5006,,france,2025-09-07T18:52:03,paid_search
4070,Rodney,Hurley,Rodney.Hurley978@hotmail.com,394.992.3151x108,North Wendy,France,2024-08-07,direct
4071,Mark,Ellis,Mark.Ellis267@hotmail.com,3935661765,Flowerstown,U.K.,2024-12-04T05:28:54,referral
4072,Robert,Santos,Robert.Santos63@yahoo.com,525-350-7584,Fryeburgh,Germany,04-23-2023,organic_search
4073,Mary,Mcclain,Mary.Mcclain626@yahoo.com,4837444340,Brittneyland,France,03-05-2023,email
4074,Brian,Bryant,Brian.Bryant624@gmail.com,856.563.5790x3818,North Albert,france,2025-10-10T17:29:15,organic_search
4075,Suzanne,Harris,Suzanne.Harris31@hotmail.com,+1-965-443-7011x26992,West Ashley,DE,2023-12-22T11:44:05,email
4076,Sean,Davis,Sean.Davis709@hotmail.com,001-834-487-7601x31098,Michaelland,FR,2025-09-08,referral
4077,Samantha,Sloan,Samantha.Sloan417@yahoo.com,282-865-2271,Robertchester,Germany,21.04.2024,email
4078,Michael,Butler,Michael.Butler123@hotmail.com,504-829-1037x497,Michaelfort,canada,11-22-2025,organic_search
4079,Theresa,Moore,Theresa.Moore413@gmail.com,001-424-398-7641x557,,FR,2024-10-02T08:11:30,social_media
4080,Erika,Rosario,Erika.Rosario837@gmail.com,,East Brandifurt,UK,10/08/2025,organic_search
4081,Alicia,Allen,Alicia.Allen33@hotmail.com,001-902-382-9767x220,East Staceytown,france,05.11.2025,organic_search
4082,Lisa,Joseph,Lisa.Joseph167@gmail.com,(968)694-9492x78367,Tracyburgh, USA ,27.12.2024,email
4083,Susan,Rivera,Susan.Rivera614@gmail.com,001-455-949-6847,Williamsland,FR,10-09-2024,organic_search
4084,Samantha,Thompson,Samantha.Thompson951@hotmail.com,677-617-1699,Jacobside,United Kingdom,04.08.2025,email
4085,Jacob,Gray,Jacob.Gray492@gmail.com,470-204-2955x471,South Jesseland,United States,09/05/2024,social_media
4086,Patrick,Williams, Patrick.Williams319@gmail.com ,(582)442-3997x7675,New Craig,germany,2025-03-17,email
4087,Timothy,Whitney,Timothy.Whitney862@hotmail.com,001-405-688-4194,Mckenzieville,canada,2023-01-29,referral
4088,Carl,Rice,Carl.Rice652@gmail.com,546.670.0616,Allenland,United Kingdom,15/04/2025,paid_search
4089,Anthony,Vazquez,Anthony.Vazquez379@gmail.com,807.521.8508x2261,Brandonport,uk,07.05.2023,social_media
4090,Peter,Carr,Peter.Carr692@yahoo.com,,Port Danielstad,DE,16/11/2025,direct
4091,Terri,Hoover,Terri.Hoover118@gmail.com,001-301-675-5049x357,East Susanfort,france,06-20-2024,direct
4092,Andrew,Franco,Andrew.Franco850@hotmail.com,(333)487-9283x929,,Germany,12/11/2025,referral
4093,Madison,Shaw,Madison.Shaw815@gmail.com,001-618-574-0074x3262,,uk,2024-07-13,referral
4094,Gary,Walker,Gary.Walker384@yahoo.com,(403)456-7294x4247,South Justin,United Kingdom,12-09-2024,email
4095,Timothy,Mason,Timothy.Mason135@gmail.com,+1-733-843-2603x2227,South Debrastad,United Kingdom,2024-12-15T21:32:57,paid_search
4096,Allison,Torres, Allison.Torres337@yahoo.com ,+1-617-330-9818x19242,New Samuel,Germany,04-11-2024,social_media
4097,Jeremy,Cochran,Jeremy.Cochran17@yahoo.com,(622)288-3209x397,Port Kristinaburgh,canada,07.03.2024,social_media
4098,Cheryl,Russell, Cheryl.Russell574@yahoo.com ,+1-651-645-5494,Donaldmouth,usa,03-19-2023,direct
4099,Sandra,Burns,Sandra.Burns764@yahoo.com,+1-932-733-4833,Veronicamouth,Canada,2025-01-23T12:36:16,paid_search
4100,Dana,Atkinson,Dana.Atkinson622@gmail.com,485.813.9311x6531,Michaelfurt,FR,25.03.2024,paid_search
4101,Heather,Gilbert,Heather.Gilbert792@yahoo.com,(570)557-1715x918,East Michael,france,10-30-2025,email
4102,Garrett,Chen,Garrett.Chen544@yahoo.com,901-535-8410x34113,North Sarah,FR,27/11/2024,direct
4103,Cynthia,Anderson,Cynthia.Anderson619@gmail.com,,South Jeremyside,France,04.06.2025,direct
4104,Yesenia,Horn,Yesenia.Horn414@hotmail.com,(806)686-8663x07099,Langhaven,FR,30/11/2024,direct
4105,Melissa,Edwards,Melissa.Edwards656@yahoo.com,+1-319-229-9591,New Sharon,uk,11-05-2025,referral
4106,Kevin,Santos,Kevin.Santos55@hotmail.com,450.893.2753,Melaniefurt,DE,09-17-2023,email
4107,James,Mcdaniel,James.Mcdaniel908@gmail.com,5138065332,Port Connorside,France,2025-12-27T09:09:10,email
4108,Nicholas,Parker,Nicholas.Parker172@hotmail.com,001-811-751-6446x59239,Hoffmanchester,canada,27/01/2023,direct
4109,Brenda,Williams,Brenda.Williams496@gmail.com,2476032260,New Christopher, USA ,06/01/2024,email
4110,Heather,Adams,Heather.Adams626@yahoo.com,510.353.8889,New Jade,Germany,2023-09-14,direct
4111,Larry,Johns,Larry.Johns679@yahoo.com,(282)936-1601,Lake Vanessa,DE,2024-12-10T06:39:39,social_media
4112,Angelica,Welch,Angelica.Welch139@gmail.com,,North David,DE,2024-01-30,organic_search
4113,Julie,Bowman,Julie.Bowman651@gmail.com,651-906-0978,West Sharonberg,Germany,2023-04-06T02:09:47,social_media
4114,Holly,Perkins,Holly.Perkins898@hotmail.com,,Bassfurt,usa,30.08.2024,direct
4115,Megan,Simmons,Megan.Simmons408@gmail.com,600-494-5319,East Patrick,Canada,2024-05-31T10:13:21,organic_search
4116,Julia,Allen,Julia.Allen50@yahoo.com,547-525-0762,Port Stephen,usa,17.07.2025,referral
4117,Tammy,Williams,Tammy.Williams262@hotmail.com,344-883-1749x360,South Jenniferfort,Canada,2025-10-28T09:21:53,referral
4118,Sophia,Logan,Sophia.Logan48@hotmail.com,(530)873-7225x7584,New David,france,2024-07-09T16:55:42,direct
4119,Madison,Garcia,Madison.Garcia466@gmail.com,598.581.0295x78822,Alyssaberg,U.K.,2025-03-27T22:52:49,direct
4120,Jason,Jarvis,Jason.Jarvis787@gmail.com,+1-523-242-2641x01442,Parkerfurt,U.K.,21.03.2024,social_media
4121,Kristen,Fischer,Kristen.Fischer874@yahoo.com,(606)512-5174x34210,Lake Susan,france,03-14-2024,paid_search
4122,Anthony,Thornton,Anthony.Thornton627@yahoo.com,+1-764-366-8026x874,,US,2023-11-12T14:17:45,social_media
4123,Crystal,Garcia,Crystal.Garcia458@yahoo.com,+1-861-424-7685x97664,Richardsonton,U.K.,03/07/2023,referral
4124,Isaac,Finley,Isaac.Finley83@yahoo.com,546.694.8254x576,Lisaside,CA,30.01.2024,paid_search
4125,Wendy,Williams,Wendy.Williams821@gmail.com,576.983.5281,Lake Joseph,usa,19.04.2023,direct
4126,Natalie,Williams,Natalie.Williams911@yahoo.com,,Adkinsbury, USA ,2025-01-22,social_media
4127,Stephanie,Edwards,Stephanie.Edwards62@gmail.com,+1-270-457-2677x9830,East Benjaminborough,UK,09/07/2023,email
4128,James,Knapp,James.Knapp529@yahoo.com,690.201.2153x238,Mitchelltown,usa,2025-07-18T15:07:49,paid_search
4129,Sarah,Patterson,Sarah.Patterson88@gmail.com,218.810.6319x8544,Colefurt,UK,2023-05-29T00:27:17,organic_search
4130,Joseph,Ponce,Joseph.Ponce421@gmail.com,+1-990-565-1651x2654,Johnsonburgh,germany,18/08/2024,social_media
4131,Kristen,Brown,Kristen.Brown438@yahoo.com,252-238-7787,New Alyssaview,FR,2023-12-20T11:33:36,email
4132,Rhonda,Brown,Rhonda.Brown597@hotmail.com,+1-635-576-3381x235,South Brandon,germany,2025-02-04T03:13:11,direct
4133,Philip,Smith,Philip.Smith230@yahoo.com,(502)307-0737x36680,Davenportmouth,Germany,03-03-2023,direct
4134,Ryan,Cole,Ryan.Cole362@hotmail.com,5463600559,Ashleyborough, USA ,2024-12-20,referral
4135,Tiffany,Adams,Tiffany.Adams746@hotmail.com,,Lake Debraland,FR,10-03-2025,direct
4136,Michael,Williams,Michael.Williams78@hotmail.com,398.626.2255x574,Wendyton,FR,15.04.2024,social_media
4137,Adrienne,Cisneros,Adrienne.Cisneros129@gmail.com,(560)336-3409x16169,Port James,usa,05/02/2023,referral
4138,Nicholas,Carter,Nicholas.Carter329@gmail.com,+1-604-733-2644,South Kevinview,France,31.01.2024,referral
4139,Robert,Davis,Robert.Davis965@yahoo.com,(886)981-5915,Denisetown,US,24/02/2024,social_media
4140,Crystal,Vazquez,Crystal.Vazquez63@hotmail.com,991-279-0608x125,Johnsonhaven,germany,2024-05-24T10:21:13,paid_search
4141,Jennifer,Tapia,Jennifer.Tapia97@yahoo.com,+1-797-814-7067,Antoniotown,U.K.,2024-08-17,referral
4142,Kimberly,Hopkins,Kimberly.Hopkins512@gmail.com,697-897-6470,North Richardfurt,DE,2024-09-10T19:01:24,organic_search
4143,Chad,Collins,Chad.Collins973@yahoo.com,(856)495-1251,East Patrickville,france,03-24-2023,social_media
4144,Kristin,Ochoa,Kristin.Ochoa387@yahoo.com,,East Lisa,UK,2024-11-22,paid_search
4145,Samantha,Bates,Samantha.Bates,269-678-5136x8194,Jessicabury,FR,2024-05-31T09:30:40,email
4146,Rebekah,Jennings,Rebekah.Jennings871@gmail.com,3273291714,North Tara,UK,24.08.2023,paid_search
4147,Chelsea,Spence,Chelsea.Spence380@yahoo.com,688.841.9362x63134,South Williamhaven,usa,08-31-2024,direct
4148,Ernest,Morgan,Ernest.Morgan729@gmail.com,593-385-2229,West Savannahbury,Germany,16.06.2024,organic_search
4149,Christopher,Cox,Christopher.Cox430@yahoo.com,897.204.9988x3120,Margaretshire,DE,2023-09-01T06:30:35,email
4150,Matthew,Leon,Matthew.Leon549@gmail.com,001-628-545-1299x38788,North Samuelshire,usa,09-19-2023,paid_search
4151,Rachael,Baker,Rachael.Baker397@hotmail.com,964.227.3009x201,Walshside,United Kingdom,09-24-2025,social_media
4152,James,Christensen,James.Christensen827@gmail.com,901-516-2801x680,,Germany,2023-07-24T10:39:51,paid_search
4153,Sydney,Sexton,Sydney.Sexton677@gmail.com,001-275-807-7218,Knoxstad,france,26.04.2024,social_media
4154,Dawn,Beck,Dawn.Beck691@yahoo.com,(953)440-0267x161,Wallacebury,United Kingdom,2023-08-04T11:42:44,direct
4155,Emma,Foley,Emma.Foley200@yahoo.com,,Natalieland,FR,09.07.2024,social_media
4156,Holly,Soto,Holly.Soto3@yahoo.com,318-769-8142,New Sarah, USA ,24.11.2023,direct
4157,Brett,Johnson,Brett.Johnson268@yahoo.com,+1-849-322-9468x97616,New Nathanton,usa,09.03.2023,paid_search
4158,Julie,Davis,Julie.Davis258@gmail.com,001-720-773-7866,Vancemouth,DE,10/12/2025,paid_search
4159,Tracie,Rivera,Tracie.Rivera328@gmail.com,,,FR,22.02.2023,referral
4160,Ashley,Lee, Ashley.Lee8@gmail.com ,+1-438-765-1767x3727,South Sherristad,France,2025-03-24T19:04:27,direct
4161,Cheyenne,Robinson,Cheyenne.Robinson672@gmail.com,001-415-610-0999x12998,,canada,25.05.2023,organic_search
4162,Alexandra,Finley,Alexandra.Finley756@gmail.com,911.303.5807,New Christopherton,germany,2025-03-12,social_media
4163,Sharon,King,Sharon.King357@yahoo.com,+1-793-687-9596x38453,Payneville,United Kingdom,2023-01-06T04:37:11,direct
4164,Christine,Cruz,Christine.Cruz680@gmail.com,001-300-737-3637x5708,Lake Amandatown,canada,04-17-2025,referral
4165,Shelia,Mccormick,Shelia.Mccormick598@yahoo.com,+1-633-868-2614,Rachelstad,CA,09-25-2025,referral
4166,Sydney,West,Sydney.West624@gmail.com,600-426-6897,Floresland,U.K.,06.01.2025,referral
4167,Joshua,Larson,Joshua.Larson866@gmail.com,(955)629-1653,Shannontown,uk,2025-11-22,email
4168,Cameron,Mora,Cameron.Mora28@yahoo.com,+1-766-684-9272,, USA ,2023-11-03T21:22:21,organic_search
4169,Mark,Frank,Mark.Frank809@hotmail.com,324.402.3089,Lake Beverly,United Kingdom,02/11/2024,direct
4170,James,Alexander,James.Alexander476@hotmail.com,601-202-3941x42900,South Margaretview,United States,03.11.2024,organic_search
4171,Claire,Solomon,Claire.Solomon976@hotmail.com,(283)824-9511,Johnsonburgh, USA ,22.11.2025,direct
4172,Paige,Dean,Paige.Dean601@gmail.com,001-669-893-4787x76297,Lawsontown,DE,11-24-2025,direct
4173,Heather,Murray,Heather.Murray907@gmail.com,,Bridgesburgh,France,2023-02-16T12:56:35,organic_search
4174,Charles,Willis,Charles.Willis926@hotmail.com,(679)400-6846,Herringport, USA ,03/07/2025,direct
4175,Michael,Ramos,Michael.Ramos339@yahoo.com,758.673.1113,West Anna,France,21.10.2025,social_media
4176,Terry,Flores,TERRY.FLORES747@YAHOO.COM,431-532-8156x1368,Lake Jenny,germany,08/03/2024,social_media
4177,Cindy,Johnson,Cindy.Johnson636@yahoo.com,(908)946-7407x24801,,CA,07.12.2024,direct
4178,Curtis,Randolph,Curtis.Randolph918@hotmail.com,3843815277,Jessicaburgh,usa,2025-01-06T17:13:22,paid_search
4179,Trevor,Park,Trevor.Park497@yahoo.com,+1-536-813-2040x6322,Lake William,uk,12-24-2025,email
4180,Cody,Wilkinson,Cody.Wilkinson550@hotmail.com,001-979-591-1130,Hughesfurt,canada,05-05-2025,direct
4181,Stephen,Rodriguez,Stephen.Rodriguez,001-869-978-1626,Port Josephchester,DE,04/04/2023,paid_search
4182,Laura,Thompson,Laura.Thompson800@hotmail.com,001-359-470-0732x127,Port Michaelmouth,US,05/06/2025,referral
4183,Pamela,Rubio,Pamela.Rubio353@hotmail.com,(627)431-6734x9928,Freemanchester,DE,25.10.2024,social_media
4184,Jessica,Summers,Jessica.Summers781@hotmail.com,805-948-5120x612,South Alexander,usa,2024-09-26T18:34:26,organic_search
4185,Joseph,Montgomery,Joseph.Montgomery53@hotmail.com,571.558.9278x125,New Travisshire,Canada,05-25-2024,email
4186,Jason,Mason,Jason.Mason358@yahoo.com,(315)411-2610,South Tony,france,2023-01-13,direct
4187,Nicholas,Buck,Nicholas.Buck37@gmail.com,+1-898-837-6732x642,,U.K.,2024-11-16,organic_search
4188,Kelsey,Ramos,Kelsey.Ramos605@gmail.com,542-635-2794,South Charlesfurt,France,14.12.2024,social_media
4189,Donald,Swanson,Donald.Swanson589@yahoo.com,(247)884-8605x64131,Longton,Canada,14.08.2024,direct
4190,Jennifer,Salazar,Jennifer.Salazar868@yahoo.com,(294)351-3560,Lauratown,FR,2025-02-11T16:04:26,social_media
4191,Richard,Jones,Richard.Jones53@yahoo.com,+1-759-250-3632x6237,Wendyport,CA,2023-11-14,social_media
4192,Jason,Blevins,Jason.Blevins426@hotmail.com,(702)678-4624x06837,Aliciaton,canada,2024-09-18T17:28:29,direct
4193,Laura,Lewis,Laura.Lewis597@gmail.com,810.956.4006x7415,Emilyport,france,2025-12-14T17:29:41,email
4194,Jessica,Schultz,Jessica.Schultz537@yahoo.com,001-841-555-0757x644,North Kevin,U.K.,2024-10-13,direct
4195,Lauren,Hudson,Lauren.Hudson754@yahoo.com,(340)343-6545,Williamsburgh,germany,05-09-2025,social_media
4196,Jeanette,Hernandez,Jeanette.Hernandez64@hotmail.com,367-699-2662x43417,New Cherylfurt,DE,11-19-2024,referral
4197,Michael,Chandler,Michael.Chandler587@hotmail.com,(714)969-2119x3687,Valerieburgh,DE,2023-07-05,email
4198,Rebecca,Klein,Rebecca.Klein462@yahoo.com,(270)644-4718x69413,New Brianchester,France,20/09/2024,direct
4199,Donald,Oconnor,Donald.Oconnor268@hotmail.com,555.371.4270,Lake Ianland,canada,04-25-2023,social_media
4200,Edward,Floyd,Edward.Floyd80@hotmail.com,735-832-4126x66206,Caseyton,uk,2024-03-01,social_media
4201,Megan,Goodwin,Megan.Goodwin527@gmail.com,,New Amy,France,2025-08-09,paid_search
4202,Laura,Jones,Laura.Jones77@gmail.com,001-612-401-5026x155,Birdmouth,france,30/08/2024,paid_search
4203,Emily,Davis,Emily.Davis3@yahoo.com,604-852-8876,Port Stacytown,uk,2024-05-18T13:20:56,social_media
4204,Jean,King,Jean.King654@hotmail.com,001-352-560-5185x464,Thomasside,usa,2024-11-08,social_media
4205,Daniel,Anderson,Daniel.Anderson695@gmail.com,244-488-6366,Michaelside,US,25/09/2023,direct
4206,Matthew,Fritz,Matthew.Fritz375@hotmail.com,001-497-652-6570x056,Michelleborough,germany,06/03/2025,direct
4207,Natasha,Lloyd,Natasha.Lloyd295@hotmail.com,,Lake Sarahside,CA,2025-01-07,email
4208,Christopher,Davis, Christopher.Davis232@gmail.com ,001-396-729-3956x136,North Raventown,USA,27/08/2025,paid_search
4209,James,Scott,James.Scott519@hotmail.com,001-821-220-9698,Lake Jennifermouth,United Kingdom,04-06-2024,social_media
4210,Megan,Murphy,Megan.Murphy246@gmail.com,(355)662-3947x646,Stephenstad,uk,05.03.2024,email
4211,Christine,Lyons,Christine.Lyons594@hotmail.com,001-709-851-9809x5990,Port Jasonberg,uk,03.03.2024,organic_search
4212,Peter,Glenn,Peter.Glenn997@yahoo.com,,Lake Heather,germany,01-21-2023,email
4213,Jessica,Brown,Jessica.Brown106@gmail.com,(930)987-0330x246,Beckchester,United Kingdom,23.10.2024,referral
4214,Angela,Peters,Angela.Peters331@yahoo.com,001-806-941-0809x1072,East Justin,usa,30/09/2023,paid_search
4215,Veronica,Morgan, Veronica.Morgan44@gmail.com ,770-934-3491x71003,West Nicolebury,UK,18.03.2023,email
4216,Denise,Maynard,Denise.Maynard391@hotmail.com,794-537-4750x6368,New Raymond,United States,2024-09-08,paid_search
4217,Jamie,Donovan,Jamie.Donovan112@hotmail.com,+1-834-611-5256x41650,Lake Jeremy,FR,2023-09-05,direct
4218,Susan,Reed,Susan.Reed295@gmail.com,001-769-865-1482x68272,New John,canada,2024-08-11,paid_search
4219,Bryan,Aguirre,Bryan.Aguirre135@gmail.com,+1-324-911-7715x53673,Sonyaland,canada,17/12/2023,social_media
4220,Dalton,Anderson,Dalton.Anderson63@hotmail.com,001-926-293-6099,Leestad,CA,16.04.2024,social_media
4221,Michael,Hall,Michael.Hall652@gmail.com,698.368.8635,East Albert,Germany,2025-11-29T10:00:18,direct
4222,Laura,Parrish,Laura.Parrish293@yahoo.com,001-874-553-7709x64225,Carlostown,DE,19.07.2025,social_media
4223,Stephanie,Rodriguez, Stephanie.Rodriguez71@gmail.com ,001-491-944-2381x45403,,CA,21/04/2023,paid_search
4224,Jennifer,Garcia,Jennifer.Garcia132@yahoo.com,(942)625-5922x71920,Christianville,Germany,2023-12-02,email
4225,Kelly,Holmes,Kelly.Holmes192@gmail.com,+1-378-832-8453x812,Aguirreview,CA,11/07/2025,referral
4226,Heather,Merritt,Heather.Merritt308@gmail.com,001-798-393-6870x1721,Debbiemouth,canada,06/12/2023,referral
4227,Sydney,Campbell,Sydney.Campbell535@gmail.com,8056431222,East Eric,Canada,12-01-2023,referral
4228,Frederick,Walters,Frederick.Walters149@hotmail.com,+1-750-438-9347x6499,East Melinda,usa,03-28-2023,social_media
4229,James,Kennedy,James.Kennedy319@hotmail.com,622-767-1648x4351,Jessicafurt,United States,2025-03-05,referral
4230,Dennis,Williams,Dennis.Williams590@yahoo.com,385.255.8859,West Thomas,France,17/11/2023,paid_search
4231,Gabriella,King,Gabriella.King116@hotmail.com,+1-595-485-3911x130,East Danielchester,DE,24.04.2024,email
4232,Craig,Hull,Craig.Hull966@hotmail.com,562.551.9731x029,East Samuelberg,france,14/02/2023,organic_search
4233,Denise,Davis,Denise.Davis763@gmail.com,649.288.8710x548,Kristaside,france,2024-01-15T12:34:27,paid_search
4234,Natasha,Brown,Natasha.Brown,,Jenkinshaven,Canada,2023-05-24T20:17:59,referral
4235,Stephanie,Jones,Stephanie.Jones404@gmail.com,+1-736-622-3393x646,Ryanstad,U.K.,20.07.2023,paid_search
4236,Heather,Winters,Heather.Winters891@gmail.com,5544888507,Stevenland,uk,2023-10-13,direct
4237,Riley,Stanley,Riley.Stanley839@hotmail.com,+1-807-872-6925x23209,South Tracey,CA,2023-07-31,social_media
4238,Olivia,Peterson,Olivia.Peterson183@gmail.com,401.420.0840x7588,South David,uk,05.11.2025,social_media
4239,Larry,Flores,Larry.Flores583@hotmail.com,517.685.8787,West Jessefurt,US,14/08/2024,direct
4240,Renee,Branch,Renee.Branch441@yahoo.com,270.537.3796x728,Ramosville,Canada,18/05/2023,social_media
4241,Jenna,Andrews,Jenna.Andrews490@hotmail.com,001-946-450-1235,East Danielle,United States,2023-03-30,social_media
4242,Joseph,Mosley,Joseph.Mosley254@hotmail.com,508.834.0626x295,Kyleview,germany,09/06/2023,social_media
4243,Amber,Wells,Amber.Wells881@yahoo.com,245.299.4188x368,East Andrew,canada,2025-06-09T15:57:31,social_media
4244,Carmen,Mitchell,Carmen.Mitchell519@hotmail.com,717.255.2539x12552,Port Michelleton,UK,03.03.2023,organic_search
4245,Amy,Barker,Amy.Barker751@yahoo.com,576.502.7870,Port Daniel,USA,2023-01-19T13:32:28,referral
4246,Dawn,Golden,Dawn.Golden108@hotmail.com,001-536-830-3928x58674,,UK,26.07.2024,organic_search
4247,Andrew,Gordon,Andrew.Gordon450@hotmail.com,683.936.2817x50609,New Lindahaven,USA,12-21-2023,referral
4248,Alexander,Barnett,Alexander.Barnett17@hotmail.com,+1-551-231-9142x967,Kingside,France,2023-05-01,direct
4249,Jessica,Singh,JESSICA.SINGH77@HOTMAIL.COM,(346)910-7812x7794,Nguyenmouth,UK,2025-12-05T18:41:53,referral
4250,Stephanie,Mcclain,Stephanie.Mcclain397@hotmail.com,723.891.6270x49141,East Joel,United Kingdom,07-01-2024,referral
4251,Jamie,Skinner,Jamie.Skinner960@hotmail.com,916.472.9003,Darleneton,CA,2025-07-26,direct
4252,Joanne,Richards,Joanne.Richards351@yahoo.com,795-413-0745,Lake Alanstad,Canada,12/06/2023,direct
4253,Christina,Jackson,Christina.Jackson263@gmail.com,,Reginaton,Germany,2025-05-13,direct
4254,Melissa,Gonzalez,Melissa.Gonzalez192@hotmail.com,(526)930-3078,Port Dawnview,uk,19/10/2025,paid_search
4255,Dylan,Obrien,Dylan.Obrien149@hotmail.com,(212)557-9812x3316,New Jenniferburgh,usa,2023-12-29,referral
4256,Erika,Craig,Erika.Craig737@yahoo.com,211.240.2153,Brianmouth,FR,2024-04-16T08:32:54,organic_search
4257,Megan,Jones,Megan.Jones945@yahoo.com,+1-612-789-3323,Devinberg,USA,2023-07-21,organic_search
4258,Katherine,Harris,Katherine.Harris700@hotmail.com,477-981-6214,Coxchester,france,15/08/2023,direct
4259,Matthew,Guerra,Matthew.Guerra534@yahoo.com,(221)841-6350x21421,North Melissaland,canada,10/06/2024,social_media
4260,Tina,Adkins,Tina.Adkins306@yahoo.com,755-382-0094x1244,Davisport,UK,08.09.2025,direct
4261,Lisa,Cook,Lisa.Cook610@yahoo.com,4925387983,Port Jill,germany,2023-03-18,paid_search
4262,John,James,John.James748@yahoo.com,209.389.5342x517,,france,2025-05-22T17:56:20,email
4263,James,Zimmerman,James.Zimmerman240@hotmail.com,,,france,2023-10-03,referral
4264,Amanda,Davis,Amanda.Davis649@gmail.com,555-252-4899,Martineztown,France,2023-07-18T12:56:31,referral
4265,Katherine,Powell,Katherine.Powell576@hotmail.com,,West Kaylaland,Canada,2023-12-02,email
4266,Dale,Lutz,Dale.Lutz832@gmail.com,+1-626-810-9061x02967,Gonzalestown,canada,01.04.2025,email
4267,James,Duncan,James.Duncan795@gmail.com,763-993-4835,,FR,2024-05-05,direct
4268,Larry,Johnson,Larry.Johnson675@yahoo.com,847.617.7155x648,East Edward,France,23.04.2025,email
4269,Jose,Myers,Jose.Myers224@yahoo.com,,North Lisa,Canada,2025-04-08T23:24:08,email
4270,Shelby,Garcia,SHELBY.GARCIA363@HOTMAIL.COM,+1-296-409-9326x343,Mooreport,US,20/04/2023,organic_search
4271,William,King,William.King637@gmail.com,(521)573-8101x897,West Kristina,germany,2024-12-20T13:29:57,social_media
4272,Corey,Keller,Corey.Keller600@yahoo.com,+1-599-396-7390,Carrollburgh,United Kingdom,2023-05-15,social_media
4273,Mary,Garcia,Mary.Garcia611@hotmail.com,,Dawnside,United States,29.08.2023,organic_search
4274,John,Bryant,John.Bryant,819.808.5734,Morganside,UK,07-10-2025,referral
4275,Lisa,Wells,Lisa.Wells786@gmail.com,742-527-0955x77200,Stricklandhaven,USA,25/03/2023,email
4276,Jennifer,Larson,Jennifer.Larson756@hotmail.com,001-364-935-3820,Gutierrezland,UK,28.09.2023,social_media
4277,Frank,Glover,Frank.Glover254@yahoo.com,+1-541-815-3091x2707,Whitechester, USA ,05-19-2025,referral
4278,Debbie,Tate,Debbie.Tate871@gmail.com,924.347.0996x7450,Thomasshire,DE,10-27-2024,paid_search
4279,Eric,Snow,Eric.Snow292@gmail.com,(755)857-5768x11200,Ginastad,uk,2025-07-27,direct
4280,Sharon,Williams,Sharon.Williams505@hotmail.com,907-743-9387x270,East Michael,United States,12/01/2023,paid_search
4281,Denise,Thompson, Denise.Thompson833@gmail.com ,,New Kevin,United Kingdom,28.09.2025,social_media
4282,Angela,Archer, Angela.Archer409@gmail.com ,001-328-390-1710x637,Boydshire,usa,09/04/2023,referral
4283,Lisa,Stephens,Lisa.Stephens735@hotmail.com,+1-654-234-5712x84038,Angelahaven,uk,2025-06-28T04:48:52,organic_search
4284,Steven,Smith,Steven.Smith276@hotmail.com,001-719-231-8732x3351,Maynardborough,US,01-04-2024,email
4285,Maureen,Torres,Maureen.Torres599@gmail.com,+1-559-538-9833x33787,Julieton,U.K.,31.03.2025,referral
4286,Mark,Leach,Mark.Leach685@gmail.com,+1-798-795-9814x880,West Matthewfort,Canada,26/12/2025,paid_search
4287,Joshua,Turner,Joshua.Turner570@gmail.com,930.206.3647x048,Maryhaven,FR,04/04/2024,email
4288,Robin,Williams,Robin.Williams993@yahoo.com,+1-989-519-2944x76337,West Kimberlyton, USA ,2024-09-18T16:07:17,paid_search
4289,Daniel,Larsen,Daniel.Larsen733@gmail.com,,Jordantown, USA ,2023-12-06T23:23:05,referral
4290,Sabrina,Vargas,Sabrina.Vargas868@hotmail.com,,Lake Trevorshire,UK,2023-11-23T04:03:16,email
4291,Taylor,Hartman,Taylor.Hartman5@yahoo.com,,Robinsontown,germany,24.05.2025,referral
4292,William,Dennis,William.Dennis694@yahoo.com,001-213-562-2557x8419,East Dennis,germany,25/09/2023,referral
4293,Darryl,Summers,Darryl.Summers720@hotmail.com,769.918.6607x09419,Port Johnny,U.K.,06.02.2023,referral
4294,Sandra,Grant,Sandra.Grant540@hotmail.com,545.636.9810x53405,Skinnershire,Germany,2023-02-16,social_media
4295,Ian,Colon,Ian.Colon45@gmail.com,7818079934,Charlesbury,uk,04-01-2024,direct
4296,Brittany,Johnson,BRITTANY.JOHNSON491@YAHOO.COM,,,Canada,2024-08-19T19:10:56,referral
4297,Tamara,Jackson,Tamara.Jackson78@yahoo.com,253-439-6259x9917,Garciaburgh,Germany,05-03-2024,organic_search
4298,Monica,Chavez,Monica.Chavez541@yahoo.com,001-322-563-8617x168,West Alicia,canada,06/11/2025,email
4299,Kristin,Hunter,Kristin.Hunter111@gmail.com,001-352-345-0357x83542,Lake Kimberly,france,02-18-2023,paid_search
4300,Matthew,Montgomery,Matthew.Montgomery47@yahoo.com,,West Suzanneport,France,24.04.2023,email
4301,Andrew,Murphy, Andrew.Murphy888@hotmail.com ,001-479-984-3152,North Alexandermouth,DE,2025-09-18T23:11:37,direct
4302,Kevin,Bell,Kevin.Bell402@gmail.com,,Woodbury,United States,06-02-2024,organic_search
4303,Alec,Pena,Alec.Pena851@gmail.com,6684652320,Lake Keithberg,United Kingdom,17/07/2024,direct
4304,Nicole,Marshall,Nicole.Marshall427@gmail.com,628-748-5013x672,New Christinaberg,UK,2025-01-10T18:02:20,paid_search
4305,Jennifer,Mathis,Jennifer.Mathis70@hotmail.com,687-552-1932x69446,North Davidville,usa,2023-06-26T21:40:48,social_media
4306,Joanne,House,Joanne.House63@gmail.com,001-976-858-3571,North Abigail,USA,2024-11-06T21:51:50,paid_search
4307,Brooke,Bryant,Brooke.Bryant256@hotmail.com,493.848.3294x8074,North Sethton,germany,01/01/2023,social_media
4308,Cody,Woods,Cody.Woods290@yahoo.com,850.631.6815x736,,Germany,19/09/2023,email
4309,Jessica,Caldwell,Jessica.Caldwell988@hotmail.com,001-968-201-2003x9081,Scottmouth,uk,01-02-2024,social_media
4310,Suzanne,Cook,Suzanne.Cook15@yahoo.com,4883885037,North Kurt,U.K.,2024-05-20T22:01:45,social_media
4311,Christopher,French,Christopher.French338@hotmail.com,+1-548-629-6046x2087,East Gary,FR,2024-06-20,social_media
4312,Michael,Myers,Michael.Myers507@yahoo.com,397.768.2523,Thomasborough,U.K.,23.01.2023,direct
4313,Jane,Clarke,Jane.Clarke792@hotmail.com,,Susanmouth,DE,11-13-2025,direct
4314,Michael,Young,Michael.Young462@hotmail.com,250.965.4139,Monicabury,canada,2024-06-29,paid_search
4315,David,Washington,David.Washington706@gmail.com,001-402-922-1237x032,Lake Henrychester,france,2023-12-28,paid_search
4316,Anthony,Reid,Anthony.Reid840@gmail.com,9619084106,Rogersberg,FR,2023-04-06T19:38:02,email
4317,John,Long,John.Long961@hotmail.com,+1-477-236-4217x8572,Janetbury,CA,19.12.2024,email
4318,Randy,Davis,Randy.Davis801@hotmail.com,323-980-8691x9180,Luisberg,CA,2023-11-18T02:21:56,paid_search
4319,Jennifer,Barton,Jennifer.Barton866@hotmail.com,570.804.1023,New Nicholas,DE,17.03.2024,direct
4320,Sharon,Jones,Sharon.Jones436@hotmail.com,(577)803-8931,Bonniebury,usa,24.03.2025,referral
4321,Ryan,Murphy,Ryan.Murphy750@gmail.com,(788)797-2931x90101,Alexfort,france,10-11-2023,email
4322,Karen,Mitchell,Karen.Mitchell646@yahoo.com,6382171747,Salazarbury,france,2025-05-17,direct
4323,Douglas,Wood,Douglas.Wood402@gmail.com,836.823.0576x2072,North Nicole,Germany,2023-10-16T12:09:35,referral
4324,Jennifer,Marsh,Jennifer.Marsh197@yahoo.com,,Lake Debra,UK,2024-01-23,paid_search
4325,Shelby,Graham,Shelby.Graham258@yahoo.com,695.463.9487,West James,Germany,07-16-2023,social_media
4326,Kelly,Brown,Kelly.Brown879@gmail.com,226-692-6344x483,North Melanieport,France,2023-07-08,email
4327,Matthew,Glenn,Matthew.Glenn468@hotmail.com,+1-760-819-3772x867,Stevensontown,usa,2024-03-05T03:32:19,social_media
4328,Kristine,Lee,Kristine.Lee567@yahoo.com,001-271-407-1780x655,Turnerberg,UK,01/04/2024,paid_search
4329,Dennis,Jones,Dennis.Jones91@yahoo.com,+1-742-302-0765x79667,West Jeremy,canada,22.05.2023,referral
4330,Kenneth,Nelson,Kenneth.Nelson870@yahoo.com,,Francisbury,FR,09-10-2025,email
4331,Randy,Wolfe,Randy.Wolfe743@yahoo.com,,Nunezmouth,france,03-19-2024,social_media
4332,Andrea,Donaldson,Andrea.Donaldson805@gmail.com,(604)259-7767,Christinetown,Germany,16.04.2024,email
4333,Randy,Harding,Randy.Harding648@hotmail.com,+1-425-919-1155x652,Lake Jakeberg,CA,2025-11-05,direct
4334,Jonathan,Dunn,Jonathan.Dunn770@hotmail.com,467-979-3383x950,Woodwardburgh,Germany,2023-02-25,social_media
4335,Emma,Cruz,Emma.Cruz302@hotmail.com,,West Robinbury,canada,2023-12-25T09:41:51,social_media
4336,Logan,Novak,Logan.Novak780@gmail.com,001-297-885-1412x011,Averybury,canada,14.12.2023,referral
4337,Nancy,Stephens,Nancy.Stephens492@gmail.com,,South Sarah,canada,31.10.2025,referral
4338,Dawn,Collins,Dawn.Collins378@yahoo.com,(311)355-8497x38400,West Melanieland,USA,2024-12-16T10:51:08,email
4339,Gary,Smith,Gary.Smith573@yahoo.com,(567)986-1986x64533,,usa,05-01-2024,direct
4340,Jeremy,Martinez,Jeremy.Martinez886@yahoo.com,+1-547-560-3107x7735,Bakerview,USA,2023-06-12,social_media
4341,Rebecca,Davis,REBECCA.DAVIS427@YAHOO.COM,001-757-498-8027x20993,Charlestown,Canada,08-09-2023,social_media
4342,Stephanie,Moreno,Stephanie.Moreno635@yahoo.com,246-970-0475x87012,East Joshuaville,FR,2025-08-28,referral
4343,Philip,Ryan,Philip.Ryan819@gmail.com,7104830153,Villegastown,germany,02.05.2025,paid_search
4344,Brandon,Acosta,Brandon.Acosta588@yahoo.com,,New Amandaborough,US,2023-02-25T02:42:48,referral
4345,Kristie,Cisneros,Kristie.Cisneros775@yahoo.com,696-928-4194,Paultown,USA,2023-02-06T22:43:17,social_media
4346,Jennifer,Simpson,Jennifer.Simpson307@gmail.com,721.583.9576,East Mark,canada,2024-03-01,organic_search
4347,David,Adams,David.Adams35@hotmail.com,(817)786-3189x278,Huntshire,FR,01/03/2023,paid_search
4348,Patrick,Benson,Patrick.Benson763@hotmail.com,779.895.6880,Baileyville,uk,05.02.2023,email
4349,Sharon,Dickerson,Sharon.Dickerson422@gmail.com,001-348-378-6480x105,Laurenberg,US,08/04/2025,paid_search
4350,Doris,Brock,Doris.Brock864@yahoo.com,702-920-5835,Lake Amandastad,United Kingdom,2024-08-15,direct
4351,Dennis,Gates,Dennis.Gates,738.227.6067x062,Port Elizabethburgh,France,2023-05-31T14:26:03,email
4352,Monica,Bonilla,Monica.Bonilla28@gmail.com,,New Laurachester,germany,2024-11-11T18:21:38,referral
4353,Jacqueline,Cobb,Jacqueline.Cobb712@hotmail.com,,Lake Henry,US,20.11.2025,paid_search
4354,Dillon,Lee,Dillon.Lee496@yahoo.com,001-336-454-0197x311,,U.K.,06/09/2025,email
4355,Andrew,Dennis,Andrew.Dennis770@yahoo.com,(521)463-1741,Sanchezview,Germany,09-18-2024,paid_search
4356,Rebecca,Smith,Rebecca.Smith259@hotmail.com,686-435-4692x32662,Levinefurt,usa,2024-12-15,social_media
4357,Lori,Garza,Lori.Garza59@yahoo.com,226-263-3891x228,Port Jeffrey,US,2025-10-09,organic_search
4358,Thomas,Chen,Thomas.Chen312@hotmail.com,001-460-593-1417x3361,East Amy,U.K.,29.01.2024,organic_search
4359,Amy,Scott,Amy.Scott292@hotmail.com,997-451-5238x589,Andrewfurt, USA ,10-27-2023,email
4360,Stephen,Jones,Stephen.Jones276@gmail.com,(637)809-0313,Kellybury,US,2025-07-01,organic_search
4361,Cassandra,Park,Cassandra.Park678@yahoo.com,,East Belinda,France,2023-08-13,social_media
4362,Matthew,Walker,Matthew.Walker162@gmail.com,001-626-550-9012x818,Evanston,France,2023-10-05,paid_search
4363,John,Christian,John.Christian838@gmail.com,001-806-779-9134x68060,Brownville,usa,2023-05-04,organic_search
4364,Emily,Vasquez,Emily.Vasquez213@yahoo.com,426.972.3406x8877,Sandraborough,canada,2024-11-21T13:25:23,direct
4365,Amy,Price,Amy.Price192@hotmail.com,001-570-373-4218x089,Morsehaven,Germany,09-21-2024,paid_search
4366,Dennis,Rich,Dennis.Rich403@gmail.com,001-279-995-3420x5668,West Lisa,U.K.,25/04/2023,referral
4367,George,Cole,George.Cole,(229)680-5303x610,Crosbytown,france,07.07.2024,direct
4368,Margaret,Cook,Margaret.Cook557@gmail.com,9194950098,Nelsonchester,usa,24/10/2025,email
4369,Douglas,Garcia,Douglas.Garcia977@yahoo.com,(520)959-3541x572,Jacksonmouth,United Kingdom,01.08.2025,direct
4370,Victoria,Hernandez,Victoria.Hernandez348@yahoo.com,+1-891-799-5974,New Amandachester,US,2023-12-09T22:40:19,social_media
4371,Erin,Brooks,Erin.Brooks326@gmail.com,001-916-603-2888x9489,Lake Morganfort,canada,10/12/2025,referral
4372,David,Hubbard,David.Hubbard680@hotmail.com,001-652-588-2808x231,Lake Tammystad,France,12-19-2023,organic_search
4373,Edward,Smith,Edward.Smith270@gmail.com,001-498-790-4269x80878,West Nicholas,canada,05-15-2024,social_media
4374,Diane,Willis,Diane.Willis739@yahoo.com,+1-385-806-1613x12178,South Robert,Germany,2024-03-25,organic_search
4375,Richard,Romero,Richard.Romero68@yahoo.com,,East Natasha,United States,2025-09-06,social_media
4376,Natalie,Foley,Natalie.Foley757@hotmail.com,344-361-1795x4957,Chanport,UK,19.04.2023,email
4377,Christina,Scott,Christina.Scott958@hotmail.com,415-336-1451x8313,Lake Nicholasfort,germany,2024-01-12T12:47:56,direct
4378,Lindsey,Turner,Lindsey.Turner664@hotmail.com,,West Phillipville,FR,08.06.2025,referral
4379,Alex,Brown,Alex.Brown172@yahoo.com,(660)276-8516,Robertston,DE,2023-03-24,organic_search
4380,Matthew,Duran,Matthew.Duran512@hotmail.com,001-444-351-2827x294,Port Robertochester,FR,14/07/2023,email
4381,Lindsey,Campbell,Lindsey.Campbell146@hotmail.com,324.583.2595x7485,South Michael,US,11.10.2023,organic_search
4382,Beth,Gonzalez,Beth.Gonzalez218@yahoo.com,(682)838-8187x169,Mirandachester,UK,08-23-2025,email
4383,Anna,Deleon,Anna.Deleon41@hotmail.com,001-929-724-7680x72579,East Christopherview,FR,2023-05-20,social_media
4384,Robert,Henderson,Robert.Henderson925@hotmail.com,(421)936-0629x49447,West Michael,germany,2025-01-25T18:46:44,organic_search
4385,Elizabeth,Price,Elizabeth.Price309@hotmail.com,001-587-551-1948,South Karen,CA,11-09-2025,direct
4386,Miranda,Jensen,Miranda.Jensen595@yahoo.com,9149471599,New Jonathanview,germany,10.12.2024,direct
4387,Mark,Cox,Mark.Cox662@hotmail.com,+1-361-440-9774x184,Kingtown,US,12-18-2025,social_media
4388,Mark,Stafford,Mark.Stafford160@yahoo.com,(593)222-7697,Kristenburgh,USA,2024-09-20T08:24:45,referral
4389,David,Jordan,David.Jordan400@yahoo.com,+1-632-761-6917x49939,East Sergio,CA,2025-07-28,referral
4390,Stephanie,Pope,Stephanie.Pope417@hotmail.com,9555470068,Lake Donaldshire,France,07-01-2025,referral
4391,Robert,Anderson,Robert.Anderson996@yahoo.com,001-963-336-4097x6282,Lake Laura,DE,2024-05-11,direct
4392,Andrea,Frost,Andrea.Frost108@yahoo.com,610.296.8725,Vasquezview,france,11-17-2024,social_media
4393,Amber,Allison,Amber.Allison468@hotmail.com,001-916-582-0432x8127,Port Spencermouth,germany,2025-06-24,social_media
4394,Kenneth,Mcdowell,Kenneth.Mcdowell992@gmail.com,+1-778-394-3788x72427,Angelfurt,U.K.,20/06/2024,email
4395,Mark,Brown,Mark.Brown602@yahoo.com,+1-209-753-1647,Andreaside,CA,2023-09-18,social_media
4396,Michelle,Owens,Michelle.Owens808@gmail.com,001-540-473-2845x688,Port Victoria,U.K.,14.08.2024,social_media
4397,Cameron,Kerr,Cameron.Kerr160@gmail.com,5825281940,Ashleyfort,DE,03-18-2024,paid_search
4398,Stephen,Downs,Stephen.Downs139@hotmail.com,+1-633-267-8358x845,,france,2024-08-22T20:47:00,organic_search
4399,Emily,Ortiz,Emily.Ortiz386@hotmail.com,713.582.3119x67647,West Nicholas,Germany,2024-07-24T18:41:51,email
4400,John,Black,John.Black422@gmail.com,,East Sean, USA ,26.11.2023,social_media
4401,Virginia,Frederick,Virginia.Frederick860@hotmail.com,001-477-777-3084,,germany,2024-12-12T01:31:02,referral
4402,Rebecca,Hayes,Rebecca.Hayes117@yahoo.com,5238681046,East Julia,germany,20/12/2024,email
4403,Christopher,Walls,Christopher.Walls74@yahoo.com,(312)614-9122x8673,Port Danielleshire,U.K.,09.03.2023,email
4404,Morgan,Olsen,Morgan.Olsen765@gmail.com,+1-365-711-8580x2023,North Elizabeth,DE,2023-07-17,direct
4405,Judy,Gardner,Judy.Gardner128@hotmail.com,(512)249-2018x43597,South Luisberg,DE,2024-11-21T19:02:32,social_media
4406,Timothy,Lopez,Timothy.Lopez973@gmail.com,665-784-5632,,Canada,06/04/2023,organic_search
4407,Keith,Smith,Keith.Smith469@yahoo.com,660.265.6815,Gabrielleville,usa,11.11.2024,paid_search
4408,Shannon,Kennedy,Shannon.Kennedy955@hotmail.com,,Andersonberg,DE,2025-08-22T19:17:20,paid_search
4409,Beth,Perez,Beth.Perez59@hotmail.com,667-518-4461x7327,Lake Scottfurt,france,05.11.2023,paid_search
4410,Sean,Valdez,Sean.Valdez152@hotmail.com,7015847669,Ashleytown,UK,03/03/2023,direct
4411,Scott,Miller,Scott.Miller286@yahoo.com,8844765205,Lake Kenneth,CA,2023-08-13T06:09:52,organic_search
4412,Shawn,Patel,Shawn.Patel762@gmail.com,+1-888-214-3710x4582,Garnertown,germany,18/08/2025,organic_search
4413,Jessica,Stewart,Jessica.Stewart80@yahoo.com,,Rogersberg,uk,2025-02-17,paid_search
4414,Eugene,Jones,Eugene.Jones678@hotmail.com,5662774818,South Jameschester,FR,02/04/2023,email
4415,Wayne,Cisneros,Wayne.Cisneros171@gmail.com,,,Germany,20/10/2024,paid_search
4416,Molly,Hull,Molly.Hull772@gmail.com,861.789.1355,Martinberg,Germany,20.01.2023,social_media
4417,Andrea,Clayton,Andrea.Clayton600@gmail.com,+1-284-614-7623x80267,Joneschester,USA,2024-01-17T14:43:07,referral
4418,Steven,Webb,Steven.Webb79@hotmail.com,(541)881-4604x99129,Port Dustin,USA,19.07.2025,organic_search
4419,April,Villanueva,April.Villanueva299@hotmail.com,(997)498-0134,New Ryanbury,germany,14.12.2024,social_media
4420,Amanda,Mclean,Amanda.Mclean454@yahoo.com,451.996.5376x7039,Christineland, USA ,05/02/2025,paid_search
4421,Kenneth,Crosby,Kenneth.Crosby861@gmail.com,+1-375-605-3083x360,Birdfort,U.K.,29.01.2023,referral
4422,Samantha,Bell,Samantha.Bell679@gmail.com,+1-388-588-2703x2248,Williamsborough,Canada,2024-03-22,social_media
4423,Shane,Cooper,Shane.Cooper873@yahoo.com,+1-666-439-4081x9275,Alexandershire,France,15.02.2023,social_media
4424,Kevin,Gallegos,Kevin.Gallegos245@hotmail.com,(927)701-9246,Timothyfurt,DE,2024-02-18,social_media
4425,Jamie,Wells,Jamie.Wells634@hotmail.com,393-851-7087,Brianville,Germany,18/10/2023,email
4426,Taylor,Harris,Taylor.Harris844@hotmail.com,661.735.2428x169,Port Jacqueline,uk,14.04.2025,social_media
4427,Amy,Edwards,Amy.Edwards267@yahoo.com,(972)444-7539,North Justinhaven,FR,19.05.2024,referral
4428,Eddie,Mosley,Eddie.Mosley771@gmail.com,879.725.9968,South Robertville,Canada,08.12.2024,organic_search
4429,Melissa,Miller,Melissa.Miller681@yahoo.com,286-251-1503x55581,Rosstown,Germany,2023-05-08,referral
4430,Michael,Allison,Michael.Allison404@yahoo.com,821.536.0084x3800,South Alyssa,Canada,2023-09-18T06:45:37,social_media
4431,Kimberly,Dickerson,Kimberly.Dickerson140@yahoo.com,001-310-399-7872,Gonzaleztown,FR,03/01/2024,organic_search
4432,Hailey,Wolf,Hailey.Wolf244@gmail.com,(951)268-0047x21535,New Jaredhaven,U.K.,2024-01-16T20:37:58,social_media
4433,Shannon,Miller,Shannon.Miller88@gmail.com,(900)255-5018,Lake Markburgh,United Kingdom,14.05.2025,email
4434,Bridget,Cannon,Bridget.Cannon854@gmail.com,425.554.3349,Lake Krista,CA,2023-01-10T12:24:58,social_media
4435,Sandra,Byrd,Sandra.Byrd589@gmail.com,3255833036,East Tina,canada,2023-07-11,paid_search
4436,Patricia,Gross,Patricia.Gross4@gmail.com,974-247-3098x110,Barnesfurt,canada,06-22-2024,social_media
4437,Timothy,Torres,Timothy.Torres960@gmail.com,943.235.7843,Lake Charleston,usa,2023-05-10T13:46:13,direct
4438,James,Figueroa,James.Figueroa895@yahoo.com,736-237-5060,East Susan,germany,15.02.2025,email
4439,Sarah,Davis,Sarah.Davis759@gmail.com,(537)684-5736x2530,Port Ryan,Germany,12-12-2024,paid_search
4440,Michelle,Jackson,Michelle.Jackson5@gmail.com,(926)299-2728,East Cassandra,germany,01/08/2023,email
4441,Julie,Smith,Julie.Smith510@hotmail.com,851.710.2939x4099,Mcdonaldside,Canada,07-22-2023,paid_search
4442,Ashley,Howard,Ashley.Howard862@yahoo.com,459-681-7130x329,Glennburgh, USA ,02-27-2023,email
4443,Daniel,Gardner,Daniel.Gardner465@hotmail.com,632.413.3000,Nicholasborough,Canada,31.10.2024,direct
4444,Anthony,Anderson,Anthony.Anderson173@gmail.com,+1-209-458-7202x07520,Michaelborough,Canada,2024-03-21T11:34:18,direct
4445,Christopher,Archer,Christopher.Archer726@gmail.com,(723)514-3874x43730,Christinaberg,canada,13/05/2023,paid_search
4446,Sherry,Gutierrez,Sherry.Gutierrez457@gmail.com,5979632527,Tuckerview,U.K.,11-02-2025,social_media
4447,Andrea,Davis,Andrea.Davis821@hotmail.com,642-303-7569,,usa,30.09.2023,direct
4448,Laura,Wright,Laura.Wright792@yahoo.com,4137988784,Lake Kimberly,U.K.,2023-08-31T20:16:02,referral
4449,Jennifer,Murray,Jennifer.Murray680@hotmail.com,001-742-884-0888,New Alan, USA ,02-05-2024,social_media
4450,Donna,Strickland,Donna.Strickland429@gmail.com,720-304-1648,Michaelfurt,canada,2024-04-01T15:04:59,direct
4451,Jose,Hull,Jose.Hull,221.687.0395,Port Jesse,uk,10/02/2023,email
4452,Melissa,Williamson,Melissa.Williamson,(516)798-0681,Harrisfurt,Germany,2025-02-06,paid_search
4453,Michelle,Thomas,Michelle.Thomas809@hotmail.com,,Ryanburgh,usa,12.07.2025,email
4454,Stephanie,Cook,Stephanie.Cook875@yahoo.com,957-472-3551,Ramirezside,Germany,2023-08-05T23:28:43,email
4455,Kenneth,Hebert,Kenneth.Hebert464@hotmail.com,(370)959-9446,West Jeremy,france,2024-06-13,referral
4456,Brian,Mccarthy,Brian.Mccarthy373@yahoo.com,970-267-4091x2602,Lake Theresamouth,canada,2024-06-17,email
4457,Katherine,Rodriguez,Katherine.Rodriguez723@yahoo.com,280-323-2586x9980,Aliciaside,US,2025-08-12T04:34:35,email
4458,Cynthia,Collins,Cynthia.Collins354@hotmail.com,541-412-4229x60691,South Jennifermouth,U.K.,2023-09-23,referral
4459,Madeline,Watts,Madeline.Watts202@hotmail.com,(667)882-3967x56765,South Angela,uk,04/11/2025,paid_search
4460,Madison,Keller,Madison.Keller153@yahoo.com,297-811-8972x48187,East Timothy,United States,09-24-2024,referral
4461,Amanda,Bryant,Amanda.Bryant893@yahoo.com,(867)332-6813,Stephaniebury,United Kingdom,13.03.2025,paid_search
4462,Raymond,Williams,Raymond.Williams730@hotmail.com,(420)628-2074x9596,Lake Johnberg,CA,09.04.2025,email
4463,Joshua,Greene,Joshua.Greene473@hotmail.com,723-414-1421,Melissaview,USA,12-02-2024,social_media
4464,Susan,Peterson,Susan.Peterson276@hotmail.com,243-843-8250,North Michael,canada,26/10/2025,referral
4465,Brian,King,Brian.King242@gmail.com,(594)792-8349x428,South Bruce,uk,11-14-2024,organic_search
4466,Alex,Olson,Alex.Olson210@hotmail.com,+1-214-597-6423x6917,West Glen,germany,01/09/2023,organic_search
4467,Jeremy,Jones,Jeremy.Jones318@yahoo.com,+1-879-221-1700x5245,North Erikfort,U.K.,29/10/2023,referral
4468,Melissa,Olson,Melissa.Olson268@gmail.com,001-584-302-7094,Georgeland,uk,2025-09-20T23:10:42,organic_search
4469,Katherine,Franklin,Katherine.Franklin258@hotmail.com,817.686.2561x5636,Reidmouth,CA,2025-07-16T23:59:23,referral
4470,Deborah,Mitchell,Deborah.Mitchell329@yahoo.com,(496)306-2853x6749,Oconnellland,FR,07-21-2023,organic_search
4471,Lisa,Harris,Lisa.Harris847@hotmail.com,(635)743-1331x12706,Timothyhaven,Germany,2023-03-27,direct
4472,Kristina,Harris,Kristina.Harris52@hotmail.com,001-990-349-7910x3033,Joneshaven,usa,30.06.2023,organic_search
4473,Matthew,Smith,Matthew.Smith600@hotmail.com,,Rosston,United States,01.07.2025,referral
4474,Kimberly,Scott,Kimberly.Scott380@gmail.com,+1-430-857-7614x069,,US,2025-10-09T12:33:30,direct
4475,Andrew,Cooper,Andrew.Cooper386@gmail.com,+1-763-357-4088,Parkerport,U.K.,18.05.2024,referral
4476,Kelly,Jones,Kelly.Jones351@hotmail.com,+1-825-582-3552,Harrisside,uk,19/04/2023,social_media
4477,Katie,Mooney,Katie.Mooney43@yahoo.com,001-217-879-9890x43810,North Aaron,United States,2024-06-22,paid_search
4478,Sherry,Chen,Sherry.Chen896@yahoo.com,9763140486,Carlsonfort,UK,02-03-2024,direct
4479,Sheila,Allen,Sheila.Allen646@gmail.com,+1-321-309-2009,Carriehaven,canada,08.11.2023,paid_search
4480,Carolyn,Wilson,CAROLYN.WILSON687@YAHOO.COM,+1-550-598-9479,Starkview,usa,2025-12-17T13:41:50,direct
4481,Rebecca,Guzman,Rebecca.Guzman692@hotmail.com,(410)596-0338x22382,Jasonmouth,France,12.11.2023,referral
4482,Mark,Crawford,Mark.Crawford592@gmail.com,205.892.5018x872,Wardmouth,CA,29.12.2024,social_media
4483,Tyler,Tucker,Tyler.Tucker434@hotmail.com,001-478-287-1308x48397,South Jacquelineborough,CA,2024-12-15T10:37:50,direct
4484,David,Cook,David.Cook401@hotmail.com,001-886-957-4893,South Karashire,canada,18.11.2023,direct
4485,Jacqueline,Burgess,Jacqueline.Burgess59@yahoo.com,,North Jeffland,UK,2023-04-01,direct
4486,Lisa,Keith,Lisa.Keith692@hotmail.com,3437880153,North Karenside,canada,27.11.2024,direct
4487,Jason,Santiago,Jason.Santiago393@yahoo.com,001-985-684-2556x141,Port Lauren,USA,25/02/2025,social_media
4488,Peter,Garcia,Peter.Garcia54@hotmail.com,001-432-657-9816x9535,Hodgesshire,france,17.12.2023,social_media
4489,James,Mcdaniel,James.Mcdaniel742@gmail.com,725-399-0401x939,Joeburgh,FR,01-15-2025,social_media
4490,Joshua,Bird, Joshua.Bird504@yahoo.com ,743.442.5951x2286,Port Joanna,FR,12/08/2025,direct
4491,Peggy,Soto,Peggy.Soto106@gmail.com,306-228-6852,Lake Stephenmouth,Canada,29.05.2024,referral
4492,Candace,Jones,CANDACE.JONES77@GMAIL.COM,001-257-404-4148x2243,Christinahaven,canada,2023-04-17T08:21:27,paid_search
4493,Alexa,Diaz,Alexa.Diaz57@yahoo.com,739.239.7426x085,Lake Phillip,France,07-06-2025,organic_search
4494,Kathleen,Brooks,Kathleen.Brooks220@hotmail.com,+1-314-935-3959x569,North Thomas,CA,2024-03-09,paid_search
4495,John,Park,John.Park106@hotmail.com,+1-389-737-3630,South Sally,CA,12-03-2023,email
4496,Tiffany,Mcdonald,Tiffany.Mcdonald874@hotmail.com,+1-211-784-4878,New Craig,Canada,01-22-2025,email
4497,Melinda,Roberts,Melinda.Roberts594@hotmail.com,7029558782,,Canada,2024-09-14,social_media
4498,James,Rodriguez,James.Rodriguez941@gmail.com,2227037354,East Gina,DE,2023-12-26T12:42:04,social_media
4499,Johnny,Mcguire,Johnny.Mcguire557@gmail.com,(847)785-0609x33719,Chadberg,FR,2024-10-24T18:04:58,direct
4500,Jennifer,Dominguez,Jennifer.Dominguez121@hotmail.com,,Port Jessicafurt,US,04-26-2025,organic_search
4501,Marcus,Medina,Marcus.Medina600@gmail.com,001-732-220-6152,New Lisamouth,US,2025-10-27,social_media
4502,Timothy,Middleton,Timothy.Middleton269@hotmail.com,,Elliotttown,CA,2023-04-07T10:54:03,email
4503,Melanie,Evans,Melanie.Evans226@hotmail.com,001-300-962-2501x775,,usa,2024-08-28T03:43:16,paid_search
4504,Gina,Pratt,Gina.Pratt1@hotmail.com,001-609-623-9360,Smithtown,DE,2024-11-16,paid_search
4505,Robert,Williams,Robert.Williams13@yahoo.com,796.452.7398x3112,Port Christopher,canada,2023-10-03T17:56:07,paid_search
4506,Jasmine,Herrera,Jasmine.Herrera909@gmail.com,862-344-4516,South Alexis,United Kingdom,07/10/2024,direct
4507,Jose,Bryan,Jose.Bryan283@hotmail.com,597-385-3150x2743,Lake Joystad,FR,02/04/2024,social_media
4508,Joshua,Vargas,Joshua.Vargas301@hotmail.com,7628095279,South Ericton,france,06-06-2025,paid_search
4509,Mary,Jacobson,Mary.Jacobson147@gmail.com,230.720.6822,Port Lisa,U.K.,2023-01-15,organic_search
4510,William,Rogers,William.Rogers509@gmail.com,+1-713-449-7857,East Nicholas,France,2024-08-11T22:06:31,paid_search
4511,Christopher,Johnson,CHRISTOPHER.JOHNSON872@HOTMAIL.COM,(411)786-2050,Cameronton,CA,01-06-2023,referral
4512,Nichole,Campos,Nichole.Campos870@hotmail.com,+1-962-294-2649x770,West Matthew,germany,2025-01-11T22:27:52,social_media
4513,Greg,Kelly,Greg.Kelly269@yahoo.com,(774)921-6919,Lisaport,France,03/02/2023,organic_search
4514,Danny,Bradley,Danny.Bradley834@gmail.com,454-690-6547x829,Lake Christinahaven,FR,2024-07-09,email
4515,Paul,Patterson,Paul.Patterson179@gmail.com,,Port Allisonmouth,FR,2023-09-05,referral
4516,Monique,Kirk,Monique.Kirk379@yahoo.com,598-390-0618x020,Mikemouth,CA,2025-02-15,direct
4517,Steven,Marsh,Steven.Marsh930@gmail.com,763-259-2444,Hamiltonmouth,Germany,12-18-2023,referral
4518,Kristopher,Rice,Kristopher.Rice869@hotmail.com,001-915-959-3989,Sherriville,CA,2023-11-24T17:38:08,direct
4519,Michelle,Anderson,Michelle.Anderson598@hotmail.com,207.342.2120x37360,Marcbury,usa,06.02.2025,direct
4520,Gregory,Anderson,Gregory.Anderson446@hotmail.com,742-504-1793,Jamesfort,United Kingdom,23/01/2023,social_media
4521,Chad,Dixon,Chad.Dixon28@yahoo.com,(509)503-5149x03331,Stevensonstad,United States,2025-02-24,social_media
4522,Heidi,Hernandez,Heidi.Hernandez721@gmail.com,+1-473-811-5676x23865,North Kristin,Germany,16/05/2025,email
4523,Jasmine,Huffman,Jasmine.Huffman607@hotmail.com,8305387942,Adrianstad,U.K.,2025-10-16,referral
4524,Kenneth,Snyder,Kenneth.Snyder645@yahoo.com,,West Maryfurt,France,23.04.2024,social_media
4525,Christy,Walker,Christy.Walker207@gmail.com,(399)318-1280,Harrisontown,Canada,10/08/2025,email
4526,Christopher,Bridges,Christopher.Bridges791@hotmail.com,(777)917-9567,Kimberg,FR,2023-03-25,paid_search
4527,Christopher,Hayes,Christopher.Hayes755@hotmail.com,001-444-641-5657x4375,East Dustinside,Canada,29/11/2025,social_media
4528,Kristina,Wilson,Kristina.Wilson503@gmail.com,929-555-8445,Gabrielview, USA ,2024-12-24,organic_search
4529,Austin,West,Austin.West685@hotmail.com,,Melissashire,UK,01-17-2024,paid_search
4530,Christopher,Rodriguez,Christopher.Rodriguez784@yahoo.com,(452)274-0456x45431,New Lisa,CA,2024-04-02,paid_search
4531,Robert,Garcia,Robert.Garcia693@hotmail.com,772-399-2633x700,East Margaretland,DE,30.11.2024,paid_search
4532,Erin,Lopez,Erin.Lopez510@gmail.com,,South Jennifer,United Kingdom,2023-12-01,organic_search
4533,Veronica,Garcia,Veronica.Garcia628@hotmail.com,725-511-8742x231,Lake Katherineburgh,UK,2025-04-07,organic_search
4534,Cindy,Bell,Cindy.Bell9@gmail.com,740.697.1814,South Dustin,DE,2023-09-29,email
4535,Kim,Sosa,Kim.Sosa292@yahoo.com,418.673.1785x29764,Pierceville,DE,19/09/2023,direct
4536,Brittany,Powell,Brittany.Powell649@yahoo.com,001-558-369-2742x900,Martinezberg,United Kingdom,30.10.2024,paid_search
4537,William,Rodriguez,William.Rodriguez863@gmail.com,570-940-4787,Williamstad,France,07-10-2024,direct
4538,Derek,Swanson,Derek.Swanson145@yahoo.com,001-802-407-3970x1631,Wyattland,FR,09-29-2025,paid_search
4539,Samantha,Rivas,Samantha.Rivas857@yahoo.com,,Rodriguezfurt,usa,2025-02-25,social_media
4540,Diane,Simpson,Diane.Simpson313@yahoo.com,001-641-666-0648x5888,Elizabethport,U.K.,10-13-2024,paid_search
4541,Matthew,Valenzuela,Matthew.Valenzuela547@hotmail.com,+1-388-464-5386x845,Riveraburgh,france,04-14-2024,paid_search
4542,Trevor,Perry,Trevor.Perry951@yahoo.com,515.452.5417,North Edwardside,usa,13.06.2025,email
4543,Stephanie,Tran,Stephanie.Tran540@hotmail.com,(306)234-5856x977,Michaelfurt,U.K.,06-22-2025,social_media
4544,William,Hood,William.Hood264@hotmail.com,(463)942-4235,,Canada,21/02/2024,social_media
4545,Alexander,Smith,Alexander.Smith295@gmail.com,(413)362-7258x618,Lake Jonathanside,United States,03-31-2023,organic_search
4546,Joshua,Acevedo,Joshua.Acevedo354@hotmail.com,,Greenchester,FR,27.11.2023,referral
4547,Daniel,Chen,Daniel.Chen643@yahoo.com,212.216.2757x332,Davisbury,france,18.07.2023,social_media
4548,Ryan,Lynch,Ryan.Lynch991@gmail.com,+1-674-780-2335x235,Youngside,France,03/01/2024,paid_search
4549,Jason,Wade,Jason.Wade619@hotmail.com,760-874-9169x8155,East Latoyachester, USA ,07.12.2025,referral
4550,Karen,Williams,Karen.Williams997@hotmail.com,,Thomasmouth,france,07.07.2024,organic_search
4551,Rhonda,Wilson,Rhonda.Wilson574@hotmail.com,7425425846,East Laura,germany,15/10/2024,social_media
4552,Matthew,Davis,Matthew.Davis291@yahoo.com,+1-653-984-9940,Kaufmanfort,Canada,2023-01-26,referral
4553,Christina,Chavez,Christina.Chavez299@hotmail.com,6928771400,Brianfort,Canada,07.03.2023,direct
4554,Carolyn,Garcia,Carolyn.Garcia231@yahoo.com,661.788.5752,,usa,2025-11-22T23:51:35,paid_search
4555,Evan,Wilson,Evan.Wilson492@yahoo.com,(701)618-0829,Dennisland,U.K.,05/10/2023,social_media
4556,Debra,Rodriguez,Debra.Rodriguez831@hotmail.com,(694)463-3381x798,,germany,13.09.2024,referral
4557,Samuel,Fisher,Samuel.Fisher784@hotmail.com,5175706905,Brownville,CA,21.06.2025,referral
4558,Carol,Young,Carol.Young147@gmail.com,+1-898-265-1436x462,Larrymouth,US,06.10.2025,social_media
4559,Henry,Chapman,Henry.Chapman416@hotmail.com,(667)912-5840,,usa,02-01-2025,organic_search
4560,Robert,Brown,Robert.Brown449@hotmail.com,907.935.4600,Brianfort,CA,11-26-2024,organic_search
4561,Kristina,Kim,Kristina.Kim20@yahoo.com,001-864-749-2559x33488,Richardton,USA,2024-05-04T21:19:13,direct
4562,Adam,Thompson,Adam.Thompson277@gmail.com,+1-897-464-6531x75959,Bakerborough,canada,05.07.2024,organic_search
4563,Jesse,David,Jesse.David882@gmail.com,(783)443-7037,Dillonchester,Germany,29/01/2024,email
4564,William,Woods,William.Woods846@gmail.com,+1-516-491-3946x893,Myersland,CA,2024-02-26,paid_search
4565,Nicholas,Robinson,Nicholas.Robinson239@hotmail.com,681-317-2251x257,Kristenburgh,Germany,24/12/2023,paid_search
4566,Kyle,Walters,Kyle.Walters334@hotmail.com,(839)281-8085x5420,New Lauren,France,2024-07-24T17:59:50,paid_search
4567,Michelle,Brown,Michelle.Brown617@hotmail.com,589.449.3506x1772,South Michaelville,usa,27/02/2025,social_media
4568,John,Hansen,John.Hansen854@yahoo.com,379-968-1032x02240,Lake Ethan,UK,25/02/2025,email
4569,Christopher,Salazar,Christopher.Salazar76@hotmail.com,643-512-4674x00940,Dunnport,DE,17/11/2024,social_media
4570,Chad,Silva,Chad.Silva45@hotmail.com,236.706.3405x130,Lopezshire,canada,2025-07-10,email
4571,Nathaniel,Lopez,Nathaniel.Lopez494@hotmail.com,882-433-1671,,UK,23.01.2024,referral
4572,Carla,Carpenter,Carla.Carpenter71@hotmail.com,001-581-775-4814x423,Lake Corey,Germany,2025-01-28,organic_search
4573,Richard,Taylor, Richard.Taylor832@hotmail.com ,+1-724-774-6879x2718,East Tannerborough,U.K.,2025-08-10,direct
4574,Jacqueline,Page,Jacqueline.Page858@hotmail.com,001-679-378-0878,Huntchester,FR,26.01.2025,direct
4575,Wendy,Ruiz,Wendy.Ruiz268@hotmail.com,793.969.3949,North David,CA,16/09/2025,social_media
4576,Jamie,Stewart,Jamie.Stewart648@gmail.com,5485114681,North Jason,UK,2025-12-21T06:06:04,social_media
4577,Russell,Jennings,Russell.Jennings262@hotmail.com,392-935-2493x7104,Lopezside,germany,2025-07-16T19:01:24,email
4578,Samantha,Monroe,Samantha.Monroe239@gmail.com,,East Debraland,CA,18.06.2025,social_media
4579,Robert,Combs,Robert.Combs111@hotmail.com,803-297-6211x880,Johnhaven,United Kingdom,2024-08-03T15:01:37,organic_search
4580,Brianna,Rodriguez,Brianna.Rodriguez608@hotmail.com,721.299.1206x24418,,france,18.01.2023,social_media
4581,Chad,Strong,Chad.Strong395@yahoo.com,001-341-550-9957x5681,Jeffreymouth,france,24/04/2023,paid_search
4582,Jeffrey,White,Jeffrey.White736@gmail.com,,West Brendaberg, USA ,2025-04-14,referral
4583,Patricia,Holmes,Patricia.Holmes728@gmail.com,001-323-559-6347x26247,South Louisburgh,Germany,06.10.2025,organic_search
4584,Scott,Kline,Scott.Kline800@yahoo.com,001-230-487-2403x6480,Madelineport,germany,2024-06-29,organic_search
4585,Albert,Fletcher,Albert.Fletcher853@hotmail.com,+1-367-465-1727x7532,,Germany,30.07.2025,social_media
4586,James,Reyes,James.Reyes606@hotmail.com,564-441-4930x01590,Stacybury,DE,05.08.2023,paid_search
4587,Brandon,Martin,Brandon.Martin625@hotmail.com,,,DE,29.03.2025,direct
4588,William,Casey,William.Casey300@gmail.com,,Nelsonport,DE,2025-01-28T22:55:38,email
4589,Mike,Coleman, Mike.Coleman9@gmail.com ,001-606-269-5804,Estesport, USA ,2023-03-25T00:14:08,organic_search
4590,Larry,Jefferson,Larry.Jefferson7@gmail.com,,Stevenfort,USA,2024-03-22,social_media
4591,Elizabeth,Hernandez,Elizabeth.Hernandez125@gmail.com,6026883492,Markton,USA,14/02/2025,social_media
4592,Thomas,Randall,Thomas.Randall6@gmail.com,+1-282-380-3794x400,West Ryanshire,France,2023-05-13,social_media
4593,Sarah,Wells,Sarah.Wells82@gmail.com,364.896.4422,Greerhaven,FR,11-03-2023,organic_search
4594,Catherine,Jackson,Catherine.Jackson264@hotmail.com,(997)497-9348x59635,Port Patricia,FR,2025-03-01T04:25:30,email
4595,James,Miller,James.Miller65@gmail.com,001-260-257-9481x57581,Lake Miguelport,Canada,2024-09-09T21:39:56,social_media
4596,Stephen,Brown,Stephen.Brown996@yahoo.com,(573)479-8480x020,Yorkton,United Kingdom,11-27-2025,social_media
4597,Scott,Boyd,Scott.Boyd340@hotmail.com,(917)583-2250x9155,,France,16/12/2023,social_media
4598,Erik,David,Erik.David221@gmail.com,826.501.7542,North Robin,CA,2024-08-11T18:19:13,email
4599,Christina,Bryan, CHRISTINA.BRYAN158@GMAIL.COM ,(842)334-8390,Kaylafurt,United States,24/09/2023,organic_search
4600,Heather,Webb,Heather.Webb461@yahoo.com,657.830.2394x84771,Hallshire,FR,09.12.2023,direct
4601,Jessica,Williams,Jessica.Williams12@gmail.com,637-201-8327,North Samuel,germany,2025-06-04,direct
4602,Keith,Boyer,Keith.Boyer428@yahoo.com,734-218-8157x651,North William,FR,2023-11-17T22:09:41,direct
4603,Sonya,Glass,Sonya.Glass929@hotmail.com,+1-821-594-1517,Davistown,United Kingdom,09-01-2024,social_media
4604,Amy,Turner,Amy.Turner751@gmail.com,+1-530-932-5355x5995,North Kayla,U.K.,07-11-2025,paid_search
4605,Toni,Christensen,Toni.Christensen477@yahoo.com,(800)964-2092x25973,South Lindaland,UK,08/08/2025,paid_search
4606,Brad,Mccarthy,Brad.Mccarthy437@gmail.com,513-703-2232,Jeffreyfort,DE,09-16-2024,email
4607,Jennifer,Green,Jennifer.Green644@gmail.com,,,U.K.,25/07/2023,email
4608,Loretta,Miles,Loretta.Miles775@yahoo.com,(602)767-4121x6382,Gillespieburgh,DE,19/12/2023,paid_search
4609,Stephanie,Perez,Stephanie.Perez741@hotmail.com,+1-272-948-4396x0996,New Michelle,U.K.,2025-12-08T21:47:48,social_media
4610,Adam,Lynn,Adam.Lynn378@yahoo.com,,Lake Steveton,germany,28.03.2024,organic_search
4611,Sharon,Schmidt,Sharon.Schmidt239@gmail.com,(553)759-8515x32092,West Edward,United States,2025-01-18T16:38:11,organic_search
4612,Joshua,Munoz,Joshua.Munoz898@gmail.com,001-715-928-0064x861,Bauershire,US,18/02/2025,organic_search
4613,Jason,Dickerson,Jason.Dickerson625@gmail.com,869-264-9289x638,East Jenniferfurt,UK,2025-04-09,referral
4614,Ashley,Austin,Ashley.Austin207@gmail.com,,West Larryfurt,usa,10-08-2023,organic_search
4615,Joshua,Mckee,Joshua.Mckee571@gmail.com,001-749-744-2828x1832,Port Ericfurt, USA ,31/01/2023,email
4616,Krystal,Dennis,Krystal.Dennis142@hotmail.com,378-527-2972,Gilberttown,Germany,25/04/2025,referral
4617,Angela,Patterson,Angela.Patterson178@gmail.com,(496)631-6501,West Tiffanytown, USA ,2024-04-08,organic_search
4618,Kara,Clark,Kara.Clark82@gmail.com,860.697.1377x7938,West Steventown,UK,09-01-2025,organic_search
4619,Joseph,Schaefer,Joseph.Schaefer443@gmail.com,,Solisport,UK,2024-06-10,social_media
4620,Tristan,Schmidt,Tristan.Schmidt752@gmail.com,(794)530-1226x941,Johnborough,canada,07.09.2024,direct
4621,David,Ruiz,David.Ruiz931@gmail.com,+1-450-498-2216x2593,Alanhaven,FR,08-22-2024,paid_search
4622,Mary,Phillips,Mary.Phillips496@gmail.com,+1-774-493-8341x6232,Hilltown,france,01-01-2024,social_media
4623,Donald,Rodriguez,Donald.Rodriguez28@gmail.com,,East Edwin,U.K.,2025-03-29,email
4624,Rodney,Smith,Rodney.Smith330@gmail.com,001-821-691-6580,,germany,10.12.2024,referral
4625,Sheila,Bullock,Sheila.Bullock956@hotmail.com,(251)729-9866x318,Port Melinda,DE,2024-11-24,organic_search
4626,Christina,Myers,Christina.Myers355@gmail.com,+1-546-935-0773x18859,Coxborough,canada,26/01/2025,email
4627,Michael,Caldwell,Michael.Caldwell765@yahoo.com,+1-609-653-3243x3506,East Jessica,germany,2025-09-29,paid_search
4628,Christine,Martin,Christine.Martin65@yahoo.com,912.878.0664x4856,South Kaitlyn,USA,04-22-2025,referral
4629,Vincent,Espinoza,Vincent.Espinoza345@gmail.com,(870)511-8360,Smithmouth,Canada,2025-09-01T02:32:44,organic_search
4630,Matthew,Howard,Matthew.Howard974@hotmail.com,615-341-4238x61450,Lake Denise,CA,06-21-2023,social_media
4631,George,Owen,George.Owen339@hotmail.com,740-210-1190,Jessicaburgh,France,2024-02-12,email
4632,Elizabeth,Garcia,Elizabeth.Garcia1@yahoo.com,880-581-0635x51972,Jennastad,United States,09-01-2025,paid_search
4633,Lucas,Watson,Lucas.Watson339@hotmail.com,(747)968-2584,,DE,2025-06-19,email
4634,Dean,Williams,Dean.Williams608@gmail.com,816-900-2684,Humphreychester,germany,03-21-2025,referral
4635,Joyce,Silva,Joyce.Silva81@gmail.com,,New Lisa,U.K.,2023-06-28T11:38:42,direct
4636,Richard,Gonzales,Richard.Gonzales320@yahoo.com,(357)394-3193x667,Martinstad,FR,2025-03-16,direct
4637,James,White,James.White256@hotmail.com,586.929.1879,Catherinebury,CA,2023-10-24,email
4638,Valerie,Gibson,Valerie.Gibson96@gmail.com,651.931.5862x0713,Mccannside,uk,2025-11-21,direct
4639,Matthew,Fields,Matthew.Fields698@gmail.com,894.653.9341x123,,U.K.,2024-08-21T12:16:01,direct
4640,Mackenzie,Steele,Mackenzie.Steele943@hotmail.com,+1-850-669-6720,Parkermouth,DE,10.12.2024,paid_search
4641,Mitchell,Smith,Mitchell.Smith251@yahoo.com,401-560-5570x47871,Blairburgh,usa,11/05/2024,organic_search
4642,Angela,Zimmerman,Angela.Zimmerman753@yahoo.com,268.756.4296x5399,Thomasfort,uk,04-30-2023,organic_search
4643,Hannah,Solis,Hannah.Solis391@hotmail.com,868-367-4489,Meghanchester,germany,21/11/2025,email
4644,Alexis,Hawkins,Alexis.Hawkins431@yahoo.com,835-283-5100x6707,Lake Gina,USA,2025-02-28T09:16:16,social_media
4645,Katherine,Diaz,Katherine.Diaz66@gmail.com,4733415274,New David,US,06-11-2025,referral
4646,James,Brown,James.Brown,580.918.0875,Danielburgh,CA,15.11.2023,email
4647,Jessica,Smith,Jessica.Smith648@gmail.com,(674)958-6189x42062,Lake Sara,usa,2023-10-25,referral
4648,Mary,Christensen,Mary.Christensen607@gmail.com,,Theresachester, USA ,05/09/2025,organic_search
4649,Michael,Stewart,Michael.Stewart3@gmail.com,4537848030,West Stevenville,DE,17.01.2023,organic_search
4650,Peter,Liu,Peter.Liu730@gmail.com,+1-754-267-2390x441,Jonesland,FR,27/06/2023,direct
4651,Jared,Stanton,Jared.Stanton231@hotmail.com,+1-751-646-3547x65848,Ortiztown,france,2024-11-21T02:55:41,email
4652,Ronald,Bradley,Ronald.Bradley212@gmail.com,001-848-367-3702x197,Wilcoxborough,Canada,08-25-2023,paid_search
4653,Dillon,Fisher,Dillon.Fisher973@hotmail.com,772-225-5145,New Howardshire,germany,10-04-2025,organic_search
4654,Ashley,Smith,Ashley.Smith900@gmail.com,3102263900,Ballshire, USA ,24.02.2025,organic_search
4655,Stefanie,Hoffman,Stefanie.Hoffman481@hotmail.com,940.339.0607,Thompsonfort,Germany,07-10-2023,organic_search
4656,Brandon,Green,Brandon.Green,+1-958-682-0244x69439,East Mark,CA,01.05.2025,email
4657,Travis,Frey,Travis.Frey309@hotmail.com,404.521.4538,East Christopher,uk,19.10.2023,email
4658,Jennifer,Johnson,Jennifer.Johnson572@hotmail.com,586.782.2672,Garciaport,canada,09-29-2025,organic_search
4659,James,Garcia,James.Garcia224@yahoo.com,662-697-8823x55318,Jasminefurt,United Kingdom,2023-04-21T19:51:34,social_media
4660,Carol,Evans,Carol.Evans577@hotmail.com,256.334.7168,Elliston,germany,2025-09-08,paid_search
4661,Suzanne,Mclaughlin,Suzanne.Mclaughlin170@hotmail.com,(354)606-5002x3564,South Shawnview,United Kingdom,2024-05-24,organic_search
4662,Melissa,Miller,Melissa.Miller796@gmail.com,443-451-3718x34979,North Jenniferside,DE,2025-07-01T15:20:57,social_media
4663,Morgan,Alexander,Morgan.Alexander973@hotmail.com,(985)899-1928x921,,Germany,28/04/2024,paid_search
4664,Wendy,Lutz,Wendy.Lutz876@yahoo.com,,East Tarabury,DE,30.05.2024,email
4665,Jose,Burch,Jose.Burch533@hotmail.com,(726)246-1615x01860,West Tina,USA,17.07.2024,direct
4666,Nicole,Liu,Nicole.Liu755@hotmail.com,,Lake Victorfurt,CA,2024-02-10,paid_search
4667,Casey,Kirk,Casey.Kirk448@hotmail.com,407-867-0347x008,South Sherry,USA,2025-10-24T09:42:47,referral
4668,Emily,Gibbs,Emily.Gibbs734@yahoo.com,(325)507-4762,Lake Grace,FR,2025-10-22T22:46:55,referral
4669,Ashley,Smith,Ashley.Smith718@yahoo.com,349.970.7199x25751,West Kennethtown,uk,2024-08-24,direct
4670,Morgan,Mitchell,Morgan.Mitchell954@hotmail.com,256.473.1101x766,Salazarberg,France,2024-12-26,referral
4671,Wendy,Jones,Wendy.Jones781@yahoo.com,5986569103,North Brianborough,Canada,11/12/2025,organic_search
4672,Larry,Peterson,Larry.Peterson192@hotmail.com,317.342.2165,Jillfort,United States,10-10-2024,organic_search
4673,Kimberly,Campos,Kimberly.Campos774@gmail.com,467.289.5379,Onealfurt,US,04-01-2024,paid_search
4674,Elizabeth,Anderson,Elizabeth.Anderson615@hotmail.com,772-497-1311,Brendanport,FR,2025-05-05,referral
4675,Lauren,Ramirez,Lauren.Ramirez774@gmail.com,312-618-2882,Lancemouth,UK,2025-05-18T19:45:38,email
4676,Bradley,Guerrero,Bradley.Guerrero712@yahoo.com,532.412.5954,Kellyborough,United States,02-06-2024,direct
4677,Jodi,White,Jodi.White769@gmail.com,381.805.0898x940,Martinborough,uk,09/02/2024,direct
4678,Richard,Sanchez,Richard.Sanchez251@gmail.com,001-907-638-5153x4356,,U.K.,2024-11-10,social_media
4679,Charles,Roberts,Charles.Roberts889@hotmail.com,,New Kevinville,USA,30/05/2024,email
4680,Sean,Richardson,Sean.Richardson80@yahoo.com,,Port Tracy,Canada,19.06.2025,referral
4681,Kathryn,Martinez,Kathryn.Martinez167@yahoo.com,251-830-0634,East Natashashire,DE,25.08.2024,paid_search
4682,Stacey,Martin,Stacey.Martin836@gmail.com,+1-536-918-1579x77642,Benjaminshire,USA,2024-11-28T03:09:49,social_media
4683,Jasmin,Davidson,Jasmin.Davidson701@yahoo.com,555.423.0335x012,Port Brentville,usa,2024-07-16T21:21:50,organic_search
4684,Karen,Thornton,Karen.Thornton716@yahoo.com,+1-334-315-8221x215,New Ambertown,FR,07-08-2023,email
4685,Jaclyn,Daniels,Jaclyn.Daniels325@yahoo.com,6662593561,New Jenniferport,usa,14.03.2024,social_media
4686,Emma,Anderson,Emma.Anderson99@hotmail.com,,Smithside,DE,04.02.2024,organic_search
4687,Brittany,Aguirre, Brittany.Aguirre739@yahoo.com ,001-644-970-7495x2249,Zamorashire,DE,03/01/2023,direct
4688,David,Johnson,David.Johnson883@yahoo.com,(794)216-5870x1529,Sanchezmouth,germany,2024-08-17,direct
4689,Kenneth,Walters,Kenneth.Walters621@hotmail.com,(378)853-0445x67598,Port Derek,United States,08-10-2024,referral
4690,Kevin,Cortez,Kevin.Cortez675@gmail.com,708-451-1274x81626,West Ronaldchester,United Kingdom,11-12-2025,referral
4691,Adam,Benson,ADAM.BENSON183@HOTMAIL.COM,001-832-519-7465,West Robert,canada,2025-04-04T18:14:54,organic_search
4692,Brandon,Ayala,Brandon.Ayala376@yahoo.com,+1-461-297-6813x8910,Baldwinton,CA,2024-08-10T11:55:49,direct
4693,Gregory,Patel,GREGORY.PATEL220@HOTMAIL.COM,765.900.3190,West Alexandria,DE,31/10/2025,paid_search
4694,Michelle,Lopez,Michelle.Lopez355@hotmail.com,+1-865-520-7748x6025,Calderonland,Canada,09-18-2024,direct
4695,Christopher,Vaughn,Christopher.Vaughn288@hotmail.com,(990)997-2732x8557,Angelaview, USA ,20.07.2023,paid_search
4696,Julie,Smith,Julie.Smith182@yahoo.com,(428)861-9827,South Matthewchester,DE,2023-11-08,email
4697,William,Tate,William.Tate51@hotmail.com,+1-267-628-2419x786,New Amber,USA,2025-05-27,direct
4698,William,Carlson,William.Carlson602@yahoo.com,001-686-372-4195,Thomasfort,germany,03/04/2024,paid_search
4699,Ryan,Powell,Ryan.Powell742@yahoo.com,628.892.5765x551,Catherinehaven,France,27.03.2025,referral
4700,Jerome,Adams,Jerome.Adams526@gmail.com,+1-295-732-1893x153,Mirandastad,CA,07-29-2023,paid_search
4701,Jose,Clark,Jose.Clark341@gmail.com,+1-888-906-7191x74251,Elizabethfurt,Canada,27.04.2024,email
4702,Elizabeth,Macias,Elizabeth.Macias647@gmail.com,,Riosberg,canada,2024-06-07T21:43:47,organic_search
4703,Kevin,Cabrera,Kevin.Cabrera952@gmail.com,+1-775-286-1393x474,West Kevinland,Canada,19/03/2025,direct
4704,Amber,Howard,Amber.Howard679@gmail.com,,Lake Katherineton,CA,24.07.2025,email
4705,James,Hanna,James.Hanna730@hotmail.com,001-898-743-6348x615,Guzmanborough,germany,03.04.2023,email
4706,Kelly,Johnson,Kelly.Johnson514@hotmail.com,986-293-8413x707,Port Donna,uk,2025-09-22,direct
4707,Lori,Cannon,Lori.Cannon998@gmail.com,311-982-6060x682,Hurstview,Germany,25/08/2025,email
4708,Mary,Schneider,Mary.Schneider541@yahoo.com,2572420500,North Allisonberg,United Kingdom,16/03/2025,paid_search
4709,Robert,Smith,Robert.Smith22@yahoo.com,(901)219-9068,New Brianport,FR,22.02.2024,social_media
4710,Frank,Hernandez,Frank.Hernandez828@yahoo.com,,Walkerview,Germany,04.09.2024,direct
4711,Michael,Parker,Michael.Parker28@gmail.com,+1-340-579-4259x2202,Kristatown,United Kingdom,11-26-2023,direct
4712,Thomas,Gutierrez,Thomas.Gutierrez67@yahoo.com,+1-735-993-2561x83701,Torresland,US,2024-12-07T22:06:47,social_media
4713,Danielle,Herman,Danielle.Herman857@yahoo.com,(914)359-8484,Davidsonshire,UK,2025-03-13,email
4714,Heather,Fisher,Heather.Fisher941@hotmail.com,675-368-2681,Marktown,germany,2025-05-29T11:11:41,direct
4715,Samantha,Reid,Samantha.Reid,300.340.1733x759,New Connie,US,2025-01-14T02:10:49,email
4716,Holly,Perez,Holly.Perez783@hotmail.com,739.655.7016x01619,West Heather,FR,10-15-2024,social_media
4717,Mark,Taylor,Mark.Taylor387@yahoo.com,770.694.2065,Adamtown,canada,2023-05-25,email
4718,Jessica,Perkins,JESSICA.PERKINS56@HOTMAIL.COM,+1-528-921-5496x308,Taylormouth,United Kingdom,13.12.2024,social_media
4719,Daniel,Weaver,Daniel.Weaver888@hotmail.com,238.495.3491,Walkerside,France,12-29-2024,paid_search
4720,Joan,Roberts,Joan.Roberts131@gmail.com,(544)499-7075x545,East Deborah,Canada,21.06.2023,referral
4721,Joseph,Cunningham,Joseph.Cunningham672@yahoo.com,8899574382,New Erik,FR,2024-05-03,social_media
4722,Michael,Kaiser,Michael.Kaiser,(880)479-8105x1314,East Tiffany,germany,06-10-2025,direct
4723,Vincent,Newton,Vincent.Newton860@gmail.com,,Michaelfort,USA,2023-10-15T18:53:32,social_media
4724,Geoffrey,Cruz,Geoffrey.Cruz664@gmail.com,,Hernandezmouth, USA ,14/04/2024,organic_search
4725,Kara,Shaw,Kara.Shaw136@hotmail.com,001-981-514-5758,Crosbyhaven,U.K.,23.03.2025,referral
4726,Anthony,Williams,Anthony.Williams800@yahoo.com,251-215-2471x8710,North Rachel,Canada,2023-04-07T11:39:57,organic_search
4727,John,Keller,John.Keller762@hotmail.com,,Nguyenville,France,25.12.2024,email
4728,Steven,Thompson,Steven.Thompson628@yahoo.com,824.294.8783,,U.K.,2024-05-10T19:47:32,social_media
4729,Jennifer,Williams,Jennifer.Williams72@gmail.com,+1-984-455-8281x461,Johnsonside,uk,02.02.2025,email
4730,Ashley,Clark,Ashley.Clark38@hotmail.com,621.672.8360x6966,Willisbury,uk,2023-04-07T13:31:36,organic_search
4731,Christopher,Lee,Christopher.Lee317@gmail.com,,North Ricky,france,2024-03-28,email
4732,Gregory,Whitney,Gregory.Whitney384@hotmail.com,8725743585,New Tammy,germany,2024-12-15,referral
4733,Julia,Kaufman,Julia.Kaufman713@hotmail.com,242.705.0240,New Crystalport,U.K.,02/09/2025,referral
4734,Michael,Gonzalez,Michael.Gonzalez316@yahoo.com,450.892.6925,South Nathanstad, USA ,26/01/2024,organic_search
4735,Melanie,Miller,Melanie.Miller951@hotmail.com,+1-422-587-0021x3613,East Brenda,france,2025-05-15T09:54:10,organic_search
4736,William,Wallace,William.Wallace258@hotmail.com,,Tinaport,UK,2023-04-11T04:45:40,direct
4737,Mark,Spears,Mark.Spears137@gmail.com,(976)807-8660,Keithberg,germany,2024-03-24,referral
4738,Kathleen,Durham,Kathleen.Durham101@gmail.com,771.335.9923x3128,New Joditown,France,01-27-2023,email
4739,Michael,Anderson,Michael.Anderson756@gmail.com,626-825-7489,Thorntonport,Canada,17.10.2024,email
4740,Paul,Nguyen,Paul.Nguyen35@gmail.com,,,germany,07.01.2025,direct
4741,Michael,Edwards,Michael.Edwards558@gmail.com,001-743-242-5482,Judyland,UK,05/10/2024,direct
4742,Christopher,Torres,Christopher.Torres765@hotmail.com,475-404-6534x254,,france,11.09.2025,direct
4743,Kathleen,Hoffman,Kathleen.Hoffman819@hotmail.com,226.702.9748,Wheelerside,United Kingdom,08-22-2023,email
4744,Shannon,Hoover,Shannon.Hoover910@gmail.com,001-952-801-8897x61109,,Germany,2025-04-12T13:13:57,paid_search
4745,Teresa,Braun,Teresa.Braun439@gmail.com,366.953.5818x98579,North Joseph,DE,2025-03-28T08:00:13,email
4746,Ricardo,Herrera,Ricardo.Herrera370@hotmail.com,,New Jasmine,DE,18/07/2024,paid_search
4747,Michael,Martinez,Michael.Martinez855@yahoo.com,209-234-6673,Amytown,France,2023-08-09T19:10:08,organic_search
4748,Allison,Thompson,Allison.Thompson908@yahoo.com,001-327-346-0011x15663,Lake Rebeccahaven,uk,03/05/2023,paid_search
4749,Joseph,Wood,Joseph.Wood85@yahoo.com,001-993-893-8124x014,Aguilarfurt,US,2023-08-12,paid_search
4750,Joshua,Baker,Joshua.Baker297@gmail.com,691-501-4529x71730,Port Natalieborough,germany,01/07/2025,paid_search
4751,William,Wallace,William.Wallace113@yahoo.com,7937106173,Martinezfort,france,11-25-2023,referral
4752,Thomas,Moore,Thomas.Moore683@gmail.com,(964)901-6259x53454,New Rachel,FR,03-17-2024,direct
4753,Erica,Shaw,Erica.Shaw16@hotmail.com,001-937-725-9561x68983,North Kevinville,DE,03.09.2025,direct
4754,Karen,Williams,Karen.Williams764@gmail.com,903.464.6576x1052,Lake Paula,Germany,2023-04-24,referral
4755,Lisa,Collins,Lisa.Collins297@gmail.com,,Kevinfort,canada,2024-11-14,referral
4756,Angela,Sutton,Angela.Sutton107@gmail.com,526-907-4869x93588,Sethville,CA,2023-01-13T02:25:38,organic_search
4757,Veronica,Dawson,Veronica.Dawson913@yahoo.com,(459)614-4450x3231,Port Jonathanburgh,Germany,28/10/2024,email
4758,Tracy,Anderson,Tracy.Anderson21@hotmail.com,989-415-9654x58273,West Dannyhaven,UK,08-12-2023,organic_search
4759,Linda,Gonzalez,Linda.Gonzalez234@hotmail.com,824-218-5048x900,Vasquezhaven,uk,07-01-2023,organic_search
4760,Jasmine,Benitez, JASMINE.BENITEZ71@GMAIL.COM ,508-528-3300x927,Ericburgh,germany,2024-09-04,social_media
4761,Meghan,Snyder,Meghan.Snyder102@gmail.com,001-967-521-8257x157,South Markfurt,FR,2025-09-23T07:44:36,referral
4762,Jeremy,Wallace,Jeremy.Wallace180@yahoo.com,+1-490-536-1843x9682,,usa,10.06.2024,referral
4763,Tanya,Jenkins,Tanya.Jenkins848@gmail.com,001-557-217-8300,Nicholasview,usa,17.02.2023,organic_search
4764,Christopher,Tran,Christopher.Tran807@yahoo.com,+1-597-548-2875,New Oliviabury,Germany,2023-01-15,social_media
4765,Emily,Smith,Emily.Smith691@hotmail.com,(815)373-2083,Parkberg,United Kingdom,19/04/2023,email
4766,Wesley,Lawrence,Wesley.Lawrence732@yahoo.com,311.809.8204,North Jaimechester,Germany,30.03.2024,social_media
4767,Vanessa,Hawkins,Vanessa.Hawkins852@hotmail.com,,Timothyton,US,17/06/2024,social_media
4768,Dakota,Stephens,Dakota.Stephens864@hotmail.com,001-267-519-6526x30266,Lake Emma,CA,02-26-2024,paid_search
4769,Jennifer,Shannon,Jennifer.Shannon910@hotmail.com,001-396-466-2909x1374,Lake Brenda,FR,08/06/2025,email
4770,Frances,Douglas,Frances.Douglas844@yahoo.com,+1-367-435-0822x04730,Barbaratown,usa,06-06-2024,organic_search
4771,Melinda,Ramirez,Melinda.Ramirez118@hotmail.com,,West Corey,UK,2023-07-02T07:17:09,social_media
4772,Amy,Lewis,Amy.Lewis735@gmail.com,(567)620-7190x147,South Gilbert,DE,2023-12-21,organic_search
4773,Natasha,Williams,Natasha.Williams553@hotmail.com,(880)490-1517x489,North Wanda,Germany,07.01.2025,referral
4774,Amanda,Barnes,Amanda.Barnes662@gmail.com,(243)489-4152x35982,North Victoriafurt,canada,12-09-2023,organic_search
4775,Micheal,Garcia,Micheal.Garcia889@gmail.com,947.672.3436x664,Stouttown,DE,2025-01-20,paid_search
4776,Jeff,Howard,Jeff.Howard690@yahoo.com,(580)215-2765x0960,Petersenstad,france,2025-10-01T14:50:56,social_media
4777,Nancy,Mason, Nancy.Mason216@yahoo.com ,+1-739-963-2299x194,Youngview,Germany,11-22-2025,paid_search
4778,Jeffery,Wright,Jeffery.Wright76@hotmail.com,001-271-823-6306x19377,New Williamfort,UK,11-10-2024,referral
4779,Molly,Luna,Molly.Luna730@hotmail.com,687-316-6993,West Melissamouth,france,18/09/2023,social_media
4780,Patrick,Duran,Patrick.Duran37@gmail.com,927-342-0784x271,South Megan,UK,12-21-2023,organic_search
4781,Nicole,Ross,Nicole.Ross697@yahoo.com,+1-567-814-3648,South Leroytown,Germany,04.06.2025,direct
4782,Nicole,Palmer,Nicole.Palmer753@yahoo.com,,North Michellestad,france,2024-10-19,organic_search
4783,Daniel,Rice,Daniel.Rice681@gmail.com,,Port Rachelton,France,30/07/2023,referral
4784,Gary,Nguyen,Gary.Nguyen110@gmail.com,344.511.0220,North Robert,U.K.,11-10-2023,social_media
4785,Crystal,Berry,Crystal.Berry130@gmail.com,(489)837-0997,East Eddie,US,09-19-2023,social_media
4786,James,Compton,James.Compton931@hotmail.com,4026328521,North Paulberg,UK,15.03.2025,email
4787,David,Davis,David.Davis513@yahoo.com,001-886-200-6498x8247,New Alexis,germany,25/07/2023,email
4788,Jessica,Ford,Jessica.Ford191@hotmail.com,001-499-904-5082x026,Port Erin,FR,04.07.2024,direct
4789,Travis,Grimes,Travis.Grimes197@yahoo.com,698.237.4537,,United States,2024-11-29,referral
4790,Charles,Lopez,Charles.Lopez181@hotmail.com,590-385-6432x065,West April,Germany,19/08/2025,direct
4791,Kathleen,Schmidt,Kathleen.Schmidt901@gmail.com,,Franklinfurt,Germany,21.04.2024,referral
4792,Crystal,Stewart,Crystal.Stewart444@yahoo.com,873-448-5413x23661,Ianton,france,13.06.2025,email
4793,Shelley,Wang,Shelley.Wang622@hotmail.com,+1-719-473-3494,West Michaelberg,france,10.09.2023,social_media
4794,Joshua,Douglas,Joshua.Douglas472@gmail.com,(526)373-8890x761,Milesbury,france,18/01/2023,social_media
4795,Donna,Beck,Donna.Beck345@hotmail.com,740-302-2026x78869,South Joann,US,07-16-2025,paid_search
4796,Monica,Anthony,Monica.Anthony901@yahoo.com,2272303820,East Brianaland,Canada,2025-06-08T18:15:48,referral
4797,Daniel,Hansen,Daniel.Hansen218@gmail.com,,Port Angie,U.K.,2025-04-09,social_media
4798,Gary,Mejia,Gary.Mejia863@gmail.com,388.978.1514,South Michael,FR,2024-08-17,organic_search
4799,Theresa,Lindsey,Theresa.Lindsey450@yahoo.com,(942)295-5538,Tapialand,U.K.,10-22-2023,referral
4800,Logan,Turner,Logan.Turner571@gmail.com,001-905-783-2837x158,Jonathanfurt,Germany,13/07/2025,social_media
4801,Jason,Baker,Jason.Baker209@gmail.com,266-204-7294x8422,North Juliebury,FR,09/12/2023,social_media
4802,Kimberly,Garcia,Kimberly.Garcia47@gmail.com,660-597-0670,East Joshuaborough,FR,2023-08-09,direct
4803,Sara,Johnson,Sara.Johnson669@hotmail.com,3547233574,New Katherineville,United Kingdom,10-11-2024,direct
4804,Karen,Pineda,Karen.Pineda3@yahoo.com,(288)715-1473,South Betty,US,06-29-2024,direct
4805,Denise,Reid,Denise.Reid705@hotmail.com,,Lake Michaelmouth,canada,2025-04-23T11:02:22,paid_search
4806,Madison,Hernandez,Madison.Hernandez706@hotmail.com,568.841.8162x8261,West Jesus,U.K.,03-25-2025,paid_search
4807,Kelly,Wilson,Kelly.Wilson550@gmail.com,739.759.3295x440,Kimberlyfurt,United Kingdom,2024-04-30T20:47:48,referral
4808,Joel,Taylor,Joel.Taylor464@hotmail.com,(370)206-2686,,UK,20.07.2023,organic_search
4809,Angela,Osborne,Angela.Osborne315@yahoo.com,876-907-7989x8962,Jefferyborough,Canada,2023-03-22T22:02:36,organic_search
4810,Margaret,Montgomery,Margaret.Montgomery623@hotmail.com,001-798-452-5880x4962,Yolandamouth,Canada,01-03-2025,referral
4811,Nicole,Johnson,Nicole.Johnson481@gmail.com,,Port Markmouth,USA,18/12/2024,email
4812,Leah,Brown,Leah.Brown2@hotmail.com,913.752.1485,South Josephland,FR,2024-12-08T20:02:14,paid_search
4813,Catherine,Lopez,Catherine.Lopez479@hotmail.com,(421)797-3145x72654,Mclaughlintown,UK,20/02/2023,paid_search
4814,Lori,Hudson,Lori.Hudson590@hotmail.com,461-716-0810x745,Danielleside,uk,2024-01-26,organic_search
4815,Sharon,Powell,Sharon.Powell610@hotmail.com,001-350-785-5110x80306,Timothyton,United Kingdom,08/09/2024,email
4816,Tiffany,Ford,Tiffany.Ford89@yahoo.com,4379131194,North Brucechester,Germany,02-27-2024,direct
4817,Lori,Baird,Lori.Baird253@gmail.com,(232)887-9881x59456,Stephanieshire,France,2025-02-15T15:43:56,organic_search
4818,Ashley,Rodriguez,Ashley.Rodriguez314@gmail.com,,Henrymouth,CA,27/10/2024,referral
4819,Elizabeth,Franklin,Elizabeth.Franklin143@gmail.com,(215)536-4431x6230,North Kylestad,Canada,2024-01-18T21:41:04,referral
4820,Kimberly,Jackson,Kimberly.Jackson730@gmail.com,623.850.9688x88311,Lake William,France,06/05/2024,social_media
4821,Tyler,Weaver, Tyler.Weaver686@yahoo.com ,912-619-1706x221,Port Robert,Canada,13/08/2024,paid_search
4822,Adam,Hernandez,Adam.Hernandez288@gmail.com,001-539-302-9154x25942,,US,2025-07-15,organic_search
4823,Daniel,Wilson,Daniel.Wilson146@yahoo.com,001-870-212-4423,West Robert,Germany,07-29-2023,paid_search
4824,Joe,Kemp,Joe.Kemp644@hotmail.com,(791)771-2320,Aaronborough,germany,09/11/2023,email
4825,Joshua,Yoder,Joshua.Yoder964@hotmail.com,586.291.4803x06656,Lake Cynthiaton,U.K.,06-06-2025,email
4826,John,Craig,John.Craig877@yahoo.com,+1-656-676-1342x8233,,germany,02/07/2023,paid_search
4827,Joe,Smith,Joe.Smith630@yahoo.com,314.627.2051x3954,Port Ronaldville,CA,2023-07-13,paid_search
4828,Dawn,Davis,Dawn.Davis882@gmail.com,442.756.1962x32686,Port Jamesfort,germany,07-12-2023,organic_search
4829,Douglas,Foster,Douglas.Foster364@hotmail.com,,West Michaeltown,uk,08-02-2024,direct
4830,Misty,Campbell,Misty.Campbell30@hotmail.com,510.234.4694,Campbellhaven,CA,2024-10-03,social_media
4831,Mary,Barker,Mary.Barker580@gmail.com,+1-376-481-2788x890,South Nicole,USA,01-25-2024,email
4832,Ariana,Davis,Ariana.Davis48@hotmail.com,,Port Mandyburgh,france,27/01/2024,social_media
4833,Catherine,Torres,Catherine.Torres858@gmail.com,,,germany,2025-08-18,direct
4834,Anthony,Thompson,Anthony.Thompson895@gmail.com,706.557.1287,Lake Natalie,Canada,19.07.2023,direct
4835,William,Santos,William.Santos476@hotmail.com,001-401-736-0494x74214,Jocelynside,Canada,04/11/2023,referral
4836,Hunter,Garcia,Hunter.Garcia692@hotmail.com,+1-804-457-6922,Michelleport,france,15/10/2025,referral
4837,Kathleen,Mcconnell,Kathleen.Mcconnell162@gmail.com,221.676.9995x9053,Lauraland,germany,2023-11-17T08:57:05,organic_search
4838,Dawn,Bishop,Dawn.Bishop301@yahoo.com,2639959070,Bryanbury,france,2025-04-15,social_media
4839,John,Gould,John.Gould816@gmail.com,,Yeseniatown,U.K.,17.02.2023,organic_search
4840,Kimberly,Smith,Kimberly.Smith829@hotmail.com,731.386.8398,Hayleybury,U.K.,21.12.2023,organic_search
4841,Michelle,Bennett,Michelle.Bennett11@hotmail.com,001-263-991-8900x918,Lake Ethan,United States,16.08.2024,direct
4842,Cody,Garza,Cody.Garza773@hotmail.com,(314)919-7348x607,Edwardsstad,France,02-04-2024,organic_search
4843,Kim,Smith,Kim.Smith586@hotmail.com,001-356-586-8047x7900,Barbaraside,DE,22.06.2025,paid_search
4844,Steven,Jones, Steven.Jones909@gmail.com ,692.811.7059,Lawrenceville,france,2024-06-24T04:03:31,organic_search
4845,Terri,Green,Terri.Green219@hotmail.com,597.593.8926x9481,Stephanieshire,germany,2025-12-13,direct
4846,Elizabeth,Rojas,Elizabeth.Rojas136@yahoo.com,+1-300-854-5304x2143,Baileyside,Germany,2025-09-15,organic_search
4847,Pamela,Keith,Pamela.Keith421@hotmail.com,903-564-0298x168,East Noah,CA,10-30-2024,referral
4848,David,Johnson,David.Johnson359@hotmail.com,+1-758-794-7291,West Elizabethville,canada,08-31-2023,social_media
4849,Brianna,Malone,Brianna.Malone843@yahoo.com,001-323-408-1726x076,Davidton,DE,2023-05-01,paid_search
4850,Kyle,Jones,Kyle.Jones104@yahoo.com,+1-620-672-7999,Port Robertaville,france,05.09.2023,social_media
4851,Jennifer,Montgomery,Jennifer.Montgomery938@hotmail.com,001-626-262-9367,Richardsonton,France,01-29-2025,direct
4852,Anthony,Martin,Anthony.Martin522@hotmail.com,(795)770-3493,,FR,21/08/2023,social_media
4853,Jason,Wilson,Jason.Wilson832@yahoo.com,,South Carolhaven,Germany,24.03.2025,paid_search
4854,Travis,Alvarez,Travis.Alvarez918@hotmail.com,668.891.9520,West Travis,germany,30.07.2025,organic_search
4855,Taylor,Garcia,Taylor.Garcia865@yahoo.com,001-363-634-4190x12802,Port Barbara,France,2024-12-13,direct
4856,Susan,Thomas,Susan.Thomas239@gmail.com,848.701.5597x205,East Spencer,uk,2023-07-13,direct
4857,Christian,Taylor,Christian.Taylor859@yahoo.com,,South Nathanton,US,04-24-2024,social_media
4858,Destiny,Duncan,Destiny.Duncan581@yahoo.com,508.533.8880x697,New Timothy,uk,28.03.2024,organic_search
4859,Gloria,Little,Gloria.Little605@hotmail.com,+1-417-923-5288x15136,Lake Angelburgh,USA,01-15-2023,organic_search
4860,Jason,Cobb,Jason.Cobb92@yahoo.com,,Davenportview,FR,2025-03-10T02:34:05,organic_search
4861,Jeffrey,Clark,Jeffrey.Clark953@yahoo.com,001-351-263-8883x28997,Stevenview,germany,28/09/2024,direct
4862,Hannah,Gardner,Hannah.Gardner535@gmail.com,218-309-8166,East Williamport, USA ,14.11.2025,email
4863,Tamara,Garcia,Tamara.Garcia619@gmail.com,+1-540-711-5403,Francoton,FR,06-19-2025,email
4864,Bruce,Russo,Bruce.Russo85@gmail.com,853-509-6277x18698,North Seanchester,Germany,09.11.2023,organic_search
4865,Gregory,Brown,Gregory.Brown974@hotmail.com,892-474-5379x569,Aguirreton,Germany,2023-11-19,referral
4866,Jeanne,Munoz,Jeanne.Munoz450@hotmail.com,001-204-217-9588x30335,South Patrick,USA,12/05/2024,organic_search
4867,Benjamin,White,Benjamin.White806@hotmail.com,350-938-4710x68973,South Seth,FR,2023-04-15T11:05:40,organic_search
4868,Shawna,Calhoun,Shawna.Calhoun91@gmail.com,001-510-210-9459x751,East Alejandrofort,uk,2025-02-25,direct
4869,Jeffrey,Massey,Jeffrey.Massey405@gmail.com,(934)981-1050x2725,South Christopher,DE,20/06/2023,organic_search
4870,Cassandra,Schmidt,Cassandra.Schmidt108@yahoo.com,001-636-412-7358x58243,New Samantha,Germany,28.01.2024,email
4871,Adrian,Clarke,Adrian.Clarke604@yahoo.com,762.236.2391x613,West Amanda,germany,11-25-2024,email
4872,Elaine,Raymond,ELAINE.RAYMOND358@YAHOO.COM,425-468-7088x06357,Port Michaelland,Germany,11-17-2025,referral
4873,John,Velazquez,John.Velazquez428@hotmail.com,(682)591-2716,Lake Richardmouth, USA ,01-27-2024,paid_search
4874,Sara,Day,Sara.Day165@gmail.com,2683411602,East Misty,UK,2023-09-11,direct
4875,Katelyn,Kelly,Katelyn.Kelly923@yahoo.com,223.487.4848x9369,West Tiffany,Canada,2023-04-08T09:00:11,email
4876,Anna,Robinson,Anna.Robinson854@hotmail.com,001-278-713-7421x4157,Port David,U.K.,09-14-2024,email
4877,Katelyn,Powell,Katelyn.Powell152@gmail.com,398-699-2611x04476,Jamestown,United Kingdom,04-06-2023,referral
4878,Michael,Miller,Michael.Miller699@yahoo.com,919.445.7545x23558,Michaelstad,United States,20.05.2023,organic_search
4879,Lori,Archer,Lori.Archer787@yahoo.com,410-487-1540,West Robert,France,2025-04-16T21:21:46,organic_search
4880,Gary,Hayes,Gary.Hayes199@yahoo.com,001-548-635-4599x5726,Lisamouth,germany,26/07/2025,referral
4881,Donna,Williams,Donna.Williams946@gmail.com,+1-409-772-9678x28661,West Blakeberg,germany,07-23-2023,direct
4882,Brian,Fowler,Brian.Fowler629@gmail.com,810-523-0130x1132,New Amanda,france,10-11-2023,paid_search
4883,Robert,Evans,Robert.Evans37@yahoo.com,(468)367-3481x53912,West Jamesfurt,DE,2023-03-25T11:43:39,paid_search
4884,Antonio,Stewart,Antonio.Stewart863@hotmail.com,6436644469,Lake Carl,U.K.,2025-12-27T14:02:02,referral
4885,Charles,Jenkins,Charles.Jenkins377@gmail.com,,West Jasonton,france,2025-12-12,email
4886,Jermaine,Ortiz,Jermaine.Ortiz306@hotmail.com,651-687-1040,Greenfurt,United Kingdom,26.09.2024,direct
4887,Jeremy,Ray,Jeremy.Ray680@hotmail.com,,East Zachary,canada,30.09.2024,email
4888,Benjamin,Jones,Benjamin.Jones861@yahoo.com,001-649-379-0573x5805,Sanchezhaven,CA,2024-04-10,referral
4889,Carrie,Moore,Carrie.Moore248@yahoo.com,(700)269-2153x900,Oconnellfort,France,2024-05-24,direct
4890,Jennifer,Vang,Jennifer.Vang330@hotmail.com,,Port Staceymouth, USA ,2024-01-21T02:05:02,referral
4891,Christina,Webster,Christina.Webster636@hotmail.com,001-703-330-3937,Lake Aaron, USA ,2025-10-22T10:09:19,email
4892,Cory,Taylor,CORY.TAYLOR477@YAHOO.COM,3995449571,Danielburgh,Germany,20/12/2024,social_media
4893,Michelle,Johnson,Michelle.Johnson408@gmail.com,(891)885-3610x6707,,germany,12-14-2025,email
4894,Timothy,Smith,Timothy.Smith352@yahoo.com,001-789-912-7177x326,North Kristiberg,france,2024-12-06T15:31:33,direct
4895,Wayne,Roberts,Wayne.Roberts968@yahoo.com,+1-986-231-8552x56767,Rachelport,Canada,19/01/2024,organic_search
4896,Sandra,Martinez,Sandra.Martinez554@gmail.com,(869)811-5340x52426,,DE,2024-02-02,organic_search
4897,Ashley,Nolan,Ashley.Nolan490@yahoo.com,369.590.0782x81604,Lawrencechester,canada,10/01/2023,direct
4898,Joseph,Williams,Joseph.Williams851@hotmail.com,703.983.4103x1115,Brownside,UK,2025-05-11T17:53:46,referral
4899,Jeffrey,Galvan,Jeffrey.Galvan398@hotmail.com,584.490.8245x6094,North Shelleyton,uk,08-24-2024,paid_search
4900,Edward,Colon,Edward.Colon576@gmail.com,393.554.0357,Port Ann,germany,09-02-2025,email
4901,Tami,King,Tami.King693@gmail.com,+1-778-612-1965x7351,Williamsfurt,U.K.,03/01/2024,email
4902,Ryan,West,Ryan.West272@yahoo.com,(647)912-4346x83485,Danielmouth,France,2025-01-13T03:19:13,social_media
4903,Mary,Carlson,Mary.Carlson684@gmail.com,,West Meganbury,Canada,2025-09-11T19:18:26,paid_search
4904,Earl,Davidson,Earl.Davidson281@yahoo.com,+1-236-706-3017x9821,South Angela,United Kingdom,14.04.2025,email
4905,John,Moran,John.Moran198@gmail.com,(385)396-8345,Bruceland,USA,2024-01-02T18:06:22,referral
4906,Heather,Holden,Heather.Holden896@yahoo.com,(515)813-8222x629,Williambury,Germany,2024-08-02,social_media
4907,Lisa,Ball,Lisa.Ball482@hotmail.com,+1-860-952-0488x252,Lake Jameshaven,US,06-20-2024,organic_search
4908,Walter,Davis,Walter.Davis415@hotmail.com,,Rayton,france,27.05.2023,paid_search
4909,Chloe,Bass,Chloe.Bass658@yahoo.com,288-929-9178,Barnesstad,france,11-08-2025,organic_search
4910,Jonathan,Padilla,Jonathan.Padilla859@hotmail.com,8617870013,East Jackland,uk,17/12/2024,referral
4911,Robert,Ward,Robert.Ward38@yahoo.com,+1-613-464-7259x856,Lake Georgehaven,DE,01-12-2024,organic_search
4912,Rachel,Guzman,Rachel.Guzman396@yahoo.com,654.414.3019,Stephensonmouth,CA,09.01.2025,email
4913,Robin,Ross,Robin.Ross,315-231-0430x80453,East Marioton,CA,2025-08-06,paid_search
4914,Kenneth,Watson,Kenneth.Watson52@hotmail.com,869.317.1359x5184,, USA ,2025-12-28T09:14:54,direct
4915,Thomas,Romero,Thomas.Romero369@yahoo.com,627-319-9272,Medinaborough,U.K.,05.01.2024,organic_search
4916,Lisa,Young,Lisa.Young679@gmail.com,(455)997-6135x52202,Garciafort,Canada,21.06.2024,paid_search
4917,Stephen,Estrada,Stephen.Estrada537@gmail.com,428-608-5517,East Janet,United Kingdom,17.07.2025,social_media
4918,Darius,Elliott,Darius.Elliott146@hotmail.com,,Piercestad,uk,04.09.2024,referral
4919,Kevin,Richardson,Kevin.Richardson578@hotmail.com,,Dawnview,U.K.,02-27-2023,email
4920,Andrew,Keith,Andrew.Keith998@gmail.com,+1-256-343-2900x8895,Victorburgh,France,10.11.2024,referral
4921,Victor,Nguyen,Victor.Nguyen512@yahoo.com,001-536-822-9822x505,Michelleland,france,11/05/2024,direct
4922,David,Stewart,David.Stewart287@yahoo.com,642.409.4184x44620,Matthewfort,france,2024-05-18,referral
4923,Cynthia,Richards,Cynthia.Richards702@gmail.com,531.239.2118x082,Hillhaven,France,17.07.2023,social_media
4924,Ruth,Miranda,Ruth.Miranda393@hotmail.com,,Flowerston,United States,10/11/2024,email
4925,Jesse,Taylor,Jesse.Taylor785@gmail.com,+1-965-415-5673x37610,Mcdonaldside,USA,05/04/2023,paid_search
4926,Nancy,Miles,Nancy.Miles488@hotmail.com,(459)373-2460x57050,New Derricktown,Germany,05-22-2025,referral
4927,Jennifer,Wood,Jennifer.Wood279@hotmail.com,001-836-982-5170x24552,Ryanbury,uk,15/10/2023,referral
4928,Suzanne,Braun,Suzanne.Braun249@gmail.com,(222)483-7213,Clarkberg,U.K.,03/12/2024,organic_search
4929,Kimberly,Turner,Kimberly.Turner907@hotmail.com,900-404-5344x4622,South Ericburgh,FR,11/10/2023,organic_search
4930,Joshua,Allen,Joshua.Allen682@yahoo.com,472.704.8443x762,Ashleyport,canada,30.11.2025,paid_search
4931,Lauren,Roberts,Lauren.Roberts489@gmail.com,001-375-596-5598x7694,North Williammouth,Canada,2023-02-12T15:01:15,organic_search
4932,Christopher,Henderson,Christopher.Henderson852@gmail.com,791-869-3182x44649,Powersmouth,DE,09-06-2024,social_media
4933,Richard,Perry,Richard.Perry670@gmail.com,+1-907-562-4513x09612,Jasminemouth,DE,2025-04-30T19:09:59,paid_search
4934,Makayla,Trujillo,Makayla.Trujillo134@hotmail.com,594-918-4426x5495,West Thomasstad,USA,04-17-2024,email
4935,Joseph,Phillips,Joseph.Phillips381@yahoo.com,774.949.1502x22951,,FR,12-10-2024,referral
4936,Sharon,Robertson,Sharon.Robertson388@gmail.com,(355)708-9149x0876,Ramireztown,Germany,2025-10-02,referral
4937,Brian,Cross,Brian.Cross314@hotmail.com,(590)680-2678x22490,Port Megan,CA,29.11.2023,organic_search
4938,Joseph,Guzman,Joseph.Guzman446@hotmail.com,675-522-8155x1562,Taylormouth,Germany,2025-10-07T01:31:26,direct
4939,Linda,Barber, Linda.Barber593@hotmail.com ,001-520-943-0160x426,Clairefort,FR,04-08-2025,paid_search
4940,Hannah,White,Hannah.White424@hotmail.com,746.985.8576x05057,Jenniferburgh,CA,2023-09-05T18:31:26,organic_search
4941,Lisa,Leonard,Lisa.Leonard42@gmail.com,,New Jonathanstad,USA,08.12.2023,referral
4942,Juan,Hinton,Juan.Hinton736@yahoo.com,(252)991-8935x80583,,canada,2025-05-19,email
4943,Paul,Gardner,Paul.Gardner886@hotmail.com,4543260244,South Jenniferhaven,USA,22.12.2024,direct
4944,Juan,Cruz,Juan.Cruz927@hotmail.com,543.668.4850x701,Port Greg,USA,05.04.2025,direct
4945,Mark,Stewart,Mark.Stewart474@gmail.com,440-257-1062x080,Lake Curtiston,FR,19/05/2025,social_media
4946,Jonathan,Thomas,Jonathan.Thomas706@yahoo.com,286.304.9602x25092,New Ambermouth,United States,2023-09-17,direct
4947,Matthew,Foster,Matthew.Foster865@yahoo.com,(782)470-2612,Carpenterfurt,UK,06-10-2024,email
4948,Sarah,King,Sarah.King550@gmail.com,418.730.1008x495,Benjamintown,uk,04.06.2024,organic_search
4949,Julie,Clark,Julie.Clark,688-693-4576,,UK,2023-08-13T07:42:31,social_media
4950,Scott,Stanley,Scott.Stanley523@yahoo.com,+1-826-591-1616x466,South Russell,CA,01/01/2024,paid_search
4951,Elizabeth,Fitzgerald,Elizabeth.Fitzgerald229@hotmail.com,+1-629-778-7682,Williammouth,UK,03-04-2024,social_media
4952,Christopher,Jordan,Christopher.Jordan351@gmail.com,(335)875-4845x24054,Port James,USA,2025-06-14,direct
4953,Nancy,Thompson,Nancy.Thompson20@hotmail.com,001-747-623-8032x705,Alanfort,USA,11-30-2023,email
4954,Sonia,Stout,Sonia.Stout639@gmail.com,001-624-432-0589x20790,Fitzpatrickchester,France,07/08/2024,email
4955,Colin,Yang,Colin.Yang692@yahoo.com,+1-276-534-8528x5295,East Anthonybury,france,12-12-2024,direct
4956,Judy,Jackson,JUDY.JACKSON665@YAHOO.COM,001-996-285-5965x2117,East Vincentton,France,10.03.2024,paid_search
4957,Luke,Elliott,Luke.Elliott961@gmail.com,+1-603-406-4167x021,Port Tannerborough,France,2024-10-16,direct
4958,Joshua,Garcia,Joshua.Garcia555@yahoo.com,225.802.1098x593,Port Williamborough,canada,08-12-2023,paid_search
4959,William,Hernandez,William.Hernandez165@hotmail.com,935-439-4118,Nelsonborough,France,08/07/2025,email
4960,Jerry,Miller,Jerry.Miller49@yahoo.com,(313)963-1159x69554,New Angelamouth,USA,23/09/2025,email
4961,Troy,Young,Troy.Young81@gmail.com,001-562-253-1640x2373,Michealmouth,France,2025-08-16T11:24:57,direct
4962,Tammy,Ramirez, Tammy.Ramirez721@hotmail.com ,(298)760-3779,Ericbury,france,06.03.2025,social_media
4963,Sherry,Alvarez,Sherry.Alvarez885@gmail.com,(977)472-1788,Romeroberg,DE,2023-09-23,email
4964,Katie,Peterson,Katie.Peterson312@gmail.com,+1-531-823-5483x6625,Rodriguezborough,uk,10/02/2024,organic_search
4965,Susan,Osborne,Susan.Osborne514@hotmail.com,330-721-5595x22393,North Michaelland,UK,2025-08-30T11:38:32,referral
4966,Amy,Pollard,Amy.Pollard257@gmail.com,+1-979-272-2810x8918,Brandonton,Germany,2023-12-14,email
4967,Jeffrey,Payne,Jeffrey.Payne681@hotmail.com,+1-511-532-0360x960,,france,2024-12-17,direct
4968,Trevor,Elliott,Trevor.Elliott378@yahoo.com,926-590-7280,Marychester,FR,22.03.2023,social_media
4969,Catherine,Lawson,Catherine.Lawson571@hotmail.com,001-210-623-1937,Mercedestown,CA,17/01/2024,email
4970,Adam,Rollins,Adam.Rollins803@gmail.com,+1-249-623-5920x273,Morenoton,germany,2023-10-09,referral
4971,Mark,Mack,Mark.Mack679@gmail.com,343-201-1167x0512,Edwardsmouth,usa,2024-04-07,paid_search
4972,James,Hodges,James.Hodges893@yahoo.com,+1-423-865-3755x84912,Isaiahshire,usa,05.08.2023,organic_search
4973,Christopher,Harrington, Christopher.Harrington655@yahoo.com ,+1-561-589-4658x547,North Tammyville,FR,04/07/2023,organic_search
4974,Tasha,Best,Tasha.Best121@hotmail.com,(242)962-8115,South Amandaberg,canada,21.05.2024,paid_search
4975,Susan,Thomas,Susan.Thomas677@gmail.com,711.746.7530x1570,Mclaughlinville,US,10-04-2025,social_media
4976,Joshua,Colon,Joshua.Colon460@gmail.com,,Port Scott,canada,27.09.2024,referral
4977,Jennifer,Chavez,Jennifer.Chavez926@hotmail.com,+1-491-282-4404x28324,New Markland,US,2024-11-03T22:36:40,social_media
4978,Benjamin,Romero,Benjamin.Romero953@yahoo.com,(897)596-7642,Lake Jason,Germany,01/09/2023,direct
4979,David,Moore,David.Moore887@yahoo.com,(712)374-1405,Mccallberg,France,2025-02-08T12:39:13,organic_search
4980,Julie,Mcdonald,Julie.Mcdonald548@gmail.com,+1-616-816-9349x617,Amyhaven,FR,05.04.2025,referral
4981,Jacob,Kennedy,Jacob.Kennedy748@hotmail.com,001-852-607-5704,Lake Melissa,usa,16.07.2025,direct
4982,Christopher,Stewart,Christopher.Stewart804@gmail.com,876.931.7481,Jeremiahberg,germany,18.05.2025,email
4983,David,Weaver,David.Weaver977@yahoo.com,(559)367-3475,Yatesport,germany,2025-11-04,email
4984,Whitney,Mathis,Whitney.Mathis750@yahoo.com,+1-747-956-0915x7541,Wilsonview,United Kingdom,26.04.2024,paid_search
4985,Karla,Hansen,Karla.Hansen791@gmail.com,842.482.0978,East Emily,uk,10-21-2025,email
4986,Melissa,Wyatt,Melissa.Wyatt252@hotmail.com,(921)532-8687,West Ashley,usa,2025-01-06,email
4987,Ann,Chapman, Ann.Chapman69@yahoo.com ,7995394758,Jorgeberg,Canada,09.12.2023,referral
4988,Jillian,Williams,Jillian.Williams732@gmail.com,+1-940-394-5177x901,Katherinehaven,United States,20.10.2025,paid_search
4989,Brenda,Knight,Brenda.Knight536@hotmail.com,505-936-2360x76826,Shirleytown, USA ,2023-05-21,email
4990,Patrick,Pittman,Patrick.Pittman702@yahoo.com,001-464-665-2157,Oscarfurt,Canada,2023-06-11T20:29:48,social_media
4991,Mark,Campbell,Mark.Campbell654@yahoo.com,998.299.7930,West Raychester,Germany,06-19-2025,referral
4992,Brian,Villarreal,Brian.Villarreal324@hotmail.com,(422)261-2471x305,Adamstown,france,04-07-2023,organic_search
4993,Stephanie,Irwin,Stephanie.Irwin647@gmail.com,+1-317-206-6935x489,Port Jennifer,Germany,2025-11-01T22:05:41,paid_search
4994,Melinda,Baker,Melinda.Baker505@gmail.com,001-515-558-1673,Smithport,france,2025-03-26T15:25:54,organic_search
4995,Christina,Holmes,Christina.Holmes79@yahoo.com,(932)777-0361x93288,West Taylor, USA ,2023-11-22T01:38:27,organic_search
4996,Michelle,Stephens,Michelle.Stephens564@yahoo.com,,Sarahburgh,france,03-25-2025,organic_search
4997,Richard,Wright,Richard.Wright395@hotmail.com,+1-879-675-2542x17191,Ashleyburgh,CA,2025-09-15,social_media
4998,Melissa,Gray,Melissa.Gray373@yahoo.com,001-294-659-0537x549,Janetland,DE,27.11.2024,organic_search
4999,Jennifer,Rodriguez,Jennifer.Rodriguez764@gmail.com,208-798-7269,Shannonborough,DE,21/02/2025,referral
5000,Trevor,Vargas,Trevor.Vargas316@yahoo.com,001-566-695-9818x370,Rodgersville,germany,10-28-2024,direct
5001,Kimberly,Lopez,Kimberly.Lopez581@hotmail.com,249-270-7514x97674,New Richard,USA,2025-06-10T22:19:50,direct
5002,John,Davis,John.Davis520@gmail.com,,Allenland,DE,11-03-2023,referral
5003,Brandy,Harrell,Brandy.Harrell790@yahoo.com,8473882556,,DE,05/02/2023,social_media
5004,Jackson,Fernandez,Jackson.Fernandez284@gmail.com,001-240-982-8727x40647,West Traceyshire, USA ,2024-06-11T23:11:30,social_media
5005,Christopher,Russell,Christopher.Russell149@gmail.com,730.227.5879x4320,North Kimberlyview,United States,12-21-2023,paid_search
5006,Elizabeth,Price,Elizabeth.Price775@hotmail.com,,Garnerfort,FR,2023-02-05,referral
5007,Matthew,Glover,Matthew.Glover880@yahoo.com,922-433-6069x434,Rileybury,usa,03-11-2025,referral
5008,Eric,Garcia,Eric.Garcia893@yahoo.com,,New Jacqueline,Canada,12.12.2023,direct
5009,Michael,Kane,Michael.Kane524@gmail.com,001-670-288-5481x8826,Christopherburgh,United States,2024-05-04,referral
5010,Nathan,Parker,Nathan.Parker638@gmail.com,563-230-3458x4094,Johnchester,canada,30.03.2025,email
5011,Michelle,Fisher,Michelle.Fisher636@yahoo.com,705.947.1996x1306,South Davidtown,usa,04-30-2024,referral
5012,Julie,Johnson,Julie.Johnson750@gmail.com,+1-587-785-2724x40695,South Christopherville,United States,07-31-2025,social_media
5013,Michelle,Spencer,Michelle.Spencer736@gmail.com,(513)417-2361,North Brandonville,US,2025-07-03,email
5014,Carol,Franklin,Carol.Franklin545@yahoo.com,6878495033,Johnsonmouth,France,01/03/2025,organic_search
5015,Pamela,Harris,Pamela.Harris385@hotmail.com,614-602-2695x620,Millerside,Germany,18/06/2025,direct
5016,Brian,Fox,Brian.Fox928@gmail.com,398.384.3772,Lake Samantha,Canada,15.03.2024,direct
5017,Chad,Stanton,Chad.Stanton349@yahoo.com,675-830-9720,New Eddieview,United States,07-27-2024,referral
5018,Renee,Martinez,Renee.Martinez265@hotmail.com,001-825-806-9832x1445,North Kyle,US,06-09-2023,email
5019,Stephanie,York,Stephanie.York684@gmail.com,411-351-6695x539,Port Hannahberg,FR,20/05/2024,social_media
5020,Tammy,Decker,Tammy.Decker679@yahoo.com,,South Wendyside,U.K.,2025-01-25,referral
5021,Carol,Williams,Carol.Williams495@gmail.com,473.309.8392x228,East Davidstad,FR,2024-10-21,email
5022,Sarah,Gonzalez, Sarah.Gonzalez355@hotmail.com ,341.771.9322x57177,South Kevinmouth,Germany,2024-09-07T07:06:23,email
5023,Heather,Perez,Heather.Perez628@gmail.com,260.571.4987,Esparzahaven,US,2023-09-22,social_media
5024,Jennifer,Waters,Jennifer.Waters893@yahoo.com,567.463.1413x1929,Lake Jeremy,canada,01.10.2023,organic_search
5025,Kevin,Vasquez,Kevin.Vasquez22@hotmail.com,+1-700-805-0671,Clarkside,France,2024-01-09,referral
5026,Heidi,Jordan, Heidi.Jordan182@hotmail.com ,+1-601-709-9973x48290,West Travisberg,CA,02-05-2024,direct
5027,Joanna,Schultz,Joanna.Schultz579@gmail.com,5569259722,New Kimberlyview,uk,01-24-2023,organic_search
5028,Lance,Beck,Lance.Beck815@hotmail.com,545.583.1604x96091,South Stevenfurt,USA,09.01.2025,referral
5029,Jessica,Larson,Jessica.Larson254@hotmail.com,250.445.3282x485,Stephenshire,france,2023-12-12,paid_search
5030,Heather,Brooks, Heather.Brooks307@hotmail.com ,897.825.1089,,Canada,22.04.2024,organic_search
5031,Kenneth,Marshall,Kenneth.Marshall806@hotmail.com,001-785-551-8955x394,Michaelborough,Germany,02.11.2025,referral
5032,Margaret,Warren,Margaret.Warren979@yahoo.com,(714)961-1105,Jackbury,UK,15.10.2023,email
5033,Kristina,Garcia,Kristina.Garcia23@gmail.com,726-828-9893x6519,Jenniferstad,Germany,2024-07-28,email
5034,Heather,Russell,Heather.Russell597@gmail.com,856.661.9739,South Sharonfurt,US,23/05/2024,direct
5035,Diane,Oconnor,Diane.Oconnor773@yahoo.com,407.779.4912x003,Bennettfort,United Kingdom,22/02/2024,direct
5036,Anthony,Miller,Anthony.Miller954@hotmail.com,001-587-409-1266x717,East Thomas,canada,17/11/2024,direct
5037,Travis,Lewis,Travis.Lewis781@gmail.com,(271)351-3326,Dorseyborough,france,20.09.2025,social_media
5038,Kimberly,Sanchez,Kimberly.Sanchez891@yahoo.com,,South Kayla,germany,04-07-2023,paid_search
5039,Eugene,Fernandez,Eugene.Fernandez835@yahoo.com,8026191241,Tiffanymouth,CA,2024-02-18,social_media
5040,Christine,Ortiz,Christine.Ortiz329@hotmail.com,+1-924-689-3231,Feliciafort,US,08-14-2023,direct
5041,Jennifer,Rodriguez,Jennifer.Rodriguez478@gmail.com,2318475488,South Kevinbury,canada,26.08.2023,referral
5042,Wyatt,Doyle,Wyatt.Doyle627@yahoo.com,+1-847-618-3449x985,Moorestad,FR,10-28-2024,organic_search
5043,John,Montoya,John.Montoya239@yahoo.com,,Gabriellastad,Germany,03-22-2024,organic_search
5044,Lee,Smith,Lee.Smith581@yahoo.com,,East James,USA,12-04-2023,social_media
5045,Veronica,Fitzgerald,Veronica.Fitzgerald394@yahoo.com,369-413-0683,New Matthew,Canada,18.11.2025,organic_search
5046,John,Cabrera,John.Cabrera513@gmail.com,890-470-6715x15258,Port Tracyton,FR,10/12/2024,email
5047,Alexis,Harrison,Alexis.Harrison925@hotmail.com,432-999-1111,Bryanhaven,france,09.06.2024,paid_search
5048,Donald,Young,Donald.Young632@yahoo.com,,Gomezside,US,05-02-2025,email
5049,Brandy,Ferguson,Brandy.Ferguson96@hotmail.com,001-392-808-5824x5503,Port Bradley,france,2023-06-25T14:28:29,referral
5050,Stacey,Collier, Stacey.Collier819@gmail.com ,(999)885-7512x253,Alexaside,CA,2025-07-04,social_media
5051,Dustin,Green,DUSTIN.GREEN581@GMAIL.COM,8425071015,New Corey,france,2025-07-05,referral
5052,Joy,Welch,Joy.Welch639@yahoo.com,(276)944-9322x933,Franciscoborough,usa,2023-02-22T19:40:19,social_media
5053,Edward,Jacobs,Edward.Jacobs511@gmail.com,001-904-498-8069x44063,Lake Jasonchester,canada,21.01.2024,social_media
5054,Kathryn,Bolton,Kathryn.Bolton751@hotmail.com,859-528-2249,West Lisa,DE,10/11/2025,email
5055,Carol,Davis, Carol.Davis527@hotmail.com ,+1-717-355-4133x081,Lake Jeremyton,france,08/02/2025,paid_search
5056,Christopher,Schaefer,Christopher.Schaefer613@yahoo.com,+1-499-611-4434,Carlosmouth,USA,2023-09-05T16:54:08,paid_search
5057,Jill,Martinez,Jill.Martinez177@yahoo.com,,Makaylafurt,canada,2023-08-27T06:01:21,email
5058,James,Smith,James.Smith904@gmail.com,275.665.6191x12949,North Douglasberg,Germany,09-29-2024,email
5059,Susan,Torres,Susan.Torres802@gmail.com,+1-975-602-8873x381,Kevinside,DE,2024-12-07T22:08:46,email
5060,Victoria,Gomez,Victoria.Gomez95@gmail.com,957.577.7832x186,Lake Scott,uk,06-21-2025,organic_search
5061,Noah,Nolan,Noah.Nolan66@hotmail.com,737.320.0451x65591,Arroyoside,FR,25.06.2024,organic_search
5062,Kathryn,Thomas,Kathryn.Thomas954@gmail.com,450.321.4217,East Heather,U.K.,2025-02-05,email
5063,Scott,Hernandez,Scott.Hernandez565@gmail.com,423.744.2907x12230,Lake Alexander,UK,2023-04-09T16:39:23,email
5064,Adam,Downs,Adam.Downs366@gmail.com,724.384.4440,Lake Marie,DE,05-07-2024,email
5065,Molly,Chen,MOLLY.CHEN506@HOTMAIL.COM,405.654.8005x725,Christinaton,france,09-26-2023,organic_search
5066,Stephanie,Miles,Stephanie.Miles564@hotmail.com,001-523-432-1532x823,North Williamville,DE,2025-11-13,referral
5067,Tonya,Webster,Tonya.Webster471@yahoo.com,(964)956-0980,Lake Christopher,Canada,13/04/2024,email
5068,Caleb,Rios,Caleb.Rios473@hotmail.com,570-440-2274x9300,Nicolebury,USA,18/05/2023,email
5069,Patrick,Perez,Patrick.Perez344@yahoo.com,001-273-570-3885x7726,East Lisa,United States,12.01.2023,paid_search
5070,Michele,Johnson,Michele.Johnson662@gmail.com,,Beckyshire,Canada,04-01-2024,direct
5071,Cassie,Bowers,Cassie.Bowers752@yahoo.com,+1-702-431-7508x1053,South Victoriaburgh,DE,01/02/2025,organic_search
5072,David,Ray,David.Ray414@yahoo.com,(921)319-8644,East Joshua,US,01/08/2025,direct
5073,April,Moore,April.Moore265@gmail.com,001-368-660-6253x613,Foxfurt, USA ,15/08/2023,direct
5074,Victor,Harrison,Victor.Harrison260@gmail.com,909-809-3320,West Melissa,FR,04/03/2024,paid_search
5075,Jason,Cruz,Jason.Cruz445@yahoo.com,,,Canada,2025-11-14,direct
5076,Russell,Humphrey,Russell.Humphrey502@hotmail.com,591-869-1582x09100,Mcdonaldmouth,U.K.,23/01/2025,organic_search
5077,Stacy,Williams,Stacy.Williams196@hotmail.com,(573)337-7997,Paigeborough,france,05-29-2023,social_media
5078,Richard,Kennedy,Richard.Kennedy904@hotmail.com,558.568.5873x25744,Terryberg,U.K.,05/11/2023,email
5079,Susan,Lopez,Susan.Lopez105@gmail.com,001-342-393-9911x96862,South Michael,Germany,2025-09-09,direct
5080,Roy,Mason,Roy.Mason390@yahoo.com,001-320-467-9723x8428,Rubioshire,DE,12/01/2023,paid_search
5081,Deborah,Chambers,Deborah.Chambers133@hotmail.com,3014038012,Crystalport,UK,03-20-2024,organic_search
5082,Richard,Clark,Richard.Clark636@gmail.com,,New Sean,france,2023-11-28,referral
5083,Maria,Bauer,Maria.Bauer743@yahoo.com,001-492-374-0339,,France,2023-08-27T03:24:06,direct
5084,Jesse,Rose,Jesse.Rose42@hotmail.com,+1-706-384-0051x56393,North Jesus,Canada,2025-03-14,social_media
5085,Carrie,Carey,Carrie.Carey946@gmail.com,001-701-333-0342x2899,Port Keith,canada,2025-03-31,organic_search
5086,David,Ho,David.Ho863@yahoo.com,509-548-4645x56990,Yorkview,canada,20.12.2025,paid_search
5087,Louis,Martinez,Louis.Martinez171@yahoo.com,543.547.9756x4327,Port Brandy,France,2023-02-15T17:54:10,referral
5088,Carla,Gray,Carla.Gray474@yahoo.com,220.661.1217,South Audrey,DE,03.12.2023,organic_search
5089,Kathryn,Johnson,Kathryn.Johnson242@hotmail.com,433-972-4174x9097,Lawsonville,uk,06-14-2024,referral
5090,Sarah,Mcdaniel,Sarah.Mcdaniel416@gmail.com,+1-664-420-7437x51777,Davidside,USA,04/09/2023,paid_search
5091,Christopher,Morgan,Christopher.Morgan659@hotmail.com,+1-678-971-1967,Petersonborough,Canada,09-10-2024,referral
5092,Nicole,Reyes,Nicole.Reyes797@hotmail.com,797.606.6999x551,East Latoyaberg,uk,2024-06-21,direct
5093,Andrea,Hernandez,Andrea.Hernandez144@yahoo.com,(247)453-6668,Robertport,uk,12/05/2023,referral
5094,Lisa,Stewart,Lisa.Stewart240@yahoo.com,417-355-9583,Scottshire,US,28.09.2023,social_media
5095,Rebecca,Fowler,Rebecca.Fowler376@yahoo.com,(629)556-7230x8554,Ayalaport,U.K.,2023-08-17T07:34:22,paid_search
5096,Tammy,Aguilar,Tammy.Aguilar814@yahoo.com,,Tracifort,usa,2025-08-01,paid_search
5097,Beth,Steele,Beth.Steele743@hotmail.com,,Paulchester,france,2024-03-10,referral
5098,Amber,Deleon,Amber.Deleon975@hotmail.com,001-649-216-9715x76289,Shermanborough, USA ,11-10-2025,organic_search
5099,Matthew,Mcneil,Matthew.Mcneil638@hotmail.com,286-526-4778,Marshfurt,Germany,2025-03-12,social_media
5100,Robert,Bryant,Robert.Bryant272@gmail.com,4022319390,North Lauraview,USA,2025-04-13,email
5101,Leslie,Jones,Leslie.Jones692@yahoo.com,(944)440-0903,West Stephen,Germany,09-16-2024,email
5102,Kevin,Cervantes,Kevin.Cervantes727@gmail.com,4565960580,North Raymondshire,United Kingdom,05-23-2023,email
5103,Carrie,Maldonado,Carrie.Maldonado558@yahoo.com,,Gonzalezmouth,Canada,2023-10-19,referral
5104,Sarah,Peterson,Sarah.Peterson984@yahoo.com,(926)208-1759,Port Dianeland,france,02/01/2025,organic_search
5105,Stephanie,Smith,Stephanie.Smith533@gmail.com,479-749-0515x848,East Katrinaton,france,2024-01-15,paid_search
5106,Kari,Keller,Kari.Keller829@gmail.com,225.881.1416x895,Paulaborough,United Kingdom,07/04/2025,direct
5107,Monica,Hall,Monica.Hall566@hotmail.com,,Christopherstad,France,2023-01-15T21:47:05,email
5108,Devon,Marshall,Devon.Marshall708@hotmail.com,(486)567-7190,Port Nicole,CA,2024-12-17,direct
5109,Nicholas,Hernandez,Nicholas.Hernandez93@hotmail.com,,Morenoton,United States,2024-06-01T07:13:42,direct
5110,Amy,Meza,Amy.Meza440@hotmail.com,907.994.7205x291,Danielleside,uk,2024-09-03,paid_search
5111,Paul,Carey,Paul.Carey528@gmail.com,876.298.4311x2409,Johnchester,US,2025-10-08,social_media
5112,Alyssa,Elliott,Alyssa.Elliott233@yahoo.com,6414185356,North Victoria,U.K.,10-26-2024,organic_search
5113,Phillip,Frey,Phillip.Frey844@gmail.com,001-819-263-4610x875,Medinachester,CA,2024-03-03,email
5114,Savannah,Cooke,Savannah.Cooke574@gmail.com,(440)657-9268,South Kristina,Canada,25.12.2025,direct
5115,Christopher,Williams, Christopher.Williams518@hotmail.com ,540-235-1957,New Thomaschester,DE,01-04-2024,social_media
5116,Kristy,Cox,Kristy.Cox33@yahoo.com,534.683.1145x06453,Rickeyberg,UK,15/07/2023,direct
5117,Shirley,Smith,Shirley.Smith472@gmail.com,459.486.4684x80852,,Germany,16/12/2024,direct
5118,Kevin,Castillo,Kevin.Castillo824@hotmail.com,723.762.9825,North Stephanieview,FR,25.06.2025,referral
5119,Jasmine,Conley,Jasmine.Conley954@yahoo.com,440.200.6794x71991,North Karenchester,USA,04/01/2025,social_media
5120,Gina,Paul,Gina.Paul536@gmail.com,220.955.6419x90397,West Cherylburgh,FR,17.06.2024,referral
5121,Clinton,Farrell,Clinton.Farrell835@yahoo.com,(912)519-9975x25470,Christyshire,DE,25.11.2023,organic_search
5122,Lauren,Roberts,Lauren.Roberts648@yahoo.com,(751)721-2086,New Ashleyfort,CA,2023-01-29T11:13:10,email
5123,Benjamin,Jensen,Benjamin.Jensen12@gmail.com,6583471634,Danielbury,Canada,2023-07-24,social_media
5124,Stephanie,Mcbride,Stephanie.Mcbride786@hotmail.com,(440)936-0127,New Sarahfort,France,10-01-2025,organic_search
5125,Ronald,Martin,Ronald.Martin248@hotmail.com,702-463-5688x795,North Brianfurt,DE,04/12/2024,direct
5126,Derek,Harper,Derek.Harper387@gmail.com,(296)570-8323x87825,Antonioton,Germany,04-09-2025,referral
5127,Christopher,Harrison,Christopher.Harrison319@yahoo.com,564.400.3816x060,Davisburgh,UK,2023-12-02T11:27:03,direct
5128,Jon,Lee,Jon.Lee750@yahoo.com,995-268-8968x2734,Taylorport,CA,06.12.2023,referral
5129,Ryan,Jarvis,Ryan.Jarvis121@hotmail.com,+1-797-298-9686x205,Webbhaven,canada,2023-07-03,organic_search
5130,David,Price,David.Price479@hotmail.com,852.433.9199,Zimmermantown,DE,07-17-2023,paid_search
5131,Devin,Simpson,Devin.Simpson58@hotmail.com,001-492-582-3131x97991,South Crystalstad,canada,2024-06-21,referral
5132,Michelle,Gonzalez,Michelle.Gonzalez45@gmail.com,649.964.6846x719,West Sarahbury,usa,01-31-2024,paid_search
5133,Donna,Whitney,Donna.Whitney183@hotmail.com,(916)917-2405x394,Lake James,U.K.,08-10-2023,direct
5134,Bryan,Perez,Bryan.Perez416@hotmail.com,,South Corey,uk,2023-12-23T20:48:55,paid_search
5135,Stephanie,Roberts,Stephanie.Roberts718@yahoo.com,(548)567-1153x95730,Paulaland,Canada,20/04/2025,social_media
5136,Oscar,Turner,Oscar.Turner237@yahoo.com,,New Brent,U.K.,11.02.2023,direct
5137,Timothy,Munoz,Timothy.Munoz718@gmail.com,742-675-5263,Port Maryfort,uk,11.11.2023,paid_search
5138,Laura,Miller,Laura.Miller136@hotmail.com,001-836-832-4938x45715,Port Kellyside,germany,08-29-2024,email
5139,David,Brown,David.Brown271@yahoo.com,661-971-3271,North Amyfurt,France,2023-12-08,email
5140,John,Luna,John.Luna789@yahoo.com,001-406-961-3121,Robertfurt, USA ,03/02/2023,referral
5141,Melanie,Young,Melanie.Young9@gmail.com,001-561-523-4611x9263,New Benjaminchester,germany,10-05-2024,paid_search
5142,Rebecca,Reed,Rebecca.Reed151@hotmail.com,+1-322-883-0094x6348,Lonniechester, USA ,02-12-2023,referral
5143,Sarah,Miller,Sarah.Miller735@yahoo.com,+1-289-514-9088x99212,New Janetmouth,Canada,2024-07-02T02:35:59,organic_search
5144,Jeff,Cordova,Jeff.Cordova570@gmail.com,+1-765-467-5696x5420,South Denise,France,09/07/2024,direct
5145,Louis,Yoder,Louis.Yoder703@yahoo.com,765-667-0162x9988,South Victoriastad,Canada,20.03.2025,referral
5146,Alexandra,Mata,Alexandra.Mata84@yahoo.com,001-714-441-6860,Meganbury,FR,16/08/2023,email
5147,Dawn,Hill,Dawn.Hill83@hotmail.com,001-285-203-0838x9244,West Michelleview,UK,2023-11-13,direct
5148,Eric,Miller,Eric.Miller529@hotmail.com,232-330-7487x4534,Port Elizabethmouth,US,04/06/2024,direct
5149,Debra,Hudson,Debra.Hudson206@gmail.com,(257)635-9728,Ortizport,uk,2025-12-10T07:43:10,social_media
5150,Robert,Phillips,Robert.Phillips752@gmail.com,,West Daniel,Canada,2024-05-19T00:04:18,email
5151,Larry,Watkins,Larry.Watkins765@hotmail.com,742.970.1897x2398,South Ryanstad,CA,2025-06-23,direct
5152,Luis,Baker,Luis.Baker861@hotmail.com,(230)234-6867x304,New Nathanfurt,uk,18/03/2023,referral
5153,Michael,Lucas,Michael.Lucas801@yahoo.com,372.492.6876,Josephport,FR,16.02.2025,paid_search
5154,David,Hall,David.Hall908@gmail.com,,Smithburgh,germany,03-31-2025,referral
5155,Rebecca,Farrell,Rebecca.Farrell817@hotmail.com,5887775787,Kristenport, USA ,2025-05-23T04:13:03,direct
5156,Robert,Allen,Robert.Allen155@yahoo.com,(285)835-7462,,CA,08-19-2023,direct
5157,Patricia,Peterson,Patricia.Peterson711@yahoo.com,259.265.5289,South Jasmineshire,U.K.,05-07-2025,social_media
5158,Leah,Myers,Leah.Myers805@yahoo.com,(971)956-3075x92579,Jamesside,United Kingdom,21/11/2025,organic_search
5159,Brandon,Johnson,Brandon.Johnson770@gmail.com,(373)413-7265,Larrymouth,CA,20/01/2023,paid_search
5160,Taylor,Lane,Taylor.Lane920@yahoo.com,(234)802-1199,Jasonchester,United Kingdom,07.02.2023,direct
5161,Colleen,Golden,Colleen.Golden796@yahoo.com,,Jonathanmouth,Canada,2024-07-05,paid_search
5162,Donna,Owens,Donna.Owens226@hotmail.com,(505)803-1827,,germany,08.07.2024,direct
5163,Beth,Stanley,Beth.Stanley790@gmail.com,891-867-7108,Shanebury,France,12/04/2024,direct
5164,Samantha,Mckinney,Samantha.Mckinney896@gmail.com,(783)492-7817,Camposchester,France,22.03.2025,organic_search
5165,Rachel,Johnston,Rachel.Johnston183@hotmail.com,300.845.1297,Davisland,usa,24.03.2023,organic_search
5166,John,Mayer,John.Mayer70@gmail.com,481-910-7355,Michaelville,germany,16.02.2025,direct
5167,Douglas,Dennis,Douglas.Dennis280@gmail.com,9539883498,,DE,03/12/2024,email
5168,Amy,Trevino,Amy.Trevino343@hotmail.com,615-967-9780x868,Martinezshire,CA,12/12/2025,social_media
5169,Audrey,Cole, Audrey.Cole180@gmail.com ,946.317.8917,Port Erikaburgh,FR,01-04-2024,paid_search
5170,Bruce,Washington,Bruce.Washington863@yahoo.com,511-889-4747x179,Amandaside,US,2023-10-29,organic_search
5171,Robert,Wright,Robert.Wright295@gmail.com,369-487-1685x513,Schultzfort,UK,08-04-2025,referral
5172,Jason,Rivera,Jason.Rivera477@gmail.com,+1-415-390-4361,Heatherfurt,Germany,12-22-2024,email
5173,Jason,Joyce,Jason.Joyce294@hotmail.com,351-928-5891x3089,Port Davidmouth,uk,29.12.2025,referral
5174,Catherine,Dixon,Catherine.Dixon438@gmail.com,383-443-0674x167,New Alice,Germany,2023-07-11T18:06:48,paid_search
5175,Cheryl,Farley,Cheryl.Farley,+1-497-696-8878x997,Port Travis,Germany,2023-05-12,organic_search
5176,Kyle,Fowler,Kyle.Fowler871@hotmail.com,,South Judy,usa,17/11/2023,email
5177,Rose,Martinez,Rose.Martinez601@hotmail.com,001-856-337-1089x7335,Lake Robin,United Kingdom,2023-04-26,referral
5178,Albert,Cook,Albert.Cook640@yahoo.com,919.353.5307x7218,Batesport,Canada,01-26-2025,direct
5179,Lawrence,Li,Lawrence.Li935@hotmail.com,384.483.9974x1353,Lake Rhonda,U.K.,12-24-2023,email
5180,Richard,George,Richard.George467@hotmail.com,001-978-337-0124,Port Moniqueland,Germany,2024-06-18,direct
5181,Brandon,Walker,Brandon.Walker224@gmail.com,+1-433-911-2979x7445,Estradachester,Germany,24/06/2023,social_media
5182,Sandra,Jennings,SANDRA.JENNINGS934@HOTMAIL.COM,328-523-7663x7883,,France,24.05.2023,organic_search
5183,Benjamin,Zhang,Benjamin.Zhang966@yahoo.com,512.837.8689x4338,Marystad,Canada,2023-08-17T13:18:05,email
5184,Ebony,Miles,Ebony.Miles178@hotmail.com,(873)395-4816,Annafort,USA,29/07/2023,paid_search
5185,Mary,Davis,Mary.Davis134@hotmail.com,001-629-968-2924x5909,North Pamela,uk,11/01/2024,referral
5186,Melissa,Robbins,Melissa.Robbins742@yahoo.com,425.325.8885,Lake Keith,United Kingdom,27/06/2024,organic_search
5187,Douglas,Lewis,Douglas.Lewis554@gmail.com,304-490-9873x133,Wendychester,France,2025-03-24T23:58:33,email
5188,Kimberly,Warner,KIMBERLY.WARNER212@GMAIL.COM,001-663-748-9365,Patriciatown,germany,03-18-2024,organic_search
5189,Christopher,Robbins,Christopher.Robbins426@hotmail.com,527.885.3987x457,Davidberg,CA,2023-07-28T21:40:48,email
5190,Amanda,Campbell,Amanda.Campbell879@gmail.com,481-301-2900,South Ashleybury,france,01-06-2023,referral
5191,Sarah,Long,Sarah.Long256@gmail.com,(405)310-9328,Lake Michael,DE,04-05-2025,direct
5192,Ann,Howard,Ann.Howard711@hotmail.com,5295813528,New Jessica,UK,2023-12-24T19:58:52,direct
5193,Lucas,Warner,Lucas.Warner486@hotmail.com,886.279.6302x3598,North Adamview,france,19/10/2024,paid_search
5194,Elizabeth,Mahoney,Elizabeth.Mahoney916@gmail.com,(724)915-0765x233,Lake Danielville,UK,12-12-2023,social_media
5195,Robert,Williams, Robert.Williams952@gmail.com ,+1-980-665-1527x012,Lake Dannychester,FR,09-29-2023,email
5196,Danielle,Mcdonald,Danielle.Mcdonald153@yahoo.com,424-695-4767x192,Fernandezberg,DE,2025-06-27,email
5197,Gabriel,Simon,Gabriel.Simon5@gmail.com,+1-825-788-0761x29270,Lake Patrick,canada,20/03/2023,email
5198,Randy,Thomas,Randy.Thomas633@hotmail.com,612-237-9281,East Kathleen,Canada,05-22-2023,social_media
5199,Cindy,Gonzalez,Cindy.Gonzalez696@hotmail.com,687-447-4412x40438,East Maria,United Kingdom,09.02.2023,social_media
5200,Julie,Wade,Julie.Wade73@gmail.com,458-727-0245,East Keith,FR,2024-11-02,direct
5201,Robert,Perez,Robert.Perez858@gmail.com,,North Charles,Canada,2024-09-06T18:36:25,paid_search
5202,Christina,King,Christina.King249@gmail.com,217-323-9631,South Cynthiaberg,germany,08-29-2025,paid_search
5203,Jimmy,Mosley,Jimmy.Mosley499@yahoo.com,(267)412-3016x743,Port Davidtown,United Kingdom,03-10-2023,social_media
5204,Marissa,Powell,Marissa.Powell947@gmail.com,001-867-639-5894x8328,Nelsonberg,Germany,2023-08-01T06:32:13,social_media
5205,Paul,Wright,Paul.Wright549@yahoo.com,001-368-932-8233,Simpsonbury, USA ,03.02.2024,referral
5206,Ryan,Phillips,Ryan.Phillips956@hotmail.com,+1-733-954-6817x5579,,germany,2025-04-08,organic_search
5207,Debra,Williams,Debra.Williams981@yahoo.com,866.409.6850x75663,East Amanda,france,2024-02-02,email
5208,Joseph,Carrillo,Joseph.Carrillo784@gmail.com,+1-717-895-8049x56603,East Erin,germany,2023-02-17,referral
5209,Angel,Morgan,Angel.Morgan566@yahoo.com,(378)617-9463x295,Bryantmouth,U.K.,03/08/2024,email
5210,Ruth,Pearson,Ruth.Pearson85@gmail.com,656.319.0424x462,Wigginsfort,U.K.,2025-07-18,direct
5211,Joseph,Murray,Joseph.Murray166@hotmail.com,+1-495-383-9604x831,New Mariaport,uk,2025-01-22T04:34:46,referral
5212,April,Watson,April.Watson47@yahoo.com,,Port Annashire,Canada,2024-07-22,email
5213,Brenda,Wright,Brenda.Wright317@hotmail.com,406-908-8247x922,Port Andrew,germany,07.03.2024,paid_search
5214,Kristen,Reeves,Kristen.Reeves670@hotmail.com,279-722-9398,Melissaburgh,Canada,26/10/2024,referral
5215,Timothy,Becker,Timothy.Becker9@yahoo.com,8554037181,Paulafort,canada,2025-07-07,referral
5216,Ronald,Maldonado,Ronald.Maldonado,,West Monicaborough,USA,2025-05-06T14:32:02,organic_search
5217,Joseph,Larson,Joseph.Larson14@yahoo.com,(774)745-1015x984,Johnchester,germany,23/05/2023,email
5218,Derek,Thompson,DEREK.THOMPSON354@GMAIL.COM,391.840.1864x357,South Alexisberg,DE,2024-12-26,paid_search
5219,Carol,Ruiz,Carol.Ruiz120@gmail.com,820.329.4554x6972,Douglasport,canada,2023-11-17,referral
5220,Abigail,Mcfarland,Abigail.Mcfarland764@yahoo.com,875-372-3089,Lake Robert,DE,24.01.2024,organic_search
5221,Brenda,Hill,Brenda.Hill783@yahoo.com,(451)573-7234x238,West Riley,USA,2024-08-24T11:13:56,organic_search
5222,Angela,Reynolds,Angela.Reynolds304@hotmail.com,,South Janice,France,20.01.2023,paid_search
5223,Jackie,French,Jackie.French984@hotmail.com,342.759.4373x5918,New Kaylashire,United States,18/10/2025,organic_search
5224,Gina,Ballard,Gina.Ballard74@hotmail.com,876-562-7387x248,Elizabethshire,DE,2024-09-02T03:52:32,social_media
5225,Dylan,Rodriguez,Dylan.Rodriguez755@yahoo.com,001-533-475-3614,Rosariostad,france,2024-01-24T22:11:33,direct
5226,Jeffery,Foley,Jeffery.Foley134@hotmail.com,+1-424-409-1941,Juliamouth,canada,04-26-2025,social_media
5227,Andrew,Scott,Andrew.Scott70@hotmail.com,+1-493-319-2649x928,Kingport,United Kingdom,12-13-2024,paid_search
5228,Christine,Howard,Christine.Howard243@hotmail.com,967.439.2112x19618,North Charlesberg,U.K.,09-26-2025,referral
5229,Carol,Owens,Carol.Owens370@hotmail.com,(729)209-4467,Diazview,U.K.,25/05/2023,organic_search
5230,Richard,Jones, Richard.Jones559@gmail.com ,+1-724-271-4116x73964,Porterchester,canada,05-29-2025,paid_search
5231,Christopher,Parker,Christopher.Parker,001-511-977-6969x39110,New Matthew,United States,23/08/2025,organic_search
5232,Stephen,Yang,Stephen.Yang539@yahoo.com,513-504-5047x4424,Sparksbury,USA,2025-06-06T18:49:52,paid_search
5233,Brandy,Pratt,Brandy.Pratt633@hotmail.com,8713365910,West Kirsten,Canada,2025-07-31,social_media
5234,Jordan,Levine,Jordan.Levine220@hotmail.com,001-744-771-0792x359,North Shawnmouth,DE,2023-03-09,email
5235,Jennifer,Pena,Jennifer.Pena146@yahoo.com,802.478.9292x147,New Christine,uk,20.01.2024,direct
5236,Abigail,Irwin,Abigail.Irwin474@gmail.com,001-942-780-3108x461,,United Kingdom,19/09/2024,direct
5237,Ashley,Thompson,Ashley.Thompson401@yahoo.com,001-493-387-8885,Reyesberg,usa,11-19-2023,paid_search
5238,Olivia,Rodriguez,Olivia.Rodriguez160@yahoo.com,2817463580,Garzachester,France,05-21-2025,referral
5239,Jamie,Lucas,Jamie.Lucas242@gmail.com,+1-282-398-1186x2438,Lake Williamborough,CA,2023-05-27T09:28:07,social_media
5240,Jennifer,Alvarado,Jennifer.Alvarado373@yahoo.com,,East Michellefurt,DE,2024-10-31,referral
5241,Cynthia,Rocha,Cynthia.Rocha64@yahoo.com,+1-255-275-1842x3814,Sullivanchester,UK,02-10-2023,paid_search
5242,John,Molina,John.Molina373@gmail.com,(958)916-0223,Michaelton,Canada,2024-05-09,direct
5243,Sonia,Aguirre,SONIA.AGUIRRE714@HOTMAIL.COM,001-952-622-4986,East Alexander,FR,2024-08-20T19:10:39,social_media
5244,Gina,Cooper,Gina.Cooper160@hotmail.com,(977)551-3093,Port Annette,U.K.,2024-11-18T13:20:00,social_media
5245,Laura,Jackson,Laura.Jackson596@gmail.com,001-540-722-6808x146,Kimfurt,UK,2025-01-06T04:45:03,email
5246,Debra,Patterson,Debra.Patterson141@yahoo.com,+1-354-507-9137x0571,Port Scott,U.K.,28/12/2024,referral
5247,Victoria,Jackson,Victoria.Jackson624@gmail.com,766-825-7832x16844,Markton,US,2024-03-31T11:34:56,email
5248,Kelsey,Lee,Kelsey.Lee226@gmail.com,4572371940,Rodriguezfort,germany,12/03/2024,paid_search
5249,Mary,Ruiz,Mary.Ruiz347@gmail.com,+1-310-416-4608x282,Taylorfurt,usa,2025-09-16T17:02:12,paid_search
5250,Michael,Hoover,Michael.Hoover328@yahoo.com,001-552-293-2767x33022,Sharonmouth,usa,2024-12-30T10:55:24,referral
5251,Karen,Vega,Karen.Vega354@gmail.com,660-688-6216,,France,16.05.2024,social_media
5252,Katie,Smith,Katie.Smith942@gmail.com,581.383.2524x485,Khanchester,France,17.09.2023,direct
5253,Angela,Best,Angela.Best545@gmail.com,(656)671-9201x248,South Calebstad,CA,06-10-2023,social_media
5254,Justin,Buck,Justin.Buck45@gmail.com,001-361-789-0783,East Jon,United Kingdom,2025-04-02T22:03:21,organic_search
5255,Brooke,Moses,Brooke.Moses569@gmail.com,+1-772-569-9519x13205,Bakerhaven,US,2023-09-16T21:34:44,organic_search
5256,Michael,Williams,Michael.Williams904@hotmail.com,(576)242-3369,West Jenniferburgh,United States,2024-06-18,email
5257,Andrew,Castro,Andrew.Castro655@gmail.com,+1-812-957-3782x105,East Stacy,US,2025-05-04,social_media
5258,Victoria,Johnson,Victoria.Johnson342@yahoo.com,825-767-0553x43535,East Katherinefort,UK,05-18-2023,direct
5259,Christopher,Allen,Christopher.Allen596@yahoo.com,001-355-274-0449x9271,South Ashlee,Germany,07/03/2023,paid_search
5260,Alyssa,Rollins,Alyssa.Rollins375@hotmail.com,+1-504-718-6567,,uk,20.02.2024,referral
5261,Megan,Cameron,Megan.Cameron63@yahoo.com,+1-388-700-1253x90532,Gonzalezchester,france,17/06/2023,organic_search
5262,Anthony,Carter,Anthony.Carter861@hotmail.com,001-424-551-7194x945,West Jeremybury,US,2025-03-02,direct
5263,Wayne,Jenkins,Wayne.Jenkins551@gmail.com,,West Glennberg, USA ,27.08.2024,paid_search
5264,Jacob,Ortega,Jacob.Ortega110@gmail.com,595-487-5674x436,, USA ,10-20-2025,organic_search
5265,Rebecca,White,Rebecca.White667@yahoo.com,001-403-424-6778x173,Richardsonland,CA,2025-04-23T09:15:12,organic_search
5266,Teresa,Phillips,Teresa.Phillips394@hotmail.com,634.577.7842x6597,Hamptonton,france,01-24-2024,social_media
5267,Cesar,Orozco, Cesar.Orozco289@gmail.com ,+1-211-542-3081x83726,,canada,06-21-2025,direct
5268,Jennifer,Ross,Jennifer.Ross338@gmail.com,578-890-2367,South Beth,U.K.,14/02/2025,organic_search
5269,Ronald,Martinez,Ronald.Martinez434@yahoo.com,+1-570-401-7453,North Christy,France,08-04-2024,social_media
5270,Michaela,Smith,Michaela.Smith40@hotmail.com,,East Chase, USA ,2024-01-29T00:32:30,paid_search
5271,Shelly,Wright,Shelly.Wright205@gmail.com,(790)218-1810x210,West Patricia,U.K.,11-10-2024,social_media
5272,Angela,Martin,Angela.Martin472@hotmail.com,5448697955,Rogersstad,Canada,2024-09-29T18:59:23,referral
5273,Marcus,Chan,Marcus.Chan860@gmail.com,308.559.5448x63487,New Martin,france,11-11-2024,organic_search
5274,Leah,Long,Leah.Long459@gmail.com,+1-910-899-8452,New Joyside,Canada,2025-11-26T09:16:36,organic_search
5275,Jasmine,Herrera,JASMINE.HERRERA909@GMAIL.COM,727-243-4184x243,Williamport,CA,17/11/2024,paid_search
5276,Amy,Hall,Amy.Hall741@hotmail.com,(583)918-5924x9347,West Kimberly,United States,2024-07-29,paid_search
5277,Shannon,Gonzalez,Shannon.Gonzalez848@yahoo.com,285.856.1908,Lake Kristopher,canada,2024-03-06,organic_search
5278,Jennifer,Kelley,Jennifer.Kelley322@hotmail.com,472.662.5762x2978,New Devinport,Canada,27/07/2024,email
5279,Marcus,Clements,Marcus.Clements749@yahoo.com,872.742.0092,New Adam,uk,19/10/2024,direct
5280,Stephanie,Olson,Stephanie.Olson821@hotmail.com,518.781.5858x227,Thomasmouth,U.K.,01-24-2024,referral
5281,Michael,Davis,Michael.Davis555@yahoo.com,334-396-7097x3893,Port William,UK,07/05/2025,paid_search
5282,Dale,Rodriguez,Dale.Rodriguez812@gmail.com,738-905-2063,Lake Sandra,UK,15/02/2025,social_media
5283,John,Adams,JOHN.ADAMS468@YAHOO.COM,001-689-902-1772x074,Port Diana,FR,2024-06-17T01:09:02,social_media
5284,Susan,Wells,Susan.Wells407@hotmail.com,339-411-7228x375,Smithview,uk,2024-07-14,email
5285,Allison,Harper,Allison.Harper357@hotmail.com,889.978.7261,Lake Reginaldmouth,UK,03-18-2024,direct
5286,Jacqueline,Mcdowell,Jacqueline.Mcdowell433@yahoo.com,001-911-384-7629x7494,Lefort,FR,13.03.2024,social_media
5287,Lauren,Ingram,Lauren.Ingram38@gmail.com,(976)530-9015,West Michaelborough,DE,05/06/2025,social_media
5288,Rebecca,Chapman,Rebecca.Chapman700@gmail.com,,Elainefort,france,26/02/2025,referral
5289,Lawrence,Raymond,Lawrence.Raymond381@yahoo.com,867-666-5420x9866,Susanton,France,08-27-2025,direct
5290,Scott,Simpson,Scott.Simpson49@gmail.com,,West Josephburgh,canada,2025-11-20T15:21:27,direct
5291,Charles,Moore,Charles.Moore798@gmail.com,001-301-567-4436,Jamesmouth,U.K.,2023-09-26T00:07:05,organic_search
5292,William,Anderson,William.Anderson100@gmail.com,(485)688-9381x35246,Cooketon,France,2025-03-17T21:56:53,direct
5293,Jacob,Lowe,Jacob.Lowe733@yahoo.com,9253383697,New Carrieburgh, USA ,2025-08-04,social_media
5294,Dorothy,Chung,Dorothy.Chung592@gmail.com,3899695825,Christyview,United Kingdom,12-30-2025,direct
5295,Mitchell,Rollins,Mitchell.Rollins938@gmail.com,(534)860-5811x952,East Travismouth,USA,09-27-2024,social_media
5296,Leslie,Evans,Leslie.Evans855@yahoo.com,(591)525-3685x864,North Josephstad,United States,2024-03-23T23:39:23,organic_search
5297,Latasha,Munoz,Latasha.Munoz51@gmail.com,001-720-677-0839,South Johnville,France,2023-08-27,social_media
5298,Nicholas,Dean,Nicholas.Dean262@yahoo.com,001-714-754-8303x8606,East Amandaberg,France,04.01.2025,referral
5299,Chad,Hays,Chad.Hays410@yahoo.com,,South Paulfort,Germany,2025-06-09T15:55:37,organic_search
5300,John,Lowery,John.Lowery756@gmail.com,,Ashleytown,UK,2024-07-24T01:40:38,social_media
5301,Seth,Mcclain,Seth.Mcclain669@gmail.com,533-861-6063x0258,Gibbsberg,canada,2025-12-27T18:18:13,email
5302,Emily,Brown,Emily.Brown81@gmail.com,001-983-846-6117x4953,Hudsonmouth,france,01/08/2024,organic_search
5303,Crystal,Turner,Crystal.Turner289@gmail.com,212.254.7560,Williamsonfort,Canada,28/03/2023,email
5304,Randy,White,Randy.White343@gmail.com,919-581-0250x7853,West Adam,Canada,18.05.2024,email
5305,Linda,White,Linda.White481@gmail.com,(872)938-2781x46967,West Ashleybury,US,04.02.2025,email
5306,Andrea,Parker,Andrea.Parker583@hotmail.com,+1-678-887-3812,Victoriafort,USA,05-16-2024,email
5307,Michele,Pennington,Michele.Pennington446@gmail.com,+1-824-391-2469x0259,Simmonstown,USA,19.06.2025,social_media
5308,Christopher,Adams,Christopher.Adams141@hotmail.com,5905130287,Lake Bryan,canada,2024-04-09T23:21:14,organic_search
5309,Ronald,Copeland,Ronald.Copeland577@hotmail.com,314.567.0312x869,North Joshua,france,03-24-2025,direct
5310,Troy,Peterson,Troy.Peterson813@gmail.com,(928)243-8632x221,Susanton,germany,15/03/2025,email
5311,Scott,Cook,Scott.Cook691@hotmail.com,+1-804-679-9412,New Michelle,France,02-13-2023,email
5312,Scott,Hayes,Scott.Hayes41@yahoo.com,001-832-368-6679x0168,Lake Josephfurt,United States,28/03/2024,email
5313,Megan,Taylor,Megan.Taylor566@gmail.com,271-819-5266x533,Linbury,canada,15/10/2023,organic_search
5314,Christine,Simon,Christine.Simon100@yahoo.com,375-756-8254x277,Christianside,UK,01-16-2024,direct
5315,Emily,Cooke,Emily.Cooke577@gmail.com,,North Lindsayview,FR,24/12/2023,social_media
5316,Amy,Howard,Amy.Howard583@yahoo.com,+1-280-735-6761x1564,Lewisburgh,germany,2024-12-11,organic_search
5317,Francis,White,Francis.White133@gmail.com,+1-561-281-7314,,canada,2024-04-24T07:36:51,organic_search
5318,Christine,Hampton,Christine.Hampton,001-920-368-1836x9124,Port Trevor,U.K.,25.08.2025,direct
5319,Anna,Mcgee,Anna.Mcgee232@hotmail.com,(240)702-4324,Lake Kimberlyshire,USA,01/10/2024,referral
5320,Christopher,Wright,Christopher.Wright,,Lake Pamelaland,CA,26/05/2024,paid_search
5321,Dawn,Miller,Dawn.Miller467@yahoo.com,001-872-741-7422,Anitamouth,germany,2023-05-08T10:20:05,direct
5322,Daniel,Brown,Daniel.Brown621@gmail.com,,North Karen,Germany,2024-10-16,referral
5323,Karen,Norton,Karen.Norton12@hotmail.com,840.578.1426,South Lee,USA,13/01/2024,organic_search
5324,Jacob,Frederick,Jacob.Frederick762@hotmail.com,555.435.5978x7996,New Mary,FR,06/03/2024,organic_search
5325,Ronald,Turner,Ronald.Turner697@hotmail.com,942.924.4175x396,Jeffreyberg,USA,15/04/2024,direct
5326,Mercedes,Walton,Mercedes.Walton759@gmail.com,835.981.0790x2475,Lake Taylorfort,DE,2024-07-01,referral
5327,Barry,Strickland,Barry.Strickland315@yahoo.com,545.350.1482x3479,Taramouth,France,06-30-2024,organic_search
5328,Mark,Lopez,Mark.Lopez340@yahoo.com,8678836760,Andrewsberg,germany,04/11/2025,organic_search
5329,Kimberly,Reyes,Kimberly.Reyes68@hotmail.com,,New Georgebury, USA ,2024-05-06T21:34:54,referral
5330,Deborah,Mcguire,Deborah.Mcguire993@gmail.com,2546316704,East Michelle,Canada,09-08-2024,organic_search
5331,Johnny,Heath,Johnny.Heath209@hotmail.com,(866)806-4064x62788,New Alex,uk,30.07.2024,email
5332,James,Garcia,James.Garcia854@yahoo.com,(587)380-7767x758,Lake Felicia,DE,28/12/2025,referral
5333,Christopher,Chapman,Christopher.Chapman742@hotmail.com,(852)396-4893x988,East Briannamouth,Germany,2023-06-30,direct
5334,Joseph,Mitchell,Joseph.Mitchell49@yahoo.com,816-925-5808x178,Kerrberg,United Kingdom,2024-01-02,email
5335,Karina,Ferguson,Karina.Ferguson119@yahoo.com,001-736-405-1103x53583,Walterton,United Kingdom,08.11.2023,organic_search
5336,Anthony,Morrow,Anthony.Morrow624@hotmail.com,(731)580-0986x33166,Robinsonmouth,US,03.02.2025,social_media
5337,Brent,Johnson,Brent.Johnson343@gmail.com,,North Reginaldmouth,france,2023-04-12T10:17:49,paid_search
5338,Vincent,Maldonado,Vincent.Maldonado849@gmail.com,4195244189,Amandaberg, USA ,26.11.2023,social_media
5339,Gerald,Phillips,Gerald.Phillips239@gmail.com,,Destinymouth,United Kingdom,01/06/2023,email
5340,Jackie,Flores,Jackie.Flores29@yahoo.com,+1-828-254-8959x8711,North Tina,Germany,18/02/2023,email
5341,Alexa,Daniels,Alexa.Daniels760@gmail.com,,Lake Stacyside,United Kingdom,23/12/2025,referral
5342,Jim,Torres,Jim.Torres271@hotmail.com,452.971.2904x2408,Patrickhaven,Germany,2024-09-15,direct
5343,David,Short,David.Short155@yahoo.com,237.830.9009,New Carol,france,05-11-2025,direct
5344,Jessica,Miller,Jessica.Miller237@hotmail.com,590.541.0406,West Stevenfurt,Canada,2024-11-25,referral
5345,Tyler,Smith,Tyler.Smith679@hotmail.com,+1-216-846-1915x853,Kingbury,US,08.11.2023,direct
5346,Chris,Avery,Chris.Avery824@hotmail.com,752-636-2190x3616,New Kenneth, USA ,06/05/2024,paid_search
5347,David,Holland,David.Holland181@yahoo.com,726.823.7634,Port Sarah,Canada,2024-12-23T12:14:34,referral
5348,James,Wood,James.Wood877@hotmail.com,,West Laura,United Kingdom,31.08.2024,direct
5349,Jacqueline,Beck,Jacqueline.Beck609@gmail.com,774.680.7666x096,Jennifershire,CA,28.10.2024,paid_search
5350,Gabriel,Humphrey,Gabriel.Humphrey262@yahoo.com,449-951-7642x493,,United Kingdom,17.07.2025,paid_search
5351,John,Scott,John.Scott6@hotmail.com,261.900.5948x2706,East Christophermouth,United Kingdom,2023-05-03,referral
5352,Eric,Donaldson,Eric.Donaldson875@yahoo.com,502.808.2064x60288,Toddchester,Canada,2024-02-20,social_media
5353,Benjamin,Davis,Benjamin.Davis667@hotmail.com,8438939881,Cooktown,UK,07-28-2023,paid_search
5354,Kenneth,Fisher,Kenneth.Fisher103@yahoo.com,+1-930-577-2078x0282,New Kimberlyside,FR,07/04/2023,social_media
5355,Zoe,Newton,Zoe.Newton506@hotmail.com,001-553-277-4769,Pamelamouth,France,03/04/2023,referral
5356,Lori,Johnson,LORI.JOHNSON274@YAHOO.COM,+1-237-784-9860,Donaldland,germany,24/11/2025,paid_search
5357,Alyssa,Graham,Alyssa.Graham644@hotmail.com,+1-705-250-7788x439,New Christopherhaven,United Kingdom,01-07-2024,referral
5358,Patricia,Lewis,Patricia.Lewis727@gmail.com,001-926-952-8790x59730,Hannaville,canada,2024-08-07T17:53:03,direct
5359,Brandon,Paul,Brandon.Paul497@gmail.com,505.375.4100,Maysfurt,France,11-05-2023,social_media
5360,Wendy,Jones, Wendy.Jones759@hotmail.com ,001-539-423-8165x1424,Susanburgh,US,04-18-2024,paid_search
5361,Dana,Hernandez,Dana.Hernandez569@hotmail.com,001-640-364-5338x45247,Harrismouth,U.K.,2025-03-07T18:48:18,social_media
5362,Daniel,Stephens,Daniel.Stephens245@gmail.com,953.932.3195x12154,New Seanfurt,UK,24.01.2023,organic_search
5363,Tony,Baker,Tony.Baker52@hotmail.com,2614435631,East Danielle,Canada,08-26-2023,organic_search
5364,Chad,Martinez,Chad.Martinez383@yahoo.com,3828486114,West Matthew,DE,16.03.2024,social_media
5365,Lynn,Carrillo,Lynn.Carrillo962@yahoo.com,988.741.4574x7355,Cruzland,UK,09-07-2025,organic_search
5366,Paul,Solis,Paul.Solis917@gmail.com,747-979-8733x1197,Johnport,France,2023-06-14T08:28:58,direct
5367,Maria,Gonzalez,Maria.Gonzalez906@gmail.com,,Nelsonfort, USA ,2023-10-21,social_media
5368,Morgan,Lewis,Morgan.Lewis358@yahoo.com,496.992.6192,North Scott,Germany,15.03.2024,email
5369,Nathan,Green,Nathan.Green215@yahoo.com,309.374.1417x450,Carolbury,Canada,09-13-2025,referral
5370,Charles,Dunn,Charles.Dunn898@yahoo.com,,New Jessicamouth,UK,12-03-2024,referral
5371,Lisa,Morales,Lisa.Morales376@yahoo.com,385.289.4439x762,Mcclainside,CA,05.11.2025,social_media
5372,Susan,Kelly,Susan.Kelly838@hotmail.com,001-242-608-4813x951,Wallacehaven,United Kingdom,27/12/2023,email
5373,Ryan,Wells,Ryan.Wells601@gmail.com,,Juliefurt,United Kingdom,16/05/2023,social_media
5374,Gregory,White,Gregory.White154@hotmail.com,,West Christopher,usa,17/06/2024,direct
5375,Michael,Allen,Michael.Allen61@yahoo.com,+1-601-374-9713x64125,Andrewville,CA,03-11-2025,direct
5376,Erin,Ross,Erin.Ross924@hotmail.com,773.497.8651x7938,Douglasmouth,France,2023-08-15,direct
5377,Lisa,Jennings,Lisa.Jennings579@gmail.com,965-471-7377x157,North Peter,DE,05-28-2025,paid_search
5378,Lisa,Ryan,Lisa.Ryan375@hotmail.com,,New Gregoryborough,france,01-05-2024,social_media
5379,William,Riley,William.Riley383@gmail.com,(453)325-8788x702,Lake Shelly,DE,2025-01-30T00:38:52,email
5380,Lauren,Lang,Lauren.Lang487@yahoo.com,661-566-9459,South Joshuaborough,Canada,2024-04-17,paid_search
5381,Brandy,Houston,Brandy.Houston404@hotmail.com,,Gloriaview,US,2025-12-22,social_media
5382,Heather,Anderson,Heather.Anderson946@hotmail.com,,Bakerview,canada,10-16-2024,email
5383,Timothy,Hardin,Timothy.Hardin618@hotmail.com,(311)871-3960x83892,Danielberg,U.K.,02/02/2023,social_media
5384,Jennifer,Campos,Jennifer.Campos934@yahoo.com,265-767-3868,Jonesfurt,United States,21.02.2024,direct
5385,Frederick,Stevens,Frederick.Stevens487@yahoo.com,(926)892-3383x31246,Mezaborough,DE,19/11/2024,organic_search
5386,Lisa,Johnston,Lisa.Johnston154@hotmail.com,+1-790-308-4384,Haleyfurt,U.K.,12.12.2025,direct
5387,Brooke,Gibbs,Brooke.Gibbs753@gmail.com,522.412.4954,East Ericborough,CA,18/06/2025,paid_search
5388,Robert,Collins,Robert.Collins665@gmail.com,205.615.8952x77834,Bautistastad,usa,2024-06-27T17:42:51,direct
5389,Brian,Heath,Brian.Heath787@hotmail.com,001-838-828-2326x6808,Lake Christopher,Canada,2025-03-04T21:26:14,referral
5390,Eric,Tucker,Eric.Tucker141@yahoo.com,267.646.6203x566,Natashafort,usa,13/04/2023,organic_search
5391,Amy,Wood,Amy.Wood604@yahoo.com,7049796262,Russellfurt,usa,06.06.2023,email
5392,Deanna,Thomas,Deanna.Thomas643@yahoo.com,,New Rachelberg,canada,2025-07-18,direct
5393,Amy,Smith,Amy.Smith393@yahoo.com,876-282-1565,East Sabrina,Germany,08-28-2023,direct
5394,Jeremy,Kennedy,Jeremy.Kennedy218@gmail.com,211-336-3177x626,West Laura,FR,03-17-2023,email
5395,Tamara,Hoffman,Tamara.Hoffman268@gmail.com,001-670-887-0145x06580,Mariafort,france,2025-03-27,email
5396,Stacy,Hinton,Stacy.Hinton930@yahoo.com,(966)266-4155,New Brettmouth,Germany,2023-09-29T20:44:06,referral
5397,Mandy,Castro,Mandy.Castro663@yahoo.com,(217)743-8818x040,Normanshire,Germany,07/02/2025,social_media
5398,Kenneth,Green, Kenneth.Green245@yahoo.com ,322.817.8415,,CA,19.01.2023,social_media
5399,Robert,Kirk,Robert.Kirk977@yahoo.com,,Ashleyborough,United States,02/11/2023,organic_search
5400,Sonya,Miller,Sonya.Miller13@gmail.com,(543)496-2197x64039,Schwartzmouth,germany,03.04.2025,paid_search
5401,Heather,Brooks,Heather.Brooks724@gmail.com,721-745-4781x6896,North Amanda,uk,2023-09-26,paid_search
5402,Gregory,Cole,Gregory.Cole696@yahoo.com,001-642-917-0001,Shannonside,Canada,07-09-2023,referral
5403,Randy,Brown,Randy.Brown420@hotmail.com,8814636020,Spencerchester,DE,23.03.2024,paid_search
5404,Brendan,Scott,Brendan.Scott180@yahoo.com,3997975706,South Williamchester,canada,2023-08-31T06:49:02,referral
5405,Gregory,Parker,Gregory.Parker415@hotmail.com,488.815.8141x088,Douglasstad,usa,10/12/2023,social_media
5406,Sean,Sandoval,Sean.Sandoval978@hotmail.com,(990)578-2394x48048,Alexandermouth,france,2024-10-21T10:55:17,paid_search
5407,Tiffany,Marshall,Tiffany.Marshall137@hotmail.com,257.453.9463x43152,Michellehaven, USA ,25.04.2025,social_media
5408,Brendan,Ayers,Brendan.Ayers514@hotmail.com,+1-925-416-2816,,Germany,2024-04-20,organic_search
5409,Judith,Wallace,Judith.Wallace583@yahoo.com,,Maxwellview,usa,29/01/2023,direct
5410,Chad,Smith,Chad.Smith792@gmail.com,928-534-4920,North Williamfort,DE,03-02-2023,organic_search
5411,Melissa,Avery,Melissa.Avery996@hotmail.com,+1-805-737-7998x519,New Kelly,CA,02-17-2023,social_media
5412,Mark,Morse,Mark.Morse259@yahoo.com,497-576-8979x903,Angieshire, USA ,11-23-2023,organic_search
5413,Mark,Smith,Mark.Smith328@gmail.com,559-469-3541,New Angelashire,DE,24.10.2024,direct
5414,Brooke,Simmons,Brooke.Simmons152@yahoo.com,001-655-523-6626,Heathmouth,CA,2023-05-02,social_media
5415,Melanie,Jones,Melanie.Jones416@yahoo.com,489.393.7038x726,Gordonburgh,Canada,18.12.2025,social_media
5416,Cassandra,Clark,Cassandra.Clark615@hotmail.com,544-487-9476,Jocelynburgh,Germany,21.08.2023,paid_search
5417,Nicholas,Campbell,Nicholas.Campbell74@yahoo.com,,New Derekberg,CA,2025-05-14T09:14:39,referral
5418,Kimberly,Martinez,Kimberly.Martinez898@gmail.com,590.798.8025,East Tracie,France,22.02.2023,organic_search
5419,Sarah,Wilkins,Sarah.Wilkins822@yahoo.com,,East Joseshire,canada,2025-10-20,direct
5420,Tara,Webb,Tara.Webb853@yahoo.com,+1-526-285-6550x5284,Patriciabury,france,2025-07-13,paid_search
5421,Denise,Turner,Denise.Turner924@yahoo.com,(345)722-0394x80533,Tonifort,france,2023-03-04,social_media
5422,Amanda,Lopez,Amanda.Lopez669@hotmail.com,(725)994-5838x52149,Thomasfurt,Canada,10-01-2024,organic_search
5423,Trevor,Johnson,Trevor.Johnson785@gmail.com,,Juanland,US,03.03.2025,email
5424,Daniel,Juarez,Daniel.Juarez930@gmail.com,(405)348-8037,Marshhaven,canada,14/04/2024,organic_search
5425,Megan,Hansen,Megan.Hansen449@yahoo.com,250-956-8286,Amandaburgh,US,10-10-2024,organic_search
5426,Ashley,Bennett,Ashley.Bennett72@yahoo.com,942-428-3924x72081,Allisonstad,uk,27/07/2025,social_media
5427,Kathryn,Brooks,Kathryn.Brooks718@hotmail.com,994.625.9623,Lake Christopherville,germany,2024-02-23,social_media
5428,Mariah,White,Mariah.White278@gmail.com,695.911.6737,Marksburgh,germany,10-01-2025,organic_search
5429,Melinda,Wong,Melinda.Wong394@gmail.com,(515)644-2389,Riveraview,Canada,17.10.2024,direct
5430,Margaret,Owens,Margaret.Owens135@gmail.com,(478)906-2092,Craigside,France,2024-02-28,social_media
5431,Cindy,Daniel,Cindy.Daniel222@hotmail.com,(823)504-5142x469,Davisshire,United Kingdom,2024-02-02T01:16:11,paid_search
5432,Lisa,Mckee,Lisa.Mckee193@yahoo.com,312-349-5688x191,New Chris,FR,23.06.2025,direct
5433,Shannon,Patrick,Shannon.Patrick556@gmail.com,(294)211-1723x46603,East Melindafort,U.K.,13.11.2023,email
5434,Daniel,Hester,Daniel.Hester735@gmail.com,503.463.1347x92190,Chanville,canada,13/03/2025,referral
5435,Timothy,Mcneil,Timothy.Mcneil621@hotmail.com,260-367-1489x81532,Lake Taylorbury,usa,04.08.2023,social_media
5436,Kimberly,Craig,Kimberly.Craig408@yahoo.com,631.206.2128x89169,Ashleyfurt,Canada,2024-11-22T22:19:56,organic_search
5437,John,Gutierrez,John.Gutierrez75@hotmail.com,8882290311,New Denisefurt,CA,2025-11-30,social_media
5438,Peter,Cruz,Peter.Cruz565@yahoo.com,001-208-256-2455x5381,Erichaven,Canada,01-02-2025,organic_search
5439,Michael,Stewart,Michael.Stewart331@yahoo.com,737-397-2754,Jerryberg,FR,31.03.2023,organic_search
5440,James,Andersen,James.Andersen594@hotmail.com,959-799-2746x6216,Markmouth,UK,14.08.2024,social_media
5441,Megan,Smith,Megan.Smith406@hotmail.com,289.417.6390x2964,New Joshuashire,United Kingdom,01-19-2025,organic_search
5442,Mike,Conner,Mike.Conner108@hotmail.com,9643599631,,UK,2025-10-14T16:55:41,paid_search
5443,Connie,Bartlett,Connie.Bartlett979@hotmail.com,,East Pamela, USA ,27/03/2024,email
5444,Daniel,Kim,Daniel.Kim63@hotmail.com,7953860505,Eileenshire,DE,2023-07-27T05:15:01,referral
5445,Deborah,Garcia,Deborah.Garcia147@gmail.com,(615)275-3809x158,New Brittany,United States,2025-11-08,social_media
5446,Cody,Brown,Cody.Brown177@gmail.com,001-610-297-9293x6258,Andresshire,usa,10-29-2024,social_media
5447,James,Wright,James.Wright16@yahoo.com,,Port Maria,FR,25.05.2023,organic_search
5448,Patrick,Peters,Patrick.Peters105@hotmail.com,7828872388,Richardstad,usa,01-31-2023,organic_search
5449,Kenneth,Moreno,Kenneth.Moreno11@hotmail.com,(202)263-6958,Lake Michelleside,uk,2023-12-31,social_media
5450,Donna,Clayton,Donna.Clayton106@yahoo.com,+1-858-541-6511,North Anne,United Kingdom,02-25-2024,paid_search
5451,John,Garner,John.Garner281@gmail.com,+1-386-789-3977x70425,New Brian,Germany,19.06.2023,email
5452,Anthony,Callahan,Anthony.Callahan439@yahoo.com,(894)759-7414x51873,Port Nathanielhaven,FR,2025-10-24T07:19:37,paid_search
5453,Michael,Campbell,Michael.Campbell36@gmail.com,659-820-2134x8202,East Vincent,Canada,24.06.2023,direct
5454,John,Palmer,John.Palmer705@gmail.com,,Flemingmouth,France,2023-08-20T18:45:23,organic_search
5455,Jesse,Burke,Jesse.Burke715@gmail.com,973-771-7845,Santosside,CA,04-18-2024,direct
5456,Mark,Coffey,Mark.Coffey162@gmail.com,311.264.7896,Jacobchester,DE,26/06/2024,referral
5457,Molly,Rivas,Molly.Rivas443@yahoo.com,233-698-9980x9075,Lake Jeffrey,germany,01/10/2025,paid_search
5458,Michael,Bradley,Michael.Bradley262@hotmail.com,+1-588-570-4628x159,Wagnerbury,Germany,20/05/2024,social_media
5459,Brandon,Santiago,Brandon.Santiago74@gmail.com,001-860-564-1668x1357,North Ashleymouth,usa,11-03-2023,social_media
5460,Kristin,Jackson,Kristin.Jackson739@gmail.com,931.860.8874x53518,New Matthew,US,2025-05-29,paid_search
5461,Amanda,Juarez,Amanda.Juarez644@yahoo.com,001-226-779-5035x588,East Francisco,UK,04-07-2023,email
5462,Matthew,Bailey,Matthew.Bailey614@yahoo.com,+1-648-687-6970x42202,Elizabethton,Canada,2023-10-29,social_media
5463,George,Walker,George.Walker694@yahoo.com,001-702-440-2418x79878,Grantchester,canada,07/04/2025,organic_search
5464,Trevor,Cohen,Trevor.Cohen165@yahoo.com,001-716-396-8015,,usa,2025-01-01,paid_search
5465,Aaron,Jones,Aaron.Jones493@gmail.com,+1-342-952-6405,Aprilberg,france,2024-04-04T17:56:53,direct
5466,Chad,Garcia,Chad.Garcia313@yahoo.com,(395)921-4620x975,Ortizchester,Germany,28.05.2023,direct
5467,Lance,Barker,Lance.Barker423@gmail.com,420.732.2585x728,Garciaville,germany,23/05/2025,social_media
5468,Matthew,Schmidt,Matthew.Schmidt888@yahoo.com,9487680498,New Krystalberg,france,31.10.2025,social_media
5469,Heather,Cruz,Heather.Cruz724@hotmail.com,(317)976-7977,Carriebury,usa,2023-01-22,referral
5470,Antonio,Rhodes,Antonio.Rhodes854@yahoo.com,377-989-4445,East Brucefurt,DE,2024-06-29,organic_search
5471,Jessica,Dixon,Jessica.Dixon283@gmail.com,391.515.8430,East Joshuaside,Germany,2025-05-08,paid_search
5472,Thomas,Mitchell,Thomas.Mitchell270@gmail.com,649.293.5241x4398,North Kevinside,US,2024-09-05T16:54:52,organic_search
5473,Abigail,Hayes,Abigail.Hayes969@yahoo.com,480.719.2763x78628,Lake Cherylport,usa,2024-05-05T07:01:50,paid_search
5474,Derrick,Luna,Derrick.Luna410@gmail.com,252-899-9914x3004,Port Alexa,Germany,08/11/2024,paid_search
5475,Amy,Rangel,Amy.Rangel884@hotmail.com,001-884-775-9518,,U.K.,06.01.2025,email
5476,Laurie,Gray,Laurie.Gray565@yahoo.com,7355440600,West Angela,canada,2024-11-26,social_media
5477,Sarah,Shea,Sarah.Shea765@yahoo.com,786-997-1210x6983,Sanchezmouth,United Kingdom,03.02.2025,organic_search
5478,Phyllis,Mullen,Phyllis.Mullen583@gmail.com,+1-941-327-0834x5730,North Stephaniemouth,FR,20.11.2024,paid_search
5479,Jessica,Wu,Jessica.Wu970@hotmail.com,,Cooperbury,Canada,2025-03-10,paid_search
5480,Anna,Hall,Anna.Hall684@hotmail.com,,West Charles,france,2025-03-17T12:44:17,direct
5481,Shane,Barton,Shane.Barton874@gmail.com,001-405-904-6578x4666,East Bryceport,france,19.01.2025,direct
5482,Brandon,Perez,Brandon.Perez823@hotmail.com,(765)237-3397,South Patricia,CA,02-12-2025,social_media
5483,Henry,Sanchez,Henry.Sanchez290@yahoo.com,001-549-692-0867x50193,Jasonchester,France,08-11-2025,social_media
5484,Mitchell,Hart,Mitchell.Hart750@gmail.com,001-453-527-6395x68514,Deleonview,DE,2023-06-07,referral
5485,Julia,Morgan,Julia.Morgan688@gmail.com,313.584.3661,,DE,05.06.2023,paid_search
5486,Michael,Hicks,Michael.Hicks874@hotmail.com,001-288-245-7750x29759,,FR,2024-08-21,paid_search
5487,Chase,Jones,Chase.Jones510@gmail.com,001-550-252-8589,North Alexander,germany,18.08.2023,email
5488,Barbara,Cohen,Barbara.Cohen313@hotmail.com,579.980.8745x6347,Lake Tamara,france,2025-01-31T23:45:10,social_media
5489,John,Johnson,John.Johnson933@gmail.com,001-606-433-8616x02227,South Angelaburgh,france,13.09.2024,organic_search
5490,Heather,Alexander,Heather.Alexander281@gmail.com,3504183255,East Jenniferside,germany,19.07.2025,organic_search
5491,Jason,Williams,Jason.Williams735@gmail.com,693.434.6226,Alexton,uk,2024-12-05,paid_search
5492,Katherine,Garcia,Katherine.Garcia809@yahoo.com,525-891-4473x833,Mcclainmouth,United States,04.07.2023,social_media
5493,Ronald,Gross,Ronald.Gross212@hotmail.com,909.995.6052x44084,North Benjaminmouth,FR,24.02.2025,email
5494,Matthew,Simpson,Matthew.Simpson112@hotmail.com,+1-668-277-8116,West Laura,uk,29.06.2024,email
5495,Amber,Newton,Amber.Newton927@hotmail.com,(965)736-7630x72872,Reidville, USA ,2025-09-21T11:30:27,paid_search
5496,Laura,Hawkins,Laura.Hawkins60@gmail.com,,Port Kathrynland,U.K.,09.01.2024,email
5497,Kristina,Wright,Kristina.Wright946@yahoo.com,001-607-892-7462x22254,New Richard,FR,04/05/2024,paid_search
5498,Diane,Avila,Diane.Avila999@hotmail.com,+1-526-269-1976x963,Port Keith,Germany,11.05.2025,organic_search
5499,Christopher,Juarez,Christopher.Juarez46@hotmail.com,+1-644-996-7948,Lake Melaniefort,Canada,28.01.2025,organic_search
5500,Nathan,Hughes,Nathan.Hughes826@hotmail.com,385-764-8309x8890,Brettfurt,uk,06-07-2024,organic_search
5501,Julie,Brown,JULIE.BROWN396@GMAIL.COM,,Lake Jennifer,DE,16/03/2025,referral
5502,Michael,Reyes,Michael.Reyes52@gmail.com,(440)385-9551x49572,Rollinsmouth,UK,29.12.2025,paid_search
5503,Christine,Barnes,Christine.Barnes883@yahoo.com,(367)916-9778,Gibsonbury,Canada,2024-12-10T22:43:04,direct
5504,David,Dunn,David.Dunn658@gmail.com,,Kristineshire,DE,01-06-2023,paid_search
5505,Nathan,Underwood,Nathan.Underwood752@gmail.com,,Emilytown,usa,2024-07-28T15:37:17,referral
5506,Hayley,Cameron,HAYLEY.CAMERON811@YAHOO.COM,415-872-0241x90536,New Kristin,germany,2025-09-28T22:13:52,paid_search
5507,John,Nguyen,John.Nguyen979@yahoo.com,+1-305-236-2566x548,Port Deannafort,USA,2025-11-05T08:13:37,social_media
5508,Brandon,Ashley,BRANDON.ASHLEY553@HOTMAIL.COM,,Lake Daniel,france,2025-01-03,paid_search
5509,Daniel,Woods,Daniel.Woods720@yahoo.com,699.960.6752,Andrewland,DE,2025-02-09,paid_search
5510,Greg,Griffin,GREG.GRIFFIN879@GMAIL.COM,(488)271-3228x754,West Randallport,United States,28.04.2024,social_media
5511,Casey,Stone,Casey.Stone199@gmail.com,+1-994-530-5044x8391,,germany,2023-10-25T09:28:07,social_media
5512,Molly,Bauer,Molly.Bauer581@gmail.com,+1-665-378-7970,Thomasberg,usa,2025-08-14T13:26:01,email
5513,Claire,Baker,Claire.Baker852@gmail.com,(415)996-6829,North Crystal,Germany,01-05-2024,organic_search
5514,Tara,Wright,Tara.Wright495@hotmail.com,970.773.4856,Tonyashire, USA ,2024-11-26,referral
5515,Brooke,Fowler,Brooke.Fowler388@hotmail.com,+1-797-749-9375x79270,Lake Charles,Germany,23/08/2023,referral
5516,Phillip,Charles,Phillip.Charles953@gmail.com,834-448-4661x1771,North Isaac,France,20.08.2025,organic_search
5517,Juan,Cherry,Juan.Cherry11@hotmail.com,413.720.2725x75226,Kennethbury,France,06/05/2023,email
5518,David,Blackwell,David.Blackwell81@gmail.com,001-329-630-1179x685,Mariaside,Canada,01-16-2024,organic_search
5519,Michael,Hanson,Michael.Hanson399@gmail.com,(748)866-8001,North Joseph,canada,2023-09-13,direct
5520,Steven,Smith,Steven.Smith825@gmail.com,438-392-0446x3585,North Davidshire,FR,12-31-2023,social_media
5521,Michele,Brown,Michele.Brown443@yahoo.com,5575729753,Robertmouth,usa,2023-09-20,referral
5522,James,Hernandez,James.Hernandez718@yahoo.com,(501)628-8452x9693,Crosschester,DE,12-11-2023,direct
5523,Brenda,Reese,Brenda.Reese302@gmail.com,927.790.8733x3816,South Annhaven,France,2024-12-17,social_media
5524,Alisha,Bond,Alisha.Bond180@yahoo.com,,Annville, USA ,17.11.2025,email
5525,Cristina,Kirby,Cristina.Kirby349@yahoo.com,(865)222-8975x3396,North Teresamouth,United States,2024-06-27,direct
5526,Raymond,Curtis,Raymond.Curtis61@hotmail.com,829.597.6997x14689,South Steven,uk,2025-09-06T00:56:13,direct
5527,Sydney,Pace,Sydney.Pace863@yahoo.com,(750)783-4840x362,Lanceview,CA,2023-05-28T02:31:50,paid_search
5528,Timothy,Guerra,Timothy.Guerra492@hotmail.com,001-397-709-2689x8121,Jefferyborough,United States,2025-08-30T06:35:09,organic_search
5529,Carolyn,Mora,Carolyn.Mora749@gmail.com,+1-557-286-5095x256,,Canada,27.02.2024,paid_search
5530,Melissa,Smith,Melissa.Smith783@gmail.com,8382107412,Port Christineton,Canada,05-01-2024,organic_search
5531,Jeffrey,Taylor,Jeffrey.Taylor93@gmail.com,829.694.4746x226,South Paulside,UK,18/04/2024,referral
5532,Perry,Soto,Perry.Soto582@hotmail.com,(234)755-5470x6078,Adamville,Germany,03-06-2024,paid_search
5533,Shelley,Vargas,Shelley.Vargas481@hotmail.com,+1-997-590-1176x215,,canada,18.09.2025,email
5534,Christopher,Flores,Christopher.Flores736@gmail.com,+1-333-415-2352x53220,Solomonport,UK,01-24-2025,paid_search
5535,Catherine,Allen,Catherine.Allen68@gmail.com,+1-500-611-2840x172,Phillipfort,france,08-01-2025,social_media
5536,Tommy,Frost,Tommy.Frost660@hotmail.com,001-695-426-8908x26815,New Hector,france,16/12/2023,social_media
5537,Christopher,Butler,Christopher.Butler180@hotmail.com,+1-204-291-9817,West Cassieshire,United Kingdom,11.05.2023,referral
5538,Jennifer,West,Jennifer.West649@yahoo.com,643-747-8217x3891,Alecchester,France,07-14-2024,paid_search
5539,Danielle,Collins,Danielle.Collins617@hotmail.com,+1-720-424-4642x85952,Port Justin,US,23.03.2025,direct
5540,Derrick,Williams,Derrick.Williams138@hotmail.com,001-304-525-8432,Linton,germany,28.04.2024,organic_search
5541,Timothy,Taylor,Timothy.Taylor550@yahoo.com,514-263-3278x845,Alanshire,DE,2023-08-18,email
5542,Angela,Brooks,Angela.Brooks998@hotmail.com,225-272-4925x98764,Berryview,Canada,13/05/2025,organic_search
5543,Samuel,Johnson,Samuel.Johnson710@yahoo.com,742-337-0141x5510,Freemanmouth,germany,05-31-2023,referral
5544,Terry,Foley,Terry.Foley20@yahoo.com,823-258-7662,North Nancychester, USA ,10.02.2025,paid_search
5545,John,Martin,John.Martin26@yahoo.com,001-825-937-8630x70131,East Johnberg,canada,08-23-2023,referral
5546,Jerry,Coleman,Jerry.Coleman994@hotmail.com,386-649-1705x80307,Williamston,UK,2024-03-22T02:16:07,direct
5547,Christine,Bailey,Christine.Bailey935@yahoo.com,(544)211-1397,Port Rachel,uk,28.12.2025,referral
5548,Lindsey,Wood,Lindsey.Wood744@gmail.com,001-968-814-6910,Joelberg,Canada,09/01/2025,paid_search
5549,Richard,Clark,Richard.Clark925@yahoo.com,(743)382-2442,Johnport,Canada,05-16-2024,email
5550,Cody,Chan,Cody.Chan360@gmail.com,309-375-2606x6543,Lake Janice,France,2025-10-14T17:14:31,paid_search
5551,Aaron,Ortiz,Aaron.Ortiz236@gmail.com,474.201.9422x852,Kristenbury,US,2024-07-13T05:09:35,organic_search
5552,Jean,Walsh,Jean.Walsh640@yahoo.com,(930)950-4782,West Joyce,germany,11-29-2023,organic_search
5553,Steven,Best,Steven.Best499@gmail.com,001-746-352-6749x9883,South Scottbury,CA,2024-09-19T00:00:58,email
5554,Steven,Jordan,Steven.Jordan606@gmail.com,(725)593-7724x57441,Mcintyreton,france,20.04.2024,organic_search
5555,Alison,Ortiz,Alison.Ortiz664@yahoo.com,599.840.1851x49687,Leslieland,USA,23/01/2024,organic_search
5556,Zachary,Barnett,Zachary.Barnett990@gmail.com,001-234-593-1675x5031,New Michael,US,2025-05-28T04:28:53,direct
5557,James,Williamson,James.Williamson559@yahoo.com,867.489.8801,East Cody,USA,2025-06-02,direct
5558,David,Nixon,David.Nixon341@gmail.com,+1-325-334-0444x40721,West Brenda,germany,09-27-2024,direct
5559,Patricia,Sanders,Patricia.Sanders248@yahoo.com,001-556-211-3935,New Jayfurt,DE,2025-07-31,email
5560,Sabrina,Robinson,Sabrina.Robinson169@hotmail.com,897-757-7897x76127,Port Jonathanburgh,Canada,2024-04-16T15:22:42,direct
5561,Larry,Hess,Larry.Hess229@gmail.com,,North Lauriechester,United States,2023-10-02,referral
5562,Cassandra,Smith,Cassandra.Smith588@yahoo.com,,New Teresabury,canada,2023-06-25,social_media
5563,Robert,Harrell,Robert.Harrell272@gmail.com,(566)610-2011x74518,Ellisland,France,11/02/2025,paid_search
5564,Brian,Miller,Brian.Miller262@gmail.com,(300)430-8597x3706,Markstad, USA ,12-14-2025,paid_search
5565,Darren,Richardson,Darren.Richardson818@gmail.com,222.326.6509,Walterston,uk,26/02/2024,paid_search
5566,Lisa,Norris, Lisa.Norris43@yahoo.com ,001-649-904-5788,West Crystalstad,Canada,11-07-2023,direct
5567,Charles,Smith,Charles.Smith254@yahoo.com,001-751-858-2843x656,Hooverview,CA,07-02-2023,organic_search
5568,Joseph,Perez,Joseph.Perez92@gmail.com,389.411.7456x185,West Joseview,USA,10-10-2025,organic_search
5569,William,Parsons,William.Parsons357@yahoo.com,,,uk,2024-06-17T08:34:53,paid_search
5570,Danielle,Ford,Danielle.Ford377@hotmail.com,(254)913-2146,Hartland,germany,22/06/2024,paid_search
5571,Natasha,Randall,Natasha.Randall549@yahoo.com,893.795.7847,,canada,24.09.2025,organic_search
5572,Aaron,Evans,Aaron.Evans662@yahoo.com,844.453.1386x7823,Zhangside,France,01.09.2024,social_media
5573,Joseph,Sanford,Joseph.Sanford59@gmail.com,+1-437-440-5171x7573,South Daniel,FR,01-16-2023,email
5574,Abigail,Parker,Abigail.Parker278@gmail.com,+1-402-787-3403x62756,East Jessica,FR,08-14-2025,social_media
5575,Julie,Martinez, Julie.Martinez165@gmail.com ,(867)245-2082,Baileyhaven,Germany,2024-01-02,social_media
5576,Julie,Griffin,JULIE.GRIFFIN366@HOTMAIL.COM,511.860.1240,East Robertside,USA,2023-07-21,email
5577,Donald,Holmes,Donald.Holmes44@yahoo.com,,Kleinhaven,Canada,31.08.2024,referral
5578,Joshua,Hoffman,Joshua.Hoffman467@yahoo.com,001-852-581-0931x993,Nathanbury,uk,02/07/2025,organic_search
5579,Clayton,Allen,Clayton.Allen323@yahoo.com,,Thompsonhaven,Germany,2024-06-04T21:02:23,referral
5580,Madeline,Smith,Madeline.Smith214@hotmail.com,204-248-6010x16329,West Erinburgh,FR,10-14-2024,social_media
5581,Damon,Willis,Damon.Willis349@hotmail.com,+1-893-396-0733x1256,Nicoleton,france,14.08.2024,email
5582,Patrick,Rodriguez,PATRICK.RODRIGUEZ241@GMAIL.COM,(449)398-8934,Wilcoxville,CA,2025-05-22,social_media
5583,Diane,Flores,Diane.Flores372@gmail.com,912.884.1527,Jenniferstad,UK,2024-01-29T09:02:15,social_media
5584,Lisa,Hess,Lisa.Hess700@yahoo.com,,Port Eric,germany,26.05.2025,social_media
5585,Theresa,Adams, Theresa.Adams341@yahoo.com ,875-395-7624x929,Murphyhaven,FR,07/03/2025,email
5586,Ann,Beard,Ann.Beard486@gmail.com,517.302.6245x85224,Russoberg,US,22/03/2025,social_media
5587,Brett,Hall,Brett.Hall101@hotmail.com,,Hannahchester,US,2025-01-12T09:31:59,direct
5588,Christopher,Smith,Christopher.Smith934@yahoo.com,,East Richard,USA,26/05/2025,email
5589,Diamond,Flores,Diamond.Flores307@gmail.com,+1-840-466-9425x055,Sanfordstad,France,11-30-2025,email
5590,Brianna,Maynard,Brianna.Maynard369@hotmail.com,,Darrellchester,usa,06-14-2025,referral
5591,Gabriel,Lowery,Gabriel.Lowery385@hotmail.com,(515)653-8846x975,Fritzfurt,usa,03-23-2023,social_media
5592,Terri,Hudson,Terri.Hudson427@gmail.com,766.211.3176x1586,Jasminehaven,UK,09/03/2024,direct
5593,Samantha,Brown,Samantha.Brown569@hotmail.com,628.240.1067x645,Ronaldburgh,USA,2024-01-27,organic_search
5594,Michele,Donovan,Michele.Donovan512@hotmail.com,287-232-8565,Kimberlybury,germany,2025-04-05T20:05:49,organic_search
5595,William,Bailey,William.Bailey965@gmail.com,565-203-2403x070,Dawnburgh,DE,07-01-2023,organic_search
5596,Jesse,Booth,Jesse.Booth219@hotmail.com,989-583-7638x9560,Petersonfort,france,04-02-2023,organic_search
5597,Scott,Gutierrez,Scott.Gutierrez205@gmail.com,310-884-3990,West April,U.K.,27/06/2024,referral
5598,Michael,Scott,Michael.Scott607@gmail.com,6252300958,Lake Jennifer,UK,01-26-2023,paid_search
5599,Kevin,Harvey,Kevin.Harvey585@hotmail.com,795-240-1774,West Joshua,U.K.,2023-11-29,direct
5600,Cheryl,Schwartz,Cheryl.Schwartz389@yahoo.com,,Lake Brian,France,04-14-2024,social_media
5601,Kristin,Fitzgerald,Kristin.Fitzgerald363@hotmail.com,235-551-2640,Bellside,U.K.,2025-08-13,social_media
5602,Courtney,Sanders,Courtney.Sanders811@hotmail.com,5669643067,Billyfort,CA,2023-01-07,organic_search
5603,Megan,Payne,Megan.Payne42@hotmail.com,962.618.4817,Louishaven, USA ,07-31-2023,direct
5604,Kelly,Hansen,Kelly.Hansen265@hotmail.com,616-461-7347,Port Charles,FR,2025-01-31T05:27:51,social_media
5605,Carrie,Roberts,Carrie.Roberts454@gmail.com,(609)470-7102x023,Billyfurt,Canada,2023-12-25T13:02:19,social_media
5606,Christopher,Ponce,Christopher.Ponce916@gmail.com,586.428.9818,Melissaton,Germany,2023-06-01,organic_search
5607,Loretta,Hunt,Loretta.Hunt173@gmail.com,(793)313-2419x10022,Walkerview,USA,2025-02-08T01:01:20,email
5608,Matthew,Adkins,Matthew.Adkins686@yahoo.com,(510)355-8911,East Brianstad,CA,18.07.2023,social_media
5609,Edward,Chavez,Edward.Chavez179@gmail.com,741-784-4043x807,Susanton,FR,01.11.2023,social_media
5610,Marvin,Soto,Marvin.Soto881@hotmail.com,(258)964-4526x465,Port Jasmin,US,2025-09-09T04:01:51,organic_search
5611,Christopher,Barnett,Christopher.Barnett997@yahoo.com,591-762-8844,Camposbury,germany,04/06/2023,email
5612,Heather,Forbes,Heather.Forbes544@hotmail.com,001-308-510-2623x33296,North Davidmouth,canada,05.12.2024,email
5613,Chloe,Hughes,Chloe.Hughes201@yahoo.com,,Clarkmouth,Canada,11-18-2025,paid_search
5614,Jennifer,Johnson,Jennifer.Johnson369@hotmail.com,+1-917-444-1170,North Victoria,france,07-22-2024,email
5615,Jennifer,Weaver,Jennifer.Weaver302@hotmail.com,566-762-9819x9788,Jamesland,canada,2024-05-25,organic_search
5616,Tammy,Hamilton,Tammy.Hamilton131@yahoo.com,2367029193,East Stevenhaven,US,28.12.2024,organic_search
5617,Christian,Spears,Christian.Spears436@hotmail.com,001-644-565-2488x26523,West Bradbury,Canada,21/12/2023,paid_search
5618,David,Gross,David.Gross74@gmail.com,001-656-391-0352,Justinmouth,United Kingdom,2024-08-09T13:09:55,organic_search
5619,Christine,Bush,Christine.Bush481@yahoo.com,318.850.1208x38921,West Troy,Canada,03-15-2024,email
5620,Nichole,Bradford,Nichole.Bradford193@yahoo.com,918-838-4293x631,New Thomastown,usa,01-03-2025,direct
5621,Daniel,Davidson,Daniel.Davidson851@gmail.com,709-849-8990,Morrisonside,U.K.,19/04/2024,organic_search
5622,Stephanie,Gordon,Stephanie.Gordon347@yahoo.com,390-379-6184x042,Baldwinborough,usa,05.07.2023,organic_search
5623,Joshua,Brown,Joshua.Brown955@yahoo.com,(633)613-9337x3617,West Amy,DE,17.06.2025,email
5624,Tracy,Santos,Tracy.Santos79@hotmail.com,931-224-1759x16489,Ryanport,UK,17/09/2025,direct
5625,Jessica,Chung,Jessica.Chung986@gmail.com,649-913-3709,South Donald,canada,2025-04-10,email
5626,Michelle,Petersen,Michelle.Petersen900@gmail.com,677-561-5743x55136,North Tanyafurt,U.K.,02-27-2023,direct
5627,Laurie,Maldonado, Laurie.Maldonado754@hotmail.com ,(629)467-2434x701,Berryton,canada,2025-08-12T22:25:22,direct
5628,Kristen,Martin,Kristen.Martin606@yahoo.com,+1-874-528-9066x904,Campbellton, USA ,2024-11-05,paid_search
5629,Jonathan,Daniel,Jonathan.Daniel570@yahoo.com,001-296-397-7157x60670,Lake Andrea,USA,2023-06-06T12:08:31,social_media
5630,Andrew,Evans,Andrew.Evans124@gmail.com,+1-510-609-8253,South Matthew,france,2025-12-13T15:39:42,email
5631,Molly,Salazar,Molly.Salazar338@yahoo.com,802.981.6236x595,Brownchester,france,22.01.2025,social_media
5632,William,Choi,William.Choi307@yahoo.com,549.545.2882x508,Marshallton,germany,2023-06-20,email
5633,Donna,Hurley,Donna.Hurley571@gmail.com,,Beardstad,france,2025-09-30T19:28:55,paid_search
5634,Melvin,Gibson,Melvin.Gibson573@yahoo.com,929.689.8725x693,Ryanfurt,United Kingdom,2025-07-16T13:38:07,direct
5635,John,Sweeney,John.Sweeney586@hotmail.com,340.555.3728x58393,Lindseybury,usa,2024-08-11T06:42:43,referral
5636,Heidi,Galvan,Heidi.Galvan670@gmail.com,637.271.5061x3806,Port Rebeccahaven,canada,2024-12-24,organic_search
5637,Alexandria,Smith,Alexandria.Smith561@gmail.com,683.304.0479,Farleyberg,usa,08/05/2023,referral
5638,Jeremy,Watson,Jeremy.Watson629@hotmail.com,,Port Chloe,germany,2025-08-11,social_media
5639,Jeremy,Casey,Jeremy.Casey406@yahoo.com,957.944.5825x7423,North Jorge, USA ,11-25-2023,referral
5640,Jimmy,Robinson,Jimmy.Robinson,903.995.1946,East Christinatown,UK,2024-02-13T06:35:56,paid_search
5641,John,Johns,John.Johns817@hotmail.com,(243)836-6581x932,Gibsonburgh,Germany,31.01.2023,email
5642,Sonya,Coleman,Sonya.Coleman247@yahoo.com,+1-268-257-8843x47585,Brownmouth,Canada,05.05.2023,paid_search
5643,Emily,Hernandez,Emily.Hernandez575@hotmail.com,001-552-384-6159x654,West Christopherchester,usa,16.04.2023,direct
5644,Michael,Cline,Michael.Cline153@hotmail.com,+1-767-538-2265,Port Daniel,DE,24/05/2023,email
5645,Dennis,Holland,Dennis.Holland800@gmail.com,852-730-0516,,france,22.12.2025,direct
5646,Douglas,Clark,Douglas.Clark593@yahoo.com,,North Ashley,Canada,2025-06-20,organic_search
5647,Nicholas,Newton,Nicholas.Newton915@yahoo.com,399-681-6484x6243,West Ryan,UK,16.09.2023,paid_search
5648,John,Jones,John.Jones23@yahoo.com,(225)795-4128x09493,Jasonton,Canada,14/03/2023,direct
5649,Debra,Watkins,Debra.Watkins151@yahoo.com,,Mitchelltown,U.K.,2023-09-07,paid_search
5650,Sarah,Rodriguez,Sarah.Rodriguez31@yahoo.com,975-233-9515x74606,North Jackson,UK,03-27-2023,social_media
5651,Ryan,Greer,Ryan.Greer136@yahoo.com,407.322.9955,Seanburgh, USA ,03-23-2025,referral
5652,Sabrina,Hall,Sabrina.Hall983@yahoo.com,+1-689-375-5596,New Ashley, USA ,18.06.2025,paid_search
5653,David,Castaneda,David.Castaneda176@hotmail.com,+1-775-869-9908,North Stephanie,Canada,09-12-2024,email
5654,Amanda,Little,Amanda.Little300@gmail.com,628-376-7566x73158,Garciaview,usa,2023-04-20T14:49:38,organic_search
5655,Lauren,Mendez,LAUREN.MENDEZ354@YAHOO.COM,+1-351-799-0765,North Melissa,CA,07.07.2024,organic_search
5656,Jason,Johnson,Jason.Johnson55@hotmail.com,668.860.6784,Christopherbury,usa,30/11/2023,organic_search
5657,Michael,Mcdowell,Michael.Mcdowell278@hotmail.com,+1-292-470-0698x2192,Loganmouth,germany,2024-09-30,referral
5658,Patrick,Carter,Patrick.Carter264@yahoo.com,649-598-1595x177,,CA,05.12.2024,direct
5659,Justin,Thomas,Justin.Thomas152@hotmail.com,802.506.3483x2348,Sharonstad,DE,21/07/2024,email
5660,Kimberly,Huang,Kimberly.Huang538@gmail.com,686.774.1714,Port Stevenbury,Canada,2025-03-08,paid_search
5661,Wendy,Wright,Wendy.Wright954@yahoo.com,545.586.1624x84388,Lake Jenniferview,DE,09-03-2025,direct
5662,Justin,Paul,Justin.Paul76@gmail.com,,Maryville,canada,2023-06-08T08:24:34,direct
5663,Megan,Thomas,Megan.Thomas612@hotmail.com,+1-286-973-9796x0086,West Ashleyton,DE,2024-08-20T06:17:48,organic_search
5664,Jeffery,Martin,Jeffery.Martin272@hotmail.com,+1-963-312-5177x69836,New Andrew,canada,01/10/2023,social_media
5665,Angela,Ward,Angela.Ward432@hotmail.com,4859424012,North Micheal,Germany,01-07-2025,organic_search
5666,Edward,Bridges,Edward.Bridges653@yahoo.com,387.606.5702x44520,New Oliviastad,UK,16/04/2025,referral
5667,Kenneth,Williams,Kenneth.Williams834@yahoo.com,+1-500-798-5168x50529,Davidmouth,Germany,2024-05-08T12:53:02,social_media
5668,Patricia,Walker,Patricia.Walker730@gmail.com,7886225746,Aliciachester,france,2025-05-07T10:12:21,direct
5669,James,Pena,James.Pena387@yahoo.com,468-802-3407x0267,North Wesleyside,DE,2024-09-11,email
5670,Kathleen,Greer, Kathleen.Greer979@hotmail.com ,445-690-9707,West Ashleyport,france,05-16-2025,paid_search
5671,Clifford,Wilson,Clifford.Wilson291@hotmail.com,,Annettechester,canada,01-28-2023,referral
5672,John,Kirk,John.Kirk323@yahoo.com,+1-289-270-9649x6545,Lake Elizabethhaven,France,01-29-2024,organic_search
5673,Andrew,Allen,Andrew.Allen596@gmail.com,353-648-4298,Foxshire,uk,24.12.2024,email
5674,Anthony,Smith,Anthony.Smith38@gmail.com,517.402.9028x013,,France,04-12-2023,organic_search
5675,Thomas,Smith,Thomas.Smith61@gmail.com,591-748-8377,Sextonfort,FR,2023-08-18T07:37:37,social_media
5676,Chad,Koch,Chad.Koch743@hotmail.com,+1-655-268-2106x9088,New Troy,United States,03-31-2023,referral
5677,Luis,Byrd,Luis.Byrd966@hotmail.com,(962)935-4679x5383,Lake Ashley,United Kingdom,07.01.2025,social_media
5678,Thomas,Johnson,Thomas.Johnson866@yahoo.com,293.276.0288x552,Port Lisa,france,2025-06-18T04:02:56,email
5679,Lindsay,Brown,Lindsay.Brown932@gmail.com,(725)380-4849,North Michaelshire,U.K.,21/08/2025,paid_search
5680,Phillip,Tucker,Phillip.Tucker687@hotmail.com,(987)884-1856,East Jennifer,France,10.08.2024,organic_search
5681,Paul,Lewis,Paul.Lewis160@gmail.com,(457)324-4438x07744,Carlaton,germany,2023-09-05,social_media
5682,Tiffany,Chambers,Tiffany.Chambers511@hotmail.com,776-544-1507x958,,germany,08/09/2023,referral
5683,Drew,Donaldson,Drew.Donaldson43@yahoo.com,(652)687-1694,Lake Cynthia,U.K.,03/04/2024,direct
5684,Carly,Webb,Carly.Webb121@yahoo.com,657.784.6113,Lake Susantown,United States,14/01/2024,social_media
5685,Sylvia,Goodman,Sylvia.Goodman714@hotmail.com,+1-799-203-0372x09562,Tylerstad,DE,2025-02-11,social_media
5686,Cynthia,Wilson,Cynthia.Wilson283@hotmail.com,,Gayberg,canada,2024-08-19,direct
5687,Sharon,Brown,Sharon.Brown352@yahoo.com,+1-664-467-6376x07606,Lake Deanburgh,Canada,01.02.2025,paid_search
5688,Debra,Cooper,Debra.Cooper29@hotmail.com,952.638.4164x97984,North Angelafort,Germany,27/04/2024,email
5689,Riley,Ayers,Riley.Ayers65@gmail.com,6104356149,South David,FR,12-17-2024,referral
5690,Paula,Pearson,Paula.Pearson982@yahoo.com,447.973.1334x1170,New Jennifer,CA,08/02/2025,paid_search
5691,John,Dennis,JOHN.DENNIS625@HOTMAIL.COM,632.586.8717x7502,East Benjaminfurt,uk,07/05/2023,referral
5692,Ellen,Rhodes,Ellen.Rhodes396@yahoo.com,+1-789-828-3775x223,Rebeccastad,U.K.,2024-03-13T21:54:45,direct
5693,Christopher,Stewart,Christopher.Stewart532@gmail.com,001-727-754-1067,West Omar,canada,30/08/2023,organic_search
5694,Stacey,Steele,Stacey.Steele869@gmail.com,419-711-1688x0281,Josephstad,UK,2024-06-15T05:52:06,paid_search
5695,Brendan,Burton,Brendan.Burton791@yahoo.com,226-620-4714x8908,Julieshire,france,03.05.2025,email
5696,Michael,Phillips,Michael.Phillips56@gmail.com,5668660452,East Rebecca,US,26.02.2025,organic_search
5697,Evan,Martin,Evan.Martin346@yahoo.com,8255802894,Port Ritabury,Canada,03/07/2024,paid_search
5698,Thomas,Rollins,Thomas.Rollins416@hotmail.com,809-686-6819x8648,Hamiltonshire,United Kingdom,2025-03-08T00:57:54,direct
5699,Kelsey,Cox,Kelsey.Cox202@gmail.com,557.712.1227x01192,Youngborough,CA,2025-08-21T18:17:16,social_media
5700,Candice,Berger,Candice.Berger824@yahoo.com,,North Mariahburgh,U.K.,07.09.2023,email
5701,Eric,Hopkins,Eric.Hopkins370@gmail.com,001-967-303-1053,New Allisontown,FR,22/08/2023,referral
5702,Nancy,Dougherty,Nancy.Dougherty330@gmail.com,+1-537-375-3128x47943,Karaberg,DE,09-13-2023,referral
5703,Christopher,Hamilton,Christopher.Hamilton639@hotmail.com,545-207-4217x878,West Reginastad,USA,01/07/2025,referral
5704,George,Rogers,George.Rogers556@yahoo.com,+1-883-564-9289x66810,North Sandraburgh,USA,2024-06-07,referral
5705,Colin,Farrell,Colin.Farrell91@yahoo.com,001-853-653-8218x108,New Paula,Canada,10-01-2023,direct
5706,Elizabeth,Hall,Elizabeth.Hall976@gmail.com,974-793-5494x109,Blairfort,UK,2024-10-29,paid_search
5707,Elizabeth,Aguirre,Elizabeth.Aguirre579@hotmail.com,(798)679-6087x09993,South Rebecca,france,09-18-2024,email
5708,Paula,Guzman,Paula.Guzman769@gmail.com,670.377.2309x669,Yuton,uk,08-19-2025,email
5709,John,Gomez,John.Gomez198@hotmail.com,857-331-4305,,United States,2025-11-09,direct
5710,Paul,Beasley,Paul.Beasley951@gmail.com,(203)351-8386x040,East Diana,Canada,06-29-2025,organic_search
5711,Amy,Sanchez,Amy.Sanchez982@hotmail.com,+1-900-465-5642x4581,,france,11.01.2025,email
5712,Molly,Elliott,Molly.Elliott841@gmail.com,001-224-722-2616x73366,New Katrina,Canada,11-16-2025,social_media
5713,Brenda,Scott,Brenda.Scott615@gmail.com,790-954-1323x7153,Jerryport,Canada,03.08.2024,social_media
5714,Jessica,Rogers,Jessica.Rogers140@yahoo.com,+1-528-315-1547x365,East Richard,U.K.,15.07.2025,organic_search
5715,Matthew,Santiago,Matthew.Santiago517@gmail.com,446-712-8054x39132,Rodneytown,canada,2025-01-19T08:34:53,organic_search
5716,Wendy,Garcia,Wendy.Garcia221@gmail.com,854-478-3643x7482,East Lauren,germany,2024-12-25T12:57:49,email
5717,Diane,Ortiz,Diane.Ortiz610@hotmail.com,388-491-8635,Samuelview,Canada,2024-12-13T15:24:23,social_media
5718,Jessica,Davis,Jessica.Davis386@gmail.com,302-614-0991x492,,france,27/04/2025,referral
5719,Christopher,Kim,Christopher.Kim723@gmail.com,001-819-615-4022x480,North Lance,germany,11-14-2024,organic_search
5720,Hailey,Hawkins,Hailey.Hawkins991@hotmail.com,(933)520-0268x39700,Arianaborough,UK,17.01.2024,direct
5721,Amanda,Wilson,Amanda.Wilson752@gmail.com,761.815.0647,,DE,2024-08-25,social_media
5722,Judy,Foster,Judy.Foster177@gmail.com,+1-561-810-7647x340,Port Vanessahaven,france,2024-07-05T20:35:54,social_media
5723,Jorge,Morales,Jorge.Morales866@yahoo.com,001-785-246-0081x1846,East Stephanie,United Kingdom,2024-06-12T01:50:00,direct
5724,Natalie,Christensen,Natalie.Christensen697@yahoo.com,,Adkinsfurt,United States,11-03-2024,paid_search
5725,Lauren,Davis,Lauren.Davis811@yahoo.com,+1-649-833-1476,Port Amy,United Kingdom,2025-01-11,organic_search
5726,Jerome,Payne,Jerome.Payne916@yahoo.com,+1-630-518-8445x0252,East Kimberlyshire,Canada,07.06.2025,social_media
5727,Nathan,Hall,Nathan.Hall824@gmail.com,001-803-952-9472x3900,New Tiffany,US,23.04.2023,email
5728,Eric,Nguyen,Eric.Nguyen804@yahoo.com,423-331-1327x734,Hamiltonshire,usa,2025-02-23,direct
5729,Spencer,Cunningham,Spencer.Cunningham394@yahoo.com,7999845220,Elizabethstad,France,2025-05-09,social_media
5730,Larry,Martin,Larry.Martin554@yahoo.com,001-430-358-1630x8183,Ashleymouth,USA,2024-08-24,email
5731,Gregory,Griffin,Gregory.Griffin280@yahoo.com,+1-987-498-7605x91279,West Laura,France,2024-04-06T03:41:11,paid_search
5732,Megan,Patterson,Megan.Patterson444@yahoo.com,+1-759-732-1098,Morrisfort,CA,14/06/2023,social_media
5733,Paul,Smith,Paul.Smith900@yahoo.com,+1-729-326-8898,Michaelville,US,26.02.2025,direct
5734,Briana,Rivera,Briana.Rivera969@yahoo.com,+1-781-569-1723x14041,Kevinhaven,CA,19.04.2025,social_media
5735,Cory,Harrison,Cory.Harrison734@gmail.com,(689)620-0582x09357,New Danielchester,Germany,11-11-2025,email
5736,Nancy,Bates,Nancy.Bates873@yahoo.com,+1-307-314-1580x46572,Ballardberg, USA ,2024-11-07,paid_search
5737,William,Christensen,William.Christensen766@yahoo.com,759.379.0356,South Melindahaven,canada,06/06/2024,organic_search
5738,Robert,Snyder,Robert.Snyder712@yahoo.com,+1-284-703-1059x5325,West Elizabethfurt,germany,07/05/2023,organic_search
5739,Lindsay,Thomas,Lindsay.Thomas118@hotmail.com,(968)824-9474x69259,West Robert,DE,06/03/2023,referral
5740,Mark,Melendez,Mark.Melendez860@gmail.com,252.962.1204,Josephfort,Germany,18.05.2023,organic_search
5741,Daniel,Johnson,Daniel.Johnson615@gmail.com,253-891-2040,Port Shane,france,08-15-2023,email
5742,Jeffrey,Rogers,Jeffrey.Rogers671@yahoo.com,+1-904-351-3293x113,West Andrea, USA ,04-16-2024,email
5743,Joel,Dixon,Joel.Dixon92@yahoo.com,001-337-601-2677x0794,New Hayden,Germany,27.06.2023,social_media
5744,Amanda,Allen,Amanda.Allen412@yahoo.com,668-220-4018x079,Lake Robertstad,UK,12-31-2024,email
5745,Jeffrey,King,Jeffrey.King,001-257-365-1396,North Jeremiah,canada,2025-12-03T23:45:56,direct
5746,Christopher,Tucker,Christopher.Tucker763@gmail.com,001-632-647-2712x2463,New Kellyhaven,DE,11-04-2025,email
5747,Ryan,Howell,Ryan.Howell702@gmail.com,702-585-0146x89773,Oneillhaven,france,2023-05-28T01:38:05,paid_search
5748,Roger,James,Roger.James427@hotmail.com,+1-261-970-2775x911,Port Kristina,CA,2023-03-25T08:37:23,email
5749,Kristy,Lewis,Kristy.Lewis91@gmail.com,001-767-601-0377x56586,Castilloborough,Germany,20.07.2025,paid_search
5750,Sandy,Carey,Sandy.Carey962@hotmail.com,001-952-321-9766x4580,South Joshuamouth,CA,2024-07-15,email
5751,Jennifer,Williams,Jennifer.Williams892@gmail.com,662-995-6680x511,West Donna,uk,2025-12-04,organic_search
5752,Brittany,Roberts,Brittany.Roberts148@hotmail.com,276.212.6853x140,East Linda,france,07.03.2023,social_media
5753,Margaret,Patterson,Margaret.Patterson789@gmail.com,(805)617-1364x45923,Barberside,uk,12/04/2025,paid_search
5754,Michael,Martinez,Michael.Martinez602@yahoo.com,525-359-5692,,U.K.,2025-08-19T07:49:02,paid_search
5755,Abigail,Perez,Abigail.Perez30@gmail.com,001-542-556-0351x837,New Tammyhaven,canada,11.06.2025,email
5756,Robert,Stafford,Robert.Stafford646@gmail.com,+1-450-248-5487x43900,West Brianshire,germany,05-01-2023,paid_search
5757,Robert,Powell,Robert.Powell333@yahoo.com,,West Anna,germany,05.04.2025,referral
5758,Wendy,Daniels,Wendy.Daniels150@yahoo.com,643-807-1417x47157,Steveborough,UK,03-06-2023,paid_search
5759,Tiffany,Hamilton,Tiffany.Hamilton620@yahoo.com,917-661-4702,West Briannahaven,usa,2024-05-30,social_media
5760,Elizabeth,Hughes,Elizabeth.Hughes173@gmail.com,872-747-8914,Lake Joshua,uk,2024-08-19T03:30:53,paid_search
5761,Noah,Cameron,Noah.Cameron743@hotmail.com,(740)701-2029,Lisaville,usa,2025-09-24,organic_search
5762,Laura,Thompson,Laura.Thompson452@yahoo.com,001-331-929-3404x721,Nathanchester,Canada,2023-08-28,email
5763,Linda,Thomas,Linda.Thomas384@yahoo.com,814.606.2096x3178,Davisview,Germany,2025-05-07,paid_search
5764,John,Graham,John.Graham596@hotmail.com,+1-500-298-6780x0013,,france,16/10/2023,organic_search
5765,James,Rowe,JAMES.ROWE241@GMAIL.COM,(557)251-0819,Lake Michaeltown,DE,07.11.2023,email
5766,Logan,Moyer,Logan.Moyer232@yahoo.com,(769)559-5197,Teresamouth,DE,05-08-2023,direct
5767,Robert,Davidson,Robert.Davidson542@gmail.com,001-741-258-6319,West Tyler,USA,2025-03-07,email
5768,Haley,Brown,Haley.Brown173@gmail.com,+1-924-881-3929x42872,Chadville,germany,2023-10-18,email
5769,Jocelyn,Johnson,Jocelyn.Johnson430@gmail.com,9739106526,Ellisbury, USA ,2025-08-29,organic_search
5770,Autumn,Conner,Autumn.Conner555@yahoo.com,,North Keithbury,DE,2024-10-29,direct
5771,Johnny,Foley,Johnny.Foley418@gmail.com,,,france,10/05/2024,social_media
5772,Jenna,Osborn,Jenna.Osborn118@hotmail.com,(447)692-3176x1147,Ambermouth,germany,05-05-2024,referral
5773,Lauren,Hamilton,Lauren.Hamilton512@gmail.com,(843)396-9459x1511,North Megan, USA ,2023-07-09,organic_search
5774,Jennifer,Barton,Jennifer.Barton934@yahoo.com,001-519-955-1462x301,Port Angelaborough,germany,08.02.2025,referral
5775,Earl,Mcdonald,Earl.Mcdonald153@yahoo.com,(626)585-3074x401,Hendersonview,canada,08-20-2023,organic_search
5776,Lisa,Cross,Lisa.Cross74@yahoo.com,001-202-446-6645,Joneshaven, USA ,2024-09-08T07:23:01,direct
5777,Ashley,Wright,Ashley.Wright348@hotmail.com,872-535-2488x071,West Douglasland,United States,19.07.2023,direct
5778,Alyssa,Jones,Alyssa.Jones320@hotmail.com,(521)424-3908x1597,Sandraborough,United States,06.05.2024,email
5779,Gina,Lynch,Gina.Lynch47@yahoo.com,001-942-496-8945,Jacksonfurt,Canada,2025-11-01T21:27:31,referral
5780,Allen,Rodriguez,Allen.Rodriguez233@yahoo.com,001-909-375-2851x3290,South Kaitlin,uk,2024-08-30,organic_search
5781,Jason,Stephens,Jason.Stephens878@hotmail.com,383-543-5849x72779,Michaelton,france,12/07/2024,email
5782,Becky,Serrano,Becky.Serrano599@gmail.com,(961)667-6456,Dunnmouth,DE,11-15-2025,social_media
5783,Paul,Fuentes,Paul.Fuentes940@hotmail.com,001-263-640-5829x097,Nortonborough,canada,14.09.2023,social_media
5784,Henry,Ford,Henry.Ford94@hotmail.com,001-859-847-1455x34010,Scotttown,US,2025-12-17,paid_search
5785,Tammie,Gibson,Tammie.Gibson195@gmail.com,,Smithmouth,canada,2024-04-10,organic_search
5786,Karen,Nelson,Karen.Nelson144@gmail.com,787-750-0298x096,West Gregoryland,CA,21/04/2023,direct
5787,Evelyn,Wilcox,Evelyn.Wilcox760@hotmail.com,516-835-7720x89791,South Kevinfurt,United States,2023-08-29,referral
5788,Carmen,Walker,Carmen.Walker968@hotmail.com,+1-421-661-1995,Lake Elizabeth,France,12/03/2024,organic_search
5789,Debra,Valencia,Debra.Valencia843@hotmail.com,,Port Melissaton,france,15/05/2025,organic_search
5790,Amanda,Brown,Amanda.Brown576@gmail.com,853.471.4227x6903,Tannerview,France,02/09/2023,paid_search
5791,Joshua,Hall,Joshua.Hall184@gmail.com,988.955.7492x627,North Erica,uk,12.01.2025,email
5792,James,Patterson,James.Patterson975@gmail.com,965-508-7551,Lake Barry,germany,04-16-2023,social_media
5793,Renee,Larsen,Renee.Larsen280@gmail.com,+1-377-318-8874x94423,West Brianfort,DE,20.02.2025,social_media
5794,Teresa,Davis,Teresa.Davis191@hotmail.com,997-256-8326,Tamarachester, USA ,02/02/2025,paid_search
5795,Brittany,Castro,Brittany.Castro93@yahoo.com,(734)586-5472x23030,Johnsonchester,United Kingdom,02.04.2025,organic_search
5796,Todd,Robertson,Todd.Robertson366@gmail.com,4349723312,New Nicholetown,uk,04-21-2023,referral
5797,Ann,Wagner,Ann.Wagner987@yahoo.com,001-503-644-4807x738,Jacobmouth,U.K.,19/12/2023,paid_search
5798,Sheri,Stewart,Sheri.Stewart699@yahoo.com,+1-256-783-8905,South Karina,U.K.,2025-02-12,direct
5799,Robert,Moody,Robert.Moody676@yahoo.com,(664)206-0093x037,Lake Jessicachester,U.K.,2024-12-18,organic_search
5800,Darlene,Walker,Darlene.Walker,994-984-0313x383,Garrettview,Germany,2024-11-26T21:27:21,organic_search
5801,George,Rice,George.Rice534@yahoo.com,677-856-5658,New Christophermouth,DE,11.01.2025,direct
5802,Sarah,Wilkins,Sarah.Wilkins220@yahoo.com,768.305.2457,Williamsport,U.K.,2025-12-29T23:56:53,direct
5803,Barbara,Hernandez,Barbara.Hernandez112@hotmail.com,861.765.5322x6642,New Erinmouth, USA ,24/09/2023,email
5804,Ryan,Davis,RYAN.DAVIS696@HOTMAIL.COM,001-926-963-5057x0591,Russellborough,france,2024-04-24,paid_search
5805,Kevin,Kelley,Kevin.Kelley990@gmail.com,523.983.5627,North Ashleyhaven,DE,28/05/2024,social_media
5806,Erin,Dalton,Erin.Dalton724@gmail.com,001-360-345-4096x8230,West Amy, USA ,13/02/2024,social_media
5807,George,Richardson,George.Richardson92@yahoo.com,728-978-3481,West Lauriefurt,canada,2025-05-15,referral
5808,Jim,Alvarez,Jim.Alvarez241@hotmail.com,8357529709,North Stevenberg,FR,04-10-2023,direct
5809,Todd,Lewis,Todd.Lewis991@hotmail.com,329.576.9113,South Michael,FR,06-30-2025,email
5810,Angela,Rangel,Angela.Rangel705@gmail.com,383.681.6453x766,New Melissaton,germany,2023-02-07,referral
5811,Christopher,Allen,Christopher.Allen896@yahoo.com,(658)471-1671,,DE,2025-11-09,social_media
5812,Geoffrey,West,Geoffrey.West830@yahoo.com,709-659-7568,North Robert,FR,2023-09-16,direct
5813,Scott,Rodriguez,Scott.Rodriguez794@yahoo.com,+1-844-234-8542x098,Gordonhaven,United Kingdom,2023-10-15T16:59:55,direct
5814,James,Elliott,James.Elliott215@hotmail.com,(442)581-1236,New Alyssa,CA,18.12.2025,paid_search
5815,Sergio,Fernandez,Sergio.Fernandez484@yahoo.com,513.550.3574,Nicoletown,U.K.,2025-07-04T06:44:15,social_media
5816,Vanessa,Santos,Vanessa.Santos946@gmail.com,001-978-686-3040,,germany,01/06/2023,paid_search
5817,Daniel,Gordon,Daniel.Gordon526@hotmail.com,566.631.8367x46330,Paulton,DE,2023-11-24T07:59:20,paid_search
5818,Traci,Solis,Traci.Solis606@hotmail.com,668.506.7048x0383,South Christinetown,france,19.11.2024,email
5819,Krista,Stewart,Krista.Stewart405@yahoo.com,(441)367-2090x6912,East Donnachester,United States,08/03/2023,paid_search
5820,Jeff,Smith,Jeff.Smith463@gmail.com,380.486.2966x29231,South Robert,FR,01/02/2023,organic_search
5821,Michael,Cooper,Michael.Cooper591@hotmail.com,573.657.9987,Fergusonbury, USA ,2023-05-22T20:48:04,direct
5822,Christina,Arnold,Christina.Arnold996@yahoo.com,001-521-247-9599x38693,Port Angela,germany,07/10/2025,email
5823,Joanne,Green,Joanne.Green596@hotmail.com,(689)759-4211,Nicholasshire,usa,28/12/2025,organic_search
5824,Todd,Browning,Todd.Browning927@gmail.com,381-689-0290x1818,South Deborahberg,germany,2023-05-25,paid_search
5825,Ashley,Tran,ASHLEY.TRAN288@HOTMAIL.COM,918.510.0705,Castilloborough,Germany,2025-02-14T09:29:37,email
5826,Ashley,Rios,Ashley.Rios949@hotmail.com,414.209.6198x432,East Rebekah,U.K.,11-04-2024,social_media
5827,Sharon,Campbell,Sharon.Campbell755@hotmail.com,337-727-7631,Port Katrinabury,DE,24.01.2023,social_media
5828,Richard,Long,Richard.Long294@gmail.com,001-630-867-9133x843,Lake Chad,uk,2024-09-14T08:02:31,organic_search
5829,Julia,Ramos,Julia.Ramos872@gmail.com,(740)662-9378,Port Josephfort,UK,18/05/2024,direct
5830,Sandra,Olson,Sandra.Olson549@gmail.com,(608)828-4188,Amyview,UK,2025-05-08T11:31:26,paid_search
5831,Trevor,Harris,Trevor.Harris911@yahoo.com,+1-586-343-6812x8117,West Frankland,france,2023-11-06T00:26:01,paid_search
5832,Mark,White,Mark.White816@hotmail.com,001-831-823-4299x2647,,US,01-12-2024,email
5833,Luke,Williams,Luke.Williams173@gmail.com,7187507730,Coleville,United States,26.01.2024,organic_search
5834,Joseph,Fuller,Joseph.Fuller551@hotmail.com,001-869-617-1591x204,Kellyberg,usa,04-17-2024,social_media
5835,Terry,Jones,Terry.Jones450@hotmail.com,+1-274-766-9934x649,,United Kingdom,21/12/2025,social_media
5836,Grace,Edwards,Grace.Edwards226@gmail.com,324.586.3113x433,North Debra,United Kingdom,09-22-2025,organic_search
5837,Russell,Alvarez,Russell.Alvarez418@gmail.com,(950)464-0368x4069,West Erika,France,12.08.2023,paid_search
5838,Jacob,Davidson,Jacob.Davidson295@gmail.com,707-326-4272,Johnsonchester,Canada,2023-05-07,paid_search
5839,Jose,Freeman,Jose.Freeman200@gmail.com,(753)954-3469x9480,New Christopherside,Canada,10-06-2023,referral
5840,Victor,Schaefer,Victor.Schaefer192@yahoo.com,,Clementsfort,US,2023-06-23,organic_search
5841,Philip,Lopez,Philip.Lopez843@hotmail.com,(437)532-3514,, USA ,09-08-2025,direct
5842,Julie,Higgins,Julie.Higgins554@yahoo.com,432-840-8632x8316,South Kelsey,canada,04.09.2023,direct
5843,Tina,Palmer,Tina.Palmer640@hotmail.com,+1-550-321-3608x0608,Nelsonberg,United Kingdom,2025-04-12,direct
5844,Laurie,Green,Laurie.Green835@hotmail.com,,South Juliaside, USA ,2024-03-04T04:08:58,direct
5845,Heather,Young,Heather.Young81@yahoo.com,742.962.5041x18556,Garciatown,Germany,2025-12-04,email
5846,Angela,Martin,Angela.Martin390@hotmail.com,,West Roy,U.K.,28/12/2023,email
5847,Brendan,Smith,Brendan.Smith664@hotmail.com,(354)756-3352x526,South Willie,UK,09-16-2023,email
5848,Cody,Williams,Cody.Williams705@yahoo.com,+1-862-750-6680x3602,Lake Rebeccabury,uk,2023-05-27T05:10:57,referral
5849,Logan,Clark,LOGAN.CLARK723@GMAIL.COM,+1-623-742-9000x47669,South William,U.K.,18/02/2024,social_media
5850,Amy,Burnett,Amy.Burnett826@gmail.com,5903952336,Matthewchester,FR,09.11.2025,email
5851,Samantha,Miller,Samantha.Miller188@gmail.com,(955)951-9675,Millerview, USA ,10-16-2023,social_media
5852,Jennifer,Molina,Jennifer.Molina15@hotmail.com,3424100062,Port Miguel,US,2024-06-07,organic_search
5853,Ronald,Foster,Ronald.Foster767@hotmail.com,+1-278-693-1489,Ashleymouth,uk,2023-02-06,social_media
5854,Stephanie,Jenkins,Stephanie.Jenkins724@yahoo.com,257-702-6914x804,Curtisfort,UK,08.06.2025,email
5855,Jeffrey,Mitchell,Jeffrey.Mitchell150@yahoo.com,,Lake Kelliestad,usa,04-01-2024,paid_search
5856,Rachel,Miles,Rachel.Miles305@yahoo.com,484.476.2362,Delgadomouth,canada,10/11/2025,paid_search
5857,David,Flores,David.Flores730@yahoo.com,+1-566-699-4356x951,Mcleanport,USA,01-13-2025,social_media
5858,Jerry,Carr,Jerry.Carr10@yahoo.com,287.837.1527x330,Port Martha,france,12-31-2024,organic_search
5859,Sherri,Thomas,Sherri.Thomas765@hotmail.com,911.535.6947x126,,FR,08-30-2024,direct
5860,Robert,Brown,Robert.Brown910@hotmail.com,231.840.7490,Lake Francisco,france,2024-07-07,paid_search
5861,Duane,Stark,Duane.Stark75@hotmail.com,423-209-0861,Annton,France,24/08/2024,paid_search
5862,Patrick,Roy,Patrick.Roy145@yahoo.com,+1-833-753-6853x02418,Taylorbury,France,2024-08-29T05:39:13,referral
5863,Ryan,Whitaker,RYAN.WHITAKER225@GMAIL.COM,9677509919,Lonnieport,germany,14.09.2024,direct
5864,Heather,Campos,Heather.Campos292@gmail.com,476-863-9056x5295,West Brooke,germany,05-11-2023,direct
5865,Joshua,Stark,Joshua.Stark357@gmail.com,2755776613,Port Richardtown,France,01/08/2024,paid_search
5866,Daniel,Flores,Daniel.Flores445@yahoo.com,231.888.4224x7893,New Andrew,USA,2025-05-22,organic_search
5867,Matthew,Burgess,Matthew.Burgess208@yahoo.com,+1-238-412-8582x94380,Codyburgh,UK,01-27-2023,social_media
5868,Richard,Paul,Richard.Paul293@gmail.com,254.325.8595,East Peter,germany,07.03.2024,paid_search
5869,Kenneth,Lewis,Kenneth.Lewis740@hotmail.com,+1-747-509-7486,East Heatherside,France,2025-07-25,direct
5870,Deborah,Brooks,Deborah.Brooks827@gmail.com,299.536.6254x801,South Ginahaven,Germany,2024-10-08T16:51:31,social_media
5871,Regina,Johnson,Regina.Johnson218@gmail.com,,Rochamouth,usa,25.04.2023,email
5872,Amy,James,Amy.James400@gmail.com,9785180659,Lake Alyssa,germany,12/04/2025,social_media
5873,Christopher,Guerrero,Christopher.Guerrero434@gmail.com,,Rebeccamouth,UK,2025-12-14T07:30:27,referral
5874,James,Horton,James.Horton459@gmail.com,(411)755-2415x779,Jasontown,uk,2023-04-25,email
5875,Rita,Carson,Rita.Carson490@gmail.com,(666)658-2381,East Angela,FR,03-16-2023,referral
5876,Kimberly,Morgan,Kimberly.Morgan689@hotmail.com,380-453-3785,East Jessica,usa,2023-04-24T22:51:08,organic_search
5877,Michael,Montgomery,Michael.Montgomery392@yahoo.com,,Nelsonton,FR,2025-01-29T16:26:59,social_media
5878,Alexander,Ward,Alexander.Ward209@gmail.com,610-848-8689x6571,Jenniferfort,Germany,01/06/2025,paid_search
5879,Hunter,Vargas,Hunter.Vargas938@gmail.com,9813219673,Port Sheri,Germany,2024-11-20T15:50:48,email
5880,Noah,Castillo,Noah.Castillo58@hotmail.com,227.730.1408x507,South Richardmouth,canada,16/10/2025,direct
5881,Matthew,Miller,Matthew.Miller383@hotmail.com,(810)327-7988x5339,Lake Lauren,CA,2024-12-23,email
5882,Christopher,Williams,Christopher.Williams920@hotmail.com,001-728-936-7961x2079,New Paigeburgh,United Kingdom,05.02.2024,direct
5883,Daniel,Rodriguez,Daniel.Rodriguez745@gmail.com,+1-984-439-7901x74039,East Joshua,U.K.,08/07/2024,email
5884,Elizabeth,Davis,Elizabeth.Davis820@yahoo.com,338-600-7292x3657,Castrochester,US,2025-09-06,referral
5885,Jessica,Burke, Jessica.Burke532@gmail.com ,(660)242-1725,West Victoriachester,Canada,2023-08-26T12:46:09,email
5886,Cory,Hernandez,Cory.Hernandez349@gmail.com,990.953.6261,Lake Jessemouth,Germany,03.11.2024,referral
5887,Jamie,Stone,Jamie.Stone694@hotmail.com,+1-409-669-5946x962,West Angelicaton,canada,15.01.2025,organic_search
5888,Sara,Ramos,Sara.Ramos863@yahoo.com,(361)318-7407x499,Mariaborough,USA,17/12/2025,referral
5889,Cindy,Montes,Cindy.Montes57@yahoo.com,001-997-236-4350,Lake Lindseyburgh,US,2023-07-20,email
5890,Karen,Perkins,Karen.Perkins291@gmail.com,,Melissahaven,CA,27.01.2023,organic_search
5891,Robert,Clarke,ROBERT.CLARKE940@GMAIL.COM,2917650493,West Lauraburgh,france,12-06-2025,referral
5892,Christopher,Warren,Christopher.Warren174@gmail.com,,North John,United Kingdom,19.10.2023,direct
5893,Darlene,Poole,Darlene.Poole686@yahoo.com,733-665-6436x94207,Port Marc,CA,2023-02-17T12:26:56,paid_search
5894,Gabriel,Evans,Gabriel.Evans606@hotmail.com,001-232-941-5688,New Matthew,USA,30.06.2025,paid_search
5895,Adrian,Freeman,Adrian.Freeman751@hotmail.com,,Andreville,U.K.,2025-11-24T03:03:03,paid_search
5896,Nicole,Preston,Nicole.Preston600@hotmail.com,310-751-1931x45041,East Alison,germany,02-11-2024,email
5897,Lawrence,Howard,Lawrence.Howard256@hotmail.com,,Anthonyburgh,france,05-03-2023,direct
5898,Anna,Walsh,Anna.Walsh277@yahoo.com,001-719-756-0528x562,Lake Karenbury,United States,20/10/2024,organic_search
5899,Julie,Mcintosh,Julie.Mcintosh835@yahoo.com,788-700-9724,Dustinberg,CA,10-22-2024,referral
5900,Melanie,Taylor,Melanie.Taylor225@yahoo.com,(963)914-4045x684,Marilynburgh,Canada,2023-09-30T18:36:37,organic_search
5901,Oscar,Wilson,Oscar.Wilson379@gmail.com,001-729-527-1069x7675,North Brianville,CA,2023-04-13T17:07:38,direct
5902,Gabriel,Adams, Gabriel.Adams57@hotmail.com ,+1-332-936-4511x865,,france,06-12-2025,social_media
5903,Joyce,Chang,Joyce.Chang933@gmail.com,+1-207-594-6613,Lake Joelstad,canada,2025-10-06T02:35:07,direct
5904,Patrick,Bray,Patrick.Bray900@gmail.com,735-906-4720,Smithland,US,2023-06-16,paid_search
5905,Holly,Durham,Holly.Durham72@hotmail.com,001-513-530-5715x1959,Mosleystad,Canada,02/08/2024,organic_search
5906,Christopher,Houston,Christopher.Houston421@hotmail.com,(539)397-5468x23857,West Seth,France,2023-09-20T01:35:51,paid_search
5907,Jeffrey,Nelson,Jeffrey.Nelson,439.890.2659,Riverashire,france,2024-11-07,direct
5908,Shelly,Greer,Shelly.Greer737@gmail.com,9014638817,North Lindsay,germany,2024-05-19T23:03:06,email
5909,Christopher,Soto,Christopher.Soto541@gmail.com,(983)611-1039,Hernandezstad,FR,2025-02-14T17:33:58,direct
5910,Ryan,Webster,Ryan.Webster132@yahoo.com,+1-494-571-3072x0610,Ashleytown,germany,2024-05-06T18:23:20,email
5911,Laura,Garrett,Laura.Garrett870@hotmail.com,,South Karaside,uk,2023-12-09T13:32:41,organic_search
5912,Jason,Lopez,Jason.Lopez922@gmail.com,(481)925-8781x1025,South Margaretville,U.K.,2025-11-14T19:38:12,direct
5913,Donald,Myers,Donald.Myers100@gmail.com,,Schwartzport,UK,07-21-2025,direct
5914,Jessica,Wright,Jessica.Wright524@hotmail.com,(941)545-8231x38428,East Andrew,france,02-28-2023,direct
5915,Sean,Harris,Sean.Harris235@yahoo.com,447.547.4640,West Margaretstad,canada,2025-05-17,direct
5916,Deborah,Benson,Deborah.Benson491@gmail.com,824-328-3594,Lake Robertville,UK,20.08.2024,social_media
5917,Patricia,Williams,Patricia.Williams770@gmail.com,,Simpsonshire,canada,20/03/2024,social_media
5918,Jennifer,Taylor,Jennifer.Taylor82@yahoo.com,,Berrytown,germany,28.06.2025,organic_search
5919,Alejandro,Lopez,Alejandro.Lopez257@gmail.com,(975)790-6207x0986,West Jamesland,U.K.,09.08.2023,organic_search
5920,Richard,Vaughan,Richard.Vaughan266@yahoo.com,001-285-957-7544x816,South Frederickland,FR,23.03.2023,email
5921,Michael,Ortiz,Michael.Ortiz410@hotmail.com,,Whitestad,germany,06-19-2023,direct
5922,Joseph,Weber,Joseph.Weber267@gmail.com,4409648710,West Cheyenneshire,Germany,08-31-2023,email
5923,Patrick,Brock,Patrick.Brock901@yahoo.com,317-574-4940,Millerton,Germany,03-07-2023,direct
5924,Steven,Elliott,Steven.Elliott755@gmail.com,200-401-2837,Jessicaburgh,germany,2025-07-31T07:46:16,organic_search
5925,Antonio,Livingston,Antonio.Livingston887@hotmail.com,756.220.4389,West Joshuabury,Canada,06-18-2023,email
5926,Sherry,Price,Sherry.Price980@hotmail.com,001-971-320-5012x232,East Andrew,france,13.12.2024,referral
5927,Bruce,Pace,Bruce.Pace209@yahoo.com,(912)396-3115x6971,Andersonfort,germany,2025-12-27,referral
5928,Priscilla,Anderson,Priscilla.Anderson497@gmail.com,856-374-7502x615,Jonesbury,Canada,11-09-2025,email
5929,Kevin,Cole,Kevin.Cole947@yahoo.com,(913)579-8867x4495,Petersburgh,Canada,29.09.2025,direct
5930,Richard,Vaughn,Richard.Vaughn437@gmail.com,979-496-3911,Lake Amber,USA,02.07.2025,social_media
5931,William,Hill,William.Hill275@hotmail.com,(858)462-6380,Youngberg,USA,27.08.2023,paid_search
5932,Daniel,Byrd,Daniel.Byrd609@hotmail.com,237.974.2443x564,Brianberg,France,16.08.2023,direct
5933,Samuel,Robinson,Samuel.Robinson580@yahoo.com,496.443.8873x346,Jeanetteview,France,03/07/2024,email
5934,Joseph,Herrera,Joseph.Herrera909@gmail.com,(331)430-4005,Susanchester, USA ,09/08/2025,social_media
5935,Tamara,Lopez,Tamara.Lopez872@gmail.com,495-236-4035x2703,South Victoria,United Kingdom,11-22-2023,referral
5936,Wendy,Travis,Wendy.Travis946@gmail.com,662.463.9838,Amyberg,U.K.,13/07/2025,referral
5937,Brian,Hart,Brian.Hart574@yahoo.com,213-752-6228x981,Port Stephanieton,DE,2023-09-24,paid_search
5938,Jessica,Bray,Jessica.Bray209@hotmail.com,297-765-7941,East Craigfort,CA,07-17-2023,social_media
5939,Julie,Wise,Julie.Wise787@gmail.com,001-970-887-8223x8554,Stevenfurt,United Kingdom,12/08/2023,organic_search
5940,Timothy,Cline,Timothy.Cline685@gmail.com,001-963-644-7094x442,South Richardview,uk,2023-12-01T20:31:12,organic_search
5941,Kenneth,Wilson,Kenneth.Wilson809@yahoo.com,492-208-4122,,Canada,08/04/2023,social_media
5942,Olivia,Young,Olivia.Young156@hotmail.com,467.438.4291x8461,New Daniel,DE,04-10-2025,social_media
5943,Wesley,Evans,Wesley.Evans425@yahoo.com,+1-914-506-5340x29266,South Shaunstad,CA,05-18-2025,social_media
5944,Anthony,Lopez,Anthony.Lopez903@yahoo.com,,Johnmouth,uk,2023-04-09,organic_search
5945,Heather,Green,Heather.Green928@gmail.com,001-772-480-1870,Michaelland, USA ,24.12.2024,referral
5946,Darryl,Wang,Darryl.Wang794@yahoo.com,4793148139,Lake Tanyafurt,CA,2025-08-31,direct
5947,Blake,Adams,Blake.Adams875@gmail.com,(893)885-0981x814,Deannaborough,FR,2025-08-25,referral
5948,John,Gibson,John.Gibson821@hotmail.com,797-343-3343x41182,Sarahfurt,FR,2023-09-02T19:14:29,paid_search
5949,Joanna,Wright,Joanna.Wright211@gmail.com,(694)983-0220,New Seth,canada,09-03-2025,email
5950,Elizabeth,Delgado,Elizabeth.Delgado10@yahoo.com,658.362.1318,Lake Timothymouth,Canada,2024-08-19T01:37:20,direct
5951,Traci,Williams,Traci.Williams529@hotmail.com,+1-565-498-5417,West Deborah,uk,2023-01-09T19:43:51,organic_search
5952,Matthew,English,Matthew.English868@gmail.com,861.475.5651x73942,Lake Crystalchester,uk,2023-12-22T07:54:33,referral
5953,Sandy,Garcia,Sandy.Garcia665@yahoo.com,001-734-685-2058x4708,Lake Shelbyport,CA,09/01/2023,email
5954,Jennifer,Freeman,Jennifer.Freeman905@hotmail.com,630-605-0735x3532,Cherylshire,US,05.04.2025,paid_search
5955,Erin,Bartlett,Erin.Bartlett138@hotmail.com,497.486.1286x0034,West Paul,CA,2024-05-30T18:32:53,email
5956,Madison,Mcfarland,Madison.Mcfarland151@yahoo.com,001-977-451-6663x031,Port Craigburgh,Canada,2023-02-06,referral
5957,Grace,Oconnor,Grace.Oconnor534@yahoo.com,(216)296-1760,Brianside,germany,2025-10-30T06:47:49,paid_search
5958,Jennifer,Lopez,Jennifer.Lopez289@hotmail.com,766.766.6260,Lake Tina,germany,2024-11-09,referral
5959,Morgan,Baxter,Morgan.Baxter547@gmail.com,658-245-3779x73417,Tylerstad,FR,24.09.2023,paid_search
5960,Susan,Taylor,Susan.Taylor188@gmail.com,,Lake David,canada,2025-12-21,social_media
5961,Maria,Warner,Maria.Warner826@hotmail.com,+1-670-843-2080,North Lisahaven,U.K.,01-29-2024,organic_search
5962,Nicole,Farley,Nicole.Farley855@yahoo.com,767-433-4598x40717,Seanchester,CA,05.09.2024,organic_search
5963,Carla,Montoya,Carla.Montoya13@hotmail.com,602-700-5295x64262,Wilsonview,United Kingdom,05-11-2025,direct
5964,Stephen,Jones, Stephen.Jones392@yahoo.com ,400-612-8801x4341,Jacobside,canada,2024-09-14T12:26:45,referral
5965,April,Powell,April.Powell509@yahoo.com,(724)633-9069,East Jeffrey,UK,2024-12-08T07:19:21,paid_search
5966,Andrew,Miller,Andrew.Miller281@hotmail.com,412-483-3707x90030,Crystalmouth,U.K.,10-06-2024,direct
5967,Ashlee,Lewis,Ashlee.Lewis612@yahoo.com,,Youngberg,CA,12-09-2024,paid_search
5968,Nicole,Miller,Nicole.Miller138@hotmail.com,4815478415,Williamberg,United Kingdom,2025-08-24T00:48:12,direct
5969,Jenny,Smith,Jenny.Smith79@hotmail.com,912.843.8701,North Justin,United Kingdom,24/09/2023,email
5970,Edward,Herrera,Edward.Herrera130@hotmail.com,001-519-729-3372x9745,Allenchester,germany,14.05.2024,organic_search
5971,Dylan,Velasquez,Dylan.Velasquez796@yahoo.com,,Port Joyce,U.K.,11-02-2024,referral
5972,Joseph,Mcbride,Joseph.Mcbride419@yahoo.com,630.611.2051,Davidfort,United Kingdom,2025-08-02T00:23:17,organic_search
5973,Andrea,Brooks,Andrea.Brooks41@gmail.com,6127739786,South Toddside,US,2025-01-14T08:54:24,paid_search
5974,Adriana,Mcgee,Adriana.Mcgee,+1-818-409-7013x15080,Jacksonshire,France,2025-08-27T21:01:26,social_media
5975,Thomas,Jones,Thomas.Jones803@yahoo.com,001-982-222-3423x22309,Lake Ianside,Canada,05-12-2023,paid_search
5976,Karen,Anderson,Karen.Anderson657@gmail.com,434.423.7436,New Alicia,canada,2025-08-03,referral
5977,Jacob,Brown,Jacob.Brown869@yahoo.com,(629)843-9724x22793,Lake Cindy,DE,2025-10-02T12:50:12,organic_search
5978,Thomas,Owen,Thomas.Owen555@gmail.com,(677)558-8871,Rogersshire,france,06-18-2025,email
5979,James,Ford,James.Ford847@yahoo.com,8327884044,Petersonport,FR,2024-02-07,direct
5980,Amber,Allen,Amber.Allen955@yahoo.com,001-279-920-8945x6121,Timothyshire,France,26/05/2025,referral
5981,Caleb,Hawkins,Caleb.Hawkins427@gmail.com,,Simmonsville,France,07/01/2024,referral
5982,Thomas,Davis,Thomas.Davis740@gmail.com,001-463-253-0046x52297,Mosesbury,Germany,2023-11-11,paid_search
5983,Michael,Foley,Michael.Foley110@hotmail.com,+1-748-327-1682x133,Hamiltonville,US,2023-06-24T16:04:49,paid_search
5984,William,Lane,William.Lane662@gmail.com,613-545-7081x7753,South Justin,france,08/08/2023,organic_search
5985,Thomas,Deleon,Thomas.Deleon153@hotmail.com,,Karenmouth,UK,08/08/2023,organic_search
5986,Michael,Walker,Michael.Walker538@hotmail.com,,Douglasfort,Germany,2023-10-18,paid_search
5987,Robert,Cohen,Robert.Cohen765@hotmail.com,4054634743,Ashleyfort,UK,2023-07-14,organic_search
5988,Amber,Torres,Amber.Torres280@yahoo.com,804-915-8790x48060,West Jeanette,germany,13.06.2023,direct
5989,Cassandra,Schwartz,Cassandra.Schwartz330@hotmail.com,(631)882-0590,Madisonhaven,Germany,2023-05-10,direct
5990,Tammy,Calhoun,Tammy.Calhoun170@yahoo.com,9949347479,South William,United Kingdom,2023-12-08T18:20:16,social_media
5991,Ronald,Phillips,Ronald.Phillips187@hotmail.com,,North Gabrielle, USA ,17.01.2023,referral
5992,Austin,Wilson,Austin.Wilson620@hotmail.com,,Rodriguezfort,US,2024-07-18,social_media
5993,Gregory,Johnson,Gregory.Johnson391@gmail.com,001-493-895-4983x53362,Owenston,US,2025-04-18,referral
5994,Samuel,Quinn,Samuel.Quinn813@yahoo.com,+1-793-825-5490x4184,East Ashley,UK,11-23-2023,paid_search
5995,James,Price,James.Price190@yahoo.com,734-414-6717x0164,Clarkberg,germany,11/01/2024,direct
5996,Cynthia,Holden,CYNTHIA.HOLDEN346@HOTMAIL.COM,8136343694,Ashleyview,uk,2024-01-31T12:57:48,paid_search
5997,Michael,Smith,Michael.Smith864@gmail.com,577-667-5200,Wendyland,DE,2025-11-02,organic_search
5998,Kimberly,Edwards,Kimberly.Edwards359@hotmail.com,001-226-844-0841,Mooretown,FR,2025-08-25T15:31:06,paid_search
5999,Elizabeth,Smith,Elizabeth.Smith60@hotmail.com,,Ronaldside,Germany,2023-03-09,email
6000,Elaine,Koch,Elaine.Koch752@yahoo.com,476-985-1932x9863,North Monique,canada,2025-08-14,organic_search
6001,Colleen,Morrison,Colleen.Morrison873@gmail.com,+1-998-883-8041x6993,,germany,02/12/2025,social_media
6002,Kaitlyn,Ramos,Kaitlyn.Ramos323@hotmail.com,,Hallshire,DE,18.09.2024,social_media
6003,Michael,Yang,Michael.Yang764@yahoo.com,+1-849-431-9743,Hoganville,uk,05.12.2024,direct
6004,Mary,Rocha,Mary.Rocha732@gmail.com,+1-472-722-8304x8678,South Courtney,France,09-15-2024,social_media
6005,Nicole,Rice,Nicole.Rice759@gmail.com,001-949-362-3402x16466,West Michele,canada,07-02-2023,referral
6006,Rebecca,Hernandez,Rebecca.Hernandez988@hotmail.com,(324)382-9229x43227,Rachelborough,france,2024-02-24,paid_search
6007,Patricia,Reed,Patricia.Reed456@yahoo.com,414.981.8020x54058,West Alexanderville,germany,10.12.2025,paid_search
6008,Jessica,Mcdaniel,Jessica.Mcdaniel60@hotmail.com,001-205-663-8040,Michaelstad,France,2024-09-03,referral
6009,Samantha,Ortiz,Samantha.Ortiz967@yahoo.com,(706)279-2688x8334,Robbinschester,usa,2025-02-25,social_media
6010,John,Andrews,John.Andrews530@hotmail.com,(575)550-3764x7891,North Timothychester,usa,17.11.2023,referral
6011,Fernando,Holmes,Fernando.Holmes472@hotmail.com,,North Brianmouth,Germany,02-24-2023,organic_search
6012,Michelle,Butler,Michelle.Butler796@hotmail.com,001-883-658-7766x3161,West Melissabury,germany,2025-06-20,referral
6013,Tracy,Ramos,Tracy.Ramos923@gmail.com,,Christopherville,US,06.11.2024,email
6014,Alejandro,Davis,Alejandro.Davis21@gmail.com,,Douglaston,uk,05-23-2024,direct
6015,Richard,Brown,Richard.Brown124@yahoo.com,+1-693-741-2148x851,Halemouth,uk,2024-10-24,email
6016,Richard,Cooper,Richard.Cooper913@gmail.com,,Allenmouth,UK,10-23-2023,paid_search
6017,Tara,Rivers,Tara.Rivers50@gmail.com,882.342.0512x53220,Evelynville,Germany,2025-10-05T11:23:50,organic_search
6018,Sergio,Booth,Sergio.Booth907@yahoo.com,,,FR,2025-08-12T08:54:32,social_media
6019,Karen,Garcia,Karen.Garcia822@yahoo.com,+1-542-614-0209x2102,Lopezstad,FR,03-07-2024,organic_search
6020,Louis,Alexander,Louis.Alexander898@hotmail.com,001-375-343-7295x41252,Port Joyfurt,USA,2024-04-12T12:00:49,organic_search
6021,Brandi,Alexander,Brandi.Alexander606@gmail.com,(465)840-8004x3865,Christopherchester,France,18.04.2025,referral
6022,Tammy,Lutz,Tammy.Lutz802@yahoo.com,390.509.0584,Maldonadoshire, USA ,2023-02-14,direct
6023,Michaela,Barnes,Michaela.Barnes136@yahoo.com,(956)566-3308x02543,Port Peterchester,Germany,2024-02-05,direct
6024,Chelsea,Murray,Chelsea.Murray164@gmail.com,,Jessicaview,germany,02-08-2024,social_media
6025,Tami,Johnson,Tami.Johnson63@yahoo.com,(351)904-8280,Michaelchester,CA,23.06.2023,email
6026,Carrie,Powell,Carrie.Powell501@yahoo.com,889-873-0123x1995,South Ashley,Germany,03.01.2023,organic_search
6027,Brooke,Mathis,Brooke.Mathis,001-760-864-9621x976,Lake Amyburgh,FR,03-15-2025,paid_search
6028,Michael,Martinez,Michael.Martinez109@hotmail.com,933-298-9772,Carlosside,Germany,29/07/2025,paid_search
6029,Kyle,Eaton,Kyle.Eaton418@hotmail.com,257-836-3561,Lake Amber,uk,2025-08-29T23:25:58,organic_search
6030,Kimberly,Smith,KIMBERLY.SMITH105@YAHOO.COM,411-868-0314x13759,Lake Jessicachester,United States,06-12-2023,email
6031,Jose,Brown,Jose.Brown968@gmail.com,998.420.6331x506,Nelsonburgh, USA ,20.01.2023,social_media
6032,Alexander,West,Alexander.West862@gmail.com,513-987-1270,Lake Danaborough,DE,03.08.2024,organic_search
6033,Kathy,Downs,Kathy.Downs846@yahoo.com,671.734.0839x75713,Donaldstad,United States,12/10/2025,organic_search
6034,Lauren,Hamilton,Lauren.Hamilton623@hotmail.com,001-650-907-4491x4223,New Susanton,CA,21/12/2024,organic_search
6035,Matthew,Bryan,Matthew.Bryan713@gmail.com,001-379-432-1544x09874,Wilsonhaven,Canada,08.04.2023,paid_search
6036,Candice,Pruitt,Candice.Pruitt444@yahoo.com,(369)281-4887,Matthewsfurt,FR,06-07-2023,organic_search
6037,Jacob,Roberson,Jacob.Roberson417@gmail.com,965-389-2696x3177,East Anthonyfurt,Canada,16.10.2023,paid_search
6038,David,Davis,David.Davis493@yahoo.com,634.623.1966x00587,Reneeville,DE,11-07-2024,referral
6039,Daniel,Blanchard,Daniel.Blanchard260@hotmail.com,,East Richardhaven,germany,2023-12-23,email
6040,Rachael,Smith,Rachael.Smith498@yahoo.com,919-383-8773x1879,North Marieburgh,Germany,26.09.2024,paid_search
6041,Lydia,Whitaker,Lydia.Whitaker219@hotmail.com,(682)210-6261x262,Lake Nicolas,FR,01-30-2025,email
6042,Mackenzie,Hernandez,Mackenzie.Hernandez51@hotmail.com,(724)598-7249x5806,,United States,31.03.2023,paid_search
6043,Alex,Williams,Alex.Williams252@gmail.com,715.241.3938,South Ashley,UK,17/10/2024,referral
6044,Katherine,Lee,Katherine.Lee550@yahoo.com,001-615-675-1404,Danafort,france,15.04.2023,referral
6045,Randall,Floyd,Randall.Floyd598@gmail.com,(877)333-0665x56212,South Christopher,United Kingdom,2024-08-28,referral
6046,Kevin,Wright,Kevin.Wright862@yahoo.com,+1-373-357-0007,Mclaughlinland,France,15/05/2025,referral
6047,Shannon,Nielsen,Shannon.Nielsen245@gmail.com,+1-378-661-4873,Burnettville,uk,2025-06-18,referral
6048,Brandon,Wallace,Brandon.Wallace575@yahoo.com,(731)543-0171x106,Natashamouth,United Kingdom,09.03.2025,referral
6049,Sylvia,Contreras,Sylvia.Contreras774@hotmail.com,(489)475-8551,Justinview,United Kingdom,2023-01-17T02:37:39,social_media
6050,Savannah,Watts,Savannah.Watts300@yahoo.com,,Lake Stephanieshire,United Kingdom,2025-08-24,organic_search
6051,Jason,Powell,Jason.Powell199@yahoo.com,448-246-9093x6366,Shannontown,UK,2023-12-11,paid_search
6052,Lisa,Jackson,Lisa.Jackson689@hotmail.com,871.312.7816x131,New Natalie,canada,2023-04-03T02:00:55,social_media
6053,Brandon,Wilson,Brandon.Wilson396@yahoo.com,355.566.5720x07120,Lake Greg,Canada,2025-09-23,direct
6054,Daniel,Hernandez,Daniel.Hernandez387@yahoo.com,001-560-813-3485,New Kathrynton,CA,12/09/2025,paid_search
6055,Brandy,Henry,Brandy.Henry955@yahoo.com,(574)996-7194x71250,Port Benjaminville,DE,2024-04-28T05:46:27,organic_search
6056,Christopher,Russell,Christopher.Russell140@yahoo.com,277.854.6284,South Donnaburgh,Canada,25/12/2024,social_media
6057,Jeanne,Singh,Jeanne.Singh840@gmail.com,001-767-675-7298,South Donnaport,United Kingdom,2023-06-21,direct
6058,Ashley,Matthews,Ashley.Matthews960@gmail.com,+1-591-462-1529,Port Laura,france,2023-12-16T21:49:45,paid_search
6059,Melinda,Bradshaw,Melinda.Bradshaw380@yahoo.com,304-468-7156,North Misty,uk,2024-03-27T21:25:59,social_media
6060,Ronald,Robbins,Ronald.Robbins37@yahoo.com,955-856-5046,Loriton,france,06-17-2025,organic_search
6061,Michael,Kim,Michael.Kim352@yahoo.com,001-472-236-4748x309,Underwoodfort,U.K.,2025-08-06T08:06:02,paid_search
6062,Christopher,Evans,Christopher.Evans193@hotmail.com,(723)351-1822x24884,Emilyburgh,germany,09-20-2025,direct
6063,Natalie,Stevens,Natalie.Stevens648@gmail.com,415.517.6788,Michaelbury,germany,2024-02-06,email
6064,Michael,Thompson,Michael.Thompson117@yahoo.com,001-523-251-9940,Ballardmouth,UK,02-13-2025,email
6065,William,Brown,William.Brown490@yahoo.com,+1-253-888-5283x86647,South Sharon,US,01/04/2024,paid_search
6066,Meredith,Johnston,Meredith.Johnston171@gmail.com,,New Manuel,uk,2024-09-16,direct
6067,Ashley,Chandler,Ashley.Chandler267@yahoo.com,(323)914-4908,East Lisa,canada,2023-09-20,organic_search
6068,Michael,Brown,Michael.Brown987@gmail.com,001-797-827-8196x2364,South Levihaven,Germany,22.03.2023,email
6069,Jonathan,Johnson,Jonathan.Johnson,001-266-422-0633x6066,Petersonview,france,26.04.2025,referral
6070,Renee,Acosta,Renee.Acosta945@yahoo.com,325-833-7980x530,Thomasside,Germany,21/07/2023,referral
6071,Shane,Clark,Shane.Clark588@yahoo.com,545-998-3051x2206,South Donnaland,FR,17/09/2024,referral
6072,Michael,Greene,Michael.Greene15@gmail.com,716.997.7525x74641,Shelbyside,CA,03-06-2025,referral
6073,Tonya,Mason,Tonya.Mason894@yahoo.com,,North Ryan,Germany,01-27-2023,paid_search
6074,Justin,Stein,Justin.Stein243@hotmail.com,001-995-393-5361x03874,Scottstad,Canada,2023-07-20T20:19:09,email
6075,Tammy,Byrd,Tammy.Byrd76@gmail.com,(200)253-3164,Wilkinsfurt,United Kingdom,05-31-2024,referral
6076,Nathan,Elliott,Nathan.Elliott637@yahoo.com,001-676-551-9017,South Brandi,Canada,08.02.2023,organic_search
6077,Wesley,Kennedy,WESLEY.KENNEDY467@GMAIL.COM,947.807.9770x04252,Brandimouth,US,10-29-2025,direct
6078,Jesse,Montoya,Jesse.Montoya83@hotmail.com,001-310-674-4303x208,Port Peggyhaven,canada,13/02/2023,referral
6079,Joshua,Joyce,Joshua.Joyce661@yahoo.com,001-842-423-5960x539,,france,11.07.2024,paid_search
6080,Kevin,Hunt,Kevin.Hunt432@yahoo.com,848-929-4871x26342,West Jason,canada,04.10.2025,referral
6081,Christopher,Carter,Christopher.Carter545@hotmail.com,(286)363-1892,,canada,2025-01-11,email
6082,Marcus,Wright,Marcus.Wright502@gmail.com,,Lake Kerryville, USA ,13.11.2023,email
6083,Mark,Norris,Mark.Norris416@yahoo.com,,,germany,26/09/2024,organic_search
6084,Teresa,Steele,Teresa.Steele879@gmail.com,3065464173,Amberport,france,31/10/2024,email
6085,Sydney,Vaughn,Sydney.Vaughn911@hotmail.com,(372)968-1110x4145,,US,13/02/2025,paid_search
6086,Rachel,Willis,Rachel.Willis932@yahoo.com,663-751-1401x908,New Rachel,CA,15/06/2024,organic_search
6087,Caleb,Newman,Caleb.Newman294@hotmail.com,457-917-9436x55323,East Stephen,germany,2023-05-31,email
6088,David,Smith,David.Smith969@gmail.com,502-326-6528x26481,Port Dylan,FR,14/02/2024,paid_search
6089,Jeff,Mullins,Jeff.Mullins382@hotmail.com,296-985-6441x322,North Amberview,uk,08/03/2023,referral
6090,Dylan,James,Dylan.James559@hotmail.com,001-228-848-8159,New Davidberg,france,21/12/2023,direct
6091,Karen,Jones,Karen.Jones140@yahoo.com,(964)584-7641,West Connorton,uk,2023-09-26T05:14:56,social_media
6092,William,Rose,William.Rose125@hotmail.com,683.746.1884x5243,,USA,02-19-2025,email
6093,Laura,Evans,Laura.Evans13@gmail.com,(280)617-0838x7970,New Theresaborough,DE,22/09/2025,social_media
6094,Henry,Singh,Henry.Singh29@yahoo.com,451.546.9546x076,Lake Nicolestad,Canada,2024-02-14,paid_search
6095,Sean,Wilson,Sean.Wilson620@gmail.com,,East Tiffanyburgh,usa,2025-03-14T20:11:58,social_media
6096,Michael,Phillips,Michael.Phillips114@yahoo.com,584-413-2697x179,Williamview,FR,24/05/2025,social_media
6097,Tiffany,Freeman,Tiffany.Freeman385@gmail.com,+1-357-301-6394x3665,Lake David,germany,2025-05-21T10:59:58,referral
6098,Kevin,Harris,Kevin.Harris377@hotmail.com,774.706.2152x73818,Elliottport,CA,08-26-2025,email
6099,Nathan,Sharp,Nathan.Sharp733@yahoo.com,(926)514-2207x982,South Michelleberg,FR,2024-08-26T10:44:14,direct
6100,Jennifer,Bryant,Jennifer.Bryant42@yahoo.com,842.202.6349,Johnsonhaven,France,2023-11-23,paid_search
6101,Laura,Murphy,Laura.Murphy692@hotmail.com,812-310-3155x3831,Johnshire,Germany,10/04/2024,organic_search
6102,Marie,Stone,Marie.Stone64@gmail.com,(523)377-9644,North Jennifer,germany,19.07.2025,paid_search
6103,Jennifer,Waller,Jennifer.Waller149@gmail.com,271.970.3548,,USA,21.09.2025,organic_search
6104,Charles,Carpenter,Charles.Carpenter134@hotmail.com,319.764.0760,North Stefaniebury,USA,24.09.2024,referral
6105,Alexandria,Fletcher,ALEXANDRIA.FLETCHER347@HOTMAIL.COM,(591)241-3270x43917,East Jamie,U.K.,15/04/2023,organic_search
6106,Lisa,Martinez,Lisa.Martinez376@hotmail.com,887.788.1295,Harrisshire,france,2025-02-20T09:51:50,paid_search
6107,Tony,Riley,Tony.Riley987@hotmail.com,723-868-9297,Mitchellland,france,13/12/2024,email
6108,Dana,Lucas,Dana.Lucas937@yahoo.com,+1-674-569-2376x017,Stephaniebury,U.K.,09-13-2024,paid_search
6109,Kelsey,Snyder,Kelsey.Snyder461@hotmail.com,3484907293,New Kathy,canada,13.01.2023,social_media
6110,Angela,Edwards,Angela.Edwards58@gmail.com,3424563443,Lake Maryshire,U.K.,2024-02-28,paid_search
6111,Anthony,Brown,Anthony.Brown852@hotmail.com,996.290.6828,Port Heatherfurt,CA,06/04/2023,organic_search
6112,Glen,Ray,Glen.Ray423@yahoo.com,(714)392-6142,Debrachester,CA,2025-08-20T08:38:25,email
6113,Haley,Morgan,Haley.Morgan248@yahoo.com,001-483-663-3319x3338,Cruzborough,France,2023-01-29T09:46:40,direct
6114,Todd,Sanchez,Todd.Sanchez46@gmail.com,,Port Brian,Germany,01-21-2024,referral
6115,Rachel,Wilson,Rachel.Wilson669@yahoo.com,001-406-375-2018x603,Kylefurt,France,08/11/2023,paid_search
6116,Luis,Campbell,Luis.Campbell941@hotmail.com,,Watkinsfurt,U.K.,2024-12-07,referral
6117,Matthew,Jackson,Matthew.Jackson445@gmail.com,,West Johnhaven,France,2025-02-18T02:50:44,referral
6118,Elizabeth,Jones,Elizabeth.Jones252@yahoo.com,621-745-5664,Santiagoberg,Canada,2023-12-20,social_media
6119,Brandon,Peters,Brandon.Peters183@gmail.com,(708)404-5895x428,North Mark,Canada,07-15-2023,referral
6120,Brittany,Meyer,Brittany.Meyer933@hotmail.com,(824)828-4973,Browntown,uk,2024-11-02,social_media
6121,Charles,Johnson, Charles.Johnson309@hotmail.com ,750-898-5499x1579,New Whitneymouth,DE,15.07.2023,direct
6122,Pamela,Ruiz,Pamela.Ruiz17@gmail.com,,Mathisview,usa,2023-05-08,paid_search
6123,Tara,Smith,Tara.Smith740@gmail.com,001-266-776-5438x853,Port James,france,2023-05-18T11:21:44,organic_search
6124,Jason,Bennett,Jason.Bennett358@hotmail.com,282.476.8815x08850,,DE,2023-02-08,direct
6125,Lisa,Oliver,Lisa.Oliver462@hotmail.com,9774658280,Allenside,france,06-30-2025,direct
6126,Ryan,Evans,RYAN.EVANS679@HOTMAIL.COM,5582869150,Lake Joeland,FR,2023-10-03T12:05:47,referral
6127,Jessica,Jackson,Jessica.Jackson145@gmail.com,790.600.2736x3793,Erikaview,United Kingdom,2023-03-02T06:22:20,organic_search
6128,John,Moore,John.Moore941@hotmail.com,449.941.9228x92850,Jessicaview,UK,09-23-2025,organic_search
6129,Brett,Padilla,Brett.Padilla984@gmail.com,(878)937-0393x9687,East Dustinmouth,CA,29/06/2024,social_media
6130,Jeremy,Taylor,Jeremy.Taylor839@gmail.com,4308750570,Williamsshire,France,2023-10-08,email
6131,Benjamin,Jackson,Benjamin.Jackson128@hotmail.com,,South Angelaland,US,05.12.2025,social_media
6132,Eugene,Moss,Eugene.Moss201@hotmail.com,460-849-0189,Brianbury, USA ,06/03/2024,direct
6133,Tammy,Elliott,TAMMY.ELLIOTT435@GMAIL.COM,(368)534-3471x135,Michelleberg,U.K.,20.09.2023,direct
6134,Maria,Cooke,Maria.Cooke978@yahoo.com,(781)962-0268x8371,Port Shirleytown,canada,29/09/2024,organic_search
6135,Richard,Jackson,Richard.Jackson894@yahoo.com,411.623.5173x5957,Katherineborough,US,18.01.2023,direct
6136,Yvonne,Bryant,Yvonne.Bryant679@hotmail.com,213.610.8556,South Randallport,france,2023-12-23T00:37:47,direct
6137,Donna,Howell,Donna.Howell846@gmail.com,677.958.2316x586,Port Harrytown,US,11-19-2025,direct
6138,Christopher,Reynolds,Christopher.Reynolds854@gmail.com,874-536-9468x054,Janiceview,United States,11/11/2025,organic_search
6139,Krista,Nguyen,Krista.Nguyen300@gmail.com,638-863-7725x39291,Foxland,usa,2024-07-29T06:30:08,paid_search
6140,Donald,Powell,Donald.Powell599@yahoo.com,590.986.9438,Bobburgh,USA,06.05.2025,direct
6141,Michael,Murphy,Michael.Murphy152@hotmail.com,,Janetton,France,2025-11-10,email
6142,Lisa,Ashley,Lisa.Ashley960@hotmail.com,(732)344-5768x833,Sandersfort,France,2025-08-07,email
6143,Timothy,Boyd,Timothy.Boyd76@yahoo.com,,Leemouth,Germany,2024-12-18,direct
6144,William,Hendricks,William.Hendricks371@yahoo.com,001-486-571-9713x209,Lake Robert,uk,2023-11-04T15:51:15,organic_search
6145,Mary,Lowery,Mary.Lowery466@gmail.com,(276)972-3232,Emilychester,Germany,08/11/2024,direct
6146,Allison,Peters,Allison.Peters97@hotmail.com,,New Michaelfort,usa,2023-12-19,referral
6147,Sean,Harrell,Sean.Harrell581@yahoo.com,(596)219-0169x2109,West Michele,UK,24.10.2023,social_media
6148,Michael,Weeks,Michael.Weeks640@yahoo.com,+1-468-470-8936x162,Kaneton,germany,2025-02-01,direct
6149,Brandon,Thompson,BRANDON.THOMPSON851@GMAIL.COM,(269)253-4329x50646,Port Mikestad,USA,2025-06-26T20:04:54,email
6150,David,Graham,David.Graham685@yahoo.com,(589)886-5830,Penaland,U.K.,15.09.2025,organic_search
6151,Megan,Brooks,Megan.Brooks71@yahoo.com,,Diazfort,CA,13/10/2025,direct
6152,Monica,Medina,Monica.Medina817@yahoo.com,351.271.4522x414,Lake Marcusborough,Germany,27.01.2024,direct
6153,Ashley,Johnson,Ashley.Johnson161@gmail.com,5447418176,,Canada,10.08.2023,referral
6154,Brian,Hammond,Brian.Hammond745@hotmail.com,,Hebertton,France,18/07/2023,social_media
6155,Brandon,Myers,Brandon.Myers466@hotmail.com,(989)823-3792x06380,Weberfort,France,03.06.2024,paid_search
6156,Eric,Johnson,Eric.Johnson623@gmail.com,(343)884-2823x9639,Port Amber,FR,05-26-2024,email
6157,William,Curry,William.Curry635@hotmail.com,870.852.7683x73548,West Kimberlymouth,France,2023-01-19T06:56:06,paid_search
6158,Laura,Murphy,Laura.Murphy477@gmail.com,955-799-2853x38765,West Anthony,Germany,2023-03-15,social_media
6159,Jeremy,Davis, Jeremy.Davis849@hotmail.com ,001-958-439-3660x553,West Ashleytown, USA ,2024-04-08T07:47:58,referral
6160,Michele,Newton,Michele.Newton66@yahoo.com,(278)754-7429,Forbeshaven,CA,2024-12-28T13:16:01,social_media
6161,Beverly,Santos,Beverly.Santos64@hotmail.com,001-842-395-2496x7269,Port Gregoryside,Canada,27/06/2025,email
6162,Alexander,Williams,Alexander.Williams958@hotmail.com,001-833-550-4258x538,Davidton,uk,2023-09-27,direct
6163,Jessica,Mathis,Jessica.Mathis208@yahoo.com,001-837-756-3885,Lake Christopher,DE,15.05.2023,direct
6164,Joyce,Vaughn,Joyce.Vaughn539@gmail.com,(856)342-9277x823,Port Christian,DE,01-08-2025,paid_search
6165,John,Anderson,John.Anderson860@yahoo.com,,Port Larry,France,21.01.2024,direct
6166,Katherine,Wyatt,Katherine.Wyatt75@hotmail.com,+1-276-584-8490x006,Lake Jackson,france,2023-08-04,organic_search
6167,Shirley,Savage,Shirley.Savage859@hotmail.com,+1-793-414-5662,Lake Olivia,United States,25.04.2023,social_media
6168,Michael,Chen,Michael.Chen453@yahoo.com,001-965-930-1938x4404,Christopherburgh,USA,25/12/2023,paid_search
6169,Jennifer,Mcneil, Jennifer.Mcneil838@yahoo.com ,(388)852-5302,Leeside,U.K.,13/07/2025,social_media
6170,Michelle,Torres,Michelle.Torres76@yahoo.com,(577)283-9018x38440,North Jamesport,France,2025-07-16T16:52:02,paid_search
6171,Christina,Lopez,Christina.Lopez280@yahoo.com,590-561-8872x23530,Castilloside,FR,2025-08-03,direct
6172,John,Hicks,John.Hicks180@hotmail.com,466-612-6811,Lake Edwin,germany,2023-02-27T02:01:22,direct
6173,Julie,Byrd,Julie.Byrd260@gmail.com,657-344-4569x35835,Lake Jameschester,france,2025-01-19T16:05:37,paid_search
6174,Steven,Dunn,Steven.Dunn198@yahoo.com,+1-366-211-3014x444,Sarahchester,uk,2024-10-04T20:26:55,email
6175,Amanda,Arias,Amanda.Arias418@yahoo.com,276.861.4489,Bettymouth,U.K.,2023-08-15T13:36:00,organic_search
6176,Robin,Perez,Robin.Perez513@gmail.com,631-505-7169,Lake Aliciamouth,CA,2023-03-12T10:37:28,organic_search
6177,Olivia,Molina,Olivia.Molina396@hotmail.com,,Toddport,FR,2025-12-18,referral
6178,Denise,Valdez,Denise.Valdez637@yahoo.com,486-421-8754x06570,Matthewstad,germany,2024-06-04,social_media
6179,Eric,Simpson,Eric.Simpson463@gmail.com,305.797.6180,Davidborough,CA,29/01/2023,email
6180,James,Berger,James.Berger192@gmail.com,(931)650-3377,Stephensonport,United States,30/11/2023,email
6181,Stephanie,Brock,Stephanie.Brock519@yahoo.com,289.860.0032,Klineland,canada,23.07.2025,organic_search
6182,Lindsey,Fuller,LINDSEY.FULLER218@HOTMAIL.COM,,Phammouth,USA,2025-04-09,referral
6183,Robin,Mcdaniel,Robin.Mcdaniel979@gmail.com,+1-204-942-4166,New Marilyn,germany,2025-04-01T13:49:23,organic_search
6184,Christine,Robertson,Christine.Robertson444@hotmail.com,(453)445-7568x348,Woodshaven,United Kingdom,22/04/2023,paid_search
6185,Yvonne,Gonzalez,Yvonne.Gonzalez463@hotmail.com,233-333-6248x900,New Savannahside,United States,2025-06-28,referral
6186,Thomas,Santos,Thomas.Santos470@hotmail.com,+1-714-573-3220x63399,Danielbury,Germany,11-03-2023,paid_search
6187,Laura,Maxwell,Laura.Maxwell533@hotmail.com,255-250-1453x073,,DE,09-06-2024,direct
6188,Greg,Monroe,Greg.Monroe18@hotmail.com,7072737655,Paigefurt,United States,2025-08-20,social_media
6189,Kathryn,Thompson,Kathryn.Thompson496@gmail.com,001-336-499-9575x38029,East Alejandraton,uk,15.09.2023,organic_search
6190,Eugene,Perez,Eugene.Perez367@hotmail.com,(540)211-6628x9279,Port Lauriestad,canada,03/10/2025,email
6191,Shelley,Gomez,Shelley.Gomez928@yahoo.com,,Davisbury,FR,2025-03-11,referral
6192,Erin,Moreno,Erin.Moreno541@hotmail.com,001-250-901-7692x099,Port Stephen,United States,2024-03-11T17:52:23,direct
6193,Rachel,Dorsey,Rachel.Dorsey961@hotmail.com,001-808-652-5946x3089,Berryburgh,Germany,2025-06-11T15:06:49,email
6194,Melissa,Charles,Melissa.Charles90@yahoo.com,634-799-9255,Michelleside,Canada,07-02-2024,organic_search
6195,Marissa,Hogan,Marissa.Hogan717@gmail.com,(872)523-4028x79573,Edwardsshire,Germany,15.06.2024,direct
6196,Mark,Anderson,Mark.Anderson29@hotmail.com,,Cruzshire,uk,2023-02-17T14:35:38,email
6197,Laura,Snyder,Laura.Snyder628@hotmail.com,001-713-861-7369x65403,Christensenberg,United States,2024-12-27,referral
6198,Christina,Jones,Christina.Jones,001-730-743-1130x121,North Darrenshire,France,05-28-2025,referral
6199,Michelle,Taylor,Michelle.Taylor985@hotmail.com,(664)218-7429x48806,Stonemouth,United Kingdom,04-09-2024,organic_search
6200,Amy,Stephenson,Amy.Stephenson215@hotmail.com,(498)543-4959x7958,Port Kenneth,U.K.,15/07/2024,social_media
6201,Veronica,Davis,Veronica.Davis923@yahoo.com,(727)572-0807x94835,North Randallfurt,usa,14.06.2024,email
6202,Christopher,Spencer,Christopher.Spencer219@gmail.com,,Hillbury,United States,2024-09-18,email
6203,Ivan,Neal,Ivan.Neal109@gmail.com,001-463-758-7921,South Alexisbury,DE,16.02.2023,email
6204,Mary,Carroll,Mary.Carroll324@hotmail.com,+1-389-405-2152x574,Port Kelli,United Kingdom,2025-07-18T12:05:14,email
6205,Beth,Edwards,Beth.Edwards592@yahoo.com,+1-961-591-9878x7582,Graceburgh,U.K.,2023-09-03T20:45:24,social_media
6206,Jamie,Price,Jamie.Price734@gmail.com,7273031442,Lake Yvonneland,CA,24.10.2024,organic_search
6207,Bradley,Guzman,Bradley.Guzman52@gmail.com,001-505-437-0986x17292,Lake Beth,Germany,14.05.2025,referral
6208,Teresa,Moreno,Teresa.Moreno385@yahoo.com,361-922-0707x3197,Janetfurt,CA,2025-08-07,social_media
6209,Ian,Lewis,Ian.Lewis755@hotmail.com,(675)966-3763x7335,Port Jill,france,02-21-2025,email
6210,Anthony,Fox,Anthony.Fox673@gmail.com,,Cindyville,France,2025-02-20T19:35:56,social_media
6211,Alan,Hawkins,Alan.Hawkins93@yahoo.com,(488)261-5553x51359,,DE,05-28-2024,email
6212,Steve,Perry,Steve.Perry397@hotmail.com,489.596.8427x58466,Josephfurt, USA ,2023-04-18T18:28:39,paid_search
6213,Linda,White,Linda.White238@gmail.com,,Stephensfurt,france,06/03/2023,organic_search
6214,Michele,Barton,Michele.Barton745@hotmail.com,605.470.8109x1343,Barnesborough,France,11-17-2024,paid_search
6215,Clinton,Wilson,Clinton.Wilson296@hotmail.com,+1-251-282-1642,New Stephanieshire,canada,03.04.2023,social_media
6216,Amber,Powers,Amber.Powers801@hotmail.com,(397)228-0995x7810,,DE,08.11.2023,social_media
6217,John,Wood,John.Wood72@gmail.com,,Alishafort,United Kingdom,2023-11-13,social_media
6218,Robert,Jimenez,Robert.Jimenez738@hotmail.com,297.916.4799,Donaldberg,U.K.,2024-07-13,social_media
6219,John,Ward,John.Ward895@gmail.com,001-413-393-0239,Ashleymouth,UK,2023-02-13,direct
6220,Joe,Lewis,Joe.Lewis160@gmail.com,6602096215,Aprilshire,U.K.,2025-01-25T10:40:35,social_media
6221,Daniel,Hanna,Daniel.Hanna498@yahoo.com,(339)438-6516x0486,South Markside,United States,12.09.2024,referral
6222,Gregory,White,Gregory.White426@gmail.com,959.216.1365,Kathrynport,Germany,04.12.2024,email
6223,Heather,Jackson,Heather.Jackson878@hotmail.com,,New Alexandra,UK,20.04.2025,direct
6224,Shawn,Lee,Shawn.Lee883@gmail.com,769-239-3361,,U.K.,2023-06-30T03:23:32,organic_search
6225,Stephanie,Stevens,Stephanie.Stevens183@yahoo.com,(871)762-5626x65781,Bowersstad,FR,07/06/2025,email
6226,Lauren,Hunt,Lauren.Hunt,824.802.1019x23702,Port Carmenville,US,31/10/2023,organic_search
6227,Michael,Jackson,Michael.Jackson951@yahoo.com,,Lake Danielle,FR,2025-08-13T11:56:19,organic_search
6228,Kristin,Oconnell,Kristin.Oconnell806@hotmail.com,765.824.3943,Jasmineton,U.K.,10-14-2025,email
6229,Richard,Thornton,Richard.Thornton755@yahoo.com,001-386-415-8435x814,Jamiechester,France,01-15-2023,organic_search
6230,Laura,Sweeney,Laura.Sweeney564@yahoo.com,(380)206-6227x712,North Deborah,france,2025-01-03,paid_search
6231,Kevin,Padilla,Kevin.Padilla860@gmail.com,6567901716,Kellyville,CA,19/07/2023,organic_search
6232,Jennifer,Cordova,Jennifer.Cordova26@yahoo.com,,South Jasonhaven,UK,2024-07-19T14:56:17,email
6233,Deanna,Miller,Deanna.Miller640@yahoo.com,(402)527-8311x695,Jessicaborough,germany,2025-05-20,organic_search
6234,Anna,Rios,Anna.Rios638@gmail.com,001-303-424-0072,New Robinside,France,07/06/2025,paid_search
6235,Veronica,Donaldson,Veronica.Donaldson360@yahoo.com,527-202-0945x5746,Kathrynbury,U.K.,2024-08-02,email
6236,Daniel,Coleman,Daniel.Coleman55@gmail.com,4772852753,Dayborough,USA,16/11/2024,direct
6237,Kerry,Wilson,Kerry.Wilson815@hotmail.com,(271)433-9745,West Michaelville,canada,2025-02-06T02:08:38,paid_search
6238,Christopher,Bradley,Christopher.Bradley981@yahoo.com,+1-378-666-4391x326,Matthewburgh,germany,2025-03-28T07:27:51,referral
6239,Lawrence,Stafford,Lawrence.Stafford691@gmail.com,734.451.2919x58709,Clarkburgh,CA,2023-07-27T23:39:37,social_media
6240,Scott,Thompson,Scott.Thompson973@yahoo.com,+1-553-796-3502,Timothytown,usa,05.05.2023,email
6241,Crystal,Barron,Crystal.Barron283@yahoo.com,476-652-8683x843,Mortonchester,United Kingdom,12.04.2025,paid_search
6242,Christopher,Jones,Christopher.Jones596@gmail.com,638-633-5068x974,Colliermouth,USA,2023-07-07T17:15:47,organic_search
6243,David,Hill,David.Hill721@gmail.com,+1-755-529-8071x796,North Samuel,U.K.,2023-11-18,social_media
6244,Aaron,Wilson,Aaron.Wilson785@yahoo.com,486.349.6465x8894,Troyside,Canada,2024-05-01,referral
6245,Malik,Brown,Malik.Brown41@hotmail.com,709-792-6436x902,Nancyburgh,FR,18.02.2023,referral
6246,Michael,Ritter,Michael.Ritter533@gmail.com,(795)540-1795,Wendyfort,germany,01-20-2023,email
6247,Bradley,Mitchell,Bradley.Mitchell321@gmail.com,5522835963,Port Jerrymouth,DE,11-15-2023,email
6248,Stacey,Wilson,Stacey.Wilson795@gmail.com,,Maciasland,canada,06-16-2023,paid_search
6249,John,Malone,John.Malone946@yahoo.com,+1-309-460-2015,Williamsmouth,canada,07-10-2024,social_media
6250,Susan,Lane,Susan.Lane188@hotmail.com,820.502.4263,South Charles,DE,2024-01-11,email
6251,Yesenia,Ramirez,Yesenia.Ramirez81@yahoo.com,001-606-393-7121x8353,South Jeffrey,U.K.,24/09/2025,paid_search
6252,Anthony,Garner,Anthony.Garner331@hotmail.com,951-980-4963,Lake Garyton,FR,2025-06-07,social_media
6253,Anthony,Thompson,Anthony.Thompson756@gmail.com,4588099826,Goodwinchester,USA,2023-03-27T02:24:45,paid_search
6254,Megan,Johnson,Megan.Johnson711@yahoo.com,(885)903-8853,South Perryborough,US,2024-08-02,organic_search
6255,Margaret,Wells,Margaret.Wells260@hotmail.com,952.314.1804,North Stephanie,US,12-01-2023,referral
6256,Jesse,Barker,Jesse.Barker160@gmail.com,212-774-7054,Ellisfurt,Canada,12.03.2023,referral
6257,Jill,Miller,Jill.Miller493@yahoo.com,564-879-7618x574,Maysstad,CA,01-20-2024,paid_search
6258,Brandon,Gallagher,Brandon.Gallagher662@hotmail.com,551-581-8538x124,Port Danville,DE,08-12-2024,paid_search
6259,Adam,Burke,Adam.Burke294@yahoo.com,282.694.1997x653,,United Kingdom,03.12.2024,social_media
6260,Alexandria,Martin,Alexandria.Martin555@hotmail.com,(215)350-3968,South Angelaland,U.K.,2025-12-20,paid_search
6261,Amber,Lozano,Amber.Lozano471@yahoo.com,7647922073,Haaston,uk,15.11.2024,organic_search
6262,David,Pearson,David.Pearson229@gmail.com,001-649-645-1319,Maciaston,USA,2023-06-17,email
6263,Jasmine,Jones,Jasmine.Jones430@yahoo.com,602.915.6013,Morganhaven,usa,2023-07-24,paid_search
6264,Joshua,Murray,Joshua.Murray652@gmail.com,805-820-6810,East Andreamouth,france,17.10.2023,organic_search
6265,Kelsey,Rhodes,Kelsey.Rhodes925@hotmail.com,+1-243-657-1102x3477,Griffithshire,USA,2025-09-08,social_media
6266,Brent,Martin,Brent.Martin38@hotmail.com,+1-313-993-7299,Wrightberg,U.K.,2025-02-18T14:53:41,social_media
6267,Rebecca,Delgado,Rebecca.Delgado80@gmail.com,414.340.9306x94827,Margaretport,france,09.05.2024,paid_search
6268,Paul,Carter,Paul.Carter793@gmail.com,471.942.5463x307,North Dennis,DE,10-21-2023,social_media
6269,Kristin,Hamilton,Kristin.Hamilton537@yahoo.com,(714)569-5614x2660,Lake Ashley,france,17.04.2025,direct
6270,Jennifer,Clark,Jennifer.Clark922@hotmail.com,8093898939,Toddport,usa,23.03.2023,direct
6271,Jeffrey,Baker,Jeffrey.Baker150@hotmail.com,411.484.6298x20107,Wilsonland,DE,2023-05-23,organic_search
6272,Valerie,Mitchell,Valerie.Mitchell47@hotmail.com,778.598.3373x20253,Stewartport,FR,18.09.2023,social_media
6273,Adam,Hale,Adam.Hale230@hotmail.com,(856)607-4168x81134,New Tinaside,france,09-17-2025,organic_search
6274,Lisa,Rogers,Lisa.Rogers554@gmail.com,293.317.5009x56148,New Joshua,UK,21/01/2024,email
6275,Keith,Allen,Keith.Allen960@hotmail.com,001-971-734-4391x5936,West Christine,FR,08.09.2023,referral
6276,Sharon,Torres,Sharon.Torres760@yahoo.com,(426)221-3387x960,Darrellmouth,uk,26/10/2023,direct
6277,Dawn,Wright,Dawn.Wright998@gmail.com,391-464-6312,Lake Maureen,FR,10/04/2023,email
6278,Patricia,Gay,Patricia.Gay378@gmail.com,001-290-469-2951x249,New Rachelton,canada,09-30-2025,social_media
6279,Bryan,Johnson,Bryan.Johnson580@gmail.com,625.931.1290,Port Steven,france,2025-12-12,referral
6280,Alexander,Allen,Alexander.Allen21@hotmail.com,585-213-2505,West Richard,Canada,09-01-2025,paid_search
6281,William,Diaz,William.Diaz616@hotmail.com,2245360411,Hollowayview,UK,2024-10-19,paid_search
6282,Blake,Patterson,Blake.Patterson590@gmail.com,001-504-951-2664x97844,Booneton, USA ,2023-04-14T06:21:08,referral
6283,Beverly,Hernandez,Beverly.Hernandez977@hotmail.com,545-628-7914x881,West Tommyshire,Germany,24/11/2024,direct
6284,Craig,Savage,Craig.Savage41@hotmail.com,326-384-7167,North Shannonside,Germany,05-28-2025,paid_search
6285,Michael,Shannon,Michael.Shannon299@gmail.com,001-818-504-3996x92717,Jayfort,Germany,08-22-2023,organic_search
6286,Micheal,Walker,Micheal.Walker705@gmail.com,852.860.2486,Lake Michael,Germany,2025-11-12,direct
6287,Tyler,Campos,Tyler.Campos640@hotmail.com,(523)421-6824x19753,Antoniobury,germany,18.07.2024,email
6288,Suzanne,Barber,SUZANNE.BARBER798@GMAIL.COM,650.333.3656,South Tammyborough,Germany,2024-02-23T19:36:33,social_media
6289,Adam,Wheeler,Adam.Wheeler63@yahoo.com,9784689100,West Kirsten,Germany,07-24-2025,referral
6290,Beth,Aguilar,Beth.Aguilar435@gmail.com,(339)467-7392x3251,Maxwellborough,usa,25.09.2023,organic_search
6291,John,Davis,John.Davis149@yahoo.com,001-743-301-7199x106,Blairport,germany,13/01/2025,paid_search
6292,Matthew,Whitaker,Matthew.Whitaker545@gmail.com,+1-797-741-6492x730,North Christina,Canada,2023-03-13T08:32:33,paid_search
6293,Tracey,Solomon,Tracey.Solomon889@yahoo.com,,Lake Dustinside,uk,02/01/2025,organic_search
6294,Clinton,White,Clinton.White336@hotmail.com,,Destinyhaven,DE,2023-12-13,social_media
6295,Michael,Austin,Michael.Austin887@gmail.com,7168780739,East Katelyn,germany,14/11/2023,direct
6296,Kelsey,Davis,Kelsey.Davis56@gmail.com,678.740.1688x9727,Millerfurt,United States,18/04/2025,direct
6297,Patrick,Jenkins,Patrick.Jenkins799@hotmail.com,334.348.7621x982,North Trevor,FR,09/09/2023,paid_search
6298,William,Rogers,William.Rogers30@hotmail.com,6126602532,West Brendashire,usa,31/01/2025,direct
6299,Michele,Scott,Michele.Scott299@gmail.com,001-526-950-6482,Davisbury,USA,11-08-2025,organic_search
6300,Nathan,Holmes,Nathan.Holmes864@yahoo.com,001-818-232-9411x1686,Michellestad,CA,16/11/2025,paid_search
6301,Laura,Warner,Laura.Warner283@yahoo.com,804.505.0922x77286,Michaelbury,Canada,2023-06-24T17:23:02,referral
6302,Sharon,Smith,Sharon.Smith182@yahoo.com,703.619.4164x4433,West Ryan,usa,2025-06-03T12:19:40,organic_search
6303,Jody,Yates,Jody.Yates155@hotmail.com,350-343-7371x256,Lake Johnathanport,DE,10-12-2023,paid_search
6304,Lisa,Ochoa,Lisa.Ochoa387@gmail.com,,,USA,03-09-2025,social_media
6305,Kayla,Dixon,KAYLA.DIXON7@GMAIL.COM,467-301-7881x3543,Port Davidport,France,2024-06-03,email
6306,Daniel,Williams,Daniel.Williams315@yahoo.com,,Rickystad, USA ,13.11.2025,referral
6307,Cynthia,Ford,Cynthia.Ford641@hotmail.com,001-412-801-3583x42298,Davismouth,Canada,19.06.2025,referral
6308,Michelle,Garrett,Michelle.Garrett209@yahoo.com,858-972-8136x227,South Jennifer,FR,09-07-2023,referral
6309,Brandon,Lambert,Brandon.Lambert695@yahoo.com,533-517-9462,Chenchester,France,24.06.2024,referral
6310,Becky,Smith,Becky.Smith897@gmail.com,731.444.1204x7463,Traceyfurt,Canada,12-06-2025,organic_search
6311,Linda,Banks,Linda.Banks909@gmail.com,,North Katie,United States,2023-01-10,organic_search
6312,Peter,Clark,Peter.Clark586@hotmail.com,5805736511,South Renee,canada,19.08.2025,organic_search
6313,Joseph,Harrison,Joseph.Harrison586@yahoo.com,9142821880,West Melaniefort,CA,14/09/2024,social_media
6314,John,Quinn,John.Quinn320@yahoo.com,340.401.2263x300,New Micheleside,uk,2025-10-02,social_media
6315,William,Heath,William.Heath299@gmail.com,3059508569,Kathleenview,uk,2025-03-14T21:22:50,paid_search
6316,Nicholas,Butler,Nicholas.Butler963@gmail.com,(321)868-2808,, USA ,08/02/2024,email
6317,Gregory,Kennedy,Gregory.Kennedy201@hotmail.com,7025713462,Justinchester,CA,2024-05-30,social_media
6318,Ryan,Jefferson,Ryan.Jefferson462@hotmail.com,5412026803,Avilastad,Canada,29/06/2025,direct
6319,Bradley,Suarez,Bradley.Suarez809@yahoo.com,(233)395-1788,Taraborough,CA,27/03/2025,referral
6320,Chase,Thompson,Chase.Thompson106@hotmail.com,(628)481-9826,Alexandrachester,United States,10.11.2025,social_media
6321,Edward,Hill,Edward.Hill248@hotmail.com,,Leehaven,usa,2024-12-27T22:51:17,direct
6322,Jenna,Gonzales,Jenna.Gonzales404@hotmail.com,256-551-0018,Russellberg,CA,02.08.2025,referral
6323,Christopher,White,Christopher.White96@gmail.com,001-338-935-2756,Lake Jamesmouth,Germany,2023-09-30T22:52:21,organic_search
6324,Renee,Hutchinson,Renee.Hutchinson877@hotmail.com,001-467-627-7041x256,Bowersland,france,07/04/2023,email
6325,Rebecca,Obrien,Rebecca.Obrien738@gmail.com,(372)456-3700x825,New Laura,france,18/05/2024,organic_search
6326,Kaitlin,Vargas,Kaitlin.Vargas481@gmail.com,(433)565-3847x77336,Gregorystad, USA ,2024-05-31,social_media
6327,Natalie,Wise,Natalie.Wise3@hotmail.com,+1-966-506-4753x255,West Andrew,canada,2024-02-01T14:02:35,paid_search
6328,Shannon,Finley,Shannon.Finley662@gmail.com,(452)289-9885x5059,Higginsborough,usa,19.07.2025,referral
6329,John,Brown,John.Brown267@hotmail.com,991.504.2855x798,Port David,DE,2024-12-31T04:50:43,direct
6330,Megan,Hernandez,Megan.Hernandez341@hotmail.com,(930)388-0355,Kimberlyburgh,U.K.,2025-11-18,paid_search
6331,David,Jackson,David.Jackson892@hotmail.com,001-464-666-6045x89453,West Sean,USA,2024-05-31T00:44:34,direct
6332,Melissa,Aguirre,Melissa.Aguirre643@hotmail.com,547.615.4159x70541,Jeremyport,UK,01-20-2023,referral
6333,Jennifer,Lucas,Jennifer.Lucas361@gmail.com,001-856-765-7262x562,Ashleyfurt,Canada,23/09/2023,referral
6334,Lindsey,Keller,Lindsey.Keller100@yahoo.com,(708)510-8578x8004,Christopherfurt,France,2023-09-08T19:51:40,referral
6335,Megan,Griffin,Megan.Griffin557@yahoo.com,943-929-0765x8244,Ashleyside,France,01-27-2024,email
6336,Kimberly,Scott,Kimberly.Scott855@hotmail.com,(706)478-1446x494,Amystad,United States,23.01.2025,email
6337,Caitlin,Blevins,Caitlin.Blevins890@hotmail.com,+1-410-361-5343x36671,Lake Veronicashire,US,02/08/2025,paid_search
6338,Charles,Lloyd,Charles.Lloyd105@hotmail.com,782-841-7946x522,Martinstad,CA,05-19-2024,organic_search
6339,Gerald,Lowe,Gerald.Lowe967@gmail.com,001-453-705-1327x087,Sharonfurt,UK,2025-07-01T18:58:41,paid_search
6340,Eric,Hall,Eric.Hall764@hotmail.com,761.958.9250x71333,Davidborough,CA,12-23-2025,referral
6341,Megan,Ward,Megan.Ward290@yahoo.com,001-965-293-1491,Wellsmouth,France,2024-12-01T14:56:49,social_media
6342,Jessica,Johnson,Jessica.Johnson137@gmail.com,,Beardtown,DE,2025-03-12T10:40:08,organic_search
6343,Howard,Thomas,Howard.Thomas62@gmail.com,,New Samuelton,uk,11/08/2023,referral
6344,Dennis,Levy,Dennis.Levy454@yahoo.com,(536)840-6386,West Timothyfort,U.K.,2024-05-05,social_media
6345,Megan,Wang, Megan.Wang117@yahoo.com ,(870)331-0051x11277,,Germany,2024-07-07,referral
6346,James,Sullivan,James.Sullivan610@yahoo.com,(793)383-5865,New Joseph,usa,2025-07-06,organic_search
6347,Sally,Murphy,Sally.Murphy750@yahoo.com,9565353067,Charlestown,France,01-08-2024,email
6348,Nancy,Gonzales, Nancy.Gonzales74@hotmail.com ,829-546-4117x1393,Port Wesleystad,FR,2025-11-04T18:30:04,referral
6349,Wesley,Burgess,Wesley.Burgess415@yahoo.com,001-329-882-8122,Lake Amandaborough, USA ,21/10/2024,social_media
6350,Jamie,Martin,Jamie.Martin571@yahoo.com,+1-919-946-0078x51815,Austinview,usa,03.03.2024,referral
6351,Christopher,Montgomery,Christopher.Montgomery996@yahoo.com,,South Abigailville,USA,14.10.2025,paid_search
6352,George,Guzman,George.Guzman704@gmail.com,001-939-866-8729x3631,New Dianehaven,Canada,04-20-2024,email
6353,Tonya,Anderson,Tonya.Anderson890@gmail.com,+1-400-752-2389x241,Leeview,United Kingdom,07-20-2025,paid_search
6354,Timothy,Sullivan,Timothy.Sullivan385@gmail.com,,Barneshaven,canada,02/03/2023,email
6355,Kevin,Williams,Kevin.Williams191@hotmail.com,508.773.7116x1741,South Adam,US,13/10/2023,referral
6356,Andrew,Rose,Andrew.Rose958@yahoo.com,903.724.0971x62834,Amandatown,Germany,24.01.2024,organic_search
6357,Melissa,Riggs,MELISSA.RIGGS98@GMAIL.COM,+1-314-867-2608x860,,germany,05.10.2024,paid_search
6358,Anthony,Mcmillan,Anthony.Mcmillan183@gmail.com,289.370.8952,Lake Kimberlyton,U.K.,23.11.2024,email
6359,Morgan,Williams,Morgan.Williams985@gmail.com,001-387-410-9126x7618,Lake Christopher,US,2024-09-12,social_media
6360,Heather,Garcia,Heather.Garcia497@gmail.com,+1-781-903-5741x231,Smithbury,Canada,2024-12-19,email
6361,Jim,Smith,Jim.Smith,+1-828-572-9131x031,Lake Carolport,UK,11/12/2024,paid_search
6362,Jodi,Mason,Jodi.Mason311@gmail.com,8935645885,Joseton,Canada,20/01/2023,referral
6363,Samuel,Medina,Samuel.Medina50@hotmail.com,(818)593-1929x31982,,U.K.,2024-04-30,organic_search
6364,Blake,Morgan,Blake.Morgan917@hotmail.com,501-923-6166x033,Port Hollymouth,FR,2024-04-08T05:49:35,referral
6365,Emily,Mason,Emily.Mason678@gmail.com,365-631-2341x57750,Davidchester,U.K.,03.10.2023,email
6366,Anne,Steele,Anne.Steele350@gmail.com,,Port Tinamouth,germany,2025-08-20T18:58:09,paid_search
6367,Kathryn,Wolfe,Kathryn.Wolfe759@gmail.com,621.627.5092,Mayborough, USA ,12.03.2024,social_media
6368,Stacy,Webb,Stacy.Webb505@gmail.com,,Wellston,France,2023-07-15T16:58:11,social_media
6369,Darlene,Herring,Darlene.Herring867@yahoo.com,(390)805-3761x308,Burnsberg,uk,11-20-2025,email
6370,Tara,Lyons, Tara.Lyons439@gmail.com ,001-480-896-4927x167,East Kathleenton,CA,2023-08-26,organic_search
6371,Anne,Chen,Anne.Chen22@hotmail.com,649.823.0679,Lewisland,canada,2023-04-28T11:10:57,email
6372,Peter,Hancock,Peter.Hancock304@hotmail.com,001-488-846-6133,New Carla,U.K.,2023-01-23T07:10:43,paid_search
6373,Jennifer,Stone,JENNIFER.STONE210@HOTMAIL.COM,,Gatesmouth, USA ,2023-09-29T21:20:28,organic_search
6374,Jacob,Ramirez,Jacob.Ramirez161@gmail.com,+1-554-952-5241x6166,Port Jimmy,uk,2023-10-12,social_media
6375,Michael,Miller,Michael.Miller809@hotmail.com,551-684-8132x673,Michellechester,Germany,10-28-2025,paid_search
6376,Amber,Ramos,Amber.Ramos98@hotmail.com,001-926-354-9527,East Anthony,canada,2024-12-30T11:50:49,social_media
6377,James,Jones,James.Jones808@gmail.com,303-537-3361,Erinville,UK,01/06/2024,referral
6378,Russell,Burke,Russell.Burke656@gmail.com,001-373-339-8832x550,Ericmouth,usa,06/01/2023,paid_search
6379,Lauren,Levy,Lauren.Levy241@hotmail.com,282.353.0776,East Pamela,United States,10.10.2023,referral
6380,Jenny,Nelson,Jenny.Nelson486@gmail.com,549-406-0467,,france,2024-12-22,email
6381,Sarah,Lee,Sarah.Lee773@yahoo.com,3535610515,Christinaton,USA,2025-10-12T17:15:19,social_media
6382,Sandra,Robbins,Sandra.Robbins249@hotmail.com,(355)714-6906,East Jennifer,Canada,2024-08-28,email
6383,Lauren,Long,Lauren.Long730@gmail.com,931.372.5339,East Yvonneberg,FR,09/02/2023,email
6384,Lauren,Robinson,Lauren.Robinson450@gmail.com,884-560-0603x008,Greenshire,France,19.04.2023,email
6385,Kayla,Crawford,Kayla.Crawford596@gmail.com,628-698-1856x091,North Randy,France,09-05-2024,direct
6386,Devin,Chandler,Devin.Chandler461@yahoo.com,,,canada,16/08/2023,direct
6387,Michael,Guzman,Michael.Guzman867@hotmail.com,405.867.5147,Payneshire,Canada,2023-09-15T17:52:03,direct
6388,Brian,Scott,Brian.Scott969@gmail.com,2975688481,North Steven,United States,05-25-2025,referral
6389,Daniel,Black,Daniel.Black443@hotmail.com,7355164546,New Emily,United States,29.03.2024,organic_search
6390,Diana,Jones,Diana.Jones936@yahoo.com,,East Meganborough,USA,15.06.2024,email
6391,Pamela,Rodriguez,Pamela.Rodriguez918@gmail.com,(611)473-5377x712,Lake Melissamouth,United States,2024-08-18,email
6392,Luis,Morgan,Luis.Morgan250@yahoo.com,+1-950-241-8107x543,South Amy,France,02-12-2024,email
6393,Eric,Ray,Eric.Ray949@hotmail.com,5095373803,Martinezborough,Germany,12/04/2025,organic_search
6394,Ian,Knight,Ian.Knight375@gmail.com,001-332-625-3049x100,Williamburgh,france,03/12/2025,social_media
6395,Sonya,Cooke,Sonya.Cooke367@hotmail.com,+1-486-306-4277x25947,Ruthburgh,canada,01-16-2024,paid_search
6396,Karen,Johnson,Karen.Johnson605@gmail.com,+1-929-857-2865x5902,Bridgesville,United Kingdom,17/11/2023,social_media
6397,Pamela,Harmon,Pamela.Harmon575@yahoo.com,758.708.4891x72864,New Zacharyland,U.K.,21.11.2024,referral
6398,Justin,Harris,Justin.Harris72@gmail.com,332.282.9117,Leemouth,Germany,2025-10-19T11:32:25,email
6399,Tina,Hopkins,Tina.Hopkins809@yahoo.com,639-481-7146,Lake Jamesmouth,France,2023-09-12T00:50:55,organic_search
6400,Kiara,Taylor,Kiara.Taylor23@yahoo.com,(588)482-2707x343,Gregoryberg,germany,02/10/2023,organic_search
6401,David,Johnson,David.Johnson698@gmail.com,+1-908-476-7254x491,New Brian,uk,2025-09-25T20:53:04,email
6402,Nathaniel,Rodriguez,Nathaniel.Rodriguez535@yahoo.com,(386)824-7574x096,Lopezmouth,DE,23/06/2025,paid_search
6403,Dawn,Watson,Dawn.Watson715@yahoo.com,534-668-2072x5104,Patelstad,germany,2023-09-03,social_media
6404,Robert,Huff,Robert.Huff509@hotmail.com,(500)942-7499x8613,New Anntown,uk,06-01-2024,organic_search
6405,Jorge,Fuller,Jorge.Fuller613@gmail.com,550-867-3632x420,Griffinview,germany,09-12-2023,direct
6406,April,Johnson,April.Johnson352@hotmail.com,(657)362-8577x73813,Mitchellfort,uk,12/09/2023,email
6407,David,Tate,David.Tate698@hotmail.com,719.832.8443x8278,North Robin,CA,24.03.2024,paid_search
6408,Joshua,Martin,Joshua.Martin807@yahoo.com,001-781-201-4982x022,Ricemouth,FR,18/11/2023,direct
6409,Rick,Garcia,Rick.Garcia936@hotmail.com,(616)363-4255x439,Webstermouth,US,07-12-2025,organic_search
6410,Henry,Rice,HENRY.RICE181@GMAIL.COM,001-501-346-8212x43209,Robinsonside,United Kingdom,2025-09-23T08:22:42,referral
6411,Andrew,Guerrero,Andrew.Guerrero693@gmail.com,386.292.2923x0031,South Tracey,UK,2025-05-01,social_media
6412,Patricia,Mitchell,Patricia.Mitchell599@gmail.com,567-661-6472x9539,South Rachel,U.K.,2023-01-07,organic_search
6413,Sarah,Brown,Sarah.Brown869@hotmail.com,879.517.4207x52563,Port Jamesland,US,24.04.2025,email
6414,Andrew,Lopez,Andrew.Lopez545@gmail.com,209.896.6229,Lake Kevin, USA ,22/07/2025,organic_search
6415,Timothy,Smith,Timothy.Smith843@hotmail.com,001-536-235-2776x4264,Jonesbury,usa,2025-08-19T16:08:59,paid_search
6416,David,Ball,David.Ball242@hotmail.com,653.635.7361x0508,South Abigailport,UK,26.01.2025,referral
6417,Jared,Davis,Jared.Davis180@hotmail.com,(283)285-8512x99065,West Mallorymouth,France,2023-12-02,paid_search
6418,Angela,Martin,Angela.Martin544@hotmail.com,766.809.5625x98349,Davieschester, USA ,04-26-2023,email
6419,Jason,Thompson,Jason.Thompson45@gmail.com,+1-705-280-3766,,uk,28/07/2025,social_media
6420,Mary,Dixon,Mary.Dixon402@hotmail.com,,Rebekahview,USA,31/07/2023,social_media
6421,Angela,Boyd,Angela.Boyd999@gmail.com,683-503-7125x845,,CA,27/12/2025,referral
6422,Traci,Hampton,Traci.Hampton616@hotmail.com,374.220.2828,Johnside,United Kingdom,2024-06-19T09:34:12,social_media
6423,John,Marquez,John.Marquez30@hotmail.com,932-713-1910,Lake Samantha,germany,02-10-2024,email
6424,Anita,Walton,Anita.Walton553@gmail.com,484.378.1589x68594,Haleburgh,germany,2023-09-16,referral
6425,Robert,Sims,Robert.Sims478@hotmail.com,(513)359-1292,South Melissaport,United Kingdom,03.01.2024,email
6426,Ricky,Haynes,Ricky.Haynes661@hotmail.com,961-971-8232x73882,Christophershire,france,2025-07-19T07:21:59,direct
6427,Denise,Gonzales,Denise.Gonzales858@gmail.com,,Sloantown,france,2024-10-22T21:46:39,email
6428,Nicholas,Nguyen,Nicholas.Nguyen122@gmail.com,690-648-5845x2112,West Joseph,UK,12.12.2025,email
6429,Brian,Moore,Brian.Moore128@gmail.com,+1-274-688-1909x6076,Robertton,United Kingdom,10-12-2023,organic_search
6430,Daniel,Sanchez,Daniel.Sanchez150@hotmail.com,+1-757-231-9684x70814,Lake Jeffery,United States,2024-10-23T23:09:07,referral
6431,Sean,Weaver,Sean.Weaver713@gmail.com,552.363.5325x65899,Mcmahonton,France,15/05/2024,email
6432,Brittany,Jones,Brittany.Jones447@hotmail.com,001-713-646-8003x6915,,Germany,14.06.2023,paid_search
6433,Lisa,Chan,Lisa.Chan97@gmail.com,,South Travis,Germany,2025-06-14T02:11:15,direct
6434,Courtney,Jones,Courtney.Jones244@gmail.com,+1-619-933-1043,Peterland,france,05-06-2024,direct
6435,Tara,Lewis,Tara.Lewis84@yahoo.com,,New Melissa,United Kingdom,15/12/2023,email
6436,Gregory,Dunn,Gregory.Dunn117@hotmail.com,(714)998-0924x89854,Kaylashire,Canada,01.04.2024,paid_search
6437,Angela,Adams,Angela.Adams230@hotmail.com,288.802.5444,New Timothymouth,Germany,05-15-2024,email
6438,Mia,Clay,Mia.Clay256@yahoo.com,(256)777-9420x490,Deannaview,France,19/05/2025,referral
6439,Kevin,House,Kevin.House284@gmail.com,(465)555-1971x718,East Elizabethton,usa,22/06/2023,referral
6440,Travis,Delacruz,Travis.Delacruz190@hotmail.com,(627)278-7022x685,South Thomas,USA,19.04.2025,direct
6441,David,Harrell,David.Harrell293@hotmail.com,001-490-626-2181x989,Lake Thomasside,Canada,24/04/2024,paid_search
6442,Rodney,Murphy,Rodney.Murphy562@gmail.com,+1-663-864-5895,Rodriguezfurt,France,2025-06-23,direct
6443,Andrew,Hanson,Andrew.Hanson247@yahoo.com,272-442-2131x550,Port Vicki,UK,2025-02-22,paid_search
6444,Shannon,Tate,Shannon.Tate888@yahoo.com,2496168426,New Donnamouth,Canada,2023-02-03,paid_search
6445,Michael,Young,Michael.Young,,Ashleyfurt,uk,09.04.2024,social_media
6446,Kevin,Sanchez,Kevin.Sanchez860@gmail.com,001-649-201-7936x35470,South Johnberg,France,27/01/2023,referral
6447,Elizabeth,Jackson,Elizabeth.Jackson316@hotmail.com,(666)646-2129,Brianside, USA ,2023-05-08,organic_search
6448,Jose,Cabrera,Jose.Cabrera952@hotmail.com,3294659176,West Jasontown,DE,04.08.2024,direct
6449,Kristen,Orr,Kristen.Orr643@hotmail.com,306.468.6238,Murrayside,usa,2025-10-06T11:19:30,paid_search
6450,Kyle,Johnson,Kyle.Johnson185@hotmail.com,282.641.4136x99879,Jenniferchester,DE,19/06/2025,email
6451,Kelly,Lee,Kelly.Lee562@hotmail.com,981.867.4742,Jenniferland,UK,02/03/2024,organic_search
6452,Kenneth,James,Kenneth.James745@gmail.com,,Lake Jill,France,31/10/2025,direct
6453,Michelle,Oneill,Michelle.Oneill969@yahoo.com,(480)886-8216x135,Edgarstad,germany,2023-03-01T11:59:43,email
6454,Christina,Cook,Christina.Cook986@hotmail.com,+1-843-339-7480x87700,Kayleebury,France,06/03/2025,referral
6455,Kenneth,Morgan,Kenneth.Morgan384@gmail.com,692.696.8772x9188,Port Scott,France,2023-02-03T09:47:04,direct
6456,Patrick,Avila,PATRICK.AVILA112@YAHOO.COM,428.864.0932x234,Port Jefferyburgh,US,06.04.2023,direct
6457,Jonathan,Davis,Jonathan.Davis405@hotmail.com,+1-983-824-5265x62840,Tonyport,Germany,09-24-2023,referral
6458,Rodney,Carlson,Rodney.Carlson859@yahoo.com,001-930-306-9858,New Darin,canada,2024-04-26T21:05:07,social_media
6459,Theresa,Moreno,Theresa.Moreno815@yahoo.com,+1-623-336-5508x153,North Jennifer,CA,2024-10-08T22:22:29,social_media
6460,Phillip,Jackson,Phillip.Jackson92@gmail.com,439.531.8365x156,Williamsfort,DE,2023-08-14,paid_search
6461,Elizabeth,Smith,Elizabeth.Smith575@gmail.com,(792)224-9472x86501,Johnview,canada,17.09.2025,social_media
6462,Michael,Jackson,Michael.Jackson130@yahoo.com,762.328.0937,Colintown,usa,25.10.2025,paid_search
6463,Lonnie,Moreno,Lonnie.Moreno320@hotmail.com,+1-472-854-2907x43389,Deborahburgh,Canada,2023-11-02,direct
6464,Tamara,Wilson,Tamara.Wilson773@gmail.com,001-492-301-5041,Andrewside,canada,2023-04-03T19:44:35,referral
6465,Justin,Johnston,Justin.Johnston,001-814-395-1294x226,Jacksonchester,CA,2025-10-29,email
6466,Jonathan,Rivera,Jonathan.Rivera69@hotmail.com,+1-428-926-5509x348,New Larryfort,usa,2025-12-31,email
6467,Brian,Snyder,Brian.Snyder433@hotmail.com,(472)397-4401,Brownfurt,CA,29.04.2024,social_media
6468,Andrew,Hamilton,Andrew.Hamilton410@yahoo.com,+1-498-484-0694,New Pamelabury,U.K.,2025-01-23,direct
6469,Jonathan,Faulkner,JONATHAN.FAULKNER799@YAHOO.COM,+1-470-988-1236x245,Jonesfurt,usa,26/05/2023,email
6470,Debra,Valencia,Debra.Valencia343@hotmail.com,972.480.0883x99344,East James,US,23/03/2024,paid_search
6471,Kimberly,Gonzalez,Kimberly.Gonzalez113@yahoo.com,886.610.3225,South Alyssa, USA ,2025-01-06,organic_search
6472,Jay,Cantu,Jay.Cantu131@hotmail.com,(940)961-2945x10551,Travisberg,usa,2025-05-12,direct
6473,Lisa,Bell,Lisa.Bell35@yahoo.com,(856)918-2228x10733,Lake Jeremy,DE,08-12-2024,organic_search
6474,Carol,Taylor,Carol.Taylor898@hotmail.com,(246)227-1811,Garciafort,canada,2023-06-04T04:00:37,email
6475,Brianna,Stevens,Brianna.Stevens167@yahoo.com,+1-953-968-7028x897,Burchfurt,uk,10-20-2024,direct
6476,Theodore,Ayala,Theodore.Ayala637@hotmail.com,567-753-9527x45036,East Kenneth,FR,02-11-2024,social_media
6477,Ann,Flores,Ann.Flores799@gmail.com,563-470-3954,Ashleyberg,France,2024-06-01T13:57:11,social_media
6478,Jamie,Coleman,Jamie.Coleman908@hotmail.com,5826112729,West Patrickberg,germany,2024-09-26T23:32:34,email
6479,Shane,Williams,Shane.Williams484@hotmail.com,9439066381,South Rachelborough,France,01-24-2024,direct
6480,Erin,Mays,Erin.Mays193@yahoo.com,,Katherineland,uk,26/01/2023,referral
6481,Warren,Silva,Warren.Silva958@gmail.com,(486)479-6713x25629,Lake Todd,U.K.,2024-10-22T17:42:33,referral
6482,Denise,Williams,Denise.Williams548@gmail.com,394.292.5839,Hallberg,france,26/05/2024,email
6483,Brandon,Guzman,Brandon.Guzman580@hotmail.com,,Lake Dianeland,canada,10-05-2025,direct
6484,Victoria,Benitez,Victoria.Benitez704@hotmail.com,+1-846-260-6124x05687,Thomasburgh,france,11-03-2024,direct
6485,Jamie,Smith,Jamie.Smith81@yahoo.com,763-496-0979x525,West Miamouth,FR,06-22-2023,organic_search
6486,William,Riddle,William.Riddle259@gmail.com,(959)400-7109,Christopherbury,CA,28/03/2024,email
6487,Patrick,Brennan,Patrick.Brennan717@gmail.com,332-843-8004x60757,Rodriguezchester,germany,11-10-2025,social_media
6488,Jasmine,Johnson,Jasmine.Johnson674@gmail.com,+1-613-724-6765x817,Mauriceport,Canada,30.03.2024,social_media
6489,Rachel,Yates,Rachel.Yates171@hotmail.com,+1-925-631-4112x478,,UK,2024-10-05T09:36:47,organic_search
6490,Barbara,Fox,Barbara.Fox949@yahoo.com,(337)781-1411,New Melissaton,usa,10/01/2023,referral
6491,Noah,Mayer,NOAH.MAYER133@YAHOO.COM,001-708-778-6878x68953,Micheletown,germany,14.06.2024,email
6492,Sharon,Edwards,Sharon.Edwards771@hotmail.com,001-533-893-0936x76078,New Lisa,Germany,27/12/2023,organic_search
6493,Anthony,Lee,Anthony.Lee416@hotmail.com,001-583-346-9162x730,Lake Allen, USA ,06-20-2025,referral
6494,Michelle,Frost,Michelle.Frost773@hotmail.com,(371)345-2732x6194,East Ryan,france,22/01/2023,paid_search
6495,Johnny,Bean,Johnny.Bean139@gmail.com,552-570-6243x3653,Lake Jessicaburgh,France,11.12.2023,referral
6496,Carla,Morales,Carla.Morales490@yahoo.com,+1-714-762-1393x62169,Dianabury,UK,2023-06-15,direct
6497,Ashley,Smith,Ashley.Smith,634.282.6452,West Victoriaborough,DE,2025-01-27,email
6498,Isabella,Henry,Isabella.Henry49@hotmail.com,+1-279-452-7079x51527,New Alexander,uk,12/08/2025,direct
6499,Sarah,Lee,Sarah.Lee495@hotmail.com,967-475-7601x886,Riverastad,United Kingdom,09.02.2025,direct
6500,Aaron,Pearson,Aaron.Pearson148@hotmail.com,+1-935-809-3971x147,Blackport,France,14/03/2023,paid_search
6501,Matthew,Green,Matthew.Green580@hotmail.com,+1-627-972-2144x4387,Elizabethland,France,2024-05-22T07:41:02,email
6502,Sheena,Mathis,Sheena.Mathis366@gmail.com,(347)612-9932x899,Hannahberg,France,19.04.2025,organic_search
6503,Joshua,Garcia,Joshua.Garcia692@yahoo.com,3419768415,North Andrewfurt,canada,2023-07-22T22:17:10,direct
6504,Heather,Simmons,Heather.Simmons407@yahoo.com,(408)344-1016x722,Hamiltonport,germany,2024-05-13T12:57:55,email
6505,Alexandra,Palmer,Alexandra.Palmer529@hotmail.com,465-981-5966x849,Port Jessicafurt,canada,19.01.2023,email
6506,George,Flores,George.Flores498@yahoo.com,207.859.8352x578,Lambertburgh,DE,2024-10-03T02:12:00,email
6507,Mason,Duncan,Mason.Duncan218@hotmail.com,982-614-3086x69341,South Ashley,United States,18/04/2024,paid_search
6508,Beth,Jackson,Beth.Jackson908@gmail.com,+1-386-627-8629x158,Donovanmouth,USA,06/07/2023,referral
6509,Lisa,Wright,Lisa.Wright458@yahoo.com,927-351-3101x0100,Robinsonbury,germany,08/06/2024,direct
6510,Charles,Gonzalez,Charles.Gonzalez690@yahoo.com,977.211.3320x428,New Paul,germany,2023-04-24,paid_search
6511,Diana,Bennett,Diana.Bennett332@gmail.com,826.462.0525,Lake Becky,Canada,2023-01-27T20:43:49,organic_search
6512,Melissa,Cook,Melissa.Cook947@yahoo.com,397.828.0615,Perryberg,CA,18.04.2024,email
6513,Amanda,Estrada,Amanda.Estrada791@hotmail.com,001-202-694-0628x9824,West Jennifer,Canada,2025-11-30,email
6514,Tanya,Torres,Tanya.Torres872@yahoo.com,763-449-7535x374,Jacobmouth,U.K.,15/01/2023,email
6515,Ryan,Hunt,Ryan.Hunt336@yahoo.com,307.711.7633x6618,West Brianaport,usa,02/12/2025,organic_search
6516,Timothy,Kelley,Timothy.Kelley484@gmail.com,(395)585-5300,Lopezmouth,germany,2024-04-09T10:18:33,email
6517,Phyllis,Velasquez,Phyllis.Velasquez309@gmail.com,689-545-5160x91179,East Eric, USA ,2023-02-21T23:59:38,email
6518,Angela,Frye,Angela.Frye869@gmail.com,,Catherinestad,DE,2024-09-06T16:54:05,email
6519,Michael,Webb,Michael.Webb843@yahoo.com,,Amandamouth,france,2023-10-26,referral
6520,Brandon,Lane,Brandon.Lane392@yahoo.com,881.310.9090x43370,Weaverburgh,uk,2024-01-13T10:50:38,organic_search
6521,Angela,Thompson,Angela.Thompson193@gmail.com,947.879.3367x611,South Janicemouth,France,18/08/2024,email
6522,Russell,Alvarez,Russell.Alvarez925@gmail.com,(571)987-1820x178,Amymouth,USA,2025-04-03,direct
6523,Kevin,Garza,Kevin.Garza57@yahoo.com,890-922-7934,Abigailhaven,DE,2023-11-26T02:41:44,referral
6524,Mark,Stephens,Mark.Stephens420@yahoo.com,,East Staciebury,usa,2024-02-14,email
6525,Robert,Pace,Robert.Pace686@gmail.com,979.569.3117,Tinastad,canada,19/05/2025,email
6526,Laura,Hall,Laura.Hall877@hotmail.com,547.894.4033,Williamsfurt, USA ,2025-06-10T13:14:47,paid_search
6527,Curtis,Harris,Curtis.Harris564@yahoo.com,(910)235-2331x9072,North Johnbury,Germany,2023-08-23T11:04:41,email
6528,Stephanie,Small,Stephanie.Small243@hotmail.com,880-437-3610x1801,South Patricia,canada,2024-08-15,referral
6529,Emily,Brady,Emily.Brady695@gmail.com,001-995-698-5186x766,Danielview,DE,2023-09-11T09:34:03,organic_search
6530,Karen,Castro,Karen.Castro155@hotmail.com,+1-527-432-3776,Medinafurt,United Kingdom,28/11/2025,referral
6531,George,Dawson,George.Dawson826@hotmail.com,461-810-6508x257,Murrayfort,germany,06.11.2023,email
6532,Justin,Barnes,Justin.Barnes552@hotmail.com,,Potterbury,Germany,2024-03-05T16:09:05,email
6533,Kristen,Rojas,Kristen.Rojas894@gmail.com,(863)948-3795x233,South Marystad,United States,25/06/2023,referral
6534,Adam,Hall,Adam.Hall,471-277-2669x16462,,canada,2024-01-29T07:44:31,organic_search
6535,Matthew,Barnes,Matthew.Barnes440@gmail.com,(599)380-3752x303,North Dustinview,US,23/11/2025,email
6536,James,Fry,James.Fry164@yahoo.com,+1-658-225-2229x911,Port Dennisstad,United States,21/03/2023,email
6537,Dylan,Snyder,Dylan.Snyder379@gmail.com,001-546-948-1868x4256,Christensenbury,U.K.,13.09.2024,organic_search
6538,Amber,Smith,Amber.Smith509@yahoo.com,(885)709-6568,New Cindyberg,France,09-27-2025,referral
6539,Kimberly,Steele,Kimberly.Steele619@yahoo.com,(532)238-8776,Stoneland,uk,2023-11-05T09:16:53,email
6540,Jason,Zhang,Jason.Zhang496@yahoo.com,870-691-5931,Lake Steven,U.K.,27/05/2023,social_media
6541,Brian,Howard,Brian.Howard32@yahoo.com,+1-800-589-4157x221,Lake Alexburgh,usa,2023-08-13,paid_search
6542,David,Martin,David.Martin70@gmail.com,658.423.7918x58467,Mcconnellland,DE,17/07/2024,direct
6543,Cynthia,Bowman,Cynthia.Bowman323@hotmail.com,(350)775-3208,Lake Thomas,FR,2024-07-11T23:17:08,social_media
6544,Joseph,Wilson,Joseph.Wilson857@gmail.com,001-535-274-6536x5205,Brandonmouth,canada,03-11-2023,referral
6545,William,Campbell,William.Campbell172@gmail.com,001-928-789-3059,Brittanyland,canada,2025-02-19T19:25:55,direct
6546,David,Schroeder,David.Schroeder389@hotmail.com,(798)220-2542x0031,Shawton,United Kingdom,2025-03-27,organic_search
6547,Christopher,Peterson,Christopher.Peterson244@gmail.com,(341)631-8480x3282,South Todd,United Kingdom,2023-04-15T15:08:46,direct
6548,Amy,Johnson,Amy.Johnson434@yahoo.com,(784)825-1683x10846,Courtneyburgh,US,2023-08-03T06:50:15,organic_search
6549,James,Collins,James.Collins814@yahoo.com,,, USA ,20.05.2025,referral
6550,Rebecca,Morse,Rebecca.Morse543@yahoo.com,491-935-4542,South Daniel,CA,28.01.2023,direct
6551,Melissa,Thomas,Melissa.Thomas540@yahoo.com,,West Ashley,germany,2023-01-14,email
6552,Debra,Brooks,Debra.Brooks430@gmail.com,001-517-971-1467x26579,Lake Jessica,United Kingdom,2024-11-07,organic_search
6553,Angela,Woods,Angela.Woods339@hotmail.com,,Pearsonstad,France,04-18-2023,direct
6554,Christina,Cohen,Christina.Cohen669@hotmail.com,693-264-6696x017,,United Kingdom,04-27-2023,paid_search
6555,Ariel,Petersen,Ariel.Petersen785@yahoo.com,(323)746-2979,Lake Jenniferborough,france,18/02/2024,social_media
6556,Anthony,Rojas,Anthony.Rojas703@yahoo.com,001-978-886-0093x9161,North Robertview,France,12/02/2024,social_media
6557,Brittney,Torres,Brittney.Torres652@gmail.com,(292)338-1290x42140,Collinshaven,france,2023-10-04T05:05:05,email
6558,Madison,Fox,Madison.Fox913@gmail.com,(612)881-3274x80730,South Kurt,France,13/10/2025,organic_search
6559,Michael,Baker,Michael.Baker739@gmail.com,676-505-4015x03539,New Kayla,france,2023-01-28T20:19:52,email
6560,Emily,Ramirez,Emily.Ramirez541@hotmail.com,895-763-7807x4515,Hallland,DE,2024-05-11T12:45:59,referral
6561,Steven,Matthews,Steven.Matthews467@hotmail.com,001-751-347-6212x2866,Davischester,UK,2024-02-12T07:12:04,organic_search
6562,Brian,Christian,Brian.Christian218@hotmail.com,,North Heather,CA,2024-05-13,organic_search
6563,Joe,Smith,Joe.Smith819@gmail.com,482-910-2368x991,Gomezmouth,Germany,25/12/2024,email
6564,Brittany,Delgado, Brittany.Delgado910@yahoo.com ,3327099152,Nicholasfurt,CA,2023-01-08T06:08:47,paid_search
6565,Stacy,Clayton,Stacy.Clayton412@hotmail.com,(438)855-3282,Josephville,Canada,08/08/2025,paid_search
6566,Jose,Garcia,JOSE.GARCIA763@GMAIL.COM,,Susanchester,FR,08.01.2023,paid_search
6567,Autumn,Mccormick,Autumn.Mccormick869@gmail.com,541.484.3606x43809,Sanfordborough,france,06.05.2025,referral
6568,Michael,Gardner,Michael.Gardner282@yahoo.com,2037083004,Andersonhaven,uk,23/06/2025,organic_search
6569,Cindy,King,Cindy.King915@yahoo.com,001-355-731-9055x998,Port Jennifer,Canada,03-10-2024,direct
6570,Jonathan,Ramsey,Jonathan.Ramsey131@hotmail.com,001-859-200-7274x95916,Craigville,Canada,14/04/2023,referral
6571,Karen,Evans,Karen.Evans2@hotmail.com,001-307-540-5225x7259,Port Alexborough,uk,28/10/2025,organic_search
6572,Diane,Owens,Diane.Owens789@gmail.com,001-899-445-5827x532,Lake Dana,Canada,15/03/2025,organic_search
6573,Jennifer,Brown,Jennifer.Brown8@yahoo.com,001-851-599-9369x5841,Barbarafort,FR,12-14-2025,social_media
6574,Maria,Brooks,Maria.Brooks872@yahoo.com,451-609-0102,Popebury,CA,26/09/2025,organic_search
6575,Andrew,Olson,Andrew.Olson983@hotmail.com,677.968.1032,South Jeffreymouth, USA ,26/07/2025,referral
6576,Richard,Nichols,Richard.Nichols498@gmail.com,982.523.5167x09257,Vernonhaven,DE,2024-07-15,paid_search
6577,Carol,Mueller,Carol.Mueller795@yahoo.com,597-723-7183,New Andrew,DE,2024-08-31,paid_search
6578,Amanda,Perry,Amanda.Perry575@gmail.com,449.670.6527x961,East Jennifer,france,2024-02-18,referral
6579,James,Guzman,James.Guzman910@gmail.com,,North Coryfurt,FR,12-27-2025,email
6580,Christopher,Mason,Christopher.Mason9@gmail.com,,South Reginaldshire,canada,2023-04-11,email
6581,Jonathan,Edwards,Jonathan.Edwards727@gmail.com,863.609.6500x4011,Aliceville,U.K.,03/09/2025,paid_search
6582,Lauren,Welch,LAUREN.WELCH475@HOTMAIL.COM,582.329.4140x612,Jasmineview, USA ,24/11/2025,paid_search
6583,Sara,Farrell,Sara.Farrell9@gmail.com,8387977312,,U.K.,2025-05-21,paid_search
6584,Andrew,Chavez,Andrew.Chavez209@hotmail.com,940-463-1225x55119,Lewismouth,uk,2025-06-05T06:41:09,social_media
6585,Elizabeth,Dominguez,Elizabeth.Dominguez125@gmail.com,5658519497,South Douglas,uk,2024-11-23,email
6586,Brian,Jordan,Brian.Jordan288@gmail.com,+1-967-225-2831,Nathanborough,CA,29.03.2023,referral
6587,Kristina,Jimenez,Kristina.Jimenez387@yahoo.com,,East Kimberlyfort,U.K.,2024-08-10T10:34:58,direct
6588,Nicholas,Lee,Nicholas.Lee741@yahoo.com,,Bryanport,usa,03.03.2023,email
6589,Stephanie,Carlson,Stephanie.Carlson744@gmail.com,,North Natasha,USA,07/11/2025,paid_search
6590,Carrie,Richardson,Carrie.Richardson690@gmail.com,+1-820-952-7000,Dominguezbury,CA,02.02.2023,referral
6591,Patricia,Howell,Patricia.Howell538@hotmail.com,001-848-382-5951x9110,North Erinshire,US,2024-06-20,paid_search
6592,Madison,Williams,Madison.Williams988@yahoo.com,530.216.2988x57744,Gomezstad,UK,26/05/2024,direct
6593,Amanda,Horton,Amanda.Horton729@hotmail.com,759.923.1387x04251,Lake Carolinemouth,usa,2025-04-23T15:40:37,referral
6594,Abigail,Anderson,Abigail.Anderson818@gmail.com,858.791.4092,North Janetberg,Canada,01-29-2025,direct
6595,Lisa,Collins,Lisa.Collins230@gmail.com,657-803-3900,Matthewfort,FR,2025-06-29,referral
6596,Andrea,Weber,Andrea.Weber712@yahoo.com,(846)540-3037x276,Crosbyshire,FR,06/06/2025,email
6597,Amanda,Sanchez,Amanda.Sanchez268@hotmail.com,+1-906-989-4790x8405,South Lance,FR,03.12.2023,organic_search
6598,Cynthia,Patton,Cynthia.Patton68@gmail.com,(302)810-9149,,CA,2025-03-13,direct
6599,Jennifer,Schroeder,Jennifer.Schroeder552@yahoo.com,874-692-2200x84416,Mariaview,canada,2024-10-21T22:28:12,paid_search
6600,Tiffany,James,Tiffany.James657@yahoo.com,629.815.5487x2892,Perezmouth,United Kingdom,2023-09-22,social_media
6601,Michael,Blake,Michael.Blake174@yahoo.com,+1-384-875-0882x462,Crystalton,US,12-01-2024,paid_search
6602,Brent,Herrera,Brent.Herrera555@gmail.com,983-727-2231,Kathleenville,UK,09-17-2023,organic_search
6603,Jeremy,Spencer,Jeremy.Spencer258@yahoo.com,(576)999-4170x7096,Ramirezfort,United States,08/10/2023,social_media
6604,Vincent,Craig,Vincent.Craig156@hotmail.com,766.271.3409,South Joshua,FR,2023-05-05,email
6605,Gabriela,Macdonald,Gabriela.Macdonald745@hotmail.com,423.289.6968x615,Landryport,germany,2025-03-21,email
6606,Gary,Cobb,Gary.Cobb800@gmail.com,+1-808-611-6680,Smithbury,United States,25/07/2025,direct
6607,Karen,Chambers,Karen.Chambers469@gmail.com,(534)697-2790,Williamshaven,USA,19/02/2023,email
6608,Alan,Compton,Alan.Compton175@gmail.com,+1-586-502-0349x342,West Juliehaven,usa,12.03.2023,social_media
6609,Jessica,Martinez,Jessica.Martinez360@hotmail.com,802-331-0380,South Justin,Canada,2025-09-30T04:28:00,referral
6610,David,Bean,David.Bean188@gmail.com,001-264-202-2082x5791,South Greg,germany,08.05.2024,referral
6611,Jimmy,Sweeney,Jimmy.Sweeney686@gmail.com,(967)653-6248,Randyburgh,DE,2025-03-03T00:11:29,paid_search
6612,Angie,Wilkerson,Angie.Wilkerson234@hotmail.com,+1-217-360-6635x542,South Loriborough,FR,2023-12-15,referral
6613,Amy,Lawson,Amy.Lawson830@gmail.com,661-419-1983x913,North Mark,Germany,2024-08-14,paid_search
6614,Austin,Garcia,Austin.Garcia95@hotmail.com,,Courtneyborough,Canada,08-08-2024,email
6615,Kimberly,Collier,Kimberly.Collier919@gmail.com,,Port Mckenzieburgh,France,2025-08-28,organic_search
6616,Brett,Turner,Brett.Turner749@hotmail.com,,Mirandastad,Canada,2025-11-17,paid_search
6617,Kelly,Serrano,Kelly.Serrano409@gmail.com,(797)840-1517x143,New Frank,FR,2023-03-02T11:39:40,email
6618,Michelle,Cox,Michelle.Cox665@yahoo.com,7833563014,Bakerside,germany,03-31-2023,paid_search
6619,Elizabeth,Berg,Elizabeth.Berg221@yahoo.com,346.684.7990x625,Carolinetown,FR,2024-11-21T03:53:28,social_media
6620,Colleen,Hicks,Colleen.Hicks298@yahoo.com,+1-588-824-2110x70288,Lake Bonniefurt,U.K.,09/10/2024,direct
6621,Nicole,Perez,Nicole.Perez360@yahoo.com,354-895-0924x314,Martinland,canada,2025-02-24T03:38:40,email
6622,Elizabeth,Lopez,Elizabeth.Lopez525@gmail.com,6416227741,Port Frankville,france,2023-04-19T00:22:31,paid_search
6623,Melanie,Frazier,Melanie.Frazier323@hotmail.com,211-292-1520,Lake Annettestad,USA,04-05-2025,organic_search
6624,Kathleen,Page,Kathleen.Page519@yahoo.com,,Lisahaven,uk,09.05.2024,paid_search
6625,James,Hill,James.Hill615@yahoo.com,997.712.7767x27106,South Robert,USA,2023-10-10T04:15:36,referral
6626,Jacob,Ross,Jacob.Ross588@gmail.com,(988)646-2207x6937,Victoriaberg,United Kingdom,31.01.2024,direct
6627,Jill,Watkins,Jill.Watkins395@hotmail.com,,Thompsonchester,canada,20.08.2023,email
6628,Judy,Stewart,Judy.Stewart918@yahoo.com,+1-646-278-6913,East Kevin,United States,05/03/2024,paid_search
6629,Anthony,Dunlap,Anthony.Dunlap217@gmail.com,513-760-0578,East Scotttown,CA,13/11/2024,direct
6630,Ashley,Maldonado,Ashley.Maldonado667@gmail.com,+1-272-404-7659,Brianfurt,United Kingdom,05.04.2023,email
6631,Brandon,Middleton,Brandon.Middleton509@yahoo.com,967-682-6803x7941,Michaelshire,uk,2025-10-30,paid_search
6632,James,Wright,James.Wright642@hotmail.com,001-914-433-7415,, USA ,2023-03-22T14:15:56,paid_search
6633,Alyssa,Thompson,Alyssa.Thompson343@yahoo.com,478-674-8763x294,Mcconnellbury,canada,2024-05-11T14:35:21,direct
6634,Jennifer,Hart,Jennifer.Hart768@yahoo.com,001-563-710-1234,,usa,2024-03-21,direct
6635,Stephanie,Lopez,Stephanie.Lopez,(559)526-9469x468,Mclaughlinborough,United Kingdom,2024-12-24,social_media
6636,Renee,Brown,Renee.Brown380@hotmail.com,335-688-1665,Meadowsfort,France,01-12-2024,email
6637,Sherri,Jones,Sherri.Jones938@hotmail.com,(355)540-7434x867,Wrightview,US,2025-07-13,organic_search
6638,Mary,Wyatt,Mary.Wyatt999@yahoo.com,(376)322-6799,Gallegoschester,france,02-26-2025,direct
6639,Christopher,Gordon,Christopher.Gordon836@hotmail.com,+1-531-517-4104,South Anthony,canada,05-25-2025,direct
6640,Richard,Hernandez,Richard.Hernandez587@hotmail.com,888.270.9010x8163,West Gregoryport,CA,22/05/2023,referral
6641,Crystal,Berry,Crystal.Berry724@gmail.com,+1-335-709-0382,Jacksonmouth,United Kingdom,2024-09-21T13:10:55,direct
6642,Curtis,Mccormick,Curtis.Mccormick320@gmail.com,,North Pamela,UK,04-05-2025,paid_search
6643,Erin,Le,Erin.Le228@yahoo.com,473-427-9070x71458,East Theodore,france,11/04/2023,referral
6644,Jared,Blackburn,Jared.Blackburn812@gmail.com,+1-750-380-7101x595,Ashleeton,germany,08/03/2023,paid_search
6645,Jennifer,Lewis,Jennifer.Lewis24@gmail.com,,Lake Dawnview,uk,10-21-2023,paid_search
6646,Alan,Huff,Alan.Huff902@hotmail.com,(794)760-6419x337,North Michael,United States,29/10/2024,referral
6647,Brian,Pearson,Brian.Pearson501@gmail.com,771.336.9719x849,West Tiffany,canada,05/10/2023,social_media
6648,Jeffrey,Graham,Jeffrey.Graham113@gmail.com,(388)739-3963x0446,Veronicafurt,france,03-21-2024,referral
6649,Jason,Acosta,Jason.Acosta617@gmail.com,,Porterburgh,uk,10.06.2025,referral
6650,Mark,Porter,Mark.Porter801@gmail.com,(328)497-6184x746,Cookmouth,france,2024-01-11T17:10:30,paid_search
6651,Anthony,Welch,Anthony.Welch735@yahoo.com,9938612301,Anthonyburgh,DE,2025-12-29,social_media
6652,Allison,Williams,Allison.Williams104@hotmail.com,,Cohenmouth,canada,12-10-2023,referral
6653,Eugene,Moore,Eugene.Moore157@gmail.com,(476)842-5124,,germany,17/11/2023,email
6654,Scott,Sanchez,Scott.Sanchez355@gmail.com,+1-841-931-2246x17469,Port Marytown,canada,2024-06-01,email
6655,Jamie,Rivera,Jamie.Rivera557@hotmail.com,(461)454-6228x85141,,uk,2024-04-13T07:12:30,organic_search
6656,Steven,Bright,Steven.Bright390@yahoo.com,(571)519-9587x901,Daniellefurt,france,2023-05-23T10:31:05,social_media
6657,Taylor,Dominguez,Taylor.Dominguez578@yahoo.com,+1-623-459-1356x78771,Burkefort,United Kingdom,2023-02-15,social_media
6658,Jeffrey,Mendoza,Jeffrey.Mendoza325@yahoo.com,342.269.6934x4536,Christopherside,canada,10.11.2025,social_media
6659,Christopher,Garcia,Christopher.Garcia478@yahoo.com,001-651-463-4155x5123,Port Bailey,US,2023-04-01T02:45:58,email
6660,Megan,Fisher,Megan.Fisher477@gmail.com,,North Robert,United Kingdom,31.12.2023,paid_search
6661,Carlos,Underwood,Carlos.Underwood718@gmail.com,407-941-5072x38954,Kaitlynberg,Germany,2023-02-08T15:16:18,organic_search
6662,Ashley,Mata,Ashley.Mata632@gmail.com,001-204-820-7103x1421,Jeffreyton,uk,2024-05-19,paid_search
6663,Jerry,Jones,Jerry.Jones143@hotmail.com,596-703-8445x70558,South Steventown,UK,14/08/2023,direct
6664,Brandon,Moses,Brandon.Moses276@yahoo.com,,Prestonfurt,U.K.,2024-05-14,referral
6665,Shawna,Bennett,Shawna.Bennett534@hotmail.com,434.732.4923x889,Lake Andrewtown,uk,07-21-2025,paid_search
6666,Michelle,Turner,Michelle.Turner961@gmail.com,,Barkerland,France,12-22-2024,referral
6667,Gloria,Morgan,Gloria.Morgan421@hotmail.com,689.363.2067x7150,Marquezfurt,United Kingdom,2024-11-15T18:13:16,organic_search
6668,Catherine,Knox,Catherine.Knox363@gmail.com,001-955-839-8315x007,North Francisco,Germany,25/03/2024,organic_search
6669,Jonathan,James, Jonathan.James191@hotmail.com ,(773)375-6846x962,North Adriana,germany,20.11.2024,organic_search
6670,Rebecca,Thomas,Rebecca.Thomas587@gmail.com,316-224-3271x95932,Peterton,CA,2024-04-02T05:16:20,email
6671,Priscilla,Hernandez,Priscilla.Hernandez215@hotmail.com,779.802.3149x95177,Thomastown,USA,03-30-2023,social_media
6672,David,Miller,David.Miller49@gmail.com,+1-732-798-3123,Port Kathleen,United States,2024-08-31T06:33:21,social_media
6673,Michelle,Bates,Michelle.Bates782@gmail.com,001-279-775-0758,Maddoxbury,FR,12-30-2024,paid_search
6674,Michael,Acevedo,Michael.Acevedo157@hotmail.com,,Lake Joshua,DE,20.09.2025,social_media
6675,Kelly,Rodriguez,KELLY.RODRIGUEZ748@YAHOO.COM,,New Darlene, USA ,14/10/2025,referral
6676,Wesley,Jones,Wesley.Jones58@hotmail.com,001-494-505-3572x2574,Wallacehaven,CA,2023-08-10T19:13:36,organic_search
6677,Morgan,Smith,Morgan.Smith276@yahoo.com,,North Deborah,usa,2023-03-22,paid_search
6678,Sara,Scott,Sara.Scott379@hotmail.com,397-397-5760,New Michaelside,US,04-21-2025,referral
6679,Casey,Moss,Casey.Moss263@yahoo.com,(359)440-2161x4370,,canada,06-08-2025,email
6680,Mitchell,Watkins,Mitchell.Watkins592@yahoo.com,(859)963-1761,Robinview,france,08-12-2025,direct
6681,April,Hall,April.Hall137@yahoo.com,281.552.6064x490,North Shannonport,US,2023-08-22,paid_search
6682,Jordan,Griffin, Jordan.Griffin219@yahoo.com ,001-296-414-7781x469,East Alec,germany,29/12/2023,referral
6683,Stephanie,Jackson,Stephanie.Jackson137@yahoo.com,001-958-632-2077,North Erika,US,02.11.2024,social_media
6684,Nicholas,Harmon,Nicholas.Harmon899@gmail.com,(758)501-7486x3878,South Stevenshire,Canada,2024-05-14,direct
6685,Dennis,Whitaker,Dennis.Whitaker670@hotmail.com,596-368-4292,East Jacob,United Kingdom,02-19-2025,direct
6686,Mark,Lewis,Mark.Lewis749@gmail.com,,Howardstad,Germany,2025-04-25T17:49:35,direct
6687,Carla,Tucker,Carla.Tucker515@gmail.com,(538)506-1733x9119,,Canada,2023-07-17,referral
6688,Stephanie,Thompson,Stephanie.Thompson36@hotmail.com,+1-582-436-8831x2882,West Joseton,United States,2024-07-16T05:44:22,paid_search
6689,Zachary,Key,Zachary.Key750@gmail.com,,Kevinport,United Kingdom,03.04.2025,paid_search
6690,Jonathan,Graham,Jonathan.Graham624@hotmail.com,+1-368-639-2926x7134,Joshuaborough,Canada,2023-01-15,referral
6691,Joseph,Martin,Joseph.Martin482@gmail.com,001-638-493-6700x3690,Brownton,usa,2025-08-06,email
6692,Michael,Martin,Michael.Martin415@gmail.com,(884)747-3146x82570,Sancheztown,FR,2023-09-09,direct
6693,Angel,Chavez,Angel.Chavez732@yahoo.com,(309)714-7908,Port Anna,DE,2025-02-12T13:06:20,social_media
6694,Erin,Hendrix,Erin.Hendrix914@gmail.com,(571)472-4422,West Maria,CA,27/12/2025,paid_search
6695,Crystal,Jackson,Crystal.Jackson518@hotmail.com,760-705-3300,Youngton,France,10-25-2025,social_media
6696,Henry,Rice,Henry.Rice333@hotmail.com,,Donnashire,Germany,15.09.2024,organic_search
6697,Brandi,Salas,Brandi.Salas43@gmail.com,805-496-7880,Morganshire,Canada,2024-06-21T12:57:18,social_media
6698,Christopher,Wallace,Christopher.Wallace814@yahoo.com,542.420.3770,Christophertown,U.K.,2025-05-14,paid_search
6699,Jennifer,Estrada,Jennifer.Estrada462@yahoo.com,001-375-795-7704x832,Leebury,FR,03-10-2023,organic_search
6700,Tonya,Sanchez,Tonya.Sanchez847@hotmail.com,,East Jessicafurt,United States,2023-10-26T05:41:01,direct
6701,Patricia,Hernandez,Patricia.Hernandez360@hotmail.com,,South Nicolefurt,Germany,28/08/2025,paid_search
6702,Kimberly,Christian,Kimberly.Christian574@gmail.com,6687154444,Lake Connie,Canada,2025-09-15T12:46:01,organic_search
6703,Julia,Pena,Julia.Pena943@gmail.com,764.368.3189x712,Wilcoxstad,CA,11.07.2023,social_media
6704,Leah,Fritz,Leah.Fritz972@yahoo.com,344.540.9230,Lake Elizabeth,UK,2023-08-06T20:26:03,paid_search
6705,Tracy,Smith,Tracy.Smith743@hotmail.com,001-630-907-1424,Garciamouth,usa,2025-11-07T09:13:00,referral
6706,Andrew,Scott,Andrew.Scott605@hotmail.com,(659)424-4602x60930,East Jamesfort,United Kingdom,27/03/2025,email
6707,Adam,Campbell,Adam.Campbell674@yahoo.com,983-649-1887x474,South Holly,UK,06/09/2023,referral
6708,Daniel,Mcpherson,Daniel.Mcpherson922@gmail.com,,New Barbaraside,USA,2025-10-13T19:48:42,paid_search
6709,Jessica,Wilson,Jessica.Wilson523@yahoo.com,418.934.2411x0588,,DE,06/04/2023,referral
6710,Donald,Hart,Donald.Hart644@yahoo.com,+1-456-867-6840x93801,Smithville,Germany,2025-11-19,email
6711,Whitney,Wagner,Whitney.Wagner596@yahoo.com,209-732-5145x0209,Howardbury,Germany,2023-05-16T14:39:04,organic_search
6712,Daniel,Ellis,Daniel.Ellis562@gmail.com,212-878-0972x810,North John,DE,08-10-2024,social_media
6713,Laura,Woods,Laura.Woods350@gmail.com,(334)343-6299x03948,East Wendyfort,CA,26.12.2024,email
6714,Melinda,King,Melinda.King300@yahoo.com,(305)715-8533,Laurashire,france,13/05/2025,organic_search
6715,Jon,Roberts,Jon.Roberts177@hotmail.com,001-281-530-1008x30868,Harrismouth,U.K.,2024-01-09,paid_search
6716,Anthony,Robinson,Anthony.Robinson976@hotmail.com,001-561-962-2359x36629,Nancyside,germany,02.09.2024,direct
6717,Andrew,Drake,Andrew.Drake765@gmail.com,,Teresaburgh,uk,10.02.2025,paid_search
6718,Nathan,Edwards,Nathan.Edwards242@yahoo.com,647.399.1727x80272,Richardsonberg,germany,2025-11-30T23:15:09,organic_search
6719,Kimberly,Strong,Kimberly.Strong139@yahoo.com,(373)342-1426x77487,West Timothybury,US,27.12.2023,email
6720,Andrew,Harding,Andrew.Harding,+1-558-424-3055x8186,Juanfurt, USA ,10-24-2025,paid_search
6721,Michelle,Donovan,Michelle.Donovan356@yahoo.com,(610)475-6269x226,New Melanieburgh,Germany,2025-02-08T04:34:12,social_media
6722,Leah,Lucas,Leah.Lucas197@gmail.com,,Brownfort,germany,02.04.2024,referral
6723,Elizabeth,Gibson,Elizabeth.Gibson629@hotmail.com,(570)623-7295,Port Sharon,UK,21/01/2023,paid_search
6724,Ethan,Mclaughlin,Ethan.Mclaughlin246@yahoo.com,363.894.4572x826,Richardsfort,UK,15.03.2024,social_media
6725,Cindy,Henry,Cindy.Henry462@yahoo.com,001-998-949-8601,Dianastad,Germany,09-11-2023,social_media
6726,Ryan,Martin,Ryan.Martin199@gmail.com,001-271-746-7418x805,New Carolyn,Germany,2024-10-24,social_media
6727,David,Sullivan,David.Sullivan812@gmail.com,+1-889-541-7957x5811,Gilestown,CA,04/03/2024,social_media
6728,Stephen,Ortiz,Stephen.Ortiz459@hotmail.com,+1-536-317-3271x458,Hallmouth,Germany,09.07.2024,social_media
6729,Charles,Flores,Charles.Flores753@yahoo.com,(606)607-6490x37918,Johnsontown, USA ,16.07.2025,organic_search
6730,Kyle,Rogers,Kyle.Rogers510@hotmail.com,,,France,08-06-2024,organic_search
6731,Joshua,Moody,Joshua.Moody616@gmail.com,,East Markport,FR,2025-12-11T12:16:22,direct
6732,Gina,Carpenter,Gina.Carpenter278@yahoo.com,001-759-793-5384x96125,East Charles,UK,2023-03-12,direct
6733,Kevin,Gonzalez,Kevin.Gonzalez538@hotmail.com,(587)381-1625,West Brian,France,2024-10-14,direct
6734,Michele,Sanchez,Michele.Sanchez116@hotmail.com,223.959.1661,Patrickview,United States,21.01.2024,organic_search
6735,Jason,Buchanan,Jason.Buchanan687@gmail.com,9614104865,Stephenfort,germany,2023-07-27T17:00:03,organic_search
6736,Timothy,Nguyen,Timothy.Nguyen659@yahoo.com,681-502-5508,East Kelly,germany,10/09/2023,email
6737,Tina,Marshall,Tina.Marshall786@gmail.com,955.256.7070x9161,Susanchester,canada,09/05/2023,email
6738,Anthony,Phillips,Anthony.Phillips189@yahoo.com,(775)280-9483x0133,Byrdport,uk,04.01.2024,organic_search
6739,Tricia,Petty,Tricia.Petty406@hotmail.com,618-832-4102,Alejandrobury,France,2023-01-24T10:44:41,email
6740,Kelly,Salazar,Kelly.Salazar996@hotmail.com,+1-490-641-9025x1190,Margaretland, USA ,2025-05-10,direct
6741,Jacob,Long,Jacob.Long472@gmail.com,(572)768-7720x78324,Stokesville,germany,2025-11-22T12:45:38,social_media
6742,Sheryl,Ramsey,Sheryl.Ramsey321@hotmail.com,573-938-7191,East George,UK,02-19-2025,social_media
6743,William,Cortez,William.Cortez,377.930.6036,New Robert,germany,09/03/2025,organic_search
6744,Melissa,Kerr,Melissa.Kerr383@yahoo.com,773.227.5288x209,Lynnshire,germany,27/08/2025,paid_search
6745,Samantha,Terry,Samantha.Terry965@gmail.com,580-698-7079x19158,Ianmouth,CA,2024-05-02T23:11:06,organic_search
6746,Joshua,Marshall,Joshua.Marshall349@yahoo.com,221-808-2191x43802,Sparksville,CA,2024-04-12,email
6747,Kelsey,Garza,Kelsey.Garza194@gmail.com,(409)412-6897x53953,Johnsonside,France,2025-03-12,email
6748,Ryan,Cooper,Ryan.Cooper514@gmail.com,313.836.7695x194,Danielleville,canada,23/11/2024,social_media
6749,Kimberly,Wilson,Kimberly.Wilson531@yahoo.com,+1-977-781-4658x973,South Andrewtown,DE,11.02.2025,referral
6750,Timothy,Boyd,Timothy.Boyd6@hotmail.com,697-859-9230,, USA ,2024-05-26T22:13:04,organic_search
6751,Matthew,Manning,Matthew.Manning561@hotmail.com,263.893.1248x70972,Lake Theresamouth,usa,2023-01-14,email
6752,Caroline,Mcconnell,Caroline.Mcconnell963@yahoo.com,001-331-426-4738x68808,Francisland,Germany,2024-09-06T20:22:13,social_media
6753,April,Barnett,April.Barnett,001-200-377-4851,Sheltonmouth,germany,2024-06-14,email
6754,Daniel,Hamilton,Daniel.Hamilton165@yahoo.com,(283)342-6903x5911,Stephanieland,canada,2024-09-23,paid_search
6755,Marc,Smith,Marc.Smith501@gmail.com,682.692.6571x62130,West Zacharymouth,uk,14.05.2024,organic_search
6756,Sarah,Myers,Sarah.Myers120@yahoo.com,805-999-1237,Taylorton,United Kingdom,13/04/2023,social_media
6757,Mark,Buchanan,Mark.Buchanan827@hotmail.com,,Reedberg,US,04-22-2024,paid_search
6758,Adam,Adams,Adam.Adams579@hotmail.com,874.669.0647,West Christinaport,CA,07.05.2025,referral
6759,Joseph,Miles,Joseph.Miles928@gmail.com,869.621.5260,Emilychester,germany,07-11-2023,paid_search
6760,Donald,Smith,Donald.Smith353@yahoo.com,(684)238-9547x7160,,Canada,20/03/2024,social_media
6761,Michael,Singleton,Michael.Singleton942@gmail.com,988-244-5481x24615,South David,DE,08.10.2025,social_media
6762,Adam,Bradley,Adam.Bradley236@hotmail.com,3312881355,Port Ashley,United Kingdom,2025-07-25,referral
6763,Michelle,Mosley,Michelle.Mosley650@hotmail.com,903.825.4286x44494,Douglasport,germany,03/04/2024,email
6764,Ian,Moreno,Ian.Moreno585@yahoo.com,+1-934-670-9751x241,Port Karl,France,15/01/2024,organic_search
6765,Billy,Taylor,Billy.Taylor168@gmail.com,,North Meganstad,CA,15.06.2024,direct
6766,Gavin,Mcknight,Gavin.Mcknight905@hotmail.com,902-247-1527x63668,West Michaelside,United States,31.05.2023,email
6767,James,Hooper,James.Hooper975@yahoo.com,420.976.9536x8922,Port Howard,canada,03.10.2023,paid_search
6768,Patrick,Riley,Patrick.Riley824@gmail.com,467.758.8135,South Robertstad,germany,2024-11-11,paid_search
6769,Logan,Cunningham,Logan.Cunningham422@gmail.com,001-653-998-4970,Lake Jeffreyport,USA,2025-08-16T23:56:13,paid_search
6770,Aaron,Taylor,Aaron.Taylor541@hotmail.com,419-214-5892x970,Caseyside,USA,2025-10-28,organic_search
6771,Austin,Faulkner,Austin.Faulkner72@yahoo.com,,South Shari,UK,2024-06-03,referral
6772,Eric,Lucas,Eric.Lucas71@gmail.com,001-813-207-1695x215,Patrickside,United Kingdom,27.11.2024,referral
6773,Thomas,Rivera,Thomas.Rivera760@gmail.com,,Elliottton,uk,2024-06-01,social_media
6774,Ashlee,Williams,Ashlee.Williams616@yahoo.com,897.554.8411x99475,New Samantha,Canada,25/11/2025,paid_search
6775,Scott,Perez,Scott.Perez722@gmail.com,(335)269-9107,Hernandezchester,CA,09/12/2023,direct
6776,Johnny,Gray,Johnny.Gray107@gmail.com,,Port Samantha,uk,2023-12-07T16:09:33,direct
6777,Yolanda,Taylor,Yolanda.Taylor558@gmail.com,,Mcneilport,Canada,2025-12-11,direct
6778,Jamie,Salazar,Jamie.Salazar979@yahoo.com,(470)946-4878,Hallside,canada,2025-02-20T16:30:20,social_media
6779,Erin,Carney,Erin.Carney150@yahoo.com,001-482-536-3062x777,East Brittneymouth,usa,20/08/2023,direct
6780,Paul,Allen,Paul.Allen754@hotmail.com,865-969-5022,,DE,29.05.2023,organic_search
6781,Anne,Moody, Anne.Moody187@hotmail.com ,001-691-979-1646,North Gregoryfurt,canada,11-04-2025,paid_search
6782,Laurie,Young,Laurie.Young987@hotmail.com,(827)474-3576x5939,Port Williammouth,DE,2023-04-02T13:47:38,referral
6783,Carrie,Pineda,Carrie.Pineda955@gmail.com,001-449-516-1612x6681,West Michael,United Kingdom,2024-09-09T11:20:02,social_media
6784,Richard,Ayala,Richard.Ayala475@gmail.com,+1-729-620-6793x8573,West Jeffreyside,US,08.10.2023,paid_search
6785,Diane,Steele,Diane.Steele934@yahoo.com,(651)606-1163x894,East Debraburgh,UK,31/08/2025,referral
6786,Keith,Guzman,Keith.Guzman893@gmail.com,426.812.8822x753,South Michelle,France,2023-03-03,organic_search
6787,Rachel,Lopez,Rachel.Lopez444@yahoo.com,(690)876-4767x22454,Leeside,US,04.06.2025,email
6788,Kevin,Walker,Kevin.Walker138@hotmail.com,001-913-721-4233x453,East Jenniferville,U.K.,07/12/2025,direct
6789,Melinda,Smith,Melinda.Smith578@gmail.com,541-533-2245x778,Vargasfort,FR,21.10.2025,email
6790,Adam,Sanders,Adam.Sanders486@hotmail.com,001-329-388-5249x6721,East Aaron,CA,04-04-2025,direct
6791,Daniel,Nguyen,Daniel.Nguyen293@gmail.com,,,germany,06-08-2023,social_media
6792,Richard,Fischer,Richard.Fischer66@gmail.com,5199684687,Rubenland,DE,2024-07-03,direct
6793,Robert,Baxter,ROBERT.BAXTER822@GMAIL.COM,737-654-7401x4052,East Phillip,United States,16.04.2023,referral
6794,Michael,Grimes,Michael.Grimes70@hotmail.com,(263)969-0368,Francofurt,germany,2023-09-30,referral
6795,Joel,Gallagher,Joel.Gallagher738@gmail.com,(971)784-3832,Lake Scottton,US,2023-10-04,organic_search
6796,Andrea,Jenkins,Andrea.Jenkins294@yahoo.com,829-576-0346x1173,Rebekahchester,DE,2024-02-27,referral
6797,Patricia,Harris,Patricia.Harris82@yahoo.com,293-704-1861x07672,West Laurenside,france,2023-03-19,direct
6798,Karen,Hayes,Karen.Hayes789@gmail.com,+1-629-406-3147x91439,Jillfort,FR,08/02/2024,direct
6799,Tyler,Bailey,Tyler.Bailey763@gmail.com,682.744.4293,Lauraburgh,canada,17/03/2025,paid_search
6800,Yolanda,Perry,Yolanda.Perry742@yahoo.com,(275)540-1720x944,East Mariamouth,france,2024-03-10T05:41:28,social_media
6801,Vanessa,Gomez,Vanessa.Gomez999@yahoo.com,(514)510-6794,North Terri,United States,2024-05-10,referral
6802,David,Smith,David.Smith983@gmail.com,001-465-623-2113x2304,Jenniferview,France,01-30-2025,organic_search
6803,Ashley,Chavez,Ashley.Chavez524@yahoo.com,001-723-539-3992,Sarahside,Canada,09-12-2024,organic_search
6804,Daniel,Dougherty,Daniel.Dougherty778@hotmail.com,001-320-336-5841x07528,,DE,2024-12-17,direct
6805,Dawn,Strickland,Dawn.Strickland200@gmail.com,(711)371-3223x3168,South Jamesmouth,Canada,08.01.2025,email
6806,Cory,Turner,Cory.Turner788@hotmail.com,(276)251-6035,,Canada,05/05/2025,organic_search
6807,Willie,Bush,Willie.Bush873@yahoo.com,001-574-446-2565,East Zacharyborough,France,2025-08-07T01:43:22,organic_search
6808,Elizabeth,Cooper,Elizabeth.Cooper724@gmail.com,,Nelsonbury,usa,09/01/2023,paid_search
6809,Justin,Davis,Justin.Davis164@hotmail.com,400.571.9210x71491,Barrettview,canada,15/06/2024,email
6810,Eric,Brown,Eric.Brown39@gmail.com,001-890-306-9547x3940,Turnerville,uk,15/06/2023,referral
6811,Megan,Hicks,Megan.Hicks322@hotmail.com,001-374-531-5772x3852,New Chad,CA,09-25-2025,direct
6812,Michele,Howe,Michele.Howe224@hotmail.com,,Tamaramouth,FR,2025-02-17T01:58:25,referral
6813,Christine,Navarro,Christine.Navarro888@yahoo.com,975.973.0596x2104,South Tiffanyfort,canada,2023-05-23,referral
6814,Patricia,Bolton,Patricia.Bolton776@hotmail.com,232.748.2721,Fernandezton,usa,2025-12-27,social_media
6815,Vincent,Foster,Vincent.Foster874@gmail.com,755-550-1553,Lake Christinaport,canada,07-11-2024,direct
6816,William,Sandoval,William.Sandoval10@yahoo.com,001-376-796-3417x219,Haynesburgh,FR,2023-01-30T01:55:23,social_media
6817,Stacy,Wiley,Stacy.Wiley126@gmail.com,6863872641,Fletcherborough,FR,2024-01-14T09:45:36,direct
6818,Samuel,Thompson,Samuel.Thompson410@yahoo.com,321-537-1459,East Stephen,france,16.02.2024,direct
6819,Wayne,Richards,Wayne.Richards422@gmail.com,(361)921-5691x0851,Banksview,france,2024-01-30,social_media
6820,Sheila,Morales,Sheila.Morales413@gmail.com,001-919-661-4004x56815,Lake Preston,uk,18/10/2023,referral
6821,Teresa,Sandoval,Teresa.Sandoval913@yahoo.com,(483)426-4269,Snowport, USA ,15.05.2023,paid_search
6822,Adam,Larson,Adam.Larson621@yahoo.com,376-225-6320,,Germany,2025-03-18,paid_search
6823,Carlos,Williams,Carlos.Williams412@hotmail.com,,Markfurt,canada,2023-05-03,direct
6824,Tracy,Cox,Tracy.Cox,+1-666-771-4963x976,Mitchellshire,CA,2024-02-15T18:12:12,email
6825,Jose,Martinez,Jose.Martinez533@hotmail.com,,Danielmouth,France,07.11.2023,email
6826,Jeffrey,Humphrey,Jeffrey.Humphrey305@hotmail.com,278-253-5633,East Katiefurt,germany,2024-05-25,paid_search
6827,Kara,Ward,Kara.Ward619@gmail.com,780-899-0558,Port Denise,CA,2025-10-30,direct
6828,Leah,Solis,Leah.Solis636@hotmail.com,521.247.7008x286,North Rachaelchester,United Kingdom,06/02/2025,paid_search
6829,Lorraine,Sparks,Lorraine.Sparks9@yahoo.com,746.582.1227x976,North Toddton,CA,2023-02-03T23:36:50,social_media
6830,Brian,Fleming,Brian.Fleming544@hotmail.com,445.274.6523,East Erinchester,France,26/10/2023,referral
6831,David,Robinson,David.Robinson316@gmail.com,001-765-376-1040x5871,New Jackie,DE,2023-11-07T17:25:23,organic_search
6832,James,Miller,James.Miller981@yahoo.com,+1-767-842-4590,Bryanmouth,canada,2024-10-31,email
6833,Brian,Melton,Brian.Melton928@gmail.com,,Jeffreyfort,UK,2025-11-04T15:26:50,direct
6834,Jorge,Potter,Jorge.Potter530@gmail.com,(654)853-8006,,Canada,13.07.2025,organic_search
6835,Noah,Tucker,Noah.Tucker205@gmail.com,705-771-8866x8926,South Judithmouth,uk,22/11/2024,email
6836,Dennis,Johnson,Dennis.Johnson246@gmail.com,(461)891-2286x6988,Jameston,DE,07/10/2024,paid_search
6837,Danielle,Macias,Danielle.Macias273@yahoo.com,(617)912-7336,East Jesse,canada,09.02.2023,referral
6838,James,Walker,James.Walker250@hotmail.com,+1-928-828-8349x538,Port Johnshire,U.K.,2023-07-03T06:24:32,referral
6839,Daniel,Scott,Daniel.Scott387@hotmail.com,8248239528,Jillhaven,usa,2025-09-15T19:54:53,referral
6840,Stacey,Rodriguez,Stacey.Rodriguez408@gmail.com,,Lisabury,France,2023-04-19,referral
6841,Jeremy,Steele,Jeremy.Steele58@yahoo.com,616.373.0327x3317,South Andrew,CA,10-14-2025,social_media
6842,Debra,Cooper,Debra.Cooper420@hotmail.com,,Lake Victoriabury,U.K.,2024-03-27T19:35:29,organic_search
6843,Cody,Williams,Cody.Williams22@hotmail.com,+1-899-965-5997,North Patrickburgh,U.K.,2024-12-27,social_media
6844,Leah,Sanchez,LEAH.SANCHEZ652@YAHOO.COM,,,USA,11/09/2024,direct
6845,Justin,Franco,Justin.Franco430@gmail.com,6986777356,Dawnmouth,France,2025-12-16,direct
6846,Heather,Stephens,Heather.Stephens232@hotmail.com,+1-658-786-0397x906,Patriciafurt,germany,08-20-2024,social_media
6847,Pamela,Salinas,Pamela.Salinas860@yahoo.com,984-974-5156x600,Crystalborough,DE,10-09-2024,social_media
6848,Steven,Wright,Steven.Wright137@hotmail.com,,,FR,14.10.2023,social_media
6849,James,Fleming,James.Fleming488@gmail.com,001-857-586-4810x737,,FR,12/08/2025,email
6850,Jessica,James,Jessica.James356@hotmail.com,500-657-9648,Charlesview,DE,01/08/2023,email
6851,Nicole,Robles,Nicole.Robles901@gmail.com,966.869.9167x2243,Port Felicia,DE,2024-04-10T20:20:42,paid_search
6852,Carmen,Grant,Carmen.Grant84@gmail.com,+1-911-750-2381x8446,East John,france,14.08.2025,paid_search
6853,Arthur,Ramirez,Arthur.Ramirez135@gmail.com,328-650-7969,Gutierrezport,germany,01/12/2025,organic_search
6854,Lindsay,Guerrero,Lindsay.Guerrero999@gmail.com,+1-284-361-7880x41337,Jamesstad,Germany,2024-11-19,email
6855,Mark,Brown,Mark.Brown931@hotmail.com,,Josephmouth,FR,2025-04-15T10:54:51,direct
6856,Kevin,Matthews,Kevin.Matthews838@gmail.com,+1-459-486-4924x4983,South Joseph,canada,01-13-2023,email
6857,Reginald,Jenkins,Reginald.Jenkins729@hotmail.com,001-975-703-2594x1405,Jennamouth,United Kingdom,04-18-2025,social_media
6858,Brooke,Stephenson,Brooke.Stephenson45@gmail.com,712.580.1511,Katrinafurt,germany,2023-09-29T08:27:10,direct
6859,Blake,Daniels,Blake.Daniels481@yahoo.com,757.341.9246x5941,East Douglasburgh,canada,02.06.2024,email
6860,Donald,Armstrong,Donald.Armstrong776@hotmail.com,,Tylerton,UK,2025-08-23T02:58:18,direct
6861,Gary,Mccarty,Gary.Mccarty901@gmail.com,+1-875-660-9337x732,Millsfurt,DE,03-18-2025,organic_search
6862,Glenn,Cunningham,Glenn.Cunningham18@hotmail.com,412.984.0555x423,New Thomas,Germany,2024-12-04,organic_search
6863,Isaiah,Patel,Isaiah.Patel860@yahoo.com,991-633-1614x538,,germany,27/06/2024,organic_search
6864,Tommy,Valentine,Tommy.Valentine652@yahoo.com,889-692-5402x64271,West Rachelstad,usa,24.06.2023,organic_search
6865,John,Freeman,John.Freeman980@gmail.com,468.760.2040,East Josephstad,Canada,2023-04-23T19:40:01,direct
6866,Steven,Perkins,Steven.Perkins465@yahoo.com,388-287-1991x941,,UK,2023-11-27T15:25:20,social_media
6867,Tamara,Davis,Tamara.Davis76@yahoo.com,206-816-1507x29196,West Sarahport,uk,02-23-2025,referral
6868,Holly,Taylor,Holly.Taylor515@gmail.com,(577)754-4109,Ericmouth,FR,2024-12-15T07:05:53,social_media
6869,Joshua,Phelps,JOSHUA.PHELPS159@YAHOO.COM,971-399-2128x185,Mcleanland,UK,01-17-2023,organic_search
6870,Bobby,Smith,Bobby.Smith796@gmail.com,001-733-599-7035x15579,Bakerberg,uk,19/04/2025,paid_search
6871,Michelle,Blair,Michelle.Blair780@hotmail.com,691.215.6997x1508,Russellmouth,France,2025-06-28,paid_search
6872,Catherine,Owen,Catherine.Owen860@yahoo.com,237.246.4380x36723,Austinmouth,France,08-02-2025,referral
6873,Nicole,Bennett,Nicole.Bennett909@hotmail.com,4604154827,North Russellmouth,U.K.,04-18-2024,referral
6874,Holly,Dyer,Holly.Dyer218@yahoo.com,248.999.0086x46752,Justintown,DE,09-05-2023,paid_search
6875,Tammy,Garcia,Tammy.Garcia311@yahoo.com,(596)599-8857,Davidside,CA,09-03-2023,referral
6876,David,Michael,David.Michael23@hotmail.com,440-754-5681,Brandonside,FR,2023-01-21,paid_search
6877,Cathy,Rhodes,Cathy.Rhodes,5538882972,North Samanthamouth,Germany,03/03/2023,referral
6878,Shawn,Leonard,SHAWN.LEONARD313@YAHOO.COM,001-651-524-1798,Lake Michelle,UK,30.08.2025,email
6879,Anna,Garcia,Anna.Garcia498@gmail.com,619-322-4506x4423,Spencerton,canada,2025-10-28,paid_search
6880,Gary,Garcia,Gary.Garcia929@yahoo.com,850.422.0992x4607,Harrisberg,U.K.,22/08/2025,paid_search
6881,Shannon,Bradley,Shannon.Bradley504@gmail.com,001-556-412-8539x3311,North Annaton,uk,08-02-2023,paid_search
6882,Patricia,Quinn,Patricia.Quinn951@yahoo.com,+1-510-876-9381,,France,2024-03-23T19:59:28,direct
6883,Brian,Martinez,Brian.Martinez140@gmail.com,+1-461-961-8576x247,Elizabethside,France,2024-08-12T06:59:27,organic_search
6884,Hannah,Wilkerson,Hannah.Wilkerson834@hotmail.com,5813548500,New Ericmouth,uk,2024-11-25,referral
6885,John,Hughes,John.Hughes895@gmail.com,001-275-556-3400,Allenview,U.K.,18/11/2024,social_media
6886,William,Wagner,William.Wagner834@yahoo.com,,Danabury,Germany,2025-07-26,referral
6887,Christopher,Harrison,Christopher.Harrison402@hotmail.com,,Spencermouth,germany,01-27-2025,organic_search
6888,Jason,Elliott,Jason.Elliott483@yahoo.com,,East Shane,United Kingdom,12/10/2024,social_media
6889,Charles,Gibbs,Charles.Gibbs454@yahoo.com,(576)239-5321x151,Port Timothy,United States,02.10.2025,paid_search
6890,Jessica,Gilmore,Jessica.Gilmore105@yahoo.com,+1-398-695-9562x875,West Edward,canada,01-30-2025,referral
6891,Jessica,Blair,Jessica.Blair695@gmail.com,+1-521-702-9957x229,Jamesborough,France,04.08.2025,email
6892,Janice,Craig,Janice.Craig994@hotmail.com,+1-753-669-8570x43023,Carlhaven,United States,2025-04-18T09:59:28,organic_search
6893,Cameron,Weiss,Cameron.Weiss340@gmail.com,,,Germany,31.10.2024,organic_search
6894,Keith,Gaines,Keith.Gaines795@hotmail.com,(221)560-0900,Jimeneztown,germany,2025-08-08T15:41:08,organic_search
6895,Andrea,Jones,Andrea.Jones983@yahoo.com,825-738-3974,Martinezfort,CA,09-06-2024,email
6896,Tara,Bird,Tara.Bird679@hotmail.com,(520)243-4364,West John,Canada,12/05/2024,direct
6897,Benjamin,Wade,Benjamin.Wade14@gmail.com,(427)634-7918x902,Barbarabury,UK,2023-09-20T13:09:45,social_media
6898,Tommy,Johnson,Tommy.Johnson469@hotmail.com,344.220.8444x4037,Port Tyler,USA,2025-07-23T11:37:18,email
6899,Roberta,Morgan,Roberta.Morgan116@yahoo.com,628-721-7353,,canada,09.01.2024,organic_search
6900,Margaret,Rice,Margaret.Rice78@gmail.com,366-257-9270,Turnerbury,CA,2025-03-31,organic_search
6901,Ashley,Austin,Ashley.Austin902@yahoo.com,223-666-2374,Lake Richardport,canada,27.11.2024,paid_search
6902,Mario,Peterson,Mario.Peterson318@yahoo.com,558-777-0069,South Jonathanville,usa,2023-06-23T13:08:50,referral
6903,Harry,Mata,Harry.Mata397@gmail.com,482-523-9951,Kaylaland,United States,25/06/2025,referral
6904,Angela,Peterson,Angela.Peterson910@yahoo.com,(715)247-3824x843,Thomasbury,usa,05/10/2025,referral
6905,Kimberly,Haas,Kimberly.Haas223@gmail.com,+1-575-604-0128x0947,Port Adam,Germany,08-20-2024,direct
6906,Cameron,Vasquez,Cameron.Vasquez883@hotmail.com,426-537-3023x55337,West Vincentton,Canada,10.01.2024,direct
6907,Jack,Hunter,Jack.Hunter97@gmail.com,,Kendrashire,canada,01/08/2024,paid_search
6908,Cory,Taylor,Cory.Taylor329@gmail.com,333-873-9920,North Jonathantown,United States,19/07/2024,direct
6909,Kenneth,Perez,Kenneth.Perez179@yahoo.com,357-962-3232x609,North Kristin,France,07.11.2024,referral
6910,Brian,Molina,Brian.Molina679@gmail.com,001-945-602-5482,Sotostad,france,2023-06-19T14:45:27,paid_search
6911,Luke,May,Luke.May412@gmail.com,,Collinsville,Canada,02-04-2025,paid_search
6912,Brian,Smith,Brian.Smith371@hotmail.com,,Lake Jefferyshire,UK,01-13-2023,email
6913,Carrie,Buchanan,Carrie.Buchanan284@gmail.com,215.595.7696x354,,usa,2025-12-01,direct
6914,Richard,Phillips, Richard.Phillips233@hotmail.com ,+1-262-430-2714x310,West Michael,United Kingdom,17.07.2023,referral
6915,George,Morgan,George.Morgan822@hotmail.com,729-387-3844,Carolynbury,CA,2023-08-16T13:19:06,referral
6916,Vanessa,Weaver,Vanessa.Weaver417@yahoo.com,(716)697-1244x43382,Amyfurt,DE,17.03.2023,direct
6917,Jack,Jones,Jack.Jones472@hotmail.com,,Port Felicia,US,2024-03-02,organic_search
6918,Gina,Wilson,Gina.Wilson172@gmail.com,650.221.7703x05445,Robertsstad,Canada,29/06/2024,social_media
6919,David,Nguyen,David.Nguyen703@gmail.com,,Justinview,US,2023-06-21,organic_search
6920,Dylan,Williams, Dylan.Williams554@gmail.com ,404-601-1349x9762,Michellefurt, USA ,03-05-2025,referral
6921,Andrea,Henry,Andrea.Henry406@hotmail.com,,Lake Meghantown,CA,09/09/2024,direct
6922,Luis,Richmond,Luis.Richmond12@yahoo.com,789.543.9283x928,Richtown,FR,2025-10-04T00:35:44,social_media
6923,Jeff,Edwards,Jeff.Edwards745@hotmail.com,372.379.9088x109,Jeffersonberg,france,25/06/2025,referral
6924,Gina,May,Gina.May31@hotmail.com,589.820.0109x1940,Danielview,usa,2025-08-09,social_media
6925,Cassandra,Martin,Cassandra.Martin357@gmail.com,692-994-4643x994,Port Justinland,canada,06.06.2025,direct
6926,Melissa,Guzman,Melissa.Guzman27@gmail.com,(865)646-3641x996,Michaelview,UK,16.11.2025,direct
6927,Jennifer,Barnes,Jennifer.Barnes862@hotmail.com,001-471-507-7017x70181,Ginachester,Germany,2024-12-23,paid_search
6928,Patrick,Hoffman,Patrick.Hoffman928@gmail.com,(838)971-9727,Ruizhaven,DE,21/12/2025,organic_search
6929,Kimberly,Savage,Kimberly.Savage682@hotmail.com,(531)656-1193,Raymondmouth,uk,2023-10-27,referral
6930,Brian,Chambers,Brian.Chambers412@yahoo.com,001-646-541-9808x156,North Daniel,DE,05.04.2023,email
6931,Isaiah,Clark,Isaiah.Clark827@gmail.com,+1-219-906-7746x803,Rickyville,Germany,2025-11-03,organic_search
6932,Christopher,Robertson,Christopher.Robertson41@hotmail.com,+1-690-740-6267x4917,Keithhaven,canada,04-21-2024,direct
6933,Christopher,Morgan,Christopher.Morgan755@yahoo.com,669.862.5866x630,Sharpside,USA,24.07.2025,paid_search
6934,Cynthia,Pacheco, Cynthia.Pacheco887@gmail.com ,220.753.0649,Berryland,U.K.,2023-04-19T16:31:55,social_media
6935,Karen,Romero,Karen.Romero50@gmail.com,430.524.8876x46113,East Sharon,FR,2023-07-10T03:16:13,referral
6936,Ronald,Martinez,Ronald.Martinez449@yahoo.com,001-390-507-1177x5802,Gregoryshire, USA ,05.10.2025,email
6937,Arthur,Lewis,Arthur.Lewis765@gmail.com,(395)213-1911x76931,North Pamela,U.K.,26.06.2023,paid_search
6938,Alexis,Jackson,Alexis.Jackson419@yahoo.com,999.835.7017x6319,East Alexandrashire,Germany,12/06/2025,referral
6939,Nancy,Madden,Nancy.Madden108@hotmail.com,(601)774-2906x2981,North Louisfurt,CA,2025-04-04,social_media
6940,Leah,Reed,Leah.Reed552@hotmail.com,290-387-8015x8848,Briantown,canada,06-20-2025,organic_search
6941,Brittany,Townsend,Brittany.Townsend296@gmail.com,(750)237-5450,North Martinmouth,FR,18/02/2025,referral
6942,Matthew,Miller,Matthew.Miller369@hotmail.com,6348794776,South Timothy,France,06-23-2024,referral
6943,Rebecca,Taylor,Rebecca.Taylor235@yahoo.com,317-676-3049x31531,East Deborahbury,france,2024-04-13,referral
6944,Daniel,Vega,Daniel.Vega109@hotmail.com,+1-536-542-8551x5306,Crawfordville,France,11-13-2025,social_media
6945,Andrea,Suarez,Andrea.Suarez833@hotmail.com,532.581.3840,Torresstad,France,06/10/2025,social_media
6946,Donna,Davis,Donna.Davis879@hotmail.com,+1-408-275-7777x446,Smithshire, USA ,2025-08-29T03:41:04,direct
6947,Brandon,Miller,Brandon.Miller308@gmail.com,+1-495-985-0911x532,Hollandton,UK,10.08.2023,paid_search
6948,Jason,Kelley,Jason.Kelley267@yahoo.com,,,uk,18.09.2024,social_media
6949,Wendy,Schmidt,Wendy.Schmidt,400.247.2457x12677,Dennisburgh,USA,29/11/2025,email
6950,Brett,Petersen,Brett.Petersen539@gmail.com,954-666-8079,Lake Michael,CA,2024-01-31,direct
6951,Jared,Lane,Jared.Lane620@yahoo.com,,North Richardside,uk,2025-08-30T00:35:57,referral
6952,Linda,Levine,Linda.Levine235@yahoo.com,001-980-640-5724x589,New Raymondview,Germany,18/08/2023,email
6953,Mason,Ruiz,Mason.Ruiz710@yahoo.com,794.526.6109,North Michael,usa,06-22-2025,direct
6954,Joel,Kelley,Joel.Kelley21@hotmail.com,001-393-671-7599x271,Roweshire,DE,2024-12-05,referral
6955,James,Torres,James.Torres981@hotmail.com,566.859.4232,Lake Emilyhaven,USA,2024-01-15,organic_search
6956,Christine,Bennett,Christine.Bennett9@hotmail.com,641-794-4664,Lake Stephen,france,2023-03-24,social_media
6957,Debra,Wood,Debra.Wood154@gmail.com,785-809-3206,Johnsonburgh,Canada,04-01-2025,organic_search
6958,Tyler,Ballard,Tyler.Ballard721@yahoo.com,(214)599-8129x1799,South Haleychester,United Kingdom,2023-10-17,paid_search
6959,Kimberly,White,Kimberly.White640@gmail.com,(721)298-7161x02014,Paulaview,United States,06-20-2024,referral
6960,Meghan,Jacobs,Meghan.Jacobs375@gmail.com,(689)321-4155,Jamesmouth,Canada,2025-08-20,social_media
6961,Joshua,Webb,Joshua.Webb314@gmail.com,+1-759-608-5641x75046,Floresport,DE,28.10.2024,social_media
6962,Stephanie,Anderson,Stephanie.Anderson642@gmail.com,829-490-7561,Wardmouth,france,2024-04-02,email
6963,Timothy,Moore,Timothy.Moore567@gmail.com,+1-407-500-2855x823,Sarahfurt,uk,06-12-2024,social_media
6964,Brian,Rodriguez,Brian.Rodriguez,632.371.7666,,USA,12/07/2023,direct
6965,Stephanie,Clark,Stephanie.Clark343@gmail.com,709.678.1194,Williamton,CA,2023-06-09,referral
6966,Amber,Knapp,Amber.Knapp626@yahoo.com,,Lake Paul,France,01-27-2025,paid_search
6967,Howard,Mccoy,Howard.Mccoy333@gmail.com,,Lake Richard,UK,02-28-2023,referral
6968,James,Rice,James.Rice923@gmail.com,,Brianbury,france,11.10.2024,paid_search
6969,Paul,Griffin,Paul.Griffin838@yahoo.com,298.757.2626,Jonesville,France,2025-05-22,referral
6970,Angela,Hernandez,Angela.Hernandez714@yahoo.com,611-496-2992,Brandonfort,canada,22/10/2025,referral
6971,Robert,Munoz,Robert.Munoz250@hotmail.com,,New Jacquelineville,FR,05.04.2024,direct
6972,Antonio,Briggs,Antonio.Briggs607@hotmail.com,001-928-307-9841,,DE,11-25-2024,social_media
6973,Andrew,Raymond,Andrew.Raymond560@hotmail.com,951-699-1739x3169,Bradfordburgh,canada,02.07.2025,direct
6974,Steven,Duncan,Steven.Duncan925@hotmail.com,979.809.1824x906,Jamiefurt,FR,26.05.2025,paid_search
6975,Jeffrey,Sanchez,Jeffrey.Sanchez452@gmail.com,999-665-7246,Morenohaven,France,11.08.2025,organic_search
6976,Michael,Ball,Michael.Ball125@yahoo.com,(561)248-1521,East Matthew,US,24.03.2024,email
6977,Debra,Washington,Debra.Washington367@gmail.com,+1-742-221-5057x445,New Amyville,CA,11.12.2025,social_media
6978,Kristine,Harper,Kristine.Harper76@gmail.com,+1-980-925-4057,Port Markport,france,29.07.2025,email
6979,Cheryl,Johnson,Cheryl.Johnson31@gmail.com,,Lesliehaven,france,2024-08-23,referral
6980,Beth,Townsend, Beth.Townsend87@yahoo.com ,7588874333,,germany,04-18-2023,direct
6981,Louis,Villa,Louis.Villa487@hotmail.com,288-647-5554x1326,Jeremymouth,canada,07-26-2024,referral
6982,Eric,Hernandez,Eric.Hernandez517@gmail.com,+1-456-211-5272x7738,,germany,27.03.2023,referral
6983,Duane,Bruce,Duane.Bruce661@yahoo.com,,South Savannahchester,U.K.,26/07/2023,email
6984,Melissa,Krause,Melissa.Krause569@yahoo.com,+1-203-298-5872,North Nancyborough,USA,19.09.2025,paid_search
6985,Kathryn,Quinn,Kathryn.Quinn445@gmail.com,432-235-3557x5514,East Amy,Germany,2024-05-29T19:51:41,referral
6986,Jimmy,Webb,Jimmy.Webb90@gmail.com,,Nicholasshire,UK,2024-07-24,email
6987,Jacqueline,Colon,Jacqueline.Colon292@hotmail.com,(975)884-5769x41586,Danielland,CA,2023-09-19T18:18:07,direct
6988,Cynthia,Jones,Cynthia.Jones914@hotmail.com,,East Kimberlyhaven,UK,02-04-2023,organic_search
6989,Stephanie,Jones,Stephanie.Jones362@hotmail.com,455-454-8124x432,Lake Tammyhaven,France,2023-04-27T07:08:07,paid_search
6990,Stephanie,Hayes,Stephanie.Hayes623@yahoo.com,662-496-9347x2150,West Michaelton,United Kingdom,2023-11-28,email
6991,Kelsey,George,Kelsey.George376@hotmail.com,552.900.0633,North Madisonton,United Kingdom,2023-12-31T18:28:08,organic_search
6992,Suzanne,Summers,Suzanne.Summers70@gmail.com,431-298-5045,Haleychester,United States,15/12/2023,paid_search
6993,Corey,Ford,Corey.Ford517@hotmail.com,918-551-9547x4684,South Melinda,france,03/11/2024,paid_search
6994,Michael,Shannon, Michael.Shannon667@hotmail.com ,971.904.2883x22274,North Julie,DE,2025-05-29T00:16:22,direct
6995,Jeffrey,Mason,Jeffrey.Mason,899.211.8276x97224,Lake Sharonbury,DE,07-30-2023,direct
6996,Lori,Castro,Lori.Castro160@yahoo.com,+1-870-694-5225x36147,New Jason,france,2024-10-09,referral
6997,Amanda,Pierce, Amanda.Pierce694@gmail.com ,001-715-443-3470x52434,South Ann,germany,27/07/2023,email
6998,Linda,Walker,Linda.Walker797@gmail.com,585-613-3939,Lake Timothy,CA,04-02-2025,email
6999,Tracey,Ochoa,Tracey.Ochoa25@yahoo.com,837-348-3448x34599,Jennifertown,U.K.,19.11.2024,paid_search
7000,John,Kim,John.Kim970@hotmail.com,,North Lisa,United Kingdom,06-27-2024,direct
7001,Tammy,Hernandez,Tammy.Hernandez434@gmail.com,(969)789-4506,Jacquelinemouth,US,09.11.2023,referral
7002,Rachel,Patterson, Rachel.Patterson723@yahoo.com ,244.434.6748,East Michael,United States,2024-08-15,social_media
7003,Carly,Bennett,Carly.Bennett435@gmail.com,961-947-6862x49826,Jasonborough,germany,29/02/2024,organic_search
7004,Ashley,Smith,Ashley.Smith564@gmail.com,,Port Emily, USA ,04/07/2025,organic_search
7005,Nancy,Myers,Nancy.Myers917@yahoo.com,+1-211-742-4647x400,Garciaville,canada,12-05-2024,direct
7006,Alexandra,Gray,Alexandra.Gray564@hotmail.com,407.407.8896x085,East Cheryl,France,2023-08-07T23:57:01,paid_search
7007,Ronald,White,Ronald.White533@gmail.com,209-810-4623x885,Monicaport,US,12-07-2024,organic_search
7008,Joe,Johnson,Joe.Johnson251@hotmail.com,,West Amandashire, USA ,14.01.2023,direct
7009,James,Reed,James.Reed95@gmail.com,247.696.4690,Pierceshire, USA ,2025-05-31,organic_search
7010,Audrey,Garcia,Audrey.Garcia375@yahoo.com,001-566-326-0933,Leeville,USA,14.05.2023,social_media
7011,Lindsey,Lopez,Lindsey.Lopez350@yahoo.com,987.746.1872x249,Isaiahbury,FR,2024-04-04,paid_search
7012,Alexandra,Thompson,Alexandra.Thompson107@yahoo.com,767-354-3005x36854,Lake Brenda,United Kingdom,2024-06-25,social_media
7013,Natalie,Cole,Natalie.Cole28@yahoo.com,330.537.5975x53412,Lake Stephanie,France,29/07/2023,direct
7014,Regina,Skinner,Regina.Skinner193@yahoo.com,,East Shannonburgh,US,2025-06-30,referral
7015,Brianna,Lyons,BRIANNA.LYONS652@YAHOO.COM,,Joneschester,Canada,29.11.2024,referral
7016,Matthew,Price,Matthew.Price903@yahoo.com,+1-534-869-3289x8281,East Emily,Germany,2023-05-01T02:52:25,paid_search
7017,Marissa,Hernandez,Marissa.Hernandez201@hotmail.com,4848754017,South Andre,U.K.,05.03.2023,paid_search
7018,George,Mcdonald,George.Mcdonald329@gmail.com,001-511-437-4959x6624,Kevinshire,Germany,02-16-2024,organic_search
7019,Nathan,Sanders,Nathan.Sanders567@yahoo.com,961.461.5031x521,Stephaniestad,US,05-04-2024,direct
7020,Robin,Ford,Robin.Ford719@gmail.com,,South Gabrielleville,DE,18/10/2025,direct
7021,Wendy,Brown,Wendy.Brown318@hotmail.com,+1-221-678-9070x916,Rachelport,DE,04-25-2023,paid_search
7022,Tommy,Fisher,Tommy.Fisher12@gmail.com,+1-428-808-1026,Austinberg,germany,05.12.2025,email
7023,Carolyn,Johnson,Carolyn.Johnson459@gmail.com,001-582-300-2844,Lake David,FR,2024-10-23,social_media
7024,Kenneth,Mcdonald,KENNETH.MCDONALD362@GMAIL.COM,624.939.3636,Loganshire,U.K.,10.11.2025,organic_search
7025,Douglas,Smith,Douglas.Smith501@yahoo.com,9423561204,Hendersonshire,UK,02-17-2025,social_media
7026,Scott,Kirk,Scott.Kirk824@gmail.com,,Port Karen,France,05/11/2025,referral
7027,Kenneth,Scott,Kenneth.Scott273@yahoo.com,4233723972,North Cassidyview,UK,2023-05-01T00:24:58,organic_search
7028,Eric,Weber,Eric.Weber14@yahoo.com,+1-426-238-1522,Deborahfort,DE,07.11.2025,paid_search
7029,Timothy,Harris,Timothy.Harris950@gmail.com,336-284-6584,Deanburgh,canada,10.11.2023,paid_search
7030,Stephen,Melendez,Stephen.Melendez26@yahoo.com,399-511-9087,Maciasville,uk,2023-12-10T12:50:08,organic_search
7031,Randy,Armstrong,Randy.Armstrong503@hotmail.com,905.511.4960,Kellerside,uk,2025-06-29T19:37:30,direct
7032,Leslie,Morris,Leslie.Morris226@yahoo.com,001-982-314-1274x925,Amandabury,France,17/04/2025,paid_search
7033,Nichole,Cook,Nichole.Cook671@hotmail.com,6443566739,Snyderbury,france,01/09/2025,organic_search
7034,Casey,Castillo,Casey.Castillo29@yahoo.com,906-379-5178,West Alexa,United States,20.09.2025,paid_search
7035,Alexis,Johnson,Alexis.Johnson325@yahoo.com,001-614-756-6768,New Craig,FR,19/07/2023,direct
7036,Michael,Gomez,Michael.Gomez764@yahoo.com,001-267-921-0119x62065,Port Erichaven,France,13.11.2023,paid_search
7037,Walter,Yang,Walter.Yang875@hotmail.com,(840)654-3150x6894,South Trevorville,Germany,2024-04-22,organic_search
7038,Elizabeth,Kim,Elizabeth.Kim845@gmail.com,,Taylormouth,france,2024-01-23T09:05:48,paid_search
7039,Kevin,Walls,Kevin.Walls703@gmail.com,+1-422-701-4536x451,Jamesport,france,2025-04-14,referral
7040,Stacey,King,Stacey.King164@yahoo.com,,East Kellyside,DE,12.04.2025,referral
7041,Michael,Johnson,Michael.Johnson142@gmail.com,2923644976,North Kevinchester,United States,2025-04-12T15:49:13,paid_search
7042,Kathryn,Gallegos,Kathryn.Gallegos592@yahoo.com,(302)607-9559,Robinsonburgh,France,2024-03-04,direct
7043,Michelle,Saunders,Michelle.Saunders684@gmail.com,001-865-820-0904x907,Johnsonberg,DE,2023-12-25,direct
7044,Paul,Petersen,Paul.Petersen674@yahoo.com,2564806640,Lake Rachaelside,uk,02-26-2023,referral
7045,Reginald,Campbell,Reginald.Campbell285@gmail.com,(545)256-2542x26506,Johnnyfurt,France,2025-08-15,email
7046,Mary,Owens,Mary.Owens19@hotmail.com,(784)894-5352,North Lindseybury, USA ,15/08/2025,organic_search
7047,Nicholas,Garcia,Nicholas.Garcia831@hotmail.com,(728)487-5086x5062,Lake Don,france,06-03-2023,direct
7048,Lauren,Yates,Lauren.Yates517@yahoo.com,(602)891-0697x436,Vasquezborough,france,05-15-2024,paid_search
7049,Christopher,Bean,Christopher.Bean273@yahoo.com,+1-332-540-8218,West Christopherville,france,2024-01-10,paid_search
7050,Kayla,Hudson,Kayla.Hudson43@yahoo.com,428-281-0063x9399,East Stephaniefort,france,05-24-2023,email
7051,Timothy,Gutierrez,Timothy.Gutierrez249@gmail.com,(634)731-5759,North Savannahview,Germany,16.06.2025,direct
7052,Lori,Gray,Lori.Gray931@gmail.com,001-960-877-1313x143,East Martin,uk,2025-10-31,social_media
7053,Ryan,Walker,Ryan.Walker815@gmail.com,725.392.6675x031,East Anthonytown,CA,19.07.2025,social_media
7054,Susan,Henry,Susan.Henry682@yahoo.com,(500)607-3272,Lake Jo,germany,22/04/2024,referral
7055,Yolanda,Smith,Yolanda.Smith623@hotmail.com,612-447-4127x54365,Lawrenceshire,France,06/06/2024,referral
7056,Vincent,Rogers,Vincent.Rogers72@hotmail.com,873.276.9895,West Victor,FR,2025-06-30,email
7057,Michelle,Rodriguez,Michelle.Rodriguez518@gmail.com,622-602-1585x365,West Vickie, USA ,2025-08-11T02:24:25,email
7058,Ashley,Berg,Ashley.Berg986@yahoo.com,(639)576-4223x417,Wilsonchester,france,09-25-2025,paid_search
7059,Erin,Garcia,Erin.Garcia135@hotmail.com,001-543-739-3143x4398,Port Kenneth,DE,2024-08-28T06:29:31,organic_search
7060,Robert,Johnson,Robert.Johnson65@yahoo.com,579.940.9059x690,East Jessicatown,germany,2025-05-07,social_media
7061,Thomas,Bennett,Thomas.Bennett284@gmail.com,+1-541-823-6111,Armstrongside,CA,2024-10-06,referral
7062,Sara,Johnson,Sara.Johnson,001-919-801-5525x6498,Evanshaven,france,17/12/2025,referral
7063,Willie,Adams,Willie.Adams47@gmail.com,531-870-5895,Goodwinstad,usa,23/08/2023,paid_search
7064,Tamara,Freeman,Tamara.Freeman230@yahoo.com,001-323-205-0305x1000,West Jamie,USA,01.11.2023,paid_search
7065,Michael,Garcia,Michael.Garcia760@hotmail.com,(833)517-7633x10714,New Alanstad,Germany,16/05/2024,referral
7066,Keith,Bruce,Keith.Bruce,+1-430-462-1739,North Ryan,Canada,2024-10-23,paid_search
7067,Nathan,Woods,Nathan.Woods42@yahoo.com,001-624-811-7038,South Jonathanfort,United Kingdom,2025-12-17,organic_search
7068,Kathleen,Dominguez,Kathleen.Dominguez820@yahoo.com,325-220-3193x41358,South Omarfort,DE,2025-06-08,direct
7069,Tiffany,Walters,Tiffany.Walters16@yahoo.com,+1-744-705-9149x873,Ethanbury,canada,2024-07-03,direct
7070,Isaiah,Gonzales,Isaiah.Gonzales17@gmail.com,(832)842-2320x690,North Tammymouth,France,29.09.2023,paid_search
7071,Bradley,Dean,Bradley.Dean166@gmail.com,+1-401-386-2028x41854,New Amandaberg,FR,09-30-2025,paid_search
7072,Robert,Hurley,Robert.Hurley54@gmail.com,767.826.4940x8836,,DE,12-05-2024,paid_search
7073,Jeffrey,Wells,Jeffrey.Wells10@gmail.com,241-718-9565x930,Lake Robin,canada,26.10.2023,paid_search
7074,Jennifer,Robinson,Jennifer.Robinson995@hotmail.com,843-989-6334x8141,Campbellton,France,2024-09-15T12:16:28,paid_search
7075,Kimberly,Gonzales,Kimberly.Gonzales280@yahoo.com,409-477-7774x714,Beckview,U.K.,28/05/2023,social_media
7076,Jonathon,Lawrence,Jonathon.Lawrence33@gmail.com,,South Gary,Canada,03-21-2024,referral
7077,Jamie,Smith,Jamie.Smith149@gmail.com,565.794.6757,Susanshire,U.K.,02/05/2023,email
7078,Deanna,Gamble,Deanna.Gamble531@yahoo.com,5514417161,Chelseaton,Germany,2023-08-21,direct
7079,Pedro,Williams,Pedro.Williams719@gmail.com,+1-702-242-4598x9478,Toddville,FR,27/03/2023,paid_search
7080,Erica,Arnold,Erica.Arnold899@gmail.com,953.823.3191x64467,New Suzanne,United States,06/01/2025,email
7081,John,Price,JOHN.PRICE501@HOTMAIL.COM,,Garyberg,US,21/04/2024,organic_search
7082,Paige,Martin,Paige.Martin687@yahoo.com,,East Jay,USA,14/04/2023,referral
7083,Stacy,Gonzalez, Stacy.Gonzalez792@hotmail.com ,+1-924-542-5466x299,Port Teresachester,Canada,2025-09-12,social_media
7084,Tammy,Chen,Tammy.Chen108@hotmail.com,(745)986-0488,Fergusonview,US,10/06/2023,direct
7085,Michelle,Mcdaniel,Michelle.Mcdaniel609@hotmail.com,+1-788-843-5110x99295,Oconnorberg,UK,2023-04-12T20:46:14,referral
7086,Eric,Olson,Eric.Olson679@gmail.com,001-208-966-0054,Kendrachester,US,06/01/2025,paid_search
7087,Jillian,Olson,Jillian.Olson481@hotmail.com,(411)428-6922x22074,Toddside,France,09/04/2025,social_media
7088,Beverly,White,Beverly.White946@hotmail.com,267.870.7406x8174,New Mark,CA,30/06/2024,organic_search
7089,Jill,Golden,Jill.Golden15@yahoo.com,,,France,2023-05-19,referral
7090,Dennis,Yu,Dennis.Yu27@yahoo.com,(741)341-1770,,germany,13.07.2024,paid_search
7091,Jennifer,Briggs, Jennifer.Briggs516@yahoo.com ,385-362-0186,Danaville,United Kingdom,12-17-2024,organic_search
7092,Julie,Cruz,Julie.Cruz981@yahoo.com,(562)765-9616,East Yvetteberg,United Kingdom,27.05.2024,direct
7093,Jason,Green,Jason.Green371@gmail.com,254.380.1496,Johnnyhaven,France,20/01/2023,email
7094,Michael,Black,Michael.Black734@yahoo.com,+1-379-241-1332x83484,Port Ronald,france,09.10.2025,direct
7095,Charles,Clayton,Charles.Clayton564@yahoo.com,,North David,DE,2024-01-19,direct
7096,Teresa,Eaton,Teresa.Eaton146@yahoo.com,(854)453-4262x57034,West Kelly,CA,02-12-2024,referral
7097,Nicholas,Ritter,Nicholas.Ritter607@gmail.com,001-521-613-6931x4277,North Michelebury,Canada,2024-10-17T09:45:33,paid_search
7098,Kevin,Davis,Kevin.Davis568@gmail.com,001-399-672-6793x468,Chelseyville,Canada,12.10.2023,email
7099,Bradley,Moore,Bradley.Moore572@hotmail.com,001-483-496-0651x8133,Joshuaberg,USA,27.09.2025,referral
7100,Jennifer,Ramirez,Jennifer.Ramirez577@yahoo.com,001-724-891-9846x3637,Port Meghan,france,19.04.2024,direct
7101,Debra,White,Debra.White620@gmail.com,(921)717-8643x44772,Lake Donald,france,11-14-2025,referral
7102,Steven,Heath,Steven.Heath166@yahoo.com,879.723.0137,,germany,05-21-2024,paid_search
7103,Angela,Martinez,Angela.Martinez344@gmail.com,,Jeromeberg,france,09-23-2023,direct
7104,James,Roth,James.Roth678@yahoo.com,(401)613-2350x21351,Moniqueton,FR,11/05/2023,direct
7105,Gregg,Bryant,Gregg.Bryant81@hotmail.com,667.467.0869,South Amyton,Germany,14/01/2025,email
7106,Dillon,Hunt,Dillon.Hunt191@hotmail.com,510.353.0316x5393,North Robert,U.K.,2024-06-23,organic_search
7107,Brittany,Lewis, Brittany.Lewis552@hotmail.com ,253.820.8884x57947,Smithstad,Germany,15.09.2024,email
7108,Aaron,Reyes,Aaron.Reyes43@yahoo.com,,South Jeffrey,US,2023-02-06,email
7109,Mark,Cohen,Mark.Cohen303@gmail.com,001-290-764-1367x9754,North Chelsey,US,2023-05-05T09:01:20,organic_search
7110,Benjamin,James,Benjamin.James91@hotmail.com,395-293-6824x343,North Jean,Canada,2025-07-22,organic_search
7111,Lindsay,Rivas,Lindsay.Rivas839@gmail.com,9926566631,Johnchester,CA,25.08.2025,referral
7112,Brandon,Baxter,Brandon.Baxter599@gmail.com,816.339.5911,Amyborough,US,03-18-2025,social_media
7113,Gary,Chapman,Gary.Chapman831@gmail.com,483.400.6653x3567,Jasonside,france,2023-05-01,organic_search
7114,Michelle,Dean,Michelle.Dean107@hotmail.com,001-224-309-1116,Michaelborough,germany,2024-03-29T02:24:15,paid_search
7115,Alexander,Harvey, Alexander.Harvey27@yahoo.com ,(743)217-5305x776,Lake Tammymouth,Canada,30/03/2023,paid_search
7116,James,Francis,James.Francis886@hotmail.com,8078401236,Melissashire,United Kingdom,2024-04-16,social_media
7117,Eric,Peterson,Eric.Peterson203@hotmail.com,(906)636-6171,Reedshire,FR,15/07/2024,organic_search
7118,Natasha,Smith,Natasha.Smith495@gmail.com,(878)520-6175x69878,Gonzaleston,France,2024-09-22T04:36:04,direct
7119,Shawn,Collins,SHAWN.COLLINS155@GMAIL.COM,+1-834-445-3760x7755,,United States,08-21-2023,paid_search
7120,Gerald,Hanson,Gerald.Hanson718@gmail.com,652.677.9758x8706,Lake Jenniferburgh,U.K.,08-24-2023,referral
7121,Brian,Pacheco,Brian.Pacheco923@hotmail.com,(837)255-8767,South Nicoleland,Germany,2024-02-09,direct
7122,Christina,Hernandez,Christina.Hernandez426@hotmail.com,539.562.1657x68898,Howardfurt,CA,31/07/2023,direct
7123,Colleen,Rodriguez,Colleen.Rodriguez901@gmail.com,+1-710-559-7815x3825,Kimland,Canada,04/01/2023,social_media
7124,Cynthia,Garza,Cynthia.Garza734@gmail.com,7549025204,Stephenport,CA,2023-04-24,email
7125,Cynthia,Shepherd,Cynthia.Shepherd881@yahoo.com,961.672.9671,Ritaview,DE,21.03.2023,direct
7126,Carolyn,Montgomery,Carolyn.Montgomery657@hotmail.com,001-644-647-7243x354,Karenbury,DE,28.06.2024,paid_search
7127,Rachel,Johnson,Rachel.Johnson992@hotmail.com,,Port Amy,Canada,04/07/2023,email
7128,Ashley,Bell,ASHLEY.BELL824@YAHOO.COM,+1-373-569-8294x29897,Lindaton,canada,20.07.2023,organic_search
7129,Jeffrey,Morse,Jeffrey.Morse660@gmail.com,(997)382-9842x755,Lorifurt,Germany,2025-04-22,referral
7130,Nicole,Johnson,Nicole.Johnson914@gmail.com,+1-792-359-8346x964,New Jeremiah,Germany,2023-07-03T07:01:00,email
7131,Erika,Horn,Erika.Horn406@hotmail.com,(572)286-0277,,CA,16.11.2025,paid_search
7132,Manuel,Patterson,Manuel.Patterson222@gmail.com,+1-399-389-1619x058,East Todd,USA,31.07.2024,direct
7133,Jennifer,Gay,Jennifer.Gay621@yahoo.com,301.404.3189,Lake Alanshire,Canada,25.10.2023,referral
7134,Alvin,Dougherty, Alvin.Dougherty634@hotmail.com ,+1-537-759-7026,South Kari,france,24.12.2024,organic_search
7135,Steve,Edwards,Steve.Edwards621@gmail.com,896.737.7248,,Germany,2024-02-16T01:21:39,direct
7136,Brandon,Gonzales,Brandon.Gonzales911@yahoo.com,661.240.7252,West Christopher,uk,2024-08-14,direct
7137,Annette,Morris,Annette.Morris76@yahoo.com,353.538.4474,Christopherfort,France,08-26-2024,direct
7138,Joseph,Miller,Joseph.Miller284@hotmail.com,728-577-3824x877,North Christina,Canada,23.07.2023,referral
7139,Katie,Smith,Katie.Smith328@gmail.com,+1-578-614-7185x077,East Franceston,US,2024-08-31,email
7140,Maria,Moore,Maria.Moore482@hotmail.com,+1-737-506-8540x54445,Leeborough,Canada,2025-01-14,social_media
7141,James,Anderson,James.Anderson269@hotmail.com,+1-941-629-8765x354,Jacquelinetown,Canada,2024-09-07T02:02:50,paid_search
7142,Kelli,Stanley,Kelli.Stanley,,Lake Destinyfort,FR,2024-08-10T02:14:49,paid_search
7143,Robert,Joseph,Robert.Joseph971@hotmail.com,,Bowmanland,canada,2024-02-14,referral
7144,Michael,Jones,Michael.Jones526@gmail.com,+1-612-877-1070x9571,Port William,germany,06.06.2024,paid_search
7145,Dorothy,Jones,Dorothy.Jones985@gmail.com,+1-779-261-9208,North Gabrielchester,DE,2023-03-28,referral
7146,Emily,Campos,Emily.Campos240@hotmail.com,956-950-8707,Elizabethmouth,usa,2023-09-11,referral
7147,Kenneth,Russo,Kenneth.Russo210@gmail.com,907.959.3494x682,Coffeyview,germany,07-20-2025,social_media
7148,Michael,Finley,Michael.Finley497@gmail.com,001-683-707-9365x12799,Kellyberg,United Kingdom,2023-02-24T10:43:58,email
7149,Heather,Diaz,Heather.Diaz800@yahoo.com,+1-835-965-5824x30520,East Victoria,France,27.12.2025,email
7150,Seth,Perez,Seth.Perez955@hotmail.com,662.611.1556x91534,Stephenbury,FR,2023-08-29,direct
7151,Mary,Powers,Mary.Powers399@gmail.com,3525225234,Anthonymouth,U.K.,23/07/2025,referral
7152,Robert,Moss,Robert.Moss401@gmail.com,(932)382-0706x72000,Frenchville,France,09-21-2023,direct
7153,Christopher,Mueller,Christopher.Mueller648@hotmail.com,7944837029,East Gregoryville,United Kingdom,11/08/2023,organic_search
7154,Michelle,Obrien,Michelle.Obrien420@hotmail.com,446-655-8266,Smithland,germany,05/06/2024,email
7155,Jesse,Clarke,Jesse.Clarke143@hotmail.com,(339)624-0985,North Paul,United Kingdom,22/03/2024,email
7156,Jose,Lane,JOSE.LANE19@GMAIL.COM,001-844-804-9634x18698,Hamiltonport,Canada,2023-09-23,social_media
7157,Joseph,Thompson,Joseph.Thompson329@gmail.com,+1-385-774-1247x68713,Lake Dawnfort,United Kingdom,13.03.2024,organic_search
7158,Patrick,Paul,Patrick.Paul728@hotmail.com,,Nicholaschester,Germany,04-13-2023,organic_search
7159,Toni,Kennedy,Toni.Kennedy556@yahoo.com,,East Carol,uk,18.09.2025,referral
7160,Robert,Petersen,Robert.Petersen586@hotmail.com,,Woodardborough,FR,04.09.2023,referral
7161,Adam,Leach,Adam.Leach395@hotmail.com,550.967.2090x11913,Jamesshire,France,2024-04-12T23:31:15,email
7162,Anne,Daniel,Anne.Daniel519@hotmail.com,,North Jack,United Kingdom,01-02-2024,direct
7163,Denise,Smith,Denise.Smith229@yahoo.com,970.644.8559x66333,Franklinville,Germany,2023-08-29T17:17:38,organic_search
7164,Debra,Johnston,Debra.Johnston910@gmail.com,001-531-358-4256x14293,West Veronicaburgh,germany,09-11-2023,paid_search
7165,Joshua,Johnson,Joshua.Johnson868@gmail.com,298-907-2854x78941,Mathewsfort, USA ,2025-08-15,social_media
7166,Christopher,Smith,Christopher.Smith896@hotmail.com,001-466-467-9812x675,Laraland,uk,16/03/2023,referral
7167,Veronica,Mcintosh,Veronica.Mcintosh594@hotmail.com,8878768654,New Catherine,United States,04-21-2023,referral
7168,Rebecca,Jones,Rebecca.Jones344@gmail.com,282-269-2439x35941,Lake Courtney,USA,21.07.2025,paid_search
7169,Travis,Flores,TRAVIS.FLORES563@YAHOO.COM,,Lake Ashlee,germany,25.07.2025,paid_search
7170,Emily,Bird,Emily.Bird,830.393.3532,New Christopherfort,canada,27.04.2024,paid_search
7171,Deborah,Gomez,Deborah.Gomez521@gmail.com,,Port Tracy,FR,24/06/2025,social_media
7172,Holly,Espinoza,Holly.Espinoza761@hotmail.com,001-393-708-2764x1277,Thorntonshire,canada,2023-12-14T18:25:03,organic_search
7173,Gregory,Knight,Gregory.Knight184@hotmail.com,720-327-9023x29612,East Charlesmouth,USA,2024-07-04,paid_search
7174,Marissa,Daniels,Marissa.Daniels804@gmail.com,001-889-807-8771x9858,West Nicholeview,U.K.,30/10/2025,referral
7175,Michael,Johnson,Michael.Johnson453@yahoo.com,+1-855-901-7657x849,Lake Patrick,france,2023-06-09,referral
7176,Travis,Frey,Travis.Frey573@yahoo.com,,Adamsport, USA ,10/08/2023,referral
7177,Kelsey,Ortega,Kelsey.Ortega988@gmail.com,318.894.0567x6477,,US,07-04-2023,organic_search
7178,Teresa,Edwards,Teresa.Edwards957@gmail.com,,West Cheryl,Canada,07-29-2025,social_media
7179,Joshua,Long,Joshua.Long636@yahoo.com,(625)952-8752x8787,East Lori,Canada,24.11.2025,paid_search
7180,Jose,Kelly,Jose.Kelly456@yahoo.com,713.579.1511x2463,West Jenniferfort,USA,10-26-2023,social_media
7181,Bryan,Campbell,Bryan.Campbell615@gmail.com,+1-349-793-1780x0133,Port Marychester,CA,30.04.2023,paid_search
7182,Robert,Parker,Robert.Parker315@hotmail.com,+1-411-479-1720,Foleystad,France,23/03/2024,paid_search
7183,Bethany,Jenkins,Bethany.Jenkins28@gmail.com,,Stacystad,United Kingdom,2024-10-03,paid_search
7184,Brian,Mccoy,Brian.Mccoy,001-952-207-8126x4335,Craigland,FR,2025-10-07,email
7185,Manuel,Marshall,Manuel.Marshall459@hotmail.com,(931)293-7290,Leahland,CA,04.09.2023,social_media
7186,Benjamin,Johnson,Benjamin.Johnson364@hotmail.com,,Chaseside,uk,2023-02-16,email
7187,Natalie,Vaughn,Natalie.Vaughn513@gmail.com,001-633-420-2378x6301,Lake Codyfort,CA,2023-12-09T12:01:55,email
7188,Timothy,Lewis,Timothy.Lewis86@hotmail.com,+1-284-995-4098,West Garyland,CA,2023-08-19T05:54:29,paid_search
7189,Alex,Brooks,Alex.Brooks819@yahoo.com,844.210.7509x206,Watsonmouth,U.K.,10.12.2025,social_media
7190,Steven,Walsh,Steven.Walsh978@yahoo.com,(200)490-0366,Camposfurt,DE,19/04/2025,direct
7191,Joshua,Berry,Joshua.Berry147@gmail.com,576.927.5618x38446,Jamesside,United Kingdom,10-12-2024,email
7192,Karen,Calderon,Karen.Calderon962@gmail.com,,North Grantview,FR,2024-02-28T12:44:27,paid_search
7193,Lisa,Valdez,Lisa.Valdez842@hotmail.com,677-452-0474x7032,Campbellview,france,16.08.2025,paid_search
7194,Jennifer,Crawford,Jennifer.Crawford182@hotmail.com,,Royshire,France,15.11.2024,organic_search
7195,Mary,Bennett,Mary.Bennett535@yahoo.com,(883)762-6414x12467,,usa,2023-12-04,direct
7196,Stacey,Reed,Stacey.Reed149@hotmail.com,689.590.2540,Spencershire,United States,02/10/2025,referral
7197,Kimberly,Lopez,Kimberly.Lopez528@yahoo.com,(704)597-8362x6745,Wrightville,DE,17.04.2025,organic_search
7198,William,Nunez,William.Nunez345@gmail.com,(980)455-2611x433,Nathanielton,Canada,2023-07-07T07:50:15,direct
7199,Richard,Kemp,Richard.Kemp827@hotmail.com,325.782.7340x0955,,UK,2025-02-06,organic_search
7200,Brian,Garcia,BRIAN.GARCIA818@GMAIL.COM,+1-620-881-3805,Joshuaburgh,uk,02-19-2023,direct
7201,Russell,Bell,Russell.Bell687@yahoo.com,(957)559-6495x01853,Mcculloughborough,germany,06-28-2024,organic_search
7202,Stephen,Simpson,Stephen.Simpson82@hotmail.com,235.527.9409x709,Jacksonfort,United Kingdom,2024-09-18T13:30:00,social_media
7203,Micheal,Gonzalez,Micheal.Gonzalez173@yahoo.com,(539)572-7799x588,Vaughanburgh,U.K.,2024-10-08,social_media
7204,Philip,Melton, Philip.Melton288@yahoo.com ,(797)281-4637x0731,Larahaven,UK,22.01.2023,paid_search
7205,Dennis,Serrano,Dennis.Serrano955@hotmail.com,3893242777,Lopezfort,canada,20.01.2025,paid_search
7206,Charles,Cooley,Charles.Cooley814@hotmail.com,+1-223-783-9180x80461,West Jaredchester,U.K.,11-29-2025,direct
7207,Phillip,White,Phillip.White159@hotmail.com,842.215.2299x5721,New Bryanville,USA,14.02.2025,paid_search
7208,Daniel,Powers,Daniel.Powers388@gmail.com,354.882.3630,,FR,26/03/2023,organic_search
7209,John,Wilkinson,John.Wilkinson314@hotmail.com,,Port Pamela,france,2024-04-23,direct
7210,Kevin,Vasquez,Kevin.Vasquez760@yahoo.com,(737)654-0682x4634,Robertland,Canada,04-19-2025,referral
7211,Kevin,Dixon,Kevin.Dixon427@hotmail.com,986.358.5334x41257,New Jillborough,DE,29.12.2024,organic_search
7212,Scott,Smith,Scott.Smith918@hotmail.com,(740)725-9770x6508,Christopherland,Canada,03-31-2025,email
7213,Joseph,Morris,Joseph.Morris275@yahoo.com,718.624.3834,North Christopher,France,10.06.2024,social_media
7214,Joshua,Perry,Joshua.Perry664@gmail.com,,Collierburgh,UK,02/04/2023,direct
7215,Paul,Walker,Paul.Walker176@hotmail.com,526-357-8525,Port Kevin,United States,2025-08-02,social_media
7216,Cody,Tyler,Cody.Tyler284@yahoo.com,348-572-9276,Roymouth,US,24.12.2025,referral
7217,Lindsay,Wagner,Lindsay.Wagner530@yahoo.com,822-931-2999x3675,North Paul,Canada,2025-09-20,direct
7218,Jason,Chapman,Jason.Chapman979@yahoo.com,8129784104,Tammystad,uk,13/08/2023,organic_search
7219,Robert,Clark,Robert.Clark734@gmail.com,,,france,11-21-2023,paid_search
7220,Michael,Burke, Michael.Burke26@gmail.com ,,East Noah,france,17.09.2025,direct
7221,Jonathan,Casey,Jonathan.Casey629@hotmail.com,524.306.4976x477,South Kristinland,usa,08.03.2023,paid_search
7222,Patricia,Morgan,Patricia.Morgan797@hotmail.com,811.499.8897x68991,Jimmyborough,DE,2023-07-24,email
7223,William,Hayes,William.Hayes600@gmail.com,467-371-5009,North Tammyshire, USA ,2024-02-28,organic_search
7224,James,Grant,James.Grant28@hotmail.com,642-938-9671x425,Lake Sharonfurt,canada,2024-11-12T07:44:54,organic_search
7225,Sarah,Cruz,SARAH.CRUZ512@HOTMAIL.COM,368.401.1073x79964,Markfurt,usa,15.01.2024,referral
7226,Hannah,Weber,Hannah.Weber487@hotmail.com,(586)428-7956,New Ashley,United States,2024-10-31T23:25:26,referral
7227,Matthew,Villarreal,Matthew.Villarreal805@gmail.com,,North Donna,USA,2025-05-18,referral
7228,Kelly,Summers,Kelly.Summers130@hotmail.com,(642)699-8119,East Emilyhaven,U.K.,01-06-2023,organic_search
7229,Joyce,Ford,Joyce.Ford682@gmail.com,,Thomasport,usa,08-13-2024,paid_search
7230,Donna,Arias,Donna.Arias435@gmail.com,001-774-444-6368x9244,Porterside,UK,2025-06-01T20:45:33,email
7231,Tammy,Reed,Tammy.Reed631@gmail.com,001-383-934-2253x204,North Michaelburgh,FR,2023-09-01,social_media
7232,Kevin,Smith,Kevin.Smith508@gmail.com,+1-994-979-9828x86845,Geraldshire,United States,12/09/2025,referral
7233,Jessica,Johnson,JESSICA.JOHNSON98@HOTMAIL.COM,981-437-2932x900,East Samuelfort,CA,2025-09-12,referral
7234,Anthony,Decker,Anthony.Decker954@gmail.com,798.316.7343,Lake Rachelview,Canada,2024-05-28T12:36:42,organic_search
7235,Zachary,Flowers,Zachary.Flowers943@gmail.com,001-486-852-0835x81922,,FR,20.09.2023,direct
7236,Sandra,Peters,Sandra.Peters356@gmail.com,648.440.5606x86423,East Kristin,canada,2024-06-17T09:10:21,paid_search
7237,Regina,Stone,Regina.Stone76@yahoo.com,(864)843-1418x1958,Bennettchester,germany,09-10-2025,organic_search
7238,Juan,Hall,Juan.Hall581@yahoo.com,726.782.9337x2406,Lambfort,U.K.,2025-04-19T09:41:44,organic_search
7239,David,Sullivan,David.Sullivan215@hotmail.com,292-529-9542,Vargashaven,CA,12-15-2025,referral
7240,Joyce,Adams,Joyce.Adams110@hotmail.com,(309)622-3063x604,,DE,09/11/2025,email
7241,Miranda,Trujillo,Miranda.Trujillo652@hotmail.com,+1-820-504-3573x9253,East Zachary,FR,2023-05-01T02:33:51,referral
7242,Jacob,Fernandez,Jacob.Fernandez159@hotmail.com,634-394-8413x52966,Normanport,france,13/05/2024,referral
7243,Victoria,Rodriguez,Victoria.Rodriguez844@hotmail.com,,Port Erikastad,uk,2023-06-08T02:01:30,social_media
7244,Paul,Spencer,Paul.Spencer670@gmail.com,834-941-4399x72935,Danielsview,US,02-08-2024,referral
7245,Brad,Harmon,Brad.Harmon837@yahoo.com,841-479-0734,,France,11-04-2023,referral
7246,Jeffrey,Maldonado,Jeffrey.Maldonado910@hotmail.com,+1-470-340-6102,Kimchester,France,30.01.2024,social_media
7247,Chelsea,Hays,Chelsea.Hays516@yahoo.com,001-247-893-9706x3566,Stephanieview,US,11.08.2025,referral
7248,Daniel,Bailey,Daniel.Bailey,(790)349-0791x542,Wilsonport,canada,05-08-2025,social_media
7249,Caroline,Owens,Caroline.Owens674@hotmail.com,392.299.6131x3710,,United Kingdom,2023-06-14T07:49:23,social_media
7250,Samantha,Nguyen,SAMANTHA.NGUYEN190@HOTMAIL.COM,(942)275-0249,North William,United States,2025-04-09T11:16:23,paid_search
7251,Allison,Rhodes,Allison.Rhodes392@gmail.com,893.746.5641x221,East Robert,U.K.,20/12/2025,social_media
7252,Brandon,Cook,Brandon.Cook268@hotmail.com,341-438-8703x05333,Port Meganport,United Kingdom,2025-08-02T08:27:53,paid_search
7253,Brittany,Smith,Brittany.Smith920@gmail.com,,Amytown,CA,03.04.2024,organic_search
7254,Brian,Sanders,Brian.Sanders227@gmail.com,+1-256-812-0973x32174,Scottmouth,U.K.,2025-01-31T10:41:48,email
7255,Robert,Stanton,Robert.Stanton477@yahoo.com,,East Gregory,France,26.07.2024,direct
7256,Stephen,Chandler,Stephen.Chandler154@gmail.com,001-454-784-1130x233,Lake Vernon,usa,07/11/2023,social_media
7257,Felicia,Mccarthy,Felicia.Mccarthy846@hotmail.com,315-951-9250,West Robertshire, USA ,04-24-2023,social_media
7258,Mark,Griffin,Mark.Griffin790@yahoo.com,+1-727-225-7310x095,,FR,2023-11-12T04:41:52,referral
7259,Jason,Velasquez,Jason.Velasquez675@hotmail.com,,Cherylburgh,Germany,04-04-2023,direct
7260,Walter,Carlson,Walter.Carlson464@yahoo.com,(873)862-6171x93151,Andrewview,United Kingdom,2024-03-29,referral
7261,Christopher,Dorsey,Christopher.Dorsey444@gmail.com,767.397.2743,East Debraville,france,2025-03-23,direct
7262,Rachel,Johnson,Rachel.Johnson648@yahoo.com,(344)904-3738,South Isaac,Germany,12.04.2023,referral
7263,Scott,Brown,Scott.Brown823@yahoo.com,221.801.4938x0089,Smithchester,United Kingdom,2025-06-01T09:00:39,paid_search
7264,Lori,Combs,Lori.Combs550@hotmail.com,,New Aliciaview,canada,12/03/2025,organic_search
7265,Daniel,Lee,Daniel.Lee324@yahoo.com,605-290-2802,New Matthewmouth,Canada,07-11-2023,social_media
7266,Zachary,Wilson,Zachary.Wilson729@yahoo.com,(479)965-0637x89525,Greenefort,uk,21.11.2024,email
7267,Eric,Miller,Eric.Miller197@gmail.com,(354)236-2473x4504,East Briana,CA,30.06.2023,organic_search
7268,James,Norman,James.Norman781@hotmail.com,935.551.9768,,france,17.07.2024,social_media
7269,Patricia,Odom,Patricia.Odom623@hotmail.com,6357815535,Gonzaleston,Germany,09-08-2023,email
7270,Juan,Montgomery,Juan.Montgomery759@yahoo.com,001-585-492-2555,New Glendafurt,Germany,16.08.2025,direct
7271,Patrick,Zimmerman,Patrick.Zimmerman428@gmail.com,001-812-758-1605x54574,Melissaside,germany,2024-08-18,social_media
7272,Amanda,Cruz,AMANDA.CRUZ358@HOTMAIL.COM,987.495.9349x209,Cindyton,Germany,27/01/2025,email
7273,Kevin,Lopez,Kevin.Lopez338@hotmail.com,650.322.8096,Oconnellfurt,France,12-24-2024,direct
7274,Shannon,Harris,Shannon.Harris906@yahoo.com,001-235-248-9307,Port Kevinville,CA,07/08/2024,paid_search
7275,Gerald,Rodriguez,Gerald.Rodriguez565@hotmail.com,404.489.5783x16979,,Canada,09/10/2025,paid_search
7276,John,Carrillo, John.Carrillo311@yahoo.com ,(665)482-2806,West Laurabury,US,2024-08-14T09:59:17,paid_search
7277,Wendy,Hamilton,Wendy.Hamilton986@gmail.com,(514)794-0698,North Andrew,CA,09-18-2025,paid_search
7278,Natasha,Gardner,Natasha.Gardner479@yahoo.com,472.403.2143x55519,Lake Crystalfort,CA,23/06/2024,email
7279,Laura,Sullivan,Laura.Sullivan654@gmail.com,+1-625-803-2507x27180,Middletonborough,Germany,13/08/2024,direct
7280,Christina,Cannon,Christina.Cannon592@hotmail.com,001-802-756-2623x762,Alexandriafort,DE,27/05/2024,organic_search
7281,Keith,Whitaker,Keith.Whitaker820@gmail.com,,Susanview, USA ,2024-11-18,email
7282,Darren,Diaz,Darren.Diaz784@hotmail.com,(334)647-8326x2499,Jamesland,France,07-20-2024,referral
7283,Kurt,Lee,Kurt.Lee904@yahoo.com,(736)447-6439x05744,Lake Jason,uk,2024-01-12T01:01:18,email
7284,Ryan,King,Ryan.King819@hotmail.com,790-293-7030,Lake Billyfurt,CA,2023-08-18T05:07:32,direct
7285,Samantha,Garcia,Samantha.Garcia724@hotmail.com,+1-951-469-7816x864,New Chaseberg,CA,03.09.2024,social_media
7286,Derek,Jackson,Derek.Jackson447@gmail.com,356-487-4232,Port Damon,UK,01-23-2025,social_media
7287,Wesley,Phillips,Wesley.Phillips85@yahoo.com,001-942-358-2264,Lake Virginiamouth,FR,21/12/2023,direct
7288,Christopher,Thompson,Christopher.Thompson69@yahoo.com,+1-618-915-2094x1818,Thomashaven,FR,2025-02-09,organic_search
7289,Rhonda,Clark,Rhonda.Clark324@gmail.com,8687257533,Kellerberg,germany,2023-05-07T19:05:10,email
7290,Daniel,Johnson,Daniel.Johnson121@gmail.com,842-574-7999,Fostertown,france,30.10.2025,organic_search
7291,Diane,Thompson,Diane.Thompson14@hotmail.com,728.928.9908,Joshuaton,france,2024-06-06,direct
7292,Justin,Davis,Justin.Davis318@hotmail.com,(208)672-5755x0441,Gordonport,France,08-28-2024,paid_search
7293,Sabrina,Thomas,Sabrina.Thomas809@hotmail.com,981-492-8554x5349,South Scott,canada,24/04/2024,referral
7294,Brianna,Koch,Brianna.Koch823@yahoo.com,(902)459-4955,East Rachel,FR,2024-07-12,organic_search
7295,Michael,Smith,Michael.Smith296@hotmail.com,853.424.2494x209,Stevenfort,Germany,09.09.2025,referral
7296,Yvette,Singh,Yvette.Singh643@yahoo.com,(841)831-5986,Kingland,uk,2023-03-03,direct
7297,Ashley,Mcmillan,Ashley.Mcmillan373@yahoo.com,773.628.8862,Lake Adam,uk,2023-12-01,referral
7298,Gregory,Scott,Gregory.Scott968@yahoo.com,922-499-1724x4014,Port Derek,france,05-29-2024,paid_search
7299,Gregory,Evans,Gregory.Evans720@hotmail.com,704.259.8181,Dianashire,France,2024-02-09T01:50:13,email
7300,Thomas,Patel,Thomas.Patel695@gmail.com,761-985-7248x723,,France,24/07/2024,direct
7301,Cynthia,George,Cynthia.George496@gmail.com,2162315991,Howardside,USA,11/07/2025,direct
7302,Christopher,Murray,Christopher.Murray968@yahoo.com,(789)377-7894,North Stephenport,germany,11/09/2024,paid_search
7303,Sara,Davis,SARA.DAVIS764@YAHOO.COM,,Herringtown,U.K.,2023-08-15T01:54:44,paid_search
7304,James,Li,James.Li905@yahoo.com,,Lake Kyle, USA ,06-30-2023,referral
7305,Marie,Callahan,Marie.Callahan705@hotmail.com,001-639-756-1967x755,East Haley,FR,01/04/2023,direct
7306,Andrew,Fuentes,Andrew.Fuentes108@yahoo.com,231.487.5357,South Samuel,USA,2025-11-23T04:56:54,organic_search
7307,Olivia,Lopez,Olivia.Lopez386@hotmail.com,734-870-6747x169,Brownfort,canada,04-11-2025,organic_search
7308,Steven,Peterson,Steven.Peterson113@yahoo.com,,Greenville,CA,04-12-2023,referral
7309,Mark,Underwood,Mark.Underwood,598.252.6082,South Kevinfurt,UK,18.08.2023,direct
7310,Julie,Munoz,Julie.Munoz284@yahoo.com,706-314-2421x466,Lake Don,France,2025-11-01T21:30:56,referral
7311,Gary,Thompson,Gary.Thompson717@gmail.com,,Daniellemouth,CA,06-12-2023,email
7312,Roberto,Sullivan,Roberto.Sullivan687@yahoo.com,001-295-622-5417x094,Lake Drew,DE,16/11/2025,referral
7313,Jaclyn,Horne,Jaclyn.Horne842@gmail.com,+1-431-895-3192x10684,Waltermouth,germany,01-28-2025,referral
7314,David,Day,David.Day404@yahoo.com,398.305.3043x004,Samuelmouth,United Kingdom,24.10.2024,social_media
7315,Stacy,Johnson,Stacy.Johnson307@yahoo.com,,South Shane,UK,2024-02-08,social_media
7316,Victoria,Vasquez,Victoria.Vasquez686@yahoo.com,3349166720,South Melissachester,Canada,2024-01-25T05:43:29,organic_search
7317,Heather,Bush,Heather.Bush307@hotmail.com,324.510.2856x307,Richardburgh,U.K.,21/12/2023,paid_search
7318,Leah,Stone,Leah.Stone542@gmail.com,+1-519-241-6677x2059,North Timothy,US,18/06/2024,email
7319,Clayton,Estes,Clayton.Estes695@yahoo.com,617-665-4630,New Kayla,Germany,04/12/2025,referral
7320,Tyler,Meyers,Tyler.Meyers,754-789-0881,Dunnton,UK,2023-11-03,paid_search
7321,Jaime,Torres,Jaime.Torres495@hotmail.com,6462586409,Georgeberg,canada,21/10/2024,organic_search
7322,Kelly,Bush,Kelly.Bush946@hotmail.com,,Reevesmouth,usa,23.04.2023,paid_search
7323,Gregory,Wells,Gregory.Wells824@yahoo.com,949.608.6013,Port Anna,France,2023-02-14,social_media
7324,Brett,Carney,Brett.Carney824@hotmail.com,+1-697-219-0719x691,Ravenbury,France,2024-07-18,organic_search
7325,Peter,Duarte,Peter.Duarte686@yahoo.com,6733298187,Lewisberg,DE,24/11/2024,organic_search
7326,Steven,Hall,Steven.Hall2@hotmail.com,310.604.0409x73101,Karenview,germany,14/05/2024,referral
7327,Paul,Carrillo,Paul.Carrillo701@gmail.com,630-339-3353,North Victoria,United Kingdom,10.07.2024,paid_search
7328,Elizabeth,Castillo,Elizabeth.Castillo477@gmail.com,432-284-2864,New Soniaberg,Canada,22.08.2023,email
7329,Colleen,Munoz,Colleen.Munoz643@gmail.com,,South Bettyberg,FR,04.05.2023,social_media
7330,Michelle,Harrison,Michelle.Harrison403@gmail.com,281-434-0485x455,Jessicamouth,uk,2025-05-24,direct
7331,Casey,Navarro,Casey.Navarro215@hotmail.com,,North Vickieview,canada,2025-08-05,direct
7332,Nicholas,Jones,Nicholas.Jones962@yahoo.com,(469)869-1591x404,Vegamouth,canada,02-27-2023,paid_search
7333,Stacy,Brown,Stacy.Brown967@gmail.com,(845)625-3121x831,East Terrence,UK,2023-12-20T03:34:42,direct
7334,Ana,Yang,Ana.Yang671@hotmail.com,628-716-9045,Port Alexander,france,11-13-2023,organic_search
7335,William,Tran,William.Tran81@yahoo.com,(874)849-8598x4107,New Carolinechester,United States,2024-04-17T15:50:04,paid_search
7336,Alyssa,Cardenas,Alyssa.Cardenas633@yahoo.com,001-266-863-2066x5956,Elizabethfort,UK,2024-11-03,paid_search
7337,Mary,Walker,Mary.Walker345@gmail.com,(535)859-9806x6969,Lake Nicoletown,US,04-24-2024,referral
7338,Rebecca,Harrison,Rebecca.Harrison366@gmail.com,,Alanfurt,USA,14/09/2025,referral
7339,Jennifer,Smith,Jennifer.Smith751@gmail.com,675.375.4830x44396,Susanview,USA,2024-11-13,organic_search
7340,David,Cline,David.Cline561@gmail.com,390-993-4426,Emilyview,canada,2023-03-06T08:25:50,organic_search
7341,David,Shaw,David.Shaw30@yahoo.com,(213)217-5090x8006,Barryburgh,FR,12.12.2023,organic_search
7342,Heather,Williamson,Heather.Williamson811@gmail.com,813.722.5570,New Natalieport,Germany,21.08.2024,email
7343,Melissa,Smith,Melissa.Smith655@yahoo.com,+1-589-254-7926x4483,East Peter,France,10-30-2025,social_media
7344,Pamela,Reeves,Pamela.Reeves6@hotmail.com,(551)391-7564,Andersonview,Germany,12-16-2023,referral
7345,Paige,Thompson,Paige.Thompson182@hotmail.com,+1-524-530-8363x92464,West Carol,Canada,2025-09-30,social_media
7346,Tara,Burnett,Tara.Burnett110@hotmail.com,,Zimmermantown,United Kingdom,2025-05-29,social_media
7347,David,Smith,David.Smith703@yahoo.com,387.980.9713,Toddshire,United States,24/08/2024,email
7348,Charles,Holmes,Charles.Holmes951@hotmail.com,+1-460-807-1946x173,Perkinsfurt,UK,01-03-2024,paid_search
7349,Robert,Beck,Robert.Beck276@hotmail.com,,Biancaburgh,United Kingdom,10.04.2025,social_media
7350,Patrick,Williams,Patrick.Williams229@yahoo.com,932-756-9447x028,,uk,22/05/2025,email
7351,Patricia,Hunt,Patricia.Hunt306@gmail.com,,North Josephmouth,France,2023-02-10,email
7352,Sophia,Martin,Sophia.Martin844@gmail.com,,New Daniel,france,2023-06-22T10:09:38,email
7353,Jeffrey,Burke,Jeffrey.Burke993@yahoo.com,,Port Aprilport,UK,03-16-2023,paid_search
7354,Hannah,Brown,Hannah.Brown785@gmail.com,+1-885-489-4490x935,New Matthew,United States,13/09/2023,social_media
7355,Angel,Ruiz,Angel.Ruiz288@gmail.com,(437)735-2734x3347,Philipton,United Kingdom,23.02.2023,social_media
7356,Kathleen,Dennis,Kathleen.Dennis40@gmail.com,(708)505-6802,Tracyville,United Kingdom,2025-04-12T17:15:06,social_media
7357,Shannon,Torres,Shannon.Torres256@yahoo.com,+1-212-685-0406x188,Martinezhaven,CA,07/01/2024,direct
7358,Melissa,Martinez,Melissa.Martinez85@yahoo.com,644.525.4060,Fergusonburgh,DE,07.06.2025,email
7359,Pamela,Cameron,Pamela.Cameron628@yahoo.com,+1-717-421-9305x9067,Daniellefurt,Germany,2024-07-25T20:57:03,organic_search
7360,Rachel,Gonzales,Rachel.Gonzales406@gmail.com,890-990-0477x9416,Chavezville,DE,2024-11-08,email
7361,Sara,Jordan,Sara.Jordan20@yahoo.com,+1-897-967-9768x143,South John,uk,08-04-2025,paid_search
7362,Jeremy,House,Jeremy.House499@gmail.com,+1-892-709-1448,Wilsonhaven,United States,2023-08-03T14:51:45,social_media
7363,Kathryn,Brown,Kathryn.Brown812@gmail.com,(775)741-8730,Sarahchester,Canada,06/05/2025,social_media
7364,Tina,Clements,Tina.Clements889@gmail.com,965.415.8419x55151,North Kristymouth,DE,06-17-2023,email
7365,Sara,Williams,Sara.Williams24@gmail.com,001-871-831-3094x692,North David,uk,07-20-2024,email
7366,Krista,Smith,Krista.Smith123@hotmail.com,(850)915-0559,Port Thomas,FR,13.12.2023,email
7367,Kenneth,Thomas,Kenneth.Thomas433@yahoo.com,735.312.7612x863,Riosport,france,21/07/2024,organic_search
7368,Heather,Kelly,Heather.Kelly160@yahoo.com,742.796.2835x55553,New Richard,canada,16/10/2025,social_media
7369,Melissa,Lester,Melissa.Lester651@yahoo.com,223.226.4181x8347,West James,france,07-30-2024,referral
7370,Jonathan,Wong,Jonathan.Wong310@hotmail.com,+1-495-696-0895x38772,New Aimee,UK,08.06.2024,social_media
7371,Julie,Horton,Julie.Horton450@gmail.com,,Brownhaven,United Kingdom,10-26-2025,referral
7372,Tammy,Martinez,Tammy.Martinez382@yahoo.com,276.615.0725x89774,New Jessica,United Kingdom,2023-01-29T16:05:01,referral
7373,Katrina,Hill,Katrina.Hill234@yahoo.com,3316181309,Chadborough,CA,2024-10-28T20:45:12,social_media
7374,Adam,Orozco,Adam.Orozco819@gmail.com,(686)792-8761,West Carolyn,DE,2024-11-09T13:52:04,social_media
7375,Sonya,Villarreal,Sonya.Villarreal289@hotmail.com,+1-850-242-4617x88269,South Christine,uk,2024-03-20T00:08:54,organic_search
7376,Steven,Walker,Steven.Walker407@hotmail.com,001-467-823-7478x4327,Smithville,US,10/01/2025,direct
7377,Stephanie,Howell,Stephanie.Howell105@hotmail.com,001-390-720-1365x48835,Sanchezhaven,germany,14/02/2023,organic_search
7378,Brenda,Kim,BRENDA.KIM727@HOTMAIL.COM,,Jonesborough,DE,2025-07-11T00:30:17,email
7379,Lindsay,Diaz,Lindsay.Diaz326@hotmail.com,2557207030,Ritaborough,France,06-28-2023,direct
7380,Holly,Griffith,Holly.Griffith89@hotmail.com,6526326356,East Linda, USA ,18.03.2024,direct
7381,Tracy,Brown,Tracy.Brown2@gmail.com,+1-351-441-8481x243,Nguyenstad,FR,2024-04-30T06:42:41,email
7382,Diana,Richardson,Diana.Richardson416@hotmail.com,993.977.0666x129,Jamesside,United States,06/10/2025,social_media
7383,Michael,Benjamin,Michael.Benjamin889@hotmail.com,001-699-895-5796x514,Port Christopherview,DE,26.05.2024,direct
7384,Ryan,West,Ryan.West803@yahoo.com,571.691.9338x318,Sarafurt,germany,31.07.2025,organic_search
7385,Paul,Jarvis,Paul.Jarvis274@hotmail.com,001-788-981-5037x858,Port Allison,germany,02-13-2025,direct
7386,Loretta,Bautista,Loretta.Bautista669@yahoo.com,,North Brian,FR,08-09-2025,referral
7387,Meghan,Rasmussen,Meghan.Rasmussen283@yahoo.com,,West Theresa,France,2023-01-22,referral
7388,Dylan,Ali,Dylan.Ali548@yahoo.com,276-720-8192,,france,2024-09-21,paid_search
7389,Tyler,Hines,Tyler.Hines607@yahoo.com,(622)942-5013,Villaborough,Germany,08.11.2025,paid_search
7390,Eric,Weaver,Eric.Weaver5@yahoo.com,(704)213-8779,Lake Alan,germany,01-15-2024,social_media
7391,Valerie,Morris,Valerie.Morris47@hotmail.com,405-709-4977,Jenniferberg,FR,2024-09-26,paid_search
7392,Jennifer,Escobar,Jennifer.Escobar498@hotmail.com,+1-682-793-8232x041,North Devinmouth,FR,04.07.2023,social_media
7393,Victoria,Ryan,Victoria.Ryan919@hotmail.com,+1-475-224-3616x966,Wheelerhaven,US,11/05/2025,referral
7394,Melissa,Miller,Melissa.Miller51@gmail.com,+1-299-387-8627x92213,Thompsonfort,CA,09-29-2023,organic_search
7395,Deanna,Beasley,Deanna.Beasley511@yahoo.com,,West Crystal,DE,2023-06-17T23:29:59,direct
7396,Dale,Martin, Dale.Martin719@yahoo.com ,(455)928-0182,Lake Bryantown,usa,27.12.2025,social_media
7397,Kaylee,Harmon,KAYLEE.HARMON760@HOTMAIL.COM,649-414-1379x837,Hansonville,Canada,2024-06-30T07:55:38,social_media
7398,Mark,Blair,MARK.BLAIR763@YAHOO.COM,203.934.9966,Ricardoburgh,FR,23/06/2024,paid_search
7399,Matthew,Bell,Matthew.Bell9@gmail.com,902.515.8390x45992,North Katherine,CA,2023-10-02T21:17:37,referral
7400,Megan,Jackson,Megan.Jackson953@hotmail.com,448-674-1116x7965,Lake Jackson,Canada,2025-03-22T02:52:31,direct
7401,Marc,Adams,Marc.Adams537@hotmail.com,,West Stephanie, USA ,04.06.2025,direct
7402,Robert,Parker,Robert.Parker257@gmail.com,442.887.2212,North Davidhaven, USA ,2024-02-22,paid_search
7403,Joseph,Gibson,Joseph.Gibson,+1-699-501-3747x932,Gordonbury,U.K.,28.01.2024,referral
7404,Donna,Stevenson,Donna.Stevenson656@hotmail.com,(229)877-3474x9285,South Alec,UK,03-21-2023,direct
7405,Patrick,Warren,Patrick.Warren813@gmail.com,+1-920-953-2265,Yutown,Germany,05.04.2023,social_media
7406,Thomas,Frey,Thomas.Frey53@hotmail.com,,Zamoraside,germany,07.11.2025,social_media
7407,Tammy,Mcknight,Tammy.Mcknight711@gmail.com,649.329.1389,Erichaven,CA,2024-01-28,email
7408,Tyler,Moore,Tyler.Moore128@yahoo.com,,Leonmouth,usa,03/09/2023,paid_search
7409,Michael,Williams,Michael.Williams72@gmail.com,941.496.1404x5038,Stephenport,germany,2023-03-19,organic_search
7410,Allison,Jensen,Allison.Jensen,001-506-812-5324x074,West Sarahport,FR,06-01-2024,organic_search
7411,Michael,Coleman,Michael.Coleman261@yahoo.com,971.272.6788,Mackmouth,Canada,06-30-2024,organic_search
7412,Lacey,Wise,Lacey.Wise398@gmail.com,993.806.6274,Latoyaport,Canada,2025-11-09T10:21:35,organic_search
7413,Lacey,Miller,Lacey.Miller153@gmail.com,001-702-908-6138x333,West Arthur,France,2024-01-31T17:18:13,paid_search
7414,Bruce,Burton,Bruce.Burton524@gmail.com,225.278.4090x263,Lake Desireebury,USA,06-24-2023,direct
7415,Timothy,Castro,Timothy.Castro994@yahoo.com,001-681-590-0142,,Canada,21.10.2025,organic_search
7416,Christopher,Walker,Christopher.Walker55@gmail.com,+1-791-997-4591,Danahaven,France,2023-10-12,email
7417,David,Lamb,David.Lamb661@yahoo.com,248.741.2380x4272,Lake Jennyland,france,2024-07-18T13:18:03,direct
7418,Cynthia,Dyer,Cynthia.Dyer784@gmail.com,361.763.6435,South Elaine,france,2023-01-13,organic_search
7419,Rebecca,Thompson,Rebecca.Thompson430@gmail.com,352-208-2748,Kennethtown,United Kingdom,22/07/2023,social_media
7420,Catherine,Alvarez,Catherine.Alvarez673@yahoo.com,+1-351-698-4425x84275,North Timothyland,DE,2023-04-13,email
7421,Louis,Fuller,Louis.Fuller23@gmail.com,588.664.6636x62385,East Christopherfort,Germany,2025-12-14,direct
7422,Morgan,Allen,Morgan.Allen121@yahoo.com,450.323.7178,Mitchellborough,United States,2024-09-16T04:26:44,direct
7423,Jared,Garcia,Jared.Garcia242@yahoo.com,521.458.0814,East Stephaniefurt, USA ,07-10-2023,organic_search
7424,Christina,Shaw,Christina.Shaw112@gmail.com,(209)306-2013x35775,Robertsshire,DE,2023-01-26,social_media
7425,John,Jenkins,John.Jenkins986@gmail.com,001-226-285-2343,Vancebury,france,06-25-2024,email
7426,Charles,Delgado,Charles.Delgado478@hotmail.com,2724716835,Jonesfort,germany,03.03.2024,paid_search
7427,Christopher,Campbell,Christopher.Campbell809@yahoo.com,855-405-6170x5640,Proctorton,france,2025-12-29,organic_search
7428,Brian,Reyes,Brian.Reyes938@gmail.com,(935)660-1309x64678,East Justin,United Kingdom,02-26-2025,email
7429,Joseph,White,Joseph.White681@gmail.com,286-369-7811x875,Ruizstad,france,10-04-2025,referral
7430,Clifford,Lee,Clifford.Lee49@gmail.com,353-595-3321x291,Derekstad,canada,2025-04-17T23:04:29,paid_search
7431,Chad,Jones,Chad.Jones426@yahoo.com,+1-707-364-7173x32368,Christopherport,US,2024-02-22,referral
7432,Molly,Lambert,Molly.Lambert319@gmail.com,604-991-2104,Barkerborough,US,2024-03-08T03:23:59,organic_search
7433,Alicia,Espinoza,Alicia.Espinoza779@gmail.com,,Ashleyshire,uk,10/10/2025,email
7434,Mary,Hall,Mary.Hall151@yahoo.com,(971)305-0908,Jonesmouth,canada,28/10/2023,social_media
7435,Robert,Wade,Robert.Wade828@yahoo.com,842-743-1632x54043,North Daniellebury,FR,06.02.2025,paid_search
7436,Wayne,Bryant,Wayne.Bryant159@gmail.com,(702)643-4067x791,New Erin,FR,08.08.2025,direct
7437,Christopher,Jones,Christopher.Jones702@hotmail.com,(807)742-0914x189,East Sabrina,FR,04-16-2024,social_media
7438,Jennifer,Bennett,Jennifer.Bennett355@gmail.com,+1-947-763-3985x8340,Mullinsville,CA,2025-04-21,direct
7439,Melinda,Shepard,Melinda.Shepard996@hotmail.com,237-584-3260,Tiffanyshire,USA,29/07/2024,direct
7440,Ian,Myers,Ian.Myers107@yahoo.com,001-829-817-5298,Lake Daniellestad,CA,03-10-2024,organic_search
7441,Jane,Miles,Jane.Miles423@gmail.com,687.803.3736x36525,,FR,2024-12-16T14:42:26,organic_search
7442,Christine,Downs,Christine.Downs198@gmail.com,531.840.9440,Curtisburgh,FR,03-20-2025,email
7443,Jesse,Gonzalez,Jesse.Gonzalez460@yahoo.com,(739)707-5250x37776,,usa,24.09.2023,direct
7444,Adrian,Perez,Adrian.Perez200@yahoo.com,(765)538-4426x21543,West Davidhaven,DE,2023-02-26,paid_search
7445,Miranda,Jones,Miranda.Jones717@hotmail.com,202.533.9218x537,South Kennethburgh,DE,2025-08-22T22:00:07,organic_search
7446,Steven,Thompson,Steven.Thompson802@hotmail.com,,New Theresa,Canada,19/03/2024,email
7447,Andrew,Burton,Andrew.Burton95@hotmail.com,207.559.3839x26325,Mosleyberg,France,01-02-2024,paid_search
7448,Sheila,James,Sheila.James759@hotmail.com,,Port Christina, USA ,2024-09-06T02:49:15,direct
7449,Paige,Christian,Paige.Christian662@gmail.com,549.885.2057,Tonyafort,U.K.,08/05/2024,direct
7450,Leah,Bell,Leah.Bell644@gmail.com,332.222.4309x458,Karlahaven,usa,19/08/2023,organic_search
7451,Michael,Lopez,Michael.Lopez307@yahoo.com,994.678.8184,Lake Oscar,Canada,2025-02-15T03:06:13,social_media
7452,Jessica,Romero,Jessica.Romero527@yahoo.com,(226)450-7649x39723,Smithshire,Germany,03-04-2024,referral
7453,Samantha,Wright,Samantha.Wright362@hotmail.com,001-954-854-1491x168,North John,france,05-18-2025,social_media
7454,Jose,Gilbert,Jose.Gilbert870@hotmail.com,(683)719-2927x302,Payneport,Germany,2023-10-11,email
7455,Christina,Williams,Christina.Williams888@hotmail.com,221-265-9315x399,Port Crystalside,France,07/04/2024,referral
7456,Patty,Miller,Patty.Miller351@gmail.com,+1-697-476-5071x97462,North Katie,canada,2025-10-20T01:38:47,email
7457,Thomas,Tyler,Thomas.Tyler90@gmail.com,690.713.8412,Lake Erin,US,2025-02-26,email
7458,John,Taylor,John.Taylor518@gmail.com,973.743.0354x4437,Justinborough,USA,2023-06-12,organic_search
7459,Travis,Sanders,Travis.Sanders183@yahoo.com,+1-745-295-9611x4499,South Aaronton,france,2025-10-23T05:05:39,paid_search
7460,Pamela,Martinez,Pamela.Martinez617@hotmail.com,666-746-0328x77056,New Heidi,U.K.,29/12/2025,direct
7461,Elizabeth,Reeves,Elizabeth.Reeves365@gmail.com,298-943-4881x6528,Sanchezport, USA ,2023-01-30,email
7462,Rebecca,Rojas,Rebecca.Rojas496@gmail.com,502.756.2608,Lake Christine,Canada,10-24-2024,organic_search
7463,Joshua,Rojas,Joshua.Rojas753@gmail.com,+1-572-279-4684x953,West Andrewside,canada,22.11.2025,paid_search
7464,Maria,Long,Maria.Long689@gmail.com,(835)593-2277x7757,Fullerland,France,2025-07-04,organic_search
7465,April,Summers,April.Summers227@hotmail.com,212.896.1357x99640,Port Jeremiah,uk,10-16-2025,social_media
7466,Nathan,Kelley,Nathan.Kelley679@gmail.com,889.344.9912,East Nathanview,France,20/10/2025,paid_search
7467,Amanda,Warren,Amanda.Warren620@yahoo.com,322-671-8518x61957,West Stevenview,canada,19.04.2023,social_media
7468,Leslie,Turner,Leslie.Turner418@gmail.com,(730)322-1517,West Brandi,United Kingdom,05-31-2025,referral
7469,Diamond,Torres,Diamond.Torres576@hotmail.com,320-995-2059,Gregoryview,canada,2025-02-11T21:50:29,organic_search
7470,Wesley,Riley,Wesley.Riley621@yahoo.com,758-747-1336x13911,Howefurt,germany,19.03.2024,organic_search
7471,Jason,Reyes,Jason.Reyes71@yahoo.com,8329619890,New Courtney,United Kingdom,08-19-2023,social_media
7472,Mary,Vazquez,Mary.Vazquez775@yahoo.com,001-432-469-2807,New Ann,CA,2024-11-21,paid_search
7473,Danny,Moore,Danny.Moore845@hotmail.com,789-744-0535x3604,Washingtonbury,U.K.,11-19-2024,direct
7474,Carol,Perez,Carol.Perez854@yahoo.com,364-341-1339x736,Simsstad,Germany,26.08.2024,organic_search
7475,Steven,Rodgers,Steven.Rodgers74@gmail.com,673-208-0686,West Robert,United Kingdom,2025-10-08,paid_search
7476,Emily,Williams,Emily.Williams907@yahoo.com,539.224.7652x5386,Lewisland,france,25/12/2024,email
7477,Micheal,Chen,Micheal.Chen486@hotmail.com,001-621-401-9973x79157,Ginabury,uk,2025-12-15T14:03:49,paid_search
7478,Madison,Ross,Madison.Ross455@hotmail.com,428.505.2572,Darrellbury,canada,04-22-2023,social_media
7479,Tammy,Thomas,Tammy.Thomas795@hotmail.com,001-943-937-9628,East Dianafort,usa,26/10/2023,paid_search
7480,Denise,Frank,Denise.Frank192@hotmail.com,,East Eric,United Kingdom,05/12/2025,direct
7481,Jessica,Thompson,Jessica.Thompson156@yahoo.com,001-678-777-6990x2107,Theresaport,Germany,2023-10-19,email
7482,John,Elliott,John.Elliott149@hotmail.com,474-263-7290,South Michaelburgh,United States,08/01/2023,paid_search
7483,Mary,Jones,Mary.Jones874@hotmail.com,5565628307,Stevenstad,CA,25/11/2024,direct
7484,Alexandra,Fuller,Alexandra.Fuller648@gmail.com,(718)325-2822x52821,Lake Curtis,DE,01-25-2023,email
7485,Benjamin,Cardenas,Benjamin.Cardenas784@yahoo.com,(638)259-3148,Cookton,CA,28/11/2025,paid_search
7486,Karen,Mullen,Karen.Mullen358@yahoo.com,367-921-2489x8790,West Oliviaside,Canada,18/03/2024,organic_search
7487,Maxwell,Jimenez,Maxwell.Jimenez426@yahoo.com,269.584.4812x04319,Watsonside, USA ,2024-08-10T12:46:58,organic_search
7488,April,Ward,April.Ward44@gmail.com,+1-973-461-8024x29903,Port Rose,france,2024-09-11,social_media
7489,Dalton,Lewis,Dalton.Lewis842@gmail.com,001-913-499-5526x52550,Wrightport,United States,19.04.2023,direct
7490,Casey,Mcintosh,Casey.Mcintosh980@hotmail.com,730.721.2292x257,Sabrinaberg,canada,04-06-2024,direct
7491,Daniel,Wood,Daniel.Wood927@hotmail.com,883.985.5508x637,Williamsonport,germany,12/07/2025,direct
7492,Calvin,Trevino,Calvin.Trevino788@hotmail.com,493.281.3802,Shafferview,Germany,07.12.2024,direct
7493,Kristen,Conrad,Kristen.Conrad29@gmail.com,(600)453-5149,New Brandy,france,2025-07-25,referral
7494,Darren,Lane,Darren.Lane329@gmail.com,001-820-679-0783x473,Taylorfort,USA,2023-09-20T20:59:16,social_media
7495,Peter,Leblanc,Peter.Leblanc107@hotmail.com,(422)680-7402,Baileyberg,Canada,30/08/2025,paid_search
7496,Robert,Wilson,Robert.Wilson532@gmail.com,569-674-8684x549,Popetown,United Kingdom,2025-04-02T01:51:00,paid_search
7497,Derrick,Perkins,Derrick.Perkins428@yahoo.com,357.731.3354x927,East Regina,UK,28.11.2025,email
7498,Tracie,Lee,Tracie.Lee512@gmail.com,+1-636-581-4549x123,West Diane,FR,11/05/2024,organic_search
7499,Sheila,Hart,Sheila.Hart408@gmail.com,,East Thomas,germany,30.05.2025,social_media
7500,Wendy,Jones,Wendy.Jones713@hotmail.com,753-240-4822x615,Fosterville,france,2023-02-24,organic_search
7501,Nancy,Goodman,Nancy.Goodman821@hotmail.com,837-532-1571x621,,United States,06/01/2024,paid_search
7502,Joel,Morse,Joel.Morse610@yahoo.com,8848317034,Jacquelinetown,DE,02-23-2024,referral
7503,Jack,Sanders,Jack.Sanders195@gmail.com,692.573.7123x9130,Lake Charlesberg,france,2024-11-26T19:41:20,direct
7504,Eric,Miranda,Eric.Miranda190@gmail.com,001-985-946-8375x1537,New Jamesland,canada,11-14-2023,organic_search
7505,Peter,Nelson,Peter.Nelson608@hotmail.com,844.386.2701x2680,East Phillip,UK,2025-05-12T18:15:57,paid_search
7506,Pamela,Liu,Pamela.Liu883@hotmail.com,(507)451-6043x625,East Nathan,USA,2023-12-25T01:13:37,email
7507,Tonya,Brown,Tonya.Brown676@gmail.com,+1-769-923-8599x16729,Maryberg,FR,03-24-2025,direct
7508,Carla,Olson,Carla.Olson63@gmail.com,413-814-4804,West Lindsay,United Kingdom,29/01/2023,organic_search
7509,Paula,Turner,Paula.Turner918@gmail.com,813-348-3394,Port Davidside,France,02.07.2025,referral
7510,Kelsey,Jones,Kelsey.Jones814@hotmail.com,001-564-581-2000,Lake Dustin,UK,29/05/2023,referral
7511,Richard,Foley,Richard.Foley889@yahoo.com,323-631-4082x90198,Barrettfurt,canada,2025-12-24,organic_search
7512,Hailey,Carter,Hailey.Carter335@gmail.com,001-897-359-9385x1628,Sarahville,United Kingdom,22.04.2024,social_media
7513,Christopher,Thomas,Christopher.Thomas752@hotmail.com,(951)505-5858,West Madeline,France,24/02/2024,paid_search
7514,Ethan,Morton,Ethan.Morton589@yahoo.com,(557)352-1997x3841,Brookston,france,04-04-2024,email
7515,Ryan,Payne,Ryan.Payne728@hotmail.com,5182178895,Port Allisonport,United Kingdom,2025-01-07T13:07:55,referral
7516,Erin,Clements,Erin.Clements8@yahoo.com,465.658.9507,Perrybury,france,11-30-2024,paid_search
7517,Alexandra,Riley,Alexandra.Riley606@gmail.com,(633)634-4385x43893,Lake Jason,uk,12.11.2023,referral
7518,Ryan,Cox,Ryan.Cox285@gmail.com,,Kurtborough,Germany,2023-09-04,social_media
7519,Joshua,Johnson,Joshua.Johnson588@hotmail.com,4687240591,North Thomaston,CA,08-04-2025,organic_search
7520,Richard,Hayes,Richard.Hayes603@hotmail.com,724-540-0797x99121,Ericland,DE,2023-07-23,direct
7521,Marvin,Matthews,Marvin.Matthews149@yahoo.com,(644)662-6277,West Aaron,DE,2025-08-17,direct
7522,Tina,Munoz,Tina.Munoz503@gmail.com,001-461-311-0868x06793,,DE,07-01-2023,direct
7523,Erica,Price,Erica.Price495@hotmail.com,806.803.6483,Erinfurt,france,2024-06-16T17:54:38,social_media
7524,Eric,Barnett,Eric.Barnett393@hotmail.com,+1-820-298-5579x46899,Michaelmouth,Canada,16.02.2025,referral
7525,Jacob,Bowen,Jacob.Bowen87@hotmail.com,(649)278-9952,North Courtneymouth,U.K.,02/11/2023,social_media
7526,David,Mcguire,David.Mcguire247@gmail.com,(936)861-5400,North Kristieville,DE,30.11.2023,social_media
7527,Edgar,Crawford,Edgar.Crawford710@hotmail.com,253.483.7582x976,Lake Cassandra,Germany,09-23-2025,referral
7528,Anthony,Pittman,Anthony.Pittman587@yahoo.com,732.315.2845x45696,,UK,2025-01-09T23:15:10,social_media
7529,Lauren,Solomon,Lauren.Solomon723@gmail.com,8165339359,,Germany,11-02-2024,direct
7530,Cynthia,Frye,Cynthia.Frye752@hotmail.com,001-712-269-1741x074,West Charlesland,UK,2025-09-18,direct
7531,Carol,Day,Carol.Day914@hotmail.com,(985)270-4421,Darrellview,france,02-21-2024,referral
7532,Michael,Powell,Michael.Powell595@yahoo.com,400.403.0145,Kennethport,usa,23.10.2023,social_media
7533,Glen,Love,Glen.Love408@yahoo.com,853-786-5713,Caseymouth,France,11/12/2025,direct
7534,Paul,Skinner,Paul.Skinner480@yahoo.com,,Port Suzanneton,DE,2025-06-10T16:35:07,email
7535,Rebecca,Carr,Rebecca.Carr468@yahoo.com,393.818.4680x46464,South Timothyfurt,usa,18/08/2023,referral
7536,Douglas,Ruiz,DOUGLAS.RUIZ51@YAHOO.COM,923-304-2497,,United States,06-05-2025,social_media
7537,Julian,Bates,JULIAN.BATES818@HOTMAIL.COM,298-470-7821,North Annaland,United Kingdom,27/11/2023,social_media
7538,Kristopher,Norris,Kristopher.Norris361@yahoo.com,+1-289-282-1713x77443,,Canada,07/05/2023,paid_search
7539,Michael,Johnson,Michael.Johnson409@hotmail.com,(826)455-8116,New Tylerberg,USA,11-07-2024,email
7540,Robin,Miller,Robin.Miller149@hotmail.com,,South Thomas,UK,2025-01-29T21:53:06,direct
7541,Michael,Nunez,Michael.Nunez843@hotmail.com,(621)339-6255x814,Henryberg,USA,27.07.2024,direct
7542,Amy,Hubbard,Amy.Hubbard364@hotmail.com,(969)328-3053,New Lori,United Kingdom,2025-02-02,paid_search
7543,Jennifer,Davis,Jennifer.Davis975@yahoo.com,(240)351-2923x919,Harringtonstad,United States,2024-07-20T03:51:33,referral
7544,Meghan,Johnson,Meghan.Johnson39@gmail.com,860-748-8647,Taylormouth,FR,15.04.2024,social_media
7545,Jodi,Harrison,Jodi.Harrison384@gmail.com,001-410-818-8616,Natalieburgh,US,16.08.2025,organic_search
7546,Michael,Olson,Michael.Olson999@hotmail.com,+1-250-984-9857x17177,Jenniferhaven,Canada,2025-07-03,referral
7547,Christopher,Gentry,Christopher.Gentry26@gmail.com,4702912001,New Matthew,FR,2023-09-30,direct
7548,Allison,Ramirez,Allison.Ramirez361@gmail.com,835.400.2978,Cindymouth,DE,26.03.2025,social_media
7549,Jacob,Long,Jacob.Long112@hotmail.com,883-597-3363,West Kariview,Canada,03-03-2025,paid_search
7550,Charles,Johnson,Charles.Johnson543@hotmail.com,,Bennettstad,DE,2024-04-10T11:53:06,social_media
7551,Jessica,Hill,Jessica.Hill75@yahoo.com,409-792-0220,Allisonhaven,Canada,06-11-2025,email
7552,Rachel,Graves,Rachel.Graves693@gmail.com,924.949.6726,North Patrick,USA,2025-07-01T19:33:18,paid_search
7553,Thomas,Hernandez,Thomas.Hernandez171@yahoo.com,(445)285-9247x684,Lake Tamara,France,10.11.2023,paid_search
7554,Amber,Coffey,Amber.Coffey484@yahoo.com,(713)362-2949,Calvinbury,UK,09/08/2024,social_media
7555,Robert,Crosby,Robert.Crosby,577.985.3334,West Billyside, USA ,01-14-2025,referral
7556,Austin,Smith,Austin.Smith555@hotmail.com,969.252.1158,,CA,03-31-2025,paid_search
7557,Andrea,Dickson,Andrea.Dickson722@gmail.com,+1-867-876-3636x251,Lake Jenniferchester,CA,2023-11-08,organic_search
7558,Jon,Leonard,Jon.Leonard985@gmail.com,932.820.6278x420,Lisashire,canada,22.06.2024,social_media
7559,Andrew,Lane,Andrew.Lane719@gmail.com,001-934-434-7676,Harrisshire,France,06.12.2023,email
7560,Jose,Scott,Jose.Scott146@yahoo.com,8444838073,New Ariel,UK,03.10.2024,social_media
7561,Michelle,Campbell,Michelle.Campbell99@yahoo.com,,Kingborough,United Kingdom,2024-07-12,direct
7562,Eric,Herrera,Eric.Herrera486@yahoo.com,,North Francis,usa,2023-11-05,organic_search
7563,Andrew,Navarro,Andrew.Navarro703@gmail.com,470.605.6433,Port Eric,usa,2024-12-14T13:30:57,social_media
7564,Evan,Fisher, Evan.Fisher725@hotmail.com ,(391)504-1023,Robertside, USA ,21.07.2025,email
7565,Jennifer,Medina,Jennifer.Medina627@yahoo.com,001-630-853-8290x3279,Lake Ricky,US,17/05/2023,organic_search
7566,Kimberly,Clark,Kimberly.Clark651@gmail.com,001-336-259-2398x182,Evanston,france,2025-09-19T02:13:17,referral
7567,Olivia,Lyons,Olivia.Lyons373@gmail.com,001-242-758-4872,Zamoraport,France,01/02/2025,direct
7568,Timothy,Smith,Timothy.Smith21@gmail.com,968.862.1403x8091,Lake Matthew,United States,2023-01-29,organic_search
7569,Michael,Gordon,MICHAEL.GORDON217@HOTMAIL.COM,479-867-4145x711,Lake Zacharymouth,FR,2024-07-22,social_media
7570,Kimberly,Moore,Kimberly.Moore975@hotmail.com,+1-991-385-0336x4790,Wilsonton,United States,2023-03-09T07:22:00,organic_search
7571,Adam,Moore,Adam.Moore482@hotmail.com,3574312850,Victoriafort,United States,22/05/2025,direct
7572,Christopher,Herman,Christopher.Herman135@gmail.com,+1-574-924-4205x702,Robertton,United Kingdom,07-30-2025,social_media
7573,Teresa,Hancock,Teresa.Hancock601@gmail.com,651.683.7891x65516,Lake Monica,canada,2025-05-17T21:50:56,email
7574,Jennifer,Nelson,Jennifer.Nelson199@yahoo.com,001-515-567-3844x277,West Jermaine, USA ,14/01/2023,direct
7575,Donald,Lopez,Donald.Lopez793@gmail.com,+1-648-484-1469x46926,Simsberg,United Kingdom,28/03/2023,direct
7576,Mariah,Arnold,Mariah.Arnold385@hotmail.com,,Jeffreyberg,France,18/06/2024,email
7577,Brian,Estes,Brian.Estes430@gmail.com,001-482-443-4358x165,Ashleyberg,U.K.,2024-04-08T09:15:26,organic_search
7578,Seth,Wright,Seth.Wright878@hotmail.com,(872)644-6004x0458,Smithside,Germany,2025-11-25T20:34:40,referral
7579,Christopher,Mathis,Christopher.Mathis876@gmail.com,474.390.1506,Hinesland,Germany,2023-09-27T08:24:13,organic_search
7580,Sean,Ballard,Sean.Ballard346@gmail.com,,Dominguezbury,France,23/11/2025,direct
7581,Kimberly,Alvarez,Kimberly.Alvarez492@yahoo.com,(525)836-4207,New Theresa,germany,22/12/2023,paid_search
7582,Rodney,Willis,Rodney.Willis82@hotmail.com,248.736.3000x59186,Cowanfurt,United States,14/07/2023,organic_search
7583,Annette,Thomas,Annette.Thomas359@hotmail.com,,North Scottberg,germany,2024-09-05T21:14:54,direct
7584,Felicia,Morris,Felicia.Morris555@gmail.com,876-543-5547x64011,New Ericborough,uk,01/08/2023,direct
7585,Jonathan,Love,Jonathan.Love94@gmail.com,+1-734-331-1500x18180,Port Lauratown,FR,10/01/2023,referral
7586,Eric,Cline,Eric.Cline462@hotmail.com,544-238-7526x11910,Lake Ericville,uk,2024-02-17,social_media
7587,Carrie,Dudley,Carrie.Dudley659@yahoo.com,899-682-3030x18252,Robertville,CA,11/07/2023,referral
7588,William,Cole, William.Cole980@yahoo.com ,+1-639-920-4931,West Douglasmouth,uk,02-18-2025,email
7589,Scott,Blackwell,Scott.Blackwell52@gmail.com,,Brandonville,canada,10-13-2023,social_media
7590,Francisco,Cobb,Francisco.Cobb241@hotmail.com,(820)316-9675x34475,,CA,23/05/2024,paid_search
7591,Colleen,Clark,Colleen.Clark934@gmail.com,523.461.4653x8920,South Stephanie,UK,27.06.2023,email
7592,Sara,Adams,Sara.Adams582@yahoo.com,001-781-996-3883x0038,Bonniestad,germany,2025-04-13T02:53:56,organic_search
7593,Donald,Russell,Donald.Russell221@hotmail.com,686-978-0327x6744,Jenniferfort,Germany,10.08.2023,social_media
7594,Daniel,Hatfield,Daniel.Hatfield987@hotmail.com,+1-230-937-9154x39115,Valerieland,Germany,2025-06-09,paid_search
7595,Roy,Haney,Roy.Haney118@hotmail.com,545.960.3171,Smithburgh,United States,2025-05-05T23:12:02,referral
7596,Craig,Macias,Craig.Macias105@hotmail.com,705-764-6433x384,South Lisa,CA,2025-05-25,referral
7597,Lindsey,Jones,Lindsey.Jones210@hotmail.com,,Lake Robin,CA,12/12/2024,paid_search
7598,Linda,Newton, Linda.Newton880@hotmail.com ,(418)565-6352x046,North Russell,France,23.12.2025,email
7599,Kimberly,Thomas,Kimberly.Thomas326@yahoo.com,,Katieport,FR,15.06.2023,organic_search
7600,William,Harris,William.Harris613@yahoo.com,+1-979-728-8862x3455,,france,26/01/2023,direct
7601,Christina,Turner,Christina.Turner746@hotmail.com,295.461.3900x0774,Lake Danaside,Germany,08-23-2025,email
7602,Melissa,Walker,Melissa.Walker362@yahoo.com,(610)283-2275x222,Robertland,FR,2023-11-11T05:55:50,direct
7603,Joshua,Stewart,Joshua.Stewart922@gmail.com,(271)211-7602x1706,Mitchellmouth,United Kingdom,2025-07-10,direct
7604,Jennifer,Evans,Jennifer.Evans687@hotmail.com,(348)478-1647x106,Jacobland,Germany,12-31-2024,referral
7605,Stephen,Roberts,Stephen.Roberts815@gmail.com,439-649-1429x1673,Lindaport,usa,2024-08-17T04:07:20,referral
7606,Eric,Yang,Eric.Yang355@gmail.com,+1-959-366-1690x846,New Jonathan,Germany,2025-11-10,paid_search
7607,Heather,Sanders,Heather.Sanders212@gmail.com,7603526206,Lake Melissa, USA ,02.05.2023,organic_search
7608,Ryan,Mitchell,Ryan.Mitchell161@gmail.com,001-470-358-1731x32360,Port Christinaland,U.K.,2023-11-24,email
7609,David,Smith,David.Smith295@yahoo.com,416-278-8638x1219,Lake Robertbury,uk,2023-01-15,direct
7610,Kimberly,Hudson,Kimberly.Hudson297@hotmail.com,(479)802-0356x37905,Sparksfort,germany,25.01.2024,email
7611,Bradley,West,Bradley.West829@hotmail.com,+1-531-946-2071x7456,New Victoria,canada,05-26-2024,organic_search
7612,Joshua,Hall,Joshua.Hall817@hotmail.com,679-509-3393x1900,Berryfurt,DE,27.02.2023,referral
7613,Tara,Peterson,Tara.Peterson161@gmail.com,8676019696,Jackstad,germany,2024-11-10T18:49:42,referral
7614,Ronald,Lopez,Ronald.Lopez411@hotmail.com,919-876-9945,Lake Emma,France,02/04/2024,social_media
7615,Michael,Watkins,Michael.Watkins874@gmail.com,483-362-7207,Watkinsstad,germany,16.01.2023,social_media
7616,Traci,Shields,Traci.Shields357@gmail.com,559-802-4830x23335,Port Alexandra,CA,2025-04-26T18:22:06,email
7617,Lee,Young,Lee.Young788@hotmail.com,,West Penny,United States,17/04/2024,email
7618,Denise,Morris,Denise.Morris930@gmail.com,(374)586-1916,Moralesland,United States,09.10.2024,email
7619,Bruce,Powell,Bruce.Powell608@hotmail.com,6037154841,Angelaside,CA,12-23-2023,paid_search
7620,Amy,Wolfe,Amy.Wolfe317@yahoo.com,001-974-251-7698x48570,Cookberg,uk,2024-11-29T05:36:29,paid_search
7621,Tyler,Brown,Tyler.Brown332@gmail.com,+1-744-290-9760,Lake Rachel,uk,18.10.2025,email
7622,Jennifer,Rodgers,Jennifer.Rodgers645@yahoo.com,+1-533-746-8839x35452,Stewartfort,DE,2023-02-08T23:04:37,direct
7623,Michael,Bates,Michael.Bates350@hotmail.com,001-478-848-8436x973,Castilloside,UK,2023-04-10,paid_search
7624,Briana,Nguyen,Briana.Nguyen790@gmail.com,001-625-877-3410,Joshuaberg,Germany,05-25-2023,social_media
7625,Kevin,Perez,Kevin.Perez481@gmail.com,917-249-7735x6681,New Laura,FR,2023-04-08,organic_search
7626,Erica,Todd,Erica.Todd951@yahoo.com,375.656.3804x16410,Kathleenview,france,18.06.2025,social_media
7627,Jacqueline,Bradley,Jacqueline.Bradley676@gmail.com,389-668-3021,Schwartzchester,uk,2023-03-31,paid_search
7628,Renee,Lang,Renee.Lang778@hotmail.com,347.217.9607x050,East Teresa, USA ,24.12.2023,direct
7629,Matthew,West,Matthew.West738@yahoo.com,,,usa,23.03.2025,social_media
7630,Ryan,Alvarez,Ryan.Alvarez254@yahoo.com,656-471-0927x32480,Davidfurt,germany,2025-08-07,direct
7631,James,Santos,James.Santos596@hotmail.com,534-257-7463x8181,West Lisa,germany,01/01/2023,organic_search
7632,Manuel,Arias,Manuel.Arias354@yahoo.com,+1-965-503-2481x8203,Michelletown,US,2023-07-28T15:04:55,organic_search
7633,Arthur,Crosby,Arthur.Crosby253@yahoo.com,535-427-9299x650,Justinfort,Germany,2023-09-07,direct
7634,Michael,Bonilla,Michael.Bonilla868@hotmail.com,963-609-0838,East Derek,Germany,2023-09-03T05:13:08,direct
7635,Marvin,Nelson,Marvin.Nelson380@gmail.com,(910)280-8293,West Colin,USA,02.07.2025,direct
7636,Ashley,Hernandez,Ashley.Hernandez279@gmail.com,606.331.4205,West Monicaberg,france,26.11.2025,email
7637,Abigail,Patel,Abigail.Patel477@yahoo.com,+1-700-568-2290x469,Munozside,FR,05-24-2024,email
7638,Alan,Bishop,Alan.Bishop524@hotmail.com,,Sarastad,usa,18/11/2023,email
7639,Ralph,Adkins,Ralph.Adkins265@gmail.com,246.612.1542,Kevinview,FR,09.06.2023,referral
7640,Kathryn,Jones,Kathryn.Jones544@gmail.com,(360)291-3182x551,West Chelsea,canada,2023-11-27T09:49:47,referral
7641,Willie,Wood,Willie.Wood93@gmail.com,,Lake Donaldhaven,FR,2023-06-24T05:57:05,direct
7642,Gregory,Haas,Gregory.Haas82@gmail.com,879.499.9680x32452,Port Samanthastad,Germany,02/01/2023,email
7643,Catherine,Soto,Catherine.Soto608@gmail.com,,Fordburgh,United States,2024-08-10,direct
7644,Melissa,Graham,Melissa.Graham347@gmail.com,456.953.0435,North Michael,canada,2025-11-24T03:00:57,referral
7645,Amy,Robbins,Amy.Robbins871@hotmail.com,+1-319-604-5236x5677,Pottsview,USA,12-16-2025,paid_search
7646,Timothy,Walker,Timothy.Walker482@yahoo.com,,West Connie,usa,09.12.2025,organic_search
7647,Kimberly,Smith,Kimberly.Smith936@hotmail.com,+1-344-894-0949x226,Port Maryland,canada,14.11.2025,email
7648,Bryan,Hayes,Bryan.Hayes202@hotmail.com,001-423-590-3490x5410,South Joel,CA,06-08-2025,paid_search
7649,Dennis,Johnson,Dennis.Johnson744@hotmail.com,(785)755-1971x773,,canada,2025-11-13T20:31:52,paid_search
7650,Christopher,Jordan,Christopher.Jordan757@gmail.com,+1-629-747-7269x5532,,CA,11-14-2024,email
7651,Shelby,Hernandez,Shelby.Hernandez384@hotmail.com,296.880.8354,Port Heather, USA ,21/07/2025,organic_search
7652,Emily,Dunlap,Emily.Dunlap109@hotmail.com,556-514-2053x34086,Port Tina,FR,09-23-2025,referral
7653,Jennifer,Zimmerman,Jennifer.Zimmerman581@gmail.com,605-855-0033x30273,Marcusmouth,canada,09-24-2023,email
7654,Charles,Barker,Charles.Barker944@yahoo.com,001-543-701-5033x4314,Wilsonstad,France,12/04/2023,social_media
7655,Catherine,Norton,Catherine.Norton946@yahoo.com,845.526.2210,South Melindaview,Germany,2024-03-16,organic_search
7656,Elizabeth,Davenport,Elizabeth.Davenport993@yahoo.com,876.926.4476x87475,Lake Robert,canada,2025-09-21T23:09:50,direct
7657,Stephanie,Fernandez,Stephanie.Fernandez947@hotmail.com,5049337497,West Brianside,FR,2025-09-27T15:51:36,paid_search
7658,Elizabeth,Gonzalez,Elizabeth.Gonzalez556@hotmail.com,001-877-384-4464,South Dustin,germany,30/07/2023,direct
7659,Miguel,Spence,Miguel.Spence420@yahoo.com,001-661-340-4660x4551,Justinchester,germany,05-27-2025,direct
7660,David,Robinson,David.Robinson455@hotmail.com,(497)876-8268x95532,East Tylerland,UK,2025-04-29,social_media
7661,John,Evans,John.Evans925@yahoo.com,585.964.9316,Port Timothyport,france,2023-11-30T22:30:34,referral
7662,Carolyn,Monroe,Carolyn.Monroe131@gmail.com,001-558-311-5524x069,South Robertchester,canada,08-09-2023,email
7663,Lucas,Hill,Lucas.Hill873@yahoo.com,9526288815,Joshualand,Canada,10-22-2025,direct
7664,Rebecca,Wiley,Rebecca.Wiley914@gmail.com,6514344838,Traceyfort,France,2023-08-23,direct
7665,Melissa,Turner,Melissa.Turner611@yahoo.com,,Port Christophermouth,United Kingdom,17.11.2024,organic_search
7666,Victoria,Clark,Victoria.Clark247@hotmail.com,786-286-1409x649,Jonborough,FR,08-21-2024,email
7667,Jacqueline,Kirby,Jacqueline.Kirby975@hotmail.com,410-835-5862x5529,South Jennifer,USA,12-19-2025,direct
7668,Christopher,Bennett,Christopher.Bennett218@yahoo.com,+1-878-459-6390x676,Johnsonburgh,uk,2024-07-30,referral
7669,Raymond,Wolfe,Raymond.Wolfe84@yahoo.com,628.433.8155x1234,Wrightton,USA,2023-06-19T01:00:44,referral
7670,Angela,Palmer,Angela.Palmer937@gmail.com,+1-558-313-0750x407,,germany,14.07.2023,direct
7671,Phyllis,Rivas,Phyllis.Rivas752@hotmail.com,(231)247-1589x2660,East Joelborough,Canada,2025-01-04,paid_search
7672,Cynthia,Peterson,Cynthia.Peterson76@hotmail.com,+1-702-980-1289x12463,South Maria,france,23.12.2025,direct
7673,Mary,Hall,Mary.Hall692@yahoo.com,901.661.8162x11156,North Tiffany,U.K.,2025-03-04,paid_search
7674,Molly,Dixon,Molly.Dixon592@hotmail.com,,Lake Reginaview,CA,2023-02-09T10:11:46,referral
7675,Robert,Morales,Robert.Morales993@gmail.com,001-819-416-6714x03640,Scotttown,CA,08/05/2025,direct
7676,George,Hartman,George.Hartman207@hotmail.com,,Atkinsonhaven,canada,08.10.2023,direct
7677,David,Harris,David.Harris854@hotmail.com,694-496-8656x700,West Jeanne,usa,08/03/2023,direct
7678,Jared,Newman,Jared.Newman2@hotmail.com,514.239.2178,Nataliehaven,DE,08-15-2025,paid_search
7679,Timothy,Sullivan,Timothy.Sullivan308@gmail.com,833-783-2631,Robinsonberg,U.K.,05.09.2024,paid_search
7680,Jacob,Jones,Jacob.Jones749@yahoo.com,(434)247-4887x96140,,Canada,2025-10-19,direct
7681,Amanda,Morris,Amanda.Morris754@hotmail.com,729.983.4488x37518,Kennedymouth,canada,2024-04-05T23:30:08,email
7682,Joseph,Wilson,Joseph.Wilson782@yahoo.com,(988)695-8704,Wilsonberg,United States,2023-11-09,social_media
7683,Kyle,Gardner,Kyle.Gardner159@gmail.com,245-521-1953x578,New Bobbyhaven,France,11-16-2025,email
7684,Dylan,Smith,Dylan.Smith126@yahoo.com,001-484-644-2153x45345,Harrismouth,U.K.,16/12/2025,paid_search
7685,Mark,Schneider,Mark.Schneider83@gmail.com,879.376.2946,Lisaton,United Kingdom,11.01.2025,social_media
7686,Michael,Hernandez,Michael.Hernandez226@yahoo.com,756-328-3738x0649,East Laura,France,03.06.2023,social_media
7687,Lance,Sexton,Lance.Sexton70@yahoo.com,001-370-463-4639,New Anthonyhaven,Germany,2025-02-21,direct
7688,Gregory,Davis,Gregory.Davis18@yahoo.com,214.636.5035,,france,08/06/2025,email
7689,Holly,Cummings,Holly.Cummings355@yahoo.com,+1-992-595-2866x5580,,FR,06-11-2025,paid_search
7690,Timothy,Scott,Timothy.Scott989@yahoo.com,+1-303-383-0456x6533,East Brittanyside,United States,14/06/2025,referral
7691,Nathan,Hall,Nathan.Hall526@gmail.com,8817213153,New Amandashire,U.K.,08/07/2024,email
7692,Adam,Campbell,Adam.Campbell29@gmail.com,(210)714-1679,Samanthatown,Germany,10/12/2025,paid_search
7693,Tanner,Lynch,Tanner.Lynch484@gmail.com,001-859-573-7912x31003,Walshville,usa,05-01-2024,direct
7694,Anthony,Shepherd,Anthony.Shepherd564@gmail.com,001-941-366-7553x63323,Russellburgh,uk,2024-10-16T20:12:39,direct
7695,Paul,Bates,Paul.Bates391@gmail.com,,Carlosberg,France,2024-12-25T00:56:22,social_media
7696,James,Pham,James.Pham215@yahoo.com,+1-232-738-5099x9642,North Patrick,DE,2023-04-03T02:37:08,referral
7697,Kimberly,Buchanan,Kimberly.Buchanan961@gmail.com,993-233-8168x08355,North Bradley,United Kingdom,2024-03-22T11:30:39,direct
7698,Jeremy,Solomon,Jeremy.Solomon696@yahoo.com,(703)983-4173,North Michelle,Canada,26.06.2023,social_media
7699,Travis,Doyle,Travis.Doyle154@hotmail.com,001-768-933-9787,Clinebury,Germany,20/07/2025,paid_search
7700,Tammy,Garcia,Tammy.Garcia973@hotmail.com,867-546-6489x60170,,DE,05-27-2024,social_media
7701,Tammy,Rodgers,Tammy.Rodgers758@gmail.com,(904)761-1021x7484,Danielletown,Germany,17.10.2025,email
7702,Lucas,White,Lucas.White801@gmail.com,7337525114,East Jameshaven,U.K.,18.02.2024,paid_search
7703,Michael,Holmes,Michael.Holmes560@yahoo.com,,Alexafurt,USA,16.06.2025,email
7704,Kevin,Smith,Kevin.Smith675@yahoo.com,385-387-1570,North Christy,CA,11/12/2025,social_media
7705,Alison,Brown,Alison.Brown605@hotmail.com,001-427-672-2331x3573,Normanfurt,germany,25.02.2024,referral
7706,Martha,Flores,Martha.Flores964@yahoo.com,001-330-248-0041x4670,Lake Davidton,usa,05-08-2023,social_media
7707,Michelle,Allen,Michelle.Allen491@yahoo.com,685-527-8750,West Annview,Canada,2024-03-06,referral
7708,Ronnie,Dyer,Ronnie.Dyer392@yahoo.com,+1-960-402-2096x5393,Davidchester, USA ,16/01/2023,social_media
7709,Jacob,Evans,Jacob.Evans493@yahoo.com,,Simsfort,france,31.12.2024,social_media
7710,Shane,Bailey,Shane.Bailey357@yahoo.com,(381)346-1704x85435,Aliciaville,U.K.,2025-07-21,social_media
7711,Julie,Richard,Julie.Richard849@gmail.com,952.804.2584x5214,Newmanchester,USA,2025-04-12T02:46:03,organic_search
7712,James,Hernandez,James.Hernandez484@yahoo.com,399-870-1354,South Lisa,canada,06-11-2024,direct
7713,Daniel,Green,Daniel.Green591@hotmail.com,+1-403-940-1855,Kevinstad,uk,03-08-2024,organic_search
7714,Emily,Williams,Emily.Williams915@hotmail.com,258.983.7630x851,West Nancyville,DE,04-23-2025,social_media
7715,Joshua,Hodge,Joshua.Hodge948@hotmail.com,755-901-7125x7938,Lake Frankborough,DE,02.10.2023,paid_search
7716,Jessica,Coleman,Jessica.Coleman627@yahoo.com,603.479.6347x377,Alexanderchester,canada,2024-02-10T17:33:00,direct
7717,Karen,Medina,Karen.Medina541@gmail.com,(366)798-8198x08845,Jasonview,France,2024-07-27T07:13:38,paid_search
7718,Alec,Atkins,Alec.Atkins977@yahoo.com,(258)934-1363x4912,,United Kingdom,24.10.2025,direct
7719,Robert,Wade,Robert.Wade503@gmail.com,425.641.5156x81914,New Kimberly,FR,20.06.2024,email
7720,Maria,Roberts,Maria.Roberts684@yahoo.com,358.486.8633x03722,East Ericborough,CA,2024-04-10T08:10:39,social_media
7721,Tammy,Soto,Tammy.Soto931@hotmail.com,214.228.7748x8163,Lake Steven,CA,2025-01-29T07:56:00,email
7722,Jeffery,Ray,Jeffery.Ray895@yahoo.com,(985)841-2101x616,Robinfort,france,2024-06-28,paid_search
7723,Michele,Elliott,Michele.Elliott331@hotmail.com,794-656-8998x8847,New Eric,canada,29.01.2024,paid_search
7724,William,Davidson,William.Davidson317@gmail.com,732-645-8268x480,West Jessica,germany,2025-10-29,email
7725,Valerie,Rivera,Valerie.Rivera635@gmail.com,001-313-927-9282x5125,New James,U.K.,2023-09-14,paid_search
7726,Jessica,Allen,Jessica.Allen401@yahoo.com,+1-842-348-7151,, USA ,29/05/2023,referral
7727,Trevor,Evans,Trevor.Evans113@hotmail.com,797.805.2380,South Eric,CA,2024-09-15T09:36:20,direct
7728,Mark,Poole,Mark.Poole23@hotmail.com,(239)681-3659,Lawrencehaven,DE,27/05/2023,social_media
7729,Jasmine,Gardner,Jasmine.Gardner287@hotmail.com,(452)625-6180x797,Santiagoshire,Germany,05-25-2025,organic_search
7730,Alexandra,Chang,Alexandra.Chang857@yahoo.com,947.226.9082x2013,Lake Tara,DE,2023-07-20T16:33:03,email
7731,Timothy,Weaver,Timothy.Weaver598@hotmail.com,961-202-6572x04822,Lake Danny,FR,06.02.2024,email
7732,Timothy,Yu,Timothy.Yu346@gmail.com,001-894-913-9560,Jamesburgh,canada,2024-07-07,social_media
7733,David,Meyer,David.Meyer759@hotmail.com,605.961.7079x173,Burnettbury,DE,24.06.2025,organic_search
7734,Sandra,Vargas,Sandra.Vargas126@yahoo.com,001-694-593-8940x516,Ericafort,usa,2023-08-23,email
7735,Danielle,Myers,Danielle.Myers210@gmail.com,+1-887-814-1862,Port Ryanchester, USA ,2024-06-16T10:11:04,organic_search
7736,Justin,Bond,Justin.Bond872@gmail.com,7545233367,Harperville,usa,01-04-2025,social_media
7737,Matthew,Perez,Matthew.Perez465@hotmail.com,+1-629-407-7305x2216,Murraymouth,USA,08.12.2023,referral
7738,Paul,Brock,Paul.Brock677@yahoo.com,(964)604-4323x79245,Brittanytown,canada,02.12.2025,paid_search
7739,Dennis,Poole,DENNIS.POOLE571@HOTMAIL.COM,,Rodriguezview,UK,2025-11-15T10:29:32,organic_search
7740,Erica,Rice,Erica.Rice586@yahoo.com,990-636-5421,Bushton,DE,06.07.2025,referral
7741,Elizabeth,Lamb,Elizabeth.Lamb574@hotmail.com,(324)439-2978x77939,Andersonshire,FR,2025-03-17T13:57:38,paid_search
7742,Brandi,Wright,Brandi.Wright529@hotmail.com,961.856.7397,Port Matthewton,Germany,2023-06-24T11:19:19,paid_search
7743,Nicole,Harrington,Nicole.Harrington561@gmail.com,,West Randy,United Kingdom,04.01.2024,paid_search
7744,Francis,Martinez,Francis.Martinez95@yahoo.com,951-721-6990x67371,,france,15.07.2023,organic_search
7745,Juan,Fleming,Juan.Fleming541@hotmail.com,,Dudleyfort,canada,02-15-2025,direct
7746,Anthony,Allen,Anthony.Allen348@gmail.com,6207718253,Nicolefort,uk,24.06.2023,organic_search
7747,Elizabeth,Orozco,Elizabeth.Orozco415@hotmail.com,001-236-308-2560x062,West Mistyfurt,usa,2023-08-13,paid_search
7748,Patrick,Murray,Patrick.Murray883@hotmail.com,001-316-850-5416,Christopherbury,Canada,13.01.2025,social_media
7749,James,Sanford,James.Sanford157@hotmail.com,4144004764,East Shaneberg,canada,05.03.2025,direct
7750,Jamie,Snyder,JAMIE.SNYDER145@GMAIL.COM,919-478-9658,East Anthonyfort,UK,10-03-2025,organic_search
7751,Samantha,Alexander,Samantha.Alexander659@hotmail.com,001-509-905-9618x089,Lake Johnnymouth,Canada,25.08.2025,organic_search
7752,Diana,Robertson,Diana.Robertson797@gmail.com,,Greenport,United Kingdom,03-26-2025,social_media
7753,Virginia,Harvey,Virginia.Harvey666@yahoo.com,9675553834,Lake Anthonychester,usa,2024-08-03T01:41:40,referral
7754,Kenneth,Brown,Kenneth.Brown789@gmail.com,+1-972-877-9901x929,South Juliaport,United States,04/09/2023,email
7755,Melissa,Young,Melissa.Young327@yahoo.com,7384425796,Leblancmouth,Canada,2024-01-15T02:28:21,referral
7756,Natalie,Griffith,Natalie.Griffith358@gmail.com,,New Timothy,U.K.,2024-02-12,social_media
7757,Tiffany,Mann,Tiffany.Mann209@yahoo.com,(892)814-6604x50964,Lake Jillian,germany,2023-12-22T01:09:55,organic_search
7758,Terri,Henderson,Terri.Henderson855@hotmail.com,,Reedville,CA,2024-06-03T23:41:45,organic_search
7759,Angela,Mercado,Angela.Mercado847@gmail.com,618.673.0138x60379,Port Thomas,France,11/12/2023,email
7760,Russell,Hughes,Russell.Hughes344@hotmail.com,+1-767-822-9650x488,Cruzport,uk,2024-01-02T17:48:55,email
7761,Jo,White,Jo.White646@gmail.com,504-854-4545x7140,Denisemouth,Canada,2024-11-26,organic_search
7762,David,Peters,David.Peters993@gmail.com,364-693-5024,Pattersonport,Germany,07.06.2025,social_media
7763,Christopher,Williams,Christopher.Williams989@hotmail.com,+1-426-282-8054,Hernandezberg,Canada,10-26-2024,social_media
7764,Daniel,Moody,Daniel.Moody209@hotmail.com,+1-810-704-3328x75318,Jonesstad,FR,06-16-2023,email
7765,Kenneth,Anthony,Kenneth.Anthony,001-735-362-8081x142,Jamieberg,germany,2024-09-20,email
7766,Joseph,Martin,Joseph.Martin294@hotmail.com,272-656-9269x8701,West Williamton,US,2025-12-31,email
7767,Lisa,Vargas,Lisa.Vargas69@hotmail.com,804.735.2135,South Steven,France,2025-09-29T05:04:38,referral
7768,Amanda,Anderson,Amanda.Anderson102@hotmail.com,397.688.3566,Port Joannland,FR,30.01.2023,social_media
7769,Stephen,Jackson,Stephen.Jackson269@gmail.com,,South Olivia,CA,08-02-2025,paid_search
7770,Erin,Rich,Erin.Rich,250.347.4083,Lake Christopherburgh,canada,2025-08-10,organic_search
7771,Nancy,Roberts,Nancy.Roberts635@gmail.com,+1-619-449-4921x7559,Lake Matthewland,France,2023-04-04T12:00:18,email
7772,Crystal,Garcia,Crystal.Garcia971@yahoo.com,001-384-316-2063x56186,South Chelseaberg,Canada,08-22-2025,direct
7773,Laurie,Smith,Laurie.Smith302@hotmail.com,,West Mariachester,UK,09-17-2025,paid_search
7774,Kerry,Randall,Kerry.Randall344@gmail.com,,North Renee,U.K.,2023-11-23,organic_search
7775,Cheryl,Hill,Cheryl.Hill807@yahoo.com,001-269-686-1150x408,East Scottview, USA ,2023-03-19,direct
7776,Jennifer,Green,Jennifer.Green374@gmail.com,221.914.3243,West David,FR,07.09.2024,organic_search
7777,Angela,Brown,Angela.Brown684@gmail.com,(330)278-3003x157,New Robert,USA,2024-03-22,social_media
7778,Jacqueline,Thompson,Jacqueline.Thompson201@gmail.com,(561)341-3056x1172,Paulside,FR,2024-08-08,email
7779,Debra,Williams,Debra.Williams965@gmail.com,(774)694-1769x116,South Scottland, USA ,09/06/2023,paid_search
7780,Matthew,Scott,MATTHEW.SCOTT422@GMAIL.COM,703.392.3217,Baileyport,france,19/06/2025,social_media
7781,Lisa,Johnson,Lisa.Johnson783@gmail.com,282-276-0954,Baileymouth,france,23/09/2024,email
7782,Brittany,Bauer,Brittany.Bauer930@hotmail.com,(650)444-6054,Huffmanstad,Canada,2024-08-15T14:26:08,email
7783,Allison,Beck,Allison.Beck128@yahoo.com,278.426.8972x1295,East Cheyenneshire,france,2025-03-25T13:24:11,organic_search
7784,Ruth,Bass,Ruth.Bass81@hotmail.com,5046876520,Acostamouth,US,21.07.2025,social_media
7785,Jennifer,Estrada,Jennifer.Estrada323@yahoo.com,+1-923-303-0180x3761,Philipview,CA,2023-12-27,email
7786,Paul,Henderson,Paul.Henderson77@hotmail.com,+1-813-280-1148x14192,South Alexa,USA,2024-04-13T23:35:02,paid_search
7787,Kaitlyn,Calhoun,Kaitlyn.Calhoun764@hotmail.com,(408)739-1793x27762,Caitlinville,Germany,11.09.2023,referral
7788,Kylie,Ramos,Kylie.Ramos254@hotmail.com,001-806-845-1304x770,Kaufmanmouth,United States,30.03.2024,referral
7789,April,Young,April.Young126@hotmail.com,,North John,germany,29/06/2024,referral
7790,Scott,Stuart,Scott.Stuart136@gmail.com,(452)855-7509x369,Alecside,France,2023-10-26,email
7791,Dale,Kelly,Dale.Kelly29@gmail.com,,Morganbury,UK,31/05/2023,organic_search
7792,Jesse,Gordon,Jesse.Gordon62@gmail.com,,North Bradleyville,US,01-19-2023,email
7793,Mark,Baird,Mark.Baird831@gmail.com,9308000180,Danamouth,FR,2025-03-24T23:59:50,social_media
7794,Benjamin,Moreno,Benjamin.Moreno331@gmail.com,712-208-8190x77602,Reginastad,U.K.,01-19-2023,referral
7795,Donna,Hunter,Donna.Hunter841@hotmail.com,886-922-3294,Sullivanhaven,U.K.,01-06-2024,organic_search
7796,Steven,Turner,Steven.Turner27@yahoo.com,001-315-440-5723x74853,Lake Zacharytown,germany,10-23-2025,paid_search
7797,Debbie,Gonzalez,Debbie.Gonzalez90@hotmail.com,+1-633-338-9317x7137,,DE,2024-06-21T05:38:32,social_media
7798,Brendan,Morales,Brendan.Morales81@yahoo.com,(323)484-8608,Joneschester,CA,09.02.2023,organic_search
7799,Brandon,Johnson,Brandon.Johnson238@gmail.com,,West Jessicahaven,U.K.,13.12.2023,direct
7800,Katrina,Harrison,Katrina.Harrison477@gmail.com,001-391-683-7067x2554,North Benjaminburgh,CA,2024-02-07T00:38:40,paid_search
7801,Brenda,Odonnell,Brenda.Odonnell372@gmail.com,(780)829-9804x294,Lake Destiny,FR,03-03-2025,paid_search
7802,Tina,Kidd,Tina.Kidd871@hotmail.com,001-518-627-6243x4045,Paigeville,uk,01/05/2025,referral
7803,Carlos,Pennington,Carlos.Pennington167@gmail.com,+1-378-495-6753x85919,New Tammyville,germany,23/10/2024,direct
7804,Valerie,Hamilton,Valerie.Hamilton288@gmail.com,247.546.4929,Brianshire,Germany,26.04.2025,social_media
7805,Scott,Glenn,Scott.Glenn7@hotmail.com,780-232-1621x597,Lake James,canada,12-08-2025,referral
7806,Dustin,White,Dustin.White152@hotmail.com,001-210-699-9274x871,Rickyton,UK,2025-01-03,email
7807,Jessica,Mcdowell,Jessica.Mcdowell197@hotmail.com,466-473-1881x9126,Port Joseberg,U.K.,02.10.2025,referral
7808,Johnny,Harris,Johnny.Harris588@gmail.com,544-519-0865x6574,New Jillchester,canada,2023-07-08,organic_search
7809,Brooke,Garcia,Brooke.Garcia832@gmail.com,238-706-1184x7107,,France,2023-10-19T00:34:06,paid_search
7810,Kevin,Paul,Kevin.Paul142@gmail.com,,East Kelseymouth,uk,2023-03-03,email
7811,Gail,Baker,Gail.Baker62@hotmail.com,327.753.1717,South Curtis,Germany,2023-10-14T17:15:23,direct
7812,Lisa,Johns,Lisa.Johns587@yahoo.com,927-306-5510x8654,Lisashire,UK,2025-07-02,referral
7813,Mark,Hernandez,Mark.Hernandez722@yahoo.com,001-333-616-6174,West Robert,france,2025-11-10,social_media
7814,Kelli,Brown,Kelli.Brown613@gmail.com,(333)266-2017,New Jenniferborough,FR,07.02.2025,email
7815,Cynthia,Rogers,Cynthia.Rogers760@gmail.com,(589)276-2748x2188,Jeffreyville,FR,2024-12-05,organic_search
7816,Steven,Reynolds,Steven.Reynolds766@gmail.com,(961)526-8113x76731,West Kimberly,FR,2024-05-30T22:45:00,direct
7817,Jessica,Day,Jessica.Day416@hotmail.com,603-775-4768x59014,North Ryan,France,16/06/2025,organic_search
7818,Daniel,Zavala,Daniel.Zavala115@hotmail.com,(432)268-7862,Wilsonland,France,26/08/2024,paid_search
7819,Jamie,Poole,Jamie.Poole103@yahoo.com,222-606-9171x1063,South Catherinebury, USA ,2025-09-18T10:33:25,email
7820,William,Hansen,William.Hansen327@hotmail.com,+1-583-733-4187x504,Sheaport,DE,03-13-2025,organic_search
7821,Aaron,Harrison,Aaron.Harrison507@gmail.com,4734041469,Kellytown,Germany,2023-11-30,paid_search
7822,Clifford,Schultz,Clifford.Schultz753@yahoo.com,001-712-324-8640x93942,Campbellburgh, USA ,2024-09-19T07:38:03,direct
7823,Brian,Harrison,Brian.Harrison231@gmail.com,255-273-8742x175,, USA ,01.12.2025,referral
7824,Melanie,Guerrero,Melanie.Guerrero214@hotmail.com,001-866-572-4980,South Belinda,france,2023-10-14T09:13:47,paid_search
7825,Janet,Eaton,Janet.Eaton921@yahoo.com,+1-941-221-2389x9709,West Karen,uk,09.11.2024,direct
7826,Alexandria,Orr,Alexandria.Orr438@yahoo.com,519-469-5941,Hardyton,canada,24.07.2023,referral
7827,Cassandra,Young,Cassandra.Young990@gmail.com,747-699-4595,New Joshuaville,canada,16/01/2025,direct
7828,Alicia,Smith,Alicia.Smith484@yahoo.com,5016312607,Jessicabury,United Kingdom,13/12/2023,direct
7829,David,Fowler,David.Fowler10@hotmail.com,,North Christopher,uk,05/10/2024,direct
7830,Lauren,Farrell,Lauren.Farrell244@hotmail.com,(883)585-9091x58160,Smithmouth,Germany,06-19-2023,paid_search
7831,Stephen,Harrison,Stephen.Harrison353@hotmail.com,+1-648-222-1467x04544,Amandamouth,germany,08-23-2023,social_media
7832,Timothy,Little,Timothy.Little591@gmail.com,001-863-253-1624x0735,Nealstad,France,06.09.2025,paid_search
7833,Ashley,Jackson, Ashley.Jackson861@hotmail.com ,,,FR,2025-11-06,direct
7834,William,Glenn,William.Glenn708@hotmail.com,438.368.3454x827,West Edward,U.K.,05-16-2025,organic_search
7835,Todd,Johnson,Todd.Johnson121@gmail.com,,North Christopherfurt,canada,10.10.2025,organic_search
7836,Emily,Robles,Emily.Robles459@yahoo.com,001-635-430-3545x7949,Davidmouth,United Kingdom,2023-09-13,direct
7837,Amber,Griffin,Amber.Griffin941@gmail.com,001-326-754-0860x84925,Port Nicholasberg,germany,05.03.2025,paid_search
7838,Jake,Weaver,Jake.Weaver396@yahoo.com,+1-431-932-1608,Jennaside,United Kingdom,2025-06-08,organic_search
7839,Christopher,Clark,Christopher.Clark946@gmail.com,+1-906-293-0778x905,East Elizabethtown,DE,2025-12-07T21:38:22,direct
7840,William,Jones,William.Jones291@hotmail.com,(341)792-0851x4070,Port Victoriahaven,DE,18.02.2025,organic_search
7841,Jessica,Bailey,Jessica.Bailey633@yahoo.com,900-417-8722,Roybury,usa,29.05.2023,direct
7842,Nicole,Sutton,Nicole.Sutton795@hotmail.com,+1-277-447-3791x492,Hallburgh,USA,18/06/2025,social_media
7843,Jacob,Miles,JACOB.MILES787@GMAIL.COM,894.363.0838,Julietown,United States,27.09.2023,organic_search
7844,Susan,Payne,Susan.Payne612@hotmail.com,764-578-6045,Johnburgh,uk,24.03.2025,referral
7845,Jose,Jackson,Jose.Jackson706@gmail.com,001-758-717-5974,New Linda,germany,2024-02-06,paid_search
7846,Melissa,George,Melissa.George385@hotmail.com,977.631.4124x90424,,FR,05.10.2023,organic_search
7847,John,Mclaughlin,John.Mclaughlin419@gmail.com,570.787.1559x943,North Angelaland,CA,2023-06-29T15:48:22,social_media
7848,Christopher,Marquez,Christopher.Marquez499@gmail.com,(745)220-8359x08798,North David,USA,24/03/2024,referral
7849,Carrie,Williams,Carrie.Williams903@hotmail.com,001-639-522-4634x00060,Huffmanberg,germany,06-17-2025,email
7850,Louis,Wu,Louis.Wu867@hotmail.com,6944982373,Buckleymouth,germany,23/06/2023,organic_search
7851,Richard,Jackson,Richard.Jackson752@gmail.com,+1-676-977-4268x4871,East Justinhaven,uk,2024-04-08T19:33:45,paid_search
7852,Wendy,Lin,Wendy.Lin930@yahoo.com,,East Joshua,Canada,04-09-2023,email
7853,Craig,Johnson,Craig.Johnson274@gmail.com,001-213-645-3888x999,Petersenbury,France,12/02/2025,referral
7854,Diana,Chavez,Diana.Chavez581@yahoo.com,647.267.2735x1071,Frederickchester,FR,2025-02-27T15:05:34,referral
7855,Pamela,Johnson,Pamela.Johnson425@gmail.com,348-861-4652x121,Deniseborough,USA,16/08/2025,paid_search
7856,Dylan,Barber,Dylan.Barber267@yahoo.com,,Perkinsville,Canada,2025-01-03T04:42:15,email
7857,Elizabeth,Reyes,ELIZABETH.REYES206@GMAIL.COM,(555)326-8337x4721,Bellfort,UK,10-23-2024,email
7858,Bryan,Hart,Bryan.Hart981@hotmail.com,8872652645,North Matthewburgh,U.K.,2025-08-17,referral
7859,Paul,Browning,Paul.Browning80@yahoo.com,,West Cindyshire,U.K.,07-13-2024,social_media
7860,William,Smith,William.Smith962@gmail.com,001-834-289-5150x4428,North Tyler,DE,2025-05-19,social_media
7861,Lori,Ferrell,Lori.Ferrell900@hotmail.com,9215931345,South Benjaminport,DE,05.01.2025,email
7862,Aaron,Johnson,Aaron.Johnson127@gmail.com,(895)287-0564x56628,Port Kevintown, USA ,2023-03-13,email
7863,Amy,Mayo,Amy.Mayo567@hotmail.com,(745)538-8112x62887,Fritzburgh,France,2023-07-23T08:55:03,paid_search
7864,Brenda,Murray,Brenda.Murray764@yahoo.com,884.391.9260x229,New Taylor,france,10/10/2023,paid_search
7865,Colton,Burnett,Colton.Burnett897@hotmail.com,,South Ginaburgh,United Kingdom,26.12.2025,organic_search
7866,Amy,Wilson,Amy.Wilson238@gmail.com,544-473-8483,Bishopbury,France,2023-11-03,email
7867,Charles,Jones,Charles.Jones963@hotmail.com,3646984816,Josephtown,UK,2025-12-31,organic_search
7868,Tammy,Davenport,Tammy.Davenport904@hotmail.com,247.478.2220x1127,Kevinmouth,USA,2024-07-04T01:28:49,referral
7869,Ryan,Williams,Ryan.Williams965@yahoo.com,+1-674-581-5654x037,West Charlene,US,05/10/2024,social_media
7870,Marcus,Carroll,Marcus.Carroll329@hotmail.com,+1-572-827-4326x1859,West Megan,FR,2025-10-12T19:38:27,direct
7871,Joseph,Ross,Joseph.Ross447@yahoo.com,682-806-0907,Colonberg,france,2023-12-19T20:47:37,direct
7872,Destiny,Powell,Destiny.Powell968@hotmail.com,(215)660-9071,Sophiaside,UK,2024-02-29T21:45:34,email
7873,Kimberly,Smith,Kimberly.Smith225@gmail.com,240.767.5687x364,West Aprilbury,DE,09-20-2025,referral
7874,Jennifer,Robinson,Jennifer.Robinson452@hotmail.com,424.497.3768,Jamesmouth,USA,2025-09-04,direct
7875,Felicia,Chase,Felicia.Chase496@yahoo.com,579.620.2853x2581,Crystalville,germany,2025-01-08,organic_search
7876,Brent,Smith,Brent.Smith211@gmail.com,001-251-977-0901x82785,Herreraberg,UK,2024-07-05T12:08:01,social_media
7877,Mary,Castillo,Mary.Castillo90@gmail.com,(203)902-3348,Jimenezhaven,UK,2025-09-20,direct
7878,Timothy,Brown,Timothy.Brown440@gmail.com,(930)847-7866,Port Hunter,germany,2023-09-15T18:48:51,paid_search
7879,Laura,Kirk,Laura.Kirk176@gmail.com,(582)283-0415x17245,South Angela, USA ,03-14-2023,social_media
7880,Belinda,Miller,Belinda.Miller387@yahoo.com,,North Phillip,Canada,20/10/2023,social_media
7881,Ashley,Flynn,Ashley.Flynn866@gmail.com,001-452-715-5180,Mcphersonberg,usa,2025-04-09,email
7882,Alison,Freeman,Alison.Freeman165@gmail.com,8642178906,West Grant,uk,23/01/2023,paid_search
7883,Gabriel,Williams,Gabriel.Williams874@hotmail.com,001-261-867-9700x169,,United States,2025-07-15T14:06:06,email
7884,Amanda,Collins,Amanda.Collins113@hotmail.com,+1-967-212-6792,Jeremyfort,UK,18.11.2024,email
7885,Monica,Sanders,Monica.Sanders604@gmail.com,547.731.0138,West Garrett,UK,22.08.2023,social_media
7886,Catherine,Hester,Catherine.Hester236@yahoo.com,001-522-896-7167x590,Blackfurt,U.K.,01-14-2024,direct
7887,Anthony,Kelly,Anthony.Kelly807@gmail.com,001-673-582-2598,Leeside,France,31.10.2025,email
7888,Peter,Kline,Peter.Kline153@hotmail.com,001-439-244-0127,Kevinmouth,germany,2025-01-15,organic_search
7889,Brian,Lopez,Brian.Lopez217@gmail.com,777-735-4571x539,Lake Vanessa,CA,01.10.2023,organic_search
7890,Eddie,Brown,Eddie.Brown939@yahoo.com,407.422.8056,North Jennifer,USA,06.03.2023,direct
7891,Nicole,Barrera,Nicole.Barrera203@gmail.com,(345)351-2300x651,North Jamesborough,Germany,07-15-2025,organic_search
7892,Laura,Carlson,Laura.Carlson921@gmail.com,+1-522-337-5334,Lake Gary,USA,2025-08-29,organic_search
7893,Robert,Watkins,Robert.Watkins846@gmail.com,(324)859-8010x2714,Spencerstad,France,03.05.2024,paid_search
7894,Sherry,Cruz,Sherry.Cruz304@hotmail.com,(778)657-3294,Jessicaborough,Canada,22/11/2024,referral
7895,Helen,Wilson,Helen.Wilson572@hotmail.com,+1-805-280-8064x0020,North Barry,U.K.,18.04.2025,organic_search
7896,Barbara,Jones,Barbara.Jones225@gmail.com,,Walkerport,Canada,31/07/2023,referral
7897,Matthew,Warner,Matthew.Warner799@yahoo.com,,Jasminemouth,uk,17/01/2023,social_media
7898,Amanda,Lee,Amanda.Lee852@gmail.com,455-362-4407x58447,South Brandon, USA ,29/09/2024,paid_search
7899,Carrie,Johnson,Carrie.Johnson25@hotmail.com,282-611-9160x047,Hallchester,Germany,20.06.2023,organic_search
7900,Anita,Davis,Anita.Davis14@gmail.com,,Lake Susantown,United Kingdom,2023-08-20T10:13:15,email
7901,Sharon,Turner,Sharon.Turner21@yahoo.com,+1-983-576-5344,Benjaminland,Germany,02.06.2023,direct
7902,William,Williams,William.Williams913@gmail.com,949.473.8978x165,Schultzland,UK,13.05.2024,social_media
7903,David,Torres,David.Torres838@gmail.com,(748)377-9467x35612,East Victorbury,UK,2024-01-26,direct
7904,John,Rich,John.Rich276@hotmail.com,262-950-4309,Meganbury,DE,2023-11-29T23:28:02,paid_search
7905,Maria,Lewis,Maria.Lewis642@yahoo.com,(312)865-1655x3202,West Matthew,CA,2025-03-08T05:56:55,paid_search
7906,Raymond,Black,Raymond.Black341@yahoo.com,923.286.6254x522,Port Frankstad,UK,2024-06-20,email
7907,Tammy,Solis,Tammy.Solis423@hotmail.com,+1-883-486-1927,East Emily,DE,04-14-2025,social_media
7908,Candice,Bailey,Candice.Bailey653@hotmail.com,+1-289-382-3526x804,New Steven,France,07-16-2025,paid_search
7909,Sharon,Phillips,Sharon.Phillips188@hotmail.com,(862)285-9834x0233,Wallaceberg,UK,2025-05-08,organic_search
7910,Patrick,Guzman,Patrick.Guzman857@gmail.com,(458)623-7547x3074,,U.K.,2025-05-06,referral
7911,Gavin,Elliott,Gavin.Elliott115@yahoo.com,685.491.2241x399,Danielmouth,germany,2024-12-07,paid_search
7912,Lindsey,Miller,Lindsey.Miller163@gmail.com,330-400-5179x3520,Lake Hayley, USA ,17.02.2023,referral
7913,Melissa,Mason,Melissa.Mason530@yahoo.com,,Williamstad,CA,12-07-2025,paid_search
7914,Douglas,Barnes,Douglas.Barnes769@hotmail.com,(620)435-0400,East Randall,France,12.11.2025,email
7915,Shannon,Melton,SHANNON.MELTON840@YAHOO.COM,420.591.2596x518,Lawrencemouth,DE,2023-04-16T17:58:26,paid_search
7916,Melinda,Schultz,Melinda.Schultz679@hotmail.com,651.807.8380x6239,Solisstad,usa,05.04.2024,organic_search
7917,David,Myers,David.Myers926@gmail.com,(253)618-3789,Hernandezton,france,2024-11-11T08:12:40,email
7918,Ronald,Ware,Ronald.Ware730@gmail.com,001-832-320-4007x184,Annettefort,uk,2024-11-26,direct
7919,Valerie,Ellis,Valerie.Ellis499@gmail.com,(863)329-2871x05260,,UK,06/02/2025,social_media
7920,Billy,Ruiz,Billy.Ruiz526@gmail.com,(885)434-1332x77056,Mendozaville, USA ,03.10.2025,referral
7921,Jose,Castillo,Jose.Castillo595@yahoo.com,539-298-1466x3366,Valerieton,UK,2023-07-27,social_media
7922,Shannon,Patterson,Shannon.Patterson732@gmail.com,001-221-854-1649x1859,,france,12-13-2023,paid_search
7923,Ashley,Mccarty,Ashley.Mccarty586@hotmail.com,787-506-0490x831,North Joy,FR,2025-07-05T16:05:24,referral
7924,Jessica,Hayden,Jessica.Hayden545@gmail.com,869.876.8550x1619,Brownburgh,USA,2024-07-06,organic_search
7925,Brittany,Andrade,Brittany.Andrade423@gmail.com,(238)874-7364x04758,Johnville,Canada,23/02/2024,paid_search
7926,William,Williams,William.Williams412@hotmail.com,2323374337,Debraborough,France,17.07.2024,paid_search
7927,Jacob,Saunders, Jacob.Saunders795@gmail.com ,(740)262-4945x2164,Port Lorraineburgh,france,01-07-2025,email
7928,Dillon,Lyons,Dillon.Lyons938@gmail.com,837-770-4743x762,Maldonadoland,france,09.08.2023,paid_search
7929,Logan,Martin,Logan.Martin211@hotmail.com,726-490-3000x84944,Port Joshua,FR,13/12/2024,organic_search
7930,Yolanda,Cabrera,Yolanda.Cabrera828@gmail.com,001-654-705-5617,North Emily,U.K.,22.09.2025,email
7931,Jamie,Foley,Jamie.Foley500@gmail.com,001-341-388-4643,North Katelynshire,uk,07-03-2024,email
7932,Natalie,Barker,NATALIE.BARKER965@GMAIL.COM,209.914.2374x32233,West Shannon,Canada,14.11.2024,paid_search
7933,Natalie,Hill,Natalie.Hill662@yahoo.com,5615747965,New Alexandraburgh,uk,06.12.2024,referral
7934,William,Jones,William.Jones289@gmail.com,(761)536-9828x78379,Arnoldton,United Kingdom,05-10-2024,referral
7935,Catherine,Garcia,Catherine.Garcia660@hotmail.com,,West Eric,germany,04-06-2024,email
7936,Garrett,Brown,Garrett.Brown568@gmail.com,,Kristenchester,germany,12-08-2024,paid_search
7937,Brian,Hopkins,Brian.Hopkins851@yahoo.com,(577)265-7024,East Cindyberg,US,15/10/2025,organic_search
7938,Jacob,Roman,Jacob.Roman955@yahoo.com,,Jameshaven,UK,2025-12-13T06:09:54,direct
7939,Joanne,Howard,Joanne.Howard238@hotmail.com,399-835-7277x6347,Ramseyton,france,2023-05-03T20:34:56,social_media
7940,Heather,Lewis,Heather.Lewis873@yahoo.com,,South Lauren,US,21.07.2023,social_media
7941,Thomas,Quinn,Thomas.Quinn74@yahoo.com,+1-238-441-6395x425,Greenbury,France,2025-06-27,email
7942,Danny,Peck,Danny.Peck809@yahoo.com,+1-239-370-8185x06802,Jenniferstad,U.K.,04.06.2024,email
7943,Troy,Chen,Troy.Chen883@gmail.com,954-881-8093x76976,Bryanhaven,Germany,26.09.2025,social_media
7944,Michael,Miller,Michael.Miller46@hotmail.com,+1-816-916-2940x533,Torresside,UK,02.09.2023,direct
7945,Scott,Cisneros,Scott.Cisneros924@gmail.com,436-740-1616,East Daltonmouth,United Kingdom,09.04.2024,social_media
7946,Kyle,Tran,Kyle.Tran388@hotmail.com,,Jonesshire,Germany,2024-05-09,organic_search
7947,Javier,Williams,Javier.Williams621@yahoo.com,517.755.8061x150,Paulhaven,DE,09-20-2023,organic_search
7948,Jose,Hall,Jose.Hall960@gmail.com,800-753-5110,Baldwinchester,france,10/09/2025,referral
7949,Scott,Reed,Scott.Reed575@hotmail.com,977.495.8853x09620,South Brent,germany,12-26-2024,paid_search
7950,Justin,Patton,Justin.Patton703@yahoo.com,(360)348-3806,Jenniferborough,DE,2025-07-25T08:11:18,email
7951,Rachel,Rocha,Rachel.Rocha822@yahoo.com,512.358.8683,Hamiltonbury,US,11.03.2025,referral
7952,Michael,Moran,Michael.Moran629@gmail.com,+1-872-859-2444x270,East Jacob,France,05/02/2025,paid_search
7953,Tyler,Lewis,Tyler.Lewis929@gmail.com,(579)615-6629,North Janet,uk,05-18-2023,social_media
7954,Andre,Davis,Andre.Davis106@gmail.com,001-483-463-6504x5261,Robinsonmouth,DE,02.07.2024,social_media
7955,William,Young,William.Young776@yahoo.com,676.226.3946x91790,Toddfort,France,08-27-2024,direct
7956,Rachel,Hardin,Rachel.Hardin523@yahoo.com,(511)562-2878,South Keith,Canada,2025-05-20,direct
7957,Emma,Wilson,Emma.Wilson833@gmail.com,386.470.3226x561,Turnerfurt,Germany,2023-09-18T02:29:23,email
7958,Charles,Montgomery,Charles.Montgomery803@yahoo.com,+1-918-658-7753x4697,North Kevinmouth,canada,2024-07-23T02:38:24,social_media
7959,Kiara,Nichols,Kiara.Nichols203@yahoo.com,001-733-675-5042x37969,,DE,2025-06-12,email
7960,Carrie,Mcintyre,Carrie.Mcintyre472@hotmail.com,701.421.7502,North Lisaburgh,Canada,02/04/2024,direct
7961,Kathy,Anderson,Kathy.Anderson152@yahoo.com,+1-520-614-9755x73650,Port Frances,Canada,2025-10-15T07:03:28,referral
7962,Erin,Melendez, ERIN.MELENDEZ606@YAHOO.COM ,9385474134,Brandonhaven,france,17.11.2025,social_media
7963,Roger,Walker,Roger.Walker706@yahoo.com,673-870-2405x3315,Colleenbury,US,2023-09-27,paid_search
7964,Kathleen,Ortiz,Kathleen.Ortiz281@gmail.com,,East Samuel,U.K.,2024-03-13,social_media
7965,James,Reed, James.Reed862@hotmail.com ,(693)465-5695,Lisaberg,UK,2024-11-07T06:37:00,email
7966,Benjamin,Jimenez,Benjamin.Jimenez779@gmail.com,+1-775-282-5143x41633,New Aliciachester,France,2023-04-26T10:25:31,direct
7967,Alexis,Brooks,Alexis.Brooks179@hotmail.com,9534573696,,canada,14/02/2025,direct
7968,Timothy,Alexander,Timothy.Alexander163@hotmail.com,787-761-1297x9432,Lanceport,US,2025-03-09,paid_search
7969,Catherine,Sanders,Catherine.Sanders707@hotmail.com,001-934-548-3871x7602,Danview,uk,2025-01-27,organic_search
7970,Christopher,Gonzalez,Christopher.Gonzalez638@yahoo.com,+1-611-818-5514x63291,Lake Richard,uk,2025-09-23,direct
7971,Christopher,Allen,Christopher.Allen570@yahoo.com,(878)326-2975x987,North Megan,germany,07/06/2023,referral
7972,Robert,Davis,Robert.Davis519@hotmail.com,357.649.9256x0375,North Amanda,USA,2023-08-25T12:42:48,social_media
7973,Sandy,Richardson,Sandy.Richardson388@hotmail.com,(273)598-5266x43146,Watsonside,france,2023-08-05,direct
7974,Jonathan,Stone,Jonathan.Stone405@hotmail.com,358.485.9807,South Anthony,United States,11.01.2023,paid_search
7975,Barbara,Allison,Barbara.Allison988@hotmail.com,233-834-9322,,uk,2025-09-13,social_media
7976,Andrew,Smith,Andrew.Smith885@gmail.com,,Collinsstad,United Kingdom,10-15-2024,social_media
7977,Jessica,Perry,Jessica.Perry389@hotmail.com,,Port William,UK,2025-01-05,referral
7978,Gabriel,Schneider,Gabriel.Schneider633@hotmail.com,661.319.9800,Lindashire,France,06-08-2023,direct
7979,Cindy,Brown,Cindy.Brown566@yahoo.com,001-578-860-3998x33761,,canada,01-26-2023,email
7980,Thomas,Wilson,Thomas.Wilson818@gmail.com,932.614.3107x53957,Woodhaven,canada,2023-11-19T03:09:15,direct
7981,Mark,Jackson,Mark.Jackson872@yahoo.com,001-298-523-7721x4902,New April,FR,27.09.2025,email
7982,Robert,Miller,Robert.Miller677@yahoo.com,(216)255-1162,Sarahfort,Canada,15.01.2024,email
7983,Larry,Hopkins,Larry.Hopkins54@gmail.com,443-313-4795x5131,North Andrewhaven,DE,09-15-2023,organic_search
7984,Ethan,Snyder,Ethan.Snyder98@yahoo.com,,Austinfort,UK,04-02-2025,paid_search
7985,Jessica,Conway,Jessica.Conway404@gmail.com,365.917.4789x475,Allenburgh, USA ,2023-05-29,organic_search
7986,Debra,Hernandez,Debra.Hernandez810@gmail.com,001-389-813-5133x0055,Davidberg,USA,08.12.2024,email
7987,Scott,Lee,Scott.Lee519@gmail.com,268-880-3699x292,Lawrenceland,Canada,15/03/2025,organic_search
7988,Aaron,Alvarez,Aaron.Alvarez420@yahoo.com,+1-615-249-3174x896,Evanchester,france,2024-06-09,direct
7989,Jose,Johnson,Jose.Johnson615@hotmail.com,(929)450-3109x651,Erinberg,france,2023-05-08,referral
7990,Angela,Dawson,Angela.Dawson388@hotmail.com,,Brittneychester,United Kingdom,15.07.2025,organic_search
7991,Rebecca,Peterson, Rebecca.Peterson303@gmail.com ,903-447-3758x3683,Port Michaelstad,United Kingdom,10-19-2024,email
7992,David,Shaw,David.Shaw612@hotmail.com,+1-609-810-5724x18779,Kimberlyville,uk,12-21-2025,referral
7993,Daniel,Mendoza,DANIEL.MENDOZA280@GMAIL.COM,644.983.5183,North Miranda,Germany,2025-12-08T12:25:32,social_media
7994,Aaron,Shelton,Aaron.Shelton897@hotmail.com,(924)805-1649,,canada,17.01.2024,organic_search
7995,Michelle,Thompson,Michelle.Thompson568@gmail.com,772.725.4079,Robbinsmouth,canada,2025-12-31T03:00:50,email
7996,Michael,Russell,Michael.Russell687@yahoo.com,677.499.1394x11582,East Ericfort,canada,2023-01-12,paid_search
7997,Marc,Hanna,Marc.Hanna725@hotmail.com,,East Mariestad,France,2024-04-23,referral
7998,Jeffrey,Gonzales,Jeffrey.Gonzales497@hotmail.com,(994)648-3337,Velezstad,canada,2024-03-01T18:02:37,referral
7999,Robert,Green,Robert.Green547@hotmail.com,663-671-1345,South Saraton,france,08-26-2024,social_media
8000,Curtis,Johnson,Curtis.Johnson281@hotmail.com,465.770.5356x325,North Williamland,usa,20.08.2025,organic_search
8001,Stephanie,Watson,Stephanie.Watson745@gmail.com,,Lake Scott,Canada,2023-01-31,organic_search
8002,Jonathon,Smith,Jonathon.Smith611@yahoo.com,331.730.3691,Katherineville,uk,25.12.2023,referral
8003,Gregory,Henry,Gregory.Henry254@hotmail.com,787-295-9704x52607,Amyville,france,12-19-2023,paid_search
8004,Melissa,Singh,Melissa.Singh464@gmail.com,733.211.6090x91628,Lake Anthonymouth,germany,2024-04-17,paid_search
8005,Justin,Patterson,Justin.Patterson144@yahoo.com,(883)327-5009x65750,Millsfurt,FR,02-28-2024,social_media
8006,Joshua,Adams,Joshua.Adams894@yahoo.com,356.995.0960x162,South Jacob,FR,05-06-2024,direct
8007,Jamie,Beard,Jamie.Beard388@gmail.com,(891)890-2660x838,New Jennifer,Germany,21/12/2024,referral
8008,Joshua,Arellano,Joshua.Arellano600@yahoo.com,8804299967,,United States,01/12/2024,social_media
8009,Theresa,Taylor,Theresa.Taylor316@hotmail.com,(925)777-2651x1659,North Jeffreyport,Canada,17.06.2024,email
8010,Kevin,Payne,Kevin.Payne510@gmail.com,+1-715-631-8759x602,Floresfurt,germany,01-17-2025,direct
8011,Vanessa,Smith, Vanessa.Smith287@gmail.com ,750.275.5761,Thomasmouth,canada,2023-11-04T10:01:23,social_media
8012,Reginald,Schmidt,Reginald.Schmidt162@gmail.com,890.404.5888x29917,Jacksontown,UK,2024-05-24,direct
8013,Carl,Lucas,Carl.Lucas302@yahoo.com,402.544.0472x9967,Sparksview,FR,17.12.2023,social_media
8014,Craig,Price,Craig.Price552@yahoo.com,(790)346-0093x54677,Port Morgan,UK,17.12.2024,social_media
8015,Bonnie,Maynard,Bonnie.Maynard506@gmail.com,203-408-5009x69178,Lake Davidhaven,DE,06-06-2023,paid_search
8016,Amy,Phillips,Amy.Phillips326@yahoo.com,6793331676,Jessicaton,Canada,2023-12-03T03:49:42,referral
8017,Heather,Robinson,Heather.Robinson573@yahoo.com,(768)845-7709x29162,Lake Steven,FR,2023-10-10T20:16:14,direct
8018,Juan,Scott,Juan.Scott258@gmail.com,+1-493-226-6084x55543,Suzannefurt,usa,14/11/2024,paid_search
8019,Timothy,Clark,Timothy.Clark871@hotmail.com,606.288.2985x764,North Jessica,France,2023-02-12,email
8020,Robert,Guerrero,Robert.Guerrero870@hotmail.com,(960)393-6317x4250,Port Cassidy,CA,09-27-2024,referral
8021,Whitney,Byrd,Whitney.Byrd788@yahoo.com,+1-467-632-7145x90114,Mcleanshire,Germany,06/01/2024,referral
8022,Jeremy,Bruce,Jeremy.Bruce112@gmail.com,001-979-400-7392,Port Scott,United Kingdom,01/06/2025,organic_search
8023,Tami,Smith,Tami.Smith341@yahoo.com,717-426-1940x6990,Kelseymouth,Canada,06-30-2024,referral
8024,Ashley,Flores,Ashley.Flores477@hotmail.com,637-946-6786x3120,Abbottfort,UK,03/02/2023,direct
8025,Marco,Murray,Marco.Murray814@gmail.com,+1-503-278-4411x611,Mendozaville, USA ,05/01/2025,organic_search
8026,Douglas,Ferguson,Douglas.Ferguson692@hotmail.com,001-743-584-9702x46013,Jasminestad,U.K.,2025-06-11T07:36:29,organic_search
8027,Emily,Munoz,Emily.Munoz834@hotmail.com,,Morrisbury, USA ,17.01.2025,referral
8028,Brian,Wright,Brian.Wright912@hotmail.com,,Wrightton, USA ,2024-06-29T05:17:09,referral
8029,George,Taylor,George.Taylor902@hotmail.com,676.610.0260x4976,Ariasfurt,United Kingdom,2025-05-17,paid_search
8030,Heather,Rogers,HEATHER.ROGERS582@YAHOO.COM,,North Angelaview,France,2023-07-04,paid_search
8031,Katie,Pineda,Katie.Pineda825@hotmail.com,(344)835-5857,Lukehaven,Germany,30/03/2023,direct
8032,William,Shaffer,William.Shaffer505@hotmail.com,,North Angelamouth,france,2023-03-10T13:50:00,organic_search
8033,Rebekah,Riley,Rebekah.Riley374@hotmail.com,466-411-1103,,United Kingdom,08-18-2025,social_media
8034,Michael,Porter,Michael.Porter895@yahoo.com,3683013915,North Tamaraville,France,16.11.2025,direct
8035,Melanie,Cole,Melanie.Cole774@hotmail.com,962-763-9702x458,Terryshire,usa,12.11.2024,direct
8036,Susan,May,SUSAN.MAY636@YAHOO.COM,485-944-0019,Port Jillchester,France,2023-05-07,email
8037,Kyle,Oconnell,Kyle.Oconnell444@yahoo.com,741-477-1738,South Erica,DE,10-19-2023,social_media
8038,Eileen,Russell,Eileen.Russell530@gmail.com,5978429192,Marktown,UK,2025-11-04T13:12:12,social_media
8039,Patrick,Jackson,Patrick.Jackson97@hotmail.com,+1-981-206-6991,South Franciscoside,FR,11-26-2023,social_media
8040,Frederick,Camacho,Frederick.Camacho290@gmail.com,001-597-772-9450x89369,New Donald,United Kingdom,10.08.2024,referral
8041,Rebecca,Martinez,Rebecca.Martinez497@gmail.com,001-335-298-8973x42858,New Danielfort,France,2023-08-02T14:54:09,referral
8042,Steven,Jenkins,Steven.Jenkins,+1-593-480-4308,Turnerland,U.K.,2023-08-25T16:29:30,paid_search
8043,Jonathan,Medina,Jonathan.Medina157@hotmail.com,(539)651-7563x02224,Davisfort,France,26.01.2025,direct
8044,Eric,Jordan,Eric.Jordan277@hotmail.com,+1-351-341-4108x3628,Snyderton,usa,2025-05-26,referral
8045,Tiffany,Molina,Tiffany.Molina655@yahoo.com,+1-268-941-5369x445,North Joshuachester,FR,12-31-2023,organic_search
8046,Daniel,Smith,Daniel.Smith989@gmail.com,+1-855-214-6198x38900,Veronicabury,FR,02-04-2023,referral
8047,Jonathan,Hunter,Jonathan.Hunter679@gmail.com,(697)375-0793x568,Lake Kelly,US,04/09/2025,referral
8048,Matthew,Snyder,Matthew.Snyder119@yahoo.com,923-743-9925x44931,New Jacobville, USA ,29.09.2023,organic_search
8049,Donald,Hamilton,Donald.Hamilton103@gmail.com,,New Seanton,US,15/12/2023,direct
8050,Phillip,Thomas,Phillip.Thomas328@yahoo.com,(779)419-2515,,Germany,2024-02-20T09:02:51,paid_search
8051,Tina,Wise,Tina.Wise35@gmail.com,455-372-0628x07386,Georgefort,CA,18.02.2024,social_media
8052,Erin,Black,Erin.Black706@gmail.com,(999)340-1146,Meganport,germany,10/10/2023,direct
8053,Gina,Adams,Gina.Adams912@gmail.com,560-515-2969x97819,,Germany,01.06.2024,organic_search
8054,Harry,Ingram,Harry.Ingram870@yahoo.com,210.301.8794,Randyhaven,germany,2023-08-26T02:59:58,direct
8055,Kathryn,Ingram,Kathryn.Ingram767@gmail.com,(748)488-7632x05268,Mcdonaldville,canada,03.11.2025,referral
8056,Joel,Villa,Joel.Villa495@hotmail.com,+1-756-349-7567x117,Nicoleside,canada,07.09.2023,social_media
8057,Melissa,Anderson,Melissa.Anderson55@gmail.com,2413581756,Scottchester,canada,2025-01-25T21:50:49,social_media
8058,John,Martin,John.Martin332@yahoo.com,8624438229,Mackenzieburgh,US,11-16-2025,paid_search
8059,Tammy,Holland,Tammy.Holland598@yahoo.com,,Richardsonshire,U.K.,08/11/2023,social_media
8060,Mary,Hartman,Mary.Hartman203@hotmail.com,544.448.3534x54071,New Josephland,Germany,10/03/2024,direct
8061,Victor,Dillon,Victor.Dillon126@gmail.com,,North Carla,FR,2025-01-09T18:58:24,social_media
8062,Brian,Cohen,Brian.Cohen666@hotmail.com,9758881579,Lake Matthewton,FR,2023-07-15T04:01:16,social_media
8063,Melanie,Campbell,Melanie.Campbell607@gmail.com,576.368.5842x551,North William,germany,28/09/2025,paid_search
8064,Samantha,Stanley,Samantha.Stanley599@yahoo.com,378-333-7066,Kurtberg,france,10/04/2023,direct
8065,Jeremy,Spencer,Jeremy.Spencer375@hotmail.com,+1-314-485-4709,Leahmouth,Canada,2025-10-21,social_media
8066,William,Bryant,William.Bryant917@hotmail.com,001-712-681-1374x3771,Port Juliatown,Germany,30/10/2025,organic_search
8067,Michael,Moore,Michael.Moore,+1-972-891-2636x2352,Jacobsonview,USA,2025-03-03,direct
8068,Marilyn,Martinez,Marilyn.Martinez745@gmail.com,001-239-478-3298x760,Nguyenshire,CA,2023-08-21T20:40:43,referral
8069,Heather,Sullivan,Heather.Sullivan981@yahoo.com,,Port Tammy,canada,2025-11-06T19:32:28,social_media
8070,Patricia,Hendrix,Patricia.Hendrix354@hotmail.com,970.985.7074x780,New Michael,UK,11-24-2024,email
8071,Michael,Ramirez,Michael.Ramirez143@hotmail.com,+1-606-458-4181x743,,germany,18.10.2024,referral
8072,John,Johnston,John.Johnston659@yahoo.com,(432)442-8719x605,Melissashire,France,09.09.2025,direct
8073,Pamela,Wilson,Pamela.Wilson836@hotmail.com,6612703653,South Norma,FR,11-25-2023,social_media
8074,Sandra,Singleton,Sandra.Singleton56@gmail.com,295.252.5221x8282,Lake Patrick,france,2023-09-24,paid_search
8075,Heidi,Flynn,Heidi.Flynn879@gmail.com,887.395.1343x65037,Mckinneychester,United Kingdom,2023-11-08T19:05:20,referral
8076,William,Hobbs,William.Hobbs790@gmail.com,385.661.3250,North Allisonhaven,DE,02-01-2023,direct
8077,Clifford,Higgins, Clifford.Higgins572@gmail.com ,,New Thomashaven,france,07-09-2024,direct
8078,Cheryl,Welch,CHERYL.WELCH285@HOTMAIL.COM,582.598.2743,Port Emma,CA,2023-05-23,direct
8079,Aaron,Smith,Aaron.Smith593@yahoo.com,(504)377-7216,East Valeriestad,DE,16.10.2025,organic_search
8080,Timothy,Gonzalez,Timothy.Gonzalez419@hotmail.com,,Patrickport,DE,05/03/2023,direct
8081,Jeremy,Ponce,Jeremy.Ponce804@hotmail.com,390-583-6317x823,Lake Angelica,CA,12/11/2023,referral
8082,Jennifer,Hughes,Jennifer.Hughes106@hotmail.com,892.978.1525,Lake Michael,uk,16.12.2025,organic_search
8083,Laura,Gardner,Laura.Gardner837@yahoo.com,001-249-315-9939x05206,Lake Richardview,uk,28/02/2025,organic_search
8084,Rebecca,Lucas,Rebecca.Lucas955@gmail.com,,Kyleshire,DE,2024-04-29,email
8085,Courtney,Lee,Courtney.Lee510@gmail.com,+1-261-697-9083x7316,East Jonathanhaven,usa,2023-06-28T23:26:17,organic_search
8086,Alyssa,Bailey,Alyssa.Bailey208@yahoo.com,001-944-249-9583x40597,Port Bryan,Canada,06-05-2023,referral
8087,Stephanie,Hall,Stephanie.Hall883@yahoo.com,001-368-342-7206x9570,Lake Juliaville,UK,04/09/2025,paid_search
8088,Michelle,Yates,Michelle.Yates785@hotmail.com,001-940-874-5638x163,East Michael,DE,17.08.2024,referral
8089,Raymond,Vargas,RAYMOND.VARGAS120@HOTMAIL.COM,,Rachelside,United Kingdom,2025-12-21,organic_search
8090,Chase,Krause,Chase.Krause933@hotmail.com,8764658945,South Kellyhaven,France,2023-11-17,direct
8091,Valerie,Howell,Valerie.Howell629@hotmail.com,(370)456-6697,Perryfurt,france,05-23-2023,paid_search
8092,Amy,Gibbs,Amy.Gibbs603@hotmail.com,291-977-7796,West Christopherstad,france,01-16-2023,direct
8093,Todd,Schneider,Todd.Schneider193@hotmail.com,001-972-458-7970,Tracyside,usa,2025-11-01T11:13:23,social_media
8094,Morgan,Matthews,Morgan.Matthews90@hotmail.com,,,FR,01-22-2024,direct
8095,Jason,Wilson,Jason.Wilson831@hotmail.com,573.611.4960x660,Brianton,United Kingdom,31.12.2024,email
8096,Erica,Roberts,Erica.Roberts997@yahoo.com,001-527-533-5776,Port Deborah,uk,12-19-2025,email
8097,Sharon,Patrick,Sharon.Patrick603@yahoo.com,490-536-7160,Michaelborough,Germany,2024-01-16T22:58:38,organic_search
8098,Katelyn,Lopez,Katelyn.Lopez249@gmail.com,731.236.5045x090,Palmerburgh,france,18/11/2023,direct
8099,Annette,Donaldson,Annette.Donaldson352@yahoo.com,001-419-215-1210x0087,Port Donaldfort,FR,2024-08-31T02:38:05,direct
8100,Jacqueline,Walker,Jacqueline.Walker913@yahoo.com,(799)684-6054x1849,Lake Jasmin,canada,06-25-2025,email
8101,Erik,Chapman,Erik.Chapman949@gmail.com,,West Elizabeth,germany,08/04/2023,direct
8102,Louis,Green,Louis.Green353@yahoo.com,726-503-0706,New Melissahaven,CA,2025-12-30,paid_search
8103,Juan,Wong,Juan.Wong185@yahoo.com,(794)521-5333,Port Scott,DE,13.01.2024,email
8104,Jessica,Koch,Jessica.Koch336@yahoo.com,(259)218-5877x436,North Jaredside,germany,03-17-2024,direct
8105,Brooke,Cooper,Brooke.Cooper774@hotmail.com,+1-778-983-6545x6497,Gutierrezmouth,France,18.10.2024,social_media
8106,David,Cortez,David.Cortez667@yahoo.com,001-293-595-6799x7141,Owensville,US,27/01/2025,organic_search
8107,Kelsey,Thompson,Kelsey.Thompson985@yahoo.com,323.648.6614x473,Garciaburgh,canada,31/05/2023,social_media
8108,Mark,Gallagher,Mark.Gallagher776@hotmail.com,932-639-8908x5725,East Wayne,france,17/10/2024,direct
8109,Charles,Newman,Charles.Newman846@hotmail.com,+1-782-528-3124x2901,West Jerryborough,FR,2023-01-16,organic_search
8110,Lisa,Collins,Lisa.Collins106@yahoo.com,983-719-4757,East Saraland, USA ,13.04.2024,paid_search
8111,Jeffrey,Vaughan,Jeffrey.Vaughan449@hotmail.com,001-284-204-1197x716,Chambersberg,USA,2023-03-29T20:24:31,social_media
8112,Darrell,Johnson,Darrell.Johnson250@gmail.com,405-950-6016x561,West Karihaven,uk,2024-05-05,referral
8113,Kimberly,Garcia,Kimberly.Garcia430@hotmail.com,,Kyleside,Canada,2023-11-12T05:20:09,social_media
8114,Jacqueline,Carpenter,Jacqueline.Carpenter822@gmail.com,001-699-832-4569x84050,Kevinbury,canada,05-30-2023,direct
8115,Leslie,Shelton,Leslie.Shelton722@gmail.com,+1-456-461-6895x66708,North Stephanie,USA,16.06.2023,paid_search
8116,Luis,Evans,Luis.Evans255@gmail.com,(305)788-6562x7670,Lake Tammy, USA ,17/04/2025,social_media
8117,Charles,Stewart,Charles.Stewart776@gmail.com,732.249.7450x4526,New Anthony,USA,2024-07-30T09:32:14,paid_search
8118,Jason,Jennings,Jason.Jennings785@yahoo.com,+1-657-658-4970,Adambury,France,2023-11-29,direct
8119,Melanie,Carrillo,Melanie.Carrillo594@gmail.com,+1-558-597-7457x085,North Amandaside,france,01.10.2024,direct
8120,Pamela,Lucas,Pamela.Lucas849@hotmail.com,,Amberhaven,uk,28.11.2024,referral
8121,Bailey,Brooks,Bailey.Brooks945@hotmail.com,872-330-0986x768,East Thomasview,FR,2024-07-29,paid_search
8122,Kevin,Pham,Kevin.Pham761@yahoo.com,001-303-633-7514x53137,Jacobfurt,UK,25/08/2025,organic_search
8123,Alexandria,Smith,Alexandria.Smith732@yahoo.com,968.712.6490x66031,Port Jesse,Germany,19.03.2024,paid_search
8124,Jacqueline,Moore,Jacqueline.Moore882@yahoo.com,733.679.2232x512,Patriciastad,France,08/07/2025,email
8125,Gabriel,Boyd,Gabriel.Boyd754@hotmail.com,(772)610-7231,Carpentertown,uk,2024-07-06T10:58:11,direct
8126,Catherine,Young,Catherine.Young413@gmail.com,+1-222-990-9979x49900,Cassandratown,canada,15.02.2025,organic_search
8127,Ashley,Young,Ashley.Young397@yahoo.com,,Port John,FR,08.07.2023,referral
8128,James,Allen,James.Allen604@hotmail.com,381-817-0813x28157,North Jocelynfurt,U.K.,2025-07-15T03:52:37,email
8129,Judith,Lee,Judith.Lee587@gmail.com,+1-485-916-1269x98973,Pattersonfurt,uk,26.05.2024,referral
8130,Heather,Key,Heather.Key771@yahoo.com,+1-653-340-6681x648,Youngstad,france,01/05/2023,direct
8131,Amber,Bright,Amber.Bright699@gmail.com,420-387-5939x10291,,uk,12-23-2024,social_media
8132,Kristy,Mahoney,Kristy.Mahoney772@hotmail.com,895.704.7729x1095,Mendozaburgh,US,2023-07-25,direct
8133,James,Lynch,James.Lynch47@yahoo.com,(246)621-6244x835,Lake Joshuaport,uk,2023-05-25T21:42:17,email
8134,Amanda,Williams,Amanda.Williams897@gmail.com,,New Megan,germany,09-28-2025,email
8135,Nicolas,Haynes,Nicolas.Haynes687@gmail.com,800.357.8777,Brendashire,US,07/10/2024,organic_search
8136,Shaun,Gray,Shaun.Gray663@yahoo.com,263-611-5553,Avilaton,CA,2025-02-12T05:29:05,paid_search
8137,Terri,Roberts,Terri.Roberts255@hotmail.com,9428481200,Luisborough,FR,2023-11-12T12:35:01,direct
8138,Kenneth,Evans,Kenneth.Evans289@gmail.com,(755)916-6556x2515,Westburgh,DE,2023-08-10,email
8139,Phillip,Peck,Phillip.Peck690@yahoo.com,+1-840-758-4898x14204,North Kristiside,France,2025-06-07T01:11:11,email
8140,Benjamin,Tucker,Benjamin.Tucker271@gmail.com,(604)859-8735x911,North Tammyborough,UK,02/07/2025,social_media
8141,Paul,Snyder,Paul.Snyder560@gmail.com,4833741406,East Ryanton,france,08-28-2025,paid_search
8142,Chelsea,Rogers,CHELSEA.ROGERS28@YAHOO.COM,+1-460-670-9172x7717,Port Julie,france,2024-09-04,social_media
8143,Maria,Lane,Maria.Lane278@hotmail.com,979-540-6089x13183,Danielborough,US,02.04.2023,email
8144,Jennifer,White,Jennifer.White560@hotmail.com,,Davidmouth,uk,02.06.2024,referral
8145,Debra,Brown,Debra.Brown152@hotmail.com,+1-963-687-4571x074,Lake Jeremiah,UK,27/10/2023,email
8146,Mia,Hudson,Mia.Hudson646@yahoo.com,(967)527-3266x32027,Seanside,Canada,2025-07-07T01:08:55,paid_search
8147,Joseph,Davis,Joseph.Davis805@yahoo.com,(727)861-7106,Woodardport,U.K.,2023-01-08,direct
8148,Andrea,Adams,Andrea.Adams263@gmail.com,9716357680,North Austinbury,FR,04-28-2023,social_media
8149,Richard,Smith,Richard.Smith78@hotmail.com,+1-368-762-9976,Robertsbury,canada,02.09.2024,social_media
8150,Lisa,Fisher,Lisa.Fisher745@yahoo.com,790-205-2104,Hensleyfort,DE,02/07/2023,paid_search
8151,Wendy,Ball,Wendy.Ball801@yahoo.com,782-474-2945x72927,East Kellytown,United States,10/07/2023,organic_search
8152,Tonya,French,Tonya.French506@yahoo.com,952.344.8273,Port Patriciaberg,canada,04-16-2025,social_media
8153,Ann,Sanchez,Ann.Sanchez122@yahoo.com,851.776.9417x021,Jennifermouth,UK,2023-08-14T03:29:22,referral
8154,James,Gomez,James.Gomez789@yahoo.com,,New Paula,germany,01.01.2025,direct
8155,Crystal,Gonzalez,Crystal.Gonzalez952@gmail.com,(693)741-8470x6634,Port Samuelside,United States,04-30-2023,email
8156,Stephanie,Nelson,Stephanie.Nelson274@yahoo.com,+1-507-393-6952x42411,Loveland,Canada,11-21-2023,social_media
8157,Cynthia,Roy,Cynthia.Roy327@hotmail.com,,South Garrett,Germany,09.10.2025,paid_search
8158,Leah,Yang,Leah.Yang491@yahoo.com,565.750.3346x9481,South Danielle,usa,19/08/2025,paid_search
8159,Jennifer,Tate,Jennifer.Tate340@gmail.com,001-402-206-0290x158,South Sarah,canada,06.09.2023,referral
8160,Carol,Williams,Carol.Williams190@gmail.com,+1-421-751-2725,West Deanna,U.K.,08.04.2024,social_media
8161,Trevor,Love,Trevor.Love185@hotmail.com,,Monicamouth,germany,08.01.2024,organic_search
8162,Matthew,Perkins,Matthew.Perkins248@yahoo.com,729.324.1764x42445,East Lesliehaven,FR,2025-09-03,email
8163,Samuel,Brown,Samuel.Brown710@gmail.com,(426)366-3826x1172,Tranfurt,France,23/08/2023,social_media
8164,Deanna,Crane,Deanna.Crane724@gmail.com,513-401-1260,North Raymond,uk,01/12/2024,referral
8165,Susan,Marks,Susan.Marks570@hotmail.com,001-337-820-5647x5923,North Daniellechester,germany,13.12.2025,referral
8166,Sonia,Hartman,Sonia.Hartman434@hotmail.com,2127355926,North Jeffreybury,germany,24.11.2025,referral
8167,Carl,Owens,Carl.Owens202@gmail.com,357-272-8272,Michelleshire,germany,11-03-2024,organic_search
8168,Gary,Patel,Gary.Patel199@hotmail.com,(615)595-1717x71816,Annside,france,10-27-2024,social_media
8169,Sherry,Garcia,Sherry.Garcia580@gmail.com,,Floreshaven,uk,06.04.2025,referral
8170,Brandon,Patton,Brandon.Patton678@yahoo.com,468-682-0590x783,Port Joshua,United States,26/02/2024,referral
8171,Julie,Espinoza,Julie.Espinoza704@gmail.com,982-937-2713x27147,,uk,07/12/2024,social_media
8172,Theodore,Brown, Theodore.Brown62@gmail.com ,,Floresland,Germany,2023-08-13T00:55:24,social_media
8173,Pamela,Curtis,Pamela.Curtis444@yahoo.com,,Gilmoreville,United States,2023-10-12,email
8174,Ashley,Glover,Ashley.Glover725@hotmail.com,+1-307-483-6496,South Tammymouth,canada,2025-07-13T09:16:43,paid_search
8175,Annette,Cole,Annette.Cole803@yahoo.com,001-834-780-9291x8645,Donaldmouth,CA,2024-04-01,referral
8176,Tina,Day,Tina.Day262@hotmail.com,+1-920-821-8630x99065,,Germany,2023-03-13T23:00:29,referral
8177,Heather,Barrett,HEATHER.BARRETT319@YAHOO.COM,814.776.6709,Baileybury,US,2025-09-24,organic_search
8178,Victoria,Holmes,Victoria.Holmes730@yahoo.com,329.673.0964x4917,Benjaminland,usa,06-20-2023,direct
8179,Zachary,Hill,Zachary.Hill760@gmail.com,001-954-769-1188x323,Katiehaven,United States,25/10/2024,paid_search
8180,Juan,Harmon,Juan.Harmon646@hotmail.com,(955)475-3272x58795,West Michaelberg, USA ,2024-05-08,referral
8181,Laurie,Martin,Laurie.Martin756@hotmail.com,001-879-848-7598x9442,Kimberlymouth,USA,2023-04-21T03:34:57,paid_search
8182,Dennis,Collier,Dennis.Collier721@yahoo.com,(641)539-4896x882,Davischester,CA,2025-01-18T05:57:47,referral
8183,John,Bates,John.Bates545@yahoo.com,+1-887-938-6382x58261,Ruthshire,France,12/10/2024,paid_search
8184,Nicole,Ward,Nicole.Ward597@yahoo.com,001-631-223-3843x7749,Roseport,France,26.05.2023,direct
8185,Carol,Meyers, CAROL.MEYERS845@GMAIL.COM ,5159976393,Port Veronica,usa,2025-08-11,email
8186,Megan,Perez,Megan.Perez230@yahoo.com,(588)225-5879x90577,Moraleston,U.K.,2023-10-19T03:08:54,direct
8187,Donna,Elliott,Donna.Elliott811@yahoo.com,+1-227-950-2016x106,West Brendaport,canada,26/09/2024,organic_search
8188,Sarah,Sutton,Sarah.Sutton275@gmail.com,+1-295-466-7672,South Nicholas,CA,01-27-2025,paid_search
8189,Cheryl,Ortiz,Cheryl.Ortiz975@hotmail.com,7162243760,Lake Juan,France,24/01/2023,direct
8190,Ryan,Jacobson,Ryan.Jacobson239@gmail.com,(268)879-4575x43604,Port Timothy,U.K.,2023-03-18T17:27:48,paid_search
8191,Matthew,Fitzpatrick,Matthew.Fitzpatrick257@gmail.com,001-412-855-3612x318,South Riley,CA,08.08.2025,direct
8192,James,Martin,James.Martin,660.378.4334,Paulfort,U.K.,25.09.2025,direct
8193,Jennifer,Hess,Jennifer.Hess971@hotmail.com,001-905-586-5471x176,Brownton,UK,2025-10-29T17:05:52,social_media
8194,Wendy,Bauer,Wendy.Bauer774@hotmail.com,+1-951-204-2089x62928,Lake Waynestad,USA,04-17-2025,direct
8195,Zachary,Harris,Zachary.Harris241@gmail.com,001-939-974-1517x782,Lake Jason,canada,2024-11-22,direct
8196,Joan,Rodriguez,Joan.Rodriguez800@hotmail.com,+1-637-569-4633x5254,New Harrychester,US,2025-11-20,direct
8197,Zachary,Kennedy,Zachary.Kennedy841@hotmail.com,5744832497,Villanuevaborough,Canada,2025-02-22T05:47:34,referral
8198,Heather,Dixon,Heather.Dixon88@hotmail.com,702.335.6599x3759,West Tonya, USA ,21/11/2023,email
8199,John,Barron,John.Barron218@yahoo.com,001-213-828-5413x98416,North Desiree,FR,11.09.2023,referral
8200,Evan,Diaz,Evan.Diaz540@gmail.com,247-880-3874x33957,Port Josetown,FR,18.05.2025,social_media
8201,Pamela,Rangel,Pamela.Rangel262@yahoo.com,+1-313-319-1150x252,,FR,2023-01-31,email
8202,Kelly,Salinas,Kelly.Salinas897@yahoo.com,(614)773-1969,Johnsonmouth,US,12-10-2023,organic_search
8203,Erica,Hutchinson,Erica.Hutchinson782@hotmail.com,,Harrischester,USA,2024-03-09,social_media
8204,Katelyn,Gonzalez,Katelyn.Gonzalez395@yahoo.com,(492)234-2666x6195,Port Justin, USA ,2023-08-22T00:20:36,direct
8205,Robert,Jackson,Robert.Jackson243@hotmail.com,+1-485-566-1469x9444,Brandistad,DE,08-03-2024,paid_search
8206,John,Orozco,John.Orozco649@yahoo.com,+1-496-254-0851x55565,New Josephfurt,France,06.02.2025,social_media
8207,Walter,Sawyer,Walter.Sawyer799@hotmail.com,001-588-567-1380x8082,Austinhaven,USA,2025-03-19T00:56:53,email
8208,Jennifer,Love,Jennifer.Love757@hotmail.com,576.912.4433x03198,Jonesview,U.K.,2025-04-19T08:41:57,email
8209,Jacob,Ferguson,Jacob.Ferguson788@yahoo.com,,Jimenezside,United Kingdom,20.12.2023,social_media
8210,Joshua,Fuller,Joshua.Fuller38@gmail.com,+1-319-394-5769,West Taylorfurt,Canada,2023-12-22,social_media
8211,Lisa,Rocha,Lisa.Rocha927@yahoo.com,8134803906,Emilyshire,US,08-06-2025,email
8212,Pam,Weaver,Pam.Weaver743@yahoo.com,913.844.6140,Garnerburgh,UK,2024-05-11,referral
8213,Omar,Johnson,Omar.Johnson461@hotmail.com,001-275-550-1054x11049,Peterton,France,25/01/2025,email
8214,Luis,Lopez,Luis.Lopez294@hotmail.com,,Rebeccatown,Germany,2024-03-06T22:21:01,email
8215,Adam,Taylor,Adam.Taylor800@yahoo.com,938-665-5075x097,, USA ,06-06-2023,organic_search
8216,James,Thompson,James.Thompson928@yahoo.com,+1-979-494-3753x00556,Kingberg,uk,2024-08-30T11:31:37,organic_search
8217,Kenneth,Davis,Kenneth.Davis685@yahoo.com,404.996.6021,Stevenview,france,2023-07-09T13:54:56,social_media
8218,Joan,Ayala,Joan.Ayala657@gmail.com,2004288354,Rogersmouth,United Kingdom,20.12.2025,paid_search
8219,Debra,Miller,Debra.Miller388@gmail.com,(248)276-6817,Mckayview,FR,20.09.2025,direct
8220,Meredith,Alvarado,MEREDITH.ALVARADO786@YAHOO.COM,246.934.7166x625,Fowlerberg,france,14/07/2023,organic_search
8221,William,Clark,William.Clark931@hotmail.com,763.675.1217x6165,North Carlos,United States,2024-08-24T00:00:57,paid_search
8222,Randy,Russell,Randy.Russell871@hotmail.com,+1-404-239-5571,North Veronicaville,USA,24.03.2025,direct
8223,Julia,Green,Julia.Green101@gmail.com,719.606.9618,North Amanda,uk,19/03/2024,paid_search
8224,Stephanie,Maxwell,Stephanie.Maxwell606@yahoo.com,001-456-286-2153x55255,Pearsonborough,FR,2025-10-06,paid_search
8225,Ronald,Hall,Ronald.Hall369@hotmail.com,461.743.9137,Charlestown,DE,2023-08-10,referral
8226,Amy,Phillips,AMY.PHILLIPS37@GMAIL.COM,,Michelleton,germany,25/04/2025,organic_search
8227,Kimberly,Houston, Kimberly.Houston849@hotmail.com ,,Georgestad,DE,07-12-2025,organic_search
8228,Sherry,Grant,Sherry.Grant544@yahoo.com,817-485-6148x5586,East Meganhaven,france,2023-04-29,direct
8229,Mario,Joseph, MARIO.JOSEPH53@GMAIL.COM ,738-353-0960x732,Simmonsstad,usa,2025-09-15T01:35:48,organic_search
8230,Tamara,Greer,Tamara.Greer336@hotmail.com,,New Mathew,CA,18/09/2023,email
8231,Angel,David,Angel.David44@gmail.com,+1-306-798-8000x9017,Port Jamesmouth,DE,04-20-2023,email
8232,Scott,Weaver,Scott.Weaver303@hotmail.com,+1-510-660-4266x76171,North Georgeburgh,france,2024-07-16,social_media
8233,John,Turner,John.Turner75@gmail.com,732-924-4838x76164,North Lawrencehaven,CA,08/10/2024,direct
8234,Brooke,Bullock,Brooke.Bullock227@hotmail.com,(659)830-8727,West Jacobview,FR,2025-03-06T22:33:04,direct
8235,Thomas,Weeks,Thomas.Weeks795@yahoo.com,001-913-710-0977x6507,Bruceside,U.K.,2024-09-22T12:06:15,organic_search
8236,Connie,Wise,Connie.Wise66@hotmail.com,605-713-2794,South Shawnview,FR,2024-12-17T23:18:19,email
8237,Adam,Yoder,Adam.Yoder910@yahoo.com,(476)261-8056x35769,Blanchardport,France,12-13-2023,direct
8238,Michael,Johnson,Michael.Johnson969@hotmail.com,353.714.2652x7652,Lake Brandonfurt,Germany,06.08.2024,direct
8239,William,Joseph,William.Joseph874@yahoo.com,588.412.7644x3165,Wilsonborough,canada,2025-04-18,social_media
8240,Ashley,Ortega,Ashley.Ortega385@hotmail.com,(466)256-0086x1052,South Jonathan,uk,2025-10-21T15:11:19,referral
8241,Wesley,Vega,Wesley.Vega438@yahoo.com,+1-993-371-5125x10509,Hillland,Canada,30/10/2023,email
8242,Ashley,Marshall,Ashley.Marshall321@yahoo.com,+1-932-404-9822x83594,Brookeport,United Kingdom,21/04/2024,referral
8243,Anthony,Robertson,Anthony.Robertson113@yahoo.com,(298)417-2077x1882,Diazview,CA,15/09/2025,direct
8244,Kelsey,Warren,Kelsey.Warren961@gmail.com,(560)548-6860x16910,New Catherineshire,United Kingdom,11-06-2023,paid_search
8245,Carrie,Marquez,Carrie.Marquez149@hotmail.com,269-469-7882,North Laceyport,France,2025-11-29T04:50:57,direct
8246,Ryan,Underwood,Ryan.Underwood357@yahoo.com,,East Richardstad,usa,2024-03-22,email
8247,Joseph,Sanchez,Joseph.Sanchez729@gmail.com,,Kelseychester,USA,2023-04-22T07:09:03,organic_search
8248,Debbie,Williams,Debbie.Williams482@hotmail.com,859.521.7098x8658,South Lisa,France,21.07.2024,email
8249,Ryan,Russell,Ryan.Russell810@gmail.com,,,U.K.,06.03.2024,referral
8250,Sandra,Douglas,Sandra.Douglas591@gmail.com,,West Patrickstad,canada,2024-11-10T18:49:17,paid_search
8251,Gary,Munoz,Gary.Munoz843@hotmail.com,(939)829-2125x3311,,germany,29.07.2024,email
8252,Lawrence,Forbes,Lawrence.Forbes49@yahoo.com,,,USA,04.12.2023,referral
8253,Jennifer,Brown,Jennifer.Brown934@hotmail.com,(969)503-7314x800,Ronaldfurt,france,25/01/2024,social_media
8254,Tamara,Warren,Tamara.Warren754@gmail.com,,Laurieland,germany,24/06/2024,social_media
8255,Matthew,Kelly,Matthew.Kelly680@yahoo.com,418.467.6335,Lisaview,france,2023-09-15T03:51:03,organic_search
8256,Robert,Herman,Robert.Herman130@hotmail.com,(987)427-9783x34475,Lake Adam,US,18/01/2025,email
8257,Michael,Dawson,Michael.Dawson366@hotmail.com,001-421-772-5675x03436,Smithside,DE,05-23-2024,paid_search
8258,Michael,Parks,Michael.Parks712@gmail.com,380.553.9561,East Marioland,U.K.,30.12.2023,referral
8259,Karen,Ward,Karen.Ward109@yahoo.com,+1-242-901-2169x56735,Colonbury,germany,2024-01-04,email
8260,Melissa,Brown,Melissa.Brown932@gmail.com,489.372.8878x2283,Simmonschester,United States,2024-04-08T02:56:02,email
8261,Rebecca,Jackson,Rebecca.Jackson563@yahoo.com,674-722-8302,Harrismouth,Canada,2025-05-29,referral
8262,James,Sloan,James.Sloan904@yahoo.com,(269)915-8544,Hudsonview,Germany,2023-01-26T15:08:01,referral
8263,Christina,Garcia,Christina.Garcia335@hotmail.com,962-704-6349,North Stevenland,UK,21.11.2024,paid_search
8264,Daniel,Rivera,Daniel.Rivera261@gmail.com,(204)799-5640,South Katieton,canada,09-02-2023,direct
8265,David,Ballard,David.Ballard977@gmail.com,(925)424-3382,South Ericville,canada,05-03-2024,email
8266,Natalie,Grant,Natalie.Grant998@yahoo.com,339.712.3894,East Danielville,CA,2023-09-09,direct
8267,Michael,Arnold,Michael.Arnold779@gmail.com,796-801-5935x76943,Lake Amychester,DE,2025-05-05,social_media
8268,Susan,Lam,Susan.Lam59@hotmail.com,733.607.2067x097,East Janetborough,FR,2024-08-07,organic_search
8269,Tricia,Lopez,Tricia.Lopez748@yahoo.com,(307)363-4595x58720,North Martin,DE,2025-01-03,paid_search
8270,Cynthia,Torres,Cynthia.Torres537@gmail.com,764.768.9262x801,Kingland,USA,08.05.2023,organic_search
8271,Johnny,Zamora,JOHNNY.ZAMORA526@YAHOO.COM,884-659-8397x82908,Racheltown,UK,02-19-2024,direct
8272,Yvette,Sanchez, Yvette.Sanchez27@hotmail.com ,813.606.1615x236,South Devin,United States,11-23-2024,direct
8273,Renee,Campbell,Renee.Campbell979@yahoo.com,6234403332,Riverafurt,Canada,2025-08-23T23:21:24,paid_search
8274,Christopher,Bird,Christopher.Bird337@gmail.com,001-657-695-3351x70865,Jamesview,france,01-21-2024,social_media
8275,George,Thomas,George.Thomas257@yahoo.com,(369)779-7501x2113,Haysville,DE,22.01.2024,organic_search
8276,Theresa,Gomez,Theresa.Gomez785@gmail.com,4907442557,West Amyshire,usa,2025-03-19,paid_search
8277,Maria,Hood,MARIA.HOOD20@GMAIL.COM,(359)272-6804,North Shawnburgh,UK,03/08/2024,direct
8278,Kim,Foster,Kim.Foster635@gmail.com,(405)751-6003x522,Whitetown,U.K.,2024-06-11,email
8279,Jennifer,Stevenson, Jennifer.Stevenson978@gmail.com ,(572)915-6628x71702,East Christineview,DE,14/09/2023,direct
8280,April,Cook,April.Cook806@hotmail.com,,West Sarahmouth,US,2023-08-15T06:33:02,direct
8281,Joseph,Herring,Joseph.Herring27@hotmail.com,899.926.9611,Port Colinshire,United Kingdom,2025-03-26,email
8282,Heather,Nunez,Heather.Nunez789@hotmail.com,(866)673-9392,Sharontown,DE,01.11.2023,email
8283,Howard,Long,Howard.Long168@hotmail.com,,Sarahhaven,CA,06-10-2024,referral
8284,Marc,Pittman,Marc.Pittman85@gmail.com,555.823.3001,New Bernardmouth,United Kingdom,19/08/2024,organic_search
8285,Todd,Young,Todd.Young72@gmail.com,,Rothbury,france,2023-04-05,direct
8286,Tristan,Rivera,Tristan.Rivera654@gmail.com,001-683-289-3782x51841,Bakerhaven,United States,2023-03-25T22:16:24,organic_search
8287,Nancy,Short,NANCY.SHORT851@HOTMAIL.COM,(468)716-0666,New Francisco,France,01.09.2023,direct
8288,William,Martinez,William.Martinez772@yahoo.com,,West Amandaland,france,06/08/2025,email
8289,Brian,Perez,Brian.Perez990@gmail.com,001-595-631-4964x55397,Smithshire,France,2023-07-19,direct
8290,Thomas,Velazquez,Thomas.Velazquez875@yahoo.com,439-547-4794x59934,Tiffanymouth,Canada,16/06/2024,direct
8291,Barbara,Contreras,Barbara.Contreras656@gmail.com,841-839-6291,New Charlesside,UK,11.08.2023,referral
8292,Carol,Anderson,Carol.Anderson45@gmail.com,001-960-618-8193,North Pamelaview,Canada,15/07/2025,social_media
8293,Alexis,Donaldson,Alexis.Donaldson548@gmail.com,906.906.6032,West Amyside,United Kingdom,01-15-2023,social_media
8294,Cathy,Edwards,Cathy.Edwards341@hotmail.com,403.276.7779,South Matthewborough,United Kingdom,02-07-2025,social_media
8295,Andrea,White,Andrea.White293@hotmail.com,716.950.6537,Lake Sheilaview,CA,2024-05-26,referral
8296,Levi,Mcintyre,Levi.Mcintyre156@hotmail.com,(713)313-7259x02653,Darlenefurt,usa,28/09/2025,direct
8297,Christian,Gonzales,Christian.Gonzales,,Kimberlyland,US,01/04/2025,direct
8298,Angela,Ward,Angela.Ward146@yahoo.com,+1-784-782-9463x754,Nguyenland,Canada,2023-01-19,email
8299,Julie,Owens,Julie.Owens398@hotmail.com,441.359.0911x999,Thompsonside,France,15.03.2023,direct
8300,Alex,Wilson,Alex.Wilson271@hotmail.com,+1-298-501-2853,Daniellemouth,usa,08.05.2024,referral
8301,Haley,Ellis,Haley.Ellis416@gmail.com,001-912-536-3583,Erikastad,uk,11-28-2025,referral
8302,Summer,Howard,Summer.Howard283@yahoo.com,001-346-777-4922x313,North Jasonfort,UK,02.02.2023,organic_search
8303,Debra,Harrington,Debra.Harrington22@hotmail.com,584.492.1373,North Victor,France,11-21-2025,email
8304,Sheila,Diaz,Sheila.Diaz312@yahoo.com,+1-798-692-5870x154,East Stevenchester,UK,03-13-2024,organic_search
8305,Jennifer,Carter,Jennifer.Carter131@yahoo.com,596-857-8168x2054,North Michael,Germany,01-30-2023,paid_search
8306,Amy,Johnson,Amy.Johnson377@hotmail.com,001-601-938-6300x6512,Johnfort,United Kingdom,05-26-2023,direct
8307,Sharon,Martin,Sharon.Martin168@yahoo.com,001-228-351-1171,East Rachel,USA,20/05/2023,social_media
8308,Cynthia,Jenkins,Cynthia.Jenkins902@yahoo.com,3666176182,Donnaton,Germany,03.05.2024,social_media
8309,Rachael,Harvey,Rachael.Harvey700@hotmail.com,939.854.5416x32324,Amberview,canada,2025-04-12,referral
8310,Mason,Robertson,Mason.Robertson11@yahoo.com,+1-589-263-9763x28752,New Daniellemouth,Germany,26.08.2024,referral
8311,Robert,Garcia,Robert.Garcia683@gmail.com,(757)502-1416x625,Mendezmouth,France,10-29-2025,direct
8312,Nicholas,Wallace,Nicholas.Wallace511@hotmail.com,607.275.3321x15714,Port Jason,France,2023-07-23T03:21:24,direct
8313,Amber,Carr,Amber.Carr281@gmail.com,859.528.7156,Port Deannafurt,Canada,2024-03-03T08:01:11,paid_search
8314,Wendy,Spencer,Wendy.Spencer508@hotmail.com,209.257.1929x5747,Lake Markport,Germany,10-27-2025,referral
8315,Reginald,Rollins,Reginald.Rollins666@yahoo.com,2602058010,West Johnport,DE,15.10.2025,organic_search
8316,Judith,Wade,Judith.Wade927@hotmail.com,441.303.9282,Dominguezbury,DE,2025-08-06,social_media
8317,Denise,Bentley, Denise.Bentley794@yahoo.com ,,Francesfort,germany,10/06/2023,email
8318,Kari,Johnson,Kari.Johnson652@gmail.com,428-423-0324x764,Valenzuelaborough, USA ,2025-03-04,social_media
8319,Sherry,Elliott,Sherry.Elliott796@gmail.com,(208)797-3377,Port Stephenmouth,DE,2024-11-01,paid_search
8320,Gloria,Mckay,Gloria.Mckay806@yahoo.com,001-505-419-5761x129,Sabrinashire,DE,01/08/2024,referral
8321,Tommy,Martin,Tommy.Martin664@gmail.com,903.853.9815x1689,Travisside,DE,16.06.2023,paid_search
8322,Jessica,Parker,Jessica.Parker102@hotmail.com,950.733.7144x71316,New Philip,germany,19/10/2025,referral
8323,Dawn,Douglas,Dawn.Douglas400@yahoo.com,001-924-434-2328x815,East Richard,France,2024-08-04,social_media
8324,Kathleen,Evans,Kathleen.Evans783@hotmail.com,687.984.8609x544,Mitchellborough,uk,2023-07-12T11:30:12,email
8325,Shelly,Marks, Shelly.Marks500@yahoo.com ,792-477-5809x18191,West Joshuastad,usa,12/02/2023,social_media
8326,David,Davis,David.Davis990@hotmail.com,,Lake Kerrybury,Canada,11-26-2023,direct
8327,Sandy,Blake,Sandy.Blake320@yahoo.com,682.875.7162,West Gabriellemouth,Canada,26.01.2023,organic_search
8328,Nathan,Fox,Nathan.Fox681@gmail.com,001-825-900-5527,North Scottfurt,Germany,09-06-2025,direct
8329,Ariel,Perkins,Ariel.Perkins771@hotmail.com,001-815-704-8985x92394,Valdezchester,germany,02.12.2023,direct
8330,Jennifer,Marshall,Jennifer.Marshall770@yahoo.com,529-822-0122x337,Bennettport,CA,24.03.2025,organic_search
8331,April,Mendez,April.Mendez170@yahoo.com,001-890-568-0480x5106,North Ashley,France,04.07.2025,referral
8332,Elizabeth,Horton,Elizabeth.Horton455@gmail.com,+1-833-338-1805x825,North Nathan,france,2025-09-11T11:01:25,referral
8333,April,Hall,April.Hall594@hotmail.com,,East Pamela,Germany,23.09.2025,social_media
8334,Timothy,Rivera,Timothy.Rivera582@hotmail.com,(872)240-1665x64337,Nelsonfort,France,2025-03-26T01:38:52,direct
8335,Jesse,Terrell,Jesse.Terrell499@yahoo.com,,Amberton,canada,04-13-2023,referral
8336,Keith,Swanson,Keith.Swanson774@hotmail.com,,Bryantstad,USA,04-12-2024,organic_search
8337,Destiny,Hernandez,Destiny.Hernandez622@yahoo.com,+1-278-202-1644,Beckton,uk,14/04/2025,referral
8338,Tammy,Cervantes,Tammy.Cervantes780@hotmail.com,947-850-2330x9085,East Kristenshire,France,07-07-2025,social_media
8339,Phillip,Payne,Phillip.Payne361@yahoo.com,497-436-4767,Hayesburgh,France,01-09-2024,paid_search
8340,Brent,Hutchinson,Brent.Hutchinson287@hotmail.com,357-808-5037,East Jose,France,23.07.2024,email
8341,Melissa,Taylor,Melissa.Taylor705@yahoo.com,,Jacquelineside,FR,12-05-2025,paid_search
8342,Douglas,Benson,Douglas.Benson403@hotmail.com,570.942.6893,Lake Jamesview,CA,2024-05-19,referral
8343,Matthew,Johnson,Matthew.Johnson465@gmail.com,320.293.7016x4830,South Misty,DE,27.11.2024,referral
8344,Kristin,Phillips,Kristin.Phillips,001-925-713-0695,New Josephside,UK,2025-05-28,social_media
8345,Heather,Long,Heather.Long426@hotmail.com,001-700-421-3127x1183,Lake Melissaside,Germany,2024-06-09,social_media
8346,Nicole,Chang,Nicole.Chang329@yahoo.com,001-257-330-3517x444,,FR,17.01.2025,referral
8347,Phillip,Schaefer,Phillip.Schaefer935@yahoo.com,001-249-709-2391x200,Port Nicholas,germany,12-09-2023,social_media
8348,Jonathan,Merritt,Jonathan.Merritt820@yahoo.com,(229)570-5045x85692,New Amyburgh,france,01.10.2023,paid_search
8349,Regina,Perkins,Regina.Perkins,,Andreafort,US,05-19-2025,paid_search
8350,Douglas,Pitts,Douglas.Pitts828@yahoo.com,926.667.5232x55474,New Shawnview,CA,2025-11-24T02:27:47,social_media
8351,Anthony,Camacho,Anthony.Camacho847@gmail.com,878-925-1999x138,Vickiville,FR,31/08/2023,social_media
8352,Michelle,Cox,Michelle.Cox246@gmail.com,001-880-985-9041x95573,New Brandonland,Germany,2024-11-11,paid_search
8353,Grace,Patel,Grace.Patel691@yahoo.com,,Lake Emilyville,France,10-16-2024,organic_search
8354,Jason,Rose,Jason.Rose313@hotmail.com,(704)977-2297,Mooreport, USA ,10-14-2024,paid_search
8355,Leonard,Hendrix,Leonard.Hendrix338@hotmail.com,(583)599-8564x191,,canada,2025-08-08,referral
8356,Bethany,James,Bethany.James190@gmail.com,(586)604-2398x9914,,Canada,12.11.2023,referral
8357,Alisha,Duncan,Alisha.Duncan150@yahoo.com,351-256-5843x884,Markton,U.K.,06-26-2025,social_media
8358,Andrea,Ford,Andrea.Ford519@hotmail.com,(874)459-9902x70245,Lake Matthew,uk,14.12.2025,email
8359,Debra,Barnes,Debra.Barnes,001-234-997-1551x3451,Millerfort,uk,04.10.2024,paid_search
8360,Travis,Butler,Travis.Butler546@hotmail.com,8006252226,Weberchester,United States,2025-09-11T11:58:27,email
8361,Martha,Parker,Martha.Parker664@gmail.com,365-796-4560x0155,Roberttown,Germany,15.07.2024,email
8362,Billy,Garza,Billy.Garza83@yahoo.com,(599)669-5782x9513,South Heatherside,FR,03/09/2023,organic_search
8363,Marc,Daniels,Marc.Daniels34@gmail.com,908.821.4168x85883,Port Rick,CA,12-15-2025,referral
8364,Spencer,Colon,Spencer.Colon88@gmail.com,531-372-1311x07701,North Johnview,DE,2023-12-10T23:54:18,direct
8365,Rhonda,Becker,Rhonda.Becker661@hotmail.com,484-560-2382x452,Blackburnchester,USA,11-08-2023,organic_search
8366,Christine,Solomon,Christine.Solomon185@hotmail.com,+1-505-255-5379x4896,Kimberlyhaven,DE,05.08.2023,direct
8367,William,Summers,William.Summers653@yahoo.com,,Port Amandaport,United Kingdom,05/10/2025,organic_search
8368,Wendy,Marquez,Wendy.Marquez917@hotmail.com,901-567-8222,Clarkfort,Germany,05-17-2025,organic_search
8369,Kelly,Young,Kelly.Young104@yahoo.com,(951)522-5066x8445,Kevinport,UK,08-22-2023,referral
8370,Zoe,Martin,Zoe.Martin806@gmail.com,001-867-217-0183x666,Blackwellbury,United Kingdom,29.07.2024,email
8371,Jennifer,Williams,Jennifer.Williams833@gmail.com,570-968-8390x320,Francesmouth,usa,10/11/2025,direct
8372,Lauren,Dean,Lauren.Dean43@hotmail.com,(946)967-8722,Davidborough,canada,12-05-2025,referral
8373,Jessica,Lopez,Jessica.Lopez219@hotmail.com,439-958-7099x810,East Alexandratown,United States,2025-08-04T21:49:23,organic_search
8374,Christina,Ramirez,Christina.Ramirez428@yahoo.com,672-635-3709,Loristad, USA ,15/03/2023,paid_search
8375,Krystal,Fowler,Krystal.Fowler106@gmail.com,748.473.9847x43824,Theresafort,Germany,2025-08-16T15:56:25,referral
8376,Andrew,Morris,Andrew.Morris687@yahoo.com,+1-528-881-2215x527,North Baileymouth,France,08.01.2025,social_media
8377,Sarah,George,Sarah.George283@yahoo.com,001-295-691-8408x527,Jessicahaven,UK,23/01/2025,organic_search
8378,Jonathan,Winters,Jonathan.Winters528@hotmail.com,(236)604-3047x58389,Hendersonberg,CA,06-16-2024,paid_search
8379,Todd,Mcdonald,Todd.Mcdonald541@yahoo.com,+1-986-903-8176x5423,Elliottmouth, USA ,04-11-2023,direct
8380,Ronald,King,Ronald.King924@yahoo.com,323.335.0424x24835,Christinaport,USA,01/02/2023,referral
8381,Jonathan,Riley,Jonathan.Riley262@gmail.com,+1-334-597-6585x014,Alexischester,CA,18/12/2025,paid_search
8382,Daniel,Sweeney,Daniel.Sweeney272@yahoo.com,(656)980-7510x62857,Christinaton,uk,06-01-2025,social_media
8383,Joshua,Moore,Joshua.Moore42@gmail.com,(702)533-5236x23067,Crystalview,germany,2025-06-16T04:54:34,organic_search
8384,Nicholas,Smith,Nicholas.Smith884@gmail.com,790-916-6696,Greenfort, USA ,18.08.2024,organic_search
8385,Lisa,Riley,Lisa.Riley14@hotmail.com,7256105632,New John,FR,08-29-2024,social_media
8386,Matthew,Hill,Matthew.Hill121@yahoo.com,431-808-4573,Port Kelsey,USA,28.07.2024,referral
8387,Luke,Contreras,Luke.Contreras43@hotmail.com,+1-866-912-1209,Briggsberg,germany,2023-04-21,direct
8388,Jason,Smith,Jason.Smith501@yahoo.com,001-999-240-8979x7747,Wilsonville,France,17/12/2025,referral
8389,Richard,Collier,Richard.Collier977@hotmail.com,+1-232-466-9955x64997,,France,2023-01-07,email
8390,Jacob,Fernandez,Jacob.Fernandez35@yahoo.com,001-553-672-2184x586,Kellyburgh,usa,23/08/2023,paid_search
8391,Ashley,Maldonado,Ashley.Maldonado16@yahoo.com,,Fryemouth,germany,2024-01-22T16:52:05,paid_search
8392,Noah,Griffin,Noah.Griffin938@yahoo.com,896-355-7655x8151,East Leah,uk,2024-11-26T12:17:09,referral
8393,Dana,Oconnor,Dana.Oconnor746@gmail.com,001-585-635-0054x496,South Juanchester,Canada,23.02.2023,email
8394,Bradley,Barker,Bradley.Barker694@yahoo.com,001-363-602-5035x866,North Emilyland,UK,2024-09-17T14:06:04,referral
8395,Kevin,Ruiz,Kevin.Ruiz789@gmail.com,(528)681-1826,Port Ryan,UK,08-11-2024,email
8396,Christine,Townsend,Christine.Townsend938@yahoo.com,+1-998-304-3736,Port Craigtown,France,04/02/2025,referral
8397,David,Flynn,David.Flynn42@yahoo.com,001-884-288-4779x629,Dunnmouth,France,10-27-2023,referral
8398,Alison,Schneider,Alison.Schneider876@yahoo.com,581-454-6329,Aprilhaven,US,01-07-2023,referral
8399,Jose,Pratt,Jose.Pratt988@yahoo.com,9796983745,Wagnerbury,DE,2025-12-20T13:11:07,email
8400,Katrina,Sherman,Katrina.Sherman416@hotmail.com,001-628-350-1005x24741,North Thomasburgh,france,2025-05-11T12:52:47,paid_search
8401,Samantha,Clark,Samantha.Clark264@yahoo.com,8623193359,Jonesstad,U.K.,21.06.2023,social_media
8402,James,Ortiz,James.Ortiz690@hotmail.com,+1-998-649-2522x1040,East Andrew,US,08-12-2025,social_media
8403,Richard,Williams,Richard.Williams849@hotmail.com,9409052970,Angiemouth,US,25/10/2024,email
8404,Levi,Lee,Levi.Lee358@yahoo.com,(477)204-7980x9836,Wrightport,Germany,08-15-2024,paid_search
8405,Tammy,Cruz,Tammy.Cruz588@yahoo.com,958-603-3557x3732,Hillville,uk,28.07.2023,social_media
8406,Hector,Morse,Hector.Morse727@gmail.com,,North Carolyn,United Kingdom,30.09.2023,referral
8407,Kyle,Marshall,Kyle.Marshall25@hotmail.com,(300)828-8033x454,,United States,17/01/2025,social_media
8408,Keith,Moore,Keith.Moore510@yahoo.com,(273)660-1358x36306,West Brianton,US,2023-10-07,email
8409,Samantha,Richard,Samantha.Richard400@gmail.com,,West Samantha,DE,2025-03-09T00:36:14,direct
8410,Matthew,Becker,Matthew.Becker137@gmail.com,891-436-0812,Walkertown,FR,07.12.2024,social_media
8411,Christopher,Gutierrez,Christopher.Gutierrez237@yahoo.com,782.425.3055,Brendanmouth,canada,09-21-2024,organic_search
8412,Stephanie,Kelley,Stephanie.Kelley63@gmail.com,373-373-1760x3648,New Jenniferbury, USA ,21/05/2023,social_media
8413,Benjamin,Holmes,Benjamin.Holmes88@gmail.com,892.435.6035,Matthewville,germany,2023-12-09T06:54:59,organic_search
8414,Jennifer,Cunningham,Jennifer.Cunningham471@yahoo.com,899.623.3771,Lake Tanner,usa,2024-03-15,organic_search
8415,Tiffany,Walker,Tiffany.Walker150@yahoo.com,(610)813-9538,Heathertown,Germany,26/08/2025,direct
8416,Geoffrey,Hanson,Geoffrey.Hanson563@hotmail.com,829-713-4825x040,Kevinfurt,FR,02/07/2024,referral
8417,Andrew,Yates,Andrew.Yates145@gmail.com,773.933.1002,South Vickiport,France,24/11/2025,referral
8418,Dustin,Solomon,Dustin.Solomon751@yahoo.com,001-763-423-3634,East Megan,CA,2024-01-30T12:40:33,social_media
8419,Joseph,Jacobs,Joseph.Jacobs752@yahoo.com,628.458.6957x2529,Priceberg,United Kingdom,2024-07-29,email
8420,Joseph,Davis,Joseph.Davis527@gmail.com,410-231-5970,South Alison,DE,2024-11-02,social_media
8421,Gary,Medina,Gary.Medina785@hotmail.com,001-763-812-5908x2810,Lake Robert, USA ,2024-01-09,paid_search
8422,Joe,Smith,Joe.Smith275@hotmail.com,001-278-427-3492x1112,Garciaton,U.K.,09-14-2023,email
8423,Vanessa,Phillips,Vanessa.Phillips880@gmail.com,713.408.8072x72473,North Russell,US,07-22-2025,paid_search
8424,Scott,Jordan,Scott.Jordan866@gmail.com,,Matthewsland,UK,2023-11-06T08:24:39,direct
8425,Makayla,Sandoval,Makayla.Sandoval224@yahoo.com,+1-363-537-5212x43249,Robertafort,France,10.01.2024,organic_search
8426,Ruth,Turner,Ruth.Turner789@hotmail.com,680.986.2387x850,South Abigailton,canada,2024-11-16T08:24:53,referral
8427,Ashley,Thompson,ASHLEY.THOMPSON856@YAHOO.COM,297.584.1660,Julieland,FR,12-31-2025,direct
8428,Brittany,Davis,Brittany.Davis801@yahoo.com,001-325-603-4839x149,Port Scott,FR,05-23-2024,email
8429,Andrew,Mcknight,Andrew.Mcknight126@hotmail.com,001-484-826-7804x04102,Lake Christineborough,United States,25/07/2023,direct
8430,Vanessa,Miranda,Vanessa.Miranda456@yahoo.com,814.747.3609,South Amanda,CA,2024-01-18,organic_search
8431,Katherine,Wagner,Katherine.Wagner162@gmail.com,+1-808-507-6536x4481,West Brenda,France,2023-01-28,organic_search
8432,Susan,Davis,Susan.Davis739@hotmail.com,+1-485-551-2114x7997,South Michael,UK,05/10/2024,email
8433,Mario,Mckenzie,Mario.Mckenzie225@gmail.com,(581)352-8886,East Jennifer,DE,03-28-2024,direct
8434,Jeff,Andrews,Jeff.Andrews415@hotmail.com,+1-279-533-7433x769,Grayton,Canada,12/08/2025,organic_search
8435,Katrina,Roberts,Katrina.Roberts511@yahoo.com,428-264-0431x780,New Joshua,germany,11-17-2024,direct
8436,Patricia,Romero,Patricia.Romero390@hotmail.com,001-594-760-9567x37275,Lake Dennisview,France,24.03.2025,organic_search
8437,Jennifer,Adkins, Jennifer.Adkins671@gmail.com ,2839164094,Marissaville,usa,18/07/2023,email
8438,Joshua,Jones,Joshua.Jones741@gmail.com,693-745-6415x11437,Lewisborough,UK,10.08.2023,referral
8439,Glenn,Brown,Glenn.Brown140@gmail.com,001-913-443-7757x16578,East Dana,DE,10.08.2025,paid_search
8440,Jacqueline,Dixon, Jacqueline.Dixon588@hotmail.com ,001-476-943-0706x1170,North Jennifer,U.K.,25.09.2025,referral
8441,Robert,Alexander,Robert.Alexander406@yahoo.com,+1-621-882-6553x979,Port Sarahburgh,germany,02-23-2024,direct
8442,Christopher,Mays,Christopher.Mays927@gmail.com,953.701.6123x510,New Tiffanyton,CA,2025-08-18T01:18:18,email
8443,Johnathan,Campos,Johnathan.Campos677@hotmail.com,+1-386-712-8398,East Jonathanbury,Canada,2024-08-24T03:54:36,paid_search
8444,Katrina,Palmer,Katrina.Palmer115@yahoo.com,001-803-705-0359,Lake Amberton,United States,01-21-2024,referral
8445,Matthew,Hart,MATTHEW.HART396@YAHOO.COM,,Anitaport,Germany,24.11.2025,direct
8446,Angela,Ross, Angela.Ross297@hotmail.com ,+1-811-878-0747x16466,Lake Nicole,Germany,03/12/2023,referral
8447,Elizabeth,Smith,Elizabeth.Smith844@hotmail.com,,New Joanna,Canada,27/02/2025,social_media
8448,Chad,Gomez,Chad.Gomez612@yahoo.com,,Richardshire,United Kingdom,08/12/2023,email
8449,Tina,Arnold,Tina.Arnold449@hotmail.com,245-370-1425x54923,West Mike,usa,07-28-2024,paid_search
8450,Nicole,Estrada,Nicole.Estrada655@yahoo.com,,Tracyhaven,United Kingdom,07-09-2025,paid_search
8451,April,Fernandez,April.Fernandez610@yahoo.com,472-307-9497x066,Robertberg,uk,17/01/2025,referral
8452,Guy,Norton,Guy.Norton713@yahoo.com,+1-257-384-8602x5402,Morenoberg,US,05-07-2024,paid_search
8453,Brenda,Contreras,Brenda.Contreras243@hotmail.com,,Jacobfort, USA ,2024-07-12,paid_search
8454,Rebecca,Santos,Rebecca.Santos368@yahoo.com,,East Brian,France,10-03-2023,direct
8455,Corey,Harris,Corey.Harris779@yahoo.com,,Joelview,uk,2024-11-29T11:09:17,referral
8456,Molly,Shelton,Molly.Shelton993@yahoo.com,001-418-810-7777x834,Port Courtneyfurt,CA,05/04/2025,paid_search
8457,Michael,Henderson,Michael.Henderson570@hotmail.com,+1-736-837-6673,New Michael,france,2023-05-17T18:22:34,paid_search
8458,Nicole,Reynolds,Nicole.Reynolds146@yahoo.com,001-562-535-1506x460,Lake Andrea,United Kingdom,10/06/2024,direct
8459,Maria,Pearson,Maria.Pearson57@yahoo.com,451-565-0777x816,South Larry,US,2023-07-09,email
8460,Mark,Bailey,Mark.Bailey726@hotmail.com,001-962-485-9634x3820,Riverastad,USA,09.11.2023,direct
8461,Ian,Thomas,Ian.Thomas258@yahoo.com,(625)469-9238,Washingtonmouth,usa,03/02/2024,organic_search
8462,Ashley,Brown,Ashley.Brown445@gmail.com,,West David,United States,07-04-2024,paid_search
8463,Paul,Brown,PAUL.BROWN117@HOTMAIL.COM,(462)206-7710,North Jenniferborough,france,2023-06-24,direct
8464,Kirk,Shepherd,Kirk.Shepherd455@hotmail.com,,South Janettown,DE,2025-05-02,organic_search
8465,Cristina,Wolf,Cristina.Wolf781@hotmail.com,001-829-585-1752,Priceton,DE,19/08/2024,email
8466,Sherri,Griffin,Sherri.Griffin267@yahoo.com,9683528657,New Russell, USA ,2024-10-10T09:53:18,organic_search
8467,Whitney,Jones,Whitney.Jones103@hotmail.com,001-891-608-8069,East Sarahborough, USA ,2024-02-23,email
8468,Lawrence,Walker,Lawrence.Walker184@gmail.com,807-330-1998,East Stephaniestad,germany,2024-04-13,direct
8469,Randall,Flores,Randall.Flores415@yahoo.com,(247)711-7395x266,South Jennymouth,uk,15.04.2024,email
8470,Hannah,Chavez,Hannah.Chavez29@yahoo.com,226-712-2815,Samanthafort,canada,01-04-2023,paid_search
8471,Natasha,Jensen,Natasha.Jensen227@gmail.com,001-917-623-9070x274,Jenniferside,FR,03-19-2023,paid_search
8472,Christopher,King,Christopher.King462@hotmail.com,,Stacychester,FR,01.07.2025,direct
8473,Sandra,Gates,Sandra.Gates174@hotmail.com,(285)595-1469,East Dylanville,CA,2024-05-05,paid_search
8474,James,Dawson,James.Dawson918@gmail.com,322.746.7788,New Rebeccaland,CA,2025-07-21T20:33:44,organic_search
8475,Susan,Wallace,Susan.Wallace687@gmail.com,(694)855-9688x12483,,france,10.09.2025,direct
8476,Sara,Gibbs,Sara.Gibbs687@hotmail.com,834-341-9678x332,Nixonshire,FR,08.01.2023,organic_search
8477,Jennifer,Arnold,Jennifer.Arnold738@yahoo.com,,Port Michael,Germany,12.04.2024,organic_search
8478,Daryl,Gates,Daryl.Gates470@gmail.com,406.682.8126,Danamouth,U.K.,2025-08-09,social_media
8479,Christopher,Herring,Christopher.Herring735@yahoo.com,(343)394-3852x2073,Ashleyside,France,2023-10-23T09:14:34,paid_search
8480,Samantha,Beard,Samantha.Beard720@hotmail.com,9162598437,Whiteberg,U.K.,12-19-2024,email
8481,Stephanie,Hall,Stephanie.Hall12@hotmail.com,313.333.0881,New Lisa,germany,15.05.2025,direct
8482,Todd,Turner,Todd.Turner378@hotmail.com,510.864.5934x000,New Laurenmouth,france,07.06.2023,organic_search
8483,Sherry,Allen,Sherry.Allen889@gmail.com,642.728.3018,South Tommychester,Germany,17.12.2024,organic_search
8484,Sheila,Lopez,Sheila.Lopez45@yahoo.com,696.291.4844x54027,Hansonland,CA,2024-01-02,social_media
8485,Andrew,Glover,Andrew.Glover52@hotmail.com,(349)221-0397,Wardstad,France,2023-05-14,social_media
8486,Cynthia,Clements,Cynthia.Clements679@gmail.com,438.371.8015,Port Melissafort,germany,09-07-2024,referral
8487,Jennifer,Mills,Jennifer.Mills428@gmail.com,001-302-908-3077x4318,Stephenmouth,US,10-28-2025,paid_search
8488,Jason,Holloway,Jason.Holloway635@hotmail.com,001-983-999-1753,Gonzalezview,uk,2023-08-13T02:33:03,referral
8489,Evan,Hood,EVAN.HOOD433@YAHOO.COM,(486)358-3092x261,East Jessica,france,2023-02-28,direct
8490,Laura,Forbes,Laura.Forbes732@yahoo.com,302-849-5565,South Tiffanybury,US,01-26-2023,referral
8491,Harold,Davis,Harold.Davis685@gmail.com,(276)667-7423,Danielborough,US,05.10.2023,social_media
8492,Donna,Carey,Donna.Carey386@gmail.com,+1-878-653-1853x85560,Baldwinmouth,DE,10-28-2024,organic_search
8493,Kevin,Price,Kevin.Price146@gmail.com,931.687.2123x3709,Lorichester,CA,19/09/2024,email
8494,Holly,Gray,Holly.Gray29@hotmail.com,(715)845-8137x344,New Diane,USA,2023-04-28,direct
8495,Michael,Martin,Michael.Martin415@gmail.com,(505)873-3807x155,Freemanside,France,02-15-2023,organic_search
8496,Juan,Perez,Juan.Perez639@gmail.com,(299)558-9574x801,Hamptonville,Canada,12.05.2024,direct
8497,Anthony,Jenkins,Anthony.Jenkins524@gmail.com,001-270-658-3576x49311,Lake Daniel,Canada,2023-11-11T15:39:51,direct
8498,Rachel,Sutton,Rachel.Sutton452@yahoo.com,+1-828-944-9939x712,South Saraburgh,Germany,31/12/2025,organic_search
8499,Kurt,Lee,Kurt.Lee698@hotmail.com,332.274.4877,East William,U.K.,2023-05-01,organic_search
8500,William,Harris,William.Harris675@yahoo.com,,Lake David,France,26.04.2025,social_media
8501,James,Espinoza,James.Espinoza785@hotmail.com,575.218.7932,Boothberg,CA,2024-03-16T22:11:03,organic_search
8502,Arthur,Garcia,Arthur.Garcia97@gmail.com,,South Davidshire,United States,2023-12-16T10:16:39,paid_search
8503,Molly,King,Molly.King120@yahoo.com,+1-397-931-8212x14278,East Jennifer,germany,04-14-2024,referral
8504,Yvonne,Alexander,Yvonne.Alexander574@yahoo.com,+1-261-481-9667,Jerryburgh,United Kingdom,10-26-2023,organic_search
8505,Zachary,Montgomery,Zachary.Montgomery447@hotmail.com,506-435-0264x57948,Billyburgh,US,2025-11-21T15:27:23,email
8506,Donna,Stone,Donna.Stone66@hotmail.com,(625)255-3449x028,Johnsburgh,FR,2024-12-16,organic_search
8507,John,Martinez,John.Martinez705@yahoo.com,783.420.3427x156,Lake Tanya,usa,2025-05-01,organic_search
8508,Linda,Fisher,Linda.Fisher696@yahoo.com,+1-400-736-5168,Wongville,United States,10-17-2024,email
8509,Kenneth,Barnett,Kenneth.Barnett839@hotmail.com,+1-397-934-1613x82787,North Crystal,germany,22.12.2023,email
8510,Walter,Allison,Walter.Allison830@hotmail.com,,Port Brianna,DE,05-06-2023,social_media
8511,Wayne,Hawkins,Wayne.Hawkins56@yahoo.com,+1-686-779-2067x097,North Grace,germany,20.02.2025,organic_search
8512,Charles,Rivas,Charles.Rivas71@hotmail.com,(572)991-4286x3642,South Sharonfurt,United Kingdom,2024-08-15T18:45:26,email
8513,Jose,Thomas,Jose.Thomas937@gmail.com,(727)323-0840,Port Ambertown,Germany,2023-01-08,paid_search
8514,Amanda,Page,Amanda.Page847@gmail.com,(859)635-5544,Myersview,CA,04-24-2024,social_media
8515,Kelsey,Morgan,Kelsey.Morgan250@gmail.com,6059205772,Webbchester,UK,06-15-2023,email
8516,Hailey,Ramos,Hailey.Ramos765@gmail.com,+1-694-306-0415,East Susanmouth,United States,19.05.2024,paid_search
8517,Jessica,Colon,Jessica.Colon827@yahoo.com,(415)650-3995,New Jessicaborough,US,19/03/2024,paid_search
8518,Brandi,Baker,Brandi.Baker514@yahoo.com,7802214718,Jerryport,France,2023-05-20,social_media
8519,Christopher,Peck,Christopher.Peck315@yahoo.com,,Port Patrickstad,FR,28.11.2023,direct
8520,David,Robertson,David.Robertson266@gmail.com,(382)815-5337x6727,Alexandertown,France,03.08.2024,paid_search
8521,John,Watkins,John.Watkins792@hotmail.com,603.423.2435,Samuelburgh,DE,2023-08-16,email
8522,Emily,May,Emily.May650@yahoo.com,5575488966,East Ronald,uk,2025-03-28T09:38:35,paid_search
8523,Angela,Fox,Angela.Fox946@gmail.com,,Tamarahaven,CA,10.12.2023,direct
8524,Kristen,Berry,Kristen.Berry261@gmail.com,,South Kevin,United Kingdom,2023-12-11T09:43:25,direct
8525,Ernest,Sharp,Ernest.Sharp125@gmail.com,+1-914-858-7349x514,New Jenniferport,france,2023-12-19,organic_search
8526,Danny,Castillo,Danny.Castillo51@yahoo.com,001-209-602-2895x141,Lake Justinfurt,United States,2025-12-11T04:25:32,paid_search
8527,Sarah,Cain,Sarah.Cain973@gmail.com,(410)863-7176,Lyonsburgh,DE,2023-03-29T09:13:14,paid_search
8528,Charles,Sosa,Charles.Sosa481@gmail.com,(238)362-6991x9578,West Virginia,USA,2025-04-28,social_media
8529,Tanner,Foster,TANNER.FOSTER154@YAHOO.COM,4778811107,East Jessica,usa,18.02.2025,referral
8530,Lindsey,Reed,Lindsey.Reed905@hotmail.com,550-735-2922x587,North Amanda,Germany,21.03.2023,referral
8531,Chelsea,Perez, CHELSEA.PEREZ550@YAHOO.COM ,001-848-616-8543x08576,New Ebony,DE,03-22-2023,referral
8532,Jennifer,Bowers,Jennifer.Bowers367@gmail.com,+1-976-337-4537x932,Freemanchester,United States,2024-03-08,organic_search
8533,Morgan,Velez,MORGAN.VELEZ785@HOTMAIL.COM,677.750.4666x9999,Port Taylormouth,U.K.,11-01-2024,organic_search
8534,Mitchell,Wheeler,Mitchell.Wheeler336@hotmail.com,560-903-3089x72909,Lake Wesley,FR,10.07.2025,direct
8535,Thomas,Norton,Thomas.Norton274@yahoo.com,,Karenton, USA ,04-11-2023,email
8536,Cynthia,Rowe,Cynthia.Rowe417@hotmail.com,,North Michael,France,09-30-2023,paid_search
8537,Marie,Alvarado,Marie.Alvarado131@gmail.com,(783)684-9352,West Andrewbury,FR,07/09/2024,organic_search
8538,Randall,Thomas,Randall.Thomas672@yahoo.com,(573)751-0412x5054,Deckerfort,usa,2025-02-12T17:29:59,email
8539,Sandra,Jimenez,Sandra.Jimenez246@gmail.com,,Keithmouth,DE,2024-05-19,organic_search
8540,Ian,King,Ian.King518@gmail.com,001-821-340-3209x576,New Andrewfurt,Germany,2025-02-26,social_media
8541,Tracy,Jones,Tracy.Jones862@gmail.com,(441)395-5628x4167,Fishermouth,germany,10-31-2024,paid_search
8542,Joshua,Ruiz,Joshua.Ruiz864@hotmail.com,(319)247-5202,North Willieville,DE,2024-12-13,email
8543,Brittany,Powell,Brittany.Powell105@hotmail.com,(372)538-8291,Mercedesfurt,United States,2024-11-06,social_media
8544,Rachel,Mcclure,Rachel.Mcclure253@yahoo.com,668-752-0056,South Gary,Germany,2024-03-21,referral
8545,Amy,Martinez,Amy.Martinez152@hotmail.com,(563)211-5497,New Teresa,France,2025-01-06,email
8546,Jacqueline,Hernandez,Jacqueline.Hernandez48@yahoo.com,417-713-4176x083,North Teresa,U.K.,06.06.2024,organic_search
8547,Jeremy,Steele,Jeremy.Steele646@gmail.com,(634)231-5213,Lake Frankfurt,CA,15.09.2023,email
8548,Derek,Jones,Derek.Jones588@yahoo.com,+1-903-230-1191x7182,North Mary, USA ,08/05/2024,direct
8549,David,Herrera,David.Herrera490@gmail.com,7102925893,Brianbury,United Kingdom,2023-10-21,referral
8550,Ann,Bowen,Ann.Bowen399@yahoo.com,474.326.0775x48487,Rachelstad,United Kingdom,2024-04-13,direct
8551,Jennifer,Singleton,Jennifer.Singleton363@hotmail.com,983-509-1821x89722,Humphreyburgh,France,20.01.2024,organic_search
8552,Christopher,White,Christopher.White953@gmail.com,001-489-724-0710x1663,Angelaberg,U.K.,19.09.2023,referral
8553,Jeremiah,Smith, Jeremiah.Smith765@gmail.com ,398-326-3855x3819,Ortizstad,Germany,25/06/2025,referral
8554,Eric,Evans,Eric.Evans710@yahoo.com,001-954-764-2548x647,Danielberg,United Kingdom,08/08/2025,email
8555,Danielle,Gonzales,Danielle.Gonzales558@hotmail.com,+1-328-707-9071x202,New Jaredport,canada,06-10-2024,referral
8556,Amber,Smith,Amber.Smith680@gmail.com,(966)317-9279x76081,Port Charles,uk,2024-10-01,referral
8557,Daniel,Riley,Daniel.Riley148@yahoo.com,+1-866-348-7864x69432,North Glennberg,UK,09-08-2025,email
8558,Christina,Daniel,Christina.Daniel453@gmail.com,+1-398-247-3261x5683,Velasquezmouth,FR,06-28-2024,referral
8559,Megan,Flores,Megan.Flores627@yahoo.com,001-566-515-5715x848,Brianashire,canada,2024-09-09T23:13:14,referral
8560,Shannon,Scott,Shannon.Scott156@gmail.com,654-464-5639x285,East Tracytown,Canada,09-20-2024,paid_search
8561,Katherine,Maldonado,Katherine.Maldonado113@hotmail.com,269.946.5862x24189,Lydiafurt,United Kingdom,14.06.2024,referral
8562,Thomas,Torres, Thomas.Torres729@gmail.com ,001-615-499-0166,West James,usa,14.02.2024,email
8563,David,Lynn,David.Lynn22@hotmail.com,,Simpsonhaven,United Kingdom,04-23-2025,referral
8564,Michael,Ayala,Michael.Ayala181@gmail.com,688-791-1480x3016,Jacobfort,US,06-06-2025,email
8565,John,Banks,John.Banks7@gmail.com,+1-642-441-7001x3732,East Susan,Germany,2024-05-12,email
8566,Austin,Nelson,Austin.Nelson687@hotmail.com,767.448.4650,Leroyfurt,U.K.,2023-05-26,organic_search
8567,Justin,Lopez,Justin.Lopez348@gmail.com,(844)877-7760x35641,Stephenberg,france,21.06.2025,direct
8568,Robert,Sanchez,Robert.Sanchez550@yahoo.com,9455859760,Lauraside,USA,09-16-2025,paid_search
8569,Julie,Howard,Julie.Howard411@yahoo.com,+1-902-556-8734x99377,Port Alexis,CA,15/07/2024,paid_search
8570,Wesley,Clark,Wesley.Clark557@yahoo.com,868-494-5084x791,New Carlaburgh,CA,21/09/2023,email
8571,Melissa,Cline,Melissa.Cline459@gmail.com,001-696-329-5106x19561,Martinborough,germany,2025-05-16,referral
8572,Diana,Mahoney,Diana.Mahoney354@gmail.com,424-933-8815x082,Robertsonfort,DE,2023-03-15,direct
8573,Ethan,Johnson,Ethan.Johnson479@gmail.com,311-740-5336,Port Stephenview,germany,15/06/2024,organic_search
8574,Joseph,Thompson,Joseph.Thompson69@gmail.com,288.427.0387x652,West Tylerfort,France,2023-07-24T21:28:27,social_media
8575,Diane,Harper,Diane.Harper539@yahoo.com,,North Saraton,germany,09.06.2025,email
8576,John,Gamble,John.Gamble888@yahoo.com,(532)408-8891x379,Juliamouth,Germany,27/09/2023,organic_search
8577,Jack,Medina,Jack.Medina773@gmail.com,8155836204,South Taraberg,Canada,2023-03-16T13:04:56,email
8578,Patricia,Cabrera, Patricia.Cabrera60@gmail.com ,(975)511-0549,Danielchester,germany,25/12/2023,organic_search
8579,Michael,Vasquez,Michael.Vasquez450@gmail.com,,New Susan,Canada,02/08/2025,social_media
8580,Brittany,Barnes,Brittany.Barnes534@gmail.com,374.692.3383,West Melissa,U.K.,10-23-2025,social_media
8581,Sue,Vincent,Sue.Vincent333@gmail.com,861.517.6234x082,Blakeport,CA,24.10.2025,referral
8582,Marco,Martinez,Marco.Martinez45@yahoo.com,(514)635-7243,North Andrewview,US,2025-02-19T13:22:49,social_media
8583,Michael,Ward,MICHAEL.WARD8@HOTMAIL.COM,,Lake Stephanieton,usa,2023-03-31T01:04:26,direct
8584,Alexandra,Gaines,Alexandra.Gaines142@hotmail.com,001-392-234-2734,Harrisonberg,canada,24/07/2023,referral
8585,Matthew,Webster,Matthew.Webster678@yahoo.com,(622)292-4450x519,North Gregorybury,CA,2025-12-17,email
8586,Robert,Heath,Robert.Heath439@yahoo.com,449-632-8554x5697,Robertville,DE,2023-09-13,email
8587,Cory,Obrien,Cory.Obrien840@yahoo.com,470.269.3570,South Brittany,U.K.,12-03-2023,email
8588,Rebecca,Jackson,Rebecca.Jackson94@gmail.com,5572673275,Coopershire,FR,2025-10-13,email
8589,Aaron,Garcia,Aaron.Garcia252@gmail.com,+1-582-613-4012x07768,Andersonborough,U.K.,12-25-2023,organic_search
8590,Pamela,Henry,Pamela.Henry931@hotmail.com,001-822-259-6358x73011,Larsonberg,france,2023-09-25T14:19:21,paid_search
8591,Dillon,Brady,Dillon.Brady,(363)303-2823,South Matthewstad,United Kingdom,2025-08-31T18:20:26,email
8592,Jesse,Rhodes,Jesse.Rhodes219@gmail.com,372-955-6448,North Anthony,germany,11-11-2025,email
8593,Courtney,Nguyen,Courtney.Nguyen758@hotmail.com,,South Christopher,CA,2023-11-11T00:11:14,organic_search
8594,Sara,Gilbert,Sara.Gilbert306@hotmail.com,257.481.0712x591,East Christinatown,U.K.,2024-02-24,organic_search
8595,Melissa,Stokes,Melissa.Stokes291@yahoo.com,001-726-835-1574,South Patricia,United States,21/06/2025,social_media
8596,Danielle,Griffin,Danielle.Griffin73@hotmail.com,+1-661-990-5217,Schneidermouth,france,2024-04-24T22:08:48,organic_search
8597,Theresa,Johnson,Theresa.Johnson201@gmail.com,(517)512-2645,Mistyberg,France,17.07.2025,email
8598,Suzanne,Malone,Suzanne.Malone86@yahoo.com,+1-766-328-0540x4067,Teresaville,United Kingdom,2025-08-31T23:36:43,referral
8599,Michael,Casey,Michael.Casey982@hotmail.com,2956762321,Rodriguezburgh,USA,2024-07-21T05:36:14,referral
8600,William,Thompson,William.Thompson81@yahoo.com,(373)208-4096x7218,Deanton,canada,08.06.2024,direct
8601,Amanda,Byrd,Amanda.Byrd985@hotmail.com,+1-390-781-3477x35290,Garnershire,USA,2023-07-22T15:00:59,organic_search
8602,Christina,Castro,Christina.Castro174@gmail.com,+1-515-205-1798x912,East Anthonyfurt,UK,2025-07-13T11:24:29,referral
8603,Jennifer,Stephens,JENNIFER.STEPHENS150@YAHOO.COM,844.993.0874x50620,West James,U.K.,07-01-2024,referral
8604,Catherine,Singleton,CATHERINE.SINGLETON151@HOTMAIL.COM,+1-644-926-1531x30309,Halehaven,U.K.,2023-02-04T20:48:45,referral
8605,Jason,Sherman,Jason.Sherman538@gmail.com,888-984-8318,East Davidchester,UK,2025-11-21,paid_search
8606,Pamela,Wright,Pamela.Wright427@yahoo.com,999-449-2755x342,West Anita,canada,2025-11-02T19:19:25,email
8607,Tiffany,Williams,Tiffany.Williams748@gmail.com,(821)382-9057,Millerton,germany,2024-04-17T12:39:28,social_media
8608,Rachael,Steele,Rachael.Steele957@gmail.com,389.249.8582x178,Christophershire,Canada,2024-01-25T21:20:02,referral
8609,Stacey,Villarreal,STACEY.VILLARREAL232@HOTMAIL.COM,(805)567-0427,New Jody,FR,22.10.2025,email
8610,Kathleen,Lowe,Kathleen.Lowe104@hotmail.com,4304880044,New Sarah,Germany,11/05/2024,social_media
8611,Amanda,Weiss,Amanda.Weiss397@yahoo.com,541.618.9827,West Scottton,FR,27.09.2025,organic_search
8612,Kimberly,Curtis,Kimberly.Curtis36@yahoo.com,001-619-608-5802x6032,Smithburgh,DE,28.01.2023,organic_search
8613,Jessica,Garcia,Jessica.Garcia758@yahoo.com,969.683.3282x1175,East Ronaldview,CA,2023-04-16,email
8614,Jacqueline,Price,Jacqueline.Price152@gmail.com,,West Daniel,France,2025-06-12,organic_search
8615,James,Snyder,James.Snyder824@yahoo.com,001-773-396-7811,Port Kimberlyville,United States,2025-02-11T23:08:01,paid_search
8616,Michael,Hebert,Michael.Hebert200@gmail.com,633-994-4444x96280,South Sonyabury,France,04/02/2025,referral
8617,Sydney,Wright,Sydney.Wright671@gmail.com,478.453.8297,Port Suzanneland,CA,05/11/2025,social_media
8618,Jerry,Park,Jerry.Park726@hotmail.com,537-746-4364x8057,West Sherryville,germany,2024-11-30,direct
8619,Steven,Davis,Steven.Davis580@gmail.com,916.748.4248x38865,North James,uk,26/02/2024,referral
8620,Debra,Massey,Debra.Massey466@yahoo.com,347-515-4962,South Tonyafort,U.K.,2023-10-11,social_media
8621,Samantha,Green,Samantha.Green387@gmail.com,,Kevinmouth,U.K.,22.07.2023,direct
8622,Dana,Kim,Dana.Kim605@yahoo.com,001-328-690-8911,Brownbury,United States,2024-06-04T01:18:03,direct
8623,Leslie,Edwards,Leslie.Edwards275@gmail.com,,Rothborough,canada,2023-03-15,social_media
8624,Jason,Pacheco,Jason.Pacheco508@yahoo.com,+1-374-872-1477x0760,Port Robertside,Germany,07-01-2025,organic_search
8625,Christopher,Baker,Christopher.Baker405@gmail.com,766-441-3730,East Cathy,france,25/12/2023,paid_search
8626,Mark,Cortez,Mark.Cortez290@yahoo.com,(662)734-1123,New Susan,U.K.,24/08/2025,organic_search
8627,Mark,Bray,Mark.Bray65@gmail.com,(438)288-0585x8519,Port Jessica,US,2024-04-29T00:49:28,email
8628,Douglas,Gonzales,Douglas.Gonzales832@hotmail.com,001-672-733-8417x354,South Howardton,France,07.04.2024,direct
8629,Jessica,Mcdaniel,Jessica.Mcdaniel399@gmail.com,(756)819-4567x827,Lake Randyshire,uk,21.02.2024,referral
8630,Emily,Russo,Emily.Russo54@gmail.com,001-273-687-2237x4028,West Edward,U.K.,2024-05-22,referral
8631,Nicole,Wilson,Nicole.Wilson708@yahoo.com,(775)639-5751x52195,Joshuatown,canada,10-25-2024,email
8632,Angela,Jones,Angela.Jones941@gmail.com,(528)678-8655x6717,North Tracey,United States,22.08.2023,organic_search
8633,Gerald,Martin,Gerald.Martin223@gmail.com,739.937.8150x6767,New Kennethview,usa,05/11/2024,email
8634,Margaret,Johnson,Margaret.Johnson213@gmail.com,(556)244-3307x2696,Curtisshire,france,12-04-2023,email
8635,Jonathan,Johnson,Jonathan.Johnson622@gmail.com,,North Deanmouth,germany,2024-11-21T00:39:57,direct
8636,Tiffany,Holt,Tiffany.Holt32@hotmail.com,379-900-8898x7673,Wongville,Germany,2024-06-25T07:45:29,referral
8637,Kelly,French,Kelly.French69@yahoo.com,,Sheaville,usa,09-19-2024,email
8638,Robert,Hoover,Robert.Hoover270@yahoo.com,787-559-4943,Lake Emily,CA,11.04.2025,paid_search
8639,Sharon,Sullivan,Sharon.Sullivan796@yahoo.com,781.308.7434,Elaineland,uk,07-18-2025,referral
8640,Tracy,Smith,Tracy.Smith110@gmail.com,+1-492-569-8300x5640,New Michelle,Germany,11/07/2023,organic_search
8641,Casey,Perkins,Casey.Perkins24@yahoo.com,+1-367-464-7655x383,Port Kathleen,usa,2023-02-27T07:48:32,referral
8642,Jennifer,Kent,Jennifer.Kent748@hotmail.com,669-352-3136x281,Barbarabury,United Kingdom,2024-05-17,paid_search
8643,Bryan,Salinas,Bryan.Salinas462@gmail.com,+1-880-398-9917,West Melissahaven,USA,09-30-2025,organic_search
8644,Ross,Jackson,Ross.Jackson790@hotmail.com,508.769.5963,Port Kevinland,Germany,11-01-2024,social_media
8645,Mason,King,Mason.King448@hotmail.com,001-336-418-9025x82572,,CA,22.09.2025,organic_search
8646,Andrea,Harris,Andrea.Harris535@hotmail.com,,Krauseshire,FR,30.01.2024,direct
8647,Crystal,Johnson,Crystal.Johnson456@yahoo.com,,West Danabury,Canada,11-16-2023,social_media
8648,Michael,Bird,Michael.Bird188@hotmail.com,(557)262-4906x36590,East Alisonville,UK,08/06/2025,direct
8649,Mallory,Johnson,Mallory.Johnson544@gmail.com,838.338.3869,Suarezview,germany,11-17-2025,organic_search
8650,Cheryl,Smith,Cheryl.Smith750@yahoo.com,(958)432-4753x973,,Canada,2024-04-01,direct
8651,Adam,Williams,Adam.Williams652@gmail.com,340.614.4362x3564,Watsonview,DE,01.09.2023,direct
8652,Angela,Vega,Angela.Vega668@hotmail.com,669-813-8047x538,Wagnerfurt,France,02-01-2025,organic_search
8653,Rebecca,Suarez,Rebecca.Suarez994@yahoo.com,546-764-3550x0972,Michelechester, USA ,17/02/2023,referral
8654,Michael,Gonzalez,Michael.Gonzalez,673-638-2249,West Gordon,France,2024-05-29T12:57:51,direct
8655,Eric,Middleton,Eric.Middleton328@gmail.com,(380)454-0216x759,Gibbsview,Canada,17.01.2024,organic_search
8656,Scott,Robinson,Scott.Robinson658@yahoo.com,+1-785-331-5808x0888,Nataliebury,US,2024-02-02T22:58:18,organic_search
8657,Madison,Fitzgerald,Madison.Fitzgerald325@hotmail.com,001-202-851-8991,Mckinneyhaven,CA,29/01/2024,social_media
8658,Elizabeth,Fisher, Elizabeth.Fisher57@hotmail.com ,+1-622-358-7768x58601,Elizabethtown,canada,06.06.2024,paid_search
8659,Rebecca,Brewer,Rebecca.Brewer27@gmail.com,+1-707-412-1161x073,,germany,04-06-2023,paid_search
8660,James,Salas,James.Salas392@hotmail.com,769.744.8919x787,Danielstad,Canada,24/06/2023,paid_search
8661,Christopher,Tanner,Christopher.Tanner872@yahoo.com,(906)991-2391x73760,Greenfort,U.K.,2025-05-29T02:57:49,social_media
8662,Travis,Dickerson,Travis.Dickerson794@gmail.com,,,France,18/01/2023,organic_search
8663,Cynthia,White,Cynthia.White216@yahoo.com,+1-980-327-0876,New Ashley,France,29.06.2025,paid_search
8664,Austin,Pena,Austin.Pena723@yahoo.com,430.431.7610,New Kenneth,US,2024-01-08T14:57:32,email
8665,Rachael,Payne,Rachael.Payne479@hotmail.com,823-543-8562x99688,Robertview,U.K.,17.04.2025,organic_search
8666,Matthew,Parks,Matthew.Parks264@gmail.com,445.677.4774,Anthonyfurt,United Kingdom,01-21-2025,email
8667,Barbara,Jones,Barbara.Jones223@gmail.com,+1-712-637-3187x110,North Jennifer,CA,2023-12-20T07:45:24,paid_search
8668,Geoffrey,Hart,Geoffrey.Hart526@yahoo.com,,Grantland,canada,13.10.2024,direct
8669,Virginia,Norris,Virginia.Norris615@hotmail.com,001-780-596-3389x9995,West John,DE,27.07.2023,social_media
8670,Cameron,Brown,Cameron.Brown609@gmail.com,407-961-0984x393,Lake Andrew,DE,25/08/2025,email
8671,Nicholas,Guerra,Nicholas.Guerra188@yahoo.com,,Port Michael,US,2025-05-26T05:02:48,email
8672,Tara,Rhodes,Tara.Rhodes472@gmail.com,(605)768-6164,New Bryanchester,canada,22/09/2025,email
8673,Ernest,Kelly,Ernest.Kelly432@hotmail.com,828.208.1403x3441,Mckinneyside,Germany,02-26-2023,referral
8674,Robert,Powers,Robert.Powers437@yahoo.com,,Hobbsview,USA,10/08/2023,organic_search
8675,Bradley,Ward,Bradley.Ward897@gmail.com,(425)223-0351,South Justin,France,05-07-2023,email
8676,Nathan,Cain,Nathan.Cain713@gmail.com,(600)739-4904,Watsonmouth,Canada,28/03/2023,direct
8677,Paige,Moore,Paige.Moore717@gmail.com,001-997-271-2855,Lake Sethborough,United Kingdom,23/08/2024,organic_search
8678,Mark,Roman,Mark.Roman329@hotmail.com,651.663.6708x3946,Brandymouth,DE,07-15-2025,social_media
8679,Christopher,Hampton,Christopher.Hampton300@gmail.com,5427053334,Brownstad,United Kingdom,09/06/2025,referral
8680,Michelle,Wallace,Michelle.Wallace403@hotmail.com,760-362-9008,Stanleyport,UK,03-01-2023,email
8681,Melissa,Gray, Melissa.Gray399@yahoo.com ,9269219660,,DE,2024-10-13T14:01:29,email
8682,Alyssa,Morrow,Alyssa.Morrow814@gmail.com,(402)744-2997x958,North Douglas,Canada,2024-02-09T02:15:40,referral
8683,Chad,Price,Chad.Price24@hotmail.com,+1-730-834-7865x56481,Lake Melissa,canada,11-18-2023,direct
8684,Michael,Brown,Michael.Brown607@gmail.com,,Janicetown,France,2023-07-16T06:10:31,direct
8685,Brenda,Liu,Brenda.Liu342@hotmail.com,+1-933-451-4013x05046,Beardport,United States,01-04-2025,referral
8686,Natasha,Martin,Natasha.Martin194@gmail.com,211-201-6837,Port Johnport,USA,2024-06-09,referral
8687,Paul,Hartman,Paul.Hartman293@yahoo.com,(750)493-9567,Jenniferbury,germany,17.07.2023,direct
8688,Charles,Brown,Charles.Brown936@yahoo.com,(411)895-6376,Heatherhaven,U.K.,03-18-2025,social_media
8689,Rodney,Jordan, Rodney.Jordan681@hotmail.com ,,East Bonniefort,france,24.07.2025,email
8690,Elizabeth,Curtis,Elizabeth.Curtis96@hotmail.com,698.800.5226x5397,West Christina,US,2025-02-19,email
8691,Donna,Murphy,DONNA.MURPHY537@GMAIL.COM,+1-703-967-1467,West Angelaborough,France,12-20-2025,direct
8692,Ryan,Christian,Ryan.Christian927@gmail.com,922.477.3228x096,Jessicaside,CA,2024-02-23,organic_search
8693,Leah,Schmitt,Leah.Schmitt821@gmail.com,(220)578-1911x533,Robertoborough,U.K.,11-04-2024,paid_search
8694,Victoria,Ortega,Victoria.Ortega843@yahoo.com,472-949-2640x9276,Bennettshire, USA ,17.01.2025,paid_search
8695,Jacqueline,Edwards,Jacqueline.Edwards931@gmail.com,+1-282-519-6352x572,South Joyce,canada,26.01.2024,referral
8696,Christopher,Browning,Christopher.Browning462@gmail.com,7712242101,Helenfort,U.K.,2024-10-06,paid_search
8697,Barbara,Curtis,Barbara.Curtis747@yahoo.com,001-370-435-8895x225,Antoniochester,Canada,2025-04-25,social_media
8698,Sara,Smith,Sara.Smith300@gmail.com,,North Ann,Germany,29.10.2025,referral
8699,Sean,Jefferson,Sean.Jefferson449@yahoo.com,+1-531-330-6107x53635,New Lesliemouth,DE,07.01.2024,email
8700,Kathryn,Sanchez,Kathryn.Sanchez558@yahoo.com,(998)875-6424,East Melissa,Canada,12.05.2024,email
8701,William,Lawson,William.Lawson827@hotmail.com,(522)598-7784x225,New Justinberg,United States,2024-02-17,social_media
8702,Keith,Anderson,KEITH.ANDERSON373@GMAIL.COM,+1-408-746-5012x727,New Nicholas, USA ,2025-06-27,direct
8703,Evan,Montgomery,Evan.Montgomery32@gmail.com,721.676.5722,Thomastown,Germany,06/11/2025,paid_search
8704,Tracy,Hart,Tracy.Hart93@yahoo.com,001-625-356-4577x6065,New Seth,FR,20/10/2023,email
8705,Kelly,Baker,Kelly.Baker428@gmail.com,,Lake Larry,germany,10-03-2025,referral
8706,Brandon,Hill,Brandon.Hill639@gmail.com,766-794-5870x41949,North Summer,Germany,27.08.2024,email
8707,Ernest,Martin,Ernest.Martin97@yahoo.com,(944)377-2894x15575,New Stacystad,France,13/01/2024,social_media
8708,Kelli,Hunt,Kelli.Hunt671@hotmail.com,702-668-5973x69747,,canada,23.07.2025,paid_search
8709,Jennifer,Lowe,Jennifer.Lowe359@yahoo.com,+1-929-588-8808x9842,North Hannahtown,CA,11-22-2024,referral
8710,Rita,Hartman,Rita.Hartman438@yahoo.com,001-399-267-2729x291,South Lauren,Canada,03-16-2023,referral
8711,Kevin,Burnett,Kevin.Burnett978@hotmail.com,+1-904-264-0457x99380,Garciaside,Germany,2024-11-10T07:04:14,paid_search
8712,Patricia,Wilson,Patricia.Wilson449@gmail.com,406-917-1425x487,South Dana,Germany,29.11.2025,referral
8713,Stephanie,Mora,Stephanie.Mora399@gmail.com,373-780-6973x845,Lake Stephanieshire, USA ,09.03.2025,paid_search
8714,Carrie,Choi,Carrie.Choi332@gmail.com,001-806-637-4425x613,Olsonstad,United Kingdom,2024-12-27,organic_search
8715,Mario,Lane,Mario.Lane872@yahoo.com,+1-602-923-3816x219,Hallview,france,05-29-2023,social_media
8716,Gregory,Collins,Gregory.Collins30@gmail.com,3345631927,New Stephanie,canada,08-18-2024,direct
8717,Todd,Rogers,Todd.Rogers48@gmail.com,001-871-732-3274,Parsonston,usa,01-06-2023,organic_search
8718,Kristine,Stewart,Kristine.Stewart951@gmail.com,,West Martinmouth,FR,01-09-2025,direct
8719,Steven,Richardson,Steven.Richardson588@hotmail.com,,East Davidberg,France,08.12.2023,social_media
8720,Karen,Cervantes,Karen.Cervantes56@hotmail.com,851.206.2558x023,Marshalltown,United States,2024-03-25T07:31:37,social_media
8721,Molly,Lane,Molly.Lane249@gmail.com,242-254-7796,South Daniel,DE,07-30-2024,social_media
8722,Denise,Stark,Denise.Stark305@hotmail.com,+1-506-793-9551x790,Gordonfurt,Canada,07-28-2024,direct
8723,Danielle,Walker,Danielle.Walker565@gmail.com,927-779-9853,East Adamport,germany,2024-11-14,organic_search
8724,Julie,Allen,Julie.Allen559@gmail.com,+1-839-370-0763x5702,Garrettbury,Germany,2023-01-13,organic_search
8725,Daniel,Price,Daniel.Price713@hotmail.com,967.989.7090x70115,Butlerton,United Kingdom,2024-08-05,social_media
8726,Ryan,Simmons,Ryan.Simmons645@yahoo.com,(773)280-6953x817,New Kevinberg,USA,2025-08-12,paid_search
8727,Rodney,Lee,Rodney.Lee653@hotmail.com,353-816-9950x8230,Davidfurt,france,05-12-2025,paid_search
8728,Katherine,Padilla,Katherine.Padilla955@yahoo.com,729.838.6739x52841,Wilkersonborough,FR,26/11/2025,direct
8729,Wendy,Farrell,Wendy.Farrell419@hotmail.com,,Aaronville,DE,07-26-2025,social_media
8730,Angela,Adams,Angela.Adams918@yahoo.com,437-661-7508x31487,North Michael,FR,2024-11-04T13:27:27,direct
8731,Jennifer,Powell,Jennifer.Powell688@yahoo.com,(524)599-8103x396,West Brent,Canada,2024-06-21T17:39:36,social_media
8732,Christina,Kirby,Christina.Kirby390@yahoo.com,(256)972-6826,Lake Taraberg,Germany,2025-07-23,email
8733,Tami,Caldwell,Tami.Caldwell416@yahoo.com,712-887-8626x33656,Moralesbury,FR,2023-07-17,referral
8734,Sherry,Wade,Sherry.Wade197@gmail.com,(391)565-8761,Karenfort,United States,2024-11-15,referral
8735,Robin,Campbell,Robin.Campbell628@gmail.com,594-336-8153,North Alec,DE,08.04.2023,social_media
8736,Matthew,Schwartz,Matthew.Schwartz962@hotmail.com,+1-586-965-7189,East Sandra,DE,23/02/2025,organic_search
8737,Alan,Davidson,Alan.Davidson14@gmail.com,6012651082,Port Paulside,CA,2025-02-05T19:24:22,email
8738,David,Humphrey,David.Humphrey716@yahoo.com,,Port Mollystad,USA,2023-04-13T12:20:24,direct
8739,Olivia,Henderson,Olivia.Henderson110@gmail.com,394.859.4060,New Richardmouth,US,15/06/2023,referral
8740,Michael,Cooke,Michael.Cooke590@hotmail.com,+1-489-867-9277x2569,Benderville,Germany,25/11/2024,organic_search
8741,Wanda,Murray,Wanda.Murray459@gmail.com,265-894-9690x3964,North Craig,CA,2023-01-17T06:13:18,social_media
8742,Jennifer,Dalton,Jennifer.Dalton446@yahoo.com,+1-638-254-6922x0966,Hayesville,France,2024-02-16,organic_search
8743,Priscilla,Klein,Priscilla.Klein566@yahoo.com,(651)433-7320,South George,Germany,28/06/2023,paid_search
8744,David,Mcdonald,David.Mcdonald88@yahoo.com,+1-427-344-2472,Markburgh,France,29.08.2025,social_media
8745,John,Jacobs,John.Jacobs773@yahoo.com,619-654-3921x6742,Thomasview,germany,2023-05-31,email
8746,Jennifer,Moran,Jennifer.Moran432@hotmail.com,512.282.8478,South Nicoleborough,Canada,2023-01-04,email
8747,Margaret,Torres,Margaret.Torres118@hotmail.com,271.494.4170,West Tara,UK,04.11.2025,organic_search
8748,Christopher,Jones,Christopher.Jones816@yahoo.com,206.550.5231,South Destinybury,USA,21/07/2023,email
8749,Bill,Wright,Bill.Wright710@hotmail.com,861.748.1792,Port Joshuahaven,usa,30.08.2024,paid_search
8750,Gregory,Moore,Gregory.Moore206@yahoo.com,(338)249-1098,Lisashire,Canada,11/02/2024,organic_search
8751,Michael,Singleton,Michael.Singleton979@gmail.com,(434)870-9570x28872,New Amanda,DE,2025-02-15,paid_search
8752,Logan,Scott,Logan.Scott363@yahoo.com,,Ryanborough,Canada,23.09.2024,paid_search
8753,Jeffrey,Perez,Jeffrey.Perez404@gmail.com,+1-212-380-8547x0752,Vargasshire,U.K.,2023-09-01,paid_search
8754,William,Curry,William.Curry508@gmail.com,3588158497,New Rachelchester,CA,2023-08-04,direct
8755,Deborah,Holmes,Deborah.Holmes100@hotmail.com,3398663453,East Mary,Canada,19/01/2023,organic_search
8756,Chad,Rodriguez,Chad.Rodriguez990@gmail.com,758-282-2897x45543,Warrenberg,Germany,25/06/2023,direct
8757,Susan,Reeves,Susan.Reeves971@hotmail.com,669.225.1784x8625,North Kenneth,usa,10-07-2025,social_media
8758,Theodore,Johnson,Theodore.Johnson968@gmail.com,238-382-2382x88927,North Dylanmouth,United Kingdom,12-05-2023,email
8759,James,Padilla,James.Padilla603@gmail.com,+1-257-288-1600x024,Martinezton,Germany,02-13-2024,organic_search
8760,Joe,Taylor,Joe.Taylor830@hotmail.com,,Port Gregoryborough,germany,01.01.2023,paid_search
8761,Rachel,Bryant,Rachel.Bryant848@hotmail.com,7024741695,Petertown,FR,08-17-2024,organic_search
8762,Kevin,Shaw,Kevin.Shaw390@gmail.com,+1-851-718-0785,North Emily,United States,2023-02-28,organic_search
8763,Christy,Crawford,Christy.Crawford928@hotmail.com,001-289-361-3729x97704,,canada,16/12/2024,organic_search
8764,Aaron,Black,Aaron.Black549@gmail.com,(250)335-6724x43127,West Amandaview,canada,24.03.2024,direct
8765,Miguel,Perry,Miguel.Perry59@yahoo.com,429.794.2977x578,Mackenzieland,United Kingdom,08/08/2025,organic_search
8766,Kelly,Phillips,Kelly.Phillips113@hotmail.com,+1-275-421-4721,West Kristineview,United Kingdom,07.11.2023,organic_search
8767,Steven,Watson,Steven.Watson395@gmail.com,001-221-531-3865,Lake Kelly,uk,2023-05-27T13:18:30,referral
8768,Julie,Wright,Julie.Wright735@yahoo.com,563.599.6604,Henrystad,Germany,09-24-2023,social_media
8769,Abigail,Espinoza,Abigail.Espinoza753@hotmail.com,419-235-0984,Millerfort,DE,2025-01-03T18:58:24,organic_search
8770,Jennifer,Oconnor,Jennifer.Oconnor387@gmail.com,001-598-520-0497x00400,Wardchester,france,2023-07-11T07:05:43,referral
8771,Michael,Hensley,Michael.Hensley800@yahoo.com,214.340.6155x77538,Troyhaven,france,2025-01-01T21:49:12,paid_search
8772,Michael,Miller,Michael.Miller437@hotmail.com,403-690-6875,Joanburgh,germany,10.03.2025,organic_search
8773,Timothy,Valencia,Timothy.Valencia612@yahoo.com,+1-446-253-1400x7486,Jenniferport,usa,02-06-2023,referral
8774,Ellen,Reynolds,Ellen.Reynolds419@gmail.com,732-376-5496x32793,New Heidichester,Germany,2023-09-19,direct
8775,Jacqueline,Bradford,Jacqueline.Bradford244@yahoo.com,(518)852-3800,South Daniel,FR,2024-05-15T11:36:00,social_media
8776,Makayla,Gallegos,Makayla.Gallegos494@gmail.com,001-807-230-5397x76272,Port Michelle,France,19.11.2024,email
8777,Jennifer,Smith,Jennifer.Smith563@yahoo.com,584.724.3217,Lake Aliciaville,UK,08-06-2024,social_media
8778,Steven,Perez,Steven.Perez466@yahoo.com,,East Danielborough,canada,01-21-2024,organic_search
8779,Ashley,Gaines,Ashley.Gaines971@gmail.com,+1-600-973-8088,Port Wayne,US,2024-01-23,social_media
8780,Gerald,Fernandez,Gerald.Fernandez201@yahoo.com,+1-258-579-5591x10720,Millerstad,FR,13/03/2024,organic_search
8781,Danielle,Cole,Danielle.Cole646@yahoo.com,489-661-6910x43846,North Melissa,CA,30.03.2024,paid_search
8782,Shawn,Bishop,Shawn.Bishop942@gmail.com,001-785-622-5974,,FR,2024-12-18,paid_search
8783,Bethany,Barajas,Bethany.Barajas424@gmail.com,(945)977-6787x41430,,UK,2024-12-24,organic_search
8784,John,Robertson,John.Robertson746@hotmail.com,+1-618-976-6711x154,Port Ericville,France,15/01/2025,organic_search
8785,Mitchell,Watkins,Mitchell.Watkins763@gmail.com,001-283-669-4485x2900,Melissaland,FR,26/09/2025,paid_search
8786,Robert,Jacobson,Robert.Jacobson341@gmail.com,(667)780-2890x723,Gonzalezside,canada,02-16-2025,organic_search
8787,Noah,Lee, Noah.Lee287@gmail.com ,614.494.5027x031,Mitchellview,Germany,2024-06-21T01:53:51,email
8788,Bill,Johnson,Bill.Johnson305@yahoo.com,304-961-2448,,DE,11-16-2025,organic_search
8789,Terri,Coleman,Terri.Coleman152@yahoo.com,521.967.8323,New David,Canada,13.07.2025,direct
8790,Anthony,Murphy,Anthony.Murphy599@yahoo.com,718.795.6407x366,Garystad,UK,2024-05-11,referral
8791,Thomas,Miller,Thomas.Miller761@gmail.com,001-287-446-2670x142,Lake Feliciatown,CA,22/04/2025,social_media
8792,Nicole,Thompson,Nicole.Thompson635@yahoo.com,6079319397,New Seanberg,United States,16.05.2025,direct
8793,Mackenzie,Russell,Mackenzie.Russell315@yahoo.com,+1-569-437-9150,Taylorberg,United Kingdom,07-01-2025,paid_search
8794,Doris,Collins,Doris.Collins465@hotmail.com,(917)313-9895x77402,Port Trevor,canada,10-08-2025,direct
8795,Danielle,Koch,Danielle.Koch261@gmail.com,+1-210-755-5894x388,Lake Jonburgh,canada,2025-07-21,direct
8796,Jason,Castaneda,Jason.Castaneda711@hotmail.com,7513112169,North Michaelview,United Kingdom,2025-11-18,direct
8797,Edwin,Brown,Edwin.Brown42@gmail.com,(925)866-5408x097,Thomaschester,FR,2025-12-16,referral
8798,Sarah,Thompson,Sarah.Thompson536@hotmail.com,939.925.9536,Burnstown,France,14/01/2025,direct
8799,Joel,Johnson,Joel.Johnson748@yahoo.com,709-848-6817,South Nina,Germany,25/01/2024,social_media
8800,William,Beard,William.Beard790@gmail.com,7229808204,Mccallbury,USA,30.07.2023,email
8801,Kim,Martin,Kim.Martin812@gmail.com,467-988-4157,West Susan,United Kingdom,04/11/2023,organic_search
8802,Jessica,Taylor,Jessica.Taylor174@gmail.com,250-200-9568x913,Riversshire,uk,2024-12-18T20:18:36,paid_search
8803,Eric,Brooks,Eric.Brooks646@hotmail.com,(772)203-6788x70135,Thomasport,United States,2023-03-23,direct
8804,Nicole,Williams,Nicole.Williams52@yahoo.com,222-269-9334x18919,Lake David,germany,2024-09-08T02:33:41,paid_search
8805,Kevin,Ramirez,Kevin.Ramirez303@hotmail.com,(886)669-3248x55645,West Ashley,Canada,2025-06-13T04:16:24,social_media
8806,Jason,Smith,Jason.Smith335@hotmail.com,+1-608-423-4532x1917,New Tara,uk,12/12/2023,direct
8807,Tracy,White,Tracy.White947@yahoo.com,617.468.6732x077,Lake Ashley,usa,27/11/2025,organic_search
8808,Debra,Hernandez,Debra.Hernandez,778.841.6300,Wheelerborough,U.K.,05-30-2023,direct
8809,Trevor,Knight,Trevor.Knight535@yahoo.com,001-438-392-2421x48585,Parkerport,uk,2024-11-21T00:35:30,direct
8810,Jonathan,Williams,Jonathan.Williams197@gmail.com,001-428-222-3032x443,Nicholasburgh,CA,27.11.2024,email
8811,Kerry,Hoover,Kerry.Hoover653@yahoo.com,294-952-0713x80123,Adamsmouth,FR,05/06/2024,direct
8812,Megan,Williams,Megan.Williams396@yahoo.com,001-823-991-1949x492,Lake Ashley,CA,2024-10-22T02:50:36,email
8813,Whitney,Wong,Whitney.Wong2@gmail.com,,Lake Isaiahside,Germany,12-02-2023,paid_search
8814,Nicholas,Rodriguez,Nicholas.Rodriguez754@gmail.com,(212)353-2865x12386,,usa,01-16-2023,organic_search
8815,John,Williams,John.Williams814@hotmail.com,+1-673-287-5243,Millsstad,france,2025-04-13T14:02:07,paid_search
8816,Richard,Martinez,Richard.Martinez520@yahoo.com,880-612-8043x27064,Port Aaron,Germany,2024-02-12T22:50:35,organic_search
8817,Carol,Campos,Carol.Campos339@hotmail.com,(203)802-4721x45014,Benjaminland,United States,09-10-2025,organic_search
8818,Shaun,Wells,Shaun.Wells11@yahoo.com,873.927.8232,Clarktown,DE,13/10/2023,direct
8819,Jason,Herrera,Jason.Herrera993@yahoo.com,705-605-4810,,uk,2023-02-08T09:39:38,referral
8820,Ann,Evans,Ann.Evans64@hotmail.com,+1-274-918-1781x0698,Millerborough,france,2025-06-03T11:51:25,email
8821,Cynthia,Mcmillan,Cynthia.Mcmillan764@hotmail.com,953.347.2542,Markport,Canada,2025-09-15T03:55:10,social_media
8822,Ryan,Alvarado,Ryan.Alvarado458@hotmail.com,947-624-8777,South Howard,CA,2023-11-06,social_media
8823,Janet,Robinson,Janet.Robinson349@gmail.com,828.977.9885x7408,Lake Michellebury,canada,2024-11-24T19:53:06,organic_search
8824,Stephen,Case,Stephen.Case470@hotmail.com,,Port Andrewport,CA,2025-10-22,organic_search
8825,Cassandra,Rogers,Cassandra.Rogers311@hotmail.com,+1-853-213-1262,Jacksonton,UK,2023-01-02T14:41:55,email
8826,Andrew,Allen,Andrew.Allen306@hotmail.com,601.927.9275x4288,South Richard,Canada,21/11/2023,organic_search
8827,David,Allen,David.Allen179@yahoo.com,2457788354,Olivertown,USA,05.02.2023,organic_search
8828,Jeffrey,Smith,Jeffrey.Smith63@yahoo.com,3652510709,New Matthew,United States,2024-03-12T03:31:20,email
8829,Kimberly,White,Kimberly.White707@gmail.com,+1-540-877-6497x7895,East Sarastad,canada,2023-07-01T10:00:35,direct
8830,Patrick,Phillips,Patrick.Phillips317@hotmail.com,(355)698-5404x9607,North Jenniferburgh,france,03/11/2025,direct
8831,Albert,Leonard,Albert.Leonard733@yahoo.com,,Sherrystad,France,2024-02-27T19:16:03,organic_search
8832,Cheryl,Brown,Cheryl.Brown407@yahoo.com,7345611969,Katrinaview,usa,15/06/2023,referral
8833,Regina,Olson,Regina.Olson495@hotmail.com,001-572-600-7730,South Kathyside,Canada,2024-12-16,direct
8834,Joseph,Peterson,Joseph.Peterson771@gmail.com,,Millerberg,Germany,01/10/2025,paid_search
8835,Andrea,Ward,Andrea.Ward807@hotmail.com,001-961-844-0582x0578,New Johnathan,USA,30/11/2025,email
8836,Alyssa,Hicks,Alyssa.Hicks576@hotmail.com,+1-720-534-1269x50582,Yangton,germany,2025-09-10T19:26:16,social_media
8837,Paul,Henry,Paul.Henry410@hotmail.com,,East Cory,United Kingdom,2023-08-25,referral
8838,William,Logan,William.Logan88@yahoo.com,999-960-7168x302,New Kevin,Germany,13/03/2023,direct
8839,Brittney,Vaughan,Brittney.Vaughan964@hotmail.com,001-986-634-9532x43058,Acostaview,Germany,16/01/2024,social_media
8840,Katie,Herring,Katie.Herring170@hotmail.com,896.944.8248,South Barbaraton,Canada,25/04/2023,email
8841,Jacqueline,Petersen,Jacqueline.Petersen783@gmail.com,+1-370-219-8432x88674,South Jason,France,03/04/2024,paid_search
8842,Matthew,Powell,Matthew.Powell538@gmail.com,(773)823-8851,New Allisonstad,canada,2024-01-21T20:49:55,direct
8843,Benjamin,Ortiz,Benjamin.Ortiz140@hotmail.com,(659)382-8792,Port David,CA,03-22-2023,paid_search
8844,Kathy,Campbell,Kathy.Campbell492@hotmail.com,001-731-732-8940x381,Lauraburgh,CA,25/03/2025,direct
8845,Erica,Yates,Erica.Yates269@yahoo.com,001-505-860-2155x7874,South Lindaport,France,04-10-2023,email
8846,David,Taylor,David.Taylor350@yahoo.com,(250)213-8164x210,South Curtisfurt,uk,07/09/2025,organic_search
8847,Paul,Andrade,Paul.Andrade741@yahoo.com,584-902-5183x382,New Morganborough,france,02-14-2023,email
8848,Joshua,Cochran,Joshua.Cochran648@hotmail.com,001-881-564-8234x2617,Shawville,France,03/04/2024,social_media
8849,Brandon,Avila,Brandon.Avila2@hotmail.com,8158938606,East Robertport,Canada,01/07/2025,referral
8850,Julie,King,Julie.King979@hotmail.com,891.626.9081,East Maryport,usa,09/07/2024,email
8851,Kyle,Shields,Kyle.Shields569@hotmail.com,711-254-4394x48753,Piercechester,usa,2025-06-06,referral
8852,Nicholas,Wilson,Nicholas.Wilson293@yahoo.com,875-460-4553,Port Kimberlyport,UK,2023-07-28T17:59:49,social_media
8853,Kristy,Beck,Kristy.Beck215@gmail.com,646.310.7931,Juanmouth,CA,07-24-2024,paid_search
8854,Daniel,Brooks,Daniel.Brooks379@hotmail.com,499-694-8465,, USA ,2023-05-07T13:35:39,paid_search
8855,Edward,Castro,Edward.Castro283@gmail.com,445.533.7262,Baldwinton,uk,10-22-2025,referral
8856,Karen,Lowe,Karen.Lowe552@gmail.com,,New Kara,FR,12.08.2023,email
8857,Danny,Lopez,Danny.Lopez803@gmail.com,,New Jamesview,France,01-02-2024,referral
8858,Michael,Schmitt,Michael.Schmitt,(914)281-3343,South Jeffrey,canada,05.09.2024,direct
8859,Christine,Rosales,Christine.Rosales803@yahoo.com,+1-595-226-0114x3102,,United Kingdom,06-12-2024,email
8860,Kathleen,Lewis,Kathleen.Lewis638@gmail.com,+1-773-349-7914x557,Boydmouth,uk,05-20-2025,social_media
8861,Brandon,Miller,Brandon.Miller74@yahoo.com,4418440173,North Dustin,France,2025-09-16T06:21:57,organic_search
8862,Bruce,Hancock,Bruce.Hancock203@gmail.com,253-208-2018x13621,Carpenterview,canada,12/05/2024,paid_search
8863,April,Johnson,April.Johnson153@hotmail.com,207.298.9223x768,Philipburgh,Germany,08.09.2025,paid_search
8864,Kristen,May,Kristen.May944@gmail.com,,Hinesfurt,canada,21.09.2024,direct
8865,James,Holloway,James.Holloway205@yahoo.com,400-264-7855,Spenceberg,Germany,08-04-2023,email
8866,Barbara,Martinez,Barbara.Martinez510@hotmail.com,362.607.5064x46966,Griffinview,Germany,09-15-2025,paid_search
8867,Lisa,Mata,Lisa.Mata69@hotmail.com,2089623889,Samuelhaven,France,02-26-2025,referral
8868,Kayla,Ellis,Kayla.Ellis373@yahoo.com,349-719-5257,Jennifertown,U.K.,04-30-2025,paid_search
8869,Bryan,Meyer,Bryan.Meyer240@hotmail.com,001-915-457-3855x5173,Port Douglas,USA,17/08/2023,referral
8870,Tyler,Anderson,Tyler.Anderson413@hotmail.com,,Hammondshire,France,07/02/2025,social_media
8871,Thomas,Love,Thomas.Love19@hotmail.com,979.264.4659x408,New Carlosborough,United States,2025-10-13T19:08:17,social_media
8872,David,Ellis,David.Ellis513@yahoo.com,(900)647-2039,Lake Meghan,DE,10/06/2025,email
8873,Christie,Cochran,Christie.Cochran894@hotmail.com,(675)960-1535x13554,Higginsside,Canada,29.11.2025,organic_search
8874,Robin,Elliott,Robin.Elliott417@gmail.com,720.564.6139x1659,South Christinamouth,United Kingdom,31/10/2025,paid_search
8875,Melanie,Aguirre,Melanie.Aguirre403@gmail.com,(560)497-3506x9931,North Jesse,FR,04/10/2025,email
8876,Joseph,Hubbard,Joseph.Hubbard816@hotmail.com,+1-490-643-9824x711,Patriciaberg,CA,02/10/2025,paid_search
8877,James,Russo,James.Russo20@yahoo.com,4283269847,South Laurenside,France,12-08-2025,paid_search
8878,Curtis,Hoffman,Curtis.Hoffman568@yahoo.com,873.478.1483x25657,Michaelview,germany,31/03/2025,direct
8879,Sarah,Rivera,Sarah.Rivera671@hotmail.com,(647)275-5086x261,Kevinmouth,United Kingdom,12.07.2025,paid_search
8880,Joyce,Moore,Joyce.Moore619@hotmail.com,454-550-3089,Port Curtis,UK,06.01.2024,social_media
8881,Christine,Garcia,Christine.Garcia167@yahoo.com,908-660-3315,New Sonia,Canada,09-21-2023,direct
8882,Andrew,Martinez,Andrew.Martinez73@gmail.com,+1-855-744-4717x14742,Waltersside,germany,03-17-2023,organic_search
8883,Andrew,Knight,Andrew.Knight507@hotmail.com,+1-937-825-6481x369,East Jenniferport,UK,2025-04-27,social_media
8884,Nicole,Garner,NICOLE.GARNER514@YAHOO.COM,9414012777,Cohenmouth,Germany,11-02-2023,social_media
8885,Kathleen,Cruz,Kathleen.Cruz414@gmail.com,001-796-397-2473,Kimberlymouth,Germany,28.08.2024,organic_search
8886,Lauren,Anderson,Lauren.Anderson736@yahoo.com,611.284.6057x6357,Port Robertchester,FR,2025-01-11,direct
8887,Abigail,Mann,Abigail.Mann999@hotmail.com,+1-386-959-6912x39430,North Joshua,CA,19.09.2025,organic_search
8888,Michelle,Kelley,MICHELLE.KELLEY628@YAHOO.COM,3837704304,South Sierratown,Canada,2023-08-04,social_media
8889,Michelle,Fernandez,Michelle.Fernandez954@gmail.com,001-989-898-6110,Wrightton,usa,26/02/2025,organic_search
8890,Bryan,Davis,Bryan.Davis673@gmail.com,001-499-344-6145x6172,Lunaland,Germany,2024-05-24T17:48:49,email
8891,Deborah,Rojas, Deborah.Rojas85@hotmail.com ,393.466.8477x39600,East Alexandra,US,2024-11-17,email
8892,Christopher,Martin,Christopher.Martin460@hotmail.com,001-280-537-5716,Lake Gregorybury,US,12-29-2023,referral
8893,Robert,Spencer,Robert.Spencer90@gmail.com,001-384-594-9949,West Alyssa,FR,2024-12-07,email
8894,Jamie,Farley,Jamie.Farley450@yahoo.com,229-258-6614,Ellischester,CA,2024-05-31,social_media
8895,Daniel,Hunter,Daniel.Hunter,(743)399-8088,Dawnberg,United States,2024-05-31T03:52:03,paid_search
8896,Shannon,Wright,Shannon.Wright107@hotmail.com,(898)758-3799,Laurashire,germany,2023-02-16,referral
8897,Kevin,Perry,Kevin.Perry716@yahoo.com,700.916.8796x74552,North Matthewmouth,Canada,16/11/2025,direct
8898,Mary,Lewis,Mary.Lewis915@yahoo.com,(742)594-2040,Santosland,U.K.,2024-06-16T06:51:20,paid_search
8899,John,Peters,John.Peters327@yahoo.com,725.242.3427x62826,Jameschester,france,2023-12-26,direct
8900,Logan,Miller,Logan.Miller597@gmail.com,+1-317-290-1941x4883,Mistyberg,usa,11.07.2024,organic_search
8901,John,Davis,John.Davis202@gmail.com,945.921.5765x3076,Sarahmouth,US,05-30-2025,paid_search
8902,Christina,Harris,Christina.Harris971@gmail.com,(892)762-7993,Jessicaville,France,2024-07-20,paid_search
8903,John,Gibson,John.Gibson772@hotmail.com,+1-476-275-0241x851,South Lisa,germany,2025-04-18T14:25:44,paid_search
8904,Jessica,Frey, Jessica.Frey707@gmail.com ,(632)765-7459x169,Christychester,Canada,2023-07-28T14:14:58,email
8905,Jacob,Best,Jacob.Best473@yahoo.com,721.777.4296,Jillhaven,france,2025-03-25T09:33:13,organic_search
8906,Todd,Tran,Todd.Tran936@yahoo.com,+1-903-545-0845,South Sean,Germany,2023-12-25,organic_search
8907,Sean,Franklin,Sean.Franklin294@hotmail.com,(233)394-9520x7926,Timothybury,germany,2025-09-09,organic_search
8908,John,Hicks,John.Hicks779@gmail.com,340.811.5120,Paulborough,Canada,20/03/2025,email
8909,John,Ortega,John.Ortega610@yahoo.com,+1-615-906-4074x1545,Meganmouth,FR,16/03/2025,organic_search
8910,Lisa,Day,Lisa.Day441@gmail.com,4176101225,East Robertton,FR,08-20-2023,organic_search
8911,Chad,Scott,Chad.Scott234@yahoo.com,(792)976-4006x34050,Jonestown,United States,04-14-2023,organic_search
8912,Robert,Lopez,Robert.Lopez316@yahoo.com,5792609367,Lake John,germany,05-18-2025,email
8913,Emily,Horton,Emily.Horton772@gmail.com,295-692-3835x806,West Victoria, USA ,2023-01-29T01:14:21,social_media
8914,James,Fletcher, James.Fletcher439@yahoo.com ,,Samuelside,USA,2024-04-28T23:31:18,social_media
8915,Megan,Carter,Megan.Carter439@gmail.com,475-352-9369,Anthonymouth,France,26.03.2023,referral
8916,Jennifer,Scott,Jennifer.Scott856@yahoo.com,707-955-9024x48434,South Williamtown,canada,2023-05-02T14:57:07,referral
8917,Tina,Phillips, Tina.Phillips279@gmail.com ,001-694-609-6793,Sarahmouth,CA,06.02.2024,email
8918,James,Gomez,James.Gomez849@hotmail.com,687-750-7386x4259,Janetside,United States,08-15-2023,paid_search
8919,Rachel,Armstrong,Rachel.Armstrong98@yahoo.com,,Jessicatown,uk,2024-02-03T20:39:43,social_media
8920,Sharon,Watson,Sharon.Watson88@yahoo.com,001-961-871-7336,Hillport,germany,2025-01-31T18:07:09,direct
8921,Douglas,Rivera,Douglas.Rivera904@yahoo.com,935.877.4539,Torreshaven,United Kingdom,18/11/2023,direct
8922,Katie,Macdonald,Katie.Macdonald963@gmail.com,590-891-4135,Samanthaton,uk,2024-06-02T04:22:35,referral
8923,Robin,Mendez,Robin.Mendez182@gmail.com,(305)761-9457x95107,New Jennifermouth,canada,2025-09-06,referral
8924,Morgan,Velasquez,Morgan.Velasquez,481.361.2779,Stevenmouth,CA,14.04.2025,direct
8925,Melanie,Acosta,Melanie.Acosta,908-248-8789,Laurenside,US,03-10-2025,organic_search
8926,Monica,Horton,Monica.Horton356@hotmail.com,(637)746-4169x1625,Johntown,uk,2025-03-15,email
8927,Phillip,Wright,Phillip.Wright714@gmail.com,001-898-737-5520x6843,South Bonnietown,DE,28.12.2023,paid_search
8928,Tony,Burns,Tony.Burns221@gmail.com,(959)322-3973x518,North Janetchester,UK,03-29-2023,direct
8929,Patrick,Wu,Patrick.Wu772@yahoo.com,+1-270-640-3068,North Jessica,FR,2024-12-30,organic_search
8930,Tammy,Thompson,Tammy.Thompson976@gmail.com,876-500-7950x08426,East David,United States,01-13-2023,organic_search
8931,Adam,Delacruz,Adam.Delacruz679@hotmail.com,489.681.0746x363,Joseton,france,16.05.2024,email
8932,Allison,Ramirez,Allison.Ramirez450@gmail.com,876-432-3094x31866,Port Jonathanport,france,22.12.2024,direct
8933,Kara,Hill,Kara.Hill34@gmail.com,(844)496-2649,Cherylchester,Canada,01.08.2024,direct
8934,Jamie,Chavez,Jamie.Chavez698@yahoo.com,362.778.6537x851,Angelahaven,France,29.11.2023,direct
8935,Krista,Rush,Krista.Rush840@gmail.com,(830)322-9759,New Lisa,FR,2025-01-10,paid_search
8936,Kristen,West,Kristen.West214@yahoo.com,801.326.3535,West Michaelland,United States,27/12/2024,email
8937,Shelby,Ruiz,SHELBY.RUIZ776@HOTMAIL.COM,+1-360-314-7423x8624,North Anita,FR,2025-10-13,social_media
8938,Alexander,Williams,Alexander.Williams261@gmail.com,2548754253,North Andrew,US,2023-05-05T14:57:51,email
8939,Connie,Flynn,Connie.Flynn7@yahoo.com,(765)756-8420x7781,Port Samanthahaven,Canada,2023-10-16,paid_search
8940,Patricia,Collins,Patricia.Collins405@gmail.com,368.719.0381,Port Patriciashire,Germany,2024-02-10T12:37:49,organic_search
8941,Justin,Lewis,Justin.Lewis806@hotmail.com,+1-833-890-9724x2817,Glennmouth,USA,2025-07-13,referral
8942,Anthony,Smith,Anthony.Smith434@yahoo.com,+1-240-461-8585x9530,Lake Martha,germany,02-21-2024,direct
8943,Kelly,Jordan,Kelly.Jordan121@yahoo.com,(376)693-6534x5945,South Eddie,Germany,01/10/2024,organic_search
8944,Rebecca,Garcia,Rebecca.Garcia778@yahoo.com,(245)596-0650x4843,Knightburgh,usa,2023-10-13T16:19:57,direct
8945,Ryan,Carpenter,Ryan.Carpenter189@yahoo.com,+1-461-242-8276x8853,New Phillip,canada,2025-01-22,direct
8946,Caleb,Liu,Caleb.Liu748@yahoo.com,4628956545,Gregoryland,canada,01.10.2025,paid_search
8947,Monica,Brown,Monica.Brown464@hotmail.com,+1-379-302-3476x70900,Bishopport,uk,14/01/2023,direct
8948,Chris,Moore,Chris.Moore250@hotmail.com,001-406-515-7036x70824,Allenside,germany,2024-06-30T06:04:37,referral
8949,Edward,Wheeler,Edward.Wheeler780@hotmail.com,479-771-8986x104,Denisechester,DE,2023-08-28,email
8950,Wesley,Hunt,Wesley.Hunt656@hotmail.com,001-240-842-6657x73337,,france,24.08.2023,social_media
8951,Carla,Blair,Carla.Blair393@yahoo.com,784.323.8626,Amandachester,uk,21.11.2023,organic_search
8952,Michael,Martinez,Michael.Martinez704@gmail.com,(949)536-3549x578,Lake Samuel,Canada,15/07/2023,social_media
8953,Haley,Everett,Haley.Everett791@yahoo.com,+1-799-296-3445,West Gregory,FR,2025-10-01T16:39:49,email
8954,Michelle,Green,Michelle.Green463@hotmail.com,001-798-729-4113x228,West Brenda,uk,07-06-2023,organic_search
8955,Megan,Baker,Megan.Baker941@hotmail.com,,New Dianachester,France,2024-10-08T07:11:47,email
8956,Caitlin,Franco,Caitlin.Franco430@gmail.com,509.212.4751x3440,Keithbury,U.K.,25.02.2024,paid_search
8957,Dana,Ramos,Dana.Ramos503@hotmail.com,001-639-798-1597x31953,Davismouth,FR,2025-01-04,email
8958,Michele,Koch,Michele.Koch588@yahoo.com,599.864.2160x54882,East Tammyshire,US,11/07/2023,referral
8959,Lisa,Kirby,Lisa.Kirby691@hotmail.com,+1-832-476-0186,Lake Albertmouth,canada,05-12-2023,direct
8960,Brooke,Lewis,Brooke.Lewis459@yahoo.com,,Nicholasfurt,germany,2025-05-20T15:37:47,organic_search
8961,Donna,Jones,Donna.Jones700@hotmail.com,+1-253-717-2853x988,Vargaston,U.K.,02-24-2025,organic_search
8962,John,Sanchez,John.Sanchez54@gmail.com,(908)989-8028,Kevinview,uk,18/09/2024,organic_search
8963,Taylor,Powell,TAYLOR.POWELL578@YAHOO.COM,936-774-3386,East Brianchester,France,14/06/2025,social_media
8964,Jeffrey,Bishop,Jeffrey.Bishop657@gmail.com,572-968-3571x5076,West Cathyfort,USA,07.07.2024,social_media
8965,Richard,Edwards,Richard.Edwards609@gmail.com,(513)907-1978,Port Michaelshire,United Kingdom,18/08/2023,organic_search
8966,Raymond,Burch,Raymond.Burch740@yahoo.com,(221)511-7286,Bartonfort,United Kingdom,07/01/2025,social_media
8967,Mario,George,Mario.George470@yahoo.com,547-614-6624,Caseyberg,Canada,01.04.2023,organic_search
8968,Andrew,Kane,Andrew.Kane737@hotmail.com,262.484.0401x29582,New Rebecca,france,05/09/2024,direct
8969,Charles,Petersen,Charles.Petersen321@hotmail.com,815-391-5797x48072,South Shawnshire,france,13.02.2023,referral
8970,Randy,Bennett,Randy.Bennett432@gmail.com,+1-749-377-4146x4899,Thomasville,Germany,12-02-2024,paid_search
8971,Rick,Martinez,Rick.Martinez77@hotmail.com,+1-691-856-5957x561,Bishopburgh,Canada,09.10.2023,organic_search
8972,Robert,Jones,Robert.Jones594@hotmail.com,001-880-385-1882x70003,North Gregory,canada,2024-01-08T07:46:31,social_media
8973,Lisa,Marsh,Lisa.Marsh398@hotmail.com,396-887-0511,New Alicia,FR,14/03/2023,direct
8974,Jennifer,Woods,Jennifer.Woods137@gmail.com,+1-209-651-9002,North Cindyfort,DE,2023-02-28T14:39:14,organic_search
8975,Scott,Sanchez,Scott.Sanchez349@yahoo.com,+1-268-949-3231x201,Cynthiafort,CA,16/10/2023,direct
8976,Joshua,Cole,Joshua.Cole842@yahoo.com,(813)509-7121,Sullivanhaven,canada,19.05.2024,direct
8977,Whitney,Wilson,Whitney.Wilson614@gmail.com,534.641.8255,Leeville,usa,07-27-2025,social_media
8978,Brett,Hall,Brett.Hall205@gmail.com,936.935.8784,West Rachel,france,2024-01-06T01:03:05,paid_search
8979,Melissa,Ferguson,Melissa.Ferguson61@gmail.com,(501)570-8089,Zunigatown,FR,31.08.2023,email
8980,David,Lamb,David.Lamb138@gmail.com,416-391-0982x6821,West Josephbury,DE,2025-03-26,social_media
8981,Allen,Scott,Allen.Scott963@hotmail.com,(618)580-0354,Barrerabury,DE,09.08.2024,direct
8982,Eduardo,Thomas,Eduardo.Thomas349@gmail.com,001-886-870-4882x6613,Lake Sara,UK,24.06.2025,email
8983,Michael,Lopez,Michael.Lopez264@hotmail.com,,Jamesport,usa,04-26-2023,paid_search
8984,Joseph,Meyer, Joseph.Meyer975@gmail.com ,435-804-1467x5271,Hernandezborough,Canada,01.03.2025,referral
8985,Mark,Richardson,Mark.Richardson578@yahoo.com,239-835-7309,Lake Michael,US,06.09.2025,referral
8986,Donna,Lin,Donna.Lin193@gmail.com,355.350.6886,East Emmaland,canada,2025-10-21T09:26:10,organic_search
8987,Daniel,Curtis,Daniel.Curtis457@hotmail.com,349-363-8737x3705,East Ross,germany,2023-11-14T16:53:40,referral
8988,John,Weeks,John.Weeks238@hotmail.com,,Munozmouth,U.K.,2024-09-17,paid_search
8989,Melissa,King,Melissa.King565@hotmail.com,,Dianeport,Canada,02/04/2025,paid_search
8990,Henry,Lee,Henry.Lee602@yahoo.com,+1-771-394-9277x759,Candiceland,CA,05-09-2025,referral
8991,Michelle,Lee,Michelle.Lee331@gmail.com,+1-259-898-5372x1518,Mauricetown,FR,20/06/2025,email
8992,Kenneth,Wilson,Kenneth.Wilson162@yahoo.com,819.998.0984,Port Carlafurt,CA,19.08.2024,paid_search
8993,Diane,Gaines,Diane.Gaines417@gmail.com,(631)234-0249,Lake Danielleshire,france,2023-11-27,organic_search
8994,Dalton,Steele,Dalton.Steele304@hotmail.com,,New Deborahburgh,U.K.,02/11/2024,organic_search
8995,Michael,Evans,Michael.Evans645@gmail.com,001-920-632-7980x37891,Richardbury,usa,23/05/2024,social_media
8996,Joseph,Booth,Joseph.Booth613@hotmail.com,+1-235-613-1200,West Vanessa,France,05/03/2025,direct
8997,James,Wheeler,James.Wheeler85@yahoo.com,,Thomasmouth,germany,06-09-2023,referral
8998,Carl,Bennett,Carl.Bennett269@hotmail.com,001-524-718-0028x242,East Normaborough,usa,06-23-2023,direct
8999,David,Hopkins,David.Hopkins615@yahoo.com,425.955.1263x765,Brianchester,USA,13/05/2024,direct
9000,Ashley,Mitchell,Ashley.Mitchell324@yahoo.com,295.336.2479x495,Kimberlymouth,france,04-30-2024,social_media
9001,Thomas,Quinn,thomas.quinn74@yahoo.com.1,+1-238-441-6395x425,Greenbury,France,2025-06-27,email
9002,Lisa,Johnson,lisa.johnson147@hotmail.com.1,(552)937-7729x66563,,Canada,09-11-2025,paid_search
9003,Laura,Smith,laura.smith360@gmail.com.1,+1-651-732-7972,Mooreton,U.K.,05-01-2025,paid_search
9004,Lisa,Joseph,lisa.joseph167@gmail.com.1,(968)694-9492x78367,Tracyburgh, USA ,27.12.2024,email
9005,Benjamin,Holmes,benjamin.holmes88@gmail.com.1,892.435.6035,Matthewville,germany,2023-12-09T06:54:59,organic_search
9006,Jennifer,Powell,jennifer.powell688@yahoo.com.1,(524)599-8103x396,West Brent,Canada,2024-06-21T17:39:36,social_media
9007,Brian,Hart,brian.hart574@yahoo.com.1,213-752-6228x981,Port Stephanieton,DE,2023-09-24,paid_search
9008,Marc,Pittman,marc.pittman85@gmail.com.1,555.823.3001,New Bernardmouth,United Kingdom,19/08/2024,organic_search
9009,Margaret,Brown,margaret.brown10@gmail.com.1,468-366-0289,Christinafurt,U.K.,2024-03-12,paid_search
9010,Robert,Santos,robert.santos63@yahoo.com.1,525-350-7584,Fryeburgh,Germany,04-23-2023,organic_search
9011,Ann,Martin,ann.martin455@yahoo.com.1,,West Elizabeth,CA,2024-11-09,referral
9012,Barbara,Cohen,barbara.cohen313@hotmail.com.1,579.980.8745x6347,Lake Tamara,france,2025-01-31T23:45:10,social_media
9013,Jacob,Foster,jacob.foster722@hotmail.com.1,676-449-8577,Clarkmouth,Germany,07/07/2024,email
9014,Adam,Larson,adam.larson621@yahoo.com.1,376-225-6320,,Germany,2025-03-18,paid_search
9015,Alan,Bishop,alan.bishop524@hotmail.com.1,,Sarastad,usa,18/11/2023,email
9016,Kimberly,Brown,kimberly.brown422@hotmail.com.1,224-958-2470,New Henryhaven,usa,07-15-2024,social_media
9017,Emily,Gibbs,emily.gibbs734@yahoo.com.1,(325)507-4762,Lake Grace,FR,2025-10-22T22:46:55,referral
9018,Jennifer,Carter,jennifer.carter131@yahoo.com.1,596-857-8168x2054,North Michael,Germany,01-30-2023,paid_search
9019,Nicholas,Wilson,nicholas.wilson293@yahoo.com.1,875-460-4553,Port Kimberlyport,UK,2023-07-28T17:59:49,social_media
9020,Russell,Burke,russell.burke656@gmail.com.1,001-373-339-8832x550,Ericmouth,usa,06/01/2023,paid_search
9021,Ann,Flores,ann.flores799@gmail.com.1,563-470-3954,Ashleyberg,France,2024-06-01T13:57:11,social_media
9022,David,Brown,david.brown271@yahoo.com.1,661-971-3271,North Amyfurt,France,2023-12-08,email
9023,Alvin,Dougherty,alvin.dougherty634@hotmail.com.1,+1-537-759-7026,South Kari,france,24.12.2024,organic_search
9024,Thomas,Bennett,thomas.bennett284@gmail.com.1,+1-541-823-6111,Armstrongside,CA,2024-10-06,referral
9025,Christine,Hampton,christine.hampton.1,001-920-368-1836x9124,Port Trevor,U.K.,25.08.2025,direct
9026,Jenny,Arias,jenny.arias484@yahoo.com.1,+1-584-290-2770x384,,Canada,05-08-2025,paid_search
9027,Robert,Green,robert.green547@hotmail.com.1,663-671-1345,South Saraton,france,08-26-2024,social_media
9028,Savannah,Watts,savannah.watts300@yahoo.com.1,,Lake Stephanieshire,United Kingdom,2025-08-24,organic_search
9029,Katherine,Harrison,katherine.harrison544@hotmail.com.1,8103432898,Johnville,FR,2024-08-27,email
9030,Peggy,Soto,peggy.soto106@gmail.com.1,306-228-6852,Lake Stephenmouth,Canada,29.05.2024,referral
9031,Kathy,Kim,kathy.kim974@yahoo.com.1,+1-407-328-3268x42450,North Ashleyfurt,uk,07-27-2025,organic_search
9032,Kevin,Wright,kevin.wright862@yahoo.com.1,+1-373-357-0007,Mclaughlinland,France,15/05/2025,referral
9033,Gregory,Fletcher,gregory.fletcher778@gmail.com.1,258-348-8600,Chapmanfurt,germany,12.06.2024,referral
9034,Ashley,Pennington,ashley.pennington852@gmail.com.1,001-741-715-6302,Hallbury, USA ,12-22-2023,direct
9035,Patricia,Clark,patricia.clark33@yahoo.com.1,539.973.2781x952,North Kaitlynchester,France,01/03/2025,paid_search
9036,Eric,Turner,eric.turner68@gmail.com.1,+1-830-241-6624x1118,Lake Mariaberg,FR,27.07.2023,direct
9037,Kevin,Walker,kevin.walker138@hotmail.com.1,001-913-721-4233x453,East Jenniferville,U.K.,07/12/2025,direct
9038,Jason,Blevins,jason.blevins426@hotmail.com.1,(702)678-4624x06837,Aliciaton,canada,2024-09-18T17:28:29,direct
9039,Sherri,Garcia,sherri.garcia509@hotmail.com.1,574.390.0449x10072,Samanthaburgh,Canada,2025-10-11,organic_search
9040,Samantha,Allen,samantha.allen983@gmail.com.1,001-203-368-9003,East Samuelport,uk,28/11/2023,social_media
9041,Nicole,Nguyen,nicole.nguyen333@gmail.com.1,245.346.9351x0214,New John,Germany,09/11/2023,direct
9042,Shane,Anderson,shane.anderson784@hotmail.com.1,(498)432-4826,Carlosside,canada,2024-10-16,direct
9043,Danielle,Sweeney,danielle.sweeney.1,647-472-5084x232,West William,Canada,2025-02-11,referral
9044,Timothy,Richard,timothy.richard941@gmail.com.1,(909)414-9851x72444,Lake Greg,DE,02/03/2023,organic_search
9045,Jamie,Price,jamie.price734@gmail.com.1,7273031442,Lake Yvonneland,CA,24.10.2024,organic_search
9046,Vincent,Wright,vincent.wright887@hotmail.com.1,,,DE,07-06-2023,social_media
9047,Brendan,Taylor,brendan.taylor469@yahoo.com.1,782.514.2369x14307,Hendersonville,FR,04/08/2024,direct
9048,Mark,Saunders,mark.saunders604@gmail.com.1,001-518-445-6059x9342,Lake Jennifer,Canada,04-28-2023,email
9049,Richard,Bowman,richard.bowman744@yahoo.com.1,860-352-9751,South Brianna,US,09-18-2025,referral
9050,Amy,Guerrero,amy.guerrero22@hotmail.com.1,740.721.5573x25737,Lake Teresa,United States,12/06/2023,social_media
9051,Jenna,Gonzales,jenna.gonzales404@hotmail.com.1,256-551-0018,Russellberg,CA,02.08.2025,referral
9052,Krista,Torres,krista.torres995@yahoo.com.1,+1-624-506-6283x4633,West Jason,FR,10-10-2023,email
9053,Renee,Larsen,renee.larsen280@gmail.com.1,+1-377-318-8874x94423,West Brianfort,DE,20.02.2025,social_media
9054,Jose,Martinez,jose.martinez533@hotmail.com.1,,Danielmouth,France,07.11.2023,email
9055,David,Mcdonald,david.mcdonald709@yahoo.com.1,001-542-322-1242x197,East Jonathanborough,DE,22/05/2024,email
9056,Andrea,Davis,andrea.davis821@hotmail.com.1,642-303-7569,,usa,30.09.2023,direct
9057,Debra,Steele,debra.steele606@hotmail.com.1,9024264259,West Melissaport,germany,2024-05-06,organic_search
9058,Michele,Donovan,michele.donovan512@hotmail.com.1,287-232-8565,Kimberlybury,germany,2025-04-05T20:05:49,organic_search
9059,Julie,Wright,julie.wright735@yahoo.com.1,563.599.6604,Henrystad,Germany,09-24-2023,social_media
9060,Eugene,Perez,eugene.perez367@hotmail.com.1,(540)211-6628x9279,Port Lauriestad,canada,03/10/2025,email
9061,Erin,Clements,erin.clements8@yahoo.com.1,465.658.9507,Perrybury,france,11-30-2024,paid_search
9062,Keith,Moore,keith.moore510@yahoo.com.1,(273)660-1358x36306,West Brianton,US,2023-10-07,email
9063,Joanna,Wright,joanna.wright211@gmail.com.1,(694)983-0220,New Seth,canada,09-03-2025,email
9064,Angela,Frye,angela.frye869@gmail.com.1,,Catherinestad,DE,2024-09-06T16:54:05,email
9065,Jack,Walsh,jack.walsh983@yahoo.com.1,7033044361,Jonesburgh,DE,2023-06-16T03:49:28,direct
9066,Susan,Rice,susan.rice102@gmail.com.1,(739)558-4545x05296,Williamsview,United Kingdom,09/11/2025,organic_search
9067,Brad,Harmon,brad.harmon837@yahoo.com.1,841-479-0734,,France,11-04-2023,referral
9068,Tiffany,Hamilton,tiffany.hamilton620@yahoo.com.1,917-661-4702,West Briannahaven,usa,2024-05-30,social_media
9069,Lawrence,Raymond,lawrence.raymond381@yahoo.com.1,867-666-5420x9866,Susanton,France,08-27-2025,direct
9070,Laura,Rivas,laura.rivas138@gmail.com.1,001-820-868-1558x3938,East Jasonstad,UK,06/10/2023,direct
9071,Carrie,Johnson,carrie.johnson25@hotmail.com.1,282-611-9160x047,Hallchester,Germany,20.06.2023,organic_search
9072,David,Benjamin,david.benjamin706@gmail.com.1,001-956-596-4607,Suzannestad,UK,2025-01-20,referral
9073,Mario,George,mario.george470@yahoo.com.1,547-614-6624,Caseyberg,Canada,01.04.2023,organic_search
9074,Christina,Murphy,christina.murphy721@yahoo.com.1,905-526-5016,New Willieberg,UK,11/10/2023,social_media
9075,Leah,Stone,leah.stone542@gmail.com.1,+1-519-241-6677x2059,North Timothy,US,18/06/2024,email
9076,Christina,Baird,christina.baird761@hotmail.com.1,+1-444-857-4441x0769,South Danielle,DE,27/09/2024,email
9077,Crystal,Reyes,crystal.reyes835@yahoo.com.1,208.495.2312,New Chadtown,FR,2025-12-06T01:21:25,direct
9078,John,Moore,john.moore411@yahoo.com.1,001-656-629-1796,South Alanborough,DE,2025-05-09T07:19:45,social_media
9079,Jimmy,Mosley,jimmy.mosley499@yahoo.com.1,(267)412-3016x743,Port Davidtown,United Kingdom,03-10-2023,social_media
9080,Paul,Hughes,paul.hughes993@hotmail.com.1,660.777.2720,Lake Jenniferside,DE,22/12/2025,paid_search
9081,Mary,Farmer,mary.farmer82@yahoo.com.1,001-429-907-3992x89198,New Ericmouth,Canada,05-31-2023,direct
9082,Kristy,Hernandez,kristy.hernandez552@hotmail.com.1,,Greenfurt,U.K.,2024-11-25T17:22:39,referral
9083,April,Henry,april.henry840@hotmail.com.1,+1-306-350-6147x1590,West Aaron,Canada,10-21-2025,referral
9084,Jason,Bradley,jason.bradley802@yahoo.com.1,381.664.9383,New Patriciachester,usa,2025-04-13,email
9085,Jennifer,Molina,jennifer.molina15@hotmail.com.1,3424100062,Port Miguel,US,2024-06-07,organic_search
9086,Brian,Ortiz,brian.ortiz45@hotmail.com.1,(274)703-3445,Gibbsmouth,U.K.,28.07.2023,paid_search
9087,Cynthia,Roy,cynthia.roy327@hotmail.com.1,,South Garrett,Germany,09.10.2025,paid_search
9088,Isaiah,Clark,isaiah.clark827@gmail.com.1,+1-219-906-7746x803,Rickyville,Germany,2025-11-03,organic_search
9089,Sherry,Wade,sherry.wade197@gmail.com.1,(391)565-8761,Karenfort,United States,2024-11-15,referral
9090,Sarah,Summers,sarah.summers404@yahoo.com.1,+1-427-720-5364x9911,Wallaceberg,canada,09-12-2024,social_media
9091,Jerry,James,jerry.james821@hotmail.com.1,957-298-1238,East Sandraport,canada,2024-07-17T15:25:49,social_media
9092,David,Shaw,david.shaw30@yahoo.com.1,(213)217-5090x8006,Barryburgh,FR,12.12.2023,organic_search
9093,Benjamin,Park,benjamin.park256@gmail.com.1,862-760-0802,Lake Jose,US,24.10.2025,social_media
9094,Mary,Bennett,mary.bennett535@yahoo.com.1,(883)762-6414x12467,,usa,2023-12-04,direct
9095,Karen,Johnson,karen.johnson605@gmail.com.1,+1-929-857-2865x5902,Bridgesville,United Kingdom,17/11/2023,social_media
9096,Ernest,Morgan,ernest.morgan729@gmail.com.1,593-385-2229,West Savannahbury,Germany,16.06.2024,organic_search
9097,Shelby,James,shelby.james722@yahoo.com.1,625.967.3223,Anneland, USA ,2025-09-03T07:38:52,direct
9098,Yesenia,Ramirez,yesenia.ramirez81@yahoo.com.1,001-606-393-7121x8353,South Jeffrey,U.K.,24/09/2025,paid_search
9099,Ruben,Lopez,ruben.lopez447@gmail.com.1,235-752-5105,,germany,22.07.2024,paid_search
9100,Angela,Stevenson,angela.stevenson615@gmail.com.1,+1-287-841-1325x797,Wrightshire,United Kingdom,30/09/2023,direct
9101,Robert,Luna,robert.luna165@gmail.com.1,+1-451-588-6016x7449,Heatherstad,France,03-08-2025,organic_search
9102,Michael,Hall,michael.hall652@gmail.com.1,698.368.8635,East Albert,Germany,2025-11-29T10:00:18,direct
9103,Mary,Schneider,mary.schneider541@yahoo.com.1,2572420500,North Allisonberg,United Kingdom,16/03/2025,paid_search
9104,Andrew,Burton,andrew.burton95@hotmail.com.1,207.559.3839x26325,Mosleyberg,France,01-02-2024,paid_search
9105,Audrey,Moran,audrey.moran613@yahoo.com.1,+1-341-480-1695x991,Robertview,Canada,2023-12-18,paid_search
9106,James,Pham,james.pham215@yahoo.com.1,+1-232-738-5099x9642,North Patrick,DE,2023-04-03T02:37:08,referral
9107,Margaret,Rice,margaret.rice78@gmail.com.1,366-257-9270,Turnerbury,CA,2025-03-31,organic_search
9108,Jeffrey,Mendoza,jeffrey.mendoza325@yahoo.com.1,342.269.6934x4536,Christopherside,canada,10.11.2025,social_media
9109,James,Hernandez,james.hernandez718@yahoo.com.1,(501)628-8452x9693,Crosschester,DE,12-11-2023,direct
9110,Barbara,Allison,barbara.allison988@hotmail.com.1,233-834-9322,,uk,2025-09-13,social_media
9111,Andrew,Lopez,andrew.lopez993@hotmail.com.1,973.896.5242,Lake Laurieport,Canada,18/11/2025,social_media
9112,Lisa,Johnson,lisa.johnson783@gmail.com.1,282-276-0954,Baileymouth,france,23/09/2024,email
9113,James,Cooke,james.cooke.1,441-888-8059,East Henry,CA,2023-11-20T02:41:21,social_media
9114,Lori,Ramirez,lori.ramirez950@gmail.com.1,581-285-1367,,USA,08/11/2023,direct
9115,Mary,Rocha,mary.rocha732@gmail.com.1,+1-472-722-8304x8678,South Courtney,France,09-15-2024,social_media
9116,Joel,Gallagher,joel.gallagher738@gmail.com.1,(971)784-3832,Lake Scottton,US,2023-10-04,organic_search
9117,Anthony,Taylor,anthony.taylor219@gmail.com.1,001-824-547-3158x4776,Geraldview,FR,2025-06-07,referral
9118,Amanda,Mendoza,amanda.mendoza609@hotmail.com.1,,,Germany,24/05/2024,organic_search
9119,Stacey,Reed,stacey.reed149@hotmail.com.1,689.590.2540,Spencershire,United States,02/10/2025,referral
9120,Ruth,Pearson,ruth.pearson85@gmail.com.1,656.319.0424x462,Wigginsfort,U.K.,2025-07-18,direct
9121,Corey,Harris,corey.harris779@yahoo.com.1,,Joelview,uk,2024-11-29T11:09:17,referral
9122,Brandon,Ross,brandon.ross686@yahoo.com.1,399.695.1454x98367,Castilloshire,France,2025-09-19,direct
9123,Brianna,Pruitt,brianna.pruitt197@yahoo.com.1,350-556-9582x616,Tammyhaven,DE,07/10/2025,email
9124,Luke,Elliott,luke.elliott961@gmail.com.1,+1-603-406-4167x021,Port Tannerborough,France,2024-10-16,direct
9125,Ronald,Foster,ronald.foster767@hotmail.com.1,+1-278-693-1489,Ashleymouth,uk,2023-02-06,social_media
9126,Christopher,Carter,christopher.carter545@hotmail.com.1,(286)363-1892,,canada,2025-01-11,email
9127,Marcus,Mahoney,marcus.mahoney106@hotmail.com.1,,Grimesberg, USA ,19/08/2023,direct
9128,David,Phelps,david.phelps915@yahoo.com.1,+1-600-417-0127x70632,Clarencestad,canada,09-04-2024,referral
9129,Daniel,Anderson,daniel.anderson695@gmail.com.1,244-488-6366,Michaelside,US,25/09/2023,direct
9130,Amber,Watson,amber.watson954@gmail.com.1,8099006325,Dyerport,canada,2024-06-21,direct
9131,Daisy,Carr,daisy.carr596@gmail.com.1,277-785-4539,Warnerside,germany,2023-09-05,organic_search
9132,William,Casey,william.casey300@gmail.com.1,,Nelsonport,DE,2025-01-28T22:55:38,email
9133,Kimberly,Thomas,kimberly.thomas979@gmail.com.1,(877)711-9642x1522,Troyfort,U.K.,03/01/2024,organic_search
9134,John,Banks,john.banks7@gmail.com.1,+1-642-441-7001x3732,East Susan,Germany,2024-05-12,email
9135,James,Christensen,james.christensen827@gmail.com.1,901-516-2801x680,,Germany,2023-07-24T10:39:51,paid_search
9136,Kathryn,Martinez,kathryn.martinez167@yahoo.com.1,251-830-0634,East Natashashire,DE,25.08.2024,paid_search
9137,Emily,Smith,emily.smith691@hotmail.com.1,(815)373-2083,Parkberg,United Kingdom,19/04/2023,email
9138,Kara,Hill,kara.hill34@gmail.com.1,(844)496-2649,Cherylchester,Canada,01.08.2024,direct
9139,Stephanie,Perez,stephanie.perez741@hotmail.com.1,+1-272-948-4396x0996,New Michelle,U.K.,2025-12-08T21:47:48,social_media
9140,Brittany,Oneill,brittany.oneill922@gmail.com.1,707-313-8067x13073,Port Monicastad, USA ,09/12/2024,referral
9141,Christina,Cook,christina.cook986@hotmail.com.1,+1-843-339-7480x87700,Kayleebury,France,06/03/2025,referral
9142,Natalie,Stevens,natalie.stevens648@gmail.com.1,415.517.6788,Michaelbury,germany,2024-02-06,email
9143,Jill,Watkins,jill.watkins395@hotmail.com.1,,Thompsonchester,canada,20.08.2023,email
9144,Carol,Williams,carol.williams190@gmail.com.1,+1-421-751-2725,West Deanna,U.K.,08.04.2024,social_media
9145,Jacob,Barnett,jacob.barnett466@hotmail.com.1,(718)688-8806x706,West Kristinastad,United Kingdom,30/01/2025,email
9146,Tammy,Reed,tammy.reed631@gmail.com.1,001-383-934-2253x204,North Michaelburgh,FR,2023-09-01,social_media
9147,Tami,Caldwell,tami.caldwell416@yahoo.com.1,712-887-8626x33656,Moralesbury,FR,2023-07-17,referral
9148,Robert,Day,robert.day303@yahoo.com.1,753.307.4878x13409,Alexiston,germany,27/02/2024,social_media
9149,Lisa,Reynolds,lisa.reynolds954@gmail.com.1,955-490-3653x5423,Samuelmouth,UK,25.01.2025,social_media
9150,Richard,Fischer,richard.fischer66@gmail.com.1,5199684687,Rubenland,DE,2024-07-03,direct
9151,John,Gomez,john.gomez702@gmail.com.1,(966)578-3055,Garciaside,FR,05.05.2023,email
9152,Tammy,Soto,tammy.soto931@hotmail.com.1,214.228.7748x8163,Lake Steven,CA,2025-01-29T07:56:00,email
9153,Danielle,Townsend,danielle.townsend397@gmail.com.1,,Port Jill,Germany,12/03/2024,organic_search
9154,Daniel,Riley,daniel.riley148@yahoo.com.1,+1-866-348-7864x69432,North Glennberg,UK,09-08-2025,email
9155,Renee,Ward,renee.ward945@yahoo.com.1,001-247-824-1916x50344,Brucefort,France,10-13-2023,organic_search
9156,Brandi,Alexander,brandi.alexander606@gmail.com.1,(465)840-8004x3865,Christopherchester,France,18.04.2025,referral
9157,Scott,Kirk,scott.kirk824@gmail.com.1,,Port Karen,France,05/11/2025,referral
9158,Tammy,Solis,tammy.solis423@hotmail.com.1,+1-883-486-1927,East Emily,DE,04-14-2025,social_media
9159,Eric,Alexander,eric.alexander794@yahoo.com.1,4677482522,Melindafurt,United Kingdom,03-09-2024,direct
9160,Brianna,Cruz,brianna.cruz757@hotmail.com.1,6784525482,Lake Angelabury, USA ,10-07-2025,social_media
9161,Amy,Hester,amy.hester906@yahoo.com.1,001-717-332-7760x639,South Angela,germany,17/03/2025,paid_search
9162,Lawrence,Smith,lawrence.smith286@gmail.com.1,606-618-1753,North Andrew,usa,14/11/2023,social_media
9163,Ryan,Simmons,ryan.simmons645@yahoo.com.1,(773)280-6953x817,New Kevinberg,USA,2025-08-12,paid_search
9164,Erika,Peterson,erika.peterson665@hotmail.com.1,001-406-574-4716x3928,Katieview,France,04-06-2024,social_media
9165,Tiffany,Taylor,tiffany.taylor545@gmail.com.1,3413447432,Dicksonstad,France,2024-01-26T02:39:39,social_media
9166,William,Castro,william.castro270@yahoo.com.1,(950)678-4685x095,Jeffreyborough,DE,2023-06-11,social_media
9167,Megan,Williams,megan.williams961@yahoo.com.1,,Leemouth,france,2025-12-19,social_media
9168,James,Hale,james.hale950@hotmail.com.1,342-511-4078,Alvaradoport,france,06.11.2025,social_media
9169,Sydney,Murray,sydney.murray66@gmail.com.1,299.934.6862,Tanyaborough,uk,01-14-2025,social_media
9170,Sheila,Hart,sheila.hart408@gmail.com.1,,East Thomas,germany,30.05.2025,social_media
9171,Jessica,Lopez,jessica.lopez219@hotmail.com.1,439-958-7099x810,East Alexandratown,United States,2025-08-04T21:49:23,organic_search
9172,Elizabeth,Gonzalez,elizabeth.gonzalez556@hotmail.com.1,001-877-384-4464,South Dustin,germany,30/07/2023,direct
9173,Frederick,Potter,frederick.potter679@yahoo.com.1,,Danielsborough,Germany,08-11-2023,referral
9174,Cynthia,Pacheco,cynthia.pacheco887@gmail.com.1,220.753.0649,Berryland,U.K.,2023-04-19T16:31:55,social_media
9175,Regina,Benson,regina.benson173@hotmail.com.1,001-933-774-1535x833,Lake Rebeccatown,DE,2023-05-17T23:36:21,paid_search
9176,Kenneth,Wilson,kenneth.wilson809@yahoo.com.1,492-208-4122,,Canada,08/04/2023,social_media
9177,Gloria,Thomas,gloria.thomas317@gmail.com.1,+1-381-693-7684,Crosbyview,Canada,08.09.2024,direct
9178,Kelly,Brown,kelly.brown879@gmail.com.1,226-692-6344x483,North Melanieport,France,2023-07-08,email
9179,Scott,Weaver,scott.weaver303@hotmail.com.1,+1-510-660-4266x76171,North Georgeburgh,france,2024-07-16,social_media
9180,Carolyn,Smith,carolyn.smith416@yahoo.com.1,,Jenniferview,USA,10-20-2025,referral
9181,Marie,Hunter,marie.hunter484@gmail.com.1,6598251211,East Tonya,france,03/08/2023,email
9182,Matthew,Schmidt,matthew.schmidt888@yahoo.com.1,9487680498,New Krystalberg,france,31.10.2025,social_media
9183,Rebecca,Guzman,rebecca.guzman692@hotmail.com.1,(410)596-0338x22382,Jasonmouth,France,12.11.2023,referral
9184,Melissa,Fields,melissa.fields182@gmail.com.1,+1-679-391-9623,Bakerborough,Canada,06/05/2023,direct
9185,Nicole,Martin,nicole.martin998@hotmail.com.1,001-923-601-6430x3297,Dawnport,canada,09-27-2024,organic_search
9186,Kristen,Reeves,kristen.reeves670@hotmail.com.1,279-722-9398,Melissaburgh,Canada,26/10/2024,referral
9187,Jill,Raymond,jill.raymond847@hotmail.com.1,(817)302-6719,Melissaport,Germany,07-12-2023,email
9188,Deanna,Oneal,deanna.oneal908@hotmail.com.1,,Edwardsside,United Kingdom,02-24-2024,email
9189,Jeffery,Foley,jeffery.foley134@hotmail.com.1,+1-424-409-1941,Juliamouth,canada,04-26-2025,social_media
9190,Donna,Elliott,donna.elliott811@yahoo.com.1,+1-227-950-2016x106,West Brendaport,canada,26/09/2024,organic_search
9191,Taylor,Rogers,taylor.rogers952@yahoo.com.1,+1-933-354-8835,North Justin,FR,2023-05-14T07:13:59,referral
9192,Brittany,Moore,brittany.moore352@hotmail.com.1,+1-658-303-3086,Angelabury,US,2023-05-13T05:04:14,referral
9193,Eric,Weaver,eric.weaver5@yahoo.com.1,(704)213-8779,Lake Alan,germany,01-15-2024,social_media
9194,Michael,Garcia,michael.garcia760@hotmail.com.1,(833)517-7633x10714,New Alanstad,Germany,16/05/2024,referral
9195,Nicole,Marshall,nicole.marshall427@gmail.com.1,628-748-5013x672,New Christinaberg,UK,2025-01-10T18:02:20,paid_search
9196,Phillip,Wade,phillip.wade437@gmail.com.1,361.376.4040x4655,New Nicholas,U.K.,2024-04-19T15:24:37,social_media
9197,Daniel,Johnson,daniel.johnson424@gmail.com.1,001-304-450-2814x353,Carlsonbury,DE,2025-03-18T22:48:48,social_media
9198,Lindsey,Wood,lindsey.wood744@gmail.com.1,001-968-814-6910,Joelberg,Canada,09/01/2025,paid_search
9199,Gregory,Nichols,gregory.nichols406@gmail.com.1,001-327-764-5793x8970,Benjaminville,Germany,2024-06-05,paid_search
9200,Dillon,Lee,dillon.lee496@yahoo.com.1,001-336-454-0197x311,,U.K.,06/09/2025,email
9201,Stephanie,Lopez,stephanie.lopez.1,(559)526-9469x468,Mclaughlinborough,United Kingdom,2024-12-24,social_media
9202,Dalton,Rodriguez,dalton.rodriguez257@yahoo.com.1,7684524608,New Markstad,usa,2023-01-21T04:01:36,email
9203,Colton,Burnett,colton.burnett897@hotmail.com.1,,South Ginaburgh,United Kingdom,26.12.2025,organic_search
9204,Lisa,Jackson,lisa.jackson689@hotmail.com.1,871.312.7816x131,New Natalie,canada,2023-04-03T02:00:55,social_media
9205,Troy,Young,troy.young81@gmail.com.1,001-562-253-1640x2373,Michealmouth,France,2025-08-16T11:24:57,direct
9206,Pamela,Wilson,pamela.wilson836@hotmail.com.1,6612703653,South Norma,FR,11-25-2023,social_media
9207,Shelby,Garcia,shelby.garcia363@hotmail.com.1,+1-296-409-9326x343,Mooreport,US,20/04/2023,organic_search
9208,Jennifer,Moran,jennifer.moran432@hotmail.com.1,512.282.8478,South Nicoleborough,Canada,2023-01-04,email
9209,Dalton,Steele,dalton.steele304@hotmail.com.1,,New Deborahburgh,U.K.,02/11/2024,organic_search
9210,Becky,Serrano,becky.serrano599@gmail.com.1,(961)667-6456,Dunnmouth,DE,11-15-2025,social_media
9211,Craig,Montgomery,craig.montgomery422@hotmail.com.1,365.514.6905,Gutierrezborough,Germany,21/02/2024,referral
9212,Krista,Nguyen,krista.nguyen300@gmail.com.1,638-863-7725x39291,Foxland,usa,2024-07-29T06:30:08,paid_search
9213,Alyssa,Jones,alyssa.jones611@yahoo.com.1,001-503-991-6781x288,New Deborah,U.K.,2024-10-19T16:11:56,referral
9214,Jason,Johnson,jason.johnson287@gmail.com.1,001-920-627-0615x9273,East Carolton,United States,23.02.2025,referral
9215,Daniel,Brown,daniel.brown621@gmail.com.1,,North Karen,Germany,2024-10-16,referral
9216,Jesse,Dean,jesse.dean516@hotmail.com.1,+1-868-991-9507,Hudsonshire, USA ,18/06/2023,paid_search
9217,Kelly,Fuller,kelly.fuller482@yahoo.com.1,4763294201,Taylorburgh,germany,31.10.2024,email
9218,Brittany,Chavez,brittany.chavez38@gmail.com.1,+1-701-244-6338x4554,East Dianaberg,DE,19.01.2023,paid_search
9219,Kelly,Young,kelly.young104@yahoo.com.1,(951)522-5066x8445,Kevinport,UK,08-22-2023,referral
9220,Ashley,Henry,ashley.henry349@yahoo.com.1,001-401-847-5469,East Rachel,Germany,01/12/2024,paid_search
9221,Mary,Hoover,mary.hoover85@gmail.com.1,001-817-203-6309x4423,North Laura,U.K.,11-17-2023,social_media
9222,David,Robinson,david.robinson455@hotmail.com.1,(497)876-8268x95532,East Tylerland,UK,2025-04-29,social_media
9223,Timothy,Sharp,timothy.sharp929@gmail.com.1,675-343-8027,Wesleymouth,U.K.,04-22-2025,referral
9224,Steven,Terry,steven.terry169@yahoo.com.1,+1-604-491-8727,West Carolynchester,DE,01-12-2025,organic_search
9225,Patricia,Williams,patricia.williams770@gmail.com.1,,Simpsonshire,canada,20/03/2024,social_media
