order_id,customer_id,order_date,status,channel,payment_method
1,3691.0,11.08.2025,completed,paid_search,paypal
2,8380.0,09/09/2024,completed,referral,debit_card
3,913.0,14/11/2024,completed,email,debit_card
4,4372.0,09-03-2025,returned,referral,paypal
5,6037.0,28/06/2025,completed,email,paypal
6,5610.0,11-03-2025,completed,email,paypal
7,2488.0,07-03-2025,cancelled,paid_search,paypal
8,5203.0,2025-05-02T02:50:44,completed,paid_search,bank_transfer
9,6552.0,22/04/2024,completed,paid_search,credit_card
10,5374.0,07/12/2024,completed,paid_search,paypal
11,6345.0,10-03-2024,completed,direct,debit_card
12,2408.0,14.09.2024,completed,paid_search,paypal
13,7707.0,12-22-2025,completed,referral,debit_card
14,4153.0,2024-12-19T00:08:55,completed,paid_search,paypal
15,9104.0,2025-11-21,completed,direct,debit_card
16,237.0,06-15-2025,cancelled,direct,debit_card
17,3509.0,2025-10-03T12:21:33,completed,referral,debit_card
18,1708.0,15/03/2025,cancelled,organic_search,paypal
19,5130.0,05-08-2025,completed,referral,debit_card
20,2291.0,2025-03-08T23:36:57,completed,referral,paypal
21,6822.0,08-01-2024,cancelled,referral,credit_card
22,8157.0,2025-08-18,RETURNED,direct,debit_card
23,1994.0,2024-10-15T18:04:54,completed,referral,debit_card
24,1526.0,02-03-2024,completed,social_media,bank_transfer
25,8095.0,25.06.2025,completed,paid_search,paypal
26,3330.0,07-14-2024,completed,paid_search,credit_card
27,4009.0,12-10-2025,cancelled,direct,paypal
28,2075.0,2025-12-15T01:13:23,cancelled,direct,paypal
29,3924.0,2025-11-30T10:01:31,completed,email,debit_card
30,2177.0,08/12/2024,completed,organic_search,debit_card
31,6166.0,22.01.2024,completed,organic_search,paypal
32,4607.0,2025-12-05T10:53:23,completed,referral,debit_card
33,7292.0,10.01.2025,completed,social_media,paypal
34,2897.0,2025-12-19,completed,organic_search,debit_card
35,4677.0,12-18-2025,completed,social_media,credit_card
36,2438.0,2025-11-04T12:45:38,completed,paid_search,debit_card
37,8619.0,2024-10-26,completed,paid_search,debit_card
38,4827.0,15.12.2024,completed,direct,credit_card
39,1647.0,04.11.2025,completed,organic_search,credit_card
40,2558.0,09.11.2024,completed,direct,debit_card
41,809.0,06/07/2024,completed,paid_search,paypal
42,282.0,04-24-2025,completed,social_media,paypal
43,4870.0,08/12/2025,completed,social_media,paypal
44,3113.0,2025-07-31T18:59:08,completed,email,bank_transfer
45,8893.0,2025-05-03T02:36:42,completed,organic_search,credit_card
46,1626.0,04-26-2024,completed,social_media,credit_card
47,7353.0,2025-06-03T14:25:20,completed,referral,credit_card
48,2929.0,2025-12-28,completed,direct,paypal
49,2101.0,07.06.2024,cancelled,organic_search,bank_transfer
50,8952.0,27/03/2025,completed,organic_search,credit_card
51,7440.0,2025-11-15,cancelled,organic_search,paypal
52,5812.0,30.08.2025,completed,direct,paypal
53,6452.0,08-01-2025,cancelled,email,bank_transfer
54,9149.0,08-04-2025,completed,email,paypal
55,5464.0,2024-12-02,completed,referral,bank_transfer
56,1002.0,2024-10-25T14:50:26,COMPLETED,social_media,bank_transfer
57,,10-12-2025,completed,referral,paypal
58,6167.0,12/10/2025,completed,organic_search,paypal
59,6091.0,10.11.2025,completed,direct,credit_card
60,6916.0,29/11/2025,completed,paid_search,paypal
61,1062.0,2025-03-22,completed,social_media,credit_card
62,8721.0,2025-03-14T14:27:05,completed,email,paypal
63,5084.0,10-05-2025,completed,email,bank_transfer
64,6006.0,2025-06-28,completed,organic_search,credit_card
65,347.0,04/08/2025,completed,organic_search,bank_transfer
66,8865.0,04/10/2025,completed,paid_search,credit_card
67,5196.0,2025-11-20,completed,email,bank_transfer
68,5203.0,2024-11-21T13:30:01,COMPLETED,paid_search,paypal
69,8708.0,12-10-2024,completed,email,debit_card
70,8594.0,2024-04-22T05:46:31,completed,email,debit_card
71,2069.0,09/05/2025,completed,paid_search,debit_card
72,8598.0,18.02.2024,cancelled,referral,credit_card
73,6813.0,13.02.2025,completed,organic_search,debit_card
74,192.0,2025-04-14,completed,direct,paypal
75,2255.0,20/10/2024,cancelled,organic_search,bank_transfer
76,3800.0,17.05.2025,completed,referral,paypal
77,5368.0,02-11-2024,COMPLETED,direct,paypal
78,6495.0,02-20-2024,returned,organic_search,credit_card
79,1987.0,2025-10-19T13:34:21,completed,direct,debit_card
80,7737.0,03.12.2024,completed,organic_search,credit_card
81,7819.0,2024-05-25T05:49:08,completed,social_media,paypal
82,5859.0,2025-03-30T09:23:02,completed,paid_search,debit_card
83,8521.0,2025-09-18T14:05:56,completed,referral,paypal
84,7523.0,2024-08-20,completed,direct,debit_card
85,2083.0,09/06/2025,cancelled,direct,credit_card
86,7399.0,14/04/2024,completed,paid_search,bank_transfer
87,8793.0,2024-03-08T18:33:29,completed,email,debit_card
88,1326.0,06/04/2025,completed,direct,credit_card
89,9028.0,04-12-2025,completed,social_media,paypal
90,255.0,2025-06-19,completed,direct,debit_card
91,4829.0,08-20-2025,completed,organic_search,credit_card
92,7145.0,23.12.2025,cancelled,paid_search,credit_card
93,7317.0,2025-03-26,completed,email,debit_card
94,6791.0,2024-11-12,completed,referral,credit_card
95,4896.0,03/10/2025,completed,social_media,paypal
96,6021.0,07.10.2024,completed,email,paypal
97,6479.0,20/01/2025,completed,social_media,credit_card
98,4569.0,07/04/2024,completed,social_media,paypal
99,5489.0,05/02/2024,completed,referral,debit_card
100,7827.0,18/12/2025,completed,social_media,credit_card
101,2899.0,10-27-2025,completed,email,debit_card
102,4841.0,2025-07-31T01:34:23,completed,social_media,paypal
103,83.0,2024-12-27T12:24:09,completed,referral,bank_transfer
104,6375.0,10/07/2024,completed,email,credit_card
105,1858.0,2024-06-23T10:01:44,completed,social_media,paypal
106,4447.0,20.09.2024,cancelled,email,paypal
107,1987.0,18.04.2025,completed,direct,debit_card
108,239.0,13/08/2025,completed,organic_search,credit_card
109,4470.0,07-05-2025,completed,social_media,credit_card
110,3921.0,14/10/2024,completed,paid_search,paypal
111,3922.0,12-15-2025,completed,organic_search,bank_transfer
112,1971.0,28.08.2025,completed,social_media,credit_card
113,8743.0,2025-04-22,completed,email,paypal
114,34.0,2025-06-01T23:08:44,cancelled,direct,paypal
115,8244.0,01-02-2025,completed,referral,bank_transfer
116,6816.0,18/09/2024,completed,paid_search,paypal
117,1632.0,2024-12-01T12:43:18,completed,paid_search,bank_transfer
118,4365.0,2025-09-10,COMPLETED,email,paypal
119,9120.0,21/01/2024,completed,referral,credit_card
120,5943.0,14/05/2024,completed,referral,credit_card
121,1235.0,2024-03-02,completed,referral,bank_transfer
122,4222.0,24.02.2024,cancelled,direct,bank_transfer
123,4321.0,06/11/2025,completed,referral,paypal
124,7438.0,05/08/2025,RETURNED,referral,credit_card
125,8475.0,20/02/2025,completed,social_media,bank_transfer
126,802.0,26/04/2024,completed,referral,credit_card
127,2908.0,2025-03-07,completed,referral,credit_card
128,2784.0,2025-02-20T01:08:14,completed,social_media,debit_card
129,9192.0,2024-07-10T19:01:06,completed,paid_search,debit_card
130,5165.0,2025-01-15T08:32:35,COMPLETED,organic_search,debit_card
131,8135.0,22/12/2024,cancelled,social_media,credit_card
132,3930.0,2025-06-04,returned,organic_search,credit_card
133,6674.0,2025-06-17T05:29:39,cancelled,organic_search,bank_transfer
134,2686.0,01/03/2024,completed,direct,debit_card
135,8449.0,10/12/2024,completed,paid_search,debit_card
136,4201.0,11/06/2025,completed,organic_search,bank_transfer
137,7452.0,2025-03-16T15:59:24,completed,organic_search,bank_transfer
138,2405.0,06/11/2025,completed,email,bank_transfer
139,6428.0,04/07/2025,cancelled,direct,bank_transfer
140,3724.0,30/06/2024,completed,paid_search,paypal
141,313.0,03-29-2024,cancelled,organic_search,credit_card
142,3801.0,23.06.2025,completed,organic_search,credit_card
143,5071.0,06.02.2024,completed,referral,bank_transfer
144,1459.0,05-14-2025,completed,paid_search,paypal
145,1747.0,10.12.2025,completed,paid_search,credit_card
146,4294.0,07.05.2025,completed,referral,bank_transfer
147,3164.0,12-17-2024,completed,direct,paypal
148,4059.0,23/06/2025,completed,paid_search,paypal
149,4253.0,06/02/2025,completed,email,bank_transfer
150,1346.0,2025-04-16T11:29:44,completed,organic_search,paypal
151,1714.0,10.12.2025,completed,organic_search,debit_card
152,7841.0,16.12.2024,completed,email,bank_transfer
153,1546.0,17.12.2025,completed,social_media,credit_card
154,6166.0,11-26-2025,completed,paid_search,credit_card
155,3859.0,02.08.2024,completed,referral,bank_transfer
156,8937.0,2024-03-28T15:48:04,completed,paid_search,credit_card
157,644.0,29.04.2024,completed,direct,credit_card
158,7680.0,2024-01-26,COMPLETED,paid_search,paypal
159,4542.0,2024-04-23T23:10:47,completed,email,bank_transfer
160,53.0,2025-07-22T12:08:46,completed,organic_search,bank_transfer
161,2481.0,2024-03-30,completed,referral,bank_transfer
162,3753.0,11-10-2024,completed,organic_search,debit_card
163,2911.0,2025-11-01,completed,paid_search,debit_card
164,3343.0,02-02-2024,completed,referral,bank_transfer
165,8481.0,2025-10-15,cancelled,email,credit_card
166,3326.0,16/10/2024,completed,organic_search,paypal
167,3861.0,17.05.2024,completed,organic_search,paypal
168,7031.0,31.07.2025,completed,organic_search,paypal
169,7352.0,13/06/2025,completed,direct,bank_transfer
170,823.0,15.11.2025,completed,direct,bank_transfer
171,6517.0,2025-08-26T07:02:45,completed,social_media,debit_card
172,4465.0,10-08-2025,completed,referral,credit_card
173,1298.0,10-16-2024,completed,email,credit_card
174,2493.0,07-14-2024,completed,direct,debit_card
175,437.0,09-06-2025,completed,email,debit_card
176,3320.0,10/10/2025,completed,referral,debit_card
177,2402.0,12-28-2025,completed,referral,credit_card
178,3525.0,2024-12-29T03:31:53,completed,direct,bank_transfer
179,5356.0,2024-12-09T03:30:14,completed,paid_search,bank_transfer
180,6768.0,22.09.2025,completed,organic_search,bank_transfer
181,5580.0,11-22-2024,completed,referral,credit_card
182,6275.0,2025-12-06,completed,direct,debit_card
183,8008.0,07.11.2025,completed,direct,debit_card
184,8084.0,2025-01-11T21:44:27,completed,email,credit_card
185,7957.0,09-06-2025,returned,email,debit_card
186,1479.0,2025-09-08,completed,direct,debit_card
187,2360.0,02/05/2024,completed,direct,paypal
188,4644.0,11-25-2025,returned,email,paypal
189,3304.0,03-17-2025,returned,direct,bank_transfer
190,1277.0,22/10/2025,completed,social_media,credit_card
191,2696.0,2024-11-11,cancelled,direct,debit_card
192,8998.0,2025-11-22T12:43:32,cancelled,social_media,credit_card
193,3202.0,2024-12-17T14:02:08,completed,email,credit_card
194,3862.0,2024-01-16,completed,direct,bank_transfer
195,62.0,2025-11-26,completed,organic_search,paypal
196,6643.0,2024-04-20,completed,email,credit_card
197,3806.0,2024-11-10,completed,organic_search,debit_card
198,1016.0,13/12/2025,returned,direct,paypal
199,8940.0,13/12/2025,COMPLETED,paid_search,bank_transfer
200,7180.0,2025-05-05T09:54:15,completed,referral,paypal
201,6710.0,15.06.2025,cancelled,direct,debit_card
202,8842.0,2025-01-29,completed,paid_search,debit_card
203,3752.0,25/10/2024,COMPLETED,direct,credit_card
204,6634.0,11-16-2024,completed,social_media,debit_card
205,1948.0,07-14-2025,completed,social_media,paypal
206,6452.0,07.09.2025,completed,referral,credit_card
207,145.0,01/10/2025,completed,organic_search,bank_transfer
208,1222.0,09-30-2025,completed,paid_search,bank_transfer
209,3923.0,2024-04-20,COMPLETED,paid_search,paypal
210,122.0,2025-03-09T11:21:34,cancelled,organic_search,debit_card
211,4266.0,03-15-2024,completed,organic_search,debit_card
212,4836.0,2025-04-19,completed,social_media,bank_transfer
213,5727.0,2025-01-22T17:15:04,completed,social_media,debit_card
214,987.0,2025-11-19,completed,social_media,paypal
215,1712.0,2024-11-28,completed,referral,debit_card
216,5659.0,2024-05-15,completed,direct,paypal
217,6097.0,06-10-2024,COMPLETED,paid_search,bank_transfer
218,263.0,09-12-2025,completed,paid_search,debit_card
219,4990.0,06/06/2025,completed,social_media,credit_card
220,7257.0,30/04/2024,completed,direct,paypal
221,677.0,2024-04-12T12:55:38,completed,social_media,bank_transfer
222,3802.0,2025-08-03T06:48:10,completed,referral,debit_card
223,3022.0,04-01-2024,cancelled,email,bank_transfer
224,8463.0,19/10/2025,completed,referral,debit_card
225,1761.0,2025-08-07T03:50:29,completed,direct,paypal
226,2955.0,2024-04-10T00:51:26,completed,organic_search,bank_transfer
227,8314.0,04-13-2024,completed,social_media,debit_card
228,3061.0,2025-12-27,COMPLETED,email,bank_transfer
229,4913.0,2024-12-10,completed,referral,credit_card
230,328.0,08.12.2024,completed,email,paypal
231,9088.0,10-14-2025,returned,direct,bank_transfer
232,7631.0,12-12-2025,completed,referral,debit_card
233,5852.0,12-26-2025,completed,email,credit_card
234,598.0,2025-09-07,cancelled,referral,debit_card
235,735.0,11.12.2024,completed,direct,credit_card
236,5032.0,04-12-2024,completed,social_media,debit_card
237,2676.0,22.09.2025,returned,social_media,paypal
238,5739.0,04-25-2025,completed,referral,debit_card
239,5517.0,01-06-2025,COMPLETED,organic_search,credit_card
240,7755.0,27.11.2025,completed,email,debit_card
241,2644.0,2024-05-10T03:50:20,completed,social_media,credit_card
242,5345.0,2025-03-08,returned,social_media,bank_transfer
243,7180.0,17/01/2024,completed,direct,credit_card
244,4535.0,16.02.2025,completed,email,credit_card
245,7682.0,14/03/2024,returned,paid_search,credit_card
246,1273.0,17/05/2024,completed,email,debit_card
247,6783.0,2024-05-16,completed,referral,paypal
248,8700.0,2025-06-28T23:05:27,completed,referral,debit_card
249,3072.0,2025-09-03,completed,referral,debit_card
250,3375.0,12/05/2025,completed,referral,paypal
251,816.0,2025-12-18T23:13:18,completed,direct,debit_card
252,5918.0,2024-12-10,cancelled,referral,credit_card
253,5095.0,2024-10-19T03:02:17,completed,paid_search,bank_transfer
254,399.0,2025-11-11,completed,organic_search,debit_card
255,6954.0,08-28-2024,COMPLETED,referral,credit_card
256,7670.0,18/12/2025,completed,email,debit_card
257,8396.0,18.01.2024,completed,organic_search,paypal
258,5038.0,20.12.2025,COMPLETED,referral,paypal
259,4177.0,2024-02-28,completed,email,bank_transfer
260,8103.0,20.11.2025,completed,paid_search,paypal
261,3662.0,2025-04-03,completed,referral,credit_card
262,6068.0,2025-12-29T22:45:19,completed,organic_search,debit_card
263,5670.0,2024-04-02,cancelled,organic_search,credit_card
264,3431.0,04-22-2025,completed,email,credit_card
265,848.0,20.12.2025,completed,social_media,bank_transfer
266,219.0,03-31-2025,completed,social_media,paypal
267,3950.0,2025-06-14T18:42:13,completed,referral,bank_transfer
268,4449.0,2025-07-31T12:13:36,completed,direct,paypal
269,7612.0,03/02/2025,cancelled,social_media,credit_card
270,3815.0,06-12-2025,completed,organic_search,credit_card
271,2642.0,13/05/2025,completed,social_media,debit_card
272,4268.0,2025-11-24,cancelled,social_media,credit_card
273,,01.03.2024,completed,paid_search,paypal
274,896.0,15.10.2024,completed,referral,bank_transfer
275,1110.0,12-13-2025,completed,referral,debit_card
276,2965.0,2025-11-20,completed,paid_search,bank_transfer
277,127.0,2025-02-04T16:00:00,completed,referral,debit_card
278,2068.0,2025-06-07,cancelled,email,paypal
279,7286.0,12/10/2024,COMPLETED,social_media,paypal
280,2206.0,25/07/2024,completed,referral,paypal
281,1084.0,11/02/2025,completed,direct,credit_card
282,8760.0,11-29-2024,cancelled,direct,paypal
283,5735.0,2025-05-12,cancelled,direct,bank_transfer
284,590.0,06/04/2024,completed,organic_search,paypal
285,605.0,22.12.2025,completed,referral,paypal
286,5644.0,27.12.2025,completed,referral,paypal
287,4990.0,2025-08-01,completed,direct,paypal
288,668.0,2025-04-09,completed,direct,bank_transfer
289,2110.0,2024-11-05T19:03:26,completed,paid_search,paypal
290,8592.0,2025-10-14,completed,organic_search,debit_card
291,5290.0,2025-07-23,completed,social_media,bank_transfer
292,4055.0,30/06/2024,completed,paid_search,credit_card
293,2351.0,2025-11-29T04:06:12,completed,paid_search,credit_card
294,1296.0,19/10/2025,completed,direct,credit_card
295,3701.0,12-13-2025,completed,social_media,credit_card
296,8534.0,2025-08-20T21:02:04,completed,referral,paypal
297,479.0,2025-06-02,completed,social_media,paypal
298,9144.0,2024-12-31T06:06:23,completed,organic_search,paypal
299,1965.0,2025-12-07T03:34:34,completed,direct,debit_card
300,3761.0,10/11/2025,completed,organic_search,debit_card
301,437.0,2024-03-01T12:50:09,completed,email,credit_card
302,5373.0,06.02.2024,returned,social_media,bank_transfer
303,4471.0,2024-12-11T05:45:50,returned,email,credit_card
304,6168.0,12/10/2025,completed,direct,credit_card
305,5014.0,27.12.2025,COMPLETED,referral,debit_card
306,3658.0,2024-06-17T00:25:52,completed,social_media,paypal
307,6825.0,2025-05-20,completed,direct,credit_card
308,255.0,13/12/2024,cancelled,referral,debit_card
309,4998.0,20/12/2025,completed,direct,bank_transfer
310,1120.0,10-31-2025,completed,referral,bank_transfer
311,4022.0,29/10/2025,completed,direct,bank_transfer
312,7324.0,16/02/2025,RETURNED,social_media,debit_card
313,1369.0,2024-12-30T08:24:27,completed,social_media,paypal
314,,2024-10-09T10:52:20,completed,social_media,bank_transfer
315,8216.0,14.03.2024,completed,organic_search,credit_card
316,3820.0,09.11.2025,completed,social_media,credit_card
317,59.0,10-14-2025,completed,social_media,debit_card
318,7312.0,2025-12-31T18:01:15,completed,social_media,credit_card
319,8146.0,12-30-2025,completed,email,credit_card
320,1653.0,2025-04-23,completed,referral,debit_card
321,8475.0,17.09.2025,completed,direct,bank_transfer
322,8465.0,11/12/2025,completed,referral,credit_card
323,4357.0,2025-11-03T06:12:27,completed,email,paypal
324,7393.0,09-17-2024,completed,social_media,bank_transfer
325,4105.0,2025-01-31,completed,direct,debit_card
326,5213.0,2024-05-27T13:27:11,completed,referral,bank_transfer
327,,12-15-2025,completed,direct,debit_card
328,1513.0,2025-05-28,completed,direct,bank_transfer
329,6899.0,01/09/2024,completed,organic_search,debit_card
330,12.0,2025-07-13,completed,organic_search,credit_card
331,5356.0,05.06.2025,completed,social_media,credit_card
332,7999.0,02.12.2024,completed,organic_search,debit_card
333,2079.0,12.05.2024,completed,organic_search,credit_card
334,3082.0,13/07/2025,completed,social_media,debit_card
335,5401.0,2025-03-29,completed,direct,paypal
336,2319.0,2025-09-19T21:10:26,completed,direct,credit_card
337,7835.0,2025-03-29,completed,referral,paypal
338,3376.0,2025-11-04,cancelled,social_media,debit_card
339,5356.0,20.04.2025,completed,social_media,paypal
340,2128.0,04-27-2025,completed,paid_search,bank_transfer
341,409.0,14/11/2025,completed,email,paypal
342,1647.0,2024-12-24,completed,social_media,paypal
343,449.0,2024-06-01T05:47:08,cancelled,social_media,bank_transfer
344,4325.0,09/02/2024,completed,email,bank_transfer
345,5395.0,09-08-2025,completed,referral,paypal
346,433.0,07.06.2025,completed,direct,credit_card
347,885.0,05/08/2025,completed,social_media,credit_card
348,4483.0,18/08/2024,completed,referral,credit_card
349,7404.0,2024-06-03,completed,email,bank_transfer
350,5794.0,21.01.2024,completed,social_media,credit_card
351,1022.0,2024-11-28,completed,referral,credit_card
352,8209.0,2025-05-17T16:24:06,completed,referral,debit_card
353,8488.0,19.12.2024,completed,paid_search,paypal
354,3009.0,18/01/2025,cancelled,organic_search,debit_card
355,5677.0,2025-11-26T05:40:39,completed,direct,credit_card
356,4549.0,27.11.2024,completed,email,bank_transfer
357,8690.0,24/03/2025,completed,social_media,bank_transfer
358,4710.0,2025-09-26,completed,email,debit_card
359,8857.0,12-21-2024,completed,paid_search,debit_card
360,1893.0,06-08-2025,completed,organic_search,debit_card
361,3190.0,08/11/2025,completed,social_media,credit_card
362,7218.0,2025-12-13T21:00:04,completed,social_media,credit_card
363,7241.0,14/06/2024,cancelled,paid_search,credit_card
364,6766.0,05.12.2025,COMPLETED,direct,bank_transfer
365,7946.0,2025-03-07,completed,referral,bank_transfer
366,6502.0,27/09/2024,completed,referral,credit_card
367,5861.0,07.02.2025,completed,email,bank_transfer
368,4234.0,24/12/2025,completed,direct,debit_card
369,4309.0,08.03.2025,completed,direct,debit_card
370,3735.0,11-16-2024,completed,paid_search,credit_card
371,5715.0,16.06.2025,completed,referral,credit_card
372,3740.0,2024-09-11T14:16:12,completed,direct,paypal
373,1413.0,04.04.2024,COMPLETED,email,paypal
374,1041.0,27.05.2024,completed,paid_search,bank_transfer
375,8553.0,26/05/2024,completed,organic_search,paypal
376,252.0,19/06/2024,cancelled,organic_search,credit_card
377,1030.0,2024-06-06T15:26:35,completed,referral,paypal
378,4108.0,2025-06-22,CANCELLED,email,bank_transfer
379,2470.0,19.07.2024,returned,social_media,bank_transfer
380,3731.0,25.11.2024,completed,organic_search,debit_card
381,1146.0,23.11.2025,completed,social_media,credit_card
382,1270.0,20.02.2025,completed,direct,bank_transfer
383,7420.0,11.07.2025,completed,social_media,bank_transfer
384,7009.0,09/07/2024,completed,referral,bank_transfer
385,1022.0,2024-07-29T11:50:31,cancelled,paid_search,credit_card
386,6180.0,2024-02-25,returned,organic_search,debit_card
387,5618.0,06.07.2024,completed,direct,credit_card
388,6584.0,2024-10-13,completed,paid_search,paypal
389,4383.0,07-14-2024,completed,organic_search,paypal
390,2539.0,2024-04-17T09:37:27,completed,organic_search,debit_card
391,6150.0,05-19-2024,cancelled,referral,debit_card
392,3422.0,2025-02-09,completed,direct,debit_card
393,2060.0,2024-08-11,completed,direct,debit_card
394,3761.0,2024-12-05T06:04:51,completed,referral,bank_transfer
395,7049.0,16.03.2025,completed,direct,credit_card
396,4394.0,2025-07-27,cancelled,email,credit_card
397,2798.0,23.02.2024,completed,paid_search,debit_card
398,7697.0,2025-10-06T06:31:40,returned,email,debit_card
399,8155.0,12/06/2025,completed,organic_search,credit_card
400,4000.0,2024-04-10,completed,direct,paypal
401,3456.0,11-13-2025,completed,social_media,debit_card
402,5652.0,12-02-2025,completed,paid_search,paypal
403,572.0,19.03.2024,completed,social_media,paypal
404,6416.0,2024-10-12T21:08:09,completed,organic_search,debit_card
405,7229.0,10.10.2025,completed,organic_search,credit_card
406,3649.0,04.09.2025,completed,social_media,debit_card
407,1651.0,2024-07-21T11:30:44,completed,direct,bank_transfer
408,289.0,14/08/2024,completed,social_media,paypal
409,5873.0,2024-12-08,completed,paid_search,bank_transfer
410,2533.0,01.03.2025,completed,social_media,bank_transfer
411,4284.0,06-06-2025,completed,direct,bank_transfer
412,3556.0,07/12/2024,completed,organic_search,credit_card
413,1655.0,10/02/2025,completed,paid_search,debit_card
414,4705.0,2025-09-04,completed,referral,paypal
415,4239.0,02-19-2024,completed,referral,bank_transfer
416,5751.0,22/09/2024,completed,email,bank_transfer
417,2370.0,2025-08-12,completed,direct,paypal
418,2027.0,22/11/2025,completed,organic_search,bank_transfer
419,7540.0,22/03/2025,completed,referral,debit_card
420,6500.0,2025-04-06,completed,social_media,credit_card
421,7128.0,2024-05-06,completed,paid_search,credit_card
422,1195.0,01-28-2025,completed,paid_search,paypal
423,2107.0,2025-04-07T02:29:11,completed,paid_search,debit_card
424,5322.0,13.09.2024,RETURNED,organic_search,credit_card
425,7928.0,10-06-2024,completed,organic_search,credit_card
426,8250.0,12-11-2024,completed,social_media,bank_transfer
427,7698.0,28.01.2024,completed,paid_search,credit_card
428,423.0,12.11.2024,completed,email,credit_card
429,7600.0,2024-08-16T20:16:04,completed,paid_search,paypal
430,8322.0,2024-11-15,completed,paid_search,debit_card
431,559.0,2024-05-18,returned,organic_search,credit_card
432,3833.0,20.11.2025,cancelled,referral,credit_card
433,4952.0,19/05/2025,completed,organic_search,credit_card
434,2190.0,2025-07-19T02:28:42,completed,referral,credit_card
435,4784.0,30.09.2025,completed,direct,paypal
436,8197.0,12/03/2025,completed,organic_search,bank_transfer
437,8023.0,15.04.2024,COMPLETED,organic_search,bank_transfer
438,8670.0,2025-04-10,completed,paid_search,bank_transfer
439,4471.0,2025-05-15T00:46:06,completed,paid_search,paypal
440,3775.0,2025-09-02T23:20:18,completed,social_media,debit_card
441,6166.0,13/01/2025,COMPLETED,email,credit_card
442,3839.0,2024-05-26T03:02:15,completed,email,paypal
443,413.0,17/10/2024,cancelled,paid_search,paypal
444,6644.0,2024-12-04,completed,direct,credit_card
445,2640.0,25/06/2025,completed,direct,debit_card
446,482.0,2025-05-04,cancelled,referral,debit_card
447,210.0,12-01-2024,returned,referral,debit_card
448,8601.0,27.12.2025,completed,email,debit_card
449,2371.0,2025-05-28T21:36:58,cancelled,email,credit_card
450,4139.0,2024-09-09,completed,organic_search,credit_card
451,8773.0,2024-04-30T08:40:32,cancelled,direct,debit_card
452,4315.0,20/06/2024,COMPLETED,direct,debit_card
453,762.0,2024-09-16T19:34:47,completed,organic_search,bank_transfer
454,5090.0,28.06.2024,completed,direct,bank_transfer
455,863.0,07-23-2024,completed,organic_search,debit_card
456,935.0,10-18-2024,returned,referral,bank_transfer
457,7871.0,10/07/2024,completed,social_media,bank_transfer
458,2711.0,23/11/2025,completed,email,credit_card
459,6279.0,08/04/2024,completed,paid_search,credit_card
460,4711.0,2025-04-01T02:06:23,completed,direct,debit_card
461,2091.0,28/12/2024,completed,direct,paypal
462,4797.0,2025-12-25T04:55:01,completed,paid_search,debit_card
463,675.0,11/05/2024,completed,referral,bank_transfer
464,3204.0,12-21-2024,completed,paid_search,debit_card
465,4836.0,20/12/2025,completed,referral,debit_card
466,2153.0,10/11/2025,completed,email,paypal
467,6117.0,16.10.2025,completed,referral,paypal
468,505.0,09-26-2024,returned,referral,debit_card
469,4475.0,08/07/2024,completed,paid_search,bank_transfer
470,6598.0,11.07.2025,completed,organic_search,credit_card
471,3968.0,12-06-2025,completed,email,bank_transfer
472,8092.0,2025-04-24T03:10:39,cancelled,paid_search,debit_card
473,5828.0,2025-05-04,completed,direct,debit_card
474,8848.0,2024-10-14,completed,social_media,debit_card
475,2670.0,2025-09-17T01:07:32,completed,social_media,bank_transfer
476,8660.0,24.07.2024,completed,referral,paypal
477,5595.0,13/11/2024,completed,social_media,bank_transfer
478,6887.0,07.01.2025,completed,social_media,bank_transfer
479,8350.0,03-19-2025,completed,organic_search,paypal
480,5085.0,09-13-2024,completed,organic_search,debit_card
481,7975.0,05-13-2024,completed,direct,debit_card
482,5004.0,05-31-2025,completed,email,bank_transfer
483,5525.0,21/10/2024,completed,email,debit_card
484,4106.0,2025-05-11T14:20:56,completed,social_media,paypal
485,1396.0,06-21-2024,completed,email,credit_card
486,5106.0,26.02.2025,completed,referral,credit_card
487,9020.0,07.04.2025,completed,referral,debit_card
488,7282.0,2024-03-09,completed,email,bank_transfer
489,6909.0,2024-11-20,completed,email,bank_transfer
490,5940.0,06-01-2024,completed,direct,bank_transfer
491,3208.0,21.03.2024,completed,social_media,paypal
492,1610.0,2025-12-28T17:08:31,completed,direct,credit_card
493,2113.0,11-12-2024,returned,direct,paypal
494,61.0,10-12-2025,completed,referral,paypal
495,6234.0,2024-09-24,returned,organic_search,bank_transfer
496,7512.0,07-20-2025,completed,paid_search,debit_card
497,2532.0,12/09/2025,completed,referral,credit_card
498,901.0,21.05.2025,completed,organic_search,credit_card
499,3103.0,18.02.2025,cancelled,paid_search,paypal
500,2734.0,12-28-2024,completed,paid_search,debit_card
501,4165.0,27/11/2024,completed,direct,debit_card
502,2486.0,2025-12-06,completed,social_media,credit_card
503,3140.0,24.10.2025,completed,email,debit_card
504,8401.0,2025-12-19T07:40:18,completed,paid_search,debit_card
505,3099.0,2024-05-23,completed,social_media,debit_card
506,7263.0,24/08/2025,completed,referral,paypal
507,5769.0,09/12/2025,completed,social_media,bank_transfer
508,3117.0,07-18-2024,completed,referral,credit_card
509,7573.0,03-25-2024,completed,direct,bank_transfer
510,5482.0,2025-08-30,completed,paid_search,paypal
511,84.0,2025-05-06,completed,paid_search,paypal
512,673.0,10-31-2025,completed,organic_search,bank_transfer
513,6956.0,07/06/2024,completed,email,credit_card
514,4123.0,2025-10-03,completed,email,bank_transfer
515,3729.0,2024-08-07,completed,direct,paypal
516,1397.0,2024-06-30T00:30:35,completed,direct,bank_transfer
517,1496.0,2024-07-01T05:54:43,completed,paid_search,debit_card
518,7390.0,15/10/2025,completed,direct,paypal
519,7667.0,2025-07-09,completed,paid_search,paypal
520,5173.0,2025-03-31,completed,social_media,bank_transfer
521,2752.0,2024-12-02,completed,direct,bank_transfer
522,8613.0,2025-11-15,completed,organic_search,credit_card
523,5749.0,19/12/2024,completed,referral,paypal
524,7380.0,2025-10-16,completed,direct,credit_card
525,31.0,20/01/2025,completed,referral,debit_card
526,4158.0,11.12.2024,completed,direct,paypal
527,8049.0,10/02/2025,completed,referral,debit_card
528,3123.0,2024-10-31,completed,email,credit_card
529,6715.0,04/09/2025,completed,paid_search,paypal
530,6091.0,2025-03-15T01:28:21,completed,organic_search,credit_card
531,1466.0,04.09.2024,completed,organic_search,paypal
532,7158.0,11-24-2025,completed,organic_search,credit_card
533,1104.0,15/12/2024,completed,organic_search,debit_card
534,6722.0,14.04.2025,completed,email,bank_transfer
535,9144.0,27/11/2025,completed,email,debit_card
536,8842.0,10.06.2025,completed,email,credit_card
537,7415.0,15.05.2024,completed,paid_search,debit_card
538,4935.0,12-09-2025,completed,paid_search,debit_card
539,6247.0,2025-06-12,completed,direct,debit_card
540,6723.0,2024-11-19T10:02:41,completed,social_media,bank_transfer
541,82.0,2024-06-06,completed,referral,paypal
542,1006.0,2025-10-03,completed,referral,bank_transfer
543,5505.0,2025-06-07T04:12:44,completed,organic_search,bank_transfer
544,62.0,07/04/2025,completed,email,credit_card
545,8417.0,2025-11-22T07:02:59,returned,referral,credit_card
546,4521.0,29.09.2025,completed,email,credit_card
547,2425.0,2024-06-19T05:06:08,completed,social_media,paypal
548,3624.0,06/11/2024,completed,referral,credit_card
549,7866.0,2024-09-18T18:02:30,completed,organic_search,bank_transfer
550,8580.0,01/09/2025,COMPLETED,paid_search,debit_card
551,1137.0,2024-02-15,completed,referral,paypal
552,7184.0,03.05.2025,completed,direct,credit_card
553,5349.0,13.09.2025,cancelled,organic_search,credit_card
554,5382.0,14.11.2025,completed,email,credit_card
555,7199.0,2024-11-23T08:52:57,completed,direct,bank_transfer
556,2094.0,2025-10-19,cancelled,referral,debit_card
557,4910.0,2024-05-09,completed,direct,debit_card
558,2966.0,2025-11-02,completed,organic_search,debit_card
559,927.0,26/05/2024,completed,organic_search,paypal
560,1025.0,2024-12-21,returned,email,debit_card
561,1323.0,05.10.2025,completed,paid_search,bank_transfer
562,5668.0,2024-06-17,completed,direct,credit_card
563,1034.0,2024-09-02,completed,direct,paypal
564,5272.0,18.08.2025,completed,direct,debit_card
565,5410.0,16.08.2025,completed,social_media,bank_transfer
566,8364.0,2025-06-22T23:16:30,completed,referral,paypal
567,5775.0,29.07.2025,completed,referral,debit_card
568,9091.0,14/04/2025,cancelled,organic_search,debit_card
569,312.0,21.09.2024,completed,referral,paypal
570,6517.0,25/11/2024,cancelled,paid_search,bank_transfer
571,269.0,19/07/2024,COMPLETED,paid_search,bank_transfer
572,6740.0,11-28-2025,RETURNED,direct,bank_transfer
573,3556.0,05-12-2025,cancelled,paid_search,credit_card
574,5636.0,2024-12-23T11:21:28,completed,social_media,credit_card
575,2890.0,02-10-2025,completed,organic_search,bank_transfer
576,1508.0,2025-12-12T23:20:10,completed,email,credit_card
577,6682.0,06-20-2024,completed,direct,credit_card
578,8369.0,14/05/2025,completed,social_media,paypal
579,1743.0,18/03/2025,completed,email,debit_card
580,8519.0,2025-06-01,completed,social_media,paypal
581,1347.0,26/01/2024,cancelled,email,bank_transfer
582,6802.0,12.11.2025,completed,organic_search,bank_transfer
583,8853.0,07/12/2025,completed,direct,credit_card
584,1411.0,30.04.2025,completed,paid_search,bank_transfer
585,4015.0,31.07.2025,completed,email,credit_card
586,3116.0,03/12/2025,completed,referral,debit_card
587,3579.0,2025-08-08T06:31:59,COMPLETED,email,paypal
588,6960.0,2024-06-20T07:24:17,completed,email,credit_card
589,6125.0,07.05.2025,returned,social_media,bank_transfer
590,8941.0,28/05/2025,completed,direct,debit_card
591,1758.0,06.01.2025,completed,paid_search,bank_transfer
592,5021.0,27/08/2025,completed,email,paypal
593,4148.0,12-07-2025,returned,direct,paypal
594,8502.0,12-04-2025,completed,organic_search,bank_transfer
595,105.0,31/01/2025,completed,referral,bank_transfer
596,9124.0,2024-05-12,completed,email,paypal
597,4433.0,26.12.2025,completed,organic_search,debit_card
598,5765.0,29/10/2025,completed,paid_search,paypal
599,3320.0,2024-05-23T16:05:37,completed,referral,debit_card
600,7882.0,02/12/2025,completed,email,bank_transfer
601,5189.0,12/11/2025,completed,organic_search,debit_card
602,6140.0,2025-03-28,completed,paid_search,debit_card
603,5998.0,2025-05-18T19:50:39,completed,organic_search,credit_card
604,3353.0,2024-12-22,completed,email,credit_card
605,745.0,12.03.2024,completed,referral,debit_card
606,7481.0,19.11.2024,completed,direct,paypal
607,2714.0,2025-10-08T02:43:45,completed,direct,debit_card
608,7846.0,2024-01-07,completed,email,bank_transfer
609,5611.0,18/11/2024,COMPLETED,paid_search,bank_transfer
610,3261.0,12-22-2024,completed,referral,credit_card
611,5472.0,2025-04-10T23:05:14,completed,referral,debit_card
612,5959.0,2025-12-02,cancelled,social_media,debit_card
613,6534.0,2024-11-25,completed,social_media,credit_card
614,7607.0,26/11/2024,completed,social_media,credit_card
615,1515.0,28/08/2025,completed,social_media,paypal
616,8714.0,2025-02-01,completed,direct,bank_transfer
617,3778.0,29/08/2024,completed,paid_search,bank_transfer
618,7954.0,01/02/2025,completed,social_media,debit_card
619,2071.0,2024-06-08,completed,paid_search,debit_card
620,291.0,07-13-2024,completed,referral,paypal
621,5303.0,2025-03-12,completed,paid_search,credit_card
622,3008.0,01/01/2025,completed,referral,bank_transfer
623,9085.0,30/11/2025,completed,email,debit_card
624,1022.0,04.12.2024,completed,organic_search,paypal
625,461.0,2025-05-10,completed,direct,paypal
626,436.0,06-15-2025,completed,email,paypal
627,2047.0,01-19-2024,completed,direct,bank_transfer
628,5356.0,2025-07-08T21:51:22,completed,paid_search,bank_transfer
629,4677.0,07-15-2024,completed,social_media,debit_card
630,3233.0,2025-12-17T13:28:24,completed,referral,paypal
631,869.0,2024-06-16,completed,paid_search,debit_card
632,2198.0,2024-12-30,completed,paid_search,paypal
633,1749.0,2024-04-14T11:09:09,completed,social_media,paypal
634,6892.0,30/12/2025,completed,paid_search,credit_card
635,7203.0,15/03/2025,completed,direct,credit_card
636,7178.0,2025-05-21,cancelled,direct,bank_transfer
637,8945.0,2024-03-25T06:14:59,cancelled,email,credit_card
638,8182.0,2025-09-05,completed,direct,paypal
639,4595.0,08-15-2024,completed,organic_search,paypal
640,3820.0,2025-11-23T23:02:42,completed,social_media,paypal
641,8470.0,2024-08-10,completed,referral,debit_card
642,5635.0,28.07.2024,completed,referral,credit_card
643,2748.0,2024-02-19,completed,paid_search,debit_card
644,5215.0,18/02/2025,completed,paid_search,bank_transfer
645,9158.0,29/04/2025,cancelled,paid_search,debit_card
646,7853.0,2024-03-24,returned,social_media,credit_card
647,2643.0,2025-09-21,completed,social_media,paypal
648,8791.0,2025-02-02,completed,direct,bank_transfer
649,9056.0,2025-04-01T00:00:14,completed,social_media,debit_card
650,2175.0,2025-01-21T22:20:31,completed,paid_search,credit_card
651,8282.0,2024-12-23,completed,paid_search,debit_card
652,8170.0,2025-04-26T10:31:07,completed,direct,debit_card
653,393.0,2024-06-22,completed,paid_search,bank_transfer
654,6196.0,2024-07-19,completed,direct,bank_transfer
655,2848.0,08.11.2025,completed,referral,credit_card
656,6245.0,12-12-2025,completed,social_media,paypal
657,8463.0,09/12/2024,completed,direct,credit_card
658,4606.0,07.10.2024,completed,organic_search,credit_card
659,3815.0,2025-06-24,completed,social_media,paypal
660,8526.0,2024-12-27,completed,direct,debit_card
661,8985.0,2024-02-05T01:10:10,completed,social_media,debit_card
662,605.0,06-23-2024,completed,paid_search,paypal
663,8538.0,14/08/2025,cancelled,paid_search,bank_transfer
664,808.0,2025-07-04T09:40:51,completed,paid_search,paypal
665,3116.0,07/02/2024,completed,paid_search,debit_card
666,7045.0,26.08.2024,completed,direct,bank_transfer
667,7178.0,09-03-2024,returned,social_media,paypal
668,6707.0,14/07/2025,completed,paid_search,credit_card
669,387.0,01-28-2024,completed,referral,bank_transfer
670,1288.0,2024-05-03T05:42:52,completed,social_media,credit_card
671,8639.0,06.10.2025,completed,email,debit_card
672,793.0,2024-07-15T12:21:09,completed,social_media,debit_card
673,762.0,30/06/2025,COMPLETED,social_media,credit_card
674,7730.0,2024-09-09T16:54:21,completed,referral,paypal
675,5916.0,2024-04-28T05:07:36,completed,organic_search,credit_card
676,3246.0,14.09.2024,completed,referral,bank_transfer
677,1572.0,2025-08-18,completed,referral,credit_card
678,8181.0,11-06-2025,COMPLETED,organic_search,bank_transfer
679,9116.0,24/10/2025,completed,direct,paypal
680,487.0,21/12/2024,returned,email,bank_transfer
681,5113.0,2025-07-11,completed,direct,bank_transfer
682,2452.0,10.08.2024,completed,direct,paypal
683,7704.0,25/10/2024,completed,referral,credit_card
684,3194.0,11-22-2025,completed,paid_search,bank_transfer
685,6594.0,2024-01-19T03:37:48,completed,organic_search,debit_card
686,4983.0,04-14-2024,completed,social_media,debit_card
687,5002.0,13.08.2024,completed,email,debit_card
688,7936.0,2024-02-06T16:22:38,completed,email,credit_card
689,4347.0,18.07.2024,completed,paid_search,credit_card
690,7818.0,12.05.2025,COMPLETED,direct,paypal
691,3349.0,01-03-2025,completed,organic_search,bank_transfer
692,1654.0,21/11/2025,completed,social_media,paypal
693,4203.0,2025-10-16,completed,email,credit_card
694,4601.0,23.11.2024,cancelled,email,debit_card
695,4419.0,2024-09-28T01:58:09,completed,referral,debit_card
696,7485.0,13/12/2024,completed,direct,debit_card
697,5215.0,2025-05-17T13:47:21,cancelled,paid_search,credit_card
698,8215.0,2024-10-05T03:20:43,completed,referral,bank_transfer
699,4758.0,2025-06-10,completed,organic_search,debit_card
700,2115.0,2024-12-27,completed,paid_search,bank_transfer
701,1255.0,2025-04-20,cancelled,social_media,bank_transfer
702,8036.0,2025-01-17,cancelled,email,paypal
703,552.0,26/10/2024,completed,referral,debit_card
704,1148.0,2025-12-13T04:29:10,completed,social_media,credit_card
705,619.0,14.09.2025,completed,organic_search,bank_transfer
706,3909.0,07/06/2024,cancelled,social_media,bank_transfer
707,4921.0,11.11.2025,completed,direct,credit_card
708,203.0,2025-03-03T01:18:28,completed,paid_search,credit_card
709,4774.0,22.11.2025,completed,referral,bank_transfer
710,3623.0,2025-10-06T14:29:18,completed,paid_search,paypal
711,7142.0,07/01/2025,completed,email,debit_card
712,7676.0,2024-02-01T07:48:02,completed,email,paypal
713,6349.0,05/10/2024,completed,referral,credit_card
714,4376.0,13.04.2025,completed,direct,bank_transfer
715,2041.0,16/06/2025,completed,social_media,bank_transfer
716,7831.0,09-26-2024,completed,organic_search,paypal
717,3158.0,06-06-2024,completed,social_media,debit_card
718,3284.0,27.10.2025,completed,paid_search,paypal
719,8472.0,26.12.2025,completed,referral,credit_card
720,9000.0,02.04.2025,completed,social_media,debit_card
721,8310.0,2024-07-09,completed,referral,paypal
722,9211.0,08.10.2024,completed,paid_search,paypal
723,8041.0,2024-01-26T03:51:22,completed,email,bank_transfer
724,6519.0,30.11.2025,completed,organic_search,paypal
725,2746.0,16/05/2024,COMPLETED,email,bank_transfer
726,8791.0,2025-05-08T22:34:49,COMPLETED,referral,debit_card
727,8108.0,10/10/2024,cancelled,referral,debit_card
728,2266.0,22.04.2025,completed,paid_search,credit_card
729,4515.0,29.06.2025,completed,direct,paypal
730,686.0,24/10/2025,completed,organic_search,debit_card
731,8794.0,2024-08-11,cancelled,paid_search,debit_card
732,5298.0,2024-01-16,cancelled,referral,paypal
733,2306.0,2024-06-04,completed,direct,debit_card
734,2736.0,24.11.2025,cancelled,organic_search,credit_card
735,9046.0,2025-11-13T02:44:32,completed,referral,bank_transfer
736,5673.0,2025-05-22T16:18:14,completed,referral,credit_card
737,3883.0,24.05.2025,cancelled,email,paypal
738,4618.0,09/07/2025,completed,email,credit_card
739,969.0,12.07.2024,completed,organic_search,debit_card
740,736.0,30/11/2025,completed,direct,debit_card
741,5460.0,01-01-2025,completed,email,bank_transfer
742,4736.0,2024-12-14,completed,email,credit_card
743,3309.0,2025-03-28T14:16:02,completed,paid_search,debit_card
744,5229.0,2024-03-03T03:09:04,returned,direct,paypal
745,711.0,03/07/2024,completed,organic_search,bank_transfer
746,8713.0,2025-08-28T22:35:31,completed,organic_search,paypal
747,2746.0,04-11-2024,completed,referral,paypal
748,704.0,26.05.2025,completed,social_media,paypal
749,1609.0,2024-09-16T05:50:21,COMPLETED,paid_search,credit_card
750,938.0,17.12.2024,completed,referral,credit_card
751,1689.0,2024-10-21T21:28:06,completed,email,credit_card
752,3839.0,12-01-2024,completed,organic_search,credit_card
753,6828.0,08-16-2025,completed,direct,bank_transfer
754,2553.0,28.10.2024,completed,social_media,bank_transfer
755,4021.0,05-01-2025,completed,organic_search,debit_card
756,8590.0,22.02.2025,completed,paid_search,paypal
757,2758.0,08/07/2025,completed,direct,paypal
758,7360.0,12-08-2025,completed,referral,debit_card
759,1498.0,25/08/2025,completed,organic_search,credit_card
760,1686.0,19/08/2024,completed,social_media,bank_transfer
761,4208.0,12/02/2024,cancelled,email,credit_card
762,2201.0,2024-09-30T07:50:59,completed,organic_search,debit_card
763,8356.0,05-20-2025,completed,organic_search,credit_card
764,496.0,03-08-2024,completed,paid_search,paypal
765,5508.0,10/03/2025,completed,organic_search,bank_transfer
766,5569.0,22.05.2025,completed,direct,bank_transfer
767,643.0,19.11.2024,completed,organic_search,debit_card
768,6770.0,09-18-2025,completed,social_media,bank_transfer
769,4328.0,05.05.2024,completed,social_media,bank_transfer
770,6678.0,2024-04-03,completed,direct,debit_card
771,7646.0,2025-08-22T23:51:13,COMPLETED,referral,credit_card
772,2997.0,03-10-2025,completed,social_media,paypal
773,4472.0,07-26-2025,completed,paid_search,credit_card
774,2447.0,2025-01-16,COMPLETED,referral,paypal
775,1912.0,2024-09-17,completed,social_media,bank_transfer
776,8.0,17.10.2025,completed,email,credit_card
777,8891.0,06/10/2025,completed,paid_search,credit_card
778,4061.0,2025-07-30,completed,direct,paypal
779,133.0,2024-10-08T13:50:00,completed,organic_search,debit_card
780,87.0,17.05.2025,completed,direct,paypal
781,2701.0,03/12/2024,cancelled,paid_search,paypal
782,143.0,20/04/2024,completed,email,debit_card
783,3453.0,01.12.2025,completed,referral,debit_card
784,611.0,2024-06-04T23:20:21,COMPLETED,email,bank_transfer
785,389.0,2025-12-13T21:55:59,completed,direct,debit_card
786,6193.0,26.01.2025,completed,social_media,paypal
787,8392.0,2024-07-22T04:32:13,completed,organic_search,bank_transfer
788,3766.0,04-13-2025,completed,email,debit_card
789,7738.0,2025-11-13,completed,paid_search,credit_card
790,293.0,24.08.2025,returned,organic_search,debit_card
791,7182.0,10-10-2025,returned,organic_search,paypal
792,610.0,07-04-2025,completed,paid_search,bank_transfer
793,7752.0,28.07.2025,completed,direct,bank_transfer
794,8162.0,03.11.2025,completed,referral,bank_transfer
795,7268.0,09-19-2024,completed,referral,credit_card
796,7599.0,05/03/2025,cancelled,email,debit_card
797,5184.0,08-25-2024,completed,organic_search,credit_card
798,2494.0,27.12.2025,completed,paid_search,debit_card
799,5939.0,12-11-2025,completed,email,debit_card
800,4050.0,23.02.2024,returned,direct,paypal
801,53.0,06.08.2025,cancelled,social_media,credit_card
802,4404.0,04.12.2025,cancelled,organic_search,bank_transfer
803,6024.0,2024-07-18,completed,social_media,debit_card
804,143.0,02/05/2025,completed,direct,credit_card
805,5725.0,30/11/2025,completed,direct,debit_card
806,6039.0,02-16-2024,completed,referral,paypal
807,1498.0,01/08/2025,cancelled,social_media,credit_card
808,3980.0,28/10/2024,completed,email,bank_transfer
809,8897.0,12-04-2025,completed,email,paypal
810,8182.0,2025-12-21,completed,email,bank_transfer
811,3778.0,11/12/2025,completed,email,bank_transfer
812,3230.0,02-20-2025,completed,email,credit_card
813,1204.0,11-08-2025,completed,email,paypal
814,351.0,01/11/2025,completed,organic_search,bank_transfer
815,2774.0,11-10-2024,completed,paid_search,bank_transfer
816,8673.0,2025-10-23,completed,social_media,paypal
817,8848.0,20.02.2024,completed,direct,credit_card
818,7519.0,2025-05-21,completed,direct,credit_card
819,3237.0,02/09/2024,completed,social_media,paypal
820,1376.0,19/05/2024,returned,referral,bank_transfer
821,5487.0,2024-04-05,completed,referral,paypal
822,5971.0,2025-07-31T10:57:17,completed,paid_search,bank_transfer
823,3919.0,2024-11-22,completed,direct,debit_card
824,6419.0,19/08/2025,completed,email,credit_card
825,6900.0,2024-03-24,completed,organic_search,debit_card
826,7236.0,2024-11-08T22:10:37,completed,social_media,bank_transfer
827,4644.0,12.04.2025,COMPLETED,email,bank_transfer
828,7331.0,2025-10-01T17:57:49,completed,social_media,paypal
829,259.0,10.11.2024,COMPLETED,referral,paypal
830,6299.0,2025-06-11,completed,paid_search,credit_card
831,2216.0,18.11.2025,completed,direct,debit_card
832,2541.0,2025-06-04,completed,referral,credit_card
833,895.0,2024-09-05,completed,paid_search,credit_card
834,1825.0,2024-02-03,completed,email,debit_card
835,9156.0,12/11/2025,completed,email,paypal
836,3825.0,2024-01-30T01:03:20,completed,paid_search,debit_card
837,8586.0,2025-11-14T18:29:33,completed,direct,credit_card
838,1547.0,04/04/2025,completed,direct,paypal
839,1928.0,09/12/2025,completed,referral,bank_transfer
840,5149.0,05.10.2025,completed,social_media,credit_card
841,3225.0,31/12/2025,completed,social_media,paypal
842,5943.0,28/11/2024,completed,referral,credit_card
843,3897.0,09-16-2025,completed,organic_search,credit_card
844,7508.0,2024-12-23T20:25:41,completed,paid_search,paypal
845,3985.0,02-25-2025,completed,paid_search,debit_card
846,5292.0,12.06.2025,cancelled,paid_search,bank_transfer
847,2981.0,2025-11-13,completed,referral,debit_card
848,6516.0,12-26-2025,COMPLETED,direct,credit_card
849,6061.0,2025-09-17,completed,social_media,credit_card
850,3646.0,31.12.2024,completed,referral,debit_card
851,2595.0,2025-01-03,completed,social_media,paypal
852,5665.0,28/08/2025,completed,paid_search,bank_transfer
853,8703.0,10.09.2024,completed,referral,bank_transfer
854,1285.0,09.05.2024,COMPLETED,paid_search,debit_card
855,7403.0,30.11.2024,completed,paid_search,paypal
856,5018.0,2024-10-20,completed,referral,paypal
857,4866.0,27/10/2024,completed,email,debit_card
858,8870.0,09-06-2024,completed,organic_search,credit_card
859,5586.0,2024-02-26,returned,email,credit_card
860,7680.0,26.01.2024,completed,referral,paypal
861,4762.0,12-27-2025,completed,paid_search,debit_card
862,2348.0,2025-01-09,cancelled,organic_search,paypal
863,6432.0,2024-12-15,completed,paid_search,debit_card
864,8541.0,07-19-2025,cancelled,social_media,debit_card
865,7778.0,2024-08-23,completed,organic_search,bank_transfer
866,1886.0,13.12.2025,cancelled,email,debit_card
867,2939.0,28.09.2025,CANCELLED,direct,debit_card
868,4786.0,04-18-2024,completed,direct,paypal
869,5286.0,31.12.2024,completed,direct,debit_card
870,1842.0,2025-11-15T14:15:42,cancelled,social_media,debit_card
871,2166.0,11/12/2025,completed,paid_search,debit_card
872,7007.0,14/02/2025,completed,email,paypal
873,6748.0,06-02-2025,cancelled,organic_search,bank_transfer
874,7761.0,07-04-2024,completed,organic_search,credit_card
875,8613.0,2025-12-28T20:15:34,returned,direct,paypal
876,2880.0,2024-09-04,completed,social_media,bank_transfer
877,7946.0,11/12/2025,completed,paid_search,credit_card
878,6166.0,28/06/2025,completed,direct,debit_card
879,8840.0,29/05/2025,completed,social_media,bank_transfer
880,2550.0,2025-03-23,completed,organic_search,credit_card
881,2536.0,2024-09-03T14:57:51,returned,organic_search,bank_transfer
882,6518.0,14.07.2024,completed,social_media,debit_card
883,8589.0,2024-08-25,completed,paid_search,bank_transfer
884,7629.0,2024-07-23T11:13:29,completed,email,paypal
885,6720.0,2025-09-24T22:23:55,completed,social_media,debit_card
886,3568.0,11-28-2024,completed,social_media,credit_card
887,6627.0,15/03/2024,completed,social_media,debit_card
888,7426.0,2025-12-20T08:47:37,completed,paid_search,bank_transfer
889,6961.0,17/11/2025,completed,referral,paypal
890,6259.0,05/12/2025,completed,direct,paypal
891,460.0,2025-12-30T10:42:27,completed,referral,credit_card
892,6111.0,2024-07-11T08:04:23,completed,paid_search,debit_card
893,4418.0,21/12/2024,completed,email,bank_transfer
894,8869.0,09-10-2025,COMPLETED,paid_search,credit_card
895,5598.0,31/07/2025,completed,referral,credit_card
896,5608.0,2024-06-21,completed,paid_search,credit_card
897,9175.0,15.10.2025,completed,direct,credit_card
898,916.0,28.08.2024,completed,email,bank_transfer
899,2596.0,08-28-2024,completed,email,debit_card
900,6075.0,10/04/2025,completed,paid_search,bank_transfer
901,2923.0,19/05/2025,cancelled,referral,paypal
902,3195.0,10/05/2025,cancelled,referral,credit_card
903,8255.0,2024-04-20,completed,referral,credit_card
904,5356.0,15.11.2025,completed,referral,paypal
905,1012.0,2024-10-03,COMPLETED,paid_search,paypal
906,2890.0,2024-05-28T19:09:16,completed,organic_search,paypal
907,745.0,2025-11-19T00:34:28,completed,social_media,paypal
908,5135.0,15.12.2025,completed,email,credit_card
909,1644.0,11-08-2025,completed,paid_search,paypal
910,7928.0,12/10/2025,completed,direct,bank_transfer
911,5340.0,02/07/2025,returned,social_media,credit_card
912,584.0,20.04.2025,completed,direct,bank_transfer
913,2807.0,15/04/2024,cancelled,email,debit_card
914,5680.0,27/12/2024,completed,social_media,debit_card
915,3103.0,2024-12-09,completed,email,paypal
916,4748.0,28.09.2024,completed,email,credit_card
917,8423.0,2025-08-18T23:42:23,cancelled,organic_search,paypal
918,3232.0,10/03/2025,completed,paid_search,paypal
919,3103.0,2024-04-09T03:05:17,completed,social_media,credit_card
920,7588.0,24.08.2024,completed,referral,paypal
921,2960.0,2025-07-22T12:19:50,completed,direct,debit_card
922,759.0,04-04-2024,completed,organic_search,credit_card
923,1711.0,04.11.2025,completed,email,paypal
924,8758.0,09/03/2025,completed,direct,debit_card
925,8613.0,2025-02-26,completed,organic_search,paypal
926,2115.0,18/05/2025,completed,social_media,credit_card
927,5106.0,2025-10-21T02:11:22,completed,direct,bank_transfer
928,1323.0,26.11.2024,completed,social_media,debit_card
929,6246.0,2025-07-18,completed,direct,paypal
930,1756.0,30.04.2025,returned,paid_search,credit_card
931,485.0,2024-10-04T17:31:13,completed,referral,debit_card
932,7631.0,11-15-2025,completed,organic_search,debit_card
933,3014.0,05/10/2025,completed,social_media,bank_transfer
934,1060.0,2025-07-04T08:24:49,completed,paid_search,credit_card
935,7717.0,2025-11-03,completed,referral,bank_transfer
936,7045.0,11-10-2025,completed,paid_search,bank_transfer
937,6337.0,2025-08-08,completed,referral,paypal
938,8443.0,28/10/2025,completed,social_media,debit_card
939,4516.0,2025-08-01,completed,direct,bank_transfer
940,1242.0,20/07/2025,completed,direct,debit_card
941,601.0,06/06/2025,returned,paid_search,credit_card
942,2956.0,07.09.2025,cancelled,email,paypal
943,848.0,2024-06-26,completed,paid_search,debit_card
944,4943.0,16.11.2025,completed,social_media,paypal
945,147.0,2025-11-12,completed,direct,debit_card
946,4093.0,2024-02-10T12:51:35,completed,social_media,paypal
947,1688.0,2025-10-21,cancelled,organic_search,paypal
948,3393.0,2024-05-27T12:40:40,completed,paid_search,bank_transfer
949,6247.0,2024-11-19T18:01:17,COMPLETED,referral,paypal
950,3238.0,2025-09-01,completed,direct,debit_card
951,3155.0,2024-06-28T11:56:26,completed,email,debit_card
952,9141.0,2025-10-17T02:06:25,completed,email,paypal
953,6638.0,2025-10-25,cancelled,referral,bank_transfer
954,4754.0,2025-03-19T04:40:38,completed,social_media,credit_card
955,5356.0,10.01.2024,cancelled,referral,debit_card
956,5715.0,20/10/2024,completed,referral,bank_transfer
957,250.0,06-05-2025,completed,email,bank_transfer
958,778.0,12-25-2025,completed,social_media,debit_card
959,6003.0,15/06/2025,returned,organic_search,paypal
960,3358.0,28.09.2024,completed,email,paypal
961,543.0,2025-06-17T04:49:04,completed,paid_search,paypal
962,2775.0,12/04/2025,completed,referral,debit_card
963,1264.0,2025-09-24,completed,social_media,paypal
964,8477.0,2024-05-05,completed,referral,bank_transfer
965,1922.0,2025-09-12T00:31:09,completed,email,paypal
966,1377.0,2025-04-13,COMPLETED,organic_search,bank_transfer
967,5773.0,18.12.2025,completed,social_media,paypal
968,4827.0,2024-11-23,completed,organic_search,bank_transfer
969,5324.0,16/06/2025,completed,organic_search,bank_transfer
970,4021.0,2025-12-07T03:45:50,completed,direct,paypal
971,4310.0,2024-05-01,completed,direct,paypal
972,7192.0,12-08-2025,completed,referral,debit_card
973,2068.0,07-25-2025,cancelled,email,debit_card
974,3643.0,2024-03-26T06:47:39,returned,direct,paypal
975,8841.0,10-31-2024,completed,paid_search,paypal
976,1804.0,08/08/2025,completed,social_media,paypal
977,2746.0,03-26-2024,completed,paid_search,credit_card
978,1818.0,05-11-2025,completed,organic_search,bank_transfer
979,209.0,25.11.2024,completed,email,debit_card
980,2538.0,2025-06-07T16:41:49,completed,direct,debit_card
981,453.0,02/03/2024,completed,referral,credit_card
982,1490.0,12.11.2025,cancelled,organic_search,paypal
983,3343.0,22/12/2025,completed,email,paypal
984,212.0,20/12/2025,completed,organic_search,credit_card
985,6957.0,2025-09-05,completed,organic_search,credit_card
986,7370.0,28/05/2024,completed,organic_search,credit_card
987,3783.0,2025-09-10T02:26:46,returned,email,bank_transfer
988,9086.0,04/02/2024,completed,organic_search,paypal
989,6283.0,2024-01-31T20:45:32,completed,direct,bank_transfer
990,6881.0,13/11/2024,completed,organic_search,paypal
991,1825.0,04.03.2025,completed,email,paypal
992,7745.0,18.09.2025,cancelled,email,debit_card
993,8723.0,22.07.2025,completed,direct,credit_card
994,2223.0,26/01/2025,completed,referral,paypal
995,6366.0,09/10/2024,completed,referral,paypal
996,6904.0,30.12.2025,completed,direct,debit_card
997,2848.0,01-08-2025,CANCELLED,paid_search,paypal
998,4388.0,2025-01-31T19:00:46,returned,social_media,bank_transfer
999,956.0,30/06/2024,completed,social_media,debit_card
1000,1642.0,03/10/2025,completed,social_media,debit_card
1001,601.0,2025-07-29,completed,referral,paypal
1002,5173.0,2024-08-25,completed,organic_search,bank_transfer
1003,5763.0,2024-04-11T12:11:24,completed,organic_search,credit_card
1004,8474.0,2025-07-20T06:59:06,completed,paid_search,paypal
1005,5010.0,01.07.2025,completed,social_media,paypal
1006,2447.0,2024-10-09,COMPLETED,referral,debit_card
1007,584.0,2025-12-13T22:57:12,cancelled,organic_search,credit_card
1008,8188.0,06-18-2024,completed,organic_search,bank_transfer
1009,4425.0,14.01.2025,completed,social_media,debit_card
1010,6820.0,11.12.2025,completed,email,credit_card
1011,148.0,01-02-2025,completed,email,credit_card
1012,4508.0,2025-06-20,completed,organic_search,bank_transfer
1013,3015.0,21.12.2024,completed,organic_search,credit_card
1014,305.0,2024-10-10,completed,email,credit_card
1015,7163.0,26.12.2025,cancelled,email,debit_card
1016,4745.0,12-27-2024,completed,email,bank_transfer
1017,3084.0,22/11/2025,completed,email,bank_transfer
1018,7468.0,02.09.2024,completed,direct,bank_transfer
1019,4128.0,2024-08-18T15:47:45,completed,email,credit_card
1020,34.0,2024-02-12,returned,referral,bank_transfer
1021,8717.0,2025-06-29T21:12:20,COMPLETED,referral,debit_card
1022,2404.0,12-07-2024,completed,referral,bank_transfer
1023,7681.0,09/11/2025,COMPLETED,email,debit_card
1024,7562.0,02-20-2025,completed,referral,paypal
1025,1544.0,2025-12-20T13:06:41,completed,paid_search,bank_transfer
1026,4381.0,22.07.2024,completed,email,debit_card
1027,397.0,11/11/2025,completed,social_media,paypal
1028,3269.0,22/09/2025,completed,social_media,bank_transfer
1029,6754.0,09-18-2025,completed,organic_search,debit_card
1030,2229.0,01/11/2025,completed,email,credit_card
1031,1143.0,2025-09-12,cancelled,organic_search,debit_card
1032,4695.0,2025-06-11,completed,referral,credit_card
1033,4958.0,2024-05-29,completed,organic_search,credit_card
1034,6252.0,14.02.2024,completed,referral,paypal
1035,7009.0,2025-12-02,completed,organic_search,credit_card
1036,6441.0,04/06/2025,completed,paid_search,bank_transfer
1037,7817.0,2025-10-04,completed,direct,paypal
1038,2095.0,27.02.2025,cancelled,social_media,credit_card
1039,5268.0,2024-05-16T01:20:49,completed,email,bank_transfer
1040,3320.0,23/05/2024,completed,social_media,paypal
1041,8875.0,23/07/2025,completed,paid_search,debit_card
1042,4054.0,12/01/2025,completed,paid_search,bank_transfer
1043,8855.0,06.08.2024,completed,direct,paypal
1044,7103.0,03-07-2025,COMPLETED,organic_search,debit_card
1045,6634.0,22.03.2024,completed,email,bank_transfer
1046,4543.0,05-11-2025,completed,direct,bank_transfer
1047,4089.0,06/10/2024,completed,social_media,bank_transfer
1048,4873.0,2025-10-05T13:59:04,completed,referral,paypal
1049,2746.0,05.11.2024,completed,email,credit_card
1050,8368.0,04/02/2025,COMPLETED,paid_search,paypal
1051,7357.0,17/01/2024,completed,email,bank_transfer
1052,7429.0,2024-03-31T09:48:50,completed,paid_search,debit_card
1053,3999.0,2024-12-19,completed,social_media,credit_card
1054,697.0,25/02/2025,completed,paid_search,credit_card
1055,6328.0,2025-05-24,completed,organic_search,credit_card
1056,3452.0,2024-10-24,completed,email,paypal
1057,8045.0,07-30-2025,completed,paid_search,debit_card
1058,7209.0,2025-11-08,completed,direct,paypal
1059,1393.0,09-24-2025,cancelled,paid_search,credit_card
1060,5547.0,2024-02-23T19:06:13,completed,social_media,credit_card
1061,6419.0,26/02/2025,completed,social_media,bank_transfer
1062,5250.0,03.05.2024,completed,email,debit_card
1063,4756.0,13/09/2024,completed,referral,paypal
1064,2148.0,2025-12-27T22:01:57,completed,social_media,bank_transfer
1065,2219.0,2024-06-09,completed,paid_search,paypal
1066,7092.0,12/03/2025,completed,paid_search,bank_transfer
1067,190.0,05/06/2025,completed,referral,credit_card
1068,7193.0,08-04-2025,completed,social_media,credit_card
1069,4876.0,2025-04-26,completed,social_media,debit_card
1070,8639.0,14/01/2024,completed,direct,bank_transfer
1071,9205.0,14.11.2024,COMPLETED,organic_search,credit_card
1072,6147.0,2025-03-27,completed,social_media,bank_transfer
1073,3793.0,16.04.2024,completed,email,debit_card
1074,4388.0,28/11/2024,cancelled,organic_search,credit_card
1075,1930.0,15/02/2024,completed,direct,debit_card
1076,975.0,07.04.2024,completed,social_media,bank_transfer
1077,5355.0,2024-12-21T18:11:21,completed,paid_search,credit_card
1078,7467.0,31/05/2024,completed,social_media,credit_card
1079,2457.0,2025-05-01,completed,direct,credit_card
1080,3871.0,2025-07-26T06:00:43,completed,paid_search,paypal
1081,5120.0,06/10/2025,completed,social_media,bank_transfer
1082,8404.0,2024-08-06T11:48:43,completed,social_media,debit_card
1083,1336.0,04/07/2024,completed,referral,credit_card
1084,2229.0,2024-05-03,completed,social_media,bank_transfer
1085,8499.0,18.06.2025,completed,paid_search,credit_card
1086,391.0,08-07-2025,returned,referral,paypal
1087,6076.0,13/02/2024,completed,referral,bank_transfer
1088,5898.0,2025-12-08,completed,paid_search,paypal
1089,3538.0,03-09-2024,completed,organic_search,bank_transfer
1090,4321.0,2025-04-13T04:50:01,completed,organic_search,bank_transfer
1091,7906.0,2025-08-09,cancelled,paid_search,credit_card
1092,1565.0,2025-11-12,completed,paid_search,debit_card
1093,2180.0,12/08/2025,completed,email,bank_transfer
1094,4740.0,2025-10-07T23:45:04,completed,referral,paypal
1095,3768.0,22.11.2024,completed,paid_search,credit_card
1096,5309.0,10-15-2025,completed,email,paypal
1097,8519.0,04-08-2024,completed,social_media,paypal
1098,8485.0,22.11.2025,completed,organic_search,debit_card
1099,2166.0,04-17-2025,completed,paid_search,debit_card
1100,2817.0,16/10/2025,completed,paid_search,paypal
1101,1541.0,02-01-2025,completed,referral,paypal
1102,8586.0,2025-06-23,completed,organic_search,paypal
1103,3654.0,04-02-2025,completed,direct,bank_transfer
1104,4153.0,2025-08-24,completed,referral,bank_transfer
1105,7441.0,10.04.2024,completed,social_media,credit_card
1106,4746.0,18/03/2024,completed,email,paypal
1107,1170.0,2024-09-17T19:44:12,COMPLETED,social_media,credit_card
1108,4037.0,27/06/2024,completed,paid_search,paypal
1109,5812.0,2025-11-12T05:09:59,completed,referral,credit_card
1110,6640.0,2024-08-24,completed,referral,credit_card
1111,5958.0,23.12.2025,completed,referral,bank_transfer
1112,1166.0,20.11.2024,completed,organic_search,bank_transfer
1113,2840.0,2024-07-19T20:45:36,completed,organic_search,credit_card
1114,6779.0,09-30-2025,completed,organic_search,bank_transfer
1115,8137.0,04.07.2025,completed,organic_search,debit_card
1116,461.0,03-12-2025,completed,paid_search,credit_card
1117,417.0,2025-04-23,completed,email,paypal
1118,5941.0,16/08/2025,completed,email,credit_card
1119,5054.0,01/09/2024,completed,email,paypal
1120,1496.0,30/12/2025,completed,direct,credit_card
1121,5057.0,2025-12-22T07:06:34,completed,social_media,bank_transfer
1122,8988.0,2025-06-28T14:36:03,completed,email,credit_card
1123,5816.0,08-05-2024,completed,organic_search,debit_card
1124,4148.0,20/07/2025,returned,paid_search,paypal
1125,7652.0,03-31-2024,completed,email,debit_card
1126,2009.0,02-11-2024,cancelled,social_media,credit_card
1127,3815.0,09-26-2024,cancelled,direct,bank_transfer
1128,4887.0,10.02.2025,completed,referral,paypal
1129,4665.0,2025-11-11,completed,paid_search,debit_card
1130,8520.0,08-21-2025,completed,organic_search,bank_transfer
1131,2737.0,31.08.2025,completed,direct,debit_card
1132,557.0,07/01/2025,completed,organic_search,paypal
1133,8477.0,25/11/2024,COMPLETED,email,credit_card
1134,2049.0,2024-12-08T01:41:28,completed,social_media,bank_transfer
1135,3498.0,2025-12-27,completed,paid_search,debit_card
1136,4909.0,24/02/2024,completed,organic_search,paypal
1137,9002.0,2025-11-10,completed,direct,debit_card
1138,4940.0,09/05/2025,completed,referral,debit_card
1139,4137.0,2025-01-19,completed,social_media,credit_card
1140,5368.0,08-20-2025,completed,email,bank_transfer
1141,8957.0,03-03-2025,COMPLETED,organic_search,paypal
1142,7574.0,2025-11-13,completed,email,paypal
1143,1602.0,24/11/2025,completed,email,paypal
1144,7448.0,2025-01-04,completed,organic_search,debit_card
1145,7777.0,2024-10-12,COMPLETED,social_media,credit_card
1146,6409.0,2025-05-18T00:01:16,completed,paid_search,paypal
1147,6086.0,11-29-2025,completed,direct,paypal
1148,4060.0,2024-08-16,completed,social_media,paypal
1149,5920.0,09.06.2025,completed,referral,paypal
1150,6823.0,06-15-2025,completed,referral,paypal
1151,1195.0,2025-08-25T10:45:38,completed,paid_search,bank_transfer
1152,2421.0,30.05.2024,completed,organic_search,bank_transfer
1153,1845.0,08-13-2025,completed,organic_search,credit_card
1154,7778.0,2025-11-28,returned,direct,bank_transfer
1155,6294.0,07-17-2024,completed,email,debit_card
1156,4164.0,2024-09-09,completed,organic_search,credit_card
1157,7641.0,2025-12-21T07:05:22,returned,social_media,debit_card
1158,6617.0,07-18-2024,completed,social_media,debit_card
1159,8463.0,05/11/2025,completed,paid_search,bank_transfer
1160,748.0,03-07-2025,completed,organic_search,debit_card
1161,4714.0,2024-09-17,completed,email,debit_card
1162,6535.0,11-12-2025,completed,email,credit_card
1163,1961.0,2025-01-26,COMPLETED,paid_search,debit_card
1164,3023.0,2025-03-24T12:32:27,completed,referral,debit_card
1165,3863.0,02/12/2024,completed,email,bank_transfer
1166,7357.0,19/05/2025,completed,paid_search,paypal
1167,4560.0,06-30-2024,returned,email,paypal
1168,4553.0,18.12.2024,COMPLETED,direct,debit_card
1169,3978.0,2025-12-20T05:48:34,completed,organic_search,debit_card
1170,2155.0,27/09/2024,returned,social_media,bank_transfer
1171,8541.0,2025-07-03,completed,email,credit_card
1172,2950.0,2024-11-14T14:06:25,completed,organic_search,debit_card
1173,5243.0,20.09.2025,completed,referral,bank_transfer
1174,1425.0,05-29-2024,completed,referral,bank_transfer
1175,4006.0,12-20-2025,COMPLETED,paid_search,bank_transfer
1176,8364.0,02/02/2025,completed,paid_search,credit_card
1177,9186.0,2024-09-08,completed,organic_search,credit_card
1178,3336.0,2024-04-01,completed,organic_search,bank_transfer
1179,1485.0,07/07/2024,completed,email,bank_transfer
1180,2915.0,03-28-2025,completed,organic_search,credit_card
1181,3023.0,2024-11-20T11:32:45,completed,social_media,paypal
1182,5949.0,23.10.2025,completed,email,debit_card
1183,4580.0,2025-01-12,completed,email,credit_card
1184,7097.0,2024-09-19,completed,social_media,debit_card
1185,6495.0,2025-06-05,completed,paid_search,bank_transfer
1186,2363.0,08-07-2025,completed,organic_search,credit_card
1187,7248.0,2024-07-04T22:58:04,completed,direct,debit_card
1188,7835.0,07-05-2024,completed,organic_search,credit_card
1189,5518.0,2024-02-19,completed,email,debit_card
1190,8585.0,08-27-2025,CANCELLED,direct,paypal
1191,7235.0,07-08-2025,cancelled,referral,bank_transfer
1192,5486.0,2025-02-21,completed,paid_search,bank_transfer
1193,8386.0,2025-11-01T22:47:34,completed,direct,debit_card
1194,5536.0,10/10/2025,completed,organic_search,bank_transfer
1195,4824.0,05-14-2025,COMPLETED,social_media,credit_card
1196,3284.0,11-11-2025,completed,organic_search,debit_card
1197,8168.0,08-11-2024,completed,email,paypal
1198,1194.0,10.05.2024,returned,paid_search,debit_card
1199,4376.0,10-06-2024,cancelled,organic_search,debit_card
1200,4962.0,15/03/2024,COMPLETED,email,credit_card
1201,5119.0,2025-04-06T08:03:59,completed,email,paypal
1202,6032.0,12-08-2025,completed,direct,debit_card
1203,4679.0,23.02.2024,cancelled,organic_search,credit_card
1204,2415.0,2024-05-20,completed,organic_search,credit_card
1205,7927.0,2025-02-01,returned,email,debit_card
1206,6090.0,07.12.2025,completed,referral,paypal
1207,7938.0,09/11/2024,completed,organic_search,bank_transfer
1208,2595.0,03-19-2025,completed,direct,paypal
1209,5871.0,25/02/2024,completed,referral,bank_transfer
1210,6591.0,06-15-2024,returned,organic_search,paypal
1211,3540.0,2025-12-27T15:26:51,completed,referral,bank_transfer
1212,7517.0,19.12.2025,completed,referral,credit_card
1213,25.0,2024-01-07T10:47:55,completed,social_media,credit_card
1214,5480.0,12-14-2025,completed,social_media,debit_card
1215,5660.0,2025-06-20T17:10:26,completed,direct,credit_card
1216,4933.0,11.11.2025,completed,direct,credit_card
1217,5808.0,2025-02-03T21:54:05,completed,email,bank_transfer
1218,1588.0,2025-03-25,COMPLETED,paid_search,bank_transfer
1219,6348.0,2025-03-05T20:29:06,completed,paid_search,bank_transfer
1220,3103.0,07-10-2025,returned,paid_search,debit_card
1221,4175.0,07.06.2024,completed,social_media,bank_transfer
1222,3083.0,2024-02-11,completed,social_media,bank_transfer
1223,4381.0,11-04-2024,completed,referral,credit_card
1224,5727.0,2025-08-06,completed,organic_search,credit_card
1225,7752.0,07.08.2024,completed,email,paypal
1226,4471.0,15.07.2025,completed,paid_search,debit_card
1227,3000.0,12-20-2025,completed,social_media,credit_card
1228,4507.0,04-22-2024,completed,email,paypal
1229,6390.0,14/07/2025,completed,referral,credit_card
1230,3199.0,24/01/2025,completed,direct,debit_card
1231,3815.0,2025-11-11T01:37:50,completed,social_media,bank_transfer
1232,5199.0,2024-07-14T08:32:16,completed,direct,paypal
1233,2748.0,2025-07-28T16:08:04,completed,paid_search,credit_card
1234,1974.0,28.10.2025,COMPLETED,paid_search,credit_card
1235,1350.0,2025-12-11T16:32:18,returned,paid_search,debit_card
1236,3250.0,07-22-2025,completed,direct,credit_card
1237,474.0,2025-03-11T02:27:41,completed,direct,bank_transfer
1238,5368.0,06-05-2025,completed,organic_search,bank_transfer
1239,1666.0,2025-11-11T21:48:08,completed,paid_search,bank_transfer
1240,3481.0,03.05.2025,completed,referral,debit_card
1241,2534.0,11/02/2024,completed,direct,paypal
1242,5811.0,06/12/2025,COMPLETED,email,paypal
1243,7862.0,26.07.2025,completed,email,debit_card
1244,5839.0,17.07.2025,completed,email,bank_transfer
1245,5012.0,2024-08-20,cancelled,email,paypal
1246,6190.0,04.07.2025,completed,organic_search,credit_card
1247,301.0,20.12.2024,completed,organic_search,bank_transfer
1248,1195.0,2025-06-29T17:38:17,completed,organic_search,debit_card
1249,932.0,05/05/2024,completed,social_media,bank_transfer
1250,965.0,04.07.2025,cancelled,organic_search,debit_card
1251,2446.0,31.12.2025,COMPLETED,organic_search,paypal
1252,4917.0,2024-03-04,completed,paid_search,credit_card
1253,1124.0,23/12/2025,completed,social_media,debit_card
1254,8627.0,2024-12-26T01:06:55,COMPLETED,referral,debit_card
1255,7899.0,12/11/2025,completed,paid_search,credit_card
1256,8962.0,26.09.2025,returned,organic_search,bank_transfer
1257,419.0,01.05.2025,completed,organic_search,debit_card
1258,7870.0,08-29-2025,completed,organic_search,debit_card
1259,7452.0,15.11.2025,completed,organic_search,credit_card
1260,8349.0,25/12/2024,completed,organic_search,debit_card
1261,4888.0,15/11/2024,completed,email,debit_card
1262,7290.0,07-11-2025,completed,referral,paypal
1263,500.0,10-11-2025,returned,referral,credit_card
1264,744.0,2025-09-13T13:52:19,COMPLETED,paid_search,paypal
1265,1158.0,2025-10-05,COMPLETED,organic_search,bank_transfer
1266,8466.0,17/01/2025,completed,organic_search,paypal
1267,601.0,17.10.2025,completed,referral,debit_card
1268,985.0,05-19-2024,cancelled,paid_search,debit_card
1269,8596.0,2025-04-15,completed,referral,paypal
1270,1048.0,09/01/2024,completed,paid_search,credit_card
1271,8045.0,2024-11-13,returned,social_media,bank_transfer
1272,7307.0,2024-12-06T23:01:05,completed,paid_search,paypal
1273,398.0,12-21-2024,completed,organic_search,credit_card
1274,222.0,07-31-2025,completed,direct,debit_card
1275,4934.0,2024-12-17,completed,social_media,paypal
1276,9203.0,2025-01-29,completed,direct,credit_card
1277,8129.0,09-09-2024,completed,referral,bank_transfer
1278,2890.0,2024-12-09T07:59:54,completed,direct,credit_card
1279,3556.0,2024-08-31,completed,social_media,paypal
1280,3574.0,01.04.2024,completed,organic_search,paypal
1281,6785.0,26/05/2025,completed,social_media,debit_card
1282,3152.0,2025-07-11,completed,paid_search,debit_card
1283,1416.0,06/06/2025,completed,paid_search,bank_transfer
1284,6906.0,02-11-2025,cancelled,organic_search,debit_card
1285,4224.0,13.12.2024,completed,organic_search,bank_transfer
1286,748.0,2025-11-09T08:53:21,completed,paid_search,paypal
1287,7314.0,2025-03-28T10:52:08,completed,email,paypal
1288,5379.0,25/02/2025,COMPLETED,paid_search,credit_card
1289,4517.0,2024-02-05,completed,organic_search,credit_card
1290,6233.0,2024-11-23,completed,organic_search,credit_card
1291,4675.0,12-13-2024,completed,email,paypal
1292,5993.0,12-22-2024,completed,social_media,bank_transfer
1293,8029.0,2025-05-10T03:57:22,returned,organic_search,debit_card
1294,5659.0,2025-04-07T07:32:13,completed,email,debit_card
1295,6110.0,2025-05-29T06:52:20,completed,referral,paypal
1296,5662.0,2025-09-14T08:36:16,completed,organic_search,bank_transfer
1297,4912.0,14/10/2025,completed,paid_search,credit_card
1298,1630.0,2025-08-15T03:07:11,completed,email,paypal
1299,3103.0,2025-12-15,completed,referral,bank_transfer
1300,6423.0,01-26-2024,completed,referral,bank_transfer
1301,3926.0,02.08.2024,completed,organic_search,debit_card
1302,3735.0,11/01/2024,completed,social_media,credit_card
1303,7011.0,2025-06-26,cancelled,paid_search,bank_transfer
1304,55.0,2025-11-23,completed,social_media,bank_transfer
1305,6283.0,14.09.2024,completed,social_media,credit_card
1306,4516.0,05.12.2025,completed,direct,paypal
1307,3474.0,2024-03-18T13:57:06,completed,email,paypal
1308,3148.0,07.12.2025,completed,paid_search,paypal
1309,1639.0,28.11.2024,completed,email,paypal
1310,3094.0,30/04/2024,completed,email,credit_card
1311,3601.0,02.03.2025,cancelled,social_media,credit_card
1312,4032.0,09-25-2024,completed,social_media,debit_card
1313,6222.0,18.10.2024,completed,organic_search,paypal
1314,4184.0,11-04-2024,completed,direct,bank_transfer
1315,7378.0,10-08-2025,completed,email,bank_transfer
1316,5900.0,11/04/2025,completed,paid_search,paypal
1317,1799.0,11-06-2024,completed,email,paypal
1318,2606.0,31.05.2025,completed,paid_search,bank_transfer
1319,770.0,2025-08-14,completed,organic_search,debit_card
1320,8728.0,10-08-2024,completed,paid_search,paypal
1321,8201.0,29/12/2024,completed,email,paypal
1322,828.0,20/05/2024,completed,referral,bank_transfer
1323,5306.0,2024-07-18T18:15:29,completed,referral,credit_card
1324,8860.0,2025-07-20T02:16:04,completed,email,paypal
1325,6906.0,2024-07-18,completed,email,credit_card
1326,4544.0,04-01-2025,completed,organic_search,bank_transfer
1327,2271.0,09.08.2025,cancelled,email,bank_transfer
1328,2620.0,2024-05-05T15:34:23,completed,paid_search,paypal
1329,6808.0,2025-05-01T20:01:16,completed,direct,bank_transfer
1330,7212.0,25.09.2024,completed,referral,credit_card
1331,4893.0,2025-12-18T08:49:20,completed,organic_search,debit_card
1332,1179.0,03-01-2025,completed,organic_search,credit_card
1333,8613.0,10/10/2025,completed,referral,debit_card
1334,7810.0,2025-04-19T11:18:59,completed,direct,bank_transfer
1335,1351.0,2024-02-28,COMPLETED,organic_search,credit_card
1336,559.0,16/06/2025,returned,email,credit_card
1337,4946.0,12-14-2025,completed,direct,debit_card
1338,2670.0,2025-05-25,COMPLETED,paid_search,debit_card
1339,2661.0,2025-10-17T05:58:05,completed,paid_search,paypal
1340,851.0,17/11/2025,completed,paid_search,credit_card
1341,8795.0,09-01-2024,completed,social_media,bank_transfer
1342,7678.0,2024-08-17T00:27:14,returned,referral,credit_card
1343,1119.0,2025-05-31,completed,social_media,paypal
1344,8108.0,28/12/2024,cancelled,paid_search,debit_card
1345,6327.0,29.10.2025,completed,organic_search,paypal
1346,3014.0,2025-11-24T05:29:10,COMPLETED,organic_search,credit_card
1347,8052.0,11-29-2024,returned,referral,credit_card
1348,5515.0,2024-09-08T05:15:34,completed,organic_search,debit_card
1349,7845.0,09-24-2025,completed,organic_search,debit_card
1350,4333.0,10-10-2024,completed,email,credit_card
1351,4626.0,19.10.2025,completed,direct,debit_card
1352,2724.0,01-05-2025,cancelled,social_media,debit_card
1353,3572.0,11/07/2025,completed,email,bank_transfer
1354,5247.0,2024-04-24T16:41:25,completed,organic_search,paypal
1355,8741.0,2025-06-09,completed,paid_search,credit_card
1356,5533.0,01.02.2025,completed,referral,debit_card
1357,1411.0,2025-05-15T21:31:32,completed,direct,debit_card
1358,68.0,2024-07-05T14:19:46,completed,organic_search,paypal
1359,7868.0,2025-08-28,completed,paid_search,bank_transfer
1360,3357.0,2025-11-09,completed,social_media,debit_card
1361,2920.0,21.08.2024,completed,social_media,bank_transfer
1362,7421.0,24/04/2024,completed,email,paypal
1363,,2024-02-02T13:42:34,completed,organic_search,debit_card
1364,6914.0,2025-06-22,completed,email,bank_transfer
1365,1649.0,29.05.2025,completed,direct,credit_card
1366,3601.0,17/04/2025,completed,organic_search,debit_card
1367,7012.0,09-04-2024,completed,paid_search,paypal
1368,8393.0,18/12/2024,completed,referral,credit_card
1369,9216.0,2025-05-20,completed,paid_search,debit_card
1370,4733.0,2025-03-11T08:07:10,completed,direct,bank_transfer
1371,7610.0,27/12/2025,completed,direct,paypal
1372,455.0,06-03-2024,completed,social_media,bank_transfer
1373,2680.0,2025-07-30,completed,social_media,credit_card
1374,3423.0,2024-12-25T11:48:37,completed,social_media,bank_transfer
1375,8999.0,10.01.2025,completed,social_media,bank_transfer
1376,33.0,15/08/2025,completed,direct,paypal
1377,2879.0,2025-07-28T17:26:11,completed,social_media,debit_card
1378,8596.0,2025-12-28,returned,paid_search,paypal
1379,2863.0,2024-05-26T03:04:09,completed,organic_search,paypal
1380,2117.0,2024-05-03,completed,email,credit_card
1381,6746.0,2025-08-19T18:00:13,completed,referral,debit_card
1382,6889.0,2025-05-09T01:17:35,completed,direct,credit_card
1383,4365.0,10.10.2024,completed,organic_search,credit_card
1384,8740.0,2024-04-08,completed,email,debit_card
1385,1922.0,2024-04-14,completed,paid_search,debit_card
1386,8461.0,22.11.2025,completed,direct,bank_transfer
1387,6984.0,2024-07-29T18:18:16,completed,social_media,credit_card
1388,3392.0,2024-11-13,completed,email,paypal
1389,7473.0,30/08/2024,completed,paid_search,paypal
1390,1290.0,30.11.2024,completed,paid_search,debit_card
1391,1271.0,03-28-2024,completed,direct,debit_card
1392,8596.0,2025-03-28,completed,organic_search,debit_card
1393,931.0,2024-03-26,completed,email,paypal
1394,40.0,2025-10-06,completed,social_media,paypal
1395,3583.0,06.09.2024,completed,social_media,paypal
1396,1019.0,04-12-2025,completed,social_media,debit_card
1397,7985.0,2025-11-16,completed,organic_search,paypal
1398,8537.0,2025-06-29,completed,email,bank_transfer
1399,4463.0,07/04/2025,completed,paid_search,paypal
1400,3926.0,13.11.2024,completed,referral,debit_card
1401,4978.0,2024-11-18,CANCELLED,direct,credit_card
1402,2129.0,2025-07-12T06:54:41,completed,organic_search,paypal
1403,2779.0,29.12.2025,completed,email,debit_card
1404,994.0,2025-07-06,completed,social_media,credit_card
1405,4122.0,2025-04-24T16:06:54,completed,referral,debit_card
1406,5641.0,08-23-2025,completed,paid_search,debit_card
1407,8596.0,2025-02-12,completed,email,bank_transfer
1408,6833.0,18/03/2024,completed,organic_search,debit_card
1409,6678.0,28.04.2025,completed,social_media,bank_transfer
1410,2879.0,16.12.2025,completed,direct,paypal
1411,8215.0,2024-07-12,cancelled,direct,debit_card
1412,8741.0,07-27-2025,completed,organic_search,paypal
1413,8610.0,08-06-2024,completed,paid_search,debit_card
1414,384.0,09/04/2025,completed,paid_search,credit_card
1415,5570.0,04-25-2024,cancelled,email,bank_transfer
1416,5939.0,30.01.2025,cancelled,direct,bank_transfer
1417,2751.0,09-09-2025,completed,referral,paypal
1418,9160.0,2024-11-26T07:25:30,completed,social_media,bank_transfer
1419,2725.0,2025-07-09T20:16:21,completed,paid_search,debit_card
1420,2044.0,2025-10-04,completed,direct,debit_card
1421,4471.0,12-05-2025,completed,paid_search,credit_card
1422,3000.0,2024-09-06T18:12:53,completed,referral,bank_transfer
1423,8549.0,22.12.2024,completed,organic_search,paypal
1424,4053.0,19/06/2024,completed,social_media,debit_card
1425,3770.0,2025-12-29T23:53:25,completed,email,debit_card
1426,5769.0,05/12/2025,cancelled,direct,paypal
1427,788.0,2025-04-12T07:26:57,completed,paid_search,debit_card
1428,6993.0,31/10/2025,completed,email,bank_transfer
1429,7096.0,29.03.2025,completed,direct,credit_card
1430,4381.0,06-09-2025,CANCELLED,direct,credit_card
1431,8821.0,2024-04-18T13:56:33,completed,social_media,bank_transfer
1432,5356.0,2025-09-08,returned,direct,credit_card
1433,6440.0,26.05.2024,cancelled,organic_search,paypal
1434,8551.0,21/10/2025,completed,direct,credit_card
1435,6167.0,25/09/2025,completed,direct,bank_transfer
1436,3987.0,09/08/2025,cancelled,social_media,bank_transfer
1437,252.0,19.02.2024,completed,email,debit_card
1438,6726.0,2024-11-01T04:55:18,completed,email,paypal
1439,8901.0,01/10/2024,completed,organic_search,paypal
1440,4346.0,12-03-2024,completed,direct,debit_card
1441,3140.0,16.04.2024,completed,organic_search,credit_card
1442,4809.0,2025-12-08T19:53:46,completed,referral,paypal
1443,6728.0,04-22-2025,completed,direct,bank_transfer
1444,9.0,2024-11-03T23:03:51,returned,direct,bank_transfer
1445,8206.0,2024-12-21T16:48:43,cancelled,direct,credit_card
1446,8200.0,01-27-2025,completed,paid_search,credit_card
1447,5001.0,24.05.2025,completed,paid_search,debit_card
1448,1191.0,2025-03-25T05:21:40,completed,direct,paypal
1449,6216.0,02/12/2025,completed,social_media,bank_transfer
1450,1328.0,03-11-2025,completed,referral,credit_card
1451,4699.0,29.12.2025,completed,email,debit_card
1452,917.0,04/11/2025,completed,referral,credit_card
1453,5419.0,14.08.2024,returned,paid_search,paypal
1454,2953.0,06.12.2025,completed,social_media,debit_card
1455,7687.0,2024-05-15,completed,paid_search,debit_card
1456,7412.0,2025-10-16,completed,referral,bank_transfer
1457,9214.0,2024-12-13T08:25:28,returned,referral,credit_card
1458,2423.0,2025-11-15T16:53:40,completed,direct,credit_card
1459,601.0,2025-11-11,completed,organic_search,debit_card
1460,4084.0,10.10.2025,cancelled,direct,debit_card
1461,815.0,30/09/2025,completed,organic_search,debit_card
1462,1688.0,02.11.2024,completed,referral,debit_card
1463,5508.0,2024-04-09,completed,referral,debit_card
1464,5454.0,24.12.2024,completed,email,bank_transfer
1465,423.0,11/07/2024,returned,referral,debit_card
1466,4083.0,30/07/2025,cancelled,direct,paypal
1467,4904.0,11-25-2024,completed,referral,paypal
1468,2523.0,23/12/2025,cancelled,paid_search,debit_card
1469,8062.0,2025-06-22,completed,organic_search,debit_card
1470,1531.0,19/10/2025,completed,email,credit_card
1471,2386.0,2024-05-31,completed,email,paypal
1472,1496.0,11-08-2025,completed,email,debit_card
1473,1141.0,2025-12-03T13:52:36,completed,social_media,bank_transfer
1474,8129.0,03-03-2025,completed,social_media,debit_card
1475,2609.0,2025-05-28,completed,social_media,bank_transfer
1476,6672.0,14.09.2025,completed,direct,debit_card
1477,3949.0,12.07.2024,COMPLETED,paid_search,debit_card
1478,5859.0,03-15-2025,completed,social_media,debit_card
1479,8589.0,12-22-2024,completed,direct,debit_card
1480,7808.0,2024-06-13,completed,social_media,debit_card
1481,675.0,2024-12-07T00:40:20,completed,paid_search,credit_card
1482,7815.0,03-27-2024,completed,direct,credit_card
1483,4172.0,2024-02-05,completed,organic_search,credit_card
1484,3234.0,2024-06-02T07:42:08,completed,direct,bank_transfer
1485,6223.0,12-18-2025,completed,paid_search,credit_card
1486,8769.0,19/04/2025,completed,paid_search,credit_card
1487,923.0,19/12/2025,COMPLETED,referral,paypal
1488,7092.0,2025-01-14T08:02:44,completed,email,bank_transfer
1489,1922.0,11-06-2024,completed,referral,debit_card
1490,3508.0,18/03/2025,completed,paid_search,debit_card
1491,8084.0,20/01/2025,completed,direct,bank_transfer
1492,5038.0,04.05.2024,completed,organic_search,bank_transfer
1493,658.0,2025-06-22,completed,organic_search,bank_transfer
1494,4705.0,08-21-2024,completed,social_media,paypal
1495,7312.0,06-07-2025,completed,direct,debit_card
1496,4895.0,28/06/2025,completed,email,bank_transfer
1497,1586.0,19/06/2024,returned,organic_search,bank_transfer
1498,4106.0,03-19-2024,completed,email,paypal
1499,8551.0,2025-09-24,completed,referral,debit_card
1500,6098.0,08/02/2025,completed,paid_search,bank_transfer
1501,6745.0,16/03/2024,completed,organic_search,credit_card
1502,7268.0,2025-12-30T12:03:02,completed,email,credit_card
1503,888.0,03-15-2024,completed,referral,bank_transfer
1504,5356.0,07-30-2025,completed,email,credit_card
1505,3466.0,26/12/2025,completed,organic_search,paypal
1506,1341.0,10/09/2024,completed,paid_search,paypal
1507,1922.0,06-09-2024,completed,referral,debit_card
1508,7217.0,20.05.2024,completed,email,paypal
1509,1535.0,01.11.2024,completed,paid_search,bank_transfer
1510,2894.0,29/04/2024,completed,referral,credit_card
1511,2674.0,07-28-2025,completed,organic_search,paypal
1512,478.0,20/03/2024,completed,social_media,debit_card
1513,4268.0,03-20-2025,completed,referral,debit_card
1514,7071.0,30/12/2025,completed,social_media,credit_card
1515,225.0,2025-10-14T06:57:15,cancelled,direct,bank_transfer
1516,1104.0,2025-06-03,completed,referral,debit_card
1517,6647.0,2024-11-03T06:10:11,completed,email,credit_card
1518,5466.0,06-09-2025,returned,social_media,credit_card
1519,6601.0,04-03-2025,completed,organic_search,paypal
1520,2166.0,08.01.2025,completed,organic_search,paypal
1521,7452.0,2024-05-29T19:05:37,completed,organic_search,credit_card
1522,4434.0,18.11.2025,completed,organic_search,bank_transfer
1523,5627.0,2025-01-30T17:22:26,completed,paid_search,credit_card
1524,904.0,2024-07-31,completed,email,debit_card
1525,1937.0,07/12/2024,completed,referral,credit_card
1526,7139.0,2024-12-29,completed,organic_search,credit_card
1527,2106.0,10-22-2025,completed,organic_search,bank_transfer
1528,908.0,08-25-2025,completed,referral,paypal
1529,5507.0,09-17-2025,completed,social_media,credit_card
1530,5053.0,16.01.2024,cancelled,referral,credit_card
1531,5604.0,30.12.2024,COMPLETED,paid_search,credit_card
1532,5698.0,27.02.2025,returned,organic_search,debit_card
1533,4621.0,27/01/2024,completed,direct,bank_transfer
1534,4562.0,28/09/2024,completed,social_media,debit_card
1535,8549.0,12/09/2025,completed,referral,bank_transfer
1536,4933.0,2024-06-04,completed,paid_search,credit_card
1537,5689.0,04-09-2025,completed,social_media,paypal
1538,2514.0,20.08.2024,completed,referral,credit_card
1539,8050.0,18.01.2024,completed,direct,credit_card
1540,248.0,12/09/2024,completed,social_media,credit_card
1541,5145.0,2025-12-23T16:15:43,completed,social_media,bank_transfer
1542,3543.0,2025-10-07T22:34:19,completed,email,debit_card
1543,5568.0,2025-12-17T05:20:07,completed,email,bank_transfer
1544,3320.0,2025-03-04,completed,direct,credit_card
1545,6625.0,08.05.2024,COMPLETED,direct,paypal
1546,207.0,04-18-2025,completed,social_media,credit_card
1547,3732.0,02-03-2025,completed,paid_search,bank_transfer
1548,7690.0,2025-11-01,cancelled,organic_search,bank_transfer
1549,2352.0,27/04/2024,completed,email,paypal
1550,516.0,2025-03-04,completed,paid_search,bank_transfer
1551,4582.0,17.06.2024,completed,direct,debit_card
1552,9009.0,13/11/2024,completed,referral,paypal
1553,625.0,28/08/2025,completed,paid_search,credit_card
1554,686.0,02-22-2025,cancelled,social_media,paypal
1555,5482.0,2024-12-11,completed,referral,bank_transfer
1556,2350.0,2024-12-20T20:26:03,completed,paid_search,paypal
1557,3770.0,07.02.2025,completed,email,credit_card
1558,7680.0,09-27-2025,completed,email,debit_card
1559,1890.0,11-21-2025,completed,email,bank_transfer
1560,6641.0,2025-12-15,cancelled,social_media,credit_card
1561,4665.0,2025-09-28,completed,social_media,bank_transfer
1562,8373.0,11-08-2024,completed,organic_search,bank_transfer
1563,8975.0,2025-07-25,completed,referral,bank_transfer
1564,4477.0,2025-01-19,cancelled,email,bank_transfer
1565,5371.0,2024-09-24T21:35:00,completed,organic_search,bank_transfer
1566,6893.0,2025-10-30T01:26:57,completed,organic_search,paypal
1567,2959.0,2024-02-22,completed,referral,bank_transfer
1568,2134.0,11-25-2025,completed,social_media,bank_transfer
1569,8900.0,2025-02-09T07:20:09,COMPLETED,email,paypal
1570,3992.0,2025-06-19,cancelled,paid_search,bank_transfer
1571,15.0,07-05-2025,completed,referral,bank_transfer
1572,7746.0,11-22-2025,completed,referral,debit_card
1573,5529.0,19.06.2025,completed,email,paypal
1574,1597.0,02/06/2025,completed,referral,paypal
1575,302.0,03-25-2024,completed,social_media,paypal
1576,2728.0,03-27-2025,completed,email,debit_card
1577,8587.0,17.06.2024,completed,email,credit_card
1578,8613.0,28.08.2025,completed,referral,debit_card
1579,2890.0,03-23-2025,completed,organic_search,debit_card
1580,7733.0,20/07/2025,completed,direct,paypal
1581,4071.0,2024-02-26,completed,organic_search,bank_transfer
1582,6058.0,04-13-2024,completed,paid_search,debit_card
1583,3096.0,2025-08-14,completed,organic_search,paypal
1584,4777.0,03-31-2024,completed,email,debit_card
1585,2746.0,2024-03-30T16:23:39,completed,email,paypal
1586,601.0,2024-01-18,completed,paid_search,paypal
1587,1344.0,16/12/2025,completed,paid_search,debit_card
1588,2721.0,28/08/2025,returned,email,paypal
1589,9006.0,2024-11-29,completed,email,credit_card
1590,8909.0,2024-10-27T12:47:31,completed,organic_search,paypal
1591,7654.0,27.11.2024,returned,social_media,paypal
1592,2188.0,21.09.2025,COMPLETED,direct,paypal
1593,4068.0,2025-07-06,COMPLETED,paid_search,debit_card
1594,4052.0,2024-07-22T08:15:56,completed,direct,paypal
1595,3563.0,2024-07-11,cancelled,organic_search,debit_card
1596,436.0,27/04/2024,completed,social_media,bank_transfer
1597,4935.0,05.07.2025,completed,referral,credit_card
1598,712.0,14/09/2025,cancelled,social_media,credit_card
1599,7434.0,10-02-2024,completed,organic_search,debit_card
1600,6416.0,30/01/2024,completed,email,bank_transfer
1601,3251.0,2024-04-10,returned,direct,bank_transfer
1602,5978.0,20/12/2025,completed,social_media,debit_card
1603,2194.0,2024-10-27T07:52:13,completed,direct,credit_card
1604,2496.0,2025-09-17,completed,referral,credit_card
1605,2910.0,2025-06-10T23:33:15,completed,referral,debit_card
1606,7384.0,2024-12-14T10:54:48,completed,paid_search,bank_transfer
1607,1992.0,11/08/2024,COMPLETED,email,credit_card
1608,5198.0,2024-05-20,completed,direct,paypal
1609,1906.0,03/06/2025,cancelled,email,paypal
1610,2676.0,2025-09-21,completed,referral,paypal
1611,2215.0,24.06.2025,cancelled,referral,credit_card
1612,5954.0,2025-04-05T22:40:58,completed,organic_search,bank_transfer
1613,4875.0,26.02.2024,cancelled,organic_search,paypal
1614,6658.0,12-20-2025,completed,social_media,debit_card
1615,2068.0,2025-10-05T18:08:18,completed,social_media,debit_card
1616,89.0,25.10.2024,completed,organic_search,paypal
1617,6301.0,24/12/2025,completed,organic_search,bank_transfer
1618,1125.0,25.05.2025,completed,organic_search,bank_transfer
1619,2316.0,2025-05-12T15:11:56,completed,referral,bank_transfer
1620,2854.0,09-04-2025,completed,paid_search,debit_card
1621,6901.0,2025-10-13,cancelled,direct,bank_transfer
1622,5769.0,03/07/2025,completed,direct,debit_card
1623,1749.0,26.05.2024,completed,social_media,credit_card
1624,5513.0,21.11.2024,completed,referral,bank_transfer
1625,6550.0,2025-12-05,completed,referral,credit_card
1626,3582.0,2024-08-29T00:56:39,completed,referral,credit_card
1627,2314.0,09.12.2024,completed,referral,bank_transfer
1628,6283.0,2025-01-13T06:02:42,completed,organic_search,credit_card
1629,5633.0,20.01.2025,completed,direct,bank_transfer
1630,759.0,2025-06-02,completed,social_media,bank_transfer
1631,6168.0,2025-12-11T14:19:08,completed,paid_search,debit_card
1632,4512.0,2024-09-12,completed,direct,bank_transfer
1633,6962.0,20.05.2024,cancelled,referral,credit_card
1634,1811.0,03.08.2024,completed,social_media,debit_card
1635,2429.0,2025-11-19T16:36:30,completed,social_media,bank_transfer
1636,5022.0,2025-06-25T18:49:57,completed,referral,credit_card
1637,4456.0,2024-10-19,completed,referral,credit_card
1638,3556.0,2025-10-16T04:54:56,COMPLETED,social_media,paypal
1639,6896.0,11-08-2025,completed,organic_search,bank_transfer
1640,5216.0,02/11/2025,completed,social_media,debit_card
1641,6571.0,2025-12-02,completed,paid_search,paypal
1642,1479.0,09-22-2024,completed,organic_search,paypal
1643,6735.0,08/09/2025,cancelled,referral,debit_card
1644,4260.0,2025-02-08T14:34:48,completed,paid_search,credit_card
1645,334.0,2025-10-31,completed,social_media,bank_transfer
1646,2204.0,2025-08-22,completed,direct,paypal
1647,262.0,2025-09-22T19:58:09,completed,email,bank_transfer
1648,4214.0,2025-07-02T23:23:59,COMPLETED,referral,bank_transfer
1649,3017.0,2024-07-14,completed,social_media,paypal
1650,9106.0,04-15-2025,completed,email,credit_card
1651,8038.0,12-26-2025,completed,organic_search,paypal
1652,7639.0,12-08-2025,completed,organic_search,debit_card
1653,4630.0,28/02/2024,completed,organic_search,paypal
1654,7473.0,2024-07-02T07:27:58,COMPLETED,social_media,paypal
1655,2513.0,30/05/2024,completed,social_media,bank_transfer
1656,5176.0,20.08.2025,completed,direct,paypal
1657,3616.0,2025-10-17T22:39:25,completed,organic_search,paypal
1658,1626.0,18/08/2024,completed,social_media,paypal
1659,711.0,03-18-2025,completed,email,credit_card
1660,5153.0,30.10.2025,completed,referral,debit_card
1661,958.0,25/08/2025,completed,referral,credit_card
1662,6628.0,13/04/2025,completed,social_media,paypal
1663,8526.0,2025-05-17,cancelled,organic_search,debit_card
1664,1542.0,20.03.2025,completed,referral,credit_card
1665,4353.0,10-28-2024,completed,paid_search,bank_transfer
1666,6830.0,04-30-2025,completed,social_media,paypal
1667,2690.0,2025-07-26T11:47:05,completed,direct,credit_card
1668,8519.0,11-13-2025,completed,email,debit_card
1669,8215.0,2025-06-18,completed,paid_search,paypal
1670,1018.0,12.09.2025,completed,social_media,debit_card
1671,277.0,2024-06-27,completed,paid_search,credit_card
1672,9009.0,09/02/2025,completed,referral,paypal
1673,8826.0,01-14-2024,completed,email,credit_card
1674,3899.0,17/09/2024,completed,direct,bank_transfer
1675,494.0,2025-08-21,cancelled,referral,credit_card
1676,5704.0,28.12.2025,completed,social_media,bank_transfer
1677,2744.0,04-28-2024,completed,paid_search,bank_transfer
1678,8643.0,23.12.2024,completed,referral,bank_transfer
1679,7360.0,06.10.2025,completed,email,credit_card
1680,6006.0,09.08.2024,completed,referral,credit_card
1681,2670.0,04-23-2025,completed,referral,credit_card
1682,6495.0,08-25-2025,completed,social_media,credit_card
1683,2711.0,04.06.2025,completed,social_media,bank_transfer
1684,370.0,2024-07-25,returned,direct,debit_card
1685,4705.0,30.11.2024,completed,social_media,credit_card
1686,4512.0,09-26-2025,completed,referral,debit_card
1687,7046.0,22/04/2025,completed,direct,credit_card
1688,8008.0,08.01.2024,completed,email,debit_card
1689,3268.0,2025-09-12,completed,paid_search,credit_card
1690,4151.0,18.02.2024,completed,social_media,debit_card
1691,4347.0,09-02-2025,COMPLETED,email,bank_transfer
1692,3004.0,2024-08-08,completed,referral,credit_card
1693,6877.0,2025-12-16T13:28:42,completed,social_media,paypal
1694,4829.0,12-07-2024,completed,email,paypal
1695,8465.0,15/11/2024,cancelled,referral,bank_transfer
1696,6012.0,06-16-2024,completed,email,credit_card
1697,2001.0,2024-11-03T14:37:37,completed,paid_search,bank_transfer
1698,1563.0,14/11/2025,completed,organic_search,debit_card
1699,3432.0,12-30-2025,completed,paid_search,bank_transfer
1700,3202.0,2024-12-07T18:57:44,completed,paid_search,bank_transfer
1701,3747.0,2025-01-29T13:55:06,completed,referral,debit_card
1702,1743.0,08-18-2025,returned,referral,bank_transfer
1703,9027.0,18/11/2025,completed,paid_search,bank_transfer
1704,1396.0,2025-05-19T18:50:24,COMPLETED,paid_search,bank_transfer
1705,6040.0,18.12.2024,completed,paid_search,debit_card
1706,133.0,12-29-2024,completed,email,debit_card
1707,3745.0,2025-07-31T04:57:58,completed,referral,paypal
1708,2890.0,05.01.2024,completed,email,credit_card
1709,3525.0,06-07-2025,completed,email,paypal
1710,4598.0,12-01-2024,completed,email,bank_transfer
1711,5536.0,2025-10-03T15:39:20,completed,social_media,debit_card
1712,5368.0,21/04/2024,completed,referral,bank_transfer
1713,5814.0,16.05.2025,cancelled,paid_search,paypal
1714,7808.0,2025-02-26,completed,direct,debit_card
1715,8203.0,23.06.2025,completed,paid_search,debit_card
1716,6819.0,2024-03-23T06:25:35,cancelled,social_media,debit_card
1717,765.0,10/05/2025,completed,organic_search,bank_transfer
1718,8867.0,27.04.2025,completed,social_media,bank_transfer
1719,8744.0,04-26-2025,completed,organic_search,paypal
1720,6579.0,2025-05-26T16:28:21,completed,social_media,paypal
1721,4792.0,2025-07-17,cancelled,organic_search,bank_transfer
1722,2356.0,10-09-2025,completed,referral,paypal
1723,6992.0,10-06-2024,completed,referral,debit_card
1724,8119.0,2025-10-21T16:02:56,completed,organic_search,debit_card
1725,6160.0,12/03/2025,completed,email,paypal
1726,5802.0,05/04/2024,completed,email,credit_card
1727,1834.0,2024-03-16T14:19:48,completed,referral,credit_card
1728,3293.0,2024-11-19T08:48:36,completed,direct,bank_transfer
1729,6679.0,09-27-2025,completed,social_media,paypal
1730,173.0,08.08.2025,completed,paid_search,credit_card
1731,5915.0,09-29-2025,completed,paid_search,debit_card
1732,7077.0,26/03/2025,completed,direct,bank_transfer
1733,3097.0,2025-01-21,completed,referral,credit_card
1734,746.0,15/06/2024,completed,paid_search,debit_card
1735,7584.0,11-15-2024,completed,email,bank_transfer
1736,1364.0,15.01.2025,completed,paid_search,bank_transfer
1737,,17/04/2024,completed,referral,paypal
1738,6541.0,25.08.2024,cancelled,email,bank_transfer
1739,7567.0,23/05/2025,completed,paid_search,credit_card
1740,7977.0,2025-08-27T13:36:53,returned,referral,paypal
1741,4905.0,2025-12-31T16:32:50,completed,referral,paypal
1742,4394.0,2025-12-07T21:05:23,completed,social_media,bank_transfer
1743,7842.0,2025-06-23,completed,social_media,debit_card
1744,5202.0,2025-01-03T13:14:32,completed,social_media,credit_card
1745,5354.0,18/06/2025,COMPLETED,social_media,paypal
1746,4003.0,2025-09-28,completed,referral,debit_card
1747,3436.0,17/05/2024,completed,email,credit_card
1748,4442.0,2024-12-27T05:15:30,completed,paid_search,credit_card
1749,3361.0,29.10.2025,completed,direct,paypal
1750,3174.0,2024-12-15T09:51:42,completed,social_media,credit_card
1751,9170.0,2025-05-04T08:48:08,completed,organic_search,paypal
1752,3103.0,2025-05-15,completed,paid_search,paypal
1753,2411.0,21/07/2024,completed,referral,bank_transfer
1754,3263.0,2024-12-04T04:09:07,completed,paid_search,credit_card
1755,5437.0,19/11/2024,completed,organic_search,paypal
1756,8441.0,2024-02-06,completed,email,bank_transfer
1757,7289.0,02-03-2024,completed,organic_search,paypal
1758,7787.0,25/10/2025,completed,email,credit_card
1759,7943.0,2024-10-09T08:31:46,COMPLETED,paid_search,credit_card
1760,8518.0,03-27-2025,completed,paid_search,paypal
1761,2210.0,10-29-2024,completed,organic_search,debit_card
1762,4228.0,12-10-2025,returned,social_media,paypal
1763,3554.0,09-28-2024,completed,social_media,bank_transfer
1764,3523.0,2025-01-11T02:46:33,completed,social_media,bank_transfer
1765,6036.0,13/11/2025,completed,organic_search,paypal
1766,3696.0,2025-10-31,completed,social_media,paypal
1767,5680.0,07-23-2024,cancelled,organic_search,credit_card
1768,3527.0,08/10/2025,completed,paid_search,debit_card
1769,2890.0,2025-02-06,completed,direct,bank_transfer
1770,3255.0,2025-02-28,completed,organic_search,debit_card
1771,7452.0,31/05/2024,returned,social_media,paypal
1772,5542.0,2024-04-09,completed,email,debit_card
1773,8985.0,22/08/2025,completed,referral,debit_card
1774,7705.0,10.03.2025,completed,organic_search,bank_transfer
1775,4484.0,2025-01-18,completed,paid_search,bank_transfer
1776,2281.0,2025-08-23,cancelled,email,paypal
1777,6237.0,2025-09-15,completed,direct,bank_transfer
1778,6715.0,2024-06-26,completed,email,credit_card
1779,4287.0,31/05/2025,completed,paid_search,credit_card
1780,2166.0,2024-06-02,completed,email,debit_card
1781,5145.0,06.09.2025,completed,paid_search,bank_transfer
1782,2386.0,2025-07-03,completed,paid_search,paypal
1783,8671.0,2025-12-16T14:05:00,completed,referral,bank_transfer
1784,5802.0,03-28-2024,completed,paid_search,debit_card
1785,2733.0,14/03/2024,completed,direct,paypal
1786,2037.0,16/10/2024,completed,social_media,paypal
1787,6616.0,2024-09-30,returned,organic_search,bank_transfer
1788,6546.0,17/09/2024,returned,organic_search,credit_card
1789,5506.0,27.11.2025,completed,organic_search,debit_card
1790,5666.0,2024-09-19,cancelled,direct,paypal
1791,5568.0,08.10.2024,completed,organic_search,credit_card
1792,3320.0,09-11-2025,completed,email,debit_card
1793,8649.0,2025-01-30,cancelled,email,paypal
1794,4429.0,22.09.2025,completed,referral,bank_transfer
1795,207.0,24/03/2024,completed,paid_search,paypal
1796,3213.0,04.03.2025,completed,organic_search,credit_card
1797,1264.0,02-15-2024,cancelled,email,paypal
1798,3349.0,2024-03-21T16:22:16,completed,email,bank_transfer
1799,5608.0,2025-11-27T17:56:48,completed,paid_search,credit_card
1800,230.0,06-06-2024,COMPLETED,email,bank_transfer
1801,8045.0,2025-04-06T22:09:16,returned,paid_search,bank_transfer
1802,5627.0,12-28-2024,completed,referral,debit_card
1803,2753.0,2024-11-26T15:09:14,completed,referral,debit_card
1804,2890.0,2025-11-24,completed,social_media,paypal
1805,4303.0,01-31-2024,completed,paid_search,paypal
1806,2330.0,07-08-2025,cancelled,referral,bank_transfer
1807,44.0,2025-12-18T21:20:44,completed,direct,bank_transfer
1808,269.0,2025-04-26,completed,email,debit_card
1809,3292.0,2025-12-08T00:04:14,completed,direct,debit_card
1810,1204.0,09.03.2024,CANCELLED,email,bank_transfer
1811,227.0,01-01-2025,completed,organic_search,bank_transfer
1812,7944.0,2024-09-28T18:56:37,completed,organic_search,debit_card
1813,2574.0,08-24-2025,cancelled,referral,credit_card
1814,4651.0,25.12.2025,completed,referral,paypal
1815,1697.0,2024-09-25,completed,paid_search,credit_card
1816,456.0,2025-07-01,completed,organic_search,paypal
1817,6883.0,2024-08-04T20:21:32,completed,direct,bank_transfer
1818,1209.0,2025-04-30T19:41:29,returned,email,credit_card
1819,261.0,02-11-2025,completed,organic_search,credit_card
1820,5400.0,2025-12-21,cancelled,social_media,bank_transfer
1821,137.0,2025-05-30T22:53:24,completed,direct,credit_card
1822,4024.0,27/11/2024,completed,email,paypal
1823,2707.0,12/05/2024,completed,email,bank_transfer
1824,2966.0,2024-06-18,completed,email,bank_transfer
1825,39.0,29/08/2024,completed,organic_search,credit_card
1826,8898.0,09-21-2024,COMPLETED,social_media,bank_transfer
1827,4787.0,2025-11-03T06:17:15,completed,email,bank_transfer
1828,5294.0,2025-04-27T14:12:59,returned,paid_search,bank_transfer
1829,6166.0,03-31-2025,returned,referral,paypal
1830,7388.0,2024-05-13T15:52:22,completed,paid_search,credit_card
1831,5604.0,11-08-2025,completed,paid_search,paypal
1832,7042.0,2025-08-18,completed,referral,credit_card
1833,4148.0,03-26-2024,completed,organic_search,credit_card
1834,3421.0,2025-08-08,completed,social_media,paypal
1835,7616.0,04-14-2025,cancelled,referral,bank_transfer
1836,8007.0,04-10-2024,completed,paid_search,bank_transfer
1837,1328.0,2025-02-06,completed,organic_search,debit_card
1838,5014.0,01.03.2025,completed,organic_search,credit_card
1839,,2024-07-03T21:15:02,completed,social_media,bank_transfer
1840,817.0,12/12/2025,completed,email,bank_transfer
1841,8596.0,2025-11-03,completed,organic_search,bank_transfer
1842,4814.0,12/07/2025,completed,social_media,paypal
1843,5959.0,02-10-2025,completed,paid_search,debit_card
1844,1685.0,2024-12-28,completed,paid_search,paypal
1845,2490.0,2025-06-29T22:23:07,completed,social_media,bank_transfer
1846,1180.0,04-16-2025,completed,referral,bank_transfer
1847,2485.0,20/03/2024,completed,referral,debit_card
1848,4550.0,2025-03-23T11:53:09,completed,direct,bank_transfer
1849,7715.0,10-10-2025,cancelled,referral,credit_card
1850,4931.0,2025-02-07T07:54:20,completed,direct,paypal
1851,2300.0,03-09-2024,cancelled,paid_search,bank_transfer
1852,432.0,09-28-2025,completed,social_media,paypal
1853,5731.0,07.08.2024,COMPLETED,social_media,bank_transfer
1854,3877.0,2024-09-27,COMPLETED,social_media,bank_transfer
1855,9085.0,02.07.2024,completed,referral,debit_card
1856,7201.0,11-17-2024,completed,organic_search,bank_transfer
1857,7485.0,09-09-2025,completed,paid_search,credit_card
1858,124.0,2025-03-28,completed,direct,debit_card
1859,7182.0,2024-08-10T13:40:40,completed,referral,debit_card
1860,1851.0,2025-11-15,completed,direct,debit_card
1861,5385.0,2025-11-16T19:07:17,completed,direct,credit_card
1862,4133.0,2025-11-12T15:04:49,completed,paid_search,debit_card
1863,5286.0,10.09.2024,completed,paid_search,debit_card
1864,1293.0,01-31-2025,completed,direct,debit_card
1865,4214.0,26/12/2025,completed,paid_search,credit_card
1866,367.0,09-19-2025,COMPLETED,paid_search,debit_card
1867,405.0,07.02.2024,completed,referral,bank_transfer
1868,6092.0,03-23-2024,completed,referral,credit_card
1869,8781.0,11/02/2025,completed,direct,bank_transfer
1870,7180.0,2025-11-28T19:26:09,completed,paid_search,credit_card
1871,4332.0,2025-04-11,completed,email,paypal
1872,549.0,11.03.2025,completed,paid_search,bank_transfer
1873,436.0,04.05.2024,completed,direct,credit_card
1874,1498.0,03/07/2025,completed,organic_search,debit_card
1875,9002.0,19.10.2025,completed,referral,bank_transfer
1876,3662.0,2024-12-13T09:20:17,completed,referral,credit_card
1877,7799.0,2025-09-21,cancelled,paid_search,bank_transfer
1878,6521.0,19.12.2025,COMPLETED,direct,bank_transfer
1879,5580.0,08-09-2024,cancelled,email,paypal
1880,8747.0,2025-03-31T02:46:40,completed,direct,paypal
1881,2166.0,20.10.2024,completed,direct,bank_transfer
1882,4198.0,10-02-2025,completed,direct,paypal
1883,7999.0,2025-05-08,completed,referral,bank_transfer
1884,5087.0,2025-06-17T15:03:52,cancelled,social_media,paypal
1885,2317.0,2025-10-05,completed,direct,credit_card
1886,1973.0,2024-12-21T04:47:59,returned,social_media,debit_card
1887,6956.0,11-30-2025,completed,direct,credit_card
1888,129.0,07.04.2025,completed,email,paypal
1889,8466.0,2024-06-25T11:52:16,completed,direct,bank_transfer
1890,187.0,31.07.2025,completed,organic_search,credit_card
1891,5817.0,10-02-2025,cancelled,referral,debit_card
1892,5575.0,11-09-2024,completed,paid_search,debit_card
1893,5351.0,06.11.2025,completed,organic_search,bank_transfer
1894,4382.0,11-27-2025,completed,paid_search,bank_transfer
1895,7881.0,2024-10-12T19:29:33,completed,referral,debit_card
1896,6110.0,2025-12-26,cancelled,social_media,credit_card
1897,7224.0,06-08-2024,completed,social_media,bank_transfer
1898,1130.0,2024-08-07,completed,social_media,paypal
1899,486.0,21.07.2024,completed,social_media,credit_card
1900,289.0,22.11.2025,completed,organic_search,paypal
1901,1410.0,01.07.2025,completed,paid_search,paypal
1902,6173.0,2024-06-19,completed,social_media,credit_card
1903,4564.0,21.01.2025,cancelled,organic_search,credit_card
1904,6954.0,2025-06-03,completed,referral,paypal
1905,1819.0,04-12-2024,completed,paid_search,paypal
1906,3379.0,17.11.2025,completed,direct,debit_card
1907,8216.0,08.10.2025,completed,paid_search,debit_card
1908,8634.0,2025-03-17T04:38:11,completed,social_media,bank_transfer
1909,8527.0,2025-12-20T00:45:51,completed,social_media,credit_card
1910,7579.0,2024-12-31,completed,social_media,credit_card
1911,6386.0,26.12.2025,completed,social_media,paypal
1912,8463.0,2025-07-11,cancelled,paid_search,credit_card
1913,6591.0,2025-06-17,cancelled,organic_search,paypal
1914,8800.0,2024-07-03,completed,paid_search,paypal
1915,253.0,2025-11-16T07:40:09,cancelled,social_media,credit_card
1916,8526.0,01-09-2025,completed,referral,paypal
1917,5131.0,29/06/2024,completed,paid_search,debit_card
1918,1096.0,2024-01-18T17:32:57,completed,social_media,credit_card
1919,2028.0,2025-04-26,returned,referral,bank_transfer
1920,7878.0,2025-04-03,completed,referral,debit_card
1921,4682.0,16.08.2025,completed,email,paypal
1922,9070.0,20.11.2025,completed,direct,bank_transfer
1923,1147.0,2024-04-08,cancelled,social_media,paypal
1924,3795.0,2025-08-24T05:57:51,cancelled,paid_search,bank_transfer
1925,3072.0,07-24-2024,completed,referral,credit_card
1926,4779.0,2025-11-07T22:12:53,returned,organic_search,paypal
1927,5841.0,17.10.2025,completed,direct,bank_transfer
1928,6129.0,04-12-2025,cancelled,referral,debit_card
1929,12.0,10/08/2025,completed,email,paypal
1930,870.0,08.11.2024,completed,email,paypal
1931,350.0,18/02/2025,completed,email,debit_card
1932,7997.0,2025-10-19,COMPLETED,direct,paypal
1933,,07/02/2025,completed,social_media,paypal
1934,3380.0,12-02-2024,completed,referral,bank_transfer
1935,4159.0,03-09-2025,completed,organic_search,credit_card
1936,7850.0,10-23-2025,completed,organic_search,bank_transfer
1937,146.0,2024-11-19,completed,social_media,credit_card
1938,1159.0,11.07.2024,returned,email,credit_card
1939,6352.0,08-11-2025,completed,referral,paypal
1940,8894.0,2025-10-21T20:39:34,COMPLETED,email,paypal
1941,5934.0,29.04.2024,completed,referral,debit_card
1942,2451.0,11/09/2024,completed,email,paypal
1943,4812.0,2024-06-09T20:47:53,completed,organic_search,debit_card
1944,8992.0,26.11.2024,completed,direct,paypal
1945,4889.0,30/01/2025,completed,organic_search,credit_card
1946,3443.0,04/09/2025,completed,paid_search,bank_transfer
1947,,06-29-2025,cancelled,social_media,bank_transfer
1948,8925.0,2025-06-07T22:44:23,completed,social_media,debit_card
1949,6639.0,29.11.2024,completed,organic_search,credit_card
1950,6372.0,30.10.2025,returned,referral,bank_transfer
1951,2184.0,2025-02-18,returned,referral,paypal
1952,5168.0,2025-12-24T21:06:55,completed,referral,credit_card
1953,3286.0,17/06/2025,returned,email,paypal
1954,2258.0,24.05.2024,completed,direct,credit_card
1955,8282.0,17/07/2025,completed,paid_search,credit_card
1956,3537.0,11-14-2024,completed,email,credit_card
1957,2657.0,24.07.2025,completed,paid_search,bank_transfer
1958,8604.0,2024-03-28T21:05:40,COMPLETED,direct,bank_transfer
1959,1874.0,12.07.2024,cancelled,social_media,credit_card
1960,6891.0,2025-11-06T17:03:16,completed,social_media,bank_transfer
1961,6042.0,08-31-2024,COMPLETED,social_media,debit_card
1962,8517.0,10-28-2025,returned,paid_search,bank_transfer
1963,7700.0,14.10.2024,completed,direct,debit_card
1964,6523.0,23/06/2025,completed,referral,credit_card
1965,2916.0,07-30-2025,completed,organic_search,paypal
1966,4579.0,2025-03-23,completed,paid_search,paypal
1967,8717.0,03.11.2024,completed,referral,credit_card
1968,236.0,17.08.2024,completed,paid_search,bank_transfer
1969,7357.0,15.02.2024,completed,social_media,bank_transfer
1970,2370.0,11-02-2024,completed,organic_search,debit_card
1971,1755.0,30.06.2025,completed,direct,paypal
1972,2185.0,09.12.2025,completed,paid_search,credit_card
1973,587.0,2025-11-12,completed,referral,debit_card
1974,9156.0,2025-09-15,completed,direct,bank_transfer
1975,8045.0,09-29-2025,completed,organic_search,bank_transfer
1976,4822.0,2025-07-09,returned,organic_search,bank_transfer
1977,6599.0,2024-09-28,completed,paid_search,debit_card
1978,5140.0,27/11/2025,completed,social_media,bank_transfer
1979,7508.0,2025-07-13T07:38:08,completed,paid_search,debit_card
1980,7810.0,04-26-2025,completed,email,credit_card
1981,2191.0,09/05/2024,completed,paid_search,credit_card
1982,4240.0,27/01/2025,COMPLETED,organic_search,paypal
1983,5858.0,2025-02-08T09:04:29,completed,email,debit_card
1984,9027.0,09/11/2025,completed,referral,credit_card
1985,6325.0,17.04.2025,completed,email,credit_card
1986,8304.0,13/12/2024,completed,social_media,bank_transfer
1987,7823.0,12-23-2025,completed,direct,credit_card
1988,5360.0,09.05.2024,COMPLETED,direct,credit_card
1989,8262.0,2025-01-04,completed,direct,credit_card
1990,3481.0,2024-02-26T04:16:45,completed,direct,bank_transfer
1991,3499.0,30.08.2025,completed,email,paypal
1992,7215.0,2025-12-01,returned,organic_search,credit_card
1993,1305.0,14.10.2024,completed,referral,paypal
1994,2856.0,11-07-2025,completed,direct,bank_transfer
1995,5610.0,2024-10-24T02:08:59,completed,referral,paypal
1996,3876.0,29.11.2025,completed,paid_search,debit_card
1997,8675.0,2025-09-08T14:21:01,completed,social_media,bank_transfer
1998,8848.0,09/10/2025,completed,direct,credit_card
1999,4646.0,26/01/2024,completed,organic_search,debit_card
2000,4978.0,2025-12-18T05:13:57,completed,social_media,paypal
2001,6696.0,2025-08-21T22:24:44,completed,social_media,credit_card
2002,4219.0,2024-11-02T21:18:50,completed,direct,bank_transfer
2003,1805.0,2025-10-23,completed,organic_search,debit_card
2004,6904.0,2024-10-16T20:02:41,completed,paid_search,debit_card
2005,6825.0,13/11/2025,completed,direct,bank_transfer
2006,2304.0,2024-05-11T04:04:34,completed,direct,paypal
2007,7708.0,08-05-2025,completed,paid_search,credit_card
2008,5660.0,12.04.2025,cancelled,social_media,paypal
2009,2223.0,2024-04-25,completed,social_media,bank_transfer
2010,6034.0,13/09/2024,completed,organic_search,bank_transfer
2011,2198.0,2024-01-18,completed,referral,credit_card
2012,2496.0,16/02/2025,completed,email,bank_transfer
2013,7840.0,2024-10-31,completed,social_media,credit_card
2014,8596.0,23.05.2025,completed,paid_search,bank_transfer
2015,2416.0,2024-10-28T19:02:04,completed,paid_search,debit_card
2016,8589.0,30/10/2024,completed,paid_search,credit_card
2017,2247.0,01.09.2025,completed,paid_search,credit_card
2018,1144.0,04.03.2024,completed,direct,debit_card
2019,575.0,2025-11-25T16:51:46,completed,paid_search,paypal
2020,2279.0,2025-11-04,completed,paid_search,debit_card
2021,3555.0,07-11-2025,cancelled,referral,debit_card
2022,8584.0,2025-05-19T02:46:11,completed,social_media,paypal
2023,2280.0,21.11.2025,cancelled,social_media,paypal
2024,3366.0,2024-07-22T12:03:28,completed,organic_search,credit_card
2025,6785.0,2024-04-07T14:27:02,completed,referral,paypal
2026,2817.0,11/09/2024,completed,referral,debit_card
2027,6344.0,03/10/2025,cancelled,social_media,paypal
2028,3987.0,2024-02-17T12:54:16,completed,email,paypal
2029,1865.0,12/05/2025,cancelled,email,credit_card
2030,6784.0,30/12/2025,completed,referral,paypal
2031,274.0,06/11/2025,completed,email,bank_transfer
2032,2736.0,2025-03-30,completed,social_media,credit_card
2033,3284.0,2024-03-22T21:56:10,completed,social_media,bank_transfer
2034,4226.0,2025-10-25T21:39:12,completed,email,credit_card
2035,6293.0,2025-05-23T23:33:04,completed,referral,debit_card
2036,4238.0,13/05/2024,completed,email,debit_card
2037,5473.0,22/04/2024,completed,paid_search,paypal
2038,5490.0,28/11/2025,completed,social_media,debit_card
2039,3440.0,07-12-2025,completed,organic_search,paypal
2040,8614.0,23/10/2025,completed,social_media,paypal
2041,8822.0,15/11/2025,COMPLETED,paid_search,credit_card
2042,5359.0,2025-05-04,completed,direct,credit_card
2043,703.0,2025-03-26,cancelled,referral,paypal
2044,4538.0,01-12-2025,cancelled,paid_search,credit_card
2045,1751.0,11-09-2024,completed,paid_search,bank_transfer
2046,4470.0,01-16-2025,completed,social_media,debit_card
2047,1786.0,2025-09-20T17:33:49,completed,organic_search,debit_card
2048,6515.0,2025-05-25,completed,referral,credit_card
2049,780.0,21/11/2025,completed,paid_search,bank_transfer
2050,8794.0,2025-01-24T09:17:08,COMPLETED,organic_search,credit_card
2051,1858.0,2025-05-29,completed,social_media,paypal
2052,6121.0,15/06/2025,completed,paid_search,debit_card
2053,8484.0,2025-05-18,cancelled,referral,credit_card
2054,2327.0,2025-08-04,returned,referral,credit_card
2055,8618.0,09-09-2024,returned,social_media,debit_card
2056,3581.0,2025-03-23T17:50:02,cancelled,direct,paypal
2057,8861.0,03/05/2024,completed,email,paypal
2058,8962.0,2024-12-15,COMPLETED,direct,debit_card
2059,1783.0,04/03/2025,completed,paid_search,bank_transfer
2060,7688.0,2025-06-29T03:24:49,completed,referral,bank_transfer
2061,1839.0,2025-12-13,completed,paid_search,bank_transfer
2062,2132.0,24/05/2025,completed,paid_search,credit_card
2063,824.0,2025-09-01,completed,direct,paypal
2064,1496.0,18/03/2025,COMPLETED,paid_search,paypal
2065,5828.0,17.06.2025,completed,organic_search,debit_card
2066,4149.0,30.03.2024,completed,social_media,paypal
2067,7323.0,23/09/2024,completed,organic_search,paypal
2068,3074.0,04.12.2024,completed,direct,bank_transfer
2069,8940.0,02-19-2025,completed,social_media,paypal
2070,486.0,03-02-2024,completed,social_media,paypal
2071,611.0,2024-06-07,completed,social_media,debit_card
2072,6495.0,2024-10-12,completed,referral,paypal
2073,8209.0,2025-12-21,completed,direct,debit_card
2074,7369.0,11-17-2024,returned,direct,paypal
2075,4523.0,27/02/2025,completed,social_media,credit_card
2076,2536.0,02/08/2024,completed,organic_search,debit_card
2077,137.0,05-31-2025,completed,organic_search,credit_card
2078,4718.0,15.10.2024,completed,referral,bank_transfer
2079,4392.0,2024-08-12T12:29:19,cancelled,referral,bank_transfer
2080,3182.0,2025-03-26,cancelled,direct,credit_card
2081,5348.0,01-08-2024,returned,email,paypal
2082,6733.0,11.01.2024,completed,paid_search,paypal
2083,6489.0,2024-08-23T21:12:27,completed,organic_search,debit_card
2084,2474.0,2024-02-19T05:12:13,completed,email,debit_card
2085,5379.0,06.05.2024,COMPLETED,referral,credit_card
2086,1425.0,2024-11-21T11:18:16,completed,paid_search,bank_transfer
2087,1186.0,08.10.2025,completed,paid_search,credit_card
2088,7267.0,2025-05-04,completed,referral,paypal
2089,6428.0,2025-03-23T14:51:56,completed,referral,paypal
2090,7091.0,2024-10-25T10:24:47,completed,paid_search,paypal
2091,1469.0,12-06-2025,completed,email,paypal
2092,8466.0,12-21-2024,completed,referral,bank_transfer
2093,1289.0,2024-04-15,completed,organic_search,credit_card
2094,8045.0,2025-06-05T23:29:57,completed,paid_search,bank_transfer
2095,3250.0,2024-05-12T13:48:19,cancelled,email,paypal
2096,1030.0,25/11/2024,completed,email,bank_transfer
2097,2689.0,2025-03-19,cancelled,email,bank_transfer
2098,1717.0,13/11/2025,completed,social_media,paypal
2099,4533.0,2025-03-08,completed,paid_search,debit_card
2100,8763.0,2025-08-04T21:43:03,completed,paid_search,bank_transfer
2101,3029.0,29.12.2025,completed,social_media,credit_card
2102,5644.0,05-29-2024,completed,email,credit_card
2103,8247.0,10/10/2024,returned,social_media,paypal
2104,5808.0,2024-12-20,completed,social_media,paypal
2105,3341.0,2025-01-04,completed,referral,credit_card
2106,9142.0,2024-12-28T04:38:39,completed,social_media,debit_card
2107,1779.0,27.11.2025,completed,paid_search,credit_card
2108,4841.0,12.08.2025,completed,direct,credit_card
2109,7381.0,29.05.2025,cancelled,direct,credit_card
2110,8.0,11-05-2024,completed,email,credit_card
2111,6498.0,20.10.2025,completed,organic_search,paypal
2112,2509.0,2025-12-15T19:11:13,completed,social_media,credit_card
2113,1610.0,10-19-2025,completed,email,credit_card
2114,2574.0,2024-01-03T22:51:45,completed,email,bank_transfer
2115,8923.0,2025-06-18T14:26:09,completed,email,bank_transfer
2116,8248.0,2024-03-08T11:09:54,completed,direct,bank_transfer
2117,2016.0,2024-09-26,completed,paid_search,debit_card
2118,1143.0,2024-03-17,completed,email,paypal
2119,3355.0,2025-05-26T22:11:22,completed,referral,paypal
2120,5456.0,2025-07-24,completed,referral,debit_card
2121,8024.0,13.05.2024,completed,direct,bank_transfer
2122,8914.0,15/12/2024,completed,paid_search,debit_card
2123,6942.0,2025-02-05,cancelled,email,bank_transfer
2124,5524.0,2024-12-07,completed,organic_search,bank_transfer
2125,1368.0,19/05/2024,completed,direct,credit_card
2126,724.0,01/01/2025,completed,direct,credit_card
2127,5493.0,09-06-2025,completed,organic_search,debit_card
2128,4978.0,2024-03-30,completed,email,bank_transfer
2129,7823.0,2024-04-08,completed,paid_search,credit_card
2130,2995.0,2024-11-30T19:40:19,completed,email,debit_card
2131,393.0,2025-12-10T08:32:23,completed,email,debit_card
2132,3909.0,2025-07-11T11:49:19,completed,organic_search,debit_card
2133,8946.0,2025-07-19,completed,direct,bank_transfer
2134,7370.0,12-04-2024,completed,paid_search,credit_card
2135,334.0,19.05.2025,completed,organic_search,paypal
2136,8093.0,2024-01-15T19:57:39,completed,paid_search,paypal
2137,4360.0,18.06.2025,completed,direct,bank_transfer
2138,3360.0,11-29-2025,completed,referral,credit_card
2139,3200.0,01.06.2025,completed,referral,credit_card
2140,5482.0,2025-11-13T16:55:14,RETURNED,social_media,paypal
2141,4907.0,19.08.2025,COMPLETED,organic_search,credit_card
2142,6080.0,2024-05-19,completed,social_media,credit_card
2143,5306.0,25.11.2025,completed,social_media,bank_transfer
2144,1379.0,2024-03-25T03:36:19,completed,email,debit_card
2145,2419.0,2025-04-08,cancelled,direct,bank_transfer
2146,7777.0,06-09-2024,COMPLETED,referral,debit_card
2147,6145.0,2024-01-17,cancelled,social_media,credit_card
2148,4144.0,2025-01-04T20:36:57,completed,direct,debit_card
2149,1733.0,26/10/2024,completed,direct,paypal
2150,76.0,02/03/2025,completed,direct,credit_card
2151,2894.0,2025-05-08T10:48:38,completed,email,debit_card
2152,538.0,28.02.2024,completed,paid_search,debit_card
2153,4461.0,21/05/2024,completed,referral,paypal
2154,7606.0,2025-04-25T07:43:05,completed,social_media,debit_card
2155,2679.0,24.11.2024,completed,organic_search,bank_transfer
2156,7837.0,2025-08-23T06:59:38,cancelled,email,bank_transfer
2157,6519.0,2025-06-30T19:59:57,completed,organic_search,credit_card
2158,1210.0,01.11.2025,completed,referral,paypal
2159,5950.0,2025-07-28,completed,social_media,debit_card
2160,1458.0,2025-01-11,completed,paid_search,paypal
2161,6061.0,14.07.2025,completed,organic_search,credit_card
2162,1371.0,10-11-2024,completed,email,credit_card
2163,3611.0,03.11.2024,completed,organic_search,bank_transfer
2164,5233.0,30.09.2025,cancelled,organic_search,credit_card
2165,492.0,27.01.2025,completed,organic_search,bank_transfer
2166,1479.0,05/10/2025,completed,direct,paypal
2167,2975.0,2025-10-19,completed,organic_search,bank_transfer
2168,4270.0,2025-11-06T15:59:01,completed,direct,credit_card
2169,7941.0,12-01-2025,completed,direct,paypal
2170,1777.0,2025-01-12,completed,referral,bank_transfer
2171,3206.0,2024-11-10T03:40:25,completed,paid_search,paypal
2172,4394.0,11.05.2025,completed,referral,paypal
2173,2757.0,2024-12-08,completed,social_media,debit_card
2174,5767.0,25/05/2025,completed,email,credit_card
2175,2413.0,06/08/2025,completed,direct,bank_transfer
2176,7130.0,2025-07-26T16:23:55,completed,referral,debit_card
2177,4672.0,2024-12-10T06:53:11,completed,direct,bank_transfer
2178,842.0,04.07.2024,completed,social_media,debit_card
2179,5781.0,2025-01-12T03:44:32,completed,direct,bank_transfer
2180,5262.0,10.06.2024,completed,social_media,paypal
2181,3126.0,11-20-2025,cancelled,paid_search,bank_transfer
2182,111.0,2024-11-25,completed,referral,paypal
2183,1908.0,2024-06-22T03:27:24,completed,social_media,bank_transfer
2184,3730.0,2024-02-05T11:25:21,completed,email,credit_card
2185,1900.0,2025-06-25,completed,paid_search,credit_card
2186,5340.0,19.06.2025,returned,referral,credit_card
2187,6579.0,22.11.2024,completed,organic_search,bank_transfer
2188,7917.0,2024-03-31T18:59:07,completed,paid_search,bank_transfer
2189,5977.0,2024-12-27,completed,referral,bank_transfer
2190,6390.0,2024-11-06,completed,organic_search,debit_card
2191,5609.0,2025-07-17,completed,social_media,credit_card
2192,9090.0,28/05/2025,completed,paid_search,debit_card
2193,2450.0,12-05-2024,completed,direct,credit_card
2194,2506.0,08-22-2024,completed,email,credit_card
2195,1223.0,2025-12-27,cancelled,referral,paypal
2196,4484.0,02-03-2025,cancelled,organic_search,paypal
2197,942.0,2025-07-25T13:20:24,completed,social_media,credit_card
2198,2540.0,2024-06-08,COMPLETED,paid_search,credit_card
2199,4467.0,2025-03-02,completed,email,debit_card
2200,8839.0,07/02/2024,completed,paid_search,credit_card
2201,8893.0,2025-03-17,completed,organic_search,debit_card
2202,6881.0,12-18-2025,completed,direct,debit_card
2203,3585.0,2024-12-15,completed,email,credit_card
2204,8005.0,22/02/2024,COMPLETED,paid_search,bank_transfer
2205,8095.0,2024-02-12T11:13:48,completed,email,bank_transfer
2206,8431.0,12-17-2024,completed,paid_search,debit_card
2207,5903.0,2024-06-27,completed,referral,paypal
2208,1915.0,2024-02-02,completed,referral,bank_transfer
2209,892.0,2025-09-09T17:15:19,completed,organic_search,debit_card
2210,8466.0,07/02/2025,completed,paid_search,paypal
2211,544.0,2024-10-22T04:26:27,completed,email,bank_transfer
2212,2759.0,24.11.2025,completed,referral,paypal
2213,4496.0,2024-05-14T05:38:31,returned,organic_search,paypal
2214,223.0,15/12/2025,completed,paid_search,paypal
2215,8393.0,2024-11-07T09:42:00,completed,direct,debit_card
2216,2692.0,11-19-2025,completed,paid_search,paypal
2217,288.0,26.05.2025,completed,email,credit_card
2218,9169.0,22/10/2025,returned,paid_search,debit_card
2219,2890.0,26.12.2025,completed,social_media,credit_card
2220,8110.0,21/10/2024,RETURNED,direct,paypal
2221,4184.0,2025-12-17,returned,referral,credit_card
2222,6143.0,2024-12-17T14:09:34,cancelled,referral,bank_transfer
2223,2271.0,15/12/2024,completed,email,bank_transfer
2224,4649.0,22.11.2024,COMPLETED,organic_search,debit_card
2225,2424.0,13.04.2025,completed,direct,credit_card
2226,8780.0,21/06/2024,completed,email,debit_card
2227,600.0,22.04.2025,cancelled,email,paypal
2228,2579.0,2025-04-13T07:00:23,completed,social_media,bank_transfer
2229,8256.0,2025-09-13,COMPLETED,email,debit_card
2230,4436.0,26.10.2025,completed,organic_search,paypal
2231,5533.0,2025-01-21,completed,paid_search,debit_card
2232,6029.0,2024-11-01,completed,referral,paypal
2233,695.0,2024-09-28,completed,social_media,bank_transfer
2234,180.0,07-31-2024,returned,organic_search,credit_card
2235,8653.0,15.03.2024,completed,organic_search,credit_card
2236,2546.0,11-23-2024,cancelled,organic_search,paypal
2237,3509.0,06.10.2024,returned,organic_search,paypal
2238,6318.0,2025-12-19,COMPLETED,social_media,paypal
2239,2223.0,24/04/2025,completed,email,credit_card
2240,6775.0,2024-11-26T16:14:11,returned,social_media,debit_card
2241,4226.0,05-10-2025,completed,direct,paypal
2242,7923.0,06-06-2024,cancelled,email,paypal
2243,2615.0,25/01/2025,completed,direct,debit_card
2244,1926.0,11.06.2025,completed,social_media,debit_card
2245,7695.0,05/03/2025,completed,paid_search,credit_card
2246,3020.0,2024-12-23,completed,social_media,debit_card
2247,3789.0,29/12/2025,completed,referral,debit_card
2248,7351.0,11-16-2025,completed,organic_search,bank_transfer
2249,5859.0,06-09-2025,cancelled,referral,credit_card
2250,4070.0,03.05.2025,returned,direct,bank_transfer
2251,2349.0,2025-06-07,completed,paid_search,debit_card
2252,7055.0,07/08/2024,completed,paid_search,debit_card
2253,1708.0,2024-12-20T05:28:13,returned,social_media,paypal
2254,8589.0,2024-02-23,completed,paid_search,debit_card
2255,1443.0,2025-02-22,completed,referral,paypal
2256,7462.0,14/04/2025,completed,direct,bank_transfer
2257,3916.0,31.08.2024,completed,direct,paypal
2258,1764.0,2025-12-18T01:48:28,completed,referral,paypal
2259,3698.0,2025-11-28T04:36:48,completed,direct,bank_transfer
2260,2082.0,2025-08-18T21:06:09,completed,organic_search,credit_card
2261,1318.0,07.04.2025,completed,email,credit_card
2262,2250.0,11-12-2025,completed,direct,paypal
2263,8028.0,05-29-2024,cancelled,social_media,debit_card
2264,1036.0,2025-10-01,completed,direct,bank_transfer
2265,8970.0,23/05/2024,completed,referral,bank_transfer
2266,50.0,03/10/2025,completed,organic_search,paypal
2267,6098.0,10-11-2024,completed,social_media,credit_card
2268,7921.0,15/11/2025,completed,social_media,debit_card
2269,8613.0,11/12/2025,completed,paid_search,bank_transfer
2270,1380.0,2024-06-16T09:38:04,completed,referral,credit_card
2271,6462.0,10.02.2025,cancelled,referral,paypal
2272,1048.0,12-25-2025,completed,paid_search,credit_card
2273,3250.0,28.02.2025,completed,email,paypal
2274,6764.0,2025-11-09,completed,referral,paypal
2275,3193.0,2025-05-16T09:40:19,completed,paid_search,debit_card
2276,2904.0,10.12.2024,RETURNED,referral,bank_transfer
2277,1136.0,10-19-2024,completed,paid_search,debit_card
2278,648.0,08-09-2024,completed,email,bank_transfer
2279,1128.0,13/09/2025,completed,social_media,debit_card
2280,8095.0,16.12.2024,completed,paid_search,bank_transfer
2281,112.0,22/03/2025,returned,paid_search,paypal
2282,6420.0,2025-03-07,cancelled,direct,debit_card
2283,7098.0,2025-05-08T17:45:56,completed,direct,credit_card
2284,5248.0,11-10-2025,completed,paid_search,bank_transfer
2285,6751.0,2025-12-24T05:03:46,completed,email,paypal
2286,6036.0,26.12.2024,completed,paid_search,credit_card
2287,4203.0,22/10/2025,returned,social_media,bank_transfer
2288,,09-14-2025,completed,direct,debit_card
2289,8681.0,2025-05-05T20:36:50,completed,paid_search,debit_card
2290,8965.0,12-15-2025,completed,organic_search,debit_card
2291,6025.0,06/08/2024,completed,referral,debit_card
2292,1874.0,08.05.2024,completed,direct,paypal
2293,4138.0,05.11.2025,completed,paid_search,paypal
2294,4582.0,01-20-2025,completed,direct,bank_transfer
2295,7000.0,02/11/2025,completed,referral,bank_transfer
2296,6180.0,21/11/2025,completed,organic_search,credit_card
2297,4765.0,20.03.2024,completed,social_media,paypal
2298,,11-17-2025,completed,direct,credit_card
2299,244.0,01-28-2025,completed,paid_search,paypal
2300,7174.0,03-21-2025,returned,referral,credit_card
2301,1998.0,11.06.2025,completed,email,debit_card
2302,6079.0,2025-12-04T14:59:08,completed,direct,bank_transfer
2303,1121.0,27.01.2024,completed,paid_search,bank_transfer
2304,1123.0,23/02/2025,returned,referral,debit_card
2305,356.0,07-25-2025,COMPLETED,social_media,bank_transfer
2306,8432.0,2025-08-18,completed,direct,paypal
2307,5573.0,07-28-2025,completed,email,paypal
2308,3338.0,2024-06-01T17:21:36,COMPLETED,organic_search,bank_transfer
2309,7288.0,30.10.2024,completed,email,credit_card
2310,5772.0,02.12.2024,completed,referral,bank_transfer
2311,5713.0,09/10/2025,completed,paid_search,debit_card
2312,4497.0,13/10/2024,cancelled,social_media,credit_card
2313,79.0,16/08/2024,completed,paid_search,paypal
2314,2429.0,16.12.2025,completed,social_media,debit_card
2315,1065.0,2024-01-13,completed,social_media,bank_transfer
2316,6136.0,31/12/2025,cancelled,social_media,bank_transfer
2317,2334.0,2025-07-17T14:15:15,completed,referral,credit_card
2318,4156.0,23.10.2025,completed,social_media,credit_card
2319,3258.0,2024-10-26T08:22:14,cancelled,paid_search,bank_transfer
2320,1372.0,21/01/2024,completed,organic_search,bank_transfer
2321,8846.0,28/08/2025,completed,email,bank_transfer
2322,8613.0,2025-10-26,completed,direct,bank_transfer
2323,827.0,30.08.2025,cancelled,direct,bank_transfer
2324,7650.0,10/06/2024,cancelled,direct,debit_card
2325,4511.0,09-07-2025,completed,email,bank_transfer
2326,7143.0,17/09/2025,completed,organic_search,credit_card
2327,1453.0,07-04-2025,completed,social_media,credit_card
2328,1282.0,2025-09-15T23:30:06,completed,email,debit_card
2329,8236.0,2025-11-02T18:51:08,completed,social_media,bank_transfer
2330,8307.0,02/06/2025,completed,organic_search,debit_card
2331,4306.0,2024-04-17,returned,social_media,credit_card
2332,8045.0,03-04-2025,completed,email,bank_transfer
2333,6176.0,04-06-2024,completed,direct,debit_card
2334,1755.0,26/12/2024,completed,referral,debit_card
2335,3040.0,26/12/2024,completed,direct,bank_transfer
2336,1319.0,24.03.2024,completed,social_media,bank_transfer
2337,7145.0,2024-11-27,completed,organic_search,bank_transfer
2338,9088.0,09/05/2024,COMPLETED,email,debit_card
2339,5044.0,2025-10-11,completed,paid_search,bank_transfer
2340,6073.0,12/12/2025,completed,social_media,debit_card
2341,6896.0,03-31-2024,completed,direct,paypal
2342,2109.0,2025-12-15T07:08:12,completed,organic_search,bank_transfer
2343,3103.0,30/03/2025,completed,organic_search,paypal
2344,3793.0,2024-10-30T22:53:35,completed,paid_search,paypal
2345,5476.0,2024-04-05,completed,organic_search,bank_transfer
2346,7864.0,14.03.2025,completed,referral,debit_card
2347,2390.0,2025-10-03,completed,email,credit_card
2348,4352.0,2025-08-08,cancelled,email,credit_card
2349,6946.0,03-07-2024,completed,email,paypal
2350,853.0,01/04/2024,COMPLETED,referral,credit_card
2351,4745.0,2024-12-24T03:29:14,COMPLETED,referral,debit_card
2352,1383.0,26/10/2024,completed,referral,paypal
2353,4979.0,04.09.2024,completed,paid_search,credit_card
2354,7090.0,10-15-2024,completed,paid_search,credit_card
2355,2229.0,10-08-2025,completed,email,credit_card
2356,7853.0,06/12/2025,cancelled,referral,debit_card
2357,3098.0,2024-12-25T01:28:25,completed,referral,debit_card
2358,1812.0,11-27-2025,returned,direct,debit_card
2359,4299.0,2024-11-12,completed,social_media,bank_transfer
2360,8102.0,2025-02-22,completed,paid_search,debit_card
2361,675.0,08-30-2024,completed,social_media,credit_card
2362,3025.0,21/06/2025,completed,referral,bank_transfer
2363,6046.0,2025-12-24,completed,direct,credit_card
2364,3292.0,26.05.2025,cancelled,email,debit_card
2365,694.0,12-02-2024,completed,paid_search,debit_card
2366,3074.0,2025-06-27,completed,social_media,bank_transfer
2367,7601.0,21/05/2024,completed,email,paypal
2368,8935.0,19.11.2025,completed,direct,paypal
2369,394.0,16/03/2025,completed,email,bank_transfer
2370,5262.0,29.01.2025,completed,organic_search,credit_card
2371,1028.0,2025-05-14T16:10:41,returned,referral,credit_card
2372,6299.0,2025-06-10,completed,email,credit_card
2373,79.0,03-31-2024,completed,organic_search,credit_card
2374,150.0,2025-07-21T11:03:47,COMPLETED,referral,debit_card
2375,7177.0,13.09.2024,completed,social_media,bank_transfer
2376,729.0,08-12-2025,completed,organic_search,debit_card
2377,2848.0,2025-10-19T19:22:14,completed,organic_search,paypal
2378,8843.0,10-08-2025,cancelled,direct,credit_card
2379,9088.0,04-21-2025,completed,direct,bank_transfer
2380,1534.0,29/03/2025,cancelled,referral,paypal
2381,5178.0,2024-06-10T00:59:03,cancelled,email,credit_card
2382,5164.0,2025-09-21,completed,organic_search,bank_transfer
2383,4176.0,2024-10-07T15:39:55,completed,referral,bank_transfer
2384,8556.0,11.03.2025,completed,organic_search,credit_card
2385,6969.0,10-18-2024,completed,social_media,bank_transfer
2386,7057.0,06-01-2024,completed,paid_search,credit_card
2387,2535.0,2025-06-14T15:24:45,completed,email,debit_card
2388,4006.0,11/03/2024,completed,organic_search,bank_transfer
2389,4501.0,2025-09-04T00:40:07,returned,organic_search,debit_card
2390,2787.0,11-09-2024,returned,referral,bank_transfer
2391,931.0,01-01-2024,completed,organic_search,bank_transfer
2392,1223.0,22.03.2025,completed,organic_search,bank_transfer
2393,1709.0,03/03/2024,completed,organic_search,bank_transfer
2394,1924.0,11/10/2024,returned,paid_search,debit_card
2395,2280.0,08-07-2025,completed,social_media,debit_card
2396,2402.0,2024-03-21,completed,paid_search,paypal
2397,4205.0,10-29-2025,completed,direct,paypal
2398,4718.0,01-06-2024,completed,email,paypal
2399,2888.0,17/09/2024,CANCELLED,email,paypal
2400,8398.0,2025-08-30,COMPLETED,organic_search,paypal
2401,5104.0,11-09-2024,completed,email,debit_card
2402,7285.0,30.04.2024,COMPLETED,social_media,paypal
2403,8550.0,03.12.2024,completed,email,debit_card
2404,1548.0,07.10.2024,completed,organic_search,bank_transfer
2405,3949.0,2025-10-31,completed,social_media,credit_card
2406,3999.0,2024-11-07T17:55:51,cancelled,email,credit_card
2407,3268.0,2025-09-30T10:14:15,completed,organic_search,paypal
2408,87.0,2025-11-21,completed,organic_search,debit_card
2409,7557.0,15.01.2025,completed,email,paypal
2410,1093.0,11-28-2025,completed,email,debit_card
2411,9187.0,11/12/2024,cancelled,email,paypal
2412,7135.0,2025-12-18T21:16:31,completed,paid_search,credit_card
2413,5356.0,2024-04-18T06:45:18,completed,direct,debit_card
2414,1490.0,25/07/2025,completed,social_media,debit_card
2415,4771.0,2025-03-08,completed,organic_search,debit_card
2416,2451.0,16/12/2024,completed,referral,bank_transfer
2417,2372.0,2025-06-16T15:08:44,completed,social_media,credit_card
2418,7672.0,05.08.2025,returned,paid_search,debit_card
2419,3512.0,07.01.2024,returned,email,paypal
2420,4163.0,04.07.2024,completed,direct,credit_card
2421,,2025-08-11T03:08:02,completed,social_media,bank_transfer
2422,858.0,07-10-2025,completed,referral,bank_transfer
2423,5476.0,19.12.2025,completed,paid_search,credit_card
2424,5348.0,09-12-2025,completed,organic_search,paypal
2425,3923.0,13.12.2025,completed,referral,credit_card
2426,7674.0,2025-08-04T14:41:40,completed,paid_search,debit_card
2427,8699.0,29/10/2024,completed,organic_search,credit_card
2428,4299.0,2024-05-04T09:51:40,completed,organic_search,debit_card
2429,4208.0,2025-09-25,cancelled,social_media,bank_transfer
2430,4641.0,2025-06-24,completed,organic_search,debit_card
2431,6679.0,2024-03-04T18:45:05,completed,organic_search,bank_transfer
2432,6183.0,03/12/2024,completed,organic_search,paypal
2433,2094.0,16/12/2025,completed,social_media,bank_transfer
2434,622.0,14/03/2025,completed,direct,paypal
2435,8761.0,2025-01-14T01:01:57,completed,email,bank_transfer
2436,2451.0,2025-02-06,completed,social_media,credit_card
2437,5887.0,2024-08-14T06:03:46,COMPLETED,email,bank_transfer
2438,7661.0,2024-12-07T20:36:55,COMPLETED,paid_search,debit_card
2439,2802.0,2024-12-08,completed,paid_search,credit_card
2440,5859.0,03-09-2024,completed,email,paypal
2441,1053.0,09-16-2025,completed,paid_search,bank_transfer
2442,8955.0,2024-12-31T06:44:31,completed,referral,paypal
2443,575.0,19/10/2025,cancelled,email,debit_card
2444,4038.0,03.11.2025,completed,referral,paypal
2445,4955.0,17/08/2024,completed,social_media,bank_transfer
2446,7317.0,07-03-2025,COMPLETED,paid_search,debit_card
2447,,19/02/2025,completed,email,paypal
2448,4059.0,16.11.2025,completed,paid_search,bank_transfer
2449,2796.0,08-20-2024,completed,paid_search,debit_card
2450,2894.0,2025-07-18T21:43:11,cancelled,social_media,debit_card
2451,7191.0,2025-05-29,completed,organic_search,paypal
2452,54.0,2024-10-26,completed,social_media,debit_card
2453,6921.0,04.06.2024,completed,paid_search,paypal
2454,7499.0,2025-06-29,completed,organic_search,paypal
2455,8345.0,29.08.2025,completed,direct,credit_card
2456,5779.0,2024-11-08T10:06:20,completed,referral,credit_card
2457,3087.0,24/06/2025,returned,direct,credit_card
2458,3944.0,12-20-2024,completed,organic_search,debit_card
2459,8953.0,2025-08-12,completed,paid_search,bank_transfer
2460,8150.0,2024-08-05,completed,email,credit_card
2461,4280.0,11-20-2025,completed,social_media,debit_card
2462,8701.0,2024-10-20T23:15:31,completed,email,bank_transfer
2463,7615.0,12-07-2024,cancelled,social_media,paypal
2464,8343.0,2024-03-16T04:35:51,completed,organic_search,paypal
2465,6327.0,2024-05-10T06:37:06,completed,email,paypal
2466,7934.0,25/03/2025,returned,paid_search,credit_card
2467,8247.0,2024-10-04,completed,organic_search,credit_card
2468,903.0,27/10/2025,completed,social_media,debit_card
2469,8904.0,2024-01-21T11:27:54,completed,paid_search,debit_card
2470,3088.0,12/12/2024,completed,paid_search,credit_card
2471,4052.0,11-21-2024,completed,email,debit_card
2472,7333.0,2024-01-28,completed,paid_search,paypal
2473,6160.0,23/05/2024,completed,organic_search,bank_transfer
2474,8256.0,29/12/2024,completed,direct,debit_card
2475,3684.0,03-08-2025,completed,organic_search,bank_transfer
2476,3441.0,2024-12-25,completed,organic_search,bank_transfer
2477,314.0,05/04/2025,completed,referral,paypal
2478,4271.0,2025-05-20T22:41:30,completed,social_media,bank_transfer
2479,6689.0,01-14-2024,completed,paid_search,paypal
2480,2810.0,2025-02-11,completed,referral,debit_card
2481,4271.0,18/12/2025,completed,social_media,credit_card
2482,2061.0,2025-03-28,completed,direct,credit_card
2483,7133.0,2025-07-18T06:24:30,completed,referral,paypal
2484,595.0,2024-11-06,completed,social_media,bank_transfer
2485,6524.0,09-20-2025,completed,paid_search,debit_card
2486,3498.0,20/09/2025,completed,social_media,debit_card
2487,412.0,29/03/2025,completed,paid_search,credit_card
2488,7891.0,2025-12-23,completed,organic_search,paypal
2489,4505.0,2024-05-24,completed,organic_search,bank_transfer
2490,5526.0,24.01.2024,completed,social_media,credit_card
2491,6765.0,18.09.2025,completed,organic_search,credit_card
2492,6064.0,10.10.2025,completed,paid_search,bank_transfer
2493,6752.0,05-19-2024,returned,referral,paypal
2494,7043.0,03.10.2024,completed,paid_search,bank_transfer
2495,5420.0,2024-01-25,completed,social_media,paypal
2496,3368.0,25.10.2024,completed,social_media,bank_transfer
2497,2291.0,09-20-2025,completed,paid_search,debit_card
2498,8354.0,27.03.2025,completed,referral,bank_transfer
2499,8955.0,26.11.2024,completed,organic_search,paypal
2500,3292.0,2024-12-09T19:08:01,cancelled,social_media,paypal
2501,1102.0,2024-01-02T18:56:41,completed,social_media,credit_card
2502,2091.0,10-30-2024,completed,email,credit_card
2503,6208.0,26/06/2025,completed,email,debit_card
2504,1640.0,22.12.2025,cancelled,referral,debit_card
2505,7206.0,02.11.2025,completed,organic_search,debit_card
2506,8540.0,2024-02-02T19:42:56,completed,direct,bank_transfer
2507,8891.0,11-23-2025,completed,direct,paypal
2508,92.0,26/09/2025,completed,email,credit_card
2509,8844.0,2025-09-24,completed,direct,bank_transfer
2510,6842.0,2025-02-06,returned,paid_search,debit_card
2511,823.0,2024-12-22T23:25:51,completed,referral,credit_card
2512,3823.0,11-01-2024,COMPLETED,direct,debit_card
2513,6481.0,24.03.2024,completed,social_media,bank_transfer
2514,8829.0,2024-09-01T11:46:37,COMPLETED,paid_search,credit_card
2515,1557.0,17.09.2024,completed,social_media,debit_card
2516,1239.0,2025-03-01,completed,referral,credit_card
2517,4366.0,2025-09-04T22:31:09,cancelled,email,bank_transfer
2518,8936.0,20/02/2025,completed,social_media,credit_card
2519,8962.0,03-15-2024,cancelled,paid_search,credit_card
2520,2149.0,16.12.2025,COMPLETED,social_media,debit_card
2521,2966.0,11.12.2025,COMPLETED,paid_search,paypal
2522,8406.0,09-27-2025,completed,social_media,bank_transfer
2523,6793.0,2025-12-28T21:57:28,completed,referral,debit_card
2524,8968.0,15/04/2025,returned,direct,debit_card
2525,8256.0,2025-12-18T21:27:51,completed,direct,credit_card
2526,2031.0,2024-04-04T11:50:35,completed,referral,paypal
2527,7015.0,06.12.2024,completed,referral,paypal
2528,477.0,2024-08-29,completed,referral,debit_card
2529,7573.0,02.08.2024,completed,social_media,bank_transfer
2530,5546.0,08/06/2024,completed,email,credit_card
2531,8825.0,08.06.2025,completed,email,bank_transfer
2532,,2025-09-25,completed,email,paypal
2533,496.0,09.05.2025,completed,email,credit_card
2534,1524.0,14/06/2024,completed,paid_search,debit_card
2535,4471.0,10-13-2025,completed,email,bank_transfer
2536,8131.0,2025-06-18T20:18:38,completed,email,bank_transfer
2537,7540.0,12-17-2024,completed,organic_search,bank_transfer
2538,8898.0,2025-07-15T09:20:55,completed,paid_search,paypal
2539,5696.0,09-28-2024,completed,paid_search,paypal
2540,2413.0,11-25-2024,completed,organic_search,credit_card
2541,256.0,12-01-2025,completed,referral,credit_card
2542,2095.0,23.10.2024,completed,social_media,bank_transfer
2543,6247.0,17.02.2025,COMPLETED,email,credit_card
2544,8570.0,2025-11-20T12:33:41,completed,email,debit_card
2545,2980.0,08.08.2025,completed,email,credit_card
2546,8098.0,20/03/2024,completed,paid_search,debit_card
2547,3633.0,06-14-2024,completed,referral,credit_card
2548,2880.0,2024-01-12T02:28:20,completed,organic_search,credit_card
2549,4710.0,15/06/2025,completed,referral,credit_card
2550,4075.0,01-28-2025,completed,organic_search,credit_card
2551,8463.0,01.06.2024,completed,paid_search,paypal
2552,4322.0,16/12/2025,completed,email,credit_card
2553,2606.0,05/04/2025,completed,organic_search,credit_card
2554,7791.0,2024-09-13T14:12:51,completed,social_media,paypal
2555,9217.0,14/03/2025,cancelled,direct,paypal
2556,5990.0,19/07/2025,completed,direct,paypal
2557,2355.0,04/04/2024,completed,social_media,paypal
2558,2247.0,10/10/2024,completed,direct,credit_card
2559,570.0,10.10.2025,completed,direct,debit_card
2560,753.0,2025-02-08T01:57:25,cancelled,email,debit_card
2561,8466.0,04-17-2025,COMPLETED,paid_search,paypal
2562,945.0,14.01.2025,completed,email,debit_card
2563,4471.0,02-29-2024,completed,email,credit_card
2564,6461.0,03.07.2024,cancelled,paid_search,credit_card
2565,7862.0,26.01.2025,completed,paid_search,bank_transfer
2566,1626.0,2024-08-14,completed,referral,credit_card
2567,4036.0,07/03/2024,completed,direct,paypal
2568,2365.0,11-01-2025,completed,social_media,debit_card
2569,2406.0,12-25-2025,completed,email,debit_card
2570,2834.0,10-02-2025,completed,email,debit_card
2571,5398.0,2025-11-05,completed,paid_search,bank_transfer
2572,169.0,2024-09-13T15:45:18,completed,referral,bank_transfer
2573,3761.0,2025-12-17T19:05:18,completed,direct,bank_transfer
2574,1774.0,03.08.2024,completed,direct,paypal
2575,8925.0,2025-12-14T19:48:16,returned,paid_search,bank_transfer
2576,5368.0,30/12/2025,completed,direct,debit_card
2577,8035.0,2025-08-11T00:31:55,completed,email,paypal
2578,1859.0,25/12/2025,completed,social_media,debit_card
2579,7496.0,05-03-2025,completed,email,credit_card
2580,3819.0,28/09/2024,completed,direct,debit_card
2581,1681.0,18/01/2025,completed,organic_search,debit_card
2582,7032.0,05-19-2025,completed,referral,credit_card
2583,7039.0,2024-04-01T14:58:38,completed,email,bank_transfer
2584,9190.0,2025-06-08T01:19:53,completed,referral,paypal
2585,7215.0,25/12/2025,completed,direct,debit_card
2586,1392.0,2024-07-27,completed,paid_search,credit_card
2587,2994.0,02/10/2025,completed,organic_search,debit_card
2588,4171.0,27.11.2025,completed,referral,paypal
2589,1226.0,11.12.2025,completed,social_media,paypal
2590,7292.0,2025-12-17T16:13:16,cancelled,email,credit_card
2591,4875.0,2025-03-30T07:29:58,completed,direct,debit_card
2592,8717.0,23/12/2025,completed,organic_search,credit_card
2593,5422.0,2025-09-10T03:30:51,completed,email,bank_transfer
2594,4837.0,06-29-2024,returned,paid_search,credit_card
2595,701.0,23.02.2025,completed,social_media,paypal
2596,1431.0,15/08/2025,cancelled,social_media,debit_card
2597,7853.0,17.09.2024,cancelled,organic_search,debit_card
2598,9140.0,21/06/2025,completed,organic_search,debit_card
2599,3822.0,2025-07-10T06:30:26,completed,direct,debit_card
2600,7497.0,06-30-2024,completed,paid_search,bank_transfer
2601,5788.0,2025-04-30,CANCELLED,email,debit_card
2602,8852.0,2025-09-19,completed,referral,bank_transfer
2603,2240.0,12/03/2025,completed,email,debit_card
2604,5032.0,2024-01-18,completed,email,bank_transfer
2605,3761.0,13/01/2024,completed,social_media,bank_transfer
2606,5004.0,01.12.2024,completed,paid_search,debit_card
2607,2531.0,2025-12-04,completed,organic_search,bank_transfer
2608,4594.0,01/09/2024,completed,organic_search,bank_transfer
2609,5760.0,06-17-2025,completed,paid_search,credit_card
2610,789.0,26.08.2024,completed,social_media,credit_card
2611,6874.0,2024-11-12,completed,email,debit_card
2612,6534.0,2025-11-02,cancelled,email,paypal
2613,8140.0,2025-08-22T09:35:58,completed,email,bank_transfer
2614,3928.0,24.04.2024,completed,paid_search,bank_transfer
2615,601.0,2025-01-10,completed,email,debit_card
2616,4260.0,10.02.2024,completed,email,paypal
2617,1326.0,2025-02-26,completed,social_media,debit_card
2618,5982.0,07/07/2025,completed,organic_search,bank_transfer
2619,460.0,17.05.2024,completed,referral,bank_transfer
2620,3449.0,21/10/2024,completed,email,bank_transfer
2621,809.0,21/12/2024,completed,direct,debit_card
2622,33.0,2025-12-02T23:27:55,completed,email,credit_card
2623,8862.0,29/12/2025,completed,paid_search,debit_card
2624,9193.0,2024-03-01T03:39:17,completed,email,bank_transfer
2625,5129.0,12.09.2025,completed,email,credit_card
2626,2249.0,09/12/2024,completed,paid_search,credit_card
2627,8441.0,19/12/2024,returned,direct,debit_card
2628,8540.0,09-08-2025,completed,referral,bank_transfer
2629,7903.0,2025-12-01,completed,email,debit_card
2630,5028.0,14/12/2025,completed,organic_search,debit_card
2631,733.0,2025-05-08,completed,email,paypal
2632,866.0,01.12.2024,completed,referral,debit_card
2633,8292.0,09-29-2025,completed,email,bank_transfer
2634,8099.0,2024-09-21,completed,direct,credit_card
2635,4007.0,29.04.2025,completed,organic_search,paypal
2636,3031.0,02/12/2024,cancelled,social_media,paypal
2637,5945.0,2025-07-03,completed,direct,bank_transfer
2638,7473.0,2024-09-11,completed,paid_search,paypal
2639,6761.0,2024-07-28T20:31:18,completed,referral,paypal
2640,5673.0,2025-12-01,completed,email,debit_card
2641,2179.0,2024-04-30T13:28:34,completed,email,credit_card
2642,2466.0,03-18-2025,completed,referral,debit_card
2643,6688.0,08-25-2024,completed,email,bank_transfer
2644,7441.0,02-22-2024,completed,referral,paypal
2645,1137.0,18.02.2024,completed,organic_search,debit_card
2646,1778.0,12/07/2024,completed,email,bank_transfer
2647,6300.0,10.11.2025,cancelled,referral,debit_card
2648,3583.0,2024-10-16T07:48:10,completed,organic_search,debit_card
2649,5202.0,13/12/2025,completed,social_media,bank_transfer
2650,5668.0,11.05.2025,completed,social_media,debit_card
2651,7170.0,01-18-2025,completed,referral,bank_transfer
2652,7468.0,10.05.2025,completed,referral,debit_card
2653,2633.0,26.03.2025,completed,email,paypal
2654,5001.0,2025-09-11,cancelled,direct,debit_card
2655,1198.0,16/10/2024,completed,email,debit_card
2656,7787.0,2024-11-29T09:49:37,completed,paid_search,credit_card
2657,7818.0,22.11.2025,completed,referral,credit_card
2658,2794.0,2025-12-12,completed,social_media,credit_card
2659,1525.0,21.11.2025,returned,email,paypal
2660,687.0,01/01/2025,COMPLETED,organic_search,credit_card
2661,5316.0,24.09.2025,COMPLETED,organic_search,debit_card
2662,897.0,2025-02-22T15:18:02,completed,organic_search,debit_card
2663,6302.0,2025-03-11T06:27:06,completed,organic_search,bank_transfer
2664,6272.0,10/08/2024,completed,referral,bank_transfer
2665,5664.0,18/05/2025,completed,social_media,bank_transfer
2666,8107.0,23/07/2024,completed,email,credit_card
2667,3490.0,11-17-2024,completed,paid_search,paypal
2668,8351.0,05/11/2025,completed,social_media,credit_card
2669,367.0,08-12-2024,completed,paid_search,paypal
2670,1106.0,03-30-2024,completed,email,paypal
2671,3792.0,03-28-2024,completed,organic_search,bank_transfer
2672,5468.0,2025-12-10,cancelled,referral,paypal
2673,322.0,2025-03-18T13:35:17,completed,paid_search,debit_card
2674,5243.0,27/12/2024,completed,paid_search,credit_card
2675,2872.0,2025-10-12,COMPLETED,referral,bank_transfer
2676,8205.0,2025-10-27,returned,direct,paypal
2677,4926.0,18.11.2024,completed,organic_search,debit_card
2678,5404.0,2025-07-29T03:49:24,completed,direct,debit_card
2679,8728.0,2025-09-18,completed,social_media,paypal
2680,7054.0,01/07/2025,completed,email,debit_card
2681,4038.0,19.06.2024,completed,referral,paypal
2682,4404.0,2025-11-14T11:15:42,completed,direct,bank_transfer
2683,5986.0,04-11-2025,completed,social_media,bank_transfer
2684,1903.0,2024-10-16,completed,direct,debit_card
2685,867.0,07/01/2025,completed,direct,debit_card
2686,2890.0,2024-02-20,completed,social_media,credit_card
2687,7188.0,26/05/2024,completed,email,bank_transfer
2688,2420.0,09-15-2025,completed,email,credit_card
2689,1268.0,2024-01-01,cancelled,direct,credit_card
2690,2060.0,31.12.2024,completed,email,credit_card
2691,6283.0,03-30-2025,RETURNED,organic_search,credit_card
2692,5663.0,03-12-2024,completed,paid_search,credit_card
2693,6387.0,2025-12-22,cancelled,referral,bank_transfer
2694,2988.0,2024-08-30T06:24:20,completed,social_media,paypal
2695,8341.0,2024-11-02,cancelled,email,credit_card
2696,4171.0,02.11.2024,completed,paid_search,paypal
2697,4753.0,03.09.2024,completed,paid_search,bank_transfer
2698,8758.0,01-03-2024,completed,direct,credit_card
2699,9031.0,23.08.2025,completed,paid_search,bank_transfer
2700,6129.0,2025-12-19T09:15:14,completed,direct,paypal
2701,8720.0,08-28-2024,returned,email,debit_card
2702,5002.0,07/07/2025,completed,social_media,bank_transfer
2703,2871.0,2025-08-31,completed,social_media,debit_card
2704,2921.0,2025-11-02T23:51:47,cancelled,paid_search,debit_card
2705,5162.0,04.01.2025,completed,referral,bank_transfer
2706,5578.0,11-01-2024,completed,email,credit_card
2707,4051.0,11-14-2024,completed,email,credit_card
2708,8176.0,2025-08-11T21:44:13,completed,paid_search,credit_card
2709,3938.0,16/10/2025,completed,social_media,credit_card
2710,2565.0,2024-07-19T10:27:49,completed,direct,debit_card
2711,79.0,08/12/2024,returned,referral,debit_card
2712,8956.0,2025-11-25T03:17:22,RETURNED,paid_search,credit_card
2713,7627.0,2025-10-10T17:48:19,completed,direct,credit_card
2714,5673.0,26.12.2025,completed,direct,paypal
2715,7681.0,08.09.2025,completed,social_media,debit_card
2716,7499.0,12-19-2024,completed,referral,debit_card
2717,8605.0,05-17-2025,completed,referral,debit_card
2718,3556.0,2025-07-06T12:35:09,completed,organic_search,debit_card
2719,5121.0,07/04/2024,completed,direct,debit_card
2720,970.0,15.04.2025,completed,referral,paypal
2721,8905.0,2025-08-09,returned,email,paypal
2722,9088.0,07-04-2024,completed,social_media,credit_card
2723,7305.0,2025-09-24,completed,direct,bank_transfer
2724,4188.0,2025-05-13T18:29:11,completed,email,debit_card
2725,4583.0,14.12.2025,completed,social_media,bank_transfer
2726,4018.0,02-27-2024,completed,email,bank_transfer
2727,2743.0,03.10.2024,completed,direct,credit_card
2728,4887.0,2025-05-25T21:30:02,completed,email,debit_card
2729,522.0,2024-10-27T22:26:48,completed,email,bank_transfer
2730,9155.0,12/08/2025,completed,email,paypal
2731,3913.0,11.09.2025,completed,paid_search,credit_card
2732,8582.0,05-01-2024,completed,direct,credit_card
2733,6691.0,24.03.2025,completed,organic_search,credit_card
2734,2717.0,20/03/2025,completed,direct,debit_card
2735,2087.0,07/12/2024,completed,direct,paypal
2736,9189.0,2025-12-07,CANCELLED,organic_search,bank_transfer
2737,7127.0,22.10.2025,completed,direct,paypal
2738,2346.0,2025-08-01T06:50:41,completed,paid_search,debit_card
2739,658.0,12.08.2025,completed,referral,credit_card
2740,6450.0,09/02/2025,COMPLETED,organic_search,paypal
2741,2823.0,2025-12-02T05:22:12,completed,organic_search,paypal
2742,2080.0,2025-07-30,completed,organic_search,paypal
2743,6794.0,2025-08-22,completed,organic_search,paypal
2744,6285.0,2025-11-08T12:48:49,completed,paid_search,paypal
2745,4452.0,2024-10-10T09:23:28,completed,referral,paypal
2746,8697.0,10/10/2025,cancelled,referral,bank_transfer
2747,6290.0,2024-08-01T20:25:24,completed,direct,bank_transfer
2748,8259.0,2024-11-25,completed,paid_search,bank_transfer
2749,1810.0,20.11.2024,completed,paid_search,debit_card
2750,2763.0,2025-12-24T05:26:19,completed,direct,credit_card
2751,1022.0,2025-11-06T05:58:03,completed,social_media,paypal
2752,2843.0,03.08.2025,completed,organic_search,credit_card
2753,8963.0,21/08/2025,completed,email,debit_card
2754,8884.0,04-27-2025,completed,referral,paypal
2755,7022.0,12.12.2025,completed,paid_search,bank_transfer
2756,4822.0,2025-03-10T13:12:56,completed,referral,debit_card
2757,7214.0,13.12.2024,completed,paid_search,debit_card
2758,5106.0,30/06/2024,completed,social_media,debit_card
2759,34.0,2025-09-28,completed,referral,credit_card
2760,4635.0,08-26-2025,cancelled,direct,debit_card
2761,5523.0,15.12.2024,completed,direct,debit_card
2762,,02-04-2024,completed,direct,credit_card
2763,1922.0,2025-10-29,completed,direct,paypal
2764,2570.0,2024-01-17,completed,referral,paypal
2765,5746.0,05.08.2025,cancelled,organic_search,debit_card
2766,1400.0,21/12/2025,completed,social_media,credit_card
2767,6648.0,2025-01-19,completed,referral,bank_transfer
2768,3904.0,2024-09-07T02:58:31,completed,direct,bank_transfer
2769,3257.0,08-06-2025,completed,referral,bank_transfer
2770,7475.0,10-16-2025,completed,social_media,paypal
2771,4681.0,04-16-2025,completed,social_media,credit_card
2772,3491.0,20.12.2025,completed,direct,paypal
2773,8123.0,08.03.2024,completed,email,debit_card
2774,3393.0,17.03.2025,completed,email,bank_transfer
2775,7943.0,2025-08-15,completed,email,credit_card
2776,4662.0,2025-11-09T15:10:26,COMPLETED,email,bank_transfer
2777,1967.0,2024-07-16T02:33:20,completed,organic_search,bank_transfer
2778,5654.0,06/10/2025,completed,social_media,paypal
2779,2678.0,21/04/2025,completed,social_media,paypal
2780,1410.0,2024-12-21T00:53:36,completed,social_media,debit_card
2781,845.0,2024-05-30T12:39:54,cancelled,referral,bank_transfer
2782,2277.0,2025-11-10T00:00:16,completed,social_media,debit_card
2783,6812.0,24/06/2024,completed,email,credit_card
2784,7749.0,05/11/2024,completed,social_media,bank_transfer
2785,7969.0,2024-10-22T21:54:46,completed,organic_search,paypal
2786,2540.0,12/11/2025,completed,organic_search,bank_transfer
2787,6123.0,14/07/2025,completed,referral,credit_card
2788,2166.0,2025-10-04T07:05:25,completed,email,paypal
2789,5738.0,2024-09-20,completed,email,credit_card
2790,8206.0,10.06.2025,COMPLETED,paid_search,bank_transfer
2791,404.0,2025-05-04T10:17:59,completed,organic_search,debit_card
2792,9088.0,25.10.2025,cancelled,referral,paypal
2793,7648.0,2025-11-27,completed,paid_search,bank_transfer
2794,7036.0,01-18-2024,completed,email,credit_card
2795,6416.0,2025-07-15T00:32:26,completed,referral,debit_card
2796,7113.0,2024-03-09T06:05:43,completed,direct,debit_card
2797,9180.0,18.04.2025,completed,organic_search,credit_card
2798,7112.0,20.10.2024,completed,social_media,credit_card
2799,3245.0,03/11/2024,completed,direct,debit_card
2800,5663.0,2024-11-29T10:21:09,completed,paid_search,credit_card
2801,3111.0,2025-06-08,completed,email,bank_transfer
2802,8956.0,19.11.2024,completed,direct,paypal
2803,8332.0,25.08.2025,returned,referral,credit_card
2804,5245.0,2024-12-25,completed,social_media,credit_card
2805,7218.0,2024-03-27,completed,organic_search,bank_transfer
2806,8426.0,26/09/2025,cancelled,organic_search,bank_transfer
2807,2293.0,2024-10-19,completed,email,paypal
2808,5356.0,2025-01-14T23:37:41,completed,paid_search,credit_card
2809,4456.0,2025-07-23T14:27:14,completed,email,credit_card
2810,7121.0,2024-11-18T12:31:01,completed,social_media,paypal
2811,3498.0,2024-03-14T07:36:59,completed,email,debit_card
2812,6557.0,2024-12-10,completed,direct,debit_card
2813,3705.0,2025-12-11T21:45:48,completed,paid_search,bank_transfer
2814,1089.0,2025-06-22T18:46:21,completed,paid_search,credit_card
2815,1046.0,07-13-2025,completed,email,bank_transfer
2816,1164.0,06-15-2025,completed,direct,bank_transfer
2817,323.0,08-04-2024,completed,direct,paypal
2818,4925.0,2024-12-31T16:29:39,completed,direct,bank_transfer
2819,6218.0,2025-09-06T09:32:00,completed,paid_search,bank_transfer
2820,1227.0,04-30-2024,completed,organic_search,debit_card
2821,5642.0,13/10/2024,completed,social_media,debit_card
2822,5512.0,11/10/2024,RETURNED,social_media,paypal
2823,1409.0,13/01/2025,returned,email,paypal
2824,3715.0,24.12.2025,COMPLETED,email,debit_card
2825,6979.0,03-26-2024,cancelled,direct,paypal
2826,171.0,2025-03-27,completed,referral,debit_card
2827,1409.0,07-16-2024,cancelled,referral,credit_card
2828,9190.0,2025-12-21,completed,organic_search,paypal
2829,6779.0,12/05/2024,completed,social_media,paypal
2830,4287.0,2024-12-24T17:44:34,completed,referral,bank_transfer
2831,5805.0,28.08.2025,returned,paid_search,bank_transfer
2832,7825.0,06.08.2025,COMPLETED,social_media,paypal
2833,7788.0,05/01/2025,completed,organic_search,debit_card
2834,3008.0,26.11.2024,completed,direct,credit_card
2835,4541.0,12-21-2024,completed,paid_search,debit_card
2836,5883.0,10-02-2024,completed,email,paypal
2837,705.0,2024-08-11,completed,organic_search,paypal
2838,8728.0,2025-02-28T00:21:07,completed,paid_search,bank_transfer
2839,3994.0,10-05-2024,completed,referral,bank_transfer
2840,3416.0,10-20-2024,completed,organic_search,bank_transfer
2841,8395.0,03.07.2025,completed,paid_search,bank_transfer
2842,1156.0,20/12/2025,cancelled,social_media,paypal
2843,389.0,2025-05-26T02:44:09,completed,referral,paypal
2844,6350.0,2024-04-05T17:20:53,completed,paid_search,bank_transfer
2845,3552.0,04.04.2024,completed,email,credit_card
2846,7057.0,14/12/2025,completed,email,credit_card
2847,670.0,10-28-2024,completed,organic_search,bank_transfer
2848,3542.0,20.04.2024,returned,organic_search,debit_card
2849,2213.0,2025-05-23T18:49:22,completed,referral,credit_card
2850,6837.0,2025-06-09,completed,direct,debit_card
2851,2140.0,27.06.2025,completed,organic_search,credit_card
2852,4224.0,04.10.2024,completed,organic_search,paypal
2853,7583.0,22/01/2024,completed,direct,bank_transfer
2854,8466.0,12-19-2025,completed,direct,debit_card
2855,6673.0,20/09/2024,completed,referral,paypal
2856,3960.0,2025-07-17,completed,referral,credit_card
2857,5289.0,2025-08-07,completed,paid_search,paypal
2858,6396.0,31/05/2025,completed,direct,bank_transfer
2859,8093.0,07.11.2024,completed,email,paypal
2860,8217.0,07.10.2024,completed,social_media,debit_card
2861,8596.0,2025-05-22T12:55:46,completed,social_media,paypal
2862,7501.0,10/11/2025,completed,social_media,paypal
2863,1407.0,2025-12-12,completed,social_media,bank_transfer
2864,6911.0,05-04-2024,completed,referral,paypal
2865,7541.0,06-22-2024,completed,social_media,credit_card
2866,8120.0,2025-12-11,completed,referral,debit_card
2867,8556.0,08-27-2025,completed,direct,credit_card
2868,4714.0,2025-11-17T04:26:03,completed,email,credit_card
2869,6064.0,08-08-2024,COMPLETED,referral,paypal
2870,95.0,2025-05-15,completed,social_media,paypal
2871,5298.0,03/08/2025,completed,direct,paypal
2872,4373.0,07-20-2025,returned,social_media,paypal
2873,8877.0,2024-12-27T14:05:11,completed,referral,credit_card
2874,8345.0,2024-01-22T19:52:51,completed,paid_search,debit_card
2875,7389.0,05-12-2025,completed,email,paypal
2876,562.0,09-22-2024,completed,organic_search,credit_card
2877,3696.0,01-30-2025,completed,referral,bank_transfer
2878,6443.0,2025-12-16T04:35:31,completed,organic_search,debit_card
2879,297.0,22.12.2024,completed,referral,bank_transfer
2880,2217.0,29.10.2025,completed,referral,debit_card
2881,8209.0,25.07.2024,completed,direct,bank_transfer
2882,1258.0,14.07.2025,completed,organic_search,paypal
2883,501.0,2025-12-23T11:36:27,cancelled,referral,paypal
2884,5356.0,2024-04-30T15:53:39,completed,email,paypal
2885,8736.0,2024-01-12,completed,paid_search,paypal
2886,7720.0,2025-01-15T19:12:32,completed,social_media,debit_card
2887,8990.0,21/04/2024,completed,social_media,credit_card
2888,6964.0,2025-09-04T07:51:39,completed,email,paypal
2889,4031.0,2025-11-30,completed,email,credit_card
2890,8737.0,15.01.2025,completed,organic_search,credit_card
2891,3937.0,2024-09-27T10:44:08,completed,direct,bank_transfer
2892,3233.0,16.01.2025,completed,organic_search,bank_transfer
2893,4141.0,19/08/2025,returned,referral,bank_transfer
2894,7534.0,2024-01-13T02:03:11,returned,email,credit_card
2895,8491.0,17.05.2025,COMPLETED,paid_search,credit_card
2896,3292.0,02/06/2025,returned,direct,debit_card
2897,4270.0,19/06/2025,completed,direct,bank_transfer
2898,8312.0,09-13-2024,cancelled,paid_search,paypal
2899,459.0,12.08.2025,completed,email,bank_transfer
2900,7244.0,2024-04-20T10:26:35,cancelled,referral,credit_card
2901,4190.0,2024-08-05,cancelled,email,debit_card
2902,3472.0,15.11.2025,completed,organic_search,debit_card
2903,4128.0,2025-08-29T09:07:07,returned,direct,debit_card
2904,3861.0,20.01.2024,completed,social_media,bank_transfer
2905,6993.0,18/09/2024,completed,referral,credit_card
2906,8588.0,2024-08-19,completed,direct,credit_card
2907,4542.0,07/10/2024,completed,social_media,debit_card
2908,7706.0,2024-09-18,completed,referral,paypal
2909,6764.0,21.03.2024,completed,direct,paypal
2910,3061.0,02-07-2025,completed,direct,debit_card
2911,5400.0,08-25-2025,completed,social_media,bank_transfer
2912,6170.0,28/05/2025,completed,social_media,paypal
2913,239.0,14.07.2025,completed,referral,paypal
2914,3636.0,09/04/2024,completed,social_media,debit_card
2915,9161.0,12-14-2025,completed,organic_search,bank_transfer
2916,5874.0,10-29-2025,returned,direct,debit_card
2917,3094.0,09.10.2025,completed,social_media,bank_transfer
2918,2350.0,20.10.2025,cancelled,referral,bank_transfer
2919,1980.0,12-07-2025,returned,email,bank_transfer
2920,3694.0,15.04.2025,completed,direct,credit_card
2921,1837.0,2024-08-06,completed,paid_search,bank_transfer
2922,1311.0,2025-06-04,completed,organic_search,bank_transfer
2923,3354.0,2025-09-01T23:02:46,completed,organic_search,debit_card
2924,5595.0,2025-08-28,completed,email,bank_transfer
2925,1403.0,03-30-2025,completed,direct,credit_card
2926,429.0,03-27-2024,completed,referral,bank_transfer
2927,344.0,2024-12-08T10:01:48,completed,direct,paypal
2928,2518.0,12-02-2025,completed,referral,credit_card
2929,1806.0,2025-05-13T19:09:31,completed,direct,credit_card
2930,4980.0,11.04.2025,returned,social_media,credit_card
2931,4205.0,05.10.2024,CANCELLED,email,paypal
2932,3008.0,07.12.2024,completed,direct,debit_card
2933,7714.0,11-22-2025,completed,referral,bank_transfer
2934,4669.0,2025-07-10,completed,social_media,credit_card
2935,897.0,29.09.2025,completed,referral,bank_transfer
2936,2757.0,2025-02-03T01:15:54,completed,social_media,credit_card
2937,8979.0,2025-06-14T07:05:45,completed,direct,debit_card
2938,9014.0,18/09/2024,completed,email,debit_card
2939,2395.0,2025-08-06T17:12:51,CANCELLED,social_media,paypal
2940,1588.0,2025-01-09T12:47:39,completed,email,credit_card
2941,4579.0,23.01.2025,cancelled,social_media,paypal
2942,4452.0,28.06.2025,cancelled,referral,debit_card
2943,3770.0,12-08-2025,completed,social_media,paypal
2944,4896.0,2024-03-22,completed,direct,bank_transfer
2945,2185.0,10-21-2025,cancelled,social_media,debit_card
2946,1126.0,10-24-2024,COMPLETED,paid_search,paypal
2947,5274.0,24/01/2025,completed,direct,bank_transfer
2948,8613.0,31/01/2024,completed,referral,bank_transfer
2949,1327.0,31/10/2024,completed,social_media,paypal
2950,6519.0,15/03/2025,completed,social_media,debit_card
2951,4037.0,03-13-2024,completed,email,bank_transfer
2952,2748.0,2025-03-06,cancelled,direct,paypal
2953,7888.0,12-05-2025,completed,direct,debit_card
2954,4211.0,2024-05-04,completed,direct,paypal
2955,5368.0,14/09/2025,completed,referral,debit_card
2956,4085.0,12-27-2024,completed,organic_search,debit_card
2957,789.0,07-02-2025,completed,organic_search,bank_transfer
2958,5480.0,09-28-2024,completed,referral,bank_transfer
2959,3862.0,26.06.2024,completed,direct,bank_transfer
2960,848.0,2024-06-27,cancelled,organic_search,debit_card
2961,5491.0,29/03/2024,completed,organic_search,bank_transfer
2962,96.0,07-23-2024,completed,email,paypal
2963,1970.0,08.07.2025,completed,paid_search,bank_transfer
2964,7216.0,2025-11-16T22:53:44,completed,organic_search,bank_transfer
2965,374.0,2025-10-14,returned,social_media,debit_card
2966,5972.0,2025-07-23,cancelled,social_media,credit_card
2967,8763.0,09/05/2024,completed,social_media,credit_card
2968,1625.0,2024-10-22,completed,social_media,bank_transfer
2969,3843.0,05/11/2024,completed,referral,bank_transfer
2970,5322.0,2024-09-20,cancelled,organic_search,credit_card
2971,4160.0,25/03/2025,cancelled,social_media,debit_card
2972,5717.0,09.04.2025,completed,referral,bank_transfer
2973,3715.0,01/12/2024,completed,email,debit_card
2974,1423.0,2024-11-30T03:25:32,completed,social_media,credit_card
2975,870.0,23/10/2025,completed,paid_search,bank_transfer
2976,6881.0,09-30-2025,completed,social_media,credit_card
2977,2245.0,2024-11-04,COMPLETED,social_media,debit_card
2978,7835.0,30.11.2025,returned,direct,credit_card
2979,6875.0,2025-12-14,returned,social_media,paypal
2980,484.0,11-15-2024,returned,referral,credit_card
2981,1910.0,11-30-2024,completed,direct,bank_transfer
2982,2733.0,17/03/2025,completed,paid_search,debit_card
2983,5475.0,12-10-2025,completed,organic_search,bank_transfer
2984,7494.0,2025-11-14T18:50:52,completed,organic_search,bank_transfer
2985,594.0,01/05/2024,returned,paid_search,bank_transfer
2986,2345.0,12-19-2024,cancelled,social_media,paypal
2987,3469.0,2025-04-21,completed,paid_search,debit_card
2988,1741.0,16/03/2025,completed,direct,bank_transfer
2989,5034.0,2024-07-31,completed,organic_search,paypal
2990,4414.0,11-07-2025,returned,organic_search,credit_card
2991,2935.0,07-17-2025,completed,organic_search,bank_transfer
2992,4786.0,10-28-2025,completed,email,debit_card
2993,3283.0,11-07-2025,completed,direct,credit_card
2994,3169.0,04.09.2025,completed,organic_search,debit_card
2995,2498.0,2025-01-20T16:45:59,completed,paid_search,bank_transfer
2996,4991.0,31.05.2025,completed,paid_search,credit_card
2997,4096.0,2024-06-27T09:16:19,cancelled,direct,bank_transfer
2998,1864.0,15/07/2025,completed,paid_search,bank_transfer
2999,132.0,16/07/2024,completed,direct,bank_transfer
3000,1449.0,2025-07-29,completed,paid_search,credit_card
3001,422.0,09-02-2024,completed,social_media,credit_card
3002,3986.0,16/05/2024,completed,referral,credit_card
3003,2117.0,2024-07-02T09:33:16,completed,direct,credit_card
3004,3881.0,2024-01-03,completed,organic_search,credit_card
3005,3045.0,2025-08-15,completed,referral,credit_card
3006,4969.0,2025-08-25,cancelled,email,paypal
3007,6686.0,03-25-2025,completed,organic_search,debit_card
3008,4429.0,28.06.2024,completed,direct,credit_card
3009,601.0,2024-04-12,completed,organic_search,paypal
3010,180.0,01-27-2024,completed,email,bank_transfer
3011,2012.0,03/07/2024,completed,email,paypal
3012,3922.0,2025-11-20T00:52:19,completed,email,bank_transfer
3013,436.0,09-12-2024,COMPLETED,social_media,debit_card
3014,3027.0,30/11/2024,returned,social_media,paypal
3015,8203.0,04/05/2024,cancelled,paid_search,debit_card
3016,880.0,26/08/2024,completed,social_media,paypal
3017,8754.0,28.03.2025,completed,email,debit_card
3018,7924.0,2025-05-29,returned,paid_search,paypal
3019,7696.0,16/09/2024,cancelled,social_media,paypal
3020,7988.0,2024-03-15,cancelled,organic_search,paypal
3021,776.0,18.12.2024,completed,social_media,debit_card
3022,1453.0,09-06-2024,completed,social_media,debit_card
3023,1303.0,2024-08-24T21:52:35,completed,email,credit_card
3024,1090.0,2025-12-17,completed,email,credit_card
3025,3027.0,06-04-2025,completed,social_media,bank_transfer
3026,7679.0,24.04.2025,completed,referral,bank_transfer
3027,2370.0,30.12.2024,completed,social_media,debit_card
3028,2299.0,10.01.2025,completed,email,debit_card
3029,6253.0,13/04/2025,completed,social_media,debit_card
3030,951.0,31.07.2025,completed,organic_search,bank_transfer
3031,3320.0,2025-08-04T16:08:23,completed,email,debit_card
3032,2754.0,07-09-2024,cancelled,social_media,debit_card
3033,7833.0,2025-03-13,completed,direct,credit_card
3034,4762.0,28/12/2024,completed,social_media,credit_card
3035,5971.0,12.11.2025,completed,direct,paypal
3036,1250.0,2025-06-15T07:03:10,completed,referral,bank_transfer
3037,8591.0,06/04/2025,completed,organic_search,bank_transfer
3038,2994.0,14.05.2024,completed,paid_search,debit_card
3039,6536.0,28/05/2025,completed,organic_search,paypal
3040,8809.0,16/05/2024,completed,paid_search,credit_card
3041,4709.0,11-20-2024,cancelled,organic_search,bank_transfer
3042,4699.0,10/06/2024,completed,social_media,debit_card
3043,1144.0,2025-07-28T01:49:46,completed,referral,bank_transfer
3044,3597.0,11/08/2024,completed,paid_search,credit_card
3045,7881.0,12-19-2024,completed,social_media,credit_card
3046,1310.0,2025-11-22T10:12:15,completed,email,debit_card
3047,8488.0,08-10-2024,completed,organic_search,debit_card
3048,6175.0,2025-03-19T11:00:48,completed,organic_search,credit_card
3049,3886.0,2025-01-01T03:22:09,completed,direct,bank_transfer
3050,5045.0,26/01/2024,completed,referral,credit_card
3051,1445.0,02/10/2025,completed,paid_search,bank_transfer
3052,2052.0,2024-03-28T08:14:25,completed,social_media,paypal
3053,2684.0,20/02/2025,cancelled,social_media,paypal
3054,3551.0,26/04/2025,completed,direct,paypal
3055,8466.0,13/06/2025,completed,paid_search,bank_transfer
3056,3386.0,07-26-2025,completed,social_media,debit_card
3057,4848.0,2024-09-22T19:18:49,completed,email,debit_card
3058,1540.0,2024-01-15T05:16:22,completed,social_media,debit_card
3059,6805.0,08-19-2025,completed,social_media,debit_card
3060,5173.0,04-09-2025,completed,direct,credit_card
3061,4052.0,27/10/2025,completed,organic_search,paypal
3062,8742.0,2025-10-19T10:25:25,COMPLETED,organic_search,credit_card
3063,8235.0,11-01-2025,cancelled,organic_search,bank_transfer
3064,6110.0,2025-03-02T03:09:20,completed,referral,bank_transfer
3065,8528.0,2024-11-18,completed,email,debit_card
3066,5216.0,10-01-2025,completed,direct,bank_transfer
3067,7646.0,31/01/2025,completed,referral,credit_card
3068,3767.0,20.07.2024,completed,social_media,paypal
3069,847.0,11-05-2025,completed,paid_search,paypal
3070,9176.0,2025-11-17T21:18:07,returned,social_media,bank_transfer
3071,1572.0,2025-02-14,completed,direct,bank_transfer
3072,2366.0,2024-04-04,completed,referral,credit_card
3073,1548.0,17.12.2024,completed,social_media,credit_card
3074,3116.0,2025-10-08T09:35:15,completed,referral,bank_transfer
3075,2711.0,11-25-2025,COMPLETED,paid_search,credit_card
3076,5543.0,09/08/2024,completed,paid_search,bank_transfer
3077,9196.0,2024-03-25T21:04:26,completed,direct,bank_transfer
3078,513.0,2025-11-15,completed,organic_search,paypal
3079,7189.0,17.12.2024,completed,referral,bank_transfer
3080,1242.0,2025-04-13,completed,direct,debit_card
3081,202.0,20/12/2025,completed,referral,debit_card
3082,5887.0,25.03.2024,completed,social_media,bank_transfer
3083,8077.0,27.06.2025,COMPLETED,organic_search,paypal
3084,1668.0,2024-04-02T09:09:36,completed,paid_search,paypal
3085,3158.0,12-10-2024,completed,social_media,credit_card
3086,1599.0,10-08-2025,completed,paid_search,paypal
3087,8389.0,01-15-2025,completed,referral,credit_card
3088,2541.0,12-30-2025,completed,social_media,paypal
3089,4102.0,25.04.2025,completed,referral,bank_transfer
3090,8273.0,11.11.2024,completed,referral,paypal
3091,5101.0,24.08.2024,completed,social_media,paypal
3092,8613.0,11-28-2024,completed,social_media,credit_card
3093,8573.0,09/12/2024,completed,social_media,debit_card
3094,4261.0,27.03.2024,completed,social_media,debit_card
3095,5364.0,08/12/2024,completed,social_media,bank_transfer
3096,2166.0,12/02/2025,completed,social_media,debit_card
3097,9138.0,2025-08-18,completed,direct,paypal
3098,2613.0,2025-07-03T14:19:20,completed,email,paypal
3099,7238.0,2025-08-09T16:38:41,completed,email,debit_card
3100,2900.0,12.01.2024,completed,referral,bank_transfer
3101,2900.0,2024-08-22,completed,paid_search,debit_card
3102,1019.0,06/07/2025,returned,paid_search,credit_card
3103,5173.0,03-01-2025,completed,organic_search,credit_card
3104,2302.0,08/01/2024,cancelled,paid_search,debit_card
3105,1422.0,2025-10-09,cancelled,social_media,paypal
3106,2133.0,2025-09-20,completed,social_media,credit_card
3107,2360.0,2025-04-18T07:00:26,completed,direct,credit_card
3108,4661.0,25.03.2024,completed,social_media,bank_transfer
3109,3556.0,2025-09-16T00:27:14,cancelled,paid_search,debit_card
3110,740.0,12.05.2025,completed,social_media,debit_card
3111,4948.0,2025-09-25,cancelled,organic_search,bank_transfer
3112,7288.0,2025-09-06,completed,direct,credit_card
3113,5308.0,08.10.2025,completed,organic_search,bank_transfer
3114,8988.0,27.03.2025,cancelled,referral,bank_transfer
3115,974.0,06-07-2024,completed,organic_search,credit_card
3116,7602.0,2025-07-13T06:19:04,completed,organic_search,bank_transfer
3117,4679.0,07/06/2025,completed,social_media,credit_card
3118,4824.0,31.08.2025,completed,referral,debit_card
3119,4807.0,2024-07-07,completed,referral,bank_transfer
3120,3014.0,01.08.2024,completed,direct,paypal
3121,3007.0,20.11.2025,completed,organic_search,credit_card
3122,5826.0,2025-09-05T02:56:45,completed,social_media,debit_card
3123,434.0,2025-11-27T06:13:36,completed,referral,debit_card
3124,5416.0,2025-09-11,completed,direct,bank_transfer
3125,6695.0,2025-05-22T10:24:47,completed,referral,paypal
3126,3284.0,2025-07-01T00:47:50,completed,organic_search,credit_card
3127,2051.0,2025-11-20T01:19:18,COMPLETED,email,paypal
3128,2014.0,2025-05-09T10:45:36,completed,email,debit_card
3129,796.0,2025-06-15T21:26:35,completed,organic_search,debit_card
3130,875.0,2024-06-23T18:05:38,completed,direct,debit_card
3131,1585.0,2025-02-20T13:57:30,COMPLETED,organic_search,paypal
3132,196.0,2025-08-14,completed,social_media,bank_transfer
3133,2506.0,07.10.2024,completed,paid_search,debit_card
3134,2860.0,08-08-2024,completed,direct,bank_transfer
3135,9184.0,07.11.2024,completed,direct,paypal
3136,9153.0,2024-09-12T10:17:19,completed,direct,credit_card
3137,1776.0,2024-08-19,completed,referral,paypal
3138,2011.0,01-07-2025,completed,paid_search,debit_card
3139,4545.0,2025-11-27,completed,referral,debit_card
3140,1425.0,03-19-2025,completed,paid_search,bank_transfer
3141,4660.0,2024-07-25,completed,direct,bank_transfer
3142,3669.0,05/04/2024,completed,organic_search,paypal
3143,3008.0,2025-07-31,COMPLETED,social_media,credit_card
3144,7611.0,14.12.2024,completed,social_media,credit_card
3145,7656.0,19.10.2025,completed,email,bank_transfer
3146,9108.0,07-05-2025,cancelled,organic_search,bank_transfer
3147,2097.0,2025-10-04,completed,email,credit_card
3148,8215.0,2024-10-08,completed,direct,credit_card
3149,4968.0,2025-07-28,completed,organic_search,debit_card
3150,5445.0,2024-10-02,completed,email,credit_card
3151,8288.0,12-09-2025,completed,referral,credit_card
3152,8697.0,2025-06-18,completed,email,bank_transfer
3153,6718.0,13/11/2024,cancelled,organic_search,paypal
3154,3208.0,2024-10-06,completed,paid_search,credit_card
3155,4521.0,2024-07-28T07:13:58,completed,organic_search,credit_card
3156,5669.0,07-30-2025,completed,email,debit_card
3157,7664.0,23/08/2024,completed,referral,paypal
3158,6095.0,05-21-2025,completed,social_media,credit_card
3159,3366.0,02.10.2024,completed,organic_search,paypal
3160,3853.0,06/07/2025,completed,paid_search,paypal
3161,492.0,10-15-2025,completed,email,paypal
3162,8551.0,2025-09-23,completed,referral,paypal
3163,861.0,12/09/2025,completed,social_media,bank_transfer
3164,5356.0,25/07/2024,completed,social_media,debit_card
3165,8058.0,04-17-2024,returned,direct,credit_card
3166,3885.0,2025-08-02T09:06:43,completed,organic_search,credit_card
3167,7414.0,07.12.2024,completed,email,credit_card
3168,7453.0,2025-01-14T06:32:25,completed,organic_search,credit_card
3169,588.0,2024-02-12,completed,social_media,credit_card
3170,3791.0,2024-09-28T21:14:48,cancelled,social_media,paypal
3171,6413.0,15/02/2024,completed,referral,credit_card
3172,3900.0,2025-11-15T14:57:46,cancelled,paid_search,credit_card
3173,5032.0,14.09.2024,completed,organic_search,credit_card
3174,5474.0,04-24-2025,completed,organic_search,bank_transfer
3175,1453.0,02-22-2024,completed,referral,paypal
3176,3790.0,10.07.2025,completed,organic_search,credit_card
3177,288.0,11-12-2024,completed,direct,debit_card
3178,1435.0,2025-11-23T23:02:26,completed,social_media,credit_card
3179,4739.0,19/11/2025,completed,referral,paypal
3180,5305.0,2024-11-14T23:32:46,completed,social_media,debit_card
3181,1402.0,24/11/2025,completed,referral,bank_transfer
3182,6985.0,30.12.2025,completed,paid_search,bank_transfer
3183,3438.0,10-21-2025,completed,direct,credit_card
3184,8519.0,11-01-2025,completed,direct,paypal
3185,3572.0,09-19-2024,completed,direct,bank_transfer
3186,1436.0,2025-05-08,completed,organic_search,paypal
3187,7000.0,2024-03-26T12:39:48,completed,direct,bank_transfer
3188,5247.0,23.04.2024,completed,direct,credit_card
3189,3560.0,31/12/2025,completed,referral,bank_transfer
3190,3284.0,2024-11-15,completed,organic_search,bank_transfer
3191,1447.0,04/09/2025,completed,organic_search,debit_card
3192,3149.0,10.10.2025,completed,direct,bank_transfer
3193,293.0,2025-11-07,completed,paid_search,credit_card
3194,4644.0,2025-12-31,completed,social_media,paypal
3195,8293.0,12/09/2024,completed,organic_search,credit_card
3196,7367.0,2024-02-24T04:59:37,completed,direct,paypal
3197,288.0,12-28-2024,completed,referral,paypal
3198,8150.0,2024-05-28T04:01:05,completed,organic_search,bank_transfer
3199,4176.0,2024-02-01T21:02:41,completed,direct,bank_transfer
3200,1813.0,2024-12-03T04:37:20,completed,email,paypal
3201,6956.0,2025-09-26,returned,email,paypal
3202,2997.0,30.04.2025,completed,paid_search,bank_transfer
3203,2380.0,07.11.2024,completed,organic_search,bank_transfer
3204,1533.0,01.07.2025,completed,email,debit_card
3205,4491.0,2024-09-04,completed,organic_search,bank_transfer
3206,914.0,2024-01-21,completed,email,debit_card
3207,7264.0,2025-09-14T08:12:33,completed,social_media,paypal
3208,4350.0,2025-06-09,completed,social_media,paypal
3209,4129.0,09-13-2025,completed,direct,credit_card
3210,18.0,02-22-2024,returned,paid_search,paypal
3211,7573.0,2025-10-28,returned,referral,debit_card
3212,4553.0,2025-06-06,completed,email,paypal
3213,4052.0,28.04.2025,cancelled,referral,debit_card
3214,7034.0,10/06/2025,completed,organic_search,bank_transfer
3215,611.0,2025-11-09,completed,referral,credit_card
3216,3377.0,2025-05-15,COMPLETED,organic_search,debit_card
3217,5323.0,2025-05-11,completed,paid_search,debit_card
3218,4250.0,2025-12-28T01:00:58,completed,organic_search,bank_transfer
3219,1719.0,09-09-2025,completed,direct,credit_card
3220,2791.0,01-23-2025,completed,social_media,bank_transfer
3221,2801.0,08-08-2025,completed,social_media,debit_card
3222,9156.0,17/12/2024,cancelled,email,credit_card
3223,3019.0,09-01-2024,completed,organic_search,credit_card
3224,1940.0,22/05/2025,cancelled,direct,credit_card
3225,7611.0,05.12.2025,completed,paid_search,debit_card
3226,3887.0,06/12/2025,completed,organic_search,debit_card
3227,4094.0,23/11/2024,completed,social_media,bank_transfer
3228,5063.0,03/04/2025,completed,referral,debit_card
3229,5489.0,08-17-2024,completed,direct,bank_transfer
3230,5435.0,12-30-2025,COMPLETED,organic_search,bank_transfer
3231,343.0,2025-12-25,completed,referral,bank_transfer
3232,7583.0,2025-06-28,completed,email,paypal
3233,1854.0,2025-10-09T21:06:38,completed,referral,bank_transfer
3234,2736.0,08-13-2025,completed,email,credit_card
3235,1646.0,2025-05-19T11:05:06,completed,referral,bank_transfer
3236,7081.0,2024-03-10T20:19:58,cancelled,direct,paypal
3237,5368.0,2025-02-03T20:15:40,completed,direct,credit_card
3238,6981.0,07-16-2025,completed,email,paypal
3239,6047.0,18/07/2025,completed,referral,bank_transfer
3240,1022.0,2024-12-09,cancelled,organic_search,credit_card
3241,2812.0,2025-12-10T07:42:54,returned,paid_search,debit_card
3242,4696.0,04.07.2024,completed,email,paypal
3243,2846.0,13.03.2025,completed,organic_search,credit_card
3244,1959.0,07-27-2025,completed,social_media,credit_card
3245,8045.0,2025-08-01T11:49:46,completed,paid_search,debit_card
3246,6911.0,27.06.2025,completed,paid_search,bank_transfer
3247,3189.0,2024-10-11T16:23:09,completed,paid_search,paypal
3248,7060.0,06-23-2024,completed,paid_search,debit_card
3249,5788.0,06-18-2025,completed,social_media,bank_transfer
3250,37.0,23/05/2025,completed,organic_search,debit_card
3251,,2024-07-16,completed,paid_search,paypal
3252,2721.0,08-06-2025,completed,social_media,paypal
3253,2058.0,04/02/2025,completed,direct,paypal
3254,2367.0,2025-07-11T04:31:58,completed,direct,credit_card
3255,8693.0,2025-10-28T14:40:10,completed,direct,bank_transfer
3256,4488.0,07-07-2024,completed,social_media,debit_card
3257,7837.0,2024-01-27T10:30:20,COMPLETED,organic_search,paypal
3258,2022.0,23/09/2025,completed,organic_search,bank_transfer
3259,1651.0,2025-05-30,completed,referral,debit_card
3260,8219.0,2025-08-02T05:44:21,completed,email,paypal
3261,4579.0,28/10/2025,completed,social_media,bank_transfer
3262,8278.0,08.10.2025,completed,direct,credit_card
3263,612.0,2025-12-17,COMPLETED,social_media,bank_transfer
3264,8477.0,2025-04-09,completed,email,bank_transfer
3265,3826.0,04.03.2025,returned,organic_search,bank_transfer
3266,1496.0,23.12.2024,completed,email,bank_transfer
3267,6332.0,2024-06-21T07:24:04,returned,email,credit_card
3268,7383.0,2025-05-05T14:41:59,completed,paid_search,bank_transfer
3269,462.0,2024-10-12,completed,referral,debit_card
3270,9104.0,03.12.2025,completed,direct,bank_transfer
3271,6451.0,2025-05-12,completed,referral,paypal
3272,2981.0,05-19-2025,completed,social_media,credit_card
3273,1454.0,2024-11-30T21:00:04,completed,paid_search,credit_card
3274,3611.0,03-09-2024,completed,direct,bank_transfer
3275,2072.0,13.02.2024,returned,email,paypal
3276,4566.0,05.01.2025,completed,social_media,paypal
3277,7224.0,2024-04-13,cancelled,email,debit_card
3278,,28/05/2025,completed,organic_search,credit_card
3279,4021.0,16/11/2025,returned,organic_search,paypal
3280,1163.0,2025-11-17T02:46:42,completed,paid_search,credit_card
3281,8835.0,05.07.2025,COMPLETED,paid_search,paypal
3282,2541.0,08-16-2024,completed,social_media,bank_transfer
3283,2609.0,11-09-2025,returned,paid_search,credit_card
3284,5959.0,11-18-2025,completed,organic_search,debit_card
3285,7117.0,02/08/2024,completed,referral,bank_transfer
3286,9083.0,08-28-2025,completed,direct,credit_card
3287,8946.0,20/10/2024,completed,referral,bank_transfer
3288,8463.0,10-08-2025,completed,social_media,paypal
3289,4017.0,30/12/2025,completed,referral,bank_transfer
3290,1584.0,2024-02-11T14:37:14,completed,paid_search,debit_card
3291,5371.0,23.11.2025,completed,direct,credit_card
3292,177.0,2025-06-09T01:32:45,completed,direct,credit_card
3293,1863.0,22/12/2025,completed,referral,paypal
3294,25.0,12.02.2025,completed,social_media,bank_transfer
3295,1709.0,02.11.2025,completed,referral,paypal
3296,4385.0,20/03/2024,completed,paid_search,paypal
3297,3620.0,11-19-2024,completed,organic_search,bank_transfer
3298,3403.0,2024-03-25T08:04:20,COMPLETED,social_media,bank_transfer
3299,7686.0,2025-12-22T11:33:53,completed,paid_search,paypal
3300,6247.0,2025-10-16T19:52:01,completed,social_media,credit_card
3301,8641.0,04.11.2025,completed,social_media,bank_transfer
3302,4109.0,09/12/2025,completed,organic_search,credit_card
3303,2552.0,2024-04-13,returned,social_media,debit_card
3304,,15/12/2024,cancelled,direct,bank_transfer
3305,6219.0,2024-03-30T01:01:08,completed,direct,credit_card
3306,7784.0,08-16-2024,completed,direct,paypal
3307,1745.0,09-02-2024,completed,direct,bank_transfer
3308,8129.0,16/02/2025,returned,email,bank_transfer
3309,4871.0,2024-10-05T23:37:38,completed,paid_search,bank_transfer
3310,1380.0,29/04/2024,completed,email,paypal
3311,5935.0,04/07/2024,returned,paid_search,bank_transfer
3312,4814.0,06-14-2024,completed,referral,credit_card
3313,284.0,2025-12-22T07:28:41,completed,social_media,paypal
3314,3667.0,09-11-2025,completed,referral,credit_card
3315,7255.0,20/12/2025,completed,organic_search,paypal
3316,5128.0,20/01/2025,completed,direct,paypal
3317,2650.0,13/10/2024,cancelled,organic_search,bank_transfer
3318,8590.0,10-05-2025,CANCELLED,social_media,debit_card
3319,2236.0,2024-11-14,completed,direct,paypal
3320,2375.0,10-30-2024,completed,email,paypal
3321,3270.0,05/09/2024,cancelled,email,bank_transfer
3322,8271.0,05-28-2024,cancelled,direct,credit_card
3323,4700.0,25.09.2024,completed,organic_search,debit_card
3324,6318.0,2024-11-30T19:55:08,completed,social_media,paypal
3325,9006.0,15.07.2025,completed,paid_search,bank_transfer
3326,7238.0,2024-03-21,completed,email,bank_transfer
3327,1637.0,2024-08-15T11:52:12,completed,referral,bank_transfer
3328,7296.0,11/10/2025,completed,referral,paypal
3329,6917.0,14.06.2024,completed,referral,paypal
3330,2189.0,2024-11-23,completed,social_media,paypal
3331,3014.0,09.11.2025,completed,organic_search,credit_card
3332,6569.0,06-22-2024,completed,email,bank_transfer
3333,2243.0,11/04/2024,completed,paid_search,debit_card
3334,1969.0,01.03.2025,completed,referral,paypal
3335,6513.0,01.11.2024,returned,referral,credit_card
3336,8143.0,04-28-2025,completed,direct,paypal
3337,736.0,10-08-2025,completed,social_media,paypal
3338,4116.0,2024-06-04T22:59:42,completed,email,debit_card
3339,5598.0,2025-05-10T12:02:02,completed,social_media,credit_card
3340,6255.0,2025-03-17,completed,referral,credit_card
3341,9194.0,2024-06-11,completed,direct,paypal
3342,6325.0,10/06/2025,completed,paid_search,paypal
3343,5714.0,09/10/2024,completed,social_media,bank_transfer
3344,9128.0,04/03/2025,returned,paid_search,bank_transfer
3345,597.0,2024-04-11,completed,paid_search,bank_transfer
3346,729.0,2025-02-08,completed,paid_search,credit_card
3347,5176.0,2024-11-03,cancelled,organic_search,paypal
3348,3304.0,2025-10-19T11:02:47,completed,email,debit_card
3349,948.0,14.03.2024,completed,referral,debit_card
3350,2860.0,01/01/2025,completed,paid_search,credit_card
3351,6242.0,02-07-2025,completed,referral,credit_card
3352,8143.0,20.08.2025,completed,direct,bank_transfer
3353,925.0,2025-05-06T01:34:38,completed,organic_search,bank_transfer
3354,4990.0,2025-07-10,completed,email,bank_transfer
3355,2761.0,2025-09-22,completed,direct,bank_transfer
3356,6175.0,2025-11-08T06:03:00,cancelled,direct,debit_card
3357,5065.0,2024-11-07,completed,organic_search,bank_transfer
3358,8575.0,11.04.2025,completed,social_media,debit_card
3359,371.0,30/10/2025,completed,organic_search,bank_transfer
3360,4343.0,12-28-2025,completed,paid_search,credit_card
3361,1830.0,2025-11-20T11:43:22,completed,organic_search,credit_card
3362,4955.0,12-08-2024,completed,direct,paypal
3363,7892.0,2024-08-01,completed,paid_search,bank_transfer
3364,8444.0,2025-03-05T11:18:50,completed,referral,credit_card
3365,3658.0,31/08/2025,completed,organic_search,debit_card
3366,7511.0,2025-03-08T08:37:31,completed,organic_search,bank_transfer
3367,2637.0,02-28-2025,completed,email,credit_card
3368,61.0,28/10/2025,completed,referral,credit_card
3369,7910.0,03.12.2024,completed,paid_search,bank_transfer
3370,1168.0,07.11.2025,completed,paid_search,credit_card
3371,180.0,12-26-2024,completed,direct,paypal
3372,3262.0,2024-11-15,completed,email,bank_transfer
3373,3500.0,02-02-2025,completed,paid_search,debit_card
3374,752.0,13/09/2025,completed,social_media,bank_transfer
3375,7537.0,05-24-2024,completed,paid_search,bank_transfer
3376,3729.0,02/08/2024,returned,paid_search,bank_transfer
3377,4524.0,2025-12-14T07:36:24,completed,email,credit_card
3378,2492.0,13.07.2024,completed,paid_search,debit_card
3379,4732.0,01/05/2025,completed,direct,paypal
3380,7078.0,10.05.2025,completed,direct,bank_transfer
3381,8386.0,2025-03-05T05:05:54,completed,social_media,debit_card
3382,8956.0,2025-06-24T13:32:57,completed,organic_search,bank_transfer
3383,3938.0,2024-09-02,cancelled,social_media,debit_card
3384,9132.0,2025-04-21T06:05:01,completed,email,bank_transfer
3385,2750.0,09.12.2024,completed,direct,bank_transfer
3386,67.0,06/07/2025,completed,paid_search,paypal
3387,7087.0,08.06.2024,completed,referral,paypal
3388,1688.0,04.05.2025,completed,email,credit_card
3389,512.0,07-22-2024,completed,social_media,bank_transfer
3390,8549.0,2024-10-13,cancelled,direct,bank_transfer
3391,7332.0,08-23-2024,completed,organic_search,debit_card
3392,1010.0,07-20-2024,completed,referral,debit_card
3393,7177.0,21/10/2025,completed,direct,paypal
3394,7802.0,10-19-2024,completed,paid_search,bank_transfer
3395,8378.0,12-05-2025,completed,email,paypal
3396,5023.0,2025-12-20,completed,direct,bank_transfer
3397,6512.0,04.05.2025,completed,referral,bank_transfer
3398,7042.0,2024-06-10T03:02:13,completed,organic_search,bank_transfer
3399,,2024-12-10,completed,email,bank_transfer
3400,5974.0,2025-10-05T12:11:38,completed,email,paypal
3401,5052.0,2024-12-07,completed,direct,credit_card
3402,4428.0,2024-04-15,completed,referral,bank_transfer
3403,9193.0,24/04/2025,completed,paid_search,paypal
3404,3117.0,2025-11-01,completed,paid_search,credit_card
3405,864.0,04/10/2025,completed,social_media,bank_transfer
3406,7060.0,12.07.2024,cancelled,organic_search,debit_card
3407,2017.0,2025-07-14,completed,organic_search,credit_card
3408,4922.0,25.08.2024,COMPLETED,direct,credit_card
3409,938.0,2024-08-23,cancelled,organic_search,paypal
3410,5707.0,2025-11-13,cancelled,email,debit_card
3411,8713.0,2024-09-19,completed,referral,bank_transfer
3412,6674.0,2024-10-01,completed,referral,paypal
3413,2026.0,01.01.2024,completed,paid_search,credit_card
3414,8959.0,12.11.2025,returned,social_media,credit_card
3415,2868.0,02/10/2025,completed,direct,bank_transfer
3416,4025.0,2025-06-12,cancelled,direct,credit_card
3417,4598.0,2025-09-05T23:16:57,cancelled,organic_search,bank_transfer
3418,9140.0,19/06/2024,cancelled,social_media,credit_card
3419,674.0,06.02.2025,completed,paid_search,debit_card
3420,6447.0,28/11/2024,completed,direct,credit_card
3421,3338.0,04-22-2024,completed,referral,credit_card
3422,760.0,2025-03-02,completed,referral,paypal
3423,8626.0,02.12.2025,completed,referral,paypal
3424,5427.0,24/02/2024,completed,email,paypal
3425,6964.0,2024-10-23,completed,email,credit_card
3426,2261.0,13.08.2024,completed,referral,bank_transfer
3427,7035.0,2024-09-09T09:50:55,completed,email,debit_card
3428,7662.0,28/11/2025,cancelled,referral,paypal
3429,3977.0,15/02/2025,COMPLETED,organic_search,bank_transfer
3430,5289.0,02-13-2025,completed,organic_search,debit_card
3431,8964.0,12.09.2025,completed,paid_search,credit_card
3432,7830.0,2024-06-22,completed,social_media,paypal
3433,4104.0,03-03-2025,cancelled,referral,credit_card
3434,6157.0,11/01/2025,completed,paid_search,credit_card
3435,7248.0,2025-05-22T00:37:01,completed,referral,paypal
3436,248.0,31/12/2025,COMPLETED,organic_search,credit_card
3437,5410.0,09-17-2025,completed,email,bank_transfer
3438,9086.0,12-21-2024,completed,referral,debit_card
3439,8742.0,22/10/2025,completed,email,paypal
3440,7704.0,08/07/2024,completed,direct,credit_card
3441,1038.0,11/02/2024,completed,organic_search,debit_card
3442,9175.0,2024-08-10,completed,email,debit_card
3443,5620.0,22.11.2024,cancelled,email,credit_card
3444,2095.0,03-21-2025,completed,social_media,paypal
3445,6240.0,06-03-2025,completed,email,credit_card
3446,7921.0,2025-11-28T09:10:43,completed,social_media,credit_card
3447,1102.0,21/03/2025,completed,referral,bank_transfer
3448,8477.0,14/03/2025,completed,email,debit_card
3449,8515.0,07/03/2024,completed,organic_search,bank_transfer
3450,137.0,17.02.2024,completed,email,paypal
3451,8334.0,20/04/2025,completed,social_media,debit_card
3452,8739.0,19.01.2025,completed,direct,bank_transfer
3453,371.0,2025-10-29T14:41:18,cancelled,social_media,credit_card
3454,2748.0,28.06.2024,completed,direct,paypal
3455,3439.0,02-04-2024,completed,paid_search,paypal
3456,3219.0,2025-01-29,completed,paid_search,credit_card
3457,7007.0,09.09.2024,cancelled,direct,credit_card
3458,3297.0,03-06-2024,completed,organic_search,credit_card
3459,8828.0,2025-08-19T06:57:10,COMPLETED,social_media,bank_transfer
3460,9183.0,10/05/2024,completed,email,paypal
3461,2939.0,30.05.2025,completed,direct,debit_card
3462,,2024-10-15,completed,direct,debit_card
3463,5147.0,2024-07-10T05:17:19,completed,direct,debit_card
3464,5356.0,12-13-2024,completed,referral,credit_card
3465,3451.0,10-07-2025,completed,paid_search,bank_transfer
3466,1576.0,19.12.2024,completed,referral,bank_transfer
3467,535.0,2025-09-06T03:29:43,completed,direct,debit_card
3468,1039.0,24/05/2024,completed,organic_search,bank_transfer
3469,8345.0,2025-09-20,completed,social_media,debit_card
3470,2636.0,08/09/2024,completed,paid_search,bank_transfer
3471,749.0,07-18-2025,COMPLETED,paid_search,paypal
3472,5745.0,30.04.2025,completed,direct,credit_card
3473,738.0,2025-12-06,completed,direct,credit_card
3474,686.0,12-16-2024,COMPLETED,direct,debit_card
3475,5727.0,24.03.2024,completed,referral,bank_transfer
3476,5444.0,27.01.2024,completed,email,debit_card
3477,410.0,22/10/2025,completed,referral,paypal
3478,4249.0,04-01-2025,COMPLETED,email,bank_transfer
3479,4020.0,2025-09-21,completed,paid_search,bank_transfer
3480,5047.0,2024-09-06T05:47:26,completed,organic_search,credit_card
3481,6826.0,25.11.2024,returned,email,credit_card
3482,2657.0,2024-02-11T18:21:47,completed,social_media,debit_card
3483,3995.0,2025-12-17T13:59:14,completed,organic_search,paypal
3484,7340.0,11.07.2025,completed,email,credit_card
3485,8535.0,07/12/2025,completed,email,debit_card
3486,8242.0,10-03-2024,completed,referral,paypal
3487,4410.0,2025-06-01,completed,paid_search,debit_card
3488,4821.0,07-19-2025,COMPLETED,direct,paypal
3489,4896.0,09.11.2024,completed,social_media,credit_card
3490,8039.0,11-02-2025,completed,email,debit_card
3491,7768.0,2025-12-12T13:09:57,COMPLETED,social_media,debit_card
3492,2892.0,2025-11-18T13:42:02,completed,email,paypal
3493,1546.0,2025-08-29T01:25:51,completed,email,bank_transfer
3494,3498.0,10-12-2024,completed,social_media,debit_card
3495,2702.0,16/10/2024,completed,direct,credit_card
3496,8776.0,12-18-2025,completed,paid_search,credit_card
3497,2503.0,2024-01-15T22:20:29,completed,organic_search,credit_card
3498,1714.0,14/08/2025,COMPLETED,direct,debit_card
3499,8327.0,08-07-2025,completed,paid_search,bank_transfer
3500,844.0,06-09-2025,COMPLETED,paid_search,bank_transfer
3501,2445.0,28/12/2025,completed,referral,credit_card
3502,4044.0,2024-11-06,completed,email,paypal
3503,5482.0,22/11/2024,completed,email,debit_card
3504,3026.0,07/04/2024,completed,referral,bank_transfer
3505,4580.0,2025-01-23T11:49:45,completed,organic_search,debit_card
3506,1890.0,2024-09-29,completed,paid_search,paypal
3507,5308.0,2024-11-24,completed,social_media,bank_transfer
3508,3754.0,2025-10-26T05:06:48,completed,organic_search,paypal
3509,7850.0,08/12/2025,completed,paid_search,paypal
3510,3829.0,07-23-2024,completed,referral,credit_card
3511,4094.0,12-09-2024,cancelled,referral,paypal
3512,5454.0,05/12/2025,cancelled,referral,paypal
3513,1195.0,2024-03-20,completed,referral,paypal
3514,1496.0,21.04.2024,cancelled,paid_search,bank_transfer
3515,7314.0,2024-06-30T10:20:06,completed,email,debit_card
3516,2565.0,2025-05-20,completed,email,bank_transfer
3517,6348.0,17/06/2024,completed,paid_search,credit_card
3518,956.0,20.12.2025,CANCELLED,direct,paypal
3519,7607.0,01-27-2025,cancelled,direct,paypal
3520,9113.0,2025-03-14,cancelled,organic_search,bank_transfer
3521,3445.0,17.09.2024,completed,direct,debit_card
3522,4677.0,02-17-2025,completed,direct,paypal
3523,4081.0,06/07/2025,completed,referral,debit_card
3524,8268.0,06/09/2025,CANCELLED,referral,paypal
3525,97.0,07/09/2025,completed,organic_search,paypal
3526,6048.0,05-09-2025,completed,referral,debit_card
3527,6037.0,26.11.2025,cancelled,referral,credit_card
3528,3528.0,2025-10-16,completed,organic_search,bank_transfer
3529,2061.0,2025-09-10,COMPLETED,direct,bank_transfer
3530,2255.0,13.03.2024,completed,social_media,debit_card
3531,7418.0,2024-01-10T14:21:41,completed,social_media,credit_card
3532,644.0,2024-08-17,completed,paid_search,paypal
3533,5210.0,07-08-2025,completed,direct,paypal
3534,2865.0,28/12/2024,completed,direct,debit_card
3535,2496.0,24/12/2024,completed,social_media,debit_card
3536,4679.0,11-18-2025,completed,social_media,paypal
3537,8307.0,11-22-2025,completed,direct,paypal
3538,5696.0,28.11.2025,COMPLETED,social_media,paypal
3539,7299.0,2024-11-07T15:35:53,completed,direct,credit_card
3540,5540.0,27.07.2025,completed,direct,paypal
3541,6457.0,2024-10-08,completed,paid_search,debit_card
3542,3990.0,07-27-2024,completed,email,credit_card
3543,8567.0,2024-07-21,completed,social_media,bank_transfer
3544,4640.0,23.11.2024,completed,direct,bank_transfer
3545,5088.0,11/01/2025,completed,social_media,paypal
3546,4861.0,2025-10-24,completed,email,paypal
3547,2931.0,18/05/2024,completed,social_media,paypal
3548,2176.0,08-26-2025,COMPLETED,email,debit_card
3549,722.0,04-06-2025,completed,referral,debit_card
3550,6630.0,10-21-2024,completed,organic_search,bank_transfer
3551,2711.0,08.03.2025,completed,direct,paypal
3552,3585.0,2024-10-30,completed,social_media,credit_card
3553,8512.0,2025-05-21,completed,email,debit_card
3554,5231.0,2025-01-15T23:57:03,completed,email,bank_transfer
3555,953.0,2024-07-01T13:13:51,completed,direct,credit_card
3556,7410.0,15.05.2024,completed,organic_search,debit_card
3557,2409.0,2025-04-17T21:10:30,cancelled,organic_search,debit_card
3558,5099.0,25.11.2025,completed,direct,bank_transfer
3559,4722.0,2024-11-24T22:26:13,completed,paid_search,debit_card
3560,2239.0,25/08/2025,completed,referral,paypal
3561,1133.0,2025-07-04,cancelled,paid_search,bank_transfer
3562,1998.0,12-06-2025,CANCELLED,social_media,paypal
3563,955.0,2025-10-18T20:32:45,completed,organic_search,paypal
3564,2590.0,2025-05-01,completed,referral,paypal
3565,9204.0,2025-07-03,completed,direct,paypal
3566,3696.0,11-23-2025,completed,social_media,debit_card
3567,7990.0,22/12/2024,returned,organic_search,debit_card
3568,5064.0,2024-11-15,completed,email,paypal
3569,6167.0,16/01/2024,completed,direct,paypal
3570,1496.0,22/10/2025,completed,organic_search,paypal
3571,2580.0,2025-10-07,completed,direct,bank_transfer
3572,4726.0,03.05.2024,completed,direct,paypal
3573,8149.0,05-08-2025,completed,social_media,paypal
3574,422.0,11/02/2025,cancelled,email,credit_card
3575,4693.0,2024-05-17,cancelled,organic_search,paypal
3576,498.0,2025-12-24,cancelled,email,paypal
3577,4213.0,2024-08-19T08:54:38,completed,organic_search,credit_card
3578,5802.0,2024-03-26T03:24:28,completed,email,debit_card
3579,6882.0,20/05/2025,returned,referral,credit_card
3580,1334.0,29.08.2025,completed,direct,credit_card
3581,1583.0,14.02.2024,returned,referral,paypal
3582,4343.0,04/07/2025,completed,direct,bank_transfer
3583,9209.0,04-06-2025,completed,social_media,bank_transfer
3584,3284.0,02.05.2024,completed,email,paypal
3585,3946.0,07-09-2024,cancelled,social_media,credit_card
3586,3990.0,02/05/2025,completed,referral,bank_transfer
3587,783.0,2024-10-27T10:58:33,completed,direct,paypal
3588,7147.0,2025-12-09,completed,email,debit_card
3589,2378.0,17.10.2025,COMPLETED,email,paypal
3590,6515.0,26/12/2025,completed,organic_search,bank_transfer
3591,4388.0,09-28-2024,completed,email,bank_transfer
3592,5642.0,20/12/2025,completed,referral,bank_transfer
3593,528.0,2025-01-12,cancelled,email,debit_card
3594,8231.0,26.11.2024,completed,paid_search,credit_card
3595,2296.0,07/03/2024,completed,direct,bank_transfer
3596,6201.0,03-10-2024,completed,referral,debit_card
3597,7393.0,2025-07-28T15:26:36,completed,direct,debit_card
3598,4989.0,06/02/2025,CANCELLED,social_media,bank_transfer
3599,3116.0,2024-08-30,completed,paid_search,debit_card
3600,9023.0,02/06/2025,completed,paid_search,bank_transfer
3601,2614.0,2024-09-22T06:21:27,completed,direct,credit_card
3602,8756.0,08/05/2025,completed,paid_search,debit_card
3603,1496.0,2024-12-02T11:29:47,completed,direct,bank_transfer
3604,3585.0,2025-10-20T13:11:10,completed,email,credit_card
3605,1334.0,10-18-2025,COMPLETED,social_media,paypal
3606,22.0,02-23-2025,completed,direct,credit_card
3607,2445.0,28/11/2024,completed,direct,bank_transfer
3608,851.0,04.12.2024,completed,paid_search,credit_card
3609,9099.0,10/10/2025,completed,email,credit_card
3610,7036.0,2024-11-15T12:50:15,completed,email,debit_card
3611,36.0,14/08/2024,COMPLETED,paid_search,paypal
3612,2102.0,2024-04-13,completed,email,credit_card
3613,6201.0,14/02/2025,completed,direct,debit_card
3614,3661.0,27.02.2025,completed,paid_search,credit_card
3615,7697.0,30/10/2025,completed,direct,credit_card
3616,4669.0,08-25-2024,returned,paid_search,debit_card
3617,6050.0,2024-12-13,completed,social_media,paypal
3618,5505.0,11.10.2025,completed,organic_search,debit_card
3619,5885.0,2025-10-20T03:03:29,completed,email,debit_card
3620,2166.0,15.12.2024,completed,referral,bank_transfer
3621,3441.0,2025-02-07,completed,social_media,debit_card
3622,494.0,01.11.2024,completed,direct,bank_transfer
3623,5401.0,07.12.2025,completed,organic_search,debit_card
3624,4236.0,17.05.2024,completed,organic_search,debit_card
3625,7026.0,12-07-2025,cancelled,social_media,debit_card
3626,1950.0,2025-07-22T09:21:52,cancelled,direct,debit_card
3627,4028.0,06.04.2025,completed,organic_search,debit_card
3628,1710.0,14.02.2024,returned,organic_search,debit_card
3629,5664.0,2025-02-22,completed,organic_search,debit_card
3630,7840.0,26/12/2024,completed,referral,paypal
3631,7065.0,06-28-2024,completed,paid_search,paypal
3632,8714.0,03/07/2025,completed,email,debit_card
3633,8963.0,21.12.2025,completed,direct,bank_transfer
3634,7126.0,27/04/2025,completed,paid_search,debit_card
3635,2689.0,08-13-2025,completed,social_media,paypal
3636,2060.0,27.03.2024,completed,email,debit_card
3637,4135.0,2024-12-31T03:53:23,COMPLETED,paid_search,bank_transfer
3638,9173.0,05-15-2024,completed,organic_search,credit_card
3639,3797.0,01.06.2025,completed,paid_search,credit_card
3640,1890.0,09/12/2025,completed,organic_search,bank_transfer
3641,8716.0,06/07/2025,completed,paid_search,credit_card
3642,3556.0,04-05-2024,completed,referral,paypal
3643,6411.0,2024-11-30,completed,organic_search,credit_card
3644,7294.0,2025-04-19T08:15:30,completed,referral,credit_card
3645,7796.0,2024-12-24T00:44:25,cancelled,paid_search,bank_transfer
3646,7602.0,2025-10-26T11:04:59,completed,email,debit_card
3647,7736.0,2025-10-15,completed,email,paypal
3648,6178.0,2025-06-01T18:19:11,completed,social_media,debit_card
3649,3712.0,12-09-2024,completed,email,bank_transfer
3650,6175.0,09-24-2024,completed,social_media,paypal
3651,7737.0,04.05.2024,cancelled,email,credit_card
3652,3236.0,2024-11-30T05:29:10,completed,social_media,bank_transfer
3653,2762.0,12-29-2024,completed,direct,debit_card
3654,3176.0,17/07/2025,cancelled,paid_search,debit_card
3655,5086.0,04.07.2025,completed,organic_search,paypal
3656,512.0,29.03.2024,completed,organic_search,debit_card
3657,7194.0,2024-12-20T18:54:55,completed,referral,bank_transfer
3658,1339.0,07-19-2024,cancelled,organic_search,debit_card
3659,1286.0,06-24-2024,completed,direct,credit_card
3660,1877.0,2025-10-22T19:18:27,completed,organic_search,paypal
3661,5336.0,2024-02-26T15:34:28,completed,email,credit_card
3662,2679.0,01-01-2025,completed,paid_search,bank_transfer
3663,3390.0,2024-07-05,completed,email,debit_card
3664,8603.0,15/11/2025,completed,paid_search,bank_transfer
3665,7832.0,04-24-2025,completed,direct,debit_card
3666,7878.0,2024-09-04T00:43:03,completed,email,paypal
3667,5342.0,15.03.2025,CANCELLED,email,credit_card
3668,8018.0,2025-08-24T00:50:55,completed,organic_search,debit_card
3669,7191.0,2025-12-16,completed,direct,debit_card
3670,8793.0,25/08/2024,completed,paid_search,credit_card
3671,625.0,18.11.2025,completed,paid_search,bank_transfer
3672,289.0,07/12/2025,completed,email,bank_transfer
3673,1657.0,2025-12-01,cancelled,email,paypal
3674,8593.0,06-18-2025,completed,direct,bank_transfer
3675,5582.0,2025-06-14,completed,organic_search,debit_card
3676,3931.0,2024-12-24,cancelled,email,credit_card
3677,4743.0,09-07-2025,completed,direct,paypal
3678,7673.0,2025-04-06T12:15:56,completed,direct,credit_card
3679,8593.0,07-18-2025,returned,paid_search,debit_card
3680,6743.0,2025-01-10,completed,paid_search,debit_card
3681,7016.0,24/08/2025,returned,paid_search,paypal
3682,2975.0,20.10.2025,completed,referral,paypal
3683,4309.0,2024-06-14T04:44:45,completed,paid_search,debit_card
3684,8190.0,2025-10-25,completed,social_media,paypal
3685,7268.0,12/04/2025,completed,email,debit_card
3686,6343.0,01/11/2025,completed,organic_search,credit_card
3687,635.0,13.01.2025,completed,social_media,bank_transfer
3688,391.0,12/12/2024,completed,referral,credit_card
3689,1264.0,2025-11-30T20:03:15,completed,social_media,credit_card
3690,5356.0,21/09/2024,completed,referral,debit_card
3691,4951.0,01.11.2025,COMPLETED,email,paypal
3692,8697.0,03-01-2025,completed,organic_search,debit_card
3693,6434.0,24.03.2025,completed,direct,credit_card
3694,2748.0,2024-11-04T08:48:32,completed,direct,paypal
3695,1535.0,05-05-2025,completed,referral,debit_card
3696,7854.0,2024-11-14,completed,email,debit_card
3697,4239.0,02-23-2024,cancelled,organic_search,credit_card
3698,6048.0,2024-10-08,completed,organic_search,paypal
3699,5220.0,2024-01-10T22:34:58,cancelled,referral,debit_card
3700,1049.0,2025-12-24,completed,social_media,bank_transfer
3701,563.0,2025-12-19,completed,direct,bank_transfer
3702,3476.0,2024-12-20,completed,referral,bank_transfer
3703,3334.0,2025-08-22T07:53:56,completed,referral,bank_transfer
3704,6236.0,2024-11-25,completed,email,paypal
3705,5828.0,13.07.2025,completed,organic_search,paypal
3706,8944.0,09/10/2025,returned,email,paypal
3707,7938.0,2025-12-12T11:32:14,COMPLETED,paid_search,paypal
3708,4583.0,23.12.2024,completed,paid_search,bank_transfer
3709,4620.0,09-26-2025,completed,paid_search,paypal
3710,6239.0,03.10.2024,completed,referral,debit_card
3711,1122.0,12-28-2025,returned,referral,debit_card
3712,9224.0,2024-02-05T11:06:14,completed,paid_search,paypal
3713,4803.0,2025-05-26,completed,organic_search,credit_card
3714,8428.0,2025-07-05,completed,social_media,credit_card
3715,8928.0,25.07.2025,completed,organic_search,credit_card
3716,5357.0,05-19-2024,completed,direct,debit_card
3717,1017.0,2025-12-09,completed,organic_search,bank_transfer
3718,5303.0,18.07.2024,completed,organic_search,debit_card
3719,5511.0,2025-06-09,completed,social_media,credit_card
3720,7306.0,08-27-2024,completed,social_media,bank_transfer
3721,472.0,2024-11-04T13:52:14,completed,direct,paypal
3722,4307.0,16.04.2025,completed,organic_search,debit_card
3723,8538.0,2024-12-31,completed,direct,credit_card
3724,9148.0,27.06.2024,returned,organic_search,bank_transfer
3725,1816.0,08.07.2024,completed,organic_search,debit_card
3726,8045.0,2024-12-31,completed,email,credit_card
3727,1402.0,2025-09-10T11:19:57,completed,direct,bank_transfer
3728,7778.0,23/11/2025,completed,direct,credit_card
3729,2606.0,13.04.2024,COMPLETED,referral,paypal
3730,8853.0,2024-12-19T22:51:39,completed,referral,bank_transfer
3731,,29/04/2024,completed,referral,debit_card
3732,3666.0,2024-01-24T21:16:19,completed,referral,paypal
3733,2640.0,2025-07-06,completed,organic_search,credit_card
3734,2212.0,25.05.2025,completed,organic_search,debit_card
3735,6305.0,06-30-2024,completed,social_media,credit_card
3736,8283.0,2024-09-06,completed,organic_search,debit_card
3737,6977.0,03.02.2024,completed,email,paypal
3738,7721.0,27.10.2025,completed,paid_search,bank_transfer
3739,7218.0,22/12/2025,completed,paid_search,paypal
3740,9031.0,02/06/2024,completed,paid_search,credit_card
3741,6999.0,09-04-2024,completed,social_media,paypal
3742,1987.0,2025-11-11,completed,direct,debit_card
3743,7330.0,05/12/2025,cancelled,direct,debit_card
3744,2989.0,01-02-2025,completed,social_media,credit_card
3745,9190.0,2024-03-07T21:14:49,completed,direct,paypal
3746,3473.0,2024-02-23,completed,social_media,credit_card
3747,2737.0,2025-05-06,completed,direct,paypal
3748,2251.0,2024-12-19T20:15:40,completed,organic_search,paypal
3749,6101.0,2024-02-09T18:38:37,returned,organic_search,paypal
3750,1066.0,2025-05-12,COMPLETED,social_media,debit_card
3751,8797.0,16/01/2024,completed,organic_search,credit_card
3752,2748.0,29/09/2025,completed,direct,paypal
3753,2754.0,11-03-2024,completed,organic_search,paypal
3754,448.0,2024-02-24,cancelled,paid_search,bank_transfer
3755,2315.0,2025-05-16T08:34:05,completed,email,bank_transfer
3756,3863.0,2024-12-21,cancelled,social_media,paypal
3757,3403.0,22/12/2025,completed,organic_search,paypal
3758,2560.0,2025-04-15T02:58:59,completed,direct,paypal
3759,403.0,2024-10-11T16:09:32,completed,paid_search,bank_transfer
3760,2803.0,2025-08-09,completed,direct,debit_card
3761,7188.0,07/10/2024,completed,social_media,bank_transfer
3762,4041.0,2025-11-26,completed,direct,credit_card
3763,2721.0,2024-12-10T18:32:44,completed,direct,debit_card
3764,2844.0,19.04.2025,completed,referral,credit_card
3765,5117.0,07.03.2024,completed,referral,debit_card
3766,2817.0,2025-01-08T13:47:29,returned,direct,bank_transfer
3767,5815.0,2025-10-25,completed,organic_search,paypal
3768,9127.0,2025-10-10T05:28:09,completed,social_media,paypal
3769,407.0,2024-08-28T17:38:23,completed,referral,debit_card
3770,1599.0,2024-08-30,completed,paid_search,debit_card
3771,1695.0,10-16-2025,completed,direct,paypal
3772,4130.0,06.12.2025,cancelled,email,debit_card
3773,409.0,2024-04-24,completed,direct,paypal
3774,4410.0,01-30-2025,completed,paid_search,paypal
3775,8591.0,21/11/2024,completed,email,debit_card
3776,116.0,2025-11-12T19:18:19,completed,organic_search,debit_card
3777,3363.0,04-12-2024,completed,social_media,paypal
3778,7028.0,08-16-2024,completed,direct,credit_card
3779,1490.0,07/09/2025,completed,referral,credit_card
3780,755.0,08.03.2024,completed,direct,paypal
3781,5815.0,2025-03-08T20:44:08,completed,organic_search,paypal
3782,98.0,01-23-2025,completed,direct,bank_transfer
3783,7432.0,19/11/2024,completed,referral,paypal
3784,653.0,2024-12-20,completed,organic_search,credit_card
3785,4854.0,2025-04-05T20:57:57,completed,paid_search,bank_transfer
3786,6841.0,06-28-2024,cancelled,organic_search,bank_transfer
3787,2278.0,2025-05-04,returned,referral,paypal
3788,1018.0,10-09-2025,completed,email,credit_card
3789,1664.0,2025-09-12T00:45:00,completed,direct,credit_card
3790,7904.0,2024-06-21T13:55:57,completed,social_media,credit_card
3791,6528.0,2024-06-16T05:01:25,cancelled,organic_search,credit_card
3792,1883.0,2024-10-05,completed,paid_search,credit_card
3793,6612.0,03.12.2024,cancelled,social_media,bank_transfer
3794,6553.0,2024-12-27,completed,organic_search,debit_card
3795,9208.0,19.07.2025,completed,direct,bank_transfer
3796,3601.0,03-14-2024,completed,referral,bank_transfer
3797,8001.0,17.02.2024,completed,paid_search,bank_transfer
3798,4122.0,19/12/2024,completed,organic_search,paypal
3799,8306.0,2025-08-01T11:24:34,completed,referral,bank_transfer
3800,898.0,2024-07-30T16:51:13,completed,social_media,credit_card
3801,1661.0,22/06/2025,completed,direct,credit_card
3802,7858.0,28/09/2024,COMPLETED,direct,paypal
3803,7586.0,2025-11-18T09:41:45,completed,direct,paypal
3804,2851.0,11-22-2025,completed,social_media,bank_transfer
3805,5503.0,2024-10-28T17:26:01,completed,paid_search,credit_card
3806,3533.0,09-02-2024,completed,social_media,paypal
3807,102.0,12-28-2024,completed,email,bank_transfer
3808,265.0,2024-09-12,completed,paid_search,paypal
3809,531.0,14/07/2025,completed,paid_search,paypal
3810,5470.0,2025-10-21,completed,social_media,debit_card
3811,2623.0,2025-07-15T21:48:33,cancelled,email,paypal
3812,1379.0,10-20-2025,completed,paid_search,bank_transfer
3813,,21.12.2024,completed,organic_search,credit_card
3814,1184.0,23.06.2024,cancelled,social_media,debit_card
3815,6238.0,28.08.2025,completed,email,credit_card
3816,8267.0,2024-12-03T18:43:18,RETURNED,email,bank_transfer
3817,1555.0,2025-07-13T05:03:06,cancelled,direct,debit_card
3818,2028.0,2024-10-07T08:12:25,cancelled,email,credit_card
3819,5306.0,09.04.2024,completed,paid_search,bank_transfer
3820,4706.0,2025-12-29T20:30:55,completed,referral,paypal
3821,4822.0,06-23-2024,completed,paid_search,credit_card
3822,5119.0,27/12/2025,completed,social_media,debit_card
3823,8765.0,2025-12-23T16:16:51,completed,email,bank_transfer
3824,526.0,2025-10-03T03:23:22,cancelled,paid_search,paypal
3825,7022.0,07-05-2025,COMPLETED,social_media,debit_card
3826,2188.0,2025-05-08T23:47:38,completed,paid_search,debit_card
3827,3445.0,2025-11-10,COMPLETED,social_media,paypal
3828,871.0,22.10.2024,completed,referral,bank_transfer
3829,4113.0,15.02.2025,completed,direct,debit_card
3830,,2025-06-06,CANCELLED,direct,paypal
3831,970.0,28/12/2024,completed,paid_search,debit_card
3832,2590.0,09/01/2025,cancelled,direct,debit_card
3833,3438.0,17/11/2024,completed,referral,credit_card
3834,1020.0,29/04/2025,completed,paid_search,credit_card
3835,7043.0,2025-11-03,completed,referral,bank_transfer
3836,7279.0,2024-08-07,returned,social_media,debit_card
3837,7733.0,07.12.2025,completed,organic_search,debit_card
3838,5368.0,2025-07-26T22:11:10,completed,paid_search,bank_transfer
3839,4696.0,20/10/2025,completed,email,paypal
3840,2467.0,2025-04-23,completed,referral,debit_card
3841,6065.0,2025-09-24T11:09:45,COMPLETED,social_media,credit_card
3842,4100.0,23.01.2024,completed,social_media,debit_card
3843,8956.0,17.10.2025,completed,email,debit_card
3844,8936.0,2024-02-24T07:20:27,completed,organic_search,debit_card
3845,8377.0,2025-11-20T15:25:35,completed,paid_search,credit_card
3846,3320.0,28.12.2025,completed,direct,credit_card
3847,3389.0,26/10/2024,completed,direct,paypal
3848,7883.0,15.08.2024,completed,social_media,bank_transfer
3849,6737.0,2025-09-15,cancelled,social_media,paypal
3850,6519.0,2024-09-22T03:46:47,completed,organic_search,bank_transfer
3851,2626.0,10.11.2025,completed,direct,credit_card
3852,7712.0,05-01-2024,completed,email,credit_card
3853,5356.0,2024-05-24,completed,organic_search,debit_card
3854,4128.0,24/12/2025,cancelled,organic_search,debit_card
3855,8007.0,15.07.2025,completed,direct,debit_card
3856,3628.0,02/11/2025,returned,organic_search,bank_transfer
3857,6053.0,13/11/2024,completed,direct,credit_card
3858,4305.0,2025-07-17T12:14:48,completed,social_media,bank_transfer
3859,5461.0,20/05/2025,returned,referral,paypal
3860,402.0,26.05.2025,completed,referral,credit_card
3861,4256.0,07-21-2025,completed,direct,credit_card
3862,5139.0,07/05/2025,completed,direct,paypal
3863,4552.0,2025-01-11,completed,direct,paypal
3864,7835.0,10-11-2024,completed,paid_search,bank_transfer
3865,2890.0,17/09/2025,completed,paid_search,credit_card
3866,8180.0,08-30-2024,completed,referral,paypal
3867,3707.0,2025-07-28T12:11:01,completed,referral,debit_card
3868,6432.0,05/09/2024,completed,referral,paypal
3869,847.0,11/06/2025,completed,direct,debit_card
3870,1903.0,09-03-2025,completed,referral,credit_card
3871,7031.0,08-23-2024,completed,referral,debit_card
3872,125.0,2024-03-18T00:58:52,completed,paid_search,paypal
3873,8939.0,05-29-2024,CANCELLED,organic_search,paypal
3874,1810.0,28.05.2025,completed,email,paypal
3875,8345.0,2025-11-03T11:58:34,completed,organic_search,debit_card
3876,4777.0,03-01-2024,completed,organic_search,bank_transfer
3877,5215.0,2025-08-26T01:30:56,cancelled,organic_search,credit_card
3878,824.0,2024-11-23T00:56:53,completed,direct,debit_card
3879,3364.0,24/02/2025,completed,paid_search,paypal
3880,1496.0,2025-12-05,completed,email,debit_card
3881,4870.0,2024-11-17T05:42:43,completed,email,bank_transfer
3882,5078.0,2025-02-13T20:47:48,completed,paid_search,credit_card
3883,6564.0,20.01.2024,completed,email,credit_card
3884,8124.0,2024-04-10T02:03:06,completed,referral,bank_transfer
3885,4321.0,27/09/2024,completed,direct,paypal
3886,2196.0,08/02/2024,completed,social_media,paypal
3887,3088.0,06-15-2025,completed,organic_search,credit_card
3888,7831.0,08.01.2025,completed,paid_search,debit_card
3889,1398.0,18/04/2025,completed,social_media,debit_card
3890,5784.0,2024-07-12,RETURNED,organic_search,credit_card
3891,133.0,10-27-2024,completed,referral,credit_card
3892,2311.0,08/07/2025,COMPLETED,email,paypal
3893,5444.0,19/12/2025,completed,referral,bank_transfer
3894,4211.0,2024-03-07,completed,direct,credit_card
3895,,2025-11-20,cancelled,organic_search,debit_card
3896,6120.0,2025-05-08T04:03:48,completed,social_media,debit_card
3897,2205.0,2025-04-29,completed,direct,credit_card
3898,2639.0,13.03.2025,completed,email,paypal
3899,6345.0,2024-03-28T12:55:57,completed,email,debit_card
3900,4972.0,04-18-2024,COMPLETED,direct,debit_card
3901,148.0,2025-05-24,completed,social_media,debit_card
3902,6205.0,2024-11-23,completed,social_media,credit_card
3903,5714.0,2025-12-01T04:34:54,completed,direct,debit_card
3904,,26.12.2024,completed,email,bank_transfer
3905,6909.0,06-10-2024,cancelled,social_media,bank_transfer
3906,4829.0,2025-08-13,completed,email,debit_card
3907,1936.0,2024-10-25,cancelled,social_media,bank_transfer
3908,5167.0,2025-04-01,completed,direct,debit_card
3909,5487.0,2025-08-01T05:21:58,completed,referral,credit_card
3910,8514.0,2025-11-24,completed,referral,bank_transfer
3911,6864.0,02/10/2025,cancelled,organic_search,credit_card
3912,2817.0,2025-07-17T02:06:30,completed,social_media,bank_transfer
3913,1154.0,07-19-2025,completed,referral,bank_transfer
3914,7889.0,12/12/2025,COMPLETED,email,bank_transfer
3915,7823.0,10-27-2024,returned,direct,debit_card
3916,1661.0,02/01/2024,completed,organic_search,debit_card
3917,603.0,10-08-2024,completed,paid_search,credit_card
3918,6579.0,2024-08-22,completed,referral,bank_transfer
3919,6673.0,2025-07-06,completed,direct,debit_card
3920,1674.0,16/06/2025,completed,organic_search,bank_transfer
3921,6183.0,19/05/2025,completed,paid_search,credit_card
3922,2619.0,01-23-2024,completed,email,paypal
3923,2447.0,22/08/2025,completed,paid_search,paypal
3924,3007.0,13/11/2024,completed,email,debit_card
3925,4816.0,2025-07-09,completed,direct,paypal
3926,7461.0,2025-04-24T22:00:15,completed,social_media,bank_transfer
3927,4605.0,11-23-2024,completed,direct,debit_card
3928,2780.0,2024-06-02T22:11:54,completed,paid_search,debit_card
3929,8179.0,23/04/2024,completed,organic_search,bank_transfer
3930,540.0,10-25-2025,completed,paid_search,bank_transfer
3931,7385.0,01.12.2025,completed,referral,bank_transfer
3932,7250.0,06-28-2025,completed,direct,bank_transfer
3933,2382.0,2024-05-02T21:05:09,cancelled,direct,paypal
3934,1885.0,23/12/2024,completed,referral,credit_card
3935,8093.0,2025-08-22T16:25:15,completed,social_media,credit_card
3936,5161.0,24.09.2025,completed,paid_search,paypal
3937,447.0,17/05/2024,completed,paid_search,bank_transfer
3938,8236.0,01/01/2024,completed,direct,paypal
3939,3220.0,2025-08-11T19:01:52,completed,paid_search,credit_card
3940,3159.0,01/12/2024,completed,email,bank_transfer
3941,5940.0,2024-09-23T23:33:53,completed,organic_search,debit_card
3942,6126.0,2024-01-19,completed,email,credit_card
3943,3257.0,12.04.2025,completed,referral,bank_transfer
3944,1374.0,11-04-2025,completed,organic_search,paypal
3945,5094.0,2025-12-16T01:56:11,returned,referral,credit_card
3946,5763.0,2025-04-30T15:42:57,completed,organic_search,debit_card
3947,7951.0,24.03.2025,completed,social_media,paypal
3948,4471.0,13.04.2024,completed,organic_search,paypal
3949,5962.0,2025-04-18T21:51:34,cancelled,email,debit_card
3950,533.0,13/12/2024,completed,referral,paypal
3951,8270.0,2025-05-29T03:05:08,completed,organic_search,bank_transfer
3952,3023.0,12-17-2024,COMPLETED,email,bank_transfer
3953,5828.0,2024-09-11T19:21:51,completed,direct,credit_card
3954,8473.0,23/04/2024,CANCELLED,email,debit_card
3955,7499.0,11-08-2024,cancelled,organic_search,debit_card
3956,5879.0,04-25-2024,completed,email,debit_card
3957,6514.0,14.07.2024,completed,organic_search,bank_transfer
3958,8519.0,2025-12-27T19:39:06,completed,direct,credit_card
3959,7515.0,2025-01-25,completed,referral,credit_card
3960,5623.0,2025-04-06T04:26:33,COMPLETED,social_media,credit_card
3961,6104.0,13.11.2025,completed,organic_search,debit_card
3962,1411.0,2025-12-30,cancelled,organic_search,bank_transfer
3963,4345.0,2025-05-12T05:47:58,completed,email,credit_card
3964,2808.0,10-13-2025,cancelled,direct,bank_transfer
3965,3987.0,15.11.2024,completed,direct,credit_card
3966,6134.0,2024-11-03T17:18:04,completed,email,credit_card
3967,1429.0,2024-12-24,completed,direct,paypal
3968,179.0,2025-07-14,completed,email,credit_card
3969,3646.0,2025-07-21T13:15:09,completed,referral,debit_card
3970,2991.0,11-08-2024,completed,direct,paypal
3971,3881.0,31.05.2024,completed,direct,credit_card
3972,8599.0,2025-06-15,completed,direct,credit_card
3973,6539.0,2024-05-26T12:29:34,completed,social_media,paypal
3974,3024.0,2025-05-09T12:54:38,completed,email,credit_card
3975,1696.0,29.07.2025,completed,email,bank_transfer
3976,5700.0,08-03-2025,completed,paid_search,paypal
3977,6090.0,2025-09-07,completed,referral,bank_transfer
3978,4471.0,11-13-2025,completed,direct,paypal
3979,2008.0,2025-03-13T05:00:50,completed,direct,bank_transfer
3980,289.0,23.08.2025,completed,paid_search,credit_card
3981,2501.0,06/06/2025,cancelled,email,debit_card
3982,,07-24-2024,completed,email,paypal
3983,7290.0,05/02/2024,completed,social_media,debit_card
3984,,10-18-2024,completed,paid_search,bank_transfer
3985,3800.0,24.01.2025,completed,direct,paypal
3986,7376.0,05/06/2025,completed,social_media,paypal
3987,9166.0,2025-11-03T06:59:18,returned,direct,paypal
3988,6615.0,02.08.2024,completed,organic_search,bank_transfer
3989,6730.0,24/05/2024,completed,direct,bank_transfer
3990,8424.0,2025-12-18,completed,organic_search,debit_card
3991,3122.0,05-06-2024,completed,organic_search,paypal
3992,112.0,02-24-2025,completed,email,paypal
3993,9104.0,14.05.2025,completed,referral,paypal
3994,4531.0,2025-04-13T12:02:55,completed,organic_search,bank_transfer
3995,7265.0,14/04/2024,completed,email,credit_card
3996,7519.0,2024-03-14,completed,referral,bank_transfer
3997,3650.0,05-04-2024,cancelled,organic_search,debit_card
3998,5000.0,2025-05-14T02:18:58,cancelled,email,debit_card
3999,4987.0,04-15-2025,completed,email,debit_card
4000,2068.0,09-06-2024,completed,paid_search,debit_card
4001,1149.0,06-19-2025,completed,direct,bank_transfer
4002,5022.0,10-18-2025,completed,paid_search,bank_transfer
4003,1173.0,25/02/2024,completed,direct,bank_transfer
4004,3194.0,12.03.2025,completed,paid_search,paypal
4005,1765.0,2025-07-26T20:50:38,completed,paid_search,paypal
4006,6537.0,09-22-2024,completed,paid_search,paypal
4007,8061.0,2024-11-04T00:06:08,completed,social_media,bank_transfer
4008,5346.0,2025-06-02T07:10:39,cancelled,email,credit_card
4009,3770.0,23.11.2025,completed,direct,bank_transfer
4010,9198.0,12/10/2025,completed,direct,credit_card
4011,216.0,2025-05-12,completed,direct,credit_card
4012,2840.0,08-23-2025,completed,direct,debit_card
4013,2617.0,05.12.2024,completed,paid_search,credit_card
4014,3284.0,06-22-2025,completed,email,paypal
4015,2168.0,2025-02-13T03:19:35,completed,social_media,bank_transfer
4016,2488.0,2024-07-27,completed,email,credit_card
4017,2425.0,04.08.2025,completed,referral,credit_card
4018,4679.0,2025-04-24T12:52:03,returned,paid_search,bank_transfer
4019,3599.0,12-02-2024,completed,direct,paypal
4020,5895.0,29.11.2025,CANCELLED,paid_search,bank_transfer
4021,4761.0,2024-01-30,completed,social_media,debit_card
4022,1741.0,08/11/2024,completed,direct,paypal
4023,7496.0,2024-03-14T22:17:00,completed,social_media,bank_transfer
4024,4365.0,16.09.2025,completed,direct,credit_card
4025,1479.0,08-04-2025,completed,social_media,bank_transfer
4026,1586.0,17/11/2024,completed,direct,debit_card
4027,7384.0,2025-07-16,returned,referral,debit_card
4028,6507.0,2024-12-21T18:29:46,cancelled,paid_search,paypal
4029,4688.0,09-09-2025,completed,social_media,debit_card
4030,2858.0,03.02.2025,completed,paid_search,bank_transfer
4031,4250.0,2024-12-29T13:04:20,completed,social_media,credit_card
4032,5864.0,2025-12-07,completed,referral,debit_card
4033,8130.0,20/09/2024,completed,paid_search,paypal
4034,5132.0,2024-05-19,cancelled,referral,credit_card
4035,2601.0,13.05.2025,completed,paid_search,bank_transfer
4036,421.0,20.12.2025,completed,email,debit_card
4037,1663.0,2024-12-12T02:01:28,completed,direct,debit_card
4038,6011.0,03-20-2024,completed,social_media,credit_card
4039,1522.0,22/11/2024,cancelled,referral,paypal
4040,4454.0,2025-03-18,COMPLETED,email,debit_card
4041,6471.0,2024-06-29T13:50:24,completed,referral,paypal
4042,2880.0,04.07.2025,completed,organic_search,credit_card
4043,6190.0,12-31-2025,returned,email,debit_card
4044,5356.0,02-01-2025,returned,email,credit_card
4045,4043.0,30/11/2024,completed,organic_search,paypal
4046,8300.0,2024-12-23,completed,paid_search,credit_card
4047,6419.0,13/05/2024,completed,organic_search,debit_card
4048,3322.0,2025-11-17,completed,organic_search,debit_card
4049,7459.0,2024-12-30,completed,referral,credit_card
4050,6829.0,2024-12-16,completed,email,credit_card
4051,7331.0,05.07.2025,completed,referral,bank_transfer
4052,5912.0,23/01/2025,completed,social_media,paypal
4053,3499.0,27/06/2025,completed,direct,credit_card
4054,3215.0,03-19-2024,cancelled,direct,debit_card
4055,6056.0,14.10.2025,completed,email,paypal
4056,1270.0,12-10-2025,completed,paid_search,credit_card
4057,7590.0,27/06/2025,completed,email,debit_card
4058,3411.0,2025-12-15T06:37:33,completed,direct,credit_card
4059,5810.0,2024-06-18T09:38:33,completed,social_media,bank_transfer
4060,4610.0,02-23-2025,completed,email,paypal
4061,4810.0,25/05/2025,completed,social_media,bank_transfer
4062,6827.0,05-11-2025,completed,social_media,paypal
4063,,23/12/2024,completed,direct,debit_card
4064,2353.0,2024-11-21,completed,organic_search,credit_card
4065,726.0,25/05/2024,completed,referral,credit_card
4066,7772.0,2024-12-18,cancelled,social_media,paypal
4067,8187.0,30.06.2024,completed,paid_search,debit_card
4068,1560.0,26.08.2025,returned,social_media,paypal
4069,2890.0,14.08.2024,completed,email,credit_card
4070,2653.0,16/03/2024,completed,referral,paypal
4071,8649.0,21/04/2025,completed,direct,debit_card
4072,1936.0,20/05/2025,completed,email,paypal
4073,1582.0,11-12-2025,completed,social_media,bank_transfer
4074,1722.0,08.05.2025,completed,email,credit_card
4075,6745.0,25.11.2024,completed,email,debit_card
4076,8213.0,2025-10-08T20:59:56,returned,referral,paypal
4077,3620.0,04-12-2025,completed,paid_search,credit_card
4078,1319.0,2024-04-07,completed,referral,bank_transfer
4079,5384.0,30.04.2025,completed,paid_search,debit_card
4080,1984.0,11-27-2025,completed,social_media,credit_card
4081,625.0,21/12/2024,completed,organic_search,debit_card
4082,8199.0,10-27-2024,completed,referral,bank_transfer
4083,8048.0,2024-06-10,completed,paid_search,bank_transfer
4084,9002.0,2024-06-18,completed,direct,paypal
4085,4381.0,14/01/2025,completed,social_media,debit_card
4086,2748.0,05-21-2025,completed,email,credit_card
4087,7109.0,2024-04-09T01:13:44,completed,paid_search,paypal
4088,1709.0,2025-12-09,returned,organic_search,bank_transfer
4089,2291.0,09-08-2025,completed,direct,paypal
4090,2404.0,15/05/2025,returned,email,paypal
4091,8781.0,2025-10-23T06:26:24,completed,referral,bank_transfer
4092,6744.0,2024-04-08T09:46:15,completed,paid_search,bank_transfer
4093,1296.0,2025-02-23,completed,organic_search,paypal
4094,908.0,06-14-2025,completed,referral,bank_transfer
4095,7793.0,23/10/2025,completed,direct,credit_card
4096,7438.0,2025-09-26T08:56:48,completed,email,paypal
4097,6210.0,2024-10-12T14:34:05,completed,referral,credit_card
4098,1861.0,2025-12-10T14:26:38,completed,social_media,bank_transfer
4099,4439.0,2024-05-23,returned,social_media,bank_transfer
4100,5555.0,11-14-2025,completed,social_media,paypal
4101,8608.0,12-21-2025,returned,social_media,bank_transfer
4102,1608.0,2024-07-14T20:52:45,completed,referral,bank_transfer
4103,4772.0,18.08.2025,completed,referral,paypal
4104,1497.0,24/02/2024,completed,paid_search,debit_card
4105,4094.0,2024-12-25,completed,paid_search,paypal
4106,1902.0,26.03.2025,completed,social_media,bank_transfer
4107,7735.0,2025-05-10,completed,email,debit_card
4108,2396.0,12-08-2025,completed,referral,paypal
4109,3843.0,14.07.2025,cancelled,direct,credit_card
4110,3753.0,2025-02-27T08:56:27,completed,referral,debit_card
4111,8015.0,2025-10-12T19:25:14,cancelled,email,bank_transfer
4112,6999.0,12-13-2025,completed,paid_search,debit_card
4113,568.0,01-31-2024,cancelled,email,paypal
4114,656.0,25.12.2025,completed,organic_search,credit_card
4115,5085.0,14.04.2024,completed,paid_search,paypal
4116,3948.0,2025-10-15T00:23:40,completed,paid_search,paypal
4117,2590.0,2024-10-15,RETURNED,organic_search,bank_transfer
4118,7338.0,05-30-2024,completed,referral,bank_transfer
4119,1247.0,01-21-2025,completed,organic_search,bank_transfer
4120,8985.0,2025-06-24,completed,social_media,paypal
4121,245.0,13.12.2024,completed,social_media,credit_card
4122,1155.0,03-12-2024,completed,referral,bank_transfer
4123,2890.0,23.05.2025,returned,paid_search,bank_transfer
4124,4714.0,2025-11-25T10:36:20,completed,social_media,bank_transfer
4125,2041.0,14/12/2024,completed,direct,credit_card
4126,6808.0,2024-08-21,completed,paid_search,debit_card
4127,3291.0,23/01/2025,completed,referral,debit_card
4128,380.0,2024-03-05,completed,paid_search,debit_card
4129,8117.0,2025-10-18T22:01:42,returned,paid_search,credit_card
4130,8712.0,22.10.2025,completed,social_media,credit_card
4131,5701.0,2025-05-16T02:18:43,CANCELLED,social_media,credit_card
4132,7471.0,2024-11-29,completed,organic_search,bank_transfer
4133,1181.0,2025-10-06,completed,social_media,debit_card
4134,2531.0,22.04.2025,completed,organic_search,credit_card
4135,3013.0,21.10.2025,completed,social_media,bank_transfer
4136,8863.0,15.06.2025,completed,organic_search,credit_card
4137,4738.0,27.09.2025,completed,direct,credit_card
4138,73.0,23.05.2025,completed,direct,paypal
4139,3508.0,2024-12-29T19:34:19,completed,referral,debit_card
4140,77.0,2025-12-16,cancelled,direct,bank_transfer
4141,2237.0,2025-04-13,cancelled,organic_search,credit_card
4142,4195.0,27/05/2025,completed,organic_search,paypal
4143,3000.0,2024-08-25,completed,direct,credit_card
4144,325.0,06-11-2025,completed,organic_search,credit_card
4145,1138.0,2025-05-04T03:41:59,completed,organic_search,paypal
4146,5080.0,22/07/2024,completed,email,paypal
4147,6440.0,2024-03-17T16:52:52,completed,organic_search,debit_card
4148,3722.0,27.05.2025,completed,organic_search,credit_card
4149,6759.0,14.09.2025,completed,social_media,bank_transfer
4150,1551.0,2025-03-31,completed,organic_search,paypal
4151,1188.0,31.08.2024,completed,paid_search,bank_transfer
4152,7763.0,2025-07-10,completed,social_media,debit_card
4153,3134.0,08/04/2024,completed,organic_search,paypal
4154,3989.0,22.01.2025,completed,paid_search,credit_card
4155,8744.0,30/06/2024,completed,organic_search,bank_transfer
4156,3914.0,21/07/2024,returned,paid_search,debit_card
4157,34.0,08/08/2024,completed,social_media,paypal
4158,8654.0,16.12.2024,completed,email,bank_transfer
4159,145.0,08/03/2024,completed,direct,credit_card
4160,6135.0,21.12.2024,completed,paid_search,debit_card
4161,2997.0,22.03.2025,completed,direct,debit_card
4162,4347.0,28.02.2025,completed,social_media,bank_transfer
4163,5051.0,12-14-2024,completed,social_media,credit_card
4164,3760.0,10-29-2025,completed,referral,bank_transfer
4165,7150.0,06-12-2024,completed,email,paypal
4166,8596.0,17.03.2025,completed,paid_search,paypal
4167,844.0,2024-03-20,completed,organic_search,paypal
4168,7415.0,2024-03-30,cancelled,paid_search,credit_card
4169,1247.0,2025-05-06,completed,email,paypal
4170,778.0,04-30-2025,completed,paid_search,credit_card
4171,8822.0,11-15-2025,completed,social_media,debit_card
4172,4517.0,25.04.2025,returned,referral,bank_transfer
4173,1471.0,2025-12-17,returned,organic_search,debit_card
4174,5270.0,03-05-2024,completed,email,bank_transfer
4175,2474.0,27.04.2024,completed,organic_search,paypal
4176,4289.0,2024-02-29T16:04:46,completed,paid_search,debit_card
4177,5759.0,07-22-2024,completed,referral,paypal
4178,8044.0,04-13-2025,completed,direct,paypal
4179,29.0,2025-06-25T20:25:28,completed,paid_search,paypal
4180,2020.0,02.03.2024,completed,referral,credit_card
4181,943.0,12.12.2025,completed,organic_search,credit_card
4182,953.0,2025-10-31T21:54:53,completed,paid_search,credit_card
4183,8728.0,10-27-2024,completed,direct,credit_card
4184,8637.0,05.04.2024,completed,direct,bank_transfer
4185,6923.0,07.07.2024,completed,direct,bank_transfer
4186,5937.0,2024-05-25T16:47:08,completed,paid_search,bank_transfer
4187,7840.0,2024-05-21,completed,direct,debit_card
4188,577.0,03-27-2025,CANCELLED,email,bank_transfer
4189,1168.0,2024-09-16,completed,direct,credit_card
4190,2942.0,02/12/2024,completed,direct,debit_card
4191,7704.0,2025-12-28,completed,social_media,debit_card
4192,4365.0,23.07.2025,completed,referral,credit_card
4193,4655.0,2025-12-13,completed,organic_search,paypal
4194,2161.0,09.06.2024,completed,direct,paypal
4195,5993.0,14.12.2024,COMPLETED,direct,credit_card
4196,8211.0,2025-04-22T10:26:29,completed,referral,credit_card
4197,3046.0,2024-04-05,completed,paid_search,bank_transfer
4198,5707.0,2024-01-07,completed,social_media,debit_card
4199,3073.0,2025-07-13T13:27:09,completed,email,paypal
4200,7340.0,22/06/2025,completed,direct,debit_card
4201,4388.0,2024-12-28T04:42:52,cancelled,organic_search,paypal
4202,3137.0,2025-03-05T11:32:10,completed,organic_search,paypal
4203,3876.0,2024-12-30T20:51:13,completed,email,debit_card
4204,894.0,03.02.2024,COMPLETED,referral,bank_transfer
4205,8013.0,19.11.2024,completed,direct,paypal
4206,8843.0,2024-07-14T18:12:24,completed,paid_search,paypal
4207,4409.0,27/04/2024,completed,referral,credit_card
4208,2080.0,16.12.2025,completed,paid_search,paypal
4209,6157.0,23.05.2025,completed,organic_search,debit_card
4210,4176.0,08-22-2025,completed,paid_search,credit_card
4211,2372.0,08/11/2024,completed,social_media,bank_transfer
4212,379.0,19/12/2024,COMPLETED,email,credit_card
4213,8229.0,08/09/2024,completed,paid_search,bank_transfer
4214,7381.0,2024-04-25T19:19:11,completed,paid_search,debit_card
4215,7667.0,2024-07-16T19:01:38,completed,email,paypal
4216,4052.0,2025-10-05,completed,organic_search,bank_transfer
4217,6960.0,18/07/2025,COMPLETED,organic_search,debit_card
4218,5356.0,2025-04-17,completed,direct,credit_card
4219,3456.0,2025-02-21T23:53:10,completed,direct,paypal
4220,7793.0,2025-12-03T13:21:45,completed,referral,paypal
4221,9217.0,2024-04-01,completed,social_media,credit_card
4222,8325.0,10-15-2024,completed,direct,debit_card
4223,7169.0,11-27-2024,completed,direct,paypal
4224,6909.0,26/09/2025,RETURNED,referral,paypal
4225,6011.0,12-29-2025,completed,email,paypal
4226,7893.0,12.09.2024,completed,direct,paypal
4227,4555.0,2025-11-13,completed,direct,credit_card
4228,1721.0,24.10.2025,completed,referral,debit_card
4229,7092.0,2024-08-29T18:43:54,completed,email,debit_card
4230,8507.0,2024-12-22,completed,direct,debit_card
4231,3155.0,27/12/2024,completed,social_media,bank_transfer
4232,7235.0,12-24-2025,completed,email,paypal
4233,2569.0,2024-07-18,completed,direct,credit_card
4234,8696.0,10-06-2025,completed,email,bank_transfer
4235,6333.0,2024-11-19,completed,direct,credit_card
4236,5262.0,08-24-2025,completed,organic_search,paypal
4237,7203.0,2025-01-02,completed,social_media,debit_card
4238,7525.0,05-09-2025,completed,email,bank_transfer
4239,8253.0,2025-10-25,completed,organic_search,debit_card
4240,8344.0,09/10/2025,completed,referral,debit_card
4241,515.0,2025-11-10T02:07:41,completed,paid_search,paypal
4242,1195.0,2024-03-17T17:55:47,completed,email,paypal
4243,7641.0,2025-07-28,completed,social_media,bank_transfer
4244,8731.0,06-07-2024,completed,referral,paypal
4245,2876.0,12-30-2024,completed,direct,credit_card
4246,84.0,2025-04-18T23:52:10,completed,referral,credit_card
4247,2996.0,12-24-2024,completed,paid_search,credit_card
4248,3534.0,03-28-2025,returned,referral,paypal
4249,7030.0,12-30-2025,completed,referral,bank_transfer
4250,465.0,2024-06-02T05:09:25,completed,paid_search,debit_card
4251,2007.0,16.07.2025,completed,email,credit_card
4252,8266.0,12-21-2024,cancelled,organic_search,bank_transfer
4253,1491.0,31/05/2024,completed,organic_search,credit_card
4254,7011.0,26/06/2024,COMPLETED,social_media,credit_card
4255,3330.0,13/12/2025,completed,referral,bank_transfer
4256,6139.0,2025-11-16,completed,direct,bank_transfer
4257,722.0,2025-11-27T16:20:59,completed,email,debit_card
4258,2686.0,2025-12-28,cancelled,organic_search,bank_transfer
4259,3921.0,13/08/2024,completed,organic_search,paypal
4260,7928.0,12-01-2024,completed,organic_search,credit_card
4261,5205.0,12.07.2025,completed,paid_search,paypal
4262,439.0,01/03/2025,completed,direct,bank_transfer
4263,7433.0,2024-12-31,completed,paid_search,bank_transfer
4264,535.0,02/12/2024,completed,email,bank_transfer
4265,8618.0,2025-05-19T07:38:55,COMPLETED,referral,credit_card
4266,1998.0,07.05.2025,returned,referral,credit_card
4267,4507.0,06-28-2024,completed,social_media,credit_card
4268,708.0,02-18-2025,completed,organic_search,credit_card
4269,5186.0,04-21-2025,completed,referral,debit_card
4270,4589.0,03/05/2025,completed,social_media,credit_card
4271,3771.0,2024-08-15T12:42:40,completed,referral,paypal
4272,355.0,31/08/2025,completed,social_media,paypal
4273,8129.0,04.02.2024,completed,organic_search,credit_card
4274,7441.0,30.11.2024,completed,direct,paypal
4275,5836.0,24.09.2025,completed,email,bank_transfer
4276,5291.0,29/04/2025,completed,paid_search,credit_card
4277,6437.0,29/09/2024,completed,direct,bank_transfer
4278,1380.0,30.07.2025,cancelled,email,bank_transfer
4279,8613.0,2025-05-01,completed,email,debit_card
4280,2672.0,04/10/2025,completed,referral,paypal
4281,6079.0,2025-08-26,completed,paid_search,credit_card
4282,5594.0,31.05.2025,completed,direct,bank_transfer
4283,5865.0,04/03/2025,completed,email,debit_card
4284,8129.0,05-31-2024,completed,social_media,bank_transfer
4285,2759.0,29.09.2024,cancelled,referral,paypal
4286,6921.0,01-01-2025,completed,direct,paypal
4287,5518.0,23.05.2025,completed,direct,bank_transfer
4288,745.0,24/03/2025,cancelled,paid_search,paypal
4289,3814.0,21/10/2024,completed,direct,bank_transfer
4290,7748.0,01-10-2024,completed,social_media,debit_card
4291,2924.0,2025-03-10,completed,organic_search,credit_card
4292,4461.0,2024-10-19T04:52:18,completed,direct,debit_card
4293,4512.0,2025-08-26,completed,email,debit_card
4294,5695.0,02-03-2024,returned,email,paypal
4295,8179.0,2025-05-13,cancelled,social_media,credit_card
4296,1647.0,2025-12-10,completed,email,credit_card
4297,4666.0,2024-07-11,completed,social_media,debit_card
4298,3917.0,18/02/2025,completed,email,debit_card
4299,2759.0,20.04.2024,completed,paid_search,debit_card
4300,8509.0,2025-06-11T05:09:00,cancelled,social_media,credit_card
4301,82.0,19.04.2025,completed,direct,bank_transfer
4302,1188.0,26/12/2024,completed,direct,paypal
4303,6777.0,2025-03-29,completed,direct,bank_transfer
4304,2477.0,23.11.2025,completed,referral,paypal
4305,6679.0,2024-08-02T11:10:54,completed,paid_search,bank_transfer
4306,7703.0,01/02/2024,returned,direct,debit_card
4307,2395.0,08.11.2025,completed,email,bank_transfer
4308,1821.0,2025-05-08,completed,organic_search,debit_card
4309,1393.0,20.11.2025,COMPLETED,paid_search,debit_card
4310,1902.0,22.05.2025,cancelled,organic_search,debit_card
4311,2515.0,12.10.2025,cancelled,organic_search,paypal
4312,8039.0,11.01.2025,completed,email,bank_transfer
4313,7110.0,05.09.2025,completed,direct,bank_transfer
4314,18.0,2025-11-29,completed,email,credit_card
4315,8087.0,2025-05-04T20:10:04,completed,paid_search,paypal
4316,765.0,18/07/2024,completed,paid_search,paypal
4317,6066.0,05.10.2024,completed,direct,debit_card
4318,1455.0,2024-08-04,completed,social_media,credit_card
4319,605.0,17/09/2024,completed,social_media,bank_transfer
4320,7016.0,03.11.2024,completed,email,credit_card
4321,4311.0,23/04/2025,completed,direct,bank_transfer
4322,5524.0,16.05.2025,completed,direct,bank_transfer
4323,3924.0,2025-01-08,completed,organic_search,paypal
4324,657.0,03/06/2025,completed,email,bank_transfer
4325,6837.0,2024-04-10T22:27:53,completed,organic_search,paypal
4326,7594.0,16.04.2024,completed,organic_search,bank_transfer
4327,409.0,09/07/2024,completed,paid_search,credit_card
4328,3466.0,27.03.2025,cancelled,direct,paypal
4329,5145.0,2024-08-19T00:22:56,completed,referral,paypal
4330,5579.0,2024-10-17T01:38:59,completed,email,paypal
4331,5348.0,23/12/2024,returned,direct,bank_transfer
4332,6421.0,10-13-2025,completed,email,paypal
4333,8923.0,2024-01-20T20:05:53,COMPLETED,organic_search,paypal
4334,3597.0,2025-06-28,completed,direct,credit_card
4335,5140.0,07-12-2025,completed,social_media,debit_card
4336,6472.0,2025-10-05,completed,organic_search,paypal
4337,5457.0,07/12/2025,cancelled,social_media,debit_card
4338,3561.0,2024-01-29T07:40:19,completed,direct,bank_transfer
4339,5750.0,21/06/2024,completed,email,debit_card
4340,6011.0,18/11/2025,completed,email,credit_card
4341,5374.0,07.02.2025,completed,email,bank_transfer
4342,1938.0,04-29-2025,completed,organic_search,credit_card
4343,4681.0,2025-07-07T07:56:44,completed,organic_search,debit_card
4344,8183.0,2025-07-19,completed,paid_search,credit_card
4345,8039.0,06.12.2025,completed,organic_search,bank_transfer
4346,6938.0,12-30-2025,completed,social_media,paypal
4347,6452.0,2025-08-16T10:17:23,completed,organic_search,debit_card
4348,1479.0,2024-10-20,completed,direct,bank_transfer
4349,4238.0,16/11/2025,completed,social_media,paypal
4350,1087.0,2024-03-06T21:58:11,completed,direct,bank_transfer
4351,7569.0,03/09/2024,COMPLETED,social_media,bank_transfer
4352,2724.0,23/11/2025,completed,organic_search,credit_card
4353,7079.0,25/09/2024,cancelled,email,credit_card
4354,7541.0,08-25-2024,completed,organic_search,paypal
4355,8253.0,2024-06-05T21:18:44,completed,organic_search,bank_transfer
4356,6968.0,07/11/2025,COMPLETED,email,credit_card
4357,5216.0,03-13-2025,completed,email,bank_transfer
4358,5517.0,2025-07-16,completed,paid_search,bank_transfer
4359,2977.0,2024-09-10,completed,organic_search,credit_card
4360,1673.0,09-10-2025,returned,referral,bank_transfer
4361,1266.0,09-12-2025,completed,direct,bank_transfer
4362,1725.0,2024-11-07,completed,referral,credit_card
4363,8613.0,28.12.2024,completed,organic_search,debit_card
4364,1559.0,15/08/2024,completed,referral,bank_transfer
4365,6685.0,23.12.2025,completed,referral,credit_card
4366,1752.0,06-25-2025,completed,social_media,debit_card
4367,8997.0,2025-12-07T19:02:21,cancelled,referral,debit_card
4368,3376.0,2024-11-02T19:07:38,completed,social_media,credit_card
4369,3791.0,25/09/2025,completed,email,bank_transfer
4370,3721.0,15.09.2025,completed,organic_search,credit_card
4371,7563.0,2025-07-28T06:54:30,completed,email,credit_card
4372,2060.0,19/12/2025,completed,social_media,paypal
4373,7687.0,12-19-2024,completed,email,bank_transfer
4374,6085.0,2024-05-29T13:53:54,completed,referral,credit_card
4375,2068.0,2025-07-13T09:12:41,cancelled,direct,paypal
4376,637.0,08-23-2025,completed,email,bank_transfer
4377,7158.0,2025-05-07,completed,referral,bank_transfer
4378,2060.0,2024-08-12T14:52:45,completed,direct,bank_transfer
4379,8222.0,17/03/2025,completed,referral,credit_card
4380,1258.0,2024-11-06,returned,paid_search,bank_transfer
4381,5680.0,01-09-2025,completed,social_media,debit_card
4382,6419.0,25.06.2025,completed,referral,bank_transfer
4383,6092.0,09-02-2025,completed,organic_search,paypal
4384,2929.0,2024-09-04T18:35:37,returned,referral,bank_transfer
4385,8096.0,2024-12-25,completed,paid_search,paypal
4386,7109.0,10-06-2024,completed,social_media,bank_transfer
4387,4724.0,04.08.2024,COMPLETED,direct,debit_card
4388,5561.0,26/09/2025,completed,email,debit_card
4389,5230.0,11-28-2025,completed,referral,debit_card
4390,8737.0,12-08-2024,COMPLETED,organic_search,paypal
4391,8289.0,06.09.2025,completed,organic_search,debit_card
4392,2215.0,23.11.2025,completed,organic_search,paypal
4393,2469.0,2025-11-02,completed,direct,bank_transfer
4394,9056.0,07-20-2024,completed,referral,credit_card
4395,2225.0,12-15-2025,returned,paid_search,debit_card
4396,8796.0,11/12/2024,completed,organic_search,bank_transfer
4397,6008.0,2024-11-22T01:33:25,returned,organic_search,paypal
4398,489.0,20/03/2024,completed,social_media,bank_transfer
4399,3103.0,02.03.2025,completed,organic_search,credit_card
4400,4396.0,05-07-2024,returned,paid_search,debit_card
4401,7710.0,09-18-2024,completed,email,debit_card
4402,3037.0,09/11/2024,completed,email,bank_transfer
4403,,10-11-2025,completed,referral,debit_card
4404,8515.0,14/11/2025,completed,direct,credit_card
4405,767.0,2024-11-01,completed,paid_search,paypal
4406,5087.0,2025-11-07T12:57:22,returned,email,paypal
4407,4662.0,06/11/2025,completed,referral,bank_transfer
4408,566.0,14.09.2025,completed,paid_search,paypal
4409,858.0,06-14-2024,completed,organic_search,credit_card
4410,3525.0,27/07/2025,completed,email,paypal
4411,1301.0,2025-12-11,completed,social_media,bank_transfer
4412,4415.0,21.07.2025,cancelled,paid_search,credit_card
4413,5613.0,2024-11-17,completed,paid_search,debit_card
4414,6416.0,2025-03-14,completed,direct,credit_card
4415,5045.0,25.06.2025,completed,paid_search,credit_card
4416,3503.0,03-21-2025,completed,paid_search,credit_card
4417,1257.0,2024-05-18,completed,email,paypal
4418,2325.0,06/11/2024,completed,direct,paypal
4419,3868.0,08.10.2025,cancelled,email,credit_card
4420,8549.0,2025-11-08,completed,email,paypal
4421,1922.0,2024-06-04,completed,social_media,bank_transfer
4422,3804.0,14/12/2025,COMPLETED,organic_search,paypal
4423,6767.0,16.11.2024,completed,email,credit_card
4424,6521.0,2025-07-07,completed,referral,credit_card
4425,8909.0,09-06-2025,completed,direct,paypal
4426,1813.0,2025-10-13,cancelled,direct,paypal
4427,168.0,2025-12-12,completed,email,debit_card
4428,2992.0,2024-11-07,completed,social_media,credit_card
4429,1435.0,07.11.2025,completed,direct,debit_card
4430,5059.0,05-30-2024,completed,email,credit_card
4431,8318.0,2025-08-06T10:37:40,completed,organic_search,debit_card
4432,6386.0,2025-08-31,completed,social_media,credit_card
4433,1316.0,07-18-2025,completed,email,credit_card
4434,1136.0,22/09/2024,completed,paid_search,credit_card
4435,8445.0,2025-11-13,cancelled,organic_search,paypal
4436,4503.0,07-06-2024,completed,organic_search,bank_transfer
4437,8546.0,2024-03-11,completed,email,paypal
4438,6808.0,2025-08-15,completed,social_media,paypal
4439,9166.0,2025-02-22,cancelled,paid_search,debit_card
4440,8052.0,2025-11-03T05:48:17,completed,social_media,credit_card
4441,3814.0,2024-12-14,completed,email,credit_card
4442,7003.0,2024-07-05,completed,referral,paypal
4443,4356.0,10-27-2025,COMPLETED,direct,bank_transfer
4444,2194.0,18/04/2025,completed,social_media,credit_card
4445,2270.0,07-26-2024,completed,email,credit_card
4446,3648.0,16/08/2025,completed,social_media,credit_card
4447,1092.0,2025-03-22T18:49:37,cancelled,referral,debit_card
4448,1682.0,2025-05-27,completed,paid_search,paypal
4449,4626.0,09/02/2025,cancelled,organic_search,debit_card
4450,8800.0,23.10.2025,completed,organic_search,credit_card
4451,5343.0,2025-10-24T05:54:38,completed,social_media,debit_card
4452,,2025-08-09T19:59:40,completed,direct,paypal
4453,2286.0,2024-05-04T19:02:31,completed,direct,debit_card
4454,1860.0,2025-10-29,completed,direct,credit_card
4455,6100.0,2025-07-13T10:59:43,completed,referral,credit_card
4456,7842.0,2025-08-01T19:33:20,completed,email,paypal
4457,3663.0,2024-12-04,completed,paid_search,credit_card
4458,5077.0,11-15-2025,completed,referral,credit_card
4459,6535.0,2025-08-20T05:55:40,cancelled,direct,credit_card
4460,576.0,2024-05-11T23:24:19,completed,social_media,bank_transfer
4461,3238.0,26.12.2024,completed,organic_search,bank_transfer
4462,6743.0,2025-11-18T20:06:18,completed,paid_search,debit_card
4463,6347.0,2024-03-03T09:37:06,completed,organic_search,credit_card
4464,521.0,17/12/2025,completed,organic_search,paypal
4465,2237.0,2025-07-19,returned,email,bank_transfer
4466,6294.0,15/06/2025,completed,direct,debit_card
4467,2544.0,10-07-2024,completed,paid_search,paypal
4468,7540.0,2024-09-19T17:53:34,cancelled,social_media,credit_card
4469,295.0,2025-12-10T01:30:29,completed,direct,paypal
4470,1808.0,29.10.2024,completed,organic_search,debit_card
4471,2643.0,21/09/2025,cancelled,paid_search,debit_card
4472,8562.0,12-19-2024,completed,direct,bank_transfer
4473,7378.0,2024-06-06,cancelled,organic_search,credit_card
4474,8181.0,01-16-2024,completed,direct,debit_card
4475,4057.0,04-15-2025,completed,direct,credit_card
4476,7610.0,2025-12-23,completed,referral,credit_card
4477,7891.0,07/12/2024,completed,referral,paypal
4478,3676.0,12-01-2024,cancelled,direct,credit_card
4479,9179.0,24/11/2024,completed,paid_search,debit_card
4480,7869.0,2025-03-29T12:26:42,completed,email,bank_transfer
4481,8985.0,2025-01-21T05:13:02,completed,direct,credit_card
4482,8018.0,11-16-2025,CANCELLED,email,debit_card
4483,7170.0,17/03/2025,completed,organic_search,debit_card
4484,8711.0,19/03/2025,COMPLETED,paid_search,paypal
4485,3873.0,05/06/2024,completed,referral,debit_card
4486,7239.0,2025-12-25,completed,paid_search,bank_transfer
4487,2010.0,20.09.2024,completed,organic_search,credit_card
4488,6772.0,01/04/2024,completed,direct,debit_card
4489,7261.0,07.07.2025,completed,referral,credit_card
4490,6614.0,2025-05-21,completed,organic_search,debit_card
4491,7857.0,2024-12-30T15:36:38,completed,social_media,debit_card
4492,3804.0,04/01/2025,completed,email,credit_card
4493,5032.0,09-27-2025,completed,social_media,credit_card
4494,105.0,02/08/2024,COMPLETED,referral,credit_card
4495,1400.0,18.10.2025,COMPLETED,referral,credit_card
4496,5945.0,06-27-2025,completed,social_media,bank_transfer
4497,5192.0,01.01.2025,completed,direct,credit_card
4498,1874.0,02-06-2025,completed,paid_search,paypal
4499,2292.0,25/09/2024,completed,social_media,paypal
4500,3179.0,06/09/2025,completed,direct,bank_transfer
4501,6613.0,03-23-2025,completed,paid_search,paypal
4502,5621.0,2024-11-11,completed,paid_search,credit_card
4503,682.0,2025-05-21T10:28:49,completed,organic_search,credit_card
4504,7017.0,2025-12-30T09:06:40,completed,social_media,debit_card
4505,2467.0,2025-01-16,completed,social_media,bank_transfer
4506,6215.0,2025-12-02,completed,paid_search,debit_card
4507,1196.0,25.11.2024,completed,email,paypal
4508,9208.0,12/03/2024,completed,social_media,debit_card
4509,779.0,10.08.2024,COMPLETED,referral,debit_card
4510,6859.0,2025-01-01,completed,organic_search,paypal
4511,5001.0,2024-08-24,completed,direct,bank_transfer
4512,838.0,2024-01-01T21:01:30,cancelled,email,bank_transfer
4513,272.0,30.11.2025,completed,organic_search,debit_card
4514,3343.0,2025-11-01,cancelled,social_media,paypal
4515,7437.0,08-31-2025,completed,social_media,paypal
4516,406.0,2024-07-05T16:27:31,completed,social_media,bank_transfer
4517,6519.0,19.05.2024,completed,direct,credit_card
4518,6067.0,03-26-2024,completed,paid_search,credit_card
4519,2500.0,19.08.2025,completed,social_media,bank_transfer
4520,755.0,12-05-2025,COMPLETED,social_media,debit_card
4521,8466.0,2025-01-12T01:50:39,completed,direct,paypal
4522,2802.0,2024-05-18T00:41:18,completed,social_media,debit_card
4523,1091.0,2025-03-23,completed,social_media,debit_card
4524,6313.0,2024-11-27T20:24:25,completed,social_media,debit_card
4525,2045.0,2024-12-10,completed,direct,credit_card
4526,4392.0,2025-06-08T11:39:01,completed,direct,credit_card
4527,492.0,08-15-2025,completed,paid_search,bank_transfer
4528,9163.0,2024-05-09,completed,email,bank_transfer
4529,4136.0,02-18-2024,completed,referral,debit_card
4530,9218.0,29/12/2025,completed,organic_search,debit_card
4531,3556.0,2024-09-05T15:52:28,completed,paid_search,credit_card
4532,3208.0,11.03.2024,cancelled,organic_search,credit_card
4533,8466.0,07-27-2024,completed,organic_search,bank_transfer
4534,3045.0,02-22-2024,completed,referral,debit_card
4535,3987.0,2024-12-19,completed,social_media,debit_card
4536,760.0,08.10.2025,completed,email,debit_card
4537,8819.0,23/11/2024,completed,email,credit_card
4538,828.0,2025-01-25T22:58:00,cancelled,direct,bank_transfer
4539,7117.0,16/07/2025,completed,direct,debit_card
4540,4976.0,20.03.2025,cancelled,social_media,credit_card
4541,601.0,2025-11-08T16:21:36,completed,email,paypal
4542,16.0,10.11.2025,completed,social_media,paypal
4543,8632.0,14/01/2024,completed,direct,debit_card
4544,6864.0,2025-09-23T04:37:17,cancelled,referral,bank_transfer
4545,6365.0,2025-02-09,completed,social_media,credit_card
4546,4040.0,27/12/2025,completed,paid_search,credit_card
4547,2245.0,2025-02-28,completed,email,credit_card
4548,6292.0,2025-12-27,COMPLETED,email,bank_transfer
4549,5608.0,08.09.2025,completed,referral,debit_card
4550,6712.0,18.09.2024,completed,email,paypal
4551,3370.0,2025-04-11T17:18:29,completed,organic_search,paypal
4552,,2025-12-29,completed,email,debit_card
4553,655.0,11-06-2025,completed,email,debit_card
4554,774.0,04-26-2024,completed,direct,credit_card
4555,8483.0,2025-08-07,completed,paid_search,debit_card
4556,5984.0,2024-11-25T05:26:24,completed,social_media,credit_card
4557,3020.0,2024-01-10,completed,email,paypal
4558,7039.0,24/12/2024,completed,social_media,paypal
4559,4177.0,2024-09-07T04:35:50,completed,social_media,debit_card
4560,215.0,2025-10-17,completed,organic_search,paypal
4561,6022.0,2024-11-20T20:30:39,cancelled,direct,bank_transfer
4562,2291.0,22.10.2025,completed,referral,credit_card
4563,1129.0,2024-01-01T00:18:45,returned,referral,bank_transfer
4564,2118.0,11-04-2024,cancelled,organic_search,debit_card
4565,4396.0,12.09.2024,cancelled,referral,bank_transfer
4566,486.0,06.09.2024,completed,email,credit_card
4567,8170.0,27/03/2024,completed,email,credit_card
4568,5173.0,2024-07-24T23:12:34,completed,referral,paypal
4569,2739.0,2025-04-23T20:39:58,completed,direct,debit_card
4570,6371.0,2024-10-23,completed,direct,paypal
4571,7458.0,12-31-2024,completed,referral,paypal
4572,5663.0,11.12.2024,completed,social_media,credit_card
4573,1922.0,2025-11-14,completed,organic_search,debit_card
4574,1079.0,26/11/2025,cancelled,social_media,paypal
4575,7948.0,08/03/2025,completed,organic_search,credit_card
4576,2207.0,16.11.2024,cancelled,email,debit_card
4577,205.0,2024-05-05,completed,referral,credit_card
4578,5935.0,2025-12-14T00:46:48,completed,paid_search,bank_transfer
4579,,18/03/2024,completed,direct,paypal
4580,9144.0,10-28-2024,completed,email,bank_transfer
4581,8045.0,10-29-2024,completed,social_media,credit_card
4582,5609.0,2024-11-11T17:16:07,completed,email,debit_card
4583,7717.0,01/07/2024,completed,organic_search,bank_transfer
4584,4349.0,2025-09-26T04:46:46,completed,paid_search,paypal
4585,7297.0,05-21-2024,completed,referral,bank_transfer
4586,5971.0,06-17-2025,cancelled,referral,bank_transfer
4587,289.0,22.05.2024,cancelled,paid_search,paypal
4588,8757.0,29/03/2024,completed,email,debit_card
4589,7960.0,2025-11-28T19:23:50,completed,organic_search,credit_card
4590,8795.0,2024-07-27,COMPLETED,direct,bank_transfer
4591,6758.0,19/10/2025,completed,social_media,debit_card
4592,3791.0,2025-04-15T03:23:48,cancelled,referral,paypal
4593,1956.0,04-06-2024,completed,paid_search,debit_card
4594,1703.0,15/12/2025,completed,email,paypal
4595,1390.0,2024-09-17T03:33:42,cancelled,organic_search,paypal
4596,2073.0,07.11.2025,completed,referral,credit_card
4597,5077.0,06.07.2024,completed,social_media,debit_card
4598,6337.0,2025-11-05T01:58:55,completed,organic_search,debit_card
4599,2909.0,19.01.2024,completed,organic_search,debit_card
4600,5062.0,22.03.2025,COMPLETED,paid_search,credit_card
4601,3154.0,09-17-2025,completed,email,credit_card
4602,6446.0,07.12.2025,COMPLETED,organic_search,bank_transfer
4603,9116.0,28.11.2025,completed,paid_search,credit_card
4604,6390.0,2025-10-18T00:51:02,completed,organic_search,credit_card
4605,582.0,19/11/2025,completed,referral,debit_card
4606,4408.0,2024-08-05,COMPLETED,email,bank_transfer
4607,7115.0,2024-10-18T14:50:09,completed,paid_search,bank_transfer
4608,5010.0,2024-10-21,completed,referral,bank_transfer
4609,8779.0,2024-12-11,completed,social_media,debit_card
4610,537.0,2024-12-19T04:50:28,completed,paid_search,debit_card
4611,2725.0,15/04/2025,completed,paid_search,paypal
4612,2073.0,27.06.2024,completed,paid_search,bank_transfer
4613,7087.0,2025-07-27,completed,referral,credit_card
4614,4848.0,2024-07-05T09:38:54,completed,organic_search,paypal
4615,1332.0,2024-11-05,completed,paid_search,paypal
4616,2679.0,16.03.2025,completed,social_media,credit_card
4617,4834.0,10-04-2025,returned,social_media,paypal
4618,9193.0,29.08.2025,completed,organic_search,bank_transfer
4619,3357.0,25/06/2025,completed,organic_search,paypal
4620,1496.0,2024-06-23,completed,social_media,debit_card
4621,4587.0,2025-04-17,cancelled,email,bank_transfer
4622,2890.0,2024-04-16,completed,social_media,paypal
4623,5229.0,11.12.2024,completed,paid_search,paypal
4624,4307.0,2024-12-29,completed,organic_search,bank_transfer
4625,6394.0,2024-02-23T06:25:03,cancelled,social_media,paypal
4626,8466.0,2024-10-10,completed,referral,bank_transfer
4627,1907.0,15.12.2025,completed,social_media,credit_card
4628,7602.0,2025-12-14,completed,referral,debit_card
4629,8761.0,2024-11-29T14:01:26,completed,paid_search,paypal
4630,3444.0,2024-02-27T09:17:15,completed,organic_search,paypal
4631,1117.0,16/07/2024,cancelled,social_media,debit_card
4632,7607.0,19.12.2024,completed,referral,debit_card
4633,6492.0,12/12/2025,completed,email,bank_transfer
4634,2008.0,2024-06-08T04:33:16,completed,email,bank_transfer
4635,4107.0,2025-09-14T11:14:54,completed,referral,paypal
4636,5347.0,07.05.2024,completed,email,credit_card
4637,1611.0,12-25-2025,completed,paid_search,debit_card
4638,6597.0,14/12/2024,COMPLETED,direct,credit_card
4639,6398.0,21.09.2025,completed,referral,credit_card
4640,8205.0,23/11/2024,completed,direct,debit_card
4641,5241.0,2025-06-12T21:38:15,completed,email,bank_transfer
4642,5308.0,07-29-2024,completed,organic_search,credit_card
4643,5708.0,13.06.2024,completed,social_media,credit_card
4644,2570.0,2025-12-09T20:59:53,completed,referral,credit_card
4645,7005.0,12-01-2025,completed,social_media,bank_transfer
4646,6137.0,11-19-2025,completed,direct,bank_transfer
4647,7761.0,2025-06-11,completed,paid_search,credit_card
4648,7098.0,2025-10-11T03:03:08,completed,referral,paypal
4649,5887.0,28/03/2024,completed,email,bank_transfer
4650,1528.0,19/11/2024,completed,paid_search,bank_transfer
4651,8505.0,2024-11-07T21:27:09,completed,referral,debit_card
4652,3382.0,18.06.2025,completed,paid_search,credit_card
4653,8897.0,01.12.2024,completed,paid_search,credit_card
4654,3696.0,16/06/2024,cancelled,direct,bank_transfer
4655,1398.0,2025-05-21,returned,organic_search,paypal
4656,8187.0,10-15-2025,completed,organic_search,paypal
4657,7364.0,2024-12-14,completed,paid_search,debit_card
4658,7271.0,05-30-2024,cancelled,organic_search,paypal
4659,873.0,2024-08-02T23:58:53,completed,organic_search,debit_card
4660,8130.0,2024-09-09,completed,paid_search,credit_card
4661,5497.0,10-30-2024,cancelled,social_media,bank_transfer
4662,4347.0,06-23-2025,COMPLETED,organic_search,credit_card
4663,8458.0,24.05.2025,completed,direct,paypal
4664,6166.0,07-31-2025,completed,social_media,bank_transfer
4665,1288.0,2024-12-04,completed,social_media,credit_card
4666,4810.0,10-20-2025,returned,social_media,debit_card
4667,5865.0,2024-08-09,cancelled,paid_search,bank_transfer
4668,8316.0,16/02/2025,completed,email,debit_card
4669,2630.0,2025-10-07T09:48:39,completed,email,paypal
4670,7356.0,2024-07-17T15:54:14,completed,organic_search,debit_card
4671,7411.0,08/05/2024,completed,referral,bank_transfer
4672,1242.0,2025-11-17,completed,email,paypal
4673,177.0,2024-11-24,completed,social_media,paypal
4674,5356.0,22.07.2025,returned,paid_search,debit_card
4675,7309.0,05/02/2024,completed,organic_search,paypal
4676,5117.0,07-27-2025,COMPLETED,referral,paypal
4677,7527.0,11-09-2024,completed,social_media,paypal
4678,5734.0,13.03.2024,returned,email,paypal
4679,6047.0,31/05/2025,completed,organic_search,credit_card
4680,284.0,12/09/2024,COMPLETED,referral,paypal
4681,866.0,2024-12-16T11:15:22,completed,email,bank_transfer
4682,6700.0,04-09-2024,completed,email,paypal
4683,7045.0,2024-06-14T18:05:50,COMPLETED,social_media,debit_card
4684,5009.0,2024-10-29,completed,referral,bank_transfer
4685,5430.0,18/04/2024,completed,paid_search,bank_transfer
4686,5666.0,29/11/2025,completed,direct,bank_transfer
4687,1024.0,01-09-2024,completed,email,bank_transfer
4688,6181.0,2025-03-01,COMPLETED,referral,credit_card
4689,4420.0,21.05.2024,cancelled,email,credit_card
4690,5553.0,04/11/2024,completed,organic_search,paypal
4691,5202.0,2025-12-04T20:58:27,completed,direct,credit_card
4692,7046.0,2024-06-29T02:15:27,completed,referral,credit_card
4693,2958.0,2025-12-19,completed,direct,bank_transfer
4694,3443.0,2024-08-11T04:20:46,completed,direct,debit_card
4695,3601.0,2025-08-31,completed,referral,paypal
4696,7045.0,17/04/2025,completed,direct,debit_card
4697,3981.0,18.11.2025,completed,email,debit_card
4698,1674.0,22/04/2025,cancelled,direct,debit_card
4699,9072.0,2025-04-08T21:09:57,completed,email,bank_transfer
4700,4558.0,2024-08-01,completed,paid_search,paypal
4701,1067.0,03/07/2024,completed,direct,paypal
4702,6204.0,2025-12-01,completed,social_media,credit_card
4703,6834.0,2024-11-15,completed,referral,credit_card
4704,4621.0,09.12.2024,completed,paid_search,bank_transfer
4705,5971.0,11.09.2025,completed,email,bank_transfer
4706,1638.0,2024-11-21T11:28:04,completed,organic_search,debit_card
4707,3389.0,14/12/2025,completed,paid_search,paypal
4708,1538.0,2025-08-28T21:54:34,completed,social_media,bank_transfer
4709,3567.0,22/05/2025,completed,organic_search,paypal
4710,5198.0,16.11.2025,completed,email,bank_transfer
4711,4079.0,06/03/2024,completed,paid_search,paypal
4712,5464.0,26.09.2024,completed,paid_search,debit_card
4713,4638.0,2025-02-12,completed,email,debit_card
4714,2950.0,31/08/2024,completed,email,paypal
4715,1375.0,01/09/2025,completed,organic_search,bank_transfer
4716,2375.0,02.12.2025,completed,social_media,debit_card
4717,1908.0,05.01.2025,completed,organic_search,debit_card
4718,6543.0,2024-11-23T04:16:59,cancelled,paid_search,debit_card
4719,7591.0,12-17-2025,completed,organic_search,bank_transfer
4720,6649.0,2025-01-25,completed,email,bank_transfer
4721,5943.0,05/03/2025,completed,social_media,debit_card
4722,2877.0,2024-11-28,completed,email,bank_transfer
4723,6578.0,2025-11-28T17:39:16,CANCELLED,referral,credit_card
4724,5579.0,02.05.2025,completed,email,bank_transfer
4725,458.0,13/09/2025,completed,email,credit_card
4726,8402.0,2025-10-13T07:40:33,completed,paid_search,debit_card
4727,775.0,23/11/2024,cancelled,organic_search,credit_card
4728,4648.0,01-15-2025,completed,paid_search,paypal
4729,4747.0,2025-11-03T05:10:42,completed,direct,debit_card
4730,7740.0,2024-12-04,completed,email,bank_transfer
4731,8457.0,03.10.2025,completed,email,paypal
4732,8669.0,2025-12-10,completed,referral,bank_transfer
4733,5267.0,09.06.2025,completed,referral,paypal
4734,6283.0,2025-08-31T01:57:05,completed,referral,debit_card
4735,866.0,2025-10-09,completed,organic_search,debit_card
4736,4507.0,11-01-2025,completed,social_media,credit_card
4737,8307.0,12-20-2024,completed,email,bank_transfer
4738,4205.0,03-08-2024,completed,paid_search,paypal
4739,682.0,2024-12-23,completed,paid_search,credit_card
4740,1908.0,15/07/2025,completed,referral,credit_card
4741,3963.0,30/01/2025,completed,paid_search,debit_card
4742,2233.0,05/09/2025,CANCELLED,social_media,paypal
4743,3609.0,2024-12-01,completed,organic_search,bank_transfer
4744,3082.0,2025-06-17,cancelled,organic_search,debit_card
4745,2962.0,23.07.2024,completed,paid_search,debit_card
4746,893.0,05/09/2025,completed,paid_search,paypal
4747,8166.0,2025-04-16T10:07:25,completed,paid_search,debit_card
4748,6420.0,09.08.2024,completed,organic_search,credit_card
4749,5743.0,10-24-2024,completed,direct,credit_card
4750,5591.0,09-04-2025,returned,organic_search,bank_transfer
4751,3643.0,28.02.2025,completed,direct,paypal
4752,7616.0,08-21-2024,cancelled,referral,paypal
4753,8596.0,12-20-2025,completed,direct,debit_card
4754,56.0,2025-08-13,completed,social_media,credit_card
4755,769.0,12-16-2025,COMPLETED,organic_search,credit_card
4756,6247.0,2025-01-09,completed,paid_search,credit_card
4757,2221.0,2025-02-21,completed,email,debit_card
4758,8448.0,2025-11-23,completed,social_media,paypal
4759,6176.0,01/04/2025,completed,social_media,paypal
4760,3393.0,08/08/2025,completed,social_media,paypal
4761,3824.0,09-22-2024,completed,social_media,bank_transfer
4762,6411.0,2025-01-27T08:36:22,completed,organic_search,debit_card
4763,1356.0,22.05.2024,completed,paid_search,credit_card
4764,8171.0,2024-08-11,completed,social_media,bank_transfer
4765,48.0,2024-01-02T01:29:38,cancelled,paid_search,bank_transfer
4766,9028.0,23.02.2024,completed,direct,credit_card
4767,1588.0,12-23-2025,completed,email,debit_card
4768,6863.0,2024-09-13T19:59:40,completed,social_media,debit_card
4769,395.0,2025-07-07T22:08:32,completed,paid_search,credit_card
4770,3984.0,10-29-2025,completed,referral,bank_transfer
4771,5810.0,2025-04-19,completed,email,paypal
4772,689.0,2024-06-20,completed,organic_search,paypal
4773,4088.0,2025-08-22T06:19:25,completed,referral,paypal
4774,2825.0,05-24-2025,completed,email,credit_card
4775,4600.0,2025-08-24,completed,organic_search,debit_card
4776,4665.0,2025-09-18,completed,referral,credit_card
4777,7259.0,22/12/2025,completed,organic_search,credit_card
4778,1198.0,05.05.2025,cancelled,paid_search,debit_card
4779,808.0,23/11/2024,cancelled,email,paypal
4780,3696.0,06-27-2025,cancelled,paid_search,debit_card
4781,8209.0,27/03/2024,completed,social_media,paypal
4782,7910.0,2025-11-23T04:38:42,completed,paid_search,debit_card
4783,5173.0,18/05/2024,completed,direct,paypal
4784,8219.0,15.11.2024,completed,referral,bank_transfer
4785,7466.0,10-15-2025,completed,social_media,debit_card
4786,2610.0,22.05.2025,completed,paid_search,bank_transfer
4787,1615.0,19.12.2024,completed,referral,paypal
4788,2810.0,20.02.2025,completed,paid_search,debit_card
4789,2139.0,2025-11-05,completed,social_media,credit_card
4790,5738.0,22.11.2024,completed,social_media,bank_transfer
4791,5374.0,11-11-2025,cancelled,referral,debit_card
4792,5518.0,2024-04-16T15:43:56,completed,direct,credit_card
4793,1796.0,22.09.2025,completed,email,debit_card
4794,7333.0,02/11/2025,completed,direct,debit_card
4795,4001.0,07-19-2024,completed,email,debit_card
4796,4367.0,01-12-2025,returned,paid_search,debit_card
4797,9202.0,02.07.2024,completed,organic_search,debit_card
4798,2653.0,07.08.2025,completed,direct,paypal
4799,3627.0,04-09-2025,completed,organic_search,credit_card
4800,6256.0,2025-06-18,COMPLETED,social_media,credit_card
4801,8140.0,08-02-2024,completed,paid_search,credit_card
4802,1227.0,17/08/2024,cancelled,direct,bank_transfer
4803,6795.0,02-25-2024,completed,referral,paypal
4804,8497.0,12/11/2024,completed,direct,debit_card
4805,3904.0,26/04/2025,returned,social_media,credit_card
4806,2688.0,07.11.2025,COMPLETED,paid_search,debit_card
4807,6269.0,2025-07-10,completed,email,bank_transfer
4808,2315.0,16/01/2025,completed,social_media,bank_transfer
4809,3549.0,14/12/2025,completed,direct,bank_transfer
4810,8296.0,16/08/2025,returned,referral,bank_transfer
4811,5432.0,06.12.2025,completed,paid_search,credit_card
4812,933.0,2025-04-03T08:38:59,cancelled,email,credit_card
4813,3048.0,2024-09-27,completed,paid_search,debit_card
4814,5784.0,10/03/2024,completed,email,credit_card
4815,4453.0,2025-08-20,completed,email,credit_card
4816,6119.0,19/05/2024,completed,paid_search,credit_card
4817,7035.0,2024-11-01,COMPLETED,referral,paypal
4818,4443.0,06.04.2025,completed,referral,bank_transfer
4819,9104.0,2025-04-29T03:52:30,COMPLETED,paid_search,debit_card
4820,8466.0,2025-05-24,completed,organic_search,paypal
4821,588.0,2024-07-03,completed,organic_search,paypal
4822,2509.0,13/12/2024,completed,social_media,credit_card
4823,2803.0,2025-06-05T18:41:18,completed,organic_search,paypal
4824,1749.0,2025-12-20T10:41:28,completed,direct,debit_card
4825,2894.0,2025-08-21,completed,social_media,bank_transfer
4826,3921.0,03.12.2025,completed,referral,credit_card
4827,503.0,13/09/2025,completed,direct,debit_card
4828,1234.0,18.05.2025,completed,social_media,debit_card
4829,943.0,29/07/2024,completed,direct,credit_card
4830,451.0,2025-07-10T19:45:21,cancelled,direct,paypal
4831,4453.0,06-09-2025,completed,referral,credit_card
4832,3091.0,25.05.2025,completed,social_media,bank_transfer
4833,8631.0,05.03.2025,COMPLETED,organic_search,debit_card
4834,1011.0,04/04/2025,completed,organic_search,bank_transfer
4835,8567.0,2024-11-19T05:55:10,completed,direct,bank_transfer
4836,845.0,2025-03-28,completed,organic_search,bank_transfer
4837,5707.0,03.08.2024,completed,referral,bank_transfer
4838,2325.0,2025-10-09,completed,email,debit_card
4839,7645.0,2024-07-23T15:34:41,cancelled,paid_search,bank_transfer
4840,601.0,04-13-2024,completed,referral,credit_card
4841,8786.0,2025-01-17,completed,direct,credit_card
4842,461.0,07-04-2025,completed,direct,debit_card
4843,2271.0,2025-01-19,completed,social_media,bank_transfer
4844,4288.0,12/10/2024,completed,email,paypal
4845,6990.0,04-25-2025,completed,direct,paypal
4846,8780.0,11-26-2024,completed,social_media,credit_card
4847,3950.0,2025-12-07T13:49:41,completed,direct,credit_card
4848,6995.0,2025-12-03T17:09:20,completed,direct,bank_transfer
4849,6721.0,03-15-2025,completed,direct,bank_transfer
4850,5282.0,2024-11-15T15:07:50,cancelled,direct,bank_transfer
4851,6412.0,28.08.2025,returned,social_media,bank_transfer
4852,375.0,19/02/2024,completed,referral,paypal
4853,4068.0,21/02/2025,completed,organic_search,credit_card
4854,,20.11.2024,cancelled,direct,paypal
4855,4382.0,12-02-2025,completed,organic_search,paypal
4856,8080.0,2024-01-17,completed,social_media,paypal
4857,7715.0,21.04.2025,completed,referral,paypal
4858,7987.0,30/08/2025,completed,paid_search,debit_card
4859,1260.0,02.03.2025,completed,social_media,bank_transfer
4860,2298.0,2024-04-14,completed,organic_search,bank_transfer
4861,296.0,21.12.2025,COMPLETED,organic_search,paypal
4862,9070.0,2025-03-27T23:49:38,completed,direct,paypal
4863,2221.0,2025-06-03,completed,referral,bank_transfer
4864,3381.0,2024-09-08,completed,social_media,paypal
4865,2582.0,2025-03-01,completed,email,paypal
4866,394.0,11/01/2025,completed,referral,credit_card
4867,2452.0,03/04/2024,completed,organic_search,credit_card
4868,965.0,05/05/2024,cancelled,direct,bank_transfer
4869,3629.0,28/10/2025,completed,referral,bank_transfer
4870,8923.0,09-11-2024,completed,referral,debit_card
4871,6462.0,01/08/2024,completed,organic_search,debit_card
4872,6537.0,03-17-2025,returned,organic_search,paypal
4873,4179.0,2025-09-17T14:25:55,completed,email,debit_card
4874,7507.0,2024-03-20T12:27:43,completed,organic_search,debit_card
4875,8410.0,08.05.2025,COMPLETED,paid_search,debit_card
4876,8869.0,18/05/2024,completed,referral,paypal
4877,973.0,19/02/2024,completed,social_media,bank_transfer
4878,8133.0,10/03/2024,completed,social_media,bank_transfer
4879,2117.0,2025-10-26,completed,direct,debit_card
4880,3647.0,2024-05-16T09:56:34,completed,direct,debit_card
4881,3189.0,03-01-2024,completed,organic_search,bank_transfer
4882,6247.0,01-19-2025,completed,social_media,debit_card
4883,5514.0,01/11/2025,completed,email,paypal
4884,1065.0,2024-09-30,completed,email,debit_card
4885,7233.0,01-04-2025,completed,organic_search,bank_transfer
4886,4051.0,2024-02-24,completed,referral,credit_card
4887,22.0,29/01/2025,completed,social_media,paypal
4888,3816.0,2025-05-08,returned,referral,credit_card
4889,4781.0,2025-05-04T21:53:00,completed,referral,bank_transfer
4890,674.0,11-18-2024,completed,organic_search,paypal
4891,1452.0,2024-11-08,completed,email,credit_card
4892,9168.0,05.05.2024,completed,social_media,credit_card
4893,8051.0,06.12.2024,completed,referral,bank_transfer
4894,1292.0,04-28-2024,returned,referral,bank_transfer
4895,5356.0,16/09/2025,completed,email,paypal
4896,3499.0,2025-12-19,completed,email,debit_card
4897,5023.0,2025-12-21T22:58:51,completed,social_media,bank_transfer
4898,4349.0,11-09-2025,COMPLETED,email,credit_card
4899,471.0,2025-05-24T01:30:56,completed,organic_search,credit_card
4900,2925.0,03.08.2025,completed,social_media,bank_transfer
4901,1213.0,2024-10-19,completed,organic_search,credit_card
4902,4513.0,2025-06-14,completed,organic_search,credit_card
4903,8398.0,2025-02-04T18:01:21,completed,email,paypal
4904,9187.0,27.02.2025,completed,social_media,paypal
4905,8715.0,10.09.2025,COMPLETED,email,debit_card
4906,9092.0,16/10/2024,completed,paid_search,bank_transfer
4907,156.0,11-10-2024,completed,paid_search,bank_transfer
4908,,2025-12-04,completed,email,credit_card
4909,2559.0,14/03/2024,completed,direct,bank_transfer
4910,8007.0,02.03.2025,completed,referral,bank_transfer
4911,7531.0,2025-11-29T02:44:19,completed,email,debit_card
4912,3908.0,31.05.2025,COMPLETED,direct,bank_transfer
4913,4373.0,16/04/2025,cancelled,social_media,paypal
4914,2496.0,19.09.2024,completed,referral,bank_transfer
4915,2707.0,24.11.2024,completed,paid_search,debit_card
4916,9053.0,2025-11-04,completed,paid_search,bank_transfer
4917,8220.0,2025-04-26T13:55:54,completed,email,debit_card
4918,1821.0,24.03.2025,completed,paid_search,credit_card
4919,2589.0,28/04/2024,completed,direct,debit_card
4920,1061.0,01-23-2024,COMPLETED,paid_search,bank_transfer
4921,9121.0,18/12/2025,completed,referral,bank_transfer
4922,8397.0,12-11-2024,completed,social_media,bank_transfer
4923,5092.0,26.05.2025,completed,social_media,bank_transfer
4924,6420.0,08.04.2024,completed,organic_search,paypal
4925,6912.0,2025-07-22,completed,email,debit_card
4926,1926.0,07.12.2025,completed,email,debit_card
4927,8622.0,2025-05-07,completed,organic_search,debit_card
4928,4875.0,24/05/2024,completed,direct,debit_card
4929,908.0,2025-05-11,completed,organic_search,debit_card
4930,3646.0,15.09.2025,completed,social_media,bank_transfer
4931,5547.0,2024-12-26T06:35:10,completed,direct,bank_transfer
4932,3251.0,16.11.2025,completed,email,bank_transfer
4933,6474.0,06-27-2025,completed,paid_search,bank_transfer
4934,8160.0,24/11/2025,completed,paid_search,bank_transfer
4935,7125.0,09/06/2025,completed,paid_search,bank_transfer
4936,5932.0,29.05.2024,cancelled,social_media,paypal
4937,4737.0,2024-11-05,cancelled,organic_search,debit_card
4938,2393.0,07/08/2024,cancelled,social_media,debit_card
4939,4198.0,28/11/2025,completed,social_media,debit_card
4940,2739.0,09-12-2025,completed,social_media,bank_transfer
4941,8614.0,17/07/2025,completed,direct,paypal
4942,8398.0,31.10.2024,completed,direct,bank_transfer
4943,1496.0,07-21-2024,completed,organic_search,debit_card
4944,7611.0,09-09-2025,completed,organic_search,bank_transfer
4945,6507.0,2025-02-20T13:34:06,completed,social_media,bank_transfer
4946,8995.0,30/08/2024,completed,social_media,credit_card
4947,4278.0,06-04-2025,cancelled,direct,bank_transfer
4948,6667.0,2024-02-24T17:42:10,completed,social_media,credit_card
4949,4798.0,11-14-2024,completed,direct,debit_card
4950,681.0,02-15-2025,completed,email,paypal
4951,456.0,15/06/2024,completed,social_media,bank_transfer
4952,1188.0,2025-12-26T07:45:48,completed,social_media,debit_card
4953,2761.0,14/08/2024,completed,social_media,credit_card
4954,2433.0,2024-05-28,completed,organic_search,debit_card
4955,6727.0,2024-08-09,completed,social_media,debit_card
4956,6610.0,17.09.2025,completed,direct,bank_transfer
4957,8962.0,01-07-2025,completed,email,paypal
4958,2890.0,04-30-2025,cancelled,referral,bank_transfer
4959,8657.0,2024-01-30,completed,paid_search,bank_transfer
4960,5655.0,02-16-2024,completed,social_media,paypal
4961,4576.0,2025-01-26,completed,direct,debit_card
4962,6180.0,2025-10-16,completed,email,bank_transfer
4963,6505.0,18/11/2025,completed,direct,paypal
4964,1630.0,2024-04-15,completed,email,credit_card
4965,6948.0,04-11-2025,completed,direct,credit_card
4966,6701.0,2025-11-29,completed,social_media,bank_transfer
4967,9207.0,17/12/2024,completed,organic_search,paypal
4968,8449.0,24/10/2025,completed,email,debit_card
4969,6347.0,2024-06-01T09:47:16,cancelled,referral,bank_transfer
4970,6579.0,12-08-2025,cancelled,email,debit_card
4971,8730.0,2025-09-06T11:07:03,cancelled,social_media,debit_card
4972,8925.0,10/12/2025,COMPLETED,email,paypal
4973,7646.0,17.07.2025,completed,direct,paypal
4974,7085.0,04/12/2024,completed,referral,paypal
4975,1091.0,2025-12-09,completed,direct,paypal
4976,7680.0,11/10/2024,completed,email,paypal
4977,2379.0,18/11/2024,completed,social_media,paypal
4978,5209.0,2025-08-03,completed,paid_search,debit_card
4979,3727.0,09-15-2025,completed,referral,credit_card
4980,3191.0,12-06-2025,cancelled,referral,debit_card
4981,2890.0,2024-08-10,COMPLETED,referral,credit_card
4982,7911.0,10-05-2025,completed,direct,paypal
4983,7103.0,29/08/2025,completed,paid_search,credit_card
4984,4843.0,2024-03-22,completed,organic_search,credit_card
4985,6157.0,2024-12-16,returned,social_media,credit_card
4986,9086.0,17.10.2024,completed,email,credit_card
4987,3650.0,02.11.2024,cancelled,paid_search,debit_card
4988,5083.0,2025-12-25T13:22:02,completed,referral,credit_card
4989,4928.0,2025-06-23,completed,social_media,debit_card
4990,8636.0,15/08/2025,completed,direct,paypal
4991,3245.0,23.12.2025,completed,email,paypal
4992,9098.0,12-11-2024,completed,direct,debit_card
4993,2843.0,10-07-2025,completed,referral,credit_card
4994,1062.0,16/01/2025,completed,referral,bank_transfer
4995,1816.0,2025-11-11T04:10:55,completed,direct,paypal
4996,3933.0,18/07/2024,completed,referral,credit_card
4997,6008.0,2025-12-12T00:40:00,completed,email,paypal
4998,4785.0,08-23-2024,completed,direct,debit_card
4999,3469.0,11-14-2024,cancelled,email,paypal
5000,5189.0,2025-09-09,completed,paid_search,credit_card
5001,7757.0,20/12/2024,completed,organic_search,bank_transfer
5002,7759.0,05-29-2025,completed,organic_search,bank_transfer
5003,6711.0,2025-01-25,completed,email,bank_transfer
5004,8786.0,31.08.2025,completed,social_media,bank_transfer
5005,5430.0,2024-09-01T13:39:45,completed,paid_search,paypal
5006,76.0,16.03.2024,cancelled,referral,credit_card
5007,2723.0,30/10/2024,completed,direct,credit_card
5008,3032.0,2025-02-21T21:50:55,returned,social_media,credit_card
5009,5051.0,05/07/2024,completed,social_media,bank_transfer
5010,8372.0,30/11/2024,completed,direct,bank_transfer
5011,7750.0,22.12.2024,completed,organic_search,bank_transfer
5012,2185.0,2024-03-15,completed,organic_search,bank_transfer
5013,4810.0,2025-05-12,completed,social_media,paypal
5014,6109.0,2025-11-17T18:43:30,cancelled,social_media,bank_transfer
5015,9106.0,19/06/2024,completed,email,paypal
5016,312.0,22/05/2025,completed,referral,paypal
5017,4284.0,2025-07-09,completed,referral,bank_transfer
5018,9111.0,01-01-2025,completed,direct,bank_transfer
5019,9017.0,03.08.2025,completed,social_media,bank_transfer
5020,3062.0,28/12/2024,completed,social_media,credit_card
5021,1.0,17/03/2025,completed,email,paypal
5022,5395.0,2024-01-11T04:23:22,cancelled,paid_search,credit_card
5023,8023.0,28.07.2025,completed,paid_search,credit_card
5024,3004.0,2025-07-06,returned,social_media,bank_transfer
5025,8618.0,22.02.2024,completed,email,bank_transfer
5026,3081.0,2024-12-07,completed,organic_search,bank_transfer
5027,5627.0,24.12.2025,completed,direct,debit_card
5028,6666.0,03/01/2025,returned,social_media,bank_transfer
5029,3189.0,2025-03-15,completed,direct,debit_card
5030,3249.0,2025-11-28,COMPLETED,email,paypal
5031,4342.0,2025-08-14T01:35:36,returned,social_media,debit_card
5032,7726.0,11/05/2025,completed,social_media,paypal
5033,993.0,2025-10-05T12:11:11,completed,direct,credit_card
5034,5821.0,09.11.2025,cancelled,direct,bank_transfer
5035,6264.0,2025-02-05,completed,paid_search,paypal
5036,5150.0,21/02/2025,completed,social_media,debit_card
5037,8635.0,2024-12-16T08:00:21,completed,social_media,credit_card
5038,5548.0,2025-12-19,completed,social_media,debit_card
5039,5855.0,08-01-2025,completed,social_media,debit_card
5040,5530.0,04-12-2024,completed,email,debit_card
5041,6666.0,09.11.2025,completed,organic_search,bank_transfer
5042,1313.0,2025-02-26,returned,paid_search,paypal
5043,8268.0,27.03.2024,completed,organic_search,bank_transfer
5044,419.0,04-19-2025,completed,referral,bank_transfer
5045,5910.0,2024-12-31,completed,social_media,debit_card
5046,5671.0,15/11/2025,completed,social_media,debit_card
5047,1968.0,2024-08-09,completed,email,paypal
5048,403.0,2025-10-22T04:59:18,completed,social_media,paypal
5049,1339.0,2025-04-24,completed,paid_search,credit_card
5050,2547.0,2024-03-12,returned,referral,credit_card
5051,8160.0,2025-12-21,completed,paid_search,bank_transfer
5052,7915.0,23.03.2025,completed,social_media,bank_transfer
5053,621.0,2024-10-23T20:57:42,completed,social_media,credit_card
5054,2711.0,02-16-2025,completed,paid_search,debit_card
5055,8224.0,2025-11-07T10:20:10,completed,organic_search,credit_card
5056,2226.0,02.11.2024,completed,direct,paypal
5057,9191.0,2024-07-29,completed,organic_search,bank_transfer
5058,2415.0,27.05.2024,completed,paid_search,debit_card
5059,6834.0,2024-10-28,completed,referral,bank_transfer
5060,3843.0,24.09.2025,completed,email,credit_card
5061,1320.0,18/02/2025,completed,social_media,debit_card
5062,2402.0,2024-08-31T01:20:08,completed,referral,paypal
5063,6247.0,2024-07-03,completed,organic_search,bank_transfer
5064,3113.0,2024-11-18T07:46:55,completed,paid_search,debit_card
5065,5568.0,2025-12-09,cancelled,referral,credit_card
5066,1942.0,24.11.2024,completed,paid_search,bank_transfer
5067,4147.0,27/12/2025,completed,referral,paypal
5068,4738.0,02.03.2025,completed,direct,credit_card
5069,3798.0,2024-07-16T00:19:58,completed,email,bank_transfer
5070,1881.0,2025-11-20T03:21:53,completed,paid_search,paypal
5071,4261.0,2025-02-08T10:43:59,returned,social_media,credit_card
5072,6420.0,09.08.2025,completed,email,paypal
5073,8901.0,12-26-2025,completed,referral,credit_card
5074,7310.0,07/03/2024,returned,organic_search,bank_transfer
5075,1535.0,25.04.2024,COMPLETED,social_media,paypal
5076,2557.0,2025-08-17,cancelled,paid_search,debit_card
5077,765.0,10-16-2024,completed,organic_search,bank_transfer
5078,1314.0,2024-07-21T15:16:26,returned,organic_search,paypal
5079,2357.0,2024-02-23T13:18:57,completed,social_media,debit_card
5080,1896.0,01-31-2024,COMPLETED,referral,debit_card
5081,2015.0,21/09/2025,completed,email,debit_card
5082,2170.0,2024-06-01T20:37:09,completed,email,credit_card
5083,2804.0,02-15-2025,COMPLETED,email,debit_card
5084,1214.0,28/05/2025,completed,email,paypal
5085,2609.0,10.01.2025,completed,direct,credit_card
5086,6388.0,2024-02-07,returned,referral,debit_card
5087,2224.0,09-26-2025,completed,organic_search,debit_card
5088,1629.0,2024-01-15,cancelled,organic_search,paypal
5089,661.0,2025-09-13,completed,organic_search,bank_transfer
5090,4620.0,2025-11-21,COMPLETED,direct,credit_card
5091,7787.0,01-14-2025,completed,organic_search,bank_transfer
5092,582.0,2025-04-09,cancelled,email,bank_transfer
5093,5011.0,2025-02-23,completed,direct,debit_card
5094,6016.0,2024-12-17T20:02:53,cancelled,referral,paypal
5095,5458.0,19.11.2025,completed,paid_search,credit_card
5096,8116.0,2025-11-22T19:35:00,completed,direct,debit_card
5097,8016.0,11-20-2024,completed,email,debit_card
5098,565.0,2025-06-03,completed,referral,paypal
5099,3326.0,12-05-2025,completed,paid_search,debit_card
5100,6210.0,12-18-2025,completed,direct,bank_transfer
5101,8786.0,2025-03-20,completed,email,debit_card
5102,7462.0,2025-02-02T22:01:11,cancelled,email,paypal
5103,1669.0,10-13-2024,completed,email,debit_card
5104,2622.0,2025-12-16T22:05:03,cancelled,organic_search,debit_card
5105,7050.0,2024-06-10T14:21:16,completed,direct,paypal
5106,4358.0,2025-05-10T05:04:22,completed,organic_search,debit_card
5107,5051.0,2024-10-16T23:45:50,completed,direct,bank_transfer
5108,5614.0,2024-10-13,completed,social_media,paypal
5109,1017.0,2024-12-25,completed,social_media,debit_card
5110,7917.0,2025-12-31,cancelled,referral,bank_transfer
5111,7986.0,12.03.2024,completed,direct,debit_card
5112,4322.0,2025-05-09T15:18:51,completed,referral,debit_card
5113,5779.0,2024-04-11,completed,referral,bank_transfer
5114,6113.0,22.06.2024,completed,social_media,credit_card
5115,1801.0,01-20-2025,COMPLETED,direct,debit_card
5116,1105.0,03-21-2025,completed,direct,paypal
5117,211.0,27.09.2024,completed,email,debit_card
5118,8455.0,11-09-2024,completed,referral,bank_transfer
5119,3191.0,04-15-2024,completed,social_media,bank_transfer
5120,836.0,01/11/2024,completed,email,paypal
5121,4304.0,2025-12-19,completed,email,credit_card
5122,740.0,2025-12-11,completed,paid_search,credit_card
5123,828.0,19.11.2024,completed,direct,paypal
5124,4513.0,05-04-2025,completed,email,credit_card
5125,4710.0,11-28-2025,completed,direct,debit_card
5126,5356.0,09/01/2024,completed,organic_search,credit_card
5127,6077.0,2025-10-12,completed,paid_search,debit_card
5128,6183.0,2025-12-13,completed,organic_search,credit_card
5129,3997.0,04-20-2024,completed,referral,bank_transfer
5130,5942.0,06-28-2024,completed,email,paypal
5131,2843.0,2025-12-17T20:20:26,completed,organic_search,credit_card
5132,4065.0,10/04/2025,completed,social_media,paypal
5133,3620.0,01-20-2024,completed,direct,paypal
5134,3042.0,26/09/2024,completed,referral,debit_card
5135,2244.0,30.01.2025,completed,social_media,debit_card
5136,762.0,2025-07-29T06:40:51,completed,organic_search,credit_card
5137,4680.0,25/08/2025,completed,paid_search,paypal
5138,4961.0,2025-12-30T14:03:35,completed,referral,credit_card
5139,3103.0,2024-10-20,completed,organic_search,credit_card
5140,9002.0,2025-04-11T14:31:02,completed,social_media,paypal
5141,5144.0,2025-04-07,completed,paid_search,paypal
5142,8221.0,25.12.2024,completed,social_media,bank_transfer
5143,5272.0,06/07/2024,completed,email,credit_card
5144,1803.0,2025-12-23,completed,organic_search,debit_card
5145,8988.0,2025-11-05T04:59:05,completed,social_media,paypal
5146,8192.0,2025-03-12,completed,direct,bank_transfer
5147,4357.0,2025-05-26T06:43:47,completed,direct,credit_card
5148,2291.0,2024-08-31,completed,referral,bank_transfer
5149,2092.0,15.04.2025,cancelled,organic_search,debit_card
5150,7469.0,2025-07-30,returned,email,credit_card
5151,677.0,2025-03-25,cancelled,organic_search,bank_transfer
5152,5883.0,2025-12-28,completed,email,credit_card
5153,5905.0,2025-06-01,completed,direct,bank_transfer
5154,1731.0,12-08-2024,completed,organic_search,debit_card
5155,6519.0,19.09.2025,completed,referral,debit_card
5156,6524.0,2024-07-07T02:25:22,completed,paid_search,credit_card
5157,3232.0,15.12.2024,completed,referral,bank_transfer
5158,4471.0,26.11.2024,cancelled,social_media,credit_card
5159,,2025-01-13T01:37:57,completed,email,bank_transfer
5160,4840.0,25.09.2025,cancelled,paid_search,credit_card
5161,5697.0,01/03/2025,COMPLETED,paid_search,bank_transfer
5162,3798.0,03/10/2025,completed,direct,bank_transfer
5163,1435.0,2025-05-08T22:16:35,completed,social_media,bank_transfer
5164,9209.0,2024-11-23,completed,paid_search,debit_card
5165,4913.0,2025-10-12,completed,direct,bank_transfer
5166,3105.0,09-10-2024,completed,organic_search,paypal
5167,6588.0,2024-08-28,completed,organic_search,debit_card
5168,5720.0,17.03.2025,completed,direct,credit_card
5169,2193.0,2024-09-29T19:17:27,COMPLETED,referral,bank_transfer
5170,8112.0,13/01/2024,completed,email,paypal
5171,695.0,06-27-2025,completed,social_media,bank_transfer
5172,5584.0,03-22-2025,completed,social_media,credit_card
5173,4413.0,26/01/2025,completed,referral,credit_card
5174,2954.0,12-19-2025,COMPLETED,social_media,debit_card
5175,7645.0,04.05.2025,completed,email,bank_transfer
5176,6077.0,11-09-2025,completed,email,paypal
5177,7013.0,06-06-2024,cancelled,referral,bank_transfer
5178,3817.0,03/05/2025,completed,paid_search,paypal
5179,8693.0,11-11-2025,completed,social_media,debit_card
5180,3185.0,2025-05-12,completed,paid_search,bank_transfer
5181,4910.0,2025-08-15,completed,email,debit_card
5182,8613.0,09.12.2024,completed,organic_search,debit_card
5183,812.0,04-21-2024,returned,direct,paypal
5184,1062.0,06/02/2025,cancelled,referral,credit_card
5185,9177.0,20/12/2024,completed,organic_search,bank_transfer
5186,8962.0,2025-11-10,completed,email,debit_card
5187,7121.0,09-14-2024,completed,email,debit_card
5188,4471.0,19.12.2025,completed,direct,paypal
5189,4681.0,12-16-2025,completed,email,bank_transfer
5190,2419.0,09-18-2024,completed,direct,debit_card
5191,3994.0,2024-11-26,completed,organic_search,paypal
5192,3984.0,22.11.2025,completed,email,credit_card
5193,361.0,19/12/2025,returned,paid_search,bank_transfer
5194,4179.0,2025-01-24,completed,referral,bank_transfer
5195,4433.0,11-11-2024,completed,email,debit_card
5196,6166.0,02.04.2025,completed,referral,bank_transfer
5197,4782.0,25/07/2025,COMPLETED,email,paypal
5198,7969.0,09.10.2024,completed,organic_search,debit_card
5199,3386.0,08-27-2025,completed,email,paypal
5200,3768.0,2024-03-08,completed,organic_search,bank_transfer
5201,5284.0,06.03.2024,completed,paid_search,debit_card
5202,,2024-12-16,completed,email,paypal
5203,3622.0,30.11.2024,completed,referral,paypal
5204,6363.0,08.11.2024,completed,social_media,credit_card
5205,3788.0,03-06-2025,completed,paid_search,debit_card
5206,8390.0,11.11.2024,completed,direct,debit_card
5207,5670.0,2024-07-29T06:10:54,completed,email,paypal
5208,1482.0,05.11.2024,completed,social_media,paypal
5209,4501.0,22/12/2025,completed,social_media,paypal
5210,7060.0,2024-12-28T00:55:45,cancelled,organic_search,debit_card
5211,5940.0,2025-01-25T22:28:26,completed,email,debit_card
5212,8191.0,08.05.2025,completed,direct,bank_transfer
5213,6931.0,25.12.2025,completed,referral,credit_card
5214,601.0,2024-09-12T16:37:09,cancelled,direct,bank_transfer
5215,1104.0,20/07/2025,cancelled,organic_search,credit_card
5216,6008.0,2025-08-14T23:09:35,completed,email,paypal
5217,2243.0,29/05/2025,completed,direct,paypal
5218,5403.0,2024-04-17,completed,paid_search,credit_card
5219,7334.0,07-17-2025,cancelled,organic_search,bank_transfer
5220,5336.0,2024-03-22T09:14:59,completed,organic_search,bank_transfer
5221,3826.0,05-21-2025,completed,organic_search,debit_card
5222,5969.0,2025-08-29,completed,social_media,paypal
5223,1376.0,2024-08-16,completed,paid_search,paypal
5224,6680.0,10-31-2025,completed,referral,credit_card
5225,6451.0,02-11-2024,completed,paid_search,bank_transfer
5226,4761.0,11-01-2025,completed,organic_search,credit_card
5227,2618.0,2025-02-08T22:02:31,completed,direct,bank_transfer
5228,7389.0,22/08/2024,completed,email,debit_card
5229,4727.0,01/06/2024,completed,paid_search,paypal
5230,582.0,12-14-2025,completed,organic_search,debit_card
5231,8500.0,2024-04-01T15:27:32,cancelled,referral,debit_card
5232,7089.0,2024-08-05T03:15:18,completed,organic_search,credit_card
5233,5373.0,11-26-2024,completed,social_media,paypal
5234,4028.0,2025-06-07T12:13:17,completed,direct,bank_transfer
5235,8856.0,15.04.2025,cancelled,social_media,bank_transfer
5236,7159.0,2024-05-24,completed,email,bank_transfer
5237,4940.0,10-22-2024,completed,organic_search,credit_card
5238,6046.0,10.09.2024,completed,organic_search,bank_transfer
5239,2639.0,08-18-2024,completed,paid_search,debit_card
5240,1859.0,12-28-2024,completed,paid_search,debit_card
5241,2564.0,2025-08-05T12:44:16,cancelled,organic_search,bank_transfer
5242,2741.0,08-22-2024,completed,organic_search,credit_card
5243,6838.0,2024-12-06T14:38:05,completed,direct,credit_card
5244,1345.0,2024-12-18T09:49:46,completed,organic_search,debit_card
5245,7181.0,12-23-2025,cancelled,organic_search,debit_card
5246,4843.0,15/12/2025,completed,organic_search,bank_transfer
5247,3549.0,10-06-2025,completed,paid_search,debit_card
5248,2802.0,13/09/2024,completed,referral,debit_card
5249,4749.0,27/03/2024,completed,referral,bank_transfer
5250,2947.0,11-09-2024,completed,paid_search,bank_transfer
5251,3963.0,04.10.2024,completed,organic_search,bank_transfer
5252,6833.0,2025-03-18T22:42:56,completed,paid_search,debit_card
5253,5771.0,23/09/2025,completed,direct,paypal
5254,6913.0,07.11.2025,COMPLETED,referral,credit_card
5255,6581.0,01.11.2025,completed,email,credit_card
5256,7547.0,03/12/2024,completed,referral,debit_card
5257,1915.0,25/07/2025,completed,direct,debit_card
5258,9184.0,2024-11-07,completed,email,credit_card
5259,,2024-03-19,cancelled,social_media,bank_transfer
5260,6631.0,04.08.2025,completed,paid_search,credit_card
5261,6269.0,14/01/2024,returned,direct,bank_transfer
5262,5229.0,12-27-2024,completed,referral,credit_card
5263,9190.0,2024-11-16,completed,email,debit_card
5264,2051.0,29.07.2025,completed,direct,bank_transfer
5265,3894.0,15.09.2025,completed,organic_search,paypal
5266,1239.0,02/11/2024,completed,direct,paypal
5267,1722.0,2025-10-13T07:21:09,completed,social_media,credit_card
5268,6581.0,25.10.2024,completed,organic_search,paypal
5269,49.0,2025-01-27,completed,organic_search,bank_transfer
5270,8230.0,21/08/2025,cancelled,social_media,paypal
5271,5838.0,29/07/2025,completed,direct,bank_transfer
5272,4060.0,2025-12-27,completed,referral,debit_card
5273,3067.0,2024-08-29T19:06:42,completed,organic_search,paypal
5274,1222.0,07.07.2025,completed,referral,bank_transfer
5275,8526.0,05-30-2025,returned,social_media,paypal
5276,6579.0,30.11.2025,completed,paid_search,paypal
5277,3104.0,2024-06-23T06:04:23,completed,email,credit_card
5278,695.0,06/09/2025,completed,paid_search,debit_card
5279,3015.0,05-02-2025,completed,paid_search,bank_transfer
5280,1752.0,10-10-2024,completed,email,credit_card
5281,7271.0,2025-02-21,returned,email,paypal
5282,6643.0,2024-11-18,completed,direct,bank_transfer
5283,4599.0,10.05.2025,completed,organic_search,bank_transfer
5284,8196.0,19/11/2025,completed,social_media,bank_transfer
5285,1710.0,2025-05-03T04:47:55,completed,referral,credit_card
5286,4174.0,2025-06-15T05:36:31,CANCELLED,email,paypal
5287,6575.0,2025-03-28,completed,email,paypal
5288,662.0,08.03.2024,returned,paid_search,bank_transfer
5289,3434.0,2024-09-05T14:23:12,completed,direct,bank_transfer
5290,5286.0,2025-03-07,completed,paid_search,bank_transfer
5291,3378.0,2024-11-05,completed,referral,credit_card
5292,4439.0,2024-07-19T23:21:54,completed,referral,bank_transfer
5293,5607.0,2025-03-16,completed,social_media,credit_card
5294,3394.0,12/11/2024,cancelled,direct,bank_transfer
5295,1036.0,2024-09-27T02:55:15,completed,referral,bank_transfer
5296,1345.0,2025-02-11T20:43:33,returned,paid_search,paypal
5297,4877.0,31/05/2024,completed,referral,debit_card
5298,1653.0,05/12/2025,completed,organic_search,credit_card
5299,8230.0,2025-11-11T14:52:30,COMPLETED,email,credit_card
5300,7717.0,2025-08-08,returned,organic_search,credit_card
5301,3220.0,05/05/2024,completed,email,debit_card
5302,7687.0,2025-09-21T00:29:43,completed,paid_search,debit_card
5303,4925.0,2025-10-11,completed,social_media,credit_card
5304,1508.0,2025-09-16T19:42:01,completed,organic_search,debit_card
5305,5666.0,05-12-2024,returned,social_media,debit_card
5306,6288.0,2025-06-24T21:55:43,completed,paid_search,credit_card
5307,821.0,2025-10-26,completed,social_media,paypal
5308,2915.0,2025-05-08T18:52:46,completed,referral,debit_card
5309,53.0,2025-06-25,returned,referral,credit_card
5310,2934.0,2025-02-07,completed,organic_search,credit_card
5311,3103.0,2025-04-04T20:47:23,completed,paid_search,credit_card
5312,5810.0,2024-02-16T01:51:49,completed,direct,debit_card
5313,1890.0,20.06.2025,cancelled,referral,paypal
5314,302.0,2024-04-10,completed,direct,paypal
5315,2926.0,01-16-2025,cancelled,referral,debit_card
5316,7639.0,2024-10-24,completed,paid_search,debit_card
5317,3666.0,04-16-2025,completed,organic_search,debit_card
5318,3821.0,2024-05-31,COMPLETED,email,paypal
5319,4330.0,2025-07-28,completed,referral,paypal
5320,6949.0,03.10.2025,completed,social_media,debit_card
5321,4436.0,30/06/2024,completed,paid_search,paypal
5322,895.0,05-03-2024,completed,referral,bank_transfer
5323,1950.0,06-13-2024,completed,referral,bank_transfer
5324,1782.0,2025-11-15,completed,direct,credit_card
5325,4703.0,04-03-2025,completed,social_media,bank_transfer
5326,300.0,14.02.2025,cancelled,paid_search,bank_transfer
5327,2666.0,2024-05-05T11:54:21,completed,social_media,bank_transfer
5328,5598.0,06-28-2025,completed,email,debit_card
5329,3270.0,11.11.2025,completed,paid_search,paypal
5330,6546.0,23.10.2025,completed,email,credit_card
5331,3601.0,11.06.2025,completed,email,bank_transfer
5332,9031.0,03/04/2024,completed,direct,paypal
5333,8906.0,2024-05-11T11:00:02,completed,email,credit_card
5334,7412.0,06.03.2024,completed,organic_search,paypal
5335,8806.0,09-26-2024,completed,referral,paypal
5336,1936.0,03.06.2024,cancelled,organic_search,paypal
5337,6939.0,2024-09-28T01:24:51,cancelled,direct,paypal
5338,2985.0,15/12/2024,completed,organic_search,bank_transfer
5339,6701.0,11/12/2025,returned,referral,debit_card
5340,3448.0,05-31-2025,completed,paid_search,credit_card
5341,2711.0,27/10/2025,completed,referral,credit_card
5342,8849.0,08-10-2025,completed,email,bank_transfer
5343,1984.0,05-11-2024,completed,email,paypal
5344,7005.0,27.08.2025,completed,direct,paypal
5345,6246.0,10.10.2024,cancelled,direct,paypal
5346,2829.0,2025-06-20,completed,organic_search,bank_transfer
5347,4228.0,2024-11-23,completed,organic_search,bank_transfer
5348,1371.0,2025-12-31,completed,paid_search,paypal
5349,8523.0,2024-10-01T21:07:25,completed,organic_search,credit_card
5350,8936.0,2024-10-14,completed,paid_search,bank_transfer
5351,6769.0,12-06-2025,completed,organic_search,paypal
5352,7852.0,04.02.2024,completed,direct,debit_card
5353,806.0,07-31-2025,completed,social_media,bank_transfer
5354,3544.0,2025-08-20,COMPLETED,social_media,bank_transfer
5355,3062.0,27/10/2025,cancelled,social_media,bank_transfer
5356,5217.0,2025-12-22T09:49:51,completed,direct,credit_card
5357,1741.0,2025-12-23T07:58:51,completed,organic_search,debit_card
5358,5203.0,03-24-2024,returned,organic_search,paypal
5359,6058.0,2025-10-19,completed,social_media,bank_transfer
5360,1283.0,2025-06-25T10:18:53,completed,email,credit_card
5361,1278.0,2025-06-26,completed,organic_search,paypal
5362,354.0,26/05/2024,completed,social_media,bank_transfer
5363,7028.0,06-28-2025,completed,social_media,debit_card
5364,3064.0,2025-12-25,cancelled,paid_search,credit_card
5365,2119.0,2025-11-29T15:57:08,completed,referral,paypal
5366,7185.0,01-20-2025,completed,referral,bank_transfer
5367,1373.0,24/02/2024,completed,social_media,debit_card
5368,3943.0,2024-12-04T23:44:01,completed,email,paypal
5369,6882.0,22.10.2025,COMPLETED,social_media,debit_card
5370,5306.0,04.08.2025,completed,social_media,paypal
5371,5112.0,07.02.2025,completed,referral,paypal
5372,1496.0,12/03/2024,completed,organic_search,credit_card
5373,1711.0,2025-01-08T02:25:15,cancelled,direct,bank_transfer
5374,5366.0,2025-02-16T15:31:42,cancelled,referral,credit_card
5375,239.0,2025-12-05,completed,email,paypal
5376,8042.0,22/06/2025,cancelled,email,paypal
5377,3236.0,06/11/2024,completed,direct,credit_card
5378,3837.0,2025-04-01,completed,social_media,paypal
5379,2429.0,24/03/2024,completed,email,bank_transfer
5380,8109.0,12-21-2025,completed,referral,credit_card
5381,5930.0,2024-12-03,COMPLETED,direct,bank_transfer
5382,4154.0,02-23-2025,cancelled,paid_search,bank_transfer
5383,5379.0,2024-11-30T10:45:18,completed,referral,debit_card
5384,3509.0,2025-07-21,completed,paid_search,paypal
5385,4302.0,07.07.2025,completed,direct,paypal
5386,3292.0,13/08/2025,completed,direct,bank_transfer
5387,3776.0,05/10/2024,completed,organic_search,paypal
5388,2920.0,08.11.2024,completed,email,credit_card
5389,756.0,23/05/2024,COMPLETED,paid_search,credit_card
5390,367.0,2025-07-02T05:32:38,completed,referral,paypal
5391,1649.0,2024-02-23,RETURNED,email,paypal
5392,2368.0,22/05/2025,COMPLETED,social_media,paypal
5393,8233.0,11/11/2025,completed,social_media,paypal
5394,5635.0,20.11.2025,completed,organic_search,debit_card
5395,8845.0,2025-01-29T13:19:44,completed,organic_search,bank_transfer
5396,3139.0,07/02/2025,completed,social_media,debit_card
5397,3695.0,2024-04-05T11:09:57,cancelled,direct,credit_card
5398,6644.0,13.07.2025,cancelled,direct,bank_transfer
5399,5345.0,19.10.2025,completed,email,debit_card
5400,4888.0,15.09.2024,completed,social_media,debit_card
5401,5322.0,03.01.2025,completed,organic_search,bank_transfer
5402,5370.0,2025-10-29T07:06:58,completed,paid_search,credit_card
5403,7068.0,11-15-2025,completed,paid_search,credit_card
5404,6183.0,14.09.2024,completed,paid_search,credit_card
5405,8837.0,19.04.2025,completed,organic_search,debit_card
5406,8749.0,2024-07-29T10:16:03,cancelled,referral,paypal
5407,3896.0,30/04/2024,completed,referral,credit_card
5408,357.0,2025-11-29T08:11:10,completed,social_media,bank_transfer
5409,110.0,10-18-2025,completed,email,paypal
5410,1195.0,2025-09-12T17:41:10,cancelled,paid_search,paypal
5411,735.0,2024-03-05,completed,direct,paypal
5412,3441.0,11-01-2025,completed,referral,credit_card
5413,517.0,19.01.2025,completed,email,paypal
5414,5761.0,2024-11-23T10:36:28,COMPLETED,referral,bank_transfer
5415,1806.0,04-16-2025,cancelled,referral,bank_transfer
5416,4755.0,20/04/2024,completed,organic_search,credit_card
5417,1015.0,09-09-2025,returned,paid_search,credit_card
5418,7654.0,2025-05-12,completed,organic_search,paypal
5419,7204.0,23.07.2024,completed,direct,credit_card
5420,3557.0,2024-07-25T21:16:27,completed,direct,bank_transfer
5421,8437.0,07-21-2024,completed,social_media,debit_card
5422,1761.0,2024-03-14T08:11:12,completed,email,paypal
5423,7534.0,05-15-2025,completed,social_media,bank_transfer
5424,5039.0,30.10.2025,completed,social_media,paypal
5425,3046.0,25.01.2024,completed,direct,credit_card
5426,826.0,2024-03-05T16:20:35,completed,direct,paypal
5427,1626.0,2025-05-05,completed,direct,bank_transfer
5428,7982.0,10-18-2025,completed,social_media,bank_transfer
5429,5595.0,15.11.2024,completed,organic_search,credit_card
5430,2229.0,2024-11-27,COMPLETED,paid_search,bank_transfer
5431,4579.0,21/05/2025,COMPLETED,direct,bank_transfer
5432,1052.0,10-10-2024,completed,organic_search,bank_transfer
5433,971.0,06/02/2024,completed,email,paypal
5434,8403.0,08-26-2025,completed,direct,bank_transfer
5435,4224.0,2025-06-11T07:55:30,returned,paid_search,bank_transfer
5436,3334.0,05-10-2025,completed,paid_search,credit_card
5437,8760.0,31.08.2025,completed,social_media,credit_card
5438,3665.0,2025-07-16,completed,paid_search,credit_card
5439,3103.0,11/08/2024,completed,direct,debit_card
5440,2559.0,29/11/2024,completed,organic_search,bank_transfer
5441,5218.0,24.05.2024,completed,email,debit_card
5442,5155.0,2024-05-28,completed,email,paypal
5443,164.0,17/07/2025,completed,email,bank_transfer
5444,6054.0,07/11/2025,completed,email,debit_card
5445,7295.0,2025-12-18,completed,paid_search,bank_transfer
5446,5676.0,13.06.2025,completed,social_media,credit_card
5447,8045.0,2024-07-21T12:25:41,completed,organic_search,bank_transfer
5448,2596.0,2024-05-04T21:51:40,completed,email,paypal
5449,1822.0,2025-10-14T05:36:03,COMPLETED,organic_search,debit_card
5450,6453.0,2025-05-09T19:53:57,completed,social_media,credit_card
5451,1786.0,2025-06-06,completed,direct,bank_transfer
5452,893.0,25.09.2025,completed,email,bank_transfer
5453,947.0,05/08/2025,completed,social_media,bank_transfer
5454,7096.0,2025-10-26,completed,organic_search,paypal
5455,289.0,03-13-2024,completed,direct,paypal
5456,2711.0,2025-09-04T06:27:50,completed,direct,paypal
5457,1251.0,2025-11-04T01:51:53,completed,social_media,debit_card
5458,6977.0,2024-10-19T20:35:37,cancelled,paid_search,debit_card
5459,4655.0,21/06/2025,completed,direct,credit_card
5460,1942.0,2024-11-08T18:05:17,completed,paid_search,paypal
5461,6937.0,16.12.2025,completed,paid_search,bank_transfer
5462,6937.0,02-15-2024,completed,direct,debit_card
5463,4839.0,05-10-2025,completed,organic_search,bank_transfer
5464,2592.0,2024-07-03,completed,email,credit_card
5465,5392.0,2025-08-11T23:22:33,returned,social_media,paypal
5466,8613.0,07-13-2024,completed,direct,debit_card
5467,503.0,07/09/2024,completed,email,debit_card
5468,2514.0,03-09-2025,completed,email,credit_card
5469,2676.0,11-30-2025,completed,referral,paypal
5470,5825.0,2024-08-17,completed,social_media,credit_card
5471,6023.0,2024-06-11T04:16:35,completed,direct,debit_card
5472,1949.0,11/09/2025,completed,social_media,credit_card
5473,2041.0,2025-03-14,completed,direct,paypal
5474,8589.0,2025-11-29T19:05:02,completed,paid_search,paypal
5475,6991.0,06-14-2024,completed,organic_search,debit_card
5476,8618.0,25.06.2025,completed,social_media,credit_card
5477,7674.0,09-05-2024,completed,paid_search,bank_transfer
5478,3696.0,2024-06-24,completed,direct,credit_card
5479,1186.0,2025-07-22,completed,organic_search,paypal
5480,5802.0,2025-05-19,completed,paid_search,bank_transfer
5481,3249.0,2025-09-08,completed,referral,debit_card
5482,3925.0,2024-11-05T18:08:38,completed,paid_search,paypal
5483,3928.0,2025-01-28T17:50:37,completed,email,debit_card
5484,8643.0,12-25-2024,completed,social_media,credit_card
5485,674.0,2025-12-26,completed,direct,bank_transfer
5486,1835.0,24/10/2024,completed,direct,paypal
5487,5605.0,2024-10-26,completed,organic_search,debit_card
5488,8176.0,11-30-2024,completed,organic_search,bank_transfer
5489,8494.0,29/04/2025,completed,referral,debit_card
5490,5159.0,22/09/2024,completed,direct,debit_card
5491,344.0,30/11/2025,completed,organic_search,credit_card
5492,3345.0,2024-10-03,completed,paid_search,bank_transfer
5493,8501.0,2025-11-22T13:01:01,completed,paid_search,bank_transfer
5494,4620.0,02/05/2024,completed,email,debit_card
5495,6715.0,2025-07-03T22:49:49,cancelled,social_media,debit_card
5496,2534.0,2025-11-27,completed,organic_search,bank_transfer
5497,255.0,2024-07-06,completed,direct,credit_card
5498,5350.0,2025-12-20T15:56:47,completed,organic_search,paypal
5499,7724.0,2025-02-02,completed,email,bank_transfer
5500,9135.0,12/12/2025,completed,direct,debit_card
5501,7830.0,07-17-2025,completed,referral,debit_card
5502,5112.0,10-31-2024,completed,referral,paypal
5503,5612.0,2024-07-25T00:17:22,completed,direct,bank_transfer
5504,7625.0,2024-11-02T01:09:48,completed,social_media,debit_card
5505,202.0,2024-04-21,cancelled,organic_search,bank_transfer
5506,8781.0,2024-06-11,cancelled,paid_search,bank_transfer
5507,4912.0,03.05.2024,returned,referral,debit_card
5508,8783.0,2025-01-05T00:51:28,cancelled,referral,debit_card
5509,7057.0,10-04-2025,completed,paid_search,paypal
5510,1467.0,06-08-2024,completed,referral,debit_card
5511,1568.0,28/05/2024,completed,paid_search,bank_transfer
5512,3260.0,2025-06-23T18:20:23,cancelled,email,bank_transfer
5513,2485.0,08-03-2024,completed,direct,credit_card
5514,4046.0,2024-04-26T14:30:33,completed,referral,bank_transfer
5515,5568.0,2024-07-04,completed,referral,debit_card
5516,4025.0,2025-12-03T16:08:12,completed,referral,debit_card
5517,556.0,19/10/2025,completed,referral,credit_card
5518,9000.0,2024-11-30T18:03:20,completed,social_media,paypal
5519,3922.0,2025-07-02,completed,referral,debit_card
5520,7868.0,2025-04-10T17:13:13,completed,social_media,paypal
5521,723.0,18/07/2025,completed,direct,bank_transfer
5522,7496.0,2025-07-21,completed,paid_search,credit_card
5523,1646.0,13.06.2025,COMPLETED,direct,credit_card
5524,6287.0,03/10/2024,cancelled,direct,debit_card
5525,6130.0,2024-02-22T06:09:48,completed,email,bank_transfer
5526,8427.0,04.02.2025,cancelled,email,paypal
5527,2978.0,11-20-2025,completed,referral,bank_transfer
5528,1063.0,03/05/2025,completed,direct,credit_card
5529,7997.0,2025-10-25T17:51:14,completed,organic_search,paypal
5530,3070.0,12-28-2025,returned,social_media,credit_card
5531,2188.0,06-30-2024,cancelled,email,credit_card
5532,4487.0,28/07/2025,completed,direct,debit_card
5533,1401.0,15.07.2025,completed,social_media,credit_card
5534,2767.0,12-24-2025,completed,direct,bank_transfer
5535,3555.0,26/12/2025,completed,email,debit_card
5536,2606.0,2025-07-24T23:19:45,completed,referral,debit_card
5537,4157.0,14/09/2024,completed,email,bank_transfer
5538,3550.0,05.10.2025,completed,referral,paypal
5539,7153.0,2024-05-05T13:32:27,completed,direct,paypal
5540,8498.0,09-24-2025,completed,social_media,paypal
5541,994.0,11-28-2025,completed,referral,bank_transfer
5542,7616.0,14/12/2024,completed,referral,paypal
5543,8604.0,14/06/2025,completed,email,paypal
5544,6368.0,2025-01-12T16:57:41,completed,paid_search,debit_card
5545,9196.0,19.01.2025,completed,email,bank_transfer
5546,3101.0,05.11.2024,returned,email,paypal
5547,7680.0,13/09/2025,returned,organic_search,debit_card
5548,6234.0,08/12/2025,completed,email,bank_transfer
5549,3000.0,2025-12-10T05:24:27,completed,referral,paypal
5550,6519.0,2024-07-12,completed,organic_search,credit_card
5551,4718.0,14.11.2025,completed,paid_search,debit_card
5552,1792.0,08-28-2025,completed,paid_search,paypal
5553,1649.0,22/09/2024,cancelled,social_media,paypal
5554,6585.0,03-26-2024,completed,email,bank_transfer
5555,6579.0,2024-10-05T23:16:53,completed,email,credit_card
5556,4908.0,29/11/2025,completed,direct,bank_transfer
5557,4634.0,2025-06-16,CANCELLED,direct,bank_transfer
5558,1704.0,17.08.2025,completed,organic_search,bank_transfer
5559,3961.0,2024-09-26,completed,paid_search,paypal
5560,8054.0,2025-08-16,completed,paid_search,debit_card
5561,7905.0,2024-02-08T22:03:15,completed,direct,credit_card
5562,6122.0,10/12/2024,returned,direct,paypal
5563,9205.0,2025-06-12,completed,social_media,credit_card
5564,8256.0,13/06/2024,completed,paid_search,bank_transfer
5565,1392.0,10-20-2025,cancelled,social_media,bank_transfer
5566,3666.0,09-07-2024,COMPLETED,organic_search,bank_transfer
5567,1280.0,06-30-2025,completed,organic_search,credit_card
5568,4306.0,12-25-2024,completed,paid_search,bank_transfer
5569,7171.0,2025-05-21T07:58:55,completed,direct,debit_card
5570,1496.0,06.05.2024,completed,paid_search,bank_transfer
5571,8140.0,24/01/2024,completed,social_media,paypal
5572,5260.0,2025-11-28T21:09:55,completed,direct,credit_card
5573,6921.0,2024-10-06,completed,organic_search,bank_transfer
5574,438.0,2025-10-18T22:45:36,completed,organic_search,debit_card
5575,920.0,12-31-2025,completed,organic_search,credit_card
5576,5721.0,16.08.2024,cancelled,email,debit_card
5577,7751.0,2024-10-02,completed,referral,credit_card
5578,8084.0,07/07/2025,completed,social_media,credit_card
5579,6388.0,2025-12-19,completed,direct,paypal
5580,1910.0,30/11/2025,completed,email,bank_transfer
5581,1855.0,2025-03-15,completed,referral,debit_card
5582,8151.0,10-03-2025,completed,email,debit_card
5583,1112.0,06-03-2024,completed,social_media,debit_card
5584,6362.0,12-23-2025,completed,email,debit_card
5585,4928.0,19.12.2025,completed,paid_search,debit_card
5586,3890.0,01/07/2024,completed,paid_search,bank_transfer
5587,4055.0,30.10.2024,completed,email,credit_card
5588,8723.0,29.04.2024,completed,paid_search,bank_transfer
5589,7967.0,2024-10-08,completed,referral,debit_card
5590,8003.0,10-16-2025,completed,email,credit_card
5591,3740.0,12-12-2024,completed,direct,paypal
5592,1046.0,17.04.2024,completed,social_media,credit_card
5593,9208.0,2024-11-23T15:34:12,completed,paid_search,credit_card
5594,1393.0,2025-12-25,completed,social_media,paypal
5595,4774.0,06-14-2025,completed,paid_search,debit_card
5596,2492.0,2024-12-30,completed,social_media,paypal
5597,4728.0,03.07.2024,completed,organic_search,debit_card
5598,2846.0,2025-12-27,completed,paid_search,paypal
5599,8295.0,10-18-2025,completed,paid_search,credit_card
5600,8938.0,2024-10-15,completed,referral,bank_transfer
5601,3770.0,03-29-2024,completed,direct,paypal
5602,688.0,2024-03-14T01:34:24,completed,social_media,debit_card
5603,6145.0,19/05/2024,completed,paid_search,paypal
5604,3472.0,2025-05-10T18:47:40,completed,email,bank_transfer
5605,9095.0,05.12.2025,completed,organic_search,debit_card
5606,872.0,03-11-2025,completed,direct,paypal
5607,1165.0,2025-10-31T20:05:30,completed,referral,paypal
5608,6475.0,01-26-2025,returned,referral,paypal
5609,7006.0,09.08.2025,cancelled,email,paypal
5610,4354.0,08-24-2025,completed,organic_search,paypal
5611,2606.0,07-11-2024,cancelled,paid_search,credit_card
5612,2890.0,2024-12-03T20:12:15,completed,referral,bank_transfer
5613,3120.0,19.06.2025,completed,organic_search,credit_card
5614,2118.0,03-30-2024,completed,organic_search,bank_transfer
5615,7865.0,12-04-2024,cancelled,paid_search,debit_card
5616,633.0,08.04.2025,completed,paid_search,bank_transfer
5617,3749.0,12-30-2025,completed,referral,credit_card
5618,6910.0,02-21-2025,completed,direct,paypal
5619,38.0,16.10.2025,completed,referral,paypal
5620,8122.0,2025-01-13T13:49:01,completed,referral,credit_card
5621,6534.0,10-04-2025,completed,email,bank_transfer
5622,717.0,2025-05-21,cancelled,organic_search,debit_card
5623,8276.0,2025-11-18T01:43:43,COMPLETED,referral,bank_transfer
5624,4500.0,28/12/2024,completed,referral,paypal
5625,6036.0,27/05/2025,completed,social_media,paypal
5626,8160.0,2025-06-14T22:19:35,completed,email,debit_card
5627,8149.0,2024-12-31T17:33:16,completed,social_media,paypal
5628,3761.0,06-11-2024,COMPLETED,organic_search,credit_card
5629,2235.0,2024-04-22,completed,paid_search,paypal
5630,2422.0,24.01.2024,completed,social_media,credit_card
5631,,11-13-2025,completed,paid_search,bank_transfer
5632,8596.0,2024-09-08,completed,referral,bank_transfer
5633,708.0,2024-08-16T05:08:35,completed,social_media,bank_transfer
5634,153.0,27/08/2025,completed,email,paypal
5635,7615.0,2024-11-11,COMPLETED,social_media,paypal
5636,3559.0,18/03/2025,completed,direct,bank_transfer
5637,2597.0,29/06/2024,completed,social_media,debit_card
5638,1786.0,2025-12-17T09:02:24,cancelled,email,credit_card
5639,3198.0,11-04-2025,completed,email,paypal
5640,8962.0,2025-11-09,completed,direct,credit_card
5641,9015.0,12-26-2024,completed,direct,paypal
5642,3069.0,09-13-2025,completed,paid_search,bank_transfer
5643,8892.0,11/06/2024,completed,social_media,bank_transfer
5644,2798.0,13.01.2024,returned,organic_search,bank_transfer
5645,7902.0,01-28-2024,completed,direct,credit_card
5646,2002.0,05-15-2025,completed,email,credit_card
5647,7645.0,2025-02-04T14:30:36,completed,email,debit_card
5648,3261.0,2025-03-27T17:46:23,completed,direct,debit_card
5649,1859.0,2024-01-11T10:02:35,COMPLETED,email,debit_card
5650,8623.0,2025-01-05T10:24:41,completed,email,credit_card
5651,2021.0,08-15-2025,completed,social_media,debit_card
5652,9154.0,2025-01-23,completed,direct,credit_card
5653,1061.0,08-24-2025,completed,email,credit_card
5654,99.0,2024-09-05,completed,organic_search,bank_transfer
5655,8048.0,14.10.2025,completed,organic_search,bank_transfer
5656,5395.0,2025-05-16,cancelled,referral,paypal
5657,3892.0,16.08.2024,completed,organic_search,credit_card
5658,798.0,09-08-2024,returned,email,bank_transfer
5659,5315.0,06-13-2025,completed,social_media,debit_card
5660,3623.0,24.10.2025,COMPLETED,paid_search,bank_transfer
5661,4471.0,2024-12-30T13:15:54,completed,organic_search,paypal
5662,5811.0,2024-09-27T12:31:42,completed,paid_search,paypal
5663,5902.0,11-10-2025,COMPLETED,paid_search,credit_card
5664,8862.0,2025-07-12T01:57:26,cancelled,referral,paypal
5665,6064.0,2025-01-28T10:56:14,completed,social_media,paypal
5666,3136.0,03-04-2025,completed,email,credit_card
5667,3047.0,2024-08-10T23:19:58,completed,referral,debit_card
5668,4407.0,12.06.2025,completed,social_media,debit_card
5669,2436.0,02.12.2024,completed,social_media,debit_card
5670,3471.0,30/12/2025,completed,referral,paypal
5671,7787.0,2025-02-26T15:26:21,returned,social_media,debit_card
5672,7948.0,02.03.2025,completed,social_media,debit_card
5673,5791.0,2025-04-30,cancelled,email,credit_card
5674,5368.0,2025-12-01,cancelled,direct,credit_card
5675,3943.0,07/10/2025,completed,social_media,bank_transfer
5676,5859.0,2025-01-31,completed,organic_search,bank_transfer
5677,7469.0,2025-08-15T14:16:17,completed,email,bank_transfer
5678,6826.0,14/05/2025,returned,social_media,credit_card
5679,354.0,07.03.2025,cancelled,direct,debit_card
5680,6756.0,29/07/2024,completed,paid_search,debit_card
5681,6644.0,11.02.2025,completed,email,bank_transfer
5682,973.0,09-16-2024,completed,social_media,bank_transfer
5683,1442.0,30.11.2025,cancelled,referral,debit_card
5684,7290.0,19/11/2024,completed,organic_search,bank_transfer
5685,5162.0,14/12/2025,completed,paid_search,paypal
5686,7605.0,2025-04-07,cancelled,paid_search,credit_card
5687,1753.0,2025-06-15T17:03:59,cancelled,email,paypal
5688,309.0,04-14-2025,cancelled,organic_search,debit_card
5689,1539.0,27.05.2024,completed,organic_search,credit_card
5690,4177.0,11.12.2024,completed,social_media,paypal
5691,4842.0,04-28-2024,completed,organic_search,bank_transfer
5692,7935.0,2025-06-09,completed,referral,credit_card
5693,6613.0,2025-01-27T15:21:36,completed,email,debit_card
5694,9136.0,09-23-2025,completed,social_media,credit_card
5695,764.0,2024-08-25T21:18:31,cancelled,social_media,debit_card
5696,1263.0,2024-07-01T00:19:37,completed,social_media,debit_card
5697,826.0,12-26-2024,returned,organic_search,credit_card
5698,4974.0,2025-12-05T01:47:38,returned,email,credit_card
5699,2512.0,10/08/2025,completed,organic_search,bank_transfer
5700,6335.0,01/01/2025,completed,referral,credit_card
5701,1285.0,03-26-2025,completed,email,credit_card
5702,1017.0,04-13-2024,completed,paid_search,debit_card
5703,4245.0,26/12/2025,cancelled,referral,bank_transfer
5704,3466.0,10.07.2025,returned,direct,debit_card
5705,7669.0,19/10/2024,completed,social_media,credit_card
5706,7745.0,2025-05-14,completed,email,paypal
5707,1146.0,2024-05-08,completed,email,debit_card
5708,7518.0,19/12/2025,completed,paid_search,debit_card
5709,5214.0,12.07.2024,completed,email,debit_card
5710,4655.0,2025-06-27,completed,referral,debit_card
5711,930.0,16.09.2024,returned,direct,credit_card
5712,6837.0,2025-08-15T16:37:46,completed,email,credit_card
5713,586.0,22/09/2025,returned,organic_search,debit_card
5714,2608.0,15.07.2025,completed,email,debit_card
5715,938.0,2025-06-03T11:06:32,completed,referral,bank_transfer
5716,4908.0,2025-11-21T18:04:57,completed,referral,credit_card
5717,5956.0,04-07-2024,completed,direct,debit_card
5718,8237.0,17.11.2024,completed,email,bank_transfer
5719,6783.0,18/09/2024,completed,organic_search,credit_card
5720,8866.0,12-27-2025,completed,organic_search,debit_card
5721,7029.0,17/12/2024,completed,email,credit_card
5722,2780.0,2025-08-25T09:36:51,completed,direct,debit_card
5723,5052.0,23.07.2025,completed,paid_search,credit_card
5724,4224.0,17.08.2024,completed,referral,bank_transfer
5725,5229.0,2024-09-10T04:25:58,completed,social_media,bank_transfer
5726,5290.0,15/10/2024,completed,organic_search,paypal
5727,6499.0,28.12.2024,completed,referral,bank_transfer
5728,811.0,06/09/2024,completed,referral,debit_card
5729,6901.0,2024-01-28,cancelled,organic_search,bank_transfer
5730,1378.0,11-15-2025,completed,email,credit_card
5731,267.0,2025-12-19T14:02:08,completed,referral,credit_card
5732,4805.0,23.11.2024,completed,organic_search,credit_card
5733,5356.0,2024-11-21T19:14:20,completed,referral,debit_card
5734,347.0,2024-01-11,completed,social_media,bank_transfer
5735,4771.0,2025-07-20T06:00:43,completed,email,bank_transfer
5736,4935.0,21/10/2025,completed,social_media,credit_card
5737,513.0,14.06.2024,completed,email,bank_transfer
5738,6579.0,27.06.2024,completed,direct,debit_card
5739,1987.0,2025-09-30T00:13:09,completed,social_media,bank_transfer
5740,7357.0,2025-06-04,completed,email,paypal
5741,2890.0,2024-03-01,completed,email,debit_card
5742,4413.0,06-08-2025,completed,organic_search,debit_card
5743,8247.0,05/11/2024,completed,direct,paypal
5744,7470.0,12-07-2024,completed,paid_search,paypal
5745,7224.0,18/09/2025,COMPLETED,direct,paypal
5746,1522.0,2025-10-12,completed,paid_search,paypal
5747,471.0,12-23-2024,completed,direct,paypal
5748,5584.0,2025-12-12,completed,organic_search,debit_card
5749,3776.0,2024-12-26T22:11:20,completed,email,debit_card
5750,8419.0,19/09/2025,completed,referral,credit_card
5751,3226.0,2025-03-01T09:16:37,completed,paid_search,bank_transfer
5752,3774.0,23/11/2025,completed,direct,debit_card
5753,4871.0,2025-11-27T05:50:16,completed,paid_search,paypal
5754,7379.0,16/04/2024,completed,paid_search,debit_card
5755,2525.0,08/12/2025,completed,paid_search,bank_transfer
5756,8687.0,2025-10-21T18:41:36,cancelled,referral,credit_card
5757,4987.0,10-01-2025,completed,social_media,credit_card
5758,7776.0,08-06-2024,completed,referral,credit_card
5759,4867.0,09/10/2025,completed,organic_search,paypal
5760,7126.0,03.11.2025,cancelled,email,paypal
5761,501.0,22/10/2024,completed,social_media,paypal
5762,7405.0,14/12/2025,returned,organic_search,paypal
5763,4849.0,2024-03-06T04:05:05,completed,social_media,credit_card
5764,4150.0,2024-06-17,completed,paid_search,credit_card
5765,1094.0,04-10-2025,completed,paid_search,debit_card
5766,6857.0,2025-05-07,completed,email,debit_card
5767,1272.0,2025-06-25T02:56:47,completed,paid_search,debit_card
5768,1825.0,24.01.2024,cancelled,referral,paypal
5769,1224.0,17/12/2025,completed,organic_search,credit_card
5770,63.0,02-29-2024,completed,referral,bank_transfer
5771,6131.0,2024-06-10,completed,direct,paypal
5772,2541.0,20.01.2024,completed,social_media,debit_card
5773,1433.0,2025-05-01,completed,direct,credit_card
5774,2971.0,2025-12-07T20:06:07,completed,paid_search,debit_card
5775,4610.0,2025-07-09T11:22:43,completed,email,credit_card
5776,4655.0,10-19-2025,returned,organic_search,debit_card
5777,3382.0,19/01/2024,cancelled,referral,paypal
5778,4572.0,13/04/2025,completed,social_media,paypal
5779,3945.0,2025-02-08T07:32:36,completed,paid_search,credit_card
5780,7612.0,12/03/2025,COMPLETED,direct,paypal
5781,296.0,03-31-2024,completed,email,debit_card
5782,8035.0,2025-07-23,completed,direct,credit_card
5783,2297.0,2025-03-16T22:59:13,completed,organic_search,paypal
5784,6665.0,15.09.2025,completed,social_media,paypal
5785,3723.0,02.03.2025,completed,email,debit_card
5786,2748.0,2024-06-16T01:28:55,COMPLETED,social_media,paypal
5787,5670.0,2025-06-27T15:10:39,completed,direct,bank_transfer
5788,7101.0,2024-07-09T19:56:36,completed,organic_search,bank_transfer
5789,4154.0,2025-11-13T07:09:38,completed,email,paypal
5790,4307.0,06-02-2025,completed,referral,paypal
5791,581.0,24/06/2024,completed,social_media,credit_card
5792,8548.0,12-18-2025,completed,paid_search,bank_transfer
5793,7830.0,27/03/2025,completed,social_media,bank_transfer
5794,3656.0,01/04/2024,completed,social_media,credit_card
5795,7060.0,06-12-2025,completed,social_media,paypal
5796,2903.0,22/09/2024,completed,organic_search,paypal
5797,6749.0,10-08-2025,completed,organic_search,credit_card
5798,4784.0,2025-10-17,completed,social_media,bank_transfer
5799,4253.0,12-24-2025,returned,direct,credit_card
5800,557.0,03-15-2025,completed,social_media,debit_card
5801,8907.0,02-03-2025,completed,direct,credit_card
5802,7744.0,2025-09-07T18:40:29,cancelled,organic_search,debit_card
5803,7348.0,2024-05-30T00:43:10,completed,referral,credit_card
5804,2845.0,2025-04-17,completed,organic_search,bank_transfer
5805,2713.0,2025-04-16T02:38:54,completed,organic_search,paypal
5806,5302.0,04-18-2024,completed,organic_search,bank_transfer
5807,7825.0,12-31-2024,completed,paid_search,debit_card
5808,8621.0,2025-11-05T11:40:42,completed,paid_search,credit_card
5809,2532.0,2025-11-06T14:13:29,COMPLETED,paid_search,credit_card
5810,5601.0,28/04/2024,completed,referral,bank_transfer
5811,6687.0,19.04.2024,completed,referral,debit_card
5812,2131.0,2024-09-30,completed,paid_search,paypal
5813,3752.0,2025-11-14,cancelled,social_media,bank_transfer
5814,1780.0,27/05/2024,completed,referral,debit_card
5815,6470.0,2025-08-16,completed,email,bank_transfer
5816,7989.0,30.04.2024,completed,direct,debit_card
5817,8115.0,2025-06-09T02:21:55,completed,email,debit_card
5818,6201.0,12-01-2024,completed,referral,paypal
5819,3204.0,2025-09-30T23:00:50,completed,direct,paypal
5820,6123.0,09-06-2024,completed,paid_search,debit_card
5821,7994.0,20/06/2025,returned,paid_search,credit_card
5822,5769.0,07.09.2024,completed,organic_search,bank_transfer
5823,3799.0,12/08/2025,completed,email,credit_card
5824,8511.0,13/11/2025,completed,referral,debit_card
5825,7726.0,05-25-2024,completed,organic_search,paypal
5826,8163.0,2025-11-10T07:30:20,COMPLETED,social_media,debit_card
5827,8357.0,2025-05-19,completed,email,credit_card
5828,3623.0,25/05/2024,completed,social_media,debit_card
5829,7947.0,01-09-2025,completed,direct,credit_card
5830,5274.0,28/06/2024,completed,organic_search,debit_card
5831,377.0,03/08/2025,completed,organic_search,paypal
5832,5859.0,11/09/2025,completed,referral,bank_transfer
5833,4349.0,2024-05-04T10:28:28,completed,organic_search,paypal
5834,2585.0,2025-03-18T19:31:38,completed,social_media,debit_card
5835,8956.0,10-15-2025,completed,email,paypal
5836,540.0,08/12/2025,completed,social_media,debit_card
5837,8728.0,03-23-2025,returned,referral,debit_card
5838,1510.0,13/12/2025,completed,direct,bank_transfer
5839,3475.0,2025-04-09T04:34:31,completed,organic_search,credit_card
5840,3845.0,2024-12-20,completed,referral,bank_transfer
5841,6754.0,2025-11-02,completed,referral,debit_card
5842,2035.0,2025-03-08,completed,organic_search,credit_card
5843,9096.0,18/02/2025,completed,organic_search,bank_transfer
5844,6921.0,2025-03-06,completed,paid_search,debit_card
5845,7314.0,11-02-2025,completed,referral,paypal
5846,1040.0,2025-10-25T12:00:50,COMPLETED,email,bank_transfer
5847,4398.0,2024-12-24,completed,email,paypal
5848,,18.11.2024,completed,referral,debit_card
5849,2540.0,2025-03-07T19:16:08,completed,social_media,debit_card
5850,1394.0,05.05.2025,completed,social_media,paypal
5851,4482.0,2024-09-10,completed,paid_search,credit_card
5852,8596.0,03/10/2025,completed,social_media,credit_card
5853,4494.0,03.03.2025,completed,direct,credit_card
5854,3722.0,2024-11-19T11:23:16,completed,organic_search,credit_card
5855,6012.0,05-05-2024,completed,paid_search,credit_card
5856,8643.0,10.09.2024,completed,referral,paypal
5857,482.0,2025-12-13T19:08:02,completed,direct,paypal
5858,1479.0,11-02-2024,completed,social_media,bank_transfer
5859,1286.0,2024-07-06T13:32:40,completed,social_media,bank_transfer
5860,829.0,08.02.2025,returned,organic_search,credit_card
5861,2817.0,03/11/2024,completed,organic_search,bank_transfer
5862,2161.0,02-17-2024,completed,direct,credit_card
5863,5061.0,13/11/2024,completed,organic_search,debit_card
5864,3023.0,15/04/2025,completed,email,credit_card
5865,3725.0,20/04/2025,completed,email,debit_card
5866,8688.0,01/12/2024,completed,social_media,paypal
5867,1496.0,01-27-2025,completed,email,bank_transfer
5868,3579.0,12-19-2025,completed,referral,debit_card
5869,2419.0,11.12.2024,cancelled,direct,credit_card
5870,5064.0,2024-09-27T19:33:08,RETURNED,direct,debit_card
5871,6810.0,14/09/2024,completed,organic_search,debit_card
5872,7567.0,06/02/2025,completed,organic_search,bank_transfer
5873,4770.0,11.09.2025,completed,referral,debit_card
5874,7906.0,2024-08-11,completed,social_media,paypal
5875,7258.0,2025-08-09T20:26:08,completed,paid_search,bank_transfer
5876,1496.0,01-30-2024,completed,direct,bank_transfer
5877,2309.0,2025-01-01T05:13:13,completed,referral,debit_card
5878,6215.0,09-21-2025,completed,social_media,debit_card
5879,8990.0,21.11.2024,completed,direct,credit_card
5880,3468.0,2025-04-29,cancelled,direct,credit_card
5881,2165.0,2024-08-10,completed,email,paypal
5882,8042.0,31/08/2025,cancelled,social_media,bank_transfer
5883,1897.0,2024-03-09T03:08:09,completed,paid_search,paypal
5884,6454.0,2025-11-04,completed,email,credit_card
5885,340.0,04/08/2024,completed,email,credit_card
5886,193.0,2025-11-13,completed,email,bank_transfer
5887,4170.0,29/11/2024,completed,organic_search,paypal
5888,6080.0,08-18-2025,completed,referral,debit_card
5889,1369.0,11-10-2024,completed,organic_search,bank_transfer
5890,7053.0,26/11/2025,completed,social_media,bank_transfer
5891,1248.0,05-25-2024,completed,social_media,paypal
5892,4931.0,2024-07-15T19:56:14,completed,paid_search,bank_transfer
5893,2881.0,03-08-2025,completed,paid_search,debit_card
5894,6954.0,10.04.2024,completed,direct,bank_transfer
5895,7457.0,2024-08-02,completed,social_media,paypal
5896,644.0,12-11-2025,completed,organic_search,bank_transfer
5897,1828.0,23.12.2025,completed,social_media,debit_card
5898,8255.0,12-11-2024,completed,email,bank_transfer
5899,3828.0,2025-12-03T04:04:01,COMPLETED,email,paypal
5900,4403.0,2025-04-15,completed,organic_search,paypal
5901,1591.0,2024-10-06,completed,paid_search,debit_card
5902,9181.0,04/08/2025,completed,social_media,debit_card
5903,8541.0,2025-07-04T23:25:25,completed,email,debit_card
5904,21.0,2025-12-28T11:00:51,completed,organic_search,bank_transfer
5905,5078.0,02.10.2024,completed,paid_search,paypal
5906,8065.0,2025-07-14T04:20:58,completed,direct,credit_card
5907,3975.0,03-09-2024,completed,email,paypal
5908,4028.0,2024-05-12T22:08:40,returned,organic_search,credit_card
5909,3499.0,2024-01-06,COMPLETED,organic_search,credit_card
5910,289.0,12-31-2025,completed,direct,debit_card
5911,7315.0,07.10.2025,completed,paid_search,debit_card
5912,4213.0,2025-09-28T21:07:09,completed,direct,debit_card
5913,4910.0,03-21-2025,cancelled,direct,bank_transfer
5914,2404.0,10-30-2024,completed,paid_search,debit_card
5915,7247.0,2024-06-18T07:16:18,completed,email,paypal
5916,7351.0,18/10/2024,completed,paid_search,debit_card
5917,5101.0,2024-12-11T02:13:20,cancelled,paid_search,debit_card
5918,8369.0,2025-09-09,completed,direct,paypal
5919,1134.0,04-12-2025,completed,direct,bank_transfer
5920,7275.0,04-06-2024,completed,organic_search,paypal
5921,5158.0,2024-01-26,completed,paid_search,debit_card
5922,2173.0,01.05.2024,completed,email,debit_card
5923,1282.0,28/12/2024,completed,direct,paypal
5924,2808.0,2025-12-07,completed,direct,bank_transfer
5925,7919.0,2025-06-19T17:45:02,completed,email,bank_transfer
5926,7287.0,07/10/2025,completed,social_media,paypal
5927,,02-14-2025,completed,social_media,bank_transfer
5928,884.0,2024-12-04T03:20:08,completed,social_media,debit_card
5929,8812.0,2024-05-07T21:48:18,completed,social_media,debit_card
5930,2851.0,14/11/2025,completed,paid_search,debit_card
5931,5595.0,09-26-2025,cancelled,email,debit_card
5932,7447.0,07-05-2024,completed,organic_search,bank_transfer
5933,1286.0,03-23-2025,cancelled,direct,bank_transfer
5934,6036.0,03-03-2025,completed,social_media,paypal
5935,321.0,10/06/2025,completed,organic_search,bank_transfer
5936,1000.0,2025-12-12T11:29:32,completed,direct,paypal
5937,6679.0,2025-05-10,completed,referral,credit_card
5938,1494.0,2025-04-12,cancelled,social_media,paypal
5939,4090.0,2024-03-07,completed,social_media,credit_card
5940,2332.0,03-21-2024,completed,email,debit_card
5941,3887.0,2024-07-24T12:19:30,completed,organic_search,bank_transfer
5942,752.0,14.02.2024,completed,referral,credit_card
5943,6977.0,01.09.2025,completed,paid_search,debit_card
5944,767.0,08-18-2025,completed,social_media,debit_card
5945,7748.0,2024-06-03T14:46:04,completed,referral,debit_card
5946,6138.0,2025-10-27,completed,social_media,paypal
5947,3836.0,06-22-2024,completed,referral,bank_transfer
5948,8018.0,10-31-2024,completed,email,credit_card
5949,1766.0,19/09/2024,completed,direct,debit_card
5950,2491.0,2024-12-09,cancelled,paid_search,debit_card
5951,1323.0,2024-09-24T06:30:23,completed,email,credit_card
5952,3521.0,03-05-2025,completed,direct,credit_card
5953,9103.0,12-26-2024,completed,referral,credit_card
5954,1530.0,27/12/2025,completed,paid_search,credit_card
5955,7686.0,2024-03-13,completed,referral,debit_card
5956,6032.0,09.06.2024,completed,organic_search,paypal
5957,161.0,10.03.2024,cancelled,paid_search,paypal
5958,8721.0,2025-06-11,returned,social_media,credit_card
5959,8959.0,12/03/2024,completed,paid_search,paypal
5960,8556.0,2025-10-27T04:19:06,completed,email,debit_card
5961,4637.0,2025-03-22T13:32:15,completed,social_media,bank_transfer
5962,2070.0,2025-04-03,completed,direct,bank_transfer
5963,3601.0,04-27-2025,completed,social_media,credit_card
5964,5666.0,08.07.2024,completed,email,bank_transfer
5965,3496.0,08-03-2024,completed,paid_search,paypal
5966,6550.0,10/11/2024,completed,organic_search,bank_transfer
5967,7370.0,2025-05-19T11:19:36,completed,direct,credit_card
5968,1979.0,08-15-2024,completed,email,paypal
5969,3722.0,15.05.2024,completed,organic_search,paypal
5970,8840.0,21.12.2025,completed,email,paypal
5971,2348.0,2024-01-31T04:43:41,returned,direct,paypal
5972,3198.0,08.10.2025,completed,direct,bank_transfer
5973,357.0,29.09.2025,completed,organic_search,paypal
5974,3077.0,2024-10-28,completed,paid_search,bank_transfer
5975,3417.0,06-02-2024,returned,referral,debit_card
5976,981.0,13.06.2024,completed,paid_search,paypal
5977,12.0,08-01-2025,completed,paid_search,bank_transfer
5978,5321.0,2025-06-23T20:39:52,returned,referral,credit_card
5979,2812.0,2025-09-26,cancelled,organic_search,debit_card
5980,181.0,2025-12-08T21:57:48,completed,organic_search,credit_card
5981,7948.0,2025-07-28,completed,organic_search,debit_card
5982,5371.0,2024-06-23,completed,email,debit_card
5983,1624.0,14.09.2024,completed,social_media,bank_transfer
5984,8006.0,31.10.2025,completed,direct,bank_transfer
5985,2382.0,14/08/2024,COMPLETED,organic_search,debit_card
5986,2143.0,2024-03-31,completed,organic_search,debit_card
5987,8272.0,05/08/2025,completed,organic_search,paypal
5988,1698.0,12-24-2024,completed,direct,paypal
5989,8129.0,12-02-2025,COMPLETED,organic_search,bank_transfer
5990,7445.0,2025-06-28,completed,email,paypal
5991,2890.0,19.04.2024,COMPLETED,direct,debit_card
5992,341.0,2025-12-12,completed,organic_search,credit_card
5993,806.0,09-27-2024,completed,direct,bank_transfer
5994,1070.0,2024-11-20,completed,social_media,credit_card
5995,8236.0,12-24-2024,completed,email,debit_card
5996,3715.0,08.03.2024,completed,referral,debit_card
5997,323.0,10.03.2025,COMPLETED,direct,bank_transfer
5998,5140.0,22.05.2024,cancelled,paid_search,bank_transfer
5999,1967.0,23/12/2024,completed,paid_search,paypal
6000,2211.0,2024-11-28T09:31:01,completed,social_media,bank_transfer
6001,1528.0,09-20-2025,completed,organic_search,paypal
6002,7040.0,2025-10-08T05:00:09,completed,referral,debit_card
6003,8.0,20.06.2024,completed,organic_search,debit_card
6004,4043.0,2024-12-06T14:29:29,completed,social_media,bank_transfer
6005,848.0,12-09-2024,cancelled,paid_search,credit_card
6006,5094.0,06-18-2024,completed,organic_search,paypal
6007,3194.0,05.10.2025,completed,email,credit_card
6008,287.0,08.08.2025,completed,email,credit_card
6009,4254.0,27.07.2024,completed,social_media,debit_card
6010,5276.0,06/12/2024,completed,paid_search,bank_transfer
6011,2325.0,2024-05-04T16:24:23,completed,paid_search,debit_card
6012,7066.0,06-13-2025,completed,direct,debit_card
6013,3418.0,05-20-2024,completed,organic_search,credit_card
6014,6923.0,26/12/2025,completed,email,bank_transfer
6015,5356.0,24.09.2025,completed,referral,credit_card
6016,8044.0,18.12.2024,completed,social_media,paypal
6017,5048.0,05-09-2025,completed,direct,paypal
6018,1760.0,2025-11-29,completed,social_media,paypal
6019,7611.0,2025-04-22T23:47:23,completed,direct,bank_transfer
6020,7236.0,07-12-2024,cancelled,referral,credit_card
6021,8968.0,12-12-2024,completed,direct,paypal
6022,916.0,31/10/2025,completed,email,debit_card
6023,5442.0,06-24-2025,completed,direct,credit_card
6024,4544.0,06-29-2025,completed,organic_search,credit_card
6025,6210.0,10.11.2025,completed,email,credit_card
6026,9040.0,22/11/2025,completed,paid_search,bank_transfer
6027,4919.0,02.12.2025,completed,email,paypal
6028,6358.0,23.04.2024,completed,direct,bank_transfer
6029,3204.0,2025-04-15,COMPLETED,social_media,paypal
6030,2787.0,2025-08-30,completed,organic_search,bank_transfer
6031,3103.0,2025-09-09T23:20:13,completed,direct,paypal
6032,381.0,28.05.2025,returned,social_media,credit_card
6033,2673.0,2024-07-04,completed,email,paypal
6034,1640.0,2025-10-05,completed,referral,debit_card
6035,4220.0,16.08.2025,completed,direct,paypal
6036,4253.0,2024-04-14T23:21:06,completed,email,debit_card
6037,7063.0,11/02/2025,completed,social_media,debit_card
6038,4644.0,11/07/2024,completed,organic_search,credit_card
6039,,21/11/2024,completed,referral,credit_card
6040,2180.0,26/01/2024,completed,direct,paypal
6041,7881.0,2024-12-23,completed,paid_search,debit_card
6042,892.0,19/04/2025,completed,paid_search,bank_transfer
6043,9066.0,2025-06-07,completed,social_media,paypal
6044,4395.0,08.07.2025,completed,direct,paypal
6045,1764.0,27.10.2025,completed,paid_search,credit_card
6046,3267.0,2024-08-20,completed,email,credit_card
6047,157.0,2024-05-19T00:03:29,completed,direct,paypal
6048,1582.0,2025-11-04T01:20:34,completed,referral,debit_card
6049,3103.0,24/06/2024,completed,email,debit_card
6050,5117.0,22/12/2025,cancelled,direct,bank_transfer
6051,1255.0,31/10/2025,completed,social_media,credit_card
6052,6254.0,03-14-2025,completed,email,debit_card
6053,7804.0,12-25-2025,completed,paid_search,credit_card
6054,5292.0,2024-04-26T03:37:08,completed,organic_search,credit_card
6055,2766.0,2024-11-01T14:19:02,completed,direct,bank_transfer
6056,1185.0,20.06.2025,completed,email,debit_card
6057,158.0,2024-11-28T03:15:17,completed,organic_search,bank_transfer
6058,6762.0,05/12/2025,completed,paid_search,credit_card
6059,5799.0,24/03/2024,completed,social_media,debit_card
6060,4398.0,2025-04-19T11:25:00,completed,email,bank_transfer
6061,1003.0,17.05.2025,completed,email,bank_transfer
6062,1957.0,06-30-2025,completed,paid_search,paypal
6063,7548.0,24.09.2024,completed,social_media,bank_transfer
6064,,2024-12-05,completed,organic_search,debit_card
6065,8884.0,2025-11-01,completed,referral,paypal
6066,9225.0,01/08/2024,completed,paid_search,paypal
6067,7421.0,22.10.2025,completed,social_media,paypal
6068,2429.0,28/04/2025,completed,referral,paypal
6069,2174.0,13/09/2025,completed,direct,paypal
6070,2383.0,12/08/2025,completed,social_media,paypal
6071,9104.0,2024-08-13,returned,social_media,bank_transfer
6072,3103.0,2025-05-02,completed,direct,debit_card
6073,6534.0,2025-11-11T23:58:57,completed,paid_search,bank_transfer
6074,8851.0,2025-01-13T23:25:43,completed,referral,credit_card
6075,7587.0,19.12.2025,cancelled,organic_search,paypal
6076,5511.0,2025-02-01T05:32:31,completed,organic_search,paypal
6077,1602.0,10.06.2024,completed,paid_search,bank_transfer
6078,1656.0,12-17-2024,COMPLETED,paid_search,credit_card
6079,4550.0,14.12.2025,completed,referral,credit_card
6080,8781.0,11/11/2024,completed,email,credit_card
6081,8368.0,11.11.2025,completed,email,credit_card
6082,1579.0,11-16-2025,completed,paid_search,debit_card
6083,2696.0,28/11/2024,completed,email,bank_transfer
6084,5416.0,12/04/2024,completed,paid_search,debit_card
6085,4409.0,08-19-2025,completed,direct,debit_card
6086,1168.0,06/11/2024,completed,direct,paypal
6087,3403.0,09-26-2025,completed,social_media,paypal
6088,8810.0,01-23-2025,completed,referral,bank_transfer
6089,8781.0,2025-03-02,completed,organic_search,paypal
6090,5168.0,2025-09-23T16:35:30,COMPLETED,organic_search,debit_card
6091,5859.0,2024-12-14T21:00:23,cancelled,referral,credit_card
6092,2085.0,2025-01-24T21:34:18,completed,paid_search,paypal
6093,6862.0,11.12.2024,completed,social_media,credit_card
6094,513.0,07/12/2024,completed,email,credit_card
6095,2073.0,02/04/2025,completed,paid_search,bank_transfer
6096,58.0,10-11-2025,completed,paid_search,paypal
6097,3556.0,2024-12-04,cancelled,paid_search,debit_card
6098,7861.0,2025-04-01,completed,email,bank_transfer
6099,9068.0,2025-07-13T01:42:53,completed,direct,bank_transfer
6100,6179.0,2024-10-06,completed,direct,credit_card
6101,6883.0,2024-10-12,completed,direct,credit_card
6102,2469.0,12-07-2025,completed,direct,debit_card
6103,4815.0,08-19-2025,completed,social_media,paypal
6104,6812.0,08.05.2025,COMPLETED,social_media,paypal
6105,4590.0,06-26-2025,completed,organic_search,credit_card
6106,866.0,2024-02-10T08:05:05,completed,email,credit_card
6107,6849.0,2025-06-05,completed,referral,bank_transfer
6108,2064.0,2025-03-20,completed,direct,paypal
6109,959.0,16.04.2025,COMPLETED,referral,bank_transfer
6110,4415.0,2024-12-02T11:00:01,completed,direct,bank_transfer
6111,731.0,2024-04-10T11:17:55,CANCELLED,organic_search,debit_card
6112,5802.0,2024-07-30,completed,referral,debit_card
6113,5908.0,13.12.2025,completed,social_media,paypal
6114,2414.0,27.12.2024,completed,email,credit_card
6115,8900.0,2025-02-14T11:16:31,completed,direct,paypal
6116,7628.0,2024-03-10,completed,referral,paypal
6117,1071.0,20.02.2024,completed,social_media,paypal
6118,6918.0,2025-08-14T01:38:54,completed,social_media,bank_transfer
6119,3255.0,11.04.2025,completed,email,paypal
6120,6936.0,03-20-2025,cancelled,direct,bank_transfer
6121,7422.0,14.09.2024,completed,organic_search,paypal
6122,1454.0,2025-09-02,completed,paid_search,debit_card
6123,6130.0,05/07/2024,completed,direct,paypal
6124,7981.0,07-27-2024,RETURNED,social_media,paypal
6125,3000.0,09/02/2025,completed,social_media,credit_card
6126,778.0,19.10.2024,cancelled,direct,bank_transfer
6127,276.0,2024-09-17,completed,paid_search,paypal
6128,1075.0,25.06.2025,completed,email,bank_transfer
6129,42.0,2025-06-29,completed,social_media,bank_transfer
6130,3023.0,20.10.2025,completed,organic_search,credit_card
6131,2792.0,31/12/2024,completed,social_media,debit_card
6132,1080.0,2024-04-01T17:12:27,completed,social_media,credit_card
6133,6023.0,09.10.2024,completed,organic_search,credit_card
6134,9155.0,12-24-2025,COMPLETED,direct,paypal
6135,8342.0,2025-05-21T13:00:03,completed,referral,bank_transfer
6136,2375.0,2025-08-09,completed,email,paypal
6137,7110.0,2024-01-11,completed,referral,credit_card
6138,8643.0,2025-03-27T16:38:57,completed,paid_search,debit_card
6139,8388.0,02-20-2024,completed,referral,paypal
6140,8184.0,03.05.2025,COMPLETED,direct,debit_card
6141,7273.0,12-02-2025,cancelled,referral,bank_transfer
6142,2739.0,20/12/2025,completed,email,debit_card
6143,816.0,2025-04-12,COMPLETED,social_media,debit_card
6144,4506.0,06.02.2025,completed,referral,credit_card
6145,538.0,11/12/2025,completed,referral,paypal
6146,9214.0,15.07.2025,completed,paid_search,debit_card
6147,3299.0,2024-03-23T05:19:33,completed,organic_search,paypal
6148,8846.0,13.02.2025,completed,referral,paypal
6149,7137.0,2024-09-11,completed,social_media,credit_card
6150,3782.0,2025-02-16,completed,direct,bank_transfer
6151,1156.0,02-04-2025,cancelled,organic_search,credit_card
6152,2229.0,2025-05-11T11:29:07,completed,organic_search,bank_transfer
6153,6229.0,2024-12-01T11:34:44,completed,social_media,debit_card
6154,7676.0,2024-07-01T08:31:51,completed,direct,bank_transfer
6155,9033.0,16.03.2025,completed,organic_search,debit_card
6156,1282.0,24.10.2025,completed,paid_search,credit_card
6157,1496.0,2025-07-08T06:49:30,returned,paid_search,credit_card
6158,418.0,11-21-2024,completed,social_media,credit_card
6159,2445.0,2025-12-08T13:13:29,completed,paid_search,bank_transfer
6160,7602.0,2025-11-29T05:13:39,completed,social_media,bank_transfer
6161,1884.0,14/08/2024,completed,paid_search,credit_card
6162,5052.0,23.02.2024,completed,social_media,credit_card
6163,4122.0,31/08/2025,COMPLETED,social_media,paypal
6164,3017.0,22/10/2025,completed,social_media,bank_transfer
6165,5698.0,2025-12-20,completed,paid_search,paypal
6166,4644.0,2025-11-20T23:54:55,completed,direct,debit_card
6167,3098.0,2025-05-24,completed,social_media,credit_card
6168,6390.0,04-05-2025,completed,organic_search,debit_card
6169,2631.0,08.02.2024,completed,organic_search,credit_card
6170,5938.0,17.09.2024,returned,organic_search,debit_card
6171,8836.0,2025-02-08,completed,organic_search,bank_transfer
6172,6735.0,13.06.2025,returned,direct,debit_card
6173,3858.0,2025-04-24,completed,social_media,paypal
6174,6910.0,08-31-2025,completed,direct,paypal
6175,7492.0,14/10/2024,completed,organic_search,bank_transfer
6176,3017.0,2025-04-29T18:16:23,completed,social_media,credit_card
6177,6521.0,2024-04-16,COMPLETED,social_media,credit_card
6178,4007.0,29/12/2024,completed,paid_search,paypal
6179,7581.0,2025-09-05T04:49:25,completed,referral,debit_card
6180,2753.0,29.07.2025,completed,referral,paypal
6181,8652.0,28/12/2025,completed,paid_search,bank_transfer
6182,5314.0,10-13-2024,cancelled,paid_search,bank_transfer
6183,3256.0,12/03/2025,completed,organic_search,credit_card
6184,3868.0,16/11/2024,completed,direct,paypal
6185,3208.0,21/01/2025,completed,organic_search,debit_card
6186,1402.0,06.11.2025,completed,organic_search,debit_card
6187,669.0,07-22-2025,returned,organic_search,paypal
6188,2986.0,11-17-2025,completed,direct,paypal
6189,4231.0,2024-08-09,cancelled,referral,debit_card
6190,3337.0,13/11/2025,completed,paid_search,debit_card
6191,143.0,03-17-2024,completed,email,credit_card
6192,5356.0,11-19-2025,completed,referral,bank_transfer
6193,1389.0,16/11/2024,completed,social_media,paypal
6194,1996.0,08.11.2024,completed,referral,debit_card
6195,1178.0,03-22-2025,completed,referral,bank_transfer
6196,4817.0,10/12/2025,completed,social_media,debit_card
6197,935.0,03-04-2024,completed,direct,debit_card
6198,2410.0,29.11.2024,completed,organic_search,debit_card
6199,4171.0,2025-11-06,completed,direct,paypal
6200,1588.0,21/12/2024,completed,organic_search,debit_card
6201,4120.0,2024-08-05,RETURNED,direct,bank_transfer
6202,3164.0,2025-01-06,completed,referral,debit_card
6203,7956.0,2024-12-15T00:34:50,cancelled,paid_search,bank_transfer
6204,7362.0,2025-11-30T07:27:32,completed,referral,debit_card
6205,9163.0,2025-09-13,completed,organic_search,credit_card
6206,4896.0,2025-03-17,completed,social_media,credit_card
6207,5321.0,2025-12-27,completed,paid_search,credit_card
6208,8737.0,13/02/2025,completed,email,debit_card
6209,3672.0,16/03/2024,completed,paid_search,credit_card
6210,5131.0,30/09/2024,completed,email,credit_card
6211,3498.0,2025-01-17T08:53:27,completed,paid_search,debit_card
6212,5039.0,24/06/2024,completed,social_media,debit_card
6213,784.0,12.12.2025,completed,paid_search,paypal
6214,7243.0,09-16-2025,completed,referral,bank_transfer
6215,9088.0,2024-10-05T02:36:01,cancelled,paid_search,debit_card
6216,641.0,05-17-2025,completed,organic_search,paypal
6217,7425.0,17/08/2025,completed,organic_search,bank_transfer
6218,2277.0,10.12.2025,completed,social_media,credit_card
6219,1876.0,16.11.2025,COMPLETED,direct,credit_card
6220,6425.0,25/03/2025,cancelled,referral,paypal
6221,428.0,2025-09-21T04:10:09,completed,direct,debit_card
6222,4277.0,27.04.2025,completed,paid_search,credit_card
6223,13.0,21/04/2025,completed,email,credit_card
6224,5116.0,13.05.2024,completed,social_media,debit_card
6225,4267.0,2024-05-24,COMPLETED,social_media,credit_card
6226,8466.0,2025-04-04T15:49:11,completed,organic_search,debit_card
6227,6648.0,2024-10-05,completed,direct,paypal
6228,1219.0,2024-01-30T02:47:56,completed,organic_search,bank_transfer
6229,3269.0,18.08.2025,completed,referral,paypal
6230,8602.0,2024-02-14,completed,email,bank_transfer
6231,6702.0,05-21-2025,completed,social_media,credit_card
6232,5472.0,11/04/2025,completed,organic_search,paypal
6233,5164.0,2025-12-20,completed,social_media,bank_transfer
6234,3657.0,01/03/2025,completed,paid_search,bank_transfer
6235,5378.0,22/03/2024,completed,paid_search,credit_card
6236,7121.0,20.04.2025,completed,direct,bank_transfer
6237,1236.0,30.10.2025,completed,paid_search,debit_card
6238,8954.0,30.12.2025,completed,referral,bank_transfer
6239,2252.0,12/01/2025,completed,direct,debit_card
6240,4137.0,2024-11-11,completed,paid_search,bank_transfer
6241,231.0,27.11.2025,completed,social_media,paypal
6242,5074.0,2024-07-28T20:09:00,completed,social_media,credit_card
6243,3523.0,2025-06-03,completed,direct,debit_card
6244,2347.0,25.12.2024,completed,referral,bank_transfer
6245,9091.0,2024-02-25T18:42:13,completed,organic_search,paypal
6246,3950.0,2024-11-26T21:51:41,completed,direct,paypal
6247,3815.0,10-03-2024,completed,social_media,debit_card
6248,,24/07/2025,completed,organic_search,bank_transfer
6249,1137.0,2025-12-13,completed,referral,bank_transfer
6250,3618.0,2024-10-05,completed,social_media,credit_card
6251,3104.0,10-13-2025,completed,social_media,bank_transfer
6252,4296.0,2024-03-13,completed,organic_search,paypal
6253,7923.0,04-11-2025,completed,social_media,bank_transfer
6254,1831.0,2024-03-29,completed,direct,credit_card
6255,5603.0,07/12/2025,completed,email,bank_transfer
6256,371.0,09-15-2025,cancelled,email,bank_transfer
6257,2939.0,04.07.2025,completed,referral,bank_transfer
6258,4369.0,2025-10-20T11:03:39,completed,organic_search,credit_card
6259,727.0,2025-06-26,completed,direct,paypal
6260,5024.0,20.12.2025,completed,direct,debit_card
6261,2890.0,2025-08-12T04:47:56,cancelled,social_media,paypal
6262,9163.0,04.12.2025,completed,direct,bank_transfer
6263,5817.0,2025-03-26,cancelled,referral,debit_card
6264,2298.0,05-15-2024,cancelled,paid_search,credit_card
6265,1010.0,03/04/2025,completed,paid_search,paypal
6266,403.0,2024-05-25,completed,referral,bank_transfer
6267,889.0,19.05.2025,completed,referral,bank_transfer
6268,6295.0,28/02/2025,cancelled,referral,debit_card
6269,7908.0,08.06.2025,completed,social_media,credit_card
6270,1496.0,15.01.2024,completed,referral,paypal
6271,3696.0,08-01-2024,completed,direct,credit_card
6272,3266.0,07.03.2025,completed,email,paypal
6273,,13.12.2025,completed,social_media,paypal
6274,1734.0,12-14-2024,completed,referral,bank_transfer
6275,8794.0,2025-01-06T03:41:42,completed,referral,credit_card
6276,6729.0,2025-08-13T15:27:49,completed,direct,bank_transfer
6277,8814.0,2025-05-26,completed,direct,credit_card
6278,,29/10/2024,completed,organic_search,debit_card
6279,5402.0,28.12.2024,completed,paid_search,paypal
6280,6767.0,2024-08-22,cancelled,social_media,debit_card
6281,6578.0,12-19-2025,completed,social_media,debit_card
6282,218.0,2024-05-29,completed,paid_search,paypal
6283,9212.0,2024-12-09T10:40:41,cancelled,direct,paypal
6284,8589.0,2024-02-05T17:35:27,completed,referral,paypal
6285,1170.0,08-26-2024,completed,referral,bank_transfer
6286,5022.0,2025-09-24,completed,social_media,bank_transfer
6287,2916.0,08-07-2024,completed,direct,paypal
6288,8129.0,04-08-2024,completed,referral,bank_transfer
6289,6455.0,2025-02-21,completed,direct,debit_card
6290,2101.0,2024-01-15T07:38:29,completed,referral,paypal
6291,335.0,2024-04-13,completed,referral,paypal
6292,2731.0,11.10.2025,completed,email,debit_card
6293,377.0,2025-09-19T06:00:04,completed,social_media,debit_card
6294,1359.0,2025-11-30T07:39:20,completed,direct,credit_card
6295,5861.0,2025-11-05,cancelled,direct,bank_transfer
6296,6885.0,07-22-2025,completed,paid_search,bank_transfer
6297,4321.0,03-09-2024,completed,social_media,bank_transfer
6298,5535.0,2025-09-26T08:12:30,cancelled,paid_search,bank_transfer
6299,1496.0,01/11/2025,completed,social_media,bank_transfer
6300,2939.0,2025-10-06T09:47:08,completed,paid_search,bank_transfer
6301,6580.0,03-20-2025,completed,direct,credit_card
6302,3362.0,09-05-2024,completed,direct,bank_transfer
6303,3218.0,01/11/2025,completed,direct,bank_transfer
6304,1844.0,08-21-2025,completed,social_media,credit_card
6305,5479.0,2025-12-24,completed,email,bank_transfer
6306,7492.0,23/06/2024,completed,paid_search,debit_card
6307,4335.0,2024-08-30T22:15:41,completed,paid_search,paypal
6308,1131.0,17/08/2024,completed,referral,debit_card
6309,7752.0,2025-10-02T11:36:00,completed,social_media,debit_card
6310,700.0,24/07/2024,cancelled,social_media,bank_transfer
6311,4361.0,25/03/2024,completed,paid_search,paypal
6312,2451.0,2025-12-31T22:04:19,cancelled,email,paypal
6313,8640.0,02-04-2024,completed,paid_search,bank_transfer
6314,6823.0,27/10/2025,completed,organic_search,bank_transfer
6315,5230.0,2024-12-05T19:24:25,completed,organic_search,credit_card
6316,6179.0,2025-10-31,completed,direct,debit_card
6317,4923.0,2025-04-22,completed,email,credit_card
6318,1414.0,25/11/2025,completed,referral,paypal
6319,6557.0,04/12/2025,completed,referral,bank_transfer
6320,4552.0,2024-01-13T22:02:49,completed,paid_search,bank_transfer
6321,5851.0,03/04/2024,completed,referral,bank_transfer
6322,439.0,20.09.2024,completed,email,credit_card
6323,1365.0,2025-07-12,completed,referral,credit_card
6324,5423.0,19.11.2025,returned,referral,bank_transfer
6325,4238.0,08/02/2025,completed,direct,debit_card
6326,2136.0,2025-05-29,COMPLETED,email,debit_card
6327,2266.0,2024-07-25T19:37:54,completed,organic_search,credit_card
6328,5823.0,10-09-2025,completed,referral,bank_transfer
6329,582.0,2025-12-20,completed,email,debit_card
6330,4006.0,05/10/2024,cancelled,email,bank_transfer
6331,4840.0,03-09-2025,completed,direct,bank_transfer
6332,2880.0,2024-04-14,completed,paid_search,debit_card
6333,7596.0,2025-04-25,completed,social_media,paypal
6334,560.0,03-15-2025,completed,organic_search,credit_card
6335,8009.0,2024-06-11T03:50:37,completed,organic_search,debit_card
6336,6680.0,01-23-2025,completed,direct,credit_card
6337,4120.0,11-19-2024,completed,organic_search,bank_transfer
6338,8553.0,30/03/2025,completed,referral,paypal
6339,6500.0,2025-05-14,completed,social_media,bank_transfer
6340,8597.0,13/01/2024,completed,paid_search,credit_card
6341,4368.0,12/09/2025,completed,paid_search,debit_card
6342,4179.0,2025-08-11T00:01:03,completed,direct,credit_card
6343,4908.0,2024-12-06,completed,email,credit_card
6344,638.0,10.03.2024,completed,email,credit_card
6345,8411.0,09-08-2025,completed,email,credit_card
6346,6179.0,12-15-2025,completed,organic_search,bank_transfer
6347,5691.0,2024-09-11T08:41:20,completed,direct,credit_card
6348,8573.0,13.11.2024,completed,direct,bank_transfer
6349,9169.0,07-21-2024,completed,organic_search,credit_card
6350,1551.0,2025-05-08,completed,email,debit_card
6351,6921.0,22.06.2024,completed,paid_search,paypal
6352,5356.0,12-01-2024,completed,social_media,bank_transfer
6353,4254.0,01.08.2025,completed,social_media,debit_card
6354,9021.0,26/04/2025,completed,organic_search,credit_card
6355,7861.0,16.12.2024,returned,organic_search,credit_card
6356,6448.0,02/01/2025,completed,email,bank_transfer
6357,3532.0,27/04/2025,completed,organic_search,debit_card
6358,6166.0,2024-01-09,completed,referral,credit_card
6359,4913.0,07/04/2024,completed,referral,bank_transfer
6360,2342.0,2025-11-16,returned,direct,bank_transfer
6361,4159.0,04-06-2024,returned,direct,credit_card
6362,2004.0,2025-08-07,returned,referral,bank_transfer
6363,4623.0,02/12/2025,cancelled,paid_search,paypal
6364,6647.0,2024-10-07,completed,referral,paypal
6365,367.0,08.12.2024,completed,email,credit_card
6366,7064.0,02.05.2025,completed,email,credit_card
6367,204.0,11-16-2025,returned,social_media,paypal
6368,4790.0,12-10-2025,completed,organic_search,bank_transfer
6369,5305.0,29.08.2025,completed,direct,debit_card
6370,7032.0,2024-04-15,completed,paid_search,bank_transfer
6371,7030.0,2025-07-12T08:29:18,completed,social_media,paypal
6372,3847.0,28/12/2024,returned,paid_search,bank_transfer
6373,648.0,17/02/2025,completed,organic_search,credit_card
6374,6427.0,03-06-2024,completed,referral,debit_card
6375,4728.0,2024-07-28,completed,referral,debit_card
6376,3082.0,10-01-2025,completed,direct,debit_card
6377,2208.0,2025-02-02T22:57:47,completed,social_media,bank_transfer
6378,1170.0,31.10.2024,completed,referral,debit_card
6379,2752.0,2024-12-15T15:51:19,completed,direct,paypal
6380,4229.0,11-05-2025,completed,paid_search,bank_transfer
6381,4410.0,2025-09-05,completed,referral,debit_card
6382,5368.0,08/10/2024,completed,paid_search,paypal
6383,3343.0,16.05.2024,completed,direct,paypal
6384,8512.0,2024-09-21,completed,email,debit_card
6385,4579.0,2025-12-02T14:09:30,completed,email,bank_transfer
6386,3909.0,11/05/2025,completed,referral,credit_card
6387,472.0,07/04/2025,completed,direct,credit_card
6388,5524.0,05-21-2025,completed,paid_search,credit_card
6389,5556.0,12-06-2024,completed,social_media,bank_transfer
6390,5368.0,2025-10-10T20:03:50,completed,direct,paypal
6391,8209.0,2025-03-31T19:35:42,completed,paid_search,bank_transfer
6392,7045.0,2024-05-15,completed,paid_search,debit_card
6393,8028.0,27.05.2024,COMPLETED,email,paypal
6394,584.0,10/04/2025,completed,email,paypal
6395,2953.0,12-08-2025,completed,social_media,paypal
6396,2959.0,2024-11-04T18:31:21,cancelled,direct,debit_card
6397,6085.0,11/11/2025,completed,referral,paypal
6398,4147.0,2025-09-14,completed,direct,paypal
6399,7180.0,2024-09-18,COMPLETED,social_media,paypal
6400,3549.0,2024-02-19T14:27:53,completed,referral,paypal
6401,2083.0,04-30-2024,completed,referral,paypal
6402,2723.0,08-22-2025,completed,direct,bank_transfer
6403,1731.0,2024-08-05,completed,organic_search,debit_card
6404,1880.0,2024-12-08T15:47:28,COMPLETED,social_media,credit_card
6405,2046.0,15.03.2025,completed,paid_search,paypal
6406,164.0,08-20-2025,returned,referral,debit_card
6407,6612.0,05-12-2024,RETURNED,paid_search,credit_card
6408,3672.0,26.12.2024,completed,paid_search,paypal
6409,230.0,02.03.2025,completed,paid_search,bank_transfer
6410,3407.0,2025-04-12T11:22:23,returned,email,credit_card
6411,8379.0,10-17-2025,cancelled,email,debit_card
6412,4729.0,09/07/2024,cancelled,email,paypal
6413,9104.0,2025-10-11,completed,organic_search,debit_card
6414,4988.0,07-29-2025,completed,paid_search,credit_card
6415,8883.0,23/04/2025,completed,email,paypal
6416,1915.0,02/08/2025,completed,paid_search,debit_card
6417,2717.0,28/12/2024,cancelled,organic_search,credit_card
6418,6480.0,05.06.2024,completed,direct,paypal
6419,9104.0,2025-07-09T01:47:56,cancelled,paid_search,credit_card
6420,7634.0,2025-04-01,completed,direct,debit_card
6421,5109.0,2025-06-21T07:53:59,completed,referral,credit_card
6422,828.0,2024-11-21T00:56:40,completed,paid_search,paypal
6423,3358.0,27.11.2025,completed,email,bank_transfer
6424,844.0,15/05/2025,completed,referral,paypal
6425,2890.0,04-14-2024,completed,organic_search,bank_transfer
6426,2429.0,2025-01-30,completed,paid_search,bank_transfer
6427,3579.0,09.09.2025,completed,social_media,debit_card
6428,7743.0,03/10/2025,COMPLETED,direct,credit_card
6429,1444.0,03-09-2025,completed,social_media,debit_card
6430,2858.0,22/11/2025,completed,referral,paypal
6431,2451.0,10-05-2024,completed,direct,debit_card
6432,2761.0,28.12.2024,completed,paid_search,debit_card
6433,3323.0,2025-11-23T08:02:03,completed,organic_search,paypal
6434,2300.0,2025-11-22,completed,organic_search,bank_transfer
6435,8696.0,24/07/2025,COMPLETED,email,paypal
6436,3876.0,2025-11-07T17:19:54,completed,direct,debit_card
6437,1122.0,17.04.2024,completed,email,debit_card
6438,4316.0,2025-11-09,completed,paid_search,debit_card
6439,1751.0,11.11.2024,cancelled,email,debit_card
6440,2041.0,15.07.2024,completed,direct,debit_card
6441,2676.0,2024-09-10T09:48:38,completed,referral,bank_transfer
6442,1209.0,2024-12-31,completed,direct,bank_transfer
6443,6657.0,21.09.2024,completed,email,paypal
6444,7333.0,2024-11-11,cancelled,organic_search,credit_card
6445,3629.0,02.06.2024,completed,direct,credit_card
6446,6390.0,27/10/2024,completed,email,paypal
6447,3583.0,2025-05-05T06:31:53,completed,organic_search,bank_transfer
6448,1557.0,22/01/2025,completed,social_media,credit_card
6449,3646.0,26/11/2024,cancelled,email,debit_card
6450,5144.0,2025-09-03,completed,social_media,credit_card
6451,405.0,2025-11-21T01:28:27,COMPLETED,paid_search,debit_card
6452,6059.0,09/09/2025,completed,direct,paypal
6453,6869.0,11-17-2024,completed,direct,bank_transfer
6454,7948.0,09-02-2025,completed,email,credit_card
6455,1011.0,06-19-2024,cancelled,direct,debit_card
6456,1.0,28.05.2024,completed,social_media,bank_transfer
6457,716.0,2024-11-25T02:13:45,completed,referral,debit_card
6458,8549.0,2025-10-11T13:44:04,completed,organic_search,paypal
6459,7066.0,2024-09-16,completed,paid_search,paypal
6460,7728.0,21/03/2024,completed,organic_search,paypal
6461,4787.0,05-30-2024,completed,paid_search,paypal
6462,4875.0,11-07-2025,completed,social_media,debit_card
6463,2785.0,2025-06-17,completed,social_media,bank_transfer
6464,7793.0,22.09.2024,completed,organic_search,paypal
6465,7674.0,2025-04-23T19:55:39,completed,email,credit_card
6466,3607.0,03.04.2025,cancelled,organic_search,debit_card
6467,3043.0,02/07/2025,completed,organic_search,paypal
6468,6830.0,2024-09-05T22:16:38,completed,email,debit_card
6469,266.0,2025-11-09,completed,email,paypal
6470,7948.0,05/11/2024,completed,organic_search,debit_card
6471,4120.0,07-30-2025,cancelled,referral,paypal
6472,4066.0,23/01/2024,completed,direct,paypal
6473,6190.0,09.12.2024,completed,email,bank_transfer
6474,5962.0,28.11.2024,completed,social_media,credit_card
6475,2503.0,04-14-2025,cancelled,organic_search,paypal
6476,8705.0,01/04/2024,completed,email,paypal
6477,9099.0,30.09.2025,completed,organic_search,paypal
6478,4871.0,22.08.2024,completed,social_media,credit_card
6479,5183.0,2025-07-17T06:10:03,cancelled,direct,credit_card
6480,5116.0,2025-10-08,completed,referral,bank_transfer
6481,4484.0,2025-04-27,completed,direct,debit_card
6482,8723.0,30/08/2025,cancelled,referral,paypal
6483,2301.0,2025-07-06,completed,organic_search,paypal
6484,1054.0,2024-12-01T03:47:18,completed,paid_search,credit_card
6485,8596.0,2025-10-11T01:35:24,completed,direct,credit_card
6486,2011.0,2024-10-26T18:15:38,completed,email,debit_card
6487,6921.0,04/05/2025,returned,referral,bank_transfer
6488,1926.0,2025-09-02,completed,direct,paypal
6489,8857.0,12/12/2024,completed,social_media,bank_transfer
6490,7324.0,2024-11-01T11:37:29,completed,referral,credit_card
6491,8500.0,07/02/2025,completed,email,debit_card
6492,8778.0,10-17-2025,cancelled,referral,paypal
6493,826.0,06/12/2025,COMPLETED,social_media,debit_card
6494,4001.0,2025-04-15T01:06:24,completed,paid_search,paypal
6495,5988.0,2025-07-06,completed,paid_search,bank_transfer
6496,7440.0,2025-11-25,completed,email,paypal
6497,2275.0,04-27-2024,completed,email,bank_transfer
6498,8466.0,04.09.2024,completed,direct,credit_card
6499,2075.0,2025-08-09T08:42:22,completed,direct,bank_transfer
6500,8014.0,2025-10-20T15:11:20,completed,referral,debit_card
6501,4743.0,06.11.2025,completed,email,bank_transfer
6502,4772.0,30.12.2024,cancelled,email,bank_transfer
6503,3449.0,04-18-2024,completed,email,bank_transfer
6504,1018.0,01-19-2025,completed,social_media,credit_card
6505,3203.0,03.09.2024,completed,paid_search,paypal
6506,3938.0,2024-10-23,cancelled,referral,bank_transfer
6507,4427.0,19/09/2025,completed,email,debit_card
6508,6833.0,2024-04-04T15:28:33,completed,social_media,credit_card
6509,3249.0,22.10.2025,completed,referral,debit_card
6510,3740.0,09/01/2025,completed,paid_search,debit_card
6511,8385.0,21.05.2025,completed,paid_search,paypal
6512,6956.0,18/04/2024,completed,paid_search,bank_transfer
6513,232.0,2024-11-21T18:11:39,completed,paid_search,paypal
6514,7515.0,2024-04-18,completed,paid_search,paypal
6515,9131.0,17/12/2025,completed,social_media,bank_transfer
6516,8670.0,11/10/2025,completed,direct,paypal
6517,7734.0,02-08-2025,completed,paid_search,credit_card
6518,5802.0,2024-08-28,cancelled,direct,paypal
6519,2612.0,07.12.2025,completed,social_media,bank_transfer
6520,6058.0,24.11.2024,cancelled,organic_search,bank_transfer
6521,6440.0,2024-06-28,completed,direct,debit_card
6522,2645.0,04-28-2025,completed,social_media,bank_transfer
6523,2402.0,2025-12-11T21:06:09,completed,email,debit_card
6524,3646.0,06/01/2024,completed,email,paypal
6525,5915.0,2024-09-09,completed,referral,paypal
6526,2740.0,2025-12-09,completed,paid_search,credit_card
6527,5131.0,2024-07-08,completed,referral,credit_card
6528,8325.0,12.05.2024,completed,paid_search,bank_transfer
6529,2751.0,03.05.2025,completed,direct,credit_card
6530,8912.0,2025-11-08T13:30:03,returned,referral,debit_card
6531,4374.0,23/02/2025,completed,organic_search,credit_card
6532,994.0,12-29-2025,completed,paid_search,bank_transfer
6533,540.0,19/07/2025,completed,email,debit_card
6534,3127.0,02.04.2024,completed,email,debit_card
6535,2429.0,12-29-2025,completed,paid_search,bank_transfer
6536,7801.0,26/12/2024,returned,social_media,credit_card
6537,6823.0,20/10/2024,completed,social_media,debit_card
6538,8184.0,2025-04-25,completed,paid_search,debit_card
6539,5421.0,11-02-2024,completed,paid_search,credit_card
6540,4019.0,2024-04-15,completed,referral,credit_card
6541,2541.0,03/01/2024,completed,social_media,credit_card
6542,5368.0,30/01/2025,CANCELLED,organic_search,credit_card
6543,5695.0,2025-10-28,completed,referral,debit_card
6544,3617.0,2025-05-05,completed,paid_search,paypal
6545,8643.0,2025-12-31,completed,referral,debit_card
6546,5902.0,20.10.2024,completed,referral,paypal
6547,7745.0,2024-10-15,completed,organic_search,debit_card
6548,5717.0,27.06.2024,completed,direct,bank_transfer
6549,2935.0,2024-07-01T14:31:08,completed,email,paypal
6550,6813.0,19/10/2024,completed,referral,credit_card
6551,2166.0,02/10/2025,cancelled,referral,paypal
6552,5500.0,26.11.2025,returned,organic_search,debit_card
6553,3698.0,22/12/2025,completed,paid_search,bank_transfer
6554,1437.0,04/09/2024,cancelled,paid_search,debit_card
6555,3802.0,16/11/2025,completed,direct,paypal
6556,2890.0,2024-11-15,COMPLETED,email,bank_transfer
6557,1101.0,11.05.2024,completed,social_media,paypal
6558,7622.0,12/11/2025,completed,paid_search,paypal
6559,4604.0,18.06.2025,completed,social_media,paypal
6560,3197.0,2024-07-02,cancelled,referral,credit_card
6561,4670.0,01-11-2025,completed,social_media,bank_transfer
6562,6974.0,2024-10-20T13:26:37,completed,social_media,debit_card
6563,186.0,2025-08-28T14:01:50,completed,email,paypal
6564,5047.0,2025-02-02,completed,paid_search,bank_transfer
6565,4428.0,2025-12-28,completed,email,credit_card
6566,8256.0,2024-03-12,completed,social_media,credit_card
6567,5134.0,2024-11-30,completed,organic_search,debit_card
6568,1323.0,27.02.2025,completed,direct,debit_card
6569,3581.0,16.03.2025,completed,organic_search,bank_transfer
6570,5722.0,2024-11-09,completed,social_media,debit_card
6571,446.0,08-23-2025,completed,referral,bank_transfer
6572,8185.0,11-14-2025,completed,paid_search,debit_card
6573,662.0,2025-12-09,completed,organic_search,debit_card
6574,308.0,09/10/2025,completed,direct,paypal
6575,20.0,2025-11-03T08:38:36,returned,organic_search,paypal
6576,6337.0,19/04/2025,completed,referral,credit_card
6577,4207.0,2025-10-21T16:18:58,completed,referral,paypal
6578,1011.0,2024-11-02T05:40:56,completed,email,credit_card
6579,7919.0,2024-12-22T01:00:34,completed,organic_search,paypal
6580,1922.0,09/11/2024,completed,paid_search,paypal
6581,3020.0,14.02.2025,completed,organic_search,paypal
6582,1682.0,2024-10-19T18:53:15,completed,paid_search,debit_card
6583,8576.0,17/12/2025,completed,organic_search,debit_card
6584,7001.0,2024-11-07T23:05:26,completed,referral,bank_transfer
6585,6687.0,2024-04-27T20:35:37,completed,social_media,bank_transfer
6586,426.0,02.04.2025,completed,referral,credit_card
6587,4835.0,03-15-2024,completed,email,bank_transfer
6588,5322.0,2024-05-09,completed,direct,paypal
6589,3530.0,2024-08-24,completed,direct,credit_card
6590,2986.0,02-12-2025,completed,paid_search,debit_card
6591,7876.0,14.01.2025,COMPLETED,direct,bank_transfer
6592,234.0,06.10.2025,completed,social_media,debit_card
6593,5763.0,2025-08-29,completed,social_media,credit_card
6594,3628.0,01-08-2025,completed,social_media,debit_card
6595,6166.0,2024-11-18T17:33:34,completed,organic_search,paypal
6596,1881.0,2024-11-09,completed,organic_search,credit_card
6597,2245.0,20/09/2025,completed,paid_search,debit_card
6598,5395.0,09.03.2024,completed,paid_search,bank_transfer
6599,9038.0,2024-01-19T22:11:29,completed,social_media,credit_card
6600,8989.0,10-04-2025,cancelled,social_media,bank_transfer
6601,2338.0,2025-02-23T14:59:58,completed,social_media,paypal
6602,1006.0,2024-05-29T23:44:59,returned,organic_search,debit_card
6603,5432.0,2024-09-07T21:51:51,completed,email,paypal
6604,3875.0,07.12.2025,completed,email,credit_card
6605,7037.0,2025-11-07T14:50:16,cancelled,email,credit_card
6606,4889.0,09/08/2025,completed,direct,paypal
6607,4728.0,27/02/2025,completed,social_media,bank_transfer
6608,5971.0,29.03.2025,completed,referral,debit_card
6609,1223.0,22/12/2025,completed,organic_search,credit_card
6610,6262.0,19.12.2025,completed,direct,paypal
6611,4512.0,20.08.2024,completed,organic_search,bank_transfer
6612,7593.0,2025-10-13T18:20:56,completed,paid_search,credit_card
6613,1337.0,2024-08-03,completed,organic_search,bank_transfer
6614,2805.0,2024-08-18,completed,referral,paypal
6615,8769.0,2025-07-17,returned,social_media,debit_card
6616,5103.0,25.12.2024,completed,referral,credit_card
6617,8594.0,06/12/2025,completed,email,bank_transfer
6618,6390.0,2024-04-17,completed,social_media,credit_card
6619,8572.0,2025-03-22,completed,direct,credit_card
6620,2950.0,2025-12-01T15:16:09,completed,referral,credit_card
6621,886.0,2025-11-26T00:13:05,CANCELLED,social_media,paypal
6622,7437.0,23.06.2024,completed,referral,debit_card
6623,7461.0,06.12.2024,completed,email,bank_transfer
6624,5704.0,2025-06-06,completed,paid_search,credit_card
6625,5356.0,2024-06-26T21:15:18,completed,referral,bank_transfer
6626,8466.0,20.12.2025,completed,organic_search,debit_card
6627,1668.0,30/11/2025,completed,paid_search,credit_card
6628,5682.0,04.07.2024,completed,organic_search,debit_card
6629,485.0,19/05/2024,completed,social_media,bank_transfer
6630,1355.0,2024-04-14,completed,organic_search,credit_card
6631,4030.0,28/11/2025,completed,email,debit_card
6632,7602.0,30.07.2024,completed,organic_search,bank_transfer
6633,6775.0,2024-12-30,returned,paid_search,bank_transfer
6634,8985.0,01-29-2025,completed,social_media,bank_transfer
6635,436.0,2025-05-23T06:02:55,completed,social_media,bank_transfer
6636,3518.0,31.03.2024,completed,referral,debit_card
6637,1505.0,2024-08-31T14:20:45,completed,social_media,debit_card
6638,367.0,06/12/2025,completed,organic_search,paypal
6639,2489.0,28/11/2025,completed,email,bank_transfer
6640,2300.0,2025-09-25T12:28:04,cancelled,email,debit_card
6641,3875.0,28/01/2024,completed,referral,bank_transfer
6642,1346.0,15.11.2024,completed,email,debit_card
6643,4512.0,12/06/2025,cancelled,social_media,bank_transfer
6644,8514.0,11.10.2024,completed,organic_search,credit_card
6645,6916.0,11-28-2025,returned,paid_search,credit_card
6646,7787.0,2025-06-17T17:34:26,returned,direct,debit_card
6647,7462.0,31.03.2024,completed,organic_search,credit_card
6648,3590.0,2025-11-28T14:18:48,returned,social_media,debit_card
6649,6556.0,12-16-2025,completed,direct,paypal
6650,6972.0,06.04.2024,completed,organic_search,credit_card
6651,1942.0,04-06-2025,completed,email,paypal
6652,7951.0,01/11/2024,completed,paid_search,paypal
6653,4223.0,19.12.2024,completed,email,debit_card
6654,166.0,2024-07-17,completed,organic_search,debit_card
6655,5941.0,09.05.2025,completed,paid_search,paypal
6656,6259.0,2025-12-16,completed,paid_search,bank_transfer
6657,5087.0,16/03/2025,cancelled,organic_search,paypal
6658,2005.0,11/04/2024,completed,direct,bank_transfer
6659,4461.0,2025-06-07,completed,referral,bank_transfer
6660,3678.0,22.11.2024,completed,organic_search,debit_card
6661,8989.0,06/11/2025,completed,organic_search,bank_transfer
6662,7630.0,01-16-2025,completed,direct,bank_transfer
6663,7039.0,2024-07-30T14:59:25,returned,referral,debit_card
6664,1713.0,28/07/2024,returned,social_media,bank_transfer
6665,3065.0,2025-09-17,completed,email,credit_card
6666,3504.0,2024-10-03,completed,direct,paypal
6667,4552.0,2025-09-16,completed,paid_search,debit_card
6668,303.0,2024-08-11,completed,direct,credit_card
6669,5464.0,11-12-2024,completed,paid_search,debit_card
6670,3293.0,13/02/2025,returned,social_media,paypal
6671,5185.0,11.12.2025,completed,organic_search,bank_transfer
6672,88.0,2025-12-06,completed,social_media,debit_card
6673,2982.0,12/08/2024,completed,referral,bank_transfer
6674,7099.0,2024-12-02,cancelled,email,credit_card
6675,4630.0,16/06/2024,cancelled,organic_search,debit_card
6676,7302.0,2025-03-21T23:42:02,completed,social_media,debit_card
6677,6471.0,2025-02-08,returned,social_media,bank_transfer
6678,7906.0,2025-11-24T04:21:38,completed,paid_search,bank_transfer
6679,73.0,06.12.2025,completed,referral,bank_transfer
6680,2452.0,14/12/2024,completed,organic_search,bank_transfer
6681,5062.0,2025-03-07T11:02:37,cancelled,email,credit_card
6682,8678.0,22/11/2025,RETURNED,paid_search,credit_card
6683,6291.0,10-10-2025,completed,direct,paypal
6684,4211.0,06.01.2024,completed,paid_search,paypal
6685,1262.0,2024-11-11,cancelled,email,bank_transfer
6686,4556.0,2025-01-04,cancelled,social_media,paypal
6687,4063.0,2024-09-02T16:36:07,COMPLETED,social_media,credit_card
6688,7189.0,2024-08-05,returned,direct,credit_card
6689,3804.0,21/02/2024,completed,paid_search,credit_card
6690,2961.0,23.06.2025,cancelled,direct,paypal
6691,875.0,30.09.2024,completed,paid_search,debit_card
6692,453.0,09.03.2024,completed,social_media,credit_card
6693,4045.0,03/09/2024,completed,organic_search,credit_card
6694,3201.0,2025-10-07T16:28:56,completed,organic_search,credit_card
6695,5127.0,2025-11-04,completed,referral,credit_card
6696,6579.0,2025-02-28T09:08:28,completed,paid_search,paypal
6697,396.0,2024-12-30T18:39:46,completed,direct,debit_card
6698,4580.0,23.12.2025,COMPLETED,organic_search,paypal
6699,7972.0,2024-08-06,completed,email,credit_card
6700,4201.0,2024-08-20,completed,paid_search,credit_card
6701,4824.0,10-24-2024,completed,referral,paypal
6702,4494.0,10/07/2024,completed,organic_search,bank_transfer
6703,3592.0,2024-12-12,completed,direct,bank_transfer
6704,1076.0,29.11.2025,COMPLETED,organic_search,paypal
6705,1223.0,2025-06-03,cancelled,direct,paypal
6706,1695.0,28/12/2024,completed,organic_search,paypal
6707,7338.0,07/12/2025,completed,referral,credit_card
6708,2587.0,05.03.2024,completed,social_media,debit_card
6709,8750.0,15.08.2024,returned,email,bank_transfer
6710,7498.0,2025-04-30T08:03:56,completed,referral,debit_card
6711,6346.0,04.06.2025,completed,social_media,debit_card
6712,6649.0,02-23-2024,returned,paid_search,paypal
6713,465.0,24/12/2024,completed,social_media,credit_card
6714,5252.0,27.06.2025,completed,paid_search,credit_card
6715,8679.0,2025-08-01,completed,email,credit_card
6716,387.0,2025-06-20T01:02:27,completed,paid_search,bank_transfer
6717,2724.0,11-11-2024,completed,direct,debit_card
6718,502.0,04-22-2024,completed,organic_search,bank_transfer
6719,5268.0,09/01/2025,completed,direct,credit_card
6720,1137.0,2024-05-27,completed,social_media,debit_card
6721,4429.0,12/12/2025,completed,referral,debit_card
6722,6644.0,21/02/2025,completed,referral,credit_card
6723,1559.0,09.11.2024,COMPLETED,referral,credit_card
6724,6983.0,15/09/2025,completed,referral,debit_card
6725,592.0,03-12-2025,completed,paid_search,paypal
6726,1435.0,05.11.2024,completed,direct,debit_card
6727,2633.0,2025-10-13T12:39:27,completed,direct,credit_card
6728,7376.0,2025-11-10,completed,referral,credit_card
6729,7860.0,2025-07-14T20:00:53,COMPLETED,organic_search,debit_card
6730,2070.0,03-03-2024,returned,email,credit_card
6731,938.0,04-30-2025,completed,email,bank_transfer
6732,7840.0,14.09.2025,completed,direct,debit_card
6733,6004.0,06-03-2024,cancelled,referral,credit_card
6734,1498.0,01/09/2024,completed,email,debit_card
6735,5147.0,2025-11-17T15:12:55,completed,email,paypal
6736,8066.0,2024-01-29T01:16:30,completed,direct,bank_transfer
6737,682.0,07.09.2025,completed,direct,credit_card
6738,818.0,2025-02-20,completed,social_media,paypal
6739,2567.0,27.01.2025,completed,direct,paypal
6740,6036.0,2024-01-11T05:59:34,completed,paid_search,credit_card
6741,1684.0,18/10/2025,completed,social_media,debit_card
6742,7562.0,03.12.2024,completed,social_media,debit_card
6743,6937.0,12.04.2025,completed,paid_search,debit_card
6744,5179.0,18.07.2025,cancelled,referral,credit_card
6745,1136.0,04/08/2025,completed,email,paypal
6746,9113.0,15/12/2025,completed,email,paypal
6747,4525.0,2025-04-06T02:37:57,completed,referral,debit_card
6748,4175.0,12-22-2024,COMPLETED,organic_search,credit_card
6749,9188.0,2025-12-14,completed,email,paypal
6750,7989.0,06-22-2025,completed,referral,debit_card
6751,4210.0,10-29-2024,completed,referral,bank_transfer
6752,3861.0,25/05/2024,completed,email,credit_card
6753,939.0,2025-10-31,completed,direct,paypal
6754,8573.0,04/12/2024,completed,organic_search,debit_card
6755,7801.0,05.07.2025,cancelled,email,paypal
6756,2890.0,17/02/2025,completed,email,bank_transfer
6757,6961.0,2024-08-04,completed,referral,credit_card
6758,7045.0,25.05.2025,completed,paid_search,paypal
6759,2149.0,18.03.2024,completed,email,debit_card
6760,5660.0,2024-12-29T14:59:44,completed,direct,paypal
6761,2400.0,04-17-2025,cancelled,email,bank_transfer
6762,7313.0,2025-01-17T01:57:49,completed,organic_search,credit_card
6763,1482.0,04.09.2025,completed,organic_search,paypal
6764,6189.0,2025-10-23T19:27:43,completed,social_media,credit_card
6765,3017.0,09-19-2025,completed,paid_search,debit_card
6766,362.0,2024-02-22,completed,email,debit_card
6767,1200.0,2024-07-31,completed,organic_search,debit_card
6768,6062.0,09.04.2025,completed,referral,paypal
6769,2255.0,2025-12-07,returned,email,debit_card
6770,5817.0,27.10.2025,completed,social_media,paypal
6771,3819.0,31/10/2025,CANCELLED,direct,debit_card
6772,6420.0,2024-11-01T01:25:32,completed,paid_search,debit_card
6773,4553.0,11/01/2025,completed,social_media,paypal
6774,2884.0,17/02/2025,returned,organic_search,credit_card
6775,1397.0,2024-06-24,completed,referral,paypal
6776,3152.0,12/02/2024,completed,direct,bank_transfer
6777,5859.0,12.12.2025,completed,email,credit_card
6778,6844.0,12/09/2024,completed,organic_search,credit_card
6779,1521.0,11/09/2024,completed,paid_search,debit_card
6780,6155.0,12/04/2024,completed,referral,credit_card
6781,1696.0,2025-12-05,completed,organic_search,paypal
6782,2084.0,05-10-2025,completed,email,paypal
6783,4913.0,2025-07-10,completed,referral,paypal
6784,2711.0,11-29-2025,cancelled,social_media,bank_transfer
6785,,2024-11-25,completed,email,debit_card
6786,8822.0,2025-06-08T06:20:25,completed,social_media,paypal
6787,1427.0,22/02/2024,completed,direct,paypal
6788,5275.0,24/07/2024,completed,organic_search,credit_card
6789,8541.0,25.10.2025,completed,direct,credit_card
6790,1668.0,2025-09-16T02:44:35,completed,email,paypal
6791,3378.0,11-28-2024,completed,organic_search,debit_card
6792,1199.0,11/12/2024,completed,paid_search,credit_card
6793,5924.0,07/04/2025,completed,direct,credit_card
6794,6190.0,2024-01-01,completed,social_media,debit_card
6795,6154.0,12.09.2024,completed,social_media,bank_transfer
6796,5009.0,13.08.2024,completed,referral,bank_transfer
6797,6898.0,20.09.2024,completed,organic_search,bank_transfer
6798,358.0,2025-10-10,completed,social_media,bank_transfer
6799,8838.0,2024-10-14T19:05:40,completed,referral,bank_transfer
6800,2088.0,07-28-2024,completed,referral,paypal
6801,1186.0,16/03/2025,completed,paid_search,credit_card
6802,8679.0,10.11.2025,completed,organic_search,credit_card
6803,7680.0,12/09/2024,cancelled,social_media,paypal
6804,7060.0,07/04/2024,completed,organic_search,bank_transfer
6805,1022.0,01.12.2024,COMPLETED,direct,debit_card
6806,7479.0,2025-09-04,completed,social_media,bank_transfer
6807,5615.0,19/04/2025,completed,referral,credit_card
6808,6763.0,2025-10-16T10:36:22,completed,email,bank_transfer
6809,9025.0,2025-12-17T10:51:49,returned,social_media,paypal
6810,1849.0,2025-10-02,cancelled,paid_search,debit_card
6811,4664.0,26.05.2025,completed,social_media,bank_transfer
6812,6962.0,08/03/2025,returned,direct,debit_card
6813,4002.0,24.02.2024,completed,direct,credit_card
6814,536.0,2025-12-26,cancelled,social_media,debit_card
6815,1092.0,14.12.2024,completed,referral,credit_card
6816,5549.0,2024-06-19T20:43:41,completed,email,credit_card
6817,2676.0,10/07/2025,completed,social_media,debit_card
6818,1328.0,10-18-2024,completed,referral,bank_transfer
6819,3141.0,05-14-2025,completed,organic_search,paypal
6820,1910.0,15/05/2025,completed,email,credit_card
6821,243.0,01-26-2025,COMPLETED,referral,debit_card
6822,1460.0,27/10/2025,completed,referral,bank_transfer
6823,8170.0,2024-10-02T05:54:24,completed,organic_search,credit_card
6824,121.0,29/01/2025,completed,social_media,bank_transfer
6825,7145.0,10/04/2025,completed,social_media,credit_card
6826,6963.0,2025-07-08T11:54:12,completed,social_media,credit_card
6827,5214.0,2025-09-27,cancelled,paid_search,credit_card
6828,1970.0,20/12/2024,completed,paid_search,debit_card
6829,8122.0,25/06/2025,completed,referral,bank_transfer
6830,4388.0,2024-06-18,cancelled,email,paypal
6831,1643.0,12-07-2025,completed,referral,debit_card
6832,3957.0,14/12/2024,completed,referral,bank_transfer
6833,1855.0,23/08/2025,completed,organic_search,credit_card
6834,3467.0,2024-01-29,completed,organic_search,paypal
6835,4583.0,10/08/2024,returned,social_media,bank_transfer
6836,3318.0,03-03-2025,completed,paid_search,paypal
6837,6085.0,2025-11-15T01:45:45,completed,referral,credit_card
6838,8636.0,04-03-2025,cancelled,email,paypal
6839,3210.0,06.12.2025,completed,referral,bank_transfer
6840,3282.0,03-01-2025,cancelled,direct,bank_transfer
6841,6830.0,03-06-2025,completed,organic_search,credit_card
6842,4907.0,18.05.2024,completed,paid_search,paypal
6843,3955.0,10-08-2025,returned,email,paypal
6844,7532.0,17/09/2024,completed,paid_search,debit_card
6845,8238.0,11-24-2025,completed,social_media,debit_card
6846,5435.0,2025-11-29,completed,social_media,credit_card
6847,1755.0,2025-12-11,completed,direct,bank_transfer
6848,4307.0,29/03/2025,returned,referral,bank_transfer
6849,4664.0,17/07/2025,completed,social_media,paypal
6850,3989.0,09-23-2025,completed,direct,credit_card
6851,2465.0,29.05.2024,completed,social_media,credit_card
6852,4366.0,24/05/2025,completed,email,bank_transfer
6853,4123.0,16.02.2024,completed,referral,credit_card
6854,1980.0,2025-03-11T07:25:52,completed,direct,debit_card
6855,8360.0,22/06/2024,completed,paid_search,paypal
6856,8192.0,20.07.2024,completed,social_media,bank_transfer
6857,7014.0,2024-12-05,completed,direct,paypal
6858,3688.0,14.01.2025,completed,paid_search,credit_card
6859,3411.0,2025-06-09,completed,email,credit_card
6860,6614.0,02/04/2024,completed,paid_search,credit_card
6861,5607.0,16.03.2025,completed,referral,credit_card
6862,5539.0,2024-07-20T07:29:52,completed,direct,paypal
6863,1204.0,05-06-2025,completed,organic_search,credit_card
6864,5698.0,2025-06-19,completed,email,credit_card
6865,8347.0,24/04/2025,completed,email,bank_transfer
6866,,08-29-2025,completed,email,bank_transfer
6867,3133.0,2024-11-20,completed,direct,bank_transfer
6868,4712.0,15.09.2025,completed,organic_search,debit_card
6869,6361.0,14.01.2025,completed,email,credit_card
6870,875.0,03-01-2025,completed,paid_search,debit_card
6871,8070.0,2025-06-27,COMPLETED,direct,bank_transfer
6872,402.0,26.01.2024,completed,paid_search,paypal
6873,7935.0,07-01-2025,completed,paid_search,debit_card
6874,280.0,06-06-2025,completed,email,debit_card
6875,1479.0,05.11.2024,completed,email,debit_card
6876,7416.0,2024-04-14,completed,paid_search,debit_card
6877,7950.0,04-19-2024,completed,email,bank_transfer
6878,9066.0,2025-12-03,completed,email,bank_transfer
6879,1133.0,2025-07-26,cancelled,paid_search,debit_card
6880,4872.0,2024-05-25T12:06:02,returned,organic_search,credit_card
6881,751.0,12-01-2024,completed,social_media,debit_card
6882,1496.0,2025-05-19T04:33:07,cancelled,email,credit_card
6883,1651.0,27.10.2025,completed,organic_search,bank_transfer
6884,615.0,28.02.2024,cancelled,referral,paypal
6885,8256.0,08.09.2024,completed,paid_search,paypal
6886,1223.0,20/11/2025,completed,social_media,credit_card
6887,5802.0,2024-01-13,completed,organic_search,paypal
6888,5767.0,2024-08-07T02:48:29,completed,paid_search,credit_card
6889,1888.0,16/12/2025,completed,social_media,debit_card
6890,9213.0,2025-06-02,COMPLETED,social_media,bank_transfer
6891,3205.0,09-30-2024,completed,direct,paypal
6892,8375.0,2024-03-25,COMPLETED,organic_search,bank_transfer
6893,8752.0,2024-02-08T07:37:40,completed,paid_search,credit_card
6894,8759.0,15/09/2024,completed,paid_search,paypal
6895,6956.0,2025-11-16T12:20:49,COMPLETED,direct,paypal
6896,2385.0,2024-12-30T01:59:56,completed,direct,bank_transfer
6897,1178.0,16/08/2025,completed,paid_search,debit_card
6898,5269.0,01/12/2025,returned,direct,credit_card
6899,3320.0,2024-12-27,completed,paid_search,bank_transfer
6900,7687.0,2024-07-28,completed,paid_search,credit_card
6901,6884.0,26.03.2025,returned,social_media,credit_card
6902,2597.0,2025-11-27T02:01:22,completed,social_media,paypal
6903,174.0,09.10.2025,completed,direct,bank_transfer
6904,2230.0,24.03.2024,returned,social_media,paypal
6905,5240.0,2025-07-28T20:46:23,COMPLETED,paid_search,debit_card
6906,766.0,2025-05-04T02:59:31,completed,social_media,credit_card
6907,6098.0,2025-11-27T17:04:52,cancelled,organic_search,debit_card
6908,6215.0,21.05.2024,completed,direct,paypal
6909,1607.0,08.04.2025,completed,social_media,bank_transfer
6910,5496.0,2025-11-16,completed,social_media,debit_card
6911,5595.0,28/12/2024,cancelled,paid_search,paypal
6912,4413.0,2025-02-27T14:19:04,completed,direct,credit_card
6913,8793.0,2024-03-29T09:58:41,completed,paid_search,credit_card
6914,1056.0,13.10.2024,cancelled,social_media,credit_card
6915,3740.0,2024-11-13T00:02:46,completed,paid_search,paypal
6916,8169.0,11.12.2025,completed,direct,bank_transfer
6917,3556.0,2024-10-16T05:27:18,completed,email,paypal
6918,3919.0,09/02/2025,cancelled,direct,paypal
6919,6184.0,13.07.2025,completed,social_media,debit_card
6920,6162.0,2024-06-29,completed,social_media,bank_transfer
6921,233.0,2025-03-03,completed,paid_search,paypal
6922,4205.0,2025-08-29T09:43:36,cancelled,social_media,paypal
6923,3088.0,11-10-2025,completed,referral,bank_transfer
6924,5790.0,2025-06-11,completed,paid_search,credit_card
6925,5131.0,2025-07-12,completed,referral,debit_card
6926,6020.0,2024-05-25,completed,organic_search,debit_card
6927,6051.0,12-12-2025,completed,email,bank_transfer
6928,2398.0,31/05/2024,cancelled,referral,debit_card
6929,2317.0,2025-09-21T11:42:59,COMPLETED,referral,debit_card
6930,3410.0,2024-10-02,completed,organic_search,debit_card
6931,2278.0,12-07-2025,completed,email,debit_card
6932,6326.0,16/08/2025,completed,referral,paypal
6933,5556.0,07.09.2025,completed,paid_search,paypal
6934,2042.0,2024-08-23,completed,direct,credit_card
6935,8180.0,24.01.2025,completed,direct,paypal
6936,4251.0,05/06/2025,returned,email,paypal
6937,1231.0,2025-09-18,completed,direct,credit_card
6938,2010.0,2024-05-02,completed,referral,bank_transfer
6939,4987.0,18/12/2025,COMPLETED,direct,debit_card
6940,3124.0,2025-11-20T20:53:45,completed,social_media,bank_transfer
6941,7869.0,07.10.2024,completed,social_media,debit_card
6942,4571.0,2025-10-19T06:44:32,completed,organic_search,paypal
6943,8466.0,03-27-2025,completed,email,credit_card
6944,1001.0,2025-02-09T16:24:47,completed,organic_search,bank_transfer
6945,6186.0,08/11/2024,returned,email,bank_transfer
6946,8196.0,11.05.2025,completed,email,bank_transfer
6947,2739.0,23.08.2025,COMPLETED,referral,credit_card
6948,1315.0,2024-12-28T18:26:54,COMPLETED,referral,credit_card
6949,4211.0,06-13-2025,returned,paid_search,debit_card
6950,8868.0,02.08.2025,completed,paid_search,credit_card
6951,5841.0,2025-08-10T21:12:03,completed,paid_search,paypal
6952,5943.0,2024-03-09T11:33:40,completed,social_media,credit_card
6953,6214.0,07/11/2025,completed,referral,bank_transfer
6954,394.0,02-06-2025,completed,paid_search,debit_card
6955,4113.0,30/09/2024,completed,direct,paypal
6956,755.0,2024-09-13,completed,paid_search,debit_card
6957,2929.0,2025-02-28,completed,organic_search,credit_card
6958,7605.0,19/11/2025,completed,social_media,debit_card
6959,6077.0,2024-12-12,completed,social_media,paypal
6960,9188.0,09-05-2025,completed,direct,bank_transfer
6961,1633.0,25.04.2024,completed,referral,paypal
6962,3646.0,02-22-2025,completed,organic_search,debit_card
6963,7492.0,2025-12-28T06:42:40,completed,social_media,credit_card
6964,2036.0,2025-09-18,completed,referral,bank_transfer
6965,1481.0,15/08/2024,completed,organic_search,debit_card
6966,,2025-03-14T06:49:24,completed,social_media,debit_card
6967,3542.0,09-06-2024,completed,paid_search,credit_card
6968,9040.0,2024-12-27T10:41:24,completed,social_media,debit_card
6969,4210.0,09-24-2025,completed,direct,bank_transfer
6970,7960.0,2025-09-19T23:44:42,completed,email,debit_card
6971,8213.0,09-01-2024,completed,direct,paypal
6972,1498.0,2025-12-03T11:53:02,completed,email,paypal
6973,6602.0,19.05.2025,completed,social_media,paypal
6974,2608.0,2024-12-13,completed,referral,credit_card
6975,930.0,2025-03-15,completed,paid_search,bank_transfer
6976,8093.0,27.05.2025,completed,referral,debit_card
6977,2736.0,04-26-2025,completed,paid_search,debit_card
6978,3189.0,03-03-2025,cancelled,email,debit_card
6979,3002.0,2025-03-17T19:54:38,completed,paid_search,bank_transfer
6980,1904.0,13/07/2024,completed,social_media,paypal
6981,4008.0,2025-10-14T14:11:20,completed,email,credit_card
6982,3951.0,13/04/2025,completed,referral,bank_transfer
6983,3761.0,29/05/2024,completed,direct,paypal
6984,,09-15-2025,completed,email,bank_transfer
6985,3140.0,2025-12-07,completed,social_media,credit_card
6986,305.0,12-12-2025,completed,paid_search,credit_card
6987,1688.0,2024-12-07T18:28:58,completed,email,paypal
6988,6661.0,02.06.2024,completed,social_media,credit_card
6989,5438.0,27.03.2025,completed,organic_search,credit_card
6990,8781.0,11.05.2024,completed,organic_search,paypal
6991,6431.0,07.12.2025,completed,social_media,bank_transfer
6992,1847.0,2024-07-21T19:14:48,completed,direct,paypal
6993,1178.0,2024-09-22T15:22:32,completed,social_media,debit_card
6994,4820.0,26.12.2024,cancelled,organic_search,paypal
6995,6160.0,2024-12-14,COMPLETED,direct,debit_card
6996,1572.0,03.10.2025,completed,email,bank_transfer
6997,5547.0,2025-02-05,completed,organic_search,credit_card
6998,8003.0,2024-07-08,COMPLETED,social_media,bank_transfer
6999,6721.0,2024-10-04T01:32:36,completed,referral,debit_card
7000,6155.0,2025-03-20,COMPLETED,email,credit_card
7001,7308.0,2024-06-15,cancelled,social_media,credit_card
7002,1022.0,2025-06-01,completed,direct,bank_transfer
7003,1926.0,04-30-2025,completed,direct,paypal
7004,376.0,13/08/2025,completed,email,debit_card
7005,1390.0,12-09-2025,completed,paid_search,paypal
7006,8458.0,2025-11-29T00:20:33,completed,referral,bank_transfer
7007,2089.0,12-12-2025,completed,organic_search,paypal
7008,6133.0,15.09.2024,completed,social_media,debit_card
7009,6419.0,2024-05-30T06:51:53,returned,paid_search,bank_transfer
7010,5957.0,2024-11-01T12:09:18,cancelled,organic_search,debit_card
7011,5111.0,2025-11-22T22:18:45,completed,organic_search,paypal
7012,4486.0,21.12.2025,completed,organic_search,debit_card
7013,3874.0,07/11/2025,returned,referral,credit_card
7014,8484.0,08.05.2024,completed,referral,paypal
7015,94.0,12-12-2025,completed,paid_search,credit_card
7016,522.0,01-05-2025,COMPLETED,email,debit_card
7017,4551.0,2024-01-14T23:20:59,completed,direct,credit_card
7018,3059.0,01-23-2025,completed,email,credit_card
7019,3758.0,2024-03-02T04:19:23,completed,organic_search,debit_card
7020,9208.0,04-15-2025,completed,email,paypal
7021,7160.0,11-21-2024,COMPLETED,organic_search,debit_card
7022,8114.0,2025-02-20T16:23:51,completed,social_media,credit_card
7023,3396.0,02.06.2025,completed,direct,bank_transfer
7024,2255.0,2025-11-11T00:36:48,COMPLETED,paid_search,paypal
7025,7092.0,06/07/2025,completed,email,credit_card
7026,7479.0,15.01.2025,completed,organic_search,credit_card
7027,5069.0,10-18-2025,completed,social_media,bank_transfer
7028,8286.0,2025-11-26,completed,organic_search,debit_card
7029,8927.0,2024-05-18,completed,direct,credit_card
7030,4353.0,04-06-2025,completed,social_media,credit_card
7031,2092.0,10-18-2024,COMPLETED,email,paypal
7032,4789.0,2024-03-03,completed,paid_search,bank_transfer
7033,9127.0,11/07/2025,completed,email,paypal
7034,2739.0,09/11/2025,completed,organic_search,credit_card
7035,5692.0,2024-06-30,completed,organic_search,bank_transfer
7036,6428.0,13/10/2025,completed,referral,bank_transfer
7037,2018.0,05/11/2025,completed,organic_search,bank_transfer
7038,5411.0,2025-11-30T06:45:00,completed,referral,bank_transfer
7039,2915.0,2024-10-03T22:41:51,completed,direct,credit_card
7040,7899.0,2025-11-26T19:51:49,completed,email,bank_transfer
7041,6594.0,11-11-2024,completed,social_media,bank_transfer
7042,7644.0,04-21-2025,completed,paid_search,credit_card
7043,1898.0,2024-03-07,completed,referral,paypal
7044,344.0,29.02.2024,completed,social_media,paypal
7045,7865.0,2025-08-16T15:40:36,cancelled,referral,paypal
7046,3561.0,25/01/2025,completed,direct,debit_card
7047,1701.0,09-25-2024,completed,organic_search,bank_transfer
7048,901.0,27/07/2024,completed,referral,debit_card
7049,4782.0,07-12-2025,completed,paid_search,paypal
7050,1441.0,2024-01-01T02:50:09,completed,paid_search,paypal
7051,,10/10/2025,completed,email,paypal
7052,6721.0,2024-04-07,completed,email,paypal
7053,,28/07/2024,completed,organic_search,paypal
7054,8363.0,16/12/2024,completed,organic_search,paypal
7055,1496.0,03-01-2025,completed,paid_search,paypal
7056,4563.0,2024-11-30,returned,organic_search,debit_card
7057,1548.0,2024-11-11T01:54:36,completed,paid_search,debit_card
7058,8101.0,2025-12-18T13:21:44,completed,paid_search,paypal
7059,8609.0,22/06/2025,completed,email,credit_card
7060,3677.0,02/02/2024,completed,organic_search,bank_transfer
7061,2855.0,12.01.2025,completed,direct,bank_transfer
7062,2623.0,14/11/2025,completed,email,paypal
7063,7948.0,2024-10-31T23:57:04,returned,email,debit_card
7064,6321.0,23.04.2024,completed,direct,credit_card
7065,8143.0,2025-09-10,completed,organic_search,debit_card
7066,1147.0,28/05/2025,completed,social_media,debit_card
7067,4395.0,03/05/2025,completed,email,credit_card
7068,6255.0,10/03/2024,completed,organic_search,credit_card
7069,8298.0,08.06.2024,completed,referral,bank_transfer
7070,3525.0,08.06.2025,completed,paid_search,bank_transfer
7071,2901.0,13.08.2024,CANCELLED,organic_search,credit_card
7072,8456.0,2025-03-16,completed,direct,debit_card
7073,464.0,2025-04-15T23:39:08,completed,referral,debit_card
7074,4433.0,2024-10-17T13:48:43,completed,direct,paypal
7075,4230.0,13/12/2025,completed,referral,paypal
7076,1400.0,2025-10-31T21:09:59,COMPLETED,organic_search,credit_card
7077,3633.0,08-18-2025,completed,social_media,bank_transfer
7078,6673.0,06.04.2024,completed,paid_search,bank_transfer
7079,3378.0,05-05-2024,cancelled,email,debit_card
7080,2890.0,08.03.2025,cancelled,email,debit_card
7081,7224.0,28.06.2024,completed,social_media,bank_transfer
7082,9119.0,2025-12-24,completed,email,debit_card
7083,7198.0,06-25-2024,returned,email,debit_card
7084,7827.0,03-03-2025,completed,email,debit_card
7085,8667.0,05.12.2024,completed,email,bank_transfer
7086,7432.0,21.06.2025,RETURNED,email,bank_transfer
7087,9042.0,05-27-2024,cancelled,paid_search,paypal
7088,6907.0,12/01/2025,completed,organic_search,paypal
7089,6129.0,10/10/2024,completed,email,debit_card
7090,6425.0,2025-11-19T10:31:19,cancelled,social_media,paypal
7091,8332.0,24/02/2024,completed,paid_search,credit_card
7092,6327.0,11-30-2025,completed,referral,credit_card
7093,7032.0,25.10.2025,completed,social_media,paypal
7094,2039.0,28/10/2024,completed,organic_search,bank_transfer
7095,8453.0,09-30-2025,completed,referral,paypal
7096,4131.0,12.02.2024,completed,referral,debit_card
7097,1530.0,19.12.2025,completed,direct,paypal
7098,7411.0,02/04/2025,completed,paid_search,debit_card
7099,3284.0,2024-11-01,completed,referral,paypal
7100,1749.0,2024-12-04T09:48:21,completed,organic_search,credit_card
7101,2410.0,2024-03-25,completed,direct,bank_transfer
7102,348.0,12-28-2025,completed,paid_search,debit_card
7103,887.0,2024-02-23T05:56:06,completed,direct,debit_card
7104,5459.0,2025-07-01T05:45:45,completed,organic_search,paypal
7105,8014.0,2025-01-23,completed,email,debit_card
7106,4146.0,12-13-2025,completed,referral,credit_card
7107,5771.0,16/09/2024,completed,paid_search,paypal
7108,7494.0,2025-04-06,completed,referral,credit_card
7109,3287.0,28.02.2025,completed,social_media,bank_transfer
7110,6058.0,05/08/2025,completed,social_media,bank_transfer
7111,3236.0,2024-03-27T15:19:31,completed,organic_search,debit_card
7112,5933.0,31.07.2024,completed,email,debit_card
7113,2054.0,19/08/2024,completed,email,paypal
7114,9022.0,2025-08-29,completed,direct,credit_card
7115,746.0,07-26-2024,completed,email,credit_card
7116,4673.0,2025-05-05,returned,organic_search,bank_transfer
7117,2683.0,2024-08-20,completed,paid_search,credit_card
7118,5541.0,11-08-2025,completed,referral,paypal
7119,3951.0,2025-12-10T15:31:50,completed,organic_search,debit_card
7120,2863.0,2025-03-27,cancelled,paid_search,bank_transfer
7121,2350.0,11-29-2024,completed,paid_search,credit_card
7122,1731.0,2024-09-06,cancelled,referral,credit_card
7123,7234.0,06.03.2024,cancelled,referral,debit_card
7124,2090.0,10-05-2024,completed,social_media,paypal
7125,7141.0,2025-07-01T17:31:47,returned,referral,debit_card
7126,4478.0,2025-04-07T16:22:06,completed,email,debit_card
7127,708.0,11.12.2025,completed,social_media,bank_transfer
7128,1570.0,2024-12-21,completed,direct,debit_card
7129,8256.0,29.07.2025,completed,organic_search,paypal
7130,5556.0,05/03/2025,completed,paid_search,debit_card
7131,1750.0,2025-03-23T20:23:06,completed,organic_search,credit_card
7132,6515.0,2024-10-05T01:52:24,completed,direct,credit_card
7133,7616.0,03.02.2025,completed,organic_search,bank_transfer
7134,3061.0,02-17-2025,COMPLETED,organic_search,credit_card
7135,5140.0,2025-08-07,completed,paid_search,debit_card
7136,2744.0,2025-12-10,cancelled,paid_search,debit_card
7137,776.0,2024-11-16,completed,direct,credit_card
7138,3671.0,2024-02-26T15:58:16,completed,social_media,credit_card
7139,6944.0,10.03.2025,completed,social_media,debit_card
7140,4231.0,04-15-2025,completed,social_media,credit_card
7141,3726.0,2024-07-05,completed,referral,credit_card
7142,3373.0,12.09.2025,completed,email,paypal
7143,4234.0,26.12.2025,returned,direct,bank_transfer
7144,2954.0,12.12.2025,completed,email,credit_card
7145,5645.0,03.08.2024,completed,direct,bank_transfer
7146,618.0,2025-11-14,COMPLETED,email,debit_card
7147,7477.0,08-06-2025,completed,email,bank_transfer
7148,1643.0,02-02-2025,completed,paid_search,credit_card
7149,5841.0,2025-04-12,COMPLETED,social_media,credit_card
7150,4154.0,2025-11-03T16:22:03,completed,direct,debit_card
7151,7141.0,26.02.2025,completed,email,bank_transfer
7152,7642.0,12-09-2024,completed,social_media,credit_card
7153,1930.0,08.03.2025,completed,email,paypal
7154,6262.0,2025-05-09,completed,referral,credit_card
7155,1803.0,2024-07-26T06:00:45,completed,paid_search,paypal
7156,1203.0,24/11/2025,completed,organic_search,debit_card
7157,8596.0,15/07/2025,completed,direct,paypal
7158,1559.0,16/06/2025,completed,email,debit_card
7159,2149.0,2024-04-28,completed,social_media,debit_card
7160,1264.0,27.05.2025,completed,direct,paypal
7161,4346.0,05-19-2024,completed,organic_search,paypal
7162,8509.0,2024-04-07T02:34:31,cancelled,direct,credit_card
7163,2486.0,03/04/2025,completed,direct,credit_card
7164,5006.0,2024-12-24,completed,organic_search,paypal
7165,3783.0,16/05/2025,completed,email,paypal
7166,3103.0,2024-04-18T06:31:21,completed,referral,credit_card
7167,5291.0,2025-01-12T18:26:44,completed,organic_search,paypal
7168,5161.0,2024-07-12,completed,organic_search,paypal
7169,3312.0,2025-12-27,completed,referral,credit_card
7170,7865.0,27.04.2025,COMPLETED,email,paypal
7171,521.0,25/07/2025,completed,email,bank_transfer
7172,828.0,2024-11-14T17:59:07,returned,social_media,debit_card
7173,9141.0,04-23-2024,cancelled,organic_search,credit_card
7174,6911.0,2025-12-23,completed,social_media,credit_card
7175,7454.0,2024-10-19,completed,social_media,debit_card
7176,5554.0,2025-01-05T05:57:21,completed,social_media,paypal
7177,3873.0,28.06.2025,completed,paid_search,paypal
7178,5802.0,2024-02-04,returned,email,debit_card
7179,908.0,12.10.2025,completed,social_media,debit_card
7180,6999.0,2025-04-09T08:38:23,COMPLETED,direct,debit_card
7181,4994.0,13.10.2024,completed,paid_search,credit_card
7182,8829.0,03-19-2024,completed,paid_search,bank_transfer
7183,5876.0,29/06/2024,completed,direct,bank_transfer
7184,1458.0,2025-11-22,cancelled,paid_search,credit_card
7185,4410.0,07-24-2025,returned,paid_search,paypal
7186,571.0,2024-09-20T18:58:29,cancelled,direct,debit_card
7187,6890.0,2024-03-24,completed,email,debit_card
7188,4639.0,27/07/2025,completed,referral,paypal
7189,3403.0,2025-05-05,completed,direct,credit_card
7190,8940.0,2024-12-25,completed,referral,paypal
7191,8674.0,05.12.2024,completed,paid_search,bank_transfer
7192,8789.0,08-21-2024,completed,direct,paypal
7193,2075.0,2025-07-12T18:14:39,COMPLETED,direct,debit_card
7194,6729.0,2025-12-21T15:44:08,CANCELLED,organic_search,bank_transfer
7195,8725.0,07-13-2024,completed,referral,bank_transfer
7196,5278.0,2025-05-22,cancelled,organic_search,paypal
7197,2021.0,2025-01-06T12:32:49,cancelled,paid_search,paypal
7198,7573.0,2025-01-27,completed,email,bank_transfer
7199,8136.0,23.09.2024,completed,social_media,debit_card
7200,6509.0,10-21-2025,completed,social_media,paypal
7201,2745.0,03-02-2025,returned,social_media,bank_transfer
7202,1811.0,04-14-2025,completed,organic_search,paypal
7203,5753.0,02/11/2024,completed,referral,credit_card
7204,4468.0,2024-07-19,completed,organic_search,credit_card
7205,6188.0,14.04.2024,completed,social_media,bank_transfer
7206,1095.0,08-12-2025,completed,referral,debit_card
7207,1318.0,02.08.2024,completed,social_media,paypal
7208,3345.0,2025-07-27,completed,direct,credit_card
7209,2429.0,18/12/2024,completed,organic_search,bank_transfer
7210,5708.0,2024-12-30T05:45:04,completed,email,credit_card
7211,3385.0,2025-02-16T16:15:21,completed,paid_search,debit_card
7212,6339.0,07.12.2024,completed,email,debit_card
7213,7100.0,29.04.2024,completed,social_media,paypal
7214,1777.0,11-05-2024,completed,paid_search,bank_transfer
7215,8511.0,2025-07-08,completed,social_media,credit_card
7216,,07-09-2025,completed,social_media,credit_card
7217,5778.0,2024-10-19T05:15:20,cancelled,email,debit_card
7218,8417.0,08/02/2025,completed,direct,credit_card
7219,2502.0,30/07/2024,completed,direct,bank_transfer
7220,3893.0,2024-08-15,completed,social_media,bank_transfer
7221,836.0,02.02.2024,completed,social_media,bank_transfer
7222,4209.0,2025-11-23T06:58:03,completed,social_media,paypal
7223,4686.0,16.08.2024,completed,direct,paypal
7224,5677.0,31.08.2024,completed,email,paypal
7225,623.0,2024-10-14T03:48:16,completed,organic_search,credit_card
7226,322.0,26/05/2024,COMPLETED,referral,credit_card
7227,3874.0,2025-06-21T01:00:37,COMPLETED,paid_search,debit_card
7228,1794.0,2024-04-03,completed,referral,debit_card
7229,7006.0,01.06.2024,completed,direct,bank_transfer
7230,6188.0,24/06/2025,completed,direct,bank_transfer
7231,3017.0,22.11.2024,returned,paid_search,bank_transfer
7232,445.0,2025-08-08,completed,paid_search,debit_card
7233,1730.0,04-24-2025,completed,referral,bank_transfer
7234,6419.0,25.09.2024,completed,referral,paypal
7235,9134.0,06-29-2025,completed,organic_search,debit_card
7236,3022.0,2024-05-15T04:46:31,completed,direct,debit_card
7237,7434.0,04-09-2025,completed,direct,paypal
7238,8024.0,18.01.2025,completed,social_media,debit_card
7239,472.0,10-05-2024,COMPLETED,referral,credit_card
7240,8475.0,26/05/2025,completed,email,bank_transfer
7241,4307.0,12/11/2025,completed,organic_search,bank_transfer
7242,8896.0,2025-12-31,completed,organic_search,paypal
7243,4976.0,05-29-2025,completed,organic_search,paypal
7244,2211.0,2024-12-25T08:08:56,cancelled,social_media,paypal
7245,8989.0,2024-08-29,completed,direct,bank_transfer
7246,2291.0,2024-09-26T11:04:31,completed,paid_search,bank_transfer
7247,8164.0,25/02/2025,returned,direct,paypal
7248,1642.0,2024-12-06T05:51:56,completed,email,bank_transfer
7249,6247.0,2025-11-30,cancelled,referral,bank_transfer
7250,3782.0,07.12.2024,completed,email,credit_card
7251,8966.0,09/12/2024,completed,email,paypal
7252,1753.0,14/12/2024,CANCELLED,paid_search,credit_card
7253,3761.0,2025-10-28T01:30:16,completed,email,debit_card
7254,5900.0,2025-06-29,completed,direct,bank_transfer
7255,9021.0,06-03-2025,completed,organic_search,paypal
7256,2835.0,2024-11-19T18:10:47,completed,referral,debit_card
7257,3645.0,17/10/2025,returned,social_media,debit_card
7258,4264.0,2024-02-21,COMPLETED,direct,paypal
7259,2375.0,12.11.2025,returned,referral,credit_card
7260,7569.0,23.03.2025,completed,organic_search,bank_transfer
7261,903.0,12-22-2024,completed,direct,bank_transfer
7262,6519.0,11/03/2025,COMPLETED,email,bank_transfer
7263,4934.0,2025-07-11T12:07:35,completed,organic_search,credit_card
7264,2278.0,19/01/2024,completed,referral,paypal
7265,4553.0,11-12-2025,completed,paid_search,debit_card
7266,7676.0,27/01/2025,completed,paid_search,paypal
7267,4110.0,2024-11-24,completed,direct,credit_card
7268,1186.0,06-05-2024,completed,social_media,paypal
7269,404.0,2025-01-20T06:44:28,cancelled,referral,debit_card
7270,7182.0,2025-03-10T14:10:11,completed,social_media,paypal
7271,3058.0,24.12.2024,completed,social_media,debit_card
7272,8599.0,2025-07-19T19:31:33,completed,referral,credit_card
7273,5687.0,01-03-2025,completed,social_media,debit_card
7274,4024.0,12-17-2025,completed,referral,debit_card
7275,5215.0,05-23-2025,completed,paid_search,bank_transfer
7276,4216.0,2025-10-11T17:09:48,completed,referral,bank_transfer
7277,8383.0,2024-05-08T08:44:21,completed,email,paypal
7278,4224.0,21.12.2024,completed,email,paypal
7279,1022.0,2024-11-20T17:38:16,completed,direct,paypal
7280,5506.0,05-03-2025,COMPLETED,direct,bank_transfer
7281,5741.0,08.11.2025,completed,email,paypal
7282,7064.0,04-06-2024,completed,paid_search,credit_card
7283,8613.0,03-31-2024,completed,referral,paypal
7284,4086.0,11-03-2025,completed,email,paypal
7285,3249.0,18/08/2024,COMPLETED,referral,debit_card
7286,4535.0,07-12-2025,completed,direct,paypal
7287,8333.0,2025-04-14T05:32:24,completed,social_media,debit_card
7288,9038.0,25.10.2025,completed,social_media,paypal
7289,8961.0,23/05/2024,completed,referral,credit_card
7290,2164.0,28/05/2024,returned,organic_search,bank_transfer
7291,4585.0,2025-04-24,completed,email,debit_card
7292,2437.0,2025-12-12,completed,referral,paypal
7293,3389.0,12-30-2024,completed,referral,debit_card
7294,314.0,15.11.2024,completed,email,debit_card
7295,1525.0,28.05.2025,completed,email,credit_card
7296,3646.0,06/12/2025,completed,direct,paypal
7297,3360.0,2025-10-28T20:13:25,completed,social_media,credit_card
7298,2618.0,30.12.2025,completed,email,credit_card
7299,2166.0,01.02.2024,completed,referral,bank_transfer
7300,6921.0,05-11-2024,completed,paid_search,paypal
7301,2748.0,30.05.2025,completed,email,paypal
7302,6534.0,10-18-2025,completed,social_media,credit_card
7303,3397.0,10-19-2024,completed,paid_search,debit_card
7304,7434.0,2024-09-10T18:49:52,completed,direct,paypal
7305,1588.0,2025-09-28,completed,referral,bank_transfer
7306,1496.0,2024-03-14T07:08:31,completed,direct,debit_card
7307,6290.0,2024-12-07,completed,social_media,credit_card
7308,8466.0,2025-03-18T03:08:59,COMPLETED,email,paypal
7309,1371.0,26.04.2025,completed,direct,debit_card
7310,720.0,2025-08-22T05:54:05,completed,referral,bank_transfer
7311,8622.0,30/11/2024,completed,social_media,credit_card
7312,1145.0,01.06.2025,completed,organic_search,credit_card
7313,2354.0,05-14-2025,completed,email,bank_transfer
7314,8596.0,17.04.2025,completed,organic_search,credit_card
7315,7445.0,2025-06-21T14:43:23,COMPLETED,email,credit_card
7316,3165.0,28.09.2024,completed,paid_search,paypal
7317,8808.0,04-13-2024,completed,social_media,debit_card
7318,5249.0,05-18-2024,completed,email,credit_card
7319,708.0,2024-08-28T11:33:08,completed,email,bank_transfer
7320,6508.0,2025-03-13T21:19:07,completed,paid_search,debit_card
7321,4961.0,2025-10-30T22:32:44,completed,email,paypal
7322,5295.0,03.08.2025,returned,email,bank_transfer
7323,9176.0,30/09/2025,completed,email,credit_card
7324,1470.0,2024-11-28,completed,social_media,paypal
7325,6082.0,12-25-2024,cancelled,paid_search,credit_card
7326,4231.0,19.12.2024,cancelled,email,credit_card
7327,2548.0,29/07/2024,COMPLETED,referral,bank_transfer
7328,6428.0,19.03.2024,returned,paid_search,bank_transfer
7329,6183.0,18.05.2025,completed,direct,paypal
7330,7921.0,28/12/2025,completed,organic_search,bank_transfer
7331,8129.0,07-04-2024,COMPLETED,email,debit_card
7332,5187.0,2024-03-03T23:05:46,completed,referral,credit_card
7333,3014.0,2025-09-24T14:06:27,completed,social_media,paypal
7334,4897.0,2024-09-22T08:02:32,COMPLETED,organic_search,credit_card
7335,3311.0,24/10/2025,completed,paid_search,credit_card
7336,2606.0,2025-08-05T21:58:24,completed,email,paypal
7337,5087.0,12.12.2025,cancelled,social_media,debit_card
7338,6095.0,12-27-2024,completed,email,bank_transfer
7339,5435.0,07-06-2025,completed,referral,paypal
7340,8806.0,2025-02-12T13:27:58,completed,organic_search,bank_transfer
7341,2786.0,2025-06-14,cancelled,direct,debit_card
7342,3432.0,01-30-2025,completed,direct,paypal
7343,6178.0,2024-07-26,completed,paid_search,paypal
7344,5536.0,2025-03-19,completed,organic_search,bank_transfer
7345,18.0,04.04.2025,completed,direct,paypal
7346,2894.0,2025-10-12T05:22:08,completed,organic_search,bank_transfer
7347,2385.0,2025-08-27T23:07:27,completed,email,debit_card
7348,7768.0,2025-07-08,completed,email,paypal
7349,8014.0,2024-05-12,completed,paid_search,paypal
7350,2668.0,08-17-2025,cancelled,social_media,credit_card
7351,1004.0,03-13-2025,cancelled,email,bank_transfer
7352,1940.0,22/11/2025,completed,referral,paypal
7353,1668.0,02/12/2025,completed,direct,credit_card
7354,2232.0,12.03.2024,completed,social_media,credit_card
7355,2206.0,18/10/2025,returned,direct,bank_transfer
7356,4434.0,21.02.2024,completed,referral,debit_card
7357,2968.0,2024-12-06T08:35:07,completed,social_media,bank_transfer
7358,5173.0,13/04/2025,returned,direct,credit_card
7359,3180.0,15/06/2024,cancelled,referral,paypal
7360,7542.0,03.09.2025,completed,email,debit_card
7361,8776.0,12/01/2024,completed,organic_search,paypal
7362,3713.0,2024-07-06T05:56:41,cancelled,direct,paypal
7363,484.0,11.05.2025,cancelled,email,paypal
7364,2255.0,08-12-2025,completed,referral,bank_transfer
7365,1001.0,01.12.2025,returned,email,credit_card
7366,3185.0,2025-08-06T19:30:24,completed,organic_search,credit_card
7367,5955.0,14/07/2025,completed,paid_search,bank_transfer
7368,4805.0,2024-12-20,completed,direct,debit_card
7369,2288.0,2024-01-02,completed,paid_search,bank_transfer
7370,7083.0,18.05.2024,cancelled,direct,paypal
7371,1276.0,08.04.2025,completed,referral,debit_card
7372,2150.0,16/07/2025,returned,social_media,debit_card
7373,6254.0,2024-12-31,completed,paid_search,debit_card
7374,1874.0,23/08/2025,completed,organic_search,debit_card
7375,6280.0,03-30-2025,completed,organic_search,debit_card
7376,9013.0,02.04.2024,completed,social_media,bank_transfer
7377,7691.0,07-29-2024,completed,direct,credit_card
7378,1517.0,10-30-2025,completed,social_media,bank_transfer
7379,4818.0,2025-08-20T19:02:48,completed,organic_search,bank_transfer
7380,3899.0,11-22-2025,completed,social_media,paypal
7381,9152.0,16.05.2024,completed,organic_search,bank_transfer
7382,8898.0,28/12/2025,returned,direct,credit_card
7383,1231.0,2024-08-14,completed,email,credit_card
7384,8415.0,01-17-2024,completed,social_media,paypal
7385,1838.0,2025-12-31,completed,referral,debit_card
7386,2966.0,2024-10-15T02:10:59,cancelled,organic_search,debit_card
7387,3258.0,11.07.2025,completed,organic_search,bank_transfer
7388,2689.0,14/07/2024,completed,email,credit_card
7389,7889.0,2025-05-10,completed,organic_search,debit_card
7390,3052.0,26.11.2025,completed,direct,debit_card
7391,7567.0,2024-11-11,completed,direct,bank_transfer
7392,9179.0,13.07.2025,completed,social_media,paypal
7393,7775.0,2024-07-25,completed,paid_search,bank_transfer
7394,3195.0,2025-06-10T23:59:55,completed,social_media,credit_card
7395,6579.0,20/11/2024,completed,referral,paypal
7396,4934.0,2024-08-16,cancelled,social_media,paypal
7397,7274.0,07.11.2024,completed,email,paypal
7398,1478.0,2024-07-16T23:27:16,completed,referral,bank_transfer
7399,5884.0,2025-11-25,completed,email,paypal
7400,7142.0,12-21-2024,completed,paid_search,bank_transfer
7401,7032.0,09-16-2024,cancelled,direct,debit_card
7402,8891.0,2025-01-29T13:57:57,completed,referral,debit_card
7403,577.0,11/11/2024,completed,direct,paypal
7404,3191.0,2025-09-02,completed,referral,paypal
7405,4400.0,12-21-2025,completed,paid_search,paypal
7406,2890.0,01-19-2025,completed,social_media,debit_card
7407,2890.0,08/11/2025,completed,paid_search,debit_card
7408,1666.0,2025-04-30,completed,social_media,debit_card
7409,7523.0,2024-06-24,completed,email,debit_card
7410,8407.0,2025-07-27,completed,referral,debit_card
7411,803.0,2025-03-23T18:21:51,completed,paid_search,credit_card
7412,1492.0,28/06/2025,completed,paid_search,paypal
7413,2153.0,20.11.2025,COMPLETED,referral,debit_card
7414,4712.0,21/01/2025,cancelled,social_media,paypal
7415,7325.0,2025-11-24,completed,organic_search,paypal
7416,701.0,06/09/2025,completed,organic_search,debit_card
7417,5867.0,2025-03-04T16:39:44,completed,paid_search,paypal
7418,1431.0,05-26-2025,completed,social_media,paypal
7419,8962.0,14.11.2024,completed,social_media,credit_card
7420,8318.0,12-26-2025,completed,organic_search,paypal
7421,8762.0,10/07/2025,completed,direct,bank_transfer
7422,1037.0,28/02/2024,completed,referral,debit_card
7423,4507.0,15/11/2024,COMPLETED,organic_search,credit_card
7424,1568.0,2025-06-09T10:21:49,completed,direct,debit_card
7425,5536.0,2024-03-14,completed,direct,bank_transfer
7426,2190.0,02-03-2024,completed,referral,credit_card
7427,7117.0,30.01.2025,completed,referral,debit_card
7428,5944.0,18.11.2024,returned,referral,credit_card
7429,5286.0,19/01/2025,completed,organic_search,debit_card
7430,7633.0,2024-09-30T05:56:56,returned,paid_search,debit_card
7431,4622.0,07-02-2024,COMPLETED,email,paypal
7432,2538.0,2025-07-26T14:39:51,completed,paid_search,bank_transfer
7433,5720.0,24/03/2025,completed,organic_search,bank_transfer
7434,8834.0,08-06-2024,completed,email,bank_transfer
7435,5543.0,11-10-2024,completed,organic_search,bank_transfer
7436,5803.0,18/05/2025,completed,paid_search,credit_card
7437,8623.0,2024-03-31,completed,email,paypal
7438,4770.0,15.06.2024,completed,direct,paypal
7439,9195.0,04-01-2024,completed,social_media,paypal
7440,1514.0,13.10.2025,completed,direct,credit_card
7441,4958.0,07.09.2025,completed,social_media,paypal
7442,2010.0,2025-09-07T08:46:42,completed,direct,debit_card
7443,4182.0,2025-08-14T20:12:20,completed,email,debit_card
7444,1618.0,12.07.2025,completed,referral,bank_transfer
7445,2091.0,2025-02-23T19:19:48,cancelled,referral,bank_transfer
7446,1993.0,22.06.2025,completed,social_media,credit_card
7447,2972.0,21.02.2024,returned,direct,credit_card
7448,1305.0,2025-06-08T10:42:34,completed,email,debit_card
7449,7492.0,2025-09-23,completed,paid_search,bank_transfer
7450,2073.0,2025-03-13T12:36:04,completed,referral,bank_transfer
7451,3836.0,2024-12-01T13:06:53,completed,organic_search,credit_card
7452,163.0,10-12-2024,completed,social_media,paypal
7453,1023.0,23.06.2025,completed,organic_search,bank_transfer
7454,8288.0,2025-07-29T08:25:52,completed,direct,credit_card
7455,7741.0,2025-11-12T12:43:17,completed,social_media,paypal
7456,7776.0,11-23-2024,cancelled,paid_search,paypal
7457,3782.0,2025-09-18T02:20:59,COMPLETED,direct,debit_card
7458,1360.0,27/04/2025,completed,organic_search,debit_card
7459,1053.0,11-17-2025,completed,organic_search,credit_card
7460,5582.0,03.04.2025,returned,paid_search,paypal
7461,7658.0,03-27-2025,completed,referral,paypal
7462,8332.0,09.05.2025,completed,social_media,credit_card
7463,2706.0,05.09.2025,completed,direct,paypal
7464,2980.0,2025-12-19,completed,organic_search,bank_transfer
7465,994.0,2024-04-02T19:58:00,completed,social_media,bank_transfer
7466,7151.0,03-10-2024,completed,direct,debit_card
7467,2591.0,12-09-2025,completed,email,bank_transfer
7468,4447.0,04-05-2025,completed,email,paypal
7469,8590.0,2025-06-03T15:40:36,cancelled,email,paypal
7470,6954.0,2025-02-28,completed,social_media,credit_card
7471,516.0,2024-04-22,completed,paid_search,credit_card
7472,81.0,2025-09-17,COMPLETED,referral,debit_card
7473,7284.0,03/09/2025,completed,organic_search,bank_transfer
7474,5095.0,2024-11-06,completed,referral,bank_transfer
7475,6648.0,11-03-2024,completed,email,paypal
7476,1496.0,2025-10-28,completed,organic_search,credit_card
7477,8062.0,03-31-2024,completed,direct,bank_transfer
7478,7139.0,11-16-2025,cancelled,paid_search,bank_transfer
7479,8237.0,25.09.2024,completed,organic_search,credit_card
7480,3152.0,2025-05-19T21:24:56,completed,paid_search,paypal
7481,2591.0,08.12.2025,completed,direct,credit_card
7482,1458.0,2025-07-18T12:21:58,completed,organic_search,debit_card
7483,8596.0,2024-12-29T07:57:13,completed,organic_search,paypal
7484,1671.0,2025-07-26T01:21:02,completed,email,bank_transfer
7485,1168.0,2024-11-24T10:35:18,completed,direct,debit_card
7486,1829.0,12.10.2024,completed,direct,bank_transfer
7487,7118.0,30/12/2025,completed,direct,paypal
7488,8227.0,09-06-2025,cancelled,organic_search,bank_transfer
7489,7503.0,2025-06-24,completed,organic_search,paypal
7490,5202.0,2024-11-30T04:11:36,cancelled,direct,debit_card
7491,9173.0,2024-03-06T16:40:47,COMPLETED,paid_search,bank_transfer
7492,674.0,12.02.2024,completed,direct,bank_transfer
7493,8025.0,22/04/2025,completed,paid_search,paypal
7494,3948.0,09-13-2025,completed,social_media,bank_transfer
7495,4201.0,10/04/2025,completed,email,credit_card
7496,1237.0,2025-10-30,CANCELLED,social_media,credit_card
7497,332.0,02-15-2024,COMPLETED,referral,bank_transfer
7498,2937.0,06.12.2024,completed,referral,bank_transfer
7499,1655.0,2024-09-08,completed,organic_search,bank_transfer
7500,4471.0,2025-01-27T16:34:18,completed,organic_search,credit_card
7501,1411.0,31.03.2024,completed,direct,paypal
7502,1329.0,2025-12-15T23:45:44,completed,organic_search,bank_transfer
7503,8113.0,27.08.2024,completed,organic_search,credit_card
7504,8524.0,03.12.2025,completed,paid_search,bank_transfer
7505,8896.0,08/01/2025,completed,referral,bank_transfer
7506,6301.0,26/12/2025,completed,paid_search,credit_card
7507,7117.0,2025-04-22,completed,direct,debit_card
7508,7732.0,2025-12-06,completed,paid_search,credit_card
7509,6107.0,08/01/2024,returned,referral,credit_card
7510,3056.0,04.09.2025,completed,social_media,paypal
7511,1496.0,25.11.2025,completed,referral,debit_card
7512,2230.0,07.06.2024,completed,social_media,bank_transfer
7513,7775.0,2024-04-25,completed,direct,bank_transfer
7514,6443.0,06.01.2025,completed,paid_search,debit_card
7515,4206.0,07.12.2025,completed,organic_search,paypal
7516,293.0,2025-04-13T12:34:21,completed,paid_search,credit_card
7517,2506.0,03/04/2025,completed,email,bank_transfer
7518,6734.0,08.06.2024,completed,social_media,debit_card
7519,4740.0,2024-01-02,cancelled,organic_search,bank_transfer
7520,4020.0,2025-10-12T19:22:00,completed,direct,bank_transfer
7521,2907.0,04-16-2024,completed,direct,paypal
7522,5595.0,2025-06-17T19:38:24,completed,direct,credit_card
7523,8917.0,30/11/2025,completed,paid_search,bank_transfer
7524,8344.0,14.08.2024,completed,social_media,debit_card
7525,307.0,07-09-2025,cancelled,paid_search,bank_transfer
7526,4447.0,2024-04-07T19:40:26,completed,referral,debit_card
7527,3045.0,05-26-2025,completed,paid_search,bank_transfer
7528,4728.0,01/07/2024,completed,direct,debit_card
7529,5590.0,08-27-2025,completed,paid_search,bank_transfer
7530,1902.0,2024-10-31,completed,email,credit_card
7531,7221.0,11.02.2025,completed,referral,debit_card
7532,4388.0,23.05.2025,completed,social_media,bank_transfer
7533,9156.0,2024-07-08T13:20:49,completed,social_media,paypal
7534,256.0,08-31-2025,completed,email,bank_transfer
7535,1801.0,2024-11-01T23:52:14,returned,direct,bank_transfer
7536,6396.0,07-07-2025,completed,referral,debit_card
7537,6440.0,25.06.2024,cancelled,paid_search,bank_transfer
7538,5361.0,25/07/2025,completed,direct,bank_transfer
7539,8965.0,05-26-2024,cancelled,direct,credit_card
7540,3824.0,07.01.2025,completed,email,bank_transfer
7541,3842.0,17/09/2024,COMPLETED,social_media,credit_card
7542,8435.0,04/09/2025,cancelled,referral,credit_card
7543,4974.0,2024-09-30,COMPLETED,social_media,debit_card
7544,3261.0,11-16-2025,cancelled,direct,paypal
7545,6639.0,11-21-2025,completed,direct,paypal
7546,5711.0,02/08/2024,returned,social_media,debit_card
7547,2860.0,02/06/2025,completed,referral,bank_transfer
7548,2779.0,2024-04-16T15:59:08,completed,referral,bank_transfer
7549,3633.0,2024-12-18,completed,paid_search,paypal
7550,702.0,08-12-2025,completed,direct,bank_transfer
7551,8697.0,2025-07-05T10:50:17,completed,email,bank_transfer
7552,1738.0,06-10-2025,completed,referral,paypal
7553,1843.0,2024-10-16,completed,email,debit_card
7554,5977.0,2024-12-12T20:45:13,completed,paid_search,debit_card
7555,6691.0,05-01-2024,completed,organic_search,credit_card
7556,6815.0,2025-08-16,completed,email,paypal
7557,3459.0,2025-03-16T03:28:13,completed,email,credit_card
7558,8077.0,2025-08-09,completed,email,paypal
7559,5024.0,2024-09-19T17:34:41,completed,direct,paypal
7560,4040.0,2024-11-13,returned,organic_search,credit_card
7561,7499.0,2024-11-19,cancelled,organic_search,debit_card
7562,2293.0,05/02/2024,completed,email,credit_card
7563,7950.0,2024-11-23T05:31:24,completed,referral,debit_card
7564,4976.0,2025-10-08,completed,direct,bank_transfer
7565,8332.0,23.11.2025,COMPLETED,social_media,bank_transfer
7566,1914.0,27/03/2025,completed,social_media,credit_card
7567,8637.0,2025-02-04T20:23:45,completed,email,debit_card
7568,6382.0,12/02/2024,returned,direct,bank_transfer
7569,5698.0,15.11.2025,completed,social_media,debit_card
7570,3897.0,19.01.2024,completed,organic_search,bank_transfer
7571,8826.0,12-11-2025,completed,paid_search,debit_card
7572,4095.0,2025-03-05T14:09:29,returned,referral,paypal
7573,4603.0,11-23-2024,completed,paid_search,debit_card
7574,7220.0,04.12.2025,completed,referral,paypal
7575,2674.0,03/02/2024,COMPLETED,social_media,paypal
7576,2728.0,05-11-2025,completed,referral,credit_card
7577,7161.0,18/04/2025,completed,social_media,paypal
7578,1247.0,08-24-2024,completed,organic_search,paypal
7579,7615.0,10.01.2025,returned,referral,paypal
7580,5763.0,2025-06-30T08:03:14,completed,direct,debit_card
7581,4978.0,2025-08-21T17:20:39,completed,paid_search,paypal
7582,2159.0,2024-01-02,completed,email,debit_card
7583,7272.0,12-08-2025,completed,paid_search,paypal
7584,7462.0,01.07.2024,completed,referral,paypal
7585,4468.0,2024-09-06,completed,paid_search,paypal
7586,3585.0,2024-10-01,completed,email,debit_card
7587,2316.0,02-21-2024,completed,email,paypal
7588,6972.0,21/05/2024,completed,paid_search,paypal
7589,5897.0,27/12/2025,completed,referral,bank_transfer
7590,1953.0,08.11.2024,completed,referral,debit_card
7591,7357.0,05-14-2024,completed,organic_search,debit_card
7592,8161.0,2024-05-05T12:53:10,completed,social_media,bank_transfer
7593,583.0,16.08.2025,COMPLETED,direct,credit_card
7594,7130.0,05.11.2025,completed,social_media,paypal
7595,7885.0,2024-09-26T03:41:42,completed,referral,credit_card
7596,9151.0,30/01/2024,COMPLETED,direct,paypal
7597,2234.0,27/08/2024,completed,referral,credit_card
7598,3418.0,2024-03-14T01:48:14,completed,direct,bank_transfer
7599,8915.0,05-02-2024,completed,email,bank_transfer
7600,922.0,13.01.2025,completed,organic_search,credit_card
7601,4847.0,2024-09-02T19:27:14,completed,direct,bank_transfer
7602,4690.0,25.03.2025,completed,direct,bank_transfer
7603,5593.0,2024-09-23T15:22:03,completed,referral,credit_card
7604,3062.0,12-10-2025,completed,paid_search,bank_transfer
7605,8566.0,2025-11-26,completed,direct,debit_card
7606,2540.0,01/05/2025,completed,organic_search,bank_transfer
7607,6007.0,2024-11-30T14:57:47,completed,referral,credit_card
7608,4579.0,13/12/2024,completed,social_media,paypal
7609,2510.0,28.12.2024,completed,email,debit_card
7610,1790.0,2025-08-21,completed,direct,bank_transfer
7611,8828.0,01.02.2025,cancelled,email,credit_card
7612,5182.0,06.11.2025,completed,direct,credit_card
7613,5568.0,11.12.2025,completed,paid_search,credit_card
7614,7234.0,2024-11-20T19:10:52,COMPLETED,referral,paypal
7615,789.0,2025-04-26T04:10:32,completed,direct,bank_transfer
7616,6587.0,2024-04-23,completed,organic_search,bank_transfer
7617,1567.0,2024-08-06T07:13:24,completed,social_media,bank_transfer
7618,6844.0,29/12/2024,completed,paid_search,paypal
7619,1359.0,2024-08-11,completed,referral,paypal
7620,7704.0,2025-11-14T04:57:22,completed,paid_search,debit_card
7621,6308.0,2024-06-25,completed,referral,bank_transfer
7622,3556.0,02-04-2025,completed,direct,paypal
7623,3305.0,05-28-2025,cancelled,social_media,bank_transfer
7624,1427.0,28.07.2025,completed,email,debit_card
7625,8364.0,14.12.2024,completed,email,paypal
7626,1158.0,2025-11-11T02:08:56,completed,social_media,debit_card
7627,4364.0,2025-05-02,completed,referral,paypal
7628,2225.0,2025-01-20,cancelled,paid_search,debit_card
7629,9195.0,26.03.2024,completed,email,paypal
7630,5386.0,12.02.2025,cancelled,email,paypal
7631,1435.0,2025-10-18T05:22:28,cancelled,paid_search,paypal
7632,6177.0,2025-06-03,completed,social_media,paypal
7633,9152.0,2025-10-25T10:01:21,cancelled,organic_search,credit_card
7634,5578.0,03-09-2025,cancelled,paid_search,debit_card
7635,4219.0,17.05.2024,completed,referral,credit_card
7636,2742.0,2024-01-20,completed,organic_search,credit_card
7637,904.0,11-01-2024,completed,social_media,debit_card
7638,2151.0,08-01-2025,completed,paid_search,credit_card
7639,5108.0,2025-09-30,completed,organic_search,paypal
7640,6967.0,2024-10-27T14:04:30,completed,referral,paypal
7641,8120.0,10.03.2025,cancelled,organic_search,paypal
7642,7351.0,03.01.2025,completed,referral,paypal
7643,1213.0,2024-12-28,completed,referral,credit_card
7644,7140.0,2024-09-04,completed,direct,paypal
7645,5356.0,03/06/2024,cancelled,paid_search,credit_card
7646,4331.0,08-02-2024,completed,paid_search,credit_card
7647,5298.0,2024-03-12T02:36:03,cancelled,email,credit_card
7648,80.0,08-04-2024,completed,organic_search,bank_transfer
7649,661.0,14.01.2024,completed,social_media,paypal
7650,4870.0,06-12-2025,completed,email,bank_transfer
7651,1647.0,2024-11-09T03:23:11,completed,referral,debit_card
7652,5037.0,12-22-2025,completed,direct,paypal
7653,3265.0,31/07/2024,completed,email,debit_card
7654,8399.0,2024-11-25T04:54:28,completed,social_media,paypal
7655,8763.0,2024-12-02,completed,social_media,paypal
7656,9036.0,13.01.2024,completed,direct,bank_transfer
7657,8320.0,10-29-2025,completed,direct,bank_transfer
7658,9094.0,2024-02-13T21:21:09,completed,email,paypal
7659,6532.0,10.12.2025,completed,email,credit_card
7660,8862.0,2025-11-21T10:30:07,completed,paid_search,paypal
7661,5921.0,09/04/2025,completed,email,paypal
7662,7492.0,14.04.2025,completed,referral,bank_transfer
7663,1280.0,07-01-2025,cancelled,email,bank_transfer
7664,6324.0,2024-12-16,completed,direct,credit_card
7665,8598.0,06-26-2025,completed,organic_search,debit_card
7666,4989.0,2024-03-01T17:05:05,COMPLETED,organic_search,paypal
7667,1773.0,2024-03-11T00:38:12,completed,email,credit_card
7668,4876.0,05/02/2025,completed,email,debit_card
7669,6537.0,04-19-2025,completed,direct,bank_transfer
7670,7109.0,19.11.2025,completed,direct,bank_transfer
7671,4847.0,05-03-2024,CANCELLED,paid_search,paypal
7672,2051.0,19.10.2025,completed,paid_search,paypal
7673,8575.0,2024-08-15T17:38:00,completed,social_media,bank_transfer
7674,7142.0,20/12/2024,completed,paid_search,debit_card
7675,2541.0,2024-11-09,completed,social_media,debit_card
7676,7511.0,23/12/2024,completed,direct,debit_card
7677,3208.0,2024-06-17T18:39:25,completed,referral,paypal
7678,2894.0,2025-03-16T02:23:54,completed,social_media,bank_transfer
7679,7985.0,07/10/2025,completed,social_media,paypal
7680,8076.0,01-22-2025,returned,social_media,paypal
7681,3660.0,06/03/2025,completed,paid_search,bank_transfer
7682,87.0,03.11.2025,completed,referral,bank_transfer
7683,1770.0,2025-08-07,completed,paid_search,paypal
7684,8422.0,06.03.2025,cancelled,referral,debit_card
7685,8318.0,26/09/2024,completed,paid_search,debit_card
7686,4182.0,11-18-2025,completed,referral,paypal
7687,2837.0,2025-05-08,completed,referral,paypal
7688,2820.0,2024-08-25T07:35:32,completed,direct,credit_card
7689,8299.0,10-06-2024,completed,email,paypal
7690,3008.0,2025-10-08,cancelled,referral,debit_card
7691,4733.0,2024-02-29T12:49:18,cancelled,paid_search,debit_card
7692,6754.0,12-29-2025,completed,referral,bank_transfer
7693,1980.0,28.05.2024,completed,social_media,bank_transfer
7694,2386.0,04/10/2025,completed,email,bank_transfer
7695,3296.0,2024-12-20,completed,direct,paypal
7696,6057.0,07/03/2025,completed,direct,debit_card
7697,7572.0,16.11.2025,completed,direct,debit_card
7698,5047.0,2024-12-29,cancelled,referral,bank_transfer
7699,1287.0,10.04.2025,COMPLETED,email,debit_card
7700,4120.0,03-06-2024,completed,email,bank_transfer
7701,1238.0,01-04-2024,completed,paid_search,credit_card
7702,864.0,15/09/2024,completed,referral,credit_card
7703,5425.0,2025-07-20,completed,paid_search,debit_card
7704,8825.0,2024-05-19,completed,referral,credit_card
7705,7745.0,05-12-2024,completed,organic_search,paypal
7706,7151.0,28/12/2024,completed,email,bank_transfer
7707,6720.0,06-27-2025,completed,direct,credit_card
7708,8298.0,11.08.2025,completed,referral,credit_card
7709,6956.0,2024-07-15T10:03:09,completed,referral,debit_card
7710,5779.0,04-08-2024,completed,organic_search,bank_transfer
7711,3360.0,10.12.2025,cancelled,referral,bank_transfer
7712,994.0,29/09/2024,completed,organic_search,debit_card
7713,4255.0,05.11.2025,completed,email,debit_card
7714,8556.0,09.11.2025,completed,email,paypal
7715,5368.0,19/09/2025,completed,referral,bank_transfer
7716,1751.0,2024-07-06T09:16:50,cancelled,social_media,credit_card
7717,6000.0,2025-10-19,completed,direct,paypal
7718,4300.0,09-17-2025,completed,direct,paypal
7719,8601.0,22/05/2025,completed,referral,bank_transfer
7720,1529.0,2024-11-20,completed,social_media,credit_card
7721,6579.0,09-30-2024,cancelled,referral,debit_card
7722,6314.0,2024-05-20,completed,email,paypal
7723,9076.0,03-21-2025,completed,email,bank_transfer
7724,5217.0,2025-05-14,completed,organic_search,bank_transfer
7725,8057.0,12-02-2024,completed,organic_search,paypal
7726,252.0,02-21-2025,completed,organic_search,paypal
7727,1195.0,05.12.2024,completed,referral,paypal
7728,3193.0,2025-06-22T00:37:52,completed,email,debit_card
7729,5707.0,11-24-2025,completed,email,paypal
7730,4148.0,2024-07-01T18:03:00,completed,organic_search,paypal
7731,1922.0,13/12/2024,completed,email,credit_card
7732,5420.0,2024-06-08,completed,direct,paypal
7733,5234.0,2025-06-10T20:44:57,completed,organic_search,credit_card
7734,4855.0,22/08/2025,completed,organic_search,debit_card
7735,886.0,2025-12-06,completed,referral,bank_transfer
7736,8579.0,2024-10-13,completed,organic_search,credit_card
7737,5455.0,2025-12-13T01:00:30,completed,direct,debit_card
7738,2485.0,03-21-2024,completed,organic_search,credit_card
7739,6375.0,26.05.2025,completed,direct,credit_card
7740,2951.0,2024-03-15,completed,paid_search,bank_transfer
7741,4679.0,22.11.2025,completed,paid_search,debit_card
7742,3152.0,2025-04-05T05:32:34,completed,social_media,bank_transfer
7743,8140.0,12/07/2025,completed,organic_search,debit_card
7744,9174.0,2025-10-25,completed,paid_search,credit_card
7745,1531.0,17.06.2024,completed,direct,credit_card
7746,239.0,2024-02-22,completed,referral,debit_card
7747,2061.0,11-15-2025,completed,email,debit_card
7748,5428.0,08/11/2024,completed,paid_search,debit_card
7749,1649.0,2024-05-27T11:12:22,completed,referral,paypal
7750,7507.0,15.02.2025,completed,organic_search,credit_card
7751,3761.0,23.05.2025,COMPLETED,direct,credit_card
7752,5630.0,2024-02-12T13:52:29,completed,email,credit_card
7753,4204.0,10-10-2024,COMPLETED,organic_search,bank_transfer
7754,8359.0,14.02.2024,completed,paid_search,bank_transfer
7755,351.0,02/01/2025,completed,organic_search,credit_card
7756,6739.0,22/11/2025,cancelled,organic_search,paypal
7757,6036.0,25.12.2025,completed,organic_search,credit_card
7758,6006.0,06-19-2025,completed,social_media,debit_card
7759,3811.0,29/06/2024,returned,social_media,debit_card
7760,160.0,2025-11-26,completed,social_media,debit_card
7761,6392.0,2025-03-26,completed,paid_search,bank_transfer
7762,7672.0,2024-06-21T07:31:35,completed,paid_search,paypal
7763,828.0,03.12.2025,completed,organic_search,debit_card
7764,4068.0,09-10-2025,cancelled,organic_search,paypal
7765,1545.0,24/08/2025,cancelled,email,credit_card
7766,5633.0,09/08/2025,completed,social_media,debit_card
7767,7264.0,2024-08-06,completed,paid_search,debit_card
7768,6168.0,2024-08-16,COMPLETED,email,debit_card
7769,2953.0,2025-07-25,completed,paid_search,paypal
7770,1345.0,2024-08-24T19:45:20,cancelled,direct,bank_transfer
7771,7356.0,2025-01-19,cancelled,paid_search,credit_card
7772,3001.0,25.09.2025,completed,social_media,paypal
7773,225.0,27.09.2025,completed,email,debit_card
7774,5284.0,02-02-2025,completed,organic_search,credit_card
7775,2319.0,10-02-2025,completed,referral,bank_transfer
7776,7778.0,10-29-2025,completed,social_media,paypal
7777,1373.0,01/07/2025,completed,social_media,bank_transfer
7778,4011.0,01/09/2024,completed,email,bank_transfer
7779,2379.0,2024-10-10,completed,social_media,credit_card
7780,6396.0,11-08-2024,COMPLETED,referral,paypal
7781,5059.0,2024-05-15T14:12:35,completed,paid_search,credit_card
7782,7323.0,2024-10-09,completed,referral,bank_transfer
7783,4230.0,2024-08-14,COMPLETED,organic_search,credit_card
7784,49.0,04.02.2025,completed,organic_search,paypal
7785,2032.0,28.11.2025,completed,referral,credit_card
7786,9218.0,03/05/2024,completed,organic_search,debit_card
7787,3727.0,2025-08-16,completed,paid_search,paypal
7788,5715.0,25.07.2025,COMPLETED,organic_search,debit_card
7789,8373.0,24/04/2024,CANCELLED,social_media,paypal
7790,209.0,2025-12-03,completed,paid_search,debit_card
7791,6110.0,2025-05-02T05:49:54,completed,referral,credit_card
7792,2702.0,05.12.2024,completed,social_media,bank_transfer
7793,2623.0,09.09.2025,completed,direct,debit_card
7794,2115.0,2024-09-26,completed,organic_search,credit_card
7795,7612.0,29/07/2025,returned,email,bank_transfer
7796,3437.0,2024-02-23T13:09:37,cancelled,organic_search,paypal
7797,656.0,10-29-2025,completed,direct,credit_card
7798,950.0,01-28-2025,completed,paid_search,debit_card
7799,1423.0,19/06/2025,completed,paid_search,bank_transfer
7800,8320.0,08-25-2024,cancelled,social_media,paypal
7801,3946.0,2025-07-17T01:13:53,cancelled,direct,bank_transfer
7802,8473.0,19/09/2025,completed,direct,bank_transfer
7803,7572.0,02-20-2025,cancelled,paid_search,paypal
7804,7748.0,2025-06-05T08:37:43,completed,paid_search,paypal
7805,2689.0,05.02.2025,completed,organic_search,credit_card
7806,2544.0,11-22-2025,completed,email,bank_transfer
7807,5173.0,2025-03-12,completed,direct,paypal
7808,3854.0,31.10.2025,completed,referral,paypal
7809,4712.0,2025-10-07,completed,paid_search,paypal
7810,521.0,28.12.2024,returned,direct,paypal
7811,8962.0,02/09/2024,completed,direct,debit_card
7812,575.0,26.12.2024,completed,referral,debit_card
7813,1692.0,22/10/2025,COMPLETED,referral,debit_card
7814,6273.0,31/08/2024,completed,paid_search,bank_transfer
7815,1496.0,04-01-2025,completed,organic_search,debit_card
7816,1046.0,2025-10-10,completed,referral,bank_transfer
7817,1480.0,11-30-2024,completed,email,paypal
7818,601.0,2025-06-22,completed,direct,debit_card
7819,2363.0,2024-09-16T06:29:09,completed,direct,debit_card
7820,2542.0,08/05/2024,completed,email,paypal
7821,4605.0,2025-10-03T22:36:02,completed,email,bank_transfer
7822,4041.0,27/04/2024,returned,social_media,paypal
7823,4378.0,07.10.2024,completed,email,bank_transfer
7824,5677.0,05.11.2025,returned,paid_search,credit_card
7825,2172.0,2024-11-25,completed,email,paypal
7826,1305.0,2025-12-22T03:45:36,cancelled,paid_search,debit_card
7827,8129.0,12-24-2025,completed,direct,bank_transfer
7828,5846.0,2024-10-05,completed,social_media,credit_card
7829,597.0,02-25-2024,completed,paid_search,bank_transfer
7830,8866.0,06/08/2025,completed,email,paypal
7831,6423.0,2025-01-31,completed,social_media,paypal
7832,1458.0,2024-04-29,completed,paid_search,bank_transfer
7833,8945.0,08.08.2025,completed,organic_search,credit_card
7834,3365.0,02-12-2024,completed,direct,debit_card
7835,9085.0,2025-11-12,COMPLETED,referral,credit_card
7836,1017.0,06.06.2024,completed,social_media,debit_card
7837,1517.0,25.05.2024,completed,referral,credit_card
7838,6089.0,2024-07-13,completed,referral,debit_card
7839,225.0,17/12/2025,completed,organic_search,bank_transfer
7840,190.0,29/07/2025,completed,direct,credit_card
7841,7333.0,2025-10-07T09:57:40,completed,email,credit_card
7842,1588.0,21/12/2024,completed,paid_search,bank_transfer
7843,8501.0,20.11.2024,completed,email,bank_transfer
7844,3928.0,09-06-2024,cancelled,referral,bank_transfer
7845,8082.0,26.02.2025,completed,email,debit_card
7846,3852.0,20.04.2025,cancelled,paid_search,debit_card
7847,4904.0,15/06/2025,completed,email,paypal
7848,2935.0,2024-09-26,completed,paid_search,debit_card
7849,6097.0,13.12.2025,completed,referral,paypal
7850,2954.0,07/07/2024,completed,social_media,paypal
7851,2097.0,19.12.2025,completed,referral,paypal
7852,787.0,2024-01-21,completed,referral,credit_card
7853,569.0,26.02.2025,completed,social_media,paypal
7854,2858.0,11-18-2024,completed,organic_search,bank_transfer
7855,6811.0,29/01/2025,completed,organic_search,bank_transfer
7856,1942.0,03/05/2025,completed,organic_search,paypal
7857,2791.0,01-17-2025,completed,social_media,credit_card
7858,8376.0,30/12/2024,completed,organic_search,paypal
7859,5893.0,25/08/2025,completed,direct,bank_transfer
7860,8510.0,07-24-2025,completed,referral,credit_card
7861,8443.0,26.10.2025,completed,referral,credit_card
7862,615.0,2024-09-20,completed,direct,paypal
7863,8814.0,30.05.2025,completed,referral,bank_transfer
7864,499.0,2025-05-14T19:50:42,completed,direct,debit_card
7865,8565.0,12-08-2024,completed,direct,paypal
7866,5047.0,03-02-2025,completed,paid_search,credit_card
7867,4925.0,07/11/2024,RETURNED,organic_search,debit_card
7868,6584.0,09/06/2024,completed,email,credit_card
7869,8129.0,2024-08-18,completed,referral,debit_card
7870,5685.0,04.05.2024,completed,email,credit_card
7871,3925.0,2025-07-22,completed,email,debit_card
7872,1097.0,06/07/2025,completed,referral,credit_card
7873,7306.0,13/12/2025,completed,organic_search,bank_transfer
7874,1244.0,23/08/2025,completed,direct,debit_card
7875,6712.0,09.03.2024,completed,organic_search,bank_transfer
7876,4888.0,17.11.2025,completed,organic_search,bank_transfer
7877,3556.0,09/11/2025,completed,paid_search,debit_card
7878,5656.0,01-24-2025,cancelled,email,debit_card
7879,7130.0,14/05/2025,completed,referral,bank_transfer
7880,8679.0,23.12.2025,cancelled,direct,debit_card
7881,2493.0,2025-04-06T02:22:25,completed,email,bank_transfer
7882,8742.0,26.11.2025,completed,organic_search,debit_card
7883,8865.0,11/04/2024,completed,referral,debit_card
7884,7530.0,28.07.2024,completed,social_media,bank_transfer
7885,8152.0,2025-01-21,completed,direct,bank_transfer
7886,6419.0,2025-05-13,completed,organic_search,debit_card
7887,386.0,16.10.2025,COMPLETED,social_media,paypal
7888,5317.0,2025-12-27T22:44:42,completed,paid_search,debit_card
7889,6907.0,2024-12-17T11:19:07,completed,paid_search,debit_card
7890,8686.0,04/03/2024,completed,direct,credit_card
7891,5274.0,2025-10-07T02:38:11,completed,social_media,credit_card
7892,7356.0,2025-05-27,returned,organic_search,debit_card
7893,6520.0,04.08.2024,completed,organic_search,debit_card
7894,2639.0,2025-03-09,CANCELLED,email,bank_transfer
7895,1491.0,31.08.2025,cancelled,referral,debit_card
7896,6939.0,2025-09-18T16:03:02,completed,organic_search,debit_card
7897,2198.0,13/03/2025,COMPLETED,social_media,debit_card
7898,2301.0,02/11/2024,completed,email,debit_card
7899,5943.0,2025-12-22T10:01:49,completed,social_media,paypal
7900,7304.0,07-08-2025,completed,organic_search,bank_transfer
7901,5363.0,12-27-2024,completed,paid_search,credit_card
7902,8188.0,2024-10-15,RETURNED,direct,debit_card
7903,1998.0,2025-08-24,completed,social_media,bank_transfer
7904,2372.0,2024-09-13T07:04:03,completed,referral,credit_card
7905,5870.0,07-09-2024,completed,organic_search,paypal
7906,7671.0,2025-04-05,cancelled,paid_search,bank_transfer
7907,4981.0,22.10.2024,completed,email,credit_card
7908,103.0,2025-06-13T21:34:09,completed,email,debit_card
7909,6260.0,2024-05-16,completed,social_media,paypal
7910,7529.0,01/07/2025,completed,social_media,debit_card
7911,2598.0,2024-10-17T12:50:05,completed,email,debit_card
7912,530.0,2024-01-01,completed,referral,credit_card
7913,4799.0,05-25-2024,completed,social_media,debit_card
7914,416.0,2025-12-07,completed,direct,credit_card
7915,3832.0,10.11.2025,completed,paid_search,paypal
7916,180.0,2024-09-06T01:43:15,completed,direct,debit_card
7917,2116.0,09-23-2025,completed,referral,debit_card
7918,3582.0,30.05.2025,completed,email,credit_card
7919,1095.0,21/12/2025,returned,referral,credit_card
7920,1122.0,12-09-2024,cancelled,social_media,paypal
7921,7648.0,2025-07-20,completed,social_media,paypal
7922,409.0,22.03.2024,completed,organic_search,paypal
7923,6390.0,12-21-2024,completed,organic_search,debit_card
7924,7540.0,18/12/2025,completed,direct,bank_transfer
7925,1267.0,11/04/2025,cancelled,direct,credit_card
7926,1858.0,10-21-2024,completed,referral,bank_transfer
7927,5918.0,19/05/2024,completed,referral,bank_transfer
7928,2926.0,2025-08-05T20:06:04,completed,paid_search,credit_card
7929,4399.0,24.06.2025,completed,social_media,credit_card
7930,7734.0,2024-12-10,completed,social_media,credit_card
7931,1329.0,2025-12-14T09:12:04,completed,organic_search,credit_card
7932,5711.0,2024-02-01,cancelled,email,bank_transfer
7933,8693.0,2024-11-02,completed,social_media,credit_card
7934,567.0,12-02-2025,completed,referral,credit_card
7935,589.0,11-11-2024,completed,direct,debit_card
7936,5119.0,22/09/2024,completed,referral,credit_card
7937,8857.0,04-08-2025,completed,referral,credit_card
7938,2071.0,10-20-2025,completed,referral,bank_transfer
7939,3062.0,02.05.2024,completed,email,credit_card
7940,970.0,11.12.2025,completed,paid_search,debit_card
7941,3341.0,10-03-2025,completed,paid_search,debit_card
7942,429.0,2024-07-18T14:50:45,completed,social_media,credit_card
7943,3584.0,11/08/2025,completed,paid_search,debit_card
7944,5129.0,12-15-2024,completed,direct,paypal
7945,8992.0,2024-12-24,completed,referral,paypal
7946,7580.0,2025-09-26T13:36:08,completed,organic_search,paypal
7947,7607.0,2025-12-18,completed,organic_search,credit_card
7948,2149.0,2024-05-25,completed,referral,bank_transfer
7949,851.0,2025-01-03,returned,email,credit_card
7950,5558.0,02-26-2025,completed,paid_search,paypal
7951,4823.0,11/12/2024,completed,organic_search,credit_card
7952,4782.0,04/12/2024,completed,organic_search,bank_transfer
7953,1063.0,2024-03-09,COMPLETED,organic_search,debit_card
7954,4563.0,07-23-2025,completed,organic_search,credit_card
7955,1444.0,17/01/2025,completed,referral,bank_transfer
7956,3897.0,01/08/2024,completed,social_media,paypal
7957,604.0,16.10.2025,completed,organic_search,credit_card
7958,7926.0,2025-10-08,completed,email,bank_transfer
7959,134.0,2025-03-03,completed,referral,debit_card
7960,8666.0,29/10/2024,completed,email,bank_transfer
7961,7982.0,20.06.2025,completed,social_media,paypal
7962,6956.0,10-21-2024,completed,direct,bank_transfer
7963,9068.0,2024-09-08T04:46:37,completed,social_media,credit_card
7964,526.0,23.08.2025,completed,organic_search,debit_card
7965,5919.0,2024-02-24,returned,referral,paypal
7966,7850.0,23/04/2024,CANCELLED,organic_search,bank_transfer
7967,1225.0,10/01/2024,cancelled,email,bank_transfer
7968,5373.0,20/06/2024,completed,paid_search,bank_transfer
7969,3624.0,2024-03-28T01:49:22,completed,social_media,paypal
7970,4020.0,2025-12-30T20:09:09,cancelled,email,debit_card
7971,8453.0,2024-10-21,completed,paid_search,credit_card
7972,4976.0,06-16-2024,completed,email,credit_card
7973,912.0,12.09.2024,completed,direct,paypal
7974,8647.0,08.12.2025,completed,direct,credit_card
7975,1756.0,2025-03-29T23:02:49,completed,email,bank_transfer
7976,8255.0,05/12/2024,completed,direct,credit_card
7977,8958.0,13/11/2025,completed,direct,bank_transfer
7978,8119.0,12-20-2024,completed,organic_search,paypal
7979,6262.0,19.11.2024,cancelled,email,paypal
7980,6879.0,2024-08-12T19:38:11,completed,paid_search,credit_card
7981,6479.0,12/12/2024,completed,referral,debit_card
7982,4250.0,09.11.2024,completed,referral,credit_card
7983,2576.0,18/07/2025,completed,direct,paypal
7984,2676.0,10-22-2024,completed,organic_search,credit_card
7985,6756.0,08/05/2025,completed,referral,paypal
7986,5771.0,24.03.2024,completed,email,paypal
7987,5374.0,28/07/2024,completed,paid_search,debit_card
7988,6040.0,26.12.2024,completed,social_media,paypal
7989,7156.0,12-08-2025,completed,social_media,credit_card
7990,6917.0,11.12.2024,returned,social_media,credit_card
7991,1029.0,08/07/2025,completed,direct,bank_transfer
7992,3347.0,09-24-2024,returned,email,credit_card
7993,2485.0,2024-05-25,returned,paid_search,debit_card
7994,4971.0,2024-03-16T06:59:14,cancelled,referral,paypal
7995,601.0,03/11/2024,completed,organic_search,debit_card
7996,7045.0,2024-06-25T17:03:07,completed,social_media,debit_card
7997,1041.0,2024-07-11T11:19:15,completed,referral,paypal
7998,2544.0,2025-09-12,completed,direct,bank_transfer
7999,7233.0,2024-01-23,completed,paid_search,debit_card
8000,503.0,25/04/2025,completed,organic_search,debit_card
8001,6117.0,12-12-2024,completed,email,credit_card
8002,8553.0,2025-03-18,completed,organic_search,debit_card
8003,5692.0,2025-04-28T22:24:52,completed,social_media,bank_transfer
8004,6580.0,07/11/2024,completed,direct,debit_card
8005,7334.0,26/10/2024,completed,referral,debit_card
8006,2090.0,08-25-2025,completed,organic_search,paypal
8007,5356.0,12/11/2025,cancelled,organic_search,debit_card
8008,2890.0,29.07.2024,completed,email,credit_card
8009,2344.0,2024-04-26,completed,paid_search,credit_card
8010,1826.0,23/11/2025,completed,direct,bank_transfer
8011,5381.0,11-27-2024,completed,paid_search,bank_transfer
8012,7358.0,2025-04-20T22:10:01,completed,direct,debit_card
8013,8100.0,2024-12-02,completed,social_media,paypal
8014,,24.05.2024,completed,referral,credit_card
8015,3436.0,17/05/2025,completed,organic_search,debit_card
8016,6374.0,01/04/2025,COMPLETED,email,credit_card
8017,7209.0,08.08.2024,completed,social_media,bank_transfer
8018,2380.0,02-01-2025,completed,referral,debit_card
8019,2772.0,2025-10-04T14:35:46,completed,paid_search,bank_transfer
8020,4927.0,17.05.2025,completed,email,debit_card
8021,4098.0,04-25-2024,completed,referral,credit_card
8022,6528.0,2025-04-18T04:25:07,completed,referral,bank_transfer
8023,4665.0,04.08.2025,completed,social_media,debit_card
8024,1094.0,2025-10-02T10:32:04,completed,paid_search,bank_transfer
8025,1575.0,06-13-2025,completed,referral,debit_card
8026,8347.0,06-20-2024,completed,organic_search,debit_card
8027,2143.0,08-10-2025,completed,paid_search,bank_transfer
8028,488.0,07-18-2025,completed,email,debit_card
8029,6759.0,2024-02-03,completed,email,paypal
8030,6340.0,12-28-2024,completed,referral,paypal
8031,5533.0,11-18-2024,completed,referral,debit_card
8032,4644.0,07-12-2025,completed,referral,paypal
8033,8951.0,08-21-2024,completed,referral,credit_card
8034,1170.0,17/05/2025,completed,email,debit_card
8035,4723.0,29/11/2025,completed,paid_search,paypal
8036,5213.0,10-05-2025,completed,email,paypal
8037,228.0,03/12/2025,completed,social_media,debit_card
8038,3790.0,12-24-2025,completed,referral,debit_card
8039,7233.0,16/01/2024,completed,email,credit_card
8040,4354.0,2025-06-09,returned,social_media,debit_card
8041,8095.0,12-29-2024,completed,referral,credit_card
8042,5952.0,07.11.2025,cancelled,paid_search,debit_card
8043,7072.0,21/09/2024,completed,organic_search,credit_card
8044,7461.0,2025-12-25T15:27:54,completed,direct,paypal
8045,6394.0,2025-06-02T18:56:49,completed,referral,paypal
8046,6924.0,2025-10-02,returned,organic_search,credit_card
8047,6440.0,14/04/2024,completed,organic_search,debit_card
8048,5076.0,07-20-2024,returned,paid_search,bank_transfer
8049,5232.0,10/09/2025,completed,referral,paypal
8050,1803.0,31/01/2024,completed,social_media,debit_card
8051,7651.0,2025-10-16,completed,social_media,credit_card
8052,2894.0,20/01/2024,completed,social_media,paypal
8053,4945.0,03/07/2025,cancelled,paid_search,paypal
8054,2344.0,2024-12-05,completed,paid_search,bank_transfer
8055,6441.0,06-01-2025,completed,referral,paypal
8056,8995.0,31.07.2025,completed,paid_search,paypal
8057,7434.0,2024-11-23T00:43:59,COMPLETED,direct,debit_card
8058,5707.0,2024-05-06,completed,social_media,credit_card
8059,5243.0,28/03/2024,completed,direct,bank_transfer
8060,4522.0,05-16-2025,completed,organic_search,debit_card
8061,1937.0,03-29-2025,completed,paid_search,bank_transfer
8062,3209.0,08-31-2025,completed,referral,debit_card
8063,3738.0,03-21-2025,completed,referral,bank_transfer
8064,8718.0,04/01/2025,cancelled,social_media,paypal
8065,3926.0,2024-12-22T18:19:01,completed,paid_search,debit_card
8066,5391.0,06.02.2024,completed,email,debit_card
8067,8534.0,2024-11-19T04:15:45,completed,organic_search,debit_card
8068,4800.0,23.12.2025,completed,social_media,debit_card
8069,2365.0,11-13-2025,completed,email,credit_card
8070,3515.0,16/11/2024,completed,direct,credit_card
8071,3465.0,2025-05-15,completed,social_media,bank_transfer
8072,6594.0,2025-11-02T05:30:57,completed,referral,bank_transfer
8073,2761.0,01-22-2025,completed,paid_search,bank_transfer
8074,6748.0,26/01/2024,completed,referral,debit_card
8075,8224.0,03/04/2024,completed,email,paypal
8076,3103.0,2025-03-21T11:29:57,completed,direct,debit_card
8077,1312.0,2025-12-20T10:35:59,completed,social_media,debit_card
8078,5887.0,29/07/2025,completed,organic_search,debit_card
8079,3326.0,03-30-2024,COMPLETED,paid_search,credit_card
8080,4934.0,26.07.2024,returned,paid_search,bank_transfer
8081,5849.0,19/09/2025,completed,direct,credit_card
8082,3753.0,2025-10-30T18:00:53,completed,referral,bank_transfer
8083,8556.0,05.06.2025,completed,paid_search,debit_card
8084,,24.06.2025,completed,social_media,bank_transfer
8085,2871.0,09.02.2024,completed,social_media,bank_transfer
8086,8194.0,2025-10-23,completed,email,credit_card
8087,1321.0,29/09/2025,completed,paid_search,paypal
8088,1204.0,2024-09-27,completed,paid_search,paypal
8089,8633.0,09/08/2025,completed,email,bank_transfer
8090,1973.0,19/08/2024,completed,social_media,debit_card
8091,1423.0,2024-02-24T11:25:48,completed,paid_search,credit_card
8092,4940.0,2024-08-07T01:58:23,completed,referral,bank_transfer
8093,457.0,16.07.2024,cancelled,paid_search,bank_transfer
8094,5713.0,11-21-2024,completed,referral,paypal
8095,4179.0,31/12/2024,completed,referral,paypal
8096,5907.0,20/03/2025,completed,social_media,credit_card
8097,2668.0,23.02.2025,completed,social_media,bank_transfer
8098,8379.0,10-07-2024,completed,social_media,paypal
8099,2541.0,10/02/2024,completed,organic_search,credit_card
8100,5877.0,2025-05-27,completed,social_media,paypal
8101,8723.0,2024-12-21T23:35:42,cancelled,referral,debit_card
8102,3687.0,10-29-2024,completed,organic_search,credit_card
8103,1535.0,2025-11-10T19:04:42,completed,paid_search,bank_transfer
8104,669.0,03.09.2025,completed,referral,debit_card
8105,8886.0,11-07-2025,completed,social_media,paypal
8106,7052.0,09/03/2025,completed,organic_search,paypal
8107,8503.0,2024-05-29,completed,social_media,debit_card
8108,6469.0,31.07.2025,completed,paid_search,debit_card
8109,3162.0,2024-08-11,cancelled,paid_search,paypal
8110,1195.0,01-22-2025,completed,paid_search,bank_transfer
8111,8594.0,03-23-2024,completed,social_media,bank_transfer
8112,4521.0,10-21-2025,completed,email,paypal
8113,3643.0,2024-05-24T19:02:22,completed,organic_search,credit_card
8114,5344.0,25.11.2025,completed,social_media,credit_card
8115,1041.0,09.11.2025,COMPLETED,organic_search,debit_card
8116,2890.0,12.02.2025,cancelled,social_media,credit_card
8117,5882.0,09-02-2025,completed,direct,bank_transfer
8118,985.0,2025-06-06,completed,direct,credit_card
8119,1311.0,10-08-2025,completed,paid_search,bank_transfer
8120,,2025-01-13T04:53:22,completed,direct,bank_transfer
8121,5744.0,28.09.2025,completed,referral,bank_transfer
8122,1776.0,10.02.2025,completed,email,credit_card
8123,328.0,12-10-2025,completed,email,credit_card
8124,8846.0,03.03.2025,completed,email,paypal
8125,278.0,2025-02-10T09:08:25,cancelled,social_media,debit_card
8126,21.0,27/09/2025,returned,referral,paypal
8127,3000.0,19/10/2025,completed,email,debit_card
8128,2091.0,2025-04-22T03:43:01,completed,referral,credit_card
8129,5305.0,2024-07-17,COMPLETED,paid_search,debit_card
8130,8268.0,02-15-2025,completed,organic_search,debit_card
8131,4448.0,12-20-2025,completed,direct,credit_card
8132,7139.0,09-07-2025,completed,referral,paypal
8133,8421.0,10-13-2025,returned,paid_search,credit_card
8134,1797.0,2024-02-14,completed,organic_search,debit_card
8135,4511.0,15/02/2025,completed,referral,paypal
8136,5925.0,2025-06-26T05:30:06,COMPLETED,paid_search,credit_card
8137,3072.0,24.10.2025,completed,direct,debit_card
8138,6838.0,06/03/2024,returned,social_media,credit_card
8139,6523.0,2025-11-04,completed,referral,paypal
8140,3887.0,18/04/2025,COMPLETED,referral,bank_transfer
8141,860.0,2024-08-03T08:04:08,completed,email,paypal
8142,116.0,2024-11-09T21:16:36,completed,referral,credit_card
8143,3403.0,16.10.2024,completed,social_media,credit_card
8144,800.0,2025-04-05,completed,social_media,paypal
8145,7222.0,08.03.2024,completed,paid_search,credit_card
8146,3095.0,2024-06-25T10:36:37,completed,social_media,credit_card
8147,6166.0,14/10/2025,COMPLETED,social_media,debit_card
8148,3198.0,31/05/2024,completed,direct,paypal
8149,7373.0,2024-09-05T19:25:12,completed,referral,bank_transfer
8150,8215.0,02-02-2025,completed,organic_search,bank_transfer
8151,7745.0,2025-03-26,completed,referral,paypal
8152,4471.0,14/09/2025,cancelled,direct,credit_card
8153,822.0,27.01.2025,cancelled,email,paypal
8154,3425.0,2025-09-30,completed,referral,bank_transfer
8155,3918.0,06/06/2025,completed,paid_search,credit_card
8156,8858.0,2024-05-12,completed,email,paypal
8157,5223.0,2024-06-23,completed,referral,debit_card
8158,5911.0,2025-01-18T15:10:12,completed,social_media,paypal
8159,7226.0,2024-12-21,completed,paid_search,debit_card
8160,5251.0,01.09.2025,COMPLETED,social_media,bank_transfer
8161,5519.0,10/05/2025,completed,referral,credit_card
8162,2308.0,17.12.2024,returned,organic_search,credit_card
8163,581.0,07-08-2024,completed,referral,paypal
8164,6660.0,31/08/2024,completed,organic_search,debit_card
8165,7845.0,2025-05-07,completed,social_media,paypal
8166,3790.0,01-05-2025,completed,paid_search,debit_card
8167,5063.0,2025-03-25,completed,email,paypal
8168,2871.0,2024-07-08,completed,email,bank_transfer
8169,4157.0,07/07/2025,completed,direct,credit_card
8170,1972.0,11-04-2025,completed,email,debit_card
8171,7017.0,26/09/2024,completed,referral,debit_card
8172,4545.0,03-07-2025,returned,paid_search,debit_card
8173,5050.0,2025-12-22,completed,referral,bank_transfer
8174,367.0,11-18-2024,completed,email,debit_card
8175,5734.0,20/05/2025,completed,direct,debit_card
8176,1922.0,19.04.2024,completed,organic_search,credit_card
8177,3540.0,28.05.2025,completed,direct,paypal
8178,3797.0,2024-04-18T08:10:03,completed,referral,bank_transfer
8179,4148.0,17/12/2025,completed,email,bank_transfer
8180,2143.0,13.08.2025,completed,social_media,debit_card
8181,7859.0,2025-09-29,returned,referral,bank_transfer
8182,3948.0,2025-08-05,completed,email,debit_card
8183,5644.0,2025-05-17,completed,direct,credit_card
8184,5663.0,2025-01-30,completed,direct,bank_transfer
8185,5595.0,2025-11-07,completed,direct,paypal
8186,5167.0,2025-12-16T21:19:19,completed,organic_search,bank_transfer
8187,7611.0,2025-03-12,completed,direct,debit_card
8188,7521.0,06.12.2025,completed,paid_search,bank_transfer
8189,3843.0,12/05/2025,cancelled,direct,debit_card
8190,5859.0,11/04/2025,completed,organic_search,bank_transfer
8191,1012.0,03/02/2025,returned,paid_search,paypal
8192,889.0,2024-08-14,completed,direct,bank_transfer
8193,4434.0,01-06-2024,completed,organic_search,debit_card
8194,8333.0,2024-09-12,completed,social_media,credit_card
8195,6011.0,21.03.2025,completed,direct,bank_transfer
8196,6191.0,12-13-2024,completed,organic_search,credit_card
8197,1496.0,2025-01-29T11:39:21,CANCELLED,paid_search,credit_card
8198,4181.0,2025-12-24T15:41:41,completed,referral,paypal
8199,3687.0,2024-11-28T16:21:54,completed,social_media,paypal
8200,7235.0,2025-02-01T10:06:37,completed,referral,bank_transfer
8201,1328.0,01.06.2024,COMPLETED,direct,bank_transfer
8202,4979.0,03-04-2024,completed,social_media,bank_transfer
8203,8444.0,21.09.2025,COMPLETED,paid_search,bank_transfer
8204,8253.0,03/05/2025,completed,direct,debit_card
8205,7879.0,09-12-2025,completed,social_media,paypal
8206,3458.0,2024-06-17T02:35:34,cancelled,organic_search,credit_card
8207,8679.0,04.05.2025,completed,direct,credit_card
8208,7466.0,23.09.2024,completed,email,bank_transfer
8209,7869.0,09-01-2024,completed,social_media,paypal
8210,8611.0,17/01/2024,completed,direct,debit_card
8211,8644.0,28/05/2024,completed,referral,paypal
8212,2257.0,2024-11-05,completed,social_media,bank_transfer
8213,1238.0,2024-05-15,completed,referral,bank_transfer
8214,6411.0,26/12/2025,completed,direct,bank_transfer
8215,5202.0,04/11/2024,completed,referral,credit_card
8216,3024.0,05-28-2024,completed,paid_search,bank_transfer
8217,6345.0,05.08.2024,returned,direct,paypal
8218,601.0,2025-05-15,completed,email,paypal
8219,461.0,22/03/2024,completed,direct,paypal
8220,,11-08-2025,COMPLETED,direct,bank_transfer
8221,1843.0,2025-12-17,cancelled,direct,debit_card
8222,6635.0,17.09.2024,completed,social_media,debit_card
8223,8750.0,2025-01-30,completed,organic_search,credit_card
8224,6129.0,31.01.2024,completed,email,paypal
8225,6061.0,2025-06-21T03:19:50,completed,direct,debit_card
8226,63.0,29.12.2024,completed,organic_search,debit_card
8227,4739.0,10-06-2024,completed,email,debit_card
8228,7568.0,08-12-2024,completed,social_media,paypal
8229,6055.0,2025-07-01,cancelled,referral,credit_card
8230,2147.0,12-30-2024,completed,paid_search,credit_card
8231,7844.0,2024-07-17,COMPLETED,direct,bank_transfer
8232,8898.0,2025-07-26,completed,referral,debit_card
8233,2620.0,2025-04-30,completed,organic_search,debit_card
8234,,2025-11-07T14:56:37,cancelled,social_media,debit_card
8235,3126.0,16.05.2024,cancelled,direct,bank_transfer
8236,614.0,28/09/2025,completed,organic_search,debit_card
8237,8079.0,07-15-2025,completed,referral,debit_card
8238,8594.0,13.05.2024,completed,email,paypal
8239,5839.0,30.07.2025,completed,paid_search,debit_card
8240,7056.0,22.01.2025,completed,direct,paypal
8241,6187.0,2025-12-11,completed,referral,bank_transfer
8242,3480.0,09.06.2024,completed,referral,bank_transfer
8243,5827.0,2025-06-23T08:01:57,COMPLETED,social_media,credit_card
8244,7737.0,2024-12-14T23:14:10,completed,organic_search,bank_transfer
8245,7494.0,16/12/2025,completed,referral,bank_transfer
8246,787.0,16.11.2024,completed,email,paypal
8247,4270.0,2025-12-18,completed,direct,paypal
8248,3648.0,2025-11-25T23:17:37,completed,paid_search,paypal
8249,6951.0,07.10.2024,completed,organic_search,debit_card
8250,4634.0,08.10.2025,completed,direct,credit_card
8251,3228.0,2025-12-30,completed,organic_search,bank_transfer
8252,6534.0,09-22-2024,completed,paid_search,debit_card
8253,4377.0,18/01/2025,completed,paid_search,debit_card
8254,2414.0,2025-03-29,completed,paid_search,bank_transfer
8255,8232.0,2024-10-26,completed,direct,debit_card
8256,1110.0,22/01/2024,completed,referral,credit_card
8257,183.0,2024-08-24T12:27:37,completed,social_media,paypal
8258,1379.0,16.10.2024,completed,referral,bank_transfer
8259,1552.0,2025-01-24,completed,referral,paypal
8260,4970.0,08/07/2024,completed,paid_search,credit_card
8261,5761.0,11-13-2025,cancelled,direct,bank_transfer
8262,4147.0,2025-08-06T16:11:41,completed,referral,bank_transfer
8263,1930.0,14.04.2024,returned,organic_search,paypal
8264,1282.0,06-28-2025,completed,direct,bank_transfer
8265,4548.0,2025-07-01,completed,organic_search,bank_transfer
8266,5223.0,2025-12-15T02:34:12,completed,organic_search,credit_card
8267,2836.0,05/01/2024,completed,social_media,debit_card
8268,2071.0,18/09/2024,cancelled,social_media,paypal
8269,782.0,05.12.2025,cancelled,email,debit_card
8270,267.0,12-07-2025,completed,email,debit_card
8271,1033.0,08-17-2025,cancelled,direct,debit_card
8272,6863.0,2025-09-15,completed,paid_search,bank_transfer
8273,3179.0,20.04.2024,cancelled,social_media,bank_transfer
8274,278.0,24.03.2025,completed,paid_search,bank_transfer
8275,4705.0,2024-09-04T10:18:01,completed,social_media,credit_card
8276,4949.0,18/07/2024,completed,organic_search,paypal
8277,3955.0,12/10/2025,completed,referral,debit_card
8278,1084.0,2024-06-02,completed,referral,bank_transfer
8279,6978.0,02-16-2025,completed,organic_search,bank_transfer
8280,6390.0,12-09-2025,completed,paid_search,bank_transfer
8281,3633.0,23/07/2024,completed,organic_search,bank_transfer
8282,3514.0,2025-12-23T15:38:18,returned,email,paypal
8283,1496.0,29.12.2025,COMPLETED,organic_search,credit_card
8284,6965.0,2025-04-23T10:16:58,completed,paid_search,paypal
8285,5528.0,2024-07-07T14:38:06,completed,direct,paypal
8286,836.0,11-09-2024,completed,social_media,paypal
8287,3487.0,2025-01-06,cancelled,paid_search,paypal
8288,8362.0,2024-11-05T19:06:14,completed,organic_search,bank_transfer
8289,4176.0,2024-10-15T02:21:53,completed,direct,bank_transfer
8290,,21/12/2025,completed,email,paypal
8291,5943.0,20/06/2024,completed,social_media,paypal
8292,1922.0,2025-08-25,completed,social_media,bank_transfer
8293,4848.0,2024-01-01T18:38:24,completed,email,paypal
8294,6195.0,21/05/2025,completed,social_media,debit_card
8295,7906.0,2025-11-30,COMPLETED,paid_search,bank_transfer
8296,6420.0,10-21-2024,completed,email,paypal
8297,3549.0,2024-07-22,completed,organic_search,debit_card
8298,7089.0,06-29-2025,completed,social_media,debit_card
8299,8313.0,11.08.2025,completed,organic_search,credit_card
8300,4411.0,07-25-2025,completed,email,bank_transfer
8301,46.0,2024-11-10T22:40:19,completed,organic_search,debit_card
8302,8146.0,2024-09-22T20:24:31,completed,paid_search,credit_card
8303,1570.0,2025-12-15T08:20:29,completed,referral,credit_card
8304,1222.0,2025-12-03,completed,direct,debit_card
8305,2876.0,2025-02-06,completed,email,debit_card
8306,3507.0,2025-11-02T16:11:11,cancelled,social_media,bank_transfer
8307,7407.0,01/02/2025,completed,direct,bank_transfer
8308,3585.0,2025-01-06,completed,referral,bank_transfer
8309,480.0,24/06/2024,cancelled,paid_search,debit_card
8310,5859.0,08.01.2025,completed,direct,bank_transfer
8311,6212.0,04-10-2025,completed,organic_search,paypal
8312,7538.0,2024-02-01,completed,social_media,credit_card
8313,3663.0,25/01/2025,completed,organic_search,bank_transfer
8314,840.0,09-25-2025,COMPLETED,direct,debit_card
8315,5103.0,20/07/2025,COMPLETED,paid_search,credit_card
8316,1180.0,18.06.2025,completed,email,paypal
8317,175.0,2025-11-28,completed,social_media,bank_transfer
8318,7191.0,26/01/2024,completed,social_media,bank_transfer
8319,3707.0,24/04/2025,completed,referral,paypal
8320,4861.0,2025-09-28T00:49:46,completed,referral,credit_card
8321,6140.0,2025-04-13T14:42:14,completed,direct,debit_card
8322,3688.0,2024-11-13,CANCELLED,social_media,debit_card
8323,499.0,2024-06-03,completed,email,debit_card
8324,2375.0,19/11/2025,completed,organic_search,debit_card
8325,1847.0,2025-02-17,completed,paid_search,paypal
8326,9019.0,15/11/2025,completed,email,debit_card
8327,6837.0,2025-05-14,completed,social_media,paypal
8328,4170.0,15/07/2025,completed,paid_search,bank_transfer
8329,615.0,09/10/2025,completed,social_media,debit_card
8330,1134.0,2025-07-05T10:23:14,completed,social_media,credit_card
8331,7523.0,12-22-2024,completed,direct,paypal
8332,8726.0,24.03.2025,completed,social_media,debit_card
8333,312.0,10-08-2025,cancelled,email,credit_card
8334,8434.0,10.12.2024,cancelled,email,debit_card
8335,3511.0,17/12/2024,completed,social_media,debit_card
8336,2015.0,24/04/2024,returned,referral,bank_transfer
8337,1004.0,2025-11-30T10:33:28,completed,social_media,bank_transfer
8338,7122.0,04-20-2024,completed,direct,credit_card
8339,4329.0,27/06/2025,completed,organic_search,debit_card
8340,7704.0,29/12/2024,completed,referral,bank_transfer
8341,2129.0,2024-12-25,completed,paid_search,bank_transfer
8342,6277.0,07-19-2025,completed,social_media,debit_card
8343,1154.0,2024-03-25,completed,social_media,credit_card
8344,876.0,2025-05-19,completed,organic_search,debit_card
8345,1293.0,19/09/2025,completed,paid_search,credit_card
8346,7491.0,2025-10-23,completed,referral,bank_transfer
8347,6070.0,07.07.2024,completed,organic_search,debit_card
8348,1575.0,2025-11-23T00:40:05,returned,email,paypal
8349,3551.0,02/07/2025,completed,direct,bank_transfer
8350,7052.0,16/11/2025,completed,direct,bank_transfer
8351,2680.0,2025-03-02,completed,email,bank_transfer
8352,8523.0,2025-04-13,cancelled,direct,debit_card
8353,8466.0,12-02-2025,completed,email,debit_card
8354,5101.0,24/11/2025,returned,email,credit_card
8355,5827.0,2025-01-28T22:38:19,returned,referral,credit_card
8356,6046.0,2024-10-10T23:12:05,completed,email,bank_transfer
8357,2429.0,2024-12-19T17:22:27,cancelled,organic_search,credit_card
8358,3364.0,16.12.2024,COMPLETED,social_media,paypal
8359,1318.0,10-20-2024,completed,referral,paypal
8360,8556.0,05/10/2024,completed,direct,bank_transfer
8361,6686.0,2025-11-08T05:07:06,completed,referral,bank_transfer
8362,452.0,03-29-2024,completed,social_media,paypal
8363,5065.0,2025-07-18,completed,social_media,credit_card
8364,3168.0,07-10-2024,completed,paid_search,debit_card
8365,7550.0,24/11/2024,completed,social_media,bank_transfer
8366,3178.0,03-19-2024,completed,direct,debit_card
8367,5945.0,06/10/2024,completed,organic_search,bank_transfer
8368,1572.0,17.09.2025,completed,email,credit_card
8369,5160.0,2025-11-18T21:34:28,completed,referral,debit_card
8370,2747.0,2024-08-26,completed,organic_search,paypal
8371,1564.0,02-11-2025,completed,social_media,debit_card
8372,5707.0,02-17-2025,completed,email,credit_card
8373,5887.0,2025-11-13,returned,referral,paypal
8374,9074.0,13/09/2025,completed,organic_search,bank_transfer
8375,6190.0,23/03/2025,COMPLETED,social_media,bank_transfer
8376,4774.0,2025-07-13T14:44:22,completed,paid_search,bank_transfer
8377,8453.0,02/11/2025,completed,referral,credit_card
8378,7659.0,14.01.2024,completed,referral,credit_card
8379,5062.0,24.12.2024,completed,referral,paypal
8380,4730.0,27/11/2025,completed,social_media,bank_transfer
8381,8689.0,2025-08-30,completed,direct,bank_transfer
8382,5687.0,14.04.2025,returned,referral,debit_card
8383,6588.0,04-05-2025,completed,social_media,credit_card
8384,847.0,26.11.2024,completed,email,paypal
8385,6632.0,03-29-2025,completed,direct,paypal
8386,2493.0,07-02-2025,completed,paid_search,paypal
8387,1131.0,2024-12-31,completed,direct,credit_card
8388,7855.0,2025-08-12,completed,social_media,credit_card
8389,6414.0,08/11/2025,completed,referral,bank_transfer
8390,3753.0,06-22-2024,completed,organic_search,bank_transfer
8391,3984.0,31/01/2025,completed,organic_search,paypal
8392,1872.0,2024-12-26,cancelled,email,paypal
8393,95.0,07-25-2025,completed,paid_search,credit_card
8394,3223.0,09-20-2024,completed,referral,bank_transfer
8395,1423.0,21.06.2025,completed,direct,bank_transfer
8396,3894.0,15/11/2025,completed,referral,paypal
8397,7717.0,31.12.2024,completed,paid_search,paypal
8398,1125.0,29/11/2025,completed,email,bank_transfer
8399,900.0,29.12.2025,completed,referral,paypal
8400,8349.0,05/05/2024,completed,organic_search,paypal
8401,6886.0,05/09/2024,completed,email,paypal
8402,520.0,2025-12-13T09:16:10,completed,email,credit_card
8403,772.0,16/12/2025,completed,direct,debit_card
8404,6349.0,2024-04-26,completed,referral,bank_transfer
8405,3411.0,2024-01-22T00:17:47,completed,social_media,bank_transfer
8406,6690.0,28/06/2024,completed,organic_search,bank_transfer
8407,3720.0,12-30-2025,completed,email,paypal
8408,8932.0,17.07.2024,completed,email,paypal
8409,6431.0,15/03/2025,completed,paid_search,credit_card
8410,455.0,11-02-2025,completed,referral,bank_transfer
8411,3059.0,2024-01-29T17:10:08,completed,organic_search,debit_card
8412,5207.0,2025-05-27T14:32:14,completed,direct,debit_card
8413,1364.0,12/10/2024,completed,paid_search,credit_card
8414,25.0,2025-11-08T01:26:36,completed,email,credit_card
8415,770.0,17.10.2024,completed,organic_search,paypal
8416,4853.0,2025-07-24,completed,referral,debit_card
8417,5828.0,2025-07-15T08:29:53,completed,paid_search,paypal
8418,908.0,08-26-2024,completed,social_media,debit_card
8419,6160.0,17.02.2024,completed,organic_search,debit_card
8420,5687.0,2024-12-27,completed,direct,credit_card
8421,8671.0,2024-10-22T08:46:33,completed,referral,debit_card
8422,7775.0,11/10/2025,completed,organic_search,credit_card
8423,8704.0,2025-10-06T09:54:50,completed,social_media,bank_transfer
8424,8914.0,05.02.2025,completed,organic_search,credit_card
8425,4059.0,05-28-2025,completed,email,credit_card
8426,4507.0,05-27-2025,cancelled,direct,debit_card
8427,2646.0,22.10.2025,returned,paid_search,credit_card
8428,4705.0,01-07-2025,completed,email,bank_transfer
8429,1447.0,11.10.2024,completed,direct,credit_card
8430,6213.0,2024-10-02T11:51:55,completed,social_media,bank_transfer
8431,254.0,2025-04-09,completed,direct,paypal
8432,2216.0,29.01.2025,completed,paid_search,paypal
8433,1968.0,2025-01-21T02:39:19,completed,email,paypal
8434,8654.0,04-20-2024,completed,direct,bank_transfer
8435,1390.0,2025-08-15T07:15:04,completed,social_media,debit_card
8436,8236.0,2024-08-18,completed,paid_search,paypal
8437,1206.0,2024-08-03,completed,paid_search,credit_card
8438,6017.0,2024-12-29,completed,email,debit_card
8439,2970.0,31/08/2024,completed,direct,bank_transfer
8440,2929.0,2025-05-13,COMPLETED,social_media,credit_card
8441,9212.0,2024-12-08T08:17:38,completed,email,credit_card
8442,2127.0,2025-01-29T10:56:07,completed,direct,bank_transfer
8443,1922.0,10/04/2025,completed,social_media,credit_card
8444,5422.0,08-09-2024,completed,direct,debit_card
8445,6848.0,06-23-2024,completed,referral,paypal
8446,9068.0,2025-11-16,completed,paid_search,credit_card
8447,6496.0,15.01.2025,completed,paid_search,debit_card
8448,5187.0,2024-12-28T23:29:45,completed,paid_search,paypal
8449,3763.0,18/02/2024,cancelled,direct,credit_card
8450,5482.0,2025-03-12,completed,organic_search,bank_transfer
8451,5541.0,22.04.2025,completed,organic_search,paypal
8452,2055.0,04-25-2025,returned,email,credit_card
8453,6212.0,07/08/2025,completed,paid_search,bank_transfer
8454,1933.0,14/07/2024,completed,social_media,bank_transfer
8455,4524.0,2024-09-22,completed,direct,debit_card
8456,2442.0,12/10/2025,completed,organic_search,debit_card
8457,2898.0,2025-12-12,completed,email,paypal
8458,5662.0,2024-06-03T09:13:38,completed,email,debit_card
8459,626.0,03-11-2025,completed,email,debit_card
8460,121.0,08-19-2024,completed,organic_search,bank_transfer
8461,1266.0,18/03/2024,completed,paid_search,credit_card
8462,1599.0,11-14-2024,completed,organic_search,bank_transfer
8463,1880.0,06-11-2024,completed,organic_search,paypal
8464,7145.0,2025-08-09,cancelled,email,bank_transfer
8465,4127.0,04-07-2025,completed,social_media,debit_card
8466,4341.0,06-11-2024,completed,paid_search,bank_transfer
8467,5947.0,14.01.2024,completed,organic_search,debit_card
8468,6736.0,2025-10-11T08:13:10,completed,social_media,bank_transfer
8469,34.0,13/07/2024,completed,referral,credit_card
8470,7924.0,28.05.2025,completed,organic_search,credit_card
8471,9115.0,20.11.2024,completed,direct,debit_card
8472,1186.0,14/05/2025,completed,direct,credit_card
8473,6022.0,08/11/2024,completed,referral,paypal
8474,24.0,15/04/2024,completed,email,paypal
8475,482.0,2024-08-27,completed,direct,debit_card
8476,2676.0,07-25-2024,completed,direct,bank_transfer
8477,7828.0,10.01.2025,completed,email,debit_card
8478,6038.0,2025-07-04T01:36:50,completed,paid_search,credit_card
8479,4115.0,2024-10-01T15:26:40,cancelled,organic_search,credit_card
8480,4040.0,01-18-2024,cancelled,direct,bank_transfer
8481,4306.0,2025-03-28T10:28:25,completed,email,credit_card
8482,2890.0,28.05.2025,completed,email,paypal
8483,8117.0,18.12.2025,completed,social_media,debit_card
8484,5248.0,2025-05-17T18:24:33,completed,paid_search,debit_card
8485,4471.0,18/02/2025,completed,social_media,credit_card
8486,4296.0,05.05.2025,completed,paid_search,paypal
8487,8635.0,2025-12-05T16:25:25,completed,paid_search,paypal
8488,6684.0,2025-10-23,completed,email,debit_card
8489,1389.0,12/11/2024,completed,social_media,bank_transfer
8490,4029.0,09-09-2024,completed,referral,debit_card
8491,2702.0,30/09/2024,completed,social_media,bank_transfer
8492,9104.0,2025-03-16T11:42:44,COMPLETED,social_media,bank_transfer
8493,3825.0,2025-09-01T00:33:06,completed,organic_search,debit_card
8494,663.0,03-16-2025,cancelled,organic_search,debit_card
8495,3781.0,03-26-2024,completed,direct,bank_transfer
8496,2981.0,2025-08-19T08:53:09,completed,referral,debit_card
8497,5528.0,2025-10-10,completed,email,credit_card
8498,2127.0,2024-10-22T06:30:42,completed,referral,paypal
8499,359.0,08.07.2025,completed,organic_search,debit_card
8500,939.0,08.01.2025,completed,email,bank_transfer
8501,2660.0,2025-11-20T04:19:16,completed,paid_search,paypal
8502,3213.0,2025-11-01T17:53:17,COMPLETED,referral,credit_card
8503,7718.0,2025-04-01,completed,direct,paypal
8504,2540.0,28.07.2025,completed,organic_search,bank_transfer
8505,313.0,11-17-2025,COMPLETED,email,debit_card
8506,7214.0,2025-03-10T02:43:59,completed,paid_search,bank_transfer
8507,8041.0,07.11.2024,COMPLETED,referral,credit_card
8508,4549.0,09-07-2025,completed,email,credit_card
8509,2675.0,24/08/2024,cancelled,organic_search,bank_transfer
8510,7128.0,2024-12-17,cancelled,social_media,credit_card
8511,87.0,2025-11-10T11:24:38,completed,social_media,paypal
8512,8549.0,2025-08-19T18:27:10,completed,paid_search,paypal
8513,8007.0,24/12/2024,returned,paid_search,credit_card
8514,5032.0,19.08.2024,completed,paid_search,debit_card
8515,2608.0,01/12/2024,completed,organic_search,debit_card
8516,325.0,10-18-2024,completed,referral,debit_card
8517,9224.0,13.07.2024,completed,paid_search,credit_card
8518,7040.0,2025-09-01T18:00:17,completed,direct,paypal
8519,3128.0,2024-09-21,completed,direct,bank_transfer
8520,197.0,03/02/2025,completed,email,credit_card
8521,5895.0,2024-12-16,completed,social_media,credit_card
8522,9104.0,25.12.2025,completed,email,debit_card
8523,6539.0,2024-12-18,completed,organic_search,paypal
8524,818.0,08/04/2024,completed,direct,bank_transfer
8525,3697.0,18.04.2024,completed,social_media,credit_card
8526,1066.0,05-17-2025,completed,referral,debit_card
8527,8451.0,05-23-2025,completed,email,credit_card
8528,3058.0,01-01-2025,completed,paid_search,debit_card
8529,6777.0,2025-01-13,completed,social_media,bank_transfer
8530,828.0,11.03.2024,completed,referral,credit_card
8531,1245.0,2025-03-26,completed,email,credit_card
8532,6288.0,17.03.2025,completed,social_media,bank_transfer
8533,7799.0,2024-06-16,completed,email,credit_card
8534,1912.0,2024-05-02,completed,referral,credit_card
8535,3858.0,22/05/2024,returned,referral,credit_card
8536,5709.0,2024-04-29T02:57:35,completed,direct,debit_card
8537,7378.0,05-31-2025,completed,direct,paypal
8538,5796.0,2024-08-02T01:46:50,completed,paid_search,paypal
8539,938.0,09-21-2024,completed,paid_search,debit_card
8540,5015.0,2024-07-11,completed,paid_search,bank_transfer
8541,8184.0,12-16-2025,completed,organic_search,credit_card
8542,8035.0,05.11.2025,completed,organic_search,bank_transfer
8543,5375.0,03/09/2024,completed,organic_search,debit_card
8544,9189.0,2024-11-15,completed,direct,paypal
8545,1026.0,2024-08-15T17:08:06,cancelled,paid_search,paypal
8546,4422.0,03-07-2025,completed,referral,paypal
8547,7160.0,28.01.2024,cancelled,organic_search,paypal
8548,1357.0,13.07.2025,COMPLETED,paid_search,bank_transfer
8549,8973.0,31/03/2025,completed,direct,credit_card
8550,3264.0,23.11.2025,completed,social_media,paypal
8551,3234.0,01/07/2024,completed,direct,debit_card
8552,2012.0,10-09-2025,completed,email,debit_card
8553,2700.0,01/10/2025,completed,referral,bank_transfer
8554,5341.0,2024-05-25T12:07:19,completed,social_media,paypal
8555,3962.0,2024-12-22,completed,paid_search,debit_card
8556,1838.0,07.07.2024,completed,organic_search,credit_card
8557,7492.0,24/09/2024,completed,direct,debit_card
8558,605.0,2024-10-01,completed,organic_search,credit_card
8559,7720.0,23.04.2025,completed,referral,credit_card
8560,2582.0,28.12.2024,returned,paid_search,debit_card
8561,4579.0,12-12-2025,completed,paid_search,paypal
8562,3516.0,2024-05-25T21:19:18,completed,direct,debit_card
8563,5276.0,2025-12-22T05:15:08,completed,social_media,paypal
8564,7374.0,2024-09-03,completed,referral,bank_transfer
8565,9126.0,20.09.2025,completed,paid_search,paypal
8566,2858.0,21.11.2024,COMPLETED,direct,debit_card
8567,5111.0,2024-06-10,completed,organic_search,bank_transfer
8568,4306.0,07.11.2025,completed,direct,credit_card
8569,9218.0,2024-11-04T06:18:07,completed,referral,paypal
8570,7491.0,2025-07-04,completed,social_media,bank_transfer
8571,3646.0,01.05.2025,completed,organic_search,debit_card
8572,4404.0,18.02.2025,COMPLETED,organic_search,credit_card
8573,2314.0,03-10-2025,completed,paid_search,paypal
8574,6981.0,24.08.2025,completed,direct,paypal
8575,7815.0,2024-04-16T04:04:38,completed,email,bank_transfer
8576,8902.0,2025-07-11,completed,email,credit_card
8577,5227.0,22.11.2025,completed,referral,credit_card
8578,6208.0,2024-03-15T14:57:06,cancelled,referral,bank_transfer
8579,4118.0,2024-06-08,completed,social_media,paypal
8580,5616.0,2025-08-14T05:33:30,completed,email,debit_card
8581,3218.0,18/01/2025,completed,paid_search,debit_card
8582,6824.0,2024-12-24,completed,paid_search,debit_card
8583,231.0,2024-06-04T11:17:23,cancelled,organic_search,paypal
8584,288.0,03-18-2025,completed,social_media,debit_card
8585,6612.0,2024-05-25,completed,email,credit_card
8586,8596.0,02-22-2025,returned,organic_search,credit_card
8587,5828.0,14.09.2025,COMPLETED,referral,bank_transfer
8588,6715.0,2024-09-27,completed,direct,credit_card
8589,7622.0,26/02/2025,completed,paid_search,credit_card
8590,3336.0,2025-12-28,completed,paid_search,debit_card
8591,1056.0,24.07.2025,completed,social_media,bank_transfer
8592,8613.0,10-30-2025,completed,direct,debit_card
8593,8658.0,12-30-2024,completed,referral,debit_card
8594,4071.0,09-16-2025,completed,social_media,credit_card
8595,2050.0,2024-02-24T16:44:27,completed,direct,paypal
8596,8252.0,2024-05-21T03:57:25,completed,organic_search,credit_card
8597,6551.0,2024-08-08T09:04:36,completed,paid_search,debit_card
8598,82.0,23/12/2024,completed,social_media,credit_card
8599,1051.0,2025-11-01,completed,direct,paypal
8600,9073.0,25/11/2024,completed,direct,debit_card
8601,376.0,01/07/2025,cancelled,direct,bank_transfer
8602,2655.0,2025-08-09,completed,referral,credit_card
8603,5059.0,05-14-2025,completed,organic_search,credit_card
8604,1750.0,2024-12-01,completed,social_media,bank_transfer
8605,2184.0,2025-05-08,completed,direct,paypal
8606,3253.0,11-23-2024,CANCELLED,paid_search,credit_card
8607,2535.0,12/04/2024,completed,email,debit_card
8608,7449.0,29/12/2025,COMPLETED,paid_search,paypal
8609,4622.0,05-25-2024,completed,paid_search,credit_card
8610,2616.0,2024-03-31T00:20:54,completed,social_media,bank_transfer
8611,2901.0,2025-11-15T01:11:26,completed,social_media,bank_transfer
8612,394.0,01.11.2024,completed,referral,bank_transfer
8613,484.0,2025-06-28,completed,referral,credit_card
8614,6627.0,16.11.2024,completed,paid_search,credit_card
8615,1108.0,2024-12-18,completed,referral,credit_card
8616,4394.0,2024-09-30,completed,social_media,debit_card
8617,7788.0,24/11/2024,completed,referral,credit_card
8618,3395.0,28/12/2024,completed,organic_search,credit_card
8619,3191.0,2025-08-17,completed,referral,credit_card
8620,8073.0,22/03/2025,completed,social_media,debit_card
8621,8001.0,12-11-2025,completed,email,debit_card
8622,8137.0,26/02/2024,completed,paid_search,debit_card
8623,5289.0,16/03/2025,completed,email,debit_card
8624,8784.0,05-13-2025,completed,paid_search,debit_card
8625,7583.0,2025-12-02,cancelled,social_media,debit_card
8626,3828.0,2024-03-06T08:23:59,completed,organic_search,credit_card
8627,5802.0,2025-05-05T03:35:22,completed,direct,paypal
8628,1186.0,2025-11-05T00:01:24,completed,social_media,debit_card
8629,5086.0,09-13-2024,completed,direct,credit_card
8630,2473.0,2025-11-14T16:50:31,cancelled,paid_search,credit_card
8631,2665.0,2024-01-27,completed,social_media,bank_transfer
8632,1216.0,25.08.2025,completed,paid_search,paypal
8633,3297.0,07/12/2025,completed,direct,debit_card
8634,4452.0,03/07/2025,completed,paid_search,debit_card
8635,5536.0,2025-01-20T13:41:45,COMPLETED,referral,paypal
8636,2845.0,01.03.2024,completed,organic_search,paypal
8637,7334.0,02.12.2025,completed,referral,debit_card
8638,4822.0,17.02.2025,completed,direct,paypal
8639,5883.0,02-09-2024,returned,referral,debit_card
8640,2611.0,2025-07-26,CANCELLED,paid_search,credit_card
8641,7537.0,27/02/2025,completed,referral,debit_card
8642,5753.0,2024-05-23T22:42:16,completed,direct,debit_card
8643,7977.0,19.08.2024,completed,paid_search,credit_card
8644,1517.0,2024-03-23,completed,organic_search,bank_transfer
8645,3512.0,06.05.2025,cancelled,referral,credit_card
8646,1109.0,2025-06-08,completed,organic_search,debit_card
8647,2035.0,2025-03-18,completed,email,credit_card
8648,3631.0,16.10.2025,completed,direct,credit_card
8649,8271.0,2025-11-08T15:16:41,completed,social_media,debit_card
8650,5145.0,06-04-2025,completed,email,bank_transfer
8651,3057.0,01-19-2024,completed,social_media,paypal
8652,6903.0,30/07/2025,completed,social_media,bank_transfer
8653,200.0,31/12/2024,completed,paid_search,bank_transfer
8654,3408.0,04-30-2025,completed,organic_search,paypal
8655,5541.0,2025-06-27,completed,paid_search,credit_card
8656,5368.0,2024-11-28,completed,organic_search,bank_transfer
8657,5602.0,12-01-2025,completed,email,bank_transfer
8658,1998.0,2024-06-01T16:14:10,completed,organic_search,credit_card
8659,3113.0,13/07/2025,completed,email,credit_card
8660,8602.0,01-07-2024,completed,direct,paypal
8661,8985.0,2025-12-04,completed,direct,debit_card
8662,2894.0,11.05.2024,cancelled,email,credit_card
8663,5949.0,23.04.2024,completed,email,credit_card
8664,2273.0,18/11/2024,completed,email,credit_card
8665,3396.0,12-09-2024,completed,paid_search,credit_card
8666,7335.0,2024-08-19,completed,referral,credit_card
8667,4631.0,13.05.2025,completed,direct,debit_card
8668,7854.0,2025-01-23,completed,social_media,bank_transfer
8669,5801.0,16/02/2024,completed,organic_search,credit_card
8670,5802.0,11/11/2024,completed,email,paypal
8671,336.0,12/10/2025,completed,organic_search,bank_transfer
8672,6928.0,07-26-2025,completed,organic_search,credit_card
8673,9022.0,20.08.2025,completed,paid_search,paypal
8674,4371.0,2025-08-01T04:51:51,returned,direct,debit_card
8675,1503.0,06/11/2024,cancelled,social_media,credit_card
8676,9014.0,2024-04-28,completed,direct,debit_card
8677,2718.0,08.10.2024,completed,direct,bank_transfer
8678,3764.0,2025-10-25,cancelled,social_media,paypal
8679,754.0,24/12/2025,completed,direct,credit_card
8680,1086.0,08/03/2025,completed,referral,paypal
8681,2043.0,2024-01-14,completed,email,paypal
8682,5059.0,2024-06-07T18:52:22,completed,referral,bank_transfer
8683,5148.0,12/11/2024,completed,referral,bank_transfer
8684,5590.0,2025-05-09,completed,paid_search,paypal
8685,5368.0,03.04.2024,completed,email,credit_card
8686,4576.0,11.12.2025,returned,referral,bank_transfer
8687,7435.0,05/12/2024,completed,referral,credit_card
8688,8613.0,29.11.2025,completed,email,debit_card
8689,2537.0,2025-09-24T21:01:16,completed,email,debit_card
8690,1263.0,09-09-2025,completed,referral,debit_card
8691,3922.0,2025-05-28,returned,organic_search,paypal
8692,269.0,12/06/2025,completed,email,paypal
8693,8171.0,20.06.2025,completed,direct,paypal
8694,2255.0,13/06/2025,completed,referral,bank_transfer
8695,5064.0,2025-04-22,completed,direct,paypal
8696,1128.0,2025-12-27,completed,social_media,paypal
8697,5105.0,08-24-2025,returned,social_media,credit_card
8698,,2025-09-22,completed,organic_search,bank_transfer
8699,7100.0,13/11/2025,COMPLETED,referral,debit_card
8700,8818.0,20.08.2024,completed,referral,credit_card
8701,2867.0,04-12-2024,completed,referral,debit_card
8702,2429.0,28/02/2025,returned,referral,debit_card
8703,4140.0,03-24-2025,completed,direct,debit_card
8704,5713.0,10-23-2025,completed,paid_search,paypal
8705,1792.0,2025-01-24T01:11:52,completed,social_media,debit_card
8706,7449.0,04/05/2025,completed,paid_search,credit_card
8707,1888.0,2025-04-03T23:31:26,completed,referral,credit_card
8708,54.0,21/02/2024,cancelled,email,credit_card
8709,4853.0,03.06.2025,completed,direct,debit_card
8710,1128.0,23/10/2025,cancelled,social_media,paypal
8711,6462.0,06-24-2024,completed,direct,debit_card
8712,1588.0,20/05/2025,COMPLETED,email,paypal
8713,7570.0,2025-05-19,completed,direct,bank_transfer
8714,4347.0,07-01-2024,completed,social_media,credit_card
8715,5229.0,22.05.2024,cancelled,paid_search,credit_card
8716,1770.0,12-24-2025,completed,referral,debit_card
8717,1406.0,12-19-2024,cancelled,referral,debit_card
8718,5819.0,2024-08-31T18:08:14,completed,paid_search,debit_card
8719,2402.0,2024-07-08,completed,referral,bank_transfer
8720,3556.0,2025-07-11,COMPLETED,social_media,paypal
8721,4431.0,2025-05-30T03:43:37,completed,social_media,credit_card
8722,2164.0,23/06/2025,completed,referral,paypal
8723,7368.0,2024-04-16T19:08:30,completed,social_media,bank_transfer
8724,8667.0,21.11.2025,completed,paid_search,debit_card
8725,3987.0,2024-12-17T03:56:45,completed,referral,debit_card
8726,8489.0,2024-11-07T15:24:03,completed,social_media,debit_card
8727,8166.0,10.02.2025,completed,direct,debit_card
8728,1577.0,2024-12-18,completed,email,credit_card
8729,1646.0,09.11.2025,completed,direct,bank_transfer
8730,4409.0,06/12/2025,completed,referral,bank_transfer
8731,4870.0,02.11.2024,completed,direct,bank_transfer
8732,3152.0,09.11.2025,completed,direct,credit_card
8733,2899.0,09-25-2025,completed,referral,credit_card
8734,3984.0,12-06-2025,completed,paid_search,bank_transfer
8735,6406.0,2024-09-16,completed,paid_search,credit_card
8736,826.0,08.05.2025,completed,organic_search,debit_card
8737,6575.0,2024-10-10T01:00:06,completed,social_media,paypal
8738,8570.0,20.10.2025,completed,organic_search,paypal
8739,7050.0,2024-01-08,completed,email,paypal
8740,1819.0,29/04/2025,returned,email,paypal
8741,855.0,22.11.2024,returned,paid_search,bank_transfer
8742,4530.0,2024-11-12,completed,direct,credit_card
8743,8826.0,2025-06-24,completed,direct,debit_card
8744,7584.0,11-04-2025,completed,direct,credit_card
8745,5197.0,2025-05-30T04:10:11,completed,organic_search,debit_card
8746,1371.0,05/11/2025,returned,organic_search,credit_card
8747,6588.0,2024-10-02,completed,referral,debit_card
8748,7523.0,2025-03-28,completed,email,paypal
8749,8626.0,01-31-2025,completed,email,debit_card
8750,5644.0,17.01.2024,cancelled,referral,paypal
8751,4762.0,2025-04-24T04:42:24,completed,referral,paypal
8752,5707.0,07-06-2025,completed,paid_search,credit_card
8753,8704.0,18.05.2025,cancelled,social_media,credit_card
8754,5795.0,08-27-2025,completed,paid_search,paypal
8755,2424.0,05-04-2025,completed,email,bank_transfer
8756,5861.0,2024-03-25T15:04:11,completed,social_media,credit_card
8757,8134.0,15/05/2024,completed,social_media,debit_card
8758,5238.0,05-21-2025,completed,organic_search,bank_transfer
8759,4648.0,2024-10-10,completed,email,bank_transfer
8760,6777.0,04-08-2024,completed,paid_search,credit_card
8761,6123.0,11.01.2025,completed,email,paypal
8762,559.0,04-22-2025,completed,social_media,credit_card
8763,6702.0,16.11.2024,completed,organic_search,bank_transfer
8764,3753.0,17/08/2025,completed,email,debit_card
8765,8677.0,2025-06-24,completed,direct,paypal
8766,8957.0,11-18-2024,completed,organic_search,bank_transfer
8767,4148.0,08.09.2025,completed,email,paypal
8768,8942.0,06-27-2025,completed,email,credit_card
8769,2890.0,19/06/2025,returned,organic_search,paypal
8770,6324.0,21.04.2025,completed,paid_search,debit_card
8771,736.0,01-17-2024,completed,social_media,credit_card
8772,1390.0,07-31-2025,completed,paid_search,bank_transfer
8773,7997.0,2024-12-11,completed,social_media,credit_card
8774,8264.0,10/12/2025,returned,social_media,bank_transfer
8775,4921.0,10-17-2025,completed,email,paypal
8776,3140.0,15/05/2025,completed,social_media,debit_card
8777,4166.0,22/09/2024,COMPLETED,referral,credit_card
8778,8045.0,2024-08-09,completed,direct,paypal
8779,1996.0,2024-11-22,cancelled,organic_search,paypal
8780,2749.0,02-22-2025,completed,social_media,debit_card
8781,7262.0,27/10/2024,completed,social_media,bank_transfer
8782,8629.0,2025-03-25,completed,email,credit_card
8783,908.0,02/07/2024,completed,social_media,credit_card
8784,7452.0,23/12/2025,completed,referral,debit_card
8785,5954.0,05-06-2024,cancelled,referral,paypal
8786,2170.0,2025-12-06,COMPLETED,paid_search,paypal
8787,6987.0,30/11/2025,completed,referral,bank_transfer
8788,6722.0,2025-04-01,completed,social_media,credit_card
8789,1365.0,2025-08-20T22:20:15,completed,direct,debit_card
8790,4644.0,2025-01-17T19:34:42,completed,referral,paypal
8791,7004.0,06-14-2025,completed,organic_search,credit_card
8792,1817.0,11-22-2024,completed,referral,credit_card
8793,4271.0,31.10.2024,completed,paid_search,debit_card
8794,1178.0,05-09-2025,cancelled,referral,credit_card
8795,2865.0,12.03.2025,completed,email,debit_card
8796,2058.0,2025-05-10,completed,organic_search,credit_card
8797,4671.0,20/10/2024,completed,email,bank_transfer
8798,1358.0,12-06-2024,cancelled,direct,bank_transfer
8799,3537.0,12/04/2024,completed,organic_search,bank_transfer
8800,2585.0,2024-03-09,completed,referral,bank_transfer
8801,6896.0,2024-09-23T22:12:08,completed,paid_search,credit_card
8802,6476.0,02.04.2024,completed,email,credit_card
8803,932.0,05-02-2024,completed,email,paypal
8804,8796.0,14.10.2025,completed,direct,paypal
8805,6881.0,02-22-2024,COMPLETED,referral,credit_card
8806,5676.0,04.07.2025,completed,social_media,credit_card
8807,4410.0,2024-10-08T16:40:44,completed,direct,paypal
8808,1684.0,11-12-2025,cancelled,organic_search,bank_transfer
8809,8874.0,2025-03-02,completed,paid_search,debit_card
8810,79.0,11-03-2024,completed,referral,credit_card
8811,6420.0,2025-03-27,cancelled,direct,credit_card
8812,4698.0,14/12/2024,completed,organic_search,debit_card
8813,8353.0,2025-04-29,completed,paid_search,paypal
8814,3513.0,13/05/2024,completed,email,debit_card
8815,4801.0,30.12.2025,completed,organic_search,paypal
8816,6865.0,01-07-2025,completed,email,bank_transfer
8817,464.0,27/11/2024,completed,social_media,bank_transfer
8818,534.0,10.08.2025,COMPLETED,referral,bank_transfer
8819,1998.0,05.12.2024,cancelled,referral,credit_card
8820,1404.0,10-26-2025,completed,email,paypal
8821,62.0,2025-02-03,completed,referral,paypal
8822,5741.0,2025-08-16T05:45:08,cancelled,direct,bank_transfer
8823,7373.0,05-06-2024,COMPLETED,direct,paypal
8824,8834.0,02/11/2025,completed,email,credit_card
8825,4060.0,08-27-2025,returned,organic_search,bank_transfer
8826,2628.0,17.08.2024,completed,paid_search,bank_transfer
8827,7990.0,06-12-2024,cancelled,referral,paypal
8828,7806.0,09.11.2024,completed,social_media,debit_card
8829,5761.0,2025-12-23T18:51:47,completed,organic_search,credit_card
8830,2561.0,09-25-2024,completed,social_media,credit_card
8831,8412.0,2025-02-04,completed,email,bank_transfer
8832,1687.0,2024-02-11T10:52:30,completed,email,bank_transfer
8833,424.0,12-21-2024,completed,paid_search,paypal
8834,7380.0,05-04-2025,COMPLETED,social_media,credit_card
8835,5207.0,14.12.2025,completed,organic_search,paypal
8836,2317.0,2025-03-26T05:53:00,completed,referral,credit_card
8837,6210.0,17.10.2025,completed,paid_search,credit_card
8838,7078.0,2025-04-17,completed,social_media,paypal
8839,7808.0,02-25-2024,completed,social_media,bank_transfer
8840,2651.0,11-08-2024,completed,organic_search,debit_card
8841,260.0,07/05/2025,cancelled,social_media,bank_transfer
8842,4722.0,13.12.2025,completed,paid_search,paypal
8843,7918.0,07.11.2025,completed,social_media,credit_card
8844,1965.0,2024-09-01,completed,paid_search,credit_card
8845,3887.0,08-24-2024,completed,social_media,credit_card
8846,2411.0,08-07-2024,completed,email,bank_transfer
8847,136.0,2025-12-03T15:18:19,completed,organic_search,credit_card
8848,8315.0,2025-11-04,completed,direct,bank_transfer
8849,1309.0,21/09/2025,returned,social_media,credit_card
8850,7078.0,2024-12-19T06:52:49,completed,email,paypal
8851,3199.0,2025-03-16T09:46:54,completed,organic_search,bank_transfer
8852,2608.0,12.02.2025,completed,direct,debit_card
8853,8679.0,22/09/2024,cancelled,paid_search,credit_card
8854,6086.0,17/03/2025,returned,social_media,credit_card
8855,6371.0,02-11-2024,completed,organic_search,paypal
8856,7014.0,2024-05-30T13:38:55,completed,organic_search,credit_card
8857,3150.0,18.11.2025,completed,direct,debit_card
8858,5207.0,2025-09-06T20:23:20,cancelled,email,bank_transfer
8859,2541.0,2025-01-05T19:54:23,completed,paid_search,debit_card
8860,7719.0,26/03/2025,completed,social_media,debit_card
8861,5526.0,2024-12-08,completed,organic_search,credit_card
8862,2291.0,30/08/2025,completed,social_media,credit_card
8863,8331.0,27.09.2025,returned,paid_search,credit_card
8864,5356.0,09-14-2025,completed,paid_search,debit_card
8865,4574.0,08-18-2025,completed,referral,credit_card
8866,343.0,10.08.2024,completed,direct,bank_transfer
8867,8427.0,11-21-2024,completed,email,bank_transfer
8868,8783.0,16/02/2025,completed,paid_search,bank_transfer
8869,5196.0,2024-11-17T02:19:26,completed,direct,credit_card
8870,4079.0,2025-09-08T19:16:24,completed,social_media,paypal
8871,3314.0,2024-11-16,completed,email,bank_transfer
8872,2523.0,05.06.2024,completed,email,paypal
8873,5311.0,12-22-2024,completed,email,bank_transfer
8874,1243.0,24.12.2025,completed,email,credit_card
8875,8505.0,2024-08-30,completed,social_media,credit_card
8876,1666.0,06-01-2025,completed,referral,paypal
8877,6891.0,01-14-2025,completed,social_media,paypal
8878,2866.0,03-30-2024,completed,organic_search,credit_card
8879,2127.0,04/03/2025,cancelled,referral,bank_transfer
8880,5150.0,04.08.2025,completed,social_media,paypal
8881,7061.0,2025-03-23,completed,social_media,credit_card
8882,6717.0,11-12-2025,completed,direct,paypal
8883,2198.0,21/10/2024,completed,email,paypal
8884,3059.0,04-15-2024,completed,referral,debit_card
8885,8039.0,08/12/2025,completed,email,debit_card
8886,6680.0,2024-12-12T12:42:57,completed,organic_search,debit_card
8887,6580.0,2025-05-07,completed,direct,debit_card
8888,2532.0,2025-10-01,completed,email,debit_card
8889,7333.0,2024-11-13,completed,referral,credit_card
8890,3300.0,2025-08-14T17:10:04,completed,direct,bank_transfer
8891,3692.0,2024-06-02,cancelled,social_media,credit_card
8892,2695.0,2024-10-23,completed,organic_search,bank_transfer
8893,1185.0,12/06/2024,completed,email,debit_card
8894,3880.0,13.10.2025,completed,social_media,bank_transfer
8895,173.0,2024-08-27,COMPLETED,referral,debit_card
8896,4207.0,15/08/2025,completed,paid_search,paypal
8897,6700.0,2025-12-11T14:25:02,completed,organic_search,debit_card
8898,8863.0,04-03-2025,returned,referral,paypal
8899,763.0,12.04.2025,completed,social_media,bank_transfer
8900,2643.0,02-09-2025,completed,email,credit_card
8901,4566.0,14/11/2024,completed,social_media,paypal
8902,1617.0,02-22-2025,completed,email,bank_transfer
8903,1141.0,26.05.2025,returned,email,credit_card
8904,4176.0,12-26-2025,completed,organic_search,credit_card
8905,5356.0,09/12/2025,completed,social_media,bank_transfer
8906,7593.0,08/11/2025,completed,email,paypal
8907,9208.0,2025-11-20T10:39:03,completed,organic_search,debit_card
8908,7149.0,2025-02-15,completed,social_media,credit_card
8909,2080.0,03.07.2025,completed,email,paypal
8910,6913.0,2025-11-22T13:14:46,completed,organic_search,bank_transfer
8911,4960.0,2024-12-19T15:25:57,completed,organic_search,bank_transfer
8912,4164.0,12-18-2025,completed,referral,debit_card
8913,8634.0,2024-12-30,completed,direct,paypal
8914,6499.0,25/05/2025,completed,email,bank_transfer
8915,6314.0,2025-08-09T15:50:09,completed,email,debit_card
8916,118.0,13/12/2025,completed,social_media,credit_card
8917,8004.0,2024-09-15T10:23:06,completed,social_media,bank_transfer
8918,7347.0,2025-09-03,completed,direct,bank_transfer
8919,2787.0,03-29-2025,completed,paid_search,paypal
8920,2735.0,10-05-2024,completed,referral,credit_card
8921,522.0,2025-09-22,completed,paid_search,debit_card
8922,497.0,20.04.2025,completed,organic_search,paypal
8923,6186.0,06/07/2025,completed,paid_search,credit_card
8924,1767.0,2024-11-12T06:22:23,completed,email,debit_card
8925,8544.0,02-27-2025,completed,email,debit_card
8926,7789.0,06-05-2025,completed,direct,credit_card
8927,3219.0,25/12/2024,completed,organic_search,credit_card
8928,3508.0,2024-08-04,completed,social_media,paypal
8929,3023.0,17.12.2025,COMPLETED,referral,paypal
8930,907.0,22.03.2025,completed,organic_search,debit_card
8931,313.0,2025-08-26T20:35:58,completed,email,credit_card
8932,4176.0,12-28-2024,completed,paid_search,bank_transfer
8933,8701.0,30.11.2024,completed,organic_search,credit_card
8934,8486.0,12-26-2024,cancelled,email,bank_transfer
8935,7494.0,2024-12-27T05:10:58,completed,direct,credit_card
8936,5800.0,15/04/2025,CANCELLED,paid_search,paypal
8937,7919.0,04-14-2025,completed,direct,bank_transfer
8938,4768.0,11.03.2025,RETURNED,direct,credit_card
8939,1705.0,2024-06-02,completed,direct,bank_transfer
8940,6342.0,10/03/2025,completed,paid_search,credit_card
8941,8519.0,06/07/2024,completed,paid_search,paypal
8942,199.0,24/05/2024,completed,referral,paypal
8943,2365.0,12-07-2025,completed,organic_search,debit_card
8944,2498.0,2025-05-27T07:40:18,completed,social_media,credit_card
8945,973.0,05.07.2025,CANCELLED,direct,bank_transfer
8946,2119.0,23/12/2024,completed,email,paypal
8947,3545.0,2025-11-28,completed,direct,debit_card
8948,8670.0,20.06.2025,completed,referral,paypal
8949,7951.0,2025-09-17,completed,social_media,bank_transfer
8950,8730.0,07/12/2024,completed,social_media,credit_card
8951,1178.0,2025-12-17,completed,email,paypal
8952,282.0,18.10.2025,completed,direct,debit_card
8953,1073.0,11-05-2025,completed,email,bank_transfer
8954,8466.0,09/07/2024,completed,organic_search,debit_card
8955,1496.0,07.10.2024,completed,email,debit_card
8956,5296.0,19/10/2024,completed,organic_search,paypal
8957,2145.0,07.10.2024,CANCELLED,referral,debit_card
8958,,06/11/2025,completed,social_media,bank_transfer
8959,827.0,2024-02-13T01:02:10,completed,social_media,credit_card
8960,6566.0,04/04/2024,completed,referral,bank_transfer
8961,1729.0,2024-10-09,COMPLETED,organic_search,paypal
8962,2159.0,05/08/2024,completed,direct,credit_card
8963,3479.0,2024-09-04,completed,email,paypal
8964,6086.0,2025-10-05,cancelled,referral,debit_card
8965,4334.0,2025-04-28,cancelled,referral,paypal
8966,8718.0,2024-01-09,completed,social_media,bank_transfer
8967,4005.0,2025-01-11,completed,referral,credit_card
8968,1891.0,26/12/2024,completed,direct,paypal
8969,4949.0,2024-05-12T01:02:06,completed,organic_search,bank_transfer
8970,4165.0,07-17-2025,completed,paid_search,paypal
8971,7282.0,2025-08-04T00:30:43,completed,direct,paypal
8972,8627.0,08-17-2025,completed,referral,bank_transfer
8973,7736.0,2025-08-22T16:20:56,completed,social_media,credit_card
8974,3583.0,01-01-2024,returned,referral,bank_transfer
8975,2041.0,2025-12-15,completed,organic_search,credit_card
8976,8466.0,14/10/2025,cancelled,direct,debit_card
8977,3556.0,2025-11-26,completed,email,debit_card
8978,7112.0,2024-01-22,completed,referral,debit_card
8979,9127.0,12-07-2025,completed,email,bank_transfer
8980,5340.0,12.10.2025,COMPLETED,organic_search,credit_card
8981,4434.0,28/10/2025,completed,referral,credit_card
8982,6479.0,2024-04-22T17:15:18,completed,social_media,credit_card
8983,1843.0,2025-08-29T16:21:26,completed,referral,paypal
8984,4510.0,17.12.2025,completed,paid_search,bank_transfer
8985,2894.0,2025-07-19,completed,email,debit_card
8986,1558.0,05-03-2025,cancelled,paid_search,paypal
8987,5626.0,2025-12-12T01:47:42,completed,paid_search,credit_card
8988,5323.0,24/01/2025,COMPLETED,paid_search,bank_transfer
8989,7032.0,2025-05-23T07:39:20,completed,direct,paypal
8990,8072.0,22/02/2025,completed,social_media,credit_card
8991,2070.0,07.12.2025,completed,email,debit_card
8992,7201.0,2024-04-04,completed,paid_search,paypal
8993,3384.0,2025-03-14T23:42:29,completed,email,debit_card
8994,5802.0,2025-07-25T15:00:12,completed,referral,debit_card
8995,7861.0,10-01-2025,completed,social_media,paypal
8996,2409.0,12.05.2025,completed,email,paypal
8997,5541.0,11-28-2025,completed,paid_search,paypal
8998,4439.0,2025-12-10T02:42:58,completed,paid_search,debit_card
8999,7319.0,23/03/2024,completed,paid_search,paypal
9000,6452.0,12-24-2024,completed,paid_search,credit_card
9001,7106.0,2024-02-02T20:27:35,completed,social_media,bank_transfer
9002,2699.0,2024-11-16,completed,paid_search,debit_card
9003,6519.0,10/04/2025,completed,paid_search,paypal
9004,5585.0,2025-11-29,completed,paid_search,paypal
9005,4212.0,2025-11-02,completed,organic_search,bank_transfer
9006,3490.0,2024-05-26,completed,email,bank_transfer
9007,3070.0,21/04/2024,completed,email,bank_transfer
9008,96.0,2025-05-16,completed,referral,debit_card
9009,1610.0,06.04.2025,completed,email,debit_card
9010,582.0,10-03-2024,completed,referral,bank_transfer
9011,7843.0,24.11.2025,completed,referral,debit_card
9012,7949.0,2025-12-05T15:00:43,completed,email,bank_transfer
9013,7825.0,24/12/2024,completed,email,credit_card
9014,7574.0,20.11.2025,completed,direct,debit_card
9015,2080.0,2024-12-15T16:24:02,completed,direct,bank_transfer
9016,4544.0,2025-08-28T20:36:10,completed,direct,debit_card
9017,8404.0,22.02.2025,cancelled,direct,paypal
9018,7016.0,05-21-2024,cancelled,email,bank_transfer
9019,18.0,2025-12-05,completed,email,paypal
9020,4238.0,03.02.2025,returned,organic_search,credit_card
9021,105.0,26.08.2025,completed,organic_search,debit_card
9022,2638.0,06.12.2024,COMPLETED,social_media,bank_transfer
9023,4020.0,27/01/2024,completed,paid_search,paypal
9024,8256.0,29.04.2024,completed,referral,bank_transfer
9025,6058.0,03-10-2025,completed,organic_search,bank_transfer
9026,3343.0,2025-07-27T13:51:14,completed,social_media,debit_card
9027,4533.0,2024-11-19,completed,email,credit_card
9028,7570.0,31.07.2025,completed,social_media,credit_card
9029,2795.0,02.08.2025,completed,email,debit_card
9030,5668.0,08-05-2025,completed,social_media,debit_card
9031,2463.0,03-08-2025,COMPLETED,social_media,debit_card
9032,4435.0,30.11.2025,returned,organic_search,paypal
9033,251.0,2025-03-05T13:39:18,completed,direct,paypal
9034,7879.0,30.01.2025,cancelled,direct,debit_card
9035,474.0,2024-08-05T16:49:36,completed,social_media,paypal
9036,2111.0,2024-11-04,completed,referral,bank_transfer
9037,3088.0,26/02/2024,completed,organic_search,paypal
9038,5763.0,06-16-2025,completed,organic_search,credit_card
9039,6645.0,18/09/2024,completed,email,credit_card
9040,780.0,11-02-2024,cancelled,organic_search,paypal
9041,423.0,18/09/2025,completed,direct,paypal
9042,7402.0,15/11/2024,completed,social_media,bank_transfer
9043,6579.0,2024-09-13,completed,direct,credit_card
9044,7694.0,07-06-2024,completed,paid_search,bank_transfer
9045,6257.0,2025-09-21T02:03:07,completed,referral,debit_card
9046,6941.0,2024-05-28T07:16:15,completed,social_media,paypal
9047,3498.0,02.02.2025,COMPLETED,referral,paypal
9048,5430.0,2025-03-18,COMPLETED,social_media,bank_transfer
9049,7467.0,2025-07-25T17:31:45,returned,direct,paypal
9050,1633.0,16.06.2025,completed,social_media,debit_card
9051,3904.0,2025-10-12,completed,email,credit_card
9052,6844.0,2024-03-01,completed,email,paypal
9053,4922.0,27/10/2024,completed,paid_search,credit_card
9054,6314.0,2024-10-14T02:16:27,completed,direct,credit_card
9055,2738.0,13.06.2024,completed,paid_search,debit_card
9056,321.0,22/10/2024,completed,paid_search,paypal
9057,292.0,2024-11-05T13:44:14,returned,organic_search,credit_card
9058,8698.0,2025-03-30,completed,paid_search,paypal
9059,8718.0,2025-07-08T11:35:15,completed,social_media,credit_card
9060,1998.0,12-13-2024,completed,email,paypal
9061,1412.0,2025-08-16T11:43:06,COMPLETED,organic_search,paypal
9062,184.0,20.11.2024,completed,social_media,credit_card
9063,2176.0,2024-10-22,completed,organic_search,bank_transfer
9064,3095.0,04-13-2025,RETURNED,direct,paypal
9065,2273.0,03.02.2024,completed,email,debit_card
9066,7386.0,04-08-2024,completed,email,paypal
9067,6924.0,2024-12-31,completed,referral,bank_transfer
9068,787.0,2025-12-11T08:09:58,returned,social_media,credit_card
9069,6453.0,2025-08-17T12:11:09,completed,paid_search,bank_transfer
9070,4818.0,16/04/2024,completed,social_media,paypal
9071,1282.0,2025-11-02,completed,direct,debit_card
9072,6837.0,2025-08-24,completed,social_media,credit_card
9073,839.0,31/05/2025,completed,social_media,debit_card
9074,1675.0,2025-10-18T08:00:22,COMPLETED,organic_search,credit_card
9075,1430.0,2024-12-25,completed,direct,bank_transfer
9076,8663.0,2024-08-26,completed,social_media,bank_transfer
9077,6462.0,03-22-2025,completed,direct,debit_card
9078,3782.0,2025-04-18,completed,direct,debit_card
9079,7607.0,11/04/2025,completed,social_media,paypal
9080,2039.0,30/04/2025,completed,social_media,bank_transfer
9081,8598.0,13/12/2025,completed,social_media,paypal
9082,6451.0,25.11.2025,completed,email,credit_card
9083,5170.0,2025-11-14T01:40:37,completed,direct,debit_card
9084,7360.0,07.10.2025,cancelled,social_media,bank_transfer
9085,5952.0,2025-12-11T07:36:01,completed,referral,credit_card
9086,8205.0,27/04/2024,completed,direct,bank_transfer
9087,7668.0,02/10/2024,completed,paid_search,credit_card
9088,1880.0,09.03.2025,completed,social_media,bank_transfer
9089,2255.0,02.11.2025,completed,organic_search,debit_card
9090,633.0,2025-03-17,completed,direct,paypal
9091,2068.0,2025-09-04T06:25:49,completed,organic_search,debit_card
9092,3173.0,2024-06-06T04:38:57,completed,paid_search,debit_card
9093,289.0,22/09/2024,completed,organic_search,debit_card
9094,2920.0,08-24-2025,completed,paid_search,bank_transfer
9095,,2024-07-02T07:01:54,cancelled,paid_search,debit_card
9096,7773.0,2024-11-28,completed,referral,bank_transfer
9097,87.0,02.10.2024,completed,social_media,paypal
9098,70.0,27/11/2024,completed,paid_search,credit_card
9099,1403.0,2025-08-08,completed,organic_search,credit_card
9100,8068.0,2024-12-07T06:50:30,completed,paid_search,bank_transfer
9101,4333.0,23/04/2025,completed,referral,paypal
9102,9071.0,28.04.2024,completed,email,bank_transfer
9103,8207.0,2025-10-09T06:58:19,completed,referral,credit_card
9104,8231.0,08/12/2024,completed,direct,debit_card
9105,1246.0,2025-06-27T23:10:21,completed,direct,credit_card
9106,4389.0,20/08/2025,cancelled,referral,debit_card
9107,9169.0,15/08/2024,completed,organic_search,bank_transfer
9108,1428.0,2025-11-18T10:34:58,completed,email,bank_transfer
9109,5308.0,04.06.2025,completed,direct,debit_card
9110,3182.0,01-10-2025,completed,social_media,debit_card
9111,3573.0,2024-07-19T16:42:03,completed,social_media,bank_transfer
9112,8236.0,2025-12-10T08:28:38,completed,paid_search,paypal
9113,5404.0,09-08-2025,completed,paid_search,paypal
9114,7006.0,13.08.2024,completed,direct,credit_card
9115,6231.0,11-21-2024,completed,paid_search,credit_card
9116,4896.0,12.10.2025,completed,organic_search,debit_card
9117,7331.0,2025-07-31,completed,email,bank_transfer
9118,8956.0,2025-09-15T03:18:01,completed,direct,credit_card
9119,8923.0,22.01.2025,completed,social_media,paypal
9120,7309.0,2025-08-14T04:40:19,cancelled,email,paypal
9121,4500.0,12-16-2024,completed,direct,paypal
9122,1548.0,2024-08-16T07:10:11,COMPLETED,direct,bank_transfer
9123,431.0,16.06.2025,completed,social_media,credit_card
9124,2178.0,12-23-2025,completed,referral,debit_card
9125,3145.0,2024-11-05T16:59:56,returned,direct,paypal
9126,1258.0,09.02.2025,completed,email,credit_card
9127,2115.0,2025-07-15T05:44:16,completed,organic_search,credit_card
9128,816.0,2025-04-13T07:19:42,completed,paid_search,credit_card
9129,4846.0,01.11.2025,cancelled,paid_search,bank_transfer
9130,1222.0,2025-09-13,completed,referral,paypal
9131,6871.0,2024-03-16,completed,paid_search,credit_card
9132,3080.0,2025-12-31,cancelled,email,paypal
9133,6219.0,09-07-2025,completed,referral,bank_transfer
9134,8164.0,2025-11-09,completed,paid_search,paypal
9135,839.0,2025-06-29,cancelled,paid_search,debit_card
9136,9122.0,06.11.2025,completed,referral,bank_transfer
9137,5956.0,2024-05-11,completed,direct,credit_card
9138,521.0,11-26-2024,completed,paid_search,bank_transfer
9139,2908.0,2025-11-14T11:29:03,completed,organic_search,debit_card
9140,8199.0,2024-08-07,completed,organic_search,debit_card
9141,5495.0,06/04/2024,completed,paid_search,bank_transfer
9142,2692.0,09-29-2025,completed,direct,debit_card
9143,8673.0,2025-10-27T10:30:51,completed,referral,paypal
9144,7283.0,30/06/2024,completed,referral,credit_card
9145,6800.0,11-05-2025,cancelled,email,debit_card
9146,8215.0,24/07/2025,COMPLETED,social_media,paypal
9147,7109.0,29.03.2025,completed,social_media,debit_card
9148,2688.0,10-24-2025,returned,direct,debit_card
9149,5368.0,01/01/2025,CANCELLED,paid_search,bank_transfer
9150,7787.0,2024-07-31T05:21:45,completed,email,bank_transfer
9151,1710.0,18.10.2024,completed,social_media,credit_card
9152,1547.0,2025-03-17T09:04:52,completed,social_media,paypal
9153,1507.0,2025-04-06,completed,social_media,credit_card
9154,1847.0,09/10/2025,completed,email,credit_card
9155,1017.0,10-01-2025,completed,direct,debit_card
9156,7746.0,11.05.2025,completed,organic_search,bank_transfer
9157,7579.0,25.09.2025,completed,referral,paypal
9158,1454.0,29.07.2024,completed,direct,credit_card
9159,6526.0,07/03/2024,completed,referral,credit_card
9160,5781.0,2025-11-13T21:11:06,completed,paid_search,credit_card
9161,2596.0,2024-04-04T22:19:26,COMPLETED,direct,paypal
9162,2142.0,09-17-2024,completed,email,paypal
9163,2356.0,2025-07-30,completed,social_media,paypal
9164,6751.0,27.12.2024,cancelled,referral,debit_card
9165,,14.11.2025,completed,referral,paypal
9166,2610.0,2024-10-29T04:58:25,cancelled,social_media,bank_transfer
9167,228.0,17/01/2024,returned,email,debit_card
9168,8409.0,31.10.2024,completed,referral,credit_card
9169,6956.0,05-09-2025,completed,organic_search,debit_card
9170,4369.0,2024-12-11T13:21:08,returned,social_media,debit_card
9171,8699.0,08.04.2025,completed,paid_search,bank_transfer
9172,2745.0,11-14-2025,completed,organic_search,credit_card
9173,6246.0,2025-11-29,completed,organic_search,bank_transfer
9174,2848.0,2024-10-03T08:46:44,completed,referral,bank_transfer
9175,2916.0,2025-02-10T19:17:37,returned,social_media,debit_card
9176,7809.0,04-18-2025,cancelled,organic_search,paypal
9177,7280.0,2025-12-13T12:09:47,completed,direct,credit_card
9178,2748.0,2025-12-31,completed,paid_search,credit_card
9179,791.0,07/09/2024,CANCELLED,paid_search,credit_card
9180,3292.0,2025-08-21,COMPLETED,organic_search,bank_transfer
9181,7019.0,2024-12-12T04:40:20,COMPLETED,direct,debit_card
9182,989.0,12.01.2024,completed,organic_search,debit_card
9183,6220.0,2024-01-14,completed,organic_search,paypal
9184,8229.0,02-08-2025,COMPLETED,direct,bank_transfer
9185,1696.0,04/03/2025,completed,email,credit_card
9186,7975.0,01/02/2024,completed,referral,debit_card
9187,501.0,24.07.2025,completed,organic_search,credit_card
9188,6171.0,2024-10-26T15:29:06,completed,direct,credit_card
9189,7323.0,2025-04-26,returned,referral,bank_transfer
9190,4103.0,31.10.2024,completed,email,bank_transfer
9191,1925.0,2024-07-04T02:00:41,completed,referral,debit_card
9192,8556.0,26/12/2024,completed,paid_search,credit_card
9193,204.0,2024-09-04,returned,organic_search,debit_card
9194,5123.0,04-08-2025,completed,referral,paypal
9195,3436.0,08-04-2024,completed,social_media,debit_card
9196,4255.0,2025-03-20T13:48:20,completed,social_media,paypal
9197,4952.0,06-24-2024,completed,direct,credit_card
9198,4938.0,2025-07-13T17:04:48,completed,direct,bank_transfer
9199,1923.0,2025-09-08T05:15:53,completed,referral,credit_card
9200,6290.0,09/05/2024,completed,paid_search,debit_card
9201,195.0,02-15-2025,completed,email,paypal
9202,216.0,2024-03-30T08:09:07,completed,direct,paypal
9203,4421.0,05-23-2025,completed,organic_search,paypal
9204,5006.0,2024-10-02T14:50:58,completed,referral,debit_card
9205,2581.0,2025-04-03,completed,paid_search,credit_card
9206,5087.0,27/03/2025,completed,direct,debit_card
9207,4778.0,04.12.2025,cancelled,paid_search,bank_transfer
9208,3221.0,2025-04-18,completed,referral,credit_card
9209,6030.0,2025-05-12,cancelled,paid_search,debit_card
9210,8842.0,23.12.2024,completed,paid_search,paypal
9211,4535.0,13/12/2025,COMPLETED,organic_search,credit_card
9212,7269.0,2025-09-22,completed,email,paypal
9213,2325.0,19.10.2024,completed,referral,credit_card
9214,7039.0,11-01-2025,completed,direct,debit_card
9215,5999.0,14/01/2025,completed,paid_search,paypal
9216,5899.0,23.10.2025,completed,email,paypal
9217,8256.0,2025-10-19T17:19:07,completed,social_media,bank_transfer
9218,,07-26-2024,completed,referral,debit_card
9219,3395.0,2025-08-03,completed,referral,credit_card
9220,811.0,2024-10-23T16:22:15,completed,paid_search,bank_transfer
9221,6710.0,28/10/2024,completed,direct,debit_card
9222,7801.0,2024-10-27T14:39:09,completed,paid_search,debit_card
9223,,2025-08-20T16:24:54,completed,paid_search,bank_transfer
9224,3287.0,09-02-2024,completed,paid_search,credit_card
9225,6103.0,2024-01-02T02:07:31,completed,social_media,credit_card
9226,740.0,13/08/2025,COMPLETED,referral,paypal
9227,2746.0,07-08-2024,completed,organic_search,paypal
9228,3374.0,03.05.2024,completed,direct,bank_transfer
9229,4801.0,2024-09-09T01:52:57,completed,referral,paypal
9230,4401.0,2024-12-13,completed,direct,paypal
9231,1970.0,02-22-2025,completed,social_media,debit_card
9232,4994.0,29/02/2024,cancelled,email,bank_transfer
9233,8566.0,2025-12-21,completed,paid_search,bank_transfer
9234,275.0,14.08.2025,cancelled,referral,bank_transfer
9235,6299.0,2024-11-13T06:50:08,completed,organic_search,credit_card
9236,5759.0,2024-11-10T02:18:44,completed,direct,bank_transfer
9237,8553.0,2025-01-29,cancelled,referral,paypal
9238,5958.0,2025-06-11T09:34:54,returned,referral,bank_transfer
9239,5761.0,13/06/2024,completed,paid_search,debit_card
9240,7109.0,26/07/2024,completed,social_media,debit_card
9241,2520.0,2025-11-07,completed,organic_search,paypal
9242,,25.09.2024,completed,paid_search,bank_transfer
9243,4810.0,2024-12-13T02:37:33,completed,paid_search,paypal
9244,4039.0,12/11/2025,completed,referral,paypal
9245,772.0,07-07-2025,completed,organic_search,bank_transfer
9246,2737.0,2024-11-23,completed,social_media,bank_transfer
9247,2631.0,07-22-2025,cancelled,referral,paypal
9248,6691.0,28.01.2024,completed,organic_search,credit_card
9249,8519.0,2025-08-27T15:19:42,completed,social_media,credit_card
9250,2171.0,03/03/2025,completed,paid_search,debit_card
9251,731.0,14/10/2025,COMPLETED,paid_search,paypal
9252,9225.0,2025-12-15,completed,paid_search,debit_card
9253,6414.0,2025-12-04,completed,referral,credit_card
9254,8201.0,11-28-2025,completed,direct,debit_card
9255,1379.0,22.03.2025,completed,email,credit_card
9256,7422.0,03/12/2024,completed,organic_search,bank_transfer
9257,,02-12-2025,cancelled,paid_search,debit_card
9258,1455.0,27.07.2025,completed,social_media,debit_card
9259,1534.0,2025-11-17T17:28:27,completed,email,debit_card
9260,2754.0,12.08.2024,completed,organic_search,paypal
9261,2046.0,2025-12-01T11:45:31,cancelled,referral,credit_card
9262,8998.0,10-15-2025,completed,organic_search,credit_card
9263,3346.0,12-24-2025,completed,referral,debit_card
9264,7033.0,2025-11-16,CANCELLED,social_media,bank_transfer
9265,7462.0,2024-10-14,completed,organic_search,bank_transfer
9266,3556.0,04.05.2024,cancelled,referral,paypal
9267,6323.0,2024-05-11T10:51:35,completed,referral,debit_card
9268,1051.0,2024-10-23,COMPLETED,paid_search,bank_transfer
9269,3646.0,06-03-2025,completed,email,credit_card
9270,8927.0,09/10/2025,completed,referral,paypal
9271,1597.0,24/11/2025,completed,direct,paypal
9272,3556.0,09/06/2025,completed,direct,debit_card
9273,7318.0,2024-01-08T01:17:08,completed,paid_search,bank_transfer
9274,6161.0,07-23-2024,completed,organic_search,debit_card
9275,5822.0,28/04/2024,completed,paid_search,credit_card
9276,7889.0,2024-12-04T16:20:44,completed,social_media,bank_transfer
9277,291.0,14.03.2025,completed,social_media,debit_card
9278,7117.0,28/02/2024,completed,referral,bank_transfer
9279,8165.0,27/11/2024,completed,direct,credit_card
9280,164.0,16.07.2024,completed,organic_search,paypal
9281,5162.0,2025-06-26,completed,paid_search,debit_card
9282,3216.0,12/02/2025,completed,referral,paypal
9283,496.0,09/03/2025,completed,email,paypal
9284,3852.0,09.01.2025,completed,referral,debit_card
9285,5944.0,15.12.2025,completed,organic_search,debit_card
9286,8503.0,19/08/2024,completed,paid_search,credit_card
9287,5718.0,2025-03-26T15:00:57,COMPLETED,organic_search,paypal
9288,7925.0,27.08.2025,completed,email,paypal
9289,1186.0,2025-04-24,completed,referral,credit_card
9290,1990.0,2025-12-05,completed,organic_search,paypal
9291,8956.0,2024-12-12,completed,organic_search,bank_transfer
9292,8208.0,2025-02-11,completed,organic_search,credit_card
9293,2212.0,04-17-2024,completed,referral,credit_card
9294,5721.0,30/05/2025,completed,paid_search,credit_card
9295,3343.0,10-21-2024,completed,direct,paypal
9296,4325.0,2024-06-27T00:07:39,completed,paid_search,credit_card
9297,7959.0,2025-04-15,completed,social_media,debit_card
9298,6802.0,2025-04-06,completed,direct,paypal
9299,2243.0,2024-04-04,completed,referral,credit_card
9300,2929.0,08-01-2025,completed,email,paypal
9301,2714.0,2025-06-09,completed,social_media,debit_card
9302,7213.0,07-26-2024,completed,email,paypal
9303,4526.0,02-16-2025,completed,social_media,credit_card
9304,8775.0,2025-08-16T06:07:05,completed,social_media,credit_card
9305,7566.0,04.04.2025,completed,email,bank_transfer
9306,1997.0,20.12.2024,completed,direct,paypal
9307,7268.0,2024-11-12,cancelled,email,credit_card
9308,4682.0,2025-05-31T13:21:07,completed,email,debit_card
9309,2384.0,12-09-2025,completed,direct,debit_card
9310,3349.0,07-14-2025,cancelled,paid_search,debit_card
9311,8967.0,2024-04-03T02:36:22,completed,paid_search,credit_card
9312,4471.0,09/02/2025,completed,referral,debit_card
9313,6644.0,20/11/2025,completed,email,credit_card
9314,4406.0,23/04/2024,completed,social_media,debit_card
9315,3423.0,2025-12-27,completed,organic_search,debit_card
9316,7380.0,2025-12-13,completed,referral,credit_card
9317,7842.0,06.04.2024,completed,paid_search,credit_card
9318,705.0,12-07-2025,cancelled,paid_search,bank_transfer
9319,2619.0,04/12/2024,completed,paid_search,bank_transfer
9320,4703.0,2025-11-01,completed,organic_search,paypal
9321,2935.0,2024-12-31T18:52:13,completed,social_media,debit_card
9322,7241.0,2025-01-22,completed,social_media,debit_card
9323,1124.0,17.06.2025,completed,direct,debit_card
9324,7390.0,2025-09-21T06:21:28,completed,referral,debit_card
9325,5695.0,2024-02-16T20:17:38,completed,organic_search,bank_transfer
9326,2711.0,2025-05-19,completed,email,bank_transfer
9327,3183.0,24.07.2024,completed,paid_search,paypal
9328,1737.0,25/11/2024,completed,paid_search,bank_transfer
9329,2373.0,2024-11-26T22:32:04,completed,email,bank_transfer
9330,6622.0,2025-02-16,completed,direct,paypal
9331,3466.0,2024-11-19,completed,email,credit_card
9332,6376.0,2024-05-06T04:19:37,completed,paid_search,paypal
9333,4757.0,13.06.2024,completed,direct,paypal
9334,1393.0,15/02/2024,completed,social_media,credit_card
9335,4610.0,02-17-2025,completed,referral,debit_card
9336,6993.0,15/12/2025,completed,paid_search,debit_card
9337,2777.0,14/05/2024,completed,email,bank_transfer
9338,5988.0,2025-12-12,completed,organic_search,paypal
9339,1890.0,25/08/2025,completed,email,credit_card
9340,1315.0,2025-06-19,completed,paid_search,bank_transfer
9341,3320.0,2025-06-25,completed,social_media,credit_card
9342,3585.0,22/10/2025,completed,email,bank_transfer
9343,7029.0,05.05.2024,completed,paid_search,debit_card
9344,4244.0,03-17-2025,completed,paid_search,credit_card
9345,789.0,08-01-2025,cancelled,paid_search,paypal
9346,5847.0,2025-05-15T15:19:40,completed,organic_search,paypal
9347,4333.0,2025-10-25,completed,social_media,paypal
9348,3070.0,31.03.2024,completed,organic_search,paypal
9349,7437.0,2025-07-27,completed,social_media,debit_card
9350,1489.0,04-08-2025,completed,social_media,bank_transfer
9351,8459.0,12.12.2024,completed,social_media,bank_transfer
9352,3094.0,22.11.2024,completed,direct,credit_card
9353,4254.0,2025-06-07,returned,paid_search,debit_card
9354,8594.0,11-20-2025,COMPLETED,paid_search,bank_transfer
9355,7032.0,03-10-2025,COMPLETED,social_media,bank_transfer
9356,727.0,2025-10-21T23:22:10,completed,email,paypal
9357,5349.0,12-24-2024,cancelled,organic_search,paypal
9358,2890.0,01.05.2024,completed,social_media,credit_card
9359,4706.0,2024-03-19T16:30:30,completed,direct,credit_card
9360,6874.0,2024-03-08,cancelled,referral,bank_transfer
9361,4580.0,2024-12-13T10:53:57,completed,organic_search,bank_transfer
9362,696.0,11-20-2024,completed,referral,credit_card
9363,4901.0,15/08/2025,completed,paid_search,bank_transfer
9364,245.0,31.08.2025,completed,direct,bank_transfer
9365,3214.0,2024-03-08,completed,paid_search,debit_card
9366,4414.0,25/08/2024,completed,social_media,debit_card
9367,5951.0,10-10-2024,completed,referral,debit_card
9368,4683.0,2025-04-17,completed,email,paypal
9369,1461.0,12.06.2024,COMPLETED,referral,bank_transfer
9370,8609.0,2024-06-01T18:46:01,completed,paid_search,paypal
9371,6012.0,11/12/2025,completed,social_media,paypal
9372,2940.0,10-09-2025,completed,email,debit_card
9373,8912.0,18.07.2024,cancelled,social_media,paypal
9374,8165.0,26.12.2024,completed,social_media,credit_card
9375,1375.0,12-01-2024,completed,referral,paypal
9376,6068.0,2025-10-01T13:30:10,completed,social_media,debit_card
9377,5173.0,2025-03-21T18:23:54,completed,email,credit_card
9378,1831.0,26.05.2024,completed,email,bank_transfer
9379,2197.0,2025-08-29T11:35:06,completed,social_media,debit_card
9380,5209.0,21.12.2024,completed,social_media,paypal
9381,2981.0,01/10/2024,completed,direct,credit_card
9382,7722.0,10/12/2024,completed,organic_search,bank_transfer
9383,960.0,2025-03-11T19:07:13,completed,email,paypal
9384,8465.0,24.11.2024,RETURNED,social_media,debit_card
9385,7775.0,13.09.2024,cancelled,referral,paypal
9386,6830.0,2024-12-22,completed,organic_search,debit_card
9387,2467.0,27.01.2024,completed,email,paypal
9388,6597.0,2025-09-19T00:31:31,completed,referral,paypal
9389,4041.0,2024-07-08,completed,referral,paypal
9390,5845.0,2024-02-29,completed,referral,credit_card
9391,2895.0,2025-07-01T17:49:50,completed,paid_search,bank_transfer
9392,7732.0,20/09/2025,completed,referral,credit_card
9393,402.0,2025-10-14,completed,organic_search,bank_transfer
9394,6417.0,03-08-2025,completed,organic_search,paypal
9395,7664.0,2024-08-11,completed,referral,bank_transfer
9396,5971.0,28/08/2025,completed,organic_search,paypal
9397,1822.0,08-02-2025,completed,social_media,credit_card
9398,2676.0,16/09/2024,completed,referral,debit_card
9399,4766.0,25/11/2025,returned,direct,paypal
9400,3045.0,03.05.2024,cancelled,paid_search,paypal
9401,50.0,12-25-2025,completed,social_media,debit_card
9402,402.0,2025-11-08,completed,social_media,paypal
9403,7089.0,2025-07-25,completed,social_media,paypal
9404,818.0,2025-12-09T01:27:38,completed,organic_search,credit_card
9405,8588.0,08-18-2025,completed,paid_search,bank_transfer
9406,4081.0,2024-07-27,completed,paid_search,bank_transfer
9407,7003.0,01-23-2025,completed,referral,debit_card
9408,1213.0,30/03/2024,completed,direct,bank_transfer
9409,8573.0,2024-12-17T02:59:07,cancelled,referral,bank_transfer
9410,335.0,31/08/2025,completed,social_media,paypal
9411,415.0,12-16-2024,completed,direct,bank_transfer
9412,535.0,11-17-2024,completed,paid_search,credit_card
9413,1017.0,21.05.2025,completed,referral,credit_card
9414,4494.0,2025-11-13T12:18:55,cancelled,social_media,paypal
9415,7295.0,2024-03-04T21:40:15,completed,email,debit_card
9416,2675.0,15.12.2024,completed,organic_search,paypal
9417,6893.0,2024-06-25,completed,direct,credit_card
9418,7146.0,2025-07-30,completed,social_media,paypal
9419,8410.0,05-04-2024,completed,direct,debit_card
9420,1431.0,07-09-2025,completed,referral,credit_card
9421,1313.0,19/10/2024,completed,social_media,paypal
9422,1188.0,04/08/2024,completed,paid_search,debit_card
9423,3311.0,2025-12-08T23:13:16,cancelled,email,paypal
9424,4518.0,01-27-2024,completed,social_media,credit_card
9425,4261.0,01-19-2025,completed,paid_search,debit_card
9426,2419.0,31/01/2024,cancelled,direct,credit_card
9427,5731.0,2025-03-01,completed,email,debit_card
9428,3123.0,2025-03-14,completed,referral,debit_card
9429,3374.0,12.11.2024,returned,email,credit_card
9430,1031.0,2024-05-30T14:09:57,completed,referral,credit_card
9431,5455.0,12-11-2024,COMPLETED,email,debit_card
9432,6066.0,07-14-2025,completed,organic_search,credit_card
9433,6999.0,09-26-2025,completed,referral,credit_card
9434,8364.0,2025-04-05T09:55:12,completed,organic_search,paypal
9435,7072.0,2025-05-17,completed,direct,credit_card
9436,2217.0,2024-08-06,completed,email,bank_transfer
9437,2216.0,20.10.2024,completed,referral,paypal
9438,8466.0,29.06.2024,completed,email,paypal
9439,7314.0,2024-09-19T03:45:22,completed,direct,bank_transfer
9440,7229.0,29.08.2024,completed,referral,bank_transfer
9441,6644.0,28/03/2025,completed,organic_search,paypal
9442,2515.0,28/04/2025,returned,referral,credit_card
9443,,2025-12-11T16:15:37,cancelled,paid_search,credit_card
9444,1371.0,01.08.2024,completed,direct,bank_transfer
9445,3232.0,22/06/2025,completed,direct,debit_card
9446,3198.0,16.10.2025,completed,organic_search,paypal
9447,5173.0,26.04.2025,completed,paid_search,credit_card
9448,4280.0,24/09/2024,completed,paid_search,bank_transfer
9449,4241.0,09-30-2024,COMPLETED,organic_search,credit_card
9450,5107.0,2024-02-23T12:43:33,completed,email,bank_transfer
9451,3826.0,03/11/2024,returned,paid_search,bank_transfer
9452,2349.0,02.09.2025,completed,email,bank_transfer
9453,6154.0,03-04-2024,COMPLETED,organic_search,bank_transfer
9454,7320.0,2024-08-24,completed,direct,paypal
9455,4427.0,08-07-2025,completed,social_media,debit_card
9456,6005.0,2025-09-26,completed,email,bank_transfer
9457,4941.0,04/02/2025,completed,email,debit_card
9458,582.0,01.08.2025,completed,email,paypal
9459,3904.0,2024-12-17,completed,direct,debit_card
9460,96.0,27.06.2024,cancelled,organic_search,credit_card
9461,6130.0,22/12/2024,returned,social_media,paypal
9462,4705.0,10/05/2025,completed,direct,paypal
9463,1228.0,2025-12-13,completed,paid_search,paypal
9464,5010.0,27/03/2024,completed,social_media,bank_transfer
9465,8314.0,2025-03-19T17:39:21,cancelled,referral,credit_card
9466,3148.0,2024-11-16T06:33:45,completed,organic_search,bank_transfer
9467,9067.0,03-20-2025,completed,organic_search,debit_card
9468,8853.0,02-03-2024,completed,paid_search,paypal
9469,7260.0,07/11/2024,completed,email,bank_transfer
9470,7532.0,2025-10-18,completed,referral,paypal
9471,3774.0,22/04/2025,completed,direct,bank_transfer
9472,3700.0,2025-01-31T12:20:20,completed,email,debit_card
9473,8806.0,10-19-2024,returned,referral,paypal
9474,3374.0,29/10/2024,completed,referral,debit_card
9475,950.0,2024-12-14T17:14:15,completed,direct,paypal
9476,1473.0,2025-10-27T22:41:37,completed,organic_search,credit_card
9477,6573.0,2025-12-20,completed,paid_search,bank_transfer
9478,3534.0,01-19-2025,completed,direct,paypal
9479,1893.0,2024-12-19,cancelled,paid_search,credit_card
9480,7532.0,2025-11-02,completed,paid_search,paypal
9481,4512.0,01-09-2025,completed,paid_search,credit_card
9482,5245.0,04-20-2025,completed,email,paypal
9483,1484.0,09-03-2024,completed,email,bank_transfer
9484,1830.0,09-01-2025,completed,email,credit_card
9485,1218.0,04-06-2025,completed,paid_search,bank_transfer
9486,4762.0,11.10.2025,completed,organic_search,credit_card
9487,7163.0,24/09/2025,completed,email,credit_card
9488,6767.0,20.08.2024,completed,direct,credit_card
9489,2452.0,2025-08-13,completed,organic_search,debit_card
9490,7872.0,2025-10-06T09:44:44,cancelled,email,paypal
9491,1032.0,11-25-2024,completed,referral,bank_transfer
9492,1122.0,10/07/2024,completed,social_media,credit_card
9493,7850.0,01-04-2024,completed,email,debit_card
9494,2300.0,2025-01-31,completed,direct,debit_card
9495,6550.0,11-29-2024,completed,email,debit_card
9496,89.0,2025-04-22T01:23:03,COMPLETED,paid_search,paypal
9497,917.0,25/07/2024,completed,organic_search,credit_card
9498,5617.0,07.11.2025,completed,referral,credit_card
9499,1730.0,26.09.2024,completed,organic_search,bank_transfer
9500,285.0,2024-08-30,completed,paid_search,credit_card
9501,4308.0,26/02/2025,completed,paid_search,bank_transfer
9502,3059.0,03-12-2025,completed,direct,credit_card
9503,7437.0,20.08.2024,completed,organic_search,credit_card
9504,7583.0,08.10.2024,completed,email,bank_transfer
9505,5667.0,2024-07-07,completed,email,paypal
9506,2740.0,15/08/2025,completed,referral,paypal
9507,4262.0,09-18-2025,completed,email,credit_card
9508,6500.0,2025-02-10T06:38:45,completed,paid_search,credit_card
9509,680.0,12.08.2025,completed,paid_search,bank_transfer
9510,3079.0,27.08.2025,completed,paid_search,credit_card
9511,7608.0,2024-06-05,completed,email,credit_card
9512,3734.0,12-19-2025,cancelled,referral,credit_card
9513,5759.0,2025-10-18,completed,direct,bank_transfer
9514,944.0,2024-08-10,completed,paid_search,credit_card
9515,7178.0,07-23-2024,completed,organic_search,credit_card
9516,988.0,2024-05-24,completed,direct,credit_card
9517,7968.0,2024-06-05T03:06:44,completed,social_media,credit_card
9518,1042.0,09-04-2025,completed,email,credit_card
9519,8237.0,16.02.2025,completed,organic_search,bank_transfer
9520,3351.0,09-26-2025,completed,email,bank_transfer
9521,5757.0,2025-09-03,cancelled,referral,paypal
9522,7829.0,2025-05-27T06:44:57,completed,paid_search,debit_card
9523,101.0,2025-07-24,COMPLETED,paid_search,credit_card
9524,2501.0,01-26-2024,completed,direct,debit_card
9525,8410.0,06/11/2024,cancelled,organic_search,bank_transfer
9526,3576.0,2025-06-19,completed,email,bank_transfer
9527,6534.0,01-14-2024,completed,organic_search,credit_card
9528,1345.0,15.02.2024,cancelled,paid_search,bank_transfer
9529,6275.0,11-04-2025,completed,email,bank_transfer
9530,716.0,22/07/2025,completed,social_media,bank_transfer
9531,6622.0,2024-10-03,completed,paid_search,bank_transfer
9532,3001.0,07-25-2025,cancelled,social_media,credit_card
9533,4305.0,02.10.2025,completed,direct,paypal
9534,1579.0,2024-11-03,completed,paid_search,bank_transfer
9535,5791.0,2024-02-18,COMPLETED,paid_search,paypal
9536,3117.0,12-07-2025,completed,referral,paypal
9537,3540.0,11-25-2024,cancelled,direct,bank_transfer
9538,6036.0,2024-05-05,CANCELLED,email,debit_card
9539,1693.0,07/03/2025,completed,referral,bank_transfer
9540,7876.0,2025-09-17,completed,organic_search,bank_transfer
9541,6835.0,2024-08-26,completed,organic_search,debit_card
9542,5343.0,2024-10-06T05:05:28,completed,paid_search,credit_card
9543,1245.0,09-13-2024,completed,email,bank_transfer
9544,6372.0,28.12.2025,completed,referral,paypal
9545,183.0,2024-08-03,completed,referral,paypal
9546,7460.0,05-07-2025,cancelled,social_media,debit_card
9547,2834.0,2025-12-04,completed,direct,paypal
9548,1144.0,2024-06-14,completed,direct,debit_card
9549,1560.0,2025-12-21,completed,email,credit_card
9550,8887.0,2025-12-12,completed,social_media,paypal
9551,7145.0,18.11.2025,completed,organic_search,bank_transfer
9552,2237.0,19/08/2024,completed,social_media,bank_transfer
9553,8891.0,2025-06-17,completed,email,paypal
9554,1346.0,12/09/2025,completed,referral,bank_transfer
9555,6779.0,26.12.2025,completed,direct,paypal
9556,6081.0,07-17-2024,cancelled,direct,credit_card
9557,7605.0,2025-09-15T00:51:51,completed,email,bank_transfer
9558,3521.0,2024-11-21,completed,organic_search,credit_card
9559,3696.0,2024-07-13T21:15:21,cancelled,paid_search,paypal
9560,5758.0,03/01/2025,completed,email,paypal
9561,3658.0,2025-10-03,completed,referral,bank_transfer
9562,409.0,02-12-2025,completed,paid_search,paypal
9563,6743.0,2025-04-10T11:38:38,completed,organic_search,credit_card
9564,5912.0,30.12.2025,COMPLETED,paid_search,credit_card
9565,3909.0,2024-12-22T11:49:02,cancelled,direct,debit_card
9566,2821.0,2025-06-03T19:05:12,completed,direct,bank_transfer
9567,2979.0,05.12.2024,completed,paid_search,bank_transfer
9568,6851.0,19.12.2024,COMPLETED,direct,debit_card
9569,6737.0,2025-07-31T20:36:27,completed,paid_search,bank_transfer
9570,7583.0,09/12/2025,completed,organic_search,bank_transfer
9571,7041.0,04-13-2025,completed,social_media,credit_card
9572,6999.0,17.09.2025,cancelled,direct,debit_card
9573,2369.0,2024-04-18,completed,paid_search,paypal
9574,998.0,2024-08-16T11:45:47,completed,organic_search,debit_card
9575,7037.0,15.03.2025,completed,referral,credit_card
9576,970.0,01-28-2024,completed,referral,debit_card
9577,9064.0,09-22-2024,completed,social_media,bank_transfer
9578,8093.0,03-26-2025,completed,email,debit_card
9579,4928.0,21.01.2024,completed,email,paypal
9580,3249.0,02.10.2024,completed,email,bank_transfer
9581,4876.0,24.03.2025,cancelled,paid_search,debit_card
9582,6787.0,05-05-2025,completed,direct,debit_card
9583,6992.0,04/12/2025,returned,referral,debit_card
9584,720.0,06-25-2025,completed,social_media,bank_transfer
9585,7462.0,2024-12-30,completed,referral,debit_card
9586,5918.0,06/12/2025,completed,email,debit_card
9587,402.0,27/09/2025,completed,organic_search,credit_card
9588,2902.0,08-05-2024,completed,paid_search,paypal
9589,4728.0,05-29-2024,completed,paid_search,bank_transfer
9590,1786.0,17/07/2025,returned,direct,credit_card
9591,1496.0,26.04.2025,completed,organic_search,credit_card
9592,147.0,30/09/2025,completed,direct,paypal
9593,8446.0,2025-08-29T14:06:27,completed,social_media,credit_card
9594,551.0,2025-06-10T21:09:34,completed,direct,debit_card
9595,3373.0,27.12.2025,completed,referral,credit_card
9596,1942.0,2025-04-07T05:43:18,cancelled,social_media,credit_card
9597,6851.0,12/05/2024,completed,referral,credit_card
9598,6540.0,23/10/2025,completed,referral,bank_transfer
9599,7470.0,21/09/2024,completed,referral,credit_card
9600,5685.0,2025-09-22,completed,paid_search,paypal
9601,5448.0,2025-12-16,completed,email,debit_card
9602,3747.0,2025-07-31,completed,organic_search,bank_transfer
9603,5863.0,21/05/2025,COMPLETED,direct,paypal
9604,1128.0,08.02.2025,completed,direct,bank_transfer
9605,6345.0,05/12/2024,completed,social_media,bank_transfer
9606,1020.0,2024-11-29T15:11:44,completed,organic_search,debit_card
9607,7970.0,18.06.2025,completed,social_media,bank_transfer
9608,4679.0,06/09/2025,completed,email,bank_transfer
9609,4905.0,19/07/2025,completed,organic_search,credit_card
9610,5374.0,08-04-2024,completed,organic_search,bank_transfer
9611,7168.0,09.03.2025,completed,organic_search,paypal
9612,4420.0,10-01-2025,completed,social_media,bank_transfer
9613,3946.0,2025-02-22T02:05:39,completed,email,credit_card
9614,2701.0,2025-04-09T09:07:33,cancelled,paid_search,bank_transfer
9615,1242.0,2025-09-19T07:26:51,COMPLETED,paid_search,debit_card
9616,1808.0,07-06-2025,cancelled,referral,debit_card
9617,7.0,2024-12-27T14:50:33,completed,social_media,debit_card
9618,8045.0,2025-11-22T12:48:04,completed,paid_search,bank_transfer
9619,7060.0,2024-06-29,COMPLETED,direct,paypal
9620,2060.0,2025-12-30T15:46:56,completed,organic_search,credit_card
9621,24.0,17/05/2024,completed,referral,paypal
9622,4547.0,2024-01-21T19:36:42,completed,direct,bank_transfer
9623,3796.0,20/11/2025,completed,direct,credit_card
9624,7167.0,15.09.2024,completed,social_media,paypal
9625,3703.0,23/08/2025,completed,referral,bank_transfer
9626,7992.0,13/10/2025,completed,organic_search,debit_card
9627,938.0,07/11/2025,completed,social_media,bank_transfer
9628,3371.0,28/12/2025,completed,email,credit_card
9629,8613.0,26.10.2024,completed,direct,credit_card
9630,118.0,10/08/2025,completed,social_media,debit_card
9631,3597.0,05-14-2024,completed,social_media,paypal
9632,2440.0,2024-12-26,completed,direct,credit_card
9633,4914.0,02/11/2025,completed,paid_search,credit_card
9634,2617.0,12-07-2024,completed,organic_search,bank_transfer
9635,8045.0,2025-05-18T19:13:21,completed,organic_search,bank_transfer
9636,8646.0,2025-03-16,completed,paid_search,bank_transfer
9637,7849.0,2025-06-25,completed,email,bank_transfer
9638,3661.0,22/12/2025,completed,email,paypal
9639,9131.0,13/03/2024,completed,social_media,credit_card
9640,6795.0,2025-05-06,COMPLETED,referral,bank_transfer
9641,3282.0,2025-11-09,completed,direct,credit_card
9642,918.0,2025-02-27,completed,organic_search,bank_transfer
9643,6173.0,2024-04-07T12:42:59,completed,paid_search,credit_card
9644,6729.0,04-26-2025,completed,direct,debit_card
9645,1191.0,2024-11-17T05:03:25,completed,paid_search,credit_card
9646,5067.0,06-22-2024,completed,paid_search,paypal
9647,9104.0,11-03-2025,COMPLETED,referral,bank_transfer
9648,3019.0,03-30-2025,completed,organic_search,paypal
9649,2816.0,12-07-2025,completed,direct,bank_transfer
9650,8359.0,2025-10-10,completed,direct,credit_card
9651,1146.0,2025-07-29,completed,direct,credit_card
9652,8613.0,2024-01-08,completed,paid_search,bank_transfer
9653,7199.0,09.01.2025,completed,social_media,bank_transfer
9654,3598.0,2024-08-03,completed,social_media,debit_card
9655,,29/11/2025,completed,social_media,credit_card
9656,196.0,2024-07-12T23:40:30,completed,email,debit_card
9657,3466.0,2024-10-19,completed,organic_search,credit_card
9658,6523.0,26/03/2025,completed,email,credit_card
9659,4502.0,01.10.2024,completed,email,debit_card
9660,6830.0,15/08/2024,completed,email,bank_transfer
9661,6207.0,05-23-2025,completed,referral,paypal
9662,5299.0,17/04/2024,completed,email,credit_card
9663,8929.0,03-16-2024,returned,organic_search,paypal
9664,6727.0,2024-12-09T19:34:59,completed,organic_search,credit_card
9665,8466.0,2025-08-17,returned,referral,credit_card
9666,2280.0,04-22-2025,completed,direct,credit_card
9667,6586.0,2025-01-05,completed,paid_search,paypal
9668,5512.0,2025-04-30,completed,email,debit_card
9669,8551.0,2024-12-06,completed,organic_search,credit_card
9670,4726.0,2025-12-08T20:24:50,completed,referral,paypal
9671,2626.0,2024-03-12T14:55:39,completed,paid_search,bank_transfer
9672,3551.0,15/07/2025,completed,referral,bank_transfer
9673,2060.0,2025-11-20,completed,organic_search,debit_card
9674,2068.0,2025-10-08,completed,referral,debit_card
9675,4348.0,2024-07-21T03:35:20,completed,email,bank_transfer
9676,8254.0,27.10.2024,cancelled,social_media,bank_transfer
9677,1821.0,14/08/2025,completed,organic_search,paypal
9678,2698.0,04-13-2024,completed,social_media,paypal
9679,7886.0,2025-10-13,completed,email,bank_transfer
9680,3134.0,2025-08-16,completed,organic_search,credit_card
9681,8878.0,23.08.2025,completed,referral,credit_card
9682,2532.0,2024-04-29T23:30:04,completed,social_media,bank_transfer
9683,4074.0,15.08.2025,completed,direct,credit_card
9684,938.0,19.07.2025,returned,direct,credit_card
9685,9158.0,2025-10-24T07:57:09,completed,direct,bank_transfer
9686,8231.0,26/02/2024,completed,direct,bank_transfer
9687,7572.0,2024-02-02,completed,email,credit_card
9688,1496.0,09.12.2024,completed,referral,credit_card
9689,8948.0,06-16-2024,completed,email,paypal
9690,8594.0,2025-04-25,completed,organic_search,debit_card
9691,4020.0,12-01-2025,completed,direct,credit_card
9692,6314.0,2024-12-18T17:40:05,completed,organic_search,debit_card
9693,9160.0,2025-11-01T17:07:46,cancelled,direct,credit_card
9694,3768.0,2024-01-01,completed,email,credit_card
9695,1110.0,06.07.2024,completed,paid_search,credit_card
9696,8032.0,2024-02-11,completed,referral,paypal
9697,4400.0,2024-11-15,completed,organic_search,paypal
9698,9104.0,2025-11-27T23:53:47,completed,social_media,debit_card
9699,5080.0,25/04/2024,cancelled,email,bank_transfer
9700,294.0,2025-05-28T17:46:16,completed,email,bank_transfer
9701,4544.0,01-31-2025,completed,organic_search,bank_transfer
9702,6629.0,2025-12-09,completed,email,debit_card
9703,265.0,21.05.2024,completed,referral,bank_transfer
9704,3805.0,08-17-2024,completed,organic_search,bank_transfer
9705,1496.0,10/02/2024,completed,email,debit_card
9706,5938.0,15/01/2025,completed,direct,debit_card
9707,8837.0,13.10.2024,completed,direct,credit_card
9708,5758.0,11-12-2025,completed,organic_search,debit_card
9709,6436.0,27/05/2025,cancelled,referral,bank_transfer
9710,3643.0,02.06.2025,completed,paid_search,debit_card
9711,5202.0,04-06-2025,completed,email,bank_transfer
9712,5024.0,04-20-2024,completed,organic_search,paypal
9713,7014.0,2025-01-25T01:54:57,returned,organic_search,debit_card
9714,7926.0,31/12/2025,cancelled,social_media,paypal
9715,6141.0,27.10.2025,completed,social_media,credit_card
9716,9037.0,21/11/2025,completed,organic_search,credit_card
9717,7659.0,2025-10-20T22:58:13,completed,referral,credit_card
9718,1208.0,02.05.2024,completed,direct,paypal
9719,4698.0,31.08.2024,returned,social_media,debit_card
9720,8358.0,05.01.2024,cancelled,referral,credit_card
9721,8713.0,2024-11-02T10:45:48,completed,email,debit_card
9722,3508.0,2024-05-07T16:59:17,completed,email,bank_transfer
9723,6705.0,19.02.2025,completed,social_media,bank_transfer
9724,3774.0,2025-07-18,cancelled,direct,bank_transfer
9725,1200.0,11-14-2025,completed,social_media,paypal
9726,8184.0,05.09.2025,cancelled,social_media,debit_card
9727,8606.0,12-09-2025,completed,referral,credit_card
9728,4668.0,2024-03-11T11:21:49,cancelled,social_media,bank_transfer
9729,186.0,2024-01-18T13:21:31,completed,paid_search,credit_card
9730,7558.0,2025-07-06,completed,organic_search,bank_transfer
9731,4404.0,22/10/2024,completed,email,credit_card
9732,736.0,2024-09-23,completed,referral,paypal
9733,1796.0,17.11.2024,completed,email,credit_card
9734,1464.0,10-06-2024,completed,organic_search,paypal
9735,6363.0,2025-03-22T08:58:11,completed,paid_search,debit_card
9736,2793.0,2025-01-21,completed,organic_search,bank_transfer
9737,1238.0,03-23-2025,completed,email,debit_card
9738,8491.0,14/07/2025,completed,organic_search,bank_transfer
9739,8827.0,16.12.2024,completed,paid_search,paypal
9740,1335.0,09-21-2024,completed,social_media,bank_transfer
9741,2166.0,2024-07-03,completed,organic_search,bank_transfer
9742,5454.0,2024-11-27T08:39:15,completed,social_media,paypal
9743,1446.0,2025-08-31T05:50:21,completed,paid_search,debit_card
9744,1503.0,09/09/2025,completed,referral,bank_transfer
9745,3107.0,07-10-2025,completed,paid_search,credit_card
9746,8760.0,06.09.2024,completed,email,debit_card
9747,8878.0,16.05.2025,cancelled,paid_search,credit_card
9748,7785.0,03.05.2025,completed,social_media,debit_card
9749,6440.0,01.03.2025,cancelled,organic_search,debit_card
9750,6652.0,19/04/2025,completed,paid_search,debit_card
9751,4337.0,07.03.2025,cancelled,direct,credit_card
9752,4903.0,30.04.2025,completed,email,credit_card
9753,5853.0,2025-08-13T17:56:31,completed,paid_search,bank_transfer
9754,6757.0,2024-05-08T00:51:09,COMPLETED,email,debit_card
9755,950.0,05.09.2025,cancelled,direct,credit_card
9756,2115.0,03/06/2024,completed,referral,bank_transfer
9757,8885.0,2024-03-25,completed,paid_search,debit_card
9758,3103.0,2025-12-23T09:50:28,completed,referral,paypal
9759,2527.0,12-16-2025,completed,email,credit_card
9760,3896.0,2024-03-18T10:20:20,completed,referral,credit_card
9761,2723.0,24/01/2025,completed,email,paypal
9762,893.0,23.07.2024,completed,organic_search,debit_card
9763,1967.0,2025-03-02,completed,direct,credit_card
9764,5905.0,2025-10-24T10:07:34,completed,organic_search,credit_card
9765,2098.0,2025-12-13,completed,social_media,bank_transfer
9766,5984.0,2025-06-17,completed,referral,paypal
9767,984.0,11-30-2024,COMPLETED,email,debit_card
9768,412.0,05-26-2025,completed,social_media,debit_card
9769,7968.0,2024-11-06T13:13:15,completed,organic_search,paypal
9770,7019.0,28.11.2025,completed,referral,debit_card
9771,6166.0,2025-11-12T14:29:46,completed,social_media,debit_card
9772,312.0,25.04.2025,COMPLETED,social_media,debit_card
9773,2252.0,13/11/2024,completed,email,paypal
9774,7517.0,25.10.2024,completed,email,bank_transfer
9775,,15.02.2024,completed,paid_search,credit_card
9776,7523.0,10-15-2025,completed,email,credit_card
9777,5371.0,2025-01-30T07:31:08,completed,referral,debit_card
9778,6843.0,14.11.2024,completed,social_media,debit_card
9779,5949.0,18/02/2025,completed,paid_search,credit_card
9780,3842.0,17/10/2025,completed,paid_search,credit_card
9781,2733.0,2024-05-23T10:13:54,completed,social_media,paypal
9782,6226.0,2025-11-06T05:45:46,completed,organic_search,credit_card
9783,7473.0,2025-11-23,completed,social_media,bank_transfer
9784,434.0,12-12-2025,completed,email,bank_transfer
9785,3506.0,12-21-2024,COMPLETED,direct,paypal
9786,3236.0,2024-08-22T03:13:57,completed,organic_search,debit_card
9787,5168.0,10.12.2024,completed,paid_search,bank_transfer
9788,1120.0,18/11/2024,completed,organic_search,debit_card
9789,8613.0,2024-07-13,completed,social_media,debit_card
9790,5059.0,29/05/2025,completed,organic_search,paypal
9791,8546.0,2025-02-22,completed,direct,credit_card
9792,7567.0,2025-11-10T19:22:54,COMPLETED,social_media,debit_card
9793,1818.0,13/02/2024,completed,paid_search,debit_card
9794,1283.0,2025-06-24T05:07:44,completed,social_media,paypal
9795,7964.0,2025-09-13,completed,direct,bank_transfer
9796,4949.0,11/09/2025,completed,email,bank_transfer
9797,201.0,11-18-2025,completed,social_media,paypal
9798,8617.0,2025-08-22,cancelled,referral,bank_transfer
9799,4371.0,12-05-2025,completed,organic_search,paypal
9800,2808.0,2024-11-18,completed,direct,credit_card
9801,4783.0,03-16-2025,cancelled,direct,debit_card
9802,7615.0,01-20-2024,completed,social_media,paypal
9803,1079.0,10.01.2024,returned,organic_search,paypal
9804,3306.0,2024-09-11,COMPLETED,direct,credit_card
9805,2962.0,29/04/2024,completed,social_media,bank_transfer
9806,7765.0,2024-09-28,completed,referral,debit_card
9807,7189.0,2024-07-14,completed,referral,bank_transfer
9808,3678.0,2024-02-09,cancelled,paid_search,bank_transfer
9809,6157.0,28/11/2025,completed,email,debit_card
9810,3630.0,12.01.2024,completed,organic_search,paypal
9811,5283.0,27.08.2025,completed,organic_search,debit_card
9812,9147.0,2024-06-19T10:57:28,completed,paid_search,credit_card
9813,4943.0,29.11.2025,completed,direct,credit_card
9814,9117.0,11-21-2025,completed,email,bank_transfer
9815,6907.0,01/07/2025,completed,email,paypal
9816,1178.0,2025-07-14T12:18:32,completed,direct,debit_card
9817,7374.0,08/01/2024,completed,social_media,paypal
9818,1533.0,12-26-2025,completed,direct,credit_card
9819,4919.0,15.11.2025,completed,social_media,debit_card
9820,5658.0,11-22-2025,completed,referral,bank_transfer
9821,8251.0,2025-07-05,completed,referral,credit_card
9822,1989.0,2024-11-25T19:55:23,completed,direct,paypal
9823,8101.0,21/11/2025,completed,referral,credit_card
9824,8620.0,23/10/2024,completed,direct,bank_transfer
9825,874.0,28.04.2025,completed,organic_search,paypal
9826,8191.0,04-28-2024,completed,referral,bank_transfer
9827,2433.0,12-03-2025,completed,organic_search,bank_transfer
9828,787.0,08/06/2024,completed,organic_search,bank_transfer
9829,8848.0,2024-08-29,completed,direct,credit_card
9830,3608.0,25/04/2025,returned,social_media,bank_transfer
9831,5741.0,2025-09-14,returned,referral,bank_transfer
9832,5101.0,06/06/2025,completed,referral,paypal
9833,2012.0,04/09/2024,completed,social_media,credit_card
9834,6195.0,01-02-2024,completed,referral,paypal
9835,449.0,2025-09-10,completed,referral,debit_card
9836,1922.0,26.12.2025,completed,social_media,paypal
9837,8718.0,10-12-2025,completed,email,credit_card
9838,8797.0,02-08-2025,COMPLETED,paid_search,credit_card
9839,4466.0,26/11/2025,completed,social_media,bank_transfer
9840,1603.0,12-27-2024,completed,paid_search,paypal
9841,3892.0,01.04.2025,COMPLETED,social_media,paypal
9842,8114.0,2025-02-23,COMPLETED,paid_search,paypal
9843,689.0,28/01/2025,RETURNED,referral,bank_transfer
9844,1240.0,2025-09-21,completed,paid_search,credit_card
9845,8282.0,2025-04-02T00:52:02,completed,referral,debit_card
9846,3825.0,09/11/2024,completed,email,bank_transfer
9847,815.0,09-27-2024,completed,paid_search,debit_card
9848,1341.0,2024-02-21,COMPLETED,social_media,paypal
9849,8163.0,2025-05-12,completed,paid_search,debit_card
9850,4526.0,02/09/2024,COMPLETED,email,bank_transfer
9851,1547.0,15/06/2024,completed,direct,credit_card
9852,8267.0,01/07/2025,completed,email,credit_card
9853,7816.0,20/07/2025,completed,paid_search,paypal
9854,234.0,2025-09-06,completed,referral,paypal
9855,5356.0,16.03.2025,COMPLETED,paid_search,credit_card
9856,2300.0,22.11.2025,completed,paid_search,paypal
9857,4925.0,08/12/2025,completed,email,credit_card
9858,2623.0,11/10/2025,completed,social_media,debit_card
9859,2929.0,2025-06-18,completed,direct,credit_card
9860,5547.0,2024-11-02,completed,organic_search,debit_card
9861,4977.0,2025-12-25T03:18:01,completed,email,debit_card
9862,3633.0,10.10.2024,completed,social_media,paypal
9863,1050.0,2024-08-08T23:06:16,completed,referral,paypal
9864,8949.0,2025-01-23,cancelled,referral,credit_card
9865,1651.0,14.03.2024,completed,direct,credit_card
9866,5837.0,2025-12-24,completed,direct,credit_card
9867,808.0,2025-05-16,completed,organic_search,paypal
9868,6387.0,2025-04-24,completed,email,debit_card
9869,931.0,02.07.2025,completed,paid_search,paypal
9870,2162.0,11.03.2025,completed,referral,bank_transfer
9871,5977.0,2024-02-13,completed,social_media,credit_card
9872,2658.0,2025-06-01,completed,email,credit_card
9873,4923.0,14/08/2025,COMPLETED,paid_search,debit_card
9874,1207.0,2024-12-31,completed,organic_search,bank_transfer
9875,1922.0,10/09/2025,completed,email,credit_card
9876,6781.0,31.08.2024,completed,organic_search,bank_transfer
9877,351.0,2024-08-25T05:02:28,completed,social_media,debit_card
9878,1096.0,28.06.2024,completed,email,paypal
9879,2029.0,2024-12-09,completed,referral,bank_transfer
9880,206.0,2025-11-02,completed,social_media,debit_card
9881,938.0,23.10.2025,COMPLETED,paid_search,bank_transfer
9882,2644.0,2024-12-14T08:31:17,completed,organic_search,debit_card
9883,908.0,2025-05-16T08:05:01,completed,paid_search,debit_card
9884,8013.0,17.08.2025,cancelled,referral,debit_card
9885,644.0,12/09/2024,returned,direct,credit_card
9886,7961.0,07-05-2024,completed,paid_search,debit_card
9887,7614.0,21/12/2025,completed,referral,bank_transfer
9888,992.0,05.06.2025,completed,direct,debit_card
9889,256.0,2025-12-25T18:54:29,completed,referral,debit_card
9890,487.0,21.11.2024,completed,referral,credit_card
9891,5432.0,08-05-2025,completed,referral,paypal
9892,6205.0,27/08/2024,completed,paid_search,credit_card
9893,5719.0,29/09/2024,completed,direct,credit_card
9894,5002.0,2025-03-22T18:08:43,cancelled,referral,debit_card
9895,1652.0,11-10-2024,completed,email,credit_card
9896,7776.0,05/07/2024,completed,social_media,bank_transfer
9897,3025.0,2024-10-01,returned,direct,paypal
9898,9097.0,02-18-2024,completed,referral,bank_transfer
9899,3551.0,06/08/2025,completed,social_media,paypal
9900,2471.0,2025-03-07T04:12:51,CANCELLED,referral,paypal
9901,8268.0,2024-04-23T11:43:24,completed,organic_search,paypal
9902,5243.0,09.07.2024,completed,referral,credit_card
9903,6665.0,01/05/2024,completed,direct,debit_card
9904,3759.0,2025-06-01,completed,email,paypal
9905,8203.0,23/04/2024,completed,referral,bank_transfer
9906,8491.0,08.09.2025,completed,organic_search,bank_transfer
9907,4027.0,29/01/2024,completed,paid_search,debit_card
9908,2266.0,09-19-2024,completed,paid_search,credit_card
9909,5984.0,20/11/2025,completed,paid_search,debit_card
9910,8809.0,08-15-2025,completed,direct,paypal
9911,5735.0,2024-04-01T05:48:44,completed,social_media,debit_card
9912,8804.0,10-19-2025,COMPLETED,email,credit_card
9913,3178.0,2025-03-08,completed,paid_search,bank_transfer
9914,8466.0,2025-11-02T06:57:28,completed,paid_search,bank_transfer
9915,1105.0,24.05.2025,completed,organic_search,paypal
9916,3305.0,21.07.2025,completed,email,debit_card
9917,4568.0,2025-12-29T04:51:29,completed,direct,debit_card
9918,6046.0,04/09/2024,completed,social_media,bank_transfer
9919,2748.0,10/06/2025,returned,referral,bank_transfer
9920,8550.0,2025-02-08,completed,social_media,bank_transfer
9921,8361.0,23/02/2024,cancelled,paid_search,credit_card
9922,7406.0,21.01.2024,completed,email,bank_transfer
9923,1123.0,18/05/2024,completed,direct,debit_card
9924,,06-27-2025,completed,direct,debit_card
9925,4599.0,05-01-2025,completed,paid_search,credit_card
9926,7064.0,04-21-2025,COMPLETED,social_media,debit_card
9927,1195.0,02-13-2024,completed,social_media,bank_transfer
9928,5918.0,2025-02-16T06:22:33,completed,paid_search,paypal
9929,4887.0,04/12/2025,completed,social_media,paypal
9930,6709.0,12-21-2024,completed,direct,bank_transfer
9931,4018.0,2025-06-10,completed,referral,debit_card
9932,6425.0,24.09.2025,completed,social_media,debit_card
9933,1514.0,27/09/2025,completed,social_media,bank_transfer
9934,2026.0,03-28-2025,cancelled,paid_search,bank_transfer
9935,8359.0,2025-11-07T06:49:43,cancelled,referral,paypal
9936,3044.0,18/12/2024,completed,direct,paypal
9937,9090.0,11-19-2025,returned,social_media,debit_card
9938,450.0,2024-09-11,cancelled,direct,paypal
9939,4579.0,2024-10-14,COMPLETED,organic_search,credit_card
9940,3010.0,2024-03-10,cancelled,organic_search,paypal
9941,9191.0,04.10.2025,cancelled,paid_search,bank_transfer
9942,9132.0,12-31-2024,completed,paid_search,paypal
9943,2212.0,2024-09-02T05:32:59,completed,organic_search,credit_card
9944,2516.0,04/09/2024,completed,referral,paypal
9945,6928.0,2025-11-25,completed,direct,credit_card
9946,8228.0,26/10/2025,completed,paid_search,credit_card
9947,6150.0,21.04.2025,COMPLETED,social_media,bank_transfer
9948,7999.0,04/06/2025,completed,paid_search,paypal
9949,614.0,2025-02-21T14:19:35,COMPLETED,referral,bank_transfer
9950,5908.0,18.12.2024,returned,paid_search,paypal
9951,6483.0,2025-11-30T11:18:25,completed,paid_search,bank_transfer
9952,1808.0,2024-05-24T15:30:33,completed,direct,bank_transfer
9953,7184.0,31.12.2024,completed,email,credit_card
9954,8715.0,2024-11-24T01:09:37,cancelled,social_media,bank_transfer
9955,8308.0,2025-03-12T19:09:25,completed,email,credit_card
9956,2304.0,02-06-2025,completed,referral,bank_transfer
9957,3002.0,2025-03-28T19:35:14,cancelled,referral,debit_card
9958,4617.0,07.06.2024,returned,direct,debit_card
9959,1501.0,03-23-2025,completed,organic_search,paypal
9960,8800.0,2024-09-13,cancelled,paid_search,bank_transfer
9961,1537.0,07-21-2024,completed,referral,credit_card
9962,7034.0,23/03/2024,completed,direct,bank_transfer
9963,3156.0,09-13-2025,cancelled,organic_search,credit_card
9964,5306.0,09/01/2025,completed,email,credit_card
9965,461.0,11.06.2025,completed,social_media,bank_transfer
9966,1937.0,08-21-2025,completed,email,debit_card
9967,4098.0,19.07.2025,COMPLETED,direct,credit_card
9968,6263.0,17/02/2025,completed,social_media,paypal
9969,7181.0,17.12.2024,completed,organic_search,paypal
9970,302.0,12-11-2024,completed,social_media,bank_transfer
9971,1469.0,06-21-2025,completed,referral,bank_transfer
9972,6744.0,09.03.2025,cancelled,organic_search,paypal
9973,7524.0,2025-11-03,completed,direct,debit_card
9974,2225.0,14.11.2025,completed,email,debit_card
9975,2164.0,07-07-2024,completed,organic_search,debit_card
9976,860.0,2024-06-03T12:29:34,completed,social_media,debit_card
9977,1443.0,14.06.2025,completed,paid_search,paypal
9978,79.0,10-31-2024,completed,organic_search,credit_card
9979,5427.0,2024-01-27,completed,direct,debit_card
9980,8364.0,2025-11-19T19:40:46,completed,paid_search,bank_transfer
9981,1435.0,2024-08-31T06:47:43,completed,referral,paypal
9982,6944.0,2025-12-06T21:19:49,completed,direct,paypal
9983,5306.0,2025-08-15,COMPLETED,email,paypal
9984,8671.0,2025-09-13T13:41:54,cancelled,referral,paypal
9985,7394.0,07/08/2024,completed,organic_search,credit_card
9986,7884.0,2024-09-06,completed,organic_search,paypal
9987,5893.0,03-29-2025,completed,email,paypal
9988,7507.0,2024-07-09T02:00:40,completed,organic_search,debit_card
9989,3237.0,2024-11-03,completed,paid_search,debit_card
9990,1973.0,2024-11-12T14:35:32,completed,referral,debit_card
9991,8453.0,2024-06-27,completed,social_media,debit_card
9992,6788.0,2024-08-10,completed,direct,paypal
9993,888.0,09-29-2025,completed,social_media,bank_transfer
9994,8022.0,07-04-2024,COMPLETED,paid_search,bank_transfer
9995,3219.0,09.02.2024,COMPLETED,referral,credit_card
9996,2783.0,2025-06-13T13:38:24,completed,social_media,debit_card
9997,5742.0,23/12/2025,completed,referral,bank_transfer
9998,5255.0,17.11.2024,completed,social_media,paypal
9999,4972.0,17/05/2024,completed,referral,paypal
10000,2398.0,03/05/2025,completed,email,credit_card
10001,8855.0,11-27-2025,completed,email,credit_card
10002,8768.0,2025-09-27T15:36:33,completed,email,credit_card
10003,42.0,08/06/2025,completed,email,paypal
10004,3119.0,2024-11-08,completed,direct,debit_card
10005,442.0,04-13-2025,completed,referral,bank_transfer
10006,7861.0,04-20-2024,completed,email,credit_card
10007,8201.0,2025-07-19,completed,social_media,paypal
10008,4800.0,08-20-2025,completed,organic_search,credit_card
10009,7765.0,19/12/2025,completed,organic_search,paypal
10010,6511.0,29/09/2024,completed,direct,bank_transfer
10011,4616.0,2024-01-26,completed,direct,bank_transfer
10012,3351.0,16.04.2025,cancelled,social_media,debit_card
10013,2506.0,2025-08-07,cancelled,social_media,paypal
10014,2437.0,09-30-2025,CANCELLED,paid_search,credit_card
10015,5189.0,07-31-2024,completed,email,credit_card
10016,1586.0,30/09/2024,completed,social_media,debit_card
10017,1654.0,03-23-2025,completed,direct,paypal
10018,103.0,17.11.2024,completed,organic_search,bank_transfer
10019,5659.0,11-08-2025,cancelled,referral,debit_card
10020,9178.0,20.02.2025,completed,direct,credit_card
10021,8224.0,06/10/2025,completed,social_media,credit_card
10022,6527.0,10.05.2025,completed,email,debit_card
10023,7263.0,20.09.2025,cancelled,organic_search,credit_card
10024,3840.0,2024-11-18T02:16:30,completed,email,bank_transfer
10025,2780.0,10-25-2025,completed,direct,credit_card
10026,3397.0,2024-10-10T09:27:35,completed,email,bank_transfer
10027,792.0,2025-04-16,cancelled,referral,paypal
10028,5845.0,2024-08-19,completed,direct,debit_card
10029,1655.0,2025-02-22T07:58:20,completed,referral,paypal
10030,7045.0,10/11/2024,completed,direct,paypal
10031,1804.0,10-04-2024,completed,referral,credit_card
10032,2149.0,19.12.2025,completed,direct,bank_transfer
10033,8837.0,27/06/2024,completed,paid_search,debit_card
10034,1029.0,28.09.2025,cancelled,direct,paypal
10035,4607.0,26/12/2025,completed,referral,bank_transfer
10036,608.0,01-28-2024,COMPLETED,organic_search,paypal
10037,884.0,02/08/2025,completed,referral,credit_card
10038,5841.0,22.09.2024,completed,paid_search,credit_card
10039,,2024-02-24T07:03:26,completed,organic_search,bank_transfer
10040,1835.0,12-24-2024,completed,social_media,credit_card
10041,8067.0,08/12/2025,completed,organic_search,debit_card
10042,6500.0,2024-01-17,completed,organic_search,bank_transfer
10043,2803.0,15/05/2025,completed,social_media,debit_card
10044,2333.0,2025-03-14T14:01:09,completed,email,bank_transfer
10045,6972.0,2025-11-13,completed,social_media,debit_card
10046,6780.0,2024-04-12T01:08:34,completed,paid_search,bank_transfer
10047,1426.0,2025-07-21T13:39:59,completed,social_media,credit_card
10048,3221.0,20/07/2025,cancelled,email,paypal
10049,2045.0,2025-07-12,cancelled,social_media,bank_transfer
10050,2748.0,10.12.2025,completed,organic_search,paypal
10051,2695.0,2025-10-20,completed,social_media,debit_card
10052,9004.0,2024-02-26,cancelled,organic_search,credit_card
10053,6935.0,2025-02-18T06:59:03,completed,direct,paypal
10054,7205.0,22/12/2024,completed,referral,debit_card
10055,2606.0,11-05-2024,completed,organic_search,credit_card
10056,7.0,31/01/2025,completed,paid_search,debit_card
10057,575.0,15.12.2024,cancelled,paid_search,debit_card
10058,5102.0,14.01.2025,completed,email,debit_card
10059,2679.0,24.12.2025,completed,organic_search,credit_card
10060,1833.0,2024-04-17T23:53:05,completed,organic_search,debit_card
10061,484.0,2025-12-03,cancelled,referral,credit_card
10062,8100.0,02-26-2025,completed,direct,debit_card
10063,5533.0,09.06.2025,completed,email,paypal
10064,1048.0,24/10/2025,completed,direct,bank_transfer
10065,7077.0,12-03-2024,completed,direct,paypal
10066,6987.0,12/01/2025,cancelled,paid_search,bank_transfer
10067,2711.0,12-27-2024,completed,organic_search,credit_card
10068,1786.0,2024-12-10,completed,direct,debit_card
10069,7534.0,12-04-2025,completed,email,bank_transfer
10070,3046.0,2025-10-23,completed,referral,credit_card
10071,7835.0,2024-05-07T15:51:50,completed,email,paypal
10072,424.0,07/05/2024,completed,email,bank_transfer
10073,4613.0,09.01.2025,cancelled,organic_search,credit_card
10074,1699.0,27/04/2024,completed,referral,debit_card
10075,6219.0,2025-06-06T22:58:22,completed,organic_search,debit_card
10076,9203.0,06-11-2024,completed,referral,bank_transfer
10077,,03-30-2025,completed,social_media,bank_transfer
10078,986.0,2024-01-11,completed,organic_search,bank_transfer
10079,2949.0,2024-11-09T22:28:00,returned,referral,credit_card
10080,8244.0,07-18-2025,completed,organic_search,credit_card
10081,7068.0,2025-03-01,completed,referral,credit_card
10082,2185.0,2025-12-24,completed,email,paypal
10083,8797.0,2025-11-13,completed,social_media,paypal
10084,5732.0,2024-12-02T19:28:00,completed,email,credit_card
10085,1592.0,2024-03-02T03:34:35,completed,email,bank_transfer
10086,5292.0,2025-11-01,completed,social_media,credit_card
10087,4170.0,2025-11-29T05:33:12,completed,email,credit_card
10088,7588.0,18.10.2025,completed,social_media,paypal
10089,3180.0,2024-05-26T16:14:35,completed,referral,paypal
10090,8093.0,2025-12-31T08:37:54,completed,paid_search,debit_card
10091,7513.0,2024-09-27,completed,referral,credit_card
10092,6245.0,08-19-2025,completed,direct,paypal
10093,2429.0,2025-11-27T18:36:55,completed,organic_search,paypal
10094,8956.0,07.09.2024,completed,direct,credit_card
10095,5061.0,2025-11-27,completed,organic_search,debit_card
10096,8401.0,05/11/2024,completed,referral,credit_card
10097,2037.0,12-23-2025,returned,direct,bank_transfer
10098,9074.0,15.10.2024,completed,paid_search,paypal
10099,7558.0,2025-12-14T17:43:18,cancelled,organic_search,bank_transfer
10100,8760.0,10/03/2024,completed,direct,paypal
10101,2005.0,08-09-2025,completed,referral,debit_card
10102,3975.0,06/04/2025,completed,paid_search,paypal
10103,958.0,02-23-2025,completed,referral,bank_transfer
10104,1323.0,2024-08-27T13:36:15,cancelled,email,credit_card
10105,2669.0,2025-08-06,completed,organic_search,debit_card
10106,8781.0,28/07/2024,completed,social_media,credit_card
10107,6174.0,2025-04-21T05:47:10,completed,direct,credit_card
10108,2916.0,22/09/2024,completed,direct,debit_card
10109,8808.0,15/12/2025,completed,email,bank_transfer
10110,6838.0,02-09-2024,completed,direct,debit_card
10111,8394.0,2024-08-05T07:15:07,COMPLETED,organic_search,debit_card
10112,8580.0,09-13-2024,completed,referral,bank_transfer
10113,6938.0,29/12/2024,completed,paid_search,debit_card
10114,2291.0,09-05-2024,completed,organic_search,debit_card
10115,9197.0,2025-03-07T16:37:54,completed,organic_search,paypal
10116,3011.0,2025-11-13T11:30:32,completed,referral,bank_transfer
10117,6215.0,08-11-2025,completed,email,credit_card
10118,7810.0,05-10-2025,completed,paid_search,credit_card
10119,1659.0,04-17-2024,completed,direct,debit_card
10120,5615.0,2025-07-29,returned,organic_search,paypal
10121,3461.0,03/07/2024,completed,organic_search,paypal
10122,2300.0,09-28-2025,completed,email,paypal
10123,118.0,2024-09-20T22:11:58,completed,paid_search,credit_card
10124,8061.0,2024-12-31T04:17:16,cancelled,paid_search,bank_transfer
10125,1317.0,2024-11-28T23:25:10,completed,referral,paypal
10126,8123.0,2025-11-07,completed,paid_search,debit_card
10127,5540.0,25.05.2024,completed,direct,paypal
10128,5722.0,2025-04-30,COMPLETED,referral,credit_card
10129,7664.0,09.06.2024,completed,organic_search,bank_transfer
10130,4718.0,06.08.2025,completed,email,bank_transfer
10131,3290.0,26.11.2025,completed,paid_search,credit_card
10132,1338.0,2025-01-16T14:37:27,COMPLETED,email,bank_transfer
10133,5274.0,03-04-2025,completed,direct,debit_card
10134,5104.0,05/12/2025,completed,referral,debit_card
10135,2747.0,2025-03-29T05:18:18,completed,direct,paypal
10136,5533.0,2025-03-04,completed,direct,bank_transfer
10137,4047.0,05-09-2025,completed,organic_search,debit_card
10138,7467.0,2025-07-26T19:11:09,completed,paid_search,paypal
10139,5168.0,05.05.2024,completed,email,paypal
10140,8613.0,10-19-2025,completed,referral,credit_card
10141,4799.0,2025-01-17,completed,paid_search,bank_transfer
10142,8209.0,03-31-2024,completed,direct,paypal
10143,4818.0,28/09/2025,completed,organic_search,bank_transfer
10144,5150.0,12-11-2024,completed,social_media,paypal
10145,3378.0,2024-04-29T01:40:05,completed,paid_search,debit_card
10146,3679.0,06-16-2025,cancelled,direct,credit_card
10147,8613.0,2025-11-16T19:17:20,completed,referral,credit_card
10148,2098.0,2025-11-19T13:23:55,completed,direct,bank_transfer
10149,,16.12.2025,COMPLETED,organic_search,paypal
10150,7679.0,2025-11-11,completed,direct,credit_card
10151,5335.0,01-04-2024,completed,direct,credit_card
10152,2672.0,13/12/2024,completed,referral,bank_transfer
10153,3990.0,17.10.2025,completed,organic_search,debit_card
10154,4861.0,2024-12-06T17:12:16,completed,email,paypal
10155,5454.0,25/05/2025,completed,social_media,paypal
10156,7602.0,05-28-2025,completed,social_media,bank_transfer
10157,3629.0,2024-12-05T16:56:07,completed,organic_search,debit_card
10158,6257.0,2025-11-26T04:41:02,completed,social_media,credit_card
10159,7721.0,2025-03-16T10:59:13,completed,referral,credit_card
10160,7801.0,12/02/2025,COMPLETED,email,bank_transfer
10161,2391.0,12-31-2025,COMPLETED,email,bank_transfer
10162,3234.0,2025-03-08,completed,paid_search,debit_card
10163,5480.0,07-15-2024,completed,paid_search,paypal
10164,8195.0,03-23-2025,completed,direct,paypal
10165,7317.0,10-14-2025,completed,social_media,debit_card
10166,5368.0,22/09/2025,completed,direct,paypal
10167,9077.0,2025-09-29T14:10:38,completed,direct,paypal
10168,4043.0,08-08-2025,completed,email,credit_card
10169,7789.0,09-23-2024,COMPLETED,paid_search,debit_card
10170,7580.0,11-08-2025,completed,social_media,paypal
10171,8406.0,21.11.2025,completed,social_media,bank_transfer
10172,9107.0,31.07.2024,completed,organic_search,paypal
10173,4579.0,28/05/2024,completed,direct,bank_transfer
10174,1859.0,12-23-2025,returned,organic_search,bank_transfer
10175,4254.0,11/11/2025,completed,direct,debit_card
10176,7895.0,2025-11-21,completed,paid_search,paypal
10177,7734.0,2025-11-18,completed,email,debit_card
10178,3103.0,13.04.2025,completed,paid_search,bank_transfer
10179,461.0,2025-06-25,completed,organic_search,bank_transfer
10180,4720.0,16/04/2025,completed,direct,credit_card
10181,4381.0,2024-03-08T11:26:24,CANCELLED,organic_search,credit_card
10182,835.0,09-02-2025,returned,email,debit_card
10183,7362.0,2025-03-17T22:11:46,completed,direct,bank_transfer
10184,2666.0,06-26-2025,completed,email,bank_transfer
10185,5962.0,15.03.2025,completed,social_media,credit_card
10186,998.0,07/03/2025,completed,paid_search,credit_card
10187,7957.0,2024-07-09T01:58:31,completed,paid_search,debit_card
10188,6835.0,10-13-2024,completed,organic_search,debit_card
10189,3578.0,2024-06-26T00:05:10,completed,social_media,credit_card
10190,5802.0,01.08.2024,completed,paid_search,debit_card
10191,1780.0,2025-12-22,completed,email,credit_card
10192,9089.0,06-20-2024,completed,paid_search,bank_transfer
10193,7376.0,2024-10-06T14:45:34,completed,social_media,credit_card
10194,7303.0,2025-05-17,completed,organic_search,debit_card
10195,1479.0,31.05.2025,completed,social_media,bank_transfer
10196,180.0,06-21-2024,completed,referral,credit_card
10197,5380.0,02/10/2025,completed,email,paypal
10198,1381.0,27/09/2025,completed,paid_search,credit_card
10199,7210.0,09-09-2024,completed,organic_search,paypal
10200,3832.0,21.10.2024,completed,referral,credit_card
10201,3126.0,09/12/2025,completed,referral,credit_card
10202,719.0,10-21-2025,completed,organic_search,credit_card
10203,9192.0,01.08.2025,completed,email,debit_card
10204,8824.0,04-10-2024,completed,email,debit_card
10205,1277.0,12-31-2024,completed,referral,debit_card
10206,3081.0,26/04/2025,completed,email,bank_transfer
10207,3597.0,2024-07-24T09:09:56,cancelled,direct,paypal
10208,2765.0,2025-01-28T21:32:38,completed,social_media,credit_card
10209,8619.0,24/05/2025,completed,paid_search,credit_card
10210,6659.0,15.11.2024,completed,social_media,paypal
10211,8823.0,25.09.2025,completed,referral,paypal
10212,8091.0,30/10/2025,completed,email,bank_transfer
10213,6974.0,2024-11-13,completed,organic_search,credit_card
10214,6451.0,2025-10-29,completed,referral,paypal
10215,8014.0,2024-05-02,cancelled,email,credit_card
10216,6341.0,28/10/2025,completed,organic_search,debit_card
10217,1788.0,20/06/2024,completed,paid_search,paypal
10218,5989.0,04-11-2024,completed,email,bank_transfer
10219,4768.0,22/06/2025,returned,organic_search,debit_card
10220,9061.0,18.02.2025,completed,organic_search,debit_card
10221,4721.0,27/11/2025,completed,social_media,paypal
10222,379.0,12-04-2024,completed,direct,paypal
10223,2487.0,10-20-2024,cancelled,email,paypal
10224,8487.0,03-14-2025,completed,social_media,credit_card
10225,8877.0,04.02.2025,returned,paid_search,credit_card
10226,6728.0,2024-11-24T06:38:00,completed,email,bank_transfer
10227,561.0,2025-07-29T02:05:59,completed,social_media,debit_card
10228,239.0,11.09.2025,COMPLETED,referral,debit_card
10229,4433.0,2025-11-04T09:45:59,completed,organic_search,bank_transfer
10230,9222.0,21/12/2025,completed,organic_search,paypal
10231,8044.0,04.10.2024,completed,paid_search,debit_card
10232,8613.0,08-14-2025,completed,organic_search,debit_card
10233,5745.0,20.12.2024,completed,organic_search,credit_card
10234,7944.0,07-17-2025,completed,social_media,credit_card
10235,2969.0,2025-02-22,completed,referral,bank_transfer
10236,277.0,29/12/2025,completed,direct,credit_card
10237,8497.0,22/08/2025,completed,direct,credit_card
10238,2060.0,12-14-2025,completed,paid_search,bank_transfer
10239,6728.0,10-27-2025,completed,organic_search,debit_card
10240,6107.0,2025-11-25T16:18:39,completed,organic_search,paypal
10241,1498.0,15/10/2025,completed,organic_search,bank_transfer
10242,1859.0,2025-02-07,completed,direct,credit_card
10243,3041.0,09-21-2024,completed,organic_search,paypal
10244,6993.0,2024-12-08T00:01:32,completed,social_media,credit_card
10245,389.0,01-29-2024,cancelled,referral,paypal
10246,3746.0,31.03.2025,completed,organic_search,paypal
10247,6160.0,2025-03-17T17:29:17,completed,direct,credit_card
10248,1627.0,01.04.2025,completed,email,paypal
10249,1168.0,2025-12-22T06:04:52,completed,email,bank_transfer
10250,3596.0,29/11/2025,CANCELLED,referral,credit_card
10251,2686.0,29/06/2024,completed,referral,debit_card
10252,6001.0,07/12/2024,completed,social_media,paypal
10253,8951.0,06/01/2025,completed,direct,bank_transfer
10254,45.0,03.12.2024,completed,direct,credit_card
10255,8353.0,10-05-2025,completed,paid_search,debit_card
10256,4000.0,31/03/2025,cancelled,email,bank_transfer
10257,6153.0,05-04-2025,completed,referral,debit_card
10258,7868.0,04/11/2025,completed,organic_search,paypal
10259,5304.0,2025-10-10T14:41:05,completed,direct,paypal
10260,955.0,30/05/2024,completed,direct,paypal
10261,1352.0,2025-08-12,completed,social_media,credit_card
10262,7307.0,2025-01-17,completed,email,bank_transfer
10263,2159.0,10-26-2024,completed,paid_search,paypal
10264,5260.0,07.03.2024,completed,referral,credit_card
10265,3950.0,03.03.2025,COMPLETED,email,credit_card
10266,2832.0,01/12/2024,completed,social_media,debit_card
10267,7280.0,09-21-2024,completed,social_media,bank_transfer
10268,6756.0,07-30-2025,completed,social_media,paypal
10269,5967.0,2025-09-17T21:11:28,completed,organic_search,paypal
10270,3434.0,2024-09-15T01:57:31,completed,paid_search,credit_card
10271,2132.0,2024-03-06,completed,email,paypal
10272,4776.0,03.11.2025,completed,referral,debit_card
10273,7568.0,01-15-2024,completed,organic_search,credit_card
10274,5323.0,12-08-2025,completed,organic_search,paypal
10275,8956.0,12/06/2025,completed,organic_search,credit_card
10276,157.0,2024-11-12T22:11:43,completed,social_media,paypal
10277,9213.0,09-17-2024,cancelled,email,paypal
10278,6417.0,2024-01-13T04:37:22,completed,email,debit_card
10279,7706.0,2024-09-07,completed,social_media,credit_card
10280,3100.0,2024-06-05,completed,direct,debit_card
10281,4705.0,01/06/2025,completed,email,bank_transfer
10282,7384.0,03/07/2024,COMPLETED,paid_search,credit_card
10283,7025.0,04-04-2025,completed,organic_search,paypal
10284,3094.0,17/05/2025,completed,paid_search,bank_transfer
10285,3005.0,2024-10-29T19:47:29,completed,organic_search,debit_card
10286,6140.0,2024-02-17T11:07:59,completed,referral,debit_card
10287,8613.0,2024-02-20,completed,email,debit_card
10288,4041.0,2024-02-06T19:50:47,completed,direct,debit_card
10289,3253.0,08-29-2025,completed,paid_search,bank_transfer
10290,8272.0,10/11/2024,COMPLETED,social_media,debit_card
10291,6328.0,04.10.2025,COMPLETED,organic_search,bank_transfer
10292,3577.0,2025-01-13,completed,organic_search,credit_card
10293,565.0,02-02-2025,completed,organic_search,credit_card
10294,6661.0,03-23-2025,completed,paid_search,paypal
10295,3252.0,2025-08-11T22:36:04,completed,referral,debit_card
10296,693.0,09/10/2024,completed,organic_search,bank_transfer
10297,5646.0,20/05/2024,completed,organic_search,paypal
10298,2999.0,2025-04-23T12:37:08,returned,paid_search,credit_card
10299,3125.0,2024-11-15,returned,organic_search,debit_card
10300,4428.0,23.01.2025,completed,organic_search,credit_card
10301,6623.0,2025-06-26T12:36:59,completed,referral,bank_transfer
10302,2596.0,09.03.2025,completed,direct,credit_card
10303,786.0,07.06.2025,completed,social_media,paypal
10304,3917.0,2025-04-15T22:02:43,completed,referral,bank_transfer
10305,539.0,30/08/2025,cancelled,organic_search,credit_card
10306,6453.0,07/08/2025,cancelled,paid_search,paypal
10307,8853.0,2025-04-08,completed,organic_search,bank_transfer
10308,6105.0,2025-07-19,completed,organic_search,credit_card
10309,2588.0,2025-11-13T12:40:52,completed,referral,bank_transfer
10310,1720.0,01-13-2025,cancelled,organic_search,debit_card
10311,2191.0,29.12.2024,completed,direct,debit_card
10312,2083.0,2025-09-14,completed,organic_search,credit_card
10313,2907.0,12.05.2025,completed,organic_search,debit_card
10314,955.0,30/03/2024,completed,social_media,credit_card
10315,8283.0,2025-11-21,completed,referral,credit_card
10316,8189.0,12/02/2024,completed,direct,credit_card
10317,5670.0,2025-09-04T06:17:07,cancelled,organic_search,bank_transfer
10318,601.0,11.09.2025,completed,organic_search,bank_transfer
10319,7455.0,2025-12-14T15:18:04,returned,social_media,debit_card
10320,601.0,03-11-2024,completed,organic_search,bank_transfer
10321,1040.0,2025-05-22,COMPLETED,referral,credit_card
10322,3014.0,2025-01-09T07:25:41,completed,referral,bank_transfer
10323,3984.0,11-17-2024,completed,email,credit_card
10324,3263.0,04-19-2024,completed,email,debit_card
10325,1568.0,04-28-2025,completed,social_media,debit_card
10326,1101.0,2025-02-25,completed,paid_search,paypal
10327,7944.0,2024-05-03,completed,paid_search,paypal
10328,3348.0,01/06/2025,COMPLETED,email,credit_card
10329,2060.0,2025-08-28T03:53:04,cancelled,referral,debit_card
10330,4497.0,2025-09-16,completed,organic_search,credit_card
10331,367.0,2025-11-26T03:37:43,COMPLETED,direct,paypal
10332,5535.0,12-27-2024,completed,social_media,bank_transfer
10333,2333.0,2025-12-14,completed,email,credit_card
10334,5517.0,10/11/2025,completed,organic_search,debit_card
10335,5665.0,27/10/2024,completed,direct,debit_card
10336,7492.0,2024-06-26,completed,paid_search,paypal
10337,2166.0,2025-01-16T06:04:36,completed,referral,paypal
10338,4280.0,12-23-2024,completed,social_media,credit_card
10339,8872.0,2025-05-07T16:50:50,completed,paid_search,bank_transfer
10340,6721.0,12/05/2025,completed,social_media,bank_transfer
10341,8997.0,2025-09-05,completed,organic_search,debit_card
10342,8582.0,2025-03-21T11:45:11,completed,paid_search,bank_transfer
10343,5632.0,03.05.2024,returned,social_media,debit_card
10344,2484.0,2025-11-07T10:37:41,completed,organic_search,credit_card
10345,6993.0,05.11.2024,completed,paid_search,paypal
10346,6461.0,21.12.2025,completed,email,credit_card
10347,5417.0,2024-05-16,completed,organic_search,paypal
10348,6458.0,2025-12-16,completed,referral,credit_card
10349,5660.0,2024-04-20T22:54:33,completed,referral,bank_transfer
10350,4810.0,09-03-2024,completed,organic_search,debit_card
10351,3831.0,03.03.2024,completed,organic_search,bank_transfer
10352,434.0,2025-08-06T20:55:15,completed,referral,paypal
10353,8008.0,2025-11-03T19:27:32,cancelled,email,debit_card
10354,8007.0,15/01/2025,completed,paid_search,paypal
10355,5469.0,05/12/2025,completed,paid_search,credit_card
10356,,2025-05-17T02:35:10,completed,email,debit_card
10357,284.0,06-14-2025,completed,social_media,paypal
10358,12.0,2025-11-01,completed,email,paypal
10359,713.0,28/10/2024,cancelled,organic_search,credit_card
10360,3318.0,11-30-2024,COMPLETED,email,paypal
10361,1786.0,2025-11-26,completed,paid_search,credit_card
10362,2496.0,2025-11-24T01:56:45,cancelled,direct,bank_transfer
10363,6476.0,2025-12-23T15:59:24,completed,paid_search,credit_card
10364,8853.0,2025-11-25T14:18:16,completed,organic_search,bank_transfer
10365,1955.0,2024-05-25T08:18:18,completed,referral,paypal
10366,4303.0,2025-10-20T06:01:48,completed,email,debit_card
10367,9150.0,2024-12-27,completed,direct,paypal
10368,8603.0,28/12/2025,completed,organic_search,debit_card
10369,3250.0,2025-02-19,completed,organic_search,debit_card
10370,2969.0,2025-04-22,completed,paid_search,debit_card
10371,2280.0,2025-04-05,completed,referral,paypal
10372,1496.0,2024-11-12T08:41:49,completed,referral,credit_card
10373,4244.0,04-03-2024,completed,paid_search,paypal
10374,3152.0,11-22-2025,completed,email,debit_card
10375,6883.0,08/10/2025,cancelled,social_media,debit_card
10376,2228.0,2024-06-07T19:42:56,COMPLETED,referral,debit_card
10377,6810.0,22/09/2025,cancelled,social_media,debit_card
10378,2701.0,11/06/2025,completed,referral,debit_card
10379,5460.0,2024-12-27T20:15:39,completed,paid_search,bank_transfer
10380,5887.0,23/09/2024,completed,direct,debit_card
10381,6216.0,07.11.2025,completed,referral,debit_card
10382,1662.0,2025-08-03T22:59:18,completed,paid_search,debit_card
10383,2657.0,2025-04-17T07:34:37,completed,referral,bank_transfer
10384,2316.0,30.05.2025,completed,social_media,debit_card
10385,5326.0,2024-04-20,completed,paid_search,debit_card
10386,742.0,2025-02-20,completed,email,paypal
10387,4800.0,31.07.2024,completed,social_media,paypal
10388,855.0,13.08.2024,completed,direct,debit_card
10389,3113.0,2025-07-06,completed,organic_search,bank_transfer
10390,6368.0,29.11.2025,completed,referral,bank_transfer
10391,3796.0,24/12/2024,completed,email,paypal
10392,2635.0,2024-08-13,completed,social_media,credit_card
10393,5675.0,06-27-2025,completed,direct,credit_card
10394,6842.0,12.11.2025,returned,social_media,debit_card
10395,2394.0,09-04-2025,completed,direct,paypal
10396,2793.0,11/11/2025,completed,social_media,bank_transfer
10397,5906.0,2025-04-09T23:41:09,completed,email,bank_transfer
10398,8904.0,09-06-2025,cancelled,paid_search,paypal
10399,2017.0,07/06/2024,completed,paid_search,paypal
10400,6057.0,2024-11-27,completed,social_media,credit_card
10401,8390.0,2024-12-17T13:45:25,completed,social_media,debit_card
10402,4266.0,2025-03-22,completed,organic_search,bank_transfer
10403,2939.0,12-06-2025,cancelled,social_media,paypal
10404,6171.0,2025-11-13,completed,email,credit_card
10405,313.0,01.06.2024,cancelled,organic_search,paypal
10406,3320.0,10.07.2024,completed,email,debit_card
10407,2427.0,2024-12-02,completed,email,bank_transfer
10408,2114.0,2024-10-23,completed,organic_search,credit_card
10409,1701.0,03/06/2025,completed,email,bank_transfer
10410,6816.0,2025-11-25T00:48:04,completed,email,credit_card
10411,8815.0,2025-12-18,completed,direct,bank_transfer
10412,3551.0,06-30-2025,completed,email,credit_card
10413,482.0,28/10/2025,completed,social_media,bank_transfer
10414,6639.0,01.04.2025,completed,organic_search,bank_transfer
10415,4971.0,13/08/2024,completed,organic_search,bank_transfer
10416,6684.0,04-01-2025,cancelled,email,bank_transfer
10417,5986.0,2025-04-23,completed,direct,debit_card
10418,8379.0,31.08.2025,completed,direct,bank_transfer
10419,1350.0,2024-08-24,completed,email,credit_card
10420,1605.0,07/12/2024,completed,organic_search,bank_transfer
10421,3158.0,05/12/2024,completed,organic_search,debit_card
10422,4541.0,2025-12-17T10:39:13,completed,organic_search,bank_transfer
10423,8566.0,01-24-2025,completed,referral,credit_card
10424,8394.0,2025-09-08T09:43:05,completed,social_media,debit_card
10425,8060.0,2025-09-06T11:44:15,completed,paid_search,debit_card
10426,2091.0,10-03-2024,completed,organic_search,paypal
10427,6742.0,05-04-2025,completed,email,paypal
10428,3541.0,11-22-2025,COMPLETED,organic_search,debit_card
10429,8599.0,2025-02-21T13:18:03,completed,email,credit_card
10430,2026.0,12-11-2025,COMPLETED,referral,credit_card
10431,1359.0,2024-08-19,completed,social_media,debit_card
10432,7788.0,2024-04-02T00:10:50,completed,referral,credit_card
10433,6618.0,2025-11-21,completed,organic_search,debit_card
10434,7604.0,02.11.2025,completed,organic_search,debit_card
10435,1498.0,29.12.2025,completed,social_media,credit_card
10436,8187.0,19.07.2025,completed,organic_search,paypal
10437,6267.0,08/12/2025,completed,referral,bank_transfer
10438,6028.0,2025-10-22T19:05:34,returned,email,debit_card
10439,5366.0,01/11/2025,completed,paid_search,debit_card
10440,7060.0,05-02-2025,completed,social_media,bank_transfer
10441,3828.0,14/12/2024,cancelled,social_media,credit_card
10442,1286.0,2025-12-07T14:41:19,returned,paid_search,debit_card
10443,4980.0,01-13-2025,completed,social_media,debit_card
10444,6914.0,11.04.2025,completed,email,debit_card
10445,1480.0,01-26-2025,completed,organic_search,credit_card
10446,2107.0,04-29-2025,completed,organic_search,credit_card
10447,6446.0,02-17-2025,completed,email,paypal
10448,2536.0,04/03/2024,completed,direct,bank_transfer
10449,1612.0,17.11.2025,completed,email,debit_card
10450,8225.0,01-25-2025,completed,organic_search,credit_card
10451,1528.0,05-16-2025,completed,social_media,credit_card
10452,3180.0,2024-06-06T05:41:38,completed,email,debit_card
10453,3952.0,2024-01-05,completed,paid_search,credit_card
10454,4396.0,2024-09-16,completed,direct,paypal
10455,3330.0,06.08.2025,completed,referral,debit_card
10456,8453.0,2024-04-28T06:52:24,completed,organic_search,credit_card
10457,6103.0,28.11.2025,completed,direct,debit_card
10458,3313.0,2024-08-20T03:44:20,cancelled,social_media,bank_transfer
10459,3292.0,10.08.2024,completed,direct,credit_card
10460,4649.0,2024-07-19T21:58:15,cancelled,email,credit_card
10461,332.0,2024-01-20T07:55:44,completed,paid_search,bank_transfer
10462,8575.0,09-19-2025,completed,referral,debit_card
10463,2099.0,14/11/2025,completed,paid_search,credit_card
10464,6455.0,2025-06-03T07:56:33,completed,organic_search,debit_card
10465,7182.0,2024-07-25T12:24:17,completed,direct,paypal
10466,7650.0,10-19-2024,completed,direct,debit_card
10467,1572.0,2025-02-22,COMPLETED,email,bank_transfer
10468,4954.0,15.12.2025,completed,direct,bank_transfer
10469,818.0,17.09.2024,cancelled,referral,paypal
10470,7462.0,24/08/2025,completed,social_media,bank_transfer
10471,4490.0,20.01.2025,completed,referral,credit_card
10472,1502.0,28.10.2024,completed,organic_search,bank_transfer
10473,6636.0,04/02/2025,completed,paid_search,paypal
10474,3066.0,30.03.2024,completed,email,debit_card
10475,1123.0,2025-10-05T20:20:04,completed,referral,debit_card
10476,4255.0,14.09.2024,completed,direct,credit_card
10477,2212.0,2025-08-20,completed,social_media,paypal
10478,8769.0,27.03.2024,RETURNED,direct,paypal
10479,3331.0,15/12/2025,completed,organic_search,paypal
10480,5293.0,07-30-2024,completed,paid_search,bank_transfer
10481,8753.0,2025-11-17T23:38:47,completed,paid_search,bank_transfer
10482,3623.0,10-12-2025,completed,paid_search,bank_transfer
10483,3297.0,2025-12-20,completed,paid_search,bank_transfer
10484,1544.0,23.02.2025,completed,email,credit_card
10485,8656.0,21/08/2025,completed,email,paypal
10486,7421.0,12-08-2024,completed,organic_search,bank_transfer
10487,2076.0,2024-07-21T05:06:32,COMPLETED,email,credit_card
10488,3081.0,24.01.2025,cancelled,email,paypal
10489,8466.0,2024-07-03,completed,social_media,bank_transfer
10490,4961.0,25.12.2025,completed,email,debit_card
10491,5137.0,2024-04-25,returned,referral,debit_card
10492,5989.0,2025-05-16,cancelled,paid_search,debit_card
10493,7041.0,11/06/2025,completed,direct,debit_card
10494,8666.0,2025-04-11,completed,email,debit_card
10495,7437.0,2025-07-07,completed,social_media,credit_card
10496,8621.0,2024-05-15T03:58:02,completed,paid_search,paypal
10497,7597.0,04-22-2025,cancelled,email,bank_transfer
10498,452.0,2024-10-20,COMPLETED,referral,debit_card
10499,1148.0,10/12/2025,completed,organic_search,bank_transfer
10500,8187.0,13/09/2025,completed,social_media,debit_card
10501,281.0,2025-12-21,completed,paid_search,paypal
10502,7355.0,20.02.2024,COMPLETED,email,paypal
10503,7857.0,19.10.2024,cancelled,paid_search,paypal
10504,3826.0,01.08.2024,completed,paid_search,credit_card
10505,3274.0,16/01/2024,completed,email,bank_transfer
10506,1848.0,13/09/2024,COMPLETED,organic_search,paypal
10507,481.0,2025-07-19T23:11:12,completed,social_media,paypal
10508,6890.0,03.09.2024,completed,referral,credit_card
10509,720.0,03-20-2025,completed,email,bank_transfer
10510,8718.0,11-19-2025,cancelled,referral,debit_card
10511,2764.0,29/07/2025,completed,referral,credit_card
10512,7356.0,2024-12-20,completed,email,debit_card
10513,586.0,2024-12-09,completed,organic_search,debit_card
10514,4949.0,04.02.2025,cancelled,social_media,paypal
10515,3220.0,2024-07-14,completed,social_media,paypal
10516,301.0,06-17-2025,COMPLETED,direct,debit_card
10517,6072.0,05/12/2024,returned,direct,paypal
10518,8703.0,04/11/2025,completed,paid_search,paypal
10519,106.0,09-09-2025,completed,organic_search,credit_card
10520,2541.0,2025-05-31,COMPLETED,referral,debit_card
10521,6514.0,05.12.2024,completed,email,debit_card
10522,8052.0,15/08/2024,completed,email,credit_card
10523,1812.0,2025-09-22T19:11:33,completed,direct,paypal
10524,694.0,2025-03-03T08:05:14,completed,direct,bank_transfer
10525,84.0,2024-08-29T21:52:27,completed,email,credit_card
10526,2032.0,08-01-2024,COMPLETED,social_media,credit_card
10527,699.0,02.07.2024,completed,paid_search,bank_transfer
10528,3312.0,22/09/2025,completed,social_media,debit_card
10529,4053.0,2024-09-01,completed,referral,paypal
10530,4434.0,2025-04-02,completed,organic_search,credit_card
10531,1368.0,2025-01-31,completed,direct,credit_card
10532,4285.0,05-10-2025,completed,paid_search,debit_card
10533,88.0,15.11.2025,completed,referral,paypal
10534,2253.0,2025-11-11,completed,organic_search,paypal
10535,3400.0,31/01/2025,completed,social_media,debit_card
10536,1157.0,22.01.2024,completed,organic_search,paypal
10537,7535.0,2025-01-08,completed,referral,bank_transfer
10538,1910.0,2025-05-28T07:58:15,completed,email,bank_transfer
10539,6977.0,24.04.2025,completed,organic_search,debit_card
10540,4381.0,06-29-2025,completed,social_media,credit_card
10541,4433.0,21.06.2024,completed,social_media,debit_card
10542,5956.0,26.06.2025,completed,paid_search,credit_card
10543,429.0,07-20-2024,completed,direct,bank_transfer
10544,764.0,09-06-2025,completed,social_media,debit_card
10545,3023.0,2024-11-22T00:34:38,completed,social_media,credit_card
10546,3840.0,2025-08-09,cancelled,paid_search,paypal
10547,3968.0,2024-03-04,completed,referral,debit_card
10548,6259.0,2024-12-26,completed,paid_search,bank_transfer
10549,9.0,06/08/2025,completed,paid_search,debit_card
10550,8852.0,2024-08-31,completed,paid_search,bank_transfer
10551,1651.0,2025-10-03,completed,paid_search,credit_card
10552,2334.0,06-14-2025,completed,direct,bank_transfer
10553,8382.0,2025-05-15T20:58:52,completed,direct,paypal
10554,55.0,30/11/2024,completed,paid_search,paypal
10555,9148.0,2025-02-28,completed,direct,bank_transfer
10556,359.0,22.05.2025,completed,direct,paypal
10557,1177.0,19.02.2025,completed,social_media,bank_transfer
10558,2257.0,2025-08-02T08:42:02,completed,organic_search,credit_card
10559,4041.0,01-15-2025,completed,referral,debit_card
10560,,08.08.2024,cancelled,paid_search,bank_transfer
10561,1022.0,19/08/2024,completed,paid_search,paypal
10562,720.0,01-09-2024,completed,paid_search,debit_card
10563,315.0,10-31-2024,returned,referral,debit_card
10564,2415.0,09-04-2025,completed,referral,credit_card
10565,8526.0,2025-10-03,completed,direct,credit_card
10566,3593.0,2024-08-08T03:14:57,COMPLETED,social_media,debit_card
10567,7054.0,2025-12-16,completed,direct,paypal
10568,1807.0,15.03.2025,completed,social_media,bank_transfer
10569,628.0,01/12/2025,completed,referral,paypal
10570,5115.0,2025-08-07,completed,social_media,credit_card
10571,7607.0,2025-08-18T20:50:58,completed,organic_search,bank_transfer
10572,8314.0,13/04/2024,completed,paid_search,credit_card
10573,5042.0,2024-08-24,completed,paid_search,bank_transfer
10574,2748.0,2024-01-13T20:10:22,cancelled,direct,paypal
10575,1070.0,2025-08-14T00:19:09,completed,paid_search,paypal
10576,6180.0,24.11.2024,completed,organic_search,paypal
10577,2637.0,2025-09-28,completed,paid_search,paypal
10578,7802.0,2024-11-21T09:30:04,returned,email,debit_card
10579,5579.0,2025-10-18T10:00:18,completed,email,credit_card
10580,7942.0,2024-05-29T22:56:54,completed,organic_search,paypal
10581,5233.0,07-10-2024,completed,paid_search,credit_card
10582,7122.0,2024-11-23T03:57:43,completed,social_media,debit_card
10583,2748.0,27/12/2024,completed,email,bank_transfer
10584,4650.0,2024-11-27T14:34:11,returned,paid_search,bank_transfer
10585,198.0,14/09/2025,COMPLETED,social_media,paypal
10586,5604.0,25.04.2024,completed,direct,bank_transfer
10587,4932.0,28/11/2024,completed,social_media,bank_transfer
10588,6981.0,28/10/2025,completed,organic_search,bank_transfer
10589,6735.0,2024-03-25,completed,organic_search,debit_card
10590,5789.0,2025-12-10,completed,organic_search,paypal
10591,559.0,2025-12-27,completed,email,bank_transfer
10592,8356.0,2024-04-17T00:35:53,completed,social_media,paypal
10593,182.0,23.10.2024,completed,referral,bank_transfer
10594,7449.0,09/12/2024,completed,email,paypal
10595,4430.0,09-22-2025,completed,referral,bank_transfer
10596,7574.0,2025-05-21,returned,organic_search,credit_card
10597,4296.0,06-24-2025,COMPLETED,email,credit_card
10598,5976.0,10/09/2025,completed,referral,debit_card
10599,3348.0,05-16-2024,completed,social_media,credit_card
10600,6881.0,2025-10-26T23:45:04,completed,social_media,bank_transfer
10601,2390.0,06.08.2025,completed,paid_search,credit_card
10602,6642.0,05-08-2025,COMPLETED,email,debit_card
10603,1838.0,11-20-2025,completed,direct,credit_card
10604,6667.0,03.08.2025,cancelled,email,bank_transfer
10605,2746.0,07/08/2024,completed,paid_search,debit_card
10606,2616.0,2025-01-11,completed,direct,bank_transfer
10607,7507.0,2025-03-09,completed,direct,debit_card
10608,7530.0,12/03/2024,completed,social_media,credit_card
10609,6417.0,15/12/2025,cancelled,email,credit_card
10610,,2024-05-27T01:08:54,completed,email,bank_transfer
10611,1496.0,2025-08-01T14:50:20,completed,direct,bank_transfer
10612,2534.0,03-18-2025,cancelled,direct,credit_card
10613,2748.0,2024-02-05,completed,social_media,bank_transfer
10614,2848.0,04.12.2025,COMPLETED,social_media,credit_card
10615,3030.0,2025-11-04,completed,organic_search,debit_card
10616,6451.0,2025-04-01,completed,social_media,debit_card
10617,2541.0,2024-09-01T13:08:32,completed,paid_search,debit_card
10618,2680.0,05-20-2024,completed,paid_search,paypal
10619,5274.0,2024-12-04T05:44:53,completed,email,debit_card
10620,1838.0,24/09/2024,completed,organic_search,paypal
10621,3362.0,2025-03-18,completed,referral,debit_card
10622,572.0,2025-12-19T13:54:18,completed,direct,paypal
10623,8787.0,05-06-2025,completed,social_media,paypal
10624,2945.0,20.11.2025,completed,organic_search,paypal
10625,7859.0,06-29-2025,completed,organic_search,paypal
10626,4900.0,21/02/2025,completed,direct,credit_card
10627,2150.0,2025-11-05T19:33:51,completed,direct,debit_card
10628,1839.0,02-18-2025,cancelled,direct,debit_card
10629,6437.0,2025-11-11T13:52:24,completed,email,paypal
10630,8901.0,24/10/2024,completed,paid_search,debit_card
10631,1739.0,2024-05-27,COMPLETED,email,paypal
10632,1129.0,05.11.2025,RETURNED,email,debit_card
10633,3565.0,2025-05-15T21:38:34,completed,paid_search,bank_transfer
10634,3623.0,20.11.2025,completed,social_media,debit_card
10635,7470.0,09.12.2025,completed,paid_search,paypal
10636,4328.0,11.03.2024,completed,organic_search,paypal
10637,606.0,2025-03-14T10:50:20,completed,organic_search,debit_card
10638,8519.0,2024-12-10,returned,referral,debit_card
10639,3439.0,2025-06-11T06:14:42,completed,direct,paypal
10640,6185.0,2025-10-02,completed,direct,paypal
10641,6177.0,15/10/2024,completed,email,credit_card
10642,554.0,2025-04-24,completed,paid_search,paypal
10643,35.0,09.08.2025,completed,paid_search,credit_card
10644,861.0,2024-06-01,completed,social_media,bank_transfer
10645,8827.0,2025-10-14,completed,email,paypal
10646,7354.0,28/05/2025,completed,paid_search,bank_transfer
10647,1281.0,2025-12-13T12:23:17,returned,social_media,credit_card
10648,5668.0,22/11/2024,completed,email,paypal
10649,5643.0,07/05/2024,cancelled,organic_search,debit_card
10650,7.0,18.03.2025,completed,email,bank_transfer
10651,3958.0,04-14-2024,completed,social_media,credit_card
10652,6579.0,20.12.2025,completed,social_media,paypal
10653,1773.0,02-22-2024,completed,email,bank_transfer
10654,7867.0,09-07-2025,cancelled,paid_search,credit_card
10655,6118.0,01/04/2025,completed,email,debit_card
10656,67.0,07/12/2024,completed,paid_search,paypal
10657,7906.0,2024-03-24,completed,email,credit_card
10658,198.0,2025-06-08,completed,organic_search,bank_transfer
10659,8213.0,14/05/2025,completed,organic_search,debit_card
10660,3090.0,2024-10-15,completed,social_media,debit_card
10661,6467.0,2025-11-28T12:36:15,COMPLETED,direct,credit_card
10662,7285.0,02/11/2024,completed,direct,credit_card
10663,2643.0,01-30-2025,completed,organic_search,debit_card
10664,3284.0,04-14-2025,completed,paid_search,paypal
10665,4718.0,04-29-2024,completed,social_media,bank_transfer
10666,5368.0,12-07-2025,cancelled,email,debit_card
10667,2734.0,2024-12-10T15:38:38,cancelled,paid_search,credit_card
10668,9160.0,04-09-2024,returned,organic_search,bank_transfer
10669,6816.0,16.12.2024,cancelled,social_media,bank_transfer
10670,2574.0,2025-05-24T03:45:31,completed,email,credit_card
10671,5907.0,03-24-2025,completed,referral,paypal
10672,4018.0,30.07.2025,CANCELLED,email,bank_transfer
10673,7952.0,13/03/2024,completed,paid_search,debit_card
10674,3040.0,2024-10-18,completed,email,credit_card
10675,1781.0,10-18-2025,completed,email,debit_card
10676,449.0,2024-04-08,completed,referral,paypal
10677,9084.0,2025-11-06T19:31:53,completed,organic_search,debit_card
10678,3310.0,2024-04-20T21:22:48,completed,paid_search,credit_card
10679,2072.0,2025-10-26,completed,paid_search,bank_transfer
10680,4544.0,2024-12-03,completed,paid_search,paypal
10681,2730.0,06-01-2025,cancelled,referral,credit_card
10682,2193.0,2024-06-20T07:21:51,completed,referral,paypal
10683,5680.0,24/03/2024,cancelled,paid_search,paypal
10684,734.0,08-20-2024,completed,social_media,credit_card
10685,4712.0,2024-05-26,completed,referral,bank_transfer
10686,3569.0,2024-11-07T15:20:33,cancelled,organic_search,paypal
10687,4921.0,24.03.2025,cancelled,referral,debit_card
10688,2976.0,16.05.2025,completed,referral,debit_card
10689,5274.0,2025-09-30,completed,direct,credit_card
10690,796.0,07-02-2025,cancelled,email,debit_card
10691,3469.0,30.05.2025,completed,referral,paypal
10692,2232.0,28/12/2024,completed,direct,debit_card
10693,4038.0,02-20-2025,completed,direct,credit_card
10694,3659.0,2024-12-30,completed,email,debit_card
10695,5819.0,31/10/2025,completed,direct,bank_transfer
10696,5801.0,2024-09-02,completed,paid_search,bank_transfer
10697,3804.0,01-09-2024,completed,social_media,paypal
10698,1719.0,29/06/2025,completed,paid_search,paypal
10699,5359.0,08-08-2024,completed,paid_search,bank_transfer
10700,8919.0,20.11.2025,completed,organic_search,debit_card
10701,1758.0,2025-11-07,completed,direct,debit_card
10702,677.0,04-05-2024,completed,social_media,bank_transfer
10703,2491.0,05-05-2024,completed,email,bank_transfer
10704,3800.0,03-09-2025,completed,direct,paypal
10705,2858.0,2025-05-30T13:37:11,completed,paid_search,debit_card
10706,7721.0,10-10-2024,completed,social_media,paypal
10707,4554.0,2025-08-14,completed,referral,debit_card
10708,2316.0,20.05.2025,completed,direct,debit_card
10709,8768.0,14/11/2024,completed,paid_search,paypal
10710,1209.0,2024-02-05,completed,email,credit_card
10711,1195.0,09-05-2025,COMPLETED,paid_search,bank_transfer
10712,2308.0,19.08.2024,cancelled,paid_search,paypal
10713,748.0,2025-10-26T01:17:35,completed,direct,credit_card
10714,6948.0,01-02-2025,cancelled,email,debit_card
10715,2898.0,08/05/2025,completed,email,paypal
10716,6745.0,2025-11-13T01:50:45,completed,direct,paypal
10717,7045.0,2025-11-09,completed,email,paypal
10718,2233.0,2024-12-08T09:39:22,cancelled,paid_search,paypal
10719,4800.0,14.08.2024,completed,referral,bank_transfer
10720,4810.0,21.09.2025,completed,social_media,debit_card
10721,8054.0,01-14-2025,completed,email,bank_transfer
10722,261.0,2024-07-29T22:53:14,cancelled,organic_search,credit_card
10723,2939.0,11-26-2025,cancelled,direct,debit_card
10724,8164.0,08-04-2024,completed,referral,credit_card
10725,2228.0,2024-02-05T12:06:51,completed,paid_search,paypal
10726,1323.0,01-29-2024,COMPLETED,paid_search,credit_card
10727,5326.0,2025-06-08,completed,social_media,bank_transfer
10728,2856.0,07-06-2025,completed,social_media,debit_card
10729,4312.0,11-06-2024,returned,email,paypal
10730,7592.0,11/11/2024,completed,paid_search,debit_card
10731,4819.0,11-22-2024,completed,paid_search,credit_card
10732,4776.0,2025-07-20T01:13:58,completed,paid_search,debit_card
10733,2612.0,2024-03-16T23:35:05,completed,organic_search,paypal
10734,7341.0,2025-12-06,completed,referral,bank_transfer
10735,6838.0,08-27-2024,cancelled,email,bank_transfer
10736,2201.0,2025-12-31,completed,paid_search,debit_card
10737,2972.0,08.07.2024,completed,paid_search,credit_card
10738,7299.0,2025-09-19,completed,organic_search,bank_transfer
10739,3292.0,08-27-2024,completed,social_media,bank_transfer
10740,3708.0,09/04/2024,COMPLETED,referral,credit_card
10741,3358.0,2025-11-14T16:34:08,completed,email,credit_card
10742,1537.0,07/11/2025,completed,paid_search,credit_card
10743,3150.0,12-24-2024,completed,paid_search,bank_transfer
10744,7445.0,2025-08-04T12:51:20,completed,organic_search,credit_card
10745,,24.04.2025,completed,organic_search,paypal
10746,4226.0,04.11.2025,completed,referral,debit_card
10747,1496.0,11-08-2024,completed,referral,paypal
10748,1679.0,03-31-2025,completed,organic_search,paypal
10749,423.0,03-02-2025,completed,email,debit_card
10750,144.0,11-30-2024,completed,paid_search,bank_transfer
10751,4507.0,2025-11-21,RETURNED,social_media,debit_card
10752,3764.0,2024-07-03T00:34:34,completed,social_media,debit_card
10753,2587.0,16.06.2024,completed,organic_search,credit_card
10754,9132.0,2025-05-08,completed,direct,credit_card
10755,3656.0,03.07.2025,completed,referral,paypal
10756,7302.0,31.07.2024,completed,organic_search,bank_transfer
10757,1990.0,12-18-2024,completed,social_media,credit_card
10758,2320.0,12/12/2025,completed,organic_search,bank_transfer
10759,5252.0,17/09/2024,completed,direct,bank_transfer
10760,40.0,2025-07-11,completed,paid_search,credit_card
10761,179.0,30.08.2025,cancelled,email,paypal
10762,1367.0,01-28-2025,completed,paid_search,bank_transfer
10763,2097.0,12-09-2025,completed,email,debit_card
10764,4887.0,27/08/2025,completed,social_media,paypal
10765,6363.0,02-06-2025,completed,direct,paypal
10766,2894.0,2025-05-03,returned,referral,bank_transfer
10767,2250.0,28.07.2025,cancelled,organic_search,debit_card
10768,7613.0,2025-05-18,completed,email,debit_card
10769,1546.0,11-15-2025,completed,paid_search,paypal
10770,6274.0,2024-12-01T23:32:24,completed,social_media,debit_card
10771,8601.0,2024-10-30,completed,organic_search,credit_card
10772,2185.0,2024-08-18T08:32:46,completed,social_media,debit_card
10773,848.0,21.02.2024,cancelled,referral,credit_card
10774,9036.0,2024-02-27,completed,paid_search,bank_transfer
10775,2541.0,11-12-2025,completed,paid_search,bank_transfer
10776,2591.0,18/07/2025,cancelled,referral,credit_card
10777,4471.0,2025-07-06T12:39:02,completed,email,debit_card
10778,2173.0,06-03-2025,completed,email,paypal
10779,9163.0,2025-11-03,completed,organic_search,debit_card
10780,423.0,26.02.2025,completed,referral,debit_card
10781,4170.0,2025-11-12,completed,referral,debit_card
10782,5058.0,12-02-2024,returned,organic_search,credit_card
10783,4308.0,2025-12-05,completed,email,debit_card
10784,4818.0,2025-08-02,completed,referral,bank_transfer
10785,9107.0,2024-09-26,cancelled,email,bank_transfer
10786,8112.0,04-29-2025,cancelled,paid_search,debit_card
10787,2882.0,07/04/2025,completed,organic_search,credit_card
10788,5087.0,05/06/2024,returned,social_media,debit_card
10789,5.0,2025-05-18T20:54:13,completed,direct,paypal
10790,3767.0,2024-11-08,completed,organic_search,bank_transfer
10791,1555.0,03-09-2024,completed,email,credit_card
10792,6579.0,2025-12-13,completed,paid_search,debit_card
10793,2077.0,06-22-2025,completed,social_media,paypal
10794,6921.0,11-15-2025,completed,organic_search,paypal
10795,2902.0,07-17-2025,completed,social_media,debit_card
10796,8566.0,2024-12-01T01:09:30,cancelled,social_media,bank_transfer
10797,4110.0,23.03.2025,completed,organic_search,paypal
10798,7763.0,07-16-2025,completed,referral,debit_card
10799,5796.0,17.12.2025,COMPLETED,direct,credit_card
10800,9019.0,23.09.2024,completed,direct,credit_card
10801,6870.0,11-14-2025,completed,email,paypal
10802,6721.0,12-04-2025,completed,social_media,credit_card
10803,2494.0,2025-07-13,cancelled,direct,credit_card
10804,4669.0,06.12.2025,cancelled,organic_search,credit_card
10805,2718.0,21.12.2024,completed,email,bank_transfer
10806,197.0,14.12.2025,completed,email,bank_transfer
10807,6575.0,2025-08-04,completed,direct,paypal
10808,2218.0,26.02.2024,cancelled,referral,debit_card
10809,3648.0,27.11.2025,completed,paid_search,paypal
10810,2672.0,01.03.2025,completed,social_media,paypal
10811,1897.0,2025-02-08,completed,email,paypal
10812,656.0,05-01-2025,completed,paid_search,paypal
10813,3119.0,16.06.2024,completed,organic_search,bank_transfer
10814,796.0,16.02.2025,completed,organic_search,debit_card
10815,4990.0,24.10.2025,completed,organic_search,credit_card
10816,200.0,22.01.2024,completed,direct,bank_transfer
10817,8672.0,09/10/2024,completed,organic_search,paypal
10818,8918.0,04.01.2024,completed,direct,paypal
10819,2843.0,12-30-2024,completed,email,bank_transfer
10820,2444.0,22.08.2025,cancelled,social_media,debit_card
10821,1022.0,05/10/2025,COMPLETED,social_media,paypal
10822,8373.0,2025-12-11T10:32:10,completed,direct,paypal
10823,5395.0,05-30-2025,completed,paid_search,credit_card
10824,5626.0,09-24-2024,cancelled,social_media,credit_card
10825,8284.0,2025-12-04,cancelled,referral,debit_card
10826,8439.0,21.09.2025,completed,paid_search,paypal
10827,7660.0,06.05.2025,completed,paid_search,bank_transfer
10828,7140.0,2025-07-31T13:03:06,COMPLETED,organic_search,bank_transfer
10829,8114.0,2025-12-04,completed,email,credit_card
10830,8101.0,2025-08-11,completed,organic_search,bank_transfer
10831,3397.0,07.12.2024,COMPLETED,referral,bank_transfer
10832,8979.0,11.08.2025,completed,paid_search,paypal
10833,6558.0,2024-02-24,completed,paid_search,credit_card
10834,3410.0,16/12/2024,completed,paid_search,credit_card
10835,4073.0,2024-12-26,completed,email,paypal
10836,6372.0,2024-07-04T01:38:21,completed,paid_search,paypal
10837,3328.0,02/02/2024,completed,referral,bank_transfer
10838,7645.0,31.05.2024,completed,paid_search,credit_card
10839,1419.0,2025-07-01,returned,social_media,debit_card
10840,8402.0,07.10.2025,completed,direct,credit_card
10841,2810.0,27/12/2025,completed,email,debit_card
10842,1473.0,2024-11-25,cancelled,organic_search,credit_card
10843,7936.0,05-23-2025,COMPLETED,referral,credit_card
10844,2253.0,2025-12-08,completed,email,bank_transfer
10845,7799.0,2024-07-04,returned,paid_search,bank_transfer
10846,2762.0,15.08.2025,completed,social_media,paypal
10847,8613.0,09-08-2025,completed,organic_search,debit_card
10848,2060.0,17/04/2024,completed,social_media,paypal
10849,683.0,11-08-2025,cancelled,organic_search,debit_card
10850,8643.0,14.10.2025,completed,referral,credit_card
10851,1572.0,15.02.2024,completed,referral,paypal
10852,8714.0,2024-04-20T00:17:29,completed,direct,paypal
10853,7623.0,2024-03-06,completed,referral,credit_card
10854,797.0,19.11.2024,completed,organic_search,bank_transfer
10855,4106.0,2025-03-20,completed,organic_search,credit_card
10856,717.0,06/04/2025,completed,organic_search,credit_card
10857,3049.0,05/10/2024,completed,referral,credit_card
10858,3244.0,2025-11-29T13:58:16,completed,email,credit_card
10859,5529.0,2024-12-07T06:40:14,COMPLETED,paid_search,paypal
10860,9002.0,03-02-2024,completed,organic_search,paypal
10861,1610.0,30/10/2024,completed,organic_search,bank_transfer
10862,3042.0,2025-04-06T14:19:36,COMPLETED,direct,bank_transfer
10863,5398.0,2024-12-27T07:49:07,cancelled,referral,bank_transfer
10864,1626.0,09.10.2024,completed,direct,debit_card
10865,6576.0,2024-05-29T15:35:48,completed,paid_search,credit_card
10866,3709.0,17.10.2025,completed,email,bank_transfer
10867,8762.0,2025-12-30T06:09:08,cancelled,email,credit_card
10868,5806.0,2024-11-16T04:30:16,completed,direct,debit_card
10869,3348.0,14.12.2024,completed,organic_search,debit_card
10870,6643.0,05/06/2025,completed,paid_search,credit_card
10871,7756.0,15.08.2025,completed,email,credit_card
10872,7418.0,2024-12-19T06:06:52,completed,email,bank_transfer
10873,2469.0,2025-11-26,cancelled,social_media,bank_transfer
10874,3841.0,2025-04-26,cancelled,paid_search,paypal
10875,4176.0,30/01/2025,completed,referral,debit_card
10876,3578.0,2025-06-26,completed,organic_search,credit_card
10877,2890.0,12-14-2025,cancelled,social_media,bank_transfer
10878,6956.0,2025-10-03T23:53:50,completed,direct,bank_transfer
10879,124.0,02-24-2024,completed,email,bank_transfer
10880,2745.0,18/11/2024,completed,paid_search,debit_card
10881,1362.0,17.02.2025,completed,direct,debit_card
10882,1248.0,11-08-2024,completed,email,paypal
10883,2604.0,2025-08-03T14:23:46,returned,social_media,debit_card
10884,7041.0,2025-10-22,completed,social_media,bank_transfer
10885,8949.0,08-24-2025,completed,organic_search,debit_card
10886,4762.0,12-28-2025,completed,paid_search,bank_transfer
10887,3131.0,2024-10-08,completed,direct,paypal
10888,7669.0,2025-11-14T09:08:07,completed,organic_search,debit_card
10889,656.0,2025-09-16T10:48:57,completed,email,credit_card
10890,911.0,04/12/2024,completed,organic_search,debit_card
10891,3189.0,2025-08-26T17:05:03,completed,referral,credit_card
10892,4144.0,03/05/2024,completed,referral,debit_card
10893,7391.0,2025-09-30T07:37:08,completed,paid_search,bank_transfer
10894,8561.0,06.04.2025,completed,organic_search,credit_card
10895,4913.0,2024-10-24,completed,direct,bank_transfer
10896,4579.0,07-02-2025,cancelled,direct,bank_transfer
10897,2011.0,22.06.2025,completed,social_media,credit_card
10898,4168.0,14.08.2024,completed,organic_search,debit_card
10899,8545.0,11/02/2024,completed,social_media,bank_transfer
10900,3616.0,15.01.2025,completed,paid_search,paypal
10901,1992.0,2025-05-03,cancelled,organic_search,debit_card
10902,3116.0,11-14-2025,completed,social_media,debit_card
10903,4762.0,05/12/2025,completed,direct,bank_transfer
10904,5519.0,04-04-2025,completed,paid_search,paypal
10905,3990.0,2025-09-07,completed,direct,paypal
10906,7005.0,20.01.2025,COMPLETED,email,debit_card
10907,5371.0,09-03-2025,completed,social_media,credit_card
10908,6160.0,10.08.2024,COMPLETED,social_media,credit_card
10909,7983.0,08/12/2024,completed,referral,credit_card
10910,8008.0,17.06.2025,completed,referral,credit_card
10911,1922.0,2024-01-26T03:55:34,completed,direct,credit_card
10912,5743.0,2025-08-18,completed,email,credit_card
10913,6615.0,2025-10-27T00:07:35,cancelled,direct,debit_card
10914,1397.0,22.12.2024,returned,email,debit_card
10915,7793.0,2025-01-28T19:29:16,completed,social_media,debit_card
10916,1708.0,2025-11-04,completed,direct,paypal
10917,7406.0,2025-09-21T07:06:17,completed,organic_search,credit_card
10918,1535.0,21/10/2024,completed,social_media,credit_card
10919,6859.0,2024-11-13T13:34:54,completed,email,bank_transfer
10920,1420.0,2025-07-19,completed,organic_search,credit_card
10921,3496.0,28/04/2025,completed,paid_search,credit_card
10922,1375.0,2024-06-29,completed,email,bank_transfer
10923,2541.0,05.11.2024,completed,organic_search,credit_card
10924,9085.0,24/11/2025,completed,organic_search,bank_transfer
10925,1050.0,25/07/2025,completed,referral,bank_transfer
10926,3739.0,12-26-2025,returned,email,paypal
10927,6259.0,16.09.2025,completed,email,credit_card
10928,928.0,2025-12-10T18:58:20,completed,email,credit_card
10929,1064.0,08-21-2024,completed,direct,debit_card
10930,1373.0,19.09.2025,completed,paid_search,credit_card
10931,5954.0,2024-01-29,completed,referral,credit_card
10932,8422.0,13.07.2025,completed,paid_search,credit_card
10933,7641.0,16/02/2025,cancelled,referral,credit_card
10934,9073.0,11-26-2024,completed,organic_search,debit_card
10935,5348.0,08/11/2025,completed,social_media,debit_card
10936,8869.0,2025-11-05,returned,email,credit_card
10937,2846.0,01/02/2024,completed,paid_search,debit_card
10938,3891.0,30/05/2025,returned,referral,bank_transfer
10939,3637.0,2024-12-07,completed,social_media,bank_transfer
10940,462.0,12-30-2024,returned,paid_search,paypal
10941,7674.0,25.10.2025,completed,social_media,bank_transfer
10942,252.0,05/11/2024,completed,email,debit_card
10943,6745.0,12-11-2025,completed,social_media,debit_card
10944,3746.0,2024-07-17T02:15:44,completed,social_media,paypal
10945,61.0,2025-07-07,completed,paid_search,paypal
10946,2717.0,2025-07-14T17:41:52,completed,referral,debit_card
10947,3195.0,22.09.2024,completed,organic_search,debit_card
10948,8900.0,11-13-2024,completed,social_media,paypal
10949,6123.0,26.10.2025,completed,social_media,credit_card
10950,5022.0,13/09/2025,completed,referral,debit_card
10951,1231.0,16/11/2024,completed,email,paypal
10952,3600.0,08.04.2025,completed,referral,bank_transfer
10953,358.0,2024-03-20,completed,paid_search,credit_card
10954,7037.0,2024-08-14T20:54:30,completed,paid_search,paypal
10955,1546.0,02.03.2025,completed,social_media,paypal
10956,5474.0,14.04.2024,completed,social_media,credit_card
10957,6475.0,01/11/2025,completed,paid_search,paypal
10958,3376.0,2025-08-15T08:22:08,cancelled,organic_search,paypal
10959,5832.0,2025-12-11,completed,referral,paypal
10960,7055.0,2025-07-29T10:18:46,completed,paid_search,credit_card
10961,1749.0,12-10-2025,completed,paid_search,credit_card
10962,5541.0,22/04/2025,completed,organic_search,paypal
10963,6783.0,24.05.2025,returned,paid_search,credit_card
10964,3289.0,12-23-2025,completed,social_media,debit_card
10965,,2025-06-22,completed,email,bank_transfer
10966,2681.0,2024-02-12,cancelled,email,debit_card
10967,8613.0,2025-08-19T04:13:05,completed,referral,paypal
10968,3290.0,26/11/2025,completed,social_media,bank_transfer
10969,1050.0,04/10/2025,completed,referral,credit_card
10970,808.0,2025-05-13T06:26:02,completed,email,bank_transfer
10971,1709.0,2025-07-13T03:55:50,completed,referral,debit_card
10972,1236.0,2025-12-28,completed,referral,debit_card
10973,4574.0,19.04.2024,completed,paid_search,bank_transfer
10974,,2025-07-10T14:22:26,completed,direct,debit_card
10975,7780.0,2024-10-17T18:35:23,completed,organic_search,bank_transfer
10976,8148.0,21/06/2025,completed,email,debit_card
10977,4373.0,2025-05-29T00:16:23,completed,referral,bank_transfer
10978,8216.0,2024-06-21,completed,email,credit_card
10979,4160.0,12.08.2024,completed,referral,debit_card
10980,5923.0,06-08-2025,completed,paid_search,bank_transfer
10981,1544.0,2024-05-26,COMPLETED,direct,paypal
10982,514.0,10-02-2024,cancelled,organic_search,credit_card
10983,1518.0,27.10.2025,completed,social_media,bank_transfer
10984,2370.0,11-15-2024,completed,organic_search,debit_card
10985,6940.0,04/03/2025,cancelled,email,bank_transfer
10986,1647.0,2025-12-10,completed,social_media,paypal
10987,1267.0,31/08/2024,CANCELLED,email,paypal
10988,8584.0,17.12.2024,completed,paid_search,paypal
10989,6390.0,05-28-2025,completed,organic_search,credit_card
10990,4374.0,2025-09-08T16:01:47,completed,direct,paypal
10991,933.0,25.11.2025,completed,email,credit_card
10992,7874.0,30.11.2025,completed,paid_search,credit_card
10993,1057.0,22.09.2025,completed,paid_search,credit_card
10994,5634.0,01/09/2024,completed,organic_search,credit_card
10995,6178.0,02-04-2024,cancelled,referral,bank_transfer
10996,3678.0,12-15-2024,completed,organic_search,credit_card
10997,8443.0,2024-06-09T23:58:01,completed,social_media,bank_transfer
10998,495.0,10/08/2025,completed,email,bank_transfer
10999,7576.0,06.07.2025,completed,organic_search,paypal
11000,5111.0,29.02.2024,completed,paid_search,credit_card
11001,5635.0,10-28-2025,COMPLETED,organic_search,bank_transfer
11002,9104.0,19/09/2024,completed,social_media,credit_card
11003,5367.0,13.01.2025,completed,organic_search,credit_card
11004,7384.0,11/07/2025,completed,organic_search,credit_card
11005,1479.0,2025-01-11T15:58:03,completed,referral,paypal
11006,7492.0,22.01.2025,completed,organic_search,debit_card
11007,7030.0,24.03.2024,completed,email,paypal
11008,8936.0,12-23-2024,completed,direct,paypal
11009,8634.0,2025-09-14T04:18:28,completed,organic_search,bank_transfer
11010,2019.0,2025-11-30,completed,paid_search,credit_card
11011,4295.0,29/12/2024,completed,organic_search,debit_card
11012,8445.0,01-05-2025,completed,social_media,credit_card
11013,5910.0,04.08.2025,completed,paid_search,bank_transfer
11014,4282.0,11.12.2025,completed,organic_search,credit_card
11015,1062.0,2024-10-04,completed,email,bank_transfer
11016,3247.0,21/01/2025,completed,paid_search,paypal
11017,6160.0,2025-10-04,completed,referral,bank_transfer
11018,7177.0,30.05.2025,completed,organic_search,debit_card
11019,4131.0,05-09-2024,cancelled,paid_search,bank_transfer
11020,549.0,06-12-2025,completed,social_media,credit_card
11021,5838.0,2024-07-24T23:11:47,completed,organic_search,bank_transfer
11022,8526.0,2025-03-21,completed,direct,credit_card
11023,4582.0,2025-04-04T17:26:45,returned,social_media,paypal
11024,8589.0,14.11.2025,completed,direct,credit_card
11025,3265.0,02-10-2025,completed,paid_search,bank_transfer
11026,8200.0,2024-10-14,completed,organic_search,credit_card
11027,7272.0,03.09.2024,completed,referral,paypal
11028,8870.0,2025-11-13,completed,organic_search,bank_transfer
11029,7323.0,08/07/2024,completed,social_media,credit_card
11030,2982.0,07/01/2025,completed,organic_search,credit_card
11031,8337.0,2024-07-24T01:25:07,completed,paid_search,paypal
11032,6197.0,20/09/2025,returned,organic_search,bank_transfer
11033,1541.0,2025-02-21T08:58:52,completed,social_media,credit_card
11034,447.0,28.11.2024,cancelled,referral,paypal
11035,3371.0,03/12/2024,completed,social_media,paypal
11036,7278.0,2025-11-04T01:19:58,completed,referral,paypal
11037,5698.0,04-22-2025,completed,paid_search,debit_card
11038,4879.0,2025-08-15,completed,referral,bank_transfer
11039,37.0,23.11.2025,completed,paid_search,credit_card
11040,4019.0,2025-11-25T07:10:50,returned,paid_search,credit_card
11041,1496.0,11-16-2024,completed,email,credit_card
11042,4194.0,2025-12-14,completed,paid_search,debit_card
11043,9154.0,04/02/2024,completed,organic_search,bank_transfer
11044,8131.0,2024-12-11T01:28:56,completed,social_media,paypal
11045,2890.0,11-22-2025,completed,organic_search,bank_transfer
11046,5466.0,2024-10-10,completed,organic_search,debit_card
11047,4642.0,2024-10-09,completed,paid_search,debit_card
11048,1261.0,2024-11-01T22:01:30,completed,organic_search,paypal
11049,9129.0,06-01-2025,completed,social_media,paypal
11050,3922.0,2025-01-19T17:03:22,completed,social_media,paypal
11051,4678.0,21/08/2025,completed,referral,debit_card
11052,5983.0,22.11.2025,completed,direct,bank_transfer
11053,1817.0,15.07.2025,completed,direct,debit_card
11054,2090.0,10.08.2024,completed,direct,paypal
11055,1828.0,2025-12-07T01:40:18,completed,paid_search,bank_transfer
11056,3549.0,2024-10-02,completed,social_media,paypal
11057,1898.0,17.06.2024,completed,paid_search,credit_card
11058,8572.0,04-18-2024,completed,email,debit_card
11059,6593.0,28/04/2025,cancelled,paid_search,paypal
11060,8307.0,12/05/2024,completed,direct,credit_card
11061,7844.0,2024-06-06T19:26:49,completed,organic_search,paypal
11062,6509.0,30.10.2024,cancelled,referral,paypal
11063,2287.0,16/10/2024,cancelled,paid_search,paypal
11064,5670.0,2025-05-27,cancelled,referral,bank_transfer
11065,1768.0,16.10.2025,completed,referral,debit_card
11066,1283.0,2025-09-12T09:17:32,completed,email,credit_card
11067,5832.0,09-30-2024,completed,direct,paypal
11068,5758.0,2024-09-16T22:25:29,completed,social_media,debit_card
11069,1496.0,19/12/2025,completed,referral,bank_transfer
11070,3250.0,01-12-2024,completed,social_media,debit_card
11071,646.0,2025-11-16T09:31:33,completed,referral,bank_transfer
11072,6607.0,2024-08-05T11:57:22,cancelled,referral,paypal
11073,9106.0,12-12-2025,completed,organic_search,paypal
11074,6839.0,23.11.2024,completed,email,bank_transfer
11075,7803.0,2025-01-21T13:17:01,completed,organic_search,bank_transfer
11076,4398.0,08-08-2025,completed,direct,debit_card
11077,938.0,2025-05-15T02:03:40,returned,organic_search,paypal
11078,6715.0,10.11.2024,completed,organic_search,paypal
11079,2412.0,2025-04-22T17:12:31,completed,paid_search,bank_transfer
11080,3577.0,2025-08-23,completed,direct,bank_transfer
11081,6508.0,26/02/2024,completed,direct,credit_card
11082,8371.0,2024-01-16T01:25:08,completed,referral,debit_card
11083,4488.0,06.02.2025,COMPLETED,paid_search,debit_card
11084,8870.0,05-30-2024,completed,social_media,paypal
11085,4812.0,2025-07-08,completed,direct,credit_card
11086,1191.0,2024-08-19T02:46:37,completed,social_media,credit_card
11087,4800.0,2025-01-14,completed,email,bank_transfer
11088,7956.0,08-03-2024,completed,organic_search,bank_transfer
11089,4970.0,2025-04-18T19:52:00,cancelled,referral,debit_card
11090,6911.0,14.05.2024,COMPLETED,email,paypal
11091,5053.0,02-02-2024,completed,paid_search,debit_card
11092,5040.0,08/03/2024,completed,organic_search,debit_card
11093,2673.0,2025-12-15T07:11:43,completed,direct,paypal
11094,1910.0,2024-06-09,completed,organic_search,credit_card
11095,2619.0,08/08/2025,completed,paid_search,debit_card
11096,4059.0,2024-03-26,completed,paid_search,paypal
11097,7492.0,05-07-2024,completed,email,credit_card
11098,7667.0,20/03/2025,completed,organic_search,paypal
11099,1551.0,02-12-2025,completed,email,bank_transfer
11100,5101.0,12-14-2025,completed,referral,credit_card
11101,3832.0,11/12/2025,completed,paid_search,bank_transfer
11102,5279.0,2025-09-24T05:15:36,completed,email,paypal
11103,5983.0,25/05/2025,completed,organic_search,debit_card
11104,2626.0,03/02/2025,completed,direct,paypal
11105,8505.0,2024-12-01,completed,organic_search,bank_transfer
11106,8631.0,12/12/2025,completed,organic_search,bank_transfer
11107,1029.0,26.05.2025,completed,referral,credit_card
11108,6507.0,05-09-2025,completed,email,bank_transfer
11109,330.0,04.09.2024,completed,referral,credit_card
11110,454.0,03.03.2024,completed,organic_search,paypal
11111,8841.0,11.12.2025,completed,social_media,debit_card
11112,6436.0,2024-11-07T23:20:44,completed,referral,paypal
11113,3007.0,23.01.2025,cancelled,paid_search,paypal
11114,6198.0,05-13-2024,completed,paid_search,paypal
11115,7820.0,2025-10-28T19:40:27,completed,referral,bank_transfer
11116,8048.0,2024-02-08,completed,organic_search,paypal
11117,209.0,2025-10-26T05:24:41,completed,organic_search,credit_card
11118,7578.0,07.06.2024,cancelled,email,paypal
11119,7889.0,2025-11-18T14:53:41,completed,paid_search,paypal
11120,5488.0,23/08/2025,completed,direct,debit_card
11121,4434.0,2024-07-02T17:55:35,completed,social_media,debit_card
11122,1088.0,30.04.2025,returned,paid_search,debit_card
11123,2255.0,2024-11-07T10:55:34,COMPLETED,social_media,debit_card
11124,4531.0,2024-07-15T06:35:28,completed,paid_search,debit_card
11125,8004.0,2025-11-07,completed,paid_search,debit_card
11126,7447.0,24.12.2024,completed,organic_search,paypal
11127,4579.0,22.12.2024,COMPLETED,paid_search,paypal
11128,7264.0,07-07-2024,completed,email,credit_card
11129,7068.0,14.12.2024,completed,direct,paypal
11130,5356.0,12.11.2025,completed,organic_search,debit_card
11131,2069.0,04/12/2024,completed,organic_search,paypal
11132,,2025-12-14T18:02:46,completed,paid_search,credit_card
11133,1557.0,12-12-2025,completed,email,credit_card
11134,70.0,2024-06-12,completed,social_media,debit_card
11135,781.0,14/07/2024,completed,organic_search,credit_card
11136,7014.0,11-09-2025,completed,referral,credit_card
11137,332.0,12-19-2024,completed,referral,bank_transfer
11138,3675.0,07/01/2024,cancelled,paid_search,bank_transfer
11139,9093.0,09.10.2024,COMPLETED,email,bank_transfer
11140,7366.0,22.05.2025,completed,organic_search,credit_card
11141,6938.0,06/10/2025,completed,referral,debit_card
11142,2579.0,31/05/2024,completed,referral,paypal
11143,5920.0,09/05/2024,completed,direct,paypal
11144,4606.0,03.12.2025,completed,social_media,bank_transfer
11145,5748.0,2025-09-06T20:31:16,completed,organic_search,bank_transfer
11146,4020.0,05-17-2025,completed,paid_search,paypal
11147,4909.0,17/09/2025,cancelled,referral,paypal
11148,9115.0,01-10-2025,completed,email,credit_card
11149,3043.0,2025-09-10T19:33:32,COMPLETED,social_media,bank_transfer
11150,2042.0,09.12.2024,completed,social_media,credit_card
11151,4145.0,15.09.2024,completed,email,credit_card
11152,4853.0,2025-08-22,COMPLETED,direct,bank_transfer
11153,833.0,02/01/2025,completed,direct,debit_card
11154,7469.0,12-25-2025,completed,organic_search,bank_transfer
11155,3897.0,27.11.2024,completed,paid_search,credit_card
11156,3802.0,2025-12-03T03:32:10,completed,email,paypal
11157,6106.0,2025-12-07,completed,paid_search,debit_card
11158,7138.0,2024-09-13T05:56:20,completed,organic_search,paypal
11159,9095.0,05/10/2025,completed,social_media,credit_card
11160,1647.0,14.01.2025,completed,direct,debit_card
11161,3190.0,12-01-2025,completed,organic_search,credit_card
11162,1594.0,2025-01-30,completed,paid_search,bank_transfer
11163,8145.0,09-01-2025,completed,referral,credit_card
11164,5059.0,2025-02-14T10:40:02,completed,paid_search,debit_card
11165,7881.0,2024-08-31,completed,social_media,paypal
11166,9088.0,05.08.2024,completed,referral,credit_card
11167,5072.0,01-07-2025,completed,direct,debit_card
11168,1154.0,09-09-2025,completed,social_media,paypal
11169,3330.0,2025-05-27,completed,organic_search,debit_card
11170,362.0,26/07/2025,returned,referral,debit_card
11171,7850.0,16.10.2024,completed,direct,credit_card
11172,181.0,2025-02-27T16:22:29,completed,organic_search,debit_card
11173,5454.0,2024-02-29T11:29:52,completed,paid_search,credit_card
11174,1037.0,2025-10-16T03:27:50,cancelled,direct,credit_card
11175,74.0,28/12/2025,completed,organic_search,paypal
11176,2409.0,2024-12-26,completed,direct,bank_transfer
11177,5089.0,2024-01-16T19:21:02,completed,paid_search,debit_card
11178,737.0,07/07/2024,completed,paid_search,bank_transfer
11179,5668.0,30.06.2025,completed,organic_search,paypal
11180,6218.0,2025-06-01T03:46:24,completed,paid_search,paypal
11181,8953.0,2025-09-29T06:29:51,completed,direct,credit_card
11182,8327.0,23.09.2024,completed,referral,credit_card
11183,5236.0,2025-09-14,completed,organic_search,debit_card
11184,7347.0,25/07/2025,completed,social_media,debit_card
11185,3351.0,2024-11-12T05:13:59,completed,referral,paypal
11186,5384.0,2025-04-16,completed,organic_search,credit_card
11187,3707.0,06-14-2024,completed,social_media,debit_card
11188,3112.0,02-01-2025,completed,direct,bank_transfer
11189,6721.0,2025-11-16T13:49:29,completed,paid_search,credit_card
11190,2763.0,03/01/2025,COMPLETED,social_media,bank_transfer
11191,3511.0,29/10/2025,cancelled,direct,paypal
11192,3382.0,17.05.2025,completed,referral,paypal
11193,8045.0,29.07.2024,completed,organic_search,bank_transfer
11194,1617.0,2025-05-11T16:00:03,completed,paid_search,bank_transfer
11195,3520.0,18.03.2025,completed,social_media,paypal
11196,8212.0,2024-12-22T12:00:51,completed,social_media,debit_card
11197,157.0,18.05.2024,completed,paid_search,credit_card
11198,8747.0,12-31-2024,completed,email,debit_card
11199,8320.0,04-01-2024,completed,email,bank_transfer
11200,3853.0,04-27-2024,completed,email,debit_card
11201,6045.0,2024-12-30,completed,referral,bank_transfer
11202,9145.0,03/11/2024,completed,organic_search,bank_transfer
11203,5122.0,2025-12-04,completed,social_media,bank_transfer
11204,950.0,2024-12-11T17:48:01,completed,paid_search,credit_card
11205,7893.0,09-10-2025,completed,referral,bank_transfer
11206,1301.0,2025-04-05T11:39:29,completed,direct,bank_transfer
11207,2420.0,08-05-2025,completed,direct,credit_card
11208,8080.0,2024-09-28,completed,direct,debit_card
11209,2407.0,12-10-2025,COMPLETED,organic_search,debit_card
11210,6885.0,2025-04-05T10:02:54,completed,email,credit_card
11211,4137.0,2025-10-25,cancelled,referral,paypal
11212,7015.0,2024-12-05T01:35:00,completed,referral,credit_card
11213,2186.0,29/04/2024,completed,paid_search,paypal
11214,3870.0,15.07.2025,completed,email,credit_card
11215,2953.0,2024-01-12,completed,social_media,bank_transfer
11216,2339.0,02-21-2025,completed,organic_search,paypal
11217,2914.0,07-30-2024,completed,social_media,credit_card
11218,2999.0,12.06.2025,completed,paid_search,paypal
11219,8818.0,12-24-2025,completed,organic_search,debit_card
11220,4925.0,2025-02-12T17:16:46,completed,social_media,paypal
11221,4267.0,2025-10-16T21:49:53,completed,social_media,debit_card
11222,4653.0,2025-03-19T16:31:25,RETURNED,paid_search,credit_card
11223,9193.0,10.03.2025,completed,referral,debit_card
11224,6050.0,2025-12-06T09:27:12,completed,organic_search,credit_card
11225,6513.0,20/11/2025,completed,paid_search,debit_card
11226,2906.0,2025-09-28,completed,email,credit_card
11227,4359.0,27/10/2024,completed,referral,paypal
11228,,2025-04-15T11:32:59,completed,email,debit_card
11229,6352.0,08-28-2024,completed,organic_search,paypal
11230,3183.0,2025-01-24T20:04:21,returned,paid_search,paypal
11231,6917.0,01.03.2025,completed,direct,debit_card
11232,2012.0,2025-10-25T14:41:44,COMPLETED,referral,credit_card
11233,3708.0,2025-11-22,completed,paid_search,paypal
11234,4355.0,2024-12-30,cancelled,social_media,debit_card
11235,1582.0,25/01/2024,completed,organic_search,debit_card
11236,682.0,11-08-2025,completed,organic_search,credit_card
11237,2942.0,07-11-2024,returned,email,bank_transfer
11238,5032.0,06-08-2025,completed,organic_search,debit_card
11239,6041.0,02-04-2024,completed,paid_search,paypal
11240,3923.0,2024-12-22,completed,referral,paypal
11241,4622.0,2025-12-26,completed,organic_search,paypal
11242,5020.0,2024-04-29T08:22:00,COMPLETED,direct,credit_card
11243,4736.0,05/01/2025,COMPLETED,email,bank_transfer
11244,884.0,2024-11-03T00:43:27,completed,referral,credit_card
11245,3722.0,2025-11-26T20:48:38,completed,direct,paypal
11246,1932.0,11.11.2025,cancelled,email,bank_transfer
11247,4931.0,2024-09-09T23:42:04,completed,social_media,credit_card
11248,7001.0,04-09-2024,completed,paid_search,credit_card
11249,5356.0,12/06/2025,returned,referral,debit_card
11250,2084.0,2024-11-20,completed,social_media,paypal
11251,1964.0,2025-07-14,completed,social_media,credit_card
11252,367.0,13.02.2024,COMPLETED,social_media,debit_card
11253,3935.0,05-31-2024,completed,direct,paypal
11254,3995.0,07-24-2025,completed,email,paypal
11255,2225.0,2024-08-17T17:18:21,completed,paid_search,bank_transfer
11256,7055.0,2025-11-06T17:51:54,cancelled,email,paypal
11257,3557.0,16.03.2024,completed,organic_search,bank_transfer
11258,6194.0,20.08.2024,completed,email,credit_card
11259,5904.0,12-31-2025,completed,social_media,paypal
11260,5575.0,14.01.2025,returned,social_media,paypal
11261,8407.0,2025-08-05,completed,organic_search,debit_card
11262,162.0,07-20-2024,completed,social_media,credit_card
11263,665.0,05-31-2025,completed,paid_search,bank_transfer
11264,6667.0,2025-08-20,completed,referral,paypal
11265,3258.0,2024-11-08T07:33:50,completed,referral,paypal
11266,9101.0,2025-10-23,completed,paid_search,credit_card
11267,2042.0,26.05.2025,completed,organic_search,bank_transfer
11268,1741.0,2024-12-17,returned,direct,paypal
11269,5408.0,04-24-2025,completed,paid_search,credit_card
11270,2624.0,05-08-2025,completed,social_media,credit_card
11271,3148.0,2024-07-02,cancelled,social_media,credit_card
11272,8520.0,24.12.2024,completed,email,bank_transfer
11273,267.0,24.11.2024,completed,referral,bank_transfer
11274,4913.0,2024-12-23T14:06:12,completed,organic_search,debit_card
11275,3099.0,2025-09-12T03:34:53,completed,direct,credit_card
11276,3194.0,2025-02-28,completed,referral,paypal
11277,2326.0,10/12/2025,completed,referral,debit_card
11278,1307.0,25/10/2024,completed,social_media,debit_card
11279,343.0,2024-12-30,completed,organic_search,credit_card
11280,9107.0,2025-09-28,completed,organic_search,bank_transfer
11281,6119.0,16/04/2025,completed,email,bank_transfer
11282,7178.0,17.04.2025,completed,paid_search,bank_transfer
11283,632.0,2024-03-10,completed,email,paypal
11284,151.0,22/12/2024,completed,social_media,paypal
11285,5535.0,10-07-2024,completed,referral,credit_card
11286,6686.0,12-31-2025,completed,email,bank_transfer
11287,,11-04-2024,completed,direct,bank_transfer
11288,3572.0,2025-11-18,completed,social_media,credit_card
11289,3549.0,2025-07-17T21:51:09,completed,direct,debit_card
11290,1473.0,11-23-2024,completed,organic_search,paypal
11291,6969.0,04-14-2025,completed,paid_search,bank_transfer
11292,2032.0,10-30-2025,completed,social_media,bank_transfer
11293,3005.0,2025-11-17,completed,email,debit_card
11294,6212.0,2024-06-27T14:41:42,completed,referral,paypal
11295,2.0,22.11.2024,completed,direct,bank_transfer
11296,7075.0,2024-11-19,completed,email,debit_card
11297,8323.0,02-26-2024,completed,referral,debit_card
11298,503.0,05-23-2025,completed,email,paypal
11299,5447.0,2025-11-05T18:04:42,completed,email,credit_card
11300,3760.0,2024-12-14T22:18:49,returned,social_media,debit_card
11301,762.0,2025-08-30T20:16:14,COMPLETED,organic_search,bank_transfer
11302,6319.0,2025-06-12,completed,direct,paypal
11303,5647.0,2024-12-11,cancelled,email,credit_card
11304,5932.0,2024-06-08T10:23:22,cancelled,email,debit_card
11305,7528.0,2025-08-09,COMPLETED,paid_search,bank_transfer
11306,2691.0,11-05-2025,completed,paid_search,paypal
11307,6261.0,2025-07-24,cancelled,organic_search,bank_transfer
11308,6876.0,26/01/2024,completed,direct,paypal
11309,1600.0,21.08.2024,completed,referral,paypal
11310,8834.0,2024-03-28,returned,referral,bank_transfer
11311,3141.0,2025-05-03T05:18:38,completed,organic_search,bank_transfer
11312,6587.0,09.09.2025,completed,referral,debit_card
11313,6969.0,05-09-2024,completed,referral,bank_transfer
11314,4660.0,2025-10-29T18:28:14,cancelled,direct,credit_card
11315,1248.0,23/04/2025,completed,paid_search,credit_card
11316,2591.0,2025-07-27,completed,referral,paypal
11317,2202.0,21/12/2025,completed,email,debit_card
11318,4801.0,2024-04-12T12:54:25,completed,email,bank_transfer
11319,2452.0,2025-11-24,completed,organic_search,debit_card
11320,5047.0,24/05/2024,completed,social_media,paypal
11321,2701.0,2024-12-19,completed,email,debit_card
11322,12.0,04.11.2025,CANCELLED,social_media,paypal
11323,3348.0,11-27-2025,completed,social_media,bank_transfer
11324,5595.0,03-18-2025,completed,direct,paypal
11325,7143.0,2025-05-20T07:54:44,COMPLETED,referral,debit_card
11326,287.0,08.08.2025,completed,email,debit_card
11327,2429.0,10-25-2025,completed,social_media,debit_card
11328,9090.0,2024-05-20T22:47:35,cancelled,social_media,bank_transfer
11329,,12.10.2025,completed,paid_search,credit_card
11330,7178.0,2025-02-27,returned,direct,debit_card
11331,4717.0,31/01/2025,completed,paid_search,bank_transfer
11332,1189.0,06/01/2025,completed,email,bank_transfer
11333,5941.0,20/03/2025,returned,social_media,debit_card
11334,8917.0,11.12.2025,completed,referral,debit_card
11335,8203.0,2025-04-18T17:19:35,completed,referral,bank_transfer
11336,6403.0,14/12/2025,completed,organic_search,credit_card
11337,4737.0,17/07/2024,completed,referral,bank_transfer
11338,2966.0,2025-08-19,completed,social_media,credit_card
11339,3289.0,2025-10-13,completed,social_media,paypal
11340,3195.0,19/07/2025,completed,organic_search,paypal
11341,8532.0,05-29-2025,completed,direct,paypal
11342,1998.0,04-29-2025,completed,social_media,paypal
11343,3487.0,2025-11-08,completed,paid_search,paypal
11344,3987.0,19.10.2025,completed,email,credit_card
11345,3761.0,20.05.2024,completed,direct,paypal
11346,42.0,03/11/2025,completed,paid_search,debit_card
11347,2541.0,12-29-2024,completed,paid_search,paypal
11348,4604.0,2024-09-23,returned,direct,credit_card
11349,7023.0,11-11-2025,completed,organic_search,debit_card
11350,5264.0,2025-01-13,completed,paid_search,paypal
11351,3551.0,10-11-2025,completed,email,debit_card
11352,6160.0,01/10/2024,completed,direct,credit_card
11353,6166.0,2024-01-06T01:14:43,cancelled,social_media,debit_card
11354,2327.0,03-10-2025,cancelled,social_media,debit_card
11355,1018.0,29.04.2024,completed,email,debit_card
11356,7447.0,09-08-2025,completed,paid_search,bank_transfer
11357,4899.0,2024-10-11T21:10:54,completed,paid_search,debit_card
11358,1668.0,24/01/2025,completed,organic_search,paypal
11359,2460.0,04-15-2024,COMPLETED,paid_search,bank_transfer
11360,7077.0,10-20-2024,completed,email,credit_card
11361,6047.0,2025-09-25T05:05:27,completed,organic_search,credit_card
11362,8723.0,06-19-2024,completed,email,bank_transfer
11363,4295.0,2025-06-26,completed,email,paypal
11364,509.0,01/12/2025,cancelled,email,bank_transfer
11365,6486.0,19/07/2025,completed,paid_search,bank_transfer
11366,2398.0,10-13-2025,completed,paid_search,bank_transfer
11367,3001.0,07.05.2024,completed,organic_search,credit_card
11368,1868.0,20/09/2024,completed,direct,paypal
11369,2889.0,22.11.2025,completed,organic_search,bank_transfer
11370,7672.0,13.08.2025,cancelled,email,debit_card
11371,,2025-06-21T17:39:48,completed,paid_search,credit_card
11372,1066.0,2025-07-08,cancelled,email,credit_card
11373,5395.0,12-29-2024,completed,referral,debit_card
11374,5842.0,2024-02-29,completed,email,credit_card
11375,8187.0,2025-09-27,completed,referral,credit_card
11376,7947.0,19.07.2025,completed,paid_search,credit_card
11377,610.0,19/02/2025,returned,social_media,bank_transfer
11378,8020.0,24/11/2025,completed,social_media,debit_card
11379,497.0,20/11/2024,completed,organic_search,debit_card
11380,1486.0,10-26-2024,completed,direct,credit_card
11381,1093.0,2025-11-13T15:44:23,completed,paid_search,paypal
11382,1720.0,04/10/2025,completed,email,credit_card
11383,7449.0,25.03.2025,completed,direct,bank_transfer
11384,6363.0,29/05/2024,completed,paid_search,paypal
11385,6371.0,2024-08-20,completed,direct,paypal
11386,8532.0,02/07/2025,COMPLETED,paid_search,credit_card
11387,3604.0,2024-12-15T18:16:40,completed,email,debit_card
11388,31.0,2025-10-27,completed,referral,paypal
11389,5900.0,13/12/2025,completed,organic_search,debit_card
11390,8035.0,10/10/2025,cancelled,direct,paypal
11391,9006.0,12/12/2024,completed,email,credit_card
11392,3352.0,29.09.2025,completed,email,bank_transfer
11393,7607.0,28/11/2024,cancelled,direct,credit_card
11394,7850.0,2024-07-04,completed,social_media,debit_card
11395,1384.0,2024-02-15,cancelled,organic_search,debit_card
11396,5821.0,12-15-2024,completed,organic_search,credit_card
11397,1642.0,2025-11-25T21:29:45,completed,direct,bank_transfer
11398,4125.0,10.09.2024,completed,social_media,debit_card
11399,8130.0,12.08.2024,completed,paid_search,paypal
11400,7309.0,12-20-2025,completed,referral,credit_card
11401,5274.0,04.02.2024,completed,email,debit_card
11402,7488.0,09-28-2025,completed,referral,bank_transfer
11403,1474.0,2024-11-12,completed,referral,debit_card
11404,1855.0,20/02/2024,completed,paid_search,debit_card
11405,1972.0,12-01-2025,completed,direct,paypal
11406,7167.0,07/06/2024,completed,direct,bank_transfer
11407,8238.0,20/04/2025,completed,direct,debit_card
11408,5199.0,10-10-2024,completed,paid_search,paypal
11409,8842.0,03-23-2024,completed,email,bank_transfer
11410,6723.0,2024-03-06T22:07:07,completed,referral,paypal
11411,5208.0,2024-05-14,completed,direct,bank_transfer
11412,5639.0,2024-03-30,completed,organic_search,paypal
11413,7854.0,2025-09-12,completed,email,credit_card
11414,882.0,03-02-2025,completed,organic_search,paypal
11415,1591.0,2024-11-24,completed,direct,paypal
11416,2507.0,31/12/2024,returned,organic_search,debit_card
11417,8274.0,12-05-2025,completed,organic_search,debit_card
11418,8721.0,2025-11-29T21:39:08,completed,social_media,bank_transfer
11419,3284.0,08-13-2025,completed,referral,debit_card
11420,8547.0,2025-11-18,COMPLETED,social_media,debit_card
11421,5047.0,2024-11-11,completed,organic_search,paypal
11422,4373.0,13.12.2024,completed,organic_search,debit_card
11423,7706.0,02.06.2025,completed,paid_search,paypal
11424,5041.0,06-09-2025,completed,referral,bank_transfer
11425,4193.0,2025-02-27,completed,organic_search,credit_card
11426,163.0,12-23-2024,completed,email,debit_card
11427,131.0,2025-12-27,completed,organic_search,debit_card
11428,5788.0,2025-10-19,completed,social_media,debit_card
11429,717.0,16.01.2025,completed,email,credit_card
11430,6816.0,21.08.2025,completed,organic_search,bank_transfer
11431,5734.0,06/10/2024,returned,email,debit_card
11432,4223.0,29.04.2024,completed,paid_search,bank_transfer
11433,6566.0,29/11/2024,completed,social_media,bank_transfer
11434,9164.0,24.12.2024,completed,email,debit_card
11435,2317.0,24/01/2024,completed,referral,paypal
11436,5145.0,10-15-2025,completed,paid_search,debit_card
11437,7793.0,2024-12-02T08:01:34,completed,paid_search,paypal
11438,172.0,05-10-2025,completed,paid_search,bank_transfer
11439,1922.0,2024-04-02,completed,direct,bank_transfer
11440,4822.0,12.07.2024,completed,email,bank_transfer
11441,5094.0,20.11.2025,completed,social_media,debit_card
11442,842.0,2025-05-30T15:36:50,completed,direct,credit_card
11443,3751.0,2025-12-13,completed,organic_search,bank_transfer
11444,4810.0,12-31-2025,completed,social_media,debit_card
11445,3904.0,09.12.2024,completed,referral,debit_card
11446,6487.0,2024-10-29T15:30:13,completed,email,debit_card
11447,7118.0,07.11.2025,completed,direct,debit_card
11448,4246.0,2025-12-31T07:52:21,completed,direct,bank_transfer
11449,3927.0,06-14-2025,completed,referral,paypal
11450,6523.0,2025-10-03,COMPLETED,paid_search,bank_transfer
11451,5126.0,2025-09-25T21:50:49,cancelled,referral,credit_card
11452,8045.0,2024-11-30T13:27:11,returned,organic_search,paypal
11453,4449.0,05-06-2025,completed,paid_search,bank_transfer
11454,5309.0,26.10.2025,completed,paid_search,debit_card
11455,1249.0,2025-07-25T22:57:18,completed,email,debit_card
11456,7734.0,2024-01-30,completed,social_media,paypal
11457,3899.0,20/11/2024,cancelled,social_media,debit_card
11458,6640.0,11/06/2024,completed,organic_search,credit_card
11459,3963.0,05/09/2024,cancelled,email,credit_card
11460,12.0,26/11/2025,completed,organic_search,debit_card
11461,3681.0,20/02/2024,COMPLETED,social_media,bank_transfer
11462,1413.0,2024-08-24,completed,referral,bank_transfer
11463,3662.0,2024-11-05T05:22:41,completed,referral,credit_card
11464,2981.0,05.06.2025,completed,direct,debit_card
11465,1922.0,04-08-2025,completed,social_media,debit_card
11466,1200.0,2024-08-23,completed,referral,bank_transfer
11467,6729.0,01/07/2024,completed,paid_search,bank_transfer
11468,6976.0,2024-09-08T11:51:41,returned,direct,debit_card
11469,2495.0,03-15-2025,completed,referral,credit_card
11470,4575.0,10-07-2024,completed,social_media,debit_card
11471,4286.0,12/12/2025,completed,referral,debit_card
11472,3279.0,2025-02-11T02:17:01,completed,email,paypal
11473,2608.0,2024-03-16T13:17:13,completed,organic_search,bank_transfer
11474,1765.0,23/08/2025,cancelled,social_media,bank_transfer
11475,8071.0,16/11/2024,completed,direct,bank_transfer
11476,7711.0,06-30-2025,completed,paid_search,paypal
11477,3844.0,10-14-2024,completed,email,bank_transfer
11478,6658.0,04/05/2025,completed,paid_search,debit_card
11479,4601.0,19.09.2025,completed,email,paypal
11480,830.0,05.12.2025,completed,paid_search,credit_card
11481,7608.0,29.09.2024,completed,direct,credit_card
11482,2060.0,19/11/2024,completed,referral,credit_card
11483,6536.0,02-12-2025,completed,organic_search,credit_card
11484,4882.0,12-05-2025,cancelled,paid_search,debit_card
11485,6407.0,11-25-2025,completed,social_media,paypal
11486,4355.0,2024-04-18T00:47:27,returned,email,paypal
11487,6502.0,05-30-2024,completed,organic_search,paypal
11488,325.0,2025-03-10,completed,paid_search,paypal
11489,404.0,2024-05-05T23:36:30,cancelled,paid_search,debit_card
11490,8289.0,2024-11-25,completed,referral,credit_card
11491,6928.0,15/06/2024,completed,paid_search,debit_card
11492,7661.0,18/06/2025,cancelled,referral,paypal
11493,4211.0,13.12.2025,completed,direct,debit_card
11494,4239.0,30.12.2025,completed,social_media,bank_transfer
11495,4934.0,10.12.2024,completed,referral,bank_transfer
11496,2294.0,23/05/2025,COMPLETED,organic_search,paypal
11497,6779.0,06.11.2025,completed,social_media,credit_card
11498,7672.0,2024-05-16T20:15:54,completed,organic_search,credit_card
11499,8397.0,07-26-2025,completed,organic_search,paypal
11500,4787.0,12-27-2024,cancelled,paid_search,credit_card
11501,3817.0,2024-08-11,completed,paid_search,credit_card
11502,7686.0,24/12/2024,completed,direct,paypal
11503,6956.0,2024-04-04T23:05:02,completed,paid_search,debit_card
11504,8026.0,07-30-2025,completed,referral,debit_card
11505,6072.0,09-22-2024,completed,paid_search,debit_card
11506,8171.0,06/11/2024,completed,referral,paypal
11507,870.0,05-19-2024,COMPLETED,email,debit_card
11508,6289.0,2025-11-09,completed,organic_search,bank_transfer
11509,869.0,08/03/2025,completed,referral,bank_transfer
11510,6921.0,2025-05-04T05:09:16,completed,organic_search,paypal
11511,5799.0,03/05/2025,completed,social_media,debit_card
11512,163.0,28/12/2024,completed,social_media,debit_card
11513,,2024-07-29,completed,organic_search,debit_card
11514,1402.0,2025-09-02T20:10:17,completed,referral,bank_transfer
11515,1368.0,25.05.2024,completed,email,paypal
11516,1445.0,2024-05-02,completed,referral,paypal
11517,4471.0,2025-08-10,completed,social_media,credit_card
11518,1130.0,2024-08-14T19:48:16,completed,referral,credit_card
11519,1215.0,2024-11-03,completed,email,paypal
11520,2409.0,21/02/2025,completed,direct,paypal
11521,11.0,2025-01-29T01:11:03,completed,email,paypal
11522,2592.0,2025-08-09T02:09:29,COMPLETED,direct,credit_card
11523,5699.0,06-09-2025,COMPLETED,email,credit_card
11524,5546.0,24.06.2025,completed,paid_search,paypal
11525,8950.0,12.08.2025,completed,email,credit_card
11526,1168.0,10-24-2024,completed,paid_search,debit_card
11527,8007.0,12.11.2024,completed,paid_search,credit_card
11528,3601.0,2025-01-19T00:31:44,completed,social_media,credit_card
11529,3564.0,2024-11-04,completed,email,debit_card
11530,3218.0,12-26-2025,completed,email,bank_transfer
11531,1209.0,2025-10-14,completed,organic_search,debit_card
11532,4421.0,02/07/2024,completed,direct,paypal
11533,7284.0,08/01/2024,cancelled,paid_search,credit_card
11534,8095.0,02-27-2024,completed,referral,debit_card
11535,8884.0,09-15-2024,completed,email,paypal
11536,7260.0,05-13-2024,completed,organic_search,debit_card
11537,5741.0,04-07-2025,cancelled,direct,credit_card
11538,4592.0,2025-11-07,completed,email,bank_transfer
11539,8093.0,28.08.2025,completed,referral,credit_card
11540,6837.0,2024-08-20,completed,email,debit_card
11541,1533.0,12-22-2024,cancelled,paid_search,credit_card
11542,6323.0,19.03.2025,completed,direct,paypal
11543,3980.0,10-12-2025,completed,organic_search,paypal
11544,5490.0,2025-10-29T14:35:57,completed,organic_search,debit_card
11545,8313.0,11-28-2025,completed,referral,bank_transfer
11546,6039.0,20.03.2025,completed,referral,credit_card
11547,8659.0,2025-07-30,completed,social_media,credit_card
11548,8016.0,2024-05-10T20:58:31,completed,social_media,credit_card
11549,1250.0,30.04.2025,completed,referral,bank_transfer
11550,117.0,2024-09-19T03:50:49,completed,referral,bank_transfer
11551,3549.0,13.01.2025,completed,referral,paypal
11552,8007.0,17.06.2025,returned,direct,debit_card
11553,2166.0,2024-09-26T10:37:06,completed,social_media,bank_transfer
11554,6417.0,09.03.2024,completed,social_media,debit_card
11555,4394.0,15.01.2024,completed,referral,paypal
11556,6896.0,2024-01-31T03:28:27,completed,organic_search,credit_card
11557,1565.0,12.01.2024,completed,social_media,credit_card
11558,2250.0,2024-05-09,completed,organic_search,bank_transfer
11559,2284.0,11.09.2024,completed,referral,paypal
11560,5059.0,2024-08-25,completed,paid_search,credit_card
11561,2713.0,2025-12-27T12:17:13,completed,direct,debit_card
11562,7510.0,11-03-2024,cancelled,organic_search,bank_transfer
11563,3201.0,05-26-2024,completed,social_media,credit_card
11564,6122.0,16/04/2025,completed,social_media,bank_transfer
11565,8754.0,2025-11-07,completed,email,paypal
11566,,2025-07-18,completed,paid_search,credit_card
11567,,27/10/2024,completed,direct,debit_card
11568,7680.0,2025-04-27,completed,referral,bank_transfer
11569,127.0,13/08/2025,completed,paid_search,credit_card
11570,2412.0,2025-08-22T19:18:36,completed,paid_search,bank_transfer
11571,3569.0,07-10-2025,completed,direct,bank_transfer
11572,1860.0,12/11/2025,completed,email,debit_card
11573,5568.0,12/11/2025,completed,direct,bank_transfer
11574,5150.0,2025-05-09T00:07:05,completed,referral,debit_card
11575,3739.0,01-11-2025,CANCELLED,paid_search,credit_card
11576,2748.0,22/06/2025,completed,email,bank_transfer
11577,4003.0,2025-10-17T20:59:53,completed,paid_search,bank_transfer
11578,2725.0,09.01.2024,returned,email,credit_card
11579,2079.0,2025-12-28,completed,direct,credit_card
11580,3241.0,07-20-2024,completed,referral,paypal
11581,5552.0,17/02/2025,completed,paid_search,debit_card
11582,5993.0,12/11/2025,completed,social_media,credit_card
11583,2773.0,29.08.2024,cancelled,social_media,credit_card
11584,8744.0,23.02.2025,completed,organic_search,debit_card
11585,2459.0,31.05.2024,cancelled,email,credit_card
11586,6579.0,2024-12-20T10:52:43,completed,organic_search,debit_card
11587,793.0,14.07.2024,completed,direct,paypal
11588,6159.0,05/12/2024,completed,social_media,paypal
11589,4242.0,09/12/2024,completed,paid_search,debit_card
11590,5261.0,2025-12-29,completed,email,bank_transfer
11591,1748.0,2025-12-30T07:35:30,cancelled,organic_search,paypal
11592,4001.0,05-13-2024,completed,email,credit_card
11593,7075.0,2025-08-20,completed,organic_search,debit_card
11594,7081.0,09.03.2024,COMPLETED,referral,debit_card
11595,2233.0,11/02/2024,completed,paid_search,paypal
11596,3250.0,04.05.2024,cancelled,direct,bank_transfer
11597,38.0,19/12/2025,completed,direct,debit_card
11598,879.0,12-10-2025,completed,paid_search,bank_transfer
11599,1227.0,2024-07-31T08:59:10,completed,referral,debit_card
11600,2746.0,06-29-2024,COMPLETED,direct,paypal
11601,7008.0,2024-09-12T12:33:01,completed,organic_search,paypal
11602,4724.0,25/03/2025,completed,paid_search,paypal
11603,7338.0,03.05.2025,RETURNED,social_media,paypal
11604,6977.0,2024-08-26,completed,direct,bank_transfer
11605,5398.0,09/09/2025,completed,paid_search,credit_card
11606,4618.0,2024-11-05,completed,social_media,credit_card
11607,8601.0,12-03-2025,completed,paid_search,debit_card
11608,5262.0,07-03-2025,completed,organic_search,credit_card
11609,4468.0,2025-01-17,completed,email,credit_card
11610,8042.0,30.09.2025,completed,direct,paypal
11611,701.0,10-17-2025,completed,email,debit_card
11612,6075.0,2024-10-23,completed,email,debit_card
11613,1109.0,2024-11-22T23:39:36,COMPLETED,direct,credit_card
11614,7589.0,12-08-2025,completed,paid_search,paypal
11615,7339.0,2024-07-02,completed,organic_search,debit_card
11616,4656.0,26.02.2024,completed,referral,debit_card
11617,6123.0,03/02/2025,completed,email,debit_card
11618,7132.0,2025-10-07T18:28:34,completed,email,credit_card
11619,4471.0,2025-09-19,returned,direct,credit_card
11620,8384.0,12-02-2025,completed,paid_search,bank_transfer
11621,4029.0,04-07-2025,completed,organic_search,paypal
11622,8249.0,04-28-2024,completed,organic_search,bank_transfer
11623,5368.0,16.05.2025,completed,referral,bank_transfer
11624,3933.0,23/09/2025,completed,social_media,paypal
11625,41.0,22/04/2024,completed,organic_search,debit_card
11626,2756.0,10.07.2024,cancelled,referral,paypal
11627,8034.0,01-18-2024,completed,direct,credit_card
11628,3955.0,19/05/2025,completed,referral,paypal
11629,3890.0,11-19-2025,cancelled,paid_search,credit_card
11630,4518.0,13.07.2025,completed,social_media,paypal
11631,2683.0,2025-12-25T00:34:05,completed,organic_search,paypal
11632,4543.0,03-21-2024,returned,email,debit_card
11633,3466.0,25/11/2025,completed,direct,bank_transfer
11634,8423.0,10-14-2025,returned,direct,paypal
11635,5211.0,2024-11-08,completed,social_media,debit_card
11636,7717.0,2025-12-22,completed,social_media,credit_card
11637,6370.0,2024-10-21T17:39:25,completed,direct,paypal
11638,2007.0,11-20-2025,completed,referral,debit_card
11639,8032.0,16.11.2025,completed,direct,bank_transfer
11640,852.0,10.09.2025,completed,referral,bank_transfer
11641,4147.0,04-28-2025,completed,direct,credit_card
11642,2250.0,05-18-2024,returned,organic_search,debit_card
11643,4964.0,06.04.2025,completed,email,debit_card
11644,2800.0,12-01-2024,returned,referral,paypal
11645,6676.0,2025-10-02T15:08:43,completed,email,credit_card
11646,8643.0,10.09.2025,completed,social_media,bank_transfer
11647,6557.0,2025-11-28,completed,social_media,debit_card
11648,,2024-01-21,completed,email,bank_transfer
11649,5533.0,12/10/2025,completed,direct,debit_card
11650,8216.0,09/12/2025,completed,referral,paypal
11651,2539.0,2025-09-30,cancelled,paid_search,debit_card
11652,1155.0,28/05/2024,completed,social_media,credit_card
11653,1268.0,09/04/2024,completed,organic_search,debit_card
11654,4572.0,2024-01-30T20:29:12,completed,paid_search,bank_transfer
11655,6766.0,2025-06-13T20:59:02,completed,direct,debit_card
11656,6086.0,2025-06-14,COMPLETED,social_media,credit_card
11657,4186.0,2025-12-27T09:26:56,completed,email,bank_transfer
11658,6739.0,22.12.2024,completed,paid_search,debit_card
11659,5847.0,2024-11-17,completed,paid_search,credit_card
11660,5797.0,2025-06-10T23:32:42,completed,direct,paypal
11661,1922.0,2025-10-21,completed,paid_search,bank_transfer
11662,2896.0,2025-12-08T01:20:48,completed,paid_search,debit_card
11663,3183.0,08/10/2025,completed,direct,credit_card
11664,7485.0,08.01.2025,completed,organic_search,debit_card
11665,7160.0,06-17-2025,completed,social_media,paypal
11666,2375.0,11-06-2025,completed,paid_search,paypal
11667,541.0,06.03.2025,completed,referral,debit_card
11668,7089.0,21/08/2024,completed,email,paypal
11669,3769.0,2024-07-07T03:02:04,cancelled,organic_search,debit_card
11670,2066.0,2024-01-01,completed,organic_search,credit_card
11671,1143.0,15/08/2025,completed,organic_search,debit_card
11672,129.0,05-10-2024,completed,referral,debit_card
11673,3948.0,2024-09-14,completed,social_media,bank_transfer
11674,3140.0,2024-10-28T05:35:52,completed,paid_search,paypal
11675,6445.0,2025-04-26,completed,referral,paypal
11676,9011.0,12-22-2024,completed,direct,bank_transfer
11677,1955.0,2025-07-16,completed,direct,debit_card
11678,2290.0,03-13-2024,completed,email,credit_card
11679,3116.0,2024-05-22T13:10:17,completed,organic_search,credit_card
11680,4306.0,2025-03-13T17:00:59,cancelled,paid_search,paypal
11681,6457.0,20/11/2024,completed,referral,credit_card
11682,3249.0,2024-10-27T06:01:59,completed,direct,paypal
11683,1022.0,2024-03-25T13:40:00,completed,social_media,credit_card
11684,6748.0,11-22-2025,cancelled,paid_search,debit_card
11685,7360.0,2025-07-28,completed,paid_search,bank_transfer
11686,2325.0,20/05/2024,completed,organic_search,paypal
11687,1323.0,23.03.2024,completed,referral,credit_card
11688,4887.0,2025-12-22T18:41:22,completed,direct,bank_transfer
11689,1970.0,20/07/2025,completed,direct,bank_transfer
11690,3450.0,31/12/2024,CANCELLED,social_media,credit_card
11691,7180.0,2025-08-04,completed,email,credit_card
11692,2064.0,2025-09-09T16:42:41,completed,direct,bank_transfer
11693,7470.0,09-24-2025,cancelled,social_media,bank_transfer
11694,6238.0,23.02.2025,completed,referral,credit_card
11695,2066.0,2025-01-11T02:15:52,completed,direct,debit_card
11696,4871.0,2024-01-16,completed,email,bank_transfer
11697,5664.0,2025-12-05T23:41:17,completed,organic_search,paypal
11698,1904.0,2025-05-26,completed,email,credit_card
11699,1390.0,09/08/2024,completed,direct,credit_card
11700,4912.0,02/12/2025,completed,social_media,debit_card
11701,6428.0,30/11/2025,completed,referral,debit_card
11702,4296.0,2025-12-28T12:48:36,completed,direct,bank_transfer
11703,686.0,2025-11-13,completed,referral,credit_card
11704,8561.0,12-31-2025,completed,paid_search,paypal
11705,6437.0,09-15-2024,completed,paid_search,debit_card
11706,5723.0,2025-10-31T01:03:40,completed,paid_search,debit_card
11707,5943.0,2025-10-20,completed,referral,credit_card
11708,3662.0,09-03-2024,completed,social_media,debit_card
11709,9085.0,2024-04-27,completed,email,credit_card
11710,1285.0,24.12.2025,cancelled,direct,debit_card
11711,6834.0,2024-10-27T06:55:23,completed,social_media,debit_card
11712,3885.0,12.11.2025,completed,direct,bank_transfer
11713,8149.0,06/01/2024,completed,email,credit_card
11714,6622.0,2024-01-30T01:38:25,completed,organic_search,bank_transfer
11715,5192.0,2025-02-13,completed,direct,bank_transfer
11716,8652.0,2024-09-10T06:57:08,completed,referral,bank_transfer
11717,8452.0,2025-07-27,completed,direct,credit_card
11718,511.0,30/04/2025,completed,direct,debit_card
11719,1828.0,2024-04-06,completed,organic_search,paypal
11720,,30/06/2024,completed,social_media,bank_transfer
11721,8529.0,17.12.2024,cancelled,social_media,credit_card
11722,3973.0,22.07.2024,completed,social_media,credit_card
11723,377.0,02.10.2025,completed,paid_search,credit_card
11724,5940.0,12-30-2024,cancelled,organic_search,bank_transfer
11725,1852.0,2024-04-22,completed,organic_search,bank_transfer
11726,5094.0,01.03.2025,cancelled,email,bank_transfer
11727,3550.0,19/04/2024,completed,social_media,bank_transfer
11728,5150.0,2024-05-27T21:13:06,cancelled,social_media,credit_card
11729,8612.0,2024-09-11T08:30:38,completed,social_media,paypal
11730,4484.0,07/11/2025,cancelled,referral,credit_card
11731,343.0,2025-12-04,completed,referral,debit_card
11732,5356.0,22/10/2025,completed,organic_search,debit_card
11733,3015.0,2024-11-19T23:13:40,completed,email,paypal
11734,7185.0,10-08-2024,returned,organic_search,credit_card
11735,4341.0,04-18-2025,completed,referral,bank_transfer
11736,6855.0,17/08/2025,returned,email,paypal
11737,8416.0,2025-12-29,completed,direct,debit_card
11738,3342.0,2024-05-30,completed,social_media,credit_card
11739,9126.0,2024-03-06T00:32:51,completed,organic_search,debit_card
11740,1436.0,2025-07-30T12:52:30,completed,direct,debit_card
11741,5943.0,2025-10-25T02:40:44,returned,referral,bank_transfer
11742,345.0,2025-11-02T17:49:54,completed,organic_search,credit_card
11743,2011.0,18/07/2025,completed,paid_search,debit_card
11744,5845.0,15.12.2025,completed,email,paypal
11745,449.0,22.03.2025,cancelled,email,debit_card
11746,1000.0,2025-11-30,completed,paid_search,paypal
11747,2724.0,20.12.2025,completed,direct,bank_transfer
11748,5323.0,11-02-2025,completed,social_media,bank_transfer
11749,163.0,2024-11-05T05:33:52,completed,organic_search,debit_card
11750,4462.0,02.08.2024,completed,organic_search,credit_card
11751,5767.0,18/04/2025,completed,paid_search,bank_transfer
11752,3700.0,2025-02-02,returned,social_media,credit_card
11753,660.0,11-15-2025,completed,direct,paypal
11754,5632.0,28/04/2024,completed,paid_search,credit_card
11755,5585.0,2024-09-26T22:55:12,completed,paid_search,paypal
11756,4681.0,06/09/2025,completed,social_media,bank_transfer
11757,6423.0,23.04.2024,returned,paid_search,debit_card
11758,1965.0,2024-11-11,completed,organic_search,paypal
11759,6277.0,16.12.2024,completed,paid_search,paypal
11760,1535.0,09.06.2025,returned,referral,debit_card
11761,3613.0,2024-06-25T15:43:20,returned,organic_search,debit_card
11762,659.0,08/11/2025,completed,paid_search,paypal
11763,7584.0,01-28-2025,completed,email,paypal
11764,4971.0,2025-12-01T03:21:48,completed,organic_search,credit_card
11765,8959.0,2025-02-15,completed,organic_search,paypal
11766,8693.0,10.10.2024,completed,organic_search,debit_card
11767,9215.0,2024-06-09,completed,social_media,paypal
11768,997.0,06.01.2024,completed,paid_search,credit_card
11769,5593.0,04-06-2025,completed,social_media,debit_card
11770,3753.0,2024-05-06T05:33:46,completed,email,debit_card
11771,4922.0,2024-12-18T14:40:07,completed,organic_search,bank_transfer
11772,2887.0,2025-05-16T17:27:58,completed,organic_search,paypal
11773,471.0,2024-10-11,completed,organic_search,bank_transfer
11774,6546.0,12.07.2024,completed,direct,debit_card
11775,8910.0,09-21-2025,completed,email,debit_card
11776,4920.0,2025-12-12T00:18:06,completed,paid_search,paypal
11777,3046.0,2024-04-29T06:46:46,completed,direct,debit_card
11778,8656.0,2024-06-23,cancelled,referral,credit_card
11779,3360.0,17.12.2025,completed,social_media,paypal
11780,8466.0,21/02/2024,COMPLETED,referral,credit_card
11781,7915.0,2025-12-23,completed,organic_search,debit_card
11782,4893.0,01-07-2024,completed,social_media,debit_card
11783,6259.0,2025-11-13,returned,paid_search,debit_card
11784,6485.0,2024-11-04,completed,email,credit_card
11785,5914.0,12-09-2025,returned,organic_search,debit_card
11786,1527.0,09/11/2024,completed,social_media,credit_card
11787,6420.0,01/07/2025,completed,referral,bank_transfer
11788,30.0,08.04.2024,completed,email,bank_transfer
11789,6568.0,09-13-2024,completed,direct,bank_transfer
11790,5120.0,2025-09-20,cancelled,paid_search,debit_card
11791,2441.0,04.04.2025,completed,paid_search,debit_card
11792,7452.0,05/12/2025,completed,direct,bank_transfer
11793,3726.0,10.01.2025,completed,paid_search,bank_transfer
11794,4484.0,2025-11-11T23:07:34,completed,direct,paypal
11795,280.0,2025-01-29,completed,referral,bank_transfer
11796,3691.0,24/12/2025,completed,social_media,credit_card
11797,1588.0,2025-12-17T13:09:51,completed,direct,credit_card
11798,2596.0,16.11.2024,cancelled,direct,bank_transfer
11799,2372.0,2025-11-18,completed,email,paypal
11800,447.0,2025-11-02,completed,social_media,paypal
11801,4250.0,16/08/2024,completed,direct,credit_card
11802,4834.0,2025-06-10,completed,organic_search,paypal
11803,5280.0,01.04.2024,completed,organic_search,debit_card
11804,4269.0,28.10.2025,completed,email,debit_card
11805,8045.0,2024-07-12,completed,direct,paypal
11806,371.0,30.03.2024,completed,social_media,bank_transfer
11807,5661.0,23.12.2024,completed,direct,bank_transfer
11808,8013.0,2025-05-08T06:06:56,completed,direct,debit_card
11809,405.0,05/11/2025,completed,paid_search,paypal
11810,4581.0,22.12.2025,cancelled,paid_search,bank_transfer
11811,5418.0,20.01.2025,cancelled,paid_search,debit_card
11812,1813.0,18/03/2024,completed,social_media,debit_card
11813,2373.0,09-05-2025,completed,email,bank_transfer
11814,7264.0,30.04.2025,completed,social_media,bank_transfer
11815,5243.0,2025-01-28,COMPLETED,email,debit_card
11816,2928.0,05.11.2024,completed,direct,bank_transfer
11817,7060.0,2025-03-15T08:10:21,completed,referral,paypal
11818,6900.0,11-21-2024,completed,social_media,debit_card
11819,3189.0,10.09.2025,cancelled,paid_search,debit_card
11820,4512.0,15/04/2025,returned,email,credit_card
11821,6157.0,15/11/2025,completed,paid_search,bank_transfer
11822,3170.0,14.04.2025,completed,referral,debit_card
11823,5802.0,09.09.2024,completed,paid_search,debit_card
11824,2360.0,04.11.2025,completed,paid_search,paypal
11825,2734.0,24/04/2025,completed,organic_search,credit_card
11826,2890.0,2024-08-12T16:24:49,completed,organic_search,credit_card
11827,8637.0,09.06.2025,completed,social_media,credit_card
11828,7716.0,2024-12-02T13:25:47,completed,organic_search,debit_card
11829,5220.0,01.11.2025,completed,direct,debit_card
11830,5210.0,02.02.2025,completed,social_media,credit_card
11831,552.0,21/08/2025,completed,organic_search,debit_card
11832,6006.0,2024-04-24,completed,direct,bank_transfer
11833,3031.0,2024-12-21,cancelled,direct,bank_transfer
11834,5647.0,25.12.2025,completed,social_media,debit_card
11835,7772.0,11.10.2025,completed,direct,debit_card
11836,442.0,27/06/2024,completed,paid_search,debit_card
11837,5596.0,2024-10-13T06:23:05,cancelled,referral,debit_card
11838,5214.0,16/11/2024,cancelled,organic_search,bank_transfer
11839,1955.0,28.06.2025,completed,paid_search,debit_card
11840,5971.0,10.09.2025,completed,social_media,debit_card
11841,5120.0,2025-09-05,completed,direct,bank_transfer
11842,7084.0,2025-03-21,completed,organic_search,credit_card
11843,1083.0,2025-10-12T03:56:54,completed,social_media,paypal
11844,4091.0,18/01/2025,completed,organic_search,credit_card
11845,9208.0,22/05/2024,completed,email,debit_card
11846,6392.0,29/04/2025,completed,direct,paypal
11847,6343.0,12-14-2025,completed,social_media,credit_card
11848,2951.0,02.10.2025,cancelled,paid_search,bank_transfer
11849,920.0,2025-05-09T04:09:07,completed,paid_search,debit_card
11850,8762.0,2025-06-26,completed,paid_search,debit_card
11851,1030.0,06/12/2025,completed,paid_search,paypal
11852,9162.0,01-10-2025,completed,referral,bank_transfer
11853,,2024-11-17T01:48:06,returned,organic_search,debit_card
11854,1621.0,23.12.2025,cancelled,direct,credit_card
11855,2881.0,2025-11-09T05:22:51,completed,referral,paypal
11856,4740.0,2024-11-12,completed,referral,debit_card
11857,7316.0,2025-02-11T18:05:01,completed,email,credit_card
11858,8959.0,12-30-2024,completed,paid_search,debit_card
11859,3305.0,2024-06-16T21:43:23,returned,organic_search,paypal
11860,208.0,2025-12-16,completed,direct,debit_card
11861,5683.0,2024-12-25,completed,referral,bank_transfer
11862,6577.0,14/11/2025,completed,direct,credit_card
11863,3649.0,2024-07-26,completed,organic_search,paypal
11864,1742.0,2025-04-17,completed,organic_search,paypal
11865,2858.0,2024-02-03,cancelled,paid_search,paypal
11866,6072.0,2025-09-14,completed,email,bank_transfer
11867,4566.0,11/05/2025,completed,email,credit_card
11868,6877.0,2025-06-11,completed,referral,paypal
11869,2060.0,03-09-2024,completed,social_media,bank_transfer
11870,7787.0,08-16-2024,completed,social_media,credit_card
11871,1496.0,2024-04-02,completed,organic_search,paypal
11872,3051.0,10-21-2024,completed,social_media,bank_transfer
11873,5442.0,12.06.2025,completed,email,paypal
11874,6815.0,30.04.2025,completed,organic_search,bank_transfer
11875,,2025-06-01T05:04:34,completed,referral,debit_card
11876,8750.0,19.04.2025,completed,organic_search,paypal
11877,6532.0,2024-10-09,completed,referral,paypal
11878,2055.0,09-15-2024,completed,social_media,debit_card
11879,6706.0,2024-06-04T21:52:23,completed,organic_search,paypal
11880,6444.0,2025-11-03,completed,direct,paypal
11881,6956.0,04/06/2025,completed,social_media,credit_card
11882,8471.0,23.07.2024,completed,direct,bank_transfer
11883,6579.0,14.07.2024,cancelled,organic_search,debit_card
11884,3248.0,13/11/2025,COMPLETED,social_media,debit_card
11885,7318.0,2025-08-31,completed,email,paypal
11886,6441.0,05/07/2025,completed,email,debit_card
11887,5308.0,2024-12-26,COMPLETED,social_media,bank_transfer
11888,3262.0,2024-09-30T11:25:20,COMPLETED,social_media,paypal
11889,8521.0,2025-12-24,completed,paid_search,bank_transfer
11890,4743.0,05.10.2025,completed,email,debit_card
11891,5795.0,11-01-2024,completed,social_media,credit_card
11892,3825.0,02.11.2025,COMPLETED,referral,debit_card
11893,7214.0,11/09/2025,completed,social_media,paypal
11894,3152.0,10-28-2024,returned,paid_search,credit_card
11895,7500.0,08.01.2025,cancelled,email,debit_card
11896,1053.0,23.07.2024,completed,organic_search,paypal
11897,6556.0,05-10-2024,completed,social_media,paypal
11898,4404.0,2025-08-18T06:49:20,completed,direct,debit_card
11899,6468.0,2024-10-04,completed,referral,bank_transfer
11900,4913.0,2025-10-18T14:15:17,COMPLETED,email,debit_card
11901,1302.0,30.12.2025,completed,organic_search,bank_transfer
11902,4405.0,05/04/2024,completed,referral,debit_card
11903,8900.0,2025-02-19,completed,email,credit_card
11904,6976.0,10-07-2025,COMPLETED,social_media,paypal
11905,2801.0,30.09.2025,completed,email,credit_card
11906,8714.0,2025-09-12,completed,organic_search,debit_card
11907,7193.0,27.11.2024,completed,referral,bank_transfer
11908,3358.0,02.02.2025,completed,paid_search,credit_card
11909,5565.0,2025-05-20T23:04:20,completed,paid_search,paypal
11910,3938.0,22.12.2025,completed,email,paypal
11911,948.0,11-15-2024,completed,email,debit_card
11912,7469.0,2025-12-03T22:56:21,completed,direct,debit_card
11913,1814.0,2024-10-06T03:39:23,completed,direct,credit_card
11914,4224.0,2025-12-28,RETURNED,paid_search,credit_card
11915,6503.0,2025-07-13,completed,social_media,credit_card
11916,8609.0,02-11-2025,completed,paid_search,debit_card
11917,609.0,02/06/2025,completed,direct,bank_transfer
11918,3619.0,10-08-2024,completed,referral,credit_card
11919,5668.0,2024-10-10T05:51:59,completed,paid_search,bank_transfer
11920,7198.0,2024-05-12,completed,organic_search,bank_transfer
11921,8519.0,12/05/2024,completed,social_media,paypal
11922,7.0,26/11/2024,completed,social_media,paypal
11923,5791.0,2025-09-13,completed,social_media,debit_card
11924,67.0,29/05/2025,completed,paid_search,paypal
11925,7283.0,01/05/2024,completed,email,paypal
11926,1435.0,11-04-2025,completed,referral,debit_card
11927,8272.0,05-25-2025,completed,referral,credit_card
11928,1495.0,12-17-2025,completed,social_media,credit_card
11929,7056.0,12.07.2025,completed,referral,debit_card
11930,2711.0,07-12-2024,completed,paid_search,paypal
11931,5145.0,2025-02-20T22:00:18,completed,email,credit_card
11932,5609.0,2025-06-27,completed,organic_search,paypal
11933,1955.0,2024-02-08T21:35:00,completed,social_media,bank_transfer
11934,2786.0,21/01/2024,completed,organic_search,paypal
11935,1050.0,27/05/2024,completed,paid_search,paypal
11936,52.0,21/09/2024,COMPLETED,social_media,paypal
11937,2254.0,2025-01-11T22:24:59,completed,paid_search,credit_card
11938,4778.0,03/03/2025,completed,paid_search,debit_card
11939,6585.0,2024-06-05T04:05:25,returned,email,debit_card
11940,7349.0,2025-07-15T11:25:35,COMPLETED,email,paypal
11941,684.0,21/05/2025,completed,email,paypal
11942,2554.0,10-26-2024,completed,referral,credit_card
11943,7113.0,20/01/2024,cancelled,referral,debit_card
11944,4446.0,2024-04-06T02:14:16,completed,social_media,debit_card
11945,1727.0,2024-12-18,completed,referral,paypal
11946,3608.0,2024-06-21,completed,organic_search,debit_card
11947,2539.0,2024-12-11T16:45:46,completed,social_media,debit_card
11948,495.0,13.06.2025,completed,email,bank_transfer
11949,7051.0,2025-04-17T03:28:41,completed,organic_search,bank_transfer
11950,2730.0,03.09.2024,completed,email,credit_card
11951,8723.0,2024-11-24,completed,social_media,paypal
11952,8214.0,02.06.2025,COMPLETED,organic_search,bank_transfer
11953,6613.0,2025-11-08T08:41:15,completed,direct,bank_transfer
11954,3023.0,07.09.2025,COMPLETED,social_media,paypal
11955,2630.0,2025-04-21T03:25:43,completed,organic_search,paypal
11956,4390.0,04.12.2024,completed,direct,debit_card
11957,3270.0,05.12.2024,completed,paid_search,bank_transfer
11958,8344.0,15.11.2025,completed,organic_search,credit_card
11959,1197.0,2024-02-23T21:21:02,completed,organic_search,bank_transfer
11960,6694.0,12-27-2025,completed,email,paypal
11961,5633.0,08.07.2025,cancelled,referral,credit_card
11962,7471.0,20/07/2025,completed,direct,bank_transfer
11963,5012.0,2024-02-21T09:32:23,completed,referral,credit_card
11964,5802.0,28.05.2025,completed,paid_search,paypal
11965,8882.0,2025-03-01,returned,referral,bank_transfer
11966,902.0,05-04-2024,completed,direct,bank_transfer
11967,1022.0,13/10/2024,completed,paid_search,paypal
11968,3623.0,2025-11-20,completed,paid_search,paypal
11969,4369.0,2025-04-19,completed,paid_search,credit_card
11970,1900.0,2024-12-29T07:22:05,completed,organic_search,credit_card
11971,807.0,2024-04-01,completed,direct,debit_card
11972,225.0,12.08.2025,completed,email,paypal
11973,7058.0,08-05-2025,completed,organic_search,debit_card
11974,4478.0,06-02-2025,completed,paid_search,paypal
11975,7799.0,21/03/2025,cancelled,direct,credit_card
11976,3326.0,2025-01-15T20:40:02,COMPLETED,social_media,credit_card
11977,6512.0,05-19-2025,completed,organic_search,credit_card
11978,4512.0,05.09.2024,completed,social_media,debit_card
11979,5644.0,2025-12-10,completed,direct,debit_card
11980,3410.0,2025-05-16T16:55:11,completed,social_media,bank_transfer
11981,788.0,2024-11-06,completed,paid_search,bank_transfer
11982,8744.0,30/01/2025,completed,email,paypal
11983,7734.0,10/10/2025,COMPLETED,paid_search,credit_card
11984,2894.0,29.06.2024,COMPLETED,organic_search,credit_card
11985,8848.0,25/10/2024,COMPLETED,social_media,credit_card
11986,2802.0,2025-07-19,completed,referral,credit_card
11987,4084.0,11-08-2024,returned,email,paypal
11988,6979.0,02/10/2025,completed,referral,paypal
11989,2889.0,2024-05-28,cancelled,organic_search,bank_transfer
11990,3007.0,13/09/2025,completed,email,paypal
11991,3770.0,2024-03-27T14:19:34,COMPLETED,direct,debit_card
11992,4323.0,2024-01-18T14:25:02,cancelled,email,debit_card
11993,1199.0,2025-11-23T17:20:26,completed,direct,paypal
11994,180.0,2025-05-11T02:22:04,completed,paid_search,bank_transfer
11995,8505.0,2024-11-29T02:47:51,completed,organic_search,debit_card
11996,3255.0,05.09.2024,completed,social_media,paypal
11997,999.0,2025-06-05,completed,direct,paypal
11998,7009.0,20.03.2025,completed,organic_search,bank_transfer
11999,2751.0,2025-12-28T20:55:17,completed,direct,debit_card
12000,1720.0,25/12/2025,RETURNED,direct,bank_transfer
12001,8881.0,2025-06-17T13:12:40,completed,social_media,paypal
12002,8518.0,2025-01-23,cancelled,paid_search,debit_card
12003,1033.0,03-06-2025,completed,paid_search,paypal
12004,8325.0,21/07/2025,completed,email,paypal
12005,8237.0,2024-04-30,completed,social_media,bank_transfer
12006,5852.0,2024-11-16T10:33:42,completed,social_media,debit_card
12007,4898.0,04-03-2024,completed,paid_search,debit_card
12008,2052.0,2024-04-01T03:29:31,completed,paid_search,credit_card
12009,1185.0,02.08.2024,completed,direct,paypal
12010,5590.0,02.03.2025,completed,paid_search,credit_card
12011,7607.0,09-27-2025,completed,organic_search,credit_card
12012,6390.0,2025-03-02T11:26:29,completed,direct,debit_card
12013,1710.0,11-19-2024,completed,social_media,debit_card
12014,2718.0,2024-04-11,completed,social_media,bank_transfer
12015,5044.0,04-19-2025,completed,referral,credit_card
12016,5761.0,10-07-2024,completed,social_media,debit_card
12017,708.0,03.06.2025,completed,direct,credit_card
12018,5664.0,23/12/2025,completed,organic_search,bank_transfer
12019,6809.0,10.05.2024,completed,direct,credit_card
12020,1716.0,08-17-2024,completed,paid_search,paypal
12021,2316.0,19.02.2025,completed,referral,bank_transfer
12022,2431.0,12-20-2025,completed,paid_search,bank_transfer
12023,8670.0,19.09.2025,completed,direct,paypal
12024,3745.0,11-23-2025,completed,social_media,paypal
12025,4907.0,18/11/2024,completed,paid_search,paypal
12026,6692.0,28.12.2025,COMPLETED,referral,debit_card
12027,3422.0,05-01-2024,completed,referral,bank_transfer
12028,1031.0,10/03/2024,completed,referral,credit_card
12029,6058.0,11-06-2025,completed,referral,bank_transfer
12030,6175.0,05/12/2025,completed,paid_search,debit_card
12031,2447.0,19/04/2024,returned,social_media,debit_card
12032,352.0,2024-05-12T14:21:56,completed,social_media,bank_transfer
12033,6160.0,02-15-2024,completed,direct,bank_transfer
12034,6512.0,2024-05-03T09:27:08,completed,social_media,credit_card
12035,265.0,14/08/2024,completed,direct,credit_card
12036,6423.0,21.12.2025,completed,organic_search,credit_card
12037,8662.0,11/07/2025,completed,referral,paypal
12038,1691.0,23/09/2025,completed,email,debit_card
12039,4824.0,2025-09-22T15:12:19,completed,social_media,credit_card
12040,6448.0,2025-04-08T23:51:15,cancelled,referral,debit_card
12041,2166.0,05/10/2025,completed,social_media,debit_card
12042,6946.0,21/05/2025,completed,direct,debit_card
12043,8035.0,08.11.2024,cancelled,paid_search,bank_transfer
12044,7541.0,2025-04-27T03:02:23,cancelled,social_media,bank_transfer
12045,2431.0,2025-04-07T09:10:12,cancelled,social_media,paypal
12046,7458.0,2025-10-20,completed,paid_search,credit_card
12047,3804.0,2025-12-25,completed,direct,debit_card
12048,2509.0,28.12.2024,completed,paid_search,credit_card
12049,1591.0,2025-09-14,completed,paid_search,bank_transfer
12050,8418.0,28/04/2024,completed,email,credit_card
12051,3940.0,2025-09-22,completed,email,bank_transfer
12052,8009.0,08/12/2024,completed,referral,credit_card
12053,1513.0,2024-02-23,completed,organic_search,paypal
12054,7080.0,04.12.2024,completed,social_media,bank_transfer
12055,1075.0,05-31-2025,completed,referral,paypal
12056,180.0,2024-05-18T19:51:44,cancelled,direct,credit_card
12057,9183.0,12-04-2025,cancelled,referral,bank_transfer
12058,719.0,06.04.2024,completed,referral,debit_card
12059,4260.0,12-06-2025,completed,referral,credit_card
12060,8124.0,08-08-2025,COMPLETED,direct,paypal
12061,7586.0,16.11.2024,completed,direct,credit_card
12062,4355.0,2024-12-18T20:42:16,completed,social_media,credit_card
12063,5632.0,30.08.2025,completed,referral,credit_card
12064,5804.0,25.05.2025,completed,paid_search,paypal
12065,1073.0,07-13-2025,completed,social_media,debit_card
12066,2675.0,2024-12-17T23:22:04,completed,social_media,debit_card
12067,2808.0,04/03/2025,completed,referral,bank_transfer
12068,3488.0,2025-12-28,completed,referral,debit_card
12069,2572.0,19/08/2024,cancelled,paid_search,bank_transfer
12070,2366.0,31/12/2024,returned,social_media,debit_card
12071,3273.0,2024-10-24,completed,social_media,paypal
12072,3499.0,09-15-2025,completed,social_media,bank_transfer
12073,4499.0,09-14-2025,cancelled,organic_search,debit_card
12074,1647.0,24.10.2024,completed,direct,debit_card
12075,7296.0,10.04.2024,completed,email,paypal
12076,7957.0,17/01/2024,completed,paid_search,debit_card
12077,2330.0,2025-01-09T05:38:59,completed,paid_search,paypal
12078,1195.0,2024-12-28T10:41:21,completed,social_media,debit_card
12079,6669.0,12-27-2025,completed,direct,bank_transfer
12080,8550.0,02-16-2025,completed,organic_search,debit_card
12081,351.0,25/09/2024,returned,direct,bank_transfer
12082,147.0,2025-11-20T22:06:59,COMPLETED,direct,debit_card
12083,1741.0,2025-03-06,completed,email,debit_card
12084,6348.0,05-23-2025,CANCELLED,direct,bank_transfer
12085,8900.0,2024-04-24,completed,social_media,debit_card
12086,6937.0,12-14-2024,returned,social_media,bank_transfer
12087,5300.0,2025-12-11,completed,paid_search,debit_card
12088,6487.0,05-17-2025,COMPLETED,organic_search,credit_card
12089,2170.0,11-24-2024,returned,direct,paypal
12090,6390.0,06-11-2025,returned,organic_search,paypal
12091,2982.0,28.11.2025,completed,referral,paypal
12092,2091.0,10.10.2024,completed,organic_search,debit_card
12093,2225.0,03-17-2025,completed,organic_search,paypal
12094,6180.0,2025-12-16,completed,direct,debit_card
12095,7083.0,07-09-2024,completed,email,debit_card
12096,5359.0,2025-08-16,cancelled,social_media,debit_card
12097,621.0,2025-06-03T16:29:11,COMPLETED,paid_search,debit_card
12098,375.0,2025-07-19T13:12:41,cancelled,paid_search,paypal
12099,2050.0,28/11/2024,completed,referral,debit_card
12100,2685.0,07.11.2024,completed,referral,credit_card
12101,3722.0,2025-07-22,completed,organic_search,paypal
12102,745.0,20/08/2024,completed,organic_search,bank_transfer
12103,6701.0,2025-01-02T12:56:28,completed,direct,paypal
12104,6579.0,25.07.2024,completed,email,bank_transfer
12105,3199.0,12/01/2024,cancelled,social_media,debit_card
12106,5201.0,21/12/2025,completed,referral,paypal
12107,994.0,13.01.2025,cancelled,referral,paypal
12108,3823.0,2025-12-20T15:49:40,returned,direct,paypal
12109,7933.0,2024-06-07,completed,direct,debit_card
12110,6120.0,15.05.2025,completed,social_media,credit_card
12111,1020.0,06/08/2024,cancelled,email,paypal
12112,7836.0,09-30-2025,completed,paid_search,bank_transfer
12113,6304.0,26.09.2025,returned,direct,paypal
12114,4179.0,2024-05-11T13:11:41,completed,paid_search,paypal
12115,6419.0,29.11.2025,COMPLETED,email,credit_card
12116,1639.0,31.07.2024,completed,referral,credit_card
12117,5076.0,06-02-2025,completed,referral,debit_card
12118,5695.0,2025-12-26T08:46:26,completed,referral,paypal
12119,8586.0,2025-11-17,completed,paid_search,credit_card
12120,654.0,12-16-2025,completed,organic_search,credit_card
12121,3456.0,2024-11-23,completed,direct,bank_transfer
12122,8643.0,04.05.2024,completed,referral,credit_card
12123,2050.0,2024-07-25,completed,referral,bank_transfer
12124,7525.0,03-14-2025,cancelled,referral,bank_transfer
12125,15.0,02/10/2025,cancelled,paid_search,bank_transfer
12126,263.0,06-17-2024,returned,organic_search,credit_card
12127,3026.0,2025-07-05,completed,social_media,credit_card
12128,7097.0,2024-11-13T23:52:14,completed,referral,credit_card
12129,1022.0,11-23-2024,completed,direct,debit_card
12130,3534.0,07-06-2025,completed,email,credit_card
12131,1276.0,2025-02-14T04:32:42,completed,referral,paypal
12132,2102.0,10-13-2025,completed,direct,credit_card
12133,4649.0,2024-06-23T11:24:05,completed,email,credit_card
12134,2965.0,2025-09-30,completed,referral,bank_transfer
12135,2001.0,2024-03-22,RETURNED,paid_search,paypal
12136,3622.0,31.07.2024,completed,referral,paypal
12137,6492.0,2025-07-02T03:18:04,completed,social_media,paypal
12138,1168.0,2025-11-05T14:21:00,CANCELLED,social_media,credit_card
12139,4433.0,22.09.2024,completed,email,debit_card
12140,2579.0,15.11.2024,cancelled,email,paypal
12141,3493.0,10/04/2025,completed,paid_search,bank_transfer
12142,7605.0,16.08.2024,completed,referral,paypal
12143,8596.0,10-13-2025,cancelled,social_media,paypal
12144,2290.0,20/09/2025,completed,email,credit_card
12145,5806.0,2024-06-12T17:12:19,completed,email,bank_transfer
12146,6258.0,11/02/2025,completed,direct,debit_card
12147,7790.0,09-21-2025,cancelled,social_media,paypal
12148,8322.0,2024-11-20,completed,email,debit_card
12149,4320.0,06-16-2025,completed,social_media,bank_transfer
12150,9068.0,07.03.2024,completed,social_media,paypal
12151,8957.0,2025-05-30,completed,referral,bank_transfer
12152,4687.0,06-20-2024,cancelled,email,bank_transfer
12153,5007.0,2025-10-24T20:19:22,cancelled,direct,debit_card
12154,6179.0,2024-12-01,completed,social_media,paypal
12155,3447.0,16.10.2024,completed,social_media,bank_transfer
12156,6132.0,2025-10-30,completed,social_media,credit_card
12157,4759.0,07/03/2024,completed,direct,debit_card
12158,354.0,12-21-2024,completed,referral,bank_transfer
12159,7884.0,12-08-2024,completed,referral,credit_card
12160,8673.0,10-18-2024,completed,direct,credit_card
12161,267.0,2025-11-29,completed,social_media,paypal
12162,7307.0,06/09/2025,completed,direct,paypal
12163,3556.0,22.03.2024,completed,organic_search,paypal
12164,5383.0,13/08/2025,completed,referral,credit_card
12165,4620.0,2025-04-03T07:43:08,completed,paid_search,bank_transfer
12166,5086.0,2025-11-24T01:59:26,completed,organic_search,bank_transfer
12167,4575.0,2024-11-07,returned,paid_search,credit_card
12168,7890.0,06/05/2025,completed,referral,bank_transfer
12169,6334.0,14.03.2025,completed,social_media,credit_card
12170,3796.0,03-05-2025,completed,organic_search,debit_card
12171,6390.0,04/02/2025,completed,email,credit_card
12172,8902.0,2024-08-11,completed,paid_search,paypal
12173,778.0,09/09/2025,completed,email,credit_card
12174,3575.0,31/01/2025,completed,email,credit_card
12175,8045.0,2025-12-16T18:11:31,completed,organic_search,paypal
12176,6833.0,2024-09-29,returned,referral,bank_transfer
12177,8625.0,21.07.2025,cancelled,organic_search,bank_transfer
12178,394.0,10.12.2025,completed,paid_search,bank_transfer
12179,7981.0,2025-07-08T20:56:10,completed,organic_search,debit_card
12180,7332.0,11-12-2025,cancelled,social_media,paypal
12181,7547.0,10-22-2025,COMPLETED,social_media,bank_transfer
12182,5507.0,12-03-2024,returned,direct,bank_transfer
12183,506.0,24/05/2025,completed,organic_search,paypal
12184,4978.0,06-23-2024,completed,social_media,credit_card
12185,3753.0,09.04.2025,COMPLETED,email,credit_card
12186,4878.0,2024-09-03T08:47:12,completed,organic_search,bank_transfer
12187,6843.0,2025-09-01T10:25:15,completed,direct,paypal
12188,5491.0,04-03-2025,completed,direct,credit_card
12189,2737.0,28.12.2024,completed,direct,debit_card
12190,5528.0,2024-10-05,completed,organic_search,credit_card
12191,812.0,31.12.2025,cancelled,organic_search,debit_card
12192,53.0,31/03/2024,COMPLETED,referral,paypal
12193,3693.0,02-28-2024,completed,organic_search,debit_card
12194,6994.0,08-22-2024,completed,social_media,paypal
12195,7611.0,21.12.2025,completed,referral,debit_card
12196,5068.0,12-24-2025,completed,paid_search,paypal
12197,8035.0,01.07.2025,completed,organic_search,debit_card
12198,1219.0,16/11/2025,cancelled,direct,bank_transfer
12199,8896.0,08-19-2024,completed,email,bank_transfer
12200,8528.0,21/12/2025,completed,direct,bank_transfer
12201,5525.0,2024-06-10,COMPLETED,paid_search,credit_card
12202,580.0,30/04/2024,completed,paid_search,bank_transfer
12203,4189.0,05-11-2024,COMPLETED,organic_search,paypal
12204,1696.0,05-05-2025,COMPLETED,social_media,bank_transfer
12205,5799.0,2025-09-25T10:38:39,completed,direct,credit_card
12206,1804.0,2024-12-06T19:12:06,completed,email,bank_transfer
12207,4457.0,2025-12-23T03:36:13,completed,paid_search,paypal
12208,1942.0,01-16-2025,completed,organic_search,bank_transfer
12209,1722.0,2024-06-17,completed,email,debit_card
12210,2327.0,2025-02-13,completed,referral,bank_transfer
12211,293.0,19.07.2025,completed,referral,paypal
12212,6612.0,10-25-2025,completed,paid_search,bank_transfer
12213,2864.0,2025-02-07,completed,paid_search,bank_transfer
12214,6461.0,2025-05-19T07:40:23,returned,referral,debit_card
12215,6048.0,10-04-2024,completed,organic_search,bank_transfer
12216,644.0,2025-06-25,completed,paid_search,bank_transfer
12217,2894.0,12-26-2025,completed,social_media,credit_card
12218,5237.0,2024-03-05T12:15:34,completed,direct,credit_card
12219,8498.0,2025-11-18,cancelled,social_media,credit_card
12220,3691.0,2025-04-28,completed,social_media,paypal
12221,4668.0,09-21-2024,completed,email,paypal
12222,6934.0,12-15-2025,completed,referral,paypal
12223,7449.0,2025-02-28,returned,direct,bank_transfer
12224,8542.0,17/11/2024,cancelled,referral,debit_card
12225,4589.0,2024-07-19T11:00:48,completed,organic_search,debit_card
12226,1843.0,2024-09-15T10:21:29,completed,email,debit_card
12227,7056.0,25.10.2025,completed,email,paypal
12228,1214.0,2025-06-03T02:27:19,completed,email,debit_card
12229,3858.0,29/11/2025,completed,social_media,credit_card
12230,5796.0,04/09/2024,completed,email,credit_card
12231,6419.0,19/05/2024,completed,organic_search,paypal
12232,6775.0,09/01/2024,completed,email,debit_card
12233,1840.0,2025-03-19T12:23:58,completed,direct,credit_card
12234,9059.0,31/12/2025,completed,social_media,bank_transfer
12235,1688.0,2025-07-30T08:44:21,completed,paid_search,credit_card
12236,941.0,2024-11-04,completed,paid_search,paypal
12237,6153.0,2025-11-15,completed,social_media,paypal
12238,8428.0,25/09/2025,completed,organic_search,debit_card
12239,5167.0,01-22-2024,completed,organic_search,debit_card
12240,5487.0,16/10/2025,cancelled,direct,credit_card
12241,4975.0,2024-10-31T06:18:10,cancelled,direct,bank_transfer
12242,421.0,06-17-2024,completed,organic_search,debit_card
12243,6311.0,08-30-2024,completed,email,credit_card
12244,3297.0,2025-02-15,completed,referral,credit_card
12245,8633.0,07.01.2025,completed,social_media,bank_transfer
12246,1773.0,21.10.2024,completed,organic_search,credit_card
12247,2817.0,07-09-2024,completed,paid_search,credit_card
12248,4669.0,13.09.2025,completed,organic_search,paypal
12249,4408.0,2025-12-28,completed,referral,debit_card
12250,3681.0,2025-09-23T15:15:11,completed,organic_search,debit_card
12251,2914.0,2024-10-27T00:02:25,completed,email,paypal
12252,1410.0,2024-09-15T19:37:17,completed,referral,debit_card
12253,7600.0,2024-08-22T01:10:47,completed,direct,bank_transfer
12254,4148.0,2024-06-04T20:51:54,completed,direct,paypal
12255,5299.0,2025-04-20T19:22:04,completed,email,bank_transfer
12256,5046.0,2025-05-27,completed,direct,debit_card
12257,5322.0,2025-08-06,completed,referral,debit_card
12258,6519.0,20/07/2025,completed,email,paypal
12259,5802.0,24.10.2024,completed,direct,credit_card
12260,2571.0,11-17-2024,completed,paid_search,bank_transfer
12261,5110.0,2025-07-21,completed,referral,credit_card
12262,2300.0,2024-11-27,completed,referral,bank_transfer
12263,5416.0,2024-08-17T14:37:13,completed,social_media,debit_card
12264,3987.0,10.12.2024,completed,referral,credit_card
12265,390.0,2024-10-08T19:44:55,completed,paid_search,paypal
12266,6784.0,04-17-2024,completed,email,credit_card
12267,2579.0,24/10/2025,completed,social_media,debit_card
12268,8515.0,11-05-2025,completed,direct,debit_card
12269,2638.0,24/08/2024,completed,referral,credit_card
12270,9197.0,23.03.2024,completed,organic_search,bank_transfer
12271,4273.0,29/08/2025,completed,direct,paypal
12272,269.0,2024-08-16,cancelled,paid_search,paypal
12273,746.0,19/12/2024,completed,organic_search,paypal
12274,800.0,2024-03-22T09:44:40,completed,email,debit_card
12275,553.0,30/08/2024,completed,referral,paypal
12276,2520.0,02/10/2025,completed,referral,bank_transfer
12277,3007.0,10-09-2025,cancelled,direct,debit_card
12278,1091.0,2024-08-12T16:43:38,completed,direct,credit_card
12279,4038.0,11-20-2024,completed,social_media,paypal
12280,3365.0,2024-06-01T01:33:38,completed,referral,bank_transfer
12281,5863.0,02/04/2024,completed,paid_search,bank_transfer
12282,1860.0,29/12/2025,completed,paid_search,credit_card
12283,8465.0,02/07/2025,returned,email,credit_card
12284,4777.0,2025-04-13T15:51:23,completed,paid_search,debit_card
12285,5748.0,15.09.2025,cancelled,referral,credit_card
12286,391.0,10-30-2025,completed,email,paypal
12287,5164.0,2025-10-10,completed,paid_search,debit_card
12288,3390.0,01-24-2024,completed,referral,paypal
12289,8549.0,24/07/2024,completed,direct,credit_card
12290,8194.0,01/07/2025,completed,referral,credit_card
12291,5879.0,12-11-2024,completed,organic_search,credit_card
12292,7090.0,25/12/2025,completed,organic_search,bank_transfer
12293,5950.0,09/07/2025,completed,social_media,paypal
12294,173.0,2025-12-16T02:05:46,cancelled,paid_search,credit_card
12295,6508.0,2024-08-07T15:02:19,completed,email,paypal
12296,1674.0,11-09-2025,completed,social_media,bank_transfer
12297,6323.0,12/11/2024,completed,email,paypal
12298,104.0,2025-12-28,completed,social_media,debit_card
12299,2890.0,06-25-2024,completed,referral,credit_card
12300,4786.0,26.03.2025,completed,direct,bank_transfer
12301,3084.0,10-02-2025,cancelled,paid_search,credit_card
12302,6428.0,2025-01-14T02:46:57,completed,paid_search,credit_card
12303,4835.0,2025-02-15,completed,paid_search,paypal
12304,8854.0,27.12.2025,COMPLETED,email,bank_transfer
12305,3293.0,2025-01-07T02:07:44,completed,organic_search,debit_card
12306,6665.0,2025-05-27T08:18:41,completed,email,debit_card
12307,7732.0,2024-03-12T22:15:09,completed,direct,credit_card
12308,2383.0,2025-10-31,completed,direct,bank_transfer
12309,6971.0,06-27-2025,completed,paid_search,debit_card
12310,3620.0,2024-12-24T02:36:30,completed,email,credit_card
12311,1248.0,23/01/2024,completed,email,bank_transfer
12312,35.0,2025-05-18,completed,referral,paypal
12313,6881.0,2024-01-18,COMPLETED,social_media,paypal
12314,1767.0,02/01/2024,completed,organic_search,debit_card
12315,499.0,04.06.2025,cancelled,social_media,paypal
12316,4589.0,26/07/2024,completed,organic_search,debit_card
12317,3199.0,29.07.2024,cancelled,paid_search,bank_transfer
12318,6419.0,30/06/2025,completed,direct,credit_card
12319,1048.0,11.03.2024,completed,social_media,paypal
12320,1285.0,2024-11-07,completed,social_media,debit_card
12321,3715.0,2024-06-16,completed,paid_search,credit_card
12322,4817.0,2025-05-10,completed,social_media,bank_transfer
12323,7626.0,06.07.2025,cancelled,direct,bank_transfer
12324,5383.0,2025-08-17T08:55:46,completed,paid_search,paypal
12325,8353.0,24.09.2024,completed,email,paypal
12326,2056.0,18.04.2024,completed,referral,paypal
12327,5495.0,07.04.2024,completed,referral,credit_card
12328,6065.0,08.01.2025,completed,paid_search,paypal
12329,6707.0,12/12/2025,completed,organic_search,paypal
12330,9118.0,2024-08-22,completed,referral,debit_card
12331,4321.0,2024-09-25T16:53:20,completed,email,debit_card
12332,3403.0,2024-04-29T00:31:22,returned,direct,bank_transfer
12333,7878.0,28/05/2025,completed,direct,credit_card
12334,1671.0,2025-07-19T23:23:15,completed,referral,paypal
12335,367.0,06-23-2025,completed,social_media,bank_transfer
12336,4091.0,08/11/2025,completed,paid_search,debit_card
12337,2322.0,03-03-2025,completed,organic_search,debit_card
12338,3643.0,2024-06-01T23:19:03,completed,email,debit_card
12339,9096.0,2024-10-22T01:05:50,completed,referral,debit_card
12340,3214.0,07.07.2025,completed,direct,debit_card
12341,6548.0,2025-06-02T08:26:50,completed,social_media,debit_card
12342,2354.0,2025-04-05,returned,organic_search,bank_transfer
12343,2829.0,22.07.2025,completed,social_media,credit_card
12344,2291.0,19.06.2025,completed,email,credit_card
12345,5291.0,16.11.2025,completed,social_media,credit_card
12346,2128.0,14.05.2025,cancelled,email,paypal
12347,6633.0,2025-09-23,completed,referral,debit_card
12348,6298.0,2024-09-19T08:08:52,completed,social_media,debit_card
12349,3887.0,18/07/2025,COMPLETED,referral,paypal
12350,260.0,2025-11-25T01:13:56,completed,referral,debit_card
12351,230.0,2024-12-15,COMPLETED,email,paypal
12352,4923.0,2025-09-23,completed,organic_search,debit_card
12353,7761.0,2025-08-19,completed,direct,paypal
12354,5523.0,2024-03-17,completed,organic_search,credit_card
12355,4020.0,11/05/2025,completed,direct,credit_card
12356,8160.0,28.05.2024,completed,organic_search,credit_card
12357,1871.0,12-20-2025,completed,paid_search,credit_card
12358,3312.0,10-13-2025,returned,email,paypal
12359,5222.0,2024-05-08T10:22:38,completed,direct,bank_transfer
12360,2730.0,2024-05-20,cancelled,social_media,bank_transfer
12361,9208.0,2025-05-20,completed,social_media,paypal
12362,4176.0,25/11/2024,completed,paid_search,debit_card
12363,504.0,17/02/2024,completed,email,paypal
12364,1666.0,2025-04-13,completed,referral,bank_transfer
12365,4921.0,17.12.2024,completed,referral,credit_card
12366,5071.0,30/04/2024,completed,paid_search,credit_card
12367,9083.0,2025-10-07,completed,organic_search,paypal
12368,5532.0,2025-11-30,COMPLETED,email,credit_card
12369,6167.0,2025-09-09,completed,email,credit_card
12370,2016.0,2025-10-19,completed,organic_search,credit_card
12371,1046.0,08-21-2024,completed,social_media,credit_card
12372,5548.0,2024-10-01T07:46:40,completed,organic_search,bank_transfer
12373,8001.0,14.08.2024,completed,organic_search,credit_card
12374,5401.0,09-15-2025,completed,email,paypal
12375,4081.0,12/12/2025,completed,organic_search,credit_card
12376,5348.0,2025-08-14,returned,referral,bank_transfer
12377,4327.0,16/11/2025,returned,referral,bank_transfer
12378,1365.0,20.06.2025,completed,social_media,debit_card
12379,6853.0,12-16-2024,cancelled,paid_search,bank_transfer
12380,4925.0,2025-01-07T22:45:50,completed,referral,debit_card
12381,3668.0,03/04/2024,completed,social_media,debit_card
12382,5170.0,2024-02-13T22:10:17,completed,referral,bank_transfer
12383,2273.0,2025-07-31,completed,referral,bank_transfer
12384,3949.0,19/01/2025,completed,email,credit_card
12385,5735.0,20.04.2025,completed,referral,debit_card
12386,2129.0,24.04.2025,cancelled,referral,bank_transfer
12387,6921.0,12/10/2024,completed,referral,paypal
12388,4822.0,02-22-2025,completed,paid_search,credit_card
12389,7969.0,02-17-2025,completed,referral,paypal
12390,,2024-12-17,completed,social_media,debit_card
12391,4568.0,2025-10-18T20:09:11,completed,paid_search,credit_card
12392,1858.0,31/01/2025,completed,social_media,debit_card
12393,6813.0,26.05.2025,cancelled,direct,debit_card
12394,3861.0,22/11/2025,completed,paid_search,credit_card
12395,5476.0,2025-11-10,completed,email,credit_card
12396,1048.0,20.11.2025,completed,social_media,bank_transfer
12397,5822.0,2024-10-06,completed,email,bank_transfer
12398,3443.0,17.02.2024,completed,paid_search,debit_card
12399,3094.0,2024-09-29T09:07:17,completed,paid_search,credit_card
12400,9038.0,13/10/2024,completed,organic_search,paypal
12401,3990.0,28/11/2025,completed,email,debit_card
12402,6272.0,28/06/2025,completed,direct,bank_transfer
12403,5790.0,10.04.2024,completed,direct,credit_card
12404,1022.0,02.06.2024,completed,email,credit_card
12405,6912.0,23.06.2024,CANCELLED,paid_search,bank_transfer
12406,3000.0,06-14-2025,completed,direct,debit_card
12407,7401.0,2025-08-27T01:17:32,completed,organic_search,debit_card
12408,5602.0,11-07-2025,completed,email,credit_card
12409,2942.0,12-10-2025,completed,email,credit_card
12410,3284.0,2024-08-07,completed,paid_search,bank_transfer
12411,6760.0,2024-11-05,completed,email,paypal
12412,5071.0,11/09/2024,completed,social_media,debit_card
12413,6184.0,2024-12-02,completed,organic_search,paypal
12414,1500.0,2025-11-30T09:19:10,completed,social_media,bank_transfer
12415,7280.0,07/05/2025,completed,paid_search,credit_card
12416,2975.0,2025-08-29,returned,organic_search,bank_transfer
12417,5712.0,06/03/2025,cancelled,referral,credit_card
12418,1124.0,2024-02-09,completed,social_media,paypal
12419,2981.0,03-22-2024,returned,paid_search,debit_card
12420,5998.0,10.04.2025,completed,direct,debit_card
12421,2574.0,08-15-2025,completed,organic_search,credit_card
12422,8139.0,20.08.2024,completed,email,debit_card
12423,6126.0,17.08.2025,returned,social_media,debit_card
12424,8045.0,12/10/2025,completed,referral,bank_transfer
12425,3633.0,28.12.2024,cancelled,email,debit_card
12426,337.0,03/09/2025,completed,email,paypal
12427,5326.0,24/12/2024,completed,organic_search,paypal
12428,3134.0,07-18-2025,completed,referral,debit_card
12429,4141.0,2025-09-14T19:13:55,completed,referral,paypal
12430,6309.0,28/12/2025,completed,email,paypal
12431,6488.0,25/11/2024,completed,email,credit_card
12432,279.0,28.12.2024,completed,direct,debit_card
12433,7103.0,03.07.2024,completed,email,credit_card
12434,4559.0,08-09-2024,completed,social_media,bank_transfer
12435,5141.0,29.07.2025,cancelled,social_media,bank_transfer
12436,2779.0,2025-12-01,cancelled,social_media,bank_transfer
12437,3885.0,12-20-2024,completed,email,paypal
12438,6572.0,07-17-2024,completed,paid_search,bank_transfer
12439,7175.0,18.10.2024,cancelled,referral,debit_card
12440,3565.0,02-03-2025,completed,social_media,bank_transfer
12441,6413.0,10-23-2024,completed,organic_search,debit_card
12442,2428.0,2024-09-06,completed,social_media,debit_card
12443,7700.0,08-27-2025,completed,paid_search,bank_transfer
12444,5622.0,01-12-2024,completed,email,paypal
12445,7161.0,11/04/2025,completed,referral,credit_card
12446,4407.0,03/10/2025,completed,paid_search,debit_card
12447,2159.0,03/10/2024,completed,organic_search,bank_transfer
12448,3960.0,26/05/2025,COMPLETED,organic_search,credit_card
12449,3520.0,07-12-2025,completed,social_media,credit_card
12450,3081.0,02.07.2025,returned,referral,bank_transfer
12451,2004.0,2025-01-26T00:15:24,completed,paid_search,bank_transfer
12452,7009.0,11-26-2024,completed,referral,credit_card
12453,843.0,2025-10-27T14:48:25,completed,paid_search,paypal
12454,8209.0,2025-09-10T21:36:46,completed,social_media,debit_card
12455,1657.0,2024-11-11,cancelled,referral,bank_transfer
12456,9037.0,02/05/2024,completed,direct,credit_card
12457,9115.0,2024-03-31T19:28:34,completed,paid_search,paypal
12458,3659.0,04-23-2024,completed,organic_search,bank_transfer
12459,9108.0,2025-05-12,completed,referral,credit_card
12460,8042.0,2024-03-08,completed,direct,credit_card
12461,804.0,2024-11-20,completed,organic_search,debit_card
12462,8743.0,07/09/2025,completed,paid_search,debit_card
12463,419.0,26/10/2024,completed,direct,debit_card
12464,1723.0,2025-09-14T02:23:22,completed,referral,paypal
12465,5371.0,2025-09-02T05:10:14,completed,email,debit_card
12466,784.0,16/09/2024,cancelled,referral,credit_card
12467,1538.0,08-22-2025,completed,paid_search,paypal
12468,8796.0,04/09/2025,completed,organic_search,credit_card
12469,9181.0,21.12.2024,cancelled,direct,paypal
12470,7394.0,08-15-2024,completed,email,bank_transfer
12471,4769.0,2025-03-29T18:23:33,completed,email,paypal
12472,8334.0,2025-12-03T21:17:18,completed,referral,debit_card
12473,1097.0,06-21-2025,completed,direct,paypal
12474,8699.0,2024-07-10,completed,organic_search,credit_card
12475,3245.0,2025-07-21,completed,social_media,debit_card
12476,7967.0,2025-01-09,completed,referral,debit_card
12477,6185.0,2025-05-18,cancelled,organic_search,debit_card
12478,8858.0,2025-08-26T17:48:04,returned,email,credit_card
12479,7998.0,2025-03-25,completed,social_media,debit_card
12480,8212.0,2025-10-14T22:08:29,completed,email,paypal
12481,5825.0,2025-08-18T05:51:58,cancelled,email,debit_card
12482,7710.0,2025-06-03,completed,referral,bank_transfer
12483,6993.0,2024-06-18T11:55:56,completed,organic_search,debit_card
12484,1537.0,27/10/2025,completed,paid_search,paypal
12485,5995.0,12-08-2025,completed,email,debit_card
12486,1420.0,06-04-2024,completed,social_media,debit_card
12487,8045.0,03-04-2025,completed,social_media,debit_card
12488,642.0,27.09.2024,completed,direct,debit_card
12489,9104.0,2025-09-08,completed,paid_search,paypal
12490,3684.0,17.08.2025,completed,social_media,credit_card
12491,1619.0,08.06.2024,completed,paid_search,bank_transfer
12492,,2025-11-15T11:00:02,completed,email,debit_card
12493,441.0,2024-07-18T02:30:33,completed,direct,paypal
12494,4344.0,05.10.2025,completed,email,bank_transfer
12495,7113.0,05/02/2025,completed,social_media,debit_card
12496,2939.0,2024-11-16T00:54:07,completed,social_media,debit_card
12497,4895.0,2024-06-25,completed,social_media,credit_card
12498,6486.0,2024-07-05T15:20:44,cancelled,paid_search,credit_card
12499,8782.0,06.07.2025,completed,paid_search,debit_card
12500,1010.0,2025-04-19,completed,paid_search,bank_transfer
12501,1496.0,2024-05-20T01:33:06,completed,referral,credit_card
12502,4710.0,11.05.2024,completed,organic_search,bank_transfer
12503,3858.0,31/03/2024,COMPLETED,organic_search,credit_card
12504,3777.0,2025-09-01,completed,referral,bank_transfer
12505,2767.0,08-11-2025,completed,organic_search,credit_card
12506,5176.0,03-16-2024,completed,social_media,debit_card
12507,8171.0,26/04/2025,completed,referral,debit_card
12508,1529.0,13/04/2024,completed,paid_search,debit_card
12509,2033.0,2025-11-26T17:29:56,completed,paid_search,debit_card
12510,6210.0,2025-11-27,completed,referral,credit_card
12511,553.0,02.08.2025,completed,referral,bank_transfer
12512,6235.0,04.12.2025,completed,social_media,credit_card
12513,2915.0,13.10.2025,completed,referral,credit_card
12514,3293.0,23/10/2025,CANCELLED,organic_search,debit_card
12515,3729.0,03/05/2025,cancelled,social_media,bank_transfer
12516,3226.0,2024-11-03T21:08:05,completed,paid_search,debit_card
12517,7778.0,2024-08-22,completed,social_media,debit_card
12518,8731.0,2024-11-15,completed,direct,bank_transfer
12519,5054.0,06-13-2025,completed,social_media,bank_transfer
12520,5359.0,10.07.2024,completed,referral,bank_transfer
12521,692.0,2024-09-27T00:24:55,completed,organic_search,debit_card
12522,6583.0,15/02/2025,completed,paid_search,debit_card
12523,5369.0,2024-09-05T02:05:37,completed,email,paypal
12524,492.0,2025-05-16T09:52:33,completed,referral,debit_card
12525,1887.0,12-03-2025,returned,social_media,bank_transfer
12526,1918.0,2025-09-04T15:00:32,completed,direct,paypal
12527,1622.0,10.07.2025,completed,direct,paypal
12528,6103.0,12.05.2025,completed,referral,paypal
12529,8589.0,2025-03-04T10:27:39,completed,email,bank_transfer
12530,7046.0,2024-07-23,completed,paid_search,paypal
12531,4409.0,2025-11-22T00:58:45,cancelled,paid_search,credit_card
12532,3715.0,2024-09-18T23:43:57,completed,referral,debit_card
12533,3557.0,2024-04-20,completed,referral,bank_transfer
12534,5543.0,05/09/2025,completed,social_media,paypal
12535,3310.0,07-13-2024,completed,email,debit_card
12536,2128.0,12-09-2024,completed,paid_search,bank_transfer
12537,5556.0,2024-02-09T18:07:38,completed,direct,credit_card
12538,3597.0,2024-06-04T23:17:13,completed,paid_search,paypal
12539,145.0,2024-07-10,completed,direct,credit_card
12540,226.0,2024-03-11,completed,referral,bank_transfer
12541,2574.0,07-03-2025,completed,referral,debit_card
12542,4741.0,2025-10-28T22:10:37,completed,referral,bank_transfer
12543,3266.0,09.12.2024,completed,social_media,credit_card
12544,244.0,11-14-2025,completed,social_media,bank_transfer
12545,2097.0,18.08.2024,completed,paid_search,bank_transfer
12546,945.0,2024-11-14T00:25:10,completed,organic_search,paypal
12547,8756.0,06-18-2024,completed,paid_search,debit_card
12548,2898.0,06-07-2025,completed,direct,debit_card
12549,150.0,02/01/2025,completed,paid_search,paypal
12550,6120.0,06-02-2025,completed,direct,bank_transfer
12551,2187.0,2025-09-13,cancelled,organic_search,bank_transfer
12552,5235.0,16/04/2025,cancelled,email,credit_card
12553,1447.0,12/06/2025,completed,social_media,bank_transfer
12554,9081.0,2025-12-08,completed,referral,debit_card
12555,8956.0,10-29-2024,completed,social_media,paypal
12556,6074.0,12-02-2024,completed,organic_search,debit_card
12557,6540.0,2025-08-15T11:22:55,cancelled,social_media,paypal
12558,3928.0,2025-06-01,completed,email,paypal
12559,8876.0,07-15-2024,completed,organic_search,debit_card
12560,3909.0,2024-12-11,completed,paid_search,debit_card
12561,2254.0,15.02.2025,completed,social_media,bank_transfer
12562,1129.0,2025-01-01,completed,direct,paypal
12563,1968.0,2024-07-15,completed,paid_search,credit_card
12564,5291.0,04/12/2025,completed,paid_search,paypal
12565,2305.0,09-13-2025,completed,social_media,bank_transfer
12566,6057.0,2025-02-27,completed,email,debit_card
12567,3526.0,20.07.2025,completed,paid_search,bank_transfer
12568,8203.0,23/11/2025,completed,paid_search,bank_transfer
12569,5156.0,03.06.2024,completed,organic_search,paypal
12570,5736.0,2024-09-20T07:41:17,completed,paid_search,credit_card
12571,5140.0,2025-04-14,completed,referral,bank_transfer
12572,8194.0,10-05-2025,completed,email,bank_transfer
12573,616.0,2024-02-19T03:41:12,cancelled,referral,bank_transfer
12574,658.0,2025-12-26T03:17:08,completed,referral,credit_card
12575,6496.0,2025-02-03,completed,email,bank_transfer
12576,7092.0,02/12/2024,completed,referral,paypal
12577,4001.0,2024-10-24T03:07:03,completed,referral,paypal
12578,3250.0,07-11-2024,completed,social_media,debit_card
12579,2610.0,2025-10-01,completed,organic_search,credit_card
12580,2203.0,15.12.2025,completed,email,credit_card
12581,8449.0,12-29-2024,completed,referral,bank_transfer
12582,2752.0,14/12/2025,completed,paid_search,paypal
12583,5988.0,20.10.2025,completed,social_media,paypal
12584,7281.0,26.02.2025,completed,organic_search,paypal
12585,223.0,15/07/2025,completed,organic_search,credit_card
12586,336.0,2025-01-16T21:10:40,completed,paid_search,credit_card
12587,3083.0,25.04.2025,completed,organic_search,paypal
12588,6442.0,2024-03-16,cancelled,email,bank_transfer
12589,2448.0,31.07.2025,completed,organic_search,paypal
12590,13.0,10.03.2024,returned,referral,credit_card
12591,2701.0,2025-10-16T23:58:15,completed,email,paypal
12592,881.0,21.10.2025,completed,paid_search,bank_transfer
12593,2062.0,08/09/2024,completed,direct,credit_card
12594,3084.0,13/11/2024,completed,organic_search,bank_transfer
12595,1242.0,2025-02-27T10:33:08,completed,email,bank_transfer
12596,6534.0,21.05.2025,completed,social_media,paypal
12597,2406.0,2024-10-20T09:58:12,completed,social_media,debit_card
12598,6124.0,19.05.2025,completed,social_media,paypal
12599,5524.0,28/10/2024,completed,email,debit_card
12600,8309.0,2024-03-13T01:24:59,completed,email,paypal
12601,860.0,04/01/2024,cancelled,paid_search,bank_transfer
12602,2027.0,30/04/2024,completed,referral,credit_card
12603,8005.0,02/10/2025,completed,email,bank_transfer
12604,7607.0,17/12/2025,completed,direct,paypal
12605,1822.0,2025-01-09T18:34:46,completed,email,paypal
12606,1051.0,23.03.2025,completed,email,credit_card
12607,7919.0,2024-06-14T03:15:39,completed,social_media,credit_card
12608,1684.0,2025-04-20,COMPLETED,social_media,credit_card
12609,8050.0,06-12-2024,completed,referral,debit_card
12610,8866.0,31.05.2025,completed,direct,credit_card
12611,2074.0,07/12/2025,cancelled,organic_search,credit_card
12612,7774.0,08-01-2024,completed,organic_search,paypal
12613,3910.0,2025-09-14,completed,direct,paypal
12614,7301.0,02/02/2024,completed,paid_search,debit_card
12615,3751.0,12-10-2024,COMPLETED,organic_search,bank_transfer
12616,691.0,2024-05-09T15:29:13,completed,paid_search,debit_card
12617,,29.11.2024,COMPLETED,direct,bank_transfer
12618,1446.0,2024-07-11T09:54:33,completed,email,paypal
12619,8579.0,09/12/2024,completed,social_media,debit_card
12620,3852.0,12-31-2024,completed,social_media,paypal
12621,799.0,31/10/2024,completed,direct,paypal
12622,2154.0,2025-07-03T20:24:34,completed,email,debit_card
12623,7979.0,2025-12-02T16:20:44,completed,organic_search,paypal
12624,2981.0,2024-12-23,completed,paid_search,credit_card
12625,7919.0,2024-07-29,returned,organic_search,paypal
12626,1635.0,07/10/2024,completed,paid_search,debit_card
12627,4321.0,2025-11-05,cancelled,social_media,paypal
12628,8124.0,2025-05-04,completed,organic_search,credit_card
12629,475.0,03.02.2025,completed,referral,paypal
12630,2839.0,17.06.2024,completed,direct,credit_card
12631,8428.0,01-30-2025,completed,paid_search,bank_transfer
12632,5499.0,10-13-2024,completed,social_media,bank_transfer
12633,6613.0,2025-12-11,completed,paid_search,paypal
12634,7787.0,2025-11-17,completed,paid_search,credit_card
12635,4846.0,2024-04-12T20:51:54,COMPLETED,social_media,debit_card
12636,7817.0,03-26-2025,completed,direct,credit_card
12637,5888.0,2024-08-29,completed,paid_search,credit_card
12638,6357.0,28/12/2024,completed,referral,credit_card
12639,1474.0,2025-11-15,completed,email,debit_card
12640,8663.0,2025-04-03T04:26:19,completed,paid_search,debit_card
12641,7375.0,2024-11-19,completed,paid_search,credit_card
12642,2390.0,08-13-2024,completed,paid_search,credit_card
12643,5356.0,2025-10-06,completed,referral,debit_card
12644,3471.0,06-10-2025,completed,direct,bank_transfer
12645,,15.02.2025,completed,social_media,bank_transfer
12646,,22.08.2024,completed,email,bank_transfer
12647,444.0,2024-11-19T23:48:41,completed,organic_search,paypal
12648,8787.0,12-17-2025,completed,referral,credit_card
12649,708.0,2025-03-29T02:40:03,completed,organic_search,paypal
12650,4252.0,12-23-2024,completed,paid_search,credit_card
12651,4459.0,29.03.2025,completed,email,credit_card
12652,2530.0,23/09/2025,completed,direct,bank_transfer
12653,5234.0,2024-11-22,completed,direct,paypal
12654,7717.0,2024-07-16,completed,referral,credit_card
12655,2748.0,13.05.2025,cancelled,paid_search,paypal
12656,691.0,2025-07-09T12:23:58,completed,email,credit_card
12657,5828.0,2025-08-11,completed,referral,debit_card
12658,6948.0,11-16-2025,completed,organic_search,credit_card
12659,8808.0,08.12.2024,completed,paid_search,credit_card
12660,1513.0,03/04/2024,completed,email,credit_card
12661,8345.0,16.12.2025,completed,email,debit_card
12662,4460.0,16.01.2025,completed,email,paypal
12663,2217.0,09/06/2025,completed,organic_search,paypal
12664,8883.0,10.07.2025,completed,referral,debit_card
12665,2243.0,17/04/2025,completed,email,debit_card
12666,6778.0,10/08/2024,completed,organic_search,paypal
12667,7256.0,08/09/2025,completed,direct,bank_transfer
12668,3974.0,10-08-2025,completed,direct,credit_card
12669,6400.0,21/04/2025,completed,organic_search,paypal
12670,5294.0,04.03.2025,completed,email,paypal
12671,1822.0,12.05.2024,completed,paid_search,credit_card
12672,7017.0,2024-04-12T20:37:35,completed,direct,paypal
12673,8588.0,2024-11-22T10:00:27,completed,organic_search,credit_card
12674,4512.0,2024-11-06T10:04:11,completed,paid_search,bank_transfer
12675,9178.0,14/12/2025,completed,email,credit_card
12676,3949.0,26.09.2025,cancelled,paid_search,paypal
12677,4433.0,05/07/2025,completed,social_media,paypal
12678,6237.0,27/03/2025,completed,email,paypal
12679,1761.0,04/07/2024,COMPLETED,email,bank_transfer
12680,8348.0,24.12.2025,completed,direct,bank_transfer
12681,7428.0,10.12.2024,COMPLETED,paid_search,bank_transfer
12682,8066.0,05.05.2024,completed,email,paypal
12683,5620.0,03-08-2025,completed,social_media,paypal
12684,8176.0,2025-11-13T20:32:00,completed,referral,paypal
12685,6294.0,2025-11-19,completed,organic_search,debit_card
12686,4733.0,16/01/2024,completed,organic_search,debit_card
12687,8605.0,2025-11-18,completed,referral,bank_transfer
12688,4052.0,2024-10-07T03:45:07,completed,social_media,bank_transfer
12689,4625.0,22.02.2024,completed,email,bank_transfer
12690,1609.0,11-02-2025,completed,social_media,debit_card
12691,8745.0,09/11/2025,completed,paid_search,debit_card
12692,2076.0,21.05.2025,completed,social_media,debit_card
12693,1912.0,06/05/2025,completed,social_media,paypal
12694,996.0,14/10/2025,completed,email,paypal
12695,4182.0,2025-09-28T08:23:10,completed,social_media,paypal
12696,2567.0,11-20-2025,completed,paid_search,debit_card
12697,6848.0,04-21-2025,completed,direct,credit_card
12698,2873.0,12-20-2025,returned,social_media,paypal
12699,6654.0,30/12/2025,completed,direct,bank_transfer
12700,1860.0,15/05/2024,completed,social_media,paypal
12701,2166.0,2025-11-03T14:56:03,completed,email,bank_transfer
12702,7470.0,13.03.2025,completed,organic_search,debit_card
12703,3419.0,16.12.2024,completed,email,paypal
12704,1096.0,2025-06-02,cancelled,direct,credit_card
12705,8868.0,2024-03-13T22:56:18,completed,email,credit_card
12706,1677.0,2025-03-18,completed,paid_search,debit_card
12707,1442.0,12/11/2025,completed,referral,paypal
12708,3300.0,18.08.2024,completed,organic_search,credit_card
12709,938.0,2025-01-08T09:45:43,completed,social_media,paypal
12710,1496.0,12-09-2025,completed,direct,bank_transfer
12711,7828.0,2025-01-10,completed,paid_search,bank_transfer
12712,1627.0,12-02-2024,completed,paid_search,credit_card
12713,1092.0,21/01/2025,completed,organic_search,credit_card
12714,8137.0,2025-03-28T17:22:50,completed,social_media,credit_card
12715,4094.0,15.06.2025,completed,direct,credit_card
12716,1496.0,2025-10-07,completed,organic_search,debit_card
12717,5356.0,01/02/2025,completed,organic_search,credit_card
12718,410.0,10-16-2025,completed,paid_search,debit_card
12719,3945.0,04-07-2025,completed,social_media,debit_card
12720,5432.0,2024-11-21T16:44:14,completed,social_media,paypal
12721,8834.0,04/07/2025,completed,direct,debit_card
12722,3022.0,2025-08-15,CANCELLED,email,bank_transfer
12723,7060.0,2025-04-25T10:00:19,returned,paid_search,bank_transfer
12724,1286.0,2024-03-14T04:31:21,completed,email,debit_card
12725,4001.0,2024-07-07T01:37:43,completed,paid_search,credit_card
12726,2097.0,10-19-2024,completed,social_media,bank_transfer
12727,4550.0,2024-10-16T20:53:58,cancelled,direct,credit_card
12728,3845.0,07-15-2025,completed,email,bank_transfer
12729,9036.0,26/01/2024,completed,paid_search,credit_card
12730,8488.0,09/09/2025,completed,social_media,bank_transfer
12731,5361.0,10-03-2024,completed,organic_search,bank_transfer
12732,1668.0,05/11/2024,completed,direct,bank_transfer
12733,5144.0,04-03-2025,completed,organic_search,paypal
12734,7333.0,08-20-2024,completed,paid_search,debit_card
12735,375.0,18/11/2025,completed,direct,paypal
12736,4003.0,2024-04-14,CANCELLED,social_media,credit_card
12737,420.0,01-25-2025,completed,paid_search,paypal
12738,2297.0,03.11.2025,cancelled,social_media,debit_card
12739,904.0,06-04-2025,cancelled,social_media,bank_transfer
12740,8862.0,2024-10-24T03:19:41,COMPLETED,organic_search,paypal
12741,1600.0,2025-01-03,completed,referral,bank_transfer
12742,1441.0,08-07-2025,completed,referral,paypal
12743,8966.0,2025-12-22,completed,social_media,credit_card
12744,4777.0,2025-11-21,completed,referral,credit_card
12745,7000.0,23.11.2024,cancelled,organic_search,credit_card
12746,3023.0,2025-12-31,COMPLETED,social_media,bank_transfer
12747,4924.0,01-06-2024,completed,email,bank_transfer
12748,66.0,02-08-2024,completed,social_media,credit_card
12749,3761.0,2025-10-20,completed,email,bank_transfer
12750,5123.0,2024-08-05,completed,paid_search,bank_transfer
12751,4761.0,03-18-2024,completed,email,bank_transfer
12752,3731.0,2024-09-08T03:19:51,cancelled,email,paypal
12753,7290.0,08/01/2025,completed,email,bank_transfer
12754,4636.0,08-23-2025,completed,referral,credit_card
12755,5861.0,10.06.2025,completed,organic_search,paypal
12756,1752.0,09/09/2024,completed,direct,debit_card
12757,7967.0,16/03/2025,completed,organic_search,bank_transfer
12758,3345.0,2025-12-04,completed,paid_search,debit_card
12759,4459.0,15/10/2025,completed,social_media,bank_transfer
12760,3249.0,2024-11-13T04:08:52,completed,paid_search,credit_card
12761,8248.0,2025-12-25,completed,direct,bank_transfer
12762,8339.0,2025-08-09T02:45:46,completed,email,paypal
12763,2110.0,20.03.2024,completed,organic_search,credit_card
12764,6956.0,2024-02-17,completed,email,bank_transfer
12765,1013.0,2024-07-05T19:12:21,completed,direct,paypal
12766,299.0,2025-08-22T13:46:13,completed,organic_search,bank_transfer
12767,7737.0,2024-07-21,completed,email,debit_card
12768,1272.0,22.03.2025,completed,organic_search,bank_transfer
12769,1491.0,22/04/2024,completed,paid_search,bank_transfer
12770,5593.0,2025-12-02,cancelled,organic_search,bank_transfer
12771,7567.0,24/11/2024,completed,paid_search,credit_card
12772,1799.0,27/11/2025,completed,direct,credit_card
12773,1123.0,2025-12-11T08:44:15,cancelled,direct,paypal
12774,753.0,09/01/2024,completed,social_media,paypal
12775,253.0,12.02.2025,completed,referral,paypal
12776,1140.0,04.02.2024,completed,organic_search,debit_card
12777,8697.0,11-28-2025,completed,referral,debit_card
12778,936.0,2025-03-27T08:53:57,completed,email,debit_card
12779,5510.0,03.04.2024,completed,direct,debit_card
12780,8520.0,2024-05-09,completed,email,credit_card
12781,5791.0,2024-12-14T02:27:52,completed,organic_search,paypal
12782,325.0,2025-12-10,cancelled,organic_search,paypal
12783,5498.0,2025-07-29T23:55:43,completed,organic_search,paypal
12784,8356.0,2025-11-11,completed,social_media,bank_transfer
12785,2995.0,12-06-2024,completed,paid_search,paypal
12786,2906.0,2024-02-28T06:47:46,completed,referral,paypal
12787,2337.0,22.12.2025,completed,email,paypal
12788,4677.0,2024-01-25T05:15:30,completed,social_media,debit_card
12789,,12-12-2025,completed,organic_search,credit_card
12790,6685.0,07/12/2024,completed,direct,bank_transfer
12791,5953.0,01-15-2024,completed,referral,bank_transfer
12792,3686.0,2025-07-26,completed,social_media,credit_card
12793,6673.0,2025-12-24,completed,referral,debit_card
12794,968.0,12-19-2025,completed,email,credit_card
12795,6926.0,06-28-2024,completed,direct,bank_transfer
12796,5556.0,2024-07-18T14:29:35,completed,referral,bank_transfer
12797,5808.0,2025-04-30,completed,referral,bank_transfer
12798,628.0,2025-06-19T13:36:18,completed,social_media,credit_card
12799,5697.0,2025-08-29,completed,social_media,bank_transfer
12800,4566.0,2024-07-18T22:54:20,completed,email,bank_transfer
12801,4485.0,2025-12-16,completed,paid_search,credit_card
12802,2986.0,2025-06-20,completed,paid_search,credit_card
12803,75.0,11-02-2025,completed,organic_search,credit_card
12804,3903.0,2025-04-12T21:42:58,completed,organic_search,paypal
12805,3688.0,29/12/2024,COMPLETED,paid_search,paypal
12806,3904.0,23/12/2025,completed,referral,paypal
12807,5643.0,2025-05-11,completed,referral,debit_card
12808,2799.0,2025-11-10T10:52:20,completed,paid_search,credit_card
12809,2534.0,2025-12-14T08:54:36,completed,email,paypal
12810,4595.0,2025-07-16,cancelled,social_media,bank_transfer
12811,5456.0,18/04/2025,completed,email,bank_transfer
12812,5242.0,2024-01-06,completed,paid_search,paypal
12813,8155.0,24/02/2024,completed,social_media,credit_card
12814,7103.0,08-06-2024,completed,direct,credit_card
12815,509.0,07-23-2024,cancelled,email,credit_card
12816,5205.0,09-24-2024,completed,email,paypal
12817,3853.0,11-02-2024,completed,organic_search,paypal
12818,3327.0,2024-12-03T15:13:10,returned,referral,credit_card
12819,,03.01.2025,completed,direct,bank_transfer
12820,4213.0,04-27-2024,cancelled,referral,credit_card
12821,6643.0,2024-02-27,cancelled,email,bank_transfer
12822,8925.0,2025-07-15T07:23:31,completed,organic_search,credit_card
12823,1450.0,10/04/2025,cancelled,email,debit_card
12824,536.0,25.01.2025,cancelled,direct,debit_card
12825,2906.0,17/06/2025,RETURNED,email,bank_transfer
12826,430.0,2025-10-22T06:55:55,completed,organic_search,credit_card
12827,1141.0,09.01.2025,completed,direct,credit_card
12828,9153.0,06-22-2025,completed,organic_search,debit_card
12829,8857.0,12-14-2025,completed,referral,paypal
12830,6415.0,29.10.2025,completed,referral,credit_card
12831,6957.0,2025-01-08,cancelled,paid_search,paypal
12832,1351.0,2025-06-24,returned,email,credit_card
12833,5483.0,14.07.2024,completed,social_media,bank_transfer
12834,1490.0,2025-04-26,completed,social_media,bank_transfer
12835,3490.0,2025-12-25T01:13:30,COMPLETED,direct,debit_card
12836,3189.0,27/03/2025,completed,direct,paypal
12837,5663.0,05/12/2025,completed,referral,paypal
12838,774.0,2024-12-26,returned,email,bank_transfer
12839,1018.0,2025-12-31,completed,paid_search,paypal
12840,5624.0,2025-05-10T02:23:22,returned,paid_search,credit_card
12841,5861.0,2024-02-26,COMPLETED,email,debit_card
12842,3141.0,15.05.2025,completed,social_media,debit_card
12843,1408.0,2024-10-10T13:19:10,cancelled,paid_search,debit_card
12844,8197.0,14.02.2024,completed,paid_search,paypal
12845,519.0,2025-10-18,COMPLETED,social_media,paypal
12846,6622.0,11.10.2024,cancelled,direct,debit_card
12847,1345.0,04.10.2025,completed,social_media,bank_transfer
12848,5875.0,10-21-2024,completed,direct,paypal
12849,6149.0,07-31-2024,completed,organic_search,bank_transfer
12850,7458.0,2025-12-22,completed,organic_search,credit_card
12851,3633.0,04/12/2024,returned,paid_search,credit_card
12852,221.0,25/05/2025,cancelled,referral,debit_card
12853,7505.0,2025-05-31T19:53:25,completed,organic_search,bank_transfer
12854,4096.0,04-26-2025,completed,organic_search,paypal
12855,7831.0,30.11.2025,completed,email,credit_card
12856,7167.0,2025-07-16,completed,organic_search,bank_transfer
12857,4600.0,2024-12-24T20:20:37,completed,email,bank_transfer
12858,9220.0,2025-11-08,completed,referral,debit_card
12859,4267.0,18.07.2024,completed,social_media,paypal
12860,6446.0,04-15-2025,completed,organic_search,bank_transfer
12861,6197.0,2025-12-13T08:51:55,completed,social_media,bank_transfer
12862,4800.0,06-11-2025,completed,direct,paypal
12863,5379.0,16.10.2025,cancelled,organic_search,paypal
12864,7398.0,30/06/2025,cancelled,social_media,paypal
12865,5286.0,10-29-2025,returned,direct,debit_card
12866,4156.0,11/12/2025,completed,email,credit_card
12867,6133.0,09/10/2024,completed,direct,paypal
12868,355.0,07-07-2024,completed,email,bank_transfer
12869,1066.0,2025-03-01,completed,direct,paypal
12870,1213.0,2025-08-04T16:24:00,completed,direct,credit_card
12871,3928.0,31/08/2024,COMPLETED,referral,paypal
12872,8059.0,06.01.2024,cancelled,social_media,debit_card
12873,5940.0,24.11.2024,completed,referral,bank_transfer
12874,8971.0,20/12/2025,completed,email,credit_card
12875,395.0,2025-07-30,completed,organic_search,bank_transfer
12876,6666.0,2024-12-23,completed,direct,debit_card
12877,2911.0,2024-07-29T15:13:19,cancelled,referral,credit_card
12878,237.0,2024-12-01,completed,direct,paypal
12879,7641.0,2024-07-07,completed,direct,debit_card
12880,1546.0,05/05/2024,completed,organic_search,credit_card
12881,2019.0,11-27-2025,completed,paid_search,bank_transfer
12882,3147.0,31/12/2025,completed,social_media,debit_card
12883,7296.0,01.07.2024,completed,referral,paypal
12884,5758.0,2024-03-12T06:56:32,completed,paid_search,credit_card
12885,2494.0,16.11.2024,completed,social_media,debit_card
12886,1597.0,02-09-2025,completed,referral,credit_card
12887,1070.0,2024-08-10,COMPLETED,email,bank_transfer
12888,1436.0,31.10.2024,completed,referral,debit_card
12889,8035.0,06.08.2024,completed,social_media,credit_card
12890,8536.0,2025-09-20,completed,email,paypal
12891,8934.0,2025-08-11,completed,referral,bank_transfer
12892,7721.0,17/06/2025,completed,direct,credit_card
12893,8208.0,16.12.2024,completed,paid_search,paypal
12894,7559.0,28.11.2025,cancelled,referral,credit_card
12895,8843.0,20/12/2025,completed,direct,debit_card
12896,7818.0,11/07/2024,COMPLETED,email,paypal
12897,4266.0,2024-08-27,completed,email,paypal
12898,3000.0,2025-04-02T02:54:07,completed,referral,bank_transfer
12899,5371.0,20.04.2024,completed,social_media,bank_transfer
12900,5608.0,2025-01-18T06:21:05,completed,organic_search,credit_card
12901,5315.0,2025-05-11,completed,referral,paypal
12902,6535.0,03-30-2025,completed,email,debit_card
12903,6471.0,17.11.2024,completed,email,paypal
12904,851.0,2025-04-14,completed,organic_search,bank_transfer
12905,2679.0,16/12/2025,completed,direct,credit_card
12906,8230.0,08-11-2024,completed,direct,bank_transfer
12907,5429.0,01/07/2025,cancelled,referral,bank_transfer
12908,3036.0,2024-02-28T18:08:29,completed,organic_search,debit_card
12909,7864.0,03-25-2024,returned,referral,paypal
12910,2338.0,2025-04-20,completed,email,credit_card
12911,3764.0,2024-05-04,COMPLETED,social_media,debit_card
12912,2596.0,01/02/2024,completed,referral,bank_transfer
12913,8053.0,08.07.2024,completed,email,credit_card
12914,6726.0,29.04.2025,returned,organic_search,bank_transfer
12915,4246.0,05/08/2025,COMPLETED,email,credit_card
12916,8610.0,2024-08-08T16:08:07,completed,social_media,credit_card
12917,8583.0,11.07.2025,completed,referral,debit_card
12918,6579.0,2024-07-20,completed,social_media,credit_card
12919,8249.0,2025-06-02T16:26:15,completed,organic_search,credit_card
12920,6643.0,2024-12-28,completed,email,paypal
12921,5796.0,07-01-2025,completed,email,bank_transfer
12922,3884.0,12-30-2025,cancelled,social_media,bank_transfer
12923,2566.0,09.12.2025,completed,email,credit_card
12924,593.0,2024-01-07,completed,direct,credit_card
12925,7423.0,18.11.2025,completed,referral,debit_card
12926,1189.0,2024-03-25,completed,social_media,paypal
12927,3772.0,14/12/2025,completed,organic_search,paypal
12928,2206.0,16.10.2024,completed,email,bank_transfer
12929,4195.0,14/12/2024,completed,direct,bank_transfer
12930,2920.0,20/04/2024,completed,direct,credit_card
12931,7674.0,05-11-2024,cancelled,referral,debit_card
12932,9027.0,08-21-2025,completed,referral,bank_transfer
12933,8684.0,2025-12-11T20:05:52,completed,social_media,debit_card
12934,5734.0,2025-05-31T13:48:13,completed,email,credit_card
12935,9031.0,2025-08-13T04:35:48,completed,paid_search,credit_card
12936,3686.0,09-13-2025,completed,paid_search,debit_card
12937,4832.0,01/10/2024,completed,direct,credit_card
12938,2416.0,01.03.2024,completed,direct,bank_transfer
12939,8308.0,03/01/2024,completed,social_media,bank_transfer
12940,1701.0,11-28-2024,completed,email,bank_transfer
12941,5629.0,12/09/2024,completed,organic_search,bank_transfer
12942,7408.0,2024-03-20,completed,email,bank_transfer
12943,5486.0,07-16-2024,completed,social_media,credit_card
12944,764.0,2024-05-23,completed,direct,bank_transfer
12945,5638.0,2025-11-30,completed,social_media,bank_transfer
12946,7081.0,06-07-2024,completed,direct,bank_transfer
12947,1781.0,2025-04-10T06:52:41,completed,email,paypal
12948,6816.0,19.05.2025,completed,referral,debit_card
12949,8127.0,2025-04-14,completed,paid_search,bank_transfer
12950,9100.0,2024-04-28T04:09:30,completed,organic_search,bank_transfer
12951,3770.0,10/11/2024,COMPLETED,direct,paypal
12952,256.0,08.03.2024,completed,organic_search,bank_transfer
12953,3865.0,20.12.2024,completed,organic_search,paypal
12954,6117.0,2024-07-26,completed,organic_search,bank_transfer
12955,8243.0,2025-04-27,completed,organic_search,bank_transfer
12956,,07-29-2025,completed,social_media,bank_transfer
12957,8425.0,04-06-2025,completed,email,bank_transfer
12958,6095.0,01-15-2025,completed,email,debit_card
12959,6323.0,2024-12-16,COMPLETED,referral,paypal
12960,24.0,31.10.2025,cancelled,organic_search,credit_card
12961,3351.0,2024-08-24T08:17:32,completed,email,debit_card
12962,8392.0,2025-08-26T01:22:33,returned,organic_search,bank_transfer
12963,6396.0,10/09/2025,completed,referral,credit_card
12964,4320.0,01-01-2025,completed,referral,debit_card
12965,1022.0,28/10/2024,completed,organic_search,credit_card
12966,2316.0,2025-02-17T14:19:10,completed,social_media,bank_transfer
12967,5121.0,04-22-2024,completed,email,debit_card
12968,8303.0,02.03.2024,completed,email,debit_card
12969,938.0,10.05.2024,completed,organic_search,paypal
12970,1482.0,2024-07-24,completed,direct,paypal
12971,6064.0,2025-03-16T16:53:30,CANCELLED,social_media,credit_card
12972,2748.0,11-03-2025,completed,referral,paypal
12973,1610.0,07.09.2024,completed,organic_search,paypal
12974,1688.0,08.12.2025,CANCELLED,referral,paypal
12975,4552.0,15/12/2025,completed,social_media,bank_transfer
12976,,16/12/2025,completed,organic_search,bank_transfer
12977,8366.0,2025-10-28T05:46:23,cancelled,social_media,debit_card
12978,4900.0,2024-12-05,completed,social_media,credit_card
12979,6415.0,01/04/2024,completed,social_media,debit_card
12980,1710.0,02/05/2025,CANCELLED,direct,bank_transfer
12981,6585.0,25.04.2025,completed,direct,bank_transfer
12982,5997.0,11-03-2025,completed,referral,credit_card
12983,2041.0,2025-12-30T03:10:30,completed,paid_search,paypal
12984,6193.0,03-19-2025,completed,direct,debit_card
12985,1998.0,25.11.2024,completed,paid_search,bank_transfer
12986,5466.0,23.07.2024,completed,organic_search,debit_card
12987,6188.0,2024-01-07,completed,direct,bank_transfer
12988,6425.0,2025-03-20,completed,paid_search,debit_card
12989,8422.0,23/04/2025,completed,paid_search,paypal
12990,8747.0,21/10/2025,completed,referral,paypal
12991,7498.0,2025-03-17T16:46:28,completed,email,debit_card
12992,8129.0,01.12.2025,CANCELLED,social_media,paypal
12993,197.0,06-13-2025,completed,organic_search,paypal
12994,3343.0,10-30-2025,completed,organic_search,credit_card
12995,393.0,06-15-2024,completed,social_media,paypal
12996,2115.0,05.11.2025,completed,organic_search,debit_card
12997,3521.0,16.07.2025,completed,organic_search,credit_card
12998,8030.0,07.07.2024,completed,organic_search,credit_card
12999,4735.0,27.07.2024,completed,paid_search,debit_card
13000,5998.0,05/12/2025,completed,paid_search,debit_card
13001,3344.0,2024-02-14,completed,social_media,credit_card
13002,5556.0,02-10-2025,completed,direct,bank_transfer
13003,7552.0,07.11.2024,completed,direct,debit_card
13004,2810.0,09/07/2025,completed,social_media,credit_card
13005,8610.0,2025-10-29T21:02:42,completed,email,debit_card
13006,2013.0,03/12/2024,completed,email,bank_transfer
13007,8505.0,09.01.2025,returned,referral,debit_card
13008,286.0,25/12/2025,completed,referral,debit_card
13009,5014.0,2025-09-27,completed,social_media,bank_transfer
13010,9088.0,23.11.2025,completed,social_media,debit_card
13011,,19.01.2025,completed,social_media,bank_transfer
13012,5121.0,2024-09-06T13:42:29,COMPLETED,email,bank_transfer
13013,6322.0,12-28-2024,completed,email,debit_card
13014,2711.0,14/08/2025,completed,organic_search,bank_transfer
13015,527.0,08/05/2024,COMPLETED,email,bank_transfer
13016,2360.0,2024-10-07T20:51:16,completed,organic_search,credit_card
13017,1667.0,2024-03-03T02:15:02,completed,email,credit_card
13018,8544.0,01-14-2025,completed,referral,bank_transfer
13019,7879.0,22/10/2025,completed,organic_search,credit_card
13020,2949.0,04.02.2024,completed,direct,credit_card
13021,7734.0,2025-07-16T20:31:06,completed,direct,paypal
13022,1999.0,07/12/2025,CANCELLED,social_media,debit_card
13023,1897.0,09-08-2024,completed,email,bank_transfer
13024,7086.0,29/07/2025,completed,referral,bank_transfer
13025,3023.0,22/12/2025,completed,social_media,bank_transfer
13026,629.0,12-18-2025,cancelled,referral,paypal
13027,6644.0,2024-09-07,RETURNED,referral,debit_card
13028,9127.0,29/04/2024,completed,email,paypal
13029,5229.0,15.06.2024,returned,paid_search,debit_card
13030,2481.0,04.08.2025,cancelled,organic_search,bank_transfer
13031,3437.0,20/08/2025,COMPLETED,organic_search,credit_card
13032,5996.0,15.07.2025,completed,direct,bank_transfer
13033,6495.0,20/11/2024,returned,direct,paypal
13034,8200.0,2024-07-07T12:43:33,returned,referral,credit_card
13035,8416.0,2025-05-10T23:31:56,completed,paid_search,credit_card
13036,7965.0,03-01-2025,completed,direct,credit_card
13037,5994.0,08-22-2025,completed,paid_search,credit_card
13038,4154.0,22/01/2025,completed,organic_search,bank_transfer
13039,6286.0,21.11.2024,completed,referral,credit_card
13040,6167.0,10-25-2024,completed,referral,bank_transfer
13041,2059.0,16.08.2024,completed,email,credit_card
13042,4699.0,2024-10-03T00:56:51,completed,paid_search,paypal
13043,1969.0,23/04/2024,completed,email,bank_transfer
13044,8323.0,11-26-2024,completed,email,paypal
13045,3000.0,02-19-2024,completed,social_media,debit_card
13046,7467.0,23/07/2024,completed,direct,paypal
13047,3478.0,03/09/2025,returned,social_media,paypal
13048,7052.0,14.11.2024,completed,paid_search,paypal
13049,2075.0,07-11-2025,completed,social_media,debit_card
13050,,2025-08-14T23:15:02,completed,social_media,debit_card
13051,1699.0,2025-05-11T13:05:33,returned,paid_search,bank_transfer
13052,4535.0,16.12.2025,completed,email,debit_card
13053,1117.0,01-30-2024,completed,social_media,credit_card
13054,4888.0,08-29-2025,completed,direct,paypal
13055,7598.0,12-16-2025,returned,direct,bank_transfer
13056,6984.0,11-08-2025,completed,paid_search,paypal
13057,496.0,2024-07-05T03:28:45,completed,paid_search,debit_card
13058,4548.0,15.11.2024,completed,direct,credit_card
13059,7879.0,09.07.2024,completed,social_media,bank_transfer
13060,6011.0,05-25-2025,completed,paid_search,paypal
13061,582.0,2025-08-11T22:10:18,completed,direct,paypal
13062,3014.0,09/11/2024,COMPLETED,social_media,paypal
13063,5140.0,2025-04-12,completed,social_media,credit_card
13064,1637.0,27.07.2025,completed,email,credit_card
13065,6316.0,03.01.2025,completed,direct,paypal
13066,5858.0,11-05-2025,completed,referral,bank_transfer
13067,1922.0,2025-09-19T11:55:41,COMPLETED,referral,credit_card
13068,5075.0,2024-03-23,completed,direct,bank_transfer
13069,7510.0,06-08-2025,completed,paid_search,credit_card
13070,3457.0,2024-09-07T04:42:46,completed,organic_search,bank_transfer
13071,2320.0,24/04/2025,completed,referral,debit_card
13072,6494.0,16/12/2025,completed,referral,credit_card
13073,694.0,15/11/2025,COMPLETED,organic_search,paypal
13074,7706.0,12-25-2024,returned,social_media,paypal
13075,8707.0,10-23-2024,completed,direct,debit_card
13076,8900.0,2024-09-06,completed,referral,bank_transfer
13077,3992.0,06/04/2025,completed,referral,debit_card
13078,5741.0,13/05/2024,cancelled,direct,debit_card
13079,7930.0,19/04/2025,COMPLETED,social_media,debit_card
13080,2100.0,02/01/2024,completed,email,bank_transfer
13081,281.0,13.11.2024,completed,email,credit_card
13082,3549.0,24.08.2024,completed,referral,bank_transfer
13083,8183.0,2025-12-21T18:05:26,completed,social_media,paypal
13084,4671.0,08-21-2025,completed,organic_search,bank_transfer
13085,4904.0,2024-11-27,completed,social_media,credit_card
13086,6418.0,04-21-2024,cancelled,email,credit_card
13087,5311.0,2025-03-26,completed,direct,debit_card
13088,534.0,08-18-2024,returned,social_media,credit_card
13089,5178.0,04-09-2025,COMPLETED,email,bank_transfer
13090,5986.0,27.10.2025,completed,paid_search,debit_card
13091,5919.0,2025-06-04,completed,organic_search,credit_card
13092,6727.0,17.06.2025,completed,paid_search,paypal
13093,4813.0,13/04/2025,completed,organic_search,paypal
13094,8332.0,05/12/2025,cancelled,paid_search,credit_card
13095,4289.0,2025-12-06T22:27:28,cancelled,email,paypal
13096,,23/03/2025,completed,social_media,credit_card
13097,7209.0,2024-11-03,completed,referral,bank_transfer
13098,7710.0,08.02.2025,completed,referral,credit_card
13099,5992.0,2024-07-23,completed,referral,paypal
13100,1223.0,06-18-2025,completed,email,paypal
13101,3073.0,13.03.2025,completed,direct,debit_card
13102,205.0,2024-05-02,completed,organic_search,paypal
13103,2754.0,03/08/2024,completed,direct,credit_card
13104,5273.0,2025-02-25T22:30:13,completed,paid_search,bank_transfer
13105,7465.0,19.11.2025,returned,referral,paypal
13106,5383.0,2025-04-30T08:35:50,cancelled,paid_search,bank_transfer
13107,395.0,21.07.2025,completed,organic_search,bank_transfer
13108,2433.0,2024-11-21T17:29:23,completed,organic_search,credit_card
13109,5348.0,04/05/2025,completed,social_media,bank_transfer
13110,6557.0,2025-01-28T05:26:40,completed,direct,credit_card
13111,8017.0,2025-07-05,completed,direct,paypal
13112,8931.0,2024-03-07,COMPLETED,referral,paypal
13113,8247.0,2025-03-08,completed,referral,bank_transfer
13114,4312.0,27.10.2024,completed,email,debit_card
13115,6904.0,11-14-2024,completed,referral,bank_transfer
13116,2263.0,17/12/2025,completed,paid_search,debit_card
13117,621.0,07-20-2024,completed,organic_search,debit_card
13118,540.0,2024-11-06T04:00:28,completed,organic_search,bank_transfer
13119,2273.0,21.03.2025,cancelled,email,debit_card
13120,369.0,11-09-2025,completed,organic_search,paypal
13121,7861.0,12-31-2024,completed,organic_search,debit_card
13122,4524.0,01/09/2025,cancelled,organic_search,debit_card
13123,7503.0,2025-11-06,completed,paid_search,paypal
13124,8671.0,11-05-2024,COMPLETED,paid_search,credit_card
13125,9173.0,19.12.2024,completed,direct,credit_card
13126,8647.0,01.12.2024,COMPLETED,referral,credit_card
13127,6614.0,25.10.2025,completed,email,debit_card
13128,4072.0,29.02.2024,COMPLETED,organic_search,debit_card
13129,5515.0,11-04-2024,completed,paid_search,bank_transfer
13130,7564.0,07-19-2025,completed,paid_search,paypal
13131,8304.0,2025-04-30,cancelled,email,paypal
13132,8826.0,17.01.2025,cancelled,paid_search,paypal
13133,6751.0,2025-04-12T16:22:08,completed,direct,credit_card
13134,4988.0,2024-08-03,completed,paid_search,debit_card
13135,8938.0,01-12-2025,completed,paid_search,credit_card
13136,8848.0,2025-03-15,completed,organic_search,paypal
13137,4410.0,2025-11-24T14:33:18,completed,organic_search,paypal
13138,5996.0,09-29-2024,completed,paid_search,debit_card
13139,7492.0,11.11.2025,completed,social_media,bank_transfer
13140,3998.0,2025-06-24T10:13:29,completed,social_media,paypal
13141,7671.0,29/01/2024,completed,paid_search,credit_card
13142,1092.0,08-19-2025,completed,social_media,paypal
13143,4449.0,2024-02-18T02:48:11,completed,paid_search,credit_card
13144,4466.0,31/12/2025,completed,paid_search,bank_transfer
13145,6347.0,2025-11-13T05:17:19,cancelled,social_media,credit_card
13146,1139.0,2024-10-28,completed,social_media,bank_transfer
13147,1017.0,09-26-2024,completed,paid_search,debit_card
13148,8337.0,2024-12-13T06:05:19,completed,organic_search,debit_card
13149,2833.0,2024-12-01T11:40:16,completed,social_media,credit_card
13150,3023.0,09/12/2024,returned,direct,debit_card
13151,7177.0,10/11/2024,returned,social_media,debit_card
13152,3820.0,06-08-2025,completed,organic_search,debit_card
13153,7708.0,01.07.2024,completed,social_media,debit_card
13154,3692.0,02.11.2025,completed,social_media,debit_card
13155,7024.0,2025-10-13,completed,referral,paypal
13156,4863.0,22.02.2025,completed,social_media,credit_card
13157,8635.0,11-04-2025,completed,email,debit_card
13158,3023.0,2024-09-17T11:32:02,completed,social_media,paypal
13159,3343.0,25.01.2024,completed,organic_search,paypal
13160,8956.0,06-06-2025,completed,direct,paypal
13161,6822.0,06/02/2025,completed,paid_search,paypal
13162,7132.0,05-01-2025,completed,email,debit_card
13163,2760.0,2025-11-24T18:25:29,completed,social_media,credit_card
13164,4917.0,20/12/2025,completed,email,paypal
13165,2906.0,17.06.2025,cancelled,direct,credit_card
13166,2442.0,14/09/2025,completed,referral,debit_card
13167,4940.0,2024-04-12T19:12:11,returned,paid_search,bank_transfer
13168,9107.0,2024-06-28T13:24:55,cancelled,email,paypal
13169,2027.0,25/08/2025,completed,organic_search,debit_card
13170,2284.0,2025-01-13,completed,organic_search,bank_transfer
13171,2291.0,01-26-2025,completed,social_media,paypal
13172,7331.0,04.11.2024,completed,social_media,paypal
13173,4726.0,2025-05-29T03:21:41,completed,direct,credit_card
13174,3551.0,07-22-2024,COMPLETED,direct,bank_transfer
13175,7801.0,2025-06-12T14:47:35,completed,social_media,bank_transfer
13176,2774.0,07-11-2024,completed,referral,debit_card
13177,3608.0,2024-03-22T20:24:57,completed,referral,credit_card
13178,719.0,17/11/2024,completed,direct,credit_card
13179,1163.0,03/09/2024,completed,social_media,credit_card
13180,1323.0,19.11.2025,completed,direct,paypal
13181,3202.0,12.03.2024,completed,organic_search,bank_transfer
13182,4850.0,07-14-2024,COMPLETED,paid_search,credit_card
13183,10.0,2025-04-18,completed,paid_search,paypal
13184,1803.0,2025-02-26,completed,paid_search,paypal
13185,1664.0,03-02-2024,completed,organic_search,credit_card
13186,2380.0,2024-01-11,completed,organic_search,paypal
13187,1577.0,27/12/2025,completed,email,paypal
13188,1856.0,04.07.2025,completed,social_media,paypal
13189,9079.0,2024-12-06,COMPLETED,paid_search,paypal
13190,5478.0,17/02/2025,completed,paid_search,paypal
13191,7045.0,04.10.2024,completed,referral,debit_card
13192,7586.0,11-25-2024,cancelled,social_media,bank_transfer
13193,6178.0,2025-06-27,COMPLETED,social_media,bank_transfer
13194,6517.0,11-17-2025,completed,email,paypal
13195,5828.0,2024-07-21,completed,paid_search,paypal
13196,6004.0,2025-10-30,completed,social_media,debit_card
13197,8589.0,20.05.2024,completed,direct,debit_card
13198,1761.0,2024-08-20,completed,paid_search,credit_card
13199,2580.0,02-20-2024,completed,organic_search,paypal
13200,912.0,2024-06-08,cancelled,direct,credit_card
13201,7743.0,2025-12-01T07:08:08,completed,organic_search,debit_card
13202,4148.0,02-07-2025,completed,email,paypal
13203,8395.0,06.04.2024,completed,referral,bank_transfer
13204,3786.0,2025-12-17T10:13:18,completed,direct,debit_card
13205,4080.0,15.11.2025,cancelled,direct,bank_transfer
13206,4144.0,08.09.2025,completed,email,bank_transfer
13207,5650.0,2025-12-07T08:51:55,completed,direct,bank_transfer
13208,7073.0,08-24-2024,returned,social_media,debit_card
13209,3241.0,27/10/2025,completed,organic_search,bank_transfer
13210,5809.0,27.07.2025,completed,social_media,credit_card
13211,1927.0,2025-11-11T16:38:36,completed,referral,paypal
13212,5112.0,10-04-2025,completed,direct,debit_card
13213,5046.0,11-26-2024,returned,social_media,credit_card
13214,8219.0,2025-09-20,completed,email,debit_card
13215,8284.0,2024-09-30T05:10:38,completed,organic_search,paypal
13216,4499.0,16.11.2024,COMPLETED,email,bank_transfer
13217,251.0,05-06-2024,completed,paid_search,paypal
13218,7809.0,08/12/2025,completed,paid_search,credit_card
13219,8.0,23.10.2024,completed,social_media,debit_card
13220,4417.0,03-29-2025,completed,referral,credit_card
13221,201.0,18.12.2024,completed,organic_search,credit_card
13222,3250.0,17/12/2025,COMPLETED,organic_search,paypal
13223,5867.0,2024-11-19,completed,organic_search,bank_transfer
13224,3420.0,2025-09-23,completed,social_media,debit_card
13225,8578.0,11-06-2025,completed,referral,paypal
13226,5910.0,17/01/2025,completed,social_media,paypal
13227,5971.0,2024-12-12,returned,paid_search,debit_card
13228,3453.0,04/09/2025,completed,email,debit_card
13229,380.0,2025-11-29,completed,email,bank_transfer
13230,6830.0,2025-09-08T02:30:29,COMPLETED,paid_search,bank_transfer
13231,6613.0,08-31-2024,completed,email,debit_card
13232,4902.0,2025-11-19T19:46:54,completed,email,bank_transfer
13233,3833.0,2024-12-16,returned,paid_search,bank_transfer
13234,4972.0,2025-05-07T13:19:49,completed,email,debit_card
13235,6902.0,10-25-2025,completed,direct,bank_transfer
13236,6580.0,25/07/2024,completed,paid_search,debit_card
13237,6097.0,09-27-2025,completed,direct,paypal
13238,8364.0,2025-05-21T22:36:42,completed,paid_search,credit_card
13239,5623.0,21.11.2025,cancelled,email,bank_transfer
13240,147.0,2024-07-09T02:36:47,completed,email,credit_card
13241,5696.0,01-03-2025,completed,referral,paypal
13242,5650.0,2025-10-25T22:57:54,completed,paid_search,bank_transfer
13243,682.0,27/01/2024,completed,social_media,credit_card
13244,3948.0,05-11-2024,completed,organic_search,paypal
13245,6022.0,12-28-2025,completed,email,credit_card
13246,6519.0,10-15-2024,completed,email,credit_card
13247,8256.0,23/12/2025,completed,paid_search,paypal
13248,7780.0,20/07/2024,completed,referral,paypal
13249,1141.0,2024-12-03,completed,social_media,paypal
13250,5613.0,07.09.2025,cancelled,direct,debit_card
13251,5499.0,04.07.2025,completed,direct,credit_card
13252,2833.0,11/05/2025,completed,direct,credit_card
13253,1749.0,2025-04-05,completed,referral,paypal
13254,1896.0,01/11/2025,completed,direct,paypal
13255,1679.0,09-07-2024,COMPLETED,organic_search,paypal
13256,7470.0,2025-01-23,completed,direct,paypal
13257,1422.0,06-22-2024,completed,direct,debit_card
13258,2489.0,2025-05-21,completed,direct,credit_card
13259,2056.0,2024-09-20,completed,direct,paypal
13260,6580.0,11-18-2024,completed,referral,credit_card
13261,1501.0,18.02.2025,completed,email,bank_transfer
13262,244.0,02-06-2024,completed,referral,bank_transfer
13263,3451.0,20/04/2024,COMPLETED,referral,paypal
13264,2848.0,24.07.2025,completed,referral,credit_card
13265,3652.0,2025-01-11T11:19:21,completed,referral,credit_card
13266,6968.0,09.11.2025,completed,email,paypal
13267,125.0,30.07.2025,completed,direct,bank_transfer
13268,372.0,12/01/2024,completed,email,debit_card
13269,2404.0,2025-06-04T05:58:00,completed,email,debit_card
13270,8224.0,22.04.2024,completed,organic_search,paypal
13271,1603.0,09-25-2025,cancelled,direct,bank_transfer
13272,9202.0,2025-12-28,completed,referral,paypal
13273,7468.0,04-06-2025,completed,email,debit_card
13274,4208.0,2025-07-21,completed,referral,debit_card
13275,6912.0,09.09.2024,completed,referral,debit_card
13276,4804.0,2025-01-18T19:24:04,cancelled,social_media,paypal
13277,5229.0,11-06-2025,completed,paid_search,bank_transfer
13278,5356.0,07-04-2024,completed,referral,paypal
13279,5997.0,03/10/2024,completed,organic_search,debit_card
13280,599.0,2025-01-26T21:23:26,completed,social_media,bank_transfer
13281,5681.0,11.08.2025,completed,organic_search,bank_transfer
13282,6619.0,2024-12-11,completed,email,paypal
13283,2890.0,12-05-2025,completed,organic_search,paypal
13284,9028.0,23/04/2024,COMPLETED,direct,paypal
13285,1384.0,08.12.2024,completed,paid_search,paypal
13286,8434.0,09/08/2025,completed,social_media,paypal
13287,6256.0,30.08.2024,completed,organic_search,bank_transfer
13288,6156.0,2025-07-03,completed,direct,bank_transfer
13289,8102.0,01.07.2024,completed,social_media,bank_transfer
13290,7696.0,2024-03-13,completed,email,credit_card
13291,3189.0,2024-05-19,completed,direct,bank_transfer
13292,6524.0,2025-12-06T13:58:33,completed,social_media,paypal
13293,494.0,20/04/2025,completed,referral,paypal
13294,4286.0,2025-10-04T14:13:12,completed,email,bank_transfer
13295,8652.0,18/11/2024,completed,referral,paypal
13296,2573.0,2025-05-19,completed,direct,credit_card
13297,487.0,2025-03-09T07:44:45,returned,social_media,paypal
13298,5368.0,2025-12-12,completed,direct,bank_transfer
13299,3277.0,04/09/2025,completed,social_media,credit_card
13300,3504.0,23/08/2025,completed,email,credit_card
13301,5365.0,02.03.2024,completed,paid_search,debit_card
13302,5727.0,19/04/2025,completed,referral,credit_card
13303,4031.0,02-14-2025,completed,email,paypal
13304,4699.0,05.12.2025,completed,social_media,debit_card
13305,9165.0,26.09.2024,completed,email,bank_transfer
13306,8835.0,2024-10-06T08:51:09,completed,social_media,paypal
13307,6542.0,28.12.2024,completed,referral,paypal
13308,1535.0,14/09/2024,completed,social_media,paypal
13309,3319.0,2024-05-27T09:27:11,COMPLETED,email,debit_card
13310,8170.0,06/11/2025,completed,email,credit_card
13311,3907.0,25.04.2025,completed,referral,credit_card
13312,8818.0,2025-11-08,completed,email,credit_card
13313,4510.0,2025-10-24,completed,organic_search,bank_transfer
13314,7970.0,16/10/2024,completed,social_media,paypal
13315,353.0,17/04/2025,completed,social_media,bank_transfer
13316,4005.0,04-12-2024,completed,social_media,credit_card
13317,6484.0,30/11/2025,completed,direct,credit_card
13318,7987.0,25.12.2024,completed,organic_search,bank_transfer
13319,5621.0,12-19-2024,completed,referral,paypal
13320,1644.0,11-01-2024,completed,social_media,credit_card
13321,8196.0,08/02/2025,completed,email,debit_card
13322,5314.0,09-21-2024,completed,organic_search,bank_transfer
13323,1054.0,10.12.2024,returned,organic_search,paypal
13324,4283.0,2025-10-06,completed,referral,credit_card
13325,6471.0,2025-10-26,cancelled,paid_search,bank_transfer
13326,4166.0,02/11/2024,completed,social_media,paypal
13327,8048.0,2025-02-16T13:15:56,completed,social_media,paypal
13328,3909.0,13.11.2025,completed,social_media,credit_card
13329,5368.0,2024-03-10,COMPLETED,referral,bank_transfer
13330,1997.0,20/11/2025,completed,social_media,bank_transfer
13331,4743.0,24/08/2024,completed,paid_search,paypal
13332,2095.0,2025-07-19T16:30:51,completed,paid_search,credit_card
13333,2118.0,12/05/2025,completed,referral,paypal
13334,2630.0,04-21-2025,completed,social_media,paypal
13335,428.0,07.11.2025,completed,direct,credit_card
13336,1550.0,30.04.2024,completed,direct,paypal
13337,3917.0,2024-11-26T09:26:11,completed,social_media,paypal
13338,1271.0,11/04/2025,completed,paid_search,debit_card
13339,1293.0,2025-10-13T04:47:08,completed,direct,credit_card
13340,8934.0,2024-08-21T09:55:39,COMPLETED,organic_search,credit_card
13341,3943.0,2025-10-08,returned,social_media,paypal
13342,3710.0,2024-12-22T19:31:20,completed,email,bank_transfer
13343,2520.0,2024-07-26T11:15:03,completed,referral,paypal
13344,4741.0,09-11-2025,completed,paid_search,paypal
13345,5493.0,2024-04-19,completed,email,credit_card
13346,3857.0,03-24-2025,completed,email,paypal
13347,3623.0,2024-03-22,completed,referral,credit_card
13348,6486.0,2024-12-01T06:51:43,completed,social_media,bank_transfer
13349,8764.0,2025-05-25,COMPLETED,email,paypal
13350,8119.0,2025-04-23,cancelled,email,paypal
13351,1159.0,25.12.2024,completed,social_media,debit_card
13352,6036.0,2025-01-11,returned,email,credit_card
13353,68.0,31/08/2024,completed,direct,paypal
13354,5837.0,2025-02-04T16:47:55,completed,direct,credit_card
13355,4290.0,2025-12-14,cancelled,email,bank_transfer
13356,4538.0,03.11.2025,completed,organic_search,debit_card
13357,5406.0,12.06.2024,completed,organic_search,bank_transfer
13358,6870.0,02-10-2024,completed,organic_search,debit_card
13359,6740.0,2025-12-07T11:31:56,COMPLETED,email,bank_transfer
13360,431.0,2025-04-02,cancelled,paid_search,paypal
13361,6812.0,10.04.2025,completed,direct,debit_card
13362,7675.0,2025-09-24,completed,referral,credit_card
13363,667.0,11-08-2024,completed,direct,debit_card
13364,2998.0,27/02/2025,completed,email,debit_card
13365,7333.0,20/12/2025,completed,email,debit_card
13366,4555.0,14.07.2025,completed,social_media,debit_card
13367,6436.0,21.06.2024,completed,organic_search,credit_card
13368,4644.0,31.05.2024,completed,direct,paypal
13369,9027.0,10/08/2024,completed,social_media,debit_card
13370,8639.0,09-16-2025,COMPLETED,referral,debit_card
13371,2642.0,27.10.2024,COMPLETED,referral,debit_card
13372,3556.0,2024-01-30,completed,social_media,debit_card
13373,3984.0,11/12/2025,completed,direct,paypal
13374,1022.0,2024-07-07T05:00:14,completed,email,debit_card
13375,3715.0,14/01/2024,completed,organic_search,bank_transfer
13376,7157.0,08.09.2024,completed,email,paypal
13377,7830.0,2024-09-07,completed,email,credit_card
13378,8198.0,2025-01-04,completed,paid_search,bank_transfer
13379,148.0,02/12/2025,completed,direct,bank_transfer
13380,7301.0,15.11.2025,completed,email,credit_card
13381,4647.0,2025-02-05,completed,social_media,credit_card
13382,1947.0,2024-12-28T12:38:54,completed,direct,paypal
13383,4606.0,22.04.2025,cancelled,referral,debit_card
13384,7804.0,09-14-2024,completed,email,credit_card
13385,4006.0,2024-03-09T16:48:42,completed,social_media,paypal
13386,9137.0,12-09-2025,completed,email,debit_card
13387,5683.0,24.07.2024,completed,social_media,paypal
13388,4522.0,04/08/2024,cancelled,social_media,paypal
13389,2749.0,02-19-2025,completed,paid_search,credit_card
13390,110.0,2025-03-07T11:39:38,completed,organic_search,credit_card
13391,5630.0,01-26-2024,COMPLETED,paid_search,bank_transfer
13392,5340.0,15.06.2024,completed,direct,bank_transfer
13393,4785.0,12.12.2024,CANCELLED,direct,paypal
13394,4966.0,2025-07-22,completed,referral,debit_card
13395,7800.0,2024-09-01T08:58:51,completed,referral,bank_transfer
13396,2939.0,01-05-2025,cancelled,paid_search,paypal
13397,5073.0,24/04/2025,completed,social_media,paypal
13398,6294.0,19.11.2025,completed,email,debit_card
13399,1983.0,2024-11-14,cancelled,direct,credit_card
13400,8556.0,2024-06-01T02:13:06,completed,direct,credit_card
13401,6817.0,03-05-2025,RETURNED,organic_search,debit_card
13402,521.0,2025-09-03T11:53:30,completed,email,credit_card
13403,8004.0,08.05.2024,completed,paid_search,bank_transfer
13404,8596.0,06/01/2025,completed,organic_search,bank_transfer
13405,7350.0,2024-01-25,completed,social_media,paypal
13406,3933.0,02-15-2024,completed,social_media,credit_card
13407,9179.0,2025-02-28T05:47:46,returned,email,credit_card
13408,1206.0,29.10.2024,completed,referral,debit_card
13409,4952.0,01.11.2025,completed,referral,bank_transfer
13410,1617.0,25/05/2025,cancelled,paid_search,credit_card
13411,4047.0,2025-02-02T07:41:52,completed,organic_search,debit_card
13412,8582.0,26.12.2024,completed,social_media,bank_transfer
13413,7356.0,2025-03-11,completed,email,credit_card
13414,7227.0,2024-02-24T23:36:39,completed,referral,bank_transfer
13415,3262.0,2025-11-21,COMPLETED,email,credit_card
13416,8618.0,12-31-2025,completed,paid_search,paypal
13417,3393.0,2024-07-18,CANCELLED,paid_search,bank_transfer
13418,395.0,2024-05-19,completed,direct,debit_card
13419,5881.0,06-11-2024,completed,social_media,debit_card
13420,3343.0,06/07/2025,completed,social_media,paypal
13421,1481.0,2025-07-06T16:48:50,completed,email,debit_card
13422,8622.0,02.11.2025,completed,email,bank_transfer
13423,5873.0,06/09/2025,cancelled,referral,debit_card
13424,8673.0,2025-01-30T04:46:47,completed,direct,paypal
13425,5368.0,06-02-2025,completed,email,paypal
13426,621.0,07-25-2025,returned,email,paypal
13427,300.0,23.03.2025,cancelled,organic_search,paypal
13428,8337.0,22.02.2025,completed,organic_search,debit_card
13429,383.0,2025-06-25T18:17:28,returned,organic_search,credit_card
13430,5669.0,2025-04-24,completed,referral,credit_card
13431,2779.0,24.06.2025,completed,organic_search,paypal
13432,6378.0,06-02-2025,completed,social_media,credit_card
13433,2672.0,08-16-2025,completed,organic_search,bank_transfer
13434,367.0,2025-06-23,completed,direct,debit_card
13435,6752.0,03-28-2025,returned,social_media,credit_card
13436,2890.0,21/07/2025,completed,organic_search,debit_card
13437,5079.0,30/01/2025,completed,email,credit_card
13438,7145.0,13/09/2024,completed,direct,bank_transfer
13439,6506.0,2024-01-03T13:11:02,completed,paid_search,bank_transfer
13440,3215.0,04-26-2025,completed,paid_search,paypal
13441,6912.0,2025-05-17,completed,social_media,bank_transfer
13442,8566.0,2025-12-21T06:47:56,completed,organic_search,debit_card
13443,5624.0,03/12/2024,completed,organic_search,credit_card
13444,6513.0,20/12/2024,returned,social_media,paypal
13445,8010.0,07.08.2024,completed,referral,debit_card
13446,7801.0,2024-03-29T16:44:53,CANCELLED,paid_search,bank_transfer
13447,3245.0,20/09/2025,completed,paid_search,credit_card
13448,9153.0,19.09.2024,completed,organic_search,debit_card
13449,289.0,30.05.2025,completed,email,credit_card
13450,9103.0,25.07.2025,completed,social_media,debit_card
13451,2315.0,02-18-2025,completed,organic_search,bank_transfer
13452,4056.0,11-14-2025,cancelled,email,paypal
13453,8175.0,2025-01-24,completed,social_media,debit_card
13454,2300.0,2024-10-18,completed,organic_search,bank_transfer
13455,2115.0,2025-11-22,completed,direct,debit_card
13456,5938.0,08/11/2025,completed,referral,paypal
13457,6525.0,2024-07-01T10:53:42,COMPLETED,direct,debit_card
13458,73.0,05.02.2024,completed,organic_search,paypal
13459,4160.0,2024-04-18T11:38:02,completed,social_media,debit_card
13460,4514.0,20.10.2024,completed,social_media,credit_card
13461,2547.0,21.12.2025,completed,direct,credit_card
13462,5041.0,25.04.2025,completed,paid_search,debit_card
13463,1490.0,2024-12-09T04:46:36,completed,referral,bank_transfer
13464,3001.0,11-19-2025,completed,social_media,credit_card
13465,6584.0,2025-02-02T06:40:26,COMPLETED,organic_search,paypal
13466,8083.0,08.11.2024,completed,paid_search,bank_transfer
13467,5423.0,10.12.2025,completed,organic_search,bank_transfer
13468,734.0,2025-11-03T19:09:20,cancelled,direct,credit_card
13469,6280.0,2025-11-01T17:27:14,cancelled,direct,debit_card
13470,8304.0,03-23-2025,completed,referral,credit_card
13471,4663.0,30/09/2025,completed,referral,debit_card
13472,4561.0,2024-07-16,completed,organic_search,debit_card
13473,9149.0,05/05/2025,completed,direct,paypal
13474,5863.0,12-26-2025,completed,referral,debit_card
13475,7469.0,2024-10-23,completed,referral,credit_card
13476,5971.0,03.10.2025,completed,organic_search,paypal
13477,,2025-03-06T18:05:24,completed,social_media,bank_transfer
13478,2670.0,23.02.2024,completed,referral,debit_card
13479,6165.0,2025-09-13,completed,direct,debit_card
13480,4207.0,06/07/2024,completed,direct,debit_card
13481,3718.0,15/06/2025,completed,organic_search,bank_transfer
13482,228.0,2024-04-14T03:40:26,cancelled,organic_search,paypal
13483,8183.0,12.12.2025,COMPLETED,referral,bank_transfer
13484,8183.0,2024-10-24T23:58:20,completed,social_media,paypal
13485,4254.0,08-30-2024,completed,paid_search,paypal
13486,6488.0,27.05.2024,completed,direct,credit_card
13487,1683.0,2025-12-12,completed,email,credit_card
13488,4658.0,2025-08-11,completed,social_media,debit_card
13489,4042.0,08-31-2025,COMPLETED,paid_search,paypal
13490,6080.0,13.03.2025,COMPLETED,paid_search,paypal
13491,4338.0,21.02.2025,completed,referral,bank_transfer
13492,4602.0,08.05.2024,completed,paid_search,paypal
13493,2757.0,26/04/2025,completed,paid_search,debit_card
13494,475.0,2024-09-17T09:31:58,COMPLETED,social_media,paypal
13495,8485.0,2025-12-23,completed,paid_search,bank_transfer
13496,124.0,2025-10-04T07:38:12,COMPLETED,paid_search,bank_transfer
13497,2643.0,12-29-2024,completed,referral,paypal
13498,4136.0,18/06/2024,completed,direct,credit_card
13499,2964.0,27/09/2025,completed,direct,paypal
13500,5090.0,20.05.2024,completed,direct,paypal
13501,4261.0,26/07/2024,completed,organic_search,paypal
13502,2402.0,2024-08-16T09:06:41,completed,referral,paypal
13503,860.0,2025-04-24,completed,paid_search,paypal
13504,1325.0,2025-09-28,completed,organic_search,credit_card
13505,4488.0,2024-11-08T00:23:49,completed,paid_search,bank_transfer
13506,7821.0,04-13-2024,completed,referral,debit_card
13507,991.0,12/02/2025,completed,paid_search,credit_card
13508,6263.0,04.09.2025,completed,paid_search,credit_card
13509,7333.0,26/08/2024,completed,paid_search,paypal
13510,2602.0,08-24-2024,completed,referral,debit_card
13511,6183.0,12.12.2025,completed,paid_search,credit_card
13512,6368.0,12-15-2025,RETURNED,referral,credit_card
13513,6546.0,12-28-2025,cancelled,direct,debit_card
13514,8236.0,2025-10-11,completed,email,bank_transfer
13515,3661.0,2024-07-25T15:07:37,completed,referral,paypal
13516,2295.0,2024-08-17,completed,email,bank_transfer
13517,5024.0,2024-11-22,completed,direct,paypal
13518,606.0,11-10-2024,completed,paid_search,credit_card
13519,3092.0,2025-12-16T16:57:11,completed,paid_search,paypal
13520,8170.0,09-30-2025,completed,paid_search,bank_transfer
13521,4917.0,19/08/2025,cancelled,email,paypal
13522,4026.0,2024-07-23,completed,organic_search,credit_card
13523,2501.0,2025-11-28,completed,organic_search,credit_card
13524,2354.0,10-22-2025,completed,paid_search,debit_card
13525,2226.0,06-30-2024,completed,email,debit_card
13526,7669.0,2025-11-12T17:51:45,completed,social_media,credit_card
13527,9088.0,08/10/2024,cancelled,email,bank_transfer
13528,4939.0,2024-04-09,completed,direct,paypal
13529,775.0,2025-07-03T04:22:09,completed,direct,bank_transfer
13530,6941.0,01/07/2025,completed,referral,bank_transfer
13531,8113.0,23.04.2024,completed,direct,bank_transfer
13532,8599.0,2024-11-10T10:13:56,returned,referral,paypal
13533,5802.0,29.12.2025,returned,referral,paypal
13534,4692.0,2025-07-18T04:47:35,completed,paid_search,credit_card
13535,5718.0,08-23-2025,completed,organic_search,credit_card
13536,131.0,2024-08-18,completed,email,credit_card
13537,6068.0,04-07-2024,completed,organic_search,paypal
13538,6564.0,2024-10-12T22:23:41,completed,social_media,credit_card
13539,6666.0,19.09.2024,completed,paid_search,paypal
13540,5202.0,09-06-2024,completed,referral,credit_card
13541,6481.0,07-30-2024,completed,social_media,paypal
13542,5889.0,06.05.2025,cancelled,email,paypal
13543,1130.0,15.11.2024,completed,organic_search,paypal
13544,8313.0,2025-10-18T11:58:37,completed,social_media,credit_card
13545,5738.0,2024-07-21T15:38:34,completed,organic_search,paypal
13546,6721.0,02-12-2025,cancelled,social_media,bank_transfer
13547,3165.0,01-20-2024,completed,paid_search,debit_card
13548,8505.0,27/02/2025,completed,referral,bank_transfer
13549,4647.0,13.03.2024,completed,organic_search,debit_card
13550,6283.0,12-23-2025,completed,organic_search,debit_card
13551,8783.0,2025-10-01T07:39:29,completed,email,paypal
13552,8473.0,03-06-2025,completed,referral,debit_card
13553,5952.0,15.04.2024,completed,direct,credit_card
13554,1572.0,18.05.2025,completed,paid_search,credit_card
13555,8773.0,09-11-2025,completed,social_media,debit_card
13556,9083.0,28.07.2024,completed,social_media,debit_card
13557,1017.0,05-02-2025,completed,organic_search,debit_card
13558,4158.0,2025-10-14,completed,referral,credit_card
13559,5056.0,17/09/2025,completed,social_media,debit_card
13560,904.0,2025-10-08T17:53:20,completed,referral,paypal
13561,1800.0,11-15-2025,completed,organic_search,debit_card
13562,4966.0,12-09-2025,completed,paid_search,bank_transfer
13563,8887.0,12-25-2024,completed,referral,bank_transfer
13564,282.0,02/05/2025,completed,social_media,paypal
13565,8452.0,10-01-2025,completed,organic_search,bank_transfer
13566,8316.0,01.08.2025,completed,email,bank_transfer
13567,7928.0,12-30-2025,completed,referral,bank_transfer
13568,3483.0,2024-01-20T21:42:14,completed,social_media,debit_card
13569,4535.0,30/11/2024,completed,direct,credit_card
13570,3709.0,2024-10-15,completed,direct,paypal
13571,8744.0,30.09.2024,completed,referral,credit_card
13572,4824.0,2024-08-27T23:45:05,completed,direct,bank_transfer
13573,782.0,2025-08-09T13:07:12,completed,paid_search,debit_card
13574,2573.0,2024-04-13T03:03:40,completed,paid_search,debit_card
13575,4267.0,31.08.2025,completed,social_media,bank_transfer
13576,8797.0,07-29-2025,returned,email,debit_card
13577,5259.0,2024-09-20T03:59:12,completed,social_media,debit_card
13578,6443.0,22.09.2024,completed,email,credit_card
13579,866.0,2025-06-13,completed,social_media,credit_card
13580,8114.0,13.09.2025,cancelled,email,debit_card
13581,4978.0,11-14-2025,completed,referral,credit_card
13582,8523.0,04.11.2025,completed,paid_search,debit_card
13583,4110.0,2025-12-19,completed,direct,debit_card
13584,6328.0,2025-05-11,completed,organic_search,bank_transfer
13585,4351.0,28/11/2025,completed,paid_search,credit_card
13586,1370.0,2025-10-11,completed,paid_search,credit_card
13587,2550.0,22/11/2025,completed,email,bank_transfer
13588,658.0,01-17-2024,cancelled,email,bank_transfer
13589,4054.0,19.12.2025,completed,social_media,credit_card
13590,6004.0,20/02/2025,completed,email,bank_transfer
13591,2295.0,05/10/2025,returned,social_media,debit_card
13592,4530.0,25.05.2024,completed,referral,bank_transfer
13593,4234.0,21.12.2024,completed,email,credit_card
13594,4927.0,07/10/2024,completed,email,bank_transfer
13595,1752.0,24.10.2024,completed,email,debit_card
13596,4934.0,21/05/2024,completed,direct,bank_transfer
13597,3355.0,10.10.2025,completed,paid_search,bank_transfer
13598,2680.0,14.01.2024,completed,organic_search,credit_card
13599,5388.0,2024-11-07,COMPLETED,email,paypal
13600,1419.0,11/07/2024,returned,organic_search,debit_card
13601,8338.0,16/05/2025,cancelled,referral,bank_transfer
13602,8624.0,23/09/2024,completed,social_media,debit_card
13603,6120.0,27.09.2024,completed,referral,credit_card
13604,2825.0,2025-03-04T13:30:37,completed,email,debit_card
13605,5771.0,06-30-2025,COMPLETED,referral,debit_card
13606,5546.0,19.05.2024,cancelled,paid_search,credit_card
13607,3601.0,13.07.2024,completed,organic_search,bank_transfer
13608,2692.0,2024-09-17T16:48:40,completed,organic_search,debit_card
13609,1597.0,22.12.2025,completed,paid_search,credit_card
13610,2052.0,2024-12-21,completed,email,paypal
13611,6045.0,05-23-2025,completed,organic_search,credit_card
13612,8197.0,09-12-2024,returned,email,bank_transfer
13613,3552.0,2025-03-06T08:27:58,completed,email,debit_card
13614,1186.0,2024-04-02T01:52:25,completed,email,bank_transfer
13615,129.0,17.02.2024,completed,paid_search,debit_card
13616,3732.0,16/02/2025,completed,referral,paypal
13617,2189.0,22/12/2024,completed,social_media,debit_card
13618,2995.0,04.06.2024,cancelled,organic_search,paypal
13619,2276.0,25.07.2025,completed,direct,bank_transfer
13620,6154.0,29.12.2025,cancelled,paid_search,paypal
13621,5887.0,20.12.2024,cancelled,direct,credit_card
13622,8451.0,06-10-2025,completed,organic_search,paypal
13623,6477.0,18.12.2025,completed,social_media,credit_card
13624,1564.0,10-25-2025,completed,paid_search,credit_card
13625,6947.0,11/02/2025,completed,email,credit_card
13626,1714.0,28.08.2025,cancelled,referral,credit_card
13627,5158.0,26.05.2024,completed,referral,credit_card
13628,751.0,03-22-2025,completed,direct,paypal
13629,461.0,14/10/2024,completed,paid_search,paypal
13630,4288.0,28.06.2024,completed,direct,bank_transfer
13631,1024.0,01-08-2025,completed,paid_search,bank_transfer
13632,2863.0,2024-05-29T15:07:53,completed,referral,bank_transfer
13633,3129.0,08-02-2025,completed,email,paypal
13634,7105.0,02-05-2025,cancelled,email,debit_card
13635,3081.0,2025-04-06,completed,referral,bank_transfer
13636,4567.0,13/06/2024,completed,direct,credit_card
13637,7132.0,07/06/2024,completed,direct,bank_transfer
13638,1936.0,12/05/2025,completed,email,paypal
13639,7462.0,26.12.2025,completed,email,debit_card
13640,7696.0,2024-04-25T14:12:56,completed,social_media,debit_card
13641,9120.0,2024-10-19,completed,email,credit_card
13642,4096.0,11/11/2025,cancelled,organic_search,debit_card
13643,3414.0,31.03.2024,cancelled,referral,debit_card
13644,6498.0,14/11/2025,completed,paid_search,bank_transfer
13645,575.0,01/04/2025,RETURNED,email,bank_transfer
13646,393.0,2024-12-27,completed,organic_search,paypal
13647,3101.0,11-05-2024,completed,email,debit_card
13648,6741.0,2024-10-28T16:19:58,completed,organic_search,debit_card
13649,1140.0,2024-11-03,completed,organic_search,debit_card
13650,5859.0,2025-11-18T09:34:30,completed,referral,debit_card
13651,2534.0,2025-08-19,returned,organic_search,debit_card
13652,6029.0,2025-07-12T11:06:24,completed,paid_search,debit_card
13653,4215.0,2025-10-05,completed,email,paypal
13654,1128.0,09-26-2024,completed,email,bank_transfer
13655,2323.0,2025-06-05,completed,direct,bank_transfer
13656,2065.0,08/02/2025,completed,social_media,bank_transfer
13657,1561.0,26/09/2025,completed,organic_search,debit_card
13658,4322.0,11-05-2024,completed,email,paypal
13659,8810.0,2025-06-23,completed,referral,credit_card
13660,6097.0,17.11.2025,completed,organic_search,debit_card
13661,7734.0,24/12/2024,completed,paid_search,debit_card
13662,9051.0,2024-03-25,completed,paid_search,debit_card
13663,4993.0,25/03/2025,completed,email,credit_card
13664,2239.0,25.11.2024,COMPLETED,organic_search,bank_transfer
13665,8586.0,14/07/2025,completed,direct,bank_transfer
13666,6471.0,12-14-2025,completed,email,paypal
13667,8850.0,2025-03-02T05:14:29,completed,social_media,bank_transfer
13668,6022.0,13.02.2025,cancelled,direct,bank_transfer
13669,7160.0,01/07/2025,COMPLETED,referral,bank_transfer
13670,8235.0,02.05.2024,completed,direct,bank_transfer
13671,7011.0,2024-09-23T05:57:42,completed,organic_search,debit_card
13672,5197.0,2025-12-02,completed,organic_search,debit_card
13673,4362.0,07-12-2025,completed,social_media,bank_transfer
13674,7617.0,2024-01-20T22:58:39,completed,direct,debit_card
13675,7126.0,10/08/2024,cancelled,social_media,bank_transfer
13676,3376.0,21/07/2025,returned,organic_search,debit_card
13677,4601.0,14.09.2025,returned,referral,debit_card
13678,5859.0,10-29-2025,returned,direct,bank_transfer
13679,287.0,24.10.2024,completed,organic_search,paypal
13680,2325.0,2025-12-06,completed,referral,paypal
13681,2352.0,04-21-2025,completed,email,bank_transfer
13682,8170.0,31.07.2025,completed,organic_search,debit_card
13683,3068.0,2025-05-22T20:44:03,completed,direct,debit_card
13684,5032.0,2024-05-21,completed,direct,paypal
13685,7694.0,2025-12-18,completed,referral,debit_card
13686,2440.0,21/05/2024,completed,email,debit_card
13687,1200.0,2024-09-24T23:23:35,cancelled,social_media,paypal
13688,8753.0,2025-10-14T21:36:46,completed,referral,debit_card
13689,6519.0,2025-06-06,completed,organic_search,paypal
13690,1674.0,2025-10-28T22:03:43,cancelled,paid_search,credit_card
13691,7588.0,03-25-2025,completed,email,debit_card
13692,7282.0,2024-12-11,completed,direct,debit_card
13693,7745.0,2025-12-03,completed,referral,bank_transfer
13694,2596.0,02-19-2024,completed,paid_search,bank_transfer
13695,4147.0,2025-11-06T03:43:25,completed,referral,paypal
13696,6428.0,2024-09-03T00:22:45,completed,referral,debit_card
13697,3597.0,03/11/2025,completed,paid_search,paypal
13698,685.0,06-06-2024,cancelled,referral,debit_card
13699,1322.0,2025-05-10T07:35:38,completed,email,debit_card
13700,5506.0,19/11/2025,completed,direct,debit_card
13701,3461.0,20.02.2025,completed,organic_search,paypal
13702,53.0,09-03-2025,completed,direct,credit_card
13703,7079.0,2025-10-09,completed,direct,paypal
13704,3838.0,27/08/2025,COMPLETED,email,paypal
13705,2907.0,2025-12-04,completed,organic_search,bank_transfer
13706,6585.0,27.01.2025,COMPLETED,referral,credit_card
13707,4200.0,10.07.2024,completed,paid_search,debit_card
13708,6436.0,04.03.2024,completed,organic_search,credit_card
13709,135.0,17/09/2024,completed,social_media,bank_transfer
13710,93.0,2024-06-10T18:38:23,completed,organic_search,paypal
13711,,2025-04-25,completed,social_media,bank_transfer
13712,9065.0,22.07.2024,completed,referral,paypal
13713,2553.0,02-22-2024,completed,paid_search,debit_card
13714,6327.0,2024-02-18,completed,email,credit_card
13715,1634.0,2025-10-25,completed,email,paypal
13716,2892.0,2025-05-18,completed,direct,debit_card
13717,760.0,2024-12-02,completed,paid_search,paypal
13718,8144.0,11-22-2025,completed,referral,debit_card
13719,2890.0,03-29-2024,completed,direct,paypal
13720,2167.0,2025-12-24,completed,referral,paypal
13721,6751.0,04/06/2025,returned,direct,bank_transfer
13722,1895.0,2024-07-20T02:14:21,returned,social_media,paypal
13723,2259.0,2025-07-19,returned,direct,bank_transfer
13724,1018.0,14/09/2025,completed,social_media,paypal
13725,8884.0,2025-01-11T10:50:40,completed,social_media,credit_card
13726,2325.0,08/11/2025,completed,paid_search,debit_card
13727,9189.0,06-18-2024,completed,social_media,debit_card
13728,1666.0,13/10/2024,cancelled,email,debit_card
13729,211.0,2024-04-22,completed,organic_search,credit_card
13730,8283.0,2024-08-16T23:26:08,returned,direct,paypal
13731,5356.0,09-10-2024,completed,social_media,debit_card
13732,3243.0,01/12/2025,completed,organic_search,paypal
13733,4750.0,06/04/2024,completed,direct,debit_card
13734,2447.0,01-09-2025,completed,referral,paypal
13735,5857.0,2025-04-06T20:21:39,COMPLETED,social_media,bank_transfer
13736,5681.0,23/11/2025,cancelled,direct,credit_card
13737,777.0,31.12.2025,completed,social_media,bank_transfer
13738,8438.0,07/09/2025,completed,referral,debit_card
13739,4250.0,12-21-2025,completed,direct,debit_card
13740,1856.0,28/09/2025,completed,social_media,credit_card
13741,2871.0,2025-12-18,completed,social_media,debit_card
13742,8014.0,2025-08-08T11:34:18,completed,referral,debit_card
13743,,08.04.2024,completed,social_media,bank_transfer
13744,5189.0,12-23-2024,completed,referral,debit_card
13745,8745.0,2025-06-26T18:06:31,completed,paid_search,paypal
13746,6030.0,2024-11-28T15:40:01,completed,direct,bank_transfer
13747,6250.0,09.10.2024,completed,email,paypal
13748,2333.0,05-08-2025,returned,referral,credit_card
13749,6184.0,07.12.2025,completed,social_media,bank_transfer
13750,3623.0,02-17-2024,completed,referral,debit_card
13751,8441.0,17.09.2025,completed,direct,paypal
13752,1256.0,18.08.2025,completed,paid_search,debit_card
13753,2680.0,2025-12-18T02:10:10,completed,organic_search,bank_transfer
13754,643.0,06.12.2025,completed,social_media,bank_transfer
13755,3514.0,13/09/2025,cancelled,social_media,debit_card
13756,1422.0,2025-03-29,cancelled,social_media,debit_card
13757,7814.0,08-10-2024,COMPLETED,paid_search,paypal
13758,8558.0,2025-04-16T09:41:23,completed,referral,debit_card
13759,6194.0,15/09/2025,completed,direct,paypal
13760,1017.0,2025-11-22T14:30:15,completed,direct,bank_transfer
13761,3158.0,30.09.2025,completed,paid_search,bank_transfer
13762,8899.0,01/08/2024,completed,social_media,debit_card
13763,1321.0,05-24-2025,completed,referral,bank_transfer
13764,5139.0,18.11.2024,completed,direct,paypal
13765,3253.0,14.01.2024,completed,direct,paypal
13766,9218.0,2024-08-06,COMPLETED,email,paypal
13767,,05-12-2024,completed,email,paypal
13768,467.0,31.10.2025,completed,email,paypal
13769,6500.0,27/09/2024,cancelled,email,bank_transfer
13770,3023.0,2024-10-18T01:17:30,completed,referral,debit_card
13771,6090.0,17/12/2025,returned,social_media,debit_card
13772,1022.0,2024-12-12T12:27:15,completed,social_media,bank_transfer
13773,4839.0,01-14-2024,completed,direct,credit_card
13774,3461.0,17.10.2024,completed,social_media,credit_card
13775,4955.0,18.05.2024,completed,email,credit_card
13776,7891.0,05-01-2024,completed,email,bank_transfer
13777,8973.0,2024-04-06,returned,direct,paypal
13778,6960.0,19.05.2025,completed,social_media,debit_card
13779,7079.0,26/07/2024,completed,paid_search,debit_card
13780,4896.0,2024-12-03,completed,paid_search,paypal
13781,956.0,11-08-2025,completed,paid_search,paypal
13782,6173.0,2025-01-06,completed,referral,paypal
13783,1415.0,11-30-2025,completed,email,credit_card
13784,2311.0,12.03.2025,completed,paid_search,bank_transfer
13785,6545.0,2024-12-22T05:47:21,completed,referral,paypal
13786,6084.0,05.09.2025,completed,social_media,paypal
13787,2913.0,2024-04-01,completed,email,debit_card
13788,7126.0,18/04/2024,completed,direct,paypal
13789,8666.0,29/06/2025,completed,email,debit_card
13790,5034.0,03/03/2025,completed,paid_search,paypal
13791,6268.0,2025-09-30T01:39:21,completed,paid_search,paypal
13792,2547.0,12-01-2025,completed,paid_search,debit_card
13793,8957.0,17.12.2024,completed,organic_search,credit_card
13794,2569.0,21.05.2025,completed,direct,paypal
13795,8209.0,2025-03-14,completed,direct,paypal
13796,8587.0,25/12/2025,completed,paid_search,debit_card
13797,6644.0,24.10.2025,completed,email,credit_card
13798,7508.0,29.11.2025,cancelled,direct,paypal
13799,4224.0,23.09.2024,completed,direct,bank_transfer
13800,8508.0,19/09/2025,completed,organic_search,paypal
13801,6870.0,10-03-2024,completed,direct,paypal
13802,3023.0,2024-08-14,completed,direct,credit_card
13803,348.0,2025-12-11T03:23:11,completed,social_media,debit_card
13804,4994.0,01-28-2024,cancelled,organic_search,bank_transfer
13805,7775.0,19.12.2025,completed,paid_search,bank_transfer
13806,7957.0,16/06/2024,completed,organic_search,bank_transfer
13807,,10-18-2025,completed,email,credit_card
13808,2028.0,11.10.2024,completed,social_media,debit_card
13809,3932.0,11-28-2024,returned,organic_search,credit_card
13810,5661.0,2024-08-21,completed,email,paypal
13811,6177.0,2025-05-14,completed,paid_search,credit_card
13812,3096.0,2024-11-26,cancelled,organic_search,bank_transfer
13813,6420.0,03.07.2025,completed,direct,bank_transfer
13814,5438.0,2024-01-22T18:47:45,completed,social_media,bank_transfer
13815,5235.0,23.03.2024,completed,paid_search,paypal
13816,6142.0,28.04.2024,completed,email,credit_card
13817,5562.0,01-01-2025,completed,organic_search,debit_card
13818,1586.0,2025-10-15T05:23:17,completed,organic_search,credit_card
13819,8090.0,2025-11-19,completed,paid_search,debit_card
13820,2263.0,09-15-2024,completed,referral,paypal
13821,6881.0,06.05.2025,completed,referral,credit_card
13822,1668.0,2025-09-17T13:07:57,completed,social_media,paypal
13823,6123.0,2024-10-21T03:59:09,completed,email,bank_transfer
13824,8283.0,12-27-2024,COMPLETED,organic_search,bank_transfer
13825,96.0,2025-03-31,completed,paid_search,bank_transfer
13826,9036.0,2024-06-02,completed,email,credit_card
13827,297.0,2024-02-05T02:11:42,COMPLETED,social_media,bank_transfer
13828,114.0,06-20-2024,completed,paid_search,bank_transfer
13829,7933.0,12.06.2025,completed,organic_search,debit_card
13830,6554.0,04-02-2024,COMPLETED,email,debit_card
13831,1034.0,27/07/2024,completed,referral,debit_card
13832,8649.0,2024-11-21T03:30:20,completed,email,debit_card
13833,6218.0,06.04.2024,completed,email,debit_card
13834,1088.0,07-28-2024,completed,referral,debit_card
13835,7955.0,29/11/2025,completed,organic_search,debit_card
13836,4446.0,28/01/2024,completed,email,bank_transfer
13837,2611.0,2025-06-30T07:14:06,completed,social_media,paypal
13838,7632.0,15.12.2024,completed,referral,paypal
13839,6830.0,2025-07-14T03:07:51,completed,social_media,paypal
13840,5741.0,2025-05-16T05:58:46,cancelled,social_media,credit_card
13841,8315.0,27/08/2024,completed,direct,paypal
13842,7965.0,02/11/2025,completed,referral,credit_card
13843,2135.0,07/03/2025,cancelled,paid_search,credit_card
13844,8129.0,19.10.2025,returned,paid_search,bank_transfer
13845,3449.0,2024-12-25,completed,social_media,bank_transfer
13846,3987.0,12-26-2025,completed,email,debit_card
13847,8968.0,18/09/2025,completed,social_media,bank_transfer
13848,7016.0,19/12/2025,completed,social_media,debit_card
13849,2982.0,24.03.2025,completed,social_media,credit_card
13850,5986.0,2025-02-20,completed,social_media,bank_transfer
13851,4981.0,2025-09-09,completed,referral,credit_card
13852,1141.0,16/11/2025,completed,email,paypal
13853,8211.0,2025-12-18T08:15:17,completed,social_media,credit_card
13854,7607.0,13/11/2024,completed,social_media,bank_transfer
13855,7182.0,05/10/2025,completed,direct,debit_card
13856,5164.0,16/08/2024,completed,direct,paypal
13857,2074.0,16.04.2025,completed,organic_search,debit_card
13858,8178.0,17/07/2024,completed,social_media,paypal
13859,3253.0,26/11/2024,completed,email,credit_card
13860,205.0,06/12/2025,completed,organic_search,paypal
13861,9060.0,2024-06-13T21:16:47,completed,paid_search,paypal
13862,7963.0,2025-06-15T01:06:38,completed,organic_search,credit_card
13863,5738.0,2025-05-19,returned,social_media,bank_transfer
13864,126.0,2024-05-19T01:26:20,completed,direct,credit_card
13865,2146.0,14/11/2024,completed,social_media,credit_card
13866,4175.0,04-28-2025,completed,paid_search,paypal
13867,5795.0,07-24-2024,completed,social_media,paypal
13868,6550.0,2025-10-06,completed,paid_search,credit_card
13869,7295.0,2025-12-21T03:58:36,completed,social_media,paypal
13870,,08-19-2024,completed,organic_search,bank_transfer
13871,6076.0,2024-07-24T06:48:45,completed,direct,bank_transfer
13872,7507.0,02-03-2025,completed,direct,paypal
13873,6644.0,2025-09-04,completed,social_media,bank_transfer
13874,8812.0,16.10.2024,cancelled,direct,bank_transfer
13875,8093.0,2024-01-28T06:01:30,completed,referral,bank_transfer
13876,1607.0,2025-04-13T16:15:14,cancelled,direct,credit_card
13877,8744.0,2025-12-16,COMPLETED,email,debit_card
13878,1930.0,2024-12-18T16:56:02,completed,organic_search,credit_card
13879,9148.0,2025-01-02,completed,organic_search,paypal
13880,6495.0,2025-12-20T21:29:43,completed,direct,credit_card
13881,5788.0,2025-07-30T22:46:16,completed,email,bank_transfer
13882,3004.0,2025-08-16,completed,referral,debit_card
13883,1289.0,2025-04-28,completed,paid_search,bank_transfer
13884,1221.0,22/12/2025,completed,direct,credit_card
13885,8019.0,26/07/2025,cancelled,direct,paypal
13886,3990.0,22/11/2025,completed,paid_search,bank_transfer
13887,5173.0,2025-08-02,completed,direct,debit_card
13888,8605.0,26.08.2025,completed,referral,credit_card
13889,2402.0,2024-10-23T22:49:02,completed,referral,bank_transfer
13890,7053.0,11-02-2024,completed,direct,paypal
13891,4348.0,2025-09-26,completed,email,debit_card
13892,2008.0,10-27-2024,completed,social_media,bank_transfer
13893,7886.0,2025-04-28T11:51:57,completed,organic_search,paypal
13894,6294.0,09-19-2024,completed,email,debit_card
13895,932.0,10-16-2025,completed,direct,debit_card
13896,5005.0,2024-05-09T00:42:05,completed,paid_search,bank_transfer
13897,7874.0,2025-10-23T02:32:56,cancelled,organic_search,paypal
13898,654.0,2025-05-26,completed,referral,paypal
13899,3833.0,24.07.2024,completed,email,debit_card
13900,7465.0,13.04.2025,completed,direct,debit_card
13901,7939.0,16.10.2024,completed,organic_search,debit_card
13902,7161.0,13.11.2024,cancelled,social_media,debit_card
13903,2854.0,28.11.2024,completed,direct,paypal
13904,4693.0,2024-03-21,completed,organic_search,credit_card
13905,6854.0,2025-12-26T16:37:23,completed,referral,bank_transfer
13906,1471.0,2024-02-13T14:35:13,completed,organic_search,bank_transfer
13907,5481.0,2025-07-07T22:40:31,completed,direct,paypal
13908,6649.0,08.12.2024,COMPLETED,social_media,paypal
13909,7858.0,25.06.2025,returned,organic_search,bank_transfer
13910,1094.0,12-01-2024,cancelled,paid_search,credit_card
13911,3048.0,2025-07-15,completed,organic_search,paypal
13912,5004.0,2025-08-23T01:54:58,cancelled,social_media,credit_card
13913,6492.0,27.07.2025,cancelled,referral,paypal
13914,6746.0,2024-05-12T12:29:05,completed,email,bank_transfer
13915,2380.0,03/07/2025,completed,social_media,credit_card
13916,143.0,2024-10-14T12:27:54,completed,direct,credit_card
13917,6428.0,02-09-2024,completed,direct,bank_transfer
13918,8420.0,2024-12-30,completed,email,credit_card
13919,7388.0,15.01.2025,completed,paid_search,debit_card
13920,5735.0,14.02.2025,completed,paid_search,debit_card
13921,9021.0,06/08/2025,completed,direct,paypal
13922,3999.0,11-04-2024,completed,email,debit_card
13923,4861.0,08.11.2024,completed,referral,bank_transfer
13924,124.0,18/03/2024,completed,social_media,debit_card
13925,8730.0,24/07/2025,completed,email,credit_card
13926,5368.0,05-02-2025,completed,paid_search,credit_card
13927,3597.0,2024-11-27T03:41:08,returned,social_media,paypal
13928,432.0,06.08.2025,completed,social_media,bank_transfer
13929,3343.0,2025-04-10T02:58:24,completed,referral,debit_card
13930,35.0,2025-02-16,cancelled,email,paypal
13931,3004.0,2025-03-22T06:53:54,completed,paid_search,paypal
13932,8781.0,06-18-2025,completed,referral,debit_card
13933,1488.0,07-05-2025,completed,organic_search,debit_card
13934,5035.0,2024-10-21,completed,direct,credit_card
13935,1771.0,08/06/2024,completed,email,bank_transfer
13936,7239.0,06-24-2024,cancelled,referral,paypal
13937,5193.0,21/06/2025,completed,paid_search,paypal
13938,1921.0,13/11/2025,COMPLETED,organic_search,credit_card
13939,8014.0,2024-12-27T06:52:51,completed,paid_search,paypal
13940,7245.0,2024-07-06T07:58:53,completed,referral,bank_transfer
13941,8781.0,2025-09-09,completed,referral,credit_card
13942,8.0,25/10/2025,completed,email,bank_transfer
13943,4216.0,2025-11-16,cancelled,email,debit_card
13944,9224.0,2025-05-28T03:14:01,completed,paid_search,debit_card
13945,7507.0,2025-11-08T04:13:52,cancelled,email,credit_card
13946,7690.0,2024-01-22,completed,paid_search,paypal
13947,5722.0,05-06-2024,completed,direct,bank_transfer
13948,6581.0,21.04.2024,completed,social_media,bank_transfer
13949,7466.0,11.08.2025,completed,email,debit_card
13950,906.0,28/03/2024,completed,email,debit_card
13951,6420.0,2025-03-10T08:31:49,completed,social_media,debit_card
13952,7551.0,02-19-2025,completed,email,bank_transfer
13953,404.0,06.11.2024,completed,direct,paypal
13954,2768.0,2025-11-12,cancelled,social_media,credit_card
13955,3002.0,07-07-2024,completed,social_media,bank_transfer
13956,7904.0,29/11/2024,completed,email,paypal
13957,7209.0,2025-09-20,completed,referral,paypal
13958,6079.0,11.02.2024,completed,direct,paypal
13959,7462.0,2025-07-14T21:40:33,completed,email,credit_card
13960,4183.0,2025-10-16,returned,referral,credit_card
13961,8093.0,2025-12-07T11:59:05,cancelled,organic_search,debit_card
13962,2202.0,14.11.2025,completed,social_media,debit_card
13963,6519.0,2024-11-10,completed,paid_search,bank_transfer
13964,2277.0,05-14-2025,completed,referral,credit_card
13965,394.0,04-05-2024,completed,social_media,paypal
13966,2670.0,09-26-2024,returned,referral,paypal
13967,4553.0,2024-04-23,completed,email,credit_card
13968,7799.0,2024-11-08,completed,organic_search,credit_card
13969,4710.0,14.11.2025,completed,email,paypal
13970,1696.0,2024-11-26T18:49:45,returned,organic_search,credit_card
13971,9163.0,27.04.2025,completed,referral,paypal
13972,2540.0,15.01.2025,completed,direct,bank_transfer
13973,9088.0,2025-02-07,completed,referral,paypal
13974,8640.0,20/12/2025,completed,social_media,credit_card
13975,5011.0,27.10.2024,returned,social_media,debit_card
13976,902.0,12/06/2025,completed,organic_search,credit_card
13977,,01-02-2025,completed,social_media,paypal
13978,7819.0,2024-03-19T04:06:43,completed,social_media,credit_card
13979,4108.0,2025-03-05,completed,paid_search,debit_card
13980,2250.0,14/10/2025,cancelled,email,paypal
13981,7444.0,2024-04-27,CANCELLED,email,debit_card
13982,5032.0,2024-03-28T23:54:22,completed,social_media,paypal
13983,1877.0,06-21-2024,completed,direct,debit_card
13984,8762.0,09-14-2025,completed,social_media,credit_card
13985,8750.0,19.08.2025,completed,social_media,bank_transfer
13986,3380.0,30.04.2025,completed,email,paypal
13987,623.0,02-15-2025,completed,direct,paypal
13988,5815.0,19/11/2025,returned,social_media,paypal
13989,2944.0,09-16-2025,completed,organic_search,bank_transfer
13990,647.0,10-13-2025,cancelled,organic_search,debit_card
13991,8247.0,10-14-2025,completed,referral,credit_card
13992,9209.0,2025-06-23T16:33:30,completed,email,paypal
13993,3236.0,02-06-2025,completed,organic_search,credit_card
13994,6882.0,2025-11-09,completed,email,credit_card
13995,641.0,2025-12-04T20:28:21,completed,direct,credit_card
13996,3403.0,03/02/2024,completed,direct,paypal
13997,1062.0,08/03/2024,completed,referral,paypal
13998,543.0,2025-12-16,completed,email,debit_card
13999,5416.0,2024-10-12T09:32:16,returned,paid_search,credit_card
14000,7434.0,11-13-2025,completed,email,debit_card
14001,4179.0,17/12/2024,completed,direct,bank_transfer
14002,4852.0,2024-05-18T19:34:00,returned,direct,debit_card
14003,2541.0,2024-04-09,cancelled,organic_search,paypal
14004,6810.0,23.06.2024,completed,direct,credit_card
14005,3328.0,2024-09-20,completed,social_media,paypal
14006,658.0,2025-03-04T19:27:42,completed,referral,credit_card
14007,1571.0,04.08.2025,completed,referral,debit_card
14008,1245.0,27/12/2025,COMPLETED,email,credit_card
14009,4020.0,22.01.2025,completed,organic_search,bank_transfer
14010,635.0,03-27-2025,COMPLETED,referral,debit_card
14011,7471.0,2025-03-30,returned,social_media,paypal
14012,8406.0,12.04.2025,completed,organic_search,paypal
14013,2333.0,2025-03-27T11:14:52,completed,paid_search,paypal
14014,,13/01/2024,completed,social_media,bank_transfer
14015,4806.0,01-03-2024,returned,email,credit_card
14016,9088.0,04-26-2024,cancelled,direct,debit_card
14017,639.0,30.04.2024,completed,social_media,credit_card
14018,6181.0,2025-08-06T16:28:09,completed,direct,credit_card
14019,3191.0,10.08.2024,completed,organic_search,debit_card
14020,4638.0,22/11/2025,returned,direct,bank_transfer
14021,2049.0,2025-12-05T08:51:37,completed,organic_search,credit_card
14022,1520.0,2025-12-23,cancelled,referral,paypal
14023,2293.0,12-09-2025,completed,paid_search,bank_transfer
14024,698.0,2024-10-08,completed,organic_search,debit_card
14025,2611.0,21/03/2025,COMPLETED,social_media,paypal
14026,6404.0,2024-07-13T00:16:54,cancelled,social_media,debit_card
14027,6027.0,10.10.2025,completed,social_media,bank_transfer
14028,5117.0,11-19-2025,completed,email,bank_transfer
14029,6.0,2025-11-04,completed,social_media,bank_transfer
14030,1217.0,15.01.2025,completed,organic_search,bank_transfer
14031,7793.0,09-11-2025,completed,social_media,paypal
14032,2547.0,04-26-2024,completed,referral,credit_card
14033,8451.0,2024-02-24,completed,referral,paypal
14034,8091.0,09-07-2025,completed,organic_search,credit_card
14035,1492.0,01-07-2025,completed,direct,debit_card
14036,8311.0,2025-12-30T12:15:32,completed,social_media,debit_card
14037,5791.0,04-26-2024,completed,paid_search,paypal
14038,5810.0,06/11/2025,completed,social_media,credit_card
14039,7884.0,2025-02-25,completed,paid_search,bank_transfer
14040,3723.0,2025-10-22,completed,email,credit_card
14041,6797.0,2025-10-16,completed,direct,paypal
14042,6179.0,30/11/2025,completed,referral,paypal
14043,7120.0,10-28-2024,cancelled,paid_search,paypal
14044,6117.0,12-13-2025,completed,email,debit_card
14045,776.0,2024-06-19T17:17:10,completed,email,paypal
14046,2737.0,10/04/2024,cancelled,referral,credit_card
14047,8671.0,2025-01-13T15:15:24,completed,email,bank_transfer
14048,2100.0,23.10.2025,returned,email,paypal
14049,4366.0,20/02/2025,completed,direct,debit_card
14050,3289.0,23/10/2025,completed,referral,credit_card
14051,842.0,23.08.2025,completed,paid_search,paypal
14052,1714.0,2024-08-14,completed,direct,paypal
14053,2688.0,13.12.2025,cancelled,referral,bank_transfer
14054,4278.0,19.03.2024,completed,social_media,credit_card
14055,8091.0,2025-11-23T13:13:24,completed,referral,debit_card
14056,4774.0,2024-11-02,completed,organic_search,credit_card
14057,6032.0,2025-03-13,COMPLETED,email,credit_card
14058,3929.0,04/01/2025,completed,email,bank_transfer
14059,8045.0,07-09-2024,completed,organic_search,bank_transfer
14060,6138.0,2024-12-02T07:08:08,cancelled,organic_search,debit_card
14061,887.0,30.07.2024,completed,social_media,bank_transfer
14062,4410.0,09/08/2024,completed,email,credit_card
14063,7648.0,24.07.2024,returned,email,paypal
14064,6780.0,05/03/2025,completed,organic_search,debit_card
14065,8378.0,2025-10-05,completed,direct,credit_card
14066,2146.0,05-02-2025,completed,email,credit_card
14067,9016.0,21/11/2025,completed,organic_search,paypal
14068,2676.0,19.06.2025,completed,social_media,credit_card
14069,489.0,07-26-2025,completed,paid_search,bank_transfer
14070,4579.0,2025-07-11,completed,paid_search,debit_card
14071,1080.0,30.01.2025,completed,organic_search,paypal
14072,6311.0,07-26-2025,completed,social_media,paypal
14073,8337.0,03-28-2024,completed,referral,bank_transfer
14074,8524.0,2025-11-07,completed,paid_search,debit_card
14075,5596.0,2025-09-23,completed,email,credit_card
14076,4940.0,2024-09-15,completed,direct,debit_card
14077,9174.0,16.09.2025,completed,email,credit_card
14078,5356.0,01-18-2024,completed,referral,debit_card
14079,8583.0,22.08.2024,completed,paid_search,credit_card
14080,8480.0,03-23-2024,completed,direct,paypal
14081,2712.0,24.09.2025,returned,direct,paypal
14082,141.0,09-09-2025,completed,referral,bank_transfer
14083,4045.0,14.10.2025,completed,organic_search,paypal
14084,7966.0,2024-01-07,completed,social_media,paypal
14085,7734.0,14/03/2025,completed,direct,bank_transfer
14086,5566.0,2025-08-06T12:03:56,completed,email,credit_card
14087,1496.0,2024-06-22,completed,email,bank_transfer
14088,1050.0,2025-06-28T09:08:58,completed,referral,debit_card
14089,8810.0,2024-04-12T07:19:18,completed,organic_search,bank_transfer
14090,3889.0,2024-07-18T02:26:09,completed,paid_search,debit_card
14091,5990.0,22.02.2025,completed,organic_search,credit_card
14092,8383.0,30/06/2025,completed,direct,bank_transfer
14093,8045.0,06-13-2024,completed,email,credit_card
14094,5237.0,22.07.2024,completed,referral,credit_card
14095,4507.0,10.08.2024,COMPLETED,social_media,bank_transfer
14096,6797.0,10.09.2024,completed,social_media,credit_card
14097,3227.0,30.08.2024,cancelled,organic_search,credit_card
14098,5763.0,2024-12-20T02:29:46,cancelled,social_media,credit_card
14099,235.0,01/07/2025,completed,paid_search,debit_card
14100,7627.0,19.01.2025,completed,organic_search,debit_card
14101,9209.0,21/09/2025,completed,paid_search,paypal
14102,8810.0,08-16-2025,cancelled,social_media,bank_transfer
14103,3318.0,25/05/2024,completed,email,paypal
14104,4911.0,2024-03-05,completed,direct,credit_card
14105,2222.0,15.11.2025,completed,social_media,credit_card
14106,2823.0,08/04/2024,completed,paid_search,paypal
14107,4219.0,15/06/2024,returned,referral,paypal
14108,6906.0,2024-01-31,completed,social_media,debit_card
14109,181.0,06-13-2025,returned,email,paypal
14110,3623.0,2025-05-12T22:12:39,completed,email,bank_transfer
14111,5139.0,27/12/2025,completed,social_media,credit_card
14112,2032.0,19/11/2025,cancelled,email,bank_transfer
14113,762.0,28/12/2024,completed,email,paypal
14114,4984.0,2024-12-08,completed,social_media,debit_card
14115,5881.0,2024-10-28T09:10:06,completed,paid_search,credit_card
14116,5913.0,2024-06-19T06:53:30,completed,email,credit_card
14117,3285.0,2024-06-05T02:03:08,completed,paid_search,bank_transfer
14118,2231.0,2024-05-30,completed,direct,paypal
14119,2070.0,2024-05-12T21:06:02,completed,direct,paypal
14120,401.0,11.09.2024,completed,paid_search,debit_card
14121,1752.0,03.11.2024,completed,social_media,paypal
14122,7582.0,2025-12-17,completed,organic_search,paypal
14123,28.0,09/05/2025,completed,paid_search,credit_card
14124,425.0,27/12/2025,completed,direct,bank_transfer
14125,1230.0,2024-12-09,completed,paid_search,credit_card
14126,3878.0,2025-02-06,completed,organic_search,debit_card
14127,3090.0,11-13-2024,completed,referral,debit_card
14128,1683.0,2024-07-20T16:30:59,completed,paid_search,debit_card
14129,1087.0,2024-06-10,completed,direct,bank_transfer
14130,8661.0,2025-12-11,COMPLETED,paid_search,bank_transfer
14131,8443.0,2025-12-27,completed,social_media,bank_transfer
14132,7125.0,01.03.2024,completed,paid_search,paypal
14133,2371.0,2024-06-17T13:20:03,completed,paid_search,bank_transfer
14134,3001.0,2025-01-05T20:32:07,completed,paid_search,credit_card
14135,6166.0,23.07.2024,completed,organic_search,debit_card
14136,2730.0,2024-12-05,completed,organic_search,bank_transfer
14137,4907.0,2024-05-27T20:44:18,completed,email,debit_card
14138,,2025-02-05T03:18:48,completed,direct,paypal
14139,4808.0,10-08-2024,completed,social_media,debit_card
14140,3803.0,29.11.2024,completed,paid_search,credit_card
14141,3208.0,2024-04-23,completed,paid_search,debit_card
14142,7182.0,2025-01-10,returned,social_media,paypal
14143,6833.0,25.12.2025,completed,direct,paypal
14144,6444.0,16.11.2024,completed,direct,credit_card
14145,3455.0,2025-11-14T06:49:51,completed,social_media,bank_transfer
14146,7164.0,31/10/2025,completed,social_media,credit_card
14147,8840.0,12-14-2025,completed,referral,debit_card
14148,6390.0,30.09.2025,completed,organic_search,paypal
14149,3755.0,05/07/2025,completed,referral,paypal
14150,7380.0,06.11.2025,completed,organic_search,bank_transfer
14151,5618.0,2024-04-04T20:10:59,completed,social_media,paypal
14152,8117.0,10.02.2025,completed,referral,paypal
14153,6583.0,28/12/2025,completed,organic_search,paypal
14154,7110.0,09-18-2025,completed,referral,credit_card
14155,6176.0,2025-12-18T00:20:08,completed,social_media,bank_transfer
14156,903.0,2025-09-24,completed,organic_search,debit_card
14157,4479.0,14.11.2025,completed,organic_search,credit_card
14158,557.0,2025-08-07,cancelled,direct,paypal
14159,4135.0,12.09.2025,completed,referral,credit_card
14160,6613.0,2025-03-31,completed,social_media,bank_transfer
14161,3887.0,04/12/2025,completed,social_media,credit_card
14162,15.0,2025-10-21,RETURNED,organic_search,credit_card
14163,3403.0,2025-11-01T02:52:34,completed,social_media,debit_card
14164,661.0,07-14-2025,returned,social_media,credit_card
14165,7212.0,02/11/2024,completed,social_media,bank_transfer
14166,7243.0,02-18-2024,completed,paid_search,debit_card
14167,7471.0,2025-12-08,completed,social_media,debit_card
14168,305.0,05-14-2025,completed,social_media,debit_card
14169,320.0,2024-10-29T11:52:49,completed,paid_search,debit_card
14170,8360.0,06-16-2024,completed,direct,debit_card
14171,1200.0,23/10/2025,completed,paid_search,debit_card
14172,6201.0,27.10.2025,cancelled,social_media,debit_card
14173,7368.0,2025-10-15,returned,organic_search,bank_transfer
14174,4138.0,2025-06-25T21:46:57,completed,organic_search,credit_card
14175,5045.0,2024-12-06,completed,referral,credit_card
14176,2142.0,2024-11-02T04:48:51,completed,organic_search,credit_card
14177,8545.0,2024-01-13,completed,direct,paypal
14178,2815.0,26/10/2025,completed,email,bank_transfer
14179,2056.0,2024-04-16,COMPLETED,paid_search,paypal
14180,4864.0,14.06.2025,cancelled,email,debit_card
14181,1809.0,03-16-2025,completed,referral,credit_card
14182,6368.0,2025-04-02T19:48:45,cancelled,referral,paypal
14183,4769.0,12-05-2025,completed,paid_search,bank_transfer
14184,1416.0,2024-02-13,COMPLETED,paid_search,bank_transfer
14185,657.0,09-20-2025,completed,email,credit_card
14186,1323.0,2024-03-09T23:42:47,completed,organic_search,paypal
14187,1323.0,2024-02-21,completed,social_media,paypal
14188,2898.0,2025-01-11T04:27:29,completed,email,debit_card
14189,7711.0,21/03/2024,completed,social_media,debit_card
14190,565.0,30.09.2025,completed,referral,paypal
14191,1243.0,04-05-2025,completed,organic_search,debit_card
14192,2822.0,10/02/2024,completed,paid_search,debit_card
14193,5106.0,2024-02-24,completed,paid_search,credit_card
14194,7045.0,2025-06-01T07:13:27,completed,organic_search,bank_transfer
14195,8522.0,2025-10-10T22:19:21,completed,direct,paypal
14196,3791.0,19/01/2025,completed,organic_search,bank_transfer
14197,1034.0,22.04.2025,completed,email,credit_card
14198,2014.0,10-06-2025,completed,social_media,bank_transfer
14199,2692.0,31/05/2025,completed,paid_search,bank_transfer
14200,7270.0,29.08.2024,completed,email,credit_card
14201,6368.0,2025-06-02,returned,social_media,debit_card
14202,1973.0,2025-06-13,completed,paid_search,debit_card
14203,7756.0,26.08.2025,completed,organic_search,paypal
14204,7944.0,06-07-2025,completed,paid_search,paypal
14205,8163.0,20.12.2025,completed,direct,bank_transfer
14206,2583.0,08-03-2024,completed,referral,paypal
14207,1296.0,14.12.2025,completed,paid_search,debit_card
14208,1021.0,2025-04-11T17:30:10,completed,social_media,debit_card
14209,3678.0,14/07/2025,completed,social_media,credit_card
14210,3961.0,28/04/2024,completed,direct,bank_transfer
14211,8035.0,13/12/2024,completed,email,credit_card
14212,2520.0,2025-09-17,completed,organic_search,debit_card
14213,5780.0,2025-08-07T16:57:19,completed,social_media,credit_card
14214,7295.0,2024-02-24T11:28:04,completed,organic_search,debit_card
14215,2534.0,17/04/2025,returned,referral,debit_card
14216,2515.0,2024-04-17,completed,email,debit_card
14217,,30/12/2025,cancelled,referral,credit_card
14218,6710.0,23/11/2025,completed,paid_search,paypal
14219,8855.0,30.01.2024,completed,paid_search,debit_card
14220,7858.0,2025-11-07T02:10:16,completed,email,credit_card
14221,7607.0,2025-12-02T07:37:53,completed,paid_search,debit_card
14222,6419.0,11-30-2024,completed,social_media,paypal
14223,1157.0,16/08/2025,completed,paid_search,paypal
14224,7492.0,01-23-2025,completed,email,debit_card
14225,8630.0,02.07.2025,completed,paid_search,credit_card
14226,3597.0,2024-11-22,completed,social_media,paypal
14227,2907.0,12/11/2024,completed,direct,paypal
14228,4832.0,06/01/2025,completed,email,credit_card
14229,8826.0,13.06.2024,CANCELLED,direct,debit_card
14230,497.0,24/10/2025,completed,email,debit_card
14231,6555.0,2024-11-27T05:50:48,completed,referral,debit_card
14232,7542.0,2024-12-23T01:58:13,COMPLETED,email,bank_transfer
14233,7300.0,11-22-2025,completed,direct,credit_card
14234,5235.0,2025-03-11T08:06:36,completed,referral,debit_card
14235,8518.0,04-15-2025,completed,referral,credit_card
14236,1304.0,2025-12-16T11:42:47,completed,referral,debit_card
14237,2306.0,11-19-2025,completed,referral,paypal
14238,2867.0,06.07.2024,completed,email,debit_card
14239,85.0,2025-02-20,cancelled,paid_search,bank_transfer
14240,3414.0,2025-12-21,COMPLETED,email,credit_card
14241,1526.0,12-09-2024,cancelled,social_media,bank_transfer
14242,6696.0,2024-12-08T02:39:35,returned,social_media,paypal
14243,3820.0,2024-08-01,cancelled,email,paypal
14244,6519.0,2024-05-13T02:57:44,cancelled,direct,bank_transfer
14245,2746.0,2025-08-30T22:24:10,returned,organic_search,credit_card
14246,1280.0,2025-09-18T21:18:15,COMPLETED,social_media,debit_card
14247,1281.0,12-20-2025,completed,referral,paypal
14248,1922.0,20.09.2025,completed,organic_search,debit_card
14249,1128.0,14.09.2024,completed,organic_search,paypal
14250,2072.0,2024-02-24,completed,email,debit_card
14251,5356.0,2025-12-26T15:31:59,completed,email,bank_transfer
14252,2410.0,2024-11-22T16:14:07,completed,social_media,paypal
14253,3166.0,2024-11-06,COMPLETED,email,bank_transfer
14254,516.0,26.11.2025,cancelled,paid_search,bank_transfer
14255,8251.0,13.05.2025,completed,referral,bank_transfer
14256,1330.0,08-19-2024,completed,referral,credit_card
14257,3217.0,11-20-2025,completed,paid_search,paypal
14258,3501.0,29/12/2025,completed,organic_search,debit_card
14259,7127.0,2024-04-15,completed,paid_search,credit_card
14260,4471.0,2025-11-08T13:24:23,completed,direct,bank_transfer
14261,3534.0,12-18-2024,completed,paid_search,bank_transfer
14262,6441.0,2025-03-31T07:30:33,completed,email,paypal
14263,5505.0,30.11.2025,cancelled,organic_search,debit_card
14264,760.0,2025-12-22T08:49:02,completed,organic_search,bank_transfer
14265,2897.0,30.09.2024,completed,paid_search,paypal
14266,9028.0,2024-08-18T10:53:30,completed,paid_search,credit_card
14267,4471.0,2024-04-09T15:46:46,cancelled,organic_search,paypal
14268,3915.0,27/04/2025,completed,paid_search,bank_transfer
14269,1438.0,20/01/2024,completed,direct,debit_card
14270,7760.0,28/12/2024,completed,paid_search,credit_card
14271,1292.0,04-01-2024,completed,social_media,paypal
14272,1025.0,2024-12-25,completed,direct,paypal
14273,4043.0,2024-02-24T02:38:47,COMPLETED,referral,credit_card
14274,4026.0,10-27-2025,completed,social_media,debit_card
14275,9056.0,15.08.2024,completed,paid_search,credit_card
14276,1236.0,11-16-2024,cancelled,organic_search,debit_card
14277,4471.0,12.11.2025,completed,social_media,debit_card
14278,1910.0,2025-09-03,completed,referral,bank_transfer
14279,6496.0,08-23-2024,completed,social_media,credit_card
14280,3602.0,31.03.2024,completed,organic_search,credit_card
14281,5994.0,2025-08-13T03:40:59,completed,organic_search,bank_transfer
14282,3124.0,12-18-2024,completed,direct,debit_card
14283,5215.0,2025-09-15T07:05:16,cancelled,referral,debit_card
14284,4332.0,26/01/2025,returned,direct,bank_transfer
14285,3452.0,25.11.2024,completed,email,debit_card
14286,4964.0,31/01/2025,completed,paid_search,paypal
14287,3542.0,09-04-2025,completed,organic_search,paypal
14288,7469.0,25/11/2025,completed,paid_search,paypal
14289,4576.0,03-06-2024,completed,organic_search,credit_card
14290,8356.0,03-31-2025,completed,organic_search,bank_transfer
14291,2094.0,14.02.2024,completed,direct,bank_transfer
14292,1100.0,15/02/2025,cancelled,paid_search,paypal
14293,3515.0,18.11.2025,completed,referral,bank_transfer
14294,1744.0,12-04-2024,completed,email,paypal
14295,3618.0,12-07-2025,completed,organic_search,paypal
14296,1960.0,14.06.2025,COMPLETED,organic_search,bank_transfer
14297,8035.0,2025-12-07T07:50:42,completed,paid_search,debit_card
14298,5248.0,10.09.2025,completed,direct,bank_transfer
14299,4593.0,02/05/2024,completed,organic_search,credit_card
14300,7288.0,2024-09-03T16:27:02,completed,email,credit_card
14301,1264.0,12-20-2024,completed,referral,paypal
14302,7927.0,07.07.2024,completed,email,credit_card
14303,4471.0,2025-03-09,cancelled,paid_search,credit_card
14304,1322.0,2025-02-18T13:23:14,completed,organic_search,debit_card
14305,7586.0,15.12.2025,completed,referral,paypal
14306,4253.0,15/01/2025,cancelled,social_media,bank_transfer
14307,5573.0,2025-09-28T05:50:45,completed,social_media,bank_transfer
14308,8262.0,2025-12-10,cancelled,organic_search,paypal
14309,8236.0,15/11/2025,completed,organic_search,credit_card
14310,8256.0,2024-08-14T21:51:14,completed,referral,paypal
14311,3841.0,03-10-2025,COMPLETED,organic_search,paypal
14312,6927.0,26.11.2024,completed,referral,debit_card
14313,2196.0,2024-12-22T22:37:19,completed,social_media,paypal
14314,7689.0,03/12/2024,cancelled,organic_search,paypal
14315,3158.0,10-22-2025,cancelled,email,bank_transfer
14316,4284.0,01/02/2025,completed,direct,paypal
14317,8243.0,31.03.2025,completed,paid_search,bank_transfer
14318,7468.0,2025-12-25T20:55:38,completed,direct,credit_card
14319,8786.0,18.03.2024,RETURNED,email,credit_card
14320,3350.0,2025-03-04,completed,social_media,bank_transfer
14321,1452.0,09-20-2025,completed,referral,bank_transfer
14322,8434.0,18.06.2024,completed,direct,credit_card
14323,4556.0,01/06/2025,completed,paid_search,debit_card
14324,8225.0,2024-09-11T12:49:45,completed,direct,bank_transfer
14325,6765.0,11-10-2025,completed,organic_search,credit_card
14326,8093.0,2024-11-15,completed,referral,credit_card
14327,6061.0,16.11.2024,completed,paid_search,bank_transfer
14328,7518.0,23.05.2025,returned,social_media,paypal
14329,1175.0,2024-07-21,completed,email,paypal
14330,8938.0,10-18-2024,completed,organic_search,credit_card
14331,1712.0,12-31-2024,cancelled,direct,paypal
14332,250.0,30/11/2024,returned,paid_search,bank_transfer
14333,4908.0,2025-04-01T19:43:27,returned,referral,debit_card
14334,6579.0,2025-05-24,COMPLETED,organic_search,credit_card
14335,6613.0,2025-05-01T02:15:37,completed,organic_search,debit_card
14336,3134.0,2025-07-01T03:53:17,completed,paid_search,bank_transfer
14337,6968.0,11-04-2024,completed,direct,paypal
14338,7790.0,25.05.2024,completed,email,debit_card
14339,5625.0,2025-09-12,completed,email,credit_card
14340,3556.0,2025-11-04T08:45:30,completed,paid_search,debit_card
14341,5660.0,26/09/2024,completed,email,bank_transfer
14342,7975.0,2024-12-26,returned,direct,paypal
14343,8336.0,03-12-2025,completed,social_media,credit_card
14344,313.0,04-07-2025,returned,referral,credit_card
14345,1191.0,05/07/2025,completed,email,credit_card
14346,46.0,26/02/2024,completed,organic_search,bank_transfer
14347,4550.0,17.08.2025,cancelled,organic_search,paypal
14348,4025.0,2024-03-20,completed,referral,debit_card
14349,5039.0,15/02/2025,completed,paid_search,paypal
14350,6336.0,22.10.2025,completed,referral,bank_transfer
14351,3370.0,01-31-2025,completed,direct,debit_card
14352,1970.0,16.06.2024,completed,direct,bank_transfer
14353,3633.0,26/12/2025,cancelled,referral,debit_card
14354,88.0,2025-11-20,completed,social_media,bank_transfer
14355,7671.0,2025-09-19,completed,direct,bank_transfer
14356,3542.0,28/12/2024,completed,referral,debit_card
14357,5739.0,21/07/2024,completed,referral,bank_transfer
14358,3008.0,12-10-2025,completed,organic_search,credit_card
14359,5668.0,2025-04-06,completed,organic_search,credit_card
14360,4991.0,2025-11-04T13:43:46,completed,paid_search,paypal
14361,1970.0,23.11.2024,completed,email,debit_card
14362,5763.0,2024-11-19,completed,referral,bank_transfer
14363,1071.0,26.12.2025,completed,referral,credit_card
14364,4448.0,30.03.2025,completed,paid_search,credit_card
14365,6644.0,06-08-2024,completed,direct,paypal
14366,5064.0,2024-08-24,completed,referral,bank_transfer
14367,6898.0,02-27-2025,completed,email,bank_transfer
14368,2561.0,27.02.2024,completed,social_media,bank_transfer
14369,480.0,2025-02-10,completed,paid_search,credit_card
14370,550.0,01-01-2025,completed,referral,debit_card
14371,2530.0,2025-09-24T04:07:17,completed,organic_search,debit_card
14372,3753.0,30/11/2024,cancelled,organic_search,bank_transfer
14373,4964.0,2025-12-25T02:59:08,completed,paid_search,bank_transfer
14374,6999.0,2024-07-18T18:38:09,completed,organic_search,debit_card
14375,7765.0,2025-05-18T16:40:29,completed,organic_search,bank_transfer
14376,6428.0,18/04/2024,completed,social_media,credit_card
14377,4277.0,2025-08-26,completed,social_media,credit_card
14378,,12-30-2025,completed,social_media,bank_transfer
14379,3948.0,2025-10-17,completed,email,bank_transfer
14380,2565.0,23.04.2025,completed,paid_search,debit_card
14381,5756.0,2025-03-01T13:29:14,completed,direct,credit_card
14382,7578.0,2025-10-27T08:38:29,completed,paid_search,debit_card
14383,4800.0,08.12.2025,cancelled,social_media,bank_transfer
14384,445.0,2025-12-28,cancelled,referral,credit_card
14385,8669.0,12-21-2024,completed,email,credit_card
14386,2748.0,2025-12-28,cancelled,email,credit_card
14387,8466.0,06-23-2024,completed,social_media,debit_card
14388,7524.0,09-23-2024,completed,direct,credit_card
14389,3802.0,2024-04-17,completed,direct,debit_card
14390,559.0,08.10.2024,completed,referral,credit_card
14391,8745.0,16.09.2025,completed,email,debit_card
14392,6109.0,04/11/2025,completed,email,credit_card
14393,2346.0,23.09.2025,completed,referral,debit_card
14394,4929.0,2025-06-15,completed,organic_search,credit_card
14395,5859.0,03-24-2025,completed,email,credit_card
14396,2133.0,2025-08-09,completed,email,debit_card
14397,916.0,2024-12-18,completed,direct,debit_card
14398,2518.0,2025-10-30T17:47:57,completed,email,bank_transfer
14399,465.0,18/07/2025,completed,direct,debit_card
14400,686.0,2025-08-01,completed,social_media,paypal
14401,1496.0,2025-04-09,completed,email,bank_transfer
14402,1501.0,11-18-2025,completed,paid_search,paypal
14403,2328.0,2024-09-21,cancelled,paid_search,debit_card
14404,8649.0,2024-12-13,COMPLETED,paid_search,bank_transfer
14405,5324.0,2025-09-22T23:23:50,completed,referral,debit_card
14406,3902.0,03-08-2025,completed,organic_search,bank_transfer
14407,5210.0,11-20-2025,completed,direct,credit_card
14408,56.0,25.11.2024,completed,paid_search,credit_card
14409,8273.0,2024-12-07,completed,referral,paypal
14410,4919.0,2025-11-19,completed,direct,credit_card
14411,4170.0,12.02.2025,completed,email,debit_card
14412,8685.0,25.03.2025,completed,direct,paypal
14413,6749.0,18/11/2024,completed,social_media,bank_transfer
14414,3116.0,2024-10-12,COMPLETED,paid_search,debit_card
14415,8638.0,2025-07-02T09:17:33,completed,organic_search,debit_card
14416,7876.0,18.05.2024,completed,direct,debit_card
14417,8808.0,11-15-2025,completed,organic_search,debit_card
14418,943.0,09-23-2025,completed,referral,credit_card
14419,8817.0,28/07/2024,completed,direct,bank_transfer
14420,5016.0,2025-07-29T17:34:06,completed,organic_search,credit_card
14421,6221.0,2025-05-25,completed,social_media,bank_transfer
14422,2004.0,2024-07-21,completed,direct,bank_transfer
14423,1350.0,09/10/2024,completed,paid_search,credit_card
14424,771.0,27/12/2024,completed,direct,credit_card
14425,3899.0,2025-08-02,completed,social_media,debit_card
14426,2080.0,2025-06-20,completed,email,bank_transfer
14427,795.0,2025-04-06,completed,email,debit_card
14428,8814.0,2025-09-17,completed,referral,paypal
14429,6777.0,10.09.2025,cancelled,paid_search,bank_transfer
14430,4798.0,06-05-2025,completed,paid_search,credit_card
14431,6876.0,28.09.2025,completed,social_media,credit_card
14432,5638.0,2024-11-19,completed,referral,debit_card
14433,1684.0,11-16-2025,completed,paid_search,credit_card
14434,5841.0,03/06/2025,completed,organic_search,bank_transfer
14435,6308.0,2025-10-19,completed,email,bank_transfer
14436,2232.0,16.04.2025,cancelled,organic_search,paypal
14437,2973.0,23/08/2024,returned,email,paypal
14438,3538.0,2025-04-13T07:53:15,completed,social_media,credit_card
14439,5554.0,12-08-2024,cancelled,organic_search,paypal
14440,1228.0,2025-08-01T09:30:09,completed,organic_search,credit_card
14441,6878.0,2025-02-22T09:45:58,completed,email,debit_card
14442,3194.0,27.10.2025,returned,email,paypal
14443,6419.0,07-18-2025,completed,organic_search,bank_transfer
14444,8613.0,23.07.2025,completed,referral,credit_card
14445,8045.0,22/08/2024,completed,referral,debit_card
14446,6823.0,26/12/2025,CANCELLED,paid_search,credit_card
14447,1837.0,10-31-2025,completed,organic_search,credit_card
14448,6765.0,2025-09-30,completed,referral,debit_card
14449,5859.0,11-17-2024,completed,paid_search,debit_card
14450,7132.0,2025-04-09,completed,social_media,bank_transfer
14451,8039.0,04.06.2024,completed,direct,debit_card
14452,2892.0,2025-04-11T19:23:27,completed,email,paypal
14453,5947.0,13/06/2024,completed,social_media,debit_card
14454,2585.0,2025-04-21T22:26:04,completed,referral,paypal
14455,3196.0,27/06/2025,completed,email,paypal
14456,4818.0,18/12/2024,completed,direct,debit_card
14457,4005.0,2025-03-12,completed,referral,debit_card
14458,5539.0,14.11.2025,completed,email,paypal
14459,7006.0,05-07-2024,completed,paid_search,debit_card
14460,5578.0,2025-10-01T08:03:20,completed,social_media,bank_transfer
14461,8953.0,08.07.2024,completed,social_media,credit_card
14462,6829.0,2024-02-19T10:31:01,completed,organic_search,bank_transfer
14463,9088.0,07-22-2024,completed,email,credit_card
14464,6877.0,09-15-2025,completed,paid_search,paypal
14465,4703.0,12-25-2024,completed,organic_search,credit_card
14466,3779.0,13.11.2025,completed,direct,debit_card
14467,6802.0,04-01-2025,completed,direct,paypal
14468,6372.0,01/02/2024,completed,referral,bank_transfer
14469,6188.0,2025-08-14,cancelled,organic_search,paypal
14470,6665.0,2024-05-09,completed,direct,paypal
14471,8063.0,30/09/2025,COMPLETED,direct,debit_card
14472,2147.0,05/07/2024,completed,email,credit_card
14473,5217.0,25.11.2024,completed,social_media,debit_card
14474,5561.0,12/09/2025,completed,organic_search,paypal
14475,2738.0,12-15-2025,completed,social_media,bank_transfer
14476,9109.0,08/12/2024,completed,paid_search,debit_card
14477,7263.0,2025-10-23T21:17:06,completed,paid_search,debit_card
14478,2981.0,28/07/2024,completed,paid_search,debit_card
14479,3301.0,2025-10-10T16:10:35,completed,email,credit_card
14480,6631.0,2025-07-03,completed,social_media,paypal
14481,115.0,2024-07-30,completed,direct,debit_card
14482,4286.0,01.11.2024,COMPLETED,paid_search,debit_card
14483,3168.0,05-30-2024,completed,email,debit_card
14484,7896.0,12-14-2024,completed,email,credit_card
14485,7327.0,2024-08-09,completed,paid_search,debit_card
14486,3075.0,2025-06-24T06:54:37,returned,direct,paypal
14487,8000.0,29.12.2025,COMPLETED,referral,paypal
14488,8463.0,17/01/2024,completed,organic_search,bank_transfer
14489,5095.0,2025-04-13T02:18:20,completed,social_media,credit_card
14490,1510.0,2025-05-06T00:40:12,completed,social_media,paypal
14491,7114.0,2025-11-30,completed,email,paypal
14492,2966.0,18/03/2025,COMPLETED,paid_search,credit_card
14493,4881.0,2025-04-14T16:31:24,completed,direct,credit_card
14494,442.0,2025-02-18,completed,paid_search,bank_transfer
14495,4620.0,10-05-2024,completed,social_media,credit_card
14496,3509.0,13/03/2024,completed,email,paypal
14497,6362.0,27/12/2024,COMPLETED,direct,bank_transfer
14498,403.0,2024-03-09,returned,direct,debit_card
14499,5761.0,19.04.2025,completed,referral,bank_transfer
14500,7126.0,2024-11-04,completed,organic_search,bank_transfer
14501,129.0,07.04.2025,completed,paid_search,paypal
14502,6931.0,2024-06-01T17:22:04,completed,email,bank_transfer
14503,1263.0,07.12.2025,completed,organic_search,paypal
14504,6460.0,11-22-2025,completed,referral,paypal
14505,4202.0,07-27-2024,completed,email,credit_card
14506,5090.0,11-24-2024,completed,organic_search,bank_transfer
14507,3116.0,2025-06-02T23:37:45,completed,social_media,bank_transfer
14508,2309.0,04-24-2024,completed,email,paypal
14509,696.0,11-30-2024,completed,social_media,credit_card
14510,7999.0,2024-09-21T19:29:46,completed,referral,paypal
14511,5629.0,2025-11-30T03:22:57,completed,paid_search,bank_transfer
14512,9070.0,04/11/2025,completed,email,bank_transfer
14513,7864.0,10.05.2025,completed,paid_search,bank_transfer
14514,8045.0,29.03.2025,completed,referral,bank_transfer
14515,,06.12.2025,completed,email,bank_transfer
14516,786.0,07.12.2025,completed,referral,credit_card
14517,8461.0,2025-12-20,completed,referral,bank_transfer
14518,1151.0,2024-05-24,returned,email,debit_card
14519,4789.0,28.06.2024,returned,social_media,paypal
14520,7926.0,07-17-2025,completed,organic_search,credit_card
14521,4367.0,13.04.2025,completed,email,paypal
14522,1572.0,26.01.2024,completed,organic_search,credit_card
14523,3439.0,03-20-2024,completed,social_media,credit_card
14524,9114.0,11-19-2025,completed,referral,paypal
14525,9224.0,11.11.2025,completed,direct,credit_card
14526,6578.0,01.12.2024,completed,email,bank_transfer
14527,8213.0,20/11/2025,completed,referral,debit_card
14528,428.0,05-19-2025,completed,social_media,debit_card
14529,2594.0,10-10-2025,completed,social_media,debit_card
14530,3400.0,09.01.2025,completed,referral,bank_transfer
14531,121.0,2024-05-12,completed,email,credit_card
14532,3475.0,15.01.2025,completed,organic_search,credit_card
14533,909.0,02-06-2025,completed,paid_search,debit_card
14534,4792.0,2025-04-20T23:57:38,completed,social_media,bank_transfer
14535,44.0,05-04-2024,completed,organic_search,debit_card
14536,2541.0,12-28-2025,completed,organic_search,paypal
14537,8015.0,2024-09-15,completed,paid_search,credit_card
14538,2011.0,2024-08-04T09:30:07,completed,organic_search,debit_card
14539,630.0,04-02-2025,completed,social_media,bank_transfer
14540,2347.0,04-10-2025,completed,direct,paypal
14541,7652.0,2025-01-21,COMPLETED,paid_search,paypal
14542,5399.0,09-19-2025,completed,referral,bank_transfer
14543,5389.0,03-26-2025,completed,organic_search,bank_transfer
14544,7.0,30/05/2025,completed,direct,bank_transfer
14545,4364.0,08-19-2025,completed,social_media,credit_card
14546,2501.0,04.02.2024,completed,referral,paypal
14547,3103.0,03.05.2025,completed,email,bank_transfer
14548,5520.0,17.11.2025,completed,direct,paypal
14549,8089.0,2024-01-25T11:35:02,COMPLETED,referral,paypal
14550,1719.0,25.12.2024,completed,paid_search,debit_card
14551,7093.0,04.12.2025,cancelled,email,paypal
14552,481.0,29/11/2024,completed,organic_search,bank_transfer
14553,3023.0,02-07-2025,completed,social_media,credit_card
14554,2060.0,2025-12-25T06:56:25,completed,paid_search,credit_card
14555,8467.0,05.08.2024,completed,paid_search,paypal
14556,1684.0,03-24-2024,completed,referral,debit_card
14557,5354.0,07.11.2025,completed,organic_search,credit_card
14558,,2025-11-11,completed,social_media,credit_card
14559,4376.0,2025-02-18,completed,referral,credit_card
14560,3804.0,2025-03-24,completed,social_media,bank_transfer
14561,409.0,2025-10-27T02:45:06,cancelled,paid_search,paypal
14562,7641.0,29.08.2025,completed,organic_search,bank_transfer
14563,7206.0,2024-10-02,completed,social_media,paypal
14564,2609.0,01-24-2024,completed,organic_search,paypal
14565,5664.0,25.02.2025,completed,paid_search,bank_transfer
14566,3343.0,11-07-2025,returned,direct,credit_card
14567,7103.0,2025-11-22T21:22:24,COMPLETED,direct,credit_card
14568,6420.0,12-15-2025,completed,social_media,bank_transfer
14569,885.0,2025-11-16T11:23:06,completed,paid_search,debit_card
14570,7804.0,2025-05-10,completed,paid_search,debit_card
14571,1697.0,2025-01-25,completed,direct,debit_card
14572,1649.0,09-21-2025,completed,referral,bank_transfer
14573,6781.0,08-30-2025,completed,direct,paypal
14574,1740.0,04-11-2025,completed,direct,debit_card
14575,1191.0,04-16-2024,completed,referral,paypal
14576,3103.0,2025-12-04T15:59:53,completed,email,credit_card
14577,7756.0,2025-02-04,completed,social_media,debit_card
14578,1671.0,04.12.2024,completed,email,credit_card
14579,3132.0,2025-06-14T05:44:54,completed,direct,bank_transfer
14580,2682.0,07-15-2025,completed,social_media,bank_transfer
14581,3284.0,2024-08-16,completed,email,paypal
14582,6592.0,28/10/2025,completed,paid_search,bank_transfer
14583,3728.0,22/10/2024,returned,paid_search,paypal
14584,7014.0,2024-07-24,completed,paid_search,bank_transfer
14585,5907.0,12-26-2024,completed,direct,credit_card
14586,3328.0,23.08.2025,returned,referral,debit_card
14587,3989.0,19/12/2025,completed,email,debit_card
14588,6514.0,10-12-2025,completed,referral,credit_card
14589,4938.0,10/12/2025,completed,referral,paypal
14590,8036.0,06-08-2024,completed,paid_search,bank_transfer
14591,8613.0,30.03.2024,completed,referral,debit_card
14592,6626.0,04-24-2025,completed,paid_search,paypal
14593,9125.0,2024-10-22,completed,paid_search,credit_card
14594,5499.0,23.10.2025,cancelled,social_media,credit_card
14595,394.0,2025-07-14T22:30:39,cancelled,email,bank_transfer
14596,,21.12.2025,completed,organic_search,bank_transfer
14597,2166.0,2024-09-24T11:21:24,completed,social_media,credit_card
14598,3090.0,2025-03-02T04:54:37,completed,direct,credit_card
14599,4526.0,14.03.2025,completed,email,debit_card
14600,2751.0,09-10-2024,completed,referral,bank_transfer
14601,2890.0,2025-05-17,completed,paid_search,debit_card
14602,3696.0,2025-01-24T17:23:55,completed,organic_search,debit_card
14603,2685.0,27.01.2025,completed,direct,bank_transfer
14604,1609.0,04/12/2024,completed,social_media,credit_card
14605,7066.0,24.01.2024,completed,paid_search,paypal
14606,3633.0,2025-03-30T03:22:44,completed,direct,paypal
14607,7696.0,19/11/2024,completed,referral,debit_card
14608,8166.0,02/01/2024,completed,referral,credit_card
14609,6940.0,04.11.2024,completed,social_media,credit_card
14610,3644.0,2024-10-13,cancelled,email,credit_card
14611,6659.0,2024-12-19T08:13:00,completed,organic_search,paypal
14612,1496.0,30.05.2024,completed,social_media,debit_card
14613,6124.0,2025-03-19,completed,organic_search,debit_card
14614,3734.0,07-28-2025,completed,email,bank_transfer
14615,6071.0,14.06.2025,completed,organic_search,paypal
14616,6976.0,08.10.2025,completed,direct,debit_card
14617,5197.0,2025-02-01,completed,social_media,paypal
14618,5930.0,28.03.2025,completed,email,credit_card
14619,2015.0,10-12-2025,completed,direct,bank_transfer
14620,5460.0,09.01.2025,completed,paid_search,credit_card
14621,4249.0,04.08.2025,completed,email,bank_transfer
14622,3950.0,2025-01-16T22:44:00,completed,organic_search,credit_card
14623,3772.0,2024-12-31T18:47:06,completed,paid_search,paypal
14624,2890.0,12.09.2025,cancelled,social_media,debit_card
14625,2849.0,2024-07-12,completed,paid_search,paypal
14626,6477.0,21/11/2024,completed,direct,credit_card
14627,5149.0,28.08.2024,completed,paid_search,bank_transfer
14628,300.0,02/12/2024,completed,direct,bank_transfer
14629,477.0,09-03-2024,completed,email,debit_card
14630,5272.0,05-10-2025,completed,paid_search,debit_card
14631,7826.0,2025-10-05,returned,referral,debit_card
14632,426.0,09-28-2025,completed,email,debit_card
14633,4696.0,2024-12-05,completed,paid_search,credit_card
14634,7869.0,2025-12-27,completed,social_media,paypal
14635,45.0,2025-05-19T15:19:22,cancelled,email,paypal
14636,2592.0,2024-12-22T13:15:24,completed,email,paypal
14637,8512.0,27.10.2025,completed,social_media,credit_card
14638,793.0,23.08.2025,completed,referral,credit_card
14639,5595.0,2025-09-05,completed,social_media,credit_card
14640,4697.0,2024-08-02,cancelled,email,credit_card
14641,1458.0,15.02.2025,completed,referral,paypal
14642,419.0,08.11.2025,returned,paid_search,bank_transfer
14643,4646.0,16.03.2025,completed,direct,credit_card
14644,6796.0,2025-07-22,completed,email,debit_card
14645,1676.0,2025-05-16T19:04:02,completed,email,credit_card
14646,6416.0,2025-10-31,completed,organic_search,credit_card
14647,5044.0,2024-10-18T20:53:14,cancelled,social_media,bank_transfer
14648,3293.0,07.05.2025,returned,referral,credit_card
14649,6157.0,05-21-2024,completed,social_media,debit_card
14650,1822.0,27/07/2025,completed,social_media,paypal
14651,4215.0,24/08/2025,returned,direct,debit_card
14652,5064.0,2024-02-27T02:21:35,COMPLETED,email,credit_card
14653,4231.0,2025-07-17,completed,direct,debit_card
14654,3649.0,30.12.2024,cancelled,social_media,debit_card
14655,6850.0,05-22-2024,returned,social_media,paypal
14656,6076.0,02.01.2025,completed,email,debit_card
14657,5897.0,2024-07-31T08:38:30,returned,email,paypal
14658,8247.0,30.12.2024,completed,organic_search,credit_card
14659,9168.0,2024-12-15T14:11:24,completed,referral,credit_card
14660,5240.0,08-29-2025,completed,email,debit_card
14661,3212.0,2025-09-20,completed,paid_search,debit_card
14662,7193.0,2025-05-29,completed,referral,debit_card
14663,1366.0,2024-02-01,cancelled,referral,bank_transfer
14664,4745.0,2025-12-06T23:01:07,completed,social_media,paypal
14665,4855.0,24.07.2025,completed,direct,debit_card
14666,9075.0,02-16-2024,completed,direct,credit_card
14667,9144.0,10-17-2025,completed,direct,credit_card
14668,7405.0,2024-08-06,completed,organic_search,debit_card
14669,4371.0,10.05.2025,completed,social_media,paypal
14670,5050.0,2025-02-14T08:36:25,completed,organic_search,debit_card
14671,2969.0,2025-01-02,COMPLETED,social_media,credit_card
14672,7675.0,2025-11-20T05:57:14,completed,email,debit_card
14673,6899.0,01-18-2025,completed,social_media,paypal
14674,7119.0,04-03-2024,completed,social_media,credit_card
14675,1336.0,2025-12-12T21:13:27,completed,direct,debit_card
14676,3662.0,12-02-2025,cancelled,social_media,debit_card
14677,4962.0,2025-07-23T21:18:02,completed,direct,paypal
14678,1208.0,15.02.2025,completed,referral,bank_transfer
14679,3397.0,21.04.2024,completed,organic_search,credit_card
14680,854.0,2025-10-01T04:17:59,completed,referral,debit_card
14681,8849.0,2024-04-04,completed,paid_search,credit_card
14682,6943.0,2024-03-27,completed,paid_search,credit_card
14683,5720.0,10/04/2025,completed,email,bank_transfer
14684,1936.0,2024-06-27T13:59:11,returned,email,debit_card
14685,3094.0,12/01/2024,completed,email,debit_card
14686,1385.0,05.01.2025,completed,social_media,debit_card
14687,4949.0,06-04-2024,completed,direct,credit_card
14688,7596.0,28/06/2024,completed,direct,credit_card
14689,194.0,05.04.2024,completed,direct,bank_transfer
14690,1017.0,10.08.2024,COMPLETED,referral,debit_card
14691,2162.0,2025-08-13,completed,email,debit_card
14692,6591.0,11.10.2025,completed,email,paypal
14693,8266.0,01/02/2025,completed,direct,paypal
14694,6958.0,18/03/2025,returned,social_media,credit_card
14695,4861.0,14/02/2024,completed,organic_search,credit_card
14696,1026.0,28.03.2024,completed,direct,bank_transfer
14697,6977.0,2024-09-26,completed,referral,paypal
14698,1032.0,15/04/2025,completed,direct,debit_card
14699,3208.0,08-29-2025,cancelled,email,credit_card
14700,2879.0,2025-05-27T00:23:36,completed,organic_search,bank_transfer
14701,3310.0,19.12.2024,completed,direct,credit_card
14702,3046.0,17/05/2024,cancelled,referral,debit_card
14703,7103.0,09-24-2025,completed,referral,paypal
14704,1628.0,12-05-2024,completed,email,paypal
14705,7820.0,2025-08-27,completed,email,credit_card
14706,7939.0,2025-03-23T16:20:51,completed,email,bank_transfer
14707,4536.0,2025-08-29T07:58:18,returned,paid_search,bank_transfer
14708,1037.0,11-27-2025,COMPLETED,paid_search,bank_transfer
14709,5321.0,2025-12-02T17:04:54,completed,direct,debit_card
14710,7600.0,04-08-2025,completed,organic_search,credit_card
14711,2711.0,2025-03-22,completed,referral,bank_transfer
14712,7746.0,2024-10-03,cancelled,paid_search,paypal
14713,6259.0,2025-12-08T20:58:49,completed,organic_search,paypal
14714,9104.0,2025-02-06T10:51:42,completed,email,debit_card
14715,7630.0,26/05/2024,completed,direct,debit_card
14716,1912.0,14/01/2025,completed,paid_search,bank_transfer
14717,4148.0,05-25-2024,cancelled,email,credit_card
14718,1018.0,2025-03-15,completed,social_media,paypal
14719,683.0,2025-04-27T04:58:29,completed,email,paypal
14720,6531.0,21.11.2024,completed,referral,debit_card
14721,8455.0,31.03.2024,completed,paid_search,paypal
14722,8981.0,2025-12-11T16:53:43,completed,email,bank_transfer
14723,2541.0,20/09/2025,completed,email,bank_transfer
14724,1915.0,29.10.2025,cancelled,social_media,bank_transfer
14725,5173.0,06/12/2024,completed,direct,paypal
14726,1909.0,2025-09-12T18:57:36,completed,email,bank_transfer
14727,2759.0,2025-03-02T01:53:46,completed,paid_search,debit_card
14728,7742.0,07.08.2024,returned,email,credit_card
14729,7499.0,23.05.2024,completed,email,credit_card
14730,8277.0,2024-11-25T01:46:09,completed,email,credit_card
14731,4461.0,06-05-2024,cancelled,email,debit_card
14732,5213.0,2025-12-31,returned,direct,bank_transfer
14733,7117.0,2024-03-06T00:36:32,completed,organic_search,credit_card
14734,2251.0,22.01.2025,completed,referral,debit_card
14735,7615.0,02-01-2025,completed,direct,paypal
14736,180.0,31.10.2024,completed,referral,credit_card
14737,7389.0,2025-05-04,completed,organic_search,bank_transfer
14738,7166.0,17/06/2024,completed,organic_search,credit_card
14739,2815.0,2025-09-27,completed,referral,credit_card
14740,6722.0,18.11.2024,completed,direct,paypal
14741,2019.0,18.05.2025,completed,organic_search,credit_card
14742,5327.0,13/08/2025,cancelled,direct,credit_card
14743,6487.0,19.11.2025,completed,direct,paypal
14744,6594.0,2025-10-27,returned,paid_search,debit_card
14745,9071.0,30.05.2025,completed,referral,paypal
14746,1724.0,17.12.2024,completed,paid_search,debit_card
14747,4445.0,2025-03-16T21:01:12,returned,organic_search,bank_transfer
14748,8137.0,17.09.2025,completed,direct,debit_card
14749,5184.0,15/11/2025,completed,paid_search,debit_card
14750,8106.0,2024-05-02T21:41:25,completed,organic_search,paypal
14751,4003.0,12-15-2024,cancelled,referral,bank_transfer
14752,7368.0,09-21-2025,completed,referral,debit_card
14753,8045.0,13/01/2025,completed,organic_search,debit_card
14754,7828.0,18/11/2024,cancelled,direct,credit_card
14755,8054.0,2024-12-28,returned,organic_search,debit_card
14756,2064.0,26/05/2025,completed,email,debit_card
14757,4043.0,2025-12-31T03:41:59,completed,referral,paypal
14758,1651.0,2025-03-08,completed,referral,debit_card
14759,,2024-08-13T01:27:22,COMPLETED,paid_search,credit_card
14760,4506.0,06-30-2024,completed,social_media,credit_card
14761,8857.0,2024-02-27,completed,organic_search,bank_transfer
14762,5451.0,2025-04-25T08:10:07,completed,direct,debit_card
14763,7894.0,2025-04-15T14:51:44,completed,direct,debit_card
14764,8647.0,10/08/2024,COMPLETED,social_media,bank_transfer
14765,845.0,07-30-2025,completed,referral,credit_card
14766,1541.0,2025-08-30,completed,direct,debit_card
14767,2722.0,27.09.2024,returned,direct,bank_transfer
14768,5684.0,2024-11-24T21:52:14,returned,social_media,credit_card
14769,601.0,28/12/2025,completed,paid_search,debit_card
14770,7275.0,2024-12-10T18:19:33,completed,social_media,bank_transfer
14771,620.0,2025-09-12T04:26:35,completed,referral,credit_card
14772,1502.0,2025-02-01T02:44:36,completed,referral,credit_card
14773,3521.0,10-02-2025,completed,referral,debit_card
14774,5147.0,2025-09-17,completed,organic_search,credit_card
14775,8153.0,2025-07-11T15:19:20,completed,organic_search,bank_transfer
14776,8893.0,05.11.2025,completed,referral,credit_card
14777,8185.0,12-09-2025,COMPLETED,referral,paypal
14778,1046.0,05-10-2025,cancelled,referral,paypal
14779,5819.0,2024-09-09T17:25:45,completed,direct,credit_card
14780,4070.0,2024-12-22,completed,social_media,credit_card
14781,1217.0,2025-09-10,completed,referral,credit_card
14782,5124.0,06-29-2025,completed,direct,credit_card
14783,3286.0,2024-07-15,completed,social_media,paypal
14784,3191.0,08/03/2024,completed,referral,paypal
14785,926.0,22.07.2025,returned,email,bank_transfer
14786,9028.0,21.09.2024,completed,organic_search,paypal
14787,6708.0,13/03/2025,completed,email,bank_transfer
14788,2635.0,2025-09-03,cancelled,social_media,bank_transfer
14789,8488.0,28/04/2025,cancelled,paid_search,debit_card
14790,8750.0,12.04.2024,COMPLETED,social_media,paypal
14791,7499.0,2024-07-22T02:45:44,cancelled,email,paypal
14792,6110.0,24/08/2024,completed,direct,bank_transfer
14793,3470.0,26/09/2024,completed,referral,bank_transfer
14794,4007.0,2025-04-30,completed,social_media,debit_card
14795,4199.0,03-16-2025,completed,referral,bank_transfer
14796,8757.0,2024-08-09,completed,social_media,paypal
14797,7020.0,2024-03-26,completed,email,credit_card
14798,2734.0,2024-07-08,completed,email,paypal
14799,5758.0,12-26-2025,completed,paid_search,bank_transfer
14800,5468.0,02-15-2025,completed,email,bank_transfer
14801,7515.0,10/11/2025,completed,paid_search,paypal
14802,937.0,2025-11-03T09:12:06,completed,email,paypal
14803,6495.0,2025-03-22T08:36:01,completed,social_media,paypal
14804,3066.0,2025-08-07T09:24:04,completed,paid_search,debit_card
14805,1256.0,2024-07-30T03:54:48,returned,organic_search,paypal
14806,6762.0,2025-07-26T02:00:36,completed,referral,bank_transfer
14807,3070.0,2024-10-08,completed,direct,debit_card
14808,6747.0,2025-10-25,completed,direct,credit_card
14809,1544.0,04-12-2024,completed,social_media,credit_card
14810,9095.0,20.09.2025,completed,paid_search,credit_card
14811,7449.0,04-28-2024,completed,paid_search,debit_card
14812,2711.0,2025-11-16T05:40:32,returned,referral,debit_card
14813,6845.0,2024-11-02T22:50:48,completed,organic_search,bank_transfer
14814,1316.0,01.07.2025,completed,paid_search,debit_card
14815,6048.0,03.03.2025,completed,referral,debit_card
14816,586.0,12-06-2024,completed,referral,paypal
14817,3086.0,25/06/2025,completed,social_media,bank_transfer
14818,9027.0,12.12.2025,COMPLETED,paid_search,credit_card
14819,1179.0,25/02/2024,completed,paid_search,paypal
14820,5509.0,02.12.2025,cancelled,referral,credit_card
14821,693.0,30.05.2025,completed,paid_search,credit_card
14822,6194.0,11/10/2025,completed,direct,credit_card
14823,2617.0,15.12.2024,completed,social_media,paypal
14824,2890.0,18/02/2025,completed,social_media,debit_card
14825,3119.0,11/11/2025,completed,referral,debit_card
14826,1939.0,30.12.2024,cancelled,paid_search,bank_transfer
14827,8686.0,08/04/2025,completed,social_media,paypal
14828,8383.0,29/01/2024,completed,direct,bank_transfer
14829,8045.0,06-26-2024,CANCELLED,social_media,bank_transfer
14830,1040.0,06-22-2025,completed,email,debit_card
14831,2197.0,2025-08-14,completed,referral,credit_card
14832,5646.0,12.05.2025,completed,direct,bank_transfer
14833,8956.0,2024-06-10T05:58:31,completed,referral,paypal
14834,5576.0,26/01/2025,completed,social_media,debit_card
14835,3023.0,30.11.2024,completed,social_media,debit_card
14836,7570.0,10.03.2025,completed,paid_search,bank_transfer
14837,1313.0,11-12-2025,COMPLETED,paid_search,bank_transfer
14838,,2025-09-21,completed,organic_search,bank_transfer
14839,8989.0,04-12-2024,completed,referral,debit_card
14840,8931.0,11-20-2025,completed,organic_search,debit_card
14841,1415.0,02-18-2025,completed,paid_search,bank_transfer
14842,5066.0,09-01-2025,completed,paid_search,bank_transfer
14843,5374.0,2024-06-07T02:59:57,completed,referral,paypal
14844,1855.0,2025-07-13,completed,social_media,paypal
14845,5047.0,09-08-2024,completed,organic_search,paypal
14846,5972.0,2025-01-19T11:48:20,completed,referral,credit_card
14847,3040.0,01-24-2024,completed,email,bank_transfer
14848,2927.0,06-19-2024,completed,referral,debit_card
14849,593.0,2024-04-21,completed,referral,paypal
14850,8830.0,11.09.2024,completed,social_media,credit_card
14851,7451.0,28.04.2024,completed,paid_search,bank_transfer
14852,7013.0,28/07/2025,completed,paid_search,bank_transfer
14853,221.0,10.02.2024,returned,paid_search,bank_transfer
14854,5754.0,2025-06-05T22:39:17,completed,email,credit_card
14855,1709.0,08.06.2024,completed,direct,credit_card
14856,6130.0,2025-12-11T05:53:19,cancelled,referral,bank_transfer
14857,5723.0,07/12/2025,completed,direct,bank_transfer
14858,7876.0,08-29-2024,completed,direct,debit_card
14859,2402.0,06-03-2025,completed,paid_search,paypal
14860,278.0,2024-02-08T10:25:49,cancelled,referral,bank_transfer
14861,8465.0,06.12.2025,completed,email,credit_card
14862,8413.0,31/03/2025,completed,social_media,debit_card
14863,4207.0,28/02/2024,completed,paid_search,bank_transfer
14864,760.0,11-23-2024,completed,paid_search,debit_card
14865,4597.0,2024-04-05T03:21:39,cancelled,referral,debit_card
14866,4849.0,2024-12-19T06:08:17,completed,referral,bank_transfer
14867,7606.0,2025-07-12,completed,email,debit_card
14868,6621.0,2025-02-17T14:49:26,completed,direct,credit_card
14869,694.0,15/12/2024,completed,email,paypal
14870,6523.0,05-18-2024,cancelled,paid_search,bank_transfer
14871,1316.0,15/09/2024,completed,paid_search,bank_transfer
14872,874.0,04-29-2024,completed,referral,bank_transfer
14873,3662.0,10-11-2025,completed,referral,credit_card
14874,754.0,2024-06-02,completed,paid_search,debit_card
14875,7670.0,21/05/2025,completed,paid_search,debit_card
14876,4275.0,11-23-2024,completed,referral,paypal
14877,5397.0,2024-08-30,completed,email,credit_card
14878,5335.0,2025-06-21,completed,social_media,paypal
14879,9026.0,2025-02-05T09:12:46,completed,direct,paypal
14880,8470.0,2024-12-23T15:29:42,completed,paid_search,debit_card
14881,7849.0,19/05/2025,completed,paid_search,debit_card
14882,3538.0,07.03.2025,completed,direct,bank_transfer
14883,1391.0,2024-11-02,completed,organic_search,paypal
14884,5451.0,2025-04-25,completed,paid_search,paypal
14885,4055.0,12.07.2025,completed,direct,credit_card
14886,2120.0,02-06-2024,completed,direct,credit_card
14887,959.0,2025-02-13T09:17:19,completed,referral,bank_transfer
14888,4023.0,03-15-2024,completed,organic_search,bank_transfer
14889,6020.0,2024-07-23T06:45:03,returned,paid_search,credit_card
14890,5763.0,04-26-2025,completed,direct,bank_transfer
14891,7145.0,2025-11-10T16:02:25,COMPLETED,paid_search,credit_card
14892,4307.0,11-17-2025,completed,paid_search,credit_card
14893,2984.0,2024-03-29,completed,referral,bank_transfer
14894,4976.0,2025-01-01T20:05:12,completed,direct,debit_card
14895,8992.0,12.05.2025,completed,referral,credit_card
14896,437.0,2024-06-14,COMPLETED,organic_search,debit_card
14897,4893.0,2025-09-15,completed,direct,paypal
14898,3043.0,2025-09-01T08:00:31,completed,referral,paypal
14899,1029.0,2025-11-25T06:34:25,COMPLETED,direct,credit_card
14900,4009.0,2024-01-13T08:06:45,completed,referral,bank_transfer
14901,5915.0,21.08.2024,completed,social_media,credit_card
14902,4890.0,2025-10-22T12:04:28,completed,email,bank_transfer
14903,293.0,2025-07-13,completed,referral,bank_transfer
14904,5356.0,22/11/2025,completed,referral,credit_card
14905,2183.0,03-15-2024,completed,social_media,credit_card
14906,3157.0,2025-05-22T05:57:15,completed,paid_search,credit_card
14907,2894.0,2025-05-02T22:56:30,completed,email,debit_card
14908,7942.0,18.02.2024,COMPLETED,referral,bank_transfer
14909,465.0,23.03.2025,completed,organic_search,paypal
14910,3209.0,05-30-2025,CANCELLED,organic_search,debit_card
14911,3633.0,07-28-2024,completed,paid_search,debit_card
14912,5704.0,2024-10-09,completed,direct,bank_transfer
14913,7303.0,2025-06-21T11:57:18,cancelled,paid_search,paypal
14914,6721.0,2025-02-15,completed,organic_search,credit_card
14915,6956.0,11-07-2025,returned,paid_search,bank_transfer
14916,1825.0,23.11.2024,completed,paid_search,paypal
14917,8448.0,2024-10-04T05:46:55,completed,organic_search,paypal
14918,3814.0,26/12/2025,RETURNED,paid_search,debit_card
14919,110.0,29.11.2025,completed,direct,debit_card
14920,6183.0,2024-02-09,completed,social_media,debit_card
14921,5568.0,2025-09-18,cancelled,direct,bank_transfer
14922,1219.0,09.05.2024,completed,referral,paypal
14923,,2024-02-07,returned,referral,debit_card
14924,5185.0,2024-10-09,completed,email,paypal
14925,4333.0,2024-10-06T12:36:09,completed,paid_search,paypal
14926,3657.0,2025-10-18,completed,direct,bank_transfer
14927,1984.0,08-10-2025,completed,organic_search,debit_card
14928,8789.0,12-25-2025,returned,paid_search,debit_card
14929,6500.0,2025-08-10T18:29:25,completed,direct,bank_transfer
14930,5245.0,31/12/2024,completed,email,debit_card
14931,5819.0,2025-08-02T09:39:24,completed,organic_search,paypal
14932,7775.0,31.12.2025,completed,organic_search,debit_card
14933,5859.0,2025-08-10T07:10:24,cancelled,referral,debit_card
14934,1123.0,13/09/2025,completed,direct,debit_card
14935,6453.0,2025-12-09T13:27:41,completed,paid_search,paypal
14936,5216.0,2024-05-12T05:07:51,completed,organic_search,debit_card
14937,8917.0,06/08/2025,completed,email,debit_card
14938,6781.0,2025-11-04,cancelled,email,credit_card
14939,3179.0,12-15-2025,completed,social_media,paypal
14940,1313.0,2024-08-16T00:50:45,completed,paid_search,credit_card
14941,4461.0,2025-03-16,cancelled,email,paypal
14942,6286.0,2025-07-20T08:15:13,completed,email,debit_card
14943,1676.0,17/09/2024,completed,paid_search,bank_transfer
14944,6005.0,24/05/2025,completed,direct,paypal
14945,7639.0,26.09.2024,cancelled,direct,paypal
14946,1496.0,11-18-2024,completed,organic_search,debit_card
14947,6528.0,22.01.2025,cancelled,paid_search,credit_card
14948,668.0,2025-04-04T20:11:26,cancelled,paid_search,credit_card
14949,79.0,2025-01-29,cancelled,paid_search,paypal
14950,324.0,2025-03-08,completed,organic_search,credit_card
14951,5822.0,10-29-2024,cancelled,social_media,credit_card
14952,8979.0,26/06/2024,completed,organic_search,bank_transfer
14953,7118.0,03/03/2024,completed,direct,credit_card
14954,2393.0,2024-08-02,completed,direct,credit_card
14955,703.0,11.05.2025,completed,direct,bank_transfer
14956,5683.0,2025-09-28,completed,email,credit_card
14957,31.0,07-06-2024,completed,paid_search,bank_transfer
14958,7338.0,07/05/2024,completed,social_media,credit_card
14959,2291.0,2025-09-05,returned,referral,credit_card
14960,2791.0,2024-11-02T20:34:04,returned,organic_search,debit_card
14961,3179.0,2025-12-14,completed,organic_search,bank_transfer
14962,7050.0,12.08.2025,completed,email,bank_transfer
14963,2502.0,15/11/2024,completed,organic_search,credit_card
14964,2670.0,22.10.2024,completed,social_media,paypal
14965,4997.0,2025-03-31T02:32:07,completed,organic_search,credit_card
14966,4274.0,07/04/2024,COMPLETED,paid_search,debit_card
14967,8820.0,05-16-2024,completed,paid_search,paypal
14968,2476.0,07-13-2024,completed,direct,credit_card
14969,901.0,21.09.2025,completed,email,paypal
14970,4997.0,24.03.2025,COMPLETED,organic_search,paypal
14971,1751.0,2024-01-15,completed,social_media,paypal
14972,3807.0,15/07/2025,completed,referral,credit_card
14973,1777.0,01-05-2025,cancelled,paid_search,paypal
14974,8147.0,22/03/2025,completed,paid_search,credit_card
14975,3024.0,19.08.2024,cancelled,organic_search,debit_card
14976,7157.0,20/04/2025,completed,paid_search,debit_card
14977,8755.0,24.12.2025,completed,social_media,paypal
14978,8674.0,01.04.2024,completed,referral,debit_card
14979,4859.0,2024-10-18T13:19:01,cancelled,organic_search,bank_transfer
14980,9073.0,09-14-2024,CANCELLED,referral,paypal
14981,6073.0,2024-09-18T10:55:23,completed,email,debit_card
14982,1246.0,12/12/2024,completed,social_media,bank_transfer
14983,8215.0,17.10.2025,CANCELLED,direct,credit_card
14984,4325.0,11-29-2025,completed,direct,debit_card
14985,1473.0,2024-08-08T20:23:56,completed,referral,bank_transfer
14986,7328.0,14/04/2025,returned,social_media,debit_card
14987,5755.0,19/06/2025,returned,social_media,paypal
14988,,2025-03-30T10:22:45,completed,email,paypal
14989,7649.0,2025-01-15T12:50:33,completed,email,credit_card
14990,2973.0,07-29-2024,completed,direct,credit_card
14991,2410.0,04/03/2025,returned,email,bank_transfer
14992,6782.0,2024-12-23,returned,direct,credit_card
14993,5303.0,10-04-2025,completed,email,debit_card
14994,685.0,14.09.2025,completed,email,debit_card
14995,1719.0,2024-06-01,completed,referral,credit_card
14996,1454.0,17.04.2024,completed,referral,bank_transfer
14997,5427.0,2025-11-27,completed,paid_search,credit_card
14998,835.0,09/04/2025,completed,email,paypal
14999,1964.0,2025-11-07T17:38:59,returned,direct,bank_transfer
15000,5035.0,16.03.2024,completed,email,credit_card
15001,1288.0,2025-04-02T14:17:34,cancelled,referral,bank_transfer
15002,2332.0,2025-04-12T07:17:06,completed,referral,bank_transfer
15003,8392.0,08/11/2025,completed,organic_search,debit_card
15004,6452.0,26/04/2024,completed,paid_search,bank_transfer
15005,2866.0,2024-09-11,cancelled,social_media,bank_transfer
15006,8114.0,26.12.2024,completed,paid_search,paypal
15007,2353.0,2025-11-10T11:54:10,cancelled,social_media,credit_card
15008,5419.0,2025-12-09T11:15:37,completed,social_media,bank_transfer
15009,3395.0,29/12/2025,completed,organic_search,debit_card
15010,6953.0,12-17-2025,completed,organic_search,bank_transfer
15011,3424.0,01-09-2024,cancelled,social_media,bank_transfer
15012,2337.0,04.03.2024,completed,referral,bank_transfer
15013,5602.0,06-15-2024,COMPLETED,paid_search,debit_card
15014,6889.0,27/11/2024,returned,organic_search,debit_card
15015,4951.0,2025-10-24T17:36:11,cancelled,paid_search,credit_card
15016,6613.0,21/11/2025,completed,referral,credit_card
15017,3897.0,24.07.2024,completed,paid_search,credit_card
15018,7368.0,2025-06-07T09:28:34,completed,referral,paypal
15019,5375.0,01.12.2025,completed,email,paypal
15020,1863.0,11/02/2025,cancelled,direct,credit_card
15021,8236.0,2024-05-02T08:17:51,completed,referral,paypal
15022,7738.0,2025-02-06,completed,organic_search,paypal
15023,8895.0,12-11-2024,completed,organic_search,credit_card
15024,5259.0,2025-05-08T01:34:50,completed,paid_search,credit_card
15025,6251.0,01-19-2025,completed,direct,paypal
15026,7987.0,01-25-2024,completed,referral,bank_transfer
15027,514.0,29.12.2025,cancelled,direct,paypal
15028,8451.0,04-14-2025,completed,referral,bank_transfer
15029,2542.0,02-20-2025,completed,social_media,paypal
15030,563.0,15.12.2025,completed,social_media,bank_transfer
15031,2234.0,06-23-2024,completed,organic_search,bank_transfer
15032,5392.0,26/07/2024,completed,social_media,debit_card
15033,468.0,10-11-2025,completed,referral,paypal
15034,10.0,29.09.2024,completed,organic_search,paypal
15035,5896.0,06.10.2025,completed,paid_search,paypal
15036,4183.0,2024-10-08T01:16:22,completed,paid_search,debit_card
15037,7805.0,15/02/2024,COMPLETED,direct,paypal
15038,2423.0,2025-03-26,completed,direct,debit_card
15039,2639.0,08-02-2024,completed,organic_search,debit_card
15040,755.0,2025-09-10T11:31:16,completed,social_media,debit_card
15041,4975.0,2025-06-22,completed,direct,credit_card
15042,3371.0,2025-12-03,completed,email,credit_card
15043,3139.0,2025-09-26T04:43:27,COMPLETED,direct,bank_transfer
15044,4222.0,2024-07-18T13:56:39,completed,email,bank_transfer
15045,7856.0,2025-10-06T14:05:16,completed,paid_search,credit_card
15046,1027.0,22/06/2025,COMPLETED,referral,bank_transfer
15047,4846.0,12.07.2025,completed,email,debit_card
15048,1865.0,2025-10-25T18:07:10,completed,email,bank_transfer
15049,2005.0,2025-05-06T07:30:05,completed,direct,debit_card
15050,2414.0,02-13-2025,completed,referral,paypal
15051,4238.0,06-19-2025,completed,referral,credit_card
15052,4567.0,28/10/2024,COMPLETED,referral,paypal
15053,8056.0,07-20-2024,completed,email,debit_card
15054,8250.0,2025-06-04T21:20:10,completed,email,paypal
15055,5395.0,2024-09-06T12:47:29,completed,organic_search,credit_card
15056,2644.0,04-08-2024,completed,email,debit_card
15057,7580.0,2024-01-01,completed,referral,debit_card
15058,7342.0,05-30-2025,cancelled,email,debit_card
15059,7392.0,2024-12-04,completed,paid_search,bank_transfer
15060,166.0,09-07-2025,completed,email,credit_card
15061,6968.0,2024-12-10,completed,paid_search,paypal
15062,7884.0,2025-03-02,returned,organic_search,credit_card
15063,5578.0,2024-12-26,completed,email,credit_card
15064,6943.0,2025-06-28T23:26:46,completed,social_media,bank_transfer
15065,7169.0,01.12.2024,completed,email,paypal
15066,4688.0,2025-12-18T16:33:04,cancelled,paid_search,paypal
15067,7529.0,08.12.2025,completed,paid_search,credit_card
15068,7335.0,02/11/2025,completed,referral,credit_card
15069,8474.0,02.12.2025,completed,social_media,debit_card
15070,8525.0,29.01.2025,cancelled,referral,paypal
15071,4898.0,2025-04-09,completed,referral,bank_transfer
15072,313.0,2025-08-31T11:59:13,completed,organic_search,debit_card
15073,195.0,2025-07-31T13:30:57,completed,email,debit_card
15074,8662.0,2025-11-20T02:38:49,completed,referral,debit_card
15075,3116.0,2025-08-14T13:23:28,completed,email,debit_card
15076,3482.0,31/12/2025,completed,referral,credit_card
15077,4341.0,27.11.2024,completed,direct,credit_card
15078,2502.0,25.10.2025,completed,social_media,credit_card
15079,5433.0,01/08/2025,completed,organic_search,paypal
15080,7253.0,28/07/2025,completed,social_media,bank_transfer
15081,2421.0,14.11.2024,completed,organic_search,credit_card
15082,6875.0,27/09/2025,completed,organic_search,bank_transfer
15083,6219.0,2025-11-24,returned,paid_search,paypal
15084,4866.0,08-23-2024,completed,social_media,bank_transfer
15085,3014.0,2025-06-11T06:01:22,completed,organic_search,debit_card
15086,8070.0,19/12/2024,completed,referral,debit_card
15087,3703.0,28.12.2025,completed,social_media,bank_transfer
15088,3455.0,24.02.2025,completed,paid_search,credit_card
15089,5917.0,01.09.2024,cancelled,organic_search,debit_card
15090,8516.0,14.12.2024,completed,referral,paypal
15091,4704.0,2025-07-01T03:06:16,completed,social_media,credit_card
15092,6674.0,04.04.2024,completed,paid_search,debit_card
15093,4214.0,26/05/2025,cancelled,referral,paypal
15094,2060.0,06/12/2025,completed,organic_search,bank_transfer
15095,1203.0,03.11.2025,completed,direct,credit_card
15096,1321.0,03-26-2024,cancelled,referral,credit_card
15097,218.0,12-29-2025,completed,direct,debit_card
15098,5101.0,08-02-2025,completed,paid_search,paypal
15099,1272.0,29/06/2024,cancelled,organic_search,bank_transfer
15100,8008.0,18.01.2024,completed,social_media,debit_card
15101,9070.0,07-08-2024,completed,email,bank_transfer
15102,4579.0,2025-10-28T03:07:22,completed,email,credit_card
15103,4153.0,31/01/2024,returned,paid_search,debit_card
15104,3210.0,2024-09-05,completed,social_media,bank_transfer
15105,5883.0,10/09/2025,completed,organic_search,paypal
15106,5606.0,2025-05-14T04:58:30,completed,social_media,debit_card
15107,3171.0,26.09.2025,completed,email,debit_card
15108,3169.0,2025-09-03T13:52:20,completed,social_media,debit_card
15109,5952.0,07.03.2024,completed,paid_search,bank_transfer
15110,5118.0,21.11.2025,cancelled,social_media,paypal
15111,6635.0,2024-08-31T02:03:41,completed,referral,paypal
15112,8682.0,2025-04-21T15:28:49,completed,direct,debit_card
15113,7200.0,06-24-2025,completed,organic_search,paypal
15114,2840.0,06/07/2024,completed,referral,debit_card
15115,7009.0,23/12/2025,completed,paid_search,bank_transfer
15116,4154.0,04.03.2025,completed,organic_search,bank_transfer
15117,7182.0,15.03.2024,completed,direct,credit_card
15118,8201.0,08/12/2025,completed,direct,bank_transfer
15119,2349.0,2025-05-14T09:57:10,cancelled,social_media,debit_card
15120,2245.0,2025-08-02,COMPLETED,organic_search,paypal
15121,3993.0,01/04/2025,completed,organic_search,bank_transfer
15122,502.0,26.10.2025,completed,referral,credit_card
15123,6357.0,2024-02-15T02:40:40,completed,paid_search,bank_transfer
15124,6928.0,2024-10-05T09:22:14,cancelled,paid_search,bank_transfer
15125,3189.0,16.02.2025,completed,direct,bank_transfer
15126,4299.0,2024-04-05T16:01:47,completed,referral,bank_transfer
15127,5432.0,2025-08-07,completed,organic_search,paypal
15128,719.0,2024-12-19T12:14:14,completed,direct,credit_card
15129,6579.0,08/10/2024,completed,paid_search,debit_card
15130,4875.0,2024-01-05T18:20:45,completed,email,paypal
15131,5753.0,2025-08-16,completed,paid_search,bank_transfer
15132,6686.0,26.10.2025,completed,paid_search,paypal
15133,6249.0,2024-12-20,CANCELLED,social_media,credit_card
15134,937.0,29/04/2025,cancelled,email,bank_transfer
15135,7231.0,31.08.2024,completed,referral,credit_card
15136,5625.0,06-08-2025,completed,organic_search,debit_card
15137,6596.0,2024-01-18T17:50:25,completed,social_media,bank_transfer
15138,2455.0,2025-03-04T21:53:32,completed,paid_search,credit_card
15139,2080.0,24.06.2025,completed,social_media,bank_transfer
15140,7642.0,12-01-2025,cancelled,organic_search,bank_transfer
15141,3597.0,2024-12-13,completed,email,credit_card
15142,5320.0,15/09/2025,completed,paid_search,paypal
15143,5087.0,2025-05-22,completed,paid_search,paypal
15144,5377.0,12-05-2025,completed,direct,debit_card
15145,682.0,22/12/2024,completed,email,paypal
15146,2818.0,11-10-2024,completed,email,bank_transfer
15147,649.0,19.11.2025,completed,direct,paypal
15148,4438.0,03-06-2024,completed,organic_search,paypal
15149,8349.0,03.06.2024,cancelled,referral,debit_card
15150,3585.0,11.04.2024,completed,direct,debit_card
15151,7230.0,10-31-2025,completed,paid_search,bank_transfer
15152,2692.0,15.01.2024,cancelled,email,bank_transfer
15153,7919.0,11-08-2025,completed,email,debit_card
15154,3870.0,01-31-2025,cancelled,social_media,debit_card
15155,3278.0,01-06-2024,cancelled,direct,credit_card
15156,6454.0,23.12.2024,COMPLETED,social_media,bank_transfer
15157,4743.0,24.07.2024,completed,organic_search,debit_card
15158,3116.0,10/06/2025,cancelled,referral,credit_card
15159,574.0,2025-07-19,completed,direct,debit_card
15160,1584.0,03-04-2025,completed,paid_search,credit_card
15161,7130.0,24.02.2024,completed,organic_search,credit_card
15162,8519.0,07-02-2025,completed,paid_search,bank_transfer
15163,1600.0,2025-10-31T10:26:22,completed,email,bank_transfer
15164,5264.0,2025-08-16,completed,social_media,debit_card
15165,339.0,24.10.2025,COMPLETED,organic_search,paypal
15166,2722.0,2024-08-06,completed,direct,credit_card
15167,4148.0,2025-11-19,cancelled,direct,debit_card
15168,6804.0,12.11.2024,completed,organic_search,bank_transfer
15169,428.0,01-19-2024,cancelled,email,debit_card
15170,7218.0,01.11.2025,completed,organic_search,debit_card
15171,1922.0,10/12/2025,cancelled,email,debit_card
15172,7014.0,02/07/2025,completed,organic_search,debit_card
15173,5764.0,04/09/2024,completed,social_media,credit_card
15174,3138.0,2024-09-21,completed,social_media,credit_card
15175,6685.0,2025-02-14,completed,paid_search,debit_card
15176,2223.0,11-23-2025,completed,organic_search,bank_transfer
15177,2066.0,17/06/2024,completed,email,debit_card
15178,601.0,2025-10-21T00:52:37,completed,direct,bank_transfer
15179,3618.0,10-23-2024,completed,direct,credit_card
15180,959.0,11.10.2025,completed,social_media,debit_card
15181,3870.0,12-02-2025,returned,paid_search,paypal
15182,96.0,2025-01-09,completed,direct,paypal
15183,1494.0,05.12.2024,completed,referral,debit_card
15184,8611.0,2025-10-07,completed,organic_search,debit_card
15185,7370.0,04/04/2025,completed,email,paypal
15186,2221.0,23.07.2025,completed,paid_search,paypal
15187,6632.0,09/06/2025,completed,organic_search,paypal
15188,6185.0,2024-06-20T07:22:22,completed,paid_search,bank_transfer
15189,1672.0,2025-11-01,completed,referral,debit_card
15190,3418.0,02.08.2024,completed,email,credit_card
15191,8463.0,07.12.2025,cancelled,social_media,credit_card
15192,6830.0,20.09.2024,completed,direct,debit_card
15193,7022.0,2025-08-26T20:46:14,completed,direct,credit_card
15194,5210.0,18/10/2024,completed,organic_search,paypal
15195,6162.0,10/11/2024,completed,referral,credit_card
15196,4710.0,05.11.2024,completed,direct,debit_card
15197,6850.0,2025-09-04T15:15:47,completed,organic_search,paypal
15198,6771.0,24.04.2025,CANCELLED,organic_search,bank_transfer
15199,312.0,17/11/2025,completed,organic_search,debit_card
15200,5825.0,2024-11-04,completed,referral,paypal
15201,5805.0,28.07.2025,COMPLETED,direct,debit_card
15202,658.0,2025-09-07,returned,email,paypal
15203,3773.0,06-18-2024,completed,paid_search,paypal
15204,8318.0,23/12/2024,cancelled,organic_search,debit_card
15205,8796.0,28/02/2025,completed,referral,bank_transfer
15206,7229.0,01.12.2024,completed,social_media,bank_transfer
15207,1455.0,2024-11-12T13:52:42,completed,referral,paypal
15208,3456.0,24.07.2025,completed,referral,debit_card
15209,1732.0,2024-08-20,cancelled,direct,paypal
15210,6035.0,09/08/2025,completed,email,debit_card
15211,7137.0,2025-12-08,completed,email,paypal
15212,8176.0,30.04.2025,completed,organic_search,bank_transfer
15213,7956.0,2025-06-01T19:26:15,completed,referral,credit_card
15214,975.0,28/03/2024,completed,organic_search,credit_card
15215,1216.0,2025-11-09T03:40:27,completed,email,bank_transfer
15216,8426.0,10-19-2024,completed,social_media,bank_transfer
15217,7801.0,03.06.2025,completed,direct,debit_card
15218,4248.0,2025-12-24,completed,direct,paypal
15219,3970.0,2025-05-21T12:33:49,completed,paid_search,bank_transfer
15220,5100.0,2025-08-19,cancelled,email,paypal
15221,5500.0,26/01/2025,completed,social_media,bank_transfer
15222,2391.0,2024-03-18T07:01:08,completed,referral,bank_transfer
15223,3710.0,10-05-2025,completed,organic_search,credit_card
15224,5711.0,17.02.2024,completed,direct,paypal
15225,1949.0,08-03-2025,returned,organic_search,paypal
15226,9218.0,02-01-2024,cancelled,paid_search,paypal
15227,2658.0,08.11.2025,completed,referral,credit_card
15228,5095.0,2024-06-25,cancelled,direct,paypal
15229,5114.0,03-24-2025,completed,organic_search,bank_transfer
15230,4170.0,05-22-2025,returned,organic_search,credit_card
15231,2275.0,2025-02-06T07:10:20,completed,referral,paypal
15232,5222.0,2024-11-22,completed,email,paypal
15233,892.0,15/02/2025,COMPLETED,organic_search,paypal
15234,3563.0,06/11/2024,completed,direct,bank_transfer
15235,2109.0,01-19-2025,completed,social_media,paypal
15236,1204.0,12-02-2024,completed,email,paypal
15237,8564.0,2025-04-30T18:20:30,completed,organic_search,credit_card
15238,6480.0,2024-09-09T01:17:22,completed,paid_search,debit_card
15239,1600.0,12-27-2025,completed,direct,paypal
15240,8762.0,2025-03-14T00:33:56,completed,referral,debit_card
15241,2039.0,07-31-2024,completed,paid_search,paypal
15242,2216.0,02-23-2025,cancelled,referral,debit_card
15243,1291.0,10.11.2025,completed,referral,bank_transfer
15244,6721.0,31.01.2024,completed,email,paypal
15245,5278.0,19/07/2025,completed,social_media,paypal
15246,576.0,18.04.2025,returned,social_media,credit_card
15247,257.0,07-07-2024,completed,referral,bank_transfer
15248,4922.0,16.10.2025,COMPLETED,paid_search,debit_card
15249,6028.0,12-07-2024,completed,email,paypal
15250,7614.0,25.10.2024,completed,direct,paypal
15251,4417.0,23.10.2025,completed,direct,bank_transfer
15252,6257.0,20.06.2025,completed,referral,paypal
15253,6780.0,2025-11-23,completed,referral,debit_card
15254,5656.0,06-14-2025,completed,referral,bank_transfer
15255,3249.0,2025-08-30T04:27:06,completed,social_media,credit_card
15256,1280.0,27.10.2025,completed,direct,debit_card
15257,5983.0,03-12-2024,returned,organic_search,paypal
15258,7099.0,2025-09-21,completed,social_media,debit_card
15259,1802.0,02.06.2025,completed,organic_search,credit_card
15260,4572.0,28.03.2024,completed,email,credit_card
15261,3647.0,2025-03-20T09:24:31,completed,referral,bank_transfer
15262,1942.0,11/04/2024,completed,paid_search,paypal
15263,2308.0,08-27-2025,completed,organic_search,credit_card
15264,2235.0,16.04.2025,returned,email,credit_card
15265,3862.0,2025-12-14,completed,referral,debit_card
15266,3597.0,2024-07-20T20:37:43,cancelled,social_media,bank_transfer
15267,5114.0,28.05.2025,completed,social_media,paypal
15268,911.0,16/08/2024,completed,social_media,debit_card
15269,5356.0,2025-06-02,completed,organic_search,credit_card
15270,222.0,18/08/2025,completed,direct,debit_card
15271,2421.0,2025-08-18T06:51:48,cancelled,referral,debit_card
15272,4642.0,10-15-2025,completed,email,bank_transfer
15273,6371.0,2025-11-05,cancelled,organic_search,bank_transfer
15274,7117.0,2024-04-05T23:19:32,completed,email,paypal
15275,355.0,11-24-2024,completed,direct,bank_transfer
15276,4963.0,25.07.2025,COMPLETED,direct,credit_card
15277,3268.0,12/03/2025,returned,social_media,debit_card
15278,6437.0,28/07/2024,completed,direct,credit_card
15279,2667.0,21/04/2025,cancelled,referral,credit_card
15280,6881.0,2024-12-26,completed,social_media,paypal
15281,5551.0,18.12.2024,completed,email,debit_card
15282,7312.0,2025-10-12,completed,organic_search,credit_card
15283,9085.0,2024-12-26,completed,direct,debit_card
15284,8412.0,2024-02-06T00:54:10,completed,organic_search,paypal
15285,5465.0,16.03.2024,completed,referral,paypal
15286,8264.0,11-06-2025,completed,paid_search,bank_transfer
15287,1478.0,17/12/2025,completed,social_media,credit_card
15288,423.0,2025-07-26T22:13:57,completed,referral,debit_card
15289,4925.0,05.12.2024,completed,email,bank_transfer
15290,8988.0,2025-12-09,completed,direct,debit_card
15291,6565.0,2025-07-07T17:58:04,completed,direct,credit_card
15292,2848.0,2025-11-01,cancelled,paid_search,paypal
15293,6188.0,2025-09-15,completed,paid_search,debit_card
15294,395.0,12.12.2024,completed,direct,debit_card
15295,4349.0,02-24-2025,cancelled,paid_search,bank_transfer
15296,2230.0,07-23-2024,completed,paid_search,credit_card
15297,483.0,2024-10-24,completed,social_media,debit_card
15298,2349.0,23.09.2025,completed,paid_search,bank_transfer
15299,6671.0,11-22-2025,completed,social_media,debit_card
15300,5084.0,08-19-2025,completed,referral,paypal
15301,238.0,2025-02-12,completed,paid_search,credit_card
15302,3768.0,04-15-2024,completed,referral,paypal
15303,6953.0,03-14-2024,completed,social_media,paypal
15304,8809.0,12-10-2024,COMPLETED,social_media,debit_card
15305,8089.0,2025-02-11T01:42:17,completed,organic_search,bank_transfer
15306,14.0,30/05/2025,cancelled,organic_search,debit_card
15307,2060.0,2024-01-10,completed,direct,bank_transfer
15308,1964.0,28.12.2025,completed,direct,credit_card
15309,3802.0,05.12.2024,COMPLETED,email,debit_card
15310,5962.0,02/11/2025,completed,paid_search,bank_transfer
15311,1478.0,2025-04-08T01:51:26,completed,paid_search,paypal
15312,8468.0,2024-05-28T11:58:29,RETURNED,direct,paypal
15313,7178.0,10-05-2025,completed,referral,bank_transfer
15314,3868.0,09.08.2025,cancelled,social_media,bank_transfer
15315,5368.0,03/04/2025,completed,paid_search,bank_transfer
15316,5005.0,2025-03-24T22:33:17,completed,paid_search,bank_transfer
15317,5362.0,2024-04-16,cancelled,direct,debit_card
15318,7949.0,02.07.2025,completed,direct,paypal
15319,1902.0,2025-11-29T18:33:59,cancelled,social_media,paypal
15320,6337.0,2024-04-22T14:08:12,completed,direct,debit_card
15321,1046.0,10-01-2024,completed,direct,paypal
15322,4236.0,11-25-2025,completed,paid_search,paypal
15323,5859.0,2024-10-18,completed,paid_search,paypal
15324,127.0,2025-07-01T07:21:14,completed,referral,bank_transfer
15325,1055.0,04-08-2025,completed,email,bank_transfer
15326,894.0,21.05.2025,completed,direct,credit_card
15327,3456.0,12-30-2024,returned,direct,credit_card
15328,5731.0,30.10.2024,cancelled,email,debit_card
15329,,2024-03-05T20:48:36,completed,paid_search,debit_card
15330,2389.0,01.09.2025,completed,email,debit_card
15331,1318.0,03.09.2025,completed,referral,debit_card
15332,3819.0,07-13-2025,completed,direct,paypal
15333,1399.0,06-23-2025,cancelled,referral,bank_transfer
15334,250.0,14.09.2024,completed,referral,debit_card
15335,5211.0,2024-02-01,completed,direct,debit_card
15336,8132.0,11.10.2025,COMPLETED,direct,credit_card
15337,7959.0,2025-03-06,cancelled,social_media,debit_card
15338,992.0,03/11/2024,completed,social_media,paypal
15339,1413.0,2024-04-30T09:09:21,completed,email,bank_transfer
15340,4538.0,2024-03-21,completed,email,debit_card
15341,3388.0,11-27-2024,completed,referral,debit_card
15342,6508.0,2025-10-09T08:25:25,completed,organic_search,debit_card
15343,4573.0,12-02-2025,completed,direct,bank_transfer
15344,205.0,23/11/2025,completed,organic_search,paypal
15345,2671.0,12-02-2025,completed,email,paypal
15346,8345.0,27/11/2025,completed,direct,paypal
15347,4732.0,2025-04-03,completed,social_media,debit_card
15348,7392.0,2024-08-24,completed,email,credit_card
15349,3697.0,05/10/2025,completed,direct,bank_transfer
15350,6260.0,08-18-2024,completed,direct,debit_card
15351,1603.0,04/10/2024,completed,social_media,bank_transfer
15352,6812.0,2024-09-05T17:58:03,completed,direct,debit_card
15353,7275.0,25.03.2025,returned,email,bank_transfer
15354,881.0,11-12-2024,completed,direct,paypal
15355,1740.0,21.06.2024,completed,direct,paypal
15356,4272.0,02.02.2025,completed,direct,debit_card
15357,5876.0,13/11/2025,completed,referral,paypal
15358,5877.0,05-03-2025,completed,email,debit_card
15359,6183.0,11-15-2025,completed,organic_search,bank_transfer
15360,6594.0,02.08.2024,completed,email,debit_card
15361,4679.0,2024-07-04T15:52:12,completed,organic_search,bank_transfer
15362,5315.0,2025-05-07,completed,referral,bank_transfer
15363,82.0,2025-02-11T11:32:52,completed,organic_search,credit_card
15364,1583.0,2025-07-05T04:43:08,returned,email,credit_card
15365,4604.0,2025-10-03T18:22:36,completed,paid_search,debit_card
15366,6892.0,2025-09-06T04:15:35,completed,referral,credit_card
15367,7491.0,2025-12-10T00:43:22,cancelled,referral,bank_transfer
15368,6735.0,22/12/2024,completed,direct,credit_card
15369,4490.0,2024-08-11,completed,paid_search,bank_transfer
15370,2643.0,2025-04-20T22:28:54,completed,organic_search,bank_transfer
15371,4102.0,09/05/2024,completed,email,credit_card
15372,92.0,21.10.2024,completed,paid_search,bank_transfer
15373,5514.0,13/08/2024,completed,direct,credit_card
15374,731.0,21/12/2024,completed,direct,bank_transfer
15375,1394.0,10.05.2024,completed,referral,credit_card
15376,5770.0,2024-02-13T02:14:30,completed,paid_search,paypal
15377,136.0,2025-07-03,completed,email,paypal
15378,5305.0,31/05/2025,completed,organic_search,bank_transfer
15379,5887.0,08/08/2025,completed,social_media,paypal
15380,7295.0,05/07/2025,completed,social_media,debit_card
15381,665.0,05-13-2024,completed,paid_search,paypal
15382,27.0,2024-10-23T08:10:20,completed,email,paypal
15383,7079.0,05-28-2024,returned,referral,credit_card
15384,2718.0,31.10.2025,completed,email,credit_card
15385,8206.0,2025-09-03,cancelled,organic_search,bank_transfer
15386,1754.0,08-07-2024,completed,direct,credit_card
15387,5382.0,23.11.2024,completed,social_media,credit_card
15388,1069.0,2025-12-19T22:38:03,completed,referral,debit_card
15389,3702.0,2025-05-20,completed,social_media,credit_card
15390,8160.0,07/10/2025,completed,paid_search,debit_card
15391,5608.0,02.10.2024,completed,direct,paypal
15392,6396.0,08-15-2024,returned,direct,paypal
15393,2126.0,2025-09-27T04:45:07,completed,social_media,paypal
15394,8537.0,2025-07-24,completed,organic_search,paypal
15395,5745.0,2025-07-20,completed,organic_search,debit_card
15396,1035.0,21.04.2025,cancelled,social_media,credit_card
15397,158.0,28/04/2025,completed,direct,debit_card
15398,162.0,08-27-2025,completed,referral,bank_transfer
15399,499.0,2024-10-06T01:54:06,completed,paid_search,credit_card
15400,8447.0,2024-11-29,completed,referral,bank_transfer
15401,3300.0,12/11/2025,completed,organic_search,credit_card
15402,2782.0,04.11.2024,completed,direct,paypal
15403,3836.0,2025-04-16,completed,organic_search,paypal
15404,3767.0,04/08/2025,completed,direct,credit_card
15405,2244.0,31/12/2025,completed,organic_search,credit_card
15406,901.0,01-16-2025,completed,direct,bank_transfer
15407,1061.0,2025-01-10,completed,paid_search,bank_transfer
15408,5525.0,2025-10-31T02:13:33,returned,direct,debit_card
15409,3644.0,2025-10-09T08:41:25,completed,direct,debit_card
15410,8353.0,08-24-2025,COMPLETED,social_media,paypal
15411,4282.0,2025-02-11,completed,social_media,debit_card
15412,4655.0,13.11.2024,completed,organic_search,bank_transfer
15413,8589.0,2025-05-30T01:02:34,completed,social_media,paypal
15414,4636.0,14/11/2025,completed,paid_search,debit_card
15415,,2025-11-17T10:18:53,completed,organic_search,paypal
15416,3348.0,07/05/2024,completed,social_media,debit_card
15417,6573.0,10/01/2025,completed,paid_search,debit_card
15418,3608.0,12.02.2025,completed,direct,bank_transfer
15419,5410.0,2025-12-23,cancelled,social_media,credit_card
15420,4133.0,2025-07-18T01:15:16,completed,email,bank_transfer
15421,4894.0,26/12/2024,completed,direct,debit_card
15422,7647.0,05.02.2024,completed,direct,debit_card
15423,3809.0,04-30-2025,completed,email,bank_transfer
15424,2166.0,2024-04-25T18:54:05,completed,referral,bank_transfer
15425,5274.0,26.10.2025,completed,paid_search,credit_card
15426,8650.0,07/09/2025,RETURNED,paid_search,credit_card
15427,6423.0,02-08-2025,completed,social_media,bank_transfer
15428,2881.0,01-11-2025,completed,referral,paypal
15429,8886.0,11-23-2025,completed,paid_search,debit_card
15430,3164.0,2024-10-21T07:19:25,completed,email,debit_card
15431,9073.0,09-19-2024,completed,paid_search,bank_transfer
15432,1822.0,09.12.2025,completed,organic_search,bank_transfer
15433,9222.0,10-12-2025,completed,referral,debit_card
15434,745.0,2025-10-18T23:26:41,completed,organic_search,paypal
15435,6584.0,01.08.2024,completed,direct,debit_card
15436,6844.0,2024-06-10,cancelled,direct,credit_card
15437,6289.0,05.02.2024,returned,referral,bank_transfer
15438,7182.0,08/09/2024,completed,organic_search,bank_transfer
15439,4362.0,20.09.2025,completed,social_media,credit_card
15440,529.0,2024-09-11,completed,paid_search,debit_card
15441,3292.0,22/08/2025,completed,paid_search,credit_card
15442,5928.0,09-21-2024,completed,social_media,paypal
15443,5969.0,2024-12-20T15:49:49,completed,organic_search,bank_transfer
15444,1856.0,2025-12-25T01:18:57,cancelled,social_media,bank_transfer
15445,2377.0,15/09/2024,cancelled,email,debit_card
15446,4492.0,2024-12-11,completed,email,credit_card
15447,6730.0,2024-10-31T02:46:55,completed,social_media,bank_transfer
15448,7885.0,08/05/2024,cancelled,email,credit_card
15449,844.0,2025-03-05,completed,social_media,paypal
15450,8565.0,12/12/2024,completed,referral,bank_transfer
15451,8586.0,30/07/2025,returned,email,credit_card
15452,79.0,17.10.2025,completed,organic_search,paypal
15453,4686.0,2025-04-15T17:36:26,completed,social_media,credit_card
15454,5399.0,14/02/2024,completed,social_media,debit_card
15455,5110.0,06.06.2025,completed,referral,debit_card
15456,5674.0,03-13-2024,returned,organic_search,credit_card
15457,4654.0,04/06/2025,completed,paid_search,paypal
15458,2746.0,2025-07-23T04:47:28,completed,referral,bank_transfer
15459,938.0,03.08.2024,completed,organic_search,bank_transfer
15460,1970.0,18.10.2025,completed,email,paypal
15461,6842.0,29.11.2025,completed,organic_search,paypal
15462,2270.0,2025-10-14T23:56:51,completed,paid_search,credit_card
15463,7674.0,2024-11-02T04:28:44,completed,direct,debit_card
15464,3708.0,2025-05-15,completed,direct,credit_card
15465,3816.0,2025-11-30,completed,organic_search,bank_transfer
15466,8038.0,11-11-2024,cancelled,referral,debit_card
15467,2023.0,2025-10-18T09:05:01,completed,paid_search,debit_card
15468,1800.0,2024-01-14T22:46:51,completed,organic_search,bank_transfer
15469,9089.0,06/01/2024,completed,organic_search,bank_transfer
15470,4993.0,11.09.2025,completed,social_media,paypal
15471,1809.0,12.09.2025,completed,social_media,bank_transfer
15472,1573.0,30.09.2025,completed,paid_search,debit_card
15473,7969.0,06.12.2025,cancelled,organic_search,credit_card
15474,5531.0,16.05.2024,completed,paid_search,credit_card
15475,1127.0,04/09/2024,completed,organic_search,paypal
15476,8203.0,2025-11-26,completed,email,debit_card
15477,4095.0,14/07/2024,completed,paid_search,debit_card
15478,9126.0,07-21-2025,cancelled,paid_search,bank_transfer
15479,2646.0,2025-04-05T04:41:58,cancelled,direct,credit_card
15480,4895.0,12/04/2024,completed,organic_search,debit_card
15481,1642.0,19.10.2024,completed,organic_search,debit_card
15482,4052.0,03-29-2025,completed,referral,debit_card
15483,1668.0,11-04-2025,completed,direct,debit_card
15484,2870.0,08-08-2025,completed,direct,paypal
15485,2538.0,06-08-2025,cancelled,email,bank_transfer
15486,2659.0,2025-03-10,completed,paid_search,bank_transfer
15487,8954.0,29.10.2024,completed,referral,bank_transfer
15488,379.0,05-18-2024,COMPLETED,organic_search,bank_transfer
15489,4585.0,2024-12-27,returned,social_media,paypal
15490,5802.0,02-09-2024,completed,referral,bank_transfer
15491,6121.0,2024-08-16,completed,paid_search,bank_transfer
15492,6974.0,01-14-2025,completed,referral,paypal
15493,7029.0,01/01/2025,completed,direct,bank_transfer
15494,8819.0,2024-02-29T09:43:42,completed,direct,bank_transfer
15495,6985.0,16/05/2025,completed,social_media,paypal
15496,7621.0,19/04/2025,cancelled,paid_search,credit_card
15497,4919.0,06.04.2024,completed,direct,bank_transfer
15498,6091.0,2025-12-11,cancelled,direct,bank_transfer
15499,4415.0,2024-04-28T08:35:37,completed,direct,paypal
15500,2596.0,11-05-2025,completed,referral,debit_card
15501,2904.0,01-01-2024,cancelled,direct,bank_transfer
15502,3322.0,2025-11-17T18:14:25,completed,social_media,paypal
15503,3148.0,2024-01-28,completed,paid_search,bank_transfer
15504,4925.0,10.09.2025,completed,direct,credit_card
15505,2325.0,2024-12-04T06:25:54,completed,direct,bank_transfer
15506,4783.0,2025-08-29,completed,referral,bank_transfer
15507,8476.0,23/12/2024,completed,email,credit_card
15508,3733.0,30/03/2024,completed,referral,credit_card
15509,2092.0,09-16-2025,COMPLETED,email,credit_card
15510,3201.0,30/03/2024,completed,social_media,bank_transfer
15511,8111.0,12-03-2025,COMPLETED,organic_search,bank_transfer
15512,8686.0,08.03.2024,completed,direct,debit_card
15513,8202.0,25.02.2025,completed,email,bank_transfer
15514,2693.0,2025-08-18,completed,referral,paypal
15515,3573.0,19.12.2024,completed,paid_search,bank_transfer
15516,8991.0,22.08.2024,completed,referral,paypal
15517,3001.0,2025-09-11,completed,referral,debit_card
15518,1328.0,27.09.2025,completed,paid_search,paypal
15519,2651.0,03.12.2025,returned,social_media,paypal
15520,8895.0,11/12/2024,completed,paid_search,bank_transfer
15521,3830.0,03-18-2025,completed,paid_search,debit_card
15522,8613.0,2024-12-04,cancelled,organic_search,credit_card
15523,1022.0,26.09.2024,completed,direct,debit_card
15524,7072.0,2025-09-06,completed,organic_search,debit_card
15525,913.0,22/11/2024,completed,direct,paypal
15526,1875.0,10.01.2025,completed,email,bank_transfer
15527,5678.0,2024-12-24T12:02:54,completed,social_media,debit_card
15528,4008.0,08-11-2025,completed,organic_search,paypal
15529,6168.0,01/12/2025,completed,social_media,bank_transfer
15530,8979.0,07-10-2025,completed,organic_search,paypal
15531,516.0,02-18-2025,completed,direct,bank_transfer
15532,1818.0,2025-09-23,completed,social_media,paypal
15533,5905.0,2025-06-22,completed,referral,paypal
15534,8291.0,03-18-2024,completed,email,debit_card
15535,7389.0,24.04.2024,completed,social_media,paypal
15536,4302.0,2024-02-21,completed,email,debit_card
15537,6891.0,02-05-2025,completed,direct,bank_transfer
15538,1968.0,2025-10-21,completed,organic_search,debit_card
15539,140.0,11-07-2024,completed,paid_search,credit_card
15540,5271.0,2024-12-15T16:22:08,cancelled,referral,bank_transfer
15541,7525.0,28/11/2025,completed,referral,credit_card
15542,4001.0,28/10/2025,completed,social_media,bank_transfer
15543,5262.0,2025-07-09,completed,email,paypal
15544,3898.0,04.10.2024,cancelled,direct,bank_transfer
15545,4756.0,2024-05-15T22:21:53,completed,referral,debit_card
15546,8183.0,23.01.2024,returned,direct,paypal
15547,4416.0,05-05-2024,completed,paid_search,paypal
15548,73.0,24.10.2024,completed,email,debit_card
15549,7412.0,04-20-2025,completed,email,debit_card
15550,5693.0,03-22-2024,completed,direct,credit_card
15551,6749.0,03.06.2024,completed,email,paypal
15552,8343.0,2024-07-18T10:18:29,completed,email,bank_transfer
15553,2682.0,15/06/2025,completed,paid_search,credit_card
15554,4650.0,04/06/2025,completed,paid_search,paypal
15555,5553.0,19/04/2025,completed,direct,credit_card
15556,3189.0,20/09/2024,completed,paid_search,credit_card
15557,7823.0,2024-12-08,COMPLETED,organic_search,credit_card
15558,6455.0,2024-04-25T05:43:59,cancelled,email,paypal
15559,6778.0,30.08.2024,completed,social_media,debit_card
15560,7484.0,2025-11-23,completed,paid_search,credit_card
15561,2428.0,2025-12-24T05:08:26,completed,organic_search,paypal
15562,6892.0,06-26-2025,completed,direct,bank_transfer
15563,7144.0,2025-12-01,completed,email,paypal
15564,7788.0,06-23-2025,completed,paid_search,credit_card
15565,4512.0,02-15-2024,completed,organic_search,bank_transfer
15566,4662.0,30/12/2025,COMPLETED,direct,credit_card
15567,965.0,27.04.2024,completed,direct,credit_card
15568,7878.0,2025-07-21T05:29:49,completed,referral,credit_card
15569,4928.0,2024-09-22,completed,email,paypal
15570,5474.0,19/12/2024,completed,email,bank_transfer
15571,1186.0,25.06.2025,cancelled,paid_search,bank_transfer
15572,5547.0,18/01/2025,completed,direct,paypal
15573,414.0,09-20-2024,completed,paid_search,credit_card
15574,8541.0,2024-11-19,completed,social_media,bank_transfer
15575,7987.0,2024-11-23,completed,social_media,debit_card
15576,1847.0,12-17-2025,completed,paid_search,debit_card
15577,5467.0,2025-10-05,completed,email,bank_transfer
15578,5554.0,02-07-2025,completed,referral,bank_transfer
15579,7449.0,05/08/2024,COMPLETED,social_media,paypal
15580,6993.0,10-13-2025,completed,organic_search,debit_card
15581,9165.0,06-24-2024,cancelled,social_media,debit_card
15582,3237.0,15.08.2024,cancelled,referral,credit_card
15583,1208.0,12-06-2024,completed,social_media,debit_card
15584,5304.0,16.11.2025,completed,email,credit_card
15585,7054.0,2024-05-30,completed,social_media,credit_card
15586,2680.0,2024-05-20T18:22:12,completed,direct,bank_transfer
15587,2222.0,09/03/2025,completed,paid_search,credit_card
15588,7440.0,2024-10-12,completed,paid_search,debit_card
15589,6967.0,2025-05-02,completed,referral,credit_card
15590,1922.0,2025-02-01T23:57:25,completed,organic_search,bank_transfer
15591,8044.0,01-16-2025,completed,organic_search,paypal
15592,1306.0,10/05/2024,completed,referral,paypal
15593,1066.0,08.06.2024,completed,social_media,paypal
15594,3239.0,2025-10-19,cancelled,paid_search,debit_card
15595,8201.0,11-18-2025,COMPLETED,social_media,debit_card
15596,6440.0,2024-09-07T21:56:38,completed,paid_search,bank_transfer
15597,3633.0,12/05/2024,completed,referral,debit_card
15598,1496.0,10.03.2024,completed,paid_search,bank_transfer
15599,6585.0,05-30-2025,completed,email,bank_transfer
15600,5525.0,13/08/2025,completed,email,paypal
15601,9107.0,2024-12-09T05:49:06,COMPLETED,direct,paypal
15602,7066.0,2025-07-19,completed,referral,credit_card
15603,1004.0,11.08.2025,completed,referral,bank_transfer
15604,6725.0,12-08-2025,cancelled,paid_search,credit_card
15605,2422.0,23/03/2024,completed,organic_search,bank_transfer
15606,8872.0,2024-07-29T10:45:41,completed,social_media,credit_card
15607,197.0,27/03/2024,completed,referral,bank_transfer
15608,2243.0,2025-11-11T00:48:30,completed,social_media,paypal
15609,4609.0,02.10.2025,completed,organic_search,paypal
15610,767.0,2025-05-06T04:48:29,completed,direct,paypal
15611,3179.0,12/04/2024,completed,referral,paypal
15612,,09/10/2024,completed,direct,paypal
15613,4128.0,2024-10-28,completed,social_media,paypal
15614,4251.0,2025-04-27T15:18:02,completed,direct,bank_transfer
15615,8129.0,09-27-2024,completed,referral,bank_transfer
15616,4674.0,04-01-2024,COMPLETED,paid_search,debit_card
15617,8679.0,2025-08-23T00:48:42,completed,direct,bank_transfer
15618,1415.0,29/10/2024,completed,referral,credit_card
15619,2634.0,2025-02-01,completed,organic_search,paypal
15620,6080.0,05-26-2024,cancelled,organic_search,paypal
15621,2660.0,08.10.2025,cancelled,direct,debit_card
15622,3205.0,30/04/2025,returned,social_media,bank_transfer
15623,8343.0,2025-11-25T10:29:32,cancelled,direct,debit_card
15624,4976.0,2025-03-10T14:49:31,completed,direct,bank_transfer
15625,3097.0,12-10-2025,completed,referral,debit_card
15626,7175.0,2025-11-21T05:47:17,completed,email,bank_transfer
15627,694.0,08/05/2025,completed,email,bank_transfer
15628,5207.0,07.12.2025,completed,referral,paypal
15629,979.0,11-13-2024,cancelled,social_media,paypal
15630,1671.0,12-06-2024,completed,organic_search,debit_card
15631,606.0,01.03.2024,completed,direct,bank_transfer
15632,8345.0,16.05.2025,completed,referral,credit_card
15633,472.0,2025-08-17T21:13:19,cancelled,email,bank_transfer
15634,4782.0,2025-09-20T22:36:33,completed,social_media,paypal
15635,2116.0,06-17-2024,completed,organic_search,paypal
15636,3542.0,2025-01-25T06:22:34,completed,referral,debit_card
15637,4561.0,2024-07-14,completed,direct,credit_card
15638,4155.0,2025-07-07,completed,organic_search,paypal
15639,6914.0,25/06/2024,completed,email,paypal
15640,8449.0,2025-11-26,completed,organic_search,bank_transfer
15641,2802.0,2024-09-03,completed,social_media,debit_card
15642,250.0,23/10/2024,completed,organic_search,paypal
15643,8266.0,04.11.2025,completed,social_media,bank_transfer
15644,9028.0,2025-02-07,completed,social_media,debit_card
15645,4001.0,03/02/2024,completed,paid_search,bank_transfer
15646,4206.0,09/03/2025,returned,email,debit_card
15647,1381.0,2024-04-13,cancelled,referral,credit_card
15648,4391.0,2025-12-26,completed,email,debit_card
15649,2827.0,16/05/2025,completed,direct,debit_card
15650,9179.0,2024-09-25,completed,referral,bank_transfer
15651,1753.0,29/04/2025,completed,paid_search,credit_card
15652,3493.0,04-05-2024,completed,social_media,debit_card
15653,5682.0,2025-10-06,completed,paid_search,bank_transfer
15654,3188.0,2025-12-04T00:00:25,completed,email,bank_transfer
15655,4383.0,13.11.2025,completed,direct,credit_card
15656,8980.0,2024-11-23T01:49:13,COMPLETED,referral,bank_transfer
15657,4705.0,14/11/2024,completed,organic_search,debit_card
15658,8433.0,2024-02-17T02:09:15,completed,referral,bank_transfer
15659,423.0,2025-06-29,completed,paid_search,bank_transfer
15660,1170.0,08.04.2025,completed,paid_search,credit_card
15661,8717.0,2025-02-07T12:31:04,completed,paid_search,debit_card
15662,1248.0,2025-11-27,completed,social_media,credit_card
15663,6812.0,2024-07-05T10:40:09,completed,direct,debit_card
15664,4117.0,2024-01-14,completed,referral,credit_card
15665,3742.0,01/04/2024,completed,email,credit_card
15666,6109.0,2024-08-27,completed,social_media,paypal
15667,6721.0,2024-02-15T20:15:05,completed,referral,paypal
15668,8607.0,15.03.2025,completed,email,credit_card
15669,2416.0,2024-11-08,completed,paid_search,credit_card
15670,6461.0,17/07/2024,completed,social_media,credit_card
15671,3160.0,05.09.2025,completed,paid_search,bank_transfer
15672,6625.0,08-10-2024,completed,paid_search,debit_card
15673,1366.0,25/07/2025,completed,organic_search,credit_card
15674,4221.0,27.11.2024,cancelled,paid_search,debit_card
15675,1743.0,2025-03-22,returned,email,debit_card
15676,3105.0,2025-12-07,completed,direct,credit_card
15677,6606.0,02-20-2024,completed,referral,debit_card
15678,2196.0,03-13-2025,completed,direct,paypal
15679,6348.0,2025-11-05,completed,paid_search,credit_card
15680,4579.0,2025-05-16,completed,organic_search,bank_transfer
15681,,12/10/2024,completed,direct,bank_transfer
15682,3560.0,2024-12-21T20:53:19,completed,referral,debit_card
15683,8043.0,07-20-2025,completed,direct,debit_card
15684,9126.0,2025-11-20,completed,referral,bank_transfer
15685,3400.0,25.02.2024,completed,organic_search,debit_card
15686,538.0,03-30-2024,completed,organic_search,debit_card
15687,1263.0,11-14-2024,completed,direct,debit_card
15688,7294.0,2024-09-05T20:32:12,completed,organic_search,credit_card
15689,6072.0,02.10.2024,completed,email,paypal
15690,2676.0,25.08.2024,completed,organic_search,credit_card
15691,3601.0,2024-08-02T11:58:17,completed,direct,bank_transfer
15692,7506.0,29.05.2024,COMPLETED,paid_search,debit_card
15693,3802.0,2025-12-07,completed,social_media,paypal
15694,6986.0,06-11-2024,completed,referral,bank_transfer
15695,2752.0,2024-08-10,completed,email,bank_transfer
15696,6698.0,16/09/2024,completed,referral,bank_transfer
15697,4307.0,2025-12-07,completed,referral,paypal
15698,5035.0,09.09.2025,completed,organic_search,bank_transfer
15699,5521.0,09-30-2025,completed,referral,debit_card
15700,4161.0,05-03-2024,completed,email,debit_card
15701,4307.0,27.10.2025,completed,referral,debit_card
15702,2501.0,27.12.2024,completed,social_media,credit_card
15703,9093.0,2024-10-01,completed,direct,credit_card
15704,8383.0,2025-05-07T15:01:40,completed,email,paypal
15705,4882.0,19.10.2025,completed,email,credit_card
15706,344.0,23/09/2025,completed,email,bank_transfer
15707,1596.0,20/11/2025,completed,referral,bank_transfer
15708,7895.0,05.12.2025,completed,direct,credit_card
15709,8596.0,2024-09-09,completed,email,paypal
15710,1533.0,2025-01-06,completed,paid_search,bank_transfer
15711,6790.0,2024-01-21T03:41:50,completed,email,credit_card
15712,5741.0,2025-11-15,completed,social_media,bank_transfer
15713,2828.0,2024-06-22,completed,social_media,debit_card
15714,4023.0,2025-11-08T08:51:57,completed,organic_search,paypal
15715,6263.0,11-16-2024,completed,direct,credit_card
15716,997.0,07/12/2024,completed,direct,bank_transfer
15717,1793.0,2024-02-23T16:04:33,completed,email,debit_card
15718,331.0,2024-11-15T05:34:18,completed,referral,credit_card
15719,8350.0,2025-11-19,completed,organic_search,credit_card
15720,5306.0,02-05-2024,cancelled,email,credit_card
15721,4843.0,2024-12-26T21:36:35,completed,email,paypal
15722,6533.0,02-12-2024,completed,paid_search,debit_card
15723,9114.0,08.12.2024,completed,social_media,paypal
15724,1634.0,10/07/2024,completed,paid_search,debit_card
15725,1289.0,22/09/2024,completed,email,paypal
15726,2748.0,11-15-2025,completed,social_media,paypal
15727,8364.0,17.01.2025,completed,social_media,paypal
15728,3784.0,09.10.2024,completed,paid_search,bank_transfer
15729,7349.0,17/05/2025,completed,paid_search,bank_transfer
15730,1922.0,09/06/2024,completed,organic_search,paypal
15731,4560.0,28.09.2024,completed,social_media,bank_transfer
15732,1236.0,2025-04-16T02:13:37,cancelled,email,paypal
15733,3799.0,09.09.2024,completed,email,credit_card
15734,2463.0,19/07/2025,completed,direct,paypal
15735,5065.0,07.03.2025,completed,referral,paypal
15736,7210.0,19/09/2025,completed,referral,credit_card
15737,8656.0,2025-12-13,cancelled,email,credit_card
15738,2667.0,14/05/2024,completed,paid_search,bank_transfer
15739,6875.0,2024-11-19,cancelled,email,bank_transfer
15740,8194.0,11-10-2024,completed,email,bank_transfer
15741,1209.0,06-18-2024,completed,paid_search,debit_card
15742,5387.0,12/10/2025,returned,email,debit_card
15743,5642.0,2025-09-11,completed,social_media,credit_card
15744,2554.0,01.03.2025,completed,social_media,debit_card
15745,228.0,04-10-2025,RETURNED,organic_search,bank_transfer
15746,2414.0,2024-03-17,completed,organic_search,paypal
15747,5372.0,2025-04-23,completed,referral,debit_card
15748,1865.0,10-01-2025,completed,organic_search,bank_transfer
15749,2693.0,06/05/2025,returned,organic_search,paypal
15750,6548.0,03/10/2024,CANCELLED,direct,debit_card
15751,3659.0,07-11-2025,COMPLETED,organic_search,paypal
15752,638.0,2024-12-04,completed,organic_search,bank_transfer
15753,3666.0,15.04.2025,COMPLETED,paid_search,credit_card
15754,9224.0,04/03/2025,completed,organic_search,debit_card
15755,2450.0,13/12/2024,completed,referral,paypal
15756,2496.0,16/08/2025,completed,paid_search,bank_transfer
15757,1611.0,11-17-2025,completed,social_media,paypal
15758,2547.0,2024-01-08,completed,referral,bank_transfer
15759,5313.0,2025-12-07,completed,referral,debit_card
15760,8900.0,2025-03-22,completed,referral,bank_transfer
15761,5602.0,2025-08-03T16:35:53,completed,direct,debit_card
15762,3768.0,11-06-2025,cancelled,organic_search,bank_transfer
15763,3590.0,2025-02-14,returned,organic_search,bank_transfer
15764,246.0,2025-10-27,completed,social_media,credit_card
15765,25.0,07-15-2024,completed,email,bank_transfer
15766,7386.0,2024-06-26,completed,paid_search,debit_card
15767,4526.0,03/07/2025,cancelled,social_media,debit_card
15768,330.0,12/11/2025,completed,referral,bank_transfer
15769,2680.0,11-21-2025,completed,direct,debit_card
15770,3286.0,24.06.2025,cancelled,referral,credit_card
15771,7238.0,04-01-2025,completed,paid_search,credit_card
15772,4007.0,17.11.2024,completed,social_media,paypal
15773,7307.0,24/12/2025,completed,social_media,paypal
15774,5844.0,2024-11-11T18:50:13,completed,referral,credit_card
15775,329.0,09-01-2025,completed,social_media,paypal
15776,8941.0,06.04.2025,completed,referral,paypal
15777,1717.0,30.05.2025,completed,email,bank_transfer
15778,2590.0,2024-12-19,completed,direct,debit_card
15779,7492.0,2025-12-19T09:00:03,completed,referral,debit_card
15780,1803.0,05-04-2025,completed,email,credit_card
15781,3688.0,2025-12-09T17:46:49,completed,organic_search,bank_transfer
15782,8003.0,2024-01-11,completed,paid_search,credit_card
15783,5874.0,05-05-2025,returned,direct,credit_card
15784,2817.0,2025-08-14,completed,organic_search,bank_transfer
15785,,2025-09-02T16:40:32,completed,organic_search,debit_card
15786,7521.0,2025-11-26,completed,social_media,debit_card
15787,3713.0,07/01/2024,completed,paid_search,debit_card
15788,5286.0,01/01/2024,COMPLETED,paid_search,debit_card
15789,9109.0,19/02/2025,completed,email,bank_transfer
15790,8900.0,10/02/2024,completed,social_media,bank_transfer
15791,4712.0,12-22-2025,completed,social_media,credit_card
15792,942.0,26/08/2024,completed,direct,bank_transfer
15793,6488.0,02-19-2025,completed,referral,paypal
15794,2528.0,2024-03-19T07:54:45,completed,referral,paypal
15795,6194.0,30/03/2025,returned,paid_search,paypal
15796,3247.0,13/12/2024,cancelled,social_media,credit_card
15797,6637.0,03-01-2024,completed,email,debit_card
15798,3384.0,19/11/2024,completed,social_media,debit_card
15799,8680.0,12-18-2024,completed,direct,debit_card
15800,1323.0,28.12.2025,completed,email,paypal
15801,669.0,08-13-2024,completed,organic_search,credit_card
15802,7218.0,15.04.2025,RETURNED,organic_search,credit_card
15803,3691.0,27/12/2025,completed,paid_search,paypal
15804,4302.0,01.10.2025,completed,social_media,credit_card
15805,8613.0,29.12.2025,returned,organic_search,paypal
15806,5428.0,2025-12-20T07:18:07,completed,social_media,bank_transfer
15807,6117.0,2025-03-05,completed,direct,bank_transfer
15808,198.0,31/07/2025,completed,social_media,debit_card
15809,6207.0,2024-05-09T10:43:17,completed,organic_search,credit_card
15810,3577.0,01-22-2025,completed,social_media,bank_transfer
15811,4246.0,11.10.2025,returned,organic_search,debit_card
15812,7484.0,2025-03-17,completed,organic_search,debit_card
15813,4848.0,2025-08-04,returned,organic_search,bank_transfer
15814,9104.0,2025-09-02T18:02:45,completed,direct,debit_card
15815,7381.0,23.09.2024,completed,direct,bank_transfer
15816,6730.0,11-14-2025,completed,organic_search,bank_transfer
15817,5414.0,2025-02-08T07:34:11,completed,paid_search,paypal
15818,3794.0,15/08/2024,completed,organic_search,bank_transfer
15819,517.0,11-10-2025,completed,organic_search,paypal
15820,188.0,2024-12-31,returned,organic_search,credit_card
15821,456.0,05.09.2025,completed,referral,paypal
15822,8849.0,04-18-2025,cancelled,social_media,credit_card
15823,3000.0,12-14-2024,completed,referral,credit_card
15824,6488.0,12/10/2025,completed,social_media,bank_transfer
15825,5473.0,2025-05-13,cancelled,organic_search,credit_card
15826,5286.0,2024-12-18T03:42:40,completed,email,debit_card
15827,5356.0,05-08-2024,completed,organic_search,debit_card
15828,2817.0,11-22-2025,completed,paid_search,credit_card
15829,8201.0,2024-02-18,returned,social_media,debit_card
15830,8505.0,2025-11-09T03:53:40,completed,direct,paypal
15831,5949.0,2024-12-03T02:03:40,completed,social_media,debit_card
15832,7990.0,21/06/2025,completed,organic_search,bank_transfer
15833,589.0,03.12.2025,completed,referral,debit_card
15834,987.0,19/06/2024,completed,referral,paypal
15835,5163.0,01.05.2025,completed,organic_search,bank_transfer
15836,7828.0,2025-09-14T08:20:52,completed,direct,credit_card
15837,2925.0,09-10-2025,completed,paid_search,bank_transfer
15838,5054.0,2025-04-02,completed,referral,paypal
15839,98.0,10/06/2025,returned,email,debit_card
15840,9102.0,10/09/2025,completed,referral,debit_card
15841,7080.0,10-30-2025,completed,referral,credit_card
15842,3332.0,13/09/2025,completed,email,credit_card
15843,9072.0,30.11.2024,cancelled,organic_search,paypal
15844,907.0,12-30-2025,completed,email,debit_card
15845,4287.0,16/01/2025,returned,organic_search,credit_card
15846,581.0,02-03-2024,completed,organic_search,credit_card
15847,3100.0,2024-12-04T04:06:50,completed,paid_search,debit_card
15848,2061.0,26/05/2024,completed,direct,bank_transfer
15849,2936.0,2024-05-20T09:05:12,completed,social_media,credit_card
15850,8744.0,2024-10-16T01:31:08,completed,organic_search,bank_transfer
15851,,2024-03-10,completed,referral,paypal
15852,3009.0,26.07.2025,completed,social_media,credit_card
15853,5910.0,02.04.2024,completed,email,bank_transfer
15854,6332.0,08-09-2024,completed,email,paypal
15855,9078.0,21/04/2024,completed,referral,bank_transfer
15856,5040.0,2024-03-21T18:01:22,completed,social_media,bank_transfer
15857,6956.0,05.10.2024,completed,paid_search,credit_card
15858,3526.0,04.05.2025,cancelled,organic_search,credit_card
15859,1623.0,2025-12-19,completed,paid_search,debit_card
15860,3967.0,14.11.2025,completed,referral,debit_card
15861,3861.0,14.11.2025,completed,social_media,credit_card
15862,3882.0,2024-07-13,completed,organic_search,paypal
15863,6440.0,2024-10-02,completed,referral,paypal
15864,3732.0,2024-04-05T11:21:13,cancelled,email,credit_card
15865,8803.0,2025-09-23T16:50:30,completed,organic_search,credit_card
15866,9069.0,29/03/2024,returned,referral,debit_card
15867,4842.0,24.04.2025,completed,social_media,bank_transfer
15868,5155.0,18/09/2024,completed,social_media,paypal
15869,3753.0,2024-09-14T15:30:14,completed,paid_search,bank_transfer
15870,3282.0,28.12.2025,completed,social_media,paypal
15871,9088.0,09-09-2025,completed,paid_search,bank_transfer
15872,402.0,10-28-2025,cancelled,social_media,bank_transfer
15873,3770.0,04/05/2025,completed,organic_search,credit_card
15874,1454.0,2025-11-12T01:46:41,completed,email,bank_transfer
15875,6711.0,25/06/2025,completed,direct,bank_transfer
15876,1849.0,12.12.2025,completed,social_media,paypal
15877,8185.0,2024-10-15,returned,organic_search,bank_transfer
15878,3453.0,21/05/2025,completed,direct,debit_card
15879,8485.0,2025-07-27T07:12:50,cancelled,organic_search,paypal
15880,9101.0,19.12.2024,completed,email,credit_card
15881,7117.0,2025-11-16,cancelled,direct,bank_transfer
15882,5741.0,2025-12-24T15:10:13,completed,referral,credit_card
15883,1438.0,08/03/2025,completed,paid_search,bank_transfer
15884,8613.0,12-18-2024,returned,referral,paypal
15885,7177.0,18/02/2025,completed,organic_search,credit_card
15886,2700.0,11-04-2025,completed,direct,credit_card
15887,4325.0,06-25-2025,completed,referral,credit_card
15888,660.0,01/03/2024,completed,organic_search,paypal
15889,6108.0,2025-04-13,completed,paid_search,bank_transfer
15890,1210.0,2024-01-25T23:39:31,completed,organic_search,paypal
15891,6028.0,23/09/2025,completed,referral,credit_card
15892,6214.0,11-16-2024,completed,paid_search,bank_transfer
15893,3008.0,02-18-2025,completed,direct,credit_card
15894,,05/10/2025,completed,email,credit_card
15895,7194.0,03/03/2024,completed,organic_search,paypal
15896,4584.0,25.06.2024,returned,organic_search,bank_transfer
15897,8499.0,12-22-2024,COMPLETED,paid_search,debit_card
15898,7916.0,2024-09-02,cancelled,referral,credit_card
15899,6419.0,21.11.2024,completed,social_media,debit_card
15900,1476.0,2025-12-31,completed,referral,bank_transfer
15901,4587.0,10-21-2025,completed,referral,bank_transfer
15902,7996.0,11-17-2025,returned,social_media,bank_transfer
15903,5614.0,12-08-2025,completed,organic_search,bank_transfer
15904,5037.0,11-23-2024,cancelled,paid_search,debit_card
15905,8817.0,28/10/2024,completed,email,debit_card
15906,168.0,06/09/2024,completed,referral,debit_card
15907,122.0,24.10.2025,completed,social_media,bank_transfer
15908,8256.0,19.07.2025,completed,organic_search,bank_transfer
15909,380.0,2024-09-08T21:23:41,COMPLETED,email,bank_transfer
15910,3079.0,2024-12-11,completed,paid_search,credit_card
15911,8549.0,2025-03-18,completed,referral,bank_transfer
15912,6413.0,03.04.2025,returned,referral,bank_transfer
15913,5989.0,19.11.2025,completed,email,credit_card
15914,6084.0,2024-12-13T14:05:48,completed,social_media,debit_card
15915,2948.0,2025-11-28,completed,email,bank_transfer
15916,4906.0,2025-01-22,cancelled,paid_search,paypal
15917,,09-03-2025,completed,paid_search,paypal
15918,2854.0,12-06-2025,completed,paid_search,bank_transfer
15919,7368.0,11-27-2025,completed,direct,paypal
15920,2986.0,14/03/2024,completed,social_media,debit_card
15921,701.0,11.08.2024,completed,paid_search,paypal
15922,1912.0,2025-02-23T04:53:48,completed,paid_search,debit_card
15923,3759.0,2025-01-13,completed,direct,paypal
15924,8407.0,2025-06-22,completed,paid_search,debit_card
15925,3829.0,12-11-2025,completed,social_media,paypal
15926,877.0,2024-05-11T23:48:48,cancelled,paid_search,credit_card
15927,1865.0,02-01-2025,cancelled,organic_search,paypal
15928,5030.0,29/07/2024,completed,organic_search,credit_card
15929,1681.0,22/11/2025,completed,direct,paypal
15930,622.0,19/12/2025,completed,paid_search,credit_card
15931,6596.0,02-24-2025,completed,direct,debit_card
15932,7250.0,05-03-2024,completed,referral,credit_card
15933,7865.0,2025-09-27T21:30:19,completed,organic_search,bank_transfer
15934,7802.0,08-01-2025,completed,social_media,paypal
15935,,2024-11-30,completed,paid_search,paypal
15936,6789.0,19/11/2025,completed,direct,credit_card
15937,5368.0,2025-12-23T01:44:46,completed,email,debit_card
15938,237.0,25.04.2025,completed,organic_search,bank_transfer
15939,3694.0,2025-04-30T01:09:09,COMPLETED,social_media,bank_transfer
15940,518.0,10-28-2024,completed,referral,debit_card
15941,814.0,2025-05-13,completed,referral,paypal
15942,550.0,20.01.2025,returned,paid_search,bank_transfer
15943,8865.0,01/11/2024,completed,organic_search,debit_card
15944,7804.0,2024-03-26,cancelled,paid_search,bank_transfer
15945,4044.0,22/09/2024,completed,referral,bank_transfer
15946,2329.0,2024-08-03,completed,organic_search,paypal
15947,709.0,13.04.2025,completed,direct,paypal
15948,3982.0,2025-05-25T10:33:44,completed,email,credit_card
15949,5536.0,30/05/2025,completed,referral,credit_card
15950,7385.0,12-17-2024,returned,organic_search,debit_card
15951,503.0,2025-01-03,cancelled,organic_search,credit_card
15952,3853.0,2025-10-26T09:44:46,completed,direct,credit_card
15953,9012.0,2025-02-22T04:01:02,completed,organic_search,bank_transfer
15954,1178.0,27/12/2025,completed,social_media,debit_card
15955,3681.0,2025-01-20T06:12:03,completed,referral,bank_transfer
15956,2584.0,06-28-2025,completed,organic_search,paypal
15957,1300.0,07.03.2024,completed,organic_search,debit_card
15958,7759.0,30/06/2025,cancelled,social_media,paypal
15959,6452.0,2025-11-04T17:13:07,completed,organic_search,paypal
15960,3784.0,12-10-2025,completed,direct,paypal
15961,3400.0,30.12.2025,completed,direct,debit_card
15962,7654.0,16.10.2024,completed,social_media,bank_transfer
15963,889.0,2025-05-07T10:12:18,completed,social_media,paypal
15964,1407.0,31.01.2025,returned,paid_search,debit_card
15965,8390.0,29.04.2025,COMPLETED,organic_search,paypal
15966,7568.0,24.06.2024,COMPLETED,paid_search,paypal
15967,7157.0,06/11/2025,completed,direct,credit_card
15968,5749.0,11-28-2025,completed,organic_search,bank_transfer
15969,2737.0,30/01/2025,returned,organic_search,credit_card
15970,8623.0,15.10.2024,completed,email,bank_transfer
15971,4545.0,06-08-2024,completed,organic_search,debit_card
15972,2638.0,22.07.2025,completed,direct,debit_card
15973,3368.0,11-06-2024,completed,referral,bank_transfer
15974,172.0,28.11.2025,completed,email,paypal
15975,2402.0,07-13-2025,completed,organic_search,bank_transfer
15976,1782.0,25.06.2025,completed,organic_search,bank_transfer
15977,1313.0,2025-04-26,COMPLETED,direct,bank_transfer
15978,319.0,02.03.2024,completed,organic_search,paypal
15979,2136.0,06/12/2025,completed,direct,credit_card
15980,1018.0,2025-06-12T02:46:41,completed,direct,credit_card
15981,438.0,2025-12-29,returned,paid_search,bank_transfer
15982,1323.0,2025-04-10,completed,referral,bank_transfer
15983,1922.0,08-10-2025,completed,direct,bank_transfer
15984,3831.0,2024-03-13,COMPLETED,organic_search,credit_card
15985,5368.0,06-15-2025,completed,social_media,debit_card
15986,2991.0,14.09.2025,completed,referral,paypal
15987,1359.0,23.09.2025,completed,email,debit_card
15988,8673.0,18/09/2025,completed,email,paypal
15989,4765.0,08-30-2024,completed,organic_search,paypal
15990,6861.0,2025-12-22T05:53:05,cancelled,direct,credit_card
15991,6431.0,2025-12-30,completed,direct,paypal
15992,,2024-04-04,completed,organic_search,credit_card
15993,5173.0,2025-12-08T15:45:00,completed,organic_search,bank_transfer
15994,5550.0,22/10/2024,COMPLETED,referral,paypal
15995,3247.0,2025-07-26T19:31:40,completed,organic_search,bank_transfer
15996,6209.0,11-21-2024,completed,direct,paypal
15997,7320.0,2025-12-20,completed,social_media,credit_card
15998,3355.0,30.04.2024,completed,organic_search,paypal
15999,152.0,03-11-2025,cancelled,referral,bank_transfer
16000,3223.0,2025-01-10,completed,organic_search,bank_transfer
8757,8134.0,15/05/2024,completed,social_media,debit_card
4661,5497.0,10-30-2024,cancelled,social_media,bank_transfer
6096,58.0,10-11-2025,completed,paid_search,paypal
305,5014.0,27.12.2025,COMPLETED,referral,debit_card
8242,3480.0,09.06.2024,completed,referral,bank_transfer
9578,8093.0,03-26-2025,completed,email,debit_card
1036,6441.0,04/06/2025,completed,paid_search,bank_transfer
9977,1443.0,14.06.2025,completed,paid_search,paypal
7873,7306.0,13/12/2025,completed,organic_search,bank_transfer
8342,6277.0,07-19-2025,completed,social_media,debit_card
10915,7793.0,2025-01-28T19:29:16,completed,social_media,debit_card
5816,7989.0,30.04.2024,completed,direct,debit_card
11299,5447.0,2025-11-05T18:04:42,completed,email,credit_card
14445,8045.0,22/08/2024,completed,referral,debit_card
8671,336.0,12/10/2025,completed,organic_search,bank_transfer
3129,796.0,2025-06-15T21:26:35,completed,organic_search,debit_card
5515,5568.0,2024-07-04,completed,referral,debit_card
8499,359.0,08.07.2025,completed,organic_search,debit_card
11493,4211.0,13.12.2025,completed,direct,debit_card
5029,3189.0,2025-03-15,completed,direct,debit_card
6880,4872.0,2024-05-25T12:06:02,returned,organic_search,credit_card
9813,4943.0,29.11.2025,completed,direct,credit_card
12037,8662.0,11/07/2025,completed,referral,paypal
11409,8842.0,03-23-2024,completed,email,bank_transfer
3624,4236.0,17.05.2024,completed,organic_search,debit_card
8255,8232.0,2024-10-26,completed,direct,debit_card
5157,3232.0,15.12.2024,completed,referral,bank_transfer
7541,3842.0,17/09/2024,COMPLETED,social_media,credit_card
7498,2937.0,06.12.2024,completed,referral,bank_transfer
7388,2689.0,14/07/2024,completed,email,credit_card
2313,79.0,16/08/2024,completed,paid_search,paypal
5665,6064.0,2025-01-28T10:56:14,completed,social_media,paypal
15325,1055.0,04-08-2025,completed,email,bank_transfer
5141,5144.0,2025-04-07,completed,paid_search,paypal
938,8443.0,28/10/2025,completed,social_media,debit_card
709,4774.0,22.11.2025,completed,referral,bank_transfer
6152,2229.0,2025-05-11T11:29:07,completed,organic_search,bank_transfer
13874,8812.0,16.10.2024,cancelled,direct,bank_transfer
13093,4813.0,13/04/2025,completed,organic_search,paypal
12901,5315.0,2025-05-11,completed,referral,paypal
4102,1608.0,2024-07-14T20:52:45,completed,referral,bank_transfer
2930,4980.0,11.04.2025,returned,social_media,credit_card
5704,3466.0,10.07.2025,returned,direct,debit_card
12020,1716.0,08-17-2024,completed,paid_search,paypal
13477,,2025-03-06T18:05:24,completed,social_media,bank_transfer
7614,7234.0,2024-11-20T19:10:52,COMPLETED,referral,paypal
12675,9178.0,14/12/2025,completed,email,credit_card
7661,5921.0,09/04/2025,completed,email,paypal
10646,7354.0,28/05/2025,completed,paid_search,bank_transfer
10507,481.0,2025-07-19T23:11:12,completed,social_media,paypal
1490,3508.0,18/03/2025,completed,paid_search,debit_card
6423,3358.0,27.11.2025,completed,email,bank_transfer
1088,5898.0,2025-12-08,completed,paid_search,paypal
1399,4463.0,07/04/2025,completed,paid_search,paypal
89,9028.0,04-12-2025,completed,social_media,paypal
9203,4421.0,05-23-2025,completed,organic_search,paypal
12086,6937.0,12-14-2024,returned,social_media,bank_transfer
7566,1914.0,27/03/2025,completed,social_media,credit_card
10743,3150.0,12-24-2024,completed,paid_search,bank_transfer
15578,5554.0,02-07-2025,completed,referral,bank_transfer
13505,4488.0,2024-11-08T00:23:49,completed,paid_search,bank_transfer
9442,2515.0,28/04/2025,returned,referral,credit_card
2596,1431.0,15/08/2025,cancelled,social_media,debit_card
8586,8596.0,02-22-2025,returned,organic_search,credit_card
8764,3753.0,17/08/2025,completed,email,debit_card
6349,9169.0,07-21-2024,completed,organic_search,credit_card
3014,3027.0,30/11/2024,returned,social_media,paypal
2743,6794.0,2025-08-22,completed,organic_search,paypal
14392,6109.0,04/11/2025,completed,email,credit_card
9630,118.0,10/08/2025,completed,social_media,debit_card
124,7438.0,05/08/2025,RETURNED,referral,credit_card
4401,7710.0,09-18-2024,completed,email,debit_card
12500,1010.0,2025-04-19,completed,paid_search,bank_transfer
9385,7775.0,13.09.2024,cancelled,referral,paypal
4788,2810.0,20.02.2025,completed,paid_search,debit_card
9708,5758.0,11-12-2025,completed,organic_search,debit_card
9213,2325.0,19.10.2024,completed,referral,credit_card
7133,7616.0,03.02.2025,completed,organic_search,bank_transfer
4601,3154.0,09-17-2025,completed,email,credit_card
10913,6615.0,2025-10-27T00:07:35,cancelled,direct,debit_card
14017,639.0,30.04.2024,completed,social_media,credit_card
102,4841.0,2025-07-31T01:34:23,completed,social_media,paypal
5548,6234.0,08/12/2025,completed,email,bank_transfer
1715,8203.0,23.06.2025,completed,paid_search,debit_card
12009,1185.0,02.08.2024,completed,direct,paypal
12291,5879.0,12-11-2024,completed,organic_search,credit_card
4059,5810.0,2024-06-18T09:38:33,completed,social_media,bank_transfer
8487,8635.0,2025-12-05T16:25:25,completed,paid_search,paypal
10992,7874.0,30.11.2025,completed,paid_search,credit_card
4668,8316.0,16/02/2025,completed,email,debit_card
4101,8608.0,12-21-2025,returned,social_media,bank_transfer
4094,908.0,06-14-2025,completed,referral,bank_transfer
13242,5650.0,2025-10-25T22:57:54,completed,paid_search,bank_transfer
8705,1792.0,2025-01-24T01:11:52,completed,social_media,debit_card
11450,6523.0,2025-10-03,COMPLETED,paid_search,bank_transfer
5485,674.0,2025-12-26,completed,direct,bank_transfer
5906,8065.0,2025-07-14T04:20:58,completed,direct,credit_card
13489,4042.0,08-31-2025,COMPLETED,paid_search,paypal
15396,1035.0,21.04.2025,cancelled,social_media,credit_card
15847,3100.0,2024-12-04T04:06:50,completed,paid_search,debit_card
151,1714.0,10.12.2025,completed,organic_search,debit_card
6342,4179.0,2025-08-11T00:01:03,completed,direct,credit_card
3064,6110.0,2025-03-02T03:09:20,completed,referral,bank_transfer
5130,5942.0,06-28-2024,completed,email,paypal
10147,8613.0,2025-11-16T19:17:20,completed,referral,credit_card
5804,2845.0,2025-04-17,completed,organic_search,bank_transfer
5800,557.0,03-15-2025,completed,social_media,debit_card
4780,3696.0,06-27-2025,cancelled,paid_search,debit_card
2938,9014.0,18/09/2024,completed,email,debit_card
14054,4278.0,19.03.2024,completed,social_media,credit_card
6293,377.0,2025-09-19T06:00:04,completed,social_media,debit_card
1327,2271.0,09.08.2025,cancelled,email,bank_transfer
11144,4606.0,03.12.2025,completed,social_media,bank_transfer
8140,3887.0,18/04/2025,COMPLETED,referral,bank_transfer
933,3014.0,05/10/2025,completed,social_media,bank_transfer
14111,5139.0,27/12/2025,completed,social_media,credit_card
1723,6992.0,10-06-2024,completed,referral,debit_card
6428,7743.0,03/10/2025,COMPLETED,direct,credit_card
12873,5940.0,24.11.2024,completed,referral,bank_transfer
10425,8060.0,2025-09-06T11:44:15,completed,paid_search,debit_card
170,823.0,15.11.2025,completed,direct,bank_transfer
11058,8572.0,04-18-2024,completed,email,debit_card
8721,4431.0,2025-05-30T03:43:37,completed,social_media,credit_card
7692,6754.0,12-29-2025,completed,referral,bank_transfer
9368,4683.0,2025-04-17,completed,email,paypal
7977,8958.0,13/11/2025,completed,direct,bank_transfer
5380,8109.0,12-21-2025,completed,referral,credit_card
6224,5116.0,13.05.2024,completed,social_media,debit_card
1806,2330.0,07-08-2025,cancelled,referral,bank_transfer
8973,7736.0,2025-08-22T16:20:56,completed,social_media,credit_card
8094,5713.0,11-21-2024,completed,referral,paypal
10975,7780.0,2024-10-17T18:35:23,completed,organic_search,bank_transfer
13805,7775.0,19.12.2025,completed,paid_search,bank_transfer
4521,8466.0,2025-01-12T01:50:39,completed,direct,paypal
10112,8580.0,09-13-2024,completed,referral,bank_transfer
11915,6503.0,2025-07-13,completed,social_media,credit_card
12418,1124.0,2024-02-09,completed,social_media,paypal
11479,4601.0,19.09.2025,completed,email,paypal
4216,4052.0,2025-10-05,completed,organic_search,bank_transfer
13144,4466.0,31/12/2025,completed,paid_search,bank_transfer
8656,5368.0,2024-11-28,completed,organic_search,bank_transfer
10740,3708.0,09/04/2024,COMPLETED,referral,credit_card
10495,7437.0,2025-07-07,completed,social_media,credit_card
3680,6743.0,2025-01-10,completed,paid_search,debit_card
5362,354.0,26/05/2024,completed,social_media,bank_transfer
7786,9218.0,03/05/2024,completed,organic_search,debit_card
8292,1922.0,2025-08-25,completed,social_media,bank_transfer
14151,5618.0,2024-04-04T20:10:59,completed,social_media,paypal
15023,8895.0,12-11-2024,completed,organic_search,credit_card
13196,6004.0,2025-10-30,completed,social_media,debit_card
7666,4989.0,2024-03-01T17:05:05,COMPLETED,organic_search,paypal
13599,5388.0,2024-11-07,COMPLETED,email,paypal
1594,4052.0,2024-07-22T08:15:56,completed,direct,paypal
7643,1213.0,2024-12-28,completed,referral,credit_card
4129,8117.0,2025-10-18T22:01:42,returned,paid_search,credit_card
3920,1674.0,16/06/2025,completed,organic_search,bank_transfer
13687,1200.0,2024-09-24T23:23:35,cancelled,social_media,paypal
11397,1642.0,2025-11-25T21:29:45,completed,direct,bank_transfer
1535,8549.0,12/09/2025,completed,referral,bank_transfer
13981,7444.0,2024-04-27,CANCELLED,email,debit_card
