order_item_id,order_id,product_id,quantity,unit_price,discount
1,1,58,1,50.13,0.0
2,2,119,1,184.25,0.1
3,3,142,2,206.27,0.1
4,3,35,1,135.88,0.0
5,3,30,1,50.49,0.0
6,4,50,2,13.6,0.0
7,5,40,1,78.76,0.0
8,6,80,1,10.72,0.0
9,6,158,1,99.67,0.05
10,6,83,5,249.43,0.1
11,7,14,2,11.54,0.1
12,8,11,1,42.64,0.15
13,8,54,3,113.39,0.1
14,8,92,1,154.62,0.1
15,9,145,1,84.05,0.15
16,9,23,5,69.08,0.0
17,9,50,2,13.56,0.0
18,10,149,3,104.93,0.15
19,10,13,1,81.66,0.1
20,11,83,1,250.69,0.1
21,12,45,2,17.24,0.15
22,13,80,1,10.62,0.05
23,13,67,1,62.18,0.15
24,13,13,2,82.86,0.0
25,14,102,2,43.57,0.0
26,15,51,1,86.88,0.05
27,16,70,1,35.73,0.1
28,16,26,1,70.41,0.0
29,17,112,1,64.19,0.0
30,17,27,2,23.65,0.15
31,18,73,2,62.5,0.0
32,18,100,2,53.15,0.0
33,18,38,1,11.21,0.0
34,18,151,2,79.58,0.0
35,19,35,2,133.23,0.0
36,20,14,1,11.74,0.1
37,21,70,2,35.95,0.05
38,21,46,1,33.71,0.15
39,22,41,1,125.79,0.15
40,23,140,1,21.89,0.1
41,23,82,1,90.65,0.0
42,24,142,1,208.19,0.0
43,25,17,1,26.08,0.0
44,26,21,4,248.61,0.0
45,27,88,2,85.79,0.05
46,27,103,2,46.88,0.1
47,28,156,1,34.89,0.1
48,28,116,1,84.43,0.15
49,28,86,2,41.12,0.15
50,29,147,1,21.68,0.1
51,29,123,1,229.85,0.1
52,29,63,5,23.6,0.15
53,30,45,1,17.48,0.0
54,31,90,1,101.54,0.0
55,32,21,1,239.71,0.0
56,32,1,1,101.03,0.0
57,32,2,1,56.05,0.0
58,33,108,1,75.8,0.0
59,33,142,1,207.8,0.15
60,34,126,1,468.43,0.0
61,34,85,2,31.87,0.0
62,34,155,4,86.2,0.0
63,35,96,1,17.74,0.05
64,36,30,1,50.94,0.0
65,37,2,1,58.35,0.1
66,37,84,5,41.45,0.05
67,38,100,3,52.48,0.0
68,38,92,1,154.79,0.0
69,38,48,1,168.18,0.15
70,39,69,2,91.2,0.0
71,40,102,3,44.92,0.1
72,41,122,2,29.23,0.0
73,42,142,1,215.74,0.1
74,43,18,1,87.85,0.05
75,44,23,2,68.16,0.05
76,45,114,3,608.45,0.15
77,46,44,1,48.53,0.0
78,46,62,2,56.3,0.0
79,47,67,1,60.83,0.1
80,48,141,5,78.37,0.0
81,48,146,2,129.81,0.15
82,49,28,2,92.72,0.0
83,49,40,2,79.25,0.15
84,49,21,1,246.62,0.0
85,50,144,1,77.26,0.0
86,51,62,2,54.89,0.0
87,52,113,2,67.71,0.05
88,53,109,1,83.31,0.15
89,54,44,1,49.28,0.05
90,55,153,2,35.92,0.0
91,55,112,1,62.01,0.1
92,55,50,2,13.21,0.0
93,56,157,1,355.87,0.0
94,57,138,2,49.59,0.0
95,57,40,3,78.84,0.1
96,57,69,4,88.7,0.05
97,57,53,1,35.02,0.0
98,58,30,1,50.57,0.15
99,59,137,3,32.72,0.05
100,59,51,2,86.93,0.05
101,60,63,2,24.38,0.0
102,61,25,1,39.08,0.05
103,61,15,1,14.04,0.0
104,62,95,2,44.54,0.0
105,62,10,2,108.11,0.0
106,63,153,1,34.84,0.15
107,64,92,4,152.74,0.15
108,64,158,4,100.46,0.0
109,65,9,3,41.62,0.15
110,66,35,3,134.92,0.0
111,67,69,2,90.84,0.1
112,68,122,3,28.03,0.15
113,69,129,1,71.27,0.0
114,69,68,1,159.4,0.1
115,70,125,1,113.0,0.05
116,71,21,1,243.98,0.0
117,72,32,5,347.4,0.05
118,72,24,1,18.14,0.05
119,73,68,1,156.38,0.0
120,74,19,3,29.36,0.0
121,75,32,2,350.56,0.0
122,76,73,2,61.92,0.0
123,77,80,1,11.06,0.0
124,77,85,4,31.79,0.15
125,77,41,1,128.08,0.0
126,77,16,1,39.03,0.15
127,78,72,2,264.37,0.15
128,78,110,1,60.04,0.15
129,78,3,1,118.68,0.15
130,78,63,1,24.27,0.05
131,79,31,3,37.98,0.0
132,79,23,1,68.85,0.0
133,80,12,1,41.8,0.15
134,80,160,2,115.57,0.1
135,81,83,1,242.89,0.1
136,82,123,1,232.69,0.15
137,83,23,1,68.96,0.15
138,84,121,1,133.76,0.0
139,85,66,1,225.47,0.0
140,85,106,1,93.83,0.0
141,86,109,1,80.97,0.0
142,86,111,1,11.35,0.15
143,86,105,2,56.04,0.0
144,86,147,1,21.9,0.0
145,87,146,1,134.49,0.15
146,87,156,1,34.53,0.0
147,88,37,1,78.41,0.0
148,88,68,1,163.25,0.0
149,88,9,1,42.93,0.15
150,89,14,1,11.9,0.15
151,90,12,2,42.94,0.0
152,91,51,1,86.57,0.0
153,91,56,2,148.36,0.1
154,92,44,5,49.98,0.0
155,92,98,1,84.11,0.0
156,93,65,1,135.56,0.15
157,93,101,2,18.16,0.15
158,93,59,2,88.93,0.0
159,94,87,1,151.48,0.15
160,94,26,2,71.97,0.05
161,94,130,1,41.99,0.0
162,95,85,5,32.09,0.05
163,95,92,1,156.72,0.1
164,95,143,1,14.92,0.0
165,96,96,1,17.29,0.1
166,97,148,1,20.32,0.1
167,97,144,1,76.74,0.1
168,97,23,2,69.44,0.15
169,98,134,1,101.62,0.15
170,98,78,1,50.72,0.15
171,99,17,1,26.48,0.0
172,99,125,1,112.63,0.15
173,100,78,3,48.5,0.05
174,101,3,3,115.02,0.05
175,102,66,1,219.92,0.0
176,102,150,2,84.95,0.0
177,103,52,3,45.73,0.0
178,104,22,1,54.41,0.05
179,104,84,2,41.67,0.0
180,104,68,1,157.06,0.0
181,105,142,1,215.35,0.0
182,106,24,1,18.46,0.0
183,106,99,1,66.1,0.05
184,107,119,2,180.12,0.15
185,107,149,3,101.95,0.05
186,108,120,2,125.41,0.0
187,109,160,1,119.37,0.0
188,109,110,2,61.27,0.1
189,109,131,1,15.88,0.0
190,110,138,2,48.75,0.0
191,110,97,4,86.82,0.0
192,111,158,3,101.82,0.05
193,112,145,1,82.32,0.0
194,113,132,1,68.68,0.05
195,114,49,4,88.81,0.0
196,115,139,1,134.25,0.0
197,116,86,1,41.32,0.0
198,116,71,2,90.97,0.05
199,116,91,1,70.14,0.0
200,116,103,1,46.79,0.05
201,117,127,1,26.85,0.0
202,118,22,2,52.21,0.05
203,118,159,3,22.7,0.1
204,119,88,1,89.38,0.05
205,120,99,1,66.84,0.15
206,120,137,3,32.4,0.0
207,121,65,4,134.9,0.05
208,122,108,1,76.86,0.0
209,123,84,1,40.34,0.1
210,124,72,4,256.79,0.0
211,124,8,1,132.36,0.05
212,125,88,1,87.32,0.05
213,126,48,1,166.21,0.0
214,127,75,2,6.02,0.0
215,127,58,2,49.17,0.1
216,128,74,3,261.85,0.15
217,128,155,1,84.82,0.0
218,129,135,1,28.47,0.0
219,130,159,1,22.25,0.1
220,131,153,1,34.79,0.1
221,132,51,2,87.49,0.0
222,132,96,1,17.47,0.0
223,133,55,2,165.9,0.0
224,133,71,1,88.89,0.0
225,134,112,1,64.75,0.05
226,134,69,2,89.05,0.0
227,134,153,4,35.69,0.0
228,134,59,2,85.88,0.0
229,135,27,4,23.28,0.0
230,135,61,1,42.81,0.05
231,136,132,2,68.3,0.15
232,137,59,2,87.8,0.1
233,137,120,5,128.09,0.1
234,137,126,1,457.88,0.0
235,138,51,4,88.26,0.1
236,138,52,1,45.95,0.0
237,138,18,4,87.28,0.05
238,139,50,4,13.6,0.0
239,140,6,1,53.9,0.0
240,140,142,1,209.62,0.15
241,140,44,1,49.48,0.0
242,141,49,1,87.08,0.1
243,142,135,1,27.98,0.0
244,143,150,4,85.59,0.05
245,144,45,2,17.49,0.0
246,145,98,2,80.81,0.15
247,146,60,1,156.77,0.15
248,146,139,1,131.76,0.05
249,146,67,2,61.12,0.0
250,147,72,1,264.78,0.05
251,148,134,1,101.61,0.0
252,149,65,4,134.07,0.0
253,149,125,2,108.26,0.15
254,150,160,1,118.4,0.0
255,151,48,4,170.43,0.15
256,151,142,1,210.94,0.15
257,151,114,4,585.43,0.1
258,151,131,4,16.49,0.0
259,152,86,2,40.96,0.1
260,153,57,1,31.03,0.0
261,153,150,1,82.83,0.1
262,154,49,4,87.35,0.0
263,155,134,1,99.38,0.1
264,155,108,1,77.66,0.0
265,156,100,1,53.22,0.0
266,157,26,1,71.89,0.0
267,157,66,1,221.62,0.1
268,158,102,2,44.36,0.0
269,159,104,1,31.57,0.0
270,159,61,2,42.98,0.15
271,160,30,1,49.57,0.0
272,160,52,5,45.58,0.15
273,161,30,4,50.74,0.1
274,162,114,1,584.63,0.1
275,163,80,1,10.96,0.0
276,164,59,1,88.64,0.1
277,164,21,2,238.53,0.05
278,164,126,3,461.37,0.05
279,164,143,1,14.93,0.0
280,165,39,1,19.7,0.15
281,165,50,4,13.41,0.1
282,165,87,2,145.12,0.05
283,165,48,2,168.21,0.0
284,166,151,2,80.04,0.15
285,167,57,2,30.62,0.0
286,168,32,1,351.52,0.1
287,169,56,4,150.58,0.1
288,170,72,2,257.7,0.0
289,170,13,3,79.3,0.05
290,171,151,1,79.98,0.0
291,171,47,2,42.18,0.1
292,172,125,1,110.04,0.15
293,172,136,2,263.65,0.15
294,172,92,2,152.85,0.0
295,172,11,1,41.75,0.1
296,173,75,1,6.24,0.0
297,173,119,1,182.28,0.1
298,173,137,4,31.88,0.0
299,173,129,2,71.37,0.1
300,174,72,1,253.37,0.1
301,175,118,1,22.21,0.0
302,175,61,1,42.05,0.1
303,175,79,1,71.49,0.0
304,176,103,2,47.1,0.05
305,176,17,2,26.7,0.0
306,176,14,2,11.88,0.0
307,176,136,4,261.27,0.05
308,177,60,2,160.14,0.0
309,177,64,3,21.75,0.0
310,177,140,1,21.16,0.05
311,177,121,1,133.1,0.1
312,178,44,2,50.57,0.0
313,178,64,4,22.46,0.0
314,179,126,2,463.25,0.0
315,180,153,2,35.85,0.05
316,180,47,1,43.59,0.05
317,181,69,1,91.32,0.15
318,181,88,2,89.04,0.0
319,181,11,2,42.67,0.0
320,182,43,2,59.85,0.0
321,183,39,1,19.81,0.0
322,183,99,2,66.27,0.1
323,183,76,1,133.63,0.0
324,183,52,3,47.01,0.0
325,184,121,1,129.27,0.0
326,185,150,1,85.0,0.1
327,185,144,1,76.37,0.0
328,186,116,2,87.32,0.0
329,186,98,2,84.32,0.1
330,186,130,2,40.92,0.0
331,186,25,3,38.9,0.1
332,187,49,1,87.77,0.0
333,188,97,2,86.73,0.1
334,189,62,2,55.13,0.1
335,190,27,2,23.53,0.0
336,191,2,1,56.7,0.05
337,191,47,1,42.27,0.0
338,192,82,2,89.23,0.15
339,192,56,3,151.24,0.0
340,193,54,4,112.98,0.05
341,194,30,1,51.08,0.1
342,194,149,1,103.59,0.0
343,195,34,1,24.57,0.1
344,195,108,4,76.17,0.0
345,196,14,1,11.51,0.1
346,196,24,4,17.99,0.0
347,197,81,1,54.62,0.0
348,198,73,2,64.51,0.0
349,198,115,1,53.85,0.0
350,199,127,1,27.1,0.05
351,200,55,2,163.07,0.0
352,200,106,2,91.73,0.1
353,201,57,1,31.02,0.1
354,201,121,2,129.96,0.0
355,202,126,1,476.67,0.0
356,203,119,1,181.3,0.0
357,203,101,1,17.94,0.0
358,204,113,1,66.98,0.15
359,205,120,1,127.13,0.0
360,206,34,1,25.36,0.0
361,207,67,1,61.77,0.05
362,208,29,1,37.44,0.15
363,208,6,2,52.37,0.15
364,209,127,1,27.15,0.0
365,210,96,1,17.08,0.0
366,211,5,1,53.0,0.15
367,212,145,2,82.36,0.05
368,213,138,1,49.37,0.0
369,214,61,1,41.99,0.0
370,214,41,1,127.8,0.05
371,215,48,1,168.44,0.1
372,216,73,4,61.65,0.15
373,217,101,1,18.66,0.0
374,217,141,1,79.8,0.0
375,217,9,1,43.32,0.15
376,218,132,2,69.06,0.05
377,219,95,1,46.05,0.0
378,220,58,4,48.71,0.0
379,221,58,3,49.78,0.0
380,222,157,1,348.95,0.15
381,222,13,1,81.89,0.05
382,223,64,1,21.76,0.15
383,224,114,2,600.53,0.0
384,224,105,1,55.93,0.0
385,225,76,2,135.57,0.0
386,226,33,4,64.51,0.0
387,226,13,2,79.79,0.05
388,226,124,1,18.4,0.0
389,227,47,1,43.06,0.0
390,228,48,1,167.11,0.15
391,228,38,2,11.04,0.1
392,229,160,1,120.02,0.0
393,229,60,4,156.56,0.0
394,229,30,1,49.7,0.05
395,230,41,3,126.56,0.0
396,231,160,2,120.1,0.1
397,231,113,3,68.37,0.1
398,231,156,3,34.62,0.0
399,232,149,2,103.48,0.05
400,233,48,1,171.42,0.05
401,234,12,2,42.24,0.0
402,234,75,1,6.29,0.0
403,235,59,4,88.99,0.0
404,236,108,5,77.6,0.05
405,237,1,2,99.73,0.0
406,237,126,1,472.47,0.0
407,237,132,1,68.4,0.0
408,238,76,2,134.46,0.1
409,239,39,3,19.23,0.1
410,240,84,1,39.87,0.15
411,240,29,2,37.48,0.15
412,241,35,1,133.69,0.15
413,242,21,1,237.81,0.0
414,243,123,2,230.44,0.0
415,243,1,2,99.11,0.1
416,243,125,2,110.33,0.05
417,244,7,2,271.01,0.0
418,244,97,3,85.74,0.1
419,245,100,3,52.6,0.0
420,246,55,1,162.76,0.0
421,246,29,1,38.09,0.15
422,247,70,3,35.67,0.1
423,247,108,1,76.36,0.0
424,247,116,1,83.75,0.0
425,248,41,1,124.13,0.0
426,249,159,1,22.68,0.0
427,250,36,1,21.75,0.05
428,251,97,1,85.52,0.05
429,251,41,2,125.95,0.15
430,252,106,3,92.5,0.0
431,252,134,1,102.04,0.15
432,253,53,3,34.94,0.0
433,254,66,2,217.18,0.0
434,254,67,1,59.55,0.0
435,254,41,1,129.43,0.1
436,255,81,1,54.68,0.05
437,256,77,1,69.47,0.15
438,257,23,2,68.5,0.0
439,258,33,1,65.08,0.15
440,258,97,5,86.34,0.0
441,259,54,1,115.02,0.15
442,259,48,1,164.69,0.0
443,260,75,2,6.2,0.0
444,261,90,1,102.58,0.1
445,262,71,2,92.22,0.15
446,263,51,1,85.28,0.0
447,264,160,1,118.37,0.05
448,265,109,1,83.36,0.0
449,266,156,1,33.67,0.0
450,267,43,1,58.05,0.0
451,268,160,1,116.84,0.0
452,269,85,1,31.32,0.1
453,270,13,3,81.54,0.0
454,271,57,1,31.19,0.0
455,271,156,1,33.83,0.0
456,271,99,4,64.02,0.0
457,272,106,3,94.98,0.0
458,273,143,4,15.55,0.0
459,273,62,1,54.22,0.05
460,273,98,1,84.12,0.0
461,274,104,2,32.03,0.0
462,275,61,1,43.31,0.0
463,276,133,2,24.73,0.0
464,277,132,2,70.28,0.05
465,278,155,1,86.58,0.0
466,278,146,1,128.59,0.0
467,279,56,1,149.08,0.0
468,279,27,3,22.64,0.0
469,279,134,3,99.02,0.1
470,280,58,2,49.36,0.05
471,280,57,1,30.31,0.05
472,281,113,1,67.2,0.0
473,281,7,2,269.11,0.15
474,281,13,1,82.14,0.0
475,282,60,4,160.28,0.15
476,282,140,2,22.0,0.1
477,282,133,1,24.57,0.0
478,283,153,1,34.49,0.0
479,284,71,2,89.0,0.05
480,284,144,1,77.18,0.15
481,285,84,1,40.43,0.15
482,285,39,3,19.8,0.05
483,285,154,1,79.07,0.1
484,286,150,2,86.31,0.0
485,287,112,1,64.68,0.0
486,287,17,1,25.48,0.0
487,287,100,3,53.52,0.0
488,288,93,5,34.74,0.0
489,288,124,1,18.8,0.05
490,288,87,2,147.1,0.05
491,289,29,1,38.77,0.15
492,289,126,1,456.91,0.05
493,289,32,2,346.96,0.0
494,290,61,1,41.66,0.15
495,291,64,2,21.64,0.0
496,292,112,3,64.14,0.15
497,293,23,1,68.18,0.05
498,294,6,2,52.59,0.0
499,294,125,1,109.98,0.0
500,294,39,3,20.13,0.1
501,294,143,2,15.6,0.05
502,295,29,3,38.7,0.0
503,295,50,1,13.06,0.0
504,296,74,3,270.11,0.0
505,297,100,4,52.54,0.0
506,298,152,1,90.23,0.1
507,299,22,2,52.56,0.15
508,300,148,1,19.59,0.1
509,301,78,3,50.15,0.0
510,301,33,1,62.79,0.15
511,301,52,1,45.49,0.0
512,301,54,1,113.48,0.1
513,302,155,2,85.48,0.0
514,302,9,3,42.53,0.1
515,302,66,4,214.92,0.0
516,303,96,1,17.14,0.0
517,303,107,1,354.08,0.0
518,304,11,2,42.14,0.15
519,304,15,3,13.74,0.0
520,304,46,3,34.67,0.0
521,305,141,1,80.52,0.15
522,306,13,1,78.8,0.0
523,306,68,1,162.47,0.0
524,307,70,3,36.48,0.0
525,308,153,1,34.38,0.05
526,308,24,2,17.68,0.0
527,308,22,2,54.33,0.05
528,309,97,2,85.8,0.15
529,309,59,1,86.62,0.15
530,310,10,1,105.64,0.0
531,311,43,1,59.51,0.1
532,311,64,5,22.17,0.0
533,311,115,1,55.3,0.15
534,312,91,2,69.27,0.0
535,312,75,2,6.31,0.05
536,313,126,1,456.87,0.05
537,314,43,3,57.61,0.15
538,315,63,1,24.4,0.0
539,315,51,1,88.4,0.0
540,316,74,1,267.78,0.0
541,317,83,5,246.54,0.0
542,318,101,1,18.01,0.0
543,318,8,1,127.68,0.05
544,319,63,1,23.83,0.0
545,320,14,1,11.63,0.1
546,320,150,1,83.14,0.0
547,321,80,1,10.87,0.15
548,322,97,2,86.46,0.15
549,323,137,1,31.64,0.0
550,323,40,2,76.95,0.0
551,323,114,2,590.74,0.0
552,324,99,2,65.89,0.15
553,324,21,3,246.82,0.0
554,325,25,1,39.87,0.05
555,326,12,3,42.11,0.0
556,326,113,1,68.01,0.0
557,327,28,1,90.15,0.0
558,327,78,3,49.24,0.1
559,328,115,1,55.67,0.0
560,328,94,2,47.34,0.0
561,329,124,1,18.16,0.15
562,330,116,1,86.27,0.0
563,330,150,1,83.75,0.05
564,330,65,2,132.65,0.15
565,331,90,1,105.54,0.15
566,331,12,2,41.96,0.15
567,331,71,1,88.59,0.0
568,332,120,1,125.21,0.05
569,332,6,2,53.75,0.1
570,332,71,2,88.79,0.0
571,333,104,1,31.89,0.0
572,334,48,-3,171.25,0.05
573,335,72,4,254.11,0.1
574,336,148,1,19.8,0.15
575,337,155,2,84.69,0.0
576,337,136,2,259.1,0.0
577,337,109,4,82.45,0.1
578,338,38,1,11.04,0.0
579,338,134,1,97.29,0.15
580,338,111,1,11.73,0.05
581,338,145,3,81.75,0.05
582,339,55,2,168.15,0.0
583,340,25,2,40.66,0.15
584,340,5,1,51.56,0.0
585,340,91,1,71.03,0.0
586,341,158,1,98.35,0.1
587,342,127,1,26.72,0.0
588,343,125,4,108.61,0.0
589,343,27,4,22.68,0.15
590,344,69,3,91.1,0.0
591,345,137,3,31.86,0.0
592,345,83,3,249.09,0.0
593,346,63,1,23.8,0.1
594,346,40,2,79.54,0.1
595,346,23,2,68.34,0.15
596,346,98,1,80.35,0.05
597,347,51,1,88.43,0.0
598,348,25,3,40.8,0.05
599,348,143,2,15.47,0.0
600,348,49,1,88.73,0.1
601,349,86,2,42.24,0.0
602,350,39,1,19.84,0.15
603,351,33,2,63.93,0.0
604,351,61,2,41.27,0.05
605,351,103,1,46.75,0.05
606,352,141,2,81.3,0.15
607,353,10,1,106.73,0.0
608,354,56,1,151.05,0.1
609,355,70,1,36.58,0.0
610,356,30,1,48.74,0.0
611,357,139,3,132.52,0.15
612,358,2,1,58.88,0.05
613,359,103,1,48.82,0.15
614,360,70,1,36.23,0.1
615,361,157,1,345.01,0.0
616,362,39,1,19.59,0.0
617,363,82,1,90.94,0.1
618,364,135,1,28.19,0.05
619,364,96,5,17.59,0.0
620,364,116,4,86.8,0.0
621,365,11,2,42.09,0.0
622,366,22,1,54.27,0.15
623,366,159,1,22.54,0.1
624,366,116,1,84.94,0.0
625,367,153,1,35.29,0.05
626,367,143,4,15.52,0.05
627,368,106,4,93.95,0.1
628,369,43,2,57.16,0.0
629,370,112,1,62.78,0.15
630,370,116,3,83.71,0.1
631,371,36,1,22.21,0.0
632,372,121,1,131.59,0.0
633,372,101,1,18.21,0.0
634,372,108,1,75.31,0.0
635,372,62,2,56.39,0.05
636,373,114,2,593.58,0.1
637,374,49,1,89.31,0.1
638,374,107,1,359.67,0.0
639,375,123,2,229.55,0.1
640,375,30,1,50.96,0.0
641,376,10,4,105.47,0.15
642,377,97,2,86.94,0.0
643,377,109,1,82.89,0.0
644,377,129,2,69.84,0.1
645,378,14,2,11.39,0.05
646,379,67,1,60.48,0.0
647,379,119,1,177.67,0.1
648,380,15,3,13.63,0.0
649,380,57,2,30.98,0.15
650,381,157,1,343.38,0.0
651,381,133,2,24.56,0.0
652,382,82,1,89.57,0.0
653,382,153,2,35.89,0.1
654,383,53,2,35.46,0.0
655,383,41,1,126.57,0.0
656,384,107,5,355.56,0.05
657,385,22,1,52.69,0.0
658,386,77,1,69.0,0.0
659,386,154,1,81.51,0.05
660,386,121,1,129.86,0.15
661,387,54,1,112.59,0.15
662,387,26,2,73.22,0.0
663,387,88,2,87.36,0.0
664,387,124,1,18.64,0.0
665,388,89,1,40.69,0.0
666,389,56,3,150.06,0.0
667,389,117,3,62.14,0.0
668,389,102,1,43.48,0.15
669,389,131,1,15.7,0.1
670,390,7,2,270.42,0.1
671,391,83,3,244.93,0.1
672,391,69,3,91.78,0.0
673,392,100,2,52.97,0.15
674,393,142,1,215.99,0.0
675,393,122,2,28.32,0.0
676,394,75,1,6.28,0.0
677,394,37,1,79.35,0.05
678,394,39,1,19.23,0.1
679,395,100,3,53.1,0.0
680,395,143,1,15.15,0.15
681,395,95,2,44.89,0.0
682,396,150,1,83.71,0.0
683,397,54,1,110.22,0.0
684,398,36,2,22.1,0.0
685,399,68,1,159.37,0.1
686,399,141,1,78.05,0.0
687,399,4,1,250.46,0.05
688,400,58,1,49.05,0.05
689,401,41,1,123.7,0.0
690,401,151,1,81.86,0.05
691,401,108,1,74.37,0.0
692,402,119,1,183.25,0.1
693,402,73,1,64.36,0.15
694,402,147,1,21.65,0.1
695,403,88,5,85.6,0.1
696,404,89,2,40.04,0.05
697,405,97,1,86.31,0.0
698,406,125,2,108.42,0.0
699,406,36,1,21.92,0.0
700,406,80,2,10.61,0.05
701,407,56,4,148.51,0.1
702,408,75,1,6.02,0.0
703,408,61,1,41.84,0.0
704,409,89,-2,40.16,0.15
705,410,127,1,26.2,0.05
706,411,38,1,11.4,0.0
707,411,63,1,24.14,0.15
708,411,102,1,43.79,0.15
709,412,132,2,70.09,0.1
710,413,60,1,152.62,0.0
711,413,125,1,109.65,0.1
712,414,153,1,35.07,0.15
713,415,87,1,148.21,0.0
714,416,99,2,63.73,0.1
715,417,147,2,21.24,0.0
716,418,48,2,170.92,0.05
717,419,99,2,64.68,0.15
718,419,64,1,22.08,0.15
719,420,60,3,157.2,0.15
720,421,129,1,69.54,0.0
721,422,95,2,46.64,0.0
722,422,91,3,70.13,0.0
723,422,78,1,50.05,0.15
724,423,92,1,155.94,0.15
725,424,90,1,102.11,0.05
726,424,99,1,64.01,0.1
727,425,140,1,21.24,0.0
728,425,18,2,84.44,0.0
729,426,67,1,61.41,0.1
730,427,96,2,17.07,0.05
731,428,110,3,60.24,0.05
732,429,64,2,22.44,0.0
733,429,56,4,152.38,0.0
734,430,76,1,138.64,0.0
735,431,109,4,79.99,0.0
736,432,32,2,346.71,0.0
737,432,19,1,29.24,0.15
738,433,141,1,79.61,0.0
739,434,69,1,90.58,0.1
740,434,80,1,10.81,0.0
741,435,136,3,268.88,0.1
742,435,152,1,87.64,0.0
743,436,14,1,11.77,0.0
744,436,154,1,80.27,0.0
745,436,118,3,22.25,0.1
746,437,83,4,245.24,0.1
747,438,136,4,259.9,0.0
748,439,80,2,11.11,0.15
749,440,73,1,64.27,0.05
750,440,125,1,110.9,0.0
751,440,51,1,86.74,0.05
752,440,105,3,56.25,0.05
753,441,92,1,153.53,0.0
754,442,86,3,42.18,0.05
755,442,127,1,26.21,0.0
756,443,101,1,18.32,0.15
757,443,124,2,18.18,0.0
758,443,68,1,156.94,0.0
759,444,65,3,134.35,0.0
760,445,11,1,42.28,0.05
761,446,14,2,11.47,0.0
762,446,55,1,168.6,0.05
763,447,101,2,18.16,0.0
764,447,8,3,128.21,0.15
765,448,89,1,39.85,0.15
766,449,30,1,50.25,0.0
767,450,106,1,92.25,0.1
768,451,144,3,75.65,0.0
769,451,157,1,348.9,0.0
770,451,158,1,101.12,0.0
771,452,156,1,33.48,0.0
772,453,125,1,107.55,0.05
773,453,147,3,21.26,0.0
774,453,53,1,35.44,0.0
775,454,100,2,53.7,0.0
776,454,26,1,71.3,0.05
777,455,132,3,69.13,0.0
778,456,16,1,39.92,0.0
779,457,112,1,64.13,0.1
780,458,51,1,87.76,0.0
781,459,157,1,347.77,0.0
782,459,6,1,52.38,0.0
783,459,147,1,21.91,0.0
784,459,43,1,57.45,0.0
785,460,121,5,135.48,0.15
786,460,74,2,260.43,0.0
787,461,3,1,117.84,0.0
788,462,34,1,25.47,0.15
789,463,29,2,37.91,0.0
790,464,55,1,165.22,0.05
791,465,52,4,45.4,0.0
792,465,48,1,168.94,0.0
793,465,4,1,255.71,0.1
794,466,116,1,85.82,0.15
795,466,126,4,476.29,0.05
796,467,157,1,350.24,0.0
797,468,5,2,52.38,0.1
798,469,14,2,11.45,0.0
799,469,154,4,82.01,0.1
800,470,56,2,152.77,0.1
801,471,81,3,52.97,0.15
802,471,104,1,31.02,0.0
803,471,90,2,103.23,0.05
804,472,160,2,114.58,0.0
805,472,37,1,76.91,0.0
806,473,12,2,42.77,0.05
807,473,134,1,97.75,0.0
808,474,82,1,88.83,0.1
809,475,114,2,587.84,0.05
810,475,68,1,164.5,0.05
811,476,13,1,80.56,0.0
812,476,108,1,75.15,0.05
813,477,12,1,42.02,0.0
814,478,1,5,102.28,0.0
815,478,98,1,83.6,0.1
816,479,43,2,58.22,0.15
817,479,65,1,135.15,0.05
818,479,108,1,74.48,0.15
819,480,37,2,77.7,0.05
820,480,112,1,62.57,0.0
821,481,63,3,23.86,0.05
822,482,72,3,257.02,0.0
823,483,160,1,119.47,0.0
824,484,122,1,29.19,0.0
825,485,19,1,29.4,0.1
826,486,159,1,22.62,0.15
827,486,154,2,81.91,0.15
828,487,32,3,340.34,0.1
829,487,35,1,137.56,0.0
830,487,2,2,58.11,0.0
831,488,89,1,39.72,0.1
832,488,71,1,89.21,0.1
833,489,74,1,268.53,0.0
834,490,49,3,89.49,0.0
835,490,81,2,53.81,0.05
836,491,43,4,59.41,0.1
837,492,62,1,55.56,0.0
838,492,127,3,27.17,0.1
839,493,98,1,80.29,0.0
840,494,58,3,49.31,0.0
841,494,154,1,81.4,0.1
842,495,40,1,77.86,0.0
843,495,130,2,41.45,0.15
844,496,115,5,55.9,0.0
845,497,12,1,41.73,0.1
846,497,79,3,70.16,0.05
847,497,124,3,17.96,0.0
848,498,145,4,80.67,0.0
849,499,44,1,50.3,0.05
850,499,130,1,41.88,0.0
851,499,134,1,98.13,0.1
852,499,81,1,52.16,0.05
853,500,144,1,75.17,0.15
854,501,128,2,39.92,0.0
855,501,149,3,103.45,0.0
856,501,139,5,134.57,0.05
857,501,85,1,31.4,0.0
858,502,39,1,20.08,0.0
859,502,138,2,48.73,0.0
860,503,151,1,81.16,0.0
861,504,5,2,52.36,0.0
862,505,86,1,41.74,0.05
863,505,71,1,90.31,0.15
864,505,103,2,47.9,0.1
865,506,76,4,138.6,0.0
866,507,42,1,77.69,0.0
867,508,98,2,80.77,0.15
868,509,93,1,35.08,0.15
869,510,19,1,28.13,0.0
870,510,152,1,90.27,0.15
871,511,141,2,81.12,0.0
872,511,36,1,21.57,0.1
873,511,104,1,31.5,0.0
874,511,129,1,72.6,0.0
875,512,91,3,72.29,0.1
876,512,23,2,68.65,0.1
877,513,27,1,23.67,0.0
878,513,120,1,129.15,0.05
879,514,36,1,21.36,0.1
880,514,62,3,54.75,0.1
881,515,52,1,46.73,0.1
882,516,125,2,108.16,0.15
883,516,141,2,81.13,0.0
884,517,36,1,21.73,0.05
885,517,111,4,11.35,0.15
886,518,85,1,32.04,0.0
887,518,62,3,55.87,0.1
888,518,8,3,127.77,0.0
889,519,66,2,223.0,0.1
890,519,133,2,25.61,0.0
891,520,17,1,26.54,0.15
892,521,125,2,107.59,0.05
893,521,82,1,89.39,0.0
894,521,67,1,59.42,0.1
895,522,46,3,34.16,0.0
896,523,6,2,53.06,0.15
897,524,154,2,80.28,0.0
898,525,73,2,61.44,0.0
899,525,160,1,120.26,0.0
900,525,79,3,71.4,0.0
901,526,143,1,15.1,0.15
902,527,136,1,264.67,0.05
903,528,79,2,69.38,0.05
904,529,2,3,57.48,0.1
905,530,14,5,11.69,0.0
906,531,10,1,108.13,0.0
907,532,56,2,150.83,0.05
908,533,54,2,110.19,0.1
909,533,65,1,137.16,0.0
910,533,110,1,62.32,0.1
911,533,145,1,83.29,0.0
912,534,88,3,87.67,0.0
913,535,92,1,151.77,0.05
914,536,110,1,62.33,0.05
915,537,151,1,83.43,0.0
916,537,45,1,17.32,0.0
917,537,140,2,21.36,0.15
918,538,133,1,25.47,0.0
919,539,96,5,17.82,0.0
920,539,25,2,40.67,0.0
921,540,88,2,85.82,0.0
922,540,80,1,10.67,0.0
923,540,60,1,153.22,0.05
924,540,140,3,21.99,0.1
925,541,41,1,127.75,0.0
926,542,50,1,13.61,0.05
927,542,9,1,42.67,0.15
928,542,132,2,68.32,0.0
929,543,127,1,26.89,0.15
930,543,104,1,31.0,0.05
931,544,24,1,18.12,0.0
932,545,138,3,48.84,0.05
933,545,67,1,60.98,0.0
934,546,129,2,71.76,0.15
935,546,132,2,68.37,0.05
936,546,122,1,28.55,0.1
937,547,42,2,75.62,0.0
938,548,22,1,53.33,0.1
939,548,37,4,77.16,0.0
940,548,53,2,35.81,0.15
941,548,67,3,61.96,0.1
942,549,34,2,24.5,0.0
943,550,88,3,86.09,0.0
944,550,110,2,60.55,0.0
945,550,158,1,100.48,0.15
946,551,134,1,101.18,0.15
947,552,16,1,39.02,0.0
948,553,143,2,14.98,0.1
949,554,148,1,20.3,0.0
950,554,85,2,30.77,0.0
951,555,119,1,177.24,0.0
952,556,28,1,91.31,0.0
953,556,37,2,78.97,0.0
954,557,102,2,43.97,0.15
955,558,129,1,70.36,0.0
956,559,113,2,69.4,0.05
957,560,94,1,49.41,0.0
958,561,125,1,108.95,0.05
959,562,72,1,264.17,0.0
960,563,77,1,68.62,0.1
961,563,61,1,42.18,0.0
962,563,11,5,42.42,0.1
963,563,55,1,160.7,0.1
964,564,2,1,57.59,0.05
965,564,141,4,78.84,0.1
966,565,9,1,42.04,0.05
967,565,113,1,67.47,0.0
968,565,71,1,91.41,0.0
969,566,15,1,13.99,0.0
970,566,73,5,63.84,0.05
971,566,129,3,72.62,0.0
972,566,22,1,53.83,0.1
973,567,119,1,180.64,0.0
974,567,132,1,67.81,0.15
975,568,71,1,88.46,0.0
976,569,81,1,54.48,0.05
977,570,12,2,43.27,0.05
978,570,37,5,79.37,0.15
979,571,54,2,112.62,0.0
980,571,139,1,136.69,0.05
981,572,112,1,63.36,0.05
982,573,102,2,44.63,0.0
983,574,137,4,31.55,0.0
984,574,128,1,38.45,0.0
985,575,67,3,61.43,0.0
986,575,34,1,25.3,0.0
987,576,55,4,162.22,0.1
988,577,55,2,163.59,0.0
989,577,48,4,168.37,0.1
990,578,107,1,353.36,0.15
991,578,11,3,43.3,0.0
992,579,127,1,26.17,0.0
993,579,34,1,25.4,0.0
994,580,107,3,363.85,0.0
995,581,72,1,260.59,0.1
996,582,40,1,77.73,0.15
997,582,160,4,115.72,0.0
998,583,118,1,22.15,0.0
999,583,9,1,42.89,0.05
1000,583,134,1,98.2,0.15
1001,583,39,1,19.53,0.0
1002,584,153,1,34.54,0.0
1003,584,30,1,48.76,0.1
1004,585,71,1,90.68,0.05
1005,586,82,2,90.71,0.05
1006,587,68,1,156.67,0.0
1007,588,63,3,24.33,0.05
1008,588,136,1,266.95,0.15
1009,589,136,1,257.86,0.0
1010,590,27,2,22.8,0.05
1011,591,62,2,56.39,0.0
1012,592,120,2,125.17,0.05
1013,592,48,1,167.38,0.05
1014,592,67,1,59.47,0.0
1015,593,48,2,170.85,0.0
1016,594,114,1,589.29,0.0
1017,595,60,1,153.8,0.0
1018,596,139,3,133.4,0.0
1019,596,114,5,600.71,0.0
1020,597,149,1,104.35,0.15
1021,597,74,1,269.52,0.05
1022,598,143,1,15.23,0.05
1023,599,117,4,63.72,0.0
1024,599,47,2,42.71,0.0
1025,600,74,1,262.95,0.05
1026,600,17,1,26.39,0.1
1027,601,37,2,79.81,0.0
1028,601,123,1,234.27,0.15
1029,601,53,1,34.79,0.1
1030,602,140,3,21.91,0.0
1031,603,52,1,47.04,0.05
1032,604,104,2,30.89,0.15
1033,604,20,1,17.78,0.0
1034,605,65,2,133.71,0.1
1035,606,82,1,89.84,0.05
1036,607,151,2,79.99,0.1
1037,607,56,2,148.46,0.0
1038,607,3,2,118.09,0.0
1039,607,113,1,68.69,0.1
1040,608,125,5,111.07,0.0
1041,608,157,2,347.6,0.05
1042,608,136,2,266.97,0.15
1043,608,78,2,50.02,0.05
1044,609,114,1,588.53,0.1
1045,609,105,1,55.25,0.0
1046,610,54,1,114.55,0.1
1047,611,108,1,75.65,0.15
1048,612,147,1,21.47,0.15
1049,612,55,2,164.97,0.05
1050,613,51,1,85.58,0.0
1051,614,43,1,58.85,0.05
1052,614,44,2,48.37,0.15
1053,615,131,1,15.99,0.0
1054,615,4,1,250.23,0.0
1055,616,79,2,69.58,0.1
1056,617,100,2,51.44,0.0
1057,617,124,1,18.62,0.0
1058,618,28,1,92.21,0.05
1059,619,62,1,55.13,0.0
1060,620,117,2,63.54,0.0
1061,621,18,1,84.25,0.1
1062,621,155,3,84.52,0.05
1063,621,139,2,135.85,0.1
1064,621,49,3,88.16,0.0
1065,622,118,4,22.23,0.0
1066,623,40,4,78.06,0.0
1067,623,47,2,42.0,0.05
1068,623,51,1,86.93,0.0
1069,623,50,1,13.33,0.15
1070,624,10,1,108.31,0.05
1071,624,37,1,77.16,0.0
1072,624,42,1,74.67,0.0
1073,625,101,2,18.4,0.0
1074,625,158,4,99.95,0.05
1075,626,87,1,149.01,0.0
1076,626,3,2,116.83,0.0
1077,626,62,1,54.92,0.15
1078,627,119,3,178.05,0.15
1079,628,160,1,115.95,0.1
1080,629,47,2,42.81,0.1
1081,630,84,1,41.17,0.0
1082,631,45,1,16.99,0.05
1083,631,152,1,90.08,0.15
1084,631,54,2,112.16,0.0
1085,632,115,3,54.71,0.0
1086,632,107,3,351.52,0.1
1087,632,117,1,63.86,0.0
1088,633,152,1,89.18,0.0
1089,633,135,1,27.7,0.1
1090,633,133,1,24.73,0.0
1091,634,145,1,80.56,0.0
1092,634,107,1,350.63,0.0
1093,634,61,1,42.66,0.1
1094,635,78,2,50.09,0.0
1095,636,148,2,20.24,0.0
1096,637,129,2,72.6,0.0
1097,637,62,3,54.78,0.1
1098,638,125,1,111.52,0.05
1099,639,104,3,31.33,0.1
1100,639,33,1,65.56,0.0
1101,640,6,1,52.96,0.0
1102,640,142,1,207.73,0.0
1103,640,90,1,101.75,0.1
1104,641,153,1,35.5,0.0
1105,642,140,1,21.66,0.05
1106,643,67,1,61.71,0.0
1107,643,51,1,87.88,0.05
1108,643,160,5,118.46,0.0
1109,644,35,2,132.98,0.1
1110,644,132,3,68.28,0.0
1111,645,12,1,42.84,0.0
1112,646,7,2,271.04,0.1
1113,647,42,1,76.11,0.0
1114,647,68,1,158.24,0.0
1115,647,132,1,68.34,0.0
1116,648,75,1,6.11,0.1
1117,648,57,3,30.86,0.0
1118,649,72,2,264.57,0.15
1119,649,98,5,84.3,0.15
1120,649,27,1,23.49,0.0
1121,649,100,3,53.46,0.15
1122,650,15,1,13.94,0.0
1123,650,40,1,76.95,0.0
1124,651,149,2,101.55,0.0
1125,652,31,2,38.4,0.15
1126,652,10,2,105.69,0.0
1127,652,35,1,138.96,0.05
1128,653,48,2,164.31,0.0
1129,653,142,1,214.9,0.0
1130,654,94,1,47.32,0.05
1131,654,107,2,361.79,0.0
1132,654,20,1,18.32,0.0
1133,654,123,4,235.53,0.15
1134,655,44,1,49.4,0.0
1135,656,42,1,76.5,0.0
1136,657,118,1,22.7,0.1
1137,658,62,1,55.93,0.1
1138,658,147,2,20.82,0.05
1139,658,48,4,167.26,0.1
1140,659,96,1,17.23,0.0
1141,659,73,1,63.09,0.05
1142,660,57,-1,31.16,0.0
1143,661,29,2,38.77,0.0
1144,662,19,1,29.02,0.05
1145,663,106,2,92.78,0.0
1146,664,150,5,82.94,0.1
1147,664,27,2,23.21,0.0
1148,664,93,1,35.18,0.1
1149,665,110,2,61.48,0.1
1150,665,38,1,11.43,0.1
1151,666,120,1,128.72,0.0
1152,666,145,5,83.62,0.0
1153,667,43,-1,59.67,0.1
1154,668,134,2,100.84,0.0
1155,669,122,1,28.44,0.0
1156,670,66,2,218.34,0.15
1157,670,129,1,70.54,0.0
1158,671,43,2,58.72,0.15
1159,672,2,3,58.66,0.0
1160,672,87,2,147.22,0.0
1161,673,145,2,82.32,0.05
1162,674,86,1,42.44,0.05
1163,675,31,3,37.89,0.0
1164,676,25,2,38.96,0.0
1165,677,19,4,28.23,0.0
1166,678,116,2,83.13,0.0
1167,679,26,1,70.63,0.05
1168,679,5,4,52.25,0.1
1169,680,96,1,17.36,0.0
1170,680,124,-1,18.44,0.05
1171,681,138,1,49.38,0.1
1172,681,9,1,42.46,0.15
1173,681,75,3,6.27,0.1
1174,682,123,2,231.2,0.1
1175,683,10,1,104.94,0.0
1176,684,110,3,60.46,0.0
1177,684,123,1,224.56,0.05
1178,685,41,1,125.36,0.1
1179,686,148,1,19.74,0.05
1180,686,18,1,84.99,0.0
1181,686,43,5,58.7,0.15
1182,686,121,3,129.64,0.05
1183,687,9,1,43.01,0.05
1184,687,44,1,49.66,0.1
1185,688,146,2,131.28,0.15
1186,689,34,1,24.99,0.0
1187,690,56,3,149.6,0.15
1188,691,4,2,249.93,0.0
1189,691,149,1,103.25,0.1
1190,692,90,1,100.6,0.0
1191,692,33,1,64.3,0.0
1192,692,128,4,38.92,0.15
1193,693,137,2,31.48,0.0
1194,694,11,1,43.03,0.1
1195,694,43,1,57.54,0.0
1196,695,51,1,89.25,0.1
1197,695,127,1,26.84,0.0
1198,695,19,2,29.44,0.0
1199,695,122,1,28.21,0.0
1200,696,115,1,53.82,0.0
1201,697,141,3,77.86,0.1
1202,698,145,1,80.97,0.15
1203,698,43,1,58.07,0.0
1204,699,150,1,83.24,0.0
1205,700,127,-1,27.09,0.0
1206,700,118,3,22.5,0.0
1207,701,89,3,39.47,0.05
1208,702,74,2,266.84,0.15
1209,703,123,1,224.6,0.1
1210,703,158,2,98.73,0.0
1211,703,62,2,56.07,0.1
1212,704,154,1,81.28,0.0
1213,705,27,1,22.59,0.05
1214,706,96,1,17.74,0.0
1215,707,18,2,87.67,0.05
1216,707,74,1,268.8,0.0
1217,707,146,1,133.76,0.05
1218,708,96,1,17.42,0.0
1219,708,15,2,13.67,0.15
1220,709,94,2,49.1,0.0
1221,710,81,2,52.64,0.0
1222,711,89,1,40.66,0.1
1223,712,35,1,134.75,0.15
1224,713,108,1,75.45,0.1
1225,714,75,2,6.15,0.15
1226,715,89,4,41.22,0.0
1227,715,28,1,91.16,0.0
1228,716,36,2,22.12,0.0
1229,717,54,2,111.74,0.0
1230,718,19,1,28.36,0.15
1231,718,68,1,156.91,0.0
1232,718,45,2,17.47,0.0
1233,719,65,1,137.92,0.0
1234,719,132,1,70.77,0.1
1235,720,16,1,39.66,0.0
1236,720,1,1,102.04,0.05
1237,720,44,5,49.23,0.0
1238,720,158,3,97.21,0.0
1239,721,78,1,50.26,0.15
1240,722,101,1,18.05,0.1
1241,722,15,1,14.11,0.0
1242,723,58,2,49.77,0.0
1243,723,84,2,41.54,0.05
1244,723,94,2,48.92,0.0
1245,723,12,2,42.3,0.1
1246,724,21,1,247.75,0.1
1247,724,73,2,63.02,0.0
1248,724,144,2,78.13,0.0
1249,725,131,2,15.99,0.15
1250,725,35,3,138.89,0.05
1251,725,150,1,85.59,0.05
1252,726,114,1,599.78,0.15
1253,727,144,1,77.75,0.0
1254,728,62,5,54.46,0.0
1255,729,77,1,70.54,0.0
1256,730,48,1,168.3,0.1
1257,730,99,1,63.66,0.0
1258,730,142,1,211.7,0.15
1259,731,2,4,56.6,0.0
1260,732,26,3,73.19,0.0
1261,732,63,3,24.13,0.0
1262,732,25,1,39.89,0.1
1263,733,108,2,75.3,0.15
1264,733,136,4,262.11,0.0
1265,734,78,1,49.09,0.05
1266,735,116,1,84.63,0.0
1267,736,20,1,17.93,0.1
1268,736,65,1,138.3,0.0
1269,737,9,1,43.32,0.15
1270,737,17,1,26.67,0.1
1271,738,127,2,27.34,0.05
1272,738,85,2,30.65,0.0
1273,738,87,3,146.17,0.15
1274,738,11,1,42.45,0.15
1275,739,26,1,70.12,0.0
1276,740,13,2,82.77,0.0
1277,741,37,1,76.6,0.1
1278,742,148,1,19.74,0.0
1279,742,39,5,19.54,0.15
1280,742,46,1,34.22,0.0
1281,743,26,3,73.19,0.15
1282,743,132,3,67.59,0.15
1283,744,53,1,35.53,0.15
1284,745,92,2,156.37,0.15
1285,746,145,2,80.49,0.0
1286,747,63,1,24.27,0.1
1287,748,5,3,53.74,0.05
1288,749,33,1,62.94,0.0
1289,749,97,2,86.18,0.15
1290,750,10,2,103.25,0.0
1291,751,77,2,68.8,0.15
1292,752,126,1,466.17,0.05
1293,752,66,1,218.68,0.0
1294,753,108,1,76.26,0.05
1295,754,58,1,50.44,0.0
1296,754,95,1,44.93,0.05
1297,754,68,2,161.65,0.1
1298,754,25,1,38.88,0.0
1299,755,61,1,41.24,0.05
1300,756,105,2,55.2,0.0
1301,756,123,4,231.51,0.0
1302,757,157,1,348.18,0.0
1303,758,66,2,220.62,0.0
1304,758,113,4,68.28,0.05
1305,758,55,1,160.98,0.0
1306,759,107,1,353.69,0.0
1307,760,35,1,138.42,0.0
1308,761,134,1,99.76,0.1
1309,762,72,1,253.89,0.0
1310,762,71,1,89.6,0.0
1311,762,124,5,18.29,0.0
1312,763,41,1,124.74,0.1
1313,764,78,1,49.99,0.0
1314,764,150,3,86.68,0.0
1315,765,59,1,86.86,0.0
1316,765,47,3,43.34,0.1
1317,766,105,2,55.13,0.0
1318,766,22,1,52.64,0.0
1319,767,73,1,62.54,0.1
1320,768,108,1,77.66,0.1
1321,769,75,1,6.18,0.0
1322,770,73,1,64.53,0.15
1323,771,113,1,69.12,0.1
1324,771,77,1,68.92,0.1
1325,772,4,3,258.61,0.15
1326,773,17,4,26.13,0.05
1327,773,153,2,36.05,0.1
1328,774,117,1,62.56,0.15
1329,775,18,1,84.18,0.15
1330,775,52,1,46.75,0.0
1331,776,93,1,34.13,0.05
1332,776,6,4,53.22,0.0
1333,777,77,2,70.45,0.1
1334,778,11,2,42.74,0.0
1335,778,138,1,47.91,0.0
1336,778,20,3,18.37,0.0
1337,778,80,2,10.88,0.0
1338,779,21,3,246.43,0.05
1339,780,130,1,41.51,0.1
1340,781,101,2,18.23,0.0
1341,782,52,2,45.82,0.0
1342,783,87,1,151.61,0.05
1343,784,66,1,221.05,0.0
1344,784,115,1,55.24,0.0
1345,784,67,1,60.16,0.0
1346,784,95,2,46.45,0.05
1347,785,155,3,83.87,0.0
1348,785,153,1,35.88,0.05
1349,786,137,2,32.92,0.0
1350,787,61,2,41.53,0.0
1351,787,59,2,89.34,0.15
1352,788,39,1,19.64,0.05
1353,789,129,1,70.01,0.0
1354,789,87,1,149.69,0.0
1355,790,80,1,10.71,0.1
1356,791,148,1,19.52,0.0
1357,791,23,2,70.02,0.15
1358,792,43,2,58.09,0.0
1359,793,88,2,88.55,0.1
1360,793,25,1,40.11,0.1
1361,794,35,1,135.09,0.15
1362,795,48,1,164.34,0.0
1363,796,143,4,15.33,0.0
1364,796,117,1,62.86,0.0
1365,797,94,3,47.55,0.0
1366,798,112,1,62.98,0.0
1367,798,79,5,72.11,0.15
1368,799,50,2,13.26,0.15
1369,799,139,2,137.46,0.05
1370,800,141,1,80.63,0.1
1371,801,129,1,70.93,0.05
1372,802,51,1,87.65,0.05
1373,803,151,1,83.53,0.0
1374,804,141,2,81.35,0.05
1375,805,9,3,43.04,0.05
1376,806,11,1,43.36,0.0
1377,806,81,1,54.12,0.0
1378,806,37,2,77.0,0.0
1379,807,99,3,63.67,0.05
1380,808,64,2,22.51,0.15
1381,808,116,2,83.58,0.0
1382,809,145,2,81.6,0.0
1383,810,66,1,222.51,0.0
1384,811,142,2,207.51,0.15
1385,812,5,1,53.62,0.0
1386,812,49,2,89.03,0.0
1387,812,57,1,29.93,0.0
1388,813,104,4,31.01,0.0
1389,814,85,1,31.85,0.1
1390,815,142,1,210.99,0.0
1391,816,143,1,15.19,0.0
1392,817,17,1,25.57,0.15
1393,818,16,3,39.43,0.0
1394,818,39,1,19.3,0.0
1395,819,21,1,239.28,0.05
1396,820,9,3,42.3,0.0
1397,821,74,1,268.94,0.0
1398,821,135,1,28.41,0.1
1399,822,136,3,261.7,0.15
1400,823,103,1,47.54,0.15
1401,823,154,1,80.82,0.0
1402,824,64,3,22.03,0.15
1403,825,28,1,89.14,0.15
1404,826,52,1,44.86,0.0
1405,827,28,2,90.83,0.1
1406,828,5,3,53.17,0.1
1407,829,31,1,37.16,0.05
1408,829,36,2,21.21,0.0
1409,830,155,1,84.93,0.1
1410,831,52,2,45.92,0.15
1411,831,86,1,40.69,0.1
1412,831,90,1,100.74,0.05
1413,831,33,1,65.43,0.05
1414,832,28,1,89.72,0.1
1415,833,103,2,47.44,0.15
1416,834,43,1,59.81,0.0
1417,834,156,1,34.64,0.05
1418,834,41,1,124.65,0.05
1419,835,114,2,609.92,0.1
1420,836,26,1,70.23,0.0
1421,836,100,1,52.48,0.1
1422,836,129,5,69.55,0.0
1423,837,8,1,129.63,0.0
1424,837,33,1,62.78,0.0
1425,838,104,1,31.92,0.1
1426,838,84,1,41.01,0.1
1427,838,40,1,78.99,0.15
1428,839,55,1,161.34,0.0
1429,840,138,1,49.73,0.15
1430,840,44,2,48.37,0.05
1431,841,40,1,78.87,0.0
1432,842,138,4,48.29,0.1
1433,842,142,3,210.12,0.0
1434,843,108,1,76.77,0.0
1435,844,76,2,135.26,0.0
1436,844,160,2,120.02,0.0
1437,845,19,1,28.04,0.15
1438,845,128,2,38.66,0.15
1439,845,137,1,31.47,0.0
1440,845,132,3,67.46,0.0
1441,846,3,1,115.58,0.05
1442,846,141,3,79.16,0.0
1443,847,89,2,40.45,0.0
1444,847,134,4,99.63,0.1
1445,848,32,5,336.68,0.05
1446,849,122,1,28.75,0.05
1447,850,114,1,606.45,0.1
1448,851,85,1,31.54,0.0
1449,851,4,4,249.99,0.0
1450,852,148,1,19.71,0.0
1451,853,24,2,17.9,0.15
1452,853,31,2,38.12,0.0
1453,853,141,1,79.53,0.15
1454,854,19,1,28.44,0.0
1455,854,96,5,17.13,0.0
1456,855,110,3,60.71,0.1
1457,855,30,2,50.51,0.1
1458,856,57,2,30.39,0.05
1459,856,9,2,41.85,0.1
1460,857,94,1,48.26,0.0
1461,858,24,2,18.47,0.0
1462,859,20,2,17.92,0.0
1463,859,11,3,41.85,0.1
1464,860,49,1,87.88,0.1
1465,861,130,1,42.22,0.0
1466,862,78,1,48.94,0.1
1467,863,130,1,40.53,0.0
1468,863,112,1,62.47,0.1
1469,864,146,5,132.08,0.05
1470,864,132,2,70.67,0.05
1471,864,14,1,11.4,0.15
1472,864,13,3,80.68,0.1
1473,865,101,1,17.9,0.0
1474,866,127,1,26.75,0.0
1475,866,51,5,88.26,0.05
1476,867,44,1,50.65,0.0
1477,867,148,1,19.79,0.05
1478,867,16,1,38.72,0.0
1479,868,34,1,24.63,0.15
1480,868,21,1,239.76,0.15
1481,868,79,1,70.05,0.0
1482,869,5,4,51.88,0.15
1483,870,70,1,36.23,0.0
1484,870,52,1,45.07,0.0
1485,870,87,1,147.15,0.0
1486,871,154,1,81.86,0.15
1487,871,38,1,10.93,0.0
1488,872,156,1,34.96,0.0
1489,873,157,1,347.77,0.0
1490,873,57,1,31.23,0.0
1491,874,85,2,31.06,0.0
1492,874,105,1,57.11,0.05
1493,875,89,3,39.87,0.05
1494,876,92,2,153.61,0.15
1495,877,22,1,52.38,0.0
1496,878,18,1,84.72,0.15
1497,879,109,3,82.4,0.0
1498,880,71,2,91.13,0.1
1499,881,77,1,69.35,0.05
1500,881,63,2,23.53,0.0
1501,882,64,1,22.58,0.1
1502,882,50,1,13.28,0.0
1503,883,7,2,269.97,0.05
1504,883,159,2,22.75,0.0
1505,883,153,2,34.49,0.0
1506,883,120,2,131.05,0.0
1507,884,64,5,21.75,0.0
1508,885,93,3,35.03,0.0
1509,885,137,1,32.73,0.0
1510,886,147,2,21.09,0.0
1511,886,19,2,28.2,0.15
1512,886,20,1,18.11,0.0
1513,887,10,1,107.91,0.1
1514,887,34,2,25.13,0.0
1515,888,117,1,63.99,0.05
1516,888,159,1,22.24,0.0
1517,889,105,2,55.07,0.0
1518,890,59,1,87.13,0.15
1519,891,73,2,63.07,0.15
1520,891,52,5,47.06,0.0
1521,892,12,2,42.12,0.1
1522,893,130,3,42.1,0.05
1523,894,107,2,346.11,0.1
1524,894,46,1,33.46,0.05
1525,895,98,4,81.93,0.0
1526,895,130,1,40.8,0.0
1527,895,99,2,66.13,0.0
1528,895,35,3,133.17,0.15
1529,896,61,2,42.8,0.05
1530,897,23,2,67.39,0.1
1531,897,107,2,358.5,0.0
1532,898,89,1,39.98,0.05
1533,899,72,3,262.47,0.0
1534,899,65,2,137.71,0.0
1535,899,130,1,42.11,0.05
1536,900,17,1,26.41,0.15
1537,900,131,2,16.47,0.15
1538,901,147,1,21.05,0.0
1539,901,101,1,18.54,0.1
1540,902,144,4,77.29,0.0
1541,902,34,1,24.9,0.05
1542,902,16,1,39.55,0.0
1543,903,100,1,53.62,0.0
1544,904,94,1,47.68,0.05
1545,904,134,3,97.21,0.0
1546,904,9,2,41.78,0.0
1547,904,125,1,112.41,0.05
1548,905,145,2,83.38,0.15
1549,905,95,2,46.23,0.0
1550,906,136,1,255.94,0.0
1551,907,102,1,44.18,0.0
1552,907,10,4,106.46,0.0
1553,908,5,1,53.12,0.15
1554,909,23,1,68.32,0.0
1555,909,103,1,46.89,0.0
1556,910,10,1,106.69,0.05
1557,911,89,2,41.14,0.0
1558,912,127,1,26.39,0.0
1559,912,138,2,49.76,0.15
1560,913,14,2,11.89,0.1
1561,913,1,2,100.25,0.0
1562,913,90,1,105.45,0.0
1563,914,158,1,100.87,0.15
1564,915,45,2,16.86,0.0
1565,915,131,4,16.22,0.0
1566,916,116,1,84.73,0.0
1567,916,28,2,91.5,0.15
1568,917,120,3,129.08,0.1
1569,918,120,1,130.51,0.1
1570,919,89,5,40.13,0.05
1571,920,68,1,162.64,0.0
1572,920,83,1,243.65,0.15
1573,921,40,1,77.52,0.0
1574,922,122,2,28.28,0.0
1575,923,30,5,49.87,0.0
1576,923,127,1,27.12,0.15
1577,924,108,1,77.0,0.0
1578,924,114,1,610.85,0.05
1579,924,44,1,49.14,0.0
1580,925,49,5,89.19,0.0
1581,925,89,3,40.38,0.0
1582,925,74,1,260.33,0.0
1583,925,94,3,49.22,0.1
1584,926,151,1,80.74,0.1
1585,926,119,1,184.89,0.0
1586,927,22,3,53.2,0.05
1587,927,67,3,60.9,0.15
1588,928,98,1,82.09,0.15
1589,929,145,2,80.98,0.0
1590,929,127,1,27.33,0.05
1591,930,91,1,72.43,0.0
1592,930,155,1,85.03,0.0
1593,931,42,2,77.51,0.0
1594,932,94,4,48.32,0.0
1595,933,106,5,94.23,0.15
1596,933,1,1,102.47,0.0
1597,934,71,4,90.44,0.15
1598,934,120,1,129.7,0.05
1599,935,54,2,112.45,0.0
1600,936,108,1,77.99,0.05
1601,937,101,2,17.8,0.15
1602,937,6,1,52.13,0.15
1603,937,74,1,263.7,0.0
1604,937,10,1,105.84,0.15
1605,938,40,1,76.92,0.1
1606,939,37,1,78.79,0.1
1607,940,41,1,127.14,0.0
1608,940,107,1,347.21,0.1
1609,940,113,2,67.38,0.0
1610,941,31,2,37.75,0.0
1611,942,131,5,16.33,0.0
1612,942,80,1,11.05,0.05
1613,943,49,1,87.33,0.0
1614,944,151,3,81.79,0.1
1615,945,48,5,165.48,0.05
1616,945,153,1,34.57,0.0
1617,946,37,1,80.2,0.05
1618,946,46,4,34.16,0.1
1619,947,119,2,180.38,0.15
1620,948,152,1,90.98,0.1
1621,949,137,3,31.78,0.15
1622,949,151,2,82.94,0.0
1623,950,130,1,41.06,0.0
1624,951,42,3,75.07,0.1
1625,952,71,4,91.61,0.15
1626,953,2,2,58.56,0.1
1627,953,95,3,45.86,0.0
1628,954,136,1,268.27,0.15
1629,954,158,1,101.63,0.0
1630,955,96,1,17.82,0.0
1631,956,46,2,34.56,0.0
1632,957,9,3,43.35,0.1
1633,958,145,3,80.92,0.15
1634,958,20,1,18.63,0.0
1635,959,28,3,92.84,0.15
1636,959,158,1,99.67,0.0
1637,960,57,1,29.86,0.1
1638,960,48,1,170.99,0.05
1639,960,95,1,46.52,0.15
1640,960,15,1,13.77,0.1
1641,961,38,1,10.94,0.0
1642,961,130,1,41.79,0.0
1643,961,75,2,6.02,0.0
1644,962,126,1,476.36,0.0
1645,962,155,2,84.43,0.1
1646,963,55,2,162.87,0.15
1647,964,120,1,127.99,0.0
1648,964,4,1,259.86,0.05
1649,964,70,2,37.21,0.05
1650,965,50,1,13.1,0.15
1651,966,62,1,56.1,0.0
1652,967,70,1,37.03,0.1
1653,968,76,2,138.29,0.05
1654,969,115,1,53.4,0.0
1655,969,89,1,39.99,0.0
1656,969,8,1,128.02,0.0
1657,970,38,4,11.0,0.0
1658,970,111,2,11.61,0.0
1659,971,86,3,41.35,0.15
1660,972,36,1,21.66,0.05
1661,972,152,2,88.92,0.0
1662,973,124,1,18.77,0.05
1663,974,3,1,116.44,0.1
1664,975,119,3,180.53,0.1
1665,975,62,1,55.33,0.0
1666,976,19,1,28.57,0.1
1667,977,65,1,136.25,0.0
1668,977,107,3,359.09,0.15
1669,978,77,2,69.89,0.1
1670,978,18,1,87.64,0.0
1671,978,150,1,86.2,0.15
1672,979,8,1,127.48,0.0
1673,980,68,1,163.83,0.15
1674,980,16,1,39.37,0.05
1675,981,74,3,260.66,0.15
1676,982,70,2,35.96,0.15
1677,983,48,2,172.21,0.1
1678,983,133,3,25.35,0.15
1679,984,20,1,18.12,0.0
1680,985,145,3,81.05,0.1
1681,985,118,1,22.3,0.0
1682,986,80,1,10.83,0.15
1683,987,103,3,48.37,0.0
1684,987,149,1,103.29,0.15
1685,987,58,1,50.27,0.0
1686,988,118,2,22.6,0.15
1687,989,67,3,61.05,0.15
1688,989,52,2,46.19,0.15
1689,989,120,1,125.62,0.15
1690,989,95,5,46.59,0.15
1691,990,6,1,52.03,0.0
1692,990,126,2,475.49,0.0
1693,990,156,1,34.96,0.1
1694,991,146,5,130.75,0.15
1695,991,75,1,6.19,0.0
1696,992,12,2,41.88,0.0
1697,992,44,4,48.48,0.0
1698,993,78,2,49.07,0.0
1699,994,144,1,76.94,0.15
1700,995,156,1,34.43,0.0
1701,996,136,1,263.22,0.05
1702,996,8,1,128.8,0.0
1703,996,28,1,91.17,0.1
1704,996,32,1,346.01,0.15
1705,997,63,4,23.62,0.15
1706,998,15,3,13.61,0.15
1707,998,138,2,48.89,0.0
1708,999,104,4,31.52,0.0
1709,999,131,4,16.21,0.15
1710,1000,154,4,80.34,0.0
1711,1001,47,1,43.36,0.0
1712,1002,95,1,45.89,0.15
1713,1002,36,1,21.86,0.0
1714,1003,8,1,126.47,0.1
1715,1003,95,1,45.96,0.0
1716,1004,87,1,145.72,0.1
1717,1004,132,1,70.93,0.0
1718,1004,2,4,57.53,0.0
1719,1004,102,4,45.04,0.15
1720,1005,144,1,75.86,0.15
1721,1006,14,1,11.9,0.1
1722,1006,138,2,49.8,0.0
1723,1006,92,1,154.06,0.1
1724,1007,106,1,91.99,0.15
1725,1007,49,2,90.83,0.15
1726,1008,30,1,48.88,0.0
1727,1009,7,1,269.39,0.0
1728,1010,24,4,17.83,0.0
1729,1010,16,2,40.13,0.15
1730,1010,67,2,60.06,0.0
1731,1011,122,1,28.75,0.0
1732,1012,6,2,51.57,0.0
1733,1013,16,5,40.19,0.0
1734,1014,50,5,13.19,0.1
1735,1014,156,1,34.49,0.0
1736,1015,64,1,22.07,0.05
1737,1015,5,2,52.64,0.1
1738,1016,102,1,43.45,0.15
1739,1016,109,1,83.98,0.0
1740,1016,92,1,157.31,0.0
1741,1016,41,5,127.73,0.05
1742,1017,47,3,43.41,0.0
1743,1018,36,3,21.6,0.0
1744,1019,108,1,77.62,0.05
1745,1020,82,3,88.24,0.15
1746,1020,18,1,86.98,0.05
1747,1021,45,1,17.25,0.15
1748,1021,11,4,43.87,0.0
1749,1022,132,1,68.13,0.1
1750,1023,103,1,47.6,0.0
1751,1024,34,1,25.31,0.0
1752,1025,10,1,106.46,0.05
1753,1026,51,3,85.48,0.0
1754,1027,101,1,18.53,0.0
1755,1027,66,1,217.45,0.1
1756,1028,72,3,252.93,0.15
1757,1029,117,1,62.05,0.05
1758,1029,130,2,42.06,0.15
1759,1029,34,1,25.32,0.0
1760,1029,67,1,59.95,0.1
1761,1030,104,1,32.08,0.0
1762,1030,91,2,72.35,0.0
1763,1031,26,4,71.32,0.15
1764,1031,33,1,65.16,0.0
1765,1032,50,1,13.27,0.1
1766,1033,77,2,72.12,0.05
1767,1034,152,1,87.86,0.0
1768,1034,41,5,127.06,0.1
1769,1034,116,2,86.6,0.0
1770,1035,5,5,53.31,0.0
1771,1035,128,1,39.02,0.1
1772,1036,33,2,63.77,0.05
1773,1037,95,1,46.22,0.0
1774,1037,129,1,69.75,0.0
1775,1037,46,1,33.69,0.0
1776,1038,102,4,43.4,0.05
1777,1039,8,3,128.05,0.0
1778,1040,130,3,41.84,0.1
1779,1040,8,1,129.31,0.0
1780,1040,151,2,80.63,0.0
1781,1041,24,1,17.85,0.15
1782,1041,46,1,34.36,0.1
1783,1041,22,3,54.14,0.15
1784,1041,48,2,164.04,0.15
1785,1042,122,4,28.33,0.0
1786,1042,153,2,34.44,0.05
1787,1043,16,1,38.54,0.05
1788,1044,38,1,11.39,0.15
1789,1045,101,1,18.02,0.15
1790,1046,25,1,39.41,0.0
1791,1046,160,2,114.57,0.0
1792,1046,7,2,264.96,0.0
1793,1047,53,2,35.47,0.1
1794,1047,49,1,90.17,0.0
1795,1048,131,1,16.02,0.05
1796,1048,149,2,106.57,0.1
1797,1048,56,4,154.02,0.0
1798,1049,17,4,25.91,0.0
1799,1050,65,2,136.52,0.0
1800,1050,153,1,35.0,0.0
1801,1051,143,1,15.67,0.05
1802,1051,95,1,45.49,0.0
1803,1051,113,2,67.18,0.05
1804,1052,73,1,63.51,0.15
1805,1052,82,1,91.09,0.15
1806,1053,89,1,39.41,0.15
1807,1053,135,1,28.62,0.0
1808,1054,6,2,53.88,0.05
1809,1055,138,3,47.66,0.0
1810,1055,156,1,34.8,0.15
1811,1056,65,3,134.46,0.1
1812,1056,119,1,185.19,0.1
1813,1056,57,1,31.06,0.0
1814,1057,75,1,6.12,0.15
1815,1057,144,2,75.72,0.0
1816,1057,40,1,76.58,0.1
1817,1058,63,1,23.59,0.05
1818,1058,5,1,52.82,0.05
1819,1058,49,3,89.56,0.15
1820,1059,25,1,40.22,0.05
1821,1059,149,1,103.67,0.0
1822,1059,52,3,45.28,0.15
1823,1059,39,3,19.2,0.0
1824,1060,25,2,40.45,0.1
1825,1061,71,2,90.79,0.0
1826,1062,1,1,103.87,0.0
1827,1062,60,1,153.35,0.0
1828,1062,32,1,347.46,0.05
1829,1063,93,2,34.17,0.15
1830,1063,88,1,86.73,0.0
1831,1063,124,1,18.44,0.0
1832,1064,66,1,219.14,0.1
1833,1064,45,2,17.25,0.0
1834,1065,158,2,98.23,0.05
1835,1065,86,2,40.55,0.0
1836,1066,121,3,129.68,0.0
1837,1066,87,1,145.69,0.1
1838,1066,114,2,609.81,0.0
1839,1067,64,1,21.71,0.1
1840,1068,64,1,22.29,0.15
1841,1068,33,2,63.3,0.0
1842,1069,27,1,23.47,0.05
1843,1070,62,2,54.67,0.1
1844,1071,54,2,111.03,0.0
1845,1071,82,2,90.73,0.15
1846,1071,61,1,43.26,0.0
1847,1072,128,1,39.16,0.0
1848,1073,27,2,23.22,0.1
1849,1074,131,2,16.49,0.05
1850,1075,101,5,18.34,0.0
1851,1076,95,1,46.62,0.0
1852,1077,29,1,37.85,0.0
1853,1077,123,2,225.13,0.05
1854,1077,12,1,43.2,0.1
1855,1077,140,2,21.39,0.0
1856,1078,141,2,79.32,0.05
1857,1078,78,1,49.54,0.0
1858,1079,53,1,35.43,0.05
1859,1079,35,1,133.73,0.1
1860,1079,4,1,257.24,0.1
1861,1080,123,3,232.32,0.15
1862,1080,138,1,49.63,0.05
1863,1080,20,2,18.01,0.15
1864,1080,116,1,85.99,0.0
1865,1081,57,1,30.28,0.05
1866,1081,25,1,40.56,0.15
1867,1081,134,1,97.44,0.05
1868,1082,138,1,49.66,0.1
1869,1082,86,1,42.16,0.0
1870,1083,91,1,69.29,0.0
1871,1083,105,1,55.84,0.0
1872,1084,31,3,38.69,0.1
1873,1084,111,2,11.37,0.15
1874,1085,148,1,20.02,0.1
1875,1086,60,1,159.61,0.0
1876,1086,50,1,13.64,0.1
1877,1086,105,1,55.58,0.0
1878,1087,137,1,32.55,0.15
1879,1087,125,4,108.69,0.0
1880,1088,89,3,40.34,0.05
1881,1089,151,1,83.07,0.0
1882,1090,131,2,15.82,0.05
1883,1090,13,1,79.19,0.0
1884,1091,133,4,25.23,0.15
1885,1092,123,-5,228.42,0.15
1886,1093,25,2,39.63,0.0
1887,1093,4,1,259.11,0.0
1888,1094,108,1,76.33,0.0
1889,1095,70,1,36.09,0.0
1890,1096,150,1,84.75,0.1
1891,1097,16,1,38.33,0.15
1892,1098,13,2,82.11,0.1
1893,1098,87,4,145.65,0.05
1894,1099,23,2,69.75,0.0
1895,1100,156,2,34.5,0.1
1896,1100,87,1,149.26,0.0
1897,1101,60,1,153.28,0.05
1898,1101,106,1,93.61,0.1
1899,1102,70,1,37.25,0.15
1900,1103,22,2,52.82,0.0
1901,1103,98,2,81.39,0.0
1902,1104,23,2,68.56,0.0
1903,1105,155,1,83.29,0.0
1904,1106,124,2,18.43,0.0
1905,1106,115,2,54.97,0.0
1906,1107,47,4,43.04,0.0
1907,1108,1,1,99.4,0.15
1908,1108,158,5,97.97,0.0
1909,1108,12,1,43.59,0.0
1910,1109,150,4,82.82,0.0
1911,1110,3,1,118.26,0.1
1912,1111,53,1,35.42,0.1
1913,1112,141,2,78.94,0.1
1914,1113,98,1,82.25,0.0
1915,1114,73,2,62.22,0.0
1916,1115,63,3,23.48,0.15
1917,1115,28,1,90.81,0.15
1918,1116,104,2,31.6,0.0
1919,1117,131,2,15.87,0.0
1920,1118,110,1,60.09,0.1
1921,1119,74,1,264.78,0.15
1922,1120,60,1,154.09,0.0
1923,1121,85,4,31.67,0.15
1924,1121,145,2,81.51,0.0
1925,1121,132,4,70.78,0.0
1926,1121,48,2,167.7,0.0
1927,1122,4,2,258.25,0.15
1928,1123,90,2,105.31,0.15
1929,1124,111,3,11.62,0.0
1930,1125,147,1,21.28,0.0
1931,1125,55,3,161.56,0.15
1932,1126,115,3,54.62,0.1
1933,1126,104,2,31.2,0.0
1934,1126,86,2,41.07,0.0
1935,1127,104,1,31.23,0.0
1936,1128,59,1,88.48,0.15
1937,1129,158,2,99.78,0.0
1938,1130,141,1,80.61,0.05
1939,1131,2,1,58.8,0.0
1940,1131,28,1,88.88,0.0
1941,1132,110,1,60.6,0.0
1942,1133,125,2,111.28,0.0
1943,1133,148,1,20.24,0.0
1944,1133,29,1,37.01,0.0
1945,1133,46,1,34.07,0.0
1946,1134,37,4,79.18,0.0
1947,1134,54,1,113.72,0.0
1948,1135,106,1,93.35,0.0
1949,1135,74,2,263.37,0.0
1950,1136,16,1,38.88,0.15
1951,1137,24,1,17.8,0.15
1952,1138,57,4,30.49,0.1
1953,1138,17,1,26.77,0.15
1954,1139,50,1,12.98,0.0
1955,1140,76,2,133.41,0.1
1956,1141,40,2,78.65,0.05
1957,1142,125,1,111.04,0.05
1958,1142,12,2,42.01,0.0
1959,1143,67,1,61.01,0.1
1960,1143,58,2,49.44,0.0
1961,1143,70,2,35.57,0.0
1962,1144,23,1,68.04,0.0
1963,1144,26,3,73.29,0.0
1964,1145,28,1,93.22,0.0
1965,1146,24,4,17.89,0.0
1966,1146,30,3,49.05,0.15
1967,1147,84,1,40.2,0.0
1968,1147,25,1,39.02,0.1
1969,1147,9,1,43.63,0.0
1970,1148,136,2,259.16,0.15
1971,1149,94,1,48.23,0.05
1972,1150,112,1,62.33,0.15
1973,1150,126,1,475.44,0.15
1974,1151,138,2,49.01,0.05
1975,1151,72,2,255.9,0.15
1976,1151,127,2,26.47,0.0
1977,1152,27,1,22.66,0.15
1978,1153,154,3,81.35,0.0
1979,1154,139,2,135.62,0.1
1980,1155,121,2,134.85,0.15
1981,1156,65,2,136.18,0.15
1982,1157,143,2,15.17,0.1
1983,1157,101,2,18.18,0.1
1984,1158,154,2,79.16,0.0
1985,1159,51,1,87.61,0.15
1986,1160,37,4,79.65,0.0
1987,1160,110,1,59.39,0.0
1988,1161,103,2,47.24,0.0
1989,1161,52,5,46.42,0.05
1990,1162,154,2,79.96,0.0
1991,1162,127,1,26.68,0.1
1992,1163,117,1,62.52,0.0
1993,1164,112,1,63.78,0.1
1994,1164,29,1,38.28,0.0
1995,1164,159,4,22.11,0.0
1996,1165,30,2,48.86,0.1
1997,1165,81,1,52.82,0.0
1998,1165,17,1,26.59,0.0
1999,1166,139,2,133.54,0.1
2000,1167,18,1,86.17,0.1
2001,1168,49,1,89.83,0.1
2002,1168,37,2,80.33,0.05
2003,1169,141,2,79.99,0.0
2004,1169,79,5,72.25,0.1
2005,1170,25,1,39.09,0.15
2006,1171,31,1,37.49,0.0
2007,1172,12,4,42.51,0.0
2008,1172,125,5,111.89,0.0
2009,1172,7,1,265.94,0.05
2010,1173,102,2,44.47,0.0
2011,1173,99,1,66.52,0.0
2012,1174,56,1,149.48,0.05
2013,1175,44,1,49.78,0.0
2014,1176,8,2,127.86,0.15
2015,1176,10,2,106.99,0.15
2016,1176,100,1,52.71,0.0
2017,1177,77,2,69.32,0.0
2018,1177,158,1,100.19,0.05
2019,1178,64,3,22.08,0.0
2020,1178,12,2,43.78,0.05
2021,1179,87,1,149.28,0.0
2022,1180,155,4,85.83,0.0
2023,1181,32,1,347.39,0.15
2024,1181,92,2,157.11,0.0
2025,1182,28,2,92.86,0.1
2026,1183,12,2,42.26,0.0
2027,1183,57,1,31.2,0.0
2028,1184,103,1,48.59,0.1
2029,1185,35,3,135.14,0.05
2030,1185,106,3,94.32,0.1
2031,1185,71,1,89.9,0.05
2032,1186,111,1,11.65,0.0
2033,1186,128,1,38.23,0.1
2034,1187,11,1,43.08,0.0
2035,1188,126,1,462.25,0.0
2036,1189,48,1,168.54,0.1
2037,1189,135,1,28.66,0.1
2038,1190,31,1,38.16,0.0
2039,1191,19,4,28.68,0.0
2040,1191,18,1,85.72,0.15
2041,1192,125,1,109.4,0.0
2042,1192,40,1,78.32,0.1
2043,1192,6,2,53.95,0.0
2044,1192,136,2,264.83,0.0
2045,1193,95,1,45.66,0.1
2046,1194,133,4,25.13,0.0
2047,1194,21,5,248.62,0.1
2048,1195,140,2,21.62,0.15
2049,1195,28,3,90.1,0.0
2050,1196,66,5,214.83,0.0
2051,1196,56,3,150.88,0.05
2052,1197,159,1,21.85,0.0
2053,1197,47,2,42.46,0.0
2054,1198,57,1,31.17,0.15
2055,1198,78,1,49.54,0.0
2056,1198,80,1,10.66,0.15
2057,1199,146,2,133.16,0.15
2058,1199,121,1,135.65,0.1
2059,1199,149,1,103.28,0.0
2060,1199,116,2,84.82,0.0
2061,1200,64,1,22.71,0.0
2062,1200,2,4,58.4,0.0
2063,1201,112,2,63.78,0.0
2064,1201,7,3,272.9,0.0
2065,1202,13,2,80.62,0.15
2066,1203,109,4,82.36,0.0
2067,1203,157,1,347.31,0.15
2068,1204,17,2,25.87,0.15
2069,1204,30,3,49.07,0.15
2070,1205,143,1,15.58,0.05
2071,1205,112,1,63.33,0.15
2072,1205,151,1,80.91,0.1
2073,1206,26,4,73.11,0.15
2074,1207,11,1,42.67,0.0
2075,1208,120,4,128.41,0.0
2076,1208,6,2,52.91,0.15
2077,1208,63,3,23.5,0.0
2078,1209,75,1,6.21,0.1
2079,1210,17,1,26.77,0.15
2080,1211,100,1,52.98,0.0
2081,1212,8,1,131.6,0.0
2082,1213,75,4,6.27,0.1
2083,1214,55,1,165.19,0.0
2084,1214,20,1,18.55,0.1
2085,1214,122,3,29.25,0.0
2086,1214,12,1,43.05,0.0
2087,1215,77,1,69.31,0.15
2088,1215,116,1,84.71,0.0
2089,1215,14,2,11.41,0.05
2090,1216,91,1,69.66,0.15
2091,1217,84,5,40.74,0.1
2092,1217,123,2,224.2,0.05
2093,1218,9,4,41.73,0.15
2094,1218,23,1,67.41,0.15
2095,1218,79,1,69.82,0.0
2096,1219,52,1,45.85,0.0
2097,1220,100,1,53.3,0.15
2098,1220,72,1,259.01,0.0
2099,1221,75,1,6.06,0.0
2100,1222,117,1,63.0,0.05
2101,1223,47,2,43.16,0.1
2102,1223,82,3,88.06,0.0
2103,1223,65,3,138.19,0.0
2104,1224,80,1,10.74,0.0
2105,1224,25,4,39.45,0.15
2106,1224,30,1,49.77,0.05
2107,1225,93,2,35.3,0.05
2108,1226,139,1,138.04,0.15
2109,1227,23,1,68.53,0.0
2110,1228,18,1,85.86,0.0
2111,1228,22,2,53.79,0.0
2112,1228,141,1,79.45,0.15
2113,1229,147,1,21.85,0.15
2114,1230,69,4,91.99,0.1
2115,1230,139,1,136.66,0.0
2116,1230,24,5,18.22,0.1
2117,1231,144,1,77.56,0.0
2118,1231,149,1,106.61,0.0
2119,1232,153,1,35.09,0.0
2120,1232,17,1,26.69,0.1
2121,1232,71,1,89.58,0.1
2122,1233,89,1,40.9,0.05
2123,1234,125,2,112.1,0.1
2124,1234,155,2,83.41,0.0
2125,1235,143,1,15.6,0.05
2126,1235,58,1,48.57,0.05
2127,1236,57,1,30.31,0.1
2128,1236,141,2,80.83,0.0
2129,1236,109,1,80.9,0.1
2130,1237,137,1,32.65,0.0
2131,1238,100,2,52.97,0.05
2132,1238,2,2,57.58,0.0
2133,1239,98,1,82.58,0.15
2134,1239,38,1,11.04,0.0
2135,1239,50,1,13.1,0.0
2136,1240,20,3,18.02,0.15
2137,1241,32,2,341.86,0.0
2138,1241,28,2,89.59,0.1
2139,1241,144,3,78.02,0.05
2140,1242,91,1,72.57,0.0
2141,1242,9,2,41.77,0.05
2142,1243,98,2,82.36,0.0
2143,1243,56,1,148.89,0.1
2144,1244,147,-1,21.71,0.1
2145,1245,110,1,60.25,0.1
2146,1246,27,1,22.57,0.15
2147,1247,36,4,21.64,0.15
2148,1248,145,1,84.03,0.0
2149,1249,24,1,18.11,0.05
2150,1250,20,1,17.79,0.0
2151,1250,124,2,18.44,0.15
2152,1251,33,1,63.82,0.15
2153,1252,3,4,115.03,0.15
2154,1252,45,1,17.32,0.0
2155,1253,52,3,46.23,0.0
2156,1253,151,1,82.58,0.0
2157,1253,21,3,239.74,0.05
2158,1254,33,1,64.86,0.0
2159,1254,141,4,80.27,0.0
2160,1255,89,1,40.33,0.0
2161,1256,100,2,51.78,0.05
2162,1257,106,1,94.36,0.15
2163,1257,83,1,249.41,0.1
2164,1258,144,1,77.69,0.0
2165,1259,21,2,240.65,0.0
2166,1259,8,1,131.54,0.0
2167,1259,19,1,29.16,0.0
2168,1260,91,1,70.96,0.0
2169,1261,106,1,95.19,0.0
2170,1261,138,1,49.27,0.0
2171,1262,61,5,42.23,0.1
2172,1262,19,1,28.55,0.15
2173,1263,77,5,68.85,0.1
2174,1264,152,2,86.87,0.0
2175,1265,72,1,264.68,0.0
2176,1265,53,1,35.21,0.1
2177,1266,81,2,52.84,0.0
2178,1267,9,2,41.92,0.05
2179,1267,90,1,104.29,0.1
2180,1267,80,1,10.88,0.0
2181,1268,86,4,42.44,0.05
2182,1269,125,1,108.19,0.0
2183,1269,73,1,62.04,0.0
2184,1269,37,2,77.04,0.1
2185,1270,52,2,44.93,0.05
2186,1271,57,1,30.16,0.15
2187,1272,12,1,42.94,0.1
2188,1273,31,1,37.61,0.0
2189,1274,61,1,43.0,0.0
2190,1275,157,1,344.08,0.05
2191,1276,110,4,62.11,0.1
2192,1277,113,1,69.9,0.15
2193,1278,103,3,46.67,0.0
2194,1279,9,1,42.58,0.05
2195,1280,131,1,15.91,0.0
2196,1280,89,5,41.19,0.0
2197,1280,125,3,108.16,0.0
2198,1281,37,2,78.09,0.05
2199,1281,15,1,13.79,0.0
2200,1282,114,1,592.57,0.0
2201,1282,34,1,25.31,0.05
2202,1283,36,1,21.91,0.0
2203,1284,16,1,39.21,0.1
2204,1285,38,1,11.06,0.1
2205,1286,71,1,91.52,0.1
2206,1286,85,1,31.69,0.0
2207,1287,29,3,38.68,0.0
2208,1287,150,1,84.4,0.05
2209,1288,105,1,57.52,0.0
2210,1288,145,1,83.03,0.05
2211,1288,88,2,86.9,0.15
2212,1289,63,3,24.18,0.0
2213,1290,151,2,83.27,0.0
2214,1291,140,1,21.02,0.05
2215,1291,39,2,19.9,0.0
2216,1292,122,5,29.28,0.15
2217,1292,132,1,68.76,0.1
2218,1293,63,3,24.63,0.0
2219,1294,156,1,34.02,0.0
2220,1295,96,5,17.42,0.0
2221,1296,91,2,72.28,0.0
2222,1297,59,1,89.75,0.0
2223,1298,43,1,57.57,0.05
2224,1298,132,2,69.45,0.0
2225,1298,71,1,88.56,0.0
2226,1299,134,2,101.96,0.15
2227,1300,130,1,41.15,0.0
2228,1301,129,3,72.56,0.0
2229,1302,34,2,25.38,0.1
2230,1302,146,1,129.73,0.15
2231,1303,92,1,154.7,0.1
2232,1304,24,1,17.65,0.0
2233,1305,111,5,11.49,0.05
2234,1305,159,2,22.15,0.0
2235,1305,38,1,10.93,0.0
2236,1306,21,1,240.54,0.0
2237,1307,81,2,54.39,0.0
2238,1307,2,2,57.56,0.0
2239,1308,41,4,124.18,0.05
2240,1308,38,1,11.12,0.0
2241,1309,29,5,38.6,0.15
2242,1310,159,3,21.7,0.15
2243,1310,106,1,91.45,0.0
2244,1311,158,1,99.63,0.0
2245,1312,58,3,48.36,0.0
2246,1313,14,4,11.61,0.05
2247,1314,117,1,64.33,0.1
2248,1315,78,1,50.83,0.0
2249,1316,91,1,70.62,0.1
2250,1316,5,1,52.77,0.0
2251,1317,110,1,61.22,0.0
2252,1317,158,1,100.04,0.0
2253,1318,151,2,79.54,0.0
2254,1319,157,2,350.98,0.1
2255,1319,142,4,214.81,0.0
2256,1319,141,1,77.79,0.0
2257,1320,115,3,55.21,0.0
2258,1321,128,2,38.59,0.0
2259,1321,51,1,88.8,0.0
2260,1322,70,1,36.77,0.05
2261,1323,83,1,240.4,0.05
2262,1324,70,1,36.0,0.0
2263,1324,16,1,38.52,0.0
2264,1325,105,1,57.49,0.0
2265,1325,67,1,62.1,0.0
2266,1325,37,2,80.05,0.0
2267,1325,60,3,155.32,0.0
2268,1326,137,3,32.49,0.0
2269,1327,86,2,41.4,0.1
2270,1328,53,1,35.17,0.15
2271,1329,115,2,54.2,0.0
2272,1330,29,3,37.2,0.15
2273,1330,110,1,60.16,0.0
2274,1331,18,1,84.32,0.0
2275,1331,94,1,49.3,0.15
2276,1332,152,1,90.58,0.0
2277,1333,74,3,267.34,0.1
2278,1334,114,1,600.85,0.0
2279,1335,64,1,22.31,0.05
2280,1335,15,1,14.1,0.0
2281,1336,59,-1,89.18,0.05
2282,1337,133,4,25.06,0.0
2283,1337,154,1,78.6,0.0
2284,1337,60,1,156.49,0.1
2285,1338,67,1,61.76,0.05
2286,1339,66,1,215.23,0.05
2287,1340,96,1,17.82,0.0
2288,1340,105,1,56.69,0.0
2289,1341,27,1,22.98,0.15
2290,1342,114,4,591.57,0.0
2291,1343,39,1,19.5,0.0
2292,1344,16,1,38.87,0.15
2293,1345,2,1,57.45,0.15
2294,1346,106,1,93.12,0.0
2295,1347,66,1,220.3,0.05
2296,1347,35,3,137.99,0.0
2297,1348,24,4,18.24,0.0
2298,1348,87,1,144.91,0.05
2299,1348,62,2,55.15,0.0
2300,1349,84,1,40.63,0.1
2301,1350,151,1,83.34,0.1
2302,1350,4,1,253.34,0.15
2303,1350,55,2,163.37,0.1
2304,1351,137,3,32.79,0.05
2305,1352,69,2,91.13,0.05
2306,1353,121,2,130.66,0.05
2307,1353,138,3,48.83,0.0
2308,1353,69,1,90.3,0.1
2309,1354,103,2,46.67,0.0
2310,1355,157,1,356.37,0.15
2311,1355,22,2,52.01,0.0
2312,1356,123,1,227.71,0.05
2313,1357,70,2,36.01,0.1
2314,1358,120,2,128.42,0.0
2315,1358,21,2,237.44,0.0
2316,1358,137,1,32.82,0.1
2317,1358,18,1,84.65,0.1
2318,1359,141,1,79.58,0.05
2319,1359,144,2,76.01,0.0
2320,1360,99,1,65.68,0.1
2321,1361,86,3,42.12,0.05
2322,1361,89,1,40.48,0.15
2323,1362,137,4,31.79,0.05
2324,1363,122,3,28.11,0.1
2325,1363,27,1,23.63,0.0
2326,1364,124,1,18.16,0.0
2327,1365,53,1,35.44,0.15
2328,1366,74,5,271.91,0.1
2329,1367,142,2,208.45,0.15
2330,1368,99,1,66.21,0.0
2331,1368,83,1,244.4,0.0
2332,1368,52,1,44.83,0.0
2333,1369,104,2,31.86,0.0
2334,1369,7,1,275.11,0.0
2335,1369,112,3,64.28,0.15
2336,1370,17,1,26.42,0.0
2337,1371,51,2,88.07,0.0
2338,1371,109,1,82.74,0.0
2339,1372,39,1,19.34,0.15
2340,1373,84,2,40.47,0.05
2341,1374,102,1,43.63,0.15
2342,1374,55,3,162.55,0.0
2343,1375,157,1,356.29,0.15
2344,1375,131,1,16.47,0.1
2345,1376,152,3,88.39,0.05
2346,1377,88,1,86.31,0.0
2347,1377,43,3,58.08,0.0
2348,1378,140,3,21.16,0.05
2349,1379,28,1,89.33,0.0
2350,1380,97,1,86.79,0.0
2351,1380,119,2,181.97,0.0
2352,1381,64,2,21.85,0.1
2353,1381,93,3,34.27,0.15
2354,1382,155,3,84.87,0.0
2355,1383,37,1,77.04,0.1
2356,1383,159,1,22.14,0.1
2357,1384,19,1,28.53,0.05
2358,1384,80,2,11.12,0.05
2359,1384,147,1,20.91,0.1
2360,1385,142,4,216.17,0.0
2361,1386,14,2,11.74,0.0
2362,1387,138,3,48.75,0.1
2363,1388,46,1,34.25,0.0
2364,1388,19,1,28.05,0.15
2365,1389,63,1,24.09,0.0
2366,1390,135,1,29.14,0.0
2367,1390,52,3,46.92,0.0
2368,1391,96,1,17.31,0.0
2369,1392,25,1,39.77,0.15
2370,1393,83,1,239.73,0.15
2371,1394,77,5,69.25,0.0
2372,1394,132,1,68.94,0.05
2373,1394,58,2,49.89,0.0
2374,1394,52,4,46.73,0.0
2375,1395,104,1,31.59,0.05
2376,1395,66,2,220.5,0.0
2377,1396,25,1,40.2,0.0
2378,1397,139,2,132.6,0.0
2379,1398,125,1,109.44,0.0
2380,1399,2,3,56.26,0.0
2381,1399,23,-1,69.49,0.0
2382,1399,144,2,76.39,0.0
2383,1400,135,1,28.83,0.15
2384,1400,122,1,28.42,0.15
2385,1401,51,4,87.53,0.05
2386,1402,23,1,69.93,0.05
2387,1402,19,1,27.99,0.05
2388,1402,108,3,76.06,0.0
2389,1403,126,1,462.27,0.1
2390,1403,138,1,49.72,0.15
2391,1404,89,1,41.08,0.15
2392,1404,96,2,17.32,0.05
2393,1405,151,2,82.48,0.0
2394,1405,131,1,16.48,0.05
2395,1406,144,1,77.89,0.0
2396,1406,141,2,81.4,0.15
2397,1407,94,1,48.73,0.0
2398,1408,27,2,23.4,0.0
2399,1409,98,2,83.33,0.05
2400,1409,79,1,68.92,0.0
2401,1410,101,1,18.18,0.1
2402,1411,101,2,18.43,0.0
2403,1412,62,1,56.39,0.0
2404,1413,79,2,69.06,0.0
2405,1413,133,2,25.23,0.05
2406,1413,43,3,58.37,0.15
2407,1414,139,2,132.6,0.0
2408,1415,42,1,77.76,0.0
2409,1416,14,1,11.39,0.0
2410,1417,142,1,208.33,0.0
2411,1418,79,3,71.07,0.1
2412,1418,146,5,128.42,0.15
2413,1418,68,3,157.29,0.15
2414,1418,26,4,70.22,0.0
2415,1419,15,1,13.49,0.15
2416,1420,34,2,25.48,0.05
2417,1421,35,1,134.59,0.0
2418,1421,97,1,83.2,0.0
2419,1422,146,1,130.96,0.0
2420,1423,106,1,94.32,0.0
2421,1423,116,3,86.87,0.15
2422,1424,60,1,158.34,0.1
2423,1424,18,5,85.4,0.15
2424,1424,57,4,29.9,0.0
2425,1425,64,3,21.65,0.15
2426,1425,56,1,153.37,0.05
2427,1426,25,1,40.24,0.0
2428,1426,53,4,34.51,0.0
2429,1426,113,1,66.98,0.0
2430,1426,34,2,25.47,0.15
2431,1427,20,1,18.45,0.0
2432,1428,151,2,82.63,0.15
2433,1428,97,3,83.75,0.05
2434,1428,122,1,28.18,0.05
2435,1429,79,2,71.66,0.0
2436,1429,116,1,84.42,0.0
2437,1429,13,2,78.79,0.0
2438,1430,65,3,133.58,0.0
2439,1431,66,2,223.66,0.05
2440,1432,76,2,133.3,0.0
2441,1432,122,2,29.19,0.0
2442,1433,33,1,64.46,0.0
2443,1433,64,1,22.65,0.15
2444,1433,17,1,25.98,0.0
2445,1434,67,1,60.67,0.05
2446,1435,48,1,165.66,0.0
2447,1435,68,3,157.53,0.15
2448,1436,136,1,260.08,0.15
2449,1437,129,1,71.73,0.05
2450,1438,160,2,119.92,0.15
2451,1439,38,1,11.38,0.0
2452,1440,70,1,36.6,0.15
2453,1441,38,1,11.13,0.1
2454,1441,88,1,88.89,0.15
2455,1442,149,4,101.59,0.0
2456,1443,122,1,28.35,0.1
2457,1444,33,3,64.29,0.05
2458,1444,95,1,46.52,0.0
2459,1445,126,3,464.05,0.05
2460,1445,113,1,70.03,0.1
2461,1446,45,2,17.33,0.0
2462,1446,55,1,165.07,0.0
2463,1446,160,4,115.95,0.15
2464,1447,102,2,45.47,0.0
2465,1448,134,1,99.86,0.1
2466,1448,116,1,85.51,0.0
2467,1449,29,1,37.37,0.15
2468,1450,123,2,232.77,0.0
2469,1450,128,1,38.89,0.0
2470,1451,112,1,63.19,0.0
2471,1451,53,1,34.51,0.1
2472,1452,16,1,39.96,0.05
2473,1452,117,1,63.94,0.15
2474,1452,20,4,18.53,0.05
2475,1453,3,2,116.2,0.0
2476,1454,65,1,132.62,0.0
2477,1455,86,2,41.84,0.05
2478,1456,47,2,42.75,0.15
2479,1456,78,1,49.05,0.0
2480,1456,63,1,24.15,0.0
2481,1456,84,1,41.16,0.1
2482,1457,32,1,345.8,0.15
2483,1458,44,1,50.18,0.05
2484,1459,73,2,64.42,0.15
2485,1459,64,1,21.84,0.1
2486,1459,71,1,91.98,0.0
2487,1459,116,3,83.53,0.1
2488,1460,19,2,29.11,0.15
2489,1460,13,1,82.3,0.0
2490,1460,83,2,240.11,0.05
2491,1461,48,1,164.91,0.0
2492,1461,112,3,63.21,0.0
2493,1461,150,3,83.6,0.0
2494,1462,141,1,78.08,0.0
2495,1463,66,1,219.1,0.1
2496,1463,81,1,52.35,0.0
2497,1464,43,1,59.65,0.0
2498,1464,47,1,42.1,0.15
2499,1464,91,1,69.93,0.0
2500,1464,79,1,69.76,0.0
2501,1465,83,1,250.21,0.1
2502,1465,12,1,42.35,0.15
2503,1466,74,1,262.2,0.0
2504,1467,97,1,84.23,0.0
2505,1467,96,1,17.77,0.05
2506,1467,36,1,21.46,0.0
2507,1468,15,1,14.11,0.0
2508,1468,82,2,89.37,0.05
2509,1469,33,1,62.59,0.15
2510,1470,159,1,21.72,0.05
2511,1471,16,1,39.73,0.0
2512,1472,88,1,85.47,0.0
2513,1473,37,1,77.27,0.0
2514,1473,57,1,30.08,0.0
2515,1474,32,2,339.38,0.0
2516,1475,108,1,75.08,0.1
2517,1476,104,3,31.9,0.1
2518,1477,28,2,89.59,0.0
2519,1477,74,1,269.05,0.1
2520,1478,98,2,84.17,0.0
2521,1478,85,1,31.55,0.1
2522,1479,79,5,70.69,0.0
2523,1479,152,1,90.29,0.1
2524,1479,94,3,47.66,0.15
2525,1480,82,1,88.74,0.0
2526,1481,101,-1,18.33,0.1
2527,1482,116,2,85.04,0.1
2528,1482,79,1,72.33,0.0
2529,1482,83,2,241.1,0.05
2530,1483,118,1,23.25,0.0
2531,1483,33,1,64.8,0.05
2532,1484,18,3,87.9,0.15
2533,1484,66,5,215.07,0.0
2534,1484,118,1,22.63,0.0
2535,1485,55,2,161.04,0.0
2536,1486,33,2,63.69,0.05
2537,1486,156,1,34.63,0.0
2538,1487,66,1,223.41,0.05
2539,1488,6,1,52.74,0.0
2540,1489,149,1,104.0,0.0
2541,1489,24,1,18.21,0.05
2542,1489,138,4,49.11,0.0
2543,1490,44,1,50.28,0.15
2544,1491,74,2,272.17,0.0
2545,1492,144,4,78.73,0.1
2546,1493,85,2,30.76,0.0
2547,1493,129,1,71.21,0.15
2548,1494,64,2,21.91,0.0
2549,1494,55,2,167.22,0.15
2550,1494,131,3,16.09,0.0
2551,1494,126,3,455.1,0.05
2552,1495,68,1,158.2,0.05
2553,1496,116,1,86.45,0.0
2554,1497,158,1,98.01,0.0
2555,1497,7,1,266.66,0.05
2556,1497,43,1,59.64,0.0
2557,1498,95,3,45.62,0.15
2558,1498,77,2,70.43,0.05
2559,1498,115,2,55.89,0.1
2560,1498,54,2,114.33,0.05
2561,1499,60,1,155.31,0.0
2562,1499,124,2,18.0,0.0
2563,1500,103,2,48.48,0.0
2564,1500,140,1,20.93,0.1
2565,1501,69,2,88.24,0.0
2566,1501,19,2,29.12,0.1
2567,1501,26,3,73.17,0.0
2568,1501,81,1,52.04,0.0
2569,1502,111,1,11.81,0.0
2570,1503,41,1,128.01,0.15
2571,1503,116,2,83.42,0.0
2572,1504,155,2,85.77,0.0
2573,1504,33,1,63.91,0.0
2574,1505,48,4,169.13,0.0
2575,1506,135,1,28.93,0.0
2576,1506,2,2,58.19,0.0
2577,1507,116,1,85.52,0.05
2578,1508,74,1,267.18,0.0
2579,1509,46,2,33.68,0.0
2580,1510,20,1,18.25,0.0
2581,1511,19,2,29.06,0.0
2582,1512,157,2,345.29,0.0
2583,1513,140,1,21.09,0.0
2584,1514,24,2,17.72,0.05
2585,1515,13,1,80.3,0.0
2586,1516,93,2,33.75,0.0
2587,1517,24,2,17.7,0.0
2588,1517,127,1,26.79,0.15
2589,1517,86,2,42.06,0.0
2590,1518,149,3,104.65,0.15
2591,1519,9,2,42.38,0.0
2592,1519,123,3,224.37,0.1
2593,1519,80,1,10.6,0.15
2594,1520,41,1,124.74,0.0
2595,1521,49,1,89.5,0.0
2596,1521,58,1,48.51,0.0
2597,1522,140,3,21.89,0.0
2598,1523,81,1,52.29,0.0
2599,1524,24,1,17.58,0.1
2600,1525,37,1,79.22,0.0
2601,1526,87,1,147.44,0.15
2602,1527,56,3,148.25,0.0
2603,1527,86,1,41.82,0.05
2604,1528,3,1,116.76,0.0
2605,1529,77,1,71.79,0.0
2606,1530,58,2,49.77,0.05
2607,1530,159,2,22.27,0.15
2608,1531,53,1,36.2,0.0
2609,1532,66,1,217.08,0.0
2610,1532,145,1,80.88,0.15
2611,1533,133,2,24.71,0.0
2612,1534,62,1,54.66,0.15
2613,1534,88,2,86.62,0.15
2614,1534,133,3,25.22,0.05
2615,1535,5,1,51.65,0.0
2616,1536,145,1,84.09,0.1
2617,1536,118,1,22.86,0.05
2618,1536,102,3,44.56,0.05
2619,1536,84,1,40.13,0.05
2620,1537,14,1,11.63,0.0
2621,1537,28,3,89.7,0.0
2622,1538,99,1,64.99,0.0
2623,1538,126,1,475.86,0.05
2624,1539,21,1,243.45,0.15
2625,1540,7,3,268.95,0.0
2626,1540,41,2,125.75,0.15
2627,1541,69,3,90.49,0.15
2628,1541,76,2,134.36,0.15
2629,1541,34,3,25.19,0.1
2630,1542,47,2,44.03,0.0
2631,1543,87,1,146.61,0.0
2632,1543,70,4,36.76,0.1
2633,1544,50,1,13.09,0.05
2634,1545,121,1,129.9,0.0
2635,1546,36,2,21.92,0.1
2636,1547,53,2,35.34,0.0
2637,1547,130,2,40.69,0.0
2638,1548,6,1,51.44,0.15
2639,1549,106,2,91.93,0.05
2640,1549,84,2,40.0,0.0
2641,1550,99,1,66.58,0.0
2642,1551,130,3,41.48,0.15
2643,1551,148,1,19.76,0.1
2644,1551,62,1,54.99,0.0
2645,1551,44,1,48.96,0.0
2646,1552,39,1,19.6,0.0
2647,1553,12,4,43.29,0.0
2648,1553,98,3,81.1,0.0
2649,1554,59,2,88.09,0.15
2650,1554,39,1,19.73,0.05
2651,1554,85,1,31.85,0.15
2652,1555,73,3,63.21,0.0
2653,1556,133,1,25.23,0.0
2654,1556,160,1,120.02,0.15
2655,1556,110,1,59.44,0.15
2656,1557,150,1,84.12,0.0
2657,1557,96,4,17.73,0.1
2658,1558,52,5,45.54,0.05
2659,1559,43,1,58.21,0.0
2660,1560,25,3,39.4,0.1
2661,1561,2,3,57.93,0.0
2662,1562,86,3,40.4,0.15
2663,1563,104,1,31.37,0.1
2664,1564,46,1,34.29,0.0
2665,1565,113,1,70.08,0.0
2666,1566,128,2,39.62,0.1
2667,1566,22,1,52.2,0.1
2668,1567,41,5,123.89,0.1
2669,1567,5,4,53.36,0.15
2670,1567,11,2,43.78,0.1
2671,1567,128,1,39.17,0.15
2672,1568,79,1,71.11,0.05
2673,1569,34,2,25.26,0.0
2674,1569,158,2,98.53,0.0
2675,1570,15,1,13.61,0.05
2676,1570,76,2,138.95,0.0
2677,1571,122,1,29.34,0.15
2678,1572,82,1,87.63,0.0
2679,1573,153,1,34.93,0.15
2680,1573,52,2,46.53,0.1
2681,1573,160,3,119.74,0.0
2682,1574,34,1,25.56,0.0
2683,1575,36,1,21.32,0.0
2684,1576,14,1,11.35,0.0
2685,1577,13,1,80.34,0.0
2686,1578,97,3,83.23,0.0
2687,1579,66,1,222.15,0.0
2688,1579,100,3,53.22,0.05
2689,1580,159,1,22.02,0.0
2690,1581,42,2,77.52,0.1
2691,1582,126,1,459.25,0.0
2692,1583,30,5,49.53,0.05
2693,1583,49,1,86.56,0.15
2694,1584,89,4,40.1,0.0
2695,1585,125,1,110.43,0.0
2696,1586,74,2,264.11,0.15
2697,1586,77,1,70.42,0.1
2698,1586,72,2,258.3,0.05
2699,1587,148,1,20.24,0.0
2700,1587,60,1,159.26,0.0
2701,1587,116,1,86.69,0.0
2702,1588,86,2,42.06,0.0
2703,1588,135,1,29.1,0.05
2704,1589,105,2,57.41,0.15
2705,1589,67,1,62.05,0.0
2706,1590,93,2,35.12,0.0
2707,1590,97,1,86.23,0.1
2708,1591,48,1,171.45,0.05
2709,1591,124,1,18.09,0.0
2710,1591,120,2,124.77,0.1
2711,1592,24,5,17.64,0.05
2712,1592,12,1,43.17,0.05
2713,1593,129,1,72.02,0.0
2714,1594,103,1,48.92,0.0
2715,1594,42,2,75.18,0.05
2716,1594,134,1,99.78,0.0
2717,1595,140,1,21.69,0.0
2718,1596,120,1,127.16,0.15
2719,1596,134,1,98.75,0.05
2720,1596,125,1,108.4,0.05
2721,1597,61,2,41.22,0.0
2722,1597,4,4,258.85,0.0
2723,1597,129,1,71.38,0.0
2724,1598,120,1,127.11,0.05
2725,1599,75,1,6.31,0.15
2726,1599,90,2,105.65,0.05
2727,1600,32,2,351.49,0.05
2728,1601,28,1,90.52,0.0
2729,1602,23,1,68.34,0.0
2730,1602,58,4,49.98,0.0
2731,1603,98,1,81.69,0.15
2732,1603,134,1,99.73,0.0
2733,1604,52,1,46.39,0.0
2734,1605,62,1,55.91,0.0
2735,1606,20,1,18.31,0.1
2736,1606,46,1,34.04,0.05
2737,1607,144,2,74.94,0.1
2738,1608,81,1,54.18,0.05
2739,1609,50,2,13.41,0.15
2740,1610,49,3,88.77,0.1
2741,1611,69,3,88.68,0.1
2742,1612,96,3,17.28,0.05
2743,1612,146,3,128.22,0.05
2744,1613,143,1,15.45,0.0
2745,1614,29,1,37.49,0.0
2746,1614,43,-1,57.31,0.0
2747,1615,30,1,51.21,0.15
2748,1615,29,1,37.78,0.1
2749,1615,89,2,39.5,0.0
2750,1616,2,3,57.47,0.0
2751,1616,124,2,18.71,0.1
2752,1616,27,1,23.5,0.0
2753,1617,41,2,125.23,0.05
2754,1617,103,1,48.72,0.1
2755,1618,124,1,17.95,0.0
2756,1618,87,1,149.73,0.0
2757,1618,96,1,17.67,0.05
2758,1619,95,1,45.0,0.0
2759,1619,59,1,86.6,0.0
2760,1619,113,3,70.18,0.0
2761,1620,92,1,155.94,0.0
2762,1621,132,1,67.48,0.1
2763,1622,43,2,59.27,0.0
2764,1623,150,2,84.86,0.15
2765,1624,79,3,71.41,0.0
2766,1624,148,2,20.07,0.0
2767,1624,118,4,22.88,0.0
2768,1624,119,5,180.07,0.0
2769,1625,73,1,64.51,0.0
2770,1625,61,4,41.49,0.0
2771,1626,128,1,39.0,0.0
2772,1626,69,4,90.78,0.0
2773,1626,77,1,69.93,0.0
2774,1627,119,1,179.61,0.0
2775,1628,75,1,6.01,0.1
2776,1629,104,1,32.3,0.0
2777,1629,8,1,130.63,0.0
2778,1630,85,-1,32.16,0.0
2779,1630,47,4,41.93,0.0
2780,1631,14,2,11.73,0.1
2781,1631,113,1,68.99,0.05
2782,1632,87,1,146.43,0.15
2783,1632,121,1,133.57,0.0
2784,1632,134,3,100.82,0.0
2785,1632,50,2,13.47,0.0
2786,1633,64,2,22.5,0.0
2787,1634,50,1,13.4,0.0
2788,1635,75,5,6.21,0.1
2789,1635,53,5,34.89,0.1
2790,1636,156,1,33.97,0.0
2791,1636,127,1,26.37,0.0
2792,1636,78,2,50.87,0.15
2793,1636,24,2,18.26,0.0
2794,1637,117,2,62.42,0.0
2795,1638,23,4,70.36,0.0
2796,1638,117,1,63.02,0.15
2797,1639,77,1,70.51,0.15
2798,1639,95,1,45.29,0.0
2799,1640,34,1,25.22,0.05
2800,1641,106,1,93.85,0.1
2801,1642,11,1,43.56,0.0
2802,1642,78,3,50.15,0.1
2803,1642,102,4,43.88,0.15
2804,1643,52,1,45.57,0.0
2805,1644,45,1,17.14,0.05
2806,1644,9,1,43.12,0.0
2807,1645,77,1,71.74,0.0
2808,1645,70,2,36.97,0.05
2809,1646,72,3,257.97,0.0
2810,1646,42,1,75.18,0.15
2811,1647,76,2,137.53,0.1
2812,1648,97,3,86.59,0.0
2813,1648,22,2,53.23,0.05
2814,1648,76,2,138.92,0.0
2815,1649,20,1,18.38,0.05
2816,1649,91,2,72.68,0.0
2817,1650,9,1,41.56,0.1
2818,1651,45,3,17.44,0.1
2819,1651,149,1,106.34,0.0
2820,1651,136,5,268.18,0.0
2821,1652,123,1,225.79,0.15
2822,1653,12,1,43.06,0.0
2823,1653,43,3,58.67,0.0
2824,1653,118,1,22.16,0.0
2825,1654,149,3,102.28,0.0
2826,1654,40,1,77.24,0.0
2827,1654,50,2,13.43,0.0
2828,1655,59,1,88.12,0.0
2829,1655,69,1,88.92,0.05
2830,1655,148,2,19.41,0.05
2831,1655,22,1,54.16,0.1
2832,1656,2,1,56.1,0.0
2833,1656,98,1,81.8,0.0
2834,1656,65,2,134.53,0.05
2835,1656,114,1,592.58,0.0
2836,1657,87,1,148.79,0.1
2837,1658,8,1,129.04,0.1
2838,1658,28,1,89.18,0.15
2839,1658,157,2,340.79,0.05
2840,1659,153,2,35.1,0.0
2841,1659,6,1,53.16,0.1
2842,1660,56,2,153.72,0.1
2843,1661,66,1,216.79,0.0
2844,1662,84,1,39.95,0.15
2845,1663,121,1,131.76,0.15
2846,1663,95,1,45.67,0.15
2847,1664,143,1,15.21,0.0
2848,1665,81,2,53.07,0.1
2849,1666,47,1,42.55,0.15
2850,1667,78,1,50.16,0.0
2851,1668,73,2,64.18,0.15
2852,1668,147,2,21.79,0.1
2853,1668,132,1,70.76,0.1
2854,1669,64,1,22.37,0.15
2855,1670,50,1,13.64,0.15
2856,1670,65,2,136.91,0.0
2857,1671,91,1,70.8,0.1
2858,1672,106,1,93.29,0.05
2859,1672,98,1,80.56,0.0
2860,1672,80,1,10.68,0.0
2861,1673,113,1,70.24,0.0
2862,1673,74,2,262.59,0.1
2863,1674,138,1,47.61,0.15
2864,1674,86,1,40.35,0.05
2865,1674,154,2,78.3,0.0
2866,1674,44,1,49.99,0.0
2867,1675,33,1,65.52,0.15
2868,1676,8,3,131.99,0.0
2869,1677,41,1,127.23,0.0
2870,1677,88,3,86.69,0.0
2871,1678,81,1,53.18,0.0
2872,1678,91,1,69.59,0.0
2873,1679,120,1,127.11,0.0
2874,1679,38,1,11.23,0.15
2875,1680,83,1,245.07,0.0
2876,1681,78,1,50.28,0.0
2877,1681,16,1,38.56,0.0
2878,1682,12,2,42.48,0.0
2879,1683,134,2,99.45,0.0
2880,1684,82,1,88.89,0.0
2881,1685,116,2,86.65,0.0
2882,1686,86,2,41.55,0.15
2883,1687,14,4,11.34,0.0
2884,1688,78,1,50.33,0.0
2885,1689,90,1,105.76,0.0
2886,1690,152,1,89.86,0.0
2887,1690,55,2,165.87,0.0
2888,1690,19,1,29.18,0.05
2889,1691,63,3,23.81,0.05
2890,1691,7,5,263.26,0.15
2891,1692,75,2,6.18,0.0
2892,1693,138,1,48.25,0.0
2893,1694,40,1,77.91,0.15
2894,1694,93,2,35.29,0.1
2895,1695,148,3,19.47,0.15
2896,1695,147,1,21.04,0.0
2897,1695,104,2,31.92,0.0
2898,1695,90,1,100.87,0.0
2899,1696,71,2,91.84,0.0
2900,1697,20,4,18.6,0.0
2901,1697,44,1,48.71,0.0
2902,1698,134,2,100.05,0.0
2903,1698,100,1,53.68,0.15
2904,1698,30,1,49.92,0.0
2905,1699,115,1,55.26,0.0
2906,1700,90,2,101.05,0.15
2907,1701,123,4,228.67,0.0
2908,1702,81,1,53.84,0.1
2909,1702,159,1,22.06,0.0
2910,1702,68,2,156.72,0.0
2911,1703,128,3,39.24,0.0
2912,1703,15,1,13.78,0.05
2913,1704,16,2,38.48,0.1
2914,1704,21,1,242.97,0.0
2915,1705,130,2,41.04,0.15
2916,1706,96,5,17.29,0.0
2917,1707,106,2,92.77,0.0
2918,1707,55,2,164.5,0.0
2919,1707,24,1,18.21,0.1
2920,1708,128,1,39.12,0.0
2921,1708,47,1,41.96,0.15
2922,1708,30,3,50.46,0.0
2923,1709,111,1,11.4,0.15
2924,1710,40,-1,76.1,0.0
2925,1710,152,1,88.83,0.15
2926,1711,55,1,160.79,0.05
2927,1712,21,3,244.56,0.15
2928,1713,69,1,92.33,0.05
2929,1714,24,1,18.14,0.05
2930,1715,97,1,85.6,0.0
2931,1716,15,1,13.63,0.0
2932,1716,141,1,80.05,0.05
2933,1717,62,1,54.6,0.0
2934,1717,73,1,64.04,0.0
2935,1718,95,1,45.95,0.1
2936,1718,70,1,37.3,0.0
2937,1718,33,2,64.62,0.1
2938,1719,58,2,50.18,0.0
2939,1719,105,2,56.43,0.1
2940,1720,150,2,83.87,0.05
2941,1721,98,2,82.1,0.0
2942,1721,18,2,85.26,0.0
2943,1722,34,1,24.96,0.0
2944,1723,127,4,26.47,0.0
2945,1723,88,2,88.64,0.1
2946,1723,69,1,89.85,0.15
2947,1724,34,1,24.83,0.0
2948,1725,42,1,77.33,0.0
2949,1725,135,2,28.72,0.0
2950,1726,89,2,40.8,0.15
2951,1726,116,4,83.18,0.15
2952,1727,59,2,86.16,0.1
2953,1727,63,1,24.39,0.15
2954,1727,148,4,20.17,0.0
2955,1728,143,1,15.25,0.0
2956,1729,39,1,19.92,0.0
2957,1729,132,2,68.71,0.1
2958,1729,107,1,351.8,0.0
2959,1730,32,4,352.1,0.0
2960,1730,87,3,151.2,0.15
2961,1731,110,1,60.18,0.0
2962,1732,27,2,23.35,0.05
2963,1732,45,1,16.88,0.15
2964,1732,57,2,31.06,0.0
2965,1732,9,1,41.9,0.0
2966,1733,154,2,79.06,0.05
2967,1734,148,1,20.11,0.05
2968,1735,35,3,139.56,0.15
2969,1735,118,2,22.36,0.05
2970,1736,4,2,253.99,0.1
2971,1737,29,2,37.23,0.1
2972,1737,157,1,350.56,0.0
2973,1738,155,2,85.27,0.0
2974,1739,93,1,33.93,0.0
2975,1740,101,1,18.37,0.0
2976,1741,74,3,272.56,0.1
2977,1742,117,1,63.32,0.1
2978,1742,15,3,13.57,0.05
2979,1743,154,1,78.45,0.0
2980,1744,101,1,18.32,0.0
2981,1745,119,3,182.81,0.1
2982,1746,28,1,89.15,0.0
2983,1746,146,1,129.18,0.1
2984,1747,56,5,153.52,0.0
2985,1748,35,2,138.86,0.1
2986,1749,29,1,38.07,0.0
2987,1750,99,1,66.21,0.0
2988,1750,62,2,55.42,0.1
2989,1750,88,3,86.48,0.0
2990,1751,19,3,29.16,0.1
2991,1751,42,2,75.41,0.15
2992,1752,150,3,86.7,0.15
2993,1753,21,1,247.96,0.15
2994,1753,134,1,101.8,0.0
2995,1753,115,1,55.94,0.0
2996,1754,42,1,74.29,0.05
2997,1755,8,3,126.74,0.05
2998,1756,50,3,13.13,0.15
2999,1757,96,1,17.53,0.0
3000,1757,131,1,16.17,0.0
3001,1758,160,4,116.8,0.15
3002,1758,94,3,49.44,0.0
3003,1759,36,2,21.58,0.0
3004,1759,116,1,83.59,0.15
3005,1760,124,1,18.21,0.05
3006,1761,141,1,78.93,0.1
3007,1761,49,2,90.27,0.0
3008,1762,66,1,225.36,0.05
3009,1763,138,2,47.61,0.15
3010,1763,88,1,85.22,0.1
3011,1764,64,1,21.64,0.0
3012,1764,61,2,42.92,0.05
3013,1764,49,4,88.64,0.05
3014,1764,51,1,88.99,0.1
3015,1765,66,2,222.94,0.0
3016,1765,50,1,12.97,0.0
3017,1765,72,2,253.25,0.15
3018,1766,152,2,88.17,0.0
3019,1766,42,2,74.82,0.15
3020,1766,158,1,98.93,0.0
3021,1767,12,1,42.82,0.05
3022,1768,116,4,86.46,0.0
3023,1768,33,1,64.78,0.0
3024,1769,2,1,56.91,0.05
3025,1770,108,1,75.01,0.0
3026,1771,75,1,6.1,0.0
3027,1771,28,3,92.25,0.1
3028,1772,73,3,62.54,0.05
3029,1772,109,1,81.88,0.0
3030,1773,133,1,24.45,0.15
3031,1773,71,5,88.82,0.05
3032,1774,75,2,6.01,0.05
3033,1774,52,2,46.62,0.05
3034,1775,14,2,11.5,0.05
3035,1776,83,1,241.46,0.0
3036,1776,80,2,11.01,0.15
3037,1776,44,1,50.85,0.05
3038,1776,22,3,51.83,0.15
3039,1777,106,1,92.5,0.15
3040,1778,23,1,68.57,0.0
3041,1779,9,1,43.31,0.1
3042,1779,147,-2,21.02,0.0
3043,1780,18,1,87.9,0.0
3044,1780,155,1,84.16,0.0
3045,1780,19,5,29.42,0.1
3046,1781,96,1,17.79,0.0
3047,1781,27,1,23.29,0.1
3048,1782,26,1,72.4,0.0
3049,1782,8,2,127.76,0.0
3050,1782,37,1,77.19,0.0
3051,1782,141,1,81.11,0.0
3052,1783,125,1,109.58,0.1
3053,1783,159,1,22.09,0.1
3054,1783,83,1,252.15,0.0
3055,1784,24,1,18.38,0.15
3056,1784,45,1,16.93,0.0
3057,1785,97,1,84.83,0.15
3058,1786,72,4,259.62,0.15
3059,1787,76,2,138.62,0.1
3060,1788,125,1,112.86,0.15
3061,1789,95,1,46.5,0.0
3062,1790,84,2,39.95,0.05
3063,1791,83,1,241.59,0.0
3064,1791,18,2,88.48,0.05
3065,1791,87,1,146.24,0.15
3066,1792,33,1,63.4,0.15
3067,1793,61,1,42.08,0.0
3068,1794,23,1,67.41,0.15
3069,1794,84,1,41.33,0.1
3070,1795,71,1,87.96,0.05
3071,1795,67,2,60.05,0.15
3072,1796,148,1,20.13,0.0
3073,1797,77,1,69.24,0.0
3074,1797,15,3,13.83,0.0
3075,1798,139,1,132.87,0.0
3076,1799,132,1,67.57,0.0
3077,1800,77,1,70.92,0.1
3078,1801,61,1,42.9,0.15
3079,1802,16,1,39.75,0.15
3080,1802,64,2,22.44,0.1
3081,1802,24,3,17.83,0.05
3082,1803,26,1,73.13,0.05
3083,1804,140,1,20.99,0.05
3084,1805,81,1,52.29,0.0
3085,1806,63,1,24.3,0.05
3086,1807,109,1,80.68,0.05
3087,1808,79,2,70.54,0.05
3088,1809,78,1,50.39,0.05
3089,1809,50,2,13.02,0.0
3090,1810,113,1,68.25,0.15
3091,1811,47,1,42.21,0.1
3092,1812,33,5,63.77,0.0
3093,1812,116,2,86.27,0.1
3094,1813,4,1,259.25,0.0
3095,1814,12,2,41.67,0.0
3096,1815,10,2,106.71,0.15
3097,1816,93,2,33.83,0.05
3098,1816,47,2,42.45,0.1
3099,1817,94,1,47.75,0.0
3100,1817,3,2,117.33,0.0
3101,1818,36,3,21.82,0.15
3102,1818,99,1,63.9,0.0
3103,1818,109,2,83.5,0.0
3104,1819,4,2,252.32,0.1
3105,1819,36,1,21.21,0.15
3106,1819,152,3,89.94,0.0
3107,1819,77,1,71.67,0.1
3108,1820,63,-1,23.68,0.15
3109,1821,83,1,251.66,0.15
3110,1822,81,2,52.39,0.0
3111,1823,121,2,131.05,0.15
3112,1823,38,3,11.27,0.0
3113,1823,49,1,88.66,0.0
3114,1824,89,2,40.33,0.1
3115,1825,125,2,111.8,0.0
3116,1825,78,1,49.4,0.05
3117,1826,10,1,105.15,0.1
3118,1827,23,3,69.16,0.05
3119,1828,71,2,87.8,0.15
3120,1829,133,2,25.15,0.0
3121,1830,21,1,237.56,0.0
3122,1830,61,1,42.43,0.15
3123,1830,90,1,103.95,0.15
3124,1831,140,2,21.51,0.0
3125,1832,65,2,135.92,0.15
3126,1833,3,1,116.58,0.0
3127,1834,43,1,57.39,0.0
3128,1834,25,2,40.59,0.05
3129,1834,86,1,42.38,0.0
3130,1835,76,4,139.51,0.05
3131,1835,148,1,20.13,0.15
3132,1835,68,1,160.97,0.05
3133,1836,69,1,91.0,0.1
3134,1836,152,2,90.62,0.0
3135,1837,16,2,39.39,0.1
3136,1837,128,3,38.72,0.0
3137,1837,146,1,130.47,0.05
3138,1838,6,1,53.21,0.15
3139,1838,129,1,69.8,0.15
3140,1838,152,3,90.33,0.1
3141,1839,99,2,66.38,0.0
3142,1839,3,3,117.94,0.0
3143,1840,1,1,103.87,0.1
3144,1840,24,2,18.44,0.05
3145,1841,56,1,146.63,0.15
3146,1842,159,4,22.09,0.15
3147,1842,136,2,255.96,0.0
3148,1843,143,3,15.58,0.1
3149,1844,107,1,356.76,0.0
3150,1844,144,1,78.73,0.05
3151,1844,75,1,6.0,0.0
3152,1844,54,1,115.14,0.0
3153,1845,158,1,100.65,0.15
3154,1846,7,1,268.79,0.0
3155,1846,6,5,51.86,0.0
3156,1847,154,1,80.67,0.1
3157,1848,109,4,81.27,0.0
3158,1849,9,1,42.62,0.0
3159,1850,15,-1,13.5,0.1
3160,1850,13,2,82.88,0.0
3161,1851,20,2,18.53,0.0
3162,1852,82,1,90.17,0.05
3163,1852,159,1,22.7,0.05
3164,1853,154,3,79.27,0.15
3165,1854,41,2,127.38,0.0
3166,1854,93,1,35.2,0.0
3167,1855,119,1,182.76,0.1
3168,1855,147,1,21.83,0.1
3169,1856,121,2,132.65,0.1
3170,1857,24,1,18.21,0.15
3171,1858,4,1,251.73,0.0
3172,1858,67,2,61.1,0.1
3173,1858,80,5,10.78,0.05
3174,1859,14,2,11.39,0.0
3175,1860,23,1,67.98,0.05
3176,1861,156,4,33.95,0.0
3177,1861,102,1,45.19,0.05
3178,1861,47,1,43.3,0.15
3179,1862,32,5,339.69,0.0
3180,1863,80,1,10.93,0.0
3181,1863,89,2,40.96,0.0
3182,1863,54,2,115.04,0.0
3183,1864,30,1,49.39,0.15
3184,1865,116,3,87.2,0.0
3185,1866,88,3,86.07,0.0
3186,1867,147,1,21.78,0.05
3187,1867,86,2,42.14,0.05
3188,1867,91,1,69.4,0.0
3189,1868,38,2,11.05,0.15
3190,1868,136,2,264.11,0.05
3191,1868,158,4,98.32,0.05
3192,1868,62,1,55.93,0.0
3193,1869,65,3,134.72,0.1
3194,1870,35,4,136.55,0.05
3195,1871,59,1,87.14,0.0
3196,1871,155,1,83.02,0.0
3197,1872,69,1,89.74,0.0
3198,1873,122,3,28.2,0.0
3199,1874,119,1,183.29,0.0
3200,1875,13,1,82.26,0.15
3201,1876,135,1,28.63,0.15
3202,1876,151,1,82.65,0.15
3203,1876,139,2,137.32,0.0
3204,1876,56,1,148.77,0.0
3205,1877,130,5,41.64,0.0
3206,1878,35,1,133.52,0.1
3207,1878,98,3,80.44,0.0
3208,1879,43,1,58.36,0.1
3209,1880,1,5,100.83,0.0
3210,1880,140,1,21.1,0.15
3211,1880,57,1,30.5,0.0
3212,1881,128,4,38.38,0.0
3213,1881,131,2,16.51,0.0
3214,1882,110,1,61.92,0.0
3215,1882,145,2,82.82,0.15
3216,1883,89,1,39.99,0.0
3217,1883,2,1,56.67,0.0
3218,1883,28,1,89.76,0.05
3219,1884,124,1,17.97,0.0
3220,1885,135,1,28.65,0.05
3221,1886,112,1,64.81,0.0
3222,1886,58,4,50.17,0.0
3223,1886,27,2,23.26,0.05
3224,1887,62,1,55.05,0.0
3225,1888,76,1,137.39,0.05
3226,1888,159,4,22.27,0.0
3227,1889,88,1,86.94,0.0
3228,1890,125,2,112.85,0.0
3229,1891,152,1,88.86,0.1
3230,1891,4,2,254.05,0.05
3231,1891,87,1,144.64,0.0
3232,1892,88,1,89.03,0.1
3233,1892,4,2,250.76,0.05
3234,1893,152,1,90.16,0.1
3235,1894,116,2,86.89,0.0
3236,1894,102,2,45.17,0.05
3237,1895,103,2,48.58,0.0
3238,1896,51,4,86.49,0.05
3239,1897,52,2,45.26,0.0
3240,1897,64,4,22.36,0.1
3241,1897,63,4,23.56,0.0
3242,1898,144,5,76.01,0.0
3243,1899,39,1,20.06,0.0
3244,1900,134,1,98.66,0.05
3245,1900,21,2,238.91,0.1
3246,1900,113,5,69.49,0.15
3247,1900,94,1,48.36,0.0
3248,1901,136,2,263.17,0.0
3249,1902,65,3,135.61,0.15
3250,1902,118,3,22.44,0.0
3251,1903,151,1,79.58,0.0
3252,1904,55,2,163.12,0.0
3253,1904,50,1,13.63,0.15
3254,1905,111,1,11.34,0.0
3255,1906,26,4,73.62,0.15
3256,1906,159,1,22.79,0.05
3257,1906,94,1,47.93,0.05
3258,1907,79,5,69.53,0.1
3259,1908,123,2,224.94,0.15
3260,1908,88,1,85.29,0.15
3261,1908,56,1,153.18,0.1
3262,1909,83,4,246.84,0.0
3263,1910,146,2,132.3,0.0
3264,1911,113,1,67.58,0.0
3265,1912,96,2,17.46,0.0
3266,1912,102,2,43.95,0.0
3267,1913,140,1,21.48,0.1
3268,1913,97,1,83.48,0.1
3269,1914,76,1,132.89,0.15
3270,1914,92,1,158.45,0.15
3271,1915,80,3,10.93,0.0
3272,1915,49,3,86.68,0.15
3273,1915,2,1,57.51,0.0
3274,1916,9,4,42.67,0.1
3275,1916,27,2,23.34,0.15
3276,1916,77,1,70.06,0.0
3277,1917,43,2,59.98,0.0
3278,1918,140,1,21.4,0.15
3279,1918,149,1,106.06,0.0
3280,1919,157,2,349.8,0.05
3281,1919,108,1,77.62,0.1
3282,1920,74,2,265.87,0.1
3283,1921,75,1,6.05,0.05
3284,1922,119,1,184.04,0.05
3285,1922,36,2,21.99,0.05
3286,1923,80,2,11.11,0.0
3287,1923,21,4,242.42,0.0
3288,1924,10,1,107.12,0.1
3289,1925,3,2,119.24,0.0
3290,1926,106,1,91.66,0.15
3291,1927,131,3,16.37,0.0
3292,1928,156,1,34.73,0.05
3293,1928,15,4,13.9,0.1
3294,1929,87,1,148.17,0.0
3295,1929,19,1,28.25,0.0
3296,1929,4,1,251.54,0.15
3297,1930,140,1,21.78,0.0
3298,1930,149,1,105.11,0.1
3299,1930,60,2,154.65,0.05
3300,1931,137,3,32.39,0.15
3301,1931,160,1,116.7,0.1
3302,1931,123,2,225.8,0.0
3303,1932,8,2,129.73,0.0
3304,1932,117,3,64.13,0.0
3305,1932,114,3,609.48,0.1
3306,1933,98,1,81.47,0.1
3307,1933,29,1,37.23,0.0
3308,1933,18,1,85.21,0.15
3309,1934,160,1,118.24,0.0
3310,1934,100,1,51.33,0.0
3311,1935,38,4,10.99,0.0
3312,1936,158,1,100.45,0.0
3313,1937,43,1,57.81,0.15
3314,1938,59,4,86.3,0.0
3315,1938,101,1,17.84,0.15
3316,1938,104,2,30.82,0.0
3317,1939,39,1,19.32,0.0
3318,1939,132,1,68.81,0.15
3319,1940,134,3,99.71,0.0
3320,1940,11,2,41.78,0.15
3321,1941,45,4,17.08,0.05
3322,1942,62,3,54.06,0.0
3323,1942,51,1,85.72,0.05
3324,1943,5,1,51.75,0.15
3325,1944,52,1,45.42,0.0
3326,1944,28,2,92.07,0.0
3327,1944,66,1,222.08,0.0
3328,1945,24,1,17.98,0.15
3329,1946,154,1,80.98,0.1
3330,1947,156,1,33.35,0.15
3331,1948,150,2,85.73,0.0
3332,1949,41,1,123.21,0.0
3333,1950,63,1,23.88,0.0
3334,1950,35,4,138.27,0.0
3335,1951,23,4,68.07,0.1
3336,1952,83,1,242.7,0.0
3337,1953,3,1,115.56,0.05
3338,1953,154,2,80.31,0.0
3339,1954,35,1,133.8,0.0
3340,1955,123,1,227.7,0.1
3341,1955,104,1,32.08,0.15
3342,1955,70,1,35.63,0.0
3343,1956,13,1,81.18,0.15
3344,1956,126,1,470.74,0.15
3345,1957,88,5,89.36,0.0
3346,1958,27,1,23.32,0.1
3347,1958,89,1,40.7,0.0
3348,1959,52,1,46.97,0.0
3349,1959,49,1,88.55,0.15
3350,1960,22,1,53.92,0.0
3351,1961,123,2,233.4,0.0
3352,1962,159,1,21.79,0.15
3353,1962,51,2,88.51,0.0
3354,1963,120,1,128.37,0.1
3355,1964,54,3,111.15,0.1
3356,1964,59,2,88.34,0.05
3357,1965,1,1,102.51,0.0
3358,1965,140,1,21.1,0.0
3359,1966,93,1,34.26,0.0
3360,1966,12,2,43.07,0.15
3361,1967,145,2,82.9,0.0
3362,1968,51,3,88.22,0.0
3363,1968,76,3,136.98,0.1
3364,1969,92,1,151.64,0.05
3365,1970,63,1,24.12,0.1
3366,1970,64,1,21.92,0.1
3367,1970,141,1,80.26,0.0
3368,1971,82,1,88.18,0.15
3369,1971,81,3,52.39,0.1
3370,1972,114,1,603.97,0.0
3371,1973,98,2,84.24,0.0
3372,1974,61,1,43.05,0.0
3373,1974,71,1,88.2,0.15
3374,1974,46,1,33.4,0.15
3375,1975,159,5,22.79,0.15
3376,1975,139,1,135.58,0.1
3377,1976,5,1,51.9,0.0
3378,1976,106,1,95.38,0.15
3379,1977,143,4,15.55,0.1
3380,1978,85,1,31.6,0.0
3381,1978,124,4,18.78,0.1
3382,1979,65,1,138.11,0.0
3383,1980,50,5,13.6,0.0
3384,1980,46,1,34.18,0.05
3385,1981,124,4,18.48,0.0
3386,1981,144,1,77.88,0.05
3387,1982,4,1,258.97,0.05
3388,1983,9,2,42.81,0.0
3389,1983,160,1,116.26,0.0
3390,1984,70,1,37.18,0.05
3391,1985,46,2,34.36,0.0
3392,1985,150,1,82.84,0.15
3393,1986,84,-1,40.38,0.0
3394,1987,1,2,101.58,0.0
3395,1987,138,2,49.46,0.0
3396,1988,151,1,83.32,0.1
3397,1989,157,2,355.85,0.0
3398,1989,57,3,30.29,0.0
3399,1989,104,1,31.55,0.15
3400,1990,130,1,41.71,0.0
3401,1991,104,1,31.33,0.0
3402,1992,119,2,179.86,0.0
3403,1993,66,1,224.91,0.0
3404,1993,123,5,234.83,0.0
3405,1994,97,1,82.89,0.0
3406,1994,121,4,131.82,0.0
3407,1995,82,1,87.48,0.0
3408,1996,92,1,153.02,0.05
3409,1996,30,2,49.22,0.1
3410,1997,120,1,126.33,0.0
3411,1997,140,1,21.79,0.0
3412,1997,37,1,76.77,0.0
3413,1998,141,1,81.04,0.0
3414,1999,142,3,213.8,0.15
3415,2000,12,1,43.7,0.0
3416,2000,5,4,53.84,0.05
3417,2001,49,1,89.1,0.15
3418,2001,73,2,63.03,0.0
3419,2002,60,2,153.47,0.0
3420,2002,79,1,68.86,0.0
3421,2003,1,1,103.18,0.0
3422,2004,111,1,11.63,0.0
3423,2005,39,1,19.66,0.0
3424,2006,45,2,16.85,0.0
3425,2006,15,1,13.55,0.0
3426,2006,26,4,71.8,0.15
3427,2007,65,1,138.4,0.0
3428,2007,35,2,138.1,0.0
3429,2007,130,3,40.93,0.1
3430,2008,35,1,138.38,0.15
3431,2009,112,1,62.62,0.1
3432,2010,74,2,271.29,0.0
3433,2010,130,1,41.4,0.05
3434,2010,125,2,107.78,0.0
3435,2010,149,1,105.68,0.0
3436,2011,45,1,17.12,0.15
3437,2012,8,1,128.96,0.0
3438,2013,135,1,28.69,0.0
3439,2013,28,3,91.13,0.15
3440,2014,40,2,79.15,0.15
3441,2015,13,1,82.0,0.15
3442,2015,68,2,157.01,0.0
3443,2015,36,1,21.8,0.15
3444,2016,54,1,110.6,0.15
3445,2017,84,1,40.93,0.0
3446,2017,33,1,63.69,0.15
3447,2018,154,4,80.22,0.0
3448,2018,52,1,45.84,0.0
3449,2019,88,4,87.7,0.15
3450,2019,94,1,48.02,0.1
3451,2020,147,1,21.4,0.0
3452,2021,151,1,80.94,0.05
3453,2021,115,1,54.32,0.0
3454,2021,59,2,87.0,0.1
3455,2022,139,1,133.32,0.0
3456,2022,16,2,39.99,0.1
3457,2023,35,3,138.99,0.05
3458,2023,93,2,33.95,0.15
3459,2023,74,4,269.53,0.15
3460,2023,69,3,87.85,0.0
3461,2024,137,4,31.59,0.0
3462,2024,131,3,16.23,0.05
3463,2025,29,1,37.79,0.0
3464,2026,8,1,132.72,0.1
3465,2027,11,2,42.31,0.0
3466,2027,77,2,68.7,0.0
3467,2028,81,1,52.56,0.0
3468,2028,37,1,78.99,0.1
3469,2028,105,2,55.55,0.0
3470,2029,91,2,72.28,0.1
3471,2030,29,2,37.51,0.0
3472,2031,130,1,41.88,0.0
3473,2032,15,2,13.64,0.0
3474,2033,93,1,33.79,0.0
3475,2034,147,3,21.59,0.0
3476,2035,2,1,57.54,0.0
3477,2035,67,2,59.45,0.0
3478,2035,131,1,16.06,0.05
3479,2035,13,2,80.33,0.05
3480,2036,141,2,81.65,0.0
3481,2037,113,3,68.07,0.15
3482,2038,26,4,71.16,0.0
3483,2039,54,1,109.88,0.05
3484,2040,123,3,226.63,0.0
3485,2040,13,2,81.37,0.0
3486,2041,84,3,40.5,0.0
3487,2042,108,1,75.34,0.0
3488,2042,135,2,28.14,0.15
3489,2043,21,2,237.08,0.0
3490,2043,83,2,249.58,0.1
3491,2044,44,3,48.36,0.05
3492,2044,13,2,81.92,0.0
3493,2044,34,1,25.43,0.0
3494,2045,22,5,54.12,0.15
3495,2045,6,1,53.57,0.15
3496,2046,110,2,61.03,0.15
3497,2046,24,2,17.99,0.0
3498,2047,36,1,21.79,0.15
3499,2047,131,1,16.16,0.1
3500,2047,77,1,68.67,0.05
3501,2048,86,1,41.07,0.15
3502,2048,136,5,260.43,0.15
3503,2048,94,1,48.19,0.1
3504,2049,111,1,11.57,0.0
3505,2050,88,1,85.96,0.1
3506,2050,17,1,26.6,0.0
3507,2051,24,4,17.73,0.0
3508,2052,21,1,243.9,0.1
3509,2052,127,2,26.16,0.15
3510,2052,132,2,68.52,0.1
3511,2052,9,2,41.76,0.1
3512,2053,133,1,25.54,0.0
3513,2054,25,1,39.18,0.05
3514,2054,146,1,128.24,0.1
3515,2055,159,3,22.37,0.15
3516,2056,40,1,76.05,0.0
3517,2056,66,2,221.67,0.0
3518,2056,113,1,68.01,0.0
3519,2057,37,1,79.72,0.1
3520,2057,154,1,80.61,0.05
3521,2058,120,2,127.11,0.0
3522,2058,27,1,23.67,0.0
3523,2058,102,1,44.01,0.15
3524,2059,118,1,23.09,0.0
3525,2059,76,2,135.59,0.0
3526,2059,102,1,45.49,0.0
3527,2060,68,2,162.81,0.05
3528,2061,105,1,57.47,0.0
3529,2061,44,1,49.23,0.1
3530,2061,16,3,39.3,0.0
3531,2062,54,2,113.46,0.0
3532,2063,33,1,65.04,0.0
3533,2064,21,2,237.99,0.0
3534,2065,15,2,14.06,0.0
3535,2066,41,3,126.3,0.05
3536,2067,80,4,10.71,0.15
3537,2067,71,2,90.31,0.0
3538,2067,53,1,34.99,0.0
3539,2068,65,2,136.24,0.05
3540,2069,111,1,11.6,0.15
3541,2069,45,5,17.08,0.0
3542,2070,113,2,69.56,0.05
3543,2071,94,2,48.33,0.0
3544,2072,160,1,116.56,0.1
3545,2073,120,5,128.84,0.0
3546,2073,61,1,42.04,0.0
3547,2073,77,1,70.75,0.1
3548,2073,16,1,39.03,0.0
3549,2074,151,2,81.04,0.0
3550,2075,70,1,36.33,0.05
3551,2076,101,3,17.86,0.05
3552,2077,109,1,80.09,0.0
3553,2078,38,5,10.87,0.05
3554,2078,69,2,90.83,0.15
3555,2079,138,2,48.45,0.05
3556,2080,102,3,44.83,0.05
3557,2080,155,1,84.5,0.1
3558,2080,142,2,212.82,0.1
3559,2080,148,2,19.48,0.0
3560,2081,35,1,136.99,0.0
3561,2081,2,1,57.74,0.05
3562,2082,127,1,27.2,0.15
3563,2082,90,1,103.23,0.05
3564,2083,93,1,34.7,0.0
3565,2083,83,2,246.99,0.0
3566,2083,37,3,78.21,0.1
3567,2084,9,1,42.09,0.0
3568,2084,122,1,29.33,0.0
3569,2085,64,5,22.47,0.0
3570,2085,99,3,63.73,0.1
3571,2086,11,1,43.84,0.15
3572,2086,128,1,39.82,0.05
3573,2087,57,1,30.77,0.0
3574,2087,60,3,158.25,0.0
3575,2088,53,1,34.94,0.0
3576,2089,112,1,64.87,0.05
3577,2090,28,1,92.75,0.0
3578,2090,156,-2,33.71,0.0
3579,2091,52,1,45.42,0.0
3580,2091,160,1,119.89,0.0
3581,2092,109,1,83.11,0.1
3582,2092,8,2,129.12,0.0
3583,2092,103,1,46.69,0.0
3584,2093,49,1,86.78,0.1
3585,2093,21,1,247.63,0.0
3586,2094,64,1,21.76,0.1
3587,2094,132,1,68.6,0.1
3588,2094,79,1,69.97,0.0
3589,2094,54,4,112.39,0.1
3590,2095,62,2,54.41,0.0
3591,2096,55,1,166.85,0.15
3592,2097,102,1,44.64,0.0
3593,2097,113,2,67.43,0.1
3594,2098,80,4,10.68,0.0
3595,2099,107,2,360.33,0.1
3596,2100,25,1,39.08,0.15
3597,2100,153,1,34.84,0.15
3598,2100,69,1,90.66,0.15
3599,2101,114,2,609.06,0.0
3600,2101,120,3,127.88,0.0
3601,2102,4,5,256.37,0.15
3602,2103,92,3,155.24,0.1
3603,2104,4,1,259.65,0.15
3604,2105,62,1,53.88,0.0
3605,2106,30,1,48.89,0.1
3606,2107,24,1,18.48,0.0
3607,2108,116,1,85.29,0.05
3608,2109,10,1,104.63,0.1
3609,2109,78,1,48.57,0.1
3610,2109,51,1,87.65,0.0
3611,2109,81,2,52.38,0.05
3612,2110,34,1,25.19,0.0
3613,2111,146,1,132.0,0.15
3614,2111,92,1,155.09,0.15
3615,2112,103,1,48.84,0.05
3616,2113,10,1,108.09,0.0
3617,2114,43,1,59.75,0.0
3618,2114,6,1,53.97,0.0
3619,2114,37,1,76.74,0.0
3620,2115,134,1,99.73,0.0
3621,2116,54,1,112.96,0.05
3622,2116,49,2,88.61,0.0
3623,2116,64,3,21.66,0.15
3624,2117,63,2,23.64,0.15
3625,2118,91,1,71.1,0.1
3626,2118,131,1,16.52,0.15
3627,2119,106,1,94.4,0.15
3628,2120,91,1,70.82,0.0
3629,2120,102,2,44.96,0.1
3630,2121,97,3,85.61,0.1
3631,2122,123,1,233.84,0.05
3632,2123,11,4,42.84,0.0
3633,2124,134,1,99.84,0.0
3634,2125,111,1,11.41,0.0
3635,2126,13,1,80.02,0.0
3636,2127,121,2,131.91,0.0
3637,2128,109,2,80.56,0.15
3638,2129,134,1,100.11,0.15
3639,2129,157,1,345.43,0.1
3640,2130,147,1,21.52,0.0
3641,2130,62,1,54.95,0.1
3642,2131,15,5,13.46,0.0
3643,2131,101,1,18.46,0.0
3644,2131,112,3,62.79,0.0
3645,2132,59,1,88.45,0.0
3646,2133,87,4,148.81,0.15
3647,2133,149,1,103.58,0.05
3648,2133,83,1,251.93,0.15
3649,2134,56,1,152.29,0.1
3650,2134,122,1,29.18,0.15
3651,2134,91,4,70.46,0.15
3652,2135,140,2,21.83,0.0
3653,2136,122,1,28.4,0.0
3654,2137,77,1,68.58,0.0
3655,2138,94,2,48.59,0.05
3656,2139,64,2,22.02,0.0
3657,2139,50,2,13.42,0.15
3658,2140,28,5,90.78,0.0
3659,2141,154,1,82.02,0.0
3660,2142,118,1,22.53,0.05
3661,2142,7,1,263.98,0.05
3662,2143,96,1,17.49,0.0
3663,2143,81,2,52.5,0.0
3664,2143,34,3,24.68,0.15
3665,2144,61,1,41.63,0.0
3666,2144,110,1,61.29,0.15
3667,2144,86,2,41.4,0.1
3668,2144,155,1,84.7,0.0
3669,2145,98,1,81.46,0.0
3670,2145,112,2,64.53,0.0
3671,2146,136,3,268.87,0.0
3672,2146,151,1,79.88,0.0
3673,2147,33,1,65.88,0.0
3674,2147,27,1,23.63,0.15
3675,2148,111,2,11.82,0.15
3676,2149,43,2,59.0,0.05
3677,2149,81,1,52.87,0.15
3678,2149,100,-2,53.11,0.05
3679,2149,98,1,81.95,0.1
3680,2150,159,3,22.34,0.0
3681,2150,89,1,41.15,0.0
3682,2151,50,1,13.08,0.05
3683,2152,157,2,353.38,0.1
3684,2153,135,1,28.5,0.1
3685,2154,9,3,42.57,0.1
3686,2155,155,1,84.31,0.0
3687,2156,144,1,77.85,0.1
3688,2157,124,5,17.98,0.15
3689,2158,80,1,10.97,0.0
3690,2159,157,3,340.01,0.15
3691,2160,112,2,62.23,0.15
3692,2161,97,4,83.93,0.1
3693,2161,118,1,22.31,0.1
3694,2162,28,2,92.29,0.0
3695,2163,98,2,80.53,0.05
3696,2163,35,2,136.39,0.0
3697,2164,14,4,11.74,0.0
3698,2164,18,4,84.38,0.1
3699,2165,48,1,170.95,0.15
3700,2166,30,1,49.44,0.0
3701,2167,112,1,61.97,0.0
3702,2168,38,1,11.37,0.0
3703,2168,1,3,102.14,0.0
3704,2168,78,1,50.88,0.05
3705,2168,110,2,59.56,0.1
3706,2169,82,1,87.94,0.0
3707,2170,100,5,53.97,0.15
3708,2170,160,1,119.28,0.05
3709,2170,44,2,50.59,0.0
3710,2171,56,1,148.2,0.0
3711,2171,88,1,87.44,0.0
3712,2172,117,1,62.37,0.0
3713,2172,30,1,49.19,0.0
3714,2173,123,1,230.88,0.0
3715,2173,8,1,130.99,0.0
3716,2173,115,3,53.34,0.15
3717,2173,9,1,42.74,0.0
3718,2174,75,1,6.06,0.15
3719,2174,40,4,78.36,0.0
3720,2175,38,1,10.94,0.0
3721,2176,84,1,40.59,0.0
3722,2177,88,1,87.96,0.15
3723,2177,90,1,102.55,0.05
3724,2178,26,5,73.64,0.0
3725,2179,124,1,17.94,0.0
3726,2180,70,3,36.79,0.1
3727,2180,126,2,464.76,0.0
3728,2181,8,1,131.18,0.15
3729,2182,62,2,53.63,0.1
3730,2183,18,1,85.05,0.1
3731,2184,28,4,92.05,0.1
3732,2185,108,1,75.7,0.15
3733,2185,104,1,31.97,0.0
3734,2186,62,1,56.16,0.0
3735,2187,105,2,55.19,0.0
3736,2187,93,3,34.48,0.1
3737,2188,54,1,113.83,0.15
3738,2188,125,3,108.24,0.0
3739,2188,107,2,359.54,0.05
3740,2189,21,4,245.15,0.15
3741,2190,25,3,39.39,0.0
3742,2190,75,1,6.11,0.0
3743,2190,66,1,220.76,0.0
3744,2191,127,1,27.25,0.0
3745,2191,89,2,39.73,0.0
3746,2191,62,2,55.71,0.0
3747,2192,133,1,24.98,0.05
3748,2192,105,1,54.87,0.0
3749,2193,75,1,6.02,0.0
3750,2193,121,2,132.65,0.0
3751,2193,125,2,112.21,0.0
3752,2194,57,1,30.83,0.1
3753,2195,12,1,42.09,0.0
3754,2195,106,1,95.77,0.0
3755,2196,7,2,269.86,0.1
3756,2196,156,4,34.94,0.1
3757,2196,120,1,126.59,0.05
3758,2197,39,1,20.11,0.0
3759,2197,151,1,81.25,0.0
3760,2198,58,1,48.9,0.05
3761,2198,59,1,87.48,0.05
3762,2198,16,3,39.23,0.05
3763,2198,3,3,118.22,0.0
3764,2199,91,1,69.22,0.0
3765,2199,66,1,223.67,0.0
3766,2199,78,1,48.74,0.05
3767,2199,137,2,32.01,0.0
3768,2200,51,1,85.17,0.15
3769,2201,64,2,21.71,0.15
3770,2201,148,1,20.05,0.15
3771,2202,54,1,112.92,0.0
3772,2202,142,3,210.33,0.0
3773,2202,110,4,61.56,0.0
3774,2203,62,1,55.21,0.15
3775,2204,15,3,13.5,0.1
3776,2205,9,2,43.32,0.1
3777,2206,38,1,10.92,0.1
3778,2206,54,5,110.73,0.15
3779,2207,48,1,164.3,0.0
3780,2207,152,1,86.66,0.15
3781,2207,36,1,21.92,0.0
3782,2208,129,1,72.61,0.0
3783,2208,32,5,347.1,0.1
3784,2208,118,1,23.06,0.05
3785,2209,148,2,19.74,0.15
3786,2210,97,3,83.51,0.0
3787,2211,132,5,69.66,0.0
3788,2212,58,3,48.04,0.1
3789,2212,10,1,108.42,0.1
3790,2212,52,1,45.05,0.0
3791,2213,10,5,106.98,0.0
3792,2214,141,1,80.02,0.0
3793,2215,73,1,61.51,0.15
3794,2215,122,1,28.43,0.0
3795,2215,111,2,11.56,0.15
3796,2215,28,4,92.38,0.05
3797,2216,134,4,98.65,0.15
3798,2217,56,3,152.52,0.0
3799,2218,31,1,38.23,0.0
3800,2219,42,1,74.22,0.0
3801,2219,154,1,79.13,0.05
3802,2220,11,2,43.35,0.0
3803,2221,136,1,265.64,0.05
3804,2222,115,1,53.71,0.1
3805,2223,129,3,72.74,0.05
3806,2223,54,2,115.45,0.1
3807,2224,53,2,34.64,0.15
3808,2225,74,4,270.66,0.0
3809,2226,56,1,149.74,0.0
3810,2226,4,1,257.4,0.0
3811,2227,82,2,90.46,0.05
3812,2227,46,1,34.79,0.0
3813,2228,51,2,85.23,0.0
3814,2229,123,1,225.9,0.1
3815,2230,122,1,29.34,0.15
3816,2231,57,2,30.91,0.05
3817,2232,69,2,90.67,0.0
3818,2233,2,1,57.11,0.0
3819,2233,41,5,123.51,0.0
3820,2234,72,2,256.95,0.05
3821,2234,65,2,136.93,0.0
3822,2234,52,1,46.79,0.15
3823,2235,116,3,85.79,0.0
3824,2235,87,2,145.84,0.15
3825,2235,88,1,88.13,0.05
3826,2236,27,1,23.61,0.1
3827,2236,33,1,65.14,0.0
3828,2237,63,4,23.97,0.05
3829,2237,152,1,88.29,0.15
3830,2238,86,1,42.13,0.05
3831,2239,87,2,149.36,0.05
3832,2239,152,2,90.26,0.0
3833,2239,131,1,16.16,0.05
3834,2239,34,1,25.03,0.0
3835,2240,20,1,18.24,0.1
3836,2241,9,1,41.61,0.0
3837,2241,80,1,10.66,0.0
3838,2242,55,1,164.58,0.0
3839,2242,130,1,41.01,0.1
3840,2243,72,2,265.54,0.0
3841,2244,56,1,149.18,0.05
3842,2245,58,2,48.12,0.05
3843,2245,72,1,265.84,0.0
3844,2246,89,4,39.71,0.0
3845,2247,15,2,13.91,0.1
3846,2248,93,1,34.98,0.0
3847,2248,105,1,57.11,0.05
3848,2248,74,1,269.96,0.05
3849,2249,135,1,29.0,0.0
3850,2250,90,2,102.02,0.0
3851,2251,72,1,263.41,0.05
3852,2251,123,2,228.41,0.05
3853,2251,148,1,19.96,0.15
3854,2252,57,1,30.69,0.1
3855,2253,3,4,114.47,0.05
3856,2253,101,3,18.22,0.1
3857,2254,5,1,52.33,0.0
3858,2255,118,1,22.95,0.0
3859,2256,93,1,35.18,0.1
3860,2257,87,1,148.91,0.0
3861,2258,82,2,91.38,0.0
3862,2259,128,4,39.92,0.1
3863,2259,97,1,85.92,0.0
3864,2260,26,1,70.86,0.0
3865,2261,25,2,39.11,0.15
3866,2262,12,2,42.79,0.05
3867,2263,11,2,42.47,0.0
3868,2263,17,2,26.07,0.1
3869,2264,49,1,86.64,0.1
3870,2264,117,2,61.47,0.15
3871,2265,61,1,42.84,0.0
3872,2266,101,1,18.49,0.0
3873,2267,25,3,40.64,0.05
3874,2268,134,1,97.33,0.1
3875,2269,14,3,11.53,0.05
3876,2270,129,1,71.58,0.0
3877,2271,65,2,137.37,0.0
3878,2272,139,2,133.78,0.0
3879,2272,138,2,49.03,0.0
3880,2273,40,1,79.46,0.15
3881,2274,62,1,54.12,0.05
3882,2274,110,1,60.72,0.0
3883,2274,105,2,56.81,0.0
3884,2274,15,-2,13.68,0.0
3885,2275,28,1,89.3,0.1
3886,2276,93,2,34.4,0.05
3887,2277,154,1,80.75,0.0
3888,2278,130,4,41.81,0.0
3889,2278,102,3,43.73,0.1
3890,2279,11,1,42.17,0.05
3891,2279,13,4,79.54,0.0
3892,2279,64,2,22.1,0.0
3893,2280,8,1,126.42,0.0
3894,2280,96,1,17.83,0.1
3895,2280,15,1,13.97,0.15
3896,2281,39,1,19.25,0.0
3897,2281,17,3,26.14,0.0
3898,2281,30,1,50.15,0.0
3899,2282,33,2,64.0,0.0
3900,2283,126,1,463.25,0.0
3901,2283,20,3,18.18,0.15
3902,2284,52,1,45.78,0.1
3903,2284,143,3,15.44,0.15
3904,2284,104,1,32.35,0.05
3905,2285,115,1,53.77,0.15
3906,2285,106,1,92.97,0.05
3907,2286,37,1,77.19,0.0
3908,2287,113,1,66.91,0.1
3909,2288,86,1,42.39,0.15
3910,2289,148,1,19.82,0.0
3911,2290,120,1,127.49,0.0
3912,2291,160,4,118.56,0.15
3913,2292,77,1,70.12,0.0
3914,2293,153,1,34.94,0.0
3915,2294,13,2,79.22,0.15
3916,2295,108,1,77.31,0.05
3917,2295,10,1,106.68,0.15
3918,2296,14,1,11.53,0.05
3919,2297,83,3,240.4,0.0
3920,2298,84,3,41.21,0.0
3921,2298,95,1,46.6,0.0
3922,2299,51,1,86.77,0.1
3923,2300,89,1,39.81,0.0
3924,2300,110,1,61.53,0.15
3925,2300,3,1,115.33,0.0
3926,2301,62,2,53.97,0.1
3927,2302,81,2,52.28,0.0
3928,2303,123,2,225.75,0.0
3929,2303,49,4,87.32,0.1
3930,2304,147,1,21.42,0.05
3931,2305,54,1,112.23,0.0
3932,2306,47,2,42.03,0.15
3933,2306,131,1,16.05,0.0
3934,2307,14,3,11.65,0.0
3935,2308,125,1,108.02,0.15
3936,2309,112,1,63.07,0.0
3937,2309,141,2,80.31,0.0
3938,2309,116,2,83.95,0.0
3939,2309,19,4,28.25,0.0
3940,2310,115,5,54.92,0.0
3941,2311,66,1,222.76,0.15
3942,2312,59,1,85.96,0.05
3943,2313,70,2,36.38,0.0
3944,2313,136,1,261.29,0.05
3945,2313,10,1,108.47,0.0
3946,2313,116,1,86.72,0.0
3947,2314,142,1,207.71,0.0
3948,2315,140,2,21.55,0.0
3949,2315,34,1,25.52,0.0
3950,2316,139,2,136.08,0.15
3951,2317,107,3,356.36,0.0
3952,2318,11,1,43.24,0.0
3953,2318,56,1,149.78,0.0
3954,2318,12,1,41.86,0.05
3955,2319,39,2,19.95,0.15
3956,2320,148,1,19.86,0.15
3957,2321,114,1,605.84,0.15
3958,2321,96,2,17.13,0.1
3959,2321,98,2,81.08,0.1
3960,2322,46,1,34.67,0.05
3961,2323,73,2,61.51,0.0
3962,2323,147,1,21.84,0.0
3963,2324,93,2,33.84,0.0
3964,2325,84,3,41.77,0.15
3965,2325,105,2,55.16,0.0
3966,2325,132,4,69.02,0.05
3967,2325,65,1,134.05,0.0
3968,2326,69,1,91.98,0.0
3969,2327,85,3,31.69,0.0
3970,2327,151,1,80.0,0.1
3971,2327,139,1,138.12,0.1
3972,2327,107,1,363.68,0.0
3973,2328,54,1,114.82,0.15
3974,2328,111,4,11.65,0.15
3975,2329,150,2,83.63,0.05
3976,2330,7,1,274.95,0.15
3977,2331,54,1,110.94,0.0
3978,2332,110,2,60.66,0.0
3979,2333,68,1,162.98,0.0
3980,2333,113,2,68.88,0.0
3981,2334,86,1,41.79,0.0
3982,2334,123,2,231.48,0.0
3983,2335,144,3,77.93,0.1
3984,2335,111,1,11.28,0.15
3985,2336,56,2,154.1,0.05
3986,2336,7,1,266.98,0.0
3987,2337,150,1,84.81,0.05
3988,2338,142,-1,215.75,0.15
3989,2339,65,1,134.59,0.15
3990,2340,45,1,17.5,0.05
3991,2341,100,3,52.44,0.0
3992,2342,124,2,18.59,0.15
3993,2343,42,1,75.18,0.0
3994,2344,10,2,107.3,0.0
3995,2344,19,1,29.26,0.05
3996,2344,55,2,160.96,0.0
3997,2345,19,3,28.4,0.0
3998,2346,32,3,349.31,0.15
3999,2347,150,2,83.97,0.15
4000,2348,98,1,81.26,0.05
4001,2348,25,1,40.64,0.05
4002,2348,141,2,78.93,0.0
4003,2349,130,2,40.44,0.0
4004,2350,15,1,13.43,0.0
4005,2350,2,2,58.45,0.05
4006,2351,45,4,17.25,0.0
4007,2352,64,2,22.09,0.15
4008,2353,105,2,56.33,0.1
4009,2354,110,1,60.34,0.0
4010,2355,152,1,86.98,0.1
4011,2356,129,1,69.77,0.15
4012,2357,92,1,152.51,0.15
4013,2357,83,2,244.17,0.0
4014,2357,49,1,86.43,0.0
4015,2357,112,1,63.7,0.0
4016,2358,90,2,103.74,0.05
4017,2359,50,3,13.06,0.15
4018,2360,141,1,78.0,0.0
4019,2360,42,1,76.9,0.0
4020,2360,147,1,20.93,0.0
4021,2360,83,1,240.35,0.05
4022,2361,52,5,46.51,0.05
4023,2362,74,4,259.21,0.0
4024,2362,108,1,74.83,0.0
4025,2363,135,1,29.0,0.0
4026,2364,47,2,42.09,0.1
4027,2365,42,1,75.88,0.0
4028,2365,43,1,57.62,0.15
4029,2365,151,1,79.48,0.1
4030,2366,127,2,26.53,0.05
4031,2366,96,1,17.71,0.1
4032,2367,48,-3,170.66,0.15
4033,2368,59,1,88.88,0.1
4034,2368,111,1,11.56,0.0
4035,2369,141,1,78.83,0.0
4036,2370,53,2,35.63,0.0
4037,2371,14,1,11.36,0.05
4038,2372,9,1,42.06,0.1
4039,2373,40,1,79.25,0.05
4040,2374,82,1,88.16,0.0
4041,2375,59,2,86.28,0.05
4042,2375,7,1,272.58,0.0
4043,2375,137,1,32.5,0.0
4044,2375,92,1,158.43,0.1
4045,2376,38,1,11.08,0.0
4046,2377,145,1,83.26,0.0
4047,2378,14,2,11.41,0.0
4048,2378,62,5,54.08,0.0
4049,2379,112,5,62.67,0.0
4050,2380,47,1,42.64,0.05
4051,2381,107,1,362.57,0.0
4052,2381,137,1,31.56,0.0
4053,2381,134,1,99.81,0.1
4054,2382,50,5,13.49,0.05
4055,2383,115,5,53.81,0.1
4056,2384,135,1,28.44,0.0
4057,2385,49,1,86.95,0.0
4058,2386,67,2,60.18,0.05
4059,2387,56,3,152.42,0.0
4060,2388,80,1,10.85,0.0
4061,2388,7,2,273.72,0.0
4062,2388,9,3,43.43,0.1
4063,2389,57,1,30.75,0.0
4064,2389,49,1,90.21,0.05
4065,2390,57,1,30.1,0.15
4066,2390,51,1,87.45,0.0
4067,2391,142,1,211.09,0.05
4068,2392,51,1,86.72,0.0
4069,2393,14,1,11.91,0.1
4070,2394,42,1,74.47,0.0
4071,2395,113,1,66.99,0.15
4072,2395,155,1,82.67,0.0
4073,2395,72,1,255.2,0.15
4074,2396,13,1,82.67,0.05
4075,2396,87,1,146.81,0.0
4076,2396,50,2,13.42,0.0
4077,2397,68,1,158.51,0.1
4078,2398,81,1,52.34,0.0
4079,2399,98,1,81.63,0.15
4080,2399,4,2,255.08,0.05
4081,2400,86,1,41.3,0.0
4082,2401,32,1,339.88,0.1
4083,2402,68,2,160.96,0.0
4084,2403,126,1,474.76,0.0
4085,2403,109,1,80.2,0.0
4086,2403,108,1,76.02,0.15
4087,2403,35,3,133.39,0.05
4088,2404,83,3,241.18,0.1
4089,2404,12,1,41.81,0.15
4090,2404,99,4,63.93,0.0
4091,2405,14,1,11.45,0.0
4092,2406,138,3,48.03,0.0
4093,2407,5,2,52.32,0.1
4094,2407,44,3,49.94,0.05
4095,2408,112,2,63.63,0.0
4096,2409,121,1,135.62,0.1
4097,2410,8,4,126.7,0.0
4098,2411,11,1,43.52,0.1
4099,2411,6,1,51.65,0.0
4100,2411,42,1,74.13,0.1
4101,2411,88,1,88.71,0.1
4102,2412,98,1,81.28,0.15
4103,2413,25,2,38.96,0.0
4104,2414,15,2,13.95,0.0
4105,2415,18,3,84.11,0.15
4106,2416,21,2,237.57,0.0
4107,2416,76,1,137.65,0.0
4108,2417,110,5,60.91,0.05
4109,2418,56,1,150.14,0.05
4110,2419,76,1,134.06,0.0
4111,2419,99,1,64.66,0.1
4112,2419,16,1,38.76,0.0
4113,2420,32,1,337.17,0.0
4114,2421,45,1,17.09,0.0
4115,2422,2,4,58.19,0.15
4116,2422,20,2,18.27,0.0
4117,2423,146,2,132.99,0.1
4118,2424,74,1,270.26,0.1
4119,2425,8,2,127.57,0.05
4120,2426,90,4,102.96,0.0
4121,2427,16,1,39.14,0.0
4122,2427,147,2,21.39,0.15
4123,2428,94,1,49.15,0.0
4124,2429,98,3,83.1,0.0
4125,2430,121,2,134.99,0.1
4126,2430,55,1,167.95,0.0
4127,2430,87,1,144.58,0.15
4128,2431,21,5,241.04,0.05
4129,2432,114,2,586.05,0.0
4130,2432,68,2,158.4,0.0
4131,2433,12,2,42.49,0.0
4132,2433,88,1,85.7,0.05
4133,2434,8,3,132.37,0.0
4134,2435,146,3,133.81,0.0
4135,2436,50,2,12.99,0.1
4136,2436,127,1,26.79,0.0
4137,2436,133,1,25.52,0.05
4138,2437,33,3,65.44,0.0
4139,2438,19,1,29.15,0.0
4140,2438,70,1,35.57,0.1
4141,2438,158,3,98.18,0.0
4142,2439,122,-5,28.69,0.0
4143,2440,30,4,48.99,0.15
4144,2441,36,1,21.39,0.1
4145,2442,156,3,33.88,0.05
4146,2443,76,2,135.89,0.15
4147,2444,46,4,33.57,0.0
4148,2445,114,1,606.44,0.05
4149,2446,148,2,19.87,0.0
4150,2447,82,1,90.03,0.1
4151,2448,148,1,19.5,0.0
4152,2448,15,1,13.93,0.1
4153,2448,23,1,69.64,0.1
4154,2449,156,1,35.01,0.15
4155,2450,56,1,154.07,0.05
4156,2450,83,2,242.72,0.0
4157,2451,66,1,221.0,0.0
4158,2452,14,1,11.49,0.05
4159,2452,50,1,13.19,0.1
4160,2452,28,1,91.36,0.0
4161,2453,155,1,83.49,0.0
4162,2453,97,5,83.24,0.1
4163,2453,23,1,68.2,0.0
4164,2454,146,1,129.21,0.0
4165,2455,31,1,38.39,0.0
4166,2456,153,2,34.43,0.0
4167,2456,1,-1,100.38,0.0
4168,2457,125,2,107.95,0.05
4169,2457,34,1,25.69,0.15
4170,2458,121,1,132.02,0.1
4171,2459,81,2,54.54,0.0
4172,2460,97,2,84.53,0.05
4173,2461,43,1,57.7,0.05
4174,2461,114,1,597.99,0.0
4175,2462,51,1,84.96,0.0
4176,2462,15,3,13.62,0.0
4177,2463,62,2,55.6,0.0
4178,2464,35,1,137.39,0.15
4179,2464,100,1,52.28,0.1
4180,2464,157,1,354.19,0.15
4181,2464,9,1,41.7,0.15
4182,2465,132,1,69.89,0.1
4183,2465,6,1,53.66,0.15
4184,2466,41,1,127.51,0.05
4185,2466,120,2,127.65,0.1
4186,2467,93,1,33.97,0.1
4187,2468,150,1,87.12,0.15
4188,2469,43,1,58.9,0.0
4189,2469,145,1,82.86,0.15
4190,2469,95,1,45.37,0.0
4191,2470,10,2,106.65,0.0
4192,2471,108,1,74.91,0.0
4193,2472,19,1,28.99,0.05
4194,2473,14,2,11.82,0.0
4195,2474,111,1,11.68,0.0
4196,2474,131,1,15.84,0.0
4197,2474,46,2,33.15,0.0
4198,2475,135,1,28.07,0.0
4199,2476,58,2,50.1,0.15
4200,2477,9,1,42.1,0.0
4201,2478,36,1,21.12,0.1
4202,2478,66,2,217.26,0.05
4203,2479,94,1,49.16,0.0
4204,2479,99,1,64.36,0.1
4205,2480,109,3,80.78,0.0
4206,2481,14,2,11.71,0.15
4207,2481,10,4,104.14,0.05
4208,2482,160,2,114.41,0.0
4209,2482,112,2,63.82,0.1
4210,2483,80,4,10.74,0.0
4211,2484,108,1,75.77,0.15
4212,2485,66,3,219.39,0.0
4213,2486,12,1,43.3,0.0
4214,2487,95,3,46.13,0.0
4215,2488,11,3,42.05,0.0
4216,2489,126,3,458.58,0.15
4217,2489,11,2,43.77,0.0
4218,2489,12,2,42.19,0.0
4219,2490,97,1,86.51,0.15
4220,2491,102,1,44.48,0.05
4221,2492,49,1,89.84,0.0
4222,2493,114,3,586.85,0.0
4223,2494,28,2,91.25,0.15
4224,2494,48,1,166.3,0.15
4225,2495,82,1,87.88,0.05
4226,2496,1,2,103.43,0.0
4227,2497,50,1,12.99,0.0
4228,2498,47,1,43.42,0.05
4229,2499,32,3,341.52,0.0
4230,2499,78,1,49.31,0.1
4231,2500,91,5,69.2,0.1
4232,2501,147,1,21.74,0.05
4233,2501,35,1,139.05,0.0
4234,2501,78,1,49.55,0.05
4235,2502,147,1,21.41,0.15
4236,2502,141,1,77.89,0.05
4237,2503,158,3,101.69,0.1
4238,2503,144,1,76.48,0.0
4239,2504,11,3,43.81,0.0
4240,2505,64,3,22.22,0.0
4241,2506,24,4,17.58,0.0
4242,2507,21,1,244.1,0.0
4243,2508,25,3,39.48,0.15
4244,2509,89,1,41.09,0.0
4245,2510,58,3,48.89,0.0
4246,2510,37,1,80.09,0.05
4247,2511,3,1,115.69,0.0
4248,2512,153,1,35.15,0.1
4249,2513,107,2,358.12,0.15
4250,2514,9,2,42.07,0.1
4251,2514,100,1,52.78,0.0
4252,2515,79,2,69.83,0.1
4253,2515,5,3,52.38,0.0
4254,2516,118,1,22.41,0.0
4255,2517,105,1,55.67,0.0
4256,2517,20,4,18.47,0.0
4257,2518,91,2,70.37,0.1
4258,2518,82,2,90.22,0.0
4259,2519,69,1,89.67,0.0
4260,2520,140,1,20.94,0.0
4261,2520,1,2,99.97,0.05
4262,2521,58,1,49.01,0.15
4263,2521,124,1,18.82,0.05
4264,2522,26,1,73.49,0.15
4265,2522,100,1,53.59,0.15
4266,2522,116,1,84.15,0.0
4267,2523,101,5,18.13,0.0
4268,2523,142,1,205.67,0.15
4269,2524,74,1,269.71,0.05
4270,2524,152,2,89.47,0.0
4271,2524,145,1,83.64,0.05
4272,2525,122,3,28.52,0.0
4273,2526,18,1,88.4,0.0
4274,2527,74,1,262.67,0.1
4275,2528,120,4,130.36,0.0
4276,2529,7,1,263.7,0.15
4277,2529,32,5,338.04,0.1
4278,2530,127,3,26.32,0.0
4279,2531,109,1,80.87,0.0
4280,2532,57,2,30.77,0.0
4281,2533,114,1,595.45,0.0
4282,2533,21,1,240.73,0.15
4283,2534,127,3,26.68,0.0
4284,2534,143,2,15.08,0.05
4285,2535,134,1,100.5,0.15
4286,2536,100,1,52.59,0.0
4287,2536,141,1,81.5,0.1
4288,2537,82,1,90.16,0.05
4289,2538,89,2,39.46,0.1
4290,2538,56,5,151.93,0.0
4291,2539,19,1,28.28,0.0
4292,2540,97,1,83.61,0.0
4293,2541,141,1,80.9,0.0
4294,2542,158,2,97.86,0.0
4295,2543,61,2,43.31,0.0
4296,2543,39,1,19.74,0.05
4297,2544,141,1,81.55,0.0
4298,2545,21,1,248.53,0.15
4299,2545,87,1,148.48,0.0
4300,2546,8,2,128.46,0.05
4301,2547,127,2,26.84,0.0
4302,2547,125,1,110.66,0.0
4303,2548,20,2,18.63,0.0
4304,2548,159,1,21.69,0.0
4305,2549,38,1,11.21,0.0
4306,2550,61,1,41.82,0.1
4307,2550,22,1,53.26,0.0
4308,2551,6,1,52.54,0.0
4309,2552,21,3,242.56,0.0
4310,2553,129,1,71.07,0.15
4311,2554,96,4,17.03,0.1
4312,2554,156,3,33.92,0.15
4313,2555,74,1,267.84,0.1
4314,2556,158,1,97.71,0.15
4315,2557,30,1,50.06,0.05
4316,2558,96,4,17.18,0.0
4317,2558,3,1,115.13,0.05
4318,2559,112,1,63.91,0.1
4319,2559,31,1,37.87,0.0
4320,2560,49,4,86.77,0.0
4321,2560,35,3,133.67,0.15
4322,2561,126,1,472.21,0.1
4323,2561,154,1,81.73,0.05
4324,2562,95,1,44.58,0.0
4325,2562,133,2,25.13,0.1
4326,2563,95,2,46.11,0.0
4327,2564,110,2,60.02,0.05
4328,2565,85,1,31.63,0.0
4329,2565,1,1,99.79,0.0
4330,2566,81,4,52.47,0.0
4331,2566,66,1,218.16,0.0
4332,2567,34,1,24.52,0.0
4333,2568,37,2,78.01,0.0
4334,2568,40,2,75.96,0.0
4335,2568,92,1,154.07,0.1
4336,2568,71,1,91.48,0.0
4337,2569,149,3,103.7,0.1
4338,2569,21,1,240.33,0.05
4339,2570,158,1,100.77,0.05
4340,2570,137,1,32.4,0.1
4341,2570,2,3,57.87,0.05
4342,2570,71,2,90.4,0.0
4343,2571,109,4,80.14,0.05
4344,2571,98,1,82.72,0.0
4345,2572,128,2,39.06,0.0
4346,2573,8,2,128.36,0.15
4347,2573,34,1,25.7,0.15
4348,2574,12,4,42.51,0.1
4349,2574,125,2,110.7,0.0
4350,2575,30,2,48.87,0.0
4351,2575,43,1,59.64,0.1
4352,2576,116,2,83.29,0.0
4353,2576,34,3,24.8,0.15
4354,2576,12,1,42.3,0.0
4355,2576,50,2,13.5,0.15
4356,2577,101,2,18.17,0.0
4357,2577,85,1,30.62,0.15
4358,2578,133,1,25.52,0.0
4359,2579,59,1,86.15,0.0
4360,2580,131,3,15.73,0.0
4361,2581,12,2,41.97,0.1
4362,2581,46,1,33.51,0.05
4363,2581,5,1,52.05,0.0
4364,2581,134,2,97.95,0.0
4365,2582,101,1,18.35,0.05
4366,2583,58,1,49.98,0.1
4367,2584,88,1,87.88,0.0
4368,2585,160,2,119.12,0.0
4369,2585,57,1,30.81,0.0
4370,2585,145,1,84.03,0.0
4371,2586,128,1,39.31,0.0
4372,2587,156,1,33.74,0.0
4373,2587,133,1,24.6,0.0
4374,2588,50,1,13.28,0.15
4375,2589,38,2,11.38,0.05
4376,2589,4,4,261.56,0.15
4377,2589,14,2,11.47,0.0
4378,2590,98,1,81.08,0.0
4379,2590,56,2,152.7,0.05
4380,2591,97,1,84.93,0.1
4381,2591,46,1,34.62,0.1
4382,2591,14,1,11.63,0.1
4383,2592,65,2,133.11,0.1
4384,2592,129,3,71.56,0.1
4385,2593,159,4,22.57,0.0
4386,2594,151,1,81.62,0.05
4387,2595,135,1,28.68,0.0
4388,2596,22,1,53.32,0.05
4389,2597,60,3,156.34,0.0
4390,2597,148,2,19.44,0.0
4391,2598,123,1,224.52,0.05
4392,2599,106,2,95.93,0.05
4393,2600,47,2,42.02,0.15
4394,2600,147,1,20.86,0.15
4395,2601,26,2,73.12,0.1
4396,2602,118,1,23.24,0.0
4397,2602,84,1,41.47,0.0
4398,2603,119,1,178.2,0.0
4399,2603,24,2,17.85,0.05
4400,2603,107,1,349.89,0.0
4401,2604,159,1,21.71,0.0
4402,2604,157,1,355.98,0.0
4403,2605,47,1,43.17,0.0
4404,2606,6,1,52.59,0.0
4405,2607,21,1,241.31,0.1
4406,2607,92,1,158.83,0.1
4407,2608,110,2,61.78,0.05
4408,2608,34,3,25.31,0.0
4409,2609,55,1,161.91,0.15
4410,2609,120,3,129.14,0.15
4411,2610,132,2,69.23,0.15
4412,2611,128,2,38.28,0.0
4413,2612,158,1,100.63,0.0
4414,2612,28,1,93.19,0.0
4415,2612,146,5,131.89,0.05
4416,2613,152,1,88.68,0.05
4417,2614,48,2,171.87,0.0
4418,2614,146,1,131.31,0.0
4419,2614,114,2,607.03,0.15
4420,2615,27,1,23.66,0.0
4421,2616,121,1,133.03,0.0
4422,2617,155,1,82.77,0.15
4423,2618,95,1,46.59,0.0
4424,2619,145,1,83.01,0.0
4425,2620,44,1,50.25,0.05
4426,2621,34,1,25.27,0.1
4427,2621,32,1,341.11,0.0
4428,2622,90,1,105.04,0.05
4429,2622,79,4,72.29,0.0
4430,2622,15,5,13.6,0.0
4431,2623,27,1,22.73,0.0
4432,2623,32,2,340.88,0.0
4433,2624,3,2,118.74,0.1
4434,2624,125,1,110.8,0.05
4435,2624,152,1,90.65,0.1
4436,2625,73,1,62.09,0.0
4437,2626,49,1,88.82,0.1
4438,2627,69,2,89.18,0.0
4439,2628,119,1,180.94,0.0
4440,2629,78,1,49.23,0.0
4441,2629,6,2,53.11,0.15
4442,2630,25,2,39.88,0.1
4443,2631,51,2,88.48,0.05
4444,2631,43,1,59.35,0.0
4445,2632,104,1,31.79,0.15
4446,2632,34,1,24.53,0.1
4447,2632,49,2,90.24,0.15
4448,2633,126,1,467.65,0.1
4449,2634,111,1,11.81,0.05
4450,2634,88,2,88.5,0.0
4451,2635,60,1,156.92,0.0
4452,2635,84,2,39.76,0.05
4453,2636,56,1,153.91,0.0
4454,2637,141,2,80.11,0.0
4455,2638,116,5,85.65,0.0
4456,2638,105,1,57.36,0.0
4457,2639,103,1,48.34,0.0
4458,2640,27,1,23.53,0.0
4459,2641,91,1,69.42,0.1
4460,2641,90,1,104.6,0.1
4461,2641,151,2,80.42,0.0
4462,2642,73,1,61.49,0.05
4463,2643,123,1,228.6,0.0
4464,2643,157,2,343.19,0.05
4465,2643,74,1,259.31,0.15
4466,2644,33,1,62.91,0.1
4467,2644,83,1,246.74,0.05
4468,2645,47,1,42.05,0.0
4469,2646,66,1,224.76,0.0
4470,2646,25,2,40.83,0.05
4471,2646,56,4,152.67,0.15
4472,2646,101,1,18.29,0.05
4473,2647,69,2,91.5,0.0
4474,2647,4,2,259.18,0.15
4475,2647,91,3,71.32,0.0
4476,2648,90,1,100.76,0.0
4477,2649,76,3,135.08,0.15
4478,2650,122,5,28.24,0.1
4479,2651,100,2,53.73,0.1
4480,2652,72,4,259.67,0.1
4481,2652,153,1,34.36,0.0
4482,2653,116,3,84.79,0.0
4483,2654,156,1,34.49,0.15
4484,2654,150,2,83.7,0.0
4485,2654,144,1,74.98,0.15
4486,2654,14,2,11.54,0.0
4487,2655,12,2,41.82,0.0
4488,2655,82,1,90.41,0.1
4489,2656,116,2,85.7,0.05
4490,2657,146,4,130.23,0.15
4491,2657,133,1,24.59,0.0
4492,2658,130,1,40.9,0.1
4493,2659,28,1,91.27,0.0
4494,2659,83,2,244.6,0.15
4495,2660,140,1,21.06,0.0
4496,2661,14,3,11.54,0.0
4497,2661,72,1,257.54,0.15
4498,2661,12,1,42.23,0.05
4499,2661,81,4,53.67,0.0
4500,2662,37,3,78.76,0.15
4501,2663,48,3,168.06,0.0
4502,2664,137,1,32.85,0.1
4503,2664,91,2,71.36,0.0
4504,2665,81,1,54.55,0.15
4505,2666,97,2,82.88,0.0
4506,2667,31,1,38.0,0.15
4507,2668,71,2,92.16,0.0
4508,2669,157,1,354.24,0.0
4509,2669,5,1,53.73,0.1
4510,2669,52,2,46.18,0.0
4511,2670,131,2,15.81,0.0
4512,2671,96,1,17.73,0.0
4513,2672,38,1,11.07,0.0
4514,2673,51,2,86.66,0.05
4515,2673,53,1,35.06,0.1
4516,2674,30,1,50.57,0.0
4517,2674,149,2,102.34,0.15
4518,2675,159,1,21.95,0.0
4519,2676,159,1,22.7,0.05
4520,2676,132,2,67.54,0.1
4521,2676,101,3,18.36,0.0
4522,2677,78,2,49.34,0.0
4523,2677,98,1,82.68,0.05
4524,2678,147,1,21.43,0.0
4525,2678,4,3,252.34,0.1
4526,2678,100,2,52.88,0.05
4527,2679,37,1,76.92,0.0
4528,2679,142,1,211.76,0.0
4529,2680,43,2,58.23,0.0
4530,2681,77,2,69.43,0.0
4531,2681,144,5,75.34,0.1
4532,2682,157,1,354.14,0.0
4533,2682,153,1,34.9,0.0
4534,2682,129,1,72.33,0.05
4535,2682,131,3,16.16,0.05
4536,2683,111,1,11.35,0.0
4537,2684,137,2,32.72,0.1
4538,2684,152,4,86.64,0.05
4539,2685,159,4,21.97,0.05
4540,2686,143,3,15.26,0.15
4541,2687,89,3,39.9,0.0
4542,2688,121,2,133.86,0.05
4543,2688,107,2,353.32,0.05
4544,2688,150,4,85.53,0.0
4545,2689,7,1,269.21,0.05
4546,2690,13,2,79.3,0.15
4547,2690,104,3,31.09,0.0
4548,2690,14,2,11.7,0.0
4549,2691,147,1,21.4,0.15
4550,2691,105,1,55.66,0.1
4551,2692,130,1,41.85,0.0
4552,2692,4,1,257.32,0.0
4553,2693,92,2,155.8,0.1
4554,2693,94,1,49.59,0.0
4555,2693,49,1,87.58,0.05
4556,2693,15,1,14.08,0.05
4557,2694,25,2,39.41,0.0
4558,2694,151,1,82.48,0.15
4559,2694,137,1,32.07,0.0
4560,2694,50,4,13.41,0.05
4561,2695,1,1,99.22,0.1
4562,2695,91,1,70.25,0.0
4563,2696,111,4,11.53,0.0
4564,2697,85,1,31.23,0.0
4565,2697,61,1,42.4,0.1
4566,2698,34,1,25.31,0.1
4567,2699,139,1,133.19,0.0
4568,2700,34,5,25.56,0.05
4569,2700,4,1,255.92,0.1
4570,2700,130,1,41.05,0.0
4571,2701,22,1,53.07,0.1
4572,2701,41,1,124.83,0.15
4573,2702,90,1,105.81,0.0
4574,2703,13,4,79.61,0.0
4575,2704,59,1,89.33,0.1
4576,2705,52,1,46.59,0.0
4577,2706,160,2,116.68,0.0
4578,2706,18,1,88.2,0.0
4579,2707,2,2,57.31,0.1
4580,2707,20,3,18.14,0.0
4581,2707,160,1,119.59,0.0
4582,2707,136,1,268.56,0.0
4583,2708,61,1,41.54,0.1
4584,2709,77,5,69.41,0.15
4585,2710,92,1,154.82,0.15
4586,2710,104,3,31.44,0.0
4587,2710,148,2,19.33,0.05
4588,2711,124,1,18.59,0.15
4589,2712,14,1,11.61,0.0
4590,2713,70,1,36.82,0.0
4591,2714,61,1,41.63,0.15
4592,2715,10,1,105.23,0.05
4593,2716,128,1,39.11,0.0
4594,2717,54,1,110.42,0.1
4595,2717,40,1,77.74,0.05
4596,2718,68,1,157.01,0.0
4597,2718,59,1,88.38,0.0
4598,2718,62,1,54.0,0.0
4599,2719,14,4,11.44,0.0
4600,2719,6,1,53.33,0.0
4601,2720,21,2,242.35,0.05
4602,2721,9,4,43.17,0.05
4603,2722,77,1,71.32,0.05
4604,2723,16,1,38.69,0.15
4605,2724,88,2,89.11,0.0
4606,2725,69,1,89.61,0.05
4607,2726,27,2,23.09,0.15
4608,2727,66,1,221.29,0.0
4609,2728,17,1,26.05,0.0
4610,2729,124,1,18.75,0.0
4611,2729,121,1,133.49,0.0
4612,2729,57,5,30.69,0.0
4613,2730,36,2,21.17,0.05
4614,2731,48,1,169.25,0.1
4615,2731,46,1,34.55,0.1
4616,2732,80,1,10.85,0.0
4617,2732,128,1,39.39,0.0
4618,2732,158,1,100.13,0.15
4619,2733,115,1,54.35,0.0
4620,2734,84,1,41.32,0.0
4621,2735,55,1,161.94,0.0
4622,2736,63,1,24.44,0.05
4623,2737,85,1,31.06,0.0
4624,2738,82,1,90.77,0.0
4625,2739,131,1,16.41,0.0
4626,2739,116,1,86.54,0.0
4627,2740,62,1,54.43,0.05
4628,2740,91,1,71.32,0.0
4629,2740,92,3,155.23,0.05
4630,2740,30,1,50.63,0.1
4631,2741,76,1,138.42,0.1
4632,2741,42,3,76.26,0.0
4633,2741,3,1,113.54,0.0
4634,2742,68,2,158.37,0.0
4635,2742,11,1,41.79,0.05
4636,2742,90,3,102.31,0.1
4637,2743,31,2,37.79,0.0
4638,2744,87,2,148.26,0.1
4639,2744,114,1,588.75,0.1
4640,2745,130,2,40.41,0.0
4641,2745,37,1,78.04,0.0
4642,2745,106,1,91.35,0.0
4643,2746,108,3,75.96,0.0
4644,2746,128,2,39.61,0.05
4645,2747,35,1,135.88,0.15
4646,2748,101,1,17.82,0.15
4647,2748,13,1,82.75,0.05
4648,2749,143,1,15.68,0.0
4649,2749,133,1,24.74,0.05
4650,2750,6,1,53.95,0.15
4651,2751,95,2,44.57,0.05
4652,2751,128,2,38.48,0.05
4653,2752,67,3,60.09,0.05
4654,2753,106,4,91.89,0.15
4655,2753,24,4,18.35,0.1
4656,2754,114,-4,605.54,0.05
4657,2755,74,1,264.09,0.0
4658,2756,38,1,11.3,0.0
4659,2757,80,5,11.14,0.0
4660,2757,74,1,264.22,0.0
4661,2758,95,3,46.04,0.05
4662,2758,73,1,63.44,0.05
4663,2759,18,3,86.82,0.0
4664,2760,46,2,34.71,0.1
4665,2760,7,2,272.47,0.0
4666,2761,31,1,38.5,0.0
4667,2762,5,1,53.72,0.0
4668,2763,66,2,221.05,0.05
4669,2763,148,1,19.62,0.1
4670,2763,145,1,83.96,0.1
4671,2764,65,1,134.2,0.0
4672,2764,68,1,159.75,0.05
4673,2765,147,1,21.45,0.1
4674,2766,121,4,134.37,0.15
4675,2766,150,1,84.93,0.05
4676,2766,42,1,75.44,0.0
4677,2767,14,1,11.62,0.1
4678,2767,17,1,25.53,0.15
4679,2768,41,1,128.0,0.1
4680,2769,56,2,148.19,0.0
4681,2770,124,1,18.19,0.1
4682,2771,33,2,65.73,0.1
4683,2771,70,1,36.78,0.0
4684,2772,43,2,59.41,0.1
4685,2772,81,1,54.31,0.0
4686,2773,156,1,33.31,0.1
4687,2773,10,1,105.13,0.0
4688,2773,153,1,35.19,0.0
4689,2773,78,1,50.44,0.0
4690,2774,53,2,35.28,0.15
4691,2775,75,5,6.3,0.15
4692,2776,147,4,21.07,0.1
4693,2776,94,1,47.52,0.0
4694,2777,74,1,267.63,0.05
4695,2778,127,1,26.67,0.0
4696,2778,85,4,32.0,0.15
4697,2778,51,1,85.01,0.05
4698,2779,141,1,77.88,0.15
4699,2779,128,1,38.55,0.1
4700,2779,42,5,73.97,0.15
4701,2780,89,4,40.87,0.0
4702,2780,134,2,101.47,0.15
4703,2780,94,4,47.8,0.0
4704,2781,96,3,17.13,0.15
4705,2781,21,2,244.19,0.0
4706,2782,130,2,40.59,0.15
4707,2782,152,2,90.86,0.1
4708,2783,29,2,37.39,0.0
4709,2784,63,2,24.44,0.0
4710,2785,119,3,181.71,0.0
4711,2786,48,2,170.61,0.05
4712,2786,131,1,15.94,0.0
4713,2787,139,1,138.45,0.0
4714,2787,89,3,40.82,0.1
4715,2787,76,2,135.02,0.0
4716,2788,107,4,360.74,0.0
4717,2789,9,1,42.02,0.05
4718,2790,156,4,34.17,0.05
4719,2791,106,4,93.65,0.0
4720,2791,98,1,81.78,0.0
4721,2792,108,2,76.01,0.05
4722,2793,157,2,344.53,0.0
4723,2794,16,1,39.88,0.15
4724,2795,114,1,608.94,0.0
4725,2796,116,4,87.0,0.0
4726,2797,157,3,354.89,0.0
4727,2797,101,1,18.45,0.1
4728,2797,130,1,40.7,0.0
4729,2798,43,2,58.4,0.15
4730,2798,18,4,85.06,0.0
4731,2799,54,1,111.91,0.05
4732,2799,99,5,64.42,0.0
4733,2799,49,1,89.12,0.1
4734,2800,118,2,23.25,0.0
4735,2800,56,2,149.74,0.1
4736,2800,13,2,81.24,0.15
4737,2801,24,2,17.95,0.15
4738,2801,108,3,76.9,0.1
4739,2801,154,1,81.2,0.15
4740,2802,68,5,160.96,0.1
4741,2802,131,2,15.87,0.05
4742,2802,105,5,55.98,0.1
4743,2803,125,3,109.34,0.1
4744,2804,121,1,131.75,0.1
4745,2805,48,2,168.94,0.15
4746,2805,159,2,22.06,0.0
4747,2806,106,5,91.67,0.15
4748,2807,83,2,241.04,0.05
4749,2808,139,3,134.61,0.0
4750,2808,87,2,146.9,0.0
4751,2808,38,2,11.3,0.15
4752,2809,77,1,70.32,0.0
4753,2810,91,2,70.6,0.15
4754,2811,85,1,31.48,0.1
4755,2811,96,2,17.05,0.05
4756,2812,80,1,11.04,0.0
4757,2813,147,3,21.55,0.0
4758,2813,119,1,177.24,0.05
4759,2813,134,2,101.99,0.1
4760,2814,14,1,11.45,0.0
4761,2815,31,1,37.21,0.1
4762,2816,85,1,31.88,0.0
4763,2816,66,1,218.21,0.05
4764,2817,26,1,73.66,0.05
4765,2818,107,2,353.89,0.0
4766,2818,140,1,21.32,0.0
4767,2819,52,1,44.86,0.05
4768,2819,54,1,114.45,0.15
4769,2820,16,2,39.27,0.0
4770,2821,82,2,90.95,0.15
4771,2822,102,1,44.12,0.05
4772,2823,90,2,103.58,0.0
4773,2823,134,1,100.1,0.0
4774,2824,145,2,84.03,0.15
4775,2825,25,1,40.85,0.0
4776,2826,39,2,19.85,0.0
4777,2827,84,3,41.07,0.0
4778,2828,61,5,41.51,0.0
4779,2828,46,4,34.39,0.0
4780,2828,101,5,18.04,0.15
4781,2829,31,1,37.9,0.05
4782,2829,39,1,20.02,0.0
4783,2829,12,1,43.83,0.05
4784,2830,160,1,116.58,0.15
4785,2831,153,4,34.45,0.0
4786,2831,85,1,31.4,0.0
4787,2831,89,2,39.98,0.0
4788,2832,33,1,65.66,0.0
4789,2833,120,4,124.64,0.15
4790,2834,19,1,29.24,0.15
4791,2834,9,1,41.54,0.0
4792,2834,152,2,87.4,0.1
4793,2835,156,2,33.47,0.0
4794,2835,50,5,12.96,0.05
4795,2836,112,1,64.05,0.0
4796,2837,111,2,11.34,0.0
4797,2837,26,2,71.1,0.0
4798,2837,4,1,250.31,0.05
4799,2837,123,1,229.43,0.15
4800,2838,57,1,30.41,0.05
4801,2839,147,4,21.82,0.0
4802,2840,117,1,63.64,0.15
4803,2841,40,2,78.47,0.0
4804,2842,156,3,34.41,0.15
4805,2842,72,2,261.31,0.05
4806,2842,102,1,43.52,0.1
4807,2842,10,1,104.75,0.05
4808,2843,116,2,85.75,0.05
4809,2843,99,1,65.97,0.15
4810,2843,50,1,13.28,0.0
4811,2844,61,1,42.18,0.1
4812,2845,44,1,49.16,0.15
4813,2845,52,2,46.89,0.0
4814,2845,134,1,99.49,0.0
4815,2846,27,1,22.91,0.1
4816,2846,90,2,101.14,0.0
4817,2846,9,1,42.7,0.05
4818,2846,108,3,77.44,0.0
4819,2847,115,1,55.23,0.15
4820,2848,27,2,22.5,0.0
4821,2849,142,1,212.91,0.0
4822,2850,28,3,92.28,0.1
4823,2850,102,1,45.42,0.15
4824,2851,40,2,78.39,0.0
4825,2852,79,2,68.85,0.1
4826,2852,153,1,35.35,0.0
4827,2853,95,1,45.85,0.05
4828,2853,135,1,28.25,0.15
4829,2853,4,1,257.11,0.05
4830,2854,17,3,25.86,0.05
4831,2854,15,3,13.52,0.1
4832,2854,93,1,33.73,0.0
4833,2855,97,1,84.08,0.05
4834,2855,71,4,91.76,0.15
4835,2856,128,2,39.61,0.15
4836,2857,7,1,269.62,0.0
4837,2858,132,2,70.15,0.1
4838,2858,120,2,129.86,0.0
4839,2859,157,2,349.83,0.0
4840,2860,103,1,48.3,0.0
4841,2860,70,1,36.05,0.05
4842,2860,1,2,101.31,0.1
4843,2861,160,1,115.71,0.0
4844,2862,119,2,185.18,0.1
4845,2863,73,1,64.07,0.0
4846,2864,59,2,86.81,0.0
4847,2864,13,2,82.9,0.05
4848,2864,73,1,61.49,0.0
4849,2864,133,1,24.53,0.1
4850,2865,54,4,110.0,0.1
4851,2866,48,1,171.37,0.1
4852,2866,88,1,86.02,0.15
4853,2867,76,1,134.23,0.1
4854,2868,97,1,83.9,0.0
4855,2869,135,1,28.22,0.05
4856,2870,160,1,117.59,0.15
4857,2870,2,1,55.94,0.15
4858,2871,133,1,25.3,0.15
4859,2871,74,2,272.49,0.1
4860,2872,151,1,81.84,0.15
4861,2873,26,1,71.96,0.0
4862,2874,52,1,46.22,0.0
4863,2874,75,1,6.3,0.15
4864,2874,61,1,42.76,0.15
4865,2874,37,1,78.92,0.1
4866,2875,36,1,21.67,0.0
4867,2876,160,1,116.83,0.0
4868,2876,105,2,56.27,0.05
4869,2876,85,1,31.51,0.15
4870,2877,52,2,46.67,0.1
4871,2878,41,1,123.28,0.1
4872,2878,17,1,26.67,0.0
4873,2879,51,1,86.2,0.0
4874,2880,48,1,167.58,0.0
4875,2880,91,4,71.04,0.0
4876,2880,102,1,44.1,0.1
4877,2881,125,1,112.69,0.1
4878,2881,25,3,40.66,0.05
4879,2882,68,2,162.13,0.05
4880,2883,61,2,41.93,0.1
4881,2884,110,2,61.97,0.0
4882,2884,38,1,11.2,0.1
4883,2885,148,1,20.09,0.1
4884,2886,100,1,51.94,0.0
4885,2887,52,4,45.12,0.0
4886,2887,85,1,32.01,0.0
4887,2887,90,3,104.79,0.1
4888,2887,109,3,83.92,0.0
4889,2888,98,2,80.55,0.0
4890,2889,149,1,101.96,0.0
4891,2889,75,1,6.2,0.05
4892,2889,69,2,88.54,0.0
4893,2890,146,1,132.73,0.0
4894,2891,121,1,133.54,0.0
4895,2891,64,3,22.04,0.15
4896,2891,2,1,58.03,0.05
4897,2892,23,1,68.25,0.0
4898,2893,99,3,65.94,0.15
4899,2893,145,3,82.33,0.0
4900,2894,120,1,126.9,0.05
4901,2894,122,1,28.63,0.1
4902,2895,46,1,33.97,0.15
4903,2896,60,1,155.06,0.0
4904,2897,85,1,30.61,0.15
4905,2898,91,1,70.13,0.0
4906,2899,105,1,56.69,0.0
4907,2900,1,1,99.95,0.0
4908,2901,133,1,24.41,0.1
4909,2902,67,1,62.4,0.0
4910,2902,105,2,55.92,0.05
4911,2902,31,1,37.14,0.15
4912,2903,111,1,11.3,0.1
4913,2904,152,1,87.94,0.0
4914,2905,37,3,79.13,0.0
4915,2905,15,1,13.65,0.0
4916,2906,7,1,264.64,0.0
4917,2907,58,3,48.68,0.05
4918,2908,117,1,64.19,0.0
4919,2908,80,2,10.89,0.15
4920,2908,120,2,129.05,0.0
4921,2908,124,2,18.85,0.0
4922,2909,65,1,134.03,0.1
4923,2910,23,2,68.9,0.15
4924,2911,116,2,85.74,0.15
4925,2911,117,1,61.94,0.0
4926,2911,63,5,23.71,0.0
4927,2911,53,1,35.54,0.0
4928,2912,26,2,70.23,0.0
4929,2913,123,4,232.79,0.15
4930,2914,120,1,125.09,0.05
4931,2915,74,2,268.55,0.0
4932,2916,142,1,208.09,0.15
4933,2917,25,1,39.44,0.1
4934,2917,157,1,340.51,0.0
4935,2918,157,1,347.1,0.0
4936,2918,40,4,78.07,0.15
4937,2919,61,1,42.11,0.0
4938,2920,115,1,54.42,0.0
4939,2921,76,2,139.47,0.1
4940,2921,88,1,88.66,0.0
4941,2921,45,1,16.91,0.0
4942,2922,83,2,252.14,0.0
4943,2923,56,1,153.64,0.0
4944,2923,47,1,42.77,0.1
4945,2924,120,2,130.29,0.05
4946,2924,135,1,28.54,0.0
4947,2925,108,3,75.05,0.05
4948,2926,142,1,208.51,0.0
4949,2926,34,1,24.62,0.0
4950,2927,136,1,268.62,0.05
4951,2927,10,2,108.23,0.1
4952,2927,94,1,48.85,0.15
4953,2927,82,3,91.41,0.1
4954,2928,15,1,13.76,0.15
4955,2928,27,1,22.53,0.1
4956,2929,35,2,133.36,0.05
4957,2930,88,1,85.56,0.0
4958,2930,108,1,75.41,0.0
4959,2931,136,1,256.14,0.0
4960,2932,41,1,124.84,0.0
4961,2933,46,4,33.59,0.0
4962,2934,2,1,57.49,0.1
4963,2935,94,1,47.67,0.05
4964,2935,33,1,65.32,0.0
4965,2935,141,1,80.66,0.0
4966,2936,27,1,23.34,0.15
4967,2937,105,1,57.04,0.0
4968,2938,89,3,40.36,0.15
4969,2939,19,1,28.3,0.1
4970,2940,57,2,31.29,0.0
4971,2941,17,1,25.95,0.0
4972,2941,111,3,11.4,0.0
4973,2942,122,1,28.54,0.0
4974,2942,99,1,63.83,0.15
4975,2943,56,4,148.12,0.1
4976,2944,59,2,89.18,0.0
4977,2944,156,2,33.34,0.0
4978,2944,12,1,42.18,0.0
4979,2945,3,2,119.41,0.1
4980,2945,76,1,139.68,0.0
4981,2945,60,3,155.21,0.0
4982,2945,72,1,257.64,0.0
4983,2946,146,2,129.09,0.15
4984,2947,78,2,48.82,0.05
4985,2947,87,2,145.57,0.05
4986,2948,122,1,28.37,0.05
4987,2949,38,1,11.3,0.0
4988,2949,147,1,21.87,0.0
4989,2950,41,4,124.38,0.1
4990,2950,84,1,41.55,0.05
4991,2951,3,5,115.69,0.0
4992,2952,132,2,67.54,0.0
4993,2953,2,3,57.62,0.05
4994,2954,25,5,40.66,0.0
4995,2955,155,2,84.44,0.0
4996,2956,34,2,24.93,0.1
4997,2956,1,1,103.06,0.1
4998,2957,67,1,59.66,0.0
4999,2958,16,2,39.62,0.0
5000,2959,135,2,28.07,0.15
5001,2960,78,1,50.03,0.05
5002,2961,70,1,35.69,0.0
5003,2962,106,2,93.64,0.15
5004,2963,56,4,149.61,0.0
5005,2963,14,1,11.67,0.0
5006,2964,116,2,83.34,0.0
5007,2964,107,1,358.6,0.05
5008,2965,140,4,21.36,0.0
5009,2965,91,1,71.53,0.0
5010,2965,77,1,70.76,0.1
5011,2966,123,1,225.46,0.0
5012,2966,48,2,168.93,0.1
5013,2967,19,1,29.21,0.0
5014,2968,114,1,609.4,0.15
5015,2969,154,2,79.4,0.05
5016,2969,138,1,49.22,0.15
5017,2969,142,1,206.1,0.1
5018,2970,73,2,61.47,0.0
5019,2971,83,4,241.06,0.05
5020,2971,54,1,111.26,0.0
5021,2972,65,5,134.56,0.0
5022,2973,15,1,13.85,0.1
5023,2974,149,1,102.08,0.0
5024,2975,19,1,29.11,0.1
5025,2976,72,2,254.03,0.0
5026,2976,112,1,64.47,0.1
5027,2976,64,1,22.25,0.05
5028,2977,8,1,129.31,0.0
5029,2977,126,2,466.69,0.0
5030,2977,160,1,117.7,0.0
5031,2978,78,1,48.48,0.0
5032,2979,154,1,81.78,0.0
5033,2979,124,4,18.27,0.0
5034,2980,157,2,341.21,0.0
5035,2981,46,3,34.13,0.05
5036,2982,135,1,28.1,0.0
5037,2982,56,1,149.22,0.0
5038,2982,8,1,128.81,0.15
5039,2983,78,3,49.93,0.05
5040,2983,73,1,61.64,0.05
5041,2984,40,1,78.17,0.0
5042,2985,149,1,104.94,0.1
5043,2986,92,1,158.78,0.05
5044,2987,26,1,71.18,0.15
5045,2987,52,1,45.58,0.0
5046,2987,151,1,81.53,0.0
5047,2988,55,2,168.34,0.15
5048,2988,111,1,11.41,0.0
5049,2988,146,2,134.04,0.15
5050,2988,115,2,54.93,0.05
5051,2989,69,3,87.98,0.0
5052,2989,77,1,68.83,0.15
5053,2989,47,1,42.06,0.1
5054,2989,5,2,53.29,0.0
5055,2990,128,1,38.38,0.1
5056,2990,59,1,86.09,0.0
5057,2990,152,1,89.67,0.05
5058,2990,142,1,216.21,0.05
5059,2991,159,1,21.93,0.05
5060,2992,30,3,50.82,0.1
5061,2992,13,2,79.34,0.15
5062,2992,69,1,91.9,0.1
5063,2992,31,3,38.76,0.1
5064,2993,21,1,240.2,0.1
5065,2994,65,2,138.51,0.0
5066,2994,134,1,97.25,0.0
5067,2994,3,4,118.91,0.0
5068,2994,129,5,69.63,0.0
5069,2995,159,1,22.03,0.0
5070,2995,70,1,36.74,0.0
5071,2995,113,1,69.08,0.0
5072,2996,143,5,15.62,0.0
5073,2996,32,4,345.33,0.15
5074,2997,16,1,40.04,0.0
5075,2997,17,2,26.24,0.05
5076,2997,72,3,253.6,0.0
5077,2998,64,1,22.36,0.0
5078,2999,122,1,28.15,0.05
5079,2999,34,4,25.43,0.0
5080,3000,89,1,39.82,0.15
5081,3001,108,5,78.02,0.05
5082,3001,113,2,68.93,0.0
5083,3001,101,3,18.35,0.05
5084,3001,10,4,108.65,0.1
5085,3002,147,2,21.49,0.1
5086,3002,41,2,129.5,0.15
5087,3002,71,2,90.79,0.0
5088,3003,149,3,102.61,0.0
5089,3004,31,3,37.29,0.1
5090,3004,132,1,67.84,0.0
5091,3005,11,1,43.48,0.15
5092,3005,108,1,77.55,0.05
5093,3006,56,3,147.95,0.1
5094,3006,48,1,171.88,0.05
5095,3007,50,4,13.33,0.05
5096,3008,45,1,17.27,0.0
5097,3008,63,1,24.23,0.15
5098,3008,62,1,55.61,0.05
5099,3008,135,2,28.56,0.0
5100,3009,78,2,50.92,0.15
5101,3009,100,2,52.35,0.0
5102,3010,96,1,17.07,0.15
5103,3011,52,2,45.65,0.0
5104,3011,120,3,125.67,0.15
5105,3012,14,2,11.83,0.0
5106,3012,63,1,24.54,0.0
5107,3012,54,1,114.38,0.0
5108,3012,143,2,15.18,0.1
5109,3013,73,1,64.25,0.1
5110,3014,96,4,17.02,0.0
5111,3015,97,1,86.82,0.0
5112,3016,71,2,89.74,0.0
5113,3016,137,1,32.62,0.0
5114,3016,121,3,131.38,0.0
5115,3017,88,3,89.21,0.05
5116,3018,118,1,23.2,0.0
5117,3018,122,2,28.72,0.05
5118,3019,87,2,149.78,0.15
5119,3020,111,1,11.65,0.1
5120,3020,132,1,70.01,0.0
5121,3020,47,5,42.31,0.1
5122,3021,125,2,110.36,0.0
5123,3022,138,1,47.81,0.1
5124,3023,35,1,135.05,0.0
5125,3024,17,2,25.54,0.0
5126,3025,89,2,39.95,0.1
5127,3026,67,1,60.77,0.05
5128,3026,63,2,23.59,0.15
5129,3027,90,5,105.45,0.0
5130,3028,114,2,581.94,0.0
5131,3028,145,1,81.91,0.1
5132,3028,105,4,57.18,0.15
5133,3028,14,5,11.62,0.0
5134,3029,120,2,129.0,0.1
5135,3030,141,1,79.51,0.1
5136,3031,154,2,80.46,0.0
5137,3032,35,1,139.21,0.1
5138,3033,113,1,68.15,0.0
5139,3033,62,2,54.1,0.1
5140,3034,2,1,56.27,0.0
5141,3034,68,1,161.59,0.0
5142,3035,119,1,179.49,0.0
5143,3035,142,3,207.48,0.05
5144,3036,35,1,137.02,0.0
5145,3037,26,2,72.07,0.0
5146,3038,46,1,33.74,0.05
5147,3038,138,1,49.1,0.0
5148,3039,27,2,22.5,0.1
5149,3040,13,3,81.05,0.05
5150,3041,28,5,89.09,0.05
5151,3041,116,3,84.09,0.0
5152,3041,23,1,67.98,0.15
5153,3042,81,1,52.53,0.05
5154,3043,80,1,10.96,0.05
5155,3044,84,1,40.16,0.0
5156,3044,49,4,89.51,0.0
5157,3045,119,2,180.92,0.05
5158,3046,128,3,38.45,0.0
5159,3047,48,1,165.45,0.05
5160,3047,30,1,49.1,0.0
5161,3047,89,1,40.25,0.0
5162,3048,96,1,17.57,0.0
5163,3048,37,2,79.57,0.0
5164,3049,26,2,72.9,0.0
5165,3049,100,3,51.45,0.15
5166,3050,155,2,85.97,0.0
5167,3050,106,1,95.76,0.15
5168,3051,54,2,110.14,0.0
5169,3052,109,2,80.98,0.0
5170,3052,72,2,256.05,0.0
5171,3052,15,1,13.61,0.0
5172,3052,40,1,75.99,0.0
5173,3053,117,1,63.38,0.0
5174,3054,101,1,18.16,0.15
5175,3055,159,3,22.77,0.0
5176,3055,120,3,128.96,0.15
5177,3056,149,1,105.8,0.0
5178,3057,66,1,223.77,0.0
5179,3058,90,2,105.49,0.1
5180,3059,87,1,146.91,0.05
5181,3060,67,1,61.16,0.0
5182,3060,76,2,134.26,0.0
5183,3061,150,1,84.57,0.15
5184,3062,111,1,11.83,0.0
5185,3063,100,1,53.94,0.15
5186,3064,67,2,60.78,0.0
5187,3065,86,1,41.33,0.1
5188,3066,70,2,35.61,0.15
5189,3066,92,1,152.58,0.0
5190,3067,119,1,184.93,0.1
5191,3068,70,2,37.11,0.0
5192,3069,9,2,43.13,0.15
5193,3069,58,1,48.09,0.05
5194,3070,121,4,131.33,0.0
5195,3070,13,1,80.22,0.15
5196,3070,110,1,61.43,0.0
5197,3071,67,2,59.46,0.0
5198,3071,146,1,132.4,0.0
5199,3072,14,1,11.62,0.0
5200,3072,85,1,32.16,0.15
5201,3072,93,1,33.81,0.1
5202,3073,132,1,68.62,0.0
5203,3074,82,2,89.9,0.0
5204,3075,16,2,38.54,0.0
5205,3076,67,1,60.6,0.0
5206,3077,140,1,21.1,0.0
5207,3078,43,2,57.51,0.05
5208,3078,136,2,264.17,0.0
5209,3079,69,4,89.73,0.0
5210,3080,113,2,69.24,0.1
5211,3081,69,1,91.61,0.1
5212,3082,122,2,29.23,0.1
5213,3083,10,1,106.73,0.05
5214,3083,154,1,79.25,0.05
5215,3084,130,1,41.82,0.0
5216,3084,13,1,78.79,0.05
5217,3084,118,1,22.84,0.0
5218,3084,45,1,17.48,0.0
5219,3085,82,2,91.35,0.0
5220,3086,53,1,35.55,0.1
5221,3086,50,5,13.05,0.05
5222,3087,78,2,48.83,0.0
5223,3087,30,2,51.15,0.1
5224,3088,35,1,138.61,0.0
5225,3088,56,2,149.53,0.1
5226,3089,49,1,89.42,0.05
5227,3089,46,2,33.25,0.15
5228,3089,39,1,19.4,0.1
5229,3090,111,4,11.36,0.0
5230,3091,143,1,15.53,0.05
5231,3092,87,1,144.57,0.0
5232,3092,111,2,11.35,0.15
5233,3092,79,2,69.11,0.1
5234,3093,158,1,99.79,0.15
5235,3094,149,1,101.7,0.0
5236,3094,146,1,132.31,0.0
5237,3094,113,1,70.32,0.05
5238,3094,137,3,31.78,0.15
5239,3095,25,1,40.57,0.0
5240,3095,113,2,67.77,0.0
5241,3095,20,3,17.88,0.0
5242,3095,10,3,108.66,0.15
5243,3096,12,1,43.21,0.0
5244,3097,21,2,239.99,0.1
5245,3098,89,2,41.27,0.1
5246,3098,142,1,212.1,0.1
5247,3098,120,1,127.27,0.1
5248,3098,66,4,218.73,0.1
5249,3099,46,2,34.82,0.0
5250,3100,8,3,131.62,0.1
5251,3100,73,1,63.48,0.0
5252,3101,41,4,128.12,0.05
5253,3102,33,1,63.01,0.1
5254,3102,55,-1,164.77,0.15
5255,3103,7,5,274.46,0.0
5256,3104,52,3,46.28,0.1
5257,3105,63,1,23.89,0.0
5258,3106,123,3,225.34,0.0
5259,3106,61,1,42.51,0.0
5260,3106,58,1,49.47,0.0
5261,3107,27,1,22.88,0.0
5262,3108,97,1,83.14,0.1
5263,3108,56,1,152.48,0.15
5264,3108,102,1,44.44,0.15
5265,3109,37,1,77.89,0.1
5266,3110,135,2,28.3,0.0
5267,3111,120,1,130.25,0.15
5268,3111,31,2,36.88,0.0
5269,3112,95,1,44.58,0.0
5270,3112,126,-4,460.96,0.05
5271,3113,123,1,235.6,0.0
5272,3114,52,5,46.32,0.15
5273,3115,135,1,28.45,0.05
5274,3116,3,4,114.45,0.0
5275,3116,23,4,70.49,0.1
5276,3116,158,2,98.17,0.1
5277,3117,101,1,18.47,0.15
5278,3117,15,2,13.52,0.0
5279,3118,64,2,21.84,0.15
5280,3119,44,3,49.75,0.0
5281,3120,100,2,52.42,0.0
5282,3121,3,1,116.62,0.15
5283,3122,20,1,18.44,0.0
5284,3123,106,4,91.26,0.0
5285,3123,31,1,38.66,0.05
5286,3123,5,1,53.97,0.15
5287,3123,57,1,30.02,0.0
5288,3124,21,1,243.91,0.0
5289,3125,70,4,36.75,0.15
5290,3125,54,1,109.91,0.05
5291,3125,47,2,43.99,0.1
5292,3126,91,2,71.5,0.05
5293,3127,32,2,336.34,0.1
5294,3127,81,1,54.37,0.1
5295,3127,41,4,127.58,0.0
5296,3128,99,1,63.74,0.05
5297,3128,89,1,39.98,0.0
5298,3129,125,1,107.55,0.0
5299,3129,26,1,71.75,0.05
5300,3130,158,1,101.66,0.0
5301,3130,107,2,348.28,0.1
5302,3130,136,1,268.83,0.05
5303,3131,96,3,17.19,0.1
5304,3131,42,4,77.09,0.0
5305,3131,5,1,51.73,0.0
5306,3132,76,2,136.17,0.0
5307,3133,42,1,76.05,0.0
5308,3133,1,1,103.01,0.15
5309,3133,16,1,38.41,0.05
5310,3134,85,2,31.44,0.15
5311,3135,148,1,19.41,0.0
5312,3135,106,2,95.03,0.0
5313,3136,127,1,26.05,0.15
5314,3136,27,2,23.33,0.0
5315,3137,149,1,101.68,0.05
5316,3137,102,4,44.7,0.15
5317,3138,14,4,11.67,0.0
5318,3139,79,2,71.29,0.15
5319,3139,25,1,39.72,0.0
5320,3140,127,1,26.07,0.0
5321,3140,18,2,84.81,0.0
5322,3140,62,3,55.09,0.05
5323,3141,112,4,65.01,0.15
5324,3142,158,2,99.72,0.0
5325,3142,88,-4,89.51,0.0
5326,3143,99,1,65.67,0.05
5327,3144,84,2,39.91,0.05
5328,3144,126,1,462.27,0.0
5329,3145,122,1,29.06,0.0
5330,3146,95,2,46.1,0.1
5331,3147,69,1,92.29,0.1
5332,3148,131,4,15.75,0.05
5333,3149,34,2,24.79,0.15
5334,3150,9,1,43.22,0.1
5335,3151,69,1,89.15,0.0
5336,3152,78,2,49.98,0.0
5337,3153,151,2,81.86,0.05
5338,3154,55,2,166.08,0.0
5339,3155,142,2,212.1,0.05
5340,3156,113,2,69.08,0.15
5341,3157,128,1,39.91,0.0
5342,3157,103,1,47.26,0.0
5343,3157,28,3,92.59,0.05
5344,3158,29,2,37.69,0.0
5345,3159,114,1,602.44,0.0
5346,3160,16,1,38.43,0.0
5347,3160,64,3,22.14,0.0
5348,3161,79,1,70.59,0.0
5349,3162,30,2,48.96,0.1
5350,3163,75,2,6.11,0.05
5351,3163,49,1,90.15,0.0
5352,3163,124,1,18.49,0.15
5353,3164,73,1,64.25,0.0
5354,3164,46,1,34.25,0.05
5355,3164,121,1,132.66,0.0
5356,3165,90,2,103.4,0.1
5357,3165,131,1,16.13,0.15
5358,3165,138,1,49.88,0.0
5359,3166,94,4,49.25,0.0
5360,3167,68,2,159.75,0.0
5361,3167,159,1,21.71,0.0
5362,3167,155,2,84.25,0.0
5363,3168,6,2,53.61,0.15
5364,3169,88,1,87.96,0.15
5365,3169,78,1,49.41,0.0
5366,3170,53,1,36.18,0.0
5367,3171,51,1,85.5,0.0
5368,3171,110,2,59.98,0.15
5369,3172,37,3,78.39,0.15
5370,3172,141,3,81.65,0.05
5371,3173,55,1,165.59,0.1
5372,3173,48,1,170.73,0.0
5373,3174,84,1,40.16,0.0
5374,3175,152,1,90.27,0.0
5375,3175,111,3,11.59,0.0
5376,3175,87,2,148.95,0.1
5377,3176,54,3,112.63,0.15
5378,3176,141,1,79.34,0.05
5379,3176,106,2,95.22,0.1
5380,3177,5,5,52.01,0.1
5381,3178,44,1,50.46,0.1
5382,3178,38,4,11.16,0.0
5383,3179,9,1,41.65,0.05
5384,3180,143,4,15.06,0.05
5385,3180,112,4,62.25,0.05
5386,3181,83,1,248.48,0.05
5387,3181,65,1,136.05,0.1
5388,3182,66,1,220.86,0.1
5389,3183,125,1,108.17,0.0
5390,3183,147,2,21.44,0.15
5391,3184,67,1,62.43,0.0
5392,3185,124,1,18.7,0.1
5393,3186,26,1,72.79,0.0
5394,3187,89,2,40.58,0.0
5395,3188,62,1,54.56,0.05
5396,3189,93,2,34.06,0.15
5397,3190,150,1,84.26,0.15
5398,3191,121,1,135.79,0.0
5399,3192,83,1,242.87,0.05
5400,3193,95,3,45.38,0.0
5401,3194,96,1,17.78,0.15
5402,3195,41,4,123.9,0.05
5403,3196,140,2,21.54,0.1
5404,3197,135,1,28.51,0.1
5405,3197,80,4,10.86,0.1
5406,3198,147,1,20.84,0.0
5407,3199,132,2,70.89,0.0
5408,3200,95,2,45.38,0.0
5409,3201,26,1,70.34,0.0
5410,3202,101,4,17.96,0.0
5411,3203,50,2,13.21,0.0
5412,3204,18,3,87.03,0.0
5413,3204,98,3,81.02,0.0
5414,3205,105,1,56.79,0.1
5415,3205,62,1,53.68,0.05
5416,3205,114,1,594.14,0.1
5417,3205,139,1,138.03,0.0
5418,3206,52,2,44.97,0.05
5419,3207,83,1,240.65,0.05
5420,3208,59,3,89.21,0.0
5421,3208,68,2,158.03,0.0
5422,3209,68,4,158.12,0.0
5423,3210,6,2,51.35,0.0
5424,3211,122,1,29.33,0.1
5425,3212,12,5,42.98,0.15
5426,3213,153,2,35.93,0.05
5427,3214,154,1,81.67,0.05
5428,3214,141,1,78.04,0.0
5429,3215,69,2,88.4,0.0
5430,3216,103,3,46.57,0.15
5431,3217,81,1,52.39,0.15
5432,3217,126,2,455.74,0.0
5433,3218,43,2,57.48,0.0
5434,3218,121,1,134.97,0.1
5435,3218,92,2,157.36,0.15
5436,3219,31,2,37.92,0.15
5437,3220,65,1,136.45,0.05
5438,3221,50,1,13.06,0.15
5439,3222,35,1,133.51,0.15
5440,3223,79,2,70.62,0.05
5441,3223,155,2,84.85,0.05
5442,3223,67,1,61.04,0.0
5443,3224,57,1,31.25,0.0
5444,3225,152,2,87.82,0.05
5445,3225,154,1,79.02,0.0
5446,3226,140,1,21.82,0.0
5447,3227,49,1,87.38,0.0
5448,3227,12,1,42.25,0.0
5449,3228,91,2,72.19,0.0
5450,3229,141,1,78.16,0.1
5451,3229,52,1,46.35,0.1
5452,3229,106,2,94.09,0.05
5453,3229,78,3,50.33,0.1
5454,3230,135,3,27.9,0.0
5455,3230,44,1,48.63,0.0
5456,3231,61,2,42.1,0.15
5457,3232,32,2,346.88,0.0
5458,3232,160,2,117.93,0.0
5459,3232,118,1,22.33,0.0
5460,3233,30,2,49.98,0.0
5461,3233,130,2,42.25,0.15
5462,3234,54,1,114.54,0.0
5463,3234,8,2,128.51,0.0
5464,3235,81,1,52.86,0.1
5465,3236,18,1,87.52,0.05
5466,3236,125,2,110.92,0.05
5467,3236,160,5,119.27,0.0
5468,3237,80,1,11.14,0.0
5469,3238,141,1,80.22,0.0
5470,3238,96,3,17.38,0.0
5471,3239,15,3,14.02,0.1
5472,3240,101,4,18.6,0.15
5473,3241,146,1,133.92,0.15
5474,3241,36,2,21.8,0.0
5475,3241,40,1,79.49,0.05
5476,3242,77,1,68.59,0.0
5477,3243,150,3,83.28,0.1
5478,3244,128,2,38.67,0.0
5479,3245,6,3,52.94,0.15
5480,3245,96,2,17.39,0.1
5481,3246,12,1,41.96,0.15
5482,3246,111,1,11.78,0.1
5483,3246,23,4,68.69,0.15
5484,3246,45,2,16.81,0.05
5485,3247,95,5,46.15,0.1
5486,3248,47,1,43.14,0.05
5487,3248,76,3,139.52,0.05
5488,3248,66,2,225.41,0.0
5489,3249,1,2,103.01,0.15
5490,3250,46,2,34.24,0.15
5491,3250,92,3,151.89,0.1
5492,3250,17,1,25.84,0.0
5493,3250,104,2,31.42,0.1
5494,3251,127,1,26.5,0.05
5495,3252,86,2,42.17,0.0
5496,3252,127,1,27.05,0.15
5497,3253,135,2,28.0,0.0
5498,3253,47,1,42.28,0.15
5499,3253,67,4,61.68,0.15
5500,3254,134,2,99.24,0.15
5501,3255,120,5,130.65,0.0
5502,3256,89,1,39.85,0.0
5503,3257,139,1,136.15,0.05
5504,3258,92,1,159.31,0.1
5505,3259,146,4,130.78,0.0
5506,3259,5,3,51.81,0.0
5507,3260,23,1,67.47,0.05
5508,3261,20,1,18.4,0.15
5509,3262,60,3,155.54,0.15
5510,3262,146,2,134.32,0.0
5511,3263,64,1,21.71,0.0
5512,3263,88,2,88.36,0.1
5513,3263,146,1,128.35,0.0
5514,3263,19,1,28.84,0.0
5515,3264,28,2,88.86,0.0
5516,3264,57,1,29.85,0.0
5517,3265,111,1,11.4,0.1
5518,3266,6,2,53.18,0.0
5519,3267,97,1,82.72,0.1
5520,3268,103,2,46.59,0.0
5521,3268,138,2,49.85,0.1
5522,3269,92,1,157.32,0.0
5523,3270,1,1,101.97,0.0
5524,3270,143,1,15.68,0.15
5525,3270,159,5,22.58,0.05
5526,3271,89,2,40.01,0.0
5527,3272,148,3,20.28,0.0
5528,3273,101,1,18.19,0.05
5529,3274,74,-3,259.18,0.1
5530,3275,81,1,53.01,0.0
5531,3275,79,2,71.86,0.0
5532,3276,31,1,38.0,0.0
5533,3277,58,1,49.96,0.0
5534,3277,125,3,111.53,0.0
5535,3278,145,4,80.26,0.15
5536,3278,11,3,42.9,0.0
5537,3279,38,3,11.24,0.0
5538,3280,63,4,24.04,0.0
5539,3280,41,1,128.89,0.05
5540,3280,150,3,86.38,0.0
5541,3281,8,1,127.66,0.1
5542,3282,73,4,64.46,0.05
5543,3283,134,2,100.23,0.0
5544,3284,14,1,11.78,0.0
5545,3284,44,2,50.45,0.1
5546,3285,18,2,84.18,0.0
5547,3286,130,1,40.32,0.0
5548,3287,123,3,233.31,0.1
5549,3288,104,1,32.25,0.05
5550,3289,86,2,41.44,0.05
5551,3290,61,1,43.24,0.0
5552,3291,114,2,589.13,0.1
5553,3292,10,1,106.3,0.0
5554,3292,84,3,41.21,0.0
5555,3292,139,1,136.51,0.0
5556,3293,147,1,21.72,0.0
5557,3294,33,2,64.03,0.05
5558,3294,125,1,108.36,0.05
5559,3294,24,1,18.08,0.0
5560,3295,95,1,46.4,0.1
5561,3295,156,1,33.83,0.0
5562,3296,75,1,6.22,0.05
5563,3296,95,2,45.83,0.0
5564,3296,5,1,51.8,0.0
5565,3297,54,4,111.46,0.0
5566,3298,130,2,40.72,0.0
5567,3298,85,1,31.17,0.0
5568,3298,37,2,80.05,0.15
5569,3299,56,2,153.88,0.1
5570,3300,123,3,227.25,0.15
5571,3300,120,1,129.51,0.0
5572,3301,84,1,40.89,0.05
5573,3301,146,1,133.28,0.05
5574,3302,47,1,42.85,0.0
5575,3302,58,2,50.48,0.0
5576,3303,117,1,61.73,0.15
5577,3303,79,1,69.3,0.0
5578,3304,72,1,263.35,0.0
5579,3304,86,4,42.25,0.15
5580,3304,82,1,89.03,0.0
5581,3305,129,4,69.8,0.0
5582,3305,128,4,38.84,0.0
5583,3306,65,3,133.32,0.0
5584,3306,144,1,76.36,0.0
5585,3306,123,2,226.17,0.15
5586,3307,118,3,22.22,0.0
5587,3307,106,3,94.82,0.0
5588,3308,78,2,49.78,0.1
5589,3308,26,2,73.04,0.15
5590,3309,30,1,49.83,0.05
5591,3309,132,1,69.99,0.15
5592,3309,100,5,53.65,0.1
5593,3310,86,1,40.47,0.0
5594,3310,101,3,17.89,0.0
5595,3311,139,1,136.4,0.05
5596,3311,108,1,75.6,0.0
5597,3311,103,2,47.25,0.1
5598,3312,31,1,37.52,0.05
5599,3312,131,3,16.25,0.05
5600,3313,108,1,78.01,0.0
5601,3314,21,1,244.39,0.0
5602,3314,98,1,83.68,0.15
5603,3314,152,1,90.35,0.05
5604,3314,1,1,100.73,0.0
5605,3315,80,1,10.84,0.0
5606,3315,78,1,49.03,0.0
5607,3315,146,2,134.56,0.15
5608,3315,6,1,51.5,0.1
5609,3316,105,1,57.18,0.15
5610,3316,81,1,53.36,0.0
5611,3317,138,1,49.78,0.0
5612,3317,128,2,40.03,0.0
5613,3317,154,3,81.41,0.15
5614,3317,134,1,101.76,0.0
5615,3318,11,2,43.04,0.0
5616,3319,7,1,274.13,0.1
5617,3319,57,2,30.49,0.05
5618,3320,23,1,69.81,0.0
5619,3320,141,1,81.17,0.15
5620,3320,10,1,107.14,0.1
5621,3321,30,4,49.35,0.0
5622,3321,45,3,17.55,0.0
5623,3322,149,3,104.6,0.1
5624,3323,135,2,28.7,0.1
5625,3323,92,2,156.3,0.15
5626,3324,113,3,69.71,0.0
5627,3324,18,3,86.71,0.15
5628,3325,10,2,107.87,0.0
5629,3326,157,1,340.27,0.05
5630,3326,104,1,31.52,0.1
5631,3326,28,2,89.65,0.0
5632,3327,6,1,52.08,0.15
5633,3328,73,1,63.67,0.1
5634,3329,14,3,11.46,0.1
5635,3329,151,1,82.44,0.15
5636,3329,31,-1,37.63,0.15
5637,3330,137,1,32.58,0.15
5638,3331,121,3,133.71,0.05
5639,3332,53,3,35.83,0.0
5640,3332,12,3,42.28,0.1
5641,3332,133,2,25.17,0.0
5642,3333,15,4,13.61,0.0
5643,3333,47,2,42.01,0.0
5644,3334,19,2,28.92,0.0
5645,3334,125,1,112.66,0.0
5646,3335,108,1,77.05,0.05
5647,3335,127,2,27.12,0.05
5648,3335,82,1,90.41,0.0
5649,3335,45,3,16.86,0.1
5650,3336,40,1,78.01,0.15
5651,3336,135,3,28.33,0.05
5652,3336,28,1,90.13,0.1
5653,3336,18,1,85.39,0.0
5654,3337,76,1,138.47,0.0
5655,3338,52,2,46.45,0.0
5656,3338,20,1,18.42,0.15
5657,3339,44,1,49.64,0.1
5658,3340,21,1,237.83,0.1
5659,3341,148,1,19.85,0.15
5660,3342,86,1,42.36,0.0
5661,3342,70,3,36.28,0.1
5662,3342,3,1,116.95,0.1
5663,3343,121,3,129.87,0.15
5664,3343,126,1,455.77,0.05
5665,3344,28,1,90.28,0.1
5666,3344,1,1,100.13,0.15
5667,3344,75,1,6.19,0.0
5668,3344,10,1,106.18,0.05
5669,3345,96,4,17.61,0.1
5670,3346,124,2,18.6,0.0
5671,3347,13,1,79.88,0.1
5672,3347,93,1,34.76,0.0
5673,3347,4,5,260.36,0.0
5674,3347,67,3,62.25,0.0
5675,3348,71,1,90.77,0.1
5676,3348,24,2,17.67,0.0
5677,3348,140,1,21.68,0.0
5678,3349,88,4,86.78,0.0
5679,3349,61,1,43.05,0.0
5680,3349,76,1,137.25,0.0
5681,3350,153,2,35.2,0.15
5682,3351,64,2,22.03,0.0
5683,3352,158,4,101.9,0.05
5684,3353,94,1,47.18,0.0
5685,3354,11,1,43.36,0.05
5686,3355,96,2,17.08,0.0
5687,3356,108,1,77.38,0.0
5688,3356,101,2,17.82,0.0
5689,3356,71,1,92.0,0.1
5690,3356,155,3,84.49,0.0
5691,3357,65,1,133.21,0.15
5692,3358,131,3,16.22,0.1
5693,3358,139,1,134.5,0.0
5694,3359,112,3,64.33,0.1
5695,3360,132,3,69.61,0.1
5696,3360,142,1,208.68,0.0
5697,3361,18,1,84.58,0.15
5698,3361,113,3,67.21,0.15
5699,3361,73,1,62.88,0.05
5700,3362,128,2,38.9,0.0
5701,3362,45,2,17.24,0.1
5702,3362,139,1,133.83,0.15
5703,3363,83,2,247.47,0.1
5704,3363,92,2,152.07,0.15
5705,3364,109,1,82.59,0.0
5706,3364,116,1,86.38,0.0
5707,3365,48,4,166.92,0.0
5708,3365,34,1,24.74,0.05
5709,3365,156,2,34.93,0.15
5710,3366,32,3,348.82,0.15
5711,3367,146,5,129.21,0.0
5712,3368,104,1,32.14,0.0
5713,3368,155,3,85.57,0.05
5714,3369,89,2,40.53,0.0
5715,3369,2,1,58.32,0.0
5716,3370,94,4,48.77,0.0
5717,3371,46,1,34.67,0.1
5718,3371,29,1,38.4,0.05
5719,3372,45,1,17.31,0.0
5720,3372,138,1,48.43,0.1
5721,3373,18,2,85.79,0.0
5722,3374,33,1,64.91,0.0
5723,3375,2,2,56.76,0.0
5724,3376,157,3,350.86,0.0
5725,3376,78,2,49.68,0.0
5726,3377,52,2,45.0,0.0
5727,3377,36,1,21.75,0.0
5728,3378,39,1,19.97,0.0
5729,3379,95,2,46.79,0.15
5730,3380,15,1,14.01,0.0
5731,3380,132,2,68.17,0.05
5732,3380,51,1,87.92,0.1
5733,3381,125,1,111.63,0.0
5734,3381,130,1,42.12,0.0
5735,3382,69,3,88.79,0.0
5736,3383,130,2,41.7,0.0
5737,3384,145,2,81.92,0.0
5738,3384,47,1,42.57,0.0
5739,3384,119,1,182.95,0.0
5740,3385,71,1,91.79,0.0
5741,3385,2,2,57.83,0.0
5742,3386,33,2,63.68,0.15
5743,3386,65,4,138.54,0.15
5744,3387,157,2,346.29,0.0
5745,3387,113,1,67.76,0.0
5746,3387,142,2,214.03,0.0
5747,3388,72,1,258.76,0.0
5748,3388,36,2,22.22,0.15
5749,3389,96,1,17.67,0.0
5750,3390,38,1,10.87,0.1
5751,3390,16,1,38.61,0.0
5752,3390,63,1,23.76,0.1
5753,3391,27,1,23.61,0.0
5754,3392,152,2,89.78,0.0
5755,3393,158,1,98.84,0.15
5756,3393,50,2,13.36,0.0
5757,3393,105,1,56.78,0.05
5758,3394,33,5,62.66,0.05
5759,3395,158,1,99.54,0.0
5760,3396,104,4,32.31,0.0
5761,3397,143,1,15.4,0.1
5762,3398,41,1,125.63,0.0
5763,3398,36,1,21.5,0.0
5764,3399,139,2,133.28,0.15
5765,3400,14,2,11.64,0.0
5766,3400,68,1,156.53,0.0
5767,3401,63,2,24.12,0.15
5768,3402,118,1,22.53,0.05
5769,3403,139,5,132.0,0.1
5770,3403,26,2,72.21,0.0
5771,3404,132,3,68.23,0.15
5772,3404,155,4,84.01,0.0
5773,3404,95,2,45.52,0.0
5774,3405,20,1,18.02,0.0
5775,3406,80,1,10.68,0.0
5776,3406,108,1,77.02,0.0
5777,3407,126,4,474.93,0.15
5778,3407,56,1,151.41,0.0
5779,3408,75,2,6.3,0.0
5780,3408,85,1,31.5,0.05
5781,3409,117,3,62.52,0.0
5782,3410,69,4,91.95,0.1
5783,3410,83,1,240.24,0.1
5784,3410,21,1,239.71,0.0
5785,3411,57,3,29.79,0.1
5786,3411,148,3,20.27,0.05
5787,3411,65,1,132.86,0.0
5788,3412,90,2,105.26,0.05
5789,3412,30,2,49.01,0.0
5790,3413,68,2,159.92,0.0
5791,3413,32,2,336.76,0.0
5792,3414,99,1,65.67,0.0
5793,3415,45,1,16.95,0.1
5794,3415,53,4,35.32,0.15
5795,3416,78,3,50.67,0.05
5796,3416,21,1,248.25,0.0
5797,3416,93,1,35.0,0.1
5798,3417,116,2,87.18,0.0
5799,3418,98,1,82.47,0.1
5800,3419,24,2,17.96,0.0
5801,3420,77,1,69.93,0.0
5802,3421,107,4,346.33,0.1
5803,3422,135,1,27.92,0.0
5804,3423,158,1,101.91,0.0
5805,3424,108,2,76.17,0.05
5806,3425,123,1,225.39,0.15
5807,3425,41,2,123.27,0.15
5808,3425,154,4,80.23,0.15
5809,3425,12,1,42.99,0.0
5810,3426,32,1,339.19,0.15
5811,3427,137,1,32.9,0.05
5812,3427,131,1,15.82,0.15
5813,3427,36,2,21.61,0.0
5814,3428,59,1,88.12,0.1
5815,3428,16,2,40.02,0.0
5816,3429,36,2,21.9,0.0
5817,3429,155,1,85.44,0.0
5818,3430,12,1,43.38,0.1
5819,3431,139,1,132.33,0.15
5820,3431,88,1,89.07,0.1
5821,3431,159,1,22.19,0.15
5822,3431,82,4,90.22,0.0
5823,3432,70,1,35.63,0.05
5824,3432,83,4,249.23,0.0
5825,3433,4,1,261.61,0.05
5826,3433,93,2,35.2,0.05
5827,3433,80,4,11.06,0.0
5828,3434,65,1,138.06,0.15
5829,3435,110,2,61.38,0.15
5830,3435,158,1,100.07,0.1
5831,3436,95,3,45.73,0.0
5832,3437,17,4,26.55,0.0
5833,3438,3,2,119.06,0.15
5834,3439,136,1,256.53,0.1
5835,3439,145,1,84.22,0.0
5836,3440,105,2,56.66,0.0
5837,3441,35,1,133.18,0.05
5838,3442,87,1,151.71,0.15
5839,3443,105,1,56.54,0.1
5840,3444,36,1,21.94,0.05
5841,3445,92,1,158.76,0.0
5842,3445,3,1,118.41,0.0
5843,3446,52,3,45.97,0.15
5844,3446,55,1,166.86,0.05
5845,3447,3,3,118.85,0.15
5846,3448,118,1,22.54,0.0
5847,3448,44,2,50.01,0.1
5848,3448,2,1,57.74,0.0
5849,3448,119,1,185.37,0.0
5850,3449,120,1,125.46,0.0
5851,3449,8,1,131.36,0.0
5852,3450,152,3,88.66,0.0
5853,3451,94,1,47.79,0.15
5854,3451,92,2,154.08,0.0
5855,3451,160,1,117.09,0.05
5856,3452,53,4,34.87,0.1
5857,3452,93,1,35.21,0.05
5858,3453,55,2,164.87,0.0
5859,3454,139,1,133.59,0.15
5860,3454,94,3,48.76,0.05
5861,3455,100,1,53.07,0.0
5862,3455,12,1,43.83,0.15
5863,3455,64,1,22.13,0.0
5864,3456,132,1,70.52,0.1
5865,3456,27,1,22.61,0.15
5866,3457,83,1,246.91,0.1
5867,3458,139,1,134.23,0.0
5868,3458,112,2,62.48,0.0
5869,3459,65,5,132.58,0.1
5870,3460,132,1,68.77,0.0
5871,3461,68,1,160.11,0.0
5872,3461,54,2,112.0,0.0
5873,3462,50,1,13.59,0.0
5874,3462,128,3,39.98,0.0
5875,3462,29,1,37.21,0.15
5876,3462,158,2,97.33,0.0
5877,3463,156,3,34.13,0.0
5878,3464,93,1,34.39,0.0
5879,3465,14,1,11.42,0.0
5880,3465,86,1,42.29,0.05
5881,3465,127,2,27.34,0.15
5882,3465,115,5,54.66,0.0
5883,3466,27,1,23.01,0.0
5884,3466,87,2,150.5,0.05
5885,3467,74,5,264.07,0.15
5886,3468,39,1,19.58,0.15
5887,3468,3,2,114.73,0.0
5888,3469,79,2,70.92,0.0
5889,3469,109,1,81.06,0.1
5890,3470,42,1,75.47,0.0
5891,3471,91,1,71.44,0.0
5892,3472,13,4,82.61,0.0
5893,3473,17,4,26.0,0.15
5894,3474,23,2,68.99,0.0
5895,3474,145,1,81.48,0.15
5896,3474,127,1,27.24,0.0
5897,3475,17,4,26.33,0.0
5898,3475,71,4,89.63,0.0
5899,3475,127,5,26.23,0.0
5900,3475,87,1,150.54,0.0
5901,3476,152,3,90.22,0.0
5902,3476,94,1,47.83,0.0
5903,3477,52,1,45.65,0.0
5904,3478,111,1,11.38,0.0
5905,3479,45,1,17.4,0.0
5906,3480,45,1,17.32,0.0
5907,3480,134,3,101.16,0.05
5908,3481,37,1,77.05,0.1
5909,3481,133,1,25.44,0.0
5910,3481,108,1,77.3,0.1
5911,3482,148,1,20.08,0.0
5912,3482,38,1,10.91,0.0
5913,3483,39,1,20.15,0.1
5914,3484,128,1,39.99,0.15
5915,3484,59,2,87.23,0.0
5916,3484,35,1,136.47,0.1
5917,3484,48,1,166.84,0.0
5918,3485,7,2,265.01,0.0
5919,3486,66,1,215.94,0.1
5920,3487,116,1,84.02,0.15
5921,3487,63,2,24.38,0.0
5922,3488,147,1,21.15,0.15
5923,3488,131,1,15.81,0.0
5924,3488,28,3,92.34,0.0
5925,3488,48,1,169.94,0.0
5926,3489,147,2,21.13,0.05
5927,3489,155,1,83.93,0.0
5928,3489,113,2,67.84,0.0
5929,3490,149,1,102.71,0.0
5930,3491,104,2,30.83,0.0
5931,3491,17,2,25.91,0.05
5932,3492,100,1,53.48,0.15
5933,3492,129,1,71.24,0.0
5934,3493,152,2,87.94,0.05
5935,3494,153,1,34.78,0.1
5936,3495,152,2,90.78,0.15
5937,3496,123,1,228.32,0.0
5938,3497,1,2,104.24,0.05
5939,3498,89,1,39.35,0.15
5940,3498,110,2,62.17,0.0
5941,3499,34,2,25.49,0.05
5942,3500,74,1,259.42,0.15
5943,3500,68,1,161.04,0.0
5944,3501,107,1,352.95,0.1
5945,3501,11,3,43.09,0.0
5946,3502,112,2,64.42,0.05
5947,3502,19,2,29.14,0.1
5948,3503,153,5,35.71,0.0
5949,3504,56,1,151.75,0.0
5950,3504,21,2,246.99,0.0
5951,3504,149,2,103.21,0.0
5952,3505,104,1,31.45,0.0
5953,3505,17,1,26.57,0.15
5954,3505,49,2,89.43,0.15
5955,3506,28,1,90.1,0.15
5956,3506,114,1,589.2,0.0
5957,3507,84,1,41.58,0.1
5958,3507,133,2,25.28,0.0
5959,3507,31,1,37.13,0.0
5960,3507,102,1,44.48,0.0
5961,3508,96,3,17.54,0.0
5962,3508,44,5,49.92,0.0
5963,3509,107,3,351.8,0.1
5964,3510,92,1,153.17,0.0
5965,3511,39,1,19.9,0.0
5966,3511,34,3,24.55,0.1
5967,3512,23,2,68.47,0.05
5968,3513,96,1,17.35,0.0
5969,3514,16,1,39.69,0.0
5970,3515,3,1,117.72,0.05
5971,3516,9,1,43.41,0.0
5972,3517,87,4,149.76,0.0
5973,3517,118,1,22.35,0.1
5974,3518,29,4,37.2,0.0
5975,3519,122,1,28.37,0.05
5976,3519,6,1,53.34,0.15
5977,3519,110,3,62.32,0.15
5978,3519,35,3,136.56,0.15
5979,3520,43,1,59.83,0.1
5980,3520,139,1,133.96,0.1
5981,3521,92,1,159.15,0.15
5982,3521,18,1,84.07,0.1
5983,3522,114,3,593.29,0.0
5984,3522,84,1,41.26,0.1
5985,3523,54,1,111.02,0.0
5986,3524,36,2,21.58,0.15
5987,3524,51,3,86.95,0.15
5988,3524,76,1,139.1,0.05
5989,3525,104,1,30.92,0.0
5990,3526,59,1,88.81,0.0
5991,3526,41,2,129.35,0.0
5992,3527,150,1,84.49,0.0
5993,3528,137,2,31.5,0.1
5994,3529,106,1,92.3,0.15
5995,3529,42,1,76.26,0.0
5996,3530,153,2,35.16,0.0
5997,3531,55,2,162.03,0.1
5998,3531,48,3,169.95,0.05
5999,3531,15,4,13.98,0.0
6000,3532,58,2,50.16,0.0
6001,3533,45,4,17.53,0.1
6002,3534,65,2,136.35,0.1
6003,3534,101,1,18.17,0.15
6004,3535,116,2,87.24,0.15
6005,3535,64,1,22.39,0.0
6006,3536,87,2,149.75,0.15
6007,3537,89,1,40.69,0.0
6008,3538,27,1,23.28,0.0
6009,3538,129,1,69.36,0.0
6010,3539,20,1,18.13,0.15
6011,3539,73,1,63.07,0.0
6012,3539,54,1,112.77,0.0
6013,3539,88,1,87.04,0.0
6014,3540,42,1,74.48,0.05
6015,3541,103,2,47.07,0.15
6016,3542,96,1,17.71,0.05
6017,3542,124,3,18.53,0.1
6018,3543,69,2,89.1,0.05
6019,3543,118,1,23.29,0.0
6020,3543,132,1,67.62,0.05
6021,3544,152,1,87.32,0.1
6022,3544,40,1,78.02,0.1
6023,3545,44,2,49.22,0.0
6024,3545,128,1,39.58,0.05
6025,3545,127,1,26.67,0.0
6026,3546,130,1,40.42,0.0
6027,3547,102,2,44.34,0.1
6028,3548,129,2,69.6,0.0
6029,3548,53,1,35.34,0.15
6030,3548,147,1,21.58,0.0
6031,3548,140,1,21.43,0.0
6032,3549,67,3,60.4,0.0
6033,3550,108,1,75.54,0.0
6034,3551,107,1,357.34,0.0
6035,3551,120,2,126.54,0.05
6036,3552,160,2,117.7,0.0
6037,3552,105,3,57.65,0.0
6038,3552,147,1,21.8,0.0
6039,3553,103,1,48.13,0.15
6040,3554,15,1,13.82,0.15
6041,3554,142,1,208.78,0.0
6042,3555,61,2,41.53,0.0
6043,3556,16,1,38.58,0.05
6044,3556,110,2,59.48,0.15
6045,3557,12,1,42.74,0.05
6046,3557,73,1,64.29,0.0
6047,3557,74,3,260.42,0.15
6048,3558,39,3,19.59,0.0
6049,3559,17,1,26.6,0.0
6050,3560,19,5,29.0,0.1
6051,3561,148,3,19.39,0.0
6052,3562,6,1,53.74,0.15
6053,3563,45,1,17.07,0.0
6054,3564,121,4,130.61,0.0
6055,3565,51,1,85.21,0.15
6056,3565,7,2,267.6,0.0
6057,3565,103,1,48.73,0.0
6058,3566,30,1,50.9,0.0
6059,3566,55,1,164.59,0.05
6060,3566,148,1,19.79,0.1
6061,3566,115,2,54.84,0.05
6062,3567,6,2,53.16,0.15
6063,3568,143,1,15.34,0.0
6064,3568,149,1,106.07,0.0
6065,3568,122,1,27.98,0.05
6066,3569,159,1,21.74,0.15
6067,3570,127,5,27.14,0.0
6068,3571,5,1,53.06,0.05
6069,3572,81,1,52.81,0.0
6070,3573,130,4,40.28,0.15
6071,3574,83,3,251.33,0.0
6072,3575,115,1,53.56,0.15
6073,3576,68,1,163.32,0.05
6074,3577,33,2,63.2,0.05
6075,3578,69,-2,92.12,0.05
6076,3578,129,3,70.22,0.05
6077,3579,105,1,56.35,0.0
6078,3580,35,1,135.74,0.05
6079,3581,60,1,157.29,0.0
6080,3582,152,1,86.56,0.0
6081,3582,119,1,178.41,0.0
6082,3583,12,2,42.74,0.0
6083,3583,83,4,251.7,0.0
6084,3584,91,2,72.59,0.1
6085,3585,136,1,262.5,0.0
6086,3585,151,2,82.33,0.0
6087,3586,4,2,257.63,0.0
6088,3587,3,2,117.67,0.1
6089,3587,131,1,16.27,0.0
6090,3588,16,3,38.79,0.0
6091,3588,20,4,18.1,0.0
6092,3588,90,1,101.45,0.0
6093,3589,143,1,15.18,0.1
6094,3590,45,1,17.5,0.05
6095,3591,88,1,86.37,0.0
6096,3591,132,2,69.69,0.0
6097,3592,97,4,86.1,0.05
6098,3592,131,3,16.06,0.05
6099,3593,33,3,62.87,0.0
6100,3593,149,1,105.48,0.05
6101,3594,35,1,133.34,0.0
6102,3595,70,2,37.11,0.0
6103,3595,59,1,85.76,0.1
6104,3596,131,3,15.91,0.05
6105,3596,56,1,150.4,0.15
6106,3596,102,1,45.28,0.05
6107,3597,46,1,33.25,0.0
6108,3597,23,1,69.67,0.0
6109,3597,70,1,35.67,0.1
6110,3597,116,1,85.96,0.05
6111,3598,83,1,239.81,0.05
6112,3598,136,3,257.18,0.05
6113,3599,89,2,40.53,0.0
6114,3599,137,4,32.58,0.15
6115,3599,20,1,18.39,0.0
6116,3600,23,1,69.8,0.0
6117,3601,64,4,21.9,0.0
6118,3601,39,1,20.13,0.1
6119,3601,9,1,42.72,0.1
6120,3602,160,1,116.08,0.0
6121,3603,144,2,74.92,0.0
6122,3604,91,1,72.46,0.15
6123,3605,40,1,79.61,0.0
6124,3606,108,1,76.25,0.0
6125,3606,138,1,48.63,0.0
6126,3607,43,1,58.96,0.0
6127,3607,151,4,81.76,0.0
6128,3608,101,1,17.87,0.05
6129,3608,109,1,81.96,0.05
6130,3609,67,1,60.97,0.1
6131,3609,32,1,342.42,0.1
6132,3609,79,3,70.41,0.0
6133,3610,130,1,40.63,0.0
6134,3611,50,3,13.04,0.1
6135,3611,126,3,473.16,0.0
6136,3612,101,3,18.22,0.1
6137,3613,112,-1,64.82,0.0
6138,3614,67,1,59.38,0.0
6139,3615,3,-1,115.36,0.0
6140,3615,47,1,43.66,0.05
6141,3616,17,1,26.7,0.0
6142,3617,15,2,14.1,0.0
6143,3617,95,2,45.33,0.15
6144,3618,48,1,166.43,0.0
6145,3618,15,5,13.72,0.0
6146,3619,11,2,41.87,0.0
6147,3620,84,1,41.7,0.0
6148,3620,149,1,105.09,0.05
6149,3620,116,2,84.39,0.15
6150,3620,9,2,41.63,0.05
6151,3621,64,3,22.09,0.15
6152,3622,142,3,211.18,0.0
6153,3623,143,2,15.36,0.15
6154,3624,60,1,156.43,0.0
6155,3625,45,1,17.1,0.0
6156,3626,37,2,78.89,0.15
6157,3626,62,1,53.75,0.0
6158,3626,103,1,47.95,0.0
6159,3627,132,3,67.39,0.15
6160,3627,92,1,157.06,0.15
6161,3627,87,2,149.77,0.0
6162,3628,131,1,16.23,0.1
6163,3629,145,2,83.97,0.15
6164,3630,80,3,11.01,0.15
6165,3630,9,1,42.12,0.05
6166,3631,51,1,88.18,0.15
6167,3632,144,1,75.12,0.1
6168,3632,22,2,52.82,0.05
6169,3633,17,2,26.29,0.0
6170,3633,44,1,49.31,0.1
6171,3634,15,1,13.44,0.1
6172,3635,38,1,10.89,0.05
6173,3635,36,1,21.77,0.0
6174,3636,126,1,477.95,0.15
6175,3636,53,1,36.12,0.0
6176,3636,65,1,136.59,0.05
6177,3636,51,2,88.42,0.05
6178,3637,58,1,48.4,0.1
6179,3638,66,4,224.19,0.0
6180,3639,145,2,80.44,0.1
6181,3640,148,1,20.03,0.0
6182,3641,70,2,35.53,0.0
6183,3642,67,1,60.37,0.15
6184,3643,81,1,54.44,0.05
6185,3644,15,1,13.43,0.15
6186,3645,58,1,49.96,0.0
6187,3646,37,2,80.06,0.0
6188,3647,10,2,104.22,0.05
6189,3647,120,2,128.56,0.1
6190,3647,91,3,71.77,0.0
6191,3648,92,1,159.02,0.15
6192,3649,36,2,21.31,0.15
6193,3650,147,3,21.18,0.15
6194,3651,47,1,42.99,0.0
6195,3651,105,1,57.17,0.0
6196,3652,60,1,160.38,0.0
6197,3653,18,1,85.08,0.0
6198,3653,63,5,24.29,0.15
6199,3654,39,1,20.11,0.15
6200,3654,111,2,11.55,0.0
6201,3654,60,1,155.57,0.1
6202,3654,1,2,100.12,0.15
6203,3655,143,3,15.42,0.05
6204,3655,133,1,25.58,0.05
6205,3656,115,3,53.86,0.05
6206,3656,106,2,92.82,0.0
6207,3656,131,1,15.95,0.0
6208,3657,3,2,114.02,0.0
6209,3657,51,5,86.23,0.05
6210,3658,140,1,21.02,0.0
6211,3659,45,1,17.19,0.05
6212,3659,112,2,62.53,0.0
6213,3660,44,2,50.67,0.0
6214,3661,100,2,51.48,0.1
6215,3661,80,2,11.05,0.0
6216,3662,92,3,156.9,0.0
6217,3662,40,1,77.59,0.0
6218,3662,94,2,49.22,0.0
6219,3663,105,1,57.21,0.0
6220,3664,136,2,260.49,0.15
6221,3664,18,1,87.17,0.0
6222,3664,139,2,132.36,0.1
6223,3665,98,3,80.49,0.1
6224,3665,40,1,78.33,0.05
6225,3666,71,1,89.87,0.0
6226,3666,115,1,54.91,0.0
6227,3667,90,1,105.47,0.0
6228,3668,64,2,22.59,0.05
6229,3668,52,1,45.8,0.0
6230,3669,106,1,94.49,0.0
6231,3670,101,1,18.43,0.0
6232,3671,107,3,359.22,0.0
6233,3672,55,1,164.02,0.05
6234,3672,103,1,48.21,0.0
6235,3672,106,2,92.71,0.15
6236,3673,4,1,254.44,0.05
6237,3673,60,4,154.65,0.15
6238,3673,56,1,146.49,0.15
6239,3674,64,1,22.1,0.05
6240,3674,55,4,164.24,0.05
6241,3675,91,2,70.85,0.0
6242,3676,153,1,34.48,0.0
6243,3677,37,5,80.02,0.15
6244,3677,146,5,133.11,0.0
6245,3678,31,3,37.68,0.15
6246,3678,160,4,118.95,0.1
6247,3679,111,1,11.76,0.0
6248,3680,143,1,15.11,0.1
6249,3681,146,2,133.29,0.05
6250,3681,78,2,49.28,0.1
6251,3681,117,3,64.62,0.0
6252,3681,100,4,52.84,0.1
6253,3682,75,3,6.22,0.0
6254,3682,68,1,161.17,0.0
6255,3683,43,1,59.77,0.0
6256,3684,8,1,129.33,0.1
6257,3685,45,1,17.01,0.0
6258,3685,125,1,112.46,0.0
6259,3685,13,1,80.25,0.0
6260,3686,91,2,71.37,0.05
6261,3686,23,1,69.44,0.0
6262,3686,144,1,76.62,0.0
6263,3686,68,5,160.57,0.05
6264,3687,150,1,82.86,0.0
6265,3687,137,2,31.31,0.05
6266,3687,112,4,61.92,0.0
6267,3687,68,2,161.64,0.0
6268,3688,118,1,22.56,0.0
6269,3688,130,5,40.72,0.1
6270,3688,149,1,105.9,0.1
6271,3689,92,1,152.36,0.05
6272,3689,87,2,148.26,0.0
6273,3690,157,1,351.98,0.0
6274,3690,123,1,234.95,0.15
6275,3691,154,4,81.64,0.0
6276,3692,9,1,42.08,0.0
6277,3693,107,2,350.97,0.0
6278,3694,16,1,39.28,0.0
6279,3695,34,4,25.14,0.0
6280,3696,11,1,43.12,0.0
6281,3696,93,1,35.08,0.0
6282,3696,88,1,87.48,0.0
6283,3697,53,1,35.24,0.15
6284,3697,133,1,24.43,0.1
6285,3697,98,1,80.3,0.0
6286,3698,68,2,156.44,0.1
6287,3698,112,2,64.52,0.0
6288,3698,147,2,21.68,0.0
6289,3699,144,2,76.07,0.0
6290,3699,27,1,23.24,0.0
6291,3700,69,2,91.34,0.05
6292,3700,121,2,133.45,0.1
6293,3701,118,1,22.15,0.05
6294,3702,139,2,136.4,0.0
6295,3702,51,2,84.95,0.0
6296,3702,31,2,38.29,0.05
6297,3702,128,1,39.16,0.1
6298,3703,30,1,48.78,0.15
6299,3704,62,3,56.09,0.0
6300,3705,13,1,82.41,0.0
6301,3706,121,1,133.87,0.0
6302,3707,123,1,233.91,0.15
6303,3708,40,1,76.4,0.0
6304,3709,90,1,103.5,0.0
6305,3710,120,1,130.04,0.0
6306,3711,129,3,72.78,0.0
6307,3712,36,4,21.12,0.0
6308,3713,85,1,31.04,0.0
6309,3714,67,1,60.64,0.1
6310,3715,55,1,168.6,0.0
6311,3715,3,3,116.78,0.0
6312,3716,18,1,85.94,0.1
6313,3716,95,2,45.05,0.0
6314,3717,86,1,40.35,0.15
6315,3717,37,1,77.79,0.05
6316,3718,90,1,103.82,0.05
6317,3719,105,2,55.91,0.15
6318,3720,72,1,257.92,0.0
6319,3721,71,1,89.83,0.15
6320,3722,62,1,53.9,0.0
6321,3723,21,1,246.7,0.05
6322,3724,47,1,43.16,0.0
6323,3725,34,1,25.17,0.0
6324,3726,152,1,88.49,0.15
6325,3727,96,2,17.03,0.05
6326,3727,43,1,58.17,0.0
6327,3727,55,1,163.68,0.0
6328,3728,18,1,85.96,0.05
6329,3729,80,1,10.89,0.15
6330,3730,80,3,11.14,0.05
6331,3731,141,2,81.34,0.0
6332,3731,142,3,206.01,0.0
6333,3731,89,1,40.81,0.15
6334,3731,137,2,31.84,0.0
6335,3732,123,4,235.59,0.15
6336,3733,17,1,26.48,0.05
6337,3733,25,2,40.17,0.0
6338,3734,112,1,62.34,0.0
6339,3735,18,1,88.31,0.0
6340,3735,53,2,35.58,0.0
6341,3735,124,1,18.77,0.0
6342,3736,105,2,57.22,0.15
6343,3737,80,1,11.1,0.1
6344,3737,160,1,118.64,0.05
6345,3737,123,1,230.29,0.0
6346,3738,55,1,168.19,0.0
6347,3738,45,3,16.89,0.1
6348,3739,41,1,126.29,0.05
6349,3739,4,1,257.82,0.1
6350,3740,105,1,57.19,0.1
6351,3741,59,-2,89.33,0.0
6352,3741,81,1,54.28,0.0
6353,3741,94,2,48.18,0.0
6354,3742,105,1,55.57,0.0
6355,3743,54,5,112.82,0.0
6356,3744,12,2,43.1,0.0
6357,3744,65,1,137.7,0.0
6358,3744,103,2,47.46,0.0
6359,3745,46,2,33.22,0.1
6360,3746,112,1,62.41,0.0
6361,3747,49,2,89.05,0.0
6362,3748,119,1,178.21,0.1
6363,3748,62,3,53.96,0.0
6364,3749,69,2,91.1,0.0
6365,3749,21,2,244.73,0.1
6366,3749,91,1,69.72,0.05
6367,3750,62,1,56.3,0.0
6368,3750,154,1,79.82,0.1
6369,3750,7,2,274.48,0.0
6370,3751,128,4,39.51,0.1
6371,3752,142,1,209.08,0.0
6372,3753,122,1,29.28,0.05
6373,3753,51,1,84.86,0.0
6374,3753,52,1,46.24,0.15
6375,3753,115,3,55.03,0.0
6376,3754,108,1,75.1,0.0
6377,3755,143,4,15.6,0.05
6378,3756,35,1,138.75,0.1
6379,3757,143,2,15.33,0.05
6380,3757,17,1,25.91,0.0
6381,3758,134,1,100.12,0.05
6382,3758,106,1,95.89,0.0
6383,3758,75,1,6.11,0.1
6384,3759,17,1,25.5,0.05
6385,3760,158,1,99.22,0.05
6386,3761,131,2,16.1,0.15
6387,3761,153,1,35.01,0.0
6388,3762,1,1,102.06,0.0
6389,3763,10,2,106.54,0.1
6390,3763,141,2,80.1,0.05
6391,3763,119,1,181.96,0.0
6392,3764,65,1,136.69,0.05
6393,3765,76,2,138.27,0.1
6394,3766,135,2,28.88,0.0
6395,3766,68,4,159.41,0.15
6396,3767,100,3,53.29,0.05
6397,3768,73,1,63.27,0.0
6398,3768,22,2,53.24,0.0
6399,3769,92,1,153.53,0.0
6400,3770,9,1,43.34,0.05
6401,3771,64,1,21.79,0.15
6402,3772,23,2,69.43,0.05
6403,3772,148,1,19.81,0.1
6404,3772,18,1,86.82,0.1
6405,3773,38,1,11.38,0.15
6406,3773,2,1,58.82,0.15
6407,3773,23,2,68.55,0.05
6408,3774,159,2,22.22,0.0
6409,3775,95,1,46.63,0.05
6410,3776,49,5,89.78,0.0
6411,3776,52,3,46.42,0.1
6412,3777,75,1,6.01,0.1
6413,3778,79,2,69.3,0.0
6414,3779,110,4,62.14,0.0
6415,3780,137,1,32.53,0.0
6416,3781,160,2,116.77,0.0
6417,3782,75,1,6.18,0.05
6418,3783,65,1,136.81,0.0
6419,3783,118,1,22.28,0.15
6420,3784,81,4,53.18,0.05
6421,3785,145,1,83.26,0.05
6422,3785,80,1,10.91,0.15
6423,3785,37,2,78.23,0.0
6424,3786,65,1,135.59,0.1
6425,3786,90,2,105.71,0.1
6426,3787,78,4,50.63,0.0
6427,3787,21,2,245.26,0.05
6428,3788,16,2,39.61,0.15
6429,3789,39,1,19.49,0.0
6430,3790,20,2,17.93,0.1
6431,3791,42,3,75.11,0.15
6432,3792,126,1,473.33,0.15
6433,3792,114,1,591.41,0.0
6434,3793,34,2,25.05,0.1
6435,3794,85,1,32.08,0.0
6436,3795,56,2,150.07,0.05
6437,3796,80,1,11.11,0.0
6438,3797,44,3,48.97,0.1
6439,3797,64,1,22.58,0.1
6440,3797,90,1,104.89,0.15
6441,3798,2,2,57.94,0.0
6442,3799,160,1,119.79,0.1
6443,3800,150,2,85.35,0.0
6444,3801,32,3,342.75,0.05
6445,3801,146,1,131.7,0.0
6446,3802,74,3,261.7,0.0
6447,3802,151,3,82.02,0.0
6448,3802,12,1,42.33,0.05
6449,3803,4,5,250.72,0.1
6450,3804,102,1,45.43,0.0
6451,3804,148,1,20.26,0.0
6452,3804,153,1,34.43,0.15
6453,3804,14,1,11.7,0.0
6454,3805,39,1,19.9,0.0
6455,3806,152,1,90.69,0.15
6456,3806,33,5,65.45,0.15
6457,3807,128,1,39.89,0.0
6458,3808,10,2,107.02,0.0
6459,3808,55,1,167.01,0.1
6460,3808,141,1,77.83,0.0
6461,3809,30,2,49.55,0.0
6462,3810,110,1,59.55,0.0
6463,3810,82,1,89.01,0.0
6464,3811,122,1,28.4,0.0
6465,3812,131,4,16.42,0.0
6466,3813,44,1,49.09,0.0
6467,3813,146,2,128.94,0.0
6468,3814,6,1,53.9,0.0
6469,3815,52,1,46.37,0.15
6470,3815,142,1,215.16,0.1
6471,3816,46,2,33.95,0.15
6472,3817,57,2,31.21,0.1
6473,3817,101,1,18.05,0.1
6474,3818,99,2,64.43,0.15
6475,3818,47,2,43.35,0.0
6476,3819,96,3,17.17,0.1
6477,3819,47,1,42.07,0.1
6478,3820,152,2,87.18,0.0
6479,3821,9,4,43.2,0.0
6480,3822,130,1,40.93,0.1
6481,3823,8,1,131.99,0.05
6482,3823,79,1,71.19,0.0
6483,3823,126,1,457.28,0.15
6484,3823,46,3,34.05,0.0
6485,3824,56,1,153.56,0.0
6486,3825,118,1,22.9,0.15
6487,3825,81,2,53.56,0.05
6488,3825,35,1,136.78,0.1
6489,3826,76,3,138.67,0.0
6490,3827,106,1,92.49,0.0
6491,3828,130,1,41.54,0.0
6492,3828,2,2,57.2,0.15
6493,3829,87,2,147.33,0.0
6494,3830,9,3,41.98,0.1
6495,3831,97,2,83.99,0.0
6496,3831,67,1,60.72,0.15
6497,3832,157,3,356.1,0.1
6498,3833,159,1,22.31,0.0
6499,3833,94,2,47.26,0.15
6500,3833,135,1,27.76,0.0
6501,3834,11,4,41.83,0.0
6502,3835,157,1,357.23,0.1
6503,3835,154,1,79.38,0.0
6504,3835,38,1,11.16,0.15
6505,3836,1,1,103.61,0.1
6506,3837,98,1,81.79,0.15
6507,3838,8,4,126.44,0.0
6508,3839,51,1,88.54,0.05
6509,3840,101,4,18.45,0.1
6510,3840,46,1,33.44,0.15
6511,3841,122,4,28.9,0.0
6512,3841,108,1,75.54,0.15
6513,3842,31,1,37.23,0.1
6514,3842,74,4,270.02,0.0
6515,3843,10,3,105.03,0.0
6516,3844,105,2,57.28,0.0
6517,3845,148,4,19.77,0.05
6518,3846,49,1,90.57,0.0
6519,3846,17,1,25.61,0.15
6520,3847,84,1,41.08,0.0
6521,3847,110,2,59.81,0.05
6522,3848,26,1,72.69,0.1
6523,3849,20,1,18.19,0.0
6524,3850,89,2,39.89,0.1
6525,3851,94,1,48.0,0.15
6526,3852,90,3,102.88,0.05
6527,3853,68,1,162.18,0.05
6528,3853,58,4,49.71,0.05
6529,3854,18,4,87.33,0.0
6530,3854,86,2,41.73,0.0
6531,3855,63,2,23.51,0.0
6532,3856,146,-1,132.94,0.0
6533,3857,95,1,44.67,0.15
6534,3858,58,1,48.36,0.15
6535,3859,52,1,46.34,0.1
6536,3859,123,1,231.1,0.15
6537,3859,110,3,61.14,0.15
6538,3860,6,4,53.25,0.05
6539,3861,102,2,44.81,0.05
6540,3862,137,1,32.32,0.0
6541,3863,53,4,35.1,0.05
6542,3863,87,2,151.61,0.0
6543,3863,105,2,55.05,0.05
6544,3864,96,2,17.39,0.15
6545,3865,129,1,72.47,0.1
6546,3866,33,1,65.11,0.0
6547,3867,58,1,49.89,0.0
6548,3867,57,2,30.57,0.05
6549,3868,125,2,108.82,0.0
6550,3869,34,1,24.48,0.0
6551,3870,37,1,76.84,0.15
6552,3871,69,1,90.61,0.0
6553,3872,68,1,163.16,0.15
6554,3873,152,1,89.47,0.0
6555,3873,141,2,81.82,0.1
6556,3873,62,1,55.14,0.0
6557,3874,145,1,84.02,0.05
6558,3874,43,1,57.97,0.15
6559,3875,157,1,349.17,0.0
6560,3875,75,1,6.14,0.0
6561,3876,61,1,41.72,0.05
6562,3877,42,2,77.5,0.15
6563,3877,76,1,135.56,0.0
6564,3878,76,1,134.03,0.0
6565,3878,69,2,91.41,0.1
6566,3879,70,1,36.17,0.0
6567,3879,116,2,87.17,0.05
6568,3879,71,2,87.99,0.15
6569,3880,144,2,76.32,0.0
6570,3881,148,2,19.78,0.15
6571,3882,43,1,58.09,0.0
6572,3883,59,1,88.51,0.0
6573,3883,16,1,39.53,0.05
6574,3884,125,1,109.12,0.15
6575,3884,131,2,16.14,0.1
6576,3884,115,1,54.5,0.0
6577,3884,85,1,32.04,0.1
6578,3885,36,1,21.85,0.0
6579,3885,57,1,31.3,0.0
6580,3886,108,1,76.1,0.0
6581,3887,157,1,353.37,0.0
6582,3887,153,1,34.67,0.0
6583,3887,14,1,11.5,0.05
6584,3888,36,2,21.88,0.0
6585,3888,15,3,13.95,0.1
6586,3888,6,4,53.79,0.0
6587,3889,53,1,34.97,0.0
6588,3889,50,1,13.52,0.1
6589,3889,47,3,42.75,0.0
6590,3890,149,1,104.26,0.0
6591,3891,10,2,107.81,0.0
6592,3892,120,2,130.21,0.05
6593,3893,93,1,35.37,0.15
6594,3893,27,1,23.29,0.05
6595,3894,19,1,29.35,0.0
6596,3895,152,1,89.3,0.15
6597,3896,150,1,86.3,0.0
6598,3896,35,2,135.16,0.0
6599,3896,149,1,104.34,0.0
6600,3897,55,1,162.68,0.1
6601,3897,159,1,22.35,0.1
6602,3898,118,1,23.18,0.15
6603,3899,76,1,137.93,0.0
6604,3900,8,3,131.98,0.0
6605,3901,157,2,346.28,0.15
6606,3901,82,1,89.42,0.0
6607,3901,47,2,42.3,0.0
6608,3902,69,2,92.33,0.15
6609,3903,159,1,22.42,0.0
6610,3904,140,1,21.61,0.1
6611,3905,114,1,606.93,0.15
6612,3905,32,1,349.87,0.1
6613,3906,76,2,136.81,0.0
6614,3907,76,4,139.23,0.15
6615,3908,157,2,357.46,0.0
6616,3908,120,1,128.56,0.0
6617,3909,73,1,62.06,0.0
6618,3910,143,3,15.02,0.0
6619,3911,44,1,50.15,0.0
6620,3911,141,3,78.94,0.15
6621,3912,6,1,53.37,0.05
6622,3913,88,1,87.89,0.05
6623,3914,75,1,6.06,0.0
6624,3914,36,2,21.65,0.0
6625,3915,92,5,157.75,0.0
6626,3916,72,2,259.19,0.0
6627,3916,107,2,355.27,0.0
6628,3916,34,1,25.22,0.15
6629,3917,98,1,80.69,0.0
6630,3918,103,2,47.44,0.0
6631,3919,147,2,21.81,0.0
6632,3920,54,1,112.37,0.15
6633,3920,37,2,78.94,0.0
6634,3921,31,1,37.93,0.05
6635,3922,95,1,46.62,0.0
6636,3923,103,2,48.86,0.0
6637,3924,129,3,71.95,0.05
6638,3924,57,1,30.5,0.1
6639,3924,86,3,42.39,0.15
6640,3925,15,1,13.58,0.0
6641,3925,101,4,18.49,0.0
6642,3925,17,5,25.7,0.0
6643,3925,141,2,81.26,0.05
6644,3926,78,2,49.57,0.1
6645,3927,73,5,62.69,0.05
6646,3928,154,3,82.02,0.05
6647,3929,65,1,137.37,0.0
6648,3930,146,3,129.47,0.0
6649,3930,28,1,90.09,0.05
6650,3930,18,4,85.96,0.0
6651,3931,107,4,348.05,0.1
6652,3931,63,2,24.37,0.0
6653,3931,91,4,72.52,0.0
6654,3932,57,4,30.72,0.1
6655,3932,82,1,90.48,0.0
6656,3933,142,3,210.2,0.0
6657,3934,72,3,262.01,0.15
6658,3934,28,5,92.28,0.05
6659,3935,136,1,260.69,0.15
6660,3935,81,1,52.97,0.15
6661,3936,57,2,29.81,0.05
6662,3937,100,1,51.75,0.05
6663,3938,148,3,19.87,0.15
6664,3939,57,1,30.16,0.1
6665,3940,89,1,40.17,0.1
6666,3940,19,1,29.4,0.0
6667,3941,71,2,89.88,0.1
6668,3942,120,4,130.81,0.0
6669,3943,6,4,52.61,0.0
6670,3944,17,3,26.26,0.15
6671,3944,136,1,263.98,0.0
6672,3945,40,3,78.56,0.0
6673,3945,150,2,84.53,0.1
6674,3946,34,1,25.51,0.15
6675,3946,27,1,22.66,0.0
6676,3947,82,5,90.55,0.1
6677,3948,82,1,90.01,0.0
6678,3948,90,1,100.93,0.0
6679,3949,54,1,114.4,0.05
6680,3949,30,2,49.77,0.0
6681,3950,52,1,44.96,0.1
6682,3951,106,1,91.18,0.1
6683,3951,35,1,137.99,0.15
6684,3952,27,1,23.64,0.15
6685,3952,75,2,6.28,0.0
6686,3952,78,3,50.01,0.05
6687,3953,113,1,67.92,0.15
6688,3954,102,2,45.55,0.0
6689,3954,155,3,83.94,0.15
6690,3954,73,1,61.98,0.15
6691,3955,101,1,18.38,0.0
6692,3955,146,3,133.27,0.05
6693,3955,86,3,42.31,0.0
6694,3956,138,2,48.45,0.15
6695,3956,41,1,128.68,0.05
6696,3957,122,1,28.36,0.15
6697,3958,139,5,132.62,0.0
6698,3958,61,3,42.63,0.0
6699,3959,74,2,271.33,0.05
6700,3960,104,1,32.2,0.1
6701,3961,109,5,80.05,0.15
6702,3962,51,1,85.08,0.0
6703,3963,44,2,50.52,0.15
6704,3964,15,3,14.0,0.15
6705,3965,111,1,11.42,0.0
6706,3966,156,1,33.78,0.1
6707,3966,73,2,62.31,0.1
6708,3967,29,2,38.47,0.0
6709,3967,33,3,65.12,0.1
6710,3968,25,2,39.87,0.0
6711,3968,10,4,106.31,0.0
6712,3968,114,1,592.73,0.0
6713,3969,27,1,23.47,0.05
6714,3969,3,1,114.54,0.0
6715,3969,78,3,49.53,0.1
6716,3970,23,1,70.71,0.0
6717,3971,9,1,42.36,0.0
6718,3972,131,1,15.7,0.0
6719,3973,16,2,39.37,0.0
6720,3973,38,2,11.06,0.1
6721,3974,125,4,112.52,0.15
6722,3975,49,1,88.56,0.1
6723,3976,27,1,23.64,0.0
6724,3976,4,5,257.05,0.0
6725,3976,123,1,234.23,0.05
6726,3977,94,1,49.6,0.0
6727,3977,11,3,43.75,0.0
6728,3978,45,1,17.2,0.1
6729,3979,54,2,113.04,0.1
6730,3980,83,4,241.97,0.05
6731,3981,19,3,28.49,0.1
6732,3981,34,3,25.14,0.05
6733,3981,65,3,131.98,0.0
6734,3982,26,4,72.59,0.05
6735,3982,109,4,81.94,0.0
6736,3982,117,1,62.31,0.0
6737,3983,65,2,136.88,0.1
6738,3984,61,1,42.28,0.1
6739,3985,114,2,605.83,0.0
6740,3985,112,2,63.51,0.0
6741,3986,79,2,69.55,0.1
6742,3986,109,1,83.85,0.1
6743,3986,123,1,230.63,0.0
6744,3986,137,1,31.41,0.0
6745,3987,15,1,13.5,0.05
6746,3988,59,3,85.96,0.1
6747,3989,14,2,11.76,0.0
6748,3989,136,4,259.24,0.05
6749,3990,125,2,111.09,0.0
6750,3991,114,3,605.57,0.0
6751,3992,111,1,11.57,0.0
6752,3993,67,3,62.02,0.1
6753,3994,44,4,49.89,0.05
6754,3995,143,1,15.66,0.15
6755,3996,140,1,21.02,0.0
6756,3997,156,2,34.16,0.0
6757,3998,91,1,69.75,0.1
6758,3999,33,1,65.27,0.05
6759,4000,130,2,41.86,0.15
6760,4001,112,2,64.14,0.15
6761,4002,12,1,42.86,0.15
6762,4002,58,1,49.66,0.0
6763,4003,78,1,50.27,0.0
6764,4003,149,3,104.98,0.05
6765,4003,131,1,15.91,0.0
6766,4004,17,2,26.72,0.05
6767,4004,129,1,71.73,0.0
6768,4005,57,4,30.63,0.0
6769,4006,128,2,39.63,0.05
6770,4006,79,1,69.6,0.05
6771,4007,80,3,11.06,0.0
6772,4008,120,3,127.24,0.0
6773,4009,32,2,335.57,0.0
6774,4010,109,2,81.87,0.05
6775,4011,103,2,48.13,0.0
6776,4012,19,1,28.0,0.0
6777,4012,73,1,61.89,0.15
6778,4012,111,1,11.61,0.1
6779,4013,76,1,134.18,0.0
6780,4013,96,1,17.15,0.0
6781,4014,150,1,84.7,0.05
6782,4015,28,1,89.19,0.0
6783,4016,80,1,10.95,0.05
6784,4017,49,1,89.47,0.15
6785,4018,101,2,17.79,0.1
6786,4019,117,1,64.05,0.1
6787,4019,149,2,103.44,0.15
6788,4020,66,4,221.51,0.0
6789,4020,22,1,52.58,0.0
6790,4020,27,1,23.59,0.0
6791,4020,103,1,48.4,0.0
6792,4021,43,1,58.95,0.0
6793,4022,79,1,69.05,0.05
6794,4022,140,2,21.82,0.1
6795,4022,6,1,53.0,0.0
6796,4023,53,5,34.69,0.15
6797,4024,96,1,17.15,0.1
6798,4025,52,2,45.11,0.0
6799,4025,57,1,29.92,0.0
6800,4026,134,1,97.26,0.1
6801,4027,157,1,355.77,0.0
6802,4028,95,1,45.02,0.0
6803,4029,137,2,31.97,0.05
6804,4029,148,4,19.97,0.15
6805,4029,157,2,349.74,0.05
6806,4030,85,1,30.66,0.1
6807,4031,79,1,71.46,0.0
6808,4031,115,2,54.36,0.0
6809,4032,36,2,21.81,0.0
6810,4033,85,1,31.68,0.0
6811,4033,103,2,48.36,0.0
6812,4033,147,1,21.11,0.05
6813,4034,124,1,18.06,0.05
6814,4035,156,2,33.49,0.15
6815,4036,86,1,41.77,0.0
6816,4036,29,1,37.04,0.0
6817,4037,127,4,26.41,0.0
6818,4038,134,3,99.21,0.15
6819,4038,38,1,11.39,0.0
6820,4039,90,2,104.7,0.15
6821,4040,43,1,59.94,0.05
6822,4041,127,2,26.77,0.1
6823,4042,156,1,33.84,0.1
6824,4042,91,3,69.54,0.0
6825,4043,154,1,78.27,0.1
6826,4043,59,2,88.91,0.05
6827,4044,118,4,23.13,0.0
6828,4045,103,1,46.96,0.0
6829,4046,142,1,215.07,0.15
6830,4046,126,3,464.32,0.05
6831,4047,152,2,87.63,0.05
6832,4048,78,2,49.87,0.0
6833,4049,110,3,60.65,0.05
6834,4050,128,1,38.25,0.15
6835,4051,50,5,13.05,0.0
6836,4052,18,1,85.46,0.0
6837,4052,89,4,39.92,0.05
6838,4053,84,1,41.66,0.0
6839,4053,128,1,39.1,0.0
6840,4053,85,1,32.15,0.15
6841,4054,4,1,260.83,0.0
6842,4055,20,1,18.38,0.05
6843,4055,105,3,57.6,0.0
6844,4055,104,4,30.88,0.1
6845,4056,159,1,22.4,0.0
6846,4056,60,2,157.49,0.0
6847,4057,136,-1,267.51,0.0
6848,4057,2,2,57.63,0.0
6849,4058,80,1,10.6,0.0
6850,4059,99,1,66.94,0.0
6851,4059,68,3,156.81,0.0
6852,4060,139,2,135.02,0.05
6853,4060,124,1,18.25,0.15
6854,4061,43,2,59.11,0.0
6855,4062,119,1,185.5,0.0
6856,4062,42,1,75.75,0.0
6857,4063,90,2,103.78,0.15
6858,4063,52,2,46.07,0.05
6859,4063,20,1,17.96,0.0
6860,4064,32,2,349.61,0.0
6861,4064,2,1,58.04,0.0
6862,4065,38,1,10.86,0.1
6863,4066,103,2,48.54,0.15
6864,4067,82,1,89.42,0.0
6865,4068,104,1,32.14,0.0
6866,4068,89,1,40.91,0.0
6867,4069,44,2,49.66,0.0
6868,4069,101,2,18.46,0.0
6869,4070,113,2,69.33,0.1
6870,4070,10,3,106.98,0.05
6871,4071,47,2,43.95,0.15
6872,4071,16,2,38.27,0.0
6873,4071,20,5,18.08,0.0
6874,4072,65,1,136.23,0.0
6875,4073,139,3,136.84,0.15
6876,4073,132,3,68.33,0.15
6877,4074,42,1,74.49,0.0
6878,4074,110,4,60.54,0.1
6879,4074,118,1,22.9,0.05
6880,4075,62,2,53.98,0.15
6881,4075,25,1,38.99,0.0
6882,4075,151,2,79.57,0.15
6883,4076,79,1,69.64,0.1
6884,4077,8,1,126.84,0.0
6885,4078,34,1,24.78,0.15
6886,4078,138,5,48.29,0.0
6887,4079,82,3,90.64,0.05
6888,4080,23,1,68.38,0.0
6889,4080,89,1,41.13,0.0
6890,4080,32,1,336.43,0.0
6891,4080,149,3,104.5,0.05
6892,4081,18,1,86.1,0.0
6893,4081,38,1,10.94,0.1
6894,4081,37,3,77.12,0.15
6895,4082,64,1,21.63,0.15
6896,4082,66,3,218.25,0.0
6897,4083,38,1,11.14,0.05
6898,4083,48,1,170.27,0.15
6899,4083,75,3,6.3,0.0
6900,4083,18,2,87.58,0.0
6901,4084,104,4,31.67,0.0
6902,4084,16,1,39.16,0.1
6903,4084,85,2,32.11,0.05
6904,4084,40,2,79.41,0.0
6905,4085,36,1,21.21,0.0
6906,4086,101,1,17.81,0.0
6907,4086,32,1,347.52,0.0
6908,4087,102,2,45.03,0.1
6909,4088,68,3,157.94,0.0
6910,4089,71,3,90.72,0.0
6911,4090,75,2,6.17,0.05
6912,4091,23,3,69.04,0.05
6913,4092,68,3,161.75,0.05
6914,4092,102,2,44.14,0.05
6915,4092,104,1,31.52,0.0
6916,4093,104,4,31.31,0.15
6917,4093,41,2,129.3,0.05
6918,4094,26,1,71.98,0.1
6919,4094,38,3,11.21,0.0
6920,4094,58,2,48.04,0.0
6921,4094,10,3,105.52,0.05
6922,4095,24,1,17.97,0.0
6923,4095,142,2,212.37,0.15
6924,4096,131,1,15.8,0.1
6925,4096,77,4,69.99,0.0
6926,4096,42,1,75.61,0.0
6927,4097,105,1,56.13,0.15
6928,4098,57,1,30.71,0.0
6929,4098,113,2,68.5,0.0
6930,4098,129,1,72.61,0.0
6931,4099,64,1,22.11,0.0
6932,4100,131,1,16.26,0.0
6933,4101,122,1,28.01,0.0
6934,4102,128,3,38.71,0.0
6935,4102,67,1,59.84,0.15
6936,4102,147,1,21.26,0.0
6937,4102,104,1,31.17,0.0
6938,4103,114,4,592.92,0.0
6939,4103,15,3,13.98,0.05
6940,4104,84,1,40.48,0.1
6941,4105,46,1,33.55,0.0
6942,4105,143,2,15.32,0.1
6943,4105,37,1,76.74,0.0
6944,4105,20,3,17.87,0.1
6945,4106,63,2,24.24,0.0
6946,4107,33,1,63.08,0.0
6947,4108,91,1,72.53,0.0
6948,4109,55,1,160.47,0.0
6949,4110,122,5,29.36,0.05
6950,4111,11,3,42.43,0.15
6951,4112,81,1,54.48,0.0
6952,4113,82,1,90.34,0.1
6953,4113,84,2,41.3,0.0
6954,4114,127,2,26.97,0.0
6955,4115,73,4,63.91,0.05
6956,4115,100,1,52.08,0.0
6957,4115,103,1,47.98,0.15
6958,4116,117,2,62.23,0.0
6959,4117,71,1,89.59,0.15
6960,4117,156,2,33.33,0.05
6961,4117,40,2,75.88,0.05
6962,4117,30,2,50.54,0.1
6963,4118,76,1,139.13,0.0
6964,4118,96,2,17.27,0.0
6965,4119,111,2,11.85,0.1
6966,4120,138,4,47.73,0.0
6967,4121,139,2,137.35,0.05
6968,4121,140,1,21.85,0.15
6969,4121,156,3,33.52,0.0
6970,4122,159,2,22.67,0.0
6971,4122,2,5,57.76,0.0
6972,4122,51,1,87.06,0.1
6973,4123,62,1,53.61,0.0
6974,4123,113,1,68.73,0.05
6975,4124,102,2,45.23,0.15
6976,4124,63,1,24.63,0.05
6977,4125,160,1,118.45,0.05
6978,4125,49,2,89.67,0.05
6979,4126,104,1,31.26,0.15
6980,4126,123,2,231.6,0.1
6981,4127,135,2,28.43,0.05
6982,4128,139,1,132.41,0.1
6983,4129,18,3,87.38,0.0
6984,4130,37,1,79.68,0.0
6985,4131,40,1,79.22,0.0
6986,4132,140,1,21.32,0.0
6987,4133,115,1,54.12,0.15
6988,4134,86,1,41.54,0.15
6989,4135,70,2,36.04,0.0
6990,4136,122,2,28.4,0.0
6991,4136,77,1,72.08,0.15
6992,4137,28,4,93.12,0.1
6993,4137,136,2,266.59,0.15
6994,4138,114,2,590.38,0.1
6995,4139,39,1,19.24,0.0
6996,4140,138,2,48.68,0.0
6997,4140,107,1,359.63,0.0
6998,4141,59,3,89.76,0.0
6999,4142,58,1,49.4,0.0
7000,4143,53,4,34.64,0.05
7001,4143,1,3,100.38,0.1
7002,4144,89,1,40.48,0.05
7003,4145,63,2,24.05,0.0
7004,4145,107,2,346.38,0.0
7005,4146,96,3,17.31,0.0
7006,4147,7,1,264.15,0.1
7007,4147,99,1,64.48,0.15
7008,4147,9,2,42.64,0.05
7009,4148,74,2,268.42,0.15
7010,4149,28,1,89.14,0.0
7011,4150,41,2,128.56,0.15
7012,4150,77,1,71.43,0.1
7013,4150,158,2,101.66,0.1
7014,4151,42,1,77.23,0.0
7015,4151,29,4,38.17,0.0
7016,4152,17,4,26.11,0.1
7017,4153,16,2,39.47,0.0
7018,4154,110,5,62.26,0.15
7019,4155,81,1,54.38,0.0
7020,4156,69,1,90.36,0.0
7021,4156,56,3,148.69,0.0
7022,4156,74,1,261.25,0.05
7023,4157,107,2,348.97,0.1
7024,4157,80,1,10.67,0.0
7025,4158,69,2,87.92,0.0
7026,4158,158,1,97.11,0.1
7027,4158,100,1,53.81,0.15
7028,4159,90,2,104.75,0.0
7029,4160,145,1,81.02,0.0
7030,4161,20,1,18.49,0.0
7031,4161,62,3,54.06,0.0
7032,4161,94,5,49.53,0.05
7033,4162,130,1,40.49,0.0
7034,4162,108,3,76.22,0.0
7035,4162,119,1,180.14,0.15
7036,4163,124,5,18.62,0.05
7037,4164,53,2,35.43,0.1
7038,4165,17,1,26.38,0.0
7039,4166,36,4,21.57,0.0
7040,4166,104,1,30.91,0.0
7041,4167,142,1,206.83,0.0
7042,4168,100,1,52.7,0.0
7043,4169,19,2,28.03,0.1
7044,4170,140,1,21.72,0.1
7045,4171,56,4,152.57,0.05
7046,4172,28,1,90.17,0.0
7047,4173,109,1,82.33,0.0
7048,4173,124,3,18.27,0.1
7049,4173,128,1,39.2,0.0
7050,4174,149,1,101.55,0.15
7051,4175,23,1,68.0,0.1
7052,4175,22,1,53.43,0.05
7053,4176,74,1,261.76,0.15
7054,4176,152,2,87.93,0.0
7055,4177,74,2,259.45,0.0
7056,4177,77,1,71.16,0.0
7057,4178,102,2,43.95,0.1
7058,4179,141,2,78.76,0.05
7059,4179,137,1,32.44,0.15
7060,4179,116,2,86.68,0.05
7061,4180,90,5,101.8,0.1
7062,4180,48,1,170.72,0.15
7063,4181,27,4,22.89,0.1
7064,4182,11,2,43.01,0.0
7065,4183,96,2,17.71,0.05
7066,4183,41,2,127.89,0.05
7067,4184,33,2,62.74,0.05
7068,4185,56,3,148.46,0.15
7069,4185,144,1,77.39,0.1
7070,4186,79,1,69.07,0.0
7071,4187,14,1,11.57,0.0
7072,4187,92,1,153.1,0.1
7073,4188,2,3,56.85,0.15
7074,4189,70,1,35.88,0.0
7075,4190,76,1,134.53,0.0
7076,4191,52,2,46.09,0.0
7077,4192,45,2,17.55,0.0
7078,4192,60,1,157.07,0.1
7079,4193,152,3,89.2,0.0
7080,4194,23,2,67.66,0.0
7081,4195,116,1,84.56,0.15
7082,4195,123,1,233.24,0.0
7083,4195,33,1,63.45,0.15
7084,4196,74,3,271.29,0.0
7085,4197,53,1,35.82,0.0
7086,4198,35,1,137.05,0.0
7087,4198,40,3,78.16,0.15
7088,4198,113,1,67.15,0.0
7089,4199,130,1,41.34,0.0
7090,4199,6,1,51.65,0.0
7091,4199,160,1,115.83,0.15
7092,4200,142,1,207.69,0.0
7093,4201,48,2,165.5,0.1
7094,4202,94,3,48.88,0.0
7095,4202,57,2,30.63,0.05
7096,4202,121,1,131.81,0.05
7097,4203,54,1,110.39,0.0
7098,4204,132,2,68.48,0.15
7099,4205,112,3,63.64,0.0
7100,4205,121,3,133.47,0.0
7101,4206,132,5,70.12,0.0
7102,4206,23,1,70.58,0.05
7103,4207,78,1,49.98,0.0
7104,4207,23,1,67.42,0.0
7105,4207,6,2,52.92,0.15
7106,4208,60,1,157.85,0.05
7107,4209,62,2,54.49,0.0
7108,4210,42,1,74.93,0.0
7109,4210,9,5,41.58,0.1
7110,4210,64,3,22.2,0.0
7111,4211,38,2,11.41,0.0
7112,4212,19,3,28.8,0.0
7113,4212,88,1,85.47,0.15
7114,4212,117,1,64.13,0.0
7115,4212,41,3,123.98,0.0
7116,4213,97,1,84.31,0.05
7117,4214,41,2,127.25,0.15
7118,4215,75,2,6.13,0.1
7119,4216,148,1,19.5,0.0
7120,4216,26,1,71.39,0.1
7121,4217,142,2,211.43,0.0
7122,4217,116,2,86.65,0.0
7123,4217,111,1,11.58,0.0
7124,4218,62,2,53.88,0.0
7125,4219,123,1,234.97,0.0
7126,4219,36,1,21.86,0.1
7127,4220,45,1,17.1,0.15
7128,4221,129,1,69.89,0.0
7129,4221,85,1,31.77,0.0
7130,4221,139,3,135.03,0.0
7131,4221,12,2,42.08,0.1
7132,4222,116,2,86.48,0.1
7133,4222,71,1,90.39,0.0
7134,4223,87,1,144.88,0.15
7135,4223,126,1,477.02,0.15
7136,4223,5,1,53.85,0.0
7137,4224,27,1,23.49,0.0
7138,4224,2,1,56.05,0.05
7139,4225,67,1,61.24,0.1
7140,4226,51,1,86.52,0.0
7141,4227,57,1,29.92,0.05
7142,4228,99,2,64.68,0.0
7143,4229,35,1,139.07,0.0
7144,4230,70,5,36.6,0.0
7145,4230,50,2,12.99,0.0
7146,4231,152,2,90.39,0.0
7147,4232,139,1,132.74,0.0
7148,4233,7,5,272.2,0.05
7149,4234,52,1,45.18,0.0
7150,4234,150,4,83.97,0.15
7151,4235,158,1,101.96,0.15
7152,4236,105,2,56.9,0.0
7153,4236,123,1,224.73,0.0
7154,4237,128,1,39.17,0.0
7155,4238,52,1,45.8,0.0
7156,4238,43,2,58.85,0.1
7157,4239,120,1,129.07,0.0
7158,4240,35,5,138.5,0.05
7159,4241,149,2,104.79,0.0
7160,4241,73,2,64.22,0.0
7161,4242,104,1,31.12,0.1
7162,4242,29,2,37.99,0.0
7163,4242,54,2,111.59,0.1
7164,4242,95,2,44.69,0.0
7165,4243,51,2,85.48,0.0
7166,4243,17,3,26.57,0.15
7167,4243,75,1,6.08,0.0
7168,4244,3,1,117.66,0.05
7169,4245,135,1,28.2,0.05
7170,4245,108,2,74.83,0.0
7171,4245,5,1,53.74,0.1
7172,4246,137,1,32.21,0.0
7173,4246,23,2,68.29,0.05
7174,4247,62,1,54.8,0.0
7175,4247,2,2,56.7,0.0
7176,4248,142,3,208.1,0.1
7177,4249,100,2,53.92,0.15
7178,4250,16,1,40.14,0.0
7179,4251,125,2,110.83,0.0
7180,4252,141,1,78.65,0.05
7181,4252,46,4,33.3,0.05
7182,4253,11,1,42.64,0.0
7183,4254,27,1,23.32,0.0
7184,4255,42,1,74.68,0.0
7185,4256,104,3,31.41,0.15
7186,4257,129,1,71.94,0.1
7187,4258,139,1,133.29,0.0
7188,4259,47,2,44.01,0.0
7189,4260,73,1,62.61,0.1
7190,4260,66,1,225.63,0.0
7191,4261,159,2,22.66,0.15
7192,4261,14,1,11.7,0.0
7193,4262,133,2,24.5,0.05
7194,4263,142,3,211.31,0.05
7195,4264,151,2,80.99,0.1
7196,4265,85,2,31.8,0.0
7197,4266,85,1,31.68,0.0
7198,4267,134,1,97.25,0.15
7199,4267,52,1,45.05,0.0
7200,4268,129,1,71.78,0.05
7201,4268,36,2,21.86,0.1
7202,4269,127,2,26.52,0.0
7203,4270,67,1,62.13,0.05
7204,4270,45,1,17.25,0.15
7205,4271,150,1,82.81,0.1
7206,4272,155,4,82.97,0.15
7207,4273,118,1,22.25,0.1
7208,4273,106,1,94.32,0.05
7209,4273,71,4,89.46,0.0
7210,4274,94,1,48.28,0.1
7211,4274,68,1,156.72,0.1
7212,4275,80,1,11.07,0.05
7213,4275,112,1,62.97,0.05
7214,4276,39,1,19.99,0.1
7215,4277,17,1,26.58,0.1
7216,4278,32,2,349.41,0.0
7217,4278,9,1,42.03,0.0
7218,4278,119,1,178.2,0.0
7219,4279,145,1,80.76,0.1
7220,4279,131,1,16.22,0.1
7221,4280,36,1,21.19,0.0
7222,4280,30,1,48.93,0.0
7223,4281,32,1,338.76,0.0
7224,4281,147,2,21.3,0.0
7225,4281,130,1,40.59,0.0
7226,4282,132,2,69.65,0.0
7227,4282,9,4,43.62,0.05
7228,4282,128,2,39.56,0.0
7229,4282,127,1,27.11,0.1
7230,4283,138,2,49.08,0.15
7231,4283,60,2,159.74,0.0
7232,4283,92,1,151.96,0.0
7233,4284,35,1,135.64,0.1
7234,4285,52,3,46.17,0.15
7235,4286,91,1,72.65,0.0
7236,4287,9,1,42.66,0.0
7237,4287,30,1,50.89,0.05
7238,4287,68,1,159.32,0.0
7239,4288,33,1,63.01,0.1
7240,4288,51,4,87.92,0.0
7241,4289,111,2,11.64,0.0
7242,4289,120,4,127.88,0.1
7243,4290,143,2,14.97,0.15
7244,4291,96,1,17.37,0.0
7245,4292,61,2,41.86,0.1
7246,4292,158,3,100.4,0.0
7247,4292,134,5,101.75,0.0
7248,4293,35,3,139.55,0.0
7249,4294,1,5,103.48,0.0
7250,4294,59,1,87.23,0.05
7251,4295,61,1,43.01,0.0
7252,4296,71,1,90.03,0.0
7253,4297,71,1,91.1,0.0
7254,4298,48,1,169.57,0.15
7255,4299,156,1,33.83,0.0
7256,4300,75,1,6.05,0.0
7257,4301,141,1,78.22,0.05
7258,4302,84,3,40.3,0.05
7259,4303,153,4,35.99,0.1
7260,4303,61,1,42.06,0.15
7261,4304,60,5,154.25,0.05
7262,4305,135,1,27.75,0.05
7263,4306,70,1,36.16,0.0
7264,4306,115,2,54.53,0.05
7265,4306,153,1,35.25,0.15
7266,4307,105,1,54.81,0.1
7267,4308,41,3,124.85,0.0
7268,4309,35,1,134.6,0.1
7269,4309,137,2,31.7,0.15
7270,4310,151,2,81.59,0.05
7271,4310,127,1,26.43,0.05
7272,4311,63,4,24.47,0.0
7273,4311,6,1,53.79,0.0
7274,4311,99,4,64.18,0.05
7275,4312,155,3,86.46,0.0
7276,4312,75,1,6.24,0.0
7277,4313,115,1,55.25,0.1
7278,4313,113,2,67.98,0.05
7279,4314,79,1,70.87,0.05
7280,4314,47,2,43.37,0.0
7281,4315,122,2,28.38,0.0
7282,4315,153,3,35.98,0.05
7283,4316,156,1,34.69,0.0
7284,4316,114,5,606.51,0.1
7285,4317,82,1,89.88,0.0
7286,4317,23,1,69.9,0.0
7287,4318,61,2,41.95,0.1
7288,4318,117,1,62.96,0.0
7289,4318,33,1,64.25,0.0
7290,4318,110,1,61.98,0.0
7291,4319,113,1,69.31,0.0
7292,4319,40,1,77.18,0.05
7293,4319,137,2,31.64,0.15
7294,4319,82,1,88.75,0.15
7295,4320,95,2,45.66,0.0
7296,4321,27,1,22.53,0.15
7297,4321,54,3,111.99,0.0
7298,4321,56,1,146.66,0.15
7299,4322,98,1,83.5,0.1
7300,4323,2,1,57.8,0.05
7301,4324,20,1,18.66,0.0
7302,4325,47,2,42.97,0.05
7303,4325,132,2,70.31,0.05
7304,4326,103,1,47.93,0.05
7305,4327,139,1,137.39,0.1
7306,4328,123,1,229.75,0.1
7307,4328,24,4,17.77,0.05
7308,4329,89,1,39.75,0.05
7309,4330,101,1,18.43,0.05
7310,4331,78,1,50.67,0.0
7311,4331,135,2,28.87,0.0
7312,4332,62,3,54.2,0.1
7313,4333,78,1,50.78,0.0
7314,4334,58,1,49.64,0.0
7315,4335,54,2,112.97,0.0
7316,4335,77,2,71.8,0.0
7317,4336,77,5,69.26,0.05
7318,4337,63,1,24.32,0.0
7319,4338,125,5,109.46,0.0
7320,4338,152,2,89.09,0.15
7321,4338,45,1,17.29,0.0
7322,4338,10,1,103.71,0.15
7323,4339,159,2,21.73,0.15
7324,4340,133,2,24.78,0.05
7325,4341,89,3,40.69,0.0
7326,4342,138,5,49.13,0.0
7327,4343,156,1,33.64,0.05
7328,4343,86,1,41.23,0.0
7329,4344,109,1,82.81,0.05
7330,4345,6,1,52.95,0.05
7331,4345,77,3,69.2,0.05
7332,4345,55,1,164.76,0.0
7333,4346,29,1,37.02,0.1
7334,4347,5,1,52.2,0.15
7335,4347,8,1,132.23,0.1
7336,4348,54,1,110.84,0.0
7337,4349,3,3,118.3,0.1
7338,4350,4,1,251.11,0.0
7339,4350,130,1,42.26,0.0
7340,4351,91,2,70.74,0.1
7341,4352,138,2,48.22,0.0
7342,4352,126,2,463.82,0.0
7343,4352,75,1,6.07,0.0
7344,4353,54,1,112.88,0.15
7345,4353,24,3,17.61,0.0
7346,4353,36,1,21.43,0.1
7347,4353,61,1,42.86,0.05
7348,4354,76,1,135.68,0.0
7349,4355,3,1,118.7,0.0
7350,4356,115,2,54.63,0.1
7351,4356,96,1,17.73,0.05
7352,4357,123,2,225.42,0.0
7353,4358,22,1,53.28,0.1
7354,4359,34,1,24.85,0.05
7355,4359,87,1,144.77,0.0
7356,4359,20,2,18.1,0.0
7357,4359,118,3,22.95,0.05
7358,4360,84,2,41.25,0.0
7359,4361,135,1,28.01,0.1
7360,4362,88,1,85.63,0.0
7361,4363,21,1,244.88,0.0
7362,4364,49,1,86.78,0.0
7363,4364,24,1,18.11,0.0
7364,4364,158,1,97.71,0.0
7365,4365,31,2,38.27,0.0
7366,4365,2,2,58.26,0.1
7367,4366,83,1,247.87,0.15
7368,4367,135,2,27.86,0.05
7369,4367,35,1,139.51,0.0
7370,4368,136,3,266.72,0.15
7371,4369,76,3,136.44,0.0
7372,4370,139,1,135.51,0.1
7373,4371,142,1,206.77,0.0
7374,4372,42,2,77.53,0.15
7375,4372,64,1,21.73,0.05
7376,4373,28,1,90.91,0.0
7377,4374,2,1,57.3,0.05
7378,4374,160,1,117.48,0.15
7379,4374,24,1,18.4,0.0
7380,4375,19,3,29.3,0.05
7381,4375,27,1,22.66,0.1
7382,4376,80,1,10.62,0.0
7383,4377,151,1,82.53,0.05
7384,4378,111,3,11.35,0.0
7385,4379,15,3,13.86,0.1
7386,4379,14,2,11.46,0.05
7387,4379,104,1,31.73,0.0
7388,4380,103,2,46.61,0.05
7389,4381,151,2,83.32,0.0
7390,4381,100,2,51.97,0.15
7391,4382,148,2,19.8,0.1
7392,4382,101,1,18.55,0.05
7393,4382,117,1,61.76,0.0
7394,4383,112,2,62.42,0.0
7395,4384,12,1,43.2,0.0
7396,4385,114,1,586.34,0.1
7397,4385,76,1,138.51,0.0
7398,4385,39,1,19.81,0.15
7399,4385,142,3,210.82,0.1
7400,4386,19,2,28.58,0.15
7401,4386,128,1,39.13,0.15
7402,4387,9,1,42.17,0.0
7403,4387,87,-1,147.94,0.0
7404,4387,125,1,107.63,0.0
7405,4387,34,1,24.57,0.0
7406,4388,39,4,19.54,0.0
7407,4389,16,3,39.86,0.15
7408,4390,30,1,50.35,0.0
7409,4390,92,4,157.89,0.0
7410,4391,117,2,63.14,0.0
7411,4391,103,1,46.98,0.15
7412,4392,30,1,50.98,0.0
7413,4392,111,1,11.85,0.05
7414,4393,49,1,86.84,0.0
7415,4394,75,2,6.19,0.0
7416,4394,89,1,40.25,0.05
7417,4395,5,1,52.14,0.0
7418,4395,98,1,83.55,0.0
7419,4396,23,2,69.15,0.05
7420,4397,52,1,45.98,0.1
7421,4397,159,1,22.53,0.0
7422,4398,136,2,268.71,0.1
7423,4399,101,2,18.45,0.1
7424,4399,39,1,19.4,0.0
7425,4399,75,1,6.09,0.0
7426,4400,93,4,35.19,0.0
7427,4400,20,5,18.34,0.0
7428,4400,126,2,467.83,0.0
7429,4400,4,1,253.14,0.0
7430,4401,22,3,52.65,0.15
7431,4401,135,1,27.97,0.0
7432,4401,47,2,43.64,0.0
7433,4402,80,3,11.07,0.0
7434,4402,94,2,47.28,0.1
7435,4402,121,1,129.59,0.1
7436,4403,74,1,266.29,0.0
7437,4403,151,1,81.28,0.0
7438,4404,49,1,87.15,0.0
7439,4405,131,1,16.27,0.0
7440,4406,46,2,34.85,0.0
7441,4407,129,3,70.93,0.15
7442,4407,3,2,115.26,0.0
7443,4408,3,1,114.96,0.0
7444,4408,85,1,31.98,0.15
7445,4409,127,3,26.22,0.15
7446,4410,139,1,132.87,0.0
7447,4410,91,2,70.06,0.1
7448,4411,154,1,80.26,0.0
7449,4412,50,1,13.09,0.1
7450,4413,51,5,87.59,0.0
7451,4414,114,2,589.63,0.0
7452,4414,12,2,43.12,0.05
7453,4415,58,5,49.45,0.15
7454,4416,116,2,86.4,0.0
7455,4416,129,1,71.18,0.15
7456,4416,91,3,70.86,0.1
7457,4416,32,1,344.49,0.1
7458,4417,60,1,155.83,0.15
7459,4417,52,1,46.14,0.0
7460,4418,25,4,39.92,0.1
7461,4418,34,4,25.22,0.0
7462,4418,109,1,84.08,0.0
7463,4419,154,4,79.09,0.15
7464,4420,145,2,81.02,0.15
7465,4421,19,1,28.32,0.1
7466,4422,44,1,49.84,0.0
7467,4422,71,2,91.8,0.05
7468,4422,54,1,110.02,0.0
7469,4423,8,1,132.5,0.0
7470,4424,141,5,80.8,0.15
7471,4424,145,3,81.19,0.05
7472,4425,113,2,70.34,0.0
7473,4425,112,3,63.79,0.0
7474,4426,38,2,11.09,0.05
7475,4427,37,2,77.6,0.0
7476,4427,116,1,86.05,0.05
7477,4427,98,2,82.83,0.05
7478,4428,109,3,81.59,0.0
7479,4429,66,3,225.22,0.1
7480,4429,8,1,128.99,0.0
7481,4430,139,2,136.18,0.0
7482,4430,92,3,158.15,0.05
7483,4430,133,2,25.23,0.05
7484,4430,145,1,81.57,0.05
7485,4431,74,1,261.43,0.0
7486,4432,48,1,168.23,0.1
7487,4433,123,2,234.14,0.0
7488,4433,59,1,85.82,0.0
7489,4434,102,1,45.42,0.0
7490,4435,2,1,57.45,0.0
7491,4435,20,1,18.18,0.0
7492,4435,28,2,90.18,0.05
7493,4436,140,1,21.13,0.05
7494,4436,44,1,49.16,0.0
7495,4437,80,1,11.02,0.05
7496,4438,96,1,17.62,0.05
7497,4439,111,1,11.33,0.15
7498,4440,159,1,22.16,0.05
7499,4440,49,3,90.05,0.1
7500,4441,51,4,85.93,0.0
7501,4441,113,1,69.98,0.0
7502,4441,59,1,89.56,0.05
7503,4442,150,3,84.83,0.15
7504,4443,132,1,69.45,0.1
7505,4443,101,1,18.3,0.0
7506,4444,71,3,92.06,0.0
7507,4445,60,2,156.82,0.0
7508,4445,120,1,125.54,0.1
7509,4446,96,1,17.67,0.15
7510,4446,120,2,128.52,0.0
7511,4447,94,2,48.98,0.0
7512,4447,15,1,13.78,0.0
7513,4447,116,3,86.02,0.0
7514,4448,41,1,124.16,0.1
7515,4449,152,1,91.06,0.15
7516,4449,42,1,77.54,0.05
7517,4450,53,2,36.14,0.0
7518,4451,98,1,81.27,0.0
7519,4452,143,2,15.37,0.1
7520,4453,11,5,43.01,0.1
7521,4454,69,1,88.45,0.15
7522,4454,141,2,78.97,0.0
7523,4455,50,3,13.18,0.15
7524,4456,30,1,49.49,0.15
7525,4457,11,1,42.11,0.15
7526,4457,148,2,19.45,0.0
7527,4458,69,2,91.78,0.05
7528,4458,93,1,33.74,0.0
7529,4458,151,3,82.76,0.05
7530,4459,143,1,15.49,0.0
7531,4460,96,1,17.0,0.0
7532,4460,94,2,48.52,0.0
7533,4461,59,3,86.35,0.0
7534,4461,140,1,20.96,0.0
7535,4462,42,1,74.87,0.0
7536,4463,156,2,34.16,0.1
7537,4463,95,1,45.53,0.1
7538,4464,134,1,101.48,0.0
7539,4465,15,3,13.74,0.0
7540,4465,39,1,19.77,0.1
7541,4466,23,2,69.93,0.0
7542,4467,70,1,36.76,0.05
7543,4468,44,1,49.42,0.05
7544,4468,119,4,181.78,0.1
7545,4469,40,1,79.34,0.1
7546,4470,12,1,42.38,0.0
7547,4470,7,2,268.98,0.0
7548,4470,131,1,16.26,0.0
7549,4470,82,2,91.52,0.15
7550,4471,46,1,33.68,0.15
7551,4472,107,2,349.87,0.15
7552,4473,96,5,17.46,0.0
7553,4473,150,2,87.01,0.05
7554,4474,22,1,52.53,0.0
7555,4475,47,3,43.8,0.0
7556,4475,135,2,28.06,0.0
7557,4476,130,3,41.39,0.05
7558,4477,85,1,32.1,0.0
7559,4478,65,-1,135.14,0.0
7560,4479,76,1,136.48,0.05
7561,4479,14,1,11.53,0.15
7562,4480,159,2,21.8,0.0
7563,4481,119,1,181.88,0.0
7564,4482,42,1,77.17,0.15
7565,4483,113,1,69.81,0.1
7566,4483,55,1,164.96,0.0
7567,4484,62,1,56.04,0.0
7568,4484,129,4,70.62,0.05
7569,4485,15,1,13.7,0.0
7570,4485,33,1,65.52,0.15
7571,4486,25,2,39.62,0.0
7572,4486,69,2,90.15,0.05
7573,4486,71,2,88.91,0.05
7574,4487,133,1,24.69,0.05
7575,4488,42,2,75.15,0.05
7576,4489,75,1,6.3,0.1
7577,4489,145,1,80.72,0.0
7578,4489,91,5,70.94,0.0
7579,4490,96,1,16.99,0.05
7580,4491,90,1,102.69,0.15
7581,4492,31,1,38.38,0.0
7582,4493,106,2,92.72,0.0
7583,4494,60,-3,154.18,0.1
7584,4494,76,4,138.53,0.1
7585,4495,148,1,19.89,0.0
7586,4495,76,1,136.12,0.0
7587,4495,96,1,17.56,0.15
7588,4496,29,1,37.22,0.0
7589,4497,103,2,47.87,0.0
7590,4497,46,1,34.23,0.05
7591,4498,31,1,37.34,0.15
7592,4498,144,1,76.72,0.15
7593,4499,3,5,115.67,0.15
7594,4500,91,1,70.52,0.0
7595,4500,119,4,182.66,0.0
7596,4500,71,1,89.79,0.05
7597,4501,108,1,74.53,0.0
7598,4501,11,2,42.07,0.0
7599,4502,46,1,34.18,0.05
7600,4503,140,1,21.05,0.1
7601,4504,110,2,60.2,0.05
7602,4504,98,1,80.22,0.05
7603,4505,149,5,105.55,0.0
7604,4505,2,1,56.92,0.0
7605,4505,97,1,82.81,0.0
7606,4505,74,2,260.48,0.0
7607,4506,115,1,54.21,0.1
7608,4507,90,2,103.56,0.05
7609,4508,131,1,16.29,0.1
7610,4509,32,4,335.94,0.1
7611,4509,137,2,32.39,0.1
7612,4510,124,1,18.6,0.05
7613,4511,114,2,590.46,0.1
7614,4512,88,2,87.43,0.0
7615,4513,93,1,35.39,0.0
7616,4513,143,2,15.62,0.0
7617,4513,148,2,20.2,0.05
7618,4514,54,4,115.15,0.1
7619,4514,97,1,86.03,0.1
7620,4515,7,1,266.89,0.05
7621,4516,26,1,70.36,0.1
7622,4517,27,1,22.76,0.0
7623,4517,155,1,85.14,0.0
7624,4517,82,2,88.2,0.05
7625,4518,97,2,85.17,0.15
7626,4518,64,1,21.76,0.05
7627,4519,43,1,58.71,0.05
7628,4520,110,5,59.39,0.05
7629,4520,70,1,35.46,0.0
7630,4520,119,2,181.59,0.05
7631,4520,56,3,149.37,0.0
7632,4521,19,2,28.38,0.0
7633,4522,49,1,90.77,0.05
7634,4523,136,2,255.66,0.1
7635,4523,55,3,165.88,0.0
7636,4523,140,1,21.96,0.0
7637,4524,97,1,86.86,0.0
7638,4525,41,1,125.17,0.15
7639,4525,94,1,48.27,0.0
7640,4525,38,1,11.33,0.0
7641,4526,131,1,16.45,0.1
7642,4527,32,1,351.24,0.1
7643,4527,146,3,130.61,0.0
7644,4527,116,1,85.75,0.1
7645,4528,149,1,105.77,0.0
7646,4529,146,2,130.45,0.0
7647,4529,28,2,91.5,0.0
7648,4530,3,1,115.69,0.0
7649,4530,159,1,21.98,0.0
7650,4531,71,1,88.65,0.1
7651,4532,123,1,227.27,0.15
7652,4532,111,1,11.44,0.05
7653,4533,3,1,116.05,0.05
7654,4534,132,1,68.27,0.15
7655,4534,88,1,87.07,0.0
7656,4535,100,3,53.28,0.0
7657,4535,54,4,111.9,0.0
7658,4535,101,1,18.29,0.05
7659,4535,150,2,86.1,0.0
7660,4536,128,1,39.29,0.0
7661,4537,28,2,92.33,0.05
7662,4537,100,1,52.27,0.0
7663,4538,80,2,11.13,0.1
7664,4538,84,3,40.45,0.0
7665,4539,117,2,64.63,0.0
7666,4539,13,1,82.58,0.0
7667,4539,38,1,11.23,0.05
7668,4540,45,1,17.29,0.0
7669,4541,155,1,84.8,0.05
7670,4541,25,3,39.43,0.0
7671,4542,121,1,132.67,0.0
7672,4542,53,1,35.36,0.0
7673,4543,3,1,119.33,0.0
7674,4544,9,3,42.33,0.05
7675,4545,12,1,42.04,0.1
7676,4546,93,1,33.98,0.0
7677,4547,93,2,34.47,0.1
7678,4547,14,1,11.67,0.1
7679,4548,66,2,219.32,0.1
7680,4548,69,1,89.97,0.1
7681,4548,107,1,357.77,0.0
7682,4548,49,1,90.73,0.15
7683,4549,143,2,15.46,0.05
7684,4550,123,3,233.35,0.15
7685,4551,147,4,21.8,0.15
7686,4552,55,1,166.48,0.1
7687,4552,125,1,109.81,0.15
7688,4553,35,1,134.98,0.1
7689,4553,82,1,88.58,0.1
7690,4554,37,5,80.38,0.05
7691,4554,30,3,50.51,0.1
7692,4554,40,2,77.01,0.0
7693,4555,29,1,37.4,0.0
7694,4556,72,1,255.76,0.1
7695,4556,11,1,43.11,0.15
7696,4557,106,1,95.53,0.1
7697,4557,63,2,23.46,0.0
7698,4558,144,1,75.1,0.0
7699,4559,149,2,102.7,0.15
7700,4559,113,1,69.94,0.15
7701,4560,83,1,240.79,0.0
7702,4560,11,1,42.8,0.0
7703,4560,60,1,154.06,0.15
7704,4561,72,1,260.31,0.0
7705,4562,32,2,347.86,0.0
7706,4562,149,4,105.46,0.15
7707,4563,159,5,22.17,0.05
7708,4563,131,2,16.1,0.15
7709,4563,127,1,26.31,0.15
7710,4564,96,1,17.29,0.0
7711,4565,117,2,61.55,0.15
7712,4566,9,1,43.41,0.0
7713,4566,75,3,6.04,0.15
7714,4567,78,1,49.74,0.05
7715,4567,14,1,11.72,0.0
7716,4568,60,1,156.43,0.05
7717,4569,9,2,43.3,0.0
7718,4569,151,1,81.75,0.05
7719,4569,144,1,75.92,0.15
7720,4570,133,3,24.57,0.0
7721,4570,11,1,43.8,0.15
7722,4571,115,3,54.84,0.0
7723,4572,148,3,19.93,0.0
7724,4572,123,1,235.62,0.0
7725,4573,122,1,28.72,0.0
7726,4573,23,2,68.66,0.15
7727,4574,103,2,48.89,0.0
7728,4575,59,2,85.92,0.0
7729,4576,17,3,25.58,0.15
7730,4576,75,2,6.29,0.15
7731,4577,64,2,22.0,0.05
7732,4578,73,2,62.18,0.05
7733,4579,31,1,38.16,0.0
7734,4579,159,5,22.35,0.0
7735,4580,85,1,30.64,0.1
7736,4581,24,1,17.69,0.1
7737,4582,15,1,13.84,0.05
7738,4583,83,2,242.23,0.0
7739,4584,131,2,16.33,0.05
7740,4585,66,3,217.05,0.0
7741,4586,48,1,166.8,0.0
7742,4586,13,2,79.24,0.1
7743,4586,133,2,25.4,0.0
7744,4587,26,1,71.85,0.0
7745,4588,37,1,77.42,0.0
7746,4588,67,4,62.12,0.1
7747,4589,45,1,17.13,0.0
7748,4589,133,2,24.55,0.0
7749,4589,117,1,63.34,0.0
7750,4589,58,3,49.01,0.0
7751,4590,147,2,21.34,0.0
7752,4590,13,2,80.79,0.0
7753,4591,52,4,46.49,0.15
7754,4592,145,1,80.69,0.05
7755,4593,21,1,239.19,0.0
7756,4594,86,1,40.98,0.05
7757,4595,3,1,114.77,0.0
7758,4596,19,1,28.12,0.05
7759,4597,131,2,16.42,0.15
7760,4597,61,1,42.26,0.15
7761,4597,152,1,90.91,0.0
7762,4598,144,1,76.11,0.0
7763,4598,146,1,132.51,0.05
7764,4598,14,4,11.38,0.0
7765,4599,48,2,165.87,0.05
7766,4600,80,3,10.88,0.15
7767,4601,8,5,131.92,0.05
7768,4602,92,1,156.54,0.0
7769,4602,50,2,13.47,0.1
7770,4603,81,1,52.66,0.0
7771,4603,36,4,21.42,0.1
7772,4603,53,1,35.22,0.0
7773,4604,84,1,41.25,0.0
7774,4605,47,5,42.53,0.05
7775,4605,122,3,28.5,0.0
7776,4605,19,1,28.19,0.1
7777,4606,18,1,84.59,0.05
7778,4606,150,1,84.12,0.0
7779,4606,97,1,86.89,0.0
7780,4606,99,5,64.31,0.1
7781,4607,9,1,42.81,0.15
7782,4607,99,2,66.92,0.05
7783,4608,137,1,32.22,0.05
7784,4609,106,1,91.28,0.0
7785,4610,156,2,33.9,0.1
7786,4611,158,1,101.35,0.0
7787,4612,124,1,18.51,0.0
7788,4612,158,1,101.76,0.05
7789,4613,157,1,350.78,0.15
7790,4614,88,1,85.68,0.0
7791,4615,153,1,34.61,0.0
7792,4616,80,1,10.72,0.05
7793,4616,21,1,242.55,0.0
7794,4617,145,2,83.87,0.05
7795,4617,31,1,38.19,0.0
7796,4618,135,2,28.67,0.0
7797,4618,160,1,119.39,0.0
7798,4619,152,1,87.31,0.0
7799,4619,153,1,36.01,0.0
7800,4619,106,2,92.8,0.0
7801,4620,24,1,18.16,0.0
7802,4620,159,2,22.65,0.0
7803,4620,146,1,130.68,0.15
7804,4621,27,1,23.1,0.05
7805,4622,3,1,114.07,0.0
7806,4622,28,1,89.1,0.15
7807,4622,90,1,104.13,0.1
7808,4623,72,1,258.03,0.05
7809,4624,155,5,85.9,0.0
7810,4625,84,1,40.07,0.0
7811,4626,116,1,86.65,0.1
7812,4627,73,3,61.7,0.1
7813,4628,127,1,26.63,0.05
7814,4628,10,2,106.4,0.0
7815,4628,12,2,42.54,0.1
7816,4629,31,1,38.6,0.0
7817,4630,11,1,41.95,0.0
7818,4631,44,3,49.17,0.15
7819,4632,45,1,17.42,0.0
7820,4632,146,1,134.73,0.0
7821,4633,103,2,47.76,0.0
7822,4634,59,2,88.85,0.1
7823,4634,19,3,28.41,0.0
7824,4635,112,3,64.76,0.1
7825,4636,82,1,89.37,0.15
7826,4637,66,1,220.09,0.0
7827,4638,152,2,87.7,0.0
7828,4639,64,1,21.83,0.0
7829,4639,96,1,17.38,0.05
7830,4640,90,1,102.65,0.1
7831,4640,78,2,48.89,0.0
7832,4641,16,3,40.17,0.0
7833,4642,106,1,92.29,0.05
7834,4643,135,2,29.03,0.0
7835,4643,21,1,248.62,0.0
7836,4644,139,1,137.94,0.0
7837,4644,50,1,13.51,0.0
7838,4644,44,2,50.13,0.15
7839,4645,10,4,106.48,0.05
7840,4646,43,2,57.29,0.0
7841,4647,16,1,38.64,0.0
7842,4648,150,1,83.31,0.05
7843,4648,80,2,10.72,0.15
7844,4649,137,1,32.49,0.0
7845,4650,64,3,22.37,0.0
7846,4651,121,1,135.4,0.05
7847,4651,123,2,227.02,0.05
7848,4652,3,2,114.24,0.15
7849,4652,140,1,21.35,0.15
7850,4653,26,1,70.16,0.0
7851,4653,139,1,136.29,0.15
7852,4654,3,2,113.53,0.0
7853,4654,54,2,115.0,0.0
7854,4654,79,1,70.39,0.1
7855,4655,128,1,39.27,0.1
7856,4655,117,2,63.39,0.0
7857,4656,29,1,37.36,0.05
7858,4657,98,1,81.1,0.1
7859,4657,41,2,127.2,0.0
7860,4657,77,1,69.44,0.15
7861,4658,47,1,42.64,0.05
7862,4658,25,1,39.88,0.1
7863,4659,80,3,11.11,0.0
7864,4660,108,1,76.63,0.05
7865,4661,132,1,69.94,0.1
7866,4661,140,3,21.36,0.0
7867,4662,148,1,19.53,0.0
7868,4663,58,3,48.44,0.0
7869,4664,152,2,90.18,0.0
7870,4664,160,2,114.86,0.05
7871,4665,98,3,83.78,0.0
7872,4665,26,4,70.89,0.05
7873,4665,141,1,78.96,0.1
7874,4666,144,1,75.92,0.15
7875,4667,142,3,215.06,0.0
7876,4667,103,2,48.92,0.15
7877,4667,120,1,129.37,0.0
7878,4668,99,2,63.86,0.0
7879,4669,59,2,87.08,0.0
7880,4670,129,1,70.19,0.1
7881,4671,25,1,39.52,0.0
7882,4671,145,3,83.27,0.0
7883,4671,10,1,106.11,0.1
7884,4672,5,3,51.91,0.0
7885,4673,34,3,25.18,0.0
7886,4673,132,2,69.91,0.1
7887,4674,57,4,29.84,0.1
7888,4674,112,1,62.91,0.1
7889,4675,72,1,257.11,0.0
7890,4676,146,2,132.98,0.0
7891,4676,92,1,153.05,0.0
7892,4676,52,1,46.7,0.05
7893,4677,5,3,53.56,0.0
7894,4678,27,3,22.5,0.0
7895,4678,96,2,17.6,0.1
7896,4679,65,2,135.31,0.05
7897,4680,140,2,21.94,0.0
7898,4681,140,1,21.77,0.0
7899,4682,8,4,127.55,0.0
7900,4683,21,2,238.54,0.05
7901,4684,159,1,21.71,0.05
7902,4685,6,1,53.3,0.1
7903,4685,125,1,110.69,0.15
7904,4685,79,1,70.69,0.0
7905,4686,65,1,133.18,0.0
7906,4686,21,1,246.99,0.1
7907,4687,136,4,257.67,0.15
7908,4687,139,1,132.43,0.15
7909,4688,64,2,22.59,0.15
7910,4688,71,1,89.81,0.0
7911,4689,53,1,35.29,0.05
7912,4689,103,3,48.62,0.05
7913,4690,124,2,18.75,0.0
7914,4691,101,3,18.54,0.05
7915,4692,5,3,52.22,0.0
7916,4693,102,1,44.71,0.0
7917,4693,56,3,153.95,0.15
7918,4693,61,2,42.64,0.15
7919,4694,11,1,43.53,0.15
7920,4695,71,1,88.98,0.0
7921,4695,158,1,98.38,0.1
7922,4696,111,4,11.65,0.0
7923,4696,68,1,159.74,0.0
7924,4696,69,1,88.19,0.0
7925,4697,15,3,13.56,0.15
7926,4697,71,2,91.45,0.0
7927,4697,40,1,76.27,0.0
7928,4698,28,2,91.27,0.0
7929,4698,109,1,82.83,0.05
7930,4699,55,1,160.42,0.0
7931,4699,108,2,74.74,0.1
7932,4700,124,1,18.04,0.05
7933,4701,66,1,225.62,0.1
7934,4702,24,1,17.81,0.05
7935,4703,96,1,17.7,0.0
7936,4703,31,1,38.75,0.1
7937,4704,124,1,18.44,0.05
7938,4704,136,1,259.19,0.05
7939,4704,160,1,117.5,0.05
7940,4705,128,1,39.61,0.0
7941,4705,72,1,254.01,0.0
7942,4705,43,2,57.13,0.05
7943,4706,63,4,23.85,0.15
7944,4706,114,2,607.68,0.05
7945,4707,61,2,43.21,0.0
7946,4708,35,2,135.91,0.05
7947,4709,26,2,70.45,0.0
7948,4709,109,1,80.9,0.15
7949,4710,57,1,29.85,0.15
7950,4711,58,1,49.61,0.0
7951,4711,98,3,80.86,0.05
7952,4711,74,1,264.41,0.15
7953,4711,116,1,86.26,0.05
7954,4712,135,2,28.93,0.0
7955,4713,21,2,244.42,0.15
7956,4713,91,2,71.25,0.0
7957,4714,80,2,10.95,0.0
7958,4715,132,2,68.37,0.0
7959,4715,121,2,130.55,0.1
7960,4716,61,4,42.95,0.15
7961,4717,151,2,82.43,0.05
7962,4717,60,1,155.13,0.1
7963,4717,129,1,70.43,0.15
7964,4717,158,1,98.88,0.15
7965,4718,81,5,53.66,0.1
7966,4719,2,2,56.42,0.05
7967,4720,47,3,43.11,0.05
7968,4720,55,2,162.06,0.05
7969,4720,102,1,45.21,0.0
7970,4720,31,1,38.3,0.0
7971,4721,35,4,133.33,0.05
7972,4721,75,1,6.09,0.0
7973,4721,66,1,220.04,0.15
7974,4722,143,1,15.37,0.1
7975,4722,130,1,41.14,0.0
7976,4723,50,1,13.41,0.05
7977,4723,100,2,53.36,0.1
7978,4723,149,1,104.97,0.0
7979,4724,128,2,39.89,0.15
7980,4724,56,1,151.96,0.15
7981,4724,3,1,113.8,0.1
7982,4725,102,2,44.58,0.1
7983,4726,18,1,84.38,0.0
7984,4727,110,1,59.58,0.0
7985,4728,145,2,81.84,0.0
7986,4729,44,1,49.17,0.0
7987,4729,69,3,88.04,0.15
7988,4730,75,2,6.23,0.05
7989,4731,33,3,65.63,0.0
7990,4731,137,3,32.76,0.0
7991,4732,15,2,13.65,0.1
7992,4732,23,2,67.39,0.1
7993,4733,113,1,68.76,0.1
7994,4734,134,1,100.97,0.05
7995,4735,140,4,21.69,0.0
7996,4735,91,2,69.78,0.0
7997,4736,137,1,32.19,0.1
7998,4736,40,3,79.57,0.15
7999,4736,39,1,19.49,0.0
8000,4737,25,2,38.91,0.0
8001,4737,47,5,42.95,0.1
8002,4737,3,3,115.07,0.15
8003,4738,57,1,30.05,0.0
8004,4739,152,2,88.81,0.0
8005,4739,96,3,17.68,0.0
8006,4739,159,1,22.58,0.05
8007,4740,143,1,15.12,0.0
8008,4741,3,1,116.77,0.0
8009,4741,110,2,60.56,0.0
8010,4742,146,2,130.89,0.1
8011,4743,121,1,129.52,0.0
8012,4743,54,1,114.37,0.05
8013,4744,68,4,158.33,0.15
8014,4744,64,1,21.97,0.05
8015,4745,16,4,38.32,0.0
8016,4745,55,2,164.63,0.1
8017,4746,125,4,109.91,0.0
8018,4746,151,4,82.08,0.15
8019,4746,138,2,47.51,0.0
8020,4747,140,1,21.69,0.0
8021,4747,24,1,18.02,0.1
8022,4748,92,1,155.98,0.0
8023,4749,101,1,17.85,0.0
8024,4750,69,1,88.66,0.1
8025,4751,139,1,135.28,0.15
8026,4752,110,3,60.16,0.0
8027,4752,45,4,17.1,0.0
8028,4752,140,2,21.27,0.05
8029,4753,18,2,85.05,0.0
8030,4754,60,1,160.05,0.0
8031,4754,6,3,53.06,0.05
8032,4755,28,2,90.42,0.0
8033,4756,117,3,64.43,0.1
8034,4757,109,1,80.82,0.0
8035,4758,86,4,42.23,0.1
8036,4758,131,1,16.24,0.05
8037,4759,152,1,89.46,0.15
8038,4759,128,1,39.78,0.15
8039,4760,46,2,34.4,0.05
8040,4761,25,2,39.48,0.0
8041,4761,122,1,28.08,0.0
8042,4761,2,1,58.13,0.0
8043,4762,131,2,16.43,0.0
8044,4763,24,1,18.41,0.1
8045,4764,3,4,118.73,0.05
8046,4764,150,1,83.52,0.0
8047,4765,144,1,75.9,0.15
8048,4765,128,1,39.96,0.1
8049,4766,140,1,21.92,0.0
8050,4766,155,1,84.62,0.0
8051,4766,59,3,89.17,0.05
8052,4767,39,2,19.2,0.0
8053,4768,15,1,14.11,0.0
8054,4769,93,1,35.2,0.0
8055,4770,131,2,15.69,0.1
8056,4771,157,1,349.76,0.0
8057,4772,80,2,11.09,0.05
8058,4773,144,3,77.47,0.05
8059,4773,29,5,37.45,0.1
8060,4774,41,2,125.56,0.0
8061,4774,29,2,36.91,0.0
8062,4774,43,1,58.53,0.05
8063,4775,61,2,42.57,0.05
8064,4776,82,1,89.12,0.05
8065,4777,102,4,44.49,0.15
8066,4778,136,1,260.24,0.0
8067,4779,36,1,21.23,0.1
8068,4779,58,3,48.34,0.15
8069,4780,69,1,90.82,0.05
8070,4780,15,2,13.45,0.0
8071,4781,5,2,52.48,0.15
8072,4782,47,1,41.97,0.1
8073,4783,159,3,21.7,0.15
8074,4784,101,3,17.77,0.0
8075,4784,74,2,269.92,0.1
8076,4785,52,1,46.83,0.0
8077,4785,119,2,178.89,0.0
8078,4786,12,3,42.92,0.0
8079,4787,104,3,32.04,0.15
8080,4787,37,2,79.94,0.15
8081,4788,48,1,168.36,0.0
8082,4789,27,1,23.5,0.0
8083,4789,86,1,42.28,0.1
8084,4790,132,1,68.12,0.15
8085,4791,96,3,17.69,0.15
8086,4792,66,1,216.17,0.0
8087,4793,21,1,243.5,0.0
8088,4793,16,2,39.98,0.1
8089,4794,113,1,68.58,0.0
8090,4795,91,2,69.74,0.15
8091,4796,160,4,118.74,0.15
8092,4797,112,2,63.52,0.0
8093,4797,134,1,99.08,0.0
8094,4797,42,1,74.36,0.0
8095,4798,45,1,17.43,0.0
8096,4799,57,1,30.71,0.15
8097,4799,86,1,42.07,0.1
8098,4799,98,3,80.4,0.05
8099,4799,146,1,130.45,0.0
8100,4800,27,5,22.5,0.1
8101,4801,13,2,80.36,0.0
8102,4802,144,2,77.97,0.05
8103,4803,145,2,82.12,0.15
8104,4804,139,1,136.72,0.1
8105,4805,106,1,94.93,0.0
8106,4806,37,2,76.72,0.1
8107,4806,75,1,6.16,0.15
8108,4807,37,4,78.71,0.1
8109,4808,118,1,22.75,0.05
8110,4808,76,3,138.99,0.15
8111,4809,131,1,15.71,0.15
8112,4809,19,1,28.03,0.15
8113,4810,73,1,62.22,0.1
8114,4810,42,2,74.41,0.1
8115,4810,28,1,89.93,0.05
8116,4811,85,1,30.96,0.15
8117,4811,57,1,30.52,0.0
8118,4812,7,3,263.76,0.15
8119,4812,67,2,62.21,0.1
8120,4813,75,1,6.02,0.0
8121,4814,28,2,90.45,0.0
8122,4815,34,2,25.54,0.15
8123,4815,137,2,31.84,0.05
8124,4816,152,1,89.95,0.05
8125,4817,39,1,19.48,0.0
8126,4818,83,2,245.41,0.0
8127,4819,22,1,52.35,0.15
8128,4820,38,1,10.92,0.0
8129,4821,96,2,17.24,0.0
8130,4821,143,2,15.67,0.0
8131,4822,39,1,19.75,0.15
8132,4823,27,4,22.49,0.1
8133,4823,150,1,85.56,0.1
8134,4824,41,1,126.22,0.0
8135,4825,76,2,134.49,0.05
8136,4825,30,5,51.29,0.05
8137,4826,71,1,91.83,0.15
8138,4826,64,2,21.74,0.05
8139,4827,60,2,159.82,0.0
8140,4827,14,1,11.73,0.0
8141,4827,152,1,88.62,0.0
8142,4827,80,1,10.67,0.1
8143,4828,66,2,224.34,0.1
8144,4828,15,3,13.67,0.05
8145,4828,12,1,41.86,0.0
8146,4829,143,1,15.55,0.0
8147,4829,62,1,54.41,0.0
8148,4829,10,1,106.06,0.0
8149,4830,74,4,271.92,0.1
8150,4831,138,1,47.67,0.0
8151,4832,22,2,53.4,0.0
8152,4832,124,1,18.16,0.15
8153,4832,27,1,23.24,0.15
8154,4833,59,1,88.98,0.05
8155,4833,50,1,13.25,0.05
8156,4834,65,1,133.66,0.15
8157,4835,42,3,76.34,0.05
8158,4835,83,2,240.01,0.1
8159,4836,109,2,83.37,0.05
8160,4836,91,2,71.34,0.0
8161,4837,35,3,134.44,0.0
8162,4837,159,2,21.72,0.1
8163,4838,68,2,160.66,0.1
8164,4839,43,2,58.36,0.0
8165,4840,43,1,57.28,0.0
8166,4840,142,2,207.16,0.1
8167,4840,81,1,51.99,0.0
8168,4841,108,2,76.79,0.0
8169,4841,62,2,54.74,0.0
8170,4842,36,3,21.77,0.0
8171,4843,83,2,251.01,0.0
8172,4844,36,2,21.8,0.0
8173,4844,143,1,15.24,0.0
8174,4845,115,2,54.21,0.0
8175,4845,112,1,62.54,0.15
8176,4846,13,1,80.31,0.0
8177,4847,88,2,88.37,0.0
8178,4847,53,2,35.35,0.1
8179,4847,138,4,47.42,0.1
8180,4848,46,2,34.34,0.05
8181,4849,55,5,166.68,0.0
8182,4849,4,1,256.03,0.05
8183,4850,84,1,39.83,0.0
8184,4851,84,1,41.8,0.0
8185,4852,28,1,91.53,0.15
8186,4853,59,4,85.63,0.05
8187,4853,17,1,25.93,0.05
8188,4853,75,2,6.04,0.0
8189,4853,5,3,52.73,0.0
8190,4854,100,1,53.32,0.0
8191,4855,71,1,88.36,0.1
8192,4856,158,1,97.05,0.0
8193,4856,149,2,102.36,0.05
8194,4857,115,1,54.55,0.0
8195,4858,160,1,119.67,0.0
8196,4859,37,3,78.95,0.15
8197,4859,143,1,15.08,0.05
8198,4859,9,1,42.5,0.0
8199,4860,60,1,155.58,0.1
8200,4860,153,2,35.4,0.0
8201,4861,59,2,87.48,0.05
8202,4861,27,1,22.74,0.05
8203,4862,3,1,117.07,0.1
8204,4862,123,1,233.56,0.0
8205,4862,17,1,25.52,0.1
8206,4863,89,1,40.52,0.05
8207,4863,130,3,41.97,0.05
8208,4863,116,1,87.42,0.05
8209,4863,95,1,46.84,0.15
8210,4864,31,3,38.26,0.0
8211,4864,133,2,24.55,0.1
8212,4865,47,3,42.94,0.15
8213,4866,60,1,155.55,0.0
8214,4867,20,1,18.11,0.15
8215,4868,59,2,86.76,0.0
8216,4868,93,5,34.46,0.05
8217,4869,17,1,25.83,0.1
8218,4869,157,2,346.22,0.05
8219,4870,76,1,139.38,0.15
8220,4871,4,1,252.79,0.1
8221,4872,63,2,23.47,0.0
8222,4873,49,2,88.46,0.0
8223,4874,78,1,49.67,0.15
8224,4874,124,2,18.72,0.0
8225,4874,98,1,83.88,0.1
8226,4875,89,2,39.61,0.05
8227,4876,142,1,207.27,0.15
8228,4877,121,3,132.52,0.1
8229,4878,1,1,103.13,0.0
8230,4879,77,1,71.72,0.15
8231,4879,9,1,43.08,0.1
8232,4880,79,1,71.58,0.05
8233,4881,22,2,53.08,0.0
8234,4881,62,1,55.51,0.0
8235,4882,136,1,264.99,0.0
8236,4883,89,3,39.88,0.15
8237,4883,72,2,261.93,0.15
8238,4884,97,1,83.07,0.0
8239,4885,30,3,49.54,0.05
8240,4886,86,3,40.74,0.0
8241,4887,118,1,22.42,0.0
8242,4888,150,1,83.86,0.0
8243,4888,133,1,25.56,0.0
8244,4888,8,1,130.83,0.0
8245,4889,98,2,83.67,0.0
8246,4890,65,2,136.94,0.05
8247,4890,96,1,17.07,0.0
8248,4890,128,2,39.64,0.05
8249,4890,63,1,23.5,0.1
8250,4891,18,1,85.03,0.0
8251,4891,157,1,353.65,0.0
8252,4892,124,1,18.56,0.0
8253,4892,36,1,21.44,0.1
8254,4893,9,1,42.79,0.0
8255,4893,84,1,41.37,0.0
8256,4893,43,2,58.0,0.15
8257,4894,29,1,37.73,0.0
8258,4894,72,1,259.61,0.0
8259,4895,96,1,17.75,0.0
8260,4895,29,2,37.12,0.05
8261,4896,57,1,29.91,0.1
8262,4897,118,1,22.2,0.0
8263,4897,104,1,31.86,0.0
8264,4898,58,1,49.45,0.05
8265,4899,111,1,11.76,0.15
8266,4900,57,4,30.49,0.0
8267,4901,88,4,86.4,0.0
8268,4901,147,1,21.32,0.0
8269,4902,96,1,17.78,0.05
8270,4902,29,1,38.4,0.0
8271,4903,50,2,13.27,0.0
8272,4904,92,1,153.16,0.05
8273,4905,16,1,38.65,0.0
8274,4906,94,1,47.93,0.0
8275,4907,40,2,77.19,0.1
8276,4907,29,1,36.98,0.0
8277,4908,2,1,56.7,0.0
8278,4909,40,2,77.65,0.0
8279,4910,78,3,49.74,0.1
8280,4911,36,2,21.42,0.05
8281,4912,90,3,100.64,0.0
8282,4912,48,1,167.22,0.15
8283,4912,136,1,261.95,0.0
8284,4913,130,1,40.5,0.0
8285,4913,33,2,65.24,0.0
8286,4914,122,2,28.89,0.0
8287,4914,119,1,178.28,0.15
8288,4915,15,1,13.49,0.05
8289,4915,5,2,52.3,0.05
8290,4916,67,1,62.34,0.0
8291,4917,160,2,114.56,0.15
8292,4917,68,1,162.78,0.0
8293,4917,109,1,80.31,0.1
8294,4918,9,1,42.2,0.0
8295,4919,65,2,133.68,0.0
8296,4920,7,5,265.2,0.1
8297,4920,153,1,35.26,0.1
8298,4921,110,1,62.07,0.0
8299,4921,99,2,66.47,0.0
8300,4921,31,5,37.44,0.0
8301,4921,16,2,39.31,0.0
8302,4922,153,1,36.12,0.0
8303,4923,41,4,128.48,0.1
8304,4923,145,1,83.96,0.05
8305,4923,40,2,76.35,0.0
8306,4924,138,1,47.53,0.15
8307,4924,29,1,38.08,0.0
8308,4924,57,5,31.16,0.15
8309,4925,153,2,35.93,0.05
8310,4926,108,1,76.73,0.15
8311,4926,40,3,78.02,0.0
8312,4927,46,1,33.63,0.05
8313,4928,126,1,476.3,0.0
8314,4928,18,1,87.4,0.0
8315,4929,87,1,147.16,0.1
8316,4930,44,1,50.76,0.15
8317,4931,88,1,89.42,0.1
8318,4931,16,1,39.07,0.15
8319,4931,31,2,37.35,0.1
8320,4932,111,2,11.38,0.0
8321,4933,64,1,21.87,0.0
8322,4933,14,1,11.59,0.0
8323,4934,150,5,86.42,0.05
8324,4935,98,1,82.88,0.15
8325,4935,79,1,70.2,0.1
8326,4936,61,1,41.27,0.0
8327,4936,151,1,79.88,0.0
8328,4937,134,2,99.04,0.05
8329,4938,11,1,42.06,0.1
8330,4938,98,1,80.57,0.0
8331,4938,89,1,40.74,0.0
8332,4939,61,1,43.21,0.15
8333,4940,11,1,41.77,0.05
8334,4941,96,1,17.64,0.15
8335,4942,143,2,15.16,0.15
8336,4942,76,3,134.12,0.15
8337,4943,129,1,70.8,0.0
8338,4944,32,2,347.45,0.0
8339,4945,158,1,101.72,0.0
8340,4946,42,5,73.96,0.0
8341,4947,94,2,48.25,0.05
8342,4947,42,1,76.12,0.1
8343,4947,160,2,116.3,0.0
8344,4947,16,2,39.98,0.15
8345,4948,156,3,34.39,0.15
8346,4948,124,1,18.03,0.0
8347,4949,15,-3,13.47,0.15
8348,4949,96,1,16.99,0.0
8349,4949,25,2,38.87,0.05
8350,4950,152,2,88.73,0.15
8351,4951,55,1,167.14,0.15
8352,4952,72,2,264.16,0.0
8353,4953,137,1,31.8,0.1
8354,4953,79,1,71.85,0.1
8355,4953,149,3,105.86,0.0
8356,4953,154,1,81.23,0.0
8357,4954,98,2,80.55,0.15
8358,4954,70,4,36.03,0.05
8359,4954,7,3,265.08,0.0
8360,4954,46,2,33.77,0.0
8361,4955,76,1,133.51,0.0
8362,4956,88,3,85.96,0.1
8363,4957,127,1,26.59,0.15
8364,4957,53,1,35.17,0.0
8365,4958,62,2,54.15,0.15
8366,4959,103,1,48.08,0.0
8367,4960,55,1,168.36,0.05
8368,4961,53,1,35.04,0.0
8369,4962,159,1,22.53,0.05
8370,4962,150,2,84.38,0.1
8371,4962,123,1,235.12,0.1
8372,4963,40,1,78.88,0.1
8373,4963,60,1,155.46,0.1
8374,4964,149,1,104.2,0.0
8375,4965,138,1,49.59,0.05
8376,4966,47,1,43.0,0.1
8377,4967,6,3,53.25,0.0
8378,4967,12,1,43.24,0.0
8379,4968,90,1,104.22,0.1
8380,4969,128,1,39.31,0.05
8381,4970,48,4,172.08,0.05
8382,4971,152,4,88.32,0.05
8383,4971,148,1,19.8,0.0
8384,4972,1,3,103.13,0.05
8385,4972,129,3,69.68,0.0
8386,4972,80,1,10.99,0.0
8387,4973,89,2,40.81,0.0
8388,4973,109,1,80.6,0.0
8389,4974,16,2,39.78,0.15
8390,4975,104,3,31.76,0.0
8391,4975,123,3,233.45,0.0
8392,4975,16,1,39.08,0.1
8393,4975,71,2,90.19,0.0
8394,4976,155,1,85.01,0.15
8395,4977,121,4,133.0,0.1
8396,4977,152,2,87.73,0.0
8397,4977,30,3,50.45,0.05
8398,4978,91,1,70.88,0.0
8399,4979,13,1,79.38,0.1
8400,4979,114,1,586.1,0.0
8401,4979,124,1,18.76,0.0
8402,4980,30,1,49.07,0.0
8403,4981,21,4,244.12,0.15
8404,4982,38,1,11.0,0.0
8405,4982,2,2,57.36,0.0
8406,4982,46,1,33.93,0.15
8407,4983,108,1,76.88,0.05
8408,4983,130,2,40.87,0.05
8409,4984,62,1,56.3,0.0
8410,4984,137,3,31.47,0.0
8411,4985,115,2,55.38,0.15
8412,4985,10,1,106.37,0.0
8413,4986,143,1,15.48,0.05
8414,4986,157,3,355.85,0.0
8415,4987,27,1,23.34,0.0
8416,4987,54,2,111.39,0.1
8417,4987,159,1,21.74,0.0
8418,4988,119,1,180.03,0.0
8419,4988,152,1,88.1,0.05
8420,4988,151,1,79.94,0.05
8421,4989,153,1,35.61,0.0
8422,4989,141,2,81.45,0.1
8423,4990,60,1,153.02,0.05
8424,4990,136,1,265.36,0.1
8425,4991,9,3,41.77,0.15
8426,4992,139,3,131.94,0.05
8427,4993,124,2,18.16,0.0
8428,4994,7,1,263.95,0.0
8429,4995,100,1,52.06,0.0
8430,4996,109,1,81.76,0.15
8431,4997,1,1,103.47,0.0
8432,4998,18,2,84.65,0.0
8433,4998,21,3,239.58,0.1
8434,4998,108,1,76.03,0.0
8435,4998,73,1,61.57,0.0
8436,4999,136,3,266.09,0.1
8437,5000,38,2,11.13,0.0
8438,5000,112,1,64.48,0.0
8439,5001,48,1,168.78,0.15
8440,5001,1,1,102.09,0.0
8441,5001,115,1,54.74,0.05
8442,5001,75,1,6.14,0.1
8443,5002,10,2,108.38,0.05
8444,5003,18,1,85.07,0.0
8445,5004,146,1,132.18,0.1
8446,5005,109,1,83.27,0.15
8447,5006,108,1,76.44,0.0
8448,5007,135,2,28.01,0.0
8449,5007,76,1,134.7,0.0
8450,5007,3,2,115.56,0.0
8451,5007,92,1,158.74,0.0
8452,5008,85,2,31.56,0.05
8453,5009,26,3,71.97,0.0
8454,5010,127,2,26.86,0.05
8455,5011,119,2,180.47,0.1
8456,5012,130,1,41.94,0.0
8457,5013,147,3,21.42,0.15
8458,5013,137,3,32.45,0.0
8459,5014,56,2,148.32,0.15
8460,5015,20,1,18.05,0.1
8461,5015,54,1,114.16,0.0
8462,5015,61,1,41.86,0.0
8463,5016,158,3,99.9,0.15
8464,5017,33,1,62.65,0.1
8465,5018,159,2,22.7,0.0
8466,5019,129,1,71.35,0.0
8467,5020,83,2,245.09,0.0
8468,5020,88,1,86.14,0.0
8469,5021,48,2,169.96,0.0
8470,5021,133,2,24.73,0.15
8471,5021,148,2,19.48,0.15
8472,5021,11,1,42.89,0.0
8473,5022,109,3,82.17,0.0
8474,5023,14,3,11.64,0.0
8475,5024,10,1,104.59,0.15
8476,5025,60,2,160.08,0.05
8477,5026,105,1,55.32,0.05
8478,5026,83,2,242.06,0.0
8479,5027,128,2,38.81,0.05
8480,5028,108,1,75.54,0.0
8481,5029,74,1,265.12,0.1
8482,5030,160,1,115.62,0.15
8483,5030,18,1,86.81,0.0
8484,5030,10,2,105.16,0.05
8485,5031,155,4,83.77,0.05
8486,5031,30,1,50.39,0.0
8487,5032,93,1,34.82,0.0
8488,5033,18,2,85.76,0.0
8489,5034,130,3,42.1,0.15
8490,5034,116,1,84.13,0.0
8491,5034,142,2,210.84,0.15
8492,5035,44,2,50.09,0.0
8493,5035,19,3,28.06,0.0
8494,5036,149,1,104.69,0.05
8495,5037,67,2,61.84,0.0
8496,5037,63,2,23.95,0.1
8497,5038,79,1,70.85,0.1
8498,5039,54,1,113.5,0.15
8499,5039,74,1,259.33,0.0
8500,5039,136,1,264.06,0.0
8501,5040,92,1,158.21,0.05
8502,5040,3,2,118.71,0.0
8503,5040,137,2,32.9,0.1
8504,5040,55,2,161.46,0.15
8505,5041,130,1,41.16,0.0
8506,5042,45,2,17.17,0.05
8507,5042,22,1,53.75,0.0
8508,5042,135,1,28.51,0.15
8509,5043,150,1,84.73,0.1
8510,5044,24,1,17.76,0.0
8511,5044,135,3,27.83,0.1
8512,5045,99,1,64.68,0.15
8513,5046,120,1,130.89,0.1
8514,5047,56,1,148.82,0.1
8515,5047,50,2,13.04,0.0
8516,5048,6,1,53.93,0.05
8517,5049,102,1,44.53,0.1
8518,5050,87,1,152.0,0.15
8519,5050,32,3,342.8,0.0
8520,5051,148,-1,20.16,0.0
8521,5052,120,4,128.11,0.0
8522,5052,90,1,104.53,0.15
8523,5052,2,1,56.26,0.1
8524,5053,22,5,53.08,0.15
8525,5053,35,3,138.94,0.15
8526,5054,149,2,106.16,0.1
8527,5055,64,2,22.2,0.05
8528,5055,12,2,42.68,0.0
8529,5056,82,2,91.5,0.0
8530,5057,26,2,71.5,0.1
8531,5057,2,1,56.74,0.05
8532,5058,124,1,18.0,0.0
8533,5059,14,1,11.56,0.0
8534,5060,49,2,89.75,0.0
8535,5060,160,2,119.37,0.1
8536,5061,10,1,105.23,0.15
8537,5061,42,1,76.55,0.0
8538,5061,150,1,85.76,0.05
8539,5062,22,1,53.53,0.15
8540,5063,21,1,239.43,0.1
8541,5063,146,1,133.74,0.05
8542,5064,115,1,55.72,0.0
8543,5065,16,1,39.21,0.0
8544,5065,99,2,63.92,0.0
8545,5066,147,1,20.92,0.1
8546,5067,19,1,28.67,0.0
8547,5068,87,1,146.39,0.0
8548,5068,14,4,11.34,0.0
8549,5069,10,1,106.8,0.1
8550,5069,90,1,105.77,0.15
8551,5069,159,-1,21.95,0.0
8552,5070,105,2,55.07,0.15
8553,5071,93,1,35.01,0.0
8554,5072,22,2,54.0,0.1
8555,5072,53,2,36.05,0.0
8556,5073,31,2,37.02,0.0
8557,5073,93,4,35.29,0.1
8558,5073,27,2,23.32,0.0
8559,5074,97,1,84.62,0.1
8560,5075,74,1,271.85,0.0
8561,5076,82,1,87.78,0.1
8562,5077,56,1,154.11,0.0
8563,5077,76,1,134.71,0.05
8564,5078,152,1,88.95,0.0
8565,5079,9,3,41.76,0.05
8566,5079,54,1,113.07,0.05
8567,5080,151,1,80.27,0.05
8568,5081,159,1,22.72,0.05
8569,5082,55,1,168.53,0.0
8570,5082,16,1,38.64,0.15
8571,5083,139,1,133.8,0.0
8572,5083,77,4,71.88,0.0
8573,5084,65,2,134.3,0.0
8574,5084,107,1,359.39,0.0
8575,5084,77,1,69.54,0.0
8576,5085,77,1,71.21,0.0
8577,5086,141,1,79.27,0.0
8578,5087,121,1,135.51,0.0
8579,5087,109,2,82.63,0.05
8580,5088,40,4,76.49,0.0
8581,5089,133,1,25.49,0.05
8582,5089,52,2,46.25,0.0
8583,5090,42,3,75.63,0.15
8584,5090,48,2,165.25,0.1
8585,5091,32,1,335.78,0.05
8586,5092,72,4,255.61,0.0
8587,5092,155,3,84.01,0.0
8588,5093,12,3,43.83,0.05
8589,5094,16,1,40.14,0.15
8590,5095,83,2,245.15,0.0
8591,5096,108,1,75.73,0.0
8592,5096,69,2,91.88,0.15
8593,5097,121,2,135.49,0.0
8594,5098,78,1,50.37,0.0
8595,5099,87,2,144.71,0.0
8596,5100,104,1,31.19,0.05
8597,5100,53,1,35.01,0.0
8598,5101,6,2,53.91,0.05
8599,5102,117,1,64.47,0.05
8600,5103,77,1,69.12,0.0
8601,5103,98,2,80.65,0.05
8602,5104,99,2,64.19,0.0
8603,5105,41,1,124.32,0.1
8604,5105,49,2,87.83,0.05
8605,5105,148,1,19.97,0.0
8606,5106,119,1,179.45,0.0
8607,5106,113,2,68.57,0.15
8608,5106,52,1,46.17,0.1
8609,5107,81,2,53.27,0.0
8610,5108,26,2,71.85,0.15
8611,5108,117,1,62.18,0.05
8612,5109,6,1,52.35,0.0
8613,5109,23,2,69.31,0.05
8614,5110,63,1,24.23,0.1
8615,5111,68,3,159.51,0.0
8616,5111,34,1,24.64,0.0
8617,5111,150,1,86.65,0.05
8618,5112,101,1,18.09,0.0
8619,5113,125,2,108.32,0.0
8620,5114,42,1,75.1,0.15
8621,5114,55,3,163.44,0.15
8622,5114,117,3,64.62,0.15
8623,5115,26,1,73.32,0.05
8624,5116,4,1,258.82,0.0
8625,5117,35,2,138.02,0.1
8626,5118,33,4,64.62,0.0
8627,5118,108,2,74.37,0.1
8628,5119,2,1,56.91,0.0
8629,5119,41,1,128.28,0.0
8630,5119,67,1,62.19,0.15
8631,5120,60,2,158.67,0.1
8632,5121,54,1,112.51,0.0
8633,5122,158,5,101.24,0.0
8634,5122,78,1,49.98,0.1
8635,5122,5,1,51.72,0.15
8636,5123,33,1,63.52,0.15
8637,5124,116,2,85.27,0.0
8638,5124,23,1,68.49,0.05
8639,5125,60,1,159.85,0.1
8640,5126,38,1,11.24,0.1
8641,5126,157,4,354.54,0.0
8642,5126,46,1,33.83,0.0
8643,5126,150,1,83.7,0.0
8644,5127,88,3,88.75,0.05
8645,5128,117,3,62.08,0.0
8646,5129,76,1,138.5,0.15
8647,5130,94,2,48.86,0.0
8648,5131,28,1,90.63,0.0
8649,5131,109,1,83.1,0.05
8650,5131,95,2,44.75,0.0
8651,5132,146,2,134.43,0.0
8652,5133,48,3,171.67,0.15
8653,5134,39,1,19.97,0.1
8654,5134,79,1,71.23,0.0
8655,5135,101,1,18.49,0.0
8656,5136,48,1,164.24,0.05
8657,5137,80,3,10.9,0.15
8658,5137,145,1,83.27,0.1
8659,5137,151,2,81.26,0.05
8660,5138,58,1,49.28,0.0
8661,5138,56,1,152.46,0.0
8662,5139,37,2,80.23,0.15
8663,5140,129,2,70.05,0.0
8664,5141,56,2,153.55,0.15
8665,5141,90,5,101.14,0.1
8666,5141,72,2,259.55,0.05
8667,5142,160,3,116.7,0.0
8668,5143,126,5,468.87,0.1
8669,5144,46,4,34.67,0.05
8670,5145,28,1,92.39,0.0
8671,5146,81,1,53.92,0.05
8672,5147,65,1,132.24,0.1
8673,5147,131,2,16.49,0.0
8674,5148,138,2,47.49,0.05
8675,5148,114,3,588.33,0.0
8676,5149,100,1,51.77,0.05
8677,5150,120,1,124.91,0.0
8678,5151,46,4,34.83,0.0
8679,5152,110,1,62.15,0.0
8680,5153,12,4,43.65,0.0
8681,5153,105,5,55.45,0.0
8682,5154,67,1,60.2,0.0
8683,5154,14,1,11.51,0.1
8684,5154,127,2,26.18,0.15
8685,5155,89,1,39.97,0.15
8686,5156,75,1,6.14,0.1
8687,5156,101,1,18.57,0.0
8688,5156,80,2,10.73,0.0
8689,5157,68,1,158.71,0.0
8690,5158,109,3,80.46,0.0
8691,5158,31,1,37.84,0.05
8692,5158,96,1,17.35,0.0
8693,5159,71,2,87.91,0.0
8694,5159,77,2,69.9,0.15
8695,5160,120,2,129.52,0.05
8696,5160,79,3,69.28,0.15
8697,5161,55,1,167.61,0.1
8698,5161,41,3,128.79,0.0
8699,5162,8,4,130.73,0.0
8700,5163,87,1,147.28,0.1
8701,5163,70,2,36.98,0.05
8702,5163,65,1,134.87,0.05
8703,5164,99,1,66.22,0.15
8704,5164,48,1,172.2,0.1
8705,5164,157,1,351.86,0.0
8706,5164,22,1,52.94,0.05
8707,5165,159,1,21.77,0.0
8708,5165,143,1,15.6,0.0
8709,5166,127,3,27.16,0.0
8710,5167,26,1,71.01,0.0
8711,5168,91,2,72.48,0.0
8712,5169,131,2,16.32,0.05
8713,5169,154,1,80.98,0.0
8714,5169,100,2,52.44,0.0
8715,5170,4,1,258.46,0.05
8716,5171,116,1,84.86,0.0
8717,5172,73,2,62.0,0.0
8718,5173,160,1,116.3,0.0
8719,5173,44,1,50.37,0.0
8720,5173,141,1,78.52,0.15
8721,5174,124,4,18.01,0.15
8722,5175,19,1,29.07,0.1
8723,5175,145,1,83.81,0.0
8724,5175,88,2,85.21,0.0
8725,5175,84,1,41.09,0.0
8726,5176,90,3,104.57,0.0
8727,5176,34,3,25.3,0.05
8728,5177,6,1,51.77,0.15
8729,5177,86,1,40.51,0.05
8730,5178,66,1,218.84,0.05
8731,5178,19,1,28.4,0.1
8732,5178,118,1,23.0,0.0
8733,5178,76,1,136.92,0.05
8734,5179,127,1,26.58,0.1
8735,5180,160,1,115.71,0.1
8736,5180,134,2,100.91,0.0
8737,5180,41,4,128.68,0.0
8738,5181,154,2,78.21,0.0
8739,5181,16,1,39.17,0.05
8740,5181,33,1,63.42,0.15
8741,5181,61,2,42.02,0.0
8742,5182,39,1,19.38,0.0
8743,5182,75,2,6.26,0.0
8744,5182,2,1,58.15,0.0
8745,5182,103,1,47.78,0.0
8746,5183,41,1,125.65,0.1
8747,5183,5,2,51.79,0.0
8748,5184,19,1,28.5,0.0
8749,5185,41,1,128.25,0.0
8750,5186,47,1,43.17,0.0
8751,5186,16,4,40.17,0.0
8752,5187,53,2,34.54,0.0
8753,5188,85,1,31.8,0.15
8754,5189,72,1,259.75,0.0
8755,5190,105,1,55.82,0.05
8756,5191,44,3,49.2,0.1
8757,5191,8,1,130.71,0.1
8758,5191,51,2,86.97,0.0
8759,5192,129,3,70.47,0.15
8760,5193,85,1,30.85,0.0
8761,5193,54,2,114.61,0.05
8762,5194,65,2,132.54,0.0
8763,5195,154,2,78.41,0.05
8764,5196,7,1,270.71,0.0
8765,5197,10,2,104.67,0.15
8766,5197,130,1,41.57,0.05
8767,5198,98,1,83.46,0.1
8768,5199,57,1,30.9,0.0
8769,5200,30,1,50.85,0.05
8770,5200,69,1,89.19,0.1
8771,5201,37,2,77.36,0.1
8772,5201,141,2,79.93,0.0
8773,5201,122,1,28.32,0.0
8774,5202,139,1,135.79,0.0
8775,5202,44,1,48.39,0.05
8776,5203,63,1,24.26,0.05
8777,5204,137,1,32.73,0.0
8778,5205,37,1,79.27,0.0
8779,5205,152,1,88.34,0.05
8780,5206,130,1,41.52,0.1
8781,5206,47,2,42.52,0.1
8782,5207,152,1,87.48,0.0
8783,5208,45,3,17.23,0.1
8784,5208,65,2,133.44,0.0
8785,5209,87,2,145.03,0.0
8786,5210,43,3,58.62,0.0
8787,5211,106,5,95.21,0.1
8788,5211,93,1,35.41,0.0
8789,5212,74,1,265.64,0.0
8790,5213,37,2,78.35,0.1
8791,5213,68,1,157.99,0.0
8792,5214,44,2,50.47,0.0
8793,5215,155,1,86.1,0.0
8794,5215,18,4,86.55,0.1
8795,5216,147,5,21.7,0.0
8796,5217,78,1,48.64,0.1
8797,5218,137,2,32.17,0.0
8798,5219,10,1,107.74,0.0
8799,5220,83,3,249.97,0.1
8800,5220,65,1,134.02,0.0
8801,5220,89,2,40.74,0.0
8802,5220,69,1,91.46,0.1
8803,5221,80,1,11.1,0.05
8804,5221,9,1,43.02,0.1
8805,5222,87,1,144.75,0.1
8806,5222,9,1,43.22,0.05
8807,5223,114,2,606.94,0.05
8808,5223,51,1,88.9,0.0
8809,5223,110,1,60.06,0.05
8810,5224,77,3,70.37,0.0
8811,5224,24,3,17.99,0.0
8812,5225,61,1,41.95,0.05
8813,5225,68,2,164.17,0.0
8814,5226,102,3,45.23,0.1
8815,5227,64,2,22.55,0.15
8816,5228,13,1,78.92,0.05
8817,5228,151,1,81.17,0.0
8818,5229,80,1,10.82,0.15
8819,5229,133,1,24.41,0.0
8820,5230,46,4,34.78,0.0
8821,5231,99,2,66.41,0.05
8822,5232,2,2,58.34,0.15
8823,5233,48,1,164.46,0.1
8824,5233,8,4,130.18,0.1
8825,5233,137,3,32.76,0.05
8826,5233,20,2,18.08,0.0
8827,5234,61,3,43.23,0.1
8828,5234,105,3,55.71,0.0
8829,5235,41,3,125.11,0.15
8830,5236,100,3,52.3,0.1
8831,5237,1,2,100.34,0.0
8832,5238,137,1,32.52,0.15
8833,5238,107,2,354.2,0.05
8834,5239,110,1,61.51,0.0
8835,5239,70,1,36.28,0.0
8836,5239,35,2,137.35,0.15
8837,5240,57,1,29.81,0.05
8838,5240,21,2,240.12,0.0
8839,5241,87,1,147.1,0.0
8840,5241,69,2,91.46,0.1
8841,5241,33,2,64.85,0.0
8842,5242,158,4,97.5,0.05
8843,5243,120,2,129.18,0.0
8844,5244,103,1,47.12,0.1
8845,5245,47,1,43.51,0.1
8846,5246,36,1,22.17,0.0
8847,5246,27,2,23.27,0.05
8848,5247,46,1,34.5,0.05
8849,5247,137,3,31.72,0.0
8850,5247,160,1,114.43,0.05
8851,5248,113,2,68.22,0.15
8852,5249,98,1,80.85,0.0
8853,5249,34,2,24.83,0.0
8854,5249,135,1,28.8,0.15
8855,5250,150,2,83.43,0.15
8856,5250,66,2,221.59,0.0
8857,5251,32,4,339.95,0.15
8858,5251,107,1,354.33,0.0
8859,5251,61,1,41.81,0.1
8860,5252,49,3,88.2,0.0
8861,5252,62,1,54.08,0.1
8862,5253,99,3,66.77,0.1
8863,5254,80,1,10.61,0.15
8864,5255,34,1,25.56,0.0
8865,5256,91,2,70.61,0.0
8866,5257,145,2,81.83,0.0
8867,5258,146,1,128.32,0.0
8868,5259,3,1,119.15,0.15
8869,5259,44,2,50.09,0.0
8870,5260,157,1,340.62,0.05
8871,5260,136,1,267.4,0.05
8872,5260,91,1,70.29,0.15
8873,5261,8,2,131.67,0.05
8874,5262,33,1,63.9,0.05
8875,5263,146,2,132.23,0.0
8876,5264,6,1,52.88,0.1
8877,5264,46,1,33.19,0.15
8878,5265,89,1,40.84,0.1
8879,5265,157,2,347.76,0.0
8880,5266,71,2,89.52,0.0
8881,5266,66,1,215.51,0.15
8882,5266,153,1,35.91,0.0
8883,5266,159,1,22.49,0.1
8884,5267,111,2,11.7,0.0
8885,5268,121,3,130.97,0.0
8886,5268,112,1,65.07,0.05
8887,5269,60,1,158.0,0.0
8888,5269,4,1,260.4,0.0
8889,5270,19,1,28.78,0.05
8890,5271,154,1,78.67,0.1
8891,5272,134,1,100.54,0.15
8892,5272,95,1,45.78,0.0
8893,5273,48,2,171.27,0.1
8894,5273,133,1,25.34,0.0
8895,5274,22,2,54.38,0.0
8896,5274,148,1,20.01,0.05
8897,5274,46,1,33.78,0.05
8898,5275,99,2,65.46,0.15
8899,5275,94,3,48.62,0.0
8900,5276,117,1,62.39,0.15
8901,5277,21,2,241.74,0.0
8902,5277,88,1,86.69,0.0
8903,5278,37,1,77.29,0.0
8904,5279,148,1,19.31,0.05
8905,5279,27,1,22.68,0.0
8906,5279,25,1,38.93,0.15
8907,5279,32,4,349.58,0.0
8908,5280,153,1,35.6,0.0
8909,5280,94,4,49.06,0.0
8910,5281,24,1,18.3,0.0
8911,5281,50,1,12.99,0.0
8912,5281,116,4,83.52,0.0
8913,5282,80,1,10.83,0.0
8914,5283,54,1,110.07,0.15
8915,5284,25,1,39.78,0.15
8916,5284,53,1,36.06,0.05
8917,5285,134,1,97.33,0.0
8918,5286,51,3,86.61,0.1
8919,5287,83,2,241.77,0.1
8920,5288,120,2,124.65,0.1
8921,5289,26,1,73.13,0.0
8922,5290,47,1,44.01,0.0
8923,5290,39,2,19.98,0.1
8924,5290,135,3,27.74,0.15
8925,5291,84,5,41.42,0.05
8926,5291,62,1,54.11,0.1
8927,5292,111,2,11.67,0.1
8928,5292,105,1,55.77,0.15
8929,5292,67,1,61.71,0.05
8930,5293,16,1,38.78,0.0
8931,5293,90,2,104.9,0.05
8932,5294,118,3,22.99,0.0
8933,5295,117,1,62.04,0.05
8934,5295,38,1,11.24,0.15
8935,5296,84,1,40.77,0.1
8936,5296,65,1,136.75,0.0
8937,5296,20,2,17.84,0.05
8938,5297,120,1,128.97,0.0
8939,5298,67,1,61.84,0.0
8940,5298,139,1,134.51,0.15
8941,5299,132,4,70.56,0.0
8942,5299,123,3,232.62,0.05
8943,5300,119,1,178.9,0.1
8944,5301,104,2,31.53,0.0
8945,5301,138,2,49.29,0.0
8946,5301,70,3,35.61,0.0
8947,5302,157,5,344.43,0.1
8948,5302,88,3,85.87,0.1
8949,5303,111,4,11.72,0.05
8950,5303,59,1,85.54,0.1
8951,5304,32,1,341.09,0.0
8952,5304,153,3,35.37,0.1
8953,5305,22,4,52.12,0.0
8954,5306,53,2,35.4,0.0
8955,5307,81,2,53.64,0.15
8956,5308,95,4,44.69,0.1
8957,5309,43,2,59.75,0.0
8958,5309,142,1,209.85,0.05
8959,5310,132,3,68.45,0.1
8960,5311,149,3,105.6,0.0
8961,5312,34,1,25.49,0.1
8962,5313,154,3,78.45,0.0
8963,5313,135,1,27.69,0.15
8964,5313,116,1,84.18,0.0
8965,5314,119,1,180.91,0.1
8966,5314,89,1,40.13,0.0
8967,5314,139,2,135.87,0.15
8968,5315,6,1,52.96,0.1
8969,5316,26,3,70.86,0.0
8970,5317,62,1,53.84,0.0
8971,5317,3,1,115.05,0.05
8972,5317,115,2,54.39,0.0
8973,5317,91,1,72.33,0.0
8974,5318,28,1,90.56,0.1
8975,5318,44,1,48.53,0.05
8976,5318,129,2,70.81,0.1
8977,5319,10,1,104.24,0.1
8978,5320,115,1,55.99,0.05
8979,5321,18,2,86.38,0.0
8980,5321,58,1,49.04,0.0
8981,5321,6,1,53.63,0.1
8982,5322,108,2,78.0,0.0
8983,5323,90,3,103.44,0.0
8984,5323,49,1,90.18,0.0
8985,5324,149,2,102.94,0.0
8986,5324,41,4,124.7,0.1
8987,5325,36,1,21.86,0.05
8988,5326,70,1,36.25,0.0
8989,5327,14,3,11.73,0.0
8990,5328,5,1,52.06,0.15
8991,5328,18,2,87.66,0.0
8992,5328,95,1,45.46,0.1
8993,5328,92,3,152.23,0.0
8994,5329,127,5,26.22,0.05
8995,5330,152,1,89.64,0.0
8996,5331,48,1,166.27,0.0
8997,5331,121,1,135.37,0.0
8998,5332,94,2,47.74,0.1
8999,5332,46,4,34.06,0.0
9000,5333,75,2,6.08,0.1
9001,5334,144,3,75.44,0.15
9002,5334,3,1,118.12,0.0
9003,5334,15,1,13.57,0.15
9004,5335,85,2,31.11,0.0
9005,5336,136,3,261.3,0.0
9006,5336,43,3,59.68,0.15
9007,5336,79,1,70.26,0.15
9008,5337,87,1,144.51,0.1
9009,5338,140,1,21.18,0.0
9010,5338,75,1,6.15,0.0
9011,5339,17,1,25.95,0.15
9012,5340,18,4,85.61,0.0
9013,5341,41,3,124.89,0.05
9014,5342,47,1,42.91,0.0
9015,5342,127,4,26.37,0.0
9016,5342,48,1,165.3,0.0
9017,5342,52,5,46.46,0.15
9018,5343,157,3,354.56,0.05
9019,5343,113,1,69.03,0.1
9020,5343,112,3,63.02,0.15
9021,5344,103,3,48.22,0.0
9022,5344,34,1,25.39,0.0
9023,5344,22,1,53.5,0.0
9024,5345,142,2,211.06,0.0
9025,5346,105,4,55.41,0.0
9026,5347,110,1,60.95,0.05
9027,5348,8,2,132.29,0.1
9028,5348,153,1,35.36,0.0
9029,5349,126,1,476.54,0.15
9030,5350,50,2,13.26,0.15
9031,5350,18,1,85.71,0.05
9032,5351,34,1,24.66,0.0
9033,5352,118,2,22.5,0.05
9034,5353,71,1,91.61,0.0
9035,5353,84,1,41.34,0.0
9036,5354,92,2,156.88,0.0
9037,5355,68,1,162.77,0.05
9038,5356,94,1,47.54,0.15
9039,5357,139,1,132.81,0.05
9040,5357,76,2,137.89,0.05
9041,5357,54,4,115.06,0.15
9042,5358,48,1,171.74,0.15
9043,5359,136,3,268.95,0.0
9044,5360,120,2,127.77,0.0
9045,5360,85,2,30.69,0.15
9046,5360,29,4,37.02,0.0
9047,5360,40,3,77.21,0.0
9048,5361,42,1,75.51,0.0
9049,5361,64,1,22.13,0.1
9050,5361,39,2,19.53,0.15
9051,5362,46,2,33.44,0.05
9052,5363,55,2,163.18,0.15
9053,5364,113,1,67.89,0.15
9054,5364,51,2,88.37,0.15
9055,5364,46,1,34.51,0.0
9056,5365,17,1,26.71,0.1
9057,5365,13,1,81.24,0.1
9058,5366,27,1,23.53,0.05
9059,5366,37,2,78.86,0.0
9060,5366,115,1,54.76,0.0
9061,5367,100,-4,52.84,0.05
9062,5367,149,1,105.72,0.0
9063,5368,111,3,11.37,0.1
9064,5369,119,1,177.62,0.0
9065,5370,79,1,71.27,0.0
9066,5371,69,3,92.21,0.0
9067,5371,29,2,38.5,0.05
9068,5372,11,2,43.23,0.05
9069,5372,136,3,261.47,0.0
9070,5372,93,5,33.91,0.0
9071,5373,144,1,76.78,0.0
9072,5374,141,1,79.28,0.0
9073,5375,88,2,88.44,0.0
9074,5376,125,1,109.64,0.1
9075,5377,103,1,47.77,0.05
9076,5378,47,1,43.0,0.0
9077,5379,122,1,28.68,0.0
9078,5380,131,2,16.15,0.05
9079,5380,100,1,52.42,0.15
9080,5380,154,2,78.91,0.15
9081,5381,101,1,18.51,0.1
9082,5381,59,1,88.35,0.1
9083,5381,156,5,34.31,0.0
9084,5381,147,1,21.77,0.15
9085,5382,93,1,35.1,0.05
9086,5383,129,1,69.55,0.1
9087,5384,144,1,77.29,0.1
9088,5385,77,2,70.22,0.0
9089,5385,4,4,255.97,0.0
9090,5385,50,1,13.03,0.05
9091,5386,124,1,18.63,0.05
9092,5387,67,1,59.44,0.0
9093,5388,34,1,25.34,0.05
9094,5389,143,4,15.01,0.0
9095,5390,48,2,166.45,0.0
9096,5391,107,1,354.79,0.1
9097,5391,89,4,39.95,0.15
9098,5391,47,3,42.35,0.05
9099,5392,65,4,138.54,0.05
9100,5393,23,1,67.46,0.1
9101,5393,44,3,50.33,0.1
9102,5394,116,3,84.53,0.15
9103,5395,59,1,87.33,0.0
9104,5395,152,2,89.36,0.05
9105,5396,150,2,83.53,0.0
9106,5396,45,3,17.53,0.05
9107,5397,154,5,79.68,0.0
9108,5397,48,2,165.05,0.1
9109,5398,47,1,43.69,0.05
9110,5398,104,1,31.33,0.05
9111,5398,64,1,21.65,0.15
9112,5399,17,4,26.52,0.15
9113,5400,69,1,87.8,0.05
9114,5401,114,3,607.19,0.15
9115,5402,133,1,25.56,0.1
9116,5403,97,1,82.99,0.0
9117,5404,133,3,25.18,0.05
9118,5405,108,5,74.5,0.0
9119,5406,135,1,27.86,0.1
9120,5407,121,1,134.25,0.15
9121,5407,72,1,253.88,0.15
9122,5408,7,2,274.08,0.15
9123,5409,57,3,30.54,0.1
9124,5410,73,1,63.4,0.05
9125,5411,71,-2,90.19,0.0
9126,5411,35,2,137.39,0.05
9127,5411,7,3,275.7,0.05
9128,5412,142,2,216.17,0.0
9129,5413,41,1,126.17,0.0
9130,5414,135,3,28.17,0.15
9131,5415,64,1,21.72,0.05
9132,5415,94,1,48.72,0.0
9133,5416,132,1,70.68,0.0
9134,5417,52,1,46.88,0.05
9135,5417,159,2,22.01,0.1
9136,5418,86,1,41.17,0.0
9137,5418,24,3,17.97,0.1
9138,5418,129,1,71.87,0.05
9139,5419,39,1,19.77,0.1
9140,5420,58,5,50.02,0.0
9141,5421,140,2,21.52,0.0
9142,5422,109,1,83.35,0.0
9143,5422,59,1,89.05,0.15
9144,5423,21,1,240.8,0.0
9145,5424,102,2,44.12,0.05
9146,5424,63,4,23.95,0.0
9147,5424,53,2,35.02,0.05
9148,5424,94,1,48.38,0.0
9149,5425,134,2,98.27,0.15
9150,5426,30,1,49.23,0.1
9151,5427,68,1,161.36,0.1
9152,5428,39,3,19.84,0.1
9153,5428,90,1,104.59,0.15
9154,5429,43,2,59.03,0.05
9155,5429,7,1,275.59,0.0
9156,5430,75,3,6.12,0.15
9157,5431,77,1,71.49,0.15
9158,5432,119,1,184.29,0.0
9159,5433,130,1,42.32,0.1
9160,5434,3,1,114.81,0.0
9161,5435,79,1,69.15,0.15
9162,5436,136,1,264.06,0.0
9163,5436,5,1,51.73,0.0
9164,5437,12,1,43.01,0.0
9165,5437,148,2,19.82,0.0
9166,5437,160,2,114.49,0.0
9167,5438,55,4,161.84,0.0
9168,5439,44,2,48.39,0.0
9169,5440,9,1,42.69,0.0
9170,5441,158,2,97.86,0.15
9171,5441,32,1,348.66,0.15
9172,5441,67,1,59.96,0.0
9173,5441,90,2,104.7,0.15
9174,5442,12,4,42.49,0.1
9175,5443,86,1,42.38,0.0
9176,5443,3,2,115.25,0.0
9177,5443,57,4,30.87,0.0
9178,5444,109,1,80.08,0.0
9179,5445,133,1,25.08,0.1
9180,5446,50,1,13.22,0.1
9181,5446,104,1,32.2,0.15
9182,5446,157,1,340.48,0.05
9183,5446,91,1,72.3,0.1
9184,5447,141,2,79.37,0.0
9185,5448,157,1,348.26,0.0
9186,5448,83,3,248.96,0.1
9187,5449,71,1,90.66,0.1
9188,5449,70,1,36.41,0.05
9189,5449,4,1,256.98,0.0
9190,5450,11,2,42.17,0.15
9191,5451,28,1,91.36,0.15
9192,5451,23,1,69.43,0.1
9193,5452,70,1,36.89,0.05
9194,5453,143,2,15.59,0.0
9195,5453,133,1,24.73,0.1
9196,5453,77,1,68.96,0.0
9197,5454,1,1,99.56,0.0
9198,5454,88,2,86.04,0.1
9199,5454,30,1,48.88,0.15
9200,5455,4,2,259.83,0.05
9201,5456,40,1,77.77,0.0
9202,5457,92,1,158.92,0.0
9203,5458,95,1,44.9,0.0
9204,5458,113,2,68.06,0.0
9205,5459,123,2,224.95,0.05
9206,5460,150,1,83.28,0.15
9207,5461,91,1,72.48,0.0
9208,5462,28,1,92.62,0.05
9209,5463,29,2,38.53,0.1
9210,5463,90,1,100.99,0.0
9211,5463,11,1,42.79,0.0
9212,5463,35,3,135.49,0.1
9213,5464,129,4,71.97,0.0
9214,5464,105,3,56.01,0.0
9215,5464,65,1,133.91,0.0
9216,5465,12,2,42.8,0.15
9217,5466,150,1,86.59,0.0
9218,5466,135,1,28.24,0.15
9219,5467,55,4,167.14,0.05
9220,5467,84,1,40.9,0.0
9221,5467,24,1,18.23,0.05
9222,5467,108,3,77.95,0.0
9223,5468,89,2,39.58,0.0
9224,5469,16,2,38.46,0.0
9225,5470,46,3,33.8,0.15
9226,5471,156,1,33.79,0.0
9227,5472,17,2,25.5,0.0
9228,5473,135,2,28.08,0.0
9229,5474,84,3,40.28,0.0
9230,5475,5,3,53.33,0.0
9231,5476,97,1,85.33,0.0
9232,5476,46,1,33.71,0.15
9233,5477,48,1,171.73,0.0
9234,5477,52,2,46.06,0.15
9235,5477,58,1,48.1,0.15
9236,5477,39,4,19.86,0.0
9237,5478,25,4,40.21,0.0
9238,5478,85,3,31.46,0.1
9239,5479,2,1,58.27,0.0
9240,5480,121,1,134.79,0.0
9241,5481,155,1,86.56,0.1
9242,5482,64,1,22.49,0.0
9243,5482,60,1,156.61,0.0
9244,5482,72,2,262.25,0.05
9245,5483,43,1,57.76,0.1
9246,5483,97,1,85.24,0.05
9247,5483,91,1,72.67,0.0
9248,5484,90,2,103.86,0.0
9249,5485,153,3,35.33,0.1
9250,5485,31,4,37.35,0.0
9251,5486,10,1,106.24,0.05
9252,5486,16,1,39.94,0.0
9253,5486,143,1,15.12,0.05
9254,5487,128,4,38.51,0.15
9255,5487,126,1,475.09,0.15
9256,5488,143,1,15.67,0.05
9257,5488,140,1,21.49,0.1
9258,5488,14,2,11.84,0.0
9259,5489,33,1,62.62,0.0
9260,5489,137,1,32.36,0.0
9261,5489,105,1,57.35,0.0
9262,5490,54,1,110.1,0.0
9263,5491,159,1,22.2,0.15
9264,5492,112,1,64.56,0.05
9265,5493,155,2,83.59,0.15
9266,5493,68,1,161.04,0.0
9267,5494,103,1,47.17,0.15
9268,5495,113,1,70.27,0.15
9269,5496,143,1,14.98,0.0
9270,5497,124,5,18.49,0.0
9271,5497,44,4,50.62,0.15
9272,5498,118,2,22.59,0.0
9273,5498,66,4,220.37,0.05
9274,5498,2,2,57.69,0.1
9275,5499,21,2,243.99,0.15
9276,5500,63,1,24.54,0.0
9277,5501,1,1,104.24,0.0
9278,5502,60,3,157.03,0.0
9279,5502,4,4,258.77,0.15
9280,5503,96,4,17.7,0.05
9281,5504,150,1,85.31,0.1
9282,5504,144,2,75.74,0.15
9283,5505,98,1,82.91,0.1
9284,5506,105,2,55.28,0.1
9285,5507,18,4,86.98,0.05
9286,5508,2,1,57.32,0.0
9287,5508,37,2,80.02,0.0
9288,5509,63,1,23.67,0.1
9289,5510,32,1,352.41,0.1
9290,5510,109,1,82.62,0.0
9291,5510,157,2,343.69,0.0
9292,5511,133,1,24.68,0.0
9293,5511,37,2,79.82,0.0
9294,5512,7,2,269.6,0.0
9295,5512,146,3,129.62,0.0
9296,5512,92,1,153.55,0.0
9297,5513,127,1,26.85,0.15
9298,5514,9,4,43.22,0.0
9299,5514,56,3,152.44,0.1
9300,5515,151,2,82.87,0.0
9301,5516,58,1,49.71,0.05
9302,5516,41,2,125.19,0.05
9303,5516,127,4,26.75,0.0
9304,5516,20,3,18.31,0.1
9305,5517,48,-1,167.54,0.0
9306,5518,125,4,109.35,0.0
9307,5518,142,1,210.04,0.0
9308,5519,103,3,47.92,0.0
9309,5520,86,2,42.38,0.0
9310,5521,115,1,55.14,0.0
9311,5522,68,1,164.33,0.1
9312,5523,97,1,86.37,0.0
9313,5523,62,1,54.32,0.1
9314,5523,116,2,84.7,0.0
9315,5524,143,2,14.95,0.15
9316,5525,29,1,38.65,0.0
9317,5526,67,1,59.71,0.0
9318,5527,127,1,26.34,0.0
9319,5527,100,1,52.72,0.0
9320,5527,117,1,63.19,0.1
9321,5528,11,1,41.9,0.05
9322,5528,160,2,118.65,0.15
9323,5529,110,1,61.83,0.05
9324,5530,104,1,30.88,0.1
9325,5530,35,2,133.37,0.0
9326,5530,73,1,63.23,0.15
9327,5531,50,1,13.47,0.0
9328,5532,56,1,146.65,0.1
9329,5533,98,4,82.96,0.15
9330,5533,19,1,29.33,0.05
9331,5533,137,1,32.6,0.0
9332,5534,21,1,242.13,0.15
9333,5534,84,2,39.84,0.05
9334,5535,76,2,137.23,0.0
9335,5535,15,1,14.05,0.15
9336,5536,23,3,70.68,0.0
9337,5537,10,5,103.65,0.0
9338,5538,5,1,51.46,0.15
9339,5539,9,1,43.08,0.15
9340,5539,144,1,76.54,0.0
9341,5540,23,1,70.16,0.0
9342,5540,19,1,28.6,0.15
9343,5540,79,1,69.27,0.1
9344,5541,65,1,137.57,0.05
9345,5541,77,1,72.05,0.15
9346,5542,82,3,91.82,0.0
9347,5543,152,4,88.09,0.0
9348,5543,125,3,109.56,0.05
9349,5543,90,2,101.17,0.0
9350,5544,36,1,22.07,0.15
9351,5544,123,1,235.08,0.0
9352,5544,134,2,97.64,0.15
9353,5545,78,2,48.41,0.15
9354,5545,71,1,89.27,0.0
9355,5545,57,4,29.96,0.15
9356,5546,142,2,212.97,0.05
9357,5546,92,2,157.1,0.15
9358,5547,41,1,129.48,0.1
9359,5547,139,1,137.49,0.0
9360,5548,59,1,85.77,0.05
9361,5548,7,2,263.46,0.1
9362,5548,6,1,51.52,0.15
9363,5548,131,4,15.87,0.05
9364,5549,20,2,18.1,0.15
9365,5549,11,1,42.44,0.0
9366,5550,31,2,37.32,0.0
9367,5551,147,2,21.86,0.1
9368,5552,95,3,46.33,0.1
9369,5552,33,1,63.65,0.15
9370,5553,28,2,93.15,0.05
9371,5554,12,2,43.43,0.1
9372,5555,149,1,104.27,0.0
9373,5556,44,1,49.9,0.05
9374,5557,17,1,26.48,0.05
9375,5557,12,1,42.86,0.15
9376,5557,68,1,162.95,0.15
9377,5558,144,2,76.03,0.15
9378,5558,156,1,33.78,0.1
9379,5559,51,4,85.28,0.0
9380,5560,105,1,57.26,0.0
9381,5561,23,1,67.53,0.0
9382,5562,145,1,84.01,0.0
9383,5562,29,1,38.75,0.0
9384,5563,75,1,6.14,0.15
9385,5564,32,1,345.52,0.0
9386,5564,119,4,180.63,0.0
9387,5565,50,2,13.43,0.1
9388,5565,135,1,27.89,0.15
9389,5566,8,2,130.84,0.15
9390,5567,43,2,59.73,0.05
9391,5568,153,1,34.63,0.1
9392,5569,134,2,99.53,0.0
9393,5569,110,2,61.77,0.0
9394,5570,14,1,11.45,0.0
9395,5570,151,3,81.42,0.15
9396,5571,24,1,17.79,0.0
9397,5572,153,2,34.87,0.0
9398,5573,146,1,133.75,0.0
9399,5574,142,2,205.87,0.1
9400,5575,71,2,89.44,0.15
9401,5575,10,5,107.91,0.0
9402,5576,13,1,79.17,0.0
9403,5576,144,2,75.31,0.1
9404,5576,85,2,30.92,0.0
9405,5577,29,1,38.03,0.1
9406,5578,42,1,77.52,0.15
9407,5578,26,2,73.55,0.0
9408,5579,111,4,11.84,0.0
9409,5580,41,4,127.85,0.05
9410,5580,99,1,64.96,0.0
9411,5581,126,2,473.8,0.0
9412,5581,159,1,22.51,0.1
9413,5582,149,1,104.04,0.1
9414,5583,74,1,271.96,0.0
9415,5583,64,1,22.08,0.15
9416,5583,5,2,52.54,0.0
9417,5583,134,2,97.78,0.1
9418,5584,61,5,42.49,0.0
9419,5585,69,1,90.47,0.05
9420,5585,111,2,11.45,0.0
9421,5586,130,1,41.1,0.05
9422,5586,131,3,15.76,0.0
9423,5587,115,2,53.77,0.15
9424,5587,120,1,130.76,0.0
9425,5587,33,1,63.42,0.1
9426,5588,28,1,91.42,0.0
9427,5589,15,3,13.87,0.1
9428,5589,103,1,47.05,0.0
9429,5589,27,2,23.55,0.15
9430,5590,97,1,83.59,0.15
9431,5591,57,1,31.22,0.1
9432,5592,30,1,50.89,0.0
9433,5593,20,1,18.53,0.1
9434,5593,110,1,60.4,0.15
9435,5594,73,1,64.37,0.0
9436,5594,1,2,103.99,0.05
9437,5594,60,1,156.85,0.0
9438,5595,65,1,133.95,0.1
9439,5596,96,2,17.83,0.0
9440,5596,135,1,27.74,0.1
9441,5597,58,2,49.67,0.1
9442,5598,59,1,86.42,0.0
9443,5599,76,1,139.1,0.15
9444,5600,107,2,355.23,0.15
9445,5601,91,2,71.48,0.0
9446,5602,65,4,132.98,0.0
9447,5602,142,1,213.56,0.0
9448,5602,102,2,43.72,0.0
9449,5603,107,3,348.64,0.0
9450,5603,38,3,11.19,0.0
9451,5604,3,2,118.97,0.0
9452,5604,130,1,42.34,0.05
9453,5605,63,2,24.15,0.15
9454,5606,113,1,68.44,0.15
9455,5607,122,4,28.74,0.0
9456,5607,156,1,34.41,0.15
9457,5607,123,3,234.61,0.05
9458,5608,49,1,90.43,0.0
9459,5608,85,1,30.6,0.0
9460,5608,111,4,11.38,0.0
9461,5609,5,3,52.53,0.05
9462,5610,158,2,101.5,0.15
9463,5611,76,1,136.91,0.1
9464,5612,114,1,592.07,0.0
9465,5612,121,2,129.57,0.0
9466,5613,158,4,100.9,0.05
9467,5613,117,3,61.73,0.0
9468,5613,84,1,41.33,0.1
9469,5614,97,1,82.71,0.0
9470,5614,101,1,18.54,0.05
9471,5615,76,1,135.73,0.0
9472,5616,71,1,88.18,0.0
9473,5617,40,1,78.12,0.15
9474,5618,158,1,101.4,0.0
9475,5619,38,1,11.09,0.0
9476,5619,137,2,31.83,0.0
9477,5619,29,1,38.62,0.0
9478,5620,158,2,99.16,0.0
9479,5621,107,5,364.04,0.1
9480,5622,85,5,31.67,0.15
9481,5622,93,1,34.43,0.1
9482,5622,99,3,65.74,0.0
9483,5623,13,2,82.18,0.15
9484,5624,111,1,11.39,0.05
9485,5624,49,1,86.34,0.05
9486,5624,32,1,351.53,0.0
9487,5625,6,2,53.07,0.0
9488,5625,115,1,53.52,0.0
9489,5626,1,3,99.75,0.05
9490,5626,112,4,62.45,0.05
9491,5627,97,1,86.09,0.0
9492,5628,105,1,57.31,0.1
9493,5628,73,1,62.61,0.0
9494,5628,143,4,15.31,0.1
9495,5629,84,2,40.86,0.05
9496,5629,9,1,43.56,0.1
9497,5630,130,1,41.22,0.1
9498,5630,124,1,18.86,0.05
9499,5630,44,4,49.37,0.0
9500,5631,112,2,62.31,0.05
9501,5632,124,1,18.52,0.1
9502,5633,105,2,57.03,0.15
9503,5633,91,1,71.09,0.0
9504,5634,70,1,35.83,0.0
9505,5634,90,1,100.75,0.15
9506,5635,80,2,10.61,0.0
9507,5635,28,3,91.53,0.05
9508,5636,1,1,102.92,0.0
9509,5637,119,2,177.58,0.0
9510,5638,149,1,105.1,0.0
9511,5639,96,5,17.52,0.05
9512,5640,19,1,28.15,0.0
9513,5640,106,2,93.21,0.0
9514,5641,113,4,68.09,0.15
9515,5641,37,2,77.56,0.05
9516,5642,119,5,184.59,0.1
9517,5643,29,2,38.83,0.0
9518,5644,11,1,42.46,0.05
9519,5644,118,4,22.68,0.0
9520,5645,122,1,29.27,0.15
9521,5646,106,3,92.92,0.1
9522,5647,17,1,26.42,0.1
9523,5648,75,1,6.19,0.15
9524,5649,131,1,16.45,0.05
9525,5650,107,1,360.49,0.05
9526,5651,29,1,37.88,0.0
9527,5651,160,2,114.77,0.1
9528,5652,3,3,115.8,0.05
9529,5653,56,2,147.06,0.05
9530,5654,127,5,26.58,0.15
9531,5654,11,2,42.56,0.0
9532,5654,120,1,125.19,0.1
9533,5655,67,1,59.7,0.05
9534,5656,55,1,167.19,0.05
9535,5656,83,2,247.99,0.1
9536,5656,40,1,77.73,0.05
9537,5657,1,2,101.48,0.15
9538,5657,92,1,157.78,0.0
9539,5657,122,2,28.04,0.0
9540,5658,129,2,70.76,0.0
9541,5659,71,4,87.95,0.05
9542,5659,67,1,62.03,0.05
9543,5659,1,1,101.77,0.15
9544,5660,27,2,22.86,0.15
9545,5660,72,1,253.75,0.1
9546,5661,95,1,44.69,0.05
9547,5661,12,2,42.62,0.0
9548,5662,37,2,77.67,0.0
9549,5662,124,1,18.04,0.05
9550,5662,3,5,117.88,0.15
9551,5663,81,1,53.74,0.0
9552,5664,82,1,91.18,0.1
9553,5665,44,2,48.47,0.15
9554,5666,41,2,124.14,0.15
9555,5666,157,3,354.82,0.0
9556,5667,56,1,150.59,0.15
9557,5667,7,1,274.9,0.05
9558,5667,43,2,57.98,0.1
9559,5667,75,2,6.08,0.05
9560,5668,150,2,85.26,0.1
9561,5669,160,5,118.78,0.15
9562,5669,44,2,49.41,0.0
9563,5670,10,2,103.83,0.1
9564,5670,158,1,98.91,0.0
9565,5671,125,1,112.21,0.0
9566,5671,83,1,248.0,0.05
9567,5672,18,1,88.06,0.1
9568,5672,70,1,36.01,0.0
9569,5673,117,1,63.44,0.1
9570,5674,8,1,131.55,0.0
9571,5675,117,1,63.19,0.0
9572,5676,121,3,135.25,0.05
9573,5677,98,1,81.15,0.05
9574,5677,70,1,36.6,0.0
9575,5677,87,2,147.15,0.15
9576,5678,65,5,137.21,0.1
9577,5679,131,-1,16.12,0.05
9578,5679,103,1,48.07,0.15
9579,5680,83,1,249.66,0.05
9580,5680,102,1,43.98,0.05
9581,5681,55,1,165.08,0.05
9582,5681,39,2,19.41,0.15
9583,5682,9,1,43.69,0.1
9584,5682,135,1,29.07,0.15
9585,5682,128,4,39.91,0.1
9586,5683,34,1,25.7,0.1
9587,5684,17,1,25.77,0.0
9588,5684,138,1,48.43,0.05
9589,5684,114,1,582.49,0.15
9590,5685,105,2,55.72,0.0
9591,5685,27,2,22.53,0.15
9592,5685,81,1,53.57,0.1
9593,5686,38,4,10.98,0.1
9594,5687,115,1,53.78,0.0
9595,5687,95,4,45.31,0.15
9596,5688,22,2,53.08,0.05
9597,5688,31,5,38.45,0.1
9598,5688,82,1,91.16,0.1
9599,5689,49,1,87.94,0.05
9600,5689,37,2,79.21,0.15
9601,5690,152,1,90.25,0.15
9602,5690,94,2,48.72,0.0
9603,5690,14,1,11.36,0.1
9604,5691,113,1,69.47,0.0
9605,5691,21,1,245.7,0.15
9606,5692,123,2,231.71,0.0
9607,5692,67,1,61.67,0.1
9608,5693,106,2,93.49,0.05
9609,5694,54,1,110.54,0.0
9610,5694,11,2,43.38,0.05
9611,5695,111,2,11.43,0.15
9612,5695,97,3,83.16,0.05
9613,5696,122,4,29.26,0.0
9614,5696,124,5,18.24,0.0
9615,5697,106,1,93.2,0.1
9616,5697,140,1,21.97,0.0
9617,5698,54,1,111.27,0.1
9618,5698,123,1,230.96,0.15
9619,5698,77,4,69.94,0.1
9620,5699,55,1,163.32,0.0
9621,5699,42,4,75.18,0.05
9622,5700,14,1,11.41,0.0
9623,5700,36,1,21.37,0.15
9624,5701,72,2,259.96,0.05
9625,5701,153,2,34.44,0.05
9626,5702,78,2,49.98,0.0
9627,5703,128,3,38.94,0.0
9628,5703,150,2,86.3,0.0
9629,5704,77,-1,71.12,0.0
9630,5705,28,2,90.97,0.0
9631,5705,11,1,43.43,0.1
9632,5706,101,1,17.77,0.0
9633,5707,95,1,45.14,0.0
9634,5708,107,2,354.91,0.1
9635,5708,58,4,48.76,0.0
9636,5708,110,3,60.66,0.15
9637,5709,54,1,113.63,0.05
9638,5709,52,3,45.89,0.1
9639,5710,115,1,54.38,0.1
9640,5711,21,1,247.8,0.1
9641,5712,25,1,38.87,0.0
9642,5713,74,2,272.57,0.0
9643,5714,9,1,42.13,0.0
9644,5714,86,1,40.75,0.0
9645,5715,1,1,99.15,0.0
9646,5716,75,3,6.15,0.0
9647,5716,33,1,63.32,0.0
9648,5717,134,1,101.99,0.1
9649,5718,111,1,11.72,0.15
9650,5719,34,1,25.26,0.1
9651,5720,86,3,41.91,0.15
9652,5720,99,2,66.36,0.15
9653,5720,46,3,33.5,0.0
9654,5720,58,1,49.73,0.05
9655,5721,25,1,39.09,0.1
9656,5722,126,3,468.74,0.0
9657,5722,42,1,74.58,0.0
9658,5723,137,3,31.9,0.0
9659,5724,149,2,103.54,0.15
9660,5725,18,1,84.6,0.0
9661,5726,132,1,70.28,0.15
9662,5726,153,1,35.43,0.0
9663,5727,158,1,101.8,0.1
9664,5727,85,1,31.17,0.05
9665,5727,19,1,28.98,0.0
9666,5728,103,1,48.69,0.0
9667,5729,97,1,83.29,0.15
9668,5730,46,3,33.64,0.05
9669,5731,57,2,31.25,0.0
9670,5732,81,1,52.09,0.0
9671,5733,77,3,69.37,0.1
9672,5734,115,1,54.09,0.0
9673,5735,28,2,89.17,0.0
9674,5736,135,1,27.88,0.05
9675,5736,133,2,25.06,0.0
9676,5736,40,1,75.83,0.0
9677,5737,106,2,95.86,0.0
9678,5737,36,1,22.03,0.05
9679,5737,65,1,134.96,0.15
9680,5737,48,1,167.04,0.05
9681,5738,80,1,10.7,0.05
9682,5738,157,2,356.66,0.0
9683,5739,105,1,55.89,0.0
9684,5739,88,2,88.32,0.0
9685,5740,65,1,135.5,0.05
9686,5740,118,2,22.33,0.15
9687,5740,97,1,83.99,0.0
9688,5741,5,4,51.6,0.0
9689,5742,35,2,133.05,0.1
9690,5742,58,1,48.58,0.0
9691,5743,154,1,80.69,0.0
9692,5744,26,2,70.89,0.15
9693,5744,50,1,13.1,0.0
9694,5745,102,2,44.09,0.0
9695,5746,135,1,28.35,0.05
9696,5746,129,2,69.53,0.15
9697,5746,41,2,126.39,0.0
9698,5746,110,1,60.09,0.0
9699,5747,78,2,49.3,0.1
9700,5748,108,2,76.4,0.15
9701,5748,14,1,11.46,0.1
9702,5749,47,1,44.05,0.0
9703,5750,12,1,42.82,0.05
9704,5751,75,2,6.21,0.0
9705,5752,20,1,18.19,0.0
9706,5753,36,2,21.87,0.0
9707,5753,87,1,148.63,0.0
9708,5754,46,1,33.5,0.15
9709,5754,140,1,21.42,0.0
9710,5754,29,1,37.72,0.0
9711,5754,37,3,77.14,0.1
9712,5755,152,2,89.91,0.0
9713,5755,93,1,35.23,0.0
9714,5756,8,-1,130.13,0.15
9715,5756,141,3,79.01,0.1
9716,5757,79,1,71.17,0.0
9717,5758,123,1,225.68,0.0
9718,5758,8,1,131.83,0.1
9719,5758,2,1,58.54,0.1
9720,5758,67,3,59.98,0.0
9721,5759,148,1,19.71,0.15
9722,5760,137,1,32.38,0.0
9723,5761,62,4,55.9,0.0
9724,5761,86,5,41.71,0.0
9725,5761,132,1,69.39,0.15
9726,5762,2,2,56.05,0.1
9727,5762,123,1,224.66,0.15
9728,5763,60,3,153.21,0.05
9729,5763,112,1,64.52,0.05
9730,5764,72,3,254.21,0.0
9731,5764,115,2,53.86,0.15
9732,5764,102,3,45.43,0.15
9733,5765,143,2,15.56,0.0
9734,5766,37,1,79.44,0.0
9735,5766,27,1,23.37,0.05
9736,5767,26,3,71.4,0.0
9737,5767,40,5,79.2,0.0
9738,5767,105,1,56.05,0.15
9739,5768,99,2,66.3,0.0
9740,5769,47,2,42.94,0.1
9741,5769,124,1,18.1,0.15
9742,5769,53,2,35.49,0.0
9743,5770,160,2,120.26,0.0
9744,5771,128,1,38.08,0.0
9745,5772,39,1,19.56,0.15
9746,5772,24,1,18.45,0.0
9747,5773,122,1,28.5,0.05
9748,5774,31,1,38.55,0.1
9749,5775,13,1,78.86,0.05
9750,5776,137,1,32.38,0.0
9751,5777,94,1,47.25,0.1
9752,5778,46,3,33.91,0.15
9753,5778,68,3,161.76,0.0
9754,5778,124,1,18.16,0.1
9755,5779,67,1,60.1,0.05
9756,5780,48,1,165.9,0.05
9757,5780,5,2,52.09,0.05
9758,5781,119,4,177.26,0.1
9759,5781,145,4,82.79,0.0
9760,5782,5,-1,51.38,0.15
9761,5782,74,5,259.4,0.05
9762,5782,116,2,85.13,0.15
9763,5783,120,1,127.09,0.0
9764,5783,106,1,93.78,0.0
9765,5784,8,1,127.7,0.0
9766,5784,96,1,17.75,0.05
9767,5785,65,1,137.22,0.05
9768,5786,127,1,27.05,0.0
9769,5787,53,1,35.91,0.15
9770,5788,129,5,71.1,0.1
9771,5789,140,2,21.66,0.0
9772,5790,77,1,70.0,0.0
9773,5791,34,5,24.66,0.0
9774,5792,113,1,69.5,0.1
9775,5793,18,2,84.16,0.1
9776,5793,120,2,125.53,0.0
9777,5794,16,2,39.42,0.0
9778,5795,33,3,65.08,0.1
9779,5795,42,1,76.25,0.0
9780,5795,120,1,127.97,0.05
9781,5795,128,1,39.86,0.1
9782,5796,146,1,130.26,0.0
9783,5796,92,1,156.81,0.05
9784,5797,146,1,134.33,0.15
9785,5798,59,1,85.87,0.0
9786,5799,120,3,128.77,0.0
9787,5799,62,1,56.06,0.0
9788,5799,27,1,23.37,0.0
9789,5799,28,1,93.04,0.0
9790,5800,105,1,55.84,0.15
9791,5800,44,5,49.38,0.05
9792,5801,54,5,114.79,0.05
9793,5801,104,1,31.6,0.05
9794,5802,157,1,355.4,0.0
9795,5802,76,1,134.22,0.0
9796,5803,78,1,50.03,0.0
9797,5803,46,1,34.32,0.15
9798,5803,16,1,39.21,0.1
9799,5804,155,2,84.74,0.1
9800,5805,10,3,103.78,0.05
9801,5805,60,5,153.75,0.05
9802,5806,136,1,256.57,0.0
9803,5807,81,1,54.31,0.05
9804,5808,95,2,46.58,0.0
9805,5808,34,1,25.44,0.0
9806,5809,107,2,347.43,0.0
9807,5809,133,1,24.84,0.0
9808,5809,135,1,28.71,0.15
9809,5810,26,1,70.53,0.15
9810,5810,43,5,58.03,0.05
9811,5810,152,1,88.35,0.05
9812,5811,130,2,41.39,0.05
9813,5812,135,3,28.62,0.1
9814,5813,55,4,164.19,0.05
9815,5813,147,2,21.58,0.0
9816,5814,15,1,13.51,0.0
9817,5815,79,4,70.75,0.15
9818,5816,130,2,42.07,0.05
9819,5817,130,1,40.85,0.0
9820,5818,92,2,158.97,0.1
9821,5819,2,1,57.09,0.1
9822,5820,61,2,42.0,0.0
9823,5821,66,1,222.02,0.0
9824,5822,25,2,39.03,0.05
9825,5823,102,4,45.08,0.0
9826,5824,70,2,36.17,0.05
9827,5825,86,1,40.5,0.0
9828,5825,124,1,18.74,0.15
9829,5825,78,3,49.89,0.05
9830,5826,97,1,84.23,0.0
9831,5827,19,1,28.16,0.05
9832,5828,36,1,21.3,0.0
9833,5828,94,1,48.64,0.0
9834,5829,81,2,52.32,0.0
9835,5829,94,1,47.48,0.0
9836,5830,58,1,49.25,0.0
9837,5830,12,2,43.06,0.0
9838,5830,155,1,84.33,0.15
9839,5831,67,3,60.82,0.0
9840,5832,116,4,84.1,0.1
9841,5832,10,2,103.35,0.05
9842,5833,1,2,99.54,0.05
9843,5834,144,1,78.36,0.05
9844,5835,23,3,68.54,0.0
9845,5836,158,2,100.41,0.0
9846,5837,90,3,105.55,0.1
9847,5838,41,1,123.75,0.1
9848,5838,25,2,40.58,0.1
9849,5838,56,1,146.81,0.15
9850,5839,39,3,19.98,0.0
9851,5839,33,4,62.89,0.05
9852,5840,128,1,38.25,0.05
9853,5841,52,2,47.12,0.0
9854,5842,13,1,79.35,0.0
9855,5842,113,1,66.89,0.0
9856,5843,122,1,28.17,0.1
9857,5843,154,1,79.71,0.0
9858,5844,14,3,11.44,0.05
9859,5845,115,2,53.47,0.0
9860,5846,95,1,44.76,0.0
9861,5846,159,2,21.86,0.0
9862,5846,90,4,105.41,0.15
9863,5847,44,5,50.08,0.0
9864,5848,41,1,127.04,0.15
9865,5849,2,1,57.83,0.0
9866,5849,5,2,51.66,0.0
9867,5849,152,1,87.56,0.0
9868,5850,115,1,55.25,0.15
9869,5850,111,1,11.61,0.0
9870,5851,91,1,71.21,0.0
9871,5851,82,2,90.08,0.0
9872,5852,24,1,17.85,0.0
9873,5852,98,3,80.97,0.0
9874,5852,129,1,72.78,0.0
9875,5852,75,4,6.26,0.1
9876,5853,110,2,59.52,0.0
9877,5853,45,1,16.84,0.0
9878,5853,103,2,46.64,0.0
9879,5854,116,1,85.93,0.05
9880,5854,133,1,25.57,0.1
9881,5854,152,1,89.59,0.0
9882,5855,101,1,17.8,0.0
9883,5855,77,2,70.36,0.15
9884,5855,64,1,21.67,0.15
9885,5856,70,1,36.66,0.1
9886,5856,57,5,30.88,0.0
9887,5856,28,1,93.51,0.15
9888,5857,143,1,15.0,0.05
9889,5858,159,2,22.21,0.05
9890,5859,3,2,115.79,0.0
9891,5859,63,5,24.39,0.0
9892,5860,158,5,99.77,0.0
9893,5861,152,3,88.41,0.0
9894,5862,88,1,88.65,0.0
9895,5863,12,3,42.92,0.0
9896,5864,105,1,57.28,0.0
9897,5864,31,3,38.33,0.0
9898,5865,47,1,42.76,0.05
9899,5865,92,3,157.22,0.0
9900,5865,65,1,137.37,0.0
9901,5866,51,1,89.2,0.0
9902,5866,123,1,228.84,0.0
9903,5866,56,2,148.85,0.1
9904,5867,26,2,70.62,0.15
9905,5868,100,2,53.79,0.15
9906,5868,62,2,54.28,0.15
9907,5869,143,1,15.58,0.0
9908,5869,79,1,70.29,0.15
9909,5870,8,3,128.8,0.1
9910,5870,138,1,48.17,0.0
9911,5870,157,3,340.42,0.0
9912,5871,40,1,78.66,0.1
9913,5872,115,2,53.86,0.1
9914,5873,103,3,47.79,0.0
9915,5874,63,4,23.57,0.05
9916,5874,139,1,137.25,0.15
9917,5874,31,4,37.49,0.0
9918,5875,110,2,60.81,0.0
9919,5875,25,4,40.16,0.0
9920,5876,139,1,136.25,0.0
9921,5876,147,1,21.83,0.0
9922,5877,98,4,83.29,0.1
9923,5877,132,3,70.59,0.0
9924,5878,77,1,71.17,0.1
9925,5878,86,1,42.03,0.05
9926,5879,131,1,16.17,0.15
9927,5880,99,3,64.46,0.0
9928,5880,58,1,48.51,0.0
9929,5881,160,2,117.6,0.1
9930,5881,146,1,131.21,0.15
9931,5881,18,2,85.92,0.1
9932,5882,103,2,48.94,0.15
9933,5882,78,1,50.2,0.05
9934,5883,89,1,40.76,0.0
9935,5884,107,1,360.67,0.0
9936,5884,94,2,49.44,0.1
9937,5884,28,4,89.57,0.05
9938,5885,29,1,38.36,0.0
9939,5885,68,3,158.47,0.0
9940,5886,40,1,78.75,0.0
9941,5886,6,2,52.59,0.15
9942,5887,69,1,91.78,0.15
9943,5887,133,3,24.71,0.15
9944,5887,6,1,52.24,0.0
9945,5888,136,1,260.82,0.15
9946,5889,89,1,40.54,0.0
9947,5889,29,1,37.51,0.15
9948,5890,148,3,19.92,0.15
9949,5891,159,2,22.78,0.0
9950,5892,156,1,33.83,0.0
9951,5892,72,2,259.62,0.15
9952,5893,53,2,35.53,0.0
9953,5894,129,1,71.83,0.05
9954,5894,109,3,82.18,0.0
9955,5894,116,3,83.96,0.05
9956,5895,31,2,36.93,0.0
9957,5896,3,1,115.54,0.0
9958,5896,68,1,156.34,0.15
9959,5897,24,2,18.18,0.0
9960,5898,112,1,63.33,0.0
9961,5899,68,1,158.65,0.0
9962,5899,75,1,6.21,0.15
9963,5899,6,1,53.38,0.0
9964,5900,36,2,21.23,0.1
9965,5901,56,1,149.77,0.05
9966,5902,123,1,225.78,0.0
9967,5903,140,1,21.15,0.15
9968,5904,5,1,53.28,0.0
9969,5904,98,1,83.88,0.15
9970,5905,53,1,34.55,0.0
9971,5905,77,1,68.85,0.0
9972,5905,27,2,22.84,0.0
9973,5906,16,1,40.02,0.05
9974,5907,26,1,72.98,0.0
9975,5907,96,1,17.73,0.15
9976,5908,108,1,77.02,0.0
9977,5909,19,1,28.22,0.0
9978,5909,115,1,53.8,0.05
9979,5909,66,1,225.93,0.0
9980,5909,102,2,44.87,0.05
9981,5910,128,2,38.12,0.15
9982,5911,46,1,34.84,0.0
9983,5911,127,1,26.29,0.1
9984,5911,1,5,99.09,0.0
9985,5912,95,1,45.17,0.0
9986,5912,41,3,126.05,0.0
9987,5912,83,2,251.88,0.0
9988,5913,49,3,90.27,0.0
9989,5914,24,3,18.42,0.05
9990,5914,8,1,131.11,0.05
9991,5915,60,1,158.11,0.0
9992,5915,80,2,10.62,0.0
9993,5916,133,1,25.11,0.0
9994,5917,148,1,20.19,0.0
9995,5917,142,4,211.03,0.05
9996,5918,142,2,214.61,0.1
9997,5919,1,2,101.15,0.0
9998,5920,92,3,152.89,0.05
9999,5920,68,3,157.36,0.15
10000,5921,65,2,134.15,0.0
10001,5922,33,2,65.45,0.05
10002,5922,4,3,258.06,0.15
10003,5923,159,2,22.37,0.1
10004,5923,89,2,41.0,0.0
10005,5923,60,3,159.89,0.0
10006,5924,120,1,125.31,0.1
10007,5924,158,2,100.61,0.0
10008,5924,42,4,77.32,0.0
10009,5925,15,-1,13.63,0.0
10010,5926,94,1,49.09,0.0
10011,5927,26,1,70.63,0.15
10012,5927,109,2,82.09,0.0
10013,5927,22,3,52.7,0.0
10014,5928,129,1,69.71,0.0
10015,5928,12,1,42.09,0.05
10016,5928,22,1,51.83,0.1
10017,5929,154,1,80.45,0.15
10018,5930,86,1,40.87,0.0
10019,5931,46,1,34.53,0.15
10020,5932,152,2,87.89,0.15
10021,5932,82,2,90.29,0.0
10022,5932,78,3,49.93,0.05
10023,5933,156,2,34.49,0.0
10024,5934,102,1,45.24,0.15
10025,5935,99,1,66.72,0.15
10026,5936,160,4,118.06,0.0
10027,5937,130,1,41.24,0.05
10028,5937,42,2,77.39,0.0
10029,5938,92,1,155.73,0.0
10030,5938,61,2,42.22,0.0
10031,5939,135,2,28.47,0.0
10032,5939,76,2,137.29,0.0
10033,5939,98,3,83.08,0.15
10034,5940,89,5,41.28,0.0
10035,5940,8,1,126.85,0.1
10036,5941,34,2,24.81,0.0
10037,5941,116,1,87.34,0.05
10038,5941,110,3,59.43,0.0
10039,5942,104,1,32.26,0.15
10040,5942,29,4,37.3,0.1
10041,5942,158,1,97.85,0.1
10042,5942,90,1,104.53,0.0
10043,5943,53,4,35.12,0.0
10044,5944,85,1,32.13,0.0
10045,5944,89,2,39.94,0.0
10046,5945,93,2,34.8,0.05
10047,5946,39,1,19.69,0.05
10048,5947,92,2,155.12,0.15
10049,5947,13,2,80.17,0.0
10050,5947,8,2,127.17,0.05
10051,5948,109,2,82.4,0.0
10052,5949,91,1,69.34,0.0
10053,5950,110,2,60.01,0.15
10054,5950,12,3,42.38,0.0
10055,5951,153,4,34.53,0.15
10056,5951,84,2,41.53,0.05
10057,5952,18,1,86.17,0.0
10058,5953,150,2,82.88,0.15
10059,5953,144,1,76.94,0.05
10060,5954,41,1,125.36,0.1
10061,5955,149,1,105.08,0.0
10062,5956,136,3,259.7,0.15
10063,5957,156,3,34.62,0.1
10064,5957,137,2,32.33,0.0
10065,5957,53,2,34.89,0.1
10066,5958,147,1,21.59,0.15
10067,5958,62,1,55.04,0.05
10068,5958,11,1,42.15,0.0
10069,5959,160,1,120.3,0.15
10070,5959,133,1,24.64,0.0
10071,5960,85,2,30.8,0.0
10072,5960,19,1,28.83,0.0
10073,5961,26,2,70.42,0.15
10074,5961,89,1,40.11,0.15
10075,5962,5,1,52.36,0.0
10076,5963,48,2,164.97,0.0
10077,5963,13,1,81.28,0.15
10078,5963,67,1,60.64,0.05
10079,5964,103,1,47.93,0.05
10080,5965,16,1,39.61,0.0
10081,5966,98,1,82.93,0.0
10082,5967,74,3,267.2,0.0
10083,5968,12,1,43.83,0.0
10084,5969,125,1,109.17,0.15
10085,5969,100,1,51.57,0.0
10086,5969,135,1,28.43,0.15
10087,5969,94,1,48.82,0.0
10088,5970,84,1,40.48,0.05
10089,5970,86,1,41.54,0.0
10090,5971,23,1,70.46,0.0
10091,5971,1,2,101.86,0.05
10092,5971,111,3,11.61,0.1
10093,5971,124,4,18.38,0.0
10094,5972,152,5,88.93,0.0
10095,5973,80,2,10.84,0.0
10096,5973,24,2,18.43,0.05
10097,5974,135,1,28.0,0.1
10098,5975,37,1,76.86,0.05
10099,5975,99,2,65.24,0.0
10100,5976,5,2,53.28,0.0
10101,5977,152,1,86.86,0.0
10102,5978,63,1,24.63,0.15
10103,5978,117,2,64.53,0.0
10104,5979,14,1,11.53,0.0
10105,5979,47,1,42.5,0.0
10106,5980,146,2,130.64,0.0
10107,5981,137,1,32.05,0.0
10108,5981,111,1,11.33,0.05
10109,5981,130,1,40.45,0.15
10110,5982,90,5,103.84,0.0
10111,5983,124,1,18.33,0.0
10112,5984,117,2,62.08,0.15
10113,5984,15,1,13.57,0.05
10114,5985,109,2,80.47,0.15
10115,5986,34,1,25.35,0.05
10116,5986,108,1,76.88,0.0
10117,5987,62,1,54.42,0.0
10118,5987,56,1,149.43,0.05
10119,5987,102,2,45.18,0.15
10120,5988,149,2,104.39,0.0
10121,5988,93,2,35.41,0.1
10122,5989,26,1,70.98,0.1
10123,5989,21,2,246.15,0.0
10124,5989,104,2,31.17,0.0
10125,5990,18,4,84.98,0.05
10126,5990,61,2,43.02,0.0
10127,5991,109,3,81.7,0.0
10128,5992,110,1,59.83,0.0
10129,5993,58,1,48.31,0.0
10130,5993,107,2,358.16,0.0
10131,5994,38,3,11.02,0.0
10132,5995,99,1,65.55,0.0
10133,5995,48,1,171.25,0.1
10134,5996,18,3,86.85,0.0
10135,5997,111,1,11.33,0.0
10136,5998,68,3,160.82,0.05
10137,5999,96,2,17.58,0.15
10138,6000,12,1,43.76,0.05
10139,6001,12,2,42.42,0.0
10140,6002,105,1,55.78,0.05
10141,6002,58,2,49.21,0.05
10142,6002,133,1,25.48,0.1
10143,6002,30,1,49.77,0.15
10144,6003,1,1,103.91,0.0
10145,6004,125,3,110.63,0.15
10146,6005,70,3,35.52,0.0
10147,6006,95,1,45.38,0.15
10148,6007,13,3,81.8,0.1
10149,6008,159,2,21.8,0.0
10150,6008,62,1,55.03,0.1
10151,6009,25,4,40.28,0.0
10152,6010,53,2,34.66,0.1
10153,6010,99,2,66.72,0.15
10154,6010,138,2,48.89,0.0
10155,6010,24,2,18.25,0.0
10156,6011,100,4,53.42,0.0
10157,6011,158,2,101.07,0.0
10158,6012,53,1,34.94,0.0
10159,6012,8,5,132.29,0.05
10160,6013,117,4,63.45,0.1
10161,6014,59,1,86.87,0.0
10162,6014,53,1,36.21,0.0
10163,6015,104,1,31.9,0.05
10164,6015,69,3,88.46,0.15
10165,6015,60,2,157.64,0.15
10166,6016,127,1,26.69,0.0
10167,6017,48,1,170.7,0.05
10168,6018,35,2,133.57,0.1
10169,6018,105,1,56.48,0.1
10170,6018,102,1,44.14,0.0
10171,6019,152,4,87.83,0.0
10172,6020,31,1,37.74,0.0
10173,6020,28,2,89.44,0.1
10174,6021,17,2,26.46,0.0
10175,6021,37,1,79.8,0.15
10176,6021,88,3,85.97,0.0
10177,6021,18,2,85.35,0.0
10178,6022,128,4,38.09,0.0
10179,6023,115,2,55.43,0.0
10180,6023,49,1,88.54,0.0
10181,6023,152,1,87.48,0.05
10182,6024,55,1,164.53,0.15
10183,6024,24,2,17.74,0.0
10184,6024,3,1,117.9,0.0
10185,6025,19,5,29.15,0.0
10186,6026,149,3,102.91,0.0
10187,6027,58,5,49.07,0.0
10188,6027,122,5,28.88,0.0
10189,6027,87,1,151.59,0.15
10190,6028,19,1,28.42,0.15
10191,6028,138,2,48.13,0.15
10192,6028,114,3,601.99,0.15
10193,6028,55,4,165.5,0.15
10194,6029,73,1,63.58,0.0
10195,6030,41,1,127.45,0.05
10196,6030,143,2,15.59,0.05
10197,6031,24,3,17.63,0.1
10198,6031,75,1,6.01,0.1
10199,6032,79,1,70.59,0.15
10200,6032,80,2,11.11,0.0
10201,6033,18,3,85.84,0.05
10202,6034,137,1,32.87,0.05
10203,6035,91,1,71.87,0.0
10204,6035,7,1,268.62,0.05
10205,6036,38,1,10.88,0.1
10206,6036,71,1,91.51,0.0
10207,6037,66,1,221.63,0.0
10208,6038,64,1,22.7,0.05
10209,6038,115,1,53.52,0.1
10210,6039,91,-4,69.73,0.05
10211,6039,129,1,71.72,0.0
10212,6040,20,1,18.68,0.0
10213,6040,79,3,71.26,0.05
10214,6040,131,1,16.03,0.0
10215,6041,158,3,100.97,0.0
10216,6041,154,1,79.51,0.05
10217,6041,19,1,27.99,0.0
10218,6041,127,1,26.75,0.1
10219,6042,105,2,56.91,0.05
10220,6043,21,2,241.73,0.1
10221,6044,137,1,32.71,0.15
10222,6045,109,1,81.22,0.0
10223,6046,48,2,170.1,0.0
10224,6047,125,1,110.23,0.1
10225,6047,113,1,67.3,0.0
10226,6048,77,4,68.99,0.1
10227,6049,120,2,129.62,0.1
10228,6049,101,1,18.55,0.0
10229,6050,40,1,78.53,0.15
10230,6051,74,4,267.06,0.15
10231,6051,80,1,10.78,0.0
10232,6052,33,1,64.04,0.1
10233,6052,18,2,84.53,0.0
10234,6053,67,1,62.36,0.0
10235,6053,44,2,49.25,0.0
10236,6054,28,2,89.04,0.0
10237,6055,8,1,131.87,0.1
10238,6056,127,3,27.29,0.15
10239,6057,57,1,30.07,0.0
10240,6058,124,1,18.15,0.1
10241,6059,138,2,48.72,0.1
10242,6059,121,5,135.84,0.0
10243,6060,15,1,13.7,0.0
10244,6060,39,1,19.28,0.1
10245,6060,153,1,34.78,0.0
10246,6061,44,1,49.63,0.15
10247,6061,70,2,36.51,0.0
10248,6061,69,2,89.18,0.0
10249,6062,63,2,24.23,0.0
10250,6063,107,1,349.87,0.05
10251,6064,89,1,40.23,0.0
10252,6065,143,3,15.51,0.0
10253,6066,137,3,31.81,0.0
10254,6066,149,1,102.31,0.0
10255,6066,139,1,137.71,0.0
10256,6067,19,2,29.36,0.15
10257,6068,5,1,51.73,0.05
10258,6069,35,2,136.25,0.0
10259,6070,50,4,13.37,0.0
10260,6071,129,1,70.99,0.15
10261,6071,17,1,25.94,0.1
10262,6072,42,1,74.45,0.0
10263,6073,49,2,87.4,0.0
10264,6074,35,1,136.08,0.1
10265,6074,131,2,15.69,0.0
10266,6075,73,2,64.38,0.0
10267,6075,17,4,25.51,0.05
10268,6075,87,1,149.16,0.0
10269,6075,112,1,63.2,0.05
10270,6076,66,4,224.48,0.15
10271,6077,70,5,37.02,0.15
10272,6078,89,1,40.55,0.15
10273,6079,16,1,38.44,0.0
10274,6080,118,2,23.05,0.0
10275,6081,134,2,97.09,0.05
10276,6082,24,4,18.41,0.0
10277,6082,147,1,21.49,0.0
10278,6083,94,1,47.62,0.15
10279,6084,77,1,69.65,0.0
10280,6085,127,2,26.79,0.0
10281,6085,13,3,80.73,0.0
10282,6086,27,1,23.57,0.0
10283,6086,33,5,65.5,0.0
10284,6086,137,1,31.6,0.0
10285,6087,58,1,48.61,0.0
10286,6087,5,4,53.61,0.0
10287,6087,157,1,340.26,0.1
10288,6088,113,1,67.36,0.0
10289,6088,97,1,83.16,0.0
10290,6089,147,2,21.45,0.0
10291,6090,8,1,127.36,0.0
10292,6091,109,2,83.43,0.0
10293,6092,77,2,69.43,0.0
10294,6093,94,4,49.51,0.0
10295,6093,43,1,59.95,0.0
10296,6093,73,1,64.39,0.1
10297,6094,127,3,26.93,0.0
10298,6095,7,1,265.28,0.0
10299,6096,70,3,36.48,0.0
10300,6097,126,2,460.59,0.0
10301,6097,88,3,89.15,0.05
10302,6097,151,2,79.4,0.0
10303,6097,107,1,346.17,0.0
10304,6098,99,1,65.82,0.05
10305,6098,11,1,41.9,0.1
10306,6099,96,1,17.12,0.05
10307,6099,152,1,87.62,0.15
10308,6100,73,2,63.16,0.0
10309,6100,63,3,23.43,0.1
10310,6101,107,1,363.84,0.0
10311,6102,8,1,129.35,0.15
10312,6103,91,1,70.61,0.0
10313,6104,105,1,57.33,0.0
10314,6105,64,2,22.34,0.0
10315,6106,58,1,49.36,0.0
10316,6106,128,2,38.31,0.1
10317,6107,74,-5,259.51,0.0
10318,6108,36,3,21.82,0.0
10319,6109,136,4,260.71,0.15
10320,6110,98,1,82.95,0.0
10321,6110,152,1,90.86,0.05
10322,6110,15,1,14.11,0.15
10323,6111,99,1,64.06,0.0
10324,6112,148,1,19.61,0.15
10325,6113,70,2,36.91,0.0
10326,6114,53,1,35.73,0.0
10327,6115,86,1,40.91,0.15
10328,6116,150,1,83.84,0.0
10329,6117,76,1,139.68,0.0
10330,6118,66,4,216.82,0.0
10331,6118,106,3,94.53,0.0
10332,6118,27,1,23.15,0.05
10333,6119,76,2,134.05,0.15
10334,6120,150,1,83.25,0.15
10335,6120,71,3,88.69,0.05
10336,6120,9,2,43.05,0.0
10337,6120,50,5,13.41,0.15
10338,6121,21,1,245.13,0.0
10339,6122,104,2,31.88,0.0
10340,6123,26,4,70.48,0.0
10341,6123,44,3,49.84,0.1
10342,6124,34,1,24.95,0.0
10343,6125,142,5,212.14,0.0
10344,6126,107,2,346.88,0.0
10345,6127,39,2,19.36,0.0
10346,6128,7,2,275.26,0.0
10347,6129,31,1,37.74,0.0
10348,6129,102,1,44.41,0.0
10349,6129,141,5,77.98,0.05
10350,6130,90,1,104.73,0.15
10351,6131,3,3,115.16,0.0
10352,6132,129,1,69.67,0.0
10353,6132,19,1,29.29,0.05
10354,6133,86,1,40.68,0.1
10355,6133,45,1,17.56,0.05
10356,6133,40,1,78.65,0.0
10357,6133,63,1,23.76,0.0
10358,6134,138,2,48.23,0.1
10359,6135,54,1,112.94,0.15
10360,6135,39,1,19.25,0.15
10361,6135,106,1,92.71,0.0
10362,6136,40,3,78.21,0.15
10363,6137,148,1,19.82,0.05
10364,6138,26,1,71.87,0.0
10365,6139,75,1,6.12,0.05
10366,6140,104,1,30.85,0.0
10367,6140,90,3,105.42,0.15
10368,6141,41,2,123.34,0.0
10369,6142,16,1,38.29,0.15
10370,6143,143,1,15.29,0.05
10371,6144,49,1,90.05,0.15
10372,6145,79,2,72.0,0.1
10373,6146,16,1,38.38,0.15
10374,6147,44,2,49.58,0.15
10375,6148,56,1,149.04,0.15
10376,6148,157,1,357.04,0.0
10377,6148,146,1,128.88,0.05
10378,6148,155,2,82.83,0.0
10379,6149,21,2,247.08,0.0
10380,6150,89,2,40.89,0.15
10381,6150,156,2,34.3,0.1
10382,6150,72,2,254.52,0.0
10383,6151,135,1,28.51,0.0
10384,6152,134,1,97.03,0.05
10385,6152,61,2,42.28,0.0
10386,6153,72,1,262.43,0.0
10387,6154,109,1,83.35,0.0
10388,6154,125,3,112.22,0.0
10389,6155,130,3,40.36,0.0
10390,6155,19,1,29.4,0.0
10391,6155,9,3,41.88,0.15
10392,6155,48,1,165.67,0.0
10393,6156,106,1,91.52,0.0
10394,6157,138,1,49.64,0.05
10395,6158,156,5,34.64,0.0
10396,6159,64,2,22.57,0.0
10397,6159,45,1,17.49,0.1
10398,6159,86,1,42.33,0.15
10399,6160,114,2,602.35,0.1
10400,6161,5,3,53.93,0.1
10401,6161,63,3,24.55,0.15
10402,6161,125,1,110.07,0.0
10403,6161,67,1,59.74,0.0
10404,6162,32,1,350.05,0.0
10405,6163,135,4,29.07,0.0
10406,6163,92,1,155.49,0.15
10407,6164,103,1,46.73,0.05
10408,6164,141,2,78.31,0.1
10409,6164,148,1,19.91,0.1
10410,6165,88,2,85.69,0.05
10411,6166,145,1,82.65,0.05
10412,6167,64,1,22.48,0.05
10413,6167,136,3,268.23,0.05
10414,6168,76,1,137.99,0.0
10415,6168,124,1,18.01,0.0
10416,6168,137,1,32.66,0.0
10417,6169,100,1,52.73,0.0
10418,6170,139,3,136.55,0.1
10419,6171,89,1,41.12,0.0
10420,6172,156,2,34.38,0.1
10421,6172,70,5,37.25,0.1
10422,6173,76,1,135.82,0.0
10423,6173,81,4,52.1,0.0
10424,6174,128,3,39.67,0.0
10425,6175,103,1,47.26,0.15
10426,6176,8,1,130.69,0.0
10427,6176,150,1,85.13,0.05
10428,6177,57,1,30.09,0.05
10429,6177,8,1,128.93,0.05
10430,6178,121,-3,133.27,0.1
10431,6179,84,2,40.11,0.0
10432,6180,11,1,42.91,0.1
10433,6181,17,2,25.98,0.0
10434,6182,56,1,151.38,0.05
10435,6183,58,3,48.2,0.1
10436,6184,107,1,351.41,0.05
10437,6184,10,1,105.64,0.0
10438,6185,29,3,38.62,0.0
10439,6185,48,1,172.23,0.0
10440,6186,21,3,247.91,0.0
10441,6186,149,1,101.73,0.05
10442,6187,140,1,21.08,0.05
10443,6188,81,2,53.23,0.0
10444,6188,30,1,51.21,0.0
10445,6188,141,1,80.1,0.0
10446,6188,154,2,80.93,0.05
10447,6189,83,1,242.41,0.15
10448,6190,71,1,90.56,0.1
10449,6191,103,2,47.41,0.0
10450,6192,21,2,237.28,0.0
10451,6192,70,3,36.52,0.0
10452,6193,28,1,90.83,0.0
10453,6194,66,1,217.87,0.0
10454,6195,124,1,18.37,0.0
10455,6195,71,1,91.69,0.0
10456,6195,9,1,42.09,0.0
10457,6196,121,1,134.37,0.1
10458,6197,135,1,28.39,0.15
10459,6198,144,1,77.99,0.05
10460,6199,122,1,29.11,0.0
10461,6199,78,3,48.77,0.0
10462,6200,28,1,91.53,0.0
10463,6201,49,5,87.1,0.1
10464,6201,13,-1,82.24,0.0
10465,6202,35,2,134.53,0.05
10466,6202,68,2,156.87,0.0
10467,6203,6,2,52.49,0.15
10468,6204,76,1,135.37,0.1
10469,6205,120,2,126.28,0.1
10470,6205,45,3,17.54,0.1
10471,6206,98,1,81.14,0.1
10472,6207,130,1,42.27,0.0
10473,6208,56,1,146.91,0.0
10474,6209,11,2,41.91,0.0
10475,6210,122,1,28.27,0.0
10476,6211,121,1,131.34,0.05
10477,6211,124,1,18.8,0.0
10478,6212,16,2,39.72,0.0
10479,6213,119,1,182.84,0.0
10480,6214,49,2,86.6,0.15
10481,6214,148,2,19.9,0.0
10482,6214,34,1,25.33,0.05
10483,6214,117,1,63.62,0.0
10484,6215,89,2,39.96,0.0
10485,6215,95,1,45.14,0.1
10486,6215,119,4,178.78,0.1
10487,6215,39,1,19.81,0.05
10488,6216,126,2,462.34,0.15
10489,6217,43,1,59.27,0.1
10490,6218,21,1,246.8,0.15
10491,6218,39,1,20.0,0.1
10492,6218,85,3,32.19,0.15
10493,6219,72,1,262.86,0.0
10494,6219,121,1,129.87,0.0
10495,6219,126,5,475.1,0.0
10496,6220,24,1,18.21,0.05
10497,6221,83,1,249.37,0.0
10498,6222,47,1,43.34,0.0
10499,6223,111,2,11.73,0.15
10500,6224,113,1,66.99,0.0
10501,6225,22,2,53.14,0.15
10502,6225,147,3,21.87,0.05
10503,6226,95,1,44.8,0.15
10504,6227,140,2,22.03,0.15
10505,6228,67,5,59.86,0.0
10506,6229,75,1,6.22,0.15
10507,6229,21,3,246.09,0.0
10508,6229,45,1,17.16,0.15
10509,6230,21,1,239.5,0.0
10510,6231,68,1,163.63,0.1
10511,6232,26,2,73.24,0.0
10512,6233,15,1,13.59,0.0
10513,6234,99,2,66.4,0.0
10514,6235,112,3,64.22,0.0
10515,6236,92,4,155.34,0.0
10516,6236,5,1,52.36,0.0
10517,6236,49,1,88.76,0.1
10518,6236,154,1,79.77,0.0
10519,6237,144,1,75.42,0.0
10520,6237,74,1,267.17,0.15
10521,6237,24,2,18.4,0.0
10522,6238,70,2,37.16,0.15
10523,6239,122,1,28.55,0.0
10524,6240,136,1,267.24,0.0
10525,6241,39,2,20.1,0.1
10526,6242,122,2,28.27,0.0
10527,6242,109,1,81.54,0.0
10528,6242,44,1,50.29,0.0
10529,6243,124,3,18.36,0.0
10530,6244,71,1,87.95,0.0
10531,6245,51,4,89.02,0.0
10532,6246,131,2,16.06,0.0
10533,6247,92,1,156.7,0.0
10534,6248,95,2,45.02,0.1
10535,6248,12,3,42.92,0.0
10536,6249,39,1,19.74,0.15
10537,6249,25,1,39.78,0.1
10538,6250,16,2,38.29,0.0
10539,6250,147,4,21.8,0.0
10540,6251,72,2,255.02,0.1
10541,6252,126,1,461.16,0.0
10542,6253,68,2,161.49,0.05
10543,6254,72,1,264.9,0.05
10544,6254,63,3,24.23,0.0
10545,6254,157,1,349.56,0.05
10546,6255,82,2,90.69,0.05
10547,6256,96,1,17.02,0.0
10548,6257,117,2,62.24,0.15
10549,6257,39,4,19.98,0.1
10550,6257,156,3,33.36,0.1
10551,6258,127,1,26.11,0.0
10552,6258,89,5,40.06,0.15
10553,6258,94,3,47.77,0.05
10554,6259,8,3,129.35,0.0
10555,6260,96,2,17.46,0.0
10556,6260,118,1,22.42,0.05
10557,6261,43,2,59.0,0.05
10558,6262,78,1,49.24,0.0
10559,6263,63,3,23.46,0.0
10560,6264,77,2,72.1,0.0
10561,6265,82,1,87.49,0.0
10562,6265,114,1,583.51,0.0
10563,6266,121,4,133.04,0.15
10564,6267,129,2,71.83,0.0
10565,6268,132,1,69.25,0.15
10566,6268,19,2,29.06,0.0
10567,6269,72,1,261.52,0.0
10568,6270,132,1,67.8,0.15
10569,6271,2,1,57.5,0.0
10570,6272,159,1,21.99,0.0
10571,6272,67,2,59.69,0.05
10572,6272,142,1,212.51,0.0
10573,6273,57,2,30.52,0.05
10574,6274,22,1,54.12,0.0
10575,6274,59,2,88.35,0.05
10576,6275,87,1,146.66,0.15
10577,6276,11,1,43.38,0.05
10578,6276,129,1,70.61,0.0
10579,6277,146,1,131.52,0.0
10580,6278,76,1,135.55,0.0
10581,6278,153,3,35.29,0.0
10582,6279,40,1,78.15,0.0
10583,6280,107,1,362.04,0.0
10584,6280,83,4,249.57,0.0
10585,6281,128,1,39.56,0.15
10586,6281,104,1,31.01,0.0
10587,6282,38,3,11.09,0.15
10588,6283,33,1,62.64,0.0
10589,6284,45,1,17.21,0.0
10590,6285,56,3,151.13,0.0
10591,6286,145,2,82.02,0.05
10592,6286,135,3,27.73,0.15
10593,6287,118,5,22.76,0.0
10594,6288,94,1,48.78,0.15
10595,6289,89,1,40.36,0.0
10596,6290,72,2,262.58,0.0
10597,6291,132,2,68.18,0.0
10598,6292,77,4,70.76,0.05
10599,6292,2,3,58.03,0.1
10600,6293,26,5,72.11,0.1
10601,6294,28,1,91.06,0.05
10602,6295,76,1,134.0,0.0
10603,6296,105,2,54.97,0.05
10604,6297,68,1,161.63,0.05
10605,6298,76,1,135.65,0.0
10606,6299,82,2,90.79,0.15
10607,6300,130,1,41.86,0.1
10608,6301,79,1,69.99,0.0
10609,6302,18,1,86.2,0.05
10610,6303,130,1,40.55,0.0
10611,6304,94,2,48.4,0.1
10612,6305,125,2,110.35,0.0
10613,6306,150,1,84.26,0.15
10614,6306,66,1,224.2,0.15
10615,6307,135,1,28.68,0.0
10616,6307,90,1,102.03,0.0
10617,6308,9,2,42.67,0.1
10618,6308,75,1,6.16,0.15
10619,6309,91,1,71.61,0.05
10620,6309,10,1,108.43,0.05
10621,6309,18,2,85.27,0.0
10622,6310,87,2,151.72,0.0
10623,6310,17,4,26.66,0.0
10624,6310,6,1,52.04,0.0
10625,6310,58,1,48.6,0.05
10626,6311,138,2,47.85,0.0
10627,6312,78,1,49.37,0.0
10628,6313,60,2,157.77,0.0
10629,6314,4,1,258.2,0.0
10630,6314,62,1,55.51,0.0
10631,6314,130,1,41.77,0.0
10632,6315,135,1,28.44,0.0
10633,6316,64,2,22.59,0.0
10634,6316,111,1,11.66,0.15
10635,6317,68,1,157.18,0.0
10636,6318,78,1,50.14,0.05
10637,6319,142,1,216.16,0.05
10638,6320,117,2,61.56,0.15
10639,6320,71,1,90.57,0.0
10640,6321,156,1,34.53,0.15
10641,6321,16,1,38.69,0.15
10642,6322,97,1,85.36,0.0
10643,6322,8,2,132.28,0.0
10644,6323,57,1,30.43,0.0
10645,6323,1,1,101.93,0.0
10646,6323,109,1,82.87,0.0
10647,6324,111,1,11.79,0.15
10648,6325,19,1,28.56,0.05
10649,6325,127,1,27.25,0.05
10650,6326,117,1,62.16,0.0
10651,6327,146,2,131.83,0.1
10652,6328,11,1,42.17,0.1
10653,6328,58,2,49.11,0.1
10654,6328,135,3,28.93,0.15
10655,6328,37,1,77.99,0.1
10656,6329,75,4,6.25,0.15
10657,6330,89,1,41.01,0.05
10658,6330,70,2,36.84,0.0
10659,6330,66,2,220.27,0.15
10660,6331,7,3,275.46,0.15
10661,6331,88,2,85.32,0.0
10662,6332,101,3,17.9,0.05
10663,6333,46,2,33.69,0.0
10664,6334,48,3,168.95,0.0
10665,6334,142,5,213.81,0.15
10666,6335,10,1,104.06,0.0
10667,6335,19,2,28.82,0.05
10668,6336,153,2,35.01,0.0
10669,6336,27,1,22.7,0.0
10670,6337,12,1,42.39,0.05
10671,6338,78,2,49.32,0.0
10672,6339,63,4,24.44,0.0
10673,6339,48,1,168.74,0.0
10674,6339,60,2,157.7,0.0
10675,6340,128,1,38.3,0.05
10676,6340,31,1,37.73,0.0
10677,6341,97,1,83.13,0.0
10678,6341,63,1,23.99,0.05
10679,6342,81,3,53.63,0.0
10680,6343,47,3,42.4,0.0
10681,6343,146,2,130.85,0.05
10682,6344,125,3,110.57,0.0
10683,6344,94,1,47.26,0.0
10684,6344,73,4,64.07,0.15
10685,6344,86,1,42.09,0.05
10686,6345,135,4,28.15,0.0
10687,6345,131,1,16.5,0.05
10688,6346,43,4,57.59,0.0
10689,6346,142,3,209.46,0.15
10690,6346,106,3,92.91,0.0
10691,6347,144,1,77.14,0.0
10692,6348,74,1,265.77,0.0
10693,6348,120,3,129.48,0.0
10694,6349,156,2,34.45,0.1
10695,6350,82,1,90.99,0.05
10696,6351,21,2,237.32,0.0
10697,6351,29,1,38.15,0.15
10698,6352,36,1,21.36,0.0
10699,6353,107,1,350.53,0.0
10700,6353,23,2,69.33,0.0
10701,6353,19,1,28.35,0.1
10702,6354,138,1,47.9,0.05
10703,6354,78,1,48.73,0.05
10704,6354,49,1,87.77,0.0
10705,6355,81,4,52.92,0.1
10706,6355,52,3,46.58,0.05
10707,6356,112,1,63.73,0.1
10708,6356,96,1,17.07,0.0
10709,6357,51,2,85.75,0.0
10710,6357,94,1,48.33,0.15
10711,6357,148,2,19.85,0.0
10712,6358,43,3,59.72,0.15
10713,6359,137,1,32.48,0.1
10714,6359,22,1,53.89,0.0
10715,6360,139,1,136.2,0.05
10716,6360,74,1,268.65,0.1
10717,6360,155,1,83.85,0.05
10718,6361,77,1,69.67,0.0
10719,6362,105,4,56.55,0.0
10720,6362,88,2,87.99,0.1
10721,6363,3,3,114.47,0.0
10722,6363,60,3,158.56,0.0
10723,6364,65,1,135.26,0.0
10724,6364,7,1,267.08,0.1
10725,6365,59,5,88.73,0.0
10726,6366,88,2,87.85,0.0
10727,6367,1,2,103.29,0.1
10728,6367,70,1,36.78,0.05
10729,6368,24,3,17.7,0.0
10730,6369,6,1,52.25,0.15
10731,6369,64,1,21.8,0.0
10732,6370,67,1,59.49,0.0
10733,6371,153,1,35.8,0.05
10734,6371,21,4,242.16,0.05
10735,6372,112,2,62.77,0.0
10736,6372,43,3,58.84,0.0
10737,6372,76,3,134.51,0.05
10738,6372,14,2,11.83,0.0
10739,6373,86,1,42.04,0.0
10740,6374,73,4,61.89,0.0
10741,6375,133,1,24.99,0.0
10742,6375,115,1,54.46,0.0
10743,6375,44,2,48.44,0.1
10744,6376,32,1,346.46,0.1
10745,6377,150,1,86.84,0.05
10746,6377,143,1,15.5,0.0
10747,6378,17,2,26.75,0.1
10748,6378,100,1,51.94,0.0
10749,6378,114,4,603.03,0.0
10750,6379,125,1,109.16,0.0
10751,6379,122,1,29.24,0.15
10752,6379,115,1,55.92,0.15
10753,6380,95,3,44.96,0.0
10754,6380,2,1,58.1,0.0
10755,6380,88,1,86.51,0.05
10756,6381,53,1,35.94,0.15
10757,6381,132,2,68.5,0.0
10758,6382,160,1,116.24,0.0
10759,6383,65,4,134.2,0.0
10760,6384,122,4,29.19,0.0
10761,6384,105,4,56.06,0.1
10762,6384,43,1,58.32,0.1
10763,6385,154,1,78.76,0.0
10764,6385,67,3,59.48,0.1
10765,6385,27,1,22.64,0.0
10766,6386,128,1,39.74,0.0
10767,6387,135,2,28.19,0.0
10768,6388,104,3,31.22,0.15
10769,6388,143,1,15.29,0.05
10770,6389,65,2,133.69,0.0
10771,6389,105,1,55.22,0.15
10772,6390,5,3,52.47,0.0
10773,6391,60,1,155.25,0.1
10774,6391,32,1,340.16,0.0
10775,6392,146,1,133.73,0.15
10776,6393,33,1,63.3,0.0
10777,6394,126,1,455.44,0.15
10778,6395,93,1,33.93,0.15
10779,6395,114,2,583.05,0.15
10780,6395,82,1,88.09,0.1
10781,6396,22,1,52.83,0.0
10782,6397,57,5,29.99,0.05
10783,6398,57,1,30.32,0.05
10784,6399,26,1,72.19,0.1
10785,6400,29,1,36.99,0.15
10786,6400,34,1,25.31,0.0
10787,6401,43,1,58.0,0.1
10788,6402,35,1,133.22,0.1
10789,6402,78,1,48.57,0.0
10790,6403,149,1,104.59,0.05
10791,6404,84,1,41.27,0.15
10792,6404,149,2,103.4,0.15
10793,6404,150,1,85.26,0.0
10794,6405,157,1,352.55,0.0
10795,6406,16,2,38.89,0.05
10796,6406,85,2,31.09,0.1
10797,6407,11,2,42.39,0.0
10798,6408,51,5,87.79,0.0
10799,6409,2,1,57.29,0.15
10800,6410,69,1,89.13,0.15
10801,6411,127,1,26.89,0.0
10802,6412,75,3,6.07,0.15
10803,6413,138,1,49.38,0.0
10804,6414,91,1,70.19,0.0
10805,6414,159,3,21.84,0.1
10806,6415,77,1,69.67,0.05
10807,6415,12,1,43.07,0.1
10808,6416,97,1,85.55,0.1
10809,6417,54,4,112.17,0.15
10810,6417,93,2,33.74,0.0
10811,6418,52,4,46.32,0.0
10812,6419,104,2,31.54,0.0
10813,6419,23,1,69.12,0.15
10814,6419,84,1,40.25,0.0
10815,6420,52,1,45.08,0.0
10816,6421,153,4,34.58,0.0
10817,6422,134,2,100.48,0.0
10818,6422,9,1,41.66,0.1
10819,6423,130,1,41.05,0.0
10820,6424,82,1,88.46,0.0
10821,6425,22,1,52.4,0.15
10822,6426,117,1,63.6,0.0
10823,6427,25,3,40.43,0.05
10824,6428,37,2,78.68,0.1
10825,6428,100,1,51.77,0.0
10826,6429,151,2,80.8,0.0
10827,6429,157,4,347.65,0.0
10828,6430,145,2,80.49,0.15
10829,6431,138,1,48.94,0.0
10830,6431,104,1,30.92,0.0
10831,6431,59,1,87.66,0.0
10832,6431,80,3,10.82,0.15
10833,6432,138,2,48.25,0.0
10834,6433,80,1,10.73,0.15
10835,6433,137,1,32.12,0.0
10836,6433,71,5,92.14,0.0
10837,6434,30,-2,50.77,0.0
10838,6434,52,1,45.84,0.05
10839,6434,1,3,103.67,0.0
10840,6435,123,2,230.41,0.0
10841,6435,31,1,37.11,0.0
10842,6435,18,2,86.9,0.1
10843,6436,30,1,50.78,0.05
10844,6437,90,1,103.91,0.15
10845,6437,103,1,47.57,0.0
10846,6438,15,1,13.55,0.1
10847,6439,18,1,85.13,0.05
10848,6440,97,1,85.27,0.15
10849,6441,70,1,36.48,0.0
10850,6442,46,3,33.52,0.0
10851,6443,114,2,599.88,0.1
10852,6444,126,1,465.29,0.0
10853,6444,67,1,61.32,0.0
10854,6445,68,1,158.7,0.0
10855,6445,50,1,13.4,0.05
10856,6445,8,2,130.73,0.0
10857,6446,103,2,47.29,0.15
10858,6447,35,2,139.17,0.05
10859,6448,126,1,472.05,0.1
10860,6448,112,1,63.78,0.0
10861,6449,4,2,261.61,0.1
10862,6449,68,1,160.02,0.1
10863,6450,69,-1,90.68,0.0
10864,6451,137,3,32.64,0.0
10865,6451,9,2,41.92,0.0
10866,6452,53,3,36.1,0.15
10867,6452,127,1,26.12,0.1
10868,6453,32,1,353.06,0.0
10869,6454,126,1,460.4,0.1
10870,6454,160,2,119.09,0.15
10871,6455,127,3,27.31,0.15
10872,6456,30,1,50.73,0.1
10873,6456,105,1,55.79,0.0
10874,6456,78,3,49.4,0.1
10875,6456,73,1,62.08,0.15
10876,6457,46,2,33.69,0.0
10877,6458,24,2,17.89,0.0
10878,6458,94,4,48.88,0.0
10879,6459,67,3,62.27,0.0
10880,6459,63,1,23.59,0.0
10881,6459,5,1,51.65,0.0
10882,6459,94,3,48.91,0.0
10883,6460,74,1,263.0,0.0
10884,6460,156,1,34.61,0.0
10885,6461,86,1,42.39,0.0
10886,6461,112,4,62.52,0.1
10887,6461,75,2,6.27,0.0
10888,6462,24,1,17.78,0.0
10889,6462,151,2,83.12,0.0
10890,6463,109,1,80.39,0.15
10891,6463,65,1,134.26,0.0
10892,6464,138,1,48.15,0.0
10893,6464,72,3,254.45,0.05
10894,6465,34,1,24.74,0.1
10895,6465,29,3,38.13,0.05
10896,6465,1,2,99.7,0.0
10897,6466,123,1,229.47,0.1
10898,6467,153,1,34.6,0.0
10899,6468,49,1,89.66,0.0
10900,6469,129,2,71.31,0.15
10901,6470,99,5,66.56,0.0
10902,6470,55,1,168.49,0.05
10903,6471,78,1,48.94,0.15
10904,6472,102,2,45.48,0.0
10905,6473,146,1,132.43,0.05
10906,6474,26,1,70.26,0.05
10907,6474,120,1,131.0,0.0
10908,6475,6,3,52.59,0.0
10909,6475,73,1,63.32,0.0
10910,6476,90,1,101.81,0.0
10911,6476,24,1,18.23,0.15
10912,6477,70,2,35.64,0.15
10913,6478,141,2,79.43,0.0
10914,6479,146,2,129.96,0.0
10915,6479,21,3,238.56,0.15
10916,6479,7,1,263.8,0.0
10917,6479,29,1,38.05,0.0
10918,6480,97,1,86.44,0.1
10919,6481,65,2,138.31,0.15
10920,6482,45,2,17.34,0.0
10921,6483,109,1,82.64,0.0
10922,6484,44,1,49.26,0.15
10923,6485,79,1,69.33,0.0
10924,6485,8,2,131.07,0.0
10925,6485,156,3,34.82,0.0
10926,6485,52,1,46.83,0.0
10927,6486,53,1,36.0,0.0
10928,6486,107,4,353.24,0.15
10929,6486,74,1,269.51,0.05
10930,6487,51,2,88.56,0.0
10931,6487,154,1,81.85,0.05
10932,6488,155,1,84.82,0.0
10933,6489,71,1,89.74,0.0
10934,6490,43,1,58.25,0.0
10935,6490,72,1,262.52,0.05
10936,6490,91,1,70.16,0.0
10937,6491,120,4,130.67,0.0
10938,6492,46,1,33.29,0.1
10939,6493,48,1,165.84,0.0
10940,6494,43,1,58.65,0.05
10941,6495,155,2,85.36,0.0
10942,6496,137,1,32.16,0.05
10943,6497,10,1,105.68,0.0
10944,6498,142,1,209.87,0.15
10945,6499,128,3,38.45,0.1
10946,6500,160,1,119.31,0.05
10947,6501,113,1,68.03,0.0
10948,6501,117,2,62.55,0.1
10949,6502,36,1,21.85,0.1
10950,6503,53,1,34.84,0.0
10951,6503,94,5,49.2,0.0
10952,6504,116,2,86.62,0.1
10953,6504,24,1,18.34,0.05
10954,6505,78,1,48.8,0.0
10955,6505,123,4,230.43,0.0
10956,6505,70,1,35.46,0.0
10957,6506,53,2,34.5,0.0
10958,6506,97,2,83.08,0.0
10959,6506,84,1,40.17,0.0
10960,6507,29,-3,37.71,0.1
10961,6508,7,2,276.15,0.0
10962,6509,99,1,65.83,0.15
10963,6509,33,1,63.61,0.15
10964,6509,148,1,19.62,0.1
10965,6509,37,1,77.18,0.1
10966,6510,135,1,27.71,0.15
10967,6510,106,1,94.1,0.1
10968,6511,80,1,11.09,0.15
10969,6511,6,3,51.51,0.0
10970,6511,135,1,27.81,0.0
10971,6511,74,1,262.79,0.05
10972,6512,61,1,42.79,0.05
10973,6513,11,1,43.04,0.0
10974,6513,152,2,89.78,0.0
10975,6514,146,2,128.21,0.0
10976,6515,34,2,25.19,0.15
10977,6516,108,1,77.02,0.15
10978,6517,30,3,49.27,0.0
10979,6517,148,3,20.03,0.0
10980,6518,86,3,41.12,0.05
10981,6519,128,1,39.88,0.05
10982,6520,9,3,41.62,0.0
10983,6520,115,2,55.71,0.0
10984,6521,108,1,75.94,0.0
10985,6521,132,4,68.62,0.0
10986,6521,3,1,114.02,0.05
10987,6522,150,2,83.36,0.15
10988,6523,67,1,61.94,0.0
10989,6523,90,5,103.7,0.0
10990,6524,57,1,31.31,0.0
10991,6525,32,3,343.45,0.0
10992,6525,67,2,61.26,0.05
10993,6525,47,3,43.54,0.05
10994,6526,33,1,65.46,0.0
10995,6527,47,2,41.88,0.0
10996,6527,70,4,36.96,0.0
10997,6527,140,4,21.86,0.0
10998,6527,125,2,108.17,0.0
10999,6528,137,1,32.38,0.15
11000,6528,96,1,17.26,0.05
11001,6529,123,3,232.47,0.1
11002,6529,16,1,38.39,0.05
11003,6530,19,1,29.42,0.15
11004,6531,97,2,83.33,0.1
11005,6532,36,1,21.37,0.0
11006,6532,41,1,125.98,0.0
11007,6533,124,3,18.11,0.0
11008,6534,8,2,127.99,0.0
11009,6535,155,1,85.88,0.0
11010,6536,37,4,77.4,0.0
11011,6537,141,1,81.58,0.0
11012,6538,15,3,14.02,0.0
11013,6539,141,1,79.35,0.1
11014,6540,150,5,83.97,0.0
11015,6541,29,1,37.06,0.15
11016,6541,81,2,54.68,0.15
11017,6541,65,1,137.34,0.0
11018,6541,109,1,81.02,0.15
11019,6542,116,1,86.31,0.0
11020,6542,27,1,22.93,0.15
11021,6543,133,1,24.65,0.15
11022,6543,30,1,49.92,0.05
11023,6543,73,2,62.34,0.05
11024,6544,150,1,82.84,0.0
11025,6545,33,1,63.25,0.0
11026,6546,55,1,166.35,0.0
11027,6547,80,4,10.77,0.05
11028,6548,34,2,24.55,0.05
11029,6549,29,3,37.54,0.0
11030,6550,37,1,77.66,0.1
11031,6550,108,1,77.3,0.0
11032,6551,78,1,50.95,0.0
11033,6552,74,1,268.31,0.0
11034,6552,48,1,165.37,0.1
11035,6552,41,1,127.46,0.0
11036,6552,39,1,19.7,0.0
11037,6553,117,1,63.27,0.1
11038,6553,1,1,100.86,0.15
11039,6554,69,1,89.88,0.0
11040,6555,7,5,271.06,0.0
11041,6556,108,4,74.86,0.0
11042,6556,146,1,133.06,0.0
11043,6557,108,1,74.3,0.1
11044,6557,5,1,51.48,0.0
11045,6557,138,1,48.86,0.0
11046,6558,138,1,47.65,0.0
11047,6558,143,1,15.06,0.15
11048,6559,4,2,253.26,0.15
11049,6559,82,4,90.91,0.05
11050,6559,89,1,40.48,0.0
11051,6560,153,2,35.59,0.1
11052,6561,39,1,19.93,0.05
11053,6562,144,3,77.87,0.15
11054,6563,59,2,85.73,0.05
11055,6564,13,1,79.2,0.0
11056,6565,122,1,28.6,0.15
11057,6566,68,3,160.11,0.0
11058,6567,41,2,127.0,0.15
11059,6567,55,1,160.48,0.0
11060,6567,53,1,36.18,0.0
11061,6568,2,1,55.95,0.0
11062,6568,66,2,220.6,0.15
11063,6569,39,1,19.98,0.1
11064,6569,62,2,55.83,0.15
11065,6569,47,4,43.54,0.15
11066,6570,47,2,42.94,0.15
11067,6571,54,4,114.94,0.05
11068,6571,69,3,92.08,0.0
11069,6572,159,2,22.44,0.0
11070,6572,39,1,19.98,0.0
11071,6573,68,1,159.4,0.15
11072,6573,13,1,82.42,0.0
11073,6574,106,2,93.23,0.15
11074,6574,52,1,45.59,0.0
11075,6575,138,1,49.52,0.05
11076,6576,19,1,28.19,0.05
11077,6577,139,2,133.61,0.0
11078,6578,141,1,80.67,0.0
11079,6579,119,2,178.48,0.15
11080,6579,42,1,74.88,0.1
11081,6579,63,1,24.01,0.0
11082,6580,146,1,132.68,0.0
11083,6580,89,2,39.56,0.0
11084,6581,96,1,17.69,0.15
11085,6582,118,1,22.6,0.0
11086,6582,7,1,269.44,0.0
11087,6582,27,2,23.59,0.15
11088,6583,57,1,29.82,0.15
11089,6583,79,1,71.21,0.05
11090,6583,123,3,229.96,0.0
11091,6583,42,2,77.65,0.05
11092,6584,87,2,144.94,0.0
11093,6584,123,1,228.4,0.0
11094,6584,2,1,56.29,0.1
11095,6585,57,2,30.66,0.05
11096,6586,14,2,11.65,0.15
11097,6587,86,1,42.17,0.05
11098,6588,78,1,49.39,0.1
11099,6589,2,2,56.79,0.05
11100,6589,55,1,162.08,0.15
11101,6590,34,1,25.07,0.05
11102,6591,53,2,35.85,0.05
11103,6591,153,1,35.75,0.05
11104,6592,12,2,42.2,0.0
11105,6593,107,2,356.96,0.0
11106,6593,117,1,61.97,0.1
11107,6594,151,1,80.83,0.0
11108,6594,145,1,83.08,0.1
11109,6595,109,3,81.81,0.15
11110,6596,127,1,27.15,0.1
11111,6596,92,3,154.87,0.0
11112,6597,60,1,156.93,0.15
11113,6597,33,5,65.32,0.0
11114,6598,84,1,41.81,0.0
11115,6599,152,2,86.93,0.1
11116,6599,5,1,51.56,0.15
11117,6600,8,2,129.91,0.0
11118,6600,29,4,37.41,0.1
11119,6601,29,2,37.74,0.0
11120,6602,157,1,346.61,0.05
11121,6603,109,1,83.76,0.0
11122,6604,152,1,89.4,0.0
11123,6605,65,1,132.57,0.1
11124,6606,22,2,51.76,0.0
11125,6607,44,1,48.47,0.0
11126,6608,88,2,86.42,0.0
11127,6609,111,1,11.48,0.0
11128,6609,85,5,31.56,0.0
11129,6610,160,1,115.57,0.0
11130,6610,131,3,15.76,0.0
11131,6611,107,2,355.97,0.1
11132,6611,14,3,11.34,0.0
11133,6611,141,1,81.62,0.1
11134,6612,64,1,22.58,0.1
11135,6612,160,2,120.27,0.05
11136,6612,105,1,56.13,0.0
11137,6613,108,4,75.28,0.0
11138,6614,59,3,86.04,0.0
11139,6615,96,2,17.25,0.0
11140,6616,108,2,74.35,0.05
11141,6617,105,2,55.89,0.0
11142,6617,104,1,30.89,0.0
11143,6618,113,1,67.83,0.0
11144,6619,19,2,28.56,0.0
11145,6619,120,1,130.45,0.0
11146,6619,15,1,13.59,0.0
11147,6620,26,2,71.3,0.0
11148,6621,126,1,477.44,0.1
11149,6622,149,2,103.01,0.15
11150,6623,137,1,32.25,0.05
11151,6623,25,1,39.3,0.0
11152,6624,102,1,43.51,0.0
11153,6625,85,1,32.03,0.0
11154,6625,47,1,41.87,0.05
11155,6626,128,3,38.19,0.0
11156,6626,1,1,103.18,0.0
11157,6627,115,1,54.08,0.0
11158,6628,42,2,74.72,0.15
11159,6629,79,1,69.74,0.0
11160,6629,109,1,84.0,0.0
11161,6630,88,1,89.25,0.0
11162,6631,78,1,49.9,0.15
11163,6631,113,2,70.25,0.1
11164,6632,53,3,36.22,0.0
11165,6633,126,1,455.98,0.05
11166,6633,45,1,17.08,0.1
11167,6634,29,1,37.2,0.1
11168,6634,9,3,42.25,0.15
11169,6635,70,2,37.19,0.0
11170,6636,46,1,34.35,0.15
11171,6637,148,1,19.35,0.15
11172,6638,43,3,58.28,0.05
11173,6638,68,3,158.39,0.0
11174,6639,52,2,45.82,0.15
11175,6640,18,1,86.45,0.1
11176,6641,120,1,127.35,0.0
11177,6642,94,2,47.88,0.0
11178,6642,61,1,42.81,0.0
11179,6643,54,1,114.04,0.1
11180,6644,50,1,13.48,0.0
11181,6644,139,2,135.51,0.15
11182,6645,45,1,17.34,0.0
11183,6645,8,2,131.5,0.0
11184,6645,7,4,268.28,0.1
11185,6646,150,1,84.17,0.0
11186,6647,110,2,59.26,0.1
11187,6648,44,2,49.73,0.0
11188,6648,94,2,47.52,0.0
11189,6649,155,2,83.57,0.05
11190,6649,92,3,152.37,0.1
11191,6649,149,2,105.82,0.0
11192,6650,84,4,41.22,0.0
11193,6650,134,3,100.71,0.15
11194,6651,140,2,21.51,0.0
11195,6651,148,1,19.58,0.0
11196,6652,101,1,18.02,0.0
11197,6653,74,1,262.32,0.0
11198,6654,96,3,17.31,0.15
11199,6654,138,1,49.65,0.1
11200,6655,81,3,54.0,0.15
11201,6656,147,2,21.12,0.0
11202,6656,3,2,115.77,0.0
11203,6657,59,1,88.1,0.0
11204,6658,73,2,62.62,0.1
11205,6658,18,1,86.84,0.0
11206,6658,56,1,150.88,0.05
11207,6659,25,1,39.04,0.1
11208,6659,36,1,22.2,0.05
11209,6660,9,1,43.25,0.1
11210,6661,120,4,130.74,0.1
11211,6661,28,1,92.74,0.0
11212,6662,9,1,41.75,0.0
11213,6663,125,1,109.53,0.0
11214,6663,74,1,270.91,0.0
11215,6663,121,3,129.7,0.0
11216,6664,132,1,69.99,0.0
11217,6665,61,1,43.03,0.05
11218,6665,121,1,134.21,0.0
11219,6665,132,2,69.25,0.05
11220,6666,79,4,71.65,0.15
11221,6666,74,2,270.84,0.1
11222,6666,105,1,55.4,0.1
11223,6666,125,3,110.24,0.15
11224,6667,116,2,85.95,0.15
11225,6668,13,2,81.04,0.05
11226,6669,127,2,26.67,0.1
11227,6670,19,1,28.41,0.15
11228,6671,151,1,81.02,0.0
11229,6671,9,2,43.01,0.0
11230,6672,160,1,117.62,0.1
11231,6672,53,1,34.88,0.0
11232,6672,47,4,43.32,0.0
11233,6673,159,5,22.55,0.05
11234,6673,107,3,358.41,0.05
11235,6674,7,1,270.49,0.0
11236,6675,55,1,163.5,0.1
11237,6676,39,4,19.66,0.05
11238,6677,64,1,21.99,0.0
11239,6678,47,1,43.06,0.1
11240,6678,111,1,11.27,0.05
11241,6679,67,2,59.56,0.15
11242,6680,124,1,18.7,0.0
11243,6680,104,2,32.22,0.0
11244,6681,126,1,478.33,0.05
11245,6682,138,1,49.54,0.1
11246,6683,39,2,19.74,0.15
11247,6684,111,1,11.55,0.05
11248,6685,134,1,98.04,0.15
11249,6685,90,2,105.77,0.0
11250,6685,59,2,85.89,0.0
11251,6686,41,1,128.54,0.15
11252,6687,157,2,356.8,0.05
11253,6688,30,1,50.92,0.0
11254,6689,105,1,57.57,0.0
11255,6689,67,5,60.3,0.15
11256,6690,96,1,17.45,0.15
11257,6690,47,1,43.06,0.15
11258,6691,49,1,89.54,0.05
11259,6691,113,2,68.1,0.05
11260,6692,147,4,21.19,0.0
11261,6693,24,1,17.68,0.05
11262,6693,112,3,62.7,0.05
11263,6694,38,1,11.15,0.0
11264,6695,139,4,136.65,0.0
11265,6695,104,1,31.94,0.05
11266,6696,68,1,157.88,0.1
11267,6696,18,1,85.19,0.1
11268,6696,150,1,85.06,0.1
11269,6697,20,1,18.65,0.0
11270,6697,52,1,45.61,0.15
11271,6698,14,1,11.86,0.05
11272,6698,108,1,77.5,0.0
11273,6698,2,2,56.71,0.0
11274,6698,104,1,31.68,0.0
11275,6699,150,2,84.3,0.05
11276,6700,82,3,88.65,0.05
11277,6700,110,1,59.63,0.15
11278,6701,151,2,80.52,0.0
11279,6701,72,2,256.29,0.0
11280,6701,110,1,60.36,0.05
11281,6702,65,2,133.96,0.05
11282,6702,118,2,23.05,0.05
11283,6703,86,1,42.06,0.1
11284,6703,75,2,6.11,0.0
11285,6704,4,1,255.94,0.0
11286,6704,132,1,70.58,0.0
11287,6705,129,4,70.25,0.0
11288,6705,60,1,159.84,0.1
11289,6705,36,5,21.22,0.0
11290,6706,80,1,10.97,0.0
11291,6707,20,3,18.66,0.15
11292,6707,40,2,75.79,0.05
11293,6708,42,1,75.29,0.1
11294,6709,51,3,85.65,0.0
11295,6709,36,1,21.46,0.0
11296,6710,53,4,35.81,0.0
11297,6711,77,1,70.43,0.0
11298,6712,13,1,82.38,0.0
11299,6712,29,1,38.13,0.1
11300,6712,82,1,89.42,0.0
11301,6713,109,2,83.02,0.15
11302,6714,13,1,79.18,0.0
11303,6714,110,2,59.58,0.0
11304,6715,146,2,129.69,0.05
11305,6716,35,1,139.49,0.0
11306,6717,76,1,139.66,0.05
11307,6717,54,1,113.36,0.0
11308,6717,85,1,30.8,0.0
11309,6718,111,1,11.41,0.1
11310,6719,120,4,130.79,0.15
11311,6720,105,1,56.02,0.15
11312,6720,32,1,352.9,0.0
11313,6721,154,1,80.74,0.0
11314,6722,24,4,18.03,0.1
11315,6723,151,1,79.93,0.1
11316,6724,98,2,83.07,0.05
11317,6725,156,4,34.85,0.0
11318,6725,52,1,46.82,0.05
11319,6726,24,1,17.76,0.0
11320,6727,64,3,22.57,0.1
11321,6728,64,2,22.02,0.0
11322,6729,114,2,593.77,0.0
11323,6730,138,3,48.32,0.05
11324,6730,57,1,30.59,0.1
11325,6731,104,2,31.34,0.0
11326,6732,68,1,158.02,0.0
11327,6733,143,1,15.21,0.1
11328,6733,25,2,39.06,0.05
11329,6733,86,4,42.17,0.05
11330,6734,104,2,32.15,0.15
11331,6735,131,3,15.71,0.15
11332,6735,90,1,100.92,0.1
11333,6736,94,1,47.87,0.1
11334,6737,109,1,83.07,0.0
11335,6738,58,1,48.02,0.15
11336,6739,79,1,72.24,0.15
11337,6739,24,1,17.96,0.0
11338,6739,35,1,138.27,0.1
11339,6740,5,4,51.34,0.05
11340,6741,101,3,18.53,0.0
11341,6741,44,1,49.53,0.05
11342,6741,105,3,56.15,0.1
11343,6741,94,3,47.25,0.0
11344,6742,98,2,80.79,0.1
11345,6743,96,1,17.15,0.0
11346,6743,95,2,45.54,0.0
11347,6743,126,2,459.31,0.0
11348,6743,139,1,134.02,0.0
11349,6744,69,1,90.49,0.1
11350,6745,1,1,102.5,0.05
11351,6746,9,2,43.45,0.0
11352,6746,66,5,215.36,0.0
11353,6747,126,1,478.7,0.0
11354,6748,88,1,89.55,0.1
11355,6749,107,1,358.12,0.0
11356,6750,37,1,77.58,0.05
11357,6750,105,2,55.85,0.1
11358,6751,1,1,101.03,0.0
11359,6751,155,2,84.94,0.0
11360,6751,91,1,69.35,0.05
11361,6752,65,2,135.45,0.0
11362,6752,125,1,112.31,0.0
11363,6753,85,1,31.16,0.0
11364,6753,130,5,42.07,0.0
11365,6754,143,1,15.5,0.0
11366,6755,117,3,61.59,0.1
11367,6756,130,4,41.5,0.0
11368,6756,23,2,70.6,0.0
11369,6757,4,3,256.35,0.0
11370,6758,48,1,167.23,0.0
11371,6759,135,1,28.34,0.0
11372,6760,153,1,36.08,0.0
11373,6761,49,2,88.89,0.1
11374,6762,41,2,124.95,0.0
11375,6763,49,4,86.94,0.15
11376,6764,80,4,11.1,0.0
11377,6765,153,2,35.79,0.0
11378,6766,129,1,71.3,0.0
11379,6767,107,1,354.3,0.0
11380,6767,83,1,240.03,0.0
11381,6767,111,5,11.49,0.0
11382,6768,78,1,49.55,0.15
11383,6769,78,2,49.56,0.0
11384,6769,157,2,344.69,0.15
11385,6770,84,1,41.2,0.0
11386,6770,72,2,262.69,0.0
11387,6770,110,1,61.85,0.0
11388,6770,7,2,265.42,0.0
11389,6771,78,1,50.72,0.0
11390,6772,2,2,57.93,0.0
11391,6773,57,4,30.33,0.05
11392,6774,30,1,49.57,0.0
11393,6774,16,5,38.95,0.05
11394,6775,11,2,42.13,0.05
11395,6776,142,2,212.61,0.1
11396,6777,32,2,341.12,0.0
11397,6778,147,1,21.29,0.15
11398,6778,123,3,229.67,0.05
11399,6778,106,1,92.47,0.0
11400,6779,50,1,13.55,0.0
11401,6779,68,1,163.4,0.0
11402,6780,92,4,152.59,0.15
11403,6780,39,1,19.3,0.1
11404,6780,2,1,58.5,0.15
11405,6781,33,1,63.94,0.05
11406,6782,93,1,34.69,0.1
11407,6783,141,2,78.97,0.0
11408,6783,44,2,50.69,0.0
11409,6784,125,2,109.64,0.0
11410,6785,89,1,39.35,0.0
11411,6786,35,2,137.88,0.0
11412,6787,96,1,17.06,0.0
11413,6788,74,1,265.57,0.05
11414,6789,39,1,19.57,0.0
11415,6789,66,2,220.7,0.0
11416,6789,105,4,56.64,0.0
11417,6790,67,4,61.9,0.0
11418,6791,100,3,53.06,0.0
11419,6792,31,1,37.74,0.0
11420,6793,93,2,34.87,0.1
11421,6794,123,2,227.92,0.0
11422,6795,93,1,33.94,0.1
11423,6796,119,2,185.76,0.05
11424,6797,123,4,232.73,0.0
11425,6797,131,1,15.79,0.0
11426,6797,152,1,90.3,0.15
11427,6798,34,2,25.09,0.05
11428,6798,14,1,11.73,0.0
11429,6799,136,1,267.87,0.15
11430,6799,108,2,76.45,0.05
11431,6799,43,1,57.53,0.0
11432,6800,102,1,45.0,0.0
11433,6801,138,1,48.68,0.1
11434,6801,4,5,255.04,0.05
11435,6801,58,1,50.22,0.05
11436,6801,125,2,111.14,0.0
11437,6802,111,3,11.57,0.0
11438,6802,82,2,87.88,0.05
11439,6803,63,2,23.51,0.1
11440,6803,33,5,63.83,0.15
11441,6804,75,1,6.18,0.0
11442,6805,27,1,22.9,0.0
11443,6805,111,2,11.35,0.1
11444,6806,151,1,80.18,0.1
11445,6807,145,1,80.61,0.0
11446,6807,158,1,100.98,0.0
11447,6808,132,1,67.73,0.0
11448,6809,73,2,63.37,0.0
11449,6809,22,3,52.21,0.1
11450,6809,92,2,152.22,0.1
11451,6810,14,1,11.62,0.05
11452,6810,1,1,99.9,0.0
11453,6810,58,1,48.88,0.1
11454,6810,2,2,56.07,0.0
11455,6811,44,1,49.66,0.15
11456,6812,143,1,15.48,0.0
11457,6813,119,4,179.4,0.05
11458,6814,6,1,54.01,0.0
11459,6815,81,1,52.95,0.1
11460,6816,76,1,136.28,0.0
11461,6816,146,1,133.7,0.0
11462,6817,138,1,48.25,0.0
11463,6817,34,1,25.4,0.1
11464,6818,55,1,165.68,0.15
11465,6819,74,1,263.97,0.15
11466,6820,81,1,53.07,0.1
11467,6821,91,1,71.7,0.15
11468,6822,155,1,83.86,0.15
11469,6823,100,1,51.39,0.0
11470,6823,157,2,350.23,0.0
11471,6824,60,1,153.75,0.15
11472,6825,124,1,18.78,0.0
11473,6825,89,1,41.09,0.15
11474,6826,91,3,70.87,0.05
11475,6826,116,1,85.9,0.1
11476,6827,143,2,15.01,0.05
11477,6827,96,1,17.5,0.0
11478,6827,147,2,21.33,0.0
11479,6828,160,1,120.37,0.05
11480,6828,30,3,48.77,0.1
11481,6829,93,1,35.17,0.0
11482,6830,1,2,102.02,0.0
11483,6830,150,2,84.03,0.0
11484,6831,133,2,24.8,0.1
11485,6832,155,2,84.04,0.0
11486,6833,76,2,138.18,0.0
11487,6833,66,1,217.96,0.05
11488,6834,139,1,134.42,0.0
11489,6834,94,3,47.38,0.15
11490,6835,145,1,82.82,0.15
11491,6836,88,2,85.27,0.1
11492,6837,1,1,99.08,0.1
11493,6838,93,1,33.8,0.15
11494,6838,125,1,108.07,0.0
11495,6839,38,1,11.25,0.0
11496,6839,89,2,39.4,0.1
11497,6840,147,1,20.95,0.0
11498,6841,53,1,34.78,0.1
11499,6842,54,2,110.54,0.1
11500,6842,30,1,50.71,0.0
11501,6843,120,3,129.55,0.0
11502,6844,121,2,135.4,0.0
11503,6844,42,1,77.51,0.15
11504,6845,32,1,346.26,0.15
11505,6845,80,1,11.03,0.05
11506,6846,56,1,148.73,0.0
11507,6846,136,1,257.14,0.0
11508,6846,73,1,63.06,0.0
11509,6847,92,1,152.96,0.1
11510,6848,45,2,17.24,0.0
11511,6849,158,2,99.06,0.1
11512,6849,85,1,30.78,0.0
11513,6850,12,2,42.82,0.1
11514,6851,113,3,69.26,0.0
11515,6852,46,3,33.34,0.05
11516,6853,157,1,341.32,0.05
11517,6853,62,1,56.33,0.0
11518,6854,28,1,90.75,0.0
11519,6854,81,1,53.94,0.15
11520,6854,84,4,39.85,0.15
11521,6855,70,1,37.07,0.0
11522,6855,8,1,129.13,0.0
11523,6855,29,1,38.51,0.15
11524,6856,131,2,15.92,0.15
11525,6857,7,1,269.42,0.05
11526,6858,14,1,11.84,0.1
11527,6859,2,2,58.7,0.15
11528,6859,158,3,97.17,0.15
11529,6859,127,3,26.57,0.0
11530,6860,53,1,35.18,0.0
11531,6861,29,3,38.67,0.0
11532,6861,1,2,101.63,0.0
11533,6861,22,2,52.39,0.0
11534,6861,50,1,13.32,0.15
11535,6862,33,3,65.79,0.0
11536,6862,66,1,225.71,0.0
11537,6862,154,1,78.24,0.15
11538,6863,145,2,82.57,0.0
11539,6864,77,1,69.14,0.1
11540,6865,48,1,166.24,0.15
11541,6866,13,1,81.02,0.15
11542,6866,108,3,74.32,0.15
11543,6867,113,2,69.79,0.0
11544,6868,144,2,75.19,0.15
11545,6868,24,3,17.66,0.0
11546,6868,114,1,589.86,0.0
11547,6869,134,1,101.1,0.0
11548,6869,72,4,260.86,0.0
11549,6869,5,1,52.78,0.0
11550,6869,95,1,44.78,0.0
11551,6870,89,2,39.59,0.05
11552,6870,48,1,167.18,0.15
11553,6871,47,1,41.95,0.15
11554,6871,128,1,38.34,0.15
11555,6871,21,3,248.53,0.05
11556,6872,18,1,86.15,0.05
11557,6873,39,2,19.6,0.1
11558,6873,26,1,71.61,0.0
11559,6873,88,1,89.41,0.05
11560,6873,139,2,137.14,0.0
11561,6874,19,2,28.92,0.0
11562,6874,123,2,224.93,0.0
11563,6874,158,1,101.45,0.0
11564,6875,146,2,131.17,0.0
11565,6876,17,1,25.94,0.0
11566,6876,25,5,39.33,0.0
11567,6877,155,1,86.28,0.0
11568,6878,29,2,36.92,0.0
11569,6879,150,5,86.47,0.1
11570,6880,119,1,186.21,0.15
11571,6880,70,1,36.12,0.0
11572,6880,25,1,40.46,0.0
11573,6880,146,1,128.79,0.15
11574,6881,61,3,42.93,0.05
11575,6882,84,5,41.14,0.1
11576,6883,57,2,31.01,0.0
11577,6883,68,1,159.42,0.0
11578,6883,130,2,41.05,0.0
11579,6884,79,2,71.69,0.0
11580,6885,147,1,21.32,0.05
11581,6886,47,1,43.38,0.1
11582,6887,55,2,167.79,0.05
11583,6887,59,1,88.14,0.05
11584,6888,11,3,43.9,0.0
11585,6889,51,2,87.38,0.15
11586,6889,62,2,55.04,0.0
11587,6890,152,1,91.03,0.05
11588,6891,28,4,89.79,0.0
11589,6892,95,3,46.77,0.0
11590,6893,120,2,126.32,0.0
11591,6894,95,1,44.94,0.05
11592,6895,123,-2,230.87,0.15
11593,6896,74,1,270.63,0.15
11594,6897,83,1,248.69,0.05
11595,6898,91,2,72.38,0.15
11596,6899,132,1,69.06,0.0
11597,6900,147,1,21.42,0.0
11598,6901,69,1,90.62,0.0
11599,6901,146,5,131.73,0.0
11600,6902,129,1,72.09,0.0
11601,6902,6,4,51.54,0.05
11602,6903,41,1,123.4,0.15
11603,6903,80,1,10.6,0.05
11604,6903,70,1,36.51,0.0
11605,6904,38,2,10.93,0.15
11606,6905,100,3,53.36,0.1
11607,6906,18,2,88.34,0.1
11608,6907,44,2,49.5,0.0
11609,6908,142,2,207.99,0.0
11610,6908,29,2,38.52,0.0
11611,6909,18,1,86.4,0.1
11612,6910,55,2,161.23,0.0
11613,6911,70,1,37.27,0.0
11614,6912,51,1,88.08,0.05
11615,6912,18,1,85.69,0.0
11616,6913,132,5,67.59,0.05
11617,6913,52,1,45.48,0.0
11618,6914,34,1,24.9,0.05
11619,6914,57,1,31.03,0.15
11620,6914,42,1,73.97,0.0
11621,6915,69,4,92.05,0.15
11622,6915,32,1,343.42,0.0
11623,6916,72,1,258.92,0.05
11624,6916,8,4,131.49,0.0
11625,6917,122,2,28.16,0.0
11626,6918,147,4,20.97,0.0
11627,6919,53,1,35.52,0.0
11628,6920,77,3,70.92,0.0
11629,6920,155,5,84.97,0.0
11630,6921,159,1,21.89,0.0
11631,6922,10,1,107.8,0.0
11632,6922,107,2,349.13,0.0
11633,6922,30,1,49.81,0.0
11634,6923,106,1,93.75,0.15
11635,6923,104,2,31.36,0.1
11636,6924,48,2,168.96,0.05
11637,6924,150,2,86.73,0.05
11638,6925,151,2,83.29,0.0
11639,6925,97,2,84.55,0.05
11640,6926,71,3,88.36,0.0
11641,6926,153,1,35.1,0.0
11642,6927,62,4,54.77,0.0
11643,6927,97,1,86.33,0.0
11644,6928,14,1,11.87,0.0
11645,6928,160,1,115.17,0.0
11646,6929,30,3,49.3,0.05
11647,6930,147,1,21.66,0.0
11648,6931,105,1,56.24,0.15
11649,6932,90,1,101.08,0.15
11650,6932,14,4,11.74,0.15
11651,6933,104,1,31.72,0.0
11652,6934,41,4,124.59,0.0
11653,6935,142,2,213.33,0.1
11654,6936,139,1,138.35,0.0
11655,6936,66,1,218.67,0.0
11656,6937,32,2,352.37,0.0
11657,6938,104,1,31.44,0.0
11658,6939,139,5,132.68,0.15
11659,6939,19,2,28.29,0.0
11660,6940,28,1,89.01,0.0
11661,6941,41,1,126.4,0.0
11662,6942,3,2,119.36,0.05
11663,6943,4,3,257.08,0.15
11664,6943,102,1,44.67,0.1
11665,6944,138,1,49.57,0.1
11666,6945,87,2,148.21,0.05
11667,6945,104,1,32.37,0.0
11668,6945,93,1,35.35,0.1
11669,6946,3,4,119.25,0.05
11670,6947,118,1,23.01,0.0
11671,6948,159,1,22.64,0.1
11672,6949,103,1,48.32,0.0
11673,6949,112,1,63.54,0.15
11674,6949,88,1,87.45,0.0
11675,6949,132,1,68.87,0.05
11676,6950,107,1,354.46,0.1
11677,6950,29,2,37.12,0.0
11678,6951,90,1,104.92,0.0
11679,6951,1,2,102.57,0.15
11680,6952,131,1,15.75,0.0
11681,6953,135,1,28.49,0.0
11682,6954,130,1,40.99,0.15
11683,6955,103,1,46.56,0.0
11684,6955,148,2,19.66,0.05
11685,6956,57,1,31.31,0.0
11686,6956,3,1,117.53,0.15
11687,6957,156,1,33.98,0.0
11688,6958,4,1,249.52,0.05
11689,6958,7,1,264.43,0.0
11690,6959,129,2,72.45,0.05
11691,6959,26,1,70.56,0.0
11692,6960,57,1,31.19,0.05
11693,6961,76,1,139.28,0.0
11694,6962,139,2,133.48,0.0
11695,6962,76,2,135.28,0.05
11696,6963,108,1,76.77,0.15
11697,6963,37,1,77.78,0.0
11698,6964,94,3,47.8,0.05
11699,6965,137,1,32.03,0.0
11700,6965,16,1,39.95,0.05
11701,6966,134,2,98.16,0.1
11702,6966,90,2,101.71,0.0
11703,6967,36,1,21.69,0.1
11704,6968,97,3,84.03,0.0
11705,6969,113,1,67.08,0.0
11706,6969,29,2,38.15,0.0
11707,6969,98,1,83.45,0.05
11708,6969,103,1,48.95,0.05
11709,6970,81,2,52.14,0.0
11710,6971,18,2,87.19,0.1
11711,6972,154,3,80.55,0.1
11712,6973,129,3,70.38,0.0
11713,6973,56,1,152.81,0.0
11714,6973,27,2,23.61,0.0
11715,6974,28,1,92.94,0.0
11716,6974,32,1,352.27,0.15
11717,6975,139,2,138.07,0.0
11718,6975,27,1,22.51,0.1
11719,6975,91,1,69.98,0.0
11720,6975,73,1,61.77,0.05
11721,6976,148,4,19.36,0.0
11722,6977,130,1,41.99,0.1
11723,6978,80,3,10.73,0.15
11724,6979,95,1,46.0,0.05
11725,6979,1,2,100.56,0.0
11726,6979,83,4,251.47,0.0
11727,6979,51,1,86.81,0.05
11728,6980,141,1,78.91,0.0
11729,6981,106,1,94.72,0.15
11730,6982,142,4,210.38,0.0
11731,6982,17,2,26.43,0.05
11732,6983,43,1,57.33,0.05
11733,6984,51,1,88.77,0.0
11734,6985,68,1,164.17,0.15
11735,6986,7,1,266.7,0.0
11736,6987,133,2,25.55,0.05
11737,6988,148,2,20.24,0.05
11738,6988,51,1,84.86,0.0
11739,6989,113,1,69.08,0.15
11740,6990,77,1,68.92,0.0
11741,6991,13,2,81.9,0.05
11742,6992,36,1,21.6,0.15
11743,6992,108,1,74.94,0.0
11744,6993,109,1,82.44,0.1
11745,6994,126,1,459.34,0.15
11746,6995,77,3,71.57,0.0
11747,6995,129,1,69.55,0.1
11748,6996,64,2,22.7,0.15
11749,6997,118,4,22.46,0.0
11750,6998,7,2,276.06,0.0
11751,6999,149,2,102.61,0.05
11752,7000,123,1,231.3,0.0
11753,7001,54,2,110.27,0.0
11754,7001,9,4,42.37,0.0
11755,7001,95,1,46.13,0.0
11756,7002,53,1,34.45,0.05
11757,7002,10,1,106.47,0.0
11758,7003,109,1,82.05,0.0
11759,7003,133,1,25.16,0.0
11760,7004,86,1,40.73,0.0
11761,7005,17,2,26.02,0.0
11762,7006,88,2,86.59,0.0
11763,7007,61,1,42.0,0.0
11764,7008,154,2,79.17,0.0
11765,7008,146,1,131.77,0.0
11766,7009,106,2,93.94,0.0
11767,7009,61,4,41.55,0.05
11768,7010,139,2,137.33,0.05
11769,7010,127,3,26.8,0.0
11770,7011,130,2,40.82,0.15
11771,7012,148,3,20.17,0.1
11772,7013,99,2,64.6,0.0
11773,7014,7,2,273.53,0.05
11774,7015,21,2,246.31,0.15
11775,7016,74,1,265.4,0.0
11776,7017,138,1,49.55,0.0
11777,7018,96,1,17.33,0.0
11778,7019,35,3,139.45,0.15
11779,7020,1,2,101.72,0.05
11780,7021,21,3,242.93,0.15
11781,7022,75,2,6.12,0.0
11782,7022,71,1,90.41,0.0
11783,7023,77,1,71.39,0.05
11784,7023,134,2,100.96,0.0
11785,7023,14,2,11.4,0.1
11786,7024,23,1,69.29,0.1
11787,7024,100,1,53.9,0.15
11788,7024,98,1,82.97,0.0
11789,7024,73,4,62.96,0.0
11790,7025,5,1,52.94,0.0
11791,7026,58,1,50.02,0.1
11792,7027,40,3,77.95,0.05
11793,7028,15,1,14.1,0.0
11794,7029,158,2,100.07,0.15
11795,7030,120,2,126.25,0.15
11796,7030,113,2,68.44,0.1
11797,7031,17,1,26.13,0.05
11798,7031,141,3,79.65,0.0
11799,7031,92,1,154.0,0.0
11800,7032,157,1,345.57,0.15
11801,7033,1,1,99.17,0.15
11802,7034,117,1,62.5,0.0
11803,7034,154,2,82.03,0.15
11804,7034,31,3,37.54,0.0
11805,7035,95,1,44.57,0.0
11806,7036,68,1,162.77,0.1
11807,7036,81,2,53.36,0.15
11808,7037,141,1,78.58,0.0
11809,7038,15,5,13.48,0.0
11810,7038,152,1,87.04,0.0
11811,7039,32,1,339.41,0.05
11812,7039,18,3,85.9,0.05
11813,7040,34,5,24.78,0.0
11814,7041,3,5,118.7,0.15
11815,7042,80,3,10.78,0.15
11816,7042,127,3,26.44,0.15
11817,7042,23,3,67.91,0.0
11818,7043,125,3,109.41,0.1
11819,7043,57,1,31.06,0.0
11820,7044,17,1,26.02,0.15
11821,7044,101,2,18.22,0.15
11822,7044,6,2,52.34,0.05
11823,7045,105,2,55.36,0.0
11824,7045,82,1,88.55,0.0
11825,7045,104,2,31.65,0.0
11826,7046,51,1,86.13,0.0
11827,7047,1,3,101.78,0.15
11828,7047,10,3,106.49,0.15
11829,7047,153,2,34.76,0.0
11830,7048,97,1,86.42,0.15
11831,7049,99,1,63.83,0.0
11832,7050,33,3,63.54,0.1
11833,7051,67,2,59.71,0.0
11834,7052,81,2,52.01,0.15
11835,7053,156,4,33.98,0.05
11836,7054,90,2,102.83,0.1
11837,7055,54,2,114.1,0.15
11838,7055,40,1,77.41,0.05
11839,7056,76,3,136.4,0.0
11840,7056,3,3,113.58,0.0
11841,7056,60,1,154.16,0.1
11842,7057,2,2,57.18,0.05
11843,7057,55,1,164.05,0.05
11844,7058,114,2,582.84,0.0
11845,7058,15,1,14.02,0.0
11846,7059,80,2,10.97,0.0
11847,7060,20,4,18.22,0.1
11848,7060,143,3,15.49,0.0
11849,7060,109,1,80.64,0.0
11850,7061,114,1,596.96,0.1
11851,7062,86,1,40.9,0.0
11852,7063,74,1,267.51,0.0
11853,7064,138,1,48.14,0.05
11854,7064,49,1,89.27,0.0
11855,7065,49,1,87.24,0.15
11856,7066,134,1,101.34,0.0
11857,7066,109,1,80.39,0.15
11858,7067,29,1,38.55,0.0
11859,7067,108,2,75.24,0.1
11860,7068,73,1,64.42,0.0
11861,7069,148,1,20.22,0.05
11862,7070,107,1,363.66,0.0
11863,7071,82,2,88.64,0.0
11864,7072,134,1,100.83,0.0
11865,7073,8,1,129.62,0.0
11866,7073,151,1,80.16,0.1
11867,7073,1,3,100.34,0.0
11868,7073,45,1,17.43,0.0
11869,7074,144,1,78.14,0.05
11870,7074,75,1,6.19,0.0
11871,7074,112,1,63.51,0.0
11872,7075,36,1,21.45,0.0
11873,7075,35,1,138.95,0.0
11874,7076,81,1,53.48,0.15
11875,7076,153,2,35.29,0.1
11876,7076,15,2,13.51,0.0
11877,7076,65,1,136.51,0.0
11878,7077,55,4,160.72,0.05
11879,7077,137,2,31.59,0.0
11880,7078,6,1,53.89,0.1
11881,7079,7,2,263.67,0.0
11882,7080,141,1,81.03,0.1
11883,7081,19,1,29.01,0.0
11884,7082,82,2,90.49,0.0
11885,7082,123,1,230.15,0.0
11886,7083,37,3,80.34,0.05
11887,7084,129,3,72.6,0.15
11888,7084,109,1,83.38,0.0
11889,7084,2,1,58.7,0.05
11890,7085,8,3,130.23,0.1
11891,7086,34,4,25.36,0.0
11892,7087,11,1,42.57,0.0
11893,7088,16,1,38.71,0.05
11894,7089,59,1,88.72,0.05
11895,7089,55,1,160.45,0.05
11896,7089,110,1,59.51,0.0
11897,7090,10,1,106.61,0.0
11898,7091,148,1,19.98,0.15
11899,7092,66,5,225.25,0.1
11900,7093,141,2,81.48,0.0
11901,7094,42,3,74.5,0.15
11902,7094,121,1,130.59,0.05
11903,7095,44,1,50.01,0.1
11904,7096,156,1,33.7,0.0
11905,7097,148,2,20.06,0.1
11906,7098,86,3,40.79,0.05
11907,7099,62,2,55.84,0.0
11908,7100,125,1,113.05,0.0
11909,7100,70,4,35.94,0.05
11910,7101,86,5,42.29,0.0
11911,7102,94,2,47.91,0.15
11912,7103,128,1,38.47,0.0
11913,7104,78,1,49.48,0.05
11914,7105,109,2,83.6,0.0
11915,7106,2,1,56.06,0.15
11916,7106,32,1,342.32,0.0
11917,7107,68,2,162.56,0.05
11918,7108,5,3,53.87,0.0
11919,7109,137,2,32.08,0.1
11920,7109,49,2,89.28,0.1
11921,7110,29,4,37.67,0.1
11922,7110,58,2,50.07,0.1
11923,7110,26,1,73.34,0.0
11924,7110,14,1,11.33,0.15
11925,7111,150,1,84.23,0.0
11926,7112,149,5,104.85,0.0
11927,7112,70,1,37.19,0.0
11928,7113,17,1,25.48,0.05
11929,7114,158,1,97.18,0.05
11930,7114,118,1,22.39,0.15
11931,7114,4,1,255.19,0.0
11932,7115,77,1,69.79,0.05
11933,7115,153,2,34.59,0.0
11934,7115,71,1,92.25,0.0
11935,7116,24,1,18.21,0.0
11936,7116,91,3,69.7,0.0
11937,7117,39,1,19.9,0.0
11938,7117,62,1,54.43,0.15
11939,7118,148,1,19.53,0.0
11940,7119,68,5,159.96,0.15
11941,7119,59,2,87.45,0.0
11942,7120,12,2,43.01,0.0
11943,7121,129,4,70.43,0.15
11944,7121,68,1,163.67,0.05
11945,7122,53,1,34.75,0.0
11946,7123,64,1,22.57,0.0
11947,7124,44,1,50.57,0.1
11948,7125,83,1,241.88,0.1
11949,7126,105,1,54.88,0.15
11950,7126,139,2,133.77,0.0
11951,7126,129,1,71.7,0.0
11952,7127,158,5,100.69,0.0
11953,7128,114,2,610.55,0.05
11954,7128,110,2,60.66,0.0
11955,7129,116,2,83.27,0.0
11956,7130,18,3,88.48,0.1
11957,7131,30,2,49.21,0.0
11958,7131,19,3,28.07,0.1
11959,7132,92,1,159.05,0.0
11960,7132,38,-1,10.88,0.0
11961,7132,5,3,52.39,0.0
11962,7133,107,1,355.07,0.0
11963,7134,56,1,153.89,0.0
11964,7135,145,4,81.28,0.15
11965,7135,153,1,36.0,0.0
11966,7136,132,1,69.96,0.0
11967,7136,16,2,39.18,0.05
11968,7137,103,2,46.7,0.1
11969,7137,127,1,26.59,0.15
11970,7138,47,4,43.11,0.1
11971,7139,126,1,463.89,0.0
11972,7140,106,3,92.65,0.0
11973,7141,95,2,45.9,0.0
11974,7141,83,2,251.45,0.0
11975,7142,40,1,79.25,0.0
11976,7142,74,1,270.61,0.1
11977,7143,11,1,43.39,0.15
11978,7144,117,2,62.02,0.05
11979,7145,113,2,68.19,0.0
11980,7145,22,1,52.31,0.0
11981,7145,61,2,43.17,0.05
11982,7146,34,3,24.72,0.0
11983,7147,77,2,69.47,0.1
11984,7147,83,1,241.77,0.0
11985,7147,74,1,272.15,0.0
11986,7148,82,1,88.2,0.0
11987,7148,88,1,89.08,0.1
11988,7149,17,2,26.43,0.15
11989,7150,76,1,136.75,0.1
11990,7151,96,1,17.02,0.0
11991,7152,62,2,54.01,0.1
11992,7153,144,4,76.67,0.1
11993,7153,41,1,124.62,0.05
11994,7154,155,1,84.61,0.0
11995,7155,135,1,27.85,0.1
11996,7156,41,2,126.35,0.0
11997,7157,62,1,55.06,0.0
11998,7158,32,2,340.79,0.0
11999,7158,50,1,13.58,0.05
12000,7159,102,1,44.45,0.0
12001,7159,108,1,76.52,0.0
12002,7159,30,1,48.75,0.0
12003,7160,159,1,21.72,0.0
12004,7161,108,3,77.88,0.0
12005,7161,109,1,81.09,0.0
12006,7162,17,4,26.58,0.0
12007,7163,136,1,261.78,0.0
12008,7164,27,1,23.09,0.0
12009,7165,84,1,40.58,0.15
12010,7166,77,5,71.25,0.0
12011,7167,72,2,260.21,0.1
12012,7168,74,1,267.62,0.15
12013,7169,8,4,129.17,0.15
12014,7170,95,1,45.53,0.0
12015,7170,154,4,78.1,0.05
12016,7171,116,4,85.0,0.0
12017,7171,110,2,62.19,0.0
12018,7172,16,2,38.84,0.1
12019,7173,83,1,252.0,0.0
12020,7173,148,2,19.65,0.15
12021,7173,74,1,261.42,0.15
12022,7173,98,1,82.69,0.15
12023,7174,83,1,248.26,0.15
12024,7175,70,1,35.75,0.0
12025,7175,77,1,71.89,0.05
12026,7176,54,4,110.55,0.1
12027,7176,105,1,57.31,0.15
12028,7177,115,1,55.32,0.1
12029,7178,106,2,92.95,0.1
12030,7179,121,1,130.56,0.0
12031,7179,16,1,39.78,0.0
12032,7179,36,2,21.91,0.1
12033,7179,34,1,24.86,0.0
12034,7180,92,2,154.58,0.0
12035,7181,63,1,24.52,0.0
12036,7182,89,4,40.69,0.0
12037,7183,35,1,139.46,0.0
12038,7184,85,1,30.62,0.1
12039,7185,137,3,32.48,0.15
12040,7186,28,2,90.42,0.0
12041,7187,3,1,115.32,0.15
12042,7188,147,1,21.65,0.1
12043,7189,142,1,208.46,0.05
12044,7189,88,2,87.29,0.0
12045,7189,112,3,64.42,0.0
12046,7190,97,1,85.83,0.0
12047,7191,93,1,33.99,0.05
12048,7192,82,3,89.41,0.0
12049,7192,149,2,101.99,0.0
12050,7193,53,1,35.75,0.05
12051,7194,54,4,112.52,0.15
12052,7194,34,2,25.02,0.0
12053,7195,95,1,45.8,0.0
12054,7196,45,1,16.76,0.0
12055,7196,41,1,123.93,0.0
12056,7196,156,2,34.26,0.05
12057,7197,72,1,258.18,0.0
12058,7198,44,4,49.11,0.15
12059,7199,65,4,133.08,0.0
12060,7200,104,3,31.56,0.0
12061,7201,57,1,30.08,0.05
12062,7201,7,2,272.69,0.05
12063,7201,35,1,134.38,0.0
12064,7202,81,2,54.12,0.15
12065,7203,131,2,15.72,0.0
12066,7203,1,1,101.72,0.15
12067,7203,12,1,41.84,0.1
12068,7204,140,1,20.94,0.15
12069,7204,130,1,42.02,0.1
12070,7204,56,1,148.17,0.0
12071,7205,82,1,89.3,0.0
12072,7206,86,3,41.59,0.15
12073,7206,4,2,261.93,0.15
12074,7207,29,1,37.7,0.1
12075,7207,17,1,25.54,0.1
12076,7208,1,5,100.31,0.0
12077,7208,49,1,89.1,0.15
12078,7209,126,5,472.13,0.05
12079,7209,131,1,16.13,0.0
12080,7209,130,4,41.37,0.15
12081,7209,139,2,135.26,0.05
12082,7210,109,1,82.81,0.0
12083,7211,43,3,57.95,0.0
12084,7211,143,1,15.27,0.1
12085,7212,124,2,18.16,0.0
12086,7213,86,3,41.88,0.05
12087,7214,152,2,89.98,0.0
12088,7214,40,1,75.85,0.0
12089,7214,110,4,61.14,0.05
12090,7214,24,3,17.63,0.0
12091,7215,150,2,83.88,0.15
12092,7216,113,1,68.81,0.0
12093,7217,51,1,88.29,0.0
12094,7218,121,1,132.21,0.1
12095,7218,148,2,20.14,0.0
12096,7218,127,4,26.93,0.1
12097,7219,102,3,45.05,0.05
12098,7219,27,4,22.94,0.1
12099,7220,75,2,6.03,0.0
12100,7220,133,1,24.66,0.0
12101,7221,139,1,138.02,0.0
12102,7222,33,1,65.64,0.0
12103,7223,80,3,10.76,0.0
12104,7223,103,1,48.06,0.0
12105,7223,125,1,107.82,0.0
12106,7224,98,2,83.71,0.05
12107,7224,46,3,33.32,0.05
12108,7224,61,1,41.95,0.15
12109,7224,22,1,53.72,0.0
12110,7225,36,1,21.91,0.15
12111,7226,135,1,28.62,0.05
12112,7226,37,1,78.85,0.05
12113,7226,24,2,17.64,0.15
12114,7227,109,1,80.48,0.15
12115,7228,26,3,73.53,0.15
12116,7228,83,5,242.88,0.15
12117,7228,78,2,49.78,0.0
12118,7229,79,1,69.71,0.15
12119,7229,94,-1,47.56,0.05
12120,7230,160,2,114.6,0.1
12121,7231,103,4,48.31,0.05
12122,7232,7,1,270.15,0.05
12123,7232,54,1,112.18,0.0
12124,7233,25,3,40.01,0.0
12125,7233,107,3,357.0,0.0
12126,7234,32,1,348.78,0.1
12127,7234,126,3,474.27,0.0
12128,7235,138,3,48.9,0.1
12129,7235,102,1,45.25,0.0
12130,7236,7,4,265.86,0.05
12131,7236,127,1,26.97,0.0
12132,7237,59,1,88.0,0.0
12133,7237,58,1,49.8,0.15
12134,7238,87,3,147.41,0.0
12135,7239,9,5,43.65,0.0
12136,7240,90,1,105.46,0.15
12137,7240,94,1,47.38,0.1
12138,7241,104,3,30.95,0.1
12139,7242,4,1,261.72,0.0
12140,7243,106,1,93.0,0.0
12141,7244,48,1,168.31,0.0
12142,7244,66,1,220.3,0.05
12143,7245,54,1,112.49,0.0
12144,7246,44,2,48.66,0.1
12145,7246,106,2,92.76,0.1
12146,7247,74,1,265.11,0.15
12147,7248,99,1,65.79,0.0
12148,7248,153,1,35.46,0.05
12149,7249,62,1,56.14,0.0
12150,7250,30,1,49.4,0.1
12151,7250,62,1,54.35,0.05
12152,7251,94,3,49.23,0.1
12153,7251,147,1,21.83,0.05
12154,7252,74,1,269.0,0.0
12155,7253,86,1,40.74,0.1
12156,7254,138,1,49.03,0.1
12157,7255,86,1,40.54,0.05
12158,7255,150,3,83.85,0.0
12159,7256,43,2,57.72,0.1
12160,7257,48,4,167.49,0.0
12161,7257,18,1,84.79,0.0
12162,7257,132,1,67.63,0.15
12163,7257,119,4,179.55,0.0
12164,7258,133,4,25.22,0.1
12165,7259,11,4,42.84,0.15
12166,7259,85,2,31.29,0.0
12167,7260,62,1,54.5,0.0
12168,7260,107,1,348.39,0.05
12169,7260,7,1,266.02,0.0
12170,7260,82,1,87.56,0.0
12171,7261,33,3,63.26,0.0
12172,7262,82,2,91.64,0.15
12173,7262,69,1,87.89,0.0
12174,7263,52,1,46.19,0.0
12175,7263,9,1,42.2,0.0
12176,7263,160,2,117.74,0.15
12177,7263,22,3,52.65,0.15
12178,7264,101,1,18.22,0.15
12179,7265,82,1,90.13,0.1
12180,7266,3,2,118.07,0.0
12181,7266,60,1,153.81,0.0
12182,7267,104,-1,31.48,0.15
12183,7268,89,4,39.5,0.0
12184,7268,158,2,98.19,0.0
12185,7269,122,1,28.67,0.15
12186,7270,14,1,11.82,0.0
12187,7270,90,1,101.04,0.05
12188,7270,120,1,128.03,0.1
12189,7271,26,4,71.23,0.0
12190,7272,83,2,246.05,0.1
12191,7273,148,1,19.63,0.0
12192,7274,121,3,129.34,0.05
12193,7274,60,1,155.29,0.0
12194,7275,45,4,17.54,0.1
12195,7275,51,4,88.63,0.0
12196,7276,153,1,34.41,0.0
12197,7277,24,2,18.29,0.0
12198,7277,59,1,88.39,0.0
12199,7278,115,2,55.29,0.0
12200,7279,104,1,30.79,0.1
12201,7280,18,2,88.16,0.05
12202,7280,131,1,15.98,0.0
12203,7281,120,1,126.9,0.05
12204,7281,17,1,26.51,0.15
12205,7281,117,4,61.72,0.0
12206,7282,138,1,48.49,0.15
12207,7283,3,1,118.64,0.0
12208,7284,54,4,113.23,0.0
12209,7285,97,1,87.03,0.0
12210,7286,75,1,6.24,0.0
12211,7286,56,2,152.34,0.0
12212,7286,85,1,31.04,0.0
12213,7287,142,1,211.96,0.1
12214,7287,32,2,342.39,0.15
12215,7287,4,3,259.83,0.0
12216,7288,23,3,68.26,0.0
12217,7289,26,4,70.74,0.1
12218,7289,141,4,79.32,0.1
12219,7290,117,2,62.02,0.0
12220,7291,103,1,47.47,0.05
12221,7291,79,2,70.12,0.0
12222,7291,92,1,153.65,0.15
12223,7292,89,2,39.61,0.0
12224,7292,83,2,248.15,0.15
12225,7293,86,1,40.55,0.1
12226,7293,68,2,156.77,0.0
12227,7293,117,1,61.87,0.0
12228,7293,127,5,27.25,0.0
12229,7294,99,5,64.44,0.0
12230,7294,106,5,92.08,0.1
12231,7294,56,3,151.85,0.0
12232,7295,140,1,21.35,0.0
12233,7295,10,1,108.5,0.0
12234,7295,39,3,19.58,0.0
12235,7296,10,3,103.34,0.0
12236,7296,18,2,86.0,0.1
12237,7297,54,4,110.65,0.0
12238,7298,131,2,16.06,0.0
12239,7298,7,1,272.03,0.1
12240,7299,115,1,55.55,0.15
12241,7299,128,3,38.08,0.15
12242,7300,59,1,85.37,0.0
12243,7300,126,1,463.32,0.0
12244,7300,133,1,24.92,0.05
12245,7301,3,3,117.95,0.0
12246,7301,33,1,64.05,0.15
12247,7302,55,3,162.66,0.05
12248,7303,38,1,11.2,0.05
12249,7304,95,4,44.78,0.0
12250,7305,125,1,108.12,0.0
12251,7306,60,1,154.7,0.05
12252,7306,49,2,86.46,0.05
12253,7306,139,1,137.36,0.1
12254,7306,85,2,31.96,0.0
12255,7307,126,2,471.99,0.0
12256,7308,33,2,65.87,0.0
12257,7309,123,4,233.43,0.0
12258,7309,157,1,355.24,0.1
12259,7310,82,4,91.36,0.0
12260,7310,30,1,49.31,0.05
12261,7311,156,2,34.06,0.0
12262,7312,145,1,83.62,0.05
12263,7313,146,4,133.32,0.0
12264,7314,150,1,83.38,0.0
12265,7315,61,3,42.96,0.15
12266,7316,8,1,129.07,0.0
12267,7317,75,2,6.26,0.0
12268,7317,28,3,93.01,0.0
12269,7317,42,1,73.94,0.15
12270,7317,33,1,65.7,0.0
12271,7318,62,5,54.77,0.0
12272,7318,143,2,15.07,0.05
12273,7318,108,4,76.07,0.1
12274,7319,133,1,24.57,0.15
12275,7319,66,4,226.0,0.0
12276,7319,63,1,24.25,0.15
12277,7320,64,1,22.38,0.05
12278,7320,131,1,16.32,0.1
12279,7320,11,2,43.58,0.15
12280,7321,136,1,268.2,0.15
12281,7321,83,1,249.45,0.1
12282,7321,159,2,22.35,0.1
12283,7322,78,1,50.06,0.05
12284,7323,142,1,206.16,0.0
12285,7324,9,1,43.34,0.1
12286,7324,52,3,45.59,0.05
12287,7325,1,4,103.46,0.15
12288,7326,29,1,37.19,0.05
12289,7326,73,1,61.61,0.1
12290,7327,7,1,273.96,0.0
12291,7328,41,2,127.09,0.0
12292,7329,94,1,49.5,0.15
12293,7329,9,1,42.63,0.05
12294,7329,2,3,58.09,0.1
12295,7330,4,1,252.04,0.0
12296,7330,33,1,63.47,0.0
12297,7331,96,1,17.54,0.0
12298,7332,115,2,54.22,0.0
12299,7332,112,3,62.91,0.0
12300,7332,64,3,22.57,0.0
12301,7333,155,1,85.42,0.0
12302,7334,27,1,22.99,0.0
12303,7334,71,1,90.45,0.1
12304,7334,128,1,39.29,0.1
12305,7334,45,1,17.37,0.05
12306,7335,72,1,256.01,0.0
12307,7336,12,1,43.22,0.1
12308,7337,66,1,215.43,0.0
12309,7338,51,2,87.63,0.1
12310,7339,44,3,49.34,0.05
12311,7339,121,3,130.98,0.1
12312,7339,59,2,88.76,0.0
12313,7340,159,4,22.53,0.05
12314,7340,99,2,65.69,0.0
12315,7340,1,2,104.1,0.15
12316,7340,55,1,166.23,0.05
12317,7341,5,1,52.58,0.1
12318,7342,47,1,42.27,0.05
12319,7342,37,3,80.34,0.05
12320,7343,87,1,145.34,0.0
12321,7344,36,2,21.59,0.0
12322,7345,118,1,22.65,0.15
12323,7346,87,3,150.99,0.05
12324,7346,71,2,90.99,0.15
12325,7347,47,2,43.4,0.0
12326,7348,31,1,37.74,0.1
12327,7348,120,1,126.4,0.0
12328,7349,14,4,11.79,0.0
12329,7349,58,1,48.28,0.1
12330,7349,67,2,62.21,0.15
12331,7350,116,2,86.73,0.0
12332,7351,83,1,249.27,0.0
12333,7352,117,2,62.18,0.0
12334,7353,115,1,55.27,0.0
12335,7354,132,3,68.19,0.0
12336,7354,142,3,212.63,0.15
12337,7355,49,2,86.38,0.15
12338,7356,10,4,108.29,0.1
12339,7356,100,1,52.39,0.0
12340,7356,39,1,19.17,0.05
12341,7357,128,1,39.1,0.0
12342,7357,99,2,65.35,0.0
12343,7357,101,4,18.02,0.1
12344,7358,88,2,86.04,0.0
12345,7358,25,1,39.75,0.0
12346,7359,128,2,38.91,0.0
12347,7360,1,1,103.74,0.0
12348,7360,36,1,22.14,0.0
12349,7361,156,2,34.9,0.05
12350,7362,61,1,42.85,0.0
12351,7363,115,2,55.7,0.1
12352,7364,14,1,11.44,0.05
12353,7365,138,3,49.53,0.15
12354,7366,16,1,40.15,0.0
12355,7367,37,1,79.95,0.0
12356,7368,115,1,53.8,0.05
12357,7368,160,4,118.93,0.0
12358,7369,150,3,85.03,0.0
12359,7369,82,1,87.54,0.0
12360,7370,81,2,53.24,0.15
12361,7371,81,1,52.92,0.0
12362,7372,27,1,23.1,0.05
12363,7373,6,1,52.4,0.15
12364,7374,119,3,178.23,0.0
12365,7375,74,1,270.29,0.05
12366,7375,125,3,107.86,0.1
12367,7376,128,2,39.53,0.15
12368,7376,39,2,19.83,0.05
12369,7376,127,1,26.44,0.0
12370,7376,123,5,230.32,0.0
12371,7377,142,2,205.77,0.05
12372,7378,138,1,47.5,0.0
12373,7379,146,1,133.81,0.0
12374,7380,103,4,47.47,0.15
12375,7380,117,1,62.03,0.0
12376,7381,77,2,69.58,0.0
12377,7381,9,1,41.59,0.0
12378,7382,151,1,82.73,0.0
12379,7382,97,4,83.57,0.0
12380,7382,100,5,52.45,0.0
12381,7382,52,1,45.64,0.15
12382,7383,96,2,17.19,0.0
12383,7383,107,3,347.23,0.1
12384,7383,21,1,238.41,0.0
12385,7384,112,2,64.59,0.1
12386,7384,150,1,85.93,0.0
12387,7384,144,2,77.32,0.0
12388,7385,6,1,52.23,0.0
12389,7385,20,4,18.02,0.0
12390,7386,68,3,164.39,0.05
12391,7387,91,4,70.29,0.05
12392,7388,64,1,21.75,0.0
12393,7388,18,2,87.08,0.15
12394,7388,68,1,157.21,0.0
12395,7389,25,1,39.2,0.0
12396,7390,105,4,57.43,0.0
12397,7391,110,1,61.3,0.05
12398,7392,56,5,148.55,0.15
12399,7393,92,1,151.64,0.0
12400,7394,85,4,31.98,0.1
12401,7394,24,3,18.28,0.0
12402,7395,151,1,83.54,0.0
12403,7395,42,2,75.89,0.0
12404,7396,77,3,71.38,0.0
12405,7396,92,1,152.57,0.05
12406,7396,5,1,53.15,0.05
12407,7397,114,2,596.36,0.1
12408,7398,88,1,85.39,0.05
12409,7398,4,1,250.31,0.15
12410,7399,108,1,76.81,0.0
12411,7399,100,2,51.45,0.0
12412,7399,101,1,18.22,0.0
12413,7399,50,2,13.54,0.1
12414,7400,93,2,34.91,0.0
12415,7401,15,3,13.87,0.0
12416,7401,53,1,35.02,0.15
12417,7402,151,1,81.66,0.05
12418,7402,144,5,77.25,0.0
12419,7403,51,2,85.15,0.15
12420,7403,129,1,71.44,0.15
12421,7404,57,1,31.07,0.1
12422,7405,63,1,24.23,0.0
12423,7406,18,1,87.03,0.0
12424,7407,77,1,72.06,0.1
12425,7408,103,3,48.09,0.05
12426,7409,35,1,139.24,0.0
12427,7409,133,2,24.96,0.15
12428,7409,94,2,47.6,0.15
12429,7410,69,2,89.38,0.0
12430,7411,68,2,157.41,0.0
12431,7411,126,1,455.49,0.0
12432,7412,74,1,271.34,0.0
12433,7413,24,2,18.48,0.1
12434,7413,137,1,31.89,0.1
12435,7414,102,1,44.68,0.1
12436,7415,12,1,43.67,0.0
12437,7416,102,1,43.46,0.0
12438,7417,58,1,48.83,0.1
12439,7418,22,5,51.9,0.0
12440,7418,32,3,349.61,0.05
12441,7419,119,3,186.28,0.0
12442,7419,150,2,85.86,0.15
12443,7420,18,1,88.42,0.0
12444,7421,79,2,71.06,0.15
12445,7422,158,1,99.03,0.05
12446,7423,78,1,50.0,0.0
12447,7423,151,1,82.52,0.0
12448,7424,151,1,82.27,0.0
12449,7424,154,1,81.22,0.0
12450,7424,62,1,55.01,0.0
12451,7425,58,1,48.83,0.0
12452,7425,4,3,258.77,0.0
12453,7426,21,1,238.81,0.05
12454,7427,12,2,42.91,0.05
12455,7428,123,1,235.37,0.0
12456,7428,75,1,6.15,0.05
12457,7428,30,1,48.75,0.0
12458,7429,66,1,223.33,0.0
12459,7429,7,2,266.89,0.0
12460,7429,157,1,348.1,0.15
12461,7430,64,3,22.29,0.0
12462,7430,142,2,211.67,0.05
12463,7431,6,2,52.04,0.15
12464,7431,107,5,361.32,0.1
12465,7431,134,2,102.13,0.05
12466,7432,103,3,47.48,0.1
12467,7432,155,1,86.47,0.0
12468,7433,28,1,92.75,0.0
12469,7434,111,4,11.66,0.0
12470,7435,116,1,85.99,0.1
12471,7436,20,2,17.88,0.0
12472,7437,52,2,45.9,0.0
12473,7437,19,2,28.38,0.15
12474,7438,83,5,245.01,0.0
12475,7439,46,1,34.83,0.0
12476,7440,135,1,28.05,0.0
12477,7440,44,2,50.54,0.0
12478,7440,11,-1,42.42,0.05
12479,7441,5,1,52.0,0.05
12480,7442,77,1,69.65,0.05
12481,7442,24,1,17.9,0.0
12482,7443,83,2,247.88,0.0
12483,7443,42,1,75.66,0.05
12484,7444,64,3,22.19,0.0
12485,7445,152,5,90.8,0.1
12486,7446,79,1,70.09,0.0
12487,7447,73,1,64.02,0.0
12488,7448,115,2,56.01,0.0
12489,7448,51,1,88.32,0.0
12490,7449,101,3,18.16,0.0
12491,7449,34,1,24.86,0.0
12492,7449,114,1,608.5,0.0
12493,7450,30,2,50.11,0.1
12494,7451,55,1,160.62,0.15
12495,7451,46,2,34.12,0.15
12496,7452,50,2,13.16,0.1
12497,7452,128,2,39.6,0.1
12498,7452,3,1,113.55,0.0
12499,7452,4,1,253.52,0.05
12500,7453,22,2,51.95,0.0
12501,7453,54,2,114.2,0.05
12502,7453,9,1,43.43,0.1
12503,7453,138,2,49.86,0.0
12504,7454,93,2,34.87,0.0
12505,7454,61,2,42.22,0.0
12506,7455,127,1,26.58,0.1
12507,7455,105,1,55.59,0.1
12508,7455,47,3,42.47,0.05
12509,7456,61,4,43.06,0.1
12510,7457,127,2,27.05,0.15
12511,7458,30,2,50.89,0.0
12512,7458,53,2,34.53,0.15
12513,7458,157,1,356.04,0.05
12514,7459,90,3,102.03,0.0
12515,7460,67,1,60.94,0.05
12516,7460,122,3,28.47,0.0
12517,7460,62,1,56.32,0.0
12518,7461,19,1,28.95,0.0
12519,7461,77,1,69.68,0.05
12520,7462,98,2,84.04,0.0
12521,7463,96,1,17.13,0.0
12522,7463,152,1,90.3,0.05
12523,7464,77,1,71.25,0.0
12524,7465,158,4,99.79,0.0
12525,7465,115,3,53.59,0.0
12526,7465,95,1,44.82,0.0
12527,7466,8,1,131.13,0.0
12528,7466,63,2,23.59,0.0
12529,7466,160,2,118.24,0.05
12530,7467,24,2,18.14,0.0
12531,7468,81,1,53.08,0.1
12532,7469,9,2,42.98,0.15
12533,7470,77,1,69.8,0.0
12534,7471,14,4,11.46,0.0
12535,7471,47,3,43.86,0.0
12536,7471,102,-2,45.1,0.1
12537,7472,93,2,33.84,0.1
12538,7472,29,1,37.8,0.1
12539,7472,99,1,64.18,0.0
12540,7473,116,2,85.72,0.0
12541,7473,3,4,113.94,0.0
12542,7474,126,2,467.26,0.0
12543,7474,100,1,53.68,0.0
12544,7474,53,2,35.08,0.05
12545,7475,61,1,42.91,0.1
12546,7476,64,1,22.11,0.0
12547,7476,50,2,13.52,0.05
12548,7477,13,1,81.53,0.1
12549,7477,118,1,22.82,0.0
12550,7478,139,1,137.18,0.1
12551,7479,50,1,13.32,0.05
12552,7480,139,1,136.28,0.05
12553,7480,90,1,101.61,0.0
12554,7480,48,4,166.67,0.0
12555,7481,54,1,111.35,0.05
12556,7481,59,2,89.32,0.15
12557,7482,155,1,84.72,0.0
12558,7483,71,1,90.06,0.0
12559,7483,123,4,224.75,0.0
12560,7484,151,2,80.68,0.0
12561,7485,87,1,149.83,0.1
12562,7485,108,2,76.96,0.15
12563,7485,101,5,18.27,0.0
12564,7486,66,2,225.0,0.0
12565,7486,50,1,13.01,0.0
12566,7486,43,1,59.1,0.0
12567,7487,123,2,232.04,0.05
12568,7488,31,3,38.43,0.0
12569,7489,78,1,49.79,0.05
12570,7490,136,1,267.62,0.1
12571,7491,62,1,55.73,0.0
12572,7492,121,1,132.05,0.05
12573,7493,99,1,65.04,0.0
12574,7494,153,1,34.92,0.0
12575,7494,26,1,70.06,0.05
12576,7495,134,1,99.59,0.05
12577,7496,136,3,266.04,0.0
12578,7497,120,1,129.94,0.05
12579,7498,100,1,52.72,0.15
12580,7499,3,1,117.74,0.0
12581,7500,68,1,163.82,0.05
12582,7501,12,-2,42.31,0.0
12583,7502,20,1,18.06,0.0
12584,7502,23,1,68.78,0.15
12585,7502,91,2,69.47,0.05
12586,7503,86,2,42.38,0.0
12587,7504,118,2,23.03,0.0
12588,7505,66,1,225.58,0.0
12589,7506,100,1,53.54,0.05
12590,7506,140,1,21.97,0.1
12591,7506,54,4,112.08,0.0
12592,7507,44,2,48.43,0.0
12593,7507,62,1,54.55,0.1
12594,7508,131,1,16.41,0.05
12595,7509,66,1,223.13,0.0
12596,7509,59,1,87.18,0.15
12597,7510,58,2,49.26,0.0
12598,7510,39,4,19.66,0.1
12599,7511,147,1,21.48,0.0
12600,7512,36,2,21.3,0.0
12601,7512,100,1,53.18,0.0
12602,7512,131,2,16.37,0.0
12603,7513,54,1,112.64,0.0
12604,7514,100,1,53.68,0.05
12605,7515,144,1,75.12,0.0
12606,7516,7,1,275.37,0.05
12607,7517,53,1,36.07,0.0
12608,7517,136,3,265.05,0.0
12609,7518,83,1,250.95,0.1
12610,7518,5,1,51.64,0.0
12611,7519,160,1,115.07,0.0
12612,7520,86,1,41.73,0.1
12613,7521,22,2,52.87,0.0
12614,7522,108,3,77.18,0.15
12615,7523,57,2,30.26,0.05
12616,7524,90,1,101.72,0.1
12617,7525,12,1,43.81,0.0
12618,7526,83,1,239.74,0.15
12619,7527,30,2,50.25,0.0
12620,7528,140,2,22.02,0.1
12621,7529,99,1,66.31,0.1
12622,7530,27,1,23.59,0.1
12623,7531,147,1,21.73,0.0
12624,7531,153,1,34.44,0.05
12625,7532,78,4,50.8,0.15
12626,7532,5,1,52.22,0.05
12627,7533,44,1,50.06,0.15
12628,7533,3,2,117.42,0.0
12629,7534,17,2,26.45,0.15
12630,7534,22,2,52.34,0.0
12631,7534,19,1,28.1,0.15
12632,7535,36,2,21.24,0.0
12633,7536,141,2,81.08,0.1
12634,7537,50,2,13.56,0.0
12635,7538,57,3,31.05,0.0
12636,7539,144,1,78.22,0.1
12637,7540,51,1,87.32,0.0
12638,7541,121,2,129.57,0.0
12639,7541,157,2,354.54,0.1
12640,7541,102,1,45.09,0.0
12641,7542,2,3,56.33,0.1
12642,7543,102,5,44.42,0.15
12643,7543,46,1,34.25,0.1
12644,7543,92,1,151.69,0.0
12645,7544,88,4,88.55,0.0
12646,7544,108,4,74.98,0.15
12647,7544,135,2,28.03,0.0
12648,7545,43,1,57.66,0.0
12649,7546,155,1,83.13,0.1
12650,7546,136,4,256.48,0.0
12651,7547,2,1,57.87,0.15
12652,7548,79,1,72.17,0.15
12653,7549,82,2,91.13,0.0
12654,7549,91,1,72.17,0.1
12655,7550,93,1,34.74,0.0
12656,7550,7,1,264.5,0.0
12657,7551,141,2,81.48,0.0
12658,7552,12,1,42.44,0.0
12659,7552,123,1,229.92,0.1
12660,7552,138,4,47.68,0.15
12661,7553,100,1,53.41,0.15
12662,7554,105,2,56.18,0.1
12663,7554,28,1,91.43,0.0
12664,7554,3,1,116.65,0.0
12665,7555,22,3,53.53,0.0
12666,7555,93,1,33.89,0.15
12667,7556,1,4,99.8,0.0
12668,7556,148,1,19.95,0.0
12669,7557,155,1,83.04,0.05
12670,7558,144,3,78.46,0.1
12671,7558,120,1,125.68,0.1
12672,7559,4,3,257.74,0.0
12673,7560,46,1,34.58,0.05
12674,7561,142,1,214.22,0.15
12675,7561,131,3,16.15,0.15
12676,7562,113,1,70.11,0.15
12677,7563,128,2,39.13,0.15
12678,7564,106,2,93.87,0.0
12679,7564,116,1,84.96,0.15
12680,7564,24,2,17.98,0.0
12681,7565,94,3,47.94,0.0
12682,7566,142,1,211.66,0.05
12683,7567,80,1,10.65,0.0
12684,7568,79,1,71.65,0.0
12685,7568,82,1,89.77,0.0
12686,7569,70,1,35.63,0.0
12687,7570,11,1,42.74,0.1
12688,7571,105,4,56.7,0.05
12689,7571,85,1,31.37,0.1
12690,7572,42,1,76.29,0.0
12691,7572,54,2,114.06,0.0
12692,7572,143,2,15.2,0.0
12693,7573,148,2,19.83,0.15
12694,7574,39,4,20.12,0.1
12695,7574,9,2,42.59,0.05
12696,7574,24,2,18.36,0.0
12697,7575,21,1,245.28,0.1
12698,7576,66,1,222.08,0.0
12699,7577,133,2,25.13,0.0
12700,7578,115,2,55.55,0.0
12701,7579,123,2,227.24,0.0
12702,7579,120,-3,126.46,0.0
12703,7580,117,2,64.1,0.0
12704,7580,156,1,33.95,0.1
12705,7580,66,2,222.91,0.0
12706,7581,43,2,58.84,0.0
12707,7582,43,5,57.58,0.1
12708,7583,131,1,16.39,0.0
12709,7583,138,1,48.04,0.0
12710,7584,135,1,27.83,0.0
12711,7584,126,1,476.6,0.15
12712,7584,45,1,17.6,0.1
12713,7585,128,1,39.17,0.0
12714,7585,70,1,35.68,0.15
12715,7586,116,1,83.84,0.15
12716,7587,129,1,72.93,0.1
12717,7587,56,1,148.94,0.0
12718,7587,148,2,19.89,0.0
12719,7588,131,4,16.07,0.0
12720,7588,36,1,21.59,0.1
12721,7588,5,1,51.79,0.05
12722,7589,73,1,61.6,0.0
12723,7589,64,2,22.06,0.1
12724,7589,51,1,85.34,0.0
12725,7590,35,4,135.41,0.0
12726,7591,98,1,82.2,0.0
12727,7591,56,1,152.0,0.0
12728,7592,104,1,30.78,0.15
12729,7593,149,2,106.01,0.0
12730,7593,3,1,116.12,0.1
12731,7593,120,1,129.23,0.05
12732,7594,134,1,97.68,0.15
12733,7594,147,1,21.24,0.0
12734,7595,140,-1,21.94,0.1
12735,7596,110,5,59.73,0.0
12736,7597,38,2,11.28,0.0
12737,7598,56,1,150.87,0.1
12738,7598,44,3,49.23,0.05
12739,7599,130,4,40.55,0.15
12740,7600,45,4,17.48,0.1
12741,7601,38,1,11.15,0.1
12742,7601,103,1,47.35,0.0
12743,7602,155,1,86.59,0.15
12744,7603,48,1,170.75,0.05
12745,7603,36,2,21.82,0.1
12746,7604,109,1,81.01,0.05
12747,7605,4,3,249.99,0.1
12748,7605,104,1,31.51,0.15
12749,7606,64,1,21.95,0.05
12750,7607,76,2,134.22,0.0
12751,7608,141,3,78.19,0.1
12752,7609,91,1,70.89,0.0
12753,7610,2,1,56.06,0.15
12754,7611,68,3,160.87,0.0
12755,7611,160,1,119.54,0.15
12756,7612,85,3,32.08,0.05
12757,7613,68,3,158.18,0.15
12758,7614,14,1,11.41,0.0
12759,7614,41,1,123.92,0.1
12760,7615,156,3,34.06,0.1
12761,7615,35,1,138.4,0.05
12762,7616,153,2,35.53,0.15
12763,7617,64,2,22.41,0.0
12764,7618,79,3,68.85,0.1
12765,7619,2,1,56.47,0.15
12766,7620,159,3,22.22,0.0
12767,7621,84,4,40.37,0.0
12768,7622,53,2,34.6,0.05
12769,7622,11,2,42.4,0.05
12770,7623,75,3,6.02,0.1
12771,7624,61,1,41.72,0.05
12772,7624,10,3,107.99,0.0
12773,7624,140,2,21.59,0.05
12774,7625,157,1,345.6,0.1
12775,7625,42,1,75.76,0.1
12776,7626,128,1,38.57,0.0
12777,7627,120,1,129.47,0.15
12778,7627,30,2,49.22,0.0
12779,7627,124,1,18.07,0.0
12780,7627,119,1,179.65,0.15
12781,7628,65,2,136.88,0.15
12782,7629,136,1,259.88,0.1
12783,7629,59,1,88.77,0.0
12784,7630,77,1,71.71,0.15
12785,7630,68,4,157.59,0.0
12786,7630,10,1,107.05,0.0
12787,7631,74,3,267.06,0.1
12788,7631,134,1,100.08,0.0
12789,7631,16,2,39.98,0.1
12790,7632,50,1,13.1,0.15
12791,7632,34,4,25.07,0.0
12792,7633,117,1,62.5,0.0
12793,7633,70,1,36.54,0.0
12794,7634,19,1,28.98,0.0
12795,7634,93,1,33.75,0.05
12796,7635,61,2,41.97,0.15
12797,7635,72,2,265.47,0.0
12798,7635,37,1,78.92,0.15
12799,7636,62,1,55.48,0.05
12800,7637,96,1,17.18,0.1
12801,7637,61,1,41.32,0.0
12802,7638,75,3,6.07,0.05
12803,7638,155,2,85.88,0.05
12804,7638,13,1,82.66,0.1
12805,7639,46,1,34.16,0.05
12806,7640,52,1,45.4,0.05
12807,7640,26,2,72.36,0.0
12808,7640,42,1,75.55,0.0
12809,7641,140,1,20.97,0.0
12810,7641,158,1,98.71,0.05
12811,7642,47,1,43.42,0.0
12812,7643,8,1,126.65,0.0
12813,7643,156,1,34.62,0.0
12814,7644,50,-1,12.98,0.05
12815,7644,17,1,25.87,0.15
12816,7645,103,2,48.54,0.15
12817,7646,92,1,154.3,0.15
12818,7647,26,1,71.29,0.0
12819,7647,47,1,44.04,0.0
12820,7647,148,2,19.85,0.0
12821,7648,38,1,11.35,0.0
12822,7649,21,4,242.91,0.1
12823,7649,16,1,38.59,0.0
12824,7649,73,1,62.13,0.0
12825,7650,160,1,117.62,0.0
12826,7650,91,1,71.8,0.0
12827,7651,56,1,151.69,0.15
12828,7652,60,1,159.12,0.1
12829,7652,46,1,34.68,0.0
12830,7652,142,2,207.05,0.05
12831,7653,88,2,86.6,0.1
12832,7654,159,1,22.44,0.0
12833,7655,29,1,38.19,0.0
12834,7655,15,1,14.11,0.15
12835,7656,87,1,151.55,0.1
12836,7656,18,1,86.38,0.0
12837,7657,158,3,100.09,0.0
12838,7657,126,1,477.56,0.0
12839,7657,147,2,21.11,0.0
12840,7657,76,1,134.12,0.05
12841,7658,19,1,29.2,0.0
12842,7659,9,1,43.64,0.15
12843,7659,14,2,11.55,0.0
12844,7660,66,2,215.44,0.0
12845,7661,125,2,111.5,0.0
12846,7661,45,1,17.39,0.0
12847,7662,125,1,112.56,0.0
12848,7662,93,1,34.57,0.15
12849,7662,111,1,11.29,0.1
12850,7662,134,1,99.21,0.0
12851,7663,72,1,254.78,0.05
12852,7664,54,3,111.96,0.15
12853,7665,146,1,131.31,0.05
12854,7665,105,2,57.0,0.0
12855,7666,159,4,22.62,0.0
12856,7666,145,1,82.58,0.15
12857,7666,1,2,99.46,0.05
12858,7667,28,1,89.99,0.15
12859,7667,15,5,13.91,0.0
12860,7667,81,4,51.99,0.1
12861,7667,110,2,61.37,0.15
12862,7668,112,1,62.51,0.05
12863,7668,19,4,28.72,0.0
12864,7668,25,2,39.99,0.0
12865,7669,96,3,17.44,0.0
12866,7670,62,2,56.26,0.0
12867,7670,149,1,105.8,0.0
12868,7670,129,2,70.25,0.0
12869,7671,21,1,237.1,0.1
12870,7671,63,4,24.25,0.0
12871,7671,41,3,124.54,0.0
12872,7672,107,1,349.78,0.0
12873,7673,70,2,35.52,0.05
12874,7674,38,2,11.2,0.15
12875,7675,96,1,17.62,0.1
12876,7675,27,1,23.08,0.15
12877,7676,149,1,103.56,0.15
12878,7676,126,1,473.07,0.05
12879,7676,40,2,78.78,0.0
12880,7677,106,1,95.41,0.0
12881,7677,74,2,259.35,0.05
12882,7678,136,3,256.83,0.15
12883,7679,30,1,50.85,0.0
12884,7679,35,4,136.55,0.1
12885,7679,114,4,582.95,0.15
12886,7680,70,1,36.49,0.0
12887,7681,46,1,33.86,0.0
12888,7681,21,1,247.68,0.0
12889,7682,132,1,70.28,0.0
12890,7683,7,2,268.86,0.1
12891,7684,153,1,35.31,0.05
12892,7684,82,2,89.08,0.05
12893,7685,127,4,26.21,0.0
12894,7685,102,3,44.13,0.1
12895,7685,126,1,477.11,0.0
12896,7686,38,3,11.09,0.05
12897,7687,26,2,71.27,0.1
12898,7687,14,2,11.38,0.0
12899,7687,126,2,455.92,0.0
12900,7688,28,1,91.37,0.05
12901,7689,133,2,25.06,0.1
12902,7690,138,1,47.92,0.0
12903,7690,73,1,64.02,0.0
12904,7691,92,1,152.98,0.1
12905,7691,119,-5,178.34,0.05
12906,7691,120,2,128.39,0.15
12907,7692,23,1,68.08,0.0
12908,7693,57,2,29.88,0.0
12909,7693,22,1,53.55,0.1
12910,7694,16,1,39.73,0.0
12911,7695,141,-1,81.22,0.15
12912,7695,128,2,38.4,0.0
12913,7696,92,1,151.55,0.0
12914,7696,118,1,23.18,0.1
12915,7696,151,1,82.58,0.0
12916,7697,99,1,64.39,0.15
12917,7698,77,1,69.97,0.0
12918,7699,10,1,104.1,0.05
12919,7700,69,1,89.28,0.0
12920,7700,24,4,18.06,0.0
12921,7700,90,1,104.27,0.05
12922,7701,18,2,88.24,0.1
12923,7702,37,4,77.83,0.0
12924,7703,108,1,75.72,0.1
12925,7703,24,1,18.1,0.05
12926,7704,95,3,46.57,0.15
12927,7704,3,1,113.63,0.15
12928,7705,46,2,34.66,0.0
12929,7705,5,3,53.07,0.15
12930,7706,126,1,465.53,0.1
12931,7706,146,3,131.4,0.0
12932,7706,148,4,19.78,0.05
12933,7707,105,2,57.43,0.0
12934,7708,111,1,11.28,0.15
12935,7709,2,1,58.66,0.0
12936,7709,48,3,167.96,0.0
12937,7710,86,2,41.88,0.1
12938,7711,75,2,6.05,0.0
12939,7712,131,5,16.46,0.0
12940,7713,14,1,11.64,0.05
12941,7713,122,1,29.27,0.0
12942,7713,30,1,48.89,0.05
12943,7714,155,1,86.48,0.0
12944,7714,114,1,585.28,0.15
12945,7715,117,1,64.46,0.0
12946,7715,37,1,78.04,0.1
12947,7716,102,1,44.25,0.0
12948,7716,126,1,459.39,0.0
12949,7716,2,2,56.94,0.15
12950,7717,63,2,23.48,0.05
12951,7717,116,1,86.58,0.15
12952,7717,58,4,48.26,0.0
12953,7718,104,1,31.46,0.15
12954,7718,138,1,48.58,0.15
12955,7719,151,1,83.01,0.1
12956,7720,20,1,18.15,0.1
12957,7720,114,1,607.91,0.0
12958,7721,2,1,58.42,0.0
12959,7722,123,4,224.16,0.0
12960,7723,80,4,11.06,0.0
12961,7724,49,2,88.89,0.15
12962,7724,160,1,116.37,0.05
12963,7724,21,1,244.44,0.05
12964,7724,26,1,71.03,0.0
12965,7725,47,1,43.42,0.1
12966,7726,88,1,89.49,0.05
12967,7727,76,1,133.29,0.0
12968,7728,36,1,21.17,0.0
12969,7729,21,1,248.29,0.15
12970,7729,113,2,69.16,0.0
12971,7730,111,2,11.67,0.15
12972,7731,147,4,21.24,0.05
12973,7732,33,2,63.02,0.05
12974,7733,5,3,51.96,0.0
12975,7734,116,1,85.55,0.05
12976,7735,154,2,79.46,0.0
12977,7736,36,2,21.85,0.15
12978,7737,118,1,22.52,0.15
12979,7737,138,1,49.78,0.0
12980,7737,75,3,6.09,0.1
12981,7738,26,4,71.63,0.1
12982,7739,18,1,87.03,0.0
12983,7740,75,2,6.15,0.0
12984,7741,85,1,31.96,0.15
12985,7741,72,1,256.67,0.15
12986,7741,138,4,48.83,0.0
12987,7742,35,1,133.13,0.0
12988,7742,62,1,55.06,0.1
12989,7743,140,2,21.93,0.15
12990,7743,40,1,77.43,0.0
12991,7743,123,1,225.5,0.0
12992,7744,157,1,355.7,0.15
12993,7744,124,2,18.47,0.15
12994,7745,127,2,26.07,0.15
12995,7745,130,1,42.16,0.0
12996,7746,52,2,46.91,0.1
12997,7746,34,1,24.52,0.1
12998,7747,116,1,86.46,0.0
12999,7748,47,2,42.01,0.05
13000,7749,31,4,37.99,0.1
13001,7750,62,1,54.82,0.1
13002,7750,25,1,40.67,0.15
13003,7751,142,1,213.76,0.0
13004,7752,44,2,50.16,0.15
13005,7753,7,1,269.28,0.0
13006,7753,44,1,49.67,0.05
13007,7754,17,1,26.59,0.1
13008,7755,113,1,69.74,0.0
13009,7756,111,2,11.46,0.0
13010,7757,128,4,39.61,0.0
13011,7758,52,3,45.16,0.0
13012,7759,42,1,76.11,0.05
13013,7759,90,1,100.96,0.1
13014,7760,42,1,75.44,0.0
13015,7760,128,2,38.77,0.1
13016,7760,71,3,92.01,0.0
13017,7761,112,1,62.81,0.1
13018,7761,105,5,55.86,0.0
13019,7761,7,4,269.99,0.0
13020,7762,132,2,68.61,0.0
13021,7763,75,1,6.19,0.0
13022,7764,118,2,22.82,0.0
13023,7764,14,1,11.51,0.05
13024,7765,106,2,92.87,0.1
13025,7765,110,1,61.82,0.15
13026,7766,60,2,157.39,0.05
13027,7766,131,1,15.89,0.0
13028,7767,125,1,108.54,0.05
13029,7768,46,1,33.5,0.05
13030,7768,24,1,18.45,0.15
13031,7768,112,2,62.56,0.05
13032,7769,77,1,72.02,0.0
13033,7769,118,1,23.15,0.0
13034,7769,76,1,132.91,0.05
13035,7769,6,1,51.46,0.0
13036,7770,80,1,10.63,0.15
13037,7771,123,5,229.35,0.0
13038,7772,136,2,258.27,0.0
13039,7772,29,1,37.39,0.0
13040,7773,150,1,83.67,0.0
13041,7773,111,1,11.78,0.0
13042,7774,156,1,34.4,0.0
13043,7774,101,4,17.87,0.05
13044,7775,11,2,42.9,0.0
13045,7775,63,1,23.81,0.1
13046,7776,74,5,264.89,0.15
13047,7776,108,2,78.02,0.05
13048,7777,123,5,224.04,0.15
13049,7777,10,1,103.67,0.0
13050,7778,71,1,92.24,0.1
13051,7778,99,1,65.65,0.1
13052,7778,68,2,161.9,0.15
13053,7779,74,5,266.42,0.0
13054,7780,19,1,28.02,0.0
13055,7781,41,3,126.32,0.15
13056,7782,76,2,133.45,0.0
13057,7783,86,1,41.94,0.1
13058,7783,123,1,227.77,0.0
13059,7783,149,1,105.43,0.05
13060,7784,34,1,25.24,0.1
13061,7785,70,3,36.15,0.1
13062,7786,72,2,253.91,0.0
13063,7786,96,3,17.02,0.1
13064,7787,95,2,45.69,0.0
13065,7788,3,1,113.63,0.0
13066,7789,135,1,28.49,0.1
13067,7790,117,1,61.88,0.05
13068,7790,16,2,39.87,0.15
13069,7790,102,1,44.56,0.0
13070,7791,121,-1,132.27,0.0
13071,7792,109,1,82.27,0.1
13072,7792,144,3,76.77,0.0
13073,7793,3,1,118.65,0.0
13074,7794,101,2,18.61,0.0
13075,7795,143,1,15.13,0.0
13076,7796,94,2,47.32,0.0
13077,7797,43,1,57.77,0.0
13078,7797,64,1,22.58,0.0
13079,7797,57,1,30.38,0.0
13080,7798,130,1,41.27,0.15
13081,7798,21,4,247.74,0.15
13082,7798,126,1,466.29,0.05
13083,7799,129,4,71.28,0.0
13084,7799,84,1,41.53,0.0
13085,7799,117,2,62.6,0.0
13086,7800,155,1,86.7,0.0
13087,7800,78,1,49.98,0.0
13088,7801,119,4,184.83,0.15
13089,7801,48,3,164.95,0.0
13090,7801,17,5,26.01,0.1
13091,7802,135,1,28.93,0.1
13092,7802,160,2,114.95,0.0
13093,7803,78,1,49.99,0.0
13094,7804,131,2,16.12,0.1
13095,7804,79,2,69.17,0.1
13096,7805,16,4,38.89,0.0
13097,7806,78,2,49.77,0.05
13098,7807,52,1,46.36,0.05
13099,7808,106,1,92.13,0.0
13100,7809,141,3,79.08,0.0
13101,7809,6,2,53.28,0.0
13102,7809,109,1,82.62,0.15
13103,7810,96,1,17.67,0.15
13104,7810,28,2,89.39,0.0
13105,7811,52,1,44.91,0.0
13106,7812,121,1,133.8,0.0
13107,7812,94,2,48.33,0.0
13108,7813,81,2,52.77,0.0
13109,7814,66,2,220.16,0.0
13110,7815,14,1,11.78,0.0
13111,7816,119,2,182.67,0.15
13112,7817,88,1,85.82,0.0
13113,7818,149,1,102.34,0.1
13114,7819,118,1,22.15,0.0
13115,7820,114,2,586.06,0.0
13116,7821,98,1,83.46,0.0
13117,7822,93,2,35.33,0.15
13118,7822,77,1,70.19,0.0
13119,7823,130,1,41.63,0.0
13120,7823,4,1,256.32,0.0
13121,7824,33,5,62.83,0.05
13122,7825,85,1,31.3,0.0
13123,7825,15,1,13.64,0.1
13124,7826,58,1,48.39,0.05
13125,7826,95,1,45.64,0.0
13126,7827,157,1,342.56,0.15
13127,7828,136,2,267.64,0.05
13128,7829,77,2,68.73,0.0
13129,7829,95,1,45.53,0.15
13130,7830,55,3,165.79,0.15
13131,7830,127,1,26.09,0.05
13132,7831,134,2,100.18,0.0
13133,7831,65,2,136.54,0.1
13134,7832,16,1,38.96,0.0
13135,7833,85,1,31.51,0.15
13136,7834,126,1,475.94,0.05
13137,7834,57,3,31.29,0.0
13138,7834,39,2,20.01,0.05
13139,7834,160,1,115.78,0.1
13140,7835,128,3,39.81,0.0
13141,7835,131,1,16.48,0.15
13142,7835,84,1,40.9,0.15
13143,7835,141,1,78.99,0.0
13144,7836,101,1,18.4,0.0
13145,7837,147,1,20.91,0.1
13146,7837,119,3,182.21,0.0
13147,7838,60,1,156.45,0.05
13148,7839,39,4,19.48,0.15
13149,7840,124,3,18.46,0.15
13150,7841,102,1,45.1,0.0
13151,7842,129,5,70.91,0.15
13152,7842,145,2,81.14,0.0
13153,7843,46,1,34.6,0.15
13154,7843,139,1,132.42,0.0
13155,7844,23,1,69.66,0.0
13156,7845,26,1,72.34,0.15
13157,7846,22,2,52.56,0.0
13158,7847,24,1,18.33,0.0
13159,7848,159,4,21.77,0.05
13160,7849,101,1,18.13,0.0
13161,7849,64,1,21.8,0.0
13162,7850,39,1,19.45,0.1
13163,7851,159,1,22.51,0.15
13164,7852,75,1,6.19,0.1
13165,7853,11,1,43.8,0.15
13166,7854,103,1,46.54,0.0
13167,7855,9,2,41.57,0.0
13168,7855,141,1,79.83,0.0
13169,7856,153,2,35.58,0.0
13170,7857,25,1,40.48,0.0
13171,7857,84,1,40.87,0.15
13172,7858,40,1,77.2,0.0
13173,7858,125,1,108.8,0.1
13174,7859,4,1,256.82,0.0
13175,7859,79,1,71.15,0.05
13176,7860,36,2,22.15,0.0
13177,7861,34,3,25.18,0.0
13178,7862,55,2,164.81,0.15
13179,7863,126,3,462.52,0.1
13180,7864,41,1,129.03,0.0
13181,7865,101,3,18.48,0.15
13182,7865,120,1,126.79,0.05
13183,7865,126,3,471.21,0.05
13184,7866,55,1,160.51,0.15
13185,7866,97,4,84.7,0.0
13186,7867,72,1,263.78,0.1
13187,7868,109,4,83.69,0.1
13188,7869,56,2,153.65,0.0
13189,7870,62,1,53.96,0.05
13190,7870,107,1,356.9,0.0
13191,7871,107,1,348.23,0.0
13192,7872,48,4,166.01,0.05
13193,7872,45,4,17.0,0.15
13194,7873,142,2,212.06,0.15
13195,7874,5,3,54.01,0.1
13196,7874,71,1,88.76,0.0
13197,7874,113,1,67.54,0.1
13198,7875,142,2,207.93,0.0
13199,7875,9,3,42.94,0.05
13200,7875,19,1,29.39,0.05
13201,7876,149,2,106.02,0.0
13202,7877,158,1,101.15,0.1
13203,7878,67,1,60.49,0.0
13204,7879,23,1,68.23,0.0
13205,7880,24,1,18.01,0.1
13206,7880,58,4,48.3,0.0
13207,7881,152,1,89.27,0.15
13208,7881,103,1,47.74,0.0
13209,7882,158,1,99.22,0.0
13210,7882,7,1,266.82,0.0
13211,7883,115,1,55.67,0.0
13212,7883,14,2,11.62,0.0
13213,7883,46,1,34.68,0.15
13214,7884,81,1,54.15,0.1
13215,7885,34,1,24.81,0.15
13216,7885,154,2,80.52,0.0
13217,7885,87,3,148.02,0.0
13218,7886,59,2,88.86,0.05
13219,7887,57,1,30.4,0.0
13220,7887,27,2,22.62,0.0
13221,7888,103,1,48.27,0.0
13222,7889,16,2,39.99,0.0
13223,7889,124,1,18.28,0.0
13224,7890,99,4,65.33,0.15
13225,7890,75,1,6.19,0.0
13226,7890,57,3,30.66,0.0
13227,7890,133,1,24.66,0.1
13228,7891,61,2,41.59,0.05
13229,7891,158,1,100.9,0.0
13230,7892,55,1,162.72,0.0
13231,7892,97,2,85.06,0.15
13232,7893,112,2,63.56,0.15
13233,7894,19,2,28.9,0.0
13234,7894,56,1,150.41,0.05
13235,7894,26,1,73.16,0.0
13236,7895,12,1,42.23,0.15
13237,7896,24,1,17.78,0.0
13238,7896,17,1,26.34,0.0
13239,7896,53,2,34.76,0.1
13240,7896,94,3,47.44,0.05
13241,7897,131,3,16.01,0.0
13242,7897,136,5,257.57,0.0
13243,7897,137,1,32.63,0.0
13244,7898,24,4,18.24,0.05
13245,7899,153,3,35.54,0.15
13246,7900,19,1,29.03,0.15
13247,7901,7,1,274.15,0.0
13248,7901,39,4,20.15,0.0
13249,7901,136,1,263.0,0.15
13250,7902,127,1,26.23,0.05
13251,7903,2,1,56.33,0.1
13252,7904,149,1,103.91,0.0
13253,7905,53,4,35.35,0.0
13254,7906,49,2,89.61,0.15
13255,7906,117,2,62.59,0.0
13256,7906,35,1,136.48,0.0
13257,7907,22,1,53.69,0.0
13258,7907,55,1,167.25,0.0
13259,7908,95,2,46.7,0.0
13260,7909,95,1,45.53,0.0
13261,7909,137,1,32.9,0.0
13262,7909,20,1,18.39,0.05
13263,7910,143,1,15.13,0.15
13264,7910,89,1,41.36,0.05
13265,7910,151,1,80.16,0.0
13266,7911,16,1,39.25,0.05
13267,7912,5,1,51.62,0.05
13268,7913,26,1,70.76,0.0
13269,7914,8,-2,130.71,0.0
13270,7915,5,3,53.98,0.05
13271,7916,60,2,154.39,0.0
13272,7916,121,1,132.44,0.1
13273,7917,101,4,17.84,0.0
13274,7918,85,1,31.74,0.0
13275,7918,87,2,149.48,0.0
13276,7918,109,1,80.19,0.0
13277,7918,61,2,41.77,0.1
13278,7919,18,1,84.35,0.0
13279,7920,92,1,154.68,0.05
13280,7921,40,2,78.13,0.0
13281,7922,159,1,22.3,0.0
13282,7923,27,3,23.35,0.0
13283,7924,134,3,101.69,0.05
13284,7925,135,1,28.16,0.1
13285,7926,127,2,26.29,0.1
13286,7926,71,2,87.85,0.05
13287,7927,84,1,39.95,0.0
13288,7928,87,4,146.61,0.1
13289,7929,26,2,73.61,0.05
13290,7929,47,1,42.04,0.0
13291,7930,158,2,99.52,0.0
13292,7930,21,1,249.0,0.1
13293,7931,57,2,30.9,0.05
13294,7932,55,2,165.78,0.1
13295,7932,108,1,75.9,0.05
13296,7933,55,2,163.6,0.0
13297,7934,8,2,128.62,0.0
13298,7934,136,2,257.88,0.1
13299,7935,44,1,50.67,0.05
13300,7935,98,1,81.78,0.05
13301,7936,106,-1,93.26,0.05
13302,7937,56,1,149.47,0.0
13303,7937,124,3,18.5,0.05
13304,7937,120,1,126.05,0.05
13305,7938,102,1,44.77,0.1
13306,7939,136,1,264.91,0.15
13307,7940,160,1,118.71,0.15
13308,7941,19,4,28.55,0.0
13309,7942,77,3,71.15,0.05
13310,7942,136,1,257.75,0.0
13311,7943,138,3,48.46,0.15
13312,7944,102,4,43.72,0.1
13313,7944,10,1,106.46,0.0
13314,7945,94,4,48.45,0.15
13315,7946,73,3,63.71,0.05
13316,7946,38,1,10.92,0.0
13317,7947,113,1,69.03,0.1
13318,7948,52,4,45.6,0.1
13319,7948,149,1,101.56,0.1
13320,7948,139,1,136.74,0.05
13321,7948,76,1,138.96,0.1
13322,7949,43,3,58.65,0.0
13323,7949,36,1,21.6,0.0
13324,7949,64,1,22.36,0.15
13325,7950,74,1,270.72,0.0
13326,7951,72,1,253.77,0.0
13327,7952,70,2,36.04,0.0
13328,7953,80,4,11.01,0.0
13329,7954,92,1,156.25,0.0
13330,7955,104,1,31.49,0.0
13331,7956,94,3,48.44,0.05
13332,7957,105,1,57.43,0.1
13333,7957,146,2,134.25,0.0
13334,7957,45,2,16.83,0.0
13335,7958,19,1,29.08,0.1
13336,7959,150,1,84.92,0.1
13337,7960,145,1,82.28,0.0
13338,7961,58,1,50.18,0.15
13339,7962,20,1,18.02,0.05
13340,7963,7,2,265.31,0.1
13341,7963,135,5,28.76,0.0
13342,7963,83,2,242.61,0.0
13343,7964,65,3,134.84,0.0
13344,7964,79,2,69.65,0.0
13345,7965,27,1,23.03,0.15
13346,7965,130,2,42.34,0.1
13347,7966,22,2,53.63,0.05
13348,7967,25,3,40.74,0.0
13349,7968,143,1,14.99,0.0
13350,7968,9,2,42.56,0.1
13351,7968,122,4,28.02,0.15
13352,7969,126,3,474.62,0.0
13353,7969,31,1,37.46,0.15
13354,7969,12,1,42.13,0.0
13355,7970,150,4,84.56,0.0
13356,7971,126,1,465.65,0.1
13357,7971,21,5,243.67,0.05
13358,7972,87,2,150.84,0.15
13359,7973,58,1,49.55,0.05
13360,7973,132,1,69.85,0.1
13361,7974,86,2,42.1,0.0
13362,7975,43,1,59.26,0.05
13363,7976,132,1,67.86,0.0
13364,7976,58,2,49.39,0.15
13365,7976,46,1,33.95,0.1
13366,7976,154,1,79.56,0.0
13367,7977,91,2,72.77,0.05
13368,7977,157,1,341.09,0.15
13369,7977,87,1,149.67,0.0
13370,7978,3,4,115.13,0.15
13371,7979,85,1,31.54,0.1
13372,7980,113,1,69.94,0.0
13373,7980,29,3,38.1,0.0
13374,7980,94,2,49.13,0.0
13375,7981,83,1,241.75,0.0
13376,7982,68,2,162.46,0.0
13377,7982,14,1,11.58,0.0
13378,7983,68,2,161.86,0.05
13379,7983,48,4,170.67,0.0
13380,7983,12,1,42.85,0.15
13381,7984,107,4,359.27,0.1
13382,7985,40,2,78.54,0.05
13383,7985,153,2,35.12,0.0
13384,7986,42,1,77.81,0.0
13385,7987,84,2,41.53,0.0
13386,7987,152,4,86.56,0.0
13387,7988,36,1,21.47,0.05
13388,7989,71,2,88.66,0.15
13389,7989,52,1,45.48,0.1
13390,7990,28,1,92.15,0.0
13391,7991,111,2,11.47,0.0
13392,7992,31,3,37.06,0.05
13393,7992,136,1,266.59,0.0
13394,7993,106,4,95.57,0.0
13395,7993,130,4,41.77,0.15
13396,7994,104,1,32.35,0.05
13397,7995,35,1,132.94,0.1
13398,7995,102,2,45.48,0.15
13399,7995,89,4,39.41,0.15
13400,7995,7,1,264.92,0.05
13401,7996,107,1,351.96,0.0
13402,7997,140,2,21.0,0.1
13403,7997,102,1,44.45,0.0
13404,7997,89,2,40.83,0.1
13405,7998,8,1,131.69,0.0
13406,7999,122,2,28.31,0.0
13407,8000,120,2,124.84,0.05
13408,8000,44,1,49.04,0.15
13409,8001,145,1,80.11,0.0
13410,8001,94,1,47.89,0.1
13411,8001,153,1,35.85,0.1
13412,8002,9,1,42.38,0.0
13413,8002,97,3,83.92,0.15
13414,8002,43,1,58.04,0.15
13415,8003,131,1,15.77,0.0
13416,8003,154,4,80.27,0.0
13417,8003,103,3,47.78,0.0
13418,8004,83,2,246.55,0.0
13419,8004,62,1,53.87,0.0
13420,8005,54,1,113.76,0.0
13421,8005,154,1,80.12,0.15
13422,8006,147,4,21.7,0.0
13423,8007,24,1,18.14,0.1
13424,8008,5,4,53.9,0.1
13425,8009,58,2,50.27,0.0
13426,8009,108,2,75.94,0.0
13427,8009,134,4,98.91,0.0
13428,8009,60,1,157.92,0.0
13429,8010,65,1,133.71,0.0
13430,8010,39,4,19.64,0.0
13431,8011,12,1,42.21,0.05
13432,8012,17,3,26.73,0.0
13433,8013,70,1,36.68,0.0
13434,8013,69,2,90.28,0.0
13435,8013,45,1,17.45,0.0
13436,8013,58,1,48.45,0.05
13437,8014,84,5,41.13,0.15
13438,8015,10,1,103.96,0.15
13439,8016,8,3,126.73,0.0
13440,8016,98,1,84.11,0.15
13441,8016,60,1,160.25,0.05
13442,8017,93,1,35.42,0.15
13443,8017,61,1,41.81,0.0
13444,8018,42,1,75.73,0.1
13445,8019,152,2,87.31,0.05
13446,8020,139,3,136.98,0.05
13447,8021,92,1,154.05,0.1
13448,8021,19,1,28.4,0.15
13449,8021,56,1,146.84,0.0
13450,8021,27,1,23.28,0.05
13451,8022,143,1,14.97,0.0
13452,8023,159,1,22.17,0.15
13453,8024,43,1,59.46,0.1
13454,8024,124,1,18.16,0.0
13455,8025,160,1,118.6,0.0
13456,8026,102,1,45.66,0.0
13457,8026,72,1,261.17,0.0
13458,8027,150,2,84.81,0.1
13459,8027,131,1,15.82,0.0
13460,8027,141,1,80.15,0.0
13461,8027,148,2,19.58,0.15
13462,8028,52,1,45.67,0.0
13463,8028,113,4,69.92,0.0
13464,8028,86,1,42.41,0.05
13465,8028,42,1,76.89,0.0
13466,8029,11,1,42.36,0.0
13467,8029,30,1,49.12,0.0
13468,8030,137,1,31.46,0.0
13469,8030,158,1,98.18,0.0
13470,8031,1,1,103.12,0.0
13471,8032,126,2,463.65,0.0
13472,8032,94,5,47.8,0.0
13473,8032,50,3,13.48,0.05
13474,8033,99,3,65.59,0.0
13475,8034,100,1,51.33,0.0
13476,8034,49,1,87.81,0.0
13477,8035,129,2,72.56,0.0
13478,8035,3,2,117.85,0.1
13479,8036,65,2,137.03,0.15
13480,8037,113,2,68.3,0.15
13481,8038,118,1,22.89,0.1
13482,8038,134,1,102.06,0.0
13483,8039,93,1,34.44,0.0
13484,8040,71,1,87.75,0.05
13485,8041,35,1,132.86,0.1
13486,8041,155,1,83.5,0.1
13487,8042,18,2,87.86,0.0
13488,8042,101,1,18.03,0.05
13489,8043,136,1,263.34,0.05
13490,8044,38,2,10.92,0.0
13491,8044,16,4,38.72,0.0
13492,8044,95,2,45.24,0.05
13493,8045,41,1,128.85,0.1
13494,8045,17,2,25.57,0.0
13495,8045,138,2,48.03,0.0
13496,8045,36,1,22.09,0.1
13497,8046,1,1,102.56,0.0
13498,8047,89,1,39.39,0.1
13499,8048,32,3,349.7,0.05
13500,8049,14,5,11.47,0.15
13501,8049,34,2,24.46,0.0
13502,8049,155,1,83.39,0.0
13503,8050,28,1,92.5,0.1
13504,8051,144,1,76.64,0.1
13505,8052,125,2,112.97,0.05
13506,8053,132,1,69.06,0.15
13507,8053,116,1,85.65,0.05
13508,8054,116,1,83.68,0.05
13509,8055,99,2,64.08,0.0
13510,8056,63,2,23.43,0.0
13511,8056,77,2,70.19,0.1
13512,8056,49,1,88.59,0.1
13513,8056,70,2,36.19,0.0
13514,8057,63,3,23.97,0.0
13515,8057,3,2,119.17,0.0
13516,8058,132,2,68.5,0.0
13517,8058,114,1,585.99,0.15
13518,8059,126,1,466.99,0.0
13519,8060,121,1,132.38,0.0
13520,8061,159,4,22.37,0.0
13521,8061,146,4,131.04,0.05
13522,8062,31,1,37.66,0.0
13523,8062,71,3,89.64,0.0
13524,8063,147,1,21.35,0.15
13525,8063,135,3,28.54,0.0
13526,8064,94,3,48.9,0.0
13527,8065,126,3,460.83,0.0
13528,8066,138,1,49.1,0.15
13529,8066,133,2,24.61,0.0
13530,8067,69,1,91.7,0.0
13531,8067,134,1,99.38,0.1
13532,8068,107,2,349.71,0.05
13533,8069,153,2,34.49,0.1
13534,8070,13,1,80.92,0.15
13535,8071,132,1,70.15,0.0
13536,8071,31,1,37.04,0.0
13537,8072,65,3,135.69,0.0
13538,8072,76,1,135.77,0.0
13539,8073,116,1,86.4,0.0
13540,8073,69,2,88.44,0.0
13541,8074,135,1,28.32,0.1
13542,8075,24,1,18.43,0.05
13543,8075,60,3,158.14,0.0
13544,8075,99,1,65.98,0.15
13545,8076,115,4,54.34,0.1
13546,8076,9,1,42.93,0.0
13547,8076,128,2,39.83,0.0
13548,8077,67,1,59.51,0.0
13549,8078,134,1,99.06,0.0
13550,8078,98,1,82.32,0.15
13551,8079,15,1,13.79,0.1
13552,8079,75,2,6.06,0.0
13553,8080,25,3,38.91,0.05
13554,8080,71,2,89.15,0.1
13555,8081,5,1,53.06,0.0
13556,8082,131,1,15.92,0.0
13557,8083,64,1,21.9,0.05
13558,8084,80,3,10.69,0.05
13559,8084,86,5,41.16,0.15
13560,8085,75,1,6.08,0.0
13561,8085,100,1,52.78,0.0
13562,8085,140,1,21.63,0.0
13563,8086,158,1,99.7,0.1
13564,8086,159,4,22.7,0.0
13565,8087,149,1,106.58,0.15
13566,8088,147,4,21.35,0.15
13567,8088,74,1,262.11,0.1
13568,8088,120,1,126.55,0.0
13569,8089,96,1,17.61,0.1
13570,8089,36,1,21.32,0.0
13571,8090,11,2,42.13,0.05
13572,8090,17,1,26.05,0.05
13573,8091,36,1,21.58,0.05
13574,8092,30,2,50.7,0.0
13575,8093,110,3,61.51,0.1
13576,8093,60,3,159.97,0.0
13577,8094,57,2,31.01,0.0
13578,8095,134,3,100.31,0.15
13579,8095,62,3,54.39,0.05
13580,8096,74,1,271.47,0.0
13581,8097,60,1,155.54,0.0
13582,8097,78,1,50.41,0.0
13583,8098,120,5,126.28,0.1
13584,8099,18,2,88.09,0.05
13585,8100,131,4,15.75,0.05
13586,8100,74,2,271.49,0.0
13587,8100,158,1,101.18,0.0
13588,8100,49,1,89.87,0.0
13589,8101,24,1,18.0,0.05
13590,8101,76,1,136.94,0.15
13591,8101,84,1,41.58,0.0
13592,8102,101,2,18.43,0.1
13593,8103,78,1,50.86,0.0
13594,8104,119,3,181.32,0.0
13595,8105,39,1,20.05,0.05
13596,8105,26,1,72.33,0.0
13597,8106,53,1,34.85,0.1
13598,8107,45,1,17.21,0.15
13599,8107,70,2,36.1,0.0
13600,8107,151,1,80.89,0.0
13601,8108,43,3,57.58,0.1
13602,8109,159,2,22.53,0.0
13603,8110,99,2,66.04,0.0
13604,8111,156,3,33.88,0.0
13605,8111,118,1,22.14,0.0
13606,8112,68,2,161.6,0.15
13607,8112,77,3,69.46,0.1
13608,8112,27,1,23.27,0.0
13609,8113,71,2,90.61,0.0
13610,8114,69,2,90.58,0.15
13611,8114,103,1,47.29,0.0
13612,8115,37,1,77.81,0.0
13613,8116,57,1,31.21,0.0
13614,8117,70,1,37.13,0.05
13615,8117,110,1,59.4,0.0
13616,8117,77,2,69.91,0.0
13617,8117,58,2,48.13,0.1
13618,8118,159,2,22.37,0.1
13619,8118,45,1,17.53,0.1
13620,8119,53,1,34.58,0.05
13621,8120,113,5,69.94,0.0
13622,8121,68,2,159.52,0.0
13623,8121,134,1,101.21,0.0
13624,8122,42,2,74.62,0.05
13625,8123,18,3,85.29,0.15
13626,8124,7,2,265.41,0.1
13627,8125,150,3,85.16,0.0
13628,8125,41,1,126.91,0.0
13629,8126,149,3,104.85,0.0
13630,8127,30,2,50.47,0.0
13631,8128,20,3,18.48,0.0
13632,8129,123,2,231.35,0.15
13633,8129,1,1,103.79,0.05
13634,8129,27,1,22.95,0.0
13635,8130,107,1,357.34,0.05
13636,8131,81,1,53.36,0.0
13637,8132,150,1,84.23,0.05
13638,8133,117,1,64.4,0.1
13639,8133,159,5,22.11,0.0
13640,8134,119,1,178.22,0.15
13641,8135,23,2,68.91,0.05
13642,8136,121,1,132.95,0.15
13643,8137,82,2,90.19,0.15
13644,8138,115,1,53.35,0.0
13645,8139,142,1,207.9,0.1
13646,8139,74,1,268.2,0.15
13647,8139,159,1,22.4,0.0
13648,8140,44,1,50.2,0.05
13649,8141,93,2,34.63,0.0
13650,8142,158,3,101.19,0.15
13651,8143,77,4,68.62,0.1
13652,8144,76,2,135.64,0.1
13653,8145,2,1,56.22,0.1
13654,8145,39,3,19.75,0.05
13655,8145,64,1,22.23,0.0
13656,8146,23,2,67.97,0.05
13657,8147,50,2,13.04,0.1
13658,8148,95,2,44.74,0.05
13659,8149,129,1,70.3,0.0
13660,8149,81,1,52.95,0.05
13661,8149,134,1,97.75,0.05
13662,8150,83,1,240.58,0.0
13663,8150,75,1,6.0,0.1
13664,8151,132,1,69.39,0.1
13665,8152,40,2,77.61,0.15
13666,8153,24,1,17.79,0.0
13667,8154,107,1,348.87,0.05
13668,8155,34,1,24.93,0.15
13669,8156,159,2,22.23,0.0
13670,8156,57,1,30.34,0.0
13671,8157,87,1,145.8,0.0
13672,8157,33,2,62.86,0.05
13673,8157,19,1,29.37,0.05
13674,8158,7,2,270.35,0.1
13675,8158,36,1,22.12,0.1
13676,8159,40,2,77.29,0.0
13677,8159,131,1,15.85,0.05
13678,8159,39,1,20.07,0.0
13679,8160,94,1,49.28,0.0
13680,8160,48,1,170.88,0.1
13681,8160,93,2,35.41,0.0
13682,8161,87,1,144.76,0.1
13683,8162,85,1,31.45,0.0
13684,8163,131,2,15.78,0.1
13685,8164,77,2,69.67,0.0
13686,8165,94,1,47.2,0.0
13687,8165,138,2,47.89,0.1
13688,8165,140,1,21.11,0.0
13689,8166,131,1,16.32,0.0
13690,8167,99,1,64.5,0.15
13691,8168,84,1,41.56,0.0
13692,8168,135,3,28.93,0.0
13693,8169,40,1,75.65,0.1
13694,8169,142,3,208.59,0.0
13695,8170,157,3,344.87,0.15
13696,8170,11,2,42.7,0.0
13697,8170,159,2,22.24,0.0
13698,8171,83,1,241.75,0.0
13699,8172,105,1,56.1,0.05
13700,8172,76,3,138.58,0.0
13701,8173,60,1,153.57,0.1
13702,8173,151,1,80.3,0.0
13703,8173,139,1,138.28,0.0
13704,8174,138,1,48.5,0.0
13705,8174,70,1,36.74,0.15
13706,8175,123,1,228.38,0.0
13707,8176,86,2,42.19,0.0
13708,8176,79,1,71.71,0.15
13709,8177,127,1,27.12,0.05
13710,8177,154,3,81.52,0.0
13711,8177,18,5,86.51,0.1
13712,8178,37,1,79.4,0.1
13713,8179,4,1,250.99,0.1
13714,8180,76,2,133.9,0.05
13715,8180,75,1,6.25,0.05
13716,8181,74,1,259.81,0.1
13717,8181,151,1,81.85,0.0
13718,8182,122,1,28.31,0.05
13719,8182,112,1,64.5,0.0
13720,8183,8,1,126.73,0.1
13721,8183,9,1,41.95,0.0
13722,8184,35,1,139.17,0.0
13723,8184,26,2,73.11,0.05
13724,8185,140,1,21.02,0.05
13725,8185,125,1,108.03,0.0
13726,8185,38,2,10.87,0.0
13727,8186,107,1,349.97,0.0
13728,8186,29,1,38.0,0.15
13729,8187,107,2,346.5,0.0
13730,8187,137,1,32.25,0.15
13731,8188,69,1,89.14,0.15
13732,8188,28,2,90.29,0.0
13733,8189,8,4,132.71,0.0
13734,8189,27,4,23.59,0.0
13735,8190,87,1,148.8,0.1
13736,8191,61,2,42.93,0.0
13737,8192,116,1,84.0,0.1
13738,8193,10,1,103.3,0.1
13739,8193,64,1,21.66,0.0
13740,8193,66,4,222.27,0.05
13741,8194,26,1,72.98,0.0
13742,8195,101,1,17.75,0.05
13743,8195,75,1,6.26,0.0
13744,8195,34,2,24.96,0.0
13745,8196,128,1,38.21,0.0
13746,8196,80,1,10.67,0.05
13747,8196,84,2,40.37,0.0
13748,8197,65,1,132.36,0.0
13749,8198,103,4,48.52,0.05
13750,8199,107,1,358.73,0.0
13751,8200,149,2,105.51,0.1
13752,8201,45,1,16.93,0.1
13753,8202,72,1,253.85,0.0
13754,8202,148,1,20.3,0.05
13755,8202,27,1,23.47,0.1
13756,8203,96,2,17.2,0.0
13757,8204,92,2,155.07,0.1
13758,8205,128,1,39.63,0.0
13759,8205,160,3,118.66,0.15
13760,8205,134,1,101.7,0.0
13761,8206,143,1,15.39,0.0
13762,8206,15,1,13.55,0.0
13763,8207,34,1,24.51,0.15
13764,8208,59,1,87.08,0.0
13765,8208,10,3,105.49,0.05
13766,8208,114,4,597.24,0.0
13767,8208,113,1,68.22,0.05
13768,8209,30,1,50.23,0.15
13769,8210,26,1,70.69,0.1
13770,8210,20,1,18.02,0.05
13771,8211,111,3,11.32,0.0
13772,8212,123,2,231.43,0.05
13773,8213,137,2,31.76,0.05
13774,8214,108,1,77.8,0.05
13775,8214,98,1,81.87,0.05
13776,8214,83,2,244.95,0.0
13777,8215,106,2,91.49,0.0
13778,8215,85,2,30.69,0.05
13779,8215,24,2,18.44,0.0
13780,8215,53,1,35.25,0.1
13781,8216,138,1,49.0,0.15
13782,8216,125,1,109.89,0.0
13783,8217,109,4,80.71,0.0
13784,8217,4,4,251.77,0.0
13785,8218,121,2,133.51,0.15
13786,8219,17,1,25.79,0.0
13787,8219,14,1,11.78,0.15
13788,8220,15,1,13.68,0.0
13789,8221,66,1,225.93,0.0
13790,8221,31,1,36.96,0.0
13791,8222,63,1,24.63,0.15
13792,8223,59,1,87.19,0.05
13793,8224,147,1,20.96,0.05
13794,8224,114,1,602.54,0.0
13795,8225,11,4,43.49,0.0
13796,8225,126,2,470.78,0.15
13797,8226,145,4,82.67,0.0
13798,8226,139,3,134.4,0.05
13799,8226,2,5,58.62,0.05
13800,8227,9,3,42.13,0.0
13801,8227,25,1,39.09,0.0
13802,8228,10,5,105.61,0.15
13803,8229,133,4,24.73,0.15
13804,8230,90,1,101.68,0.0
13805,8231,150,1,84.69,0.05
13806,8231,70,2,36.35,0.0
13807,8232,98,5,82.84,0.0
13808,8233,91,1,72.11,0.05
13809,8233,14,1,11.83,0.0
13810,8234,115,5,55.3,0.0
13811,8234,31,1,37.71,0.1
13812,8235,87,4,148.95,0.0
13813,8236,144,2,75.67,0.0
13814,8236,99,2,65.56,0.05
13815,8236,77,1,71.42,0.0
13816,8236,126,1,459.4,0.0
13817,8237,108,1,75.57,0.1
13818,8237,82,1,91.95,0.1
13819,8237,103,1,47.83,0.15
13820,8238,29,3,36.91,0.0
13821,8239,24,2,18.11,0.0
13822,8240,82,3,90.97,0.15
13823,8240,44,1,50.62,0.1
13824,8241,1,2,102.32,0.0
13825,8242,118,1,22.91,0.15
13826,8242,47,1,42.72,0.0
13827,8243,117,1,61.55,0.05
13828,8244,159,1,21.73,0.0
13829,8244,2,1,56.24,0.15
13830,8245,76,5,136.45,0.05
13831,8246,19,1,28.49,0.15
13832,8246,123,-1,228.59,0.0
13833,8246,79,2,72.24,0.0
13834,8247,84,2,40.66,0.0
13835,8248,155,1,86.63,0.0
13836,8248,138,1,49.24,0.0
13837,8249,54,5,112.55,0.1
13838,8250,69,4,90.74,0.15
13839,8250,149,1,102.96,0.0
13840,8251,34,2,25.17,0.05
13841,8252,20,2,18.39,0.15
13842,8253,148,5,20.03,0.15
13843,8253,101,1,18.17,0.0
13844,8254,110,4,59.9,0.0
13845,8254,91,2,70.82,0.1
13846,8255,39,1,19.29,0.1
13847,8256,69,1,90.25,0.0
13848,8256,85,5,31.28,0.1
13849,8256,46,1,34.83,0.0
13850,8256,99,3,64.14,0.0
13851,8257,118,4,22.44,0.0
13852,8257,36,1,22.22,0.05
13853,8258,149,1,102.27,0.05
13854,8258,112,1,62.51,0.0
13855,8258,31,3,38.35,0.0
13856,8259,55,2,167.36,0.0
13857,8260,4,1,251.74,0.15
13858,8261,145,1,81.91,0.0
13859,8261,46,1,34.25,0.0
13860,8262,115,1,55.28,0.0
13861,8263,79,2,70.32,0.15
13862,8264,38,1,11.35,0.0
13863,8264,145,2,83.61,0.1
13864,8265,32,1,347.92,0.0
13865,8265,92,3,155.75,0.0
13866,8266,113,1,69.46,0.05
13867,8267,31,2,38.57,0.1
13868,8268,47,1,42.29,0.0
13869,8269,73,1,64.08,0.05
13870,8270,41,2,124.75,0.15
13871,8270,26,1,71.89,0.15
13872,8271,49,2,90.73,0.0
13873,8272,65,2,138.29,0.0
13874,8272,68,2,161.52,0.1
13875,8272,2,2,56.73,0.15
13876,8272,131,1,15.86,0.1
13877,8273,38,1,11.42,0.0
13878,8273,102,2,44.64,0.15
13879,8273,39,5,19.51,0.05
13880,8274,11,1,43.2,0.0
13881,8275,95,2,45.26,0.0
13882,8275,158,4,97.49,0.1
13883,8276,41,1,124.18,0.15
13884,8276,154,1,81.74,0.0
13885,8277,76,2,133.73,0.05
13886,8277,50,1,13.04,0.1
13887,8278,104,4,31.94,0.05
13888,8278,50,2,13.21,0.15
13889,8279,108,1,74.98,0.15
13890,8280,120,2,128.83,0.0
13891,8281,72,1,257.15,0.1
13892,8281,38,2,11.2,0.0
13893,8282,151,1,83.35,0.15
13894,8282,150,1,86.75,0.0
13895,8282,21,2,238.24,0.0
13896,8283,49,3,90.82,0.0
13897,8283,19,2,28.73,0.0
13898,8284,42,4,77.12,0.1
13899,8285,25,1,39.67,0.0
13900,8285,17,4,26.24,0.0
13901,8286,20,1,18.69,0.15
13902,8286,43,3,57.44,0.1
13903,8286,16,1,39.08,0.0
13904,8286,84,1,41.32,0.15
13905,8287,109,1,80.6,0.0
13906,8288,77,2,71.74,0.0
13907,8288,80,4,11.03,0.05
13908,8289,56,2,146.61,0.1
13909,8290,143,1,15.18,0.0
13910,8290,88,2,87.74,0.0
13911,8291,124,2,18.57,0.05
13912,8292,7,3,267.73,0.05
13913,8292,48,2,165.5,0.05
13914,8292,9,1,43.02,0.0
13915,8293,30,2,49.13,0.0
13916,8293,29,3,38.37,0.05
13917,8293,89,1,40.26,0.0
13918,8293,16,3,39.42,0.0
13919,8294,109,2,83.44,0.0
13920,8294,69,1,88.59,0.1
13921,8295,50,1,13.56,0.15
13922,8295,44,1,49.13,0.0
13923,8296,15,1,13.74,0.0
13924,8297,19,2,28.29,0.0
13925,8298,130,1,40.95,0.05
13926,8298,150,3,86.5,0.0
13927,8298,132,1,69.18,0.0
13928,8299,145,1,82.98,0.1
13929,8299,65,1,135.91,0.0
13930,8299,21,3,239.77,0.15
13931,8299,36,1,21.46,0.05
13932,8300,111,1,11.72,0.05
13933,8301,85,1,31.33,0.0
13934,8301,121,2,134.02,0.15
13935,8301,117,1,61.55,0.0
13936,8302,148,1,20.17,0.15
13937,8303,106,1,93.38,0.15
13938,8303,33,1,62.8,0.1
13939,8303,85,1,30.67,0.0
13940,8304,33,1,64.09,0.0
13941,8304,35,2,138.07,0.0
13942,8305,57,2,30.53,0.0
13943,8306,38,1,11.35,0.15
13944,8307,156,2,34.2,0.0
13945,8307,47,2,42.87,0.1
13946,8308,84,1,40.35,0.0
13947,8309,45,1,17.53,0.05
13948,8309,59,1,85.82,0.15
13949,8309,108,3,74.13,0.15
13950,8310,23,1,67.48,0.1
13951,8310,77,2,70.61,0.1
13952,8311,25,1,39.18,0.05
13953,8311,35,1,137.49,0.05
13954,8311,14,1,11.51,0.0
13955,8311,98,1,83.08,0.05
13956,8312,13,1,81.17,0.0
13957,8312,42,1,74.42,0.15
13958,8313,25,1,39.65,0.0
13959,8314,157,1,353.21,0.0
13960,8315,42,1,76.74,0.0
13961,8315,140,1,21.65,0.1
13962,8316,20,5,18.45,0.0
13963,8317,119,1,177.47,0.15
13964,8318,3,5,113.58,0.0
13965,8319,131,2,15.94,0.15
13966,8320,92,1,155.7,0.0
13967,8321,136,2,266.82,0.0
13968,8322,31,2,38.04,0.0
13969,8322,67,3,59.63,0.15
13970,8323,108,1,74.38,0.0
13971,8324,59,1,87.03,0.0
13972,8324,27,4,23.67,0.0
13973,8325,2,1,57.81,0.0
13974,8325,129,2,71.62,0.15
13975,8325,108,1,76.22,0.0
13976,8326,9,3,42.28,0.1
13977,8327,57,1,30.86,0.0
13978,8328,21,1,243.01,0.0
13979,8329,150,2,84.43,0.05
13980,8330,88,2,89.09,0.05
13981,8330,147,1,20.89,0.0
13982,8331,113,1,69.7,0.05
13983,8332,12,1,41.84,0.15
13984,8332,9,1,41.53,0.0
13985,8332,90,1,102.01,0.1
13986,8333,126,3,462.52,0.15
13987,8334,33,2,65.03,0.0
13988,8335,121,3,130.06,0.1
13989,8335,96,1,17.75,0.05
13990,8335,159,1,21.75,0.15
13991,8335,125,2,112.56,0.0
13992,8336,118,2,23.18,0.0
13993,8336,75,1,6.13,0.0
13994,8336,126,1,457.55,0.05
13995,8336,32,1,342.19,0.15
13996,8337,111,1,11.82,0.1
13997,8338,134,1,97.24,0.1
13998,8338,120,1,126.68,0.0
13999,8339,67,1,60.63,0.0
14000,8340,95,3,46.2,0.0
14001,8341,42,1,76.51,0.05
14002,8341,37,2,79.81,0.15
14003,8342,125,2,109.59,0.05
14004,8343,26,1,70.95,0.0
14005,8344,102,1,44.38,0.0
14006,8345,134,2,100.23,0.1
14007,8346,86,1,42.09,0.15
14008,8347,76,2,139.53,0.0
14009,8347,144,1,76.42,0.0
14010,8348,91,4,71.34,0.05
14011,8349,144,2,75.75,0.05
14012,8349,50,1,12.99,0.1
14013,8350,46,1,34.85,0.05
14014,8351,30,2,49.06,0.15
14015,8352,83,2,241.76,0.0
14016,8352,157,2,351.62,0.1
14017,8353,15,2,13.99,0.15
14018,8353,115,2,55.34,0.0
14019,8354,108,2,75.55,0.0
14020,8355,5,1,52.75,0.15
14021,8355,20,1,17.93,0.0
14022,8356,10,1,105.58,0.0
14023,8357,47,4,42.85,0.05
14024,8357,139,1,134.98,0.0
14025,8358,119,2,185.3,0.0
14026,8358,93,4,34.86,0.15
14027,8358,116,1,85.97,0.0
14028,8359,79,3,69.62,0.1
14029,8360,124,1,18.39,0.05
14030,8360,130,3,41.9,0.0
14031,8361,44,2,48.51,0.0
14032,8362,153,1,34.69,0.0
14033,8362,17,2,26.74,0.0
14034,8363,8,1,126.45,0.1
14035,8364,146,3,131.25,0.0
14036,8365,85,2,31.53,0.05
14037,8366,158,2,98.03,0.1
14038,8366,123,2,229.66,0.0
14039,8367,141,1,80.18,0.0
14040,8367,31,3,37.83,0.0
14041,8367,84,2,41.8,0.05
14042,8368,154,1,79.73,0.0
14043,8368,92,1,157.96,0.0
14044,8369,82,2,90.4,0.0
14045,8370,157,2,340.46,0.15
14046,8371,160,2,118.92,0.05
14047,8371,124,1,17.98,0.15
14048,8372,77,2,69.96,0.05
14049,8373,75,4,6.12,0.15
14050,8374,145,2,82.66,0.0
14051,8374,121,1,134.85,0.05
14052,8374,54,1,112.72,0.0
14053,8375,160,1,119.14,0.0
14054,8375,25,2,39.7,0.0
14055,8375,34,1,25.45,0.0
14056,8376,17,2,25.73,0.15
14057,8376,31,1,37.33,0.0
14058,8377,127,3,26.98,0.1
14059,8377,152,2,88.74,0.0
14060,8378,110,1,60.75,0.0
14061,8379,19,1,28.24,0.0
14062,8379,64,2,22.0,0.15
14063,8379,112,5,62.9,0.0
14064,8380,14,1,11.57,0.15
14065,8380,79,3,70.92,0.15
14066,8381,34,1,25.32,0.0
14067,8382,156,1,33.99,0.0
14068,8383,82,1,89.88,0.0
14069,8383,67,1,61.49,0.0
14070,8383,132,1,67.87,0.1
14071,8384,50,1,13.58,0.1
14072,8384,94,1,49.09,0.0
14073,8385,150,1,83.36,0.1
14074,8386,20,5,18.09,0.15
14075,8387,11,1,43.84,0.15
14076,8387,54,2,114.67,0.0
14077,8388,140,3,21.79,0.1
14078,8389,102,1,44.75,0.15
14079,8390,64,3,21.92,0.15
14080,8390,70,1,35.81,0.1
14081,8391,140,3,20.96,0.0
14082,8392,50,1,13.1,0.0
14083,8393,29,1,38.07,0.0
14084,8393,132,1,68.24,0.1
14085,8394,148,1,20.27,0.0
14086,8394,128,2,38.14,0.0
14087,8395,95,1,44.52,0.15
14088,8395,121,1,132.49,0.0
14089,8395,14,4,11.81,0.15
14090,8396,11,5,43.16,0.1
14091,8397,4,1,257.04,0.0
14092,8398,74,4,269.52,0.0
14093,8398,6,2,52.0,0.1
14094,8399,72,1,257.21,0.0
14095,8400,71,1,92.31,0.0
14096,8401,57,4,29.92,0.05
14097,8401,44,2,48.38,0.0
14098,8402,54,1,111.09,0.0
14099,8403,125,2,107.89,0.0
14100,8403,126,2,477.91,0.05
14101,8404,59,2,89.2,0.15
14102,8404,64,4,21.94,0.0
14103,8405,43,3,58.6,0.05
14104,8405,153,1,34.76,0.05
14105,8405,126,2,470.59,0.05
14106,8406,138,2,47.93,0.05
14107,8407,97,2,87.03,0.1
14108,8407,11,3,42.34,0.15
14109,8408,120,2,125.22,0.15
14110,8408,39,3,19.23,0.1
14111,8408,31,2,37.66,0.05
14112,8409,137,1,32.03,0.05
14113,8410,2,2,57.14,0.05
14114,8411,139,2,134.08,0.0
14115,8412,143,1,14.99,0.15
14116,8412,95,3,45.99,0.0
14117,8412,159,1,22.71,0.15
14118,8413,53,3,35.7,0.0
14119,8413,156,2,34.59,0.1
14120,8413,70,1,36.5,0.0
14121,8414,57,2,30.95,0.0
14122,8415,13,1,79.95,0.0
14123,8416,25,2,40.75,0.0
14124,8417,145,2,83.81,0.05
14125,8418,154,2,81.27,0.0
14126,8418,103,1,47.86,0.0
14127,8419,156,2,33.94,0.1
14128,8419,15,1,13.87,0.1
14129,8419,116,2,86.23,0.15
14130,8420,145,2,81.14,0.0
14131,8421,99,2,65.06,0.0
14132,8422,22,1,53.53,0.0
14133,8422,142,1,209.3,0.0
14134,8423,104,1,31.13,0.05
14135,8423,125,1,113.07,0.0
14136,8423,132,1,70.58,0.0
14137,8424,115,1,55.9,0.0
14138,8425,155,2,85.45,0.0
14139,8426,99,1,66.3,0.0
14140,8426,56,1,153.79,0.0
14141,8427,7,1,274.21,0.05
14142,8428,107,1,363.97,0.0
14143,8429,31,4,37.03,0.1
14144,8429,78,2,49.17,0.15
14145,8429,100,1,52.95,0.0
14146,8430,150,4,85.1,0.1
14147,8430,82,1,90.14,0.05
14148,8431,49,2,88.06,0.0
14149,8432,128,1,38.28,0.0
14150,8432,100,3,51.51,0.0
14151,8433,17,1,26.52,0.05
14152,8433,152,1,89.59,0.0
14153,8434,130,2,41.49,0.15
14154,8434,153,1,35.54,0.1
14155,8434,38,1,11.38,0.1
14156,8434,96,1,17.11,0.0
14157,8435,114,1,601.73,0.1
14158,8435,6,1,52.09,0.1
14159,8436,119,5,179.31,0.05
14160,8437,41,2,127.61,0.1
14161,8437,13,1,80.74,0.1
14162,8437,84,1,41.73,0.1
14163,8438,129,2,72.15,0.05
14164,8438,73,2,62.99,0.0
14165,8439,25,2,39.16,0.0
14166,8440,109,1,81.3,0.1
14167,8440,82,2,88.2,0.0
14168,8440,115,3,54.0,0.1
14169,8441,31,2,37.72,0.15
14170,8442,94,2,48.31,0.0
14171,8443,144,3,76.24,0.15
14172,8444,135,1,28.8,0.15
14173,8445,99,4,66.77,0.0
14174,8445,2,1,58.73,0.0
14175,8445,55,1,164.55,0.0
14176,8446,61,1,42.89,0.0
14177,8447,5,1,52.07,0.0
14178,8447,13,1,80.17,0.0
14179,8448,117,2,61.62,0.05
14180,8448,11,4,42.81,0.05
14181,8449,131,4,16.25,0.05
14182,8450,98,1,83.23,0.05
14183,8450,115,2,53.95,0.15
14184,8451,128,1,38.98,0.05
14185,8451,70,1,35.61,0.05
14186,8452,73,-1,63.49,0.15
14187,8452,106,1,91.66,0.1
14188,8453,2,1,56.62,0.0
14189,8453,154,2,80.93,0.0
14190,8453,71,4,90.83,0.15
14191,8453,116,1,84.69,0.05
14192,8454,4,1,255.11,0.0
14193,8455,38,2,11.02,0.0
14194,8456,117,3,64.27,0.0
14195,8456,144,1,75.28,0.1
14196,8457,149,2,101.67,0.0
14197,8458,14,1,11.9,0.05
14198,8458,131,1,16.26,0.0
14199,8459,136,1,264.46,0.1
14200,8459,23,2,68.45,0.0
14201,8460,97,1,85.3,0.0
14202,8461,88,2,87.6,0.0
14203,8462,105,1,56.19,0.0
14204,8462,59,1,88.31,0.05
14205,8463,50,1,13.18,0.0
14206,8464,122,1,28.87,0.15
14207,8465,37,2,77.03,0.0
14208,8466,88,1,85.47,0.0
14209,8466,81,1,53.56,0.0
14210,8466,128,1,39.03,0.1
14211,8467,48,4,168.91,0.0
14212,8468,47,1,43.44,0.1
14213,8469,155,1,86.05,0.1
14214,8469,96,2,17.85,0.15
14215,8470,92,1,153.2,0.05
14216,8470,156,1,33.44,0.0
14217,8470,80,1,10.75,0.0
14218,8470,45,2,17.18,0.15
14219,8471,135,1,29.09,0.1
14220,8471,88,1,87.77,0.0
14221,8472,109,2,83.49,0.05
14222,8473,148,2,19.94,0.0
14223,8473,156,1,34.41,0.0
14224,8474,27,1,23.2,0.05
14225,8474,128,2,39.76,0.0
14226,8474,159,3,21.99,0.1
14227,8475,88,1,86.37,0.0
14228,8475,85,1,31.52,0.1
14229,8475,24,1,18.37,0.0
14230,8476,66,1,225.64,0.05
14231,8476,14,1,11.4,0.05
14232,8477,41,4,126.62,0.05
14233,8477,13,1,78.99,0.15
14234,8477,8,1,132.15,0.0
14235,8477,114,1,600.35,0.0
14236,8478,160,2,119.13,0.15
14237,8478,138,1,49.41,0.0
14238,8479,124,1,18.4,0.15
14239,8480,154,4,82.07,0.15
14240,8481,76,2,136.58,0.15
14241,8482,59,2,89.11,0.05
14242,8482,132,1,70.07,0.05
14243,8482,87,1,151.75,0.0
14244,8483,72,1,262.95,0.0
14245,8483,67,5,60.77,0.05
14246,8483,155,1,83.54,0.0
14247,8484,36,3,21.94,0.0
14248,8485,35,1,137.51,0.0
14249,8485,81,1,54.13,0.0
14250,8485,12,-4,42.76,0.0
14251,8486,56,1,154.06,0.0
14252,8487,146,2,128.7,0.15
14253,8488,16,1,40.02,0.1
14254,8488,57,1,30.89,0.0
14255,8488,71,1,91.35,0.05
14256,8489,25,2,40.42,0.1
14257,8489,36,1,21.91,0.15
14258,8490,15,1,13.43,0.0
14259,8491,79,1,71.76,0.0
14260,8492,114,1,596.57,0.0
14261,8492,121,3,135.29,0.0
14262,8492,120,1,129.74,0.0
14263,8492,156,5,33.65,0.15
14264,8493,52,1,46.43,0.05
14265,8494,72,2,264.71,0.15
14266,8495,60,3,159.45,0.15
14267,8496,84,2,40.31,0.0
14268,8496,36,1,21.18,0.0
14269,8497,109,1,81.01,0.1
14270,8498,147,1,21.37,0.0
14271,8499,30,3,49.55,0.1
14272,8499,69,2,89.92,0.1
14273,8499,153,1,35.8,0.1
14274,8500,156,1,34.96,0.0
14275,8501,156,1,34.87,0.0
14276,8501,128,1,39.95,0.0
14277,8502,9,1,43.39,0.0
14278,8502,102,1,44.15,0.1
14279,8503,90,2,105.84,0.15
14280,8504,36,3,21.42,0.0
14281,8504,26,3,72.57,0.15
14282,8504,126,4,459.64,0.15
14283,8505,129,1,72.67,0.05
14284,8506,67,2,60.05,0.0
14285,8507,105,1,56.35,0.0
14286,8508,42,1,74.83,0.0
14287,8509,115,1,53.74,0.05
14288,8509,50,4,13.4,0.1
14289,8510,16,3,38.24,0.0
14290,8510,156,2,33.57,0.15
14291,8510,1,2,99.92,0.0
14292,8511,49,2,86.55,0.1
14293,8512,36,1,21.2,0.0
14294,8512,154,2,78.96,0.0
14295,8513,91,1,71.31,0.0
14296,8514,149,2,102.9,0.0
14297,8515,73,2,62.28,0.15
14298,8515,106,1,92.72,0.0
14299,8515,87,5,149.47,0.0
14300,8516,140,1,21.79,0.1
14301,8517,92,2,157.44,0.0
14302,8517,13,2,79.46,0.05
14303,8517,38,1,11.25,0.1
14304,8517,24,1,17.79,0.05
14305,8518,145,2,81.26,0.05
14306,8519,58,1,49.64,0.0
14307,8520,38,2,11.11,0.0
14308,8521,154,4,80.65,0.0
14309,8522,46,3,33.45,0.0
14310,8523,116,2,84.51,0.05
14311,8524,76,2,139.34,0.1
14312,8525,135,2,28.76,0.0
14313,8526,70,1,37.21,0.0
14314,8527,149,3,103.36,0.1
14315,8528,68,1,158.89,0.1
14316,8529,56,2,149.79,0.1
14317,8530,17,1,26.34,0.15
14318,8531,139,1,137.74,0.0
14319,8532,5,4,53.14,0.0
14320,8533,13,1,82.23,0.0
14321,8534,131,4,16.35,0.1
14322,8534,81,1,53.79,0.0
14323,8534,29,2,38.59,0.0
14324,8534,41,2,124.27,0.0
14325,8535,10,2,106.74,0.05
14326,8536,64,1,22.22,0.15
14327,8536,41,1,124.03,0.05
14328,8536,107,2,347.17,0.0
14329,8536,33,2,65.5,0.15
14330,8537,135,1,28.37,0.0
14331,8537,36,3,21.44,0.1
14332,8538,112,1,63.31,0.0
14333,8538,146,-1,128.82,0.1
14334,8538,153,2,35.78,0.0
14335,8539,19,5,28.28,0.05
14336,8540,63,2,24.39,0.0
14337,8541,94,1,47.54,0.0
14338,8542,58,1,49.79,0.0
14339,8542,144,1,78.17,0.15
14340,8543,5,1,53.32,0.0
14341,8543,55,1,166.91,0.0
14342,8543,26,2,72.02,0.15
14343,8544,63,2,23.89,0.15
14344,8545,148,1,19.63,0.1
14345,8546,127,1,26.65,0.0
14346,8547,28,2,92.42,0.0
14347,8547,46,1,34.16,0.0
14348,8547,1,2,100.07,0.0
14349,8547,65,3,137.16,0.0
14350,8548,23,1,68.01,0.15
14351,8549,14,1,11.87,0.15
14352,8550,90,2,101.52,0.0
14353,8550,141,1,78.88,0.05
14354,8551,14,2,11.35,0.0
14355,8551,103,3,48.61,0.0
14356,8551,116,1,83.57,0.0
14357,8551,89,2,41.21,0.15
14358,8552,82,1,88.44,0.0
14359,8553,153,4,34.74,0.0
14360,8554,55,1,162.46,0.15
14361,8555,146,5,133.4,0.15
14362,8556,113,3,69.37,0.15
14363,8556,35,2,135.74,0.05
14364,8557,17,1,25.97,0.0
14365,8557,7,1,264.19,0.15
14366,8558,48,1,167.49,0.05
14367,8559,36,4,22.01,0.0
14368,8560,23,4,68.64,0.15
14369,8560,22,1,52.62,0.0
14370,8561,5,1,51.54,0.05
14371,8562,68,2,158.06,0.1
14372,8562,28,2,89.37,0.15
14373,8563,37,1,79.75,0.0
14374,8564,122,2,29.05,0.15
14375,8564,5,1,52.7,0.15
14376,8565,52,1,47.12,0.0
14377,8566,146,2,128.44,0.0
14378,8567,31,1,37.11,0.0
14379,8567,94,2,48.73,0.0
14380,8568,85,-2,31.37,0.15
14381,8569,86,3,41.85,0.1
14382,8570,15,1,13.46,0.15
14383,8571,12,2,41.93,0.0
14384,8571,145,1,81.88,0.05
14385,8571,111,1,11.64,0.05
14386,8572,42,3,75.13,0.05
14387,8573,59,1,85.9,0.0
14388,8574,92,2,156.1,0.1
14389,8574,20,3,18.31,0.0
14390,8575,35,1,133.13,0.0
14391,8576,89,2,40.53,0.05
14392,8577,37,1,79.27,0.05
14393,8578,52,2,44.83,0.1
14394,8579,77,1,70.62,0.0
14395,8579,93,1,33.86,0.0
14396,8580,92,2,151.6,0.1
14397,8580,1,1,99.91,0.0
14398,8581,101,1,18.37,0.05
14399,8582,74,4,262.25,0.05
14400,8583,10,3,107.75,0.0
14401,8583,146,3,129.58,0.1
14402,8584,102,1,43.78,0.15
14403,8585,8,2,132.35,0.0
14404,8586,157,1,346.53,0.05
14405,8587,128,2,39.9,0.05
14406,8588,91,1,72.39,0.0
14407,8589,153,2,35.5,0.15
14408,8589,4,1,259.85,0.0
14409,8589,58,1,49.52,0.1
14410,8590,123,1,234.04,0.1
14411,8590,84,2,41.23,0.1
14412,8591,157,2,355.64,0.0
14413,8592,82,2,91.65,0.0
14414,8592,79,1,71.07,0.1
14415,8592,125,1,108.31,0.15
14416,8593,54,1,111.83,0.0
14417,8594,95,1,44.77,0.1
14418,8594,29,3,38.18,0.0
14419,8594,97,5,84.75,0.0
14420,8594,15,5,13.42,0.0
14421,8595,125,1,109.94,0.0
14422,8595,79,1,69.22,0.1
14423,8596,71,2,91.8,0.0
14424,8596,155,1,82.64,0.15
14425,8597,115,1,53.94,0.15
14426,8597,22,2,53.66,0.1
14427,8598,25,1,38.83,0.05
14428,8598,18,2,86.2,0.0
14429,8598,136,2,264.67,0.05
14430,8599,116,1,85.86,0.05
14431,8600,26,1,73.28,0.15
14432,8600,47,4,41.95,0.05
14433,8601,124,1,18.29,0.0
14434,8601,116,1,85.64,0.15
14435,8601,47,2,42.67,0.0
14436,8602,159,1,22.3,0.0
14437,8602,146,1,134.23,0.0
14438,8603,56,3,147.65,0.0
14439,8603,121,1,132.69,0.05
14440,8604,135,3,27.88,0.05
14441,8604,91,1,70.75,0.15
14442,8605,116,3,83.9,0.05
14443,8606,24,1,17.95,0.1
14444,8607,87,1,149.75,0.0
14445,8607,14,2,11.49,0.0
14446,8608,106,2,94.01,0.0
14447,8609,37,5,77.84,0.05
14448,8610,37,2,77.65,0.15
14449,8610,52,1,46.69,0.05
14450,8611,114,1,611.14,0.0
14451,8611,19,1,28.74,0.0
14452,8611,56,1,148.61,0.0
14453,8611,52,3,45.29,0.0
14454,8612,154,5,79.69,0.15
14455,8612,94,1,47.29,0.1
14456,8613,62,1,53.88,0.0
14457,8613,57,2,30.51,0.1
14458,8614,79,2,68.94,0.15
14459,8615,143,2,15.21,0.0
14460,8615,69,3,91.91,0.0
14461,8615,65,2,134.97,0.05
14462,8616,131,2,16.01,0.0
14463,8616,35,1,135.22,0.0
14464,8616,100,1,52.26,0.15
14465,8617,142,1,211.11,0.0
14466,8617,93,1,35.34,0.1
14467,8617,151,1,83.47,0.0
14468,8618,116,2,85.46,0.0
14469,8618,100,2,53.19,0.0
14470,8619,134,3,100.87,0.0
14471,8619,5,2,52.29,0.0
14472,8620,68,1,163.33,0.15
14473,8620,55,1,164.16,0.05
14474,8621,80,1,10.9,0.0
14475,8621,156,3,34.06,0.0
14476,8622,1,2,103.18,0.0
14477,8622,106,1,93.18,0.0
14478,8623,33,1,64.69,0.0
14479,8623,49,1,86.44,0.05
14480,8624,154,1,79.16,0.1
14481,8624,101,1,18.11,0.0
14482,8625,22,1,54.25,0.1
14483,8626,40,1,75.94,0.15
14484,8627,144,2,77.66,0.0
14485,8628,114,1,584.45,0.0
14486,8628,76,1,136.98,0.15
14487,8628,51,1,86.93,0.05
14488,8628,158,1,98.68,0.05
14489,8629,57,1,30.19,0.15
14490,8630,63,1,23.73,0.05
14491,8631,80,1,11.15,0.1
14492,8631,66,1,218.7,0.0
14493,8632,21,2,246.16,0.0
14494,8632,74,1,260.81,0.1
14495,8632,30,1,48.96,0.0
14496,8633,158,3,97.74,0.0
14497,8634,19,1,29.39,0.15
14498,8634,146,1,133.61,0.0
14499,8634,159,4,22.26,0.1
14500,8634,119,1,178.47,0.0
14501,8635,127,1,26.35,0.1
14502,8636,43,1,57.6,0.1
14503,8636,94,-1,48.1,0.0
14504,8637,138,2,48.43,0.0
14505,8637,78,5,48.82,0.1
14506,8638,48,3,168.84,0.15
14507,8639,105,1,57.29,0.05
14508,8640,52,1,46.09,0.05
14509,8641,140,1,21.12,0.0
14510,8641,115,3,55.27,0.0
14511,8642,118,1,22.36,0.05
14512,8642,5,1,52.84,0.0
14513,8643,59,2,87.78,0.0
14514,8644,126,1,467.49,0.15
14515,8644,139,1,134.77,0.05
14516,8645,30,2,49.96,0.0
14517,8646,34,3,24.52,0.0
14518,8647,93,2,35.33,0.0
14519,8648,123,1,233.46,0.0
14520,8649,116,2,86.33,0.15
14521,8650,105,1,55.4,0.0
14522,8651,59,1,87.24,0.0
14523,8652,25,1,40.28,0.0
14524,8652,17,5,26.24,0.0
14525,8652,56,1,153.63,0.15
14526,8653,101,1,17.95,0.0
14527,8653,47,1,43.71,0.0
14528,8653,81,1,53.68,0.0
14529,8654,153,4,35.75,0.0
14530,8654,154,1,79.46,0.0
14531,8655,142,2,215.82,0.05
14532,8655,110,2,60.08,0.1
14533,8656,123,1,224.68,0.15
14534,8657,133,1,25.52,0.0
14535,8658,126,1,477.17,0.0
14536,8659,99,1,63.79,0.0
14537,8660,139,4,134.99,0.05
14538,8660,74,1,260.63,0.15
14539,8660,140,1,21.35,0.0
14540,8661,22,1,52.45,0.05
14541,8661,34,5,24.92,0.15
14542,8661,21,1,246.75,0.0
14543,8661,19,3,28.31,0.0
14544,8662,19,2,29.43,0.0
14545,8663,102,1,44.87,0.05
14546,8664,110,1,60.24,0.05
14547,8664,128,1,39.15,0.0
14548,8665,76,1,135.63,0.1
14549,8665,68,1,158.34,0.1
14550,8665,25,1,40.59,0.15
14551,8666,85,1,31.81,0.1
14552,8667,46,2,33.17,0.0
14553,8668,146,1,128.44,0.0
14554,8668,149,1,104.83,0.05
14555,8669,76,1,136.89,0.0
14556,8670,114,3,592.34,0.0
14557,8670,47,3,42.73,0.05
14558,8671,38,1,11.35,0.0
14559,8672,2,1,57.9,0.1
14560,8673,33,2,63.04,0.1
14561,8674,126,1,472.51,0.0
14562,8674,131,1,16.04,0.1
14563,8675,10,2,104.87,0.0
14564,8675,33,3,64.13,0.0
14565,8675,15,4,13.45,0.0
14566,8676,121,4,133.96,0.15
14567,8676,143,2,15.16,0.15
14568,8677,92,1,156.35,0.1
14569,8678,21,1,246.46,0.1
14570,8679,119,3,181.45,0.0
14571,8680,72,2,253.73,0.0
14572,8681,73,1,62.44,0.0
14573,8681,30,1,51.02,0.0
14574,8681,108,3,75.06,0.1
14575,8682,108,1,76.67,0.0
14576,8683,107,1,352.25,0.05
14577,8684,77,2,69.18,0.0
14578,8684,76,1,137.06,0.05
14579,8685,49,1,88.88,0.0
14580,8685,14,1,11.77,0.15
14581,8686,147,2,21.76,0.15
14582,8686,114,1,594.12,0.05
14583,8687,103,3,46.85,0.0
14584,8687,55,4,165.7,0.05
14585,8688,40,1,75.7,0.0
14586,8688,3,2,113.72,0.0
14587,8689,49,1,90.3,0.0
14588,8690,82,4,87.46,0.1
14589,8690,47,1,42.43,0.0
14590,8690,6,1,53.1,0.0
14591,8691,17,4,26.74,0.0
14592,8691,31,2,37.37,0.05
14593,8692,40,4,76.3,0.15
14594,8692,110,1,59.63,0.0
14595,8692,150,2,85.69,0.0
14596,8693,58,2,48.72,0.0
14597,8693,48,1,165.2,0.0
14598,8694,9,2,42.04,0.15
14599,8694,69,2,90.82,0.1
14600,8695,3,1,114.25,0.15
14601,8696,11,1,41.94,0.0
14602,8696,52,1,44.86,0.0
14603,8697,84,1,40.35,0.15
14604,8697,95,1,46.31,0.0
14605,8697,20,2,18.57,0.0
14606,8698,119,1,185.04,0.0
14607,8698,113,1,69.98,0.0
14608,8699,101,1,17.73,0.0
14609,8700,135,1,28.02,0.0
14610,8701,120,5,130.94,0.15
14611,8702,2,2,56.56,0.0
14612,8702,26,2,71.97,0.15
14613,8703,20,1,18.19,0.15
14614,8704,126,2,458.63,0.15
14615,8704,92,2,153.1,0.15
14616,8704,16,4,38.7,0.05
14617,8705,4,1,257.82,0.0
14618,8705,127,1,27.16,0.0
14619,8706,157,4,346.31,0.0
14620,8707,102,1,44.59,0.05
14621,8708,91,1,70.82,0.0
14622,8708,90,1,105.47,0.0
14623,8709,19,2,29.05,0.15
14624,8709,51,1,85.14,0.0
14625,8710,24,2,17.84,0.1
14626,8711,24,2,17.82,0.15
14627,8711,26,2,71.52,0.0
14628,8711,93,1,35.12,0.0
14629,8712,44,2,49.71,0.0
14630,8712,51,3,87.1,0.1
14631,8712,64,1,21.92,0.1
14632,8713,61,4,42.29,0.1
14633,8713,54,1,112.1,0.0
14634,8714,84,1,40.18,0.0
14635,8714,46,1,33.26,0.05
14636,8714,14,3,11.65,0.0
14637,8714,4,1,259.11,0.0
14638,8715,81,1,52.3,0.1
14639,8715,121,2,132.03,0.15
14640,8716,6,1,52.27,0.0
14641,8716,74,1,269.09,0.0
14642,8717,125,3,112.4,0.15
14643,8717,105,3,55.26,0.0
14644,8717,88,1,86.35,0.0
14645,8718,8,5,131.19,0.0
14646,8718,150,1,85.1,0.1
14647,8719,146,1,130.31,0.0
14648,8719,25,1,40.53,0.1
14649,8719,150,1,87.03,0.1
14650,8720,30,1,49.25,0.0
14651,8721,81,1,52.42,0.15
14652,8722,59,1,89.01,0.0
14653,8723,45,4,17.16,0.05
14654,8724,107,3,350.35,0.0
14655,8725,157,1,351.7,0.0
14656,8726,115,4,53.89,0.1
14657,8727,7,1,263.32,0.1
14658,8727,101,1,18.12,0.15
14659,8727,44,2,50.7,0.0
14660,8728,76,4,135.49,0.0
14661,8729,26,3,72.54,0.0
14662,8729,151,1,80.2,0.0
14663,8730,49,4,87.84,0.0
14664,8731,32,1,335.88,0.0
14665,8732,51,1,87.62,0.1
14666,8732,59,3,89.17,0.0
14667,8733,82,1,88.43,0.15
14668,8733,73,1,62.29,0.15
14669,8733,29,1,37.88,0.0
14670,8733,102,1,43.88,0.0
14671,8734,89,1,40.35,0.1
14672,8735,9,1,42.61,0.05
14673,8736,68,5,159.37,0.0
14674,8736,21,1,239.04,0.0
14675,8737,91,2,70.99,0.1
14676,8737,51,1,87.68,0.15
14677,8738,146,1,134.42,0.0
14678,8738,53,1,35.71,0.0
14679,8739,159,1,21.86,0.0
14680,8740,105,1,56.21,0.05
14681,8741,151,1,83.42,0.15
14682,8742,54,1,113.95,0.0
14683,8743,5,1,53.59,0.0
14684,8743,154,5,79.04,0.0
14685,8744,76,1,134.83,0.15
14686,8745,103,2,48.66,0.15
14687,8746,23,4,68.33,0.0
14688,8746,31,1,37.93,0.1
14689,8747,12,3,42.21,0.15
14690,8748,92,1,153.98,0.0
14691,8748,159,3,22.21,0.0
14692,8749,30,1,51.23,0.0
14693,8749,19,1,28.1,0.05
14694,8750,109,2,81.89,0.1
14695,8751,48,1,164.09,0.0
14696,8752,93,3,34.55,0.0
14697,8753,52,2,46.38,0.0
14698,8754,75,2,6.11,0.15
14699,8754,136,2,260.63,0.1
14700,8755,65,1,135.55,0.0
14701,8755,104,1,31.45,0.0
14702,8756,1,1,103.71,0.0
14703,8757,59,1,86.13,0.0
14704,8758,45,1,17.31,0.05
14705,8758,135,1,29.12,0.0
14706,8759,25,2,40.39,0.15
14707,8759,160,1,119.35,0.1
14708,8759,135,1,28.61,0.15
14709,8760,154,1,81.64,0.15
14710,8761,12,1,42.37,0.0
14711,8761,42,2,75.24,0.0
14712,8762,78,1,50.12,0.0
14713,8762,129,1,72.37,0.0
14714,8763,156,1,33.64,0.1
14715,8764,74,1,265.9,0.0
14716,8764,65,2,131.94,0.0
14717,8765,50,1,13.48,0.0
14718,8765,132,1,70.04,0.05
14719,8765,99,2,65.75,0.0
14720,8766,1,2,101.49,0.1
14721,8767,97,1,85.73,0.1
14722,8767,4,1,254.81,0.0
14723,8767,48,2,168.68,0.0
14724,8768,100,4,53.9,0.0
14725,8769,43,2,57.85,0.0
14726,8769,127,1,26.47,0.0
14727,8769,105,1,56.35,0.0
14728,8770,106,1,91.59,0.1
14729,8771,60,1,154.89,0.15
14730,8772,157,2,344.05,0.05
14731,8772,69,5,92.07,0.0
14732,8773,30,1,50.65,0.15
14733,8774,156,4,34.48,0.15
14734,8775,100,4,53.95,0.15
14735,8776,86,1,42.41,0.05
14736,8776,95,1,45.35,0.0
14737,8776,17,1,25.48,0.0
14738,8777,20,1,18.26,0.0
14739,8778,69,2,88.04,0.05
14740,8779,108,1,75.3,0.05
14741,8780,111,1,11.83,0.1
14742,8780,149,1,106.07,0.05
14743,8781,61,1,42.95,0.0
14744,8782,81,2,52.47,0.0
14745,8782,40,1,75.66,0.1
14746,8783,127,1,26.95,0.0
14747,8784,149,2,104.63,0.1
14748,8785,41,1,124.91,0.1
14749,8786,94,2,47.72,0.15
14750,8787,34,4,24.72,0.0
14751,8788,78,1,49.58,0.15
14752,8789,83,2,243.43,0.0
14753,8789,20,1,18.26,0.0
14754,8789,153,1,34.99,0.0
14755,8790,135,2,29.13,0.1
14756,8791,50,4,13.43,0.05
14757,8792,109,2,81.11,0.0
14758,8793,127,1,26.96,0.0
14759,8793,65,3,133.4,0.0
14760,8794,94,1,49.51,0.05
14761,8795,38,5,11.21,0.0
14762,8796,59,4,86.68,0.0
14763,8797,36,3,22.21,0.0
14764,8798,77,1,69.95,0.1
14765,8799,90,1,103.39,0.0
14766,8799,86,2,41.73,0.0
14767,8799,98,3,83.98,0.05
14768,8800,140,2,21.72,0.0
14769,8800,147,1,21.22,0.05
14770,8800,17,1,26.41,0.0
14771,8801,108,3,77.36,0.1
14772,8801,73,1,63.19,0.0
14773,8802,28,1,91.45,0.0
14774,8803,141,1,79.48,0.0
14775,8804,20,2,18.01,0.0
14776,8805,154,1,78.89,0.0
14777,8806,118,1,22.48,0.0
14778,8806,80,1,11.04,0.15
14779,8806,112,1,64.99,0.1
14780,8807,154,2,78.85,0.15
14781,8807,93,1,34.14,0.1
14782,8808,35,1,133.66,0.1
14783,8808,54,3,111.54,0.15
14784,8809,66,3,217.02,0.0
14785,8810,158,1,98.63,0.0
14786,8811,157,1,345.73,0.05
14787,8811,125,1,108.35,0.0
14788,8812,3,1,118.47,0.0
14789,8812,121,1,133.13,0.1
14790,8813,43,3,59.83,0.0
14791,8814,107,2,356.82,0.0
14792,8815,28,1,89.41,0.05
14793,8816,81,1,53.43,0.0
14794,8817,145,1,82.06,0.15
14795,8818,125,1,112.38,0.0
14796,8819,15,2,13.54,0.0
14797,8819,104,1,31.92,0.1
14798,8820,30,3,50.72,0.0
14799,8820,135,3,28.06,0.0
14800,8821,102,1,45.65,0.15
14801,8821,122,1,28.71,0.0
14802,8822,36,2,21.28,0.05
14803,8823,149,1,104.48,0.05
14804,8824,109,3,81.08,0.0
14805,8824,80,3,10.8,0.15
14806,8824,32,1,349.63,0.0
14807,8825,111,2,11.42,0.1
14808,8825,56,2,153.32,0.0
14809,8825,60,1,153.34,0.05
14810,8826,38,1,11.36,0.0
14811,8826,111,1,11.62,0.15
14812,8826,107,1,351.63,0.0
14813,8827,78,2,49.16,0.05
14814,8827,69,4,89.7,0.1
14815,8828,96,1,17.08,0.0
14816,8829,83,1,248.26,0.15
14817,8829,91,1,72.71,0.0
14818,8830,26,2,72.77,0.1
14819,8831,78,1,50.43,0.0
14820,8831,83,1,239.79,0.05
14821,8832,99,2,64.14,0.1
14822,8833,58,3,50.1,0.0
14823,8833,32,5,343.76,0.15
14824,8834,93,1,34.37,0.05
14825,8834,133,2,25.62,0.15
14826,8834,48,2,167.95,0.1
14827,8834,113,2,67.12,0.1
14828,8835,120,1,128.04,0.0
14829,8835,26,1,71.99,0.1
14830,8835,55,1,163.25,0.0
14831,8836,36,2,21.78,0.15
14832,8837,6,2,51.69,0.15
14833,8838,160,3,116.09,0.0
14834,8839,94,2,48.1,0.15
14835,8839,99,1,63.69,0.1
14836,8839,153,1,35.98,0.1
14837,8840,79,4,71.5,0.0
14838,8840,45,2,16.89,0.05
14839,8841,111,2,11.74,0.05
14840,8841,109,2,84.07,0.0
14841,8841,119,2,184.81,0.0
14842,8842,13,2,82.47,0.0
14843,8842,92,1,156.59,0.15
14844,8843,16,3,39.17,0.0
14845,8843,55,2,160.38,0.0
14846,8843,79,2,71.29,0.0
14847,8844,152,3,88.04,0.0
14848,8845,36,2,21.2,0.1
14849,8845,144,1,76.53,0.0
14850,8845,147,2,21.02,0.05
14851,8846,148,2,19.48,0.1
14852,8847,20,1,18.46,0.1
14853,8847,113,1,70.32,0.0
14854,8847,48,1,169.63,0.15
14855,8847,102,1,43.96,0.1
14856,8848,91,1,70.51,0.0
14857,8849,119,3,178.71,0.15
14858,8849,24,1,18.15,0.1
14859,8849,23,2,70.52,0.1
14860,8850,125,1,112.7,0.0
14861,8850,146,4,128.45,0.0
14862,8850,157,4,357.52,0.15
14863,8851,76,3,138.95,0.15
14864,8852,19,1,28.61,0.0
14865,8852,153,2,34.55,0.05
14866,8853,113,2,69.22,0.0
14867,8853,124,3,18.31,0.05
14868,8854,89,3,40.5,0.15
14869,8854,88,1,85.54,0.0
14870,8854,54,3,112.8,0.05
14871,8854,51,2,89.08,0.0
14872,8855,54,2,110.45,0.1
14873,8855,101,3,17.9,0.1
14874,8855,122,1,29.24,0.1
14875,8856,135,1,28.26,0.0
14876,8856,150,3,85.36,0.0
14877,8856,54,4,115.63,0.0
14878,8856,145,1,82.29,0.1
14879,8857,135,3,28.52,0.0
14880,8857,1,4,99.46,0.05
14881,8857,113,1,69.93,0.15
14882,8858,91,1,69.97,0.0
14883,8858,19,1,29.27,0.15
14884,8859,73,1,63.35,0.1
14885,8859,2,3,56.36,0.0
14886,8860,9,1,43.11,0.15
14887,8860,102,1,43.75,0.15
14888,8861,152,1,90.05,0.0
14889,8862,34,3,25.19,0.0
14890,8862,24,2,18.34,0.05
14891,8863,158,1,100.89,0.0
14892,8863,156,1,34.11,0.1
14893,8864,83,2,251.18,0.15
14894,8865,107,1,363.84,0.05
14895,8866,13,1,79.81,0.0
14896,8867,104,1,31.18,0.0
14897,8867,72,3,259.88,0.0
14898,8867,19,1,28.88,0.1
14899,8867,69,1,89.49,0.0
14900,8868,89,1,40.33,0.0
14901,8868,47,3,42.31,0.0
14902,8869,33,2,62.96,0.0
14903,8869,146,3,133.31,0.0
14904,8869,50,3,13.41,0.1
14905,8870,98,1,82.54,0.05
14906,8870,137,1,32.11,0.0
14907,8871,126,1,461.12,0.1
14908,8871,113,1,68.16,0.1
14909,8872,41,2,129.19,0.0
14910,8873,12,1,42.54,0.05
14911,8874,35,2,136.41,0.0
14912,8874,122,1,28.69,0.0
14913,8875,74,1,267.94,0.0
14914,8875,131,5,16.47,0.0
14915,8875,32,1,343.74,0.0
14916,8876,22,4,52.22,0.1
14917,8877,42,1,76.34,0.0
14918,8878,112,1,62.39,0.05
14919,8879,148,3,19.39,0.0
14920,8879,121,2,131.48,0.15
14921,8879,150,5,84.31,0.05
14922,8880,118,2,22.73,0.15
14923,8880,65,1,136.29,0.0
14924,8880,35,1,138.39,0.0
14925,8881,40,1,76.96,0.0
14926,8882,57,1,30.99,0.05
14927,8882,158,1,99.8,0.1
14928,8883,8,1,132.93,0.05
14929,8884,129,4,69.5,0.1
14930,8884,56,1,152.72,0.05
14931,8885,73,4,63.62,0.0
14932,8886,138,1,47.82,0.05
14933,8886,25,1,40.14,0.0
14934,8887,56,2,153.96,0.0
14935,8887,128,1,39.99,0.0
14936,8888,87,2,148.32,0.0
14937,8889,92,1,155.74,0.0
14938,8889,140,5,21.33,0.05
14939,8890,1,1,101.03,0.15
14940,8891,56,3,149.12,0.05
14941,8892,142,1,211.84,0.1
14942,8892,99,1,64.17,0.0
14943,8892,115,2,55.5,0.0
14944,8892,75,1,6.17,0.15
14945,8893,135,4,28.5,0.0
14946,8894,88,1,85.47,0.0
14947,8894,116,1,84.78,0.0
14948,8895,27,1,23.14,0.15
14949,8896,135,2,28.48,0.0
14950,8897,123,1,231.63,0.05
14951,8898,127,2,26.81,0.05
14952,8898,2,3,57.4,0.1
14953,8899,69,1,90.96,0.0
14954,8900,59,1,88.41,0.0
14955,8900,48,2,168.54,0.15
14956,8900,10,1,107.84,0.0
14957,8900,138,3,47.42,0.0
14958,8901,132,2,68.85,0.0
14959,8901,8,5,128.49,0.0
14960,8902,66,1,217.46,0.1
14961,8902,87,1,151.04,0.0
14962,8902,1,1,101.84,0.15
14963,8903,154,1,81.51,0.15
14964,8904,68,1,159.35,0.1
14965,8904,120,-4,127.9,0.15
14966,8904,148,1,19.91,0.0
14967,8904,66,1,220.18,0.0
14968,8905,131,2,15.77,0.05
14969,8905,66,1,215.31,0.05
14970,8906,72,3,257.7,0.05
14971,8907,35,1,136.36,0.0
14972,8907,43,1,57.65,0.0
14973,8908,151,2,82.91,0.0
14974,8909,39,1,19.19,0.05
14975,8909,47,2,42.92,0.05
14976,8909,114,5,587.63,0.0
14977,8909,110,1,59.39,0.0
14978,8910,66,1,214.77,0.0
14979,8910,71,-5,88.54,0.0
14980,8911,96,1,17.0,0.0
14981,8912,49,1,87.89,0.1
14982,8913,13,2,79.4,0.0
14983,8913,88,2,86.36,0.0
14984,8913,72,2,264.51,0.0
14985,8913,14,1,11.83,0.1
14986,8914,144,2,76.05,0.0
14987,8915,36,2,21.5,0.0
14988,8915,10,2,103.5,0.1
14989,8916,23,1,68.25,0.15
14990,8916,59,2,86.66,0.15
14991,8917,55,2,166.54,0.1
14992,8918,94,1,48.27,0.0
14993,8919,1,3,103.02,0.0
14994,8920,55,1,165.47,0.05
14995,8921,151,1,79.84,0.15
14996,8921,126,1,455.24,0.15
14997,8922,81,1,53.75,0.0
14998,8923,61,1,43.07,0.15
14999,8923,70,4,35.94,0.0
15000,8924,69,1,87.74,0.05
15001,8925,45,3,17.34,0.0
15002,8925,69,1,89.16,0.05
15003,8926,96,2,16.98,0.1
15004,8926,118,1,22.83,0.05
15005,8927,151,1,83.18,0.15
15006,8927,139,2,138.21,0.15
15007,8928,44,1,50.39,0.0
15008,8928,95,1,45.22,0.15
15009,8928,3,2,115.93,0.0
15010,8929,152,1,90.31,0.0
15011,8930,33,1,62.79,0.0
15012,8931,125,1,112.08,0.05
15013,8931,76,2,134.73,0.05
15014,8932,11,2,41.91,0.0
15015,8933,153,1,35.88,0.1
15016,8933,3,1,117.9,0.15
15017,8934,49,1,88.16,0.0
15018,8935,51,4,86.84,0.0
15019,8935,95,1,46.26,0.0
15020,8935,22,1,51.98,0.15
15021,8935,4,1,252.53,0.15
15022,8936,66,1,221.12,0.0
15023,8936,77,2,70.69,0.1
15024,8936,108,1,76.17,0.05
15025,8937,12,3,43.73,0.05
15026,8937,43,2,59.61,0.1
15027,8937,113,2,69.56,0.1
15028,8938,146,2,131.65,0.05
15029,8939,10,2,104.84,0.0
15030,8940,98,3,84.35,0.0
15031,8940,21,1,242.79,0.1
15032,8940,147,5,20.85,0.05
15033,8940,137,2,31.98,0.0
15034,8941,57,2,30.37,0.0
15035,8942,31,1,37.24,0.05
15036,8942,127,2,27.21,0.15
15037,8942,101,4,18.66,0.05
15038,8943,43,2,58.18,0.05
15039,8944,144,2,78.22,0.0
15040,8945,110,1,60.43,0.05
15041,8945,109,1,83.32,0.1
15042,8946,13,1,80.19,0.0
15043,8946,147,3,21.3,0.0
15044,8946,130,1,42.03,0.15
15045,8947,16,1,39.18,0.0
15046,8947,89,1,39.94,0.0
15047,8947,118,1,22.74,0.05
15048,8948,157,1,349.29,0.0
15049,8949,43,1,60.04,0.0
15050,8950,129,1,71.21,0.15
15051,8951,28,1,89.81,0.1
15052,8951,93,4,34.93,0.0
15053,8951,54,1,112.53,0.0
15054,8952,94,1,48.57,0.1
15055,8953,98,2,80.65,0.05
15056,8954,154,1,81.19,0.15
15057,8955,119,4,181.23,0.05
15058,8956,156,1,35.04,0.05
15059,8956,152,1,89.59,0.05
15060,8956,78,1,49.27,0.15
15061,8957,13,1,82.69,0.05
15062,8958,92,1,153.82,0.15
15063,8959,136,2,260.73,0.15
15064,8960,123,2,227.33,0.0
15065,8961,123,2,226.39,0.1
15066,8961,14,1,11.34,0.0
15067,8962,49,1,87.12,0.15
15068,8963,153,2,36.04,0.0
15069,8964,140,1,21.37,0.0
15070,8964,36,2,22.17,0.0
15071,8965,29,1,36.9,0.05
15072,8965,11,2,42.77,0.0
15073,8966,55,1,162.81,0.0
15074,8966,142,2,211.53,0.05
15075,8966,98,1,83.72,0.05
15076,8967,96,3,17.22,0.0
15077,8968,23,1,69.99,0.0
15078,8968,10,1,107.85,0.0
15079,8968,61,1,42.78,0.0
15080,8969,157,1,354.97,0.0
15081,8970,81,3,53.54,0.05
15082,8970,19,2,28.24,0.0
15083,8970,97,1,85.68,0.0
15084,8971,42,5,74.88,0.0
15085,8971,65,2,133.08,0.1
15086,8971,22,1,53.53,0.0
15087,8972,100,3,51.65,0.0
15088,8973,138,1,47.93,0.0
15089,8974,156,1,34.38,0.0
15090,8974,26,4,71.08,0.0
15091,8974,93,2,34.04,0.15
15092,8975,144,2,78.48,0.1
15093,8975,137,1,32.53,0.15
15094,8976,10,2,103.55,0.15
15095,8976,66,1,215.93,0.1
15096,8977,112,3,62.58,0.0
15097,8978,3,1,116.28,0.1
15098,8979,86,5,41.82,0.0
15099,8980,138,3,48.2,0.0
15100,8981,96,1,17.55,0.0
15101,8982,86,3,40.57,0.0
15102,8983,113,3,70.16,0.1
15103,8983,117,1,61.84,0.05
15104,8984,128,1,39.6,0.0
15105,8984,110,2,60.75,0.05
15106,8984,72,1,262.96,0.05
15107,8984,121,3,133.81,0.15
15108,8985,96,2,17.35,0.1
15109,8985,31,1,37.15,0.1
15110,8985,54,2,114.66,0.1
15111,8986,143,2,15.3,0.0
15112,8986,96,4,17.1,0.0
15113,8986,112,2,65.06,0.0
15114,8987,102,2,43.72,0.0
15115,8987,121,1,129.57,0.0
15116,8988,20,2,18.27,0.05
15117,8988,1,2,100.33,0.1
15118,8989,38,1,11.06,0.0
15119,8989,55,1,165.64,0.1
15120,8989,3,1,117.87,0.0
15121,8990,135,1,27.99,0.05
15122,8991,51,2,87.79,0.0
15123,8991,36,2,22.22,0.15
15124,8992,37,1,79.79,0.0
15125,8993,115,2,53.48,0.0
15126,8993,133,2,25.53,0.0
15127,8994,70,1,35.77,0.0
15128,8994,120,1,128.07,0.0
15129,8994,146,1,133.38,0.1
15130,8995,30,1,51.0,0.15
15131,8996,80,1,11.12,0.0
15132,8997,8,1,128.91,0.0
15133,8998,90,5,102.06,0.0
15134,8998,135,1,28.7,0.1
15135,8999,15,1,13.55,0.05
15136,9000,16,1,38.83,0.0
15137,9001,111,4,11.46,0.05
15138,9002,28,1,88.88,0.0
15139,9002,98,1,82.68,0.0
15140,9003,96,2,17.47,0.1
15141,9003,107,1,347.27,0.0
15142,9004,31,1,37.72,0.15
15143,9005,23,1,67.4,0.0
15144,9006,137,2,32.54,0.0
15145,9007,80,5,10.85,0.05
15146,9008,17,3,26.61,0.0
15147,9008,133,4,25.11,0.15
15148,9009,88,1,86.46,0.0
15149,9009,19,1,29.07,0.15
15150,9009,53,1,34.57,0.15
15151,9010,28,1,93.23,0.0
15152,9011,14,3,11.38,0.0
15153,9012,113,5,67.14,0.0
15154,9012,18,1,84.46,0.1
15155,9013,72,1,257.7,0.05
15156,9014,101,1,17.96,0.15
15157,9015,77,1,69.22,0.0
15158,9015,110,1,61.28,0.0
15159,9015,121,1,130.81,0.0
15160,9015,75,3,6.06,0.0
15161,9016,86,2,42.43,0.15
15162,9016,18,1,85.78,0.1
15163,9017,136,2,263.41,0.0
15164,9017,111,1,11.32,0.0
15165,9018,65,2,135.0,0.0
15166,9018,87,1,145.65,0.0
15167,9019,110,1,62.2,0.05
15168,9020,121,2,130.39,0.0
15169,9020,114,1,587.39,0.05
15170,9021,160,1,115.74,0.0
15171,9022,100,2,52.13,0.15
15172,9023,33,1,63.37,0.0
15173,9023,90,1,102.75,0.05
15174,9023,19,3,28.71,0.0
15175,9024,107,2,349.4,0.1
15176,9025,21,2,243.3,0.15
15177,9026,147,1,20.91,0.1
15178,9027,108,1,77.53,0.0
15179,9027,78,1,50.25,0.15
15180,9027,12,4,43.76,0.1
15181,9028,103,1,47.13,0.05
15182,9029,84,3,40.25,0.0
15183,9029,8,2,131.15,0.0
15184,9030,7,2,273.65,0.1
15185,9030,74,1,271.16,0.1
15186,9031,61,2,42.55,0.1
15187,9031,20,1,18.63,0.1
15188,9032,158,2,98.88,0.0
15189,9033,15,2,13.5,0.0
15190,9033,89,2,39.73,0.15
15191,9033,18,1,87.23,0.05
15192,9033,115,1,54.7,0.1
15193,9034,155,1,84.72,0.0
15194,9034,127,2,26.24,0.0
15195,9035,110,1,59.49,0.05
15196,9036,122,1,29.04,0.05
15197,9037,100,1,52.39,0.15
15198,9037,104,1,30.94,0.0
15199,9038,1,2,101.17,0.0
15200,9039,88,2,85.51,0.0
15201,9040,37,1,78.57,0.0
15202,9041,1,1,100.2,0.0
15203,9041,156,1,34.02,0.1
15204,9042,106,4,94.74,0.15
15205,9042,56,1,148.38,0.15
15206,9043,3,1,118.75,0.15
15207,9044,108,2,75.9,0.0
15208,9044,23,2,69.65,0.0
15209,9045,74,4,264.3,0.15
15210,9045,54,3,113.13,0.0
15211,9046,41,1,128.75,0.0
15212,9047,118,1,22.24,0.1
15213,9048,95,1,44.91,0.0
15214,9048,67,2,61.99,0.0
15215,9048,28,3,88.98,0.0
15216,9049,62,3,55.91,0.0
15217,9050,45,1,17.14,0.0
15218,9050,21,1,244.21,0.05
15219,9051,1,1,101.77,0.1
15220,9052,8,5,130.53,0.1
15221,9052,46,1,33.74,0.05
15222,9053,58,1,48.8,0.15
15223,9054,48,2,171.25,0.0
15224,9054,103,1,46.86,0.0
15225,9054,38,3,11.01,0.0
15226,9055,77,1,70.74,0.0
15227,9055,33,1,62.72,0.0
15228,9055,99,1,64.22,0.15
15229,9056,22,1,52.34,0.1
15230,9057,49,3,90.56,0.05
15231,9058,45,1,17.05,0.15
15232,9059,43,1,57.23,0.15
15233,9060,107,1,363.86,0.15
15234,9060,68,5,160.31,0.1
15235,9061,12,1,42.76,0.0
15236,9062,87,5,146.68,0.0
15237,9062,13,4,79.82,0.15
15238,9063,117,5,64.12,0.0
15239,9063,23,3,69.12,0.15
15240,9064,98,3,81.61,0.0
15241,9065,61,1,41.66,0.0
15242,9066,138,2,48.23,0.05
15243,9067,55,2,162.08,0.05
15244,9067,100,1,53.95,0.05
15245,9068,154,1,81.06,0.05
15246,9069,156,2,34.61,0.0
15247,9070,25,1,40.24,0.15
15248,9071,107,2,361.36,0.0
15249,9072,113,1,68.93,0.1
15250,9073,22,4,52.1,0.05
15251,9074,141,2,81.49,0.05
15252,9074,29,2,37.93,0.0
15253,9074,131,1,15.77,0.1
15254,9074,34,1,24.58,0.0
15255,9075,74,2,268.22,0.0
15256,9075,143,1,15.29,0.05
15257,9076,36,1,22.13,0.05
15258,9077,55,2,164.87,0.05
15259,9077,69,3,88.57,0.15
15260,9078,54,1,115.24,0.1
15261,9078,89,3,39.57,0.0
15262,9079,122,3,28.25,0.0
15263,9080,58,1,48.04,0.0
15264,9081,127,1,26.22,0.1
15265,9081,140,4,21.73,0.0
15266,9082,106,1,92.59,0.0
15267,9083,106,2,95.03,0.0
15268,9084,7,1,268.54,0.15
15269,9085,51,1,88.03,0.05
15270,9086,51,1,87.94,0.1
15271,9087,65,1,136.74,0.1
15272,9088,65,1,131.96,0.1
15273,9089,87,4,150.82,0.15
15274,9090,112,1,62.47,0.05
15275,9090,146,1,131.74,0.0
15276,9091,158,-1,97.69,0.1
15277,9091,60,3,155.34,0.0
15278,9091,140,2,20.98,0.0
15279,9092,36,3,22.0,0.0
15280,9093,133,2,25.2,0.05
15281,9094,150,1,84.2,0.15
15282,9095,130,1,41.75,0.1
15283,9096,155,1,85.79,0.0
15284,9097,128,1,39.53,0.05
15285,9097,55,2,166.94,0.0
15286,9097,20,4,17.85,0.0
15287,9098,71,1,90.99,0.1
15288,9099,84,2,40.38,0.0
15289,9099,128,1,39.81,0.0
15290,9100,37,1,78.56,0.0
15291,9101,49,1,88.47,0.0
15292,9101,96,2,17.61,0.15
15293,9102,74,2,270.0,0.15
15294,9103,9,2,42.8,0.0
15295,9103,37,1,77.45,0.15
15296,9104,40,2,76.15,0.15
15297,9104,88,3,86.3,0.15
15298,9104,93,2,33.99,0.0
15299,9105,67,2,61.36,0.0
15300,9106,49,1,88.97,0.0
15301,9107,17,3,25.59,0.0
15302,9108,5,3,53.44,0.15
15303,9108,135,4,27.74,0.15
15304,9108,13,5,82.69,0.1
15305,9109,65,1,137.77,0.0
15306,9110,74,1,270.25,0.15
15307,9110,109,1,83.23,0.15
15308,9111,58,1,49.87,0.05
15309,9111,156,1,34.49,0.1
15310,9112,69,1,91.0,0.0
15311,9112,41,1,128.59,0.15
15312,9113,93,2,34.81,0.0
15313,9114,73,2,61.87,0.05
15314,9115,107,3,360.43,0.1
15315,9115,154,4,80.56,0.0
15316,9115,37,4,79.43,0.05
15317,9116,140,2,21.88,0.1
15318,9117,63,1,24.5,0.0
15319,9118,109,1,82.81,0.0
15320,9118,102,1,44.85,0.05
15321,9119,32,1,341.45,0.0
15322,9119,82,1,89.0,0.15
15323,9120,49,1,87.14,0.15
15324,9120,26,2,70.6,0.0
15325,9120,157,1,356.13,0.05
15326,9121,128,1,38.68,0.0
15327,9121,87,1,150.73,0.0
15328,9121,24,1,18.18,0.1
15329,9122,18,1,84.86,0.0
15330,9122,57,2,30.99,0.0
15331,9122,55,1,164.88,0.0
15332,9123,14,1,11.4,0.0
15333,9123,34,1,25.39,0.0
15334,9123,16,2,38.89,0.05
15335,9124,112,2,62.75,0.0
15336,9124,120,1,124.74,0.05
15337,9125,29,1,38.69,0.1
15338,9125,78,4,50.35,0.05
15339,9126,92,1,156.03,0.0
15340,9127,123,1,235.65,0.1
15341,9127,133,5,25.59,0.0
15342,9127,108,2,77.19,0.1
15343,9128,123,1,228.19,0.0
15344,9128,122,2,29.17,0.0
15345,9129,121,2,135.62,0.0
15346,9130,122,1,29.22,0.0
15347,9131,142,3,211.64,0.05
15348,9132,17,2,26.46,0.1
15349,9132,101,1,18.14,0.05
15350,9133,42,1,75.57,0.15
15351,9134,3,3,114.02,0.05
15352,9135,3,1,118.29,0.0
15353,9136,116,4,85.63,0.15
15354,9136,108,2,75.43,0.05
15355,9136,27,1,23.4,0.15
15356,9137,144,1,75.21,0.15
15357,9138,105,1,56.94,0.1
15358,9138,110,1,60.87,0.0
15359,9139,65,2,138.24,0.05
15360,9140,20,1,18.44,0.1
15361,9141,133,1,24.47,0.05
15362,9141,18,1,84.2,0.15
15363,9142,35,2,138.24,0.1
15364,9143,153,3,34.81,0.0
15365,9143,44,1,49.6,0.05
15366,9143,139,4,138.2,0.0
15367,9144,105,2,56.23,0.15
15368,9145,46,1,34.59,0.0
15369,9145,68,1,163.36,0.0
15370,9146,55,2,166.61,0.15
15371,9146,74,1,262.67,0.1
15372,9146,135,1,28.96,0.05
15373,9147,133,5,24.88,0.1
15374,9147,66,2,216.37,0.05
15375,9148,3,4,117.06,0.15
15376,9148,20,2,18.0,0.0
15377,9149,51,1,87.54,0.0
15378,9149,46,2,34.49,0.05
15379,9149,31,2,37.67,0.05
15380,9150,113,1,67.1,0.15
15381,9150,149,4,101.55,0.0
15382,9151,74,1,267.4,0.1
15383,9152,132,1,67.93,0.0
15384,9152,31,1,36.92,0.0
15385,9153,126,1,476.16,0.05
15386,9153,76,1,133.16,0.0
15387,9153,44,1,50.28,0.0
15388,9154,148,1,19.84,0.0
15389,9154,79,1,70.25,0.0
15390,9154,152,2,88.62,0.0
15391,9155,95,5,46.65,0.05
15392,9156,134,1,99.48,0.05
15393,9156,46,2,33.9,0.05
15394,9156,122,1,28.86,0.1
15395,9157,27,1,23.45,0.1
15396,9158,110,1,61.47,0.0
15397,9158,94,2,48.37,0.0
15398,9159,85,1,31.89,0.05
15399,9160,29,1,36.97,0.15
15400,9160,57,2,29.99,0.05
15401,9160,148,2,20.22,0.0
15402,9161,75,3,6.03,0.15
15403,9162,78,2,49.06,0.1
15404,9162,152,1,88.16,0.0
15405,9163,95,3,46.15,0.15
15406,9163,148,2,20.0,0.15
15407,9164,27,2,23.53,0.0
15408,9164,65,5,136.68,0.05
15409,9165,27,2,23.51,0.0
15410,9166,149,2,102.52,0.15
15411,9166,39,1,19.82,0.1
15412,9167,100,4,52.55,0.1
15413,9167,91,2,69.26,0.0
15414,9167,11,1,42.49,0.0
15415,9168,74,1,271.64,0.15
15416,9169,10,2,106.27,0.0
15417,9169,55,1,161.72,0.15
15418,9170,155,1,85.92,0.0
15419,9171,42,1,77.39,0.1
15420,9171,59,1,87.83,0.0
15421,9172,17,3,26.58,0.05
15422,9173,116,2,87.38,0.0
15423,9174,67,1,59.96,0.0
15424,9175,141,1,79.27,0.15
15425,9175,95,1,44.6,0.0
15426,9176,99,1,63.8,0.05
15427,9176,97,1,86.88,0.0
15428,9177,106,2,95.45,0.0
15429,9177,48,1,167.27,0.1
15430,9177,74,1,261.98,0.05
15431,9178,56,1,151.31,0.0
15432,9178,114,4,587.71,0.0
15433,9178,131,2,16.15,0.0
15434,9178,27,1,22.69,0.1
15435,9179,143,1,15.27,0.0
15436,9179,106,1,95.41,0.0
15437,9179,147,1,20.89,0.0
15438,9179,156,2,33.37,0.0
15439,9180,52,1,46.72,0.0
15440,9181,119,1,185.66,0.0
15441,9181,122,1,29.41,0.0
15442,9182,124,3,18.15,0.1
15443,9183,154,2,81.45,0.1
15444,9183,29,1,38.3,0.0
15445,9183,31,1,37.79,0.0
15446,9184,159,3,22.4,0.0
15447,9185,144,1,78.3,0.1
15448,9185,99,1,64.28,0.15
15449,9186,3,2,117.88,0.15
15450,9187,139,1,132.09,0.1
15451,9187,25,3,39.29,0.0
15452,9187,65,1,137.34,0.0
15453,9188,85,1,31.24,0.0
15454,9189,116,1,83.59,0.0
15455,9190,48,3,165.71,0.15
15456,9191,93,1,34.73,0.1
15457,9192,76,5,135.26,0.0
15458,9193,64,1,22.12,0.05
15459,9194,24,2,18.28,0.0
15460,9194,20,1,18.03,0.15
15461,9194,77,1,68.86,0.05
15462,9194,101,1,18.41,0.05
15463,9195,71,2,92.17,0.0
15464,9195,99,1,66.49,0.0
15465,9196,67,1,60.52,0.0
15466,9196,91,1,72.59,0.0
15467,9196,5,1,52.36,0.05
15468,9197,136,1,256.22,0.0
15469,9198,67,1,60.98,0.0
15470,9198,69,1,88.91,0.1
15471,9198,115,1,53.64,0.1
15472,9198,15,1,13.83,0.0
15473,9199,111,1,11.76,0.0
15474,9199,131,1,15.88,0.15
15475,9200,138,1,48.76,0.05
15476,9200,28,1,91.23,0.05
15477,9200,27,2,23.52,0.15
15478,9201,92,1,158.88,0.0
15479,9202,68,2,160.68,0.05
15480,9203,151,3,81.64,0.15
15481,9204,158,2,99.3,0.15
15482,9204,90,4,102.56,0.0
15483,9205,104,1,31.94,0.0
15484,9205,74,2,267.53,0.0
15485,9205,77,3,70.34,0.0
15486,9206,53,2,35.61,0.05
15487,9207,21,3,249.24,0.0
15488,9208,54,3,110.18,0.15
15489,9208,153,2,34.42,0.0
15490,9209,136,1,261.89,0.0
15491,9209,69,3,88.62,0.0
15492,9209,87,4,149.45,0.05
15493,9210,10,2,104.73,0.05
15494,9210,47,4,43.34,0.1
15495,9211,81,1,54.69,0.1
15496,9212,131,2,16.47,0.0
15497,9212,60,1,155.85,0.05
15498,9212,19,1,28.66,0.05
15499,9212,7,2,264.64,0.1
15500,9213,155,1,84.35,0.1
15501,9213,156,1,33.79,0.05
15502,9214,17,4,26.52,0.0
15503,9214,108,2,75.93,0.05
15504,9215,15,1,14.03,0.0
15505,9215,10,1,108.01,0.05
15506,9216,87,1,148.49,0.0
15507,9217,70,1,36.35,0.0
15508,9218,43,5,57.94,0.0
15509,9219,115,1,54.64,0.0
15510,9220,46,1,34.25,0.0
15511,9220,61,2,42.19,0.05
15512,9221,73,2,64.13,0.0
15513,9222,109,2,83.61,0.0
15514,9222,110,1,59.46,0.15
15515,9222,81,2,54.41,0.1
15516,9223,119,2,180.83,0.0
15517,9224,8,3,129.82,0.0
15518,9224,113,1,67.29,0.15
15519,9225,132,1,68.52,0.15
15520,9226,143,3,15.53,0.0
15521,9227,16,3,39.87,0.0
15522,9228,148,2,19.54,0.0
15523,9229,100,2,53.78,0.1
15524,9230,16,2,38.66,0.0
15525,9230,148,2,19.87,0.05
15526,9231,103,2,48.2,0.0
15527,9231,137,2,31.32,0.0
15528,9232,82,1,87.94,0.0
15529,9232,23,1,67.4,0.0
15530,9232,12,5,43.71,0.0
15531,9233,56,2,152.29,0.1
15532,9233,41,1,126.91,0.0
15533,9233,119,3,177.94,0.0
15534,9234,154,4,81.62,0.0
15535,9234,122,1,28.53,0.0
15536,9235,67,1,61.79,0.15
15537,9236,59,5,87.7,0.05
15538,9236,16,1,39.59,0.1
15539,9236,124,1,18.33,0.0
15540,9237,16,3,38.91,0.0
15541,9238,68,3,156.92,0.0
15542,9239,95,1,45.84,0.05
15543,9240,30,1,49.1,0.0
15544,9240,126,1,458.41,0.0
15545,9241,70,1,35.96,0.1
15546,9241,15,2,13.98,0.1
15547,9241,155,1,83.05,0.0
15548,9242,70,2,36.25,0.0
15549,9243,153,1,35.56,0.1
15550,9244,91,1,70.62,0.0
15551,9244,150,1,83.16,0.1
15552,9245,45,3,17.25,0.15
15553,9246,108,2,77.74,0.1
15554,9246,33,1,63.87,0.05
15555,9247,40,1,78.44,0.0
15556,9248,118,2,23.24,0.05
15557,9248,32,1,339.91,0.1
15558,9249,122,1,28.94,0.0
15559,9250,127,2,26.12,0.0
15560,9251,23,1,70.02,0.15
15561,9251,47,4,42.57,0.15
15562,9252,31,4,38.36,0.15
15563,9253,142,1,208.13,0.0
15564,9254,31,4,36.99,0.0
15565,9255,75,2,6.01,0.0
15566,9256,76,4,135.23,0.15
15567,9257,83,2,245.17,0.0
15568,9258,160,2,114.65,0.05
15569,9259,63,1,24.32,0.0
15570,9260,112,4,61.92,0.0
15571,9261,95,5,44.82,0.0
15572,9262,33,1,64.08,0.1
15573,9263,110,2,60.47,0.0
15574,9264,122,1,28.74,0.05
15575,9264,119,1,185.25,0.1
15576,9265,16,1,39.15,0.0
15577,9266,150,1,83.77,0.05
15578,9266,8,2,132.36,0.0
15579,9267,104,2,30.95,0.1
15580,9268,36,5,21.98,0.15
15581,9269,22,1,52.33,0.15
15582,9269,139,2,135.38,0.1
15583,9270,74,2,260.47,0.0
15584,9270,35,1,139.45,0.15
15585,9271,21,1,240.96,0.1
15586,9271,40,1,77.87,0.1
15587,9271,32,1,346.0,0.15
15588,9271,99,1,64.08,0.0
15589,9272,45,2,17.45,0.0
15590,9273,5,2,53.36,0.05
15591,9274,2,1,56.0,0.15
15592,9275,134,2,101.55,0.0
15593,9276,123,2,227.91,0.0
15594,9276,8,4,127.4,0.1
15595,9277,2,1,56.83,0.0
15596,9278,32,2,349.57,0.0
15597,9279,121,2,130.8,0.0
15598,9280,19,2,28.84,0.0
15599,9280,146,3,133.61,0.05
15600,9280,7,2,269.95,0.0
15601,9281,15,4,13.89,0.0
15602,9281,160,1,117.53,0.0
15603,9281,151,2,81.62,0.05
15604,9282,153,2,35.76,0.15
15605,9283,56,4,152.48,0.15
15606,9284,29,3,38.23,0.15
15607,9284,107,1,360.31,0.05
15608,9284,87,1,151.67,0.0
15609,9285,96,3,17.33,0.0
15610,9286,45,1,16.97,0.0
15611,9286,89,1,39.63,0.15
15612,9286,144,1,78.61,0.15
15613,9287,60,1,154.58,0.1
15614,9287,136,1,260.61,0.0
15615,9288,144,1,76.21,0.05
15616,9289,43,2,57.13,0.1
15617,9289,121,2,133.77,0.15
15618,9289,146,4,134.61,0.0
15619,9290,136,1,259.99,0.1
15620,9291,49,1,90.49,0.15
15621,9292,132,4,68.3,0.0
15622,9292,70,3,36.61,0.1
15623,9293,108,1,77.3,0.0
15624,9294,83,1,243.92,0.05
15625,9294,70,1,36.4,0.0
15626,9295,20,1,17.79,0.0
15627,9296,48,5,170.29,0.1
15628,9296,79,2,70.96,0.0
15629,9297,149,4,103.78,0.0
15630,9298,30,2,49.19,0.0
15631,9298,123,1,230.0,0.0
15632,9299,3,1,114.9,0.0
15633,9300,117,3,61.49,0.05
15634,9300,93,1,34.98,0.0
15635,9300,41,1,126.65,0.0
15636,9301,9,1,41.55,0.15
15637,9302,92,1,157.31,0.05
15638,9303,129,1,71.58,0.1
15639,9303,27,1,22.85,0.0
15640,9304,147,1,21.42,0.0
15641,9304,78,3,50.36,0.0
15642,9305,134,3,101.06,0.1
15643,9306,111,1,11.47,0.0
15644,9307,102,2,44.87,0.15
15645,9308,6,4,51.68,0.15
15646,9308,93,1,34.48,0.05
15647,9309,126,2,465.2,0.0
15648,9309,4,3,255.39,0.05
15649,9310,19,1,29.06,0.1
15650,9311,4,4,261.78,0.0
15651,9311,122,1,28.69,0.0
15652,9312,58,3,50.31,0.0
15653,9313,115,1,55.06,0.0
15654,9314,82,1,89.48,0.1
15655,9314,72,4,259.94,0.0
15656,9315,131,1,15.85,0.05
15657,9316,115,1,54.93,0.0
15658,9317,29,3,37.22,0.0
15659,9318,141,2,80.45,0.15
15660,9319,57,1,30.53,0.05
15661,9320,133,2,24.7,0.05
15662,9320,7,1,275.01,0.15
15663,9321,122,1,28.05,0.0
15664,9322,75,1,6.02,0.15
15665,9322,73,1,62.82,0.0
15666,9322,110,1,62.1,0.05
15667,9323,126,5,477.79,0.15
15668,9324,63,1,24.15,0.0
15669,9325,116,2,85.93,0.05
15670,9326,61,3,41.18,0.1
15671,9326,31,2,37.61,0.05
15672,9327,120,1,129.44,0.0
15673,9328,20,1,18.37,0.1
15674,9328,71,1,91.82,0.0
15675,9329,91,1,70.24,0.0
15676,9330,25,2,39.44,0.05
15677,9331,104,5,32.25,0.0
15678,9331,123,1,225.22,0.05
15679,9332,20,1,18.5,0.15
15680,9333,26,2,71.61,0.05
15681,9333,3,1,114.14,0.05
15682,9334,135,1,28.17,0.15
15683,9335,151,1,81.73,0.0
15684,9336,92,2,154.27,0.0
15685,9337,144,2,76.33,0.0
15686,9337,52,1,46.11,0.0
15687,9338,109,1,80.95,0.0
15688,9338,97,1,84.34,0.15
15689,9339,108,1,75.32,0.0
15690,9339,147,1,21.74,0.15
15691,9340,52,3,46.93,0.0
15692,9341,54,1,114.51,0.05
15693,9342,24,2,18.36,0.15
15694,9343,103,1,48.35,0.05
15695,9344,45,4,17.59,0.15
15696,9344,80,3,10.91,0.1
15697,9345,51,2,87.87,0.0
15698,9345,71,2,90.27,0.0
15699,9345,97,1,85.1,0.0
15700,9345,118,1,22.13,0.15
15701,9346,36,1,21.75,0.15
15702,9347,59,2,85.84,0.15
15703,9348,127,1,27.21,0.0
15704,9348,47,1,44.0,0.05
15705,9349,14,5,11.78,0.0
15706,9350,157,1,342.45,0.0
15707,9350,46,2,33.88,0.15
15708,9350,124,1,18.47,0.05
15709,9351,71,2,90.7,0.0
15710,9352,145,1,83.67,0.0
15711,9352,114,1,605.26,0.15
15712,9353,7,1,262.9,0.0
15713,9354,96,2,17.71,0.0
15714,9354,142,2,215.92,0.1
15715,9354,140,1,21.29,0.1
15716,9355,111,1,11.74,0.0
15717,9355,83,3,241.72,0.1
15718,9356,81,1,52.58,0.1
15719,9357,29,1,36.96,0.1
15720,9358,146,2,129.67,0.15
15721,9358,51,2,87.74,0.0
15722,9358,19,1,27.98,0.15
15723,9359,31,1,37.18,0.15
15724,9359,45,1,17.52,0.1
15725,9360,17,3,25.63,0.15
15726,9361,23,3,70.15,0.15
15727,9362,87,1,146.87,0.05
15728,9362,34,5,24.95,0.0
15729,9362,160,5,117.63,0.0
15730,9363,29,1,37.52,0.0
15731,9363,69,1,90.06,0.1
15732,9364,119,1,180.32,0.15
15733,9365,160,2,115.36,0.1
15734,9365,133,2,24.44,0.15
15735,9366,160,1,117.59,0.0
15736,9367,3,2,114.63,0.0
15737,9367,49,3,88.94,0.05
15738,9367,38,1,11.43,0.0
15739,9367,95,3,46.85,0.05
15740,9368,142,1,212.32,0.15
15741,9368,76,2,134.62,0.0
15742,9369,144,1,77.93,0.1
15743,9369,96,1,17.39,0.05
15744,9369,37,4,78.4,0.15
15745,9370,128,2,38.71,0.05
15746,9370,47,1,42.97,0.0
15747,9370,131,1,16.2,0.15
15748,9371,35,1,137.29,0.0
15749,9371,108,5,74.43,0.05
15750,9372,86,1,40.71,0.05
15751,9372,1,1,101.14,0.05
15752,9373,113,2,68.43,0.0
15753,9374,27,1,22.97,0.05
15754,9375,77,1,72.06,0.1
15755,9375,146,1,134.07,0.05
15756,9376,54,4,110.6,0.1
15757,9377,64,1,22.06,0.0
15758,9378,133,1,25.26,0.0
15759,9378,90,1,103.94,0.0
15760,9379,156,1,34.49,0.0
15761,9379,152,1,87.11,0.1
15762,9380,82,1,87.82,0.0
15763,9381,89,1,40.11,0.15
15764,9381,127,1,26.06,0.05
15765,9382,147,1,21.68,0.15
15766,9383,47,1,42.47,0.0
15767,9384,96,1,17.01,0.1
15768,9385,47,4,43.26,0.0
15769,9385,79,3,71.32,0.0
15770,9386,18,1,87.99,0.0
15771,9387,2,1,57.42,0.0
15772,9388,40,5,78.22,0.05
15773,9388,52,3,45.52,0.0
15774,9389,16,1,39.35,0.0
15775,9390,72,1,254.56,0.0
15776,9391,141,2,80.53,0.0
15777,9391,112,2,62.73,0.0
15778,9392,11,1,42.49,0.15
15779,9392,52,1,46.01,0.15
15780,9392,142,1,211.48,0.0
15781,9393,44,1,50.74,0.0
15782,9394,119,2,185.95,0.0
15783,9395,70,1,36.09,0.05
15784,9395,130,2,41.56,0.1
15785,9396,121,2,132.7,0.15
15786,9397,112,1,63.53,0.15
15787,9397,144,1,78.38,0.0
15788,9398,50,4,13.57,0.1
15789,9398,56,1,150.93,0.1
15790,9399,137,1,31.6,0.0
15791,9399,96,2,17.73,0.15
15792,9399,22,3,54.33,0.05
15793,9399,46,1,33.5,0.0
15794,9400,103,1,47.98,0.0
15795,9401,80,4,10.84,0.0
15796,9402,61,4,41.9,0.05
15797,9403,39,1,19.74,0.05
15798,9403,18,1,84.22,0.0
15799,9404,48,2,164.25,0.0
15800,9404,119,1,178.71,0.1
15801,9405,53,1,34.6,0.15
15802,9405,115,1,54.94,0.0
15803,9405,27,1,22.5,0.15
15804,9406,147,1,20.91,0.1
15805,9406,104,1,32.28,0.0
15806,9406,36,1,21.82,0.0
15807,9407,146,2,133.93,0.15
15808,9408,57,2,30.03,0.1
15809,9409,147,1,20.99,0.1
15810,9409,146,2,128.82,0.05
15811,9410,160,1,115.34,0.05
15812,9410,152,1,90.43,0.0
15813,9411,53,3,35.07,0.15
15814,9412,27,3,22.88,0.1
15815,9413,96,1,17.18,0.15
15816,9414,119,2,181.97,0.0
15817,9414,94,1,47.91,0.1
15818,9415,68,1,162.36,0.0
15819,9416,159,2,22.08,0.05
15820,9417,81,2,53.59,0.0
15821,9417,22,1,54.27,0.1
15822,9418,112,2,64.3,0.15
15823,9419,138,2,47.52,0.15
15824,9419,34,1,24.93,0.0
15825,9420,20,1,18.44,0.0
15826,9421,94,4,47.47,0.15
15827,9422,90,3,100.55,0.15
15828,9423,98,1,80.78,0.0
15829,9423,65,1,132.54,0.05
15830,9424,116,1,83.52,0.0
15831,9425,125,1,111.88,0.05
15832,9426,81,2,54.11,0.15
15833,9426,158,1,99.13,0.0
15834,9427,136,2,255.62,0.0
15835,9427,54,3,113.2,0.0
15836,9427,158,1,100.83,0.0
15837,9428,126,2,461.44,0.0
15838,9429,144,1,77.73,0.0
15839,9429,93,2,34.04,0.1
15840,9430,47,-1,43.17,0.1
15841,9430,79,3,72.03,0.15
15842,9430,38,1,11.28,0.0
15843,9430,19,-1,28.02,0.0
15844,9431,4,2,259.81,0.0
15845,9432,56,1,151.36,0.0
15846,9432,30,2,51.27,0.15
15847,9432,82,2,89.12,0.0
15848,9433,97,4,84.59,0.15
15849,9434,25,3,40.61,0.1
15850,9434,14,1,11.74,0.05
15851,9435,79,1,70.05,0.15
15852,9435,117,1,61.58,0.05
15853,9435,91,1,69.71,0.0
15854,9436,63,1,23.95,0.1
15855,9437,44,1,49.98,0.0
15856,9438,101,3,18.52,0.15
15857,9438,64,2,21.99,0.0
15858,9438,111,1,11.63,0.15
15859,9439,56,1,151.15,0.05
15860,9440,101,2,18.17,0.0
15861,9441,77,2,69.86,0.1
15862,9442,3,3,116.2,0.1
15863,9443,86,3,40.98,0.05
15864,9443,83,2,247.75,0.15
15865,9443,135,1,28.43,0.0
15866,9443,92,1,153.58,0.05
15867,9444,7,1,273.73,0.05
15868,9444,98,1,83.22,0.0
15869,9445,131,1,15.82,0.0
15870,9445,97,3,86.56,0.0
15871,9446,82,2,89.07,0.15
15872,9446,61,2,42.42,0.0
15873,9447,15,4,13.5,0.05
15874,9448,64,3,21.88,0.0
15875,9449,41,1,127.67,0.1
15876,9449,114,2,591.03,0.0
15877,9449,9,2,42.79,0.0
15878,9450,85,1,32.05,0.0
15879,9450,10,2,103.68,0.1
15880,9450,144,2,77.67,0.0
15881,9450,12,1,42.23,0.1
15882,9451,158,1,99.44,0.0
15883,9451,17,2,26.64,0.1
15884,9451,85,1,31.1,0.0
15885,9452,47,1,43.19,0.1
15886,9453,123,4,224.09,0.0
15887,9454,68,3,156.49,0.1
15888,9454,84,1,40.71,0.05
15889,9455,136,3,263.05,0.0
15890,9456,62,1,54.05,0.1
15891,9457,40,2,77.44,0.05
15892,9458,24,2,17.6,0.05
15893,9458,45,1,17.56,0.1
15894,9459,48,4,165.49,0.15
15895,9460,13,1,81.02,0.1
15896,9460,28,1,89.17,0.0
15897,9460,90,1,101.81,0.0
15898,9461,60,1,157.6,0.05
15899,9461,121,1,134.63,0.0
15900,9462,28,1,90.55,0.15
15901,9462,94,1,47.61,0.0
15902,9463,43,3,59.3,0.0
15903,9464,131,1,16.4,0.1
15904,9464,154,2,79.84,0.0
15905,9465,24,2,17.66,0.0
15906,9466,136,1,263.01,0.0
15907,9467,57,1,30.44,0.15
15908,9467,109,2,80.64,0.15
15909,9468,144,1,77.69,0.0
15910,9469,87,1,146.77,0.15
15911,9469,28,2,91.67,0.0
15912,9470,36,3,21.21,0.15
15913,9471,140,1,21.31,0.15
15914,9472,11,1,43.61,0.0
15915,9473,127,2,26.14,0.15
15916,9473,25,1,40.49,0.1
15917,9473,49,1,90.68,0.05
15918,9473,95,1,46.27,0.1
15919,9474,120,1,126.53,0.1
15920,9475,22,2,52.84,0.15
15921,9476,93,2,33.89,0.0
15922,9476,5,2,52.93,0.1
15923,9477,8,1,129.16,0.05
15924,9478,147,2,21.16,0.1
15925,9479,84,3,41.51,0.0
15926,9479,110,2,60.53,0.05
15927,9479,66,2,217.78,0.0
15928,9480,37,1,79.03,0.0
15929,9480,23,3,68.21,0.0
15930,9480,29,1,38.62,0.15
15931,9480,33,1,65.06,0.0
15932,9481,79,1,70.15,0.05
15933,9481,4,2,254.22,0.0
15934,9481,48,1,168.84,0.15
15935,9482,112,1,63.63,0.15
15936,9482,54,1,114.9,0.05
15937,9482,50,1,13.36,0.15
15938,9483,112,3,63.67,0.15
15939,9484,115,1,54.11,0.0
15940,9484,16,1,38.6,0.1
15941,9485,113,2,68.48,0.05
15942,9485,104,3,30.91,0.0
15943,9486,19,3,28.99,0.15
15944,9487,62,3,55.86,0.0
15945,9488,59,2,86.15,0.0
15946,9489,107,3,359.1,0.0
15947,9489,132,1,70.22,0.0
15948,9490,24,3,18.3,0.0
15949,9490,41,2,123.76,0.05
15950,9491,29,2,38.05,0.0
15951,9491,135,1,28.73,0.0
15952,9492,97,1,84.25,0.0
15953,9493,150,1,85.75,0.1
15954,9493,119,1,185.04,0.1
15955,9493,143,4,15.09,0.0
15956,9494,127,2,27.04,0.0
15957,9494,107,1,354.17,0.05
15958,9495,47,2,43.86,0.15
15959,9495,6,1,53.89,0.0
15960,9496,97,1,85.14,0.1
15961,9496,28,1,93.07,0.15
15962,9497,139,3,133.66,0.15
15963,9498,41,4,128.07,0.15
15964,9498,109,2,80.76,0.0
15965,9499,71,1,90.33,0.15
15966,9499,50,1,13.07,0.0
15967,9500,82,1,90.43,0.0
15968,9501,113,3,67.28,0.05
15969,9501,110,3,59.99,0.1
15970,9502,83,2,249.54,0.15
15971,9502,6,1,53.66,0.0
15972,9503,71,2,90.23,0.1
15973,9503,63,1,24.63,0.05
15974,9503,26,1,73.25,0.15
15975,9504,83,1,242.35,0.15
15976,9504,13,4,82.83,0.15
15977,9504,8,1,131.67,0.0
15978,9505,36,1,21.66,0.0
15979,9506,94,1,48.75,0.0
15980,9507,110,1,60.65,0.1
15981,9507,81,2,53.5,0.0
15982,9508,76,1,133.89,0.0
15983,9508,91,1,69.49,0.0
15984,9509,28,1,92.88,0.0
15985,9510,43,1,58.16,0.0
15986,9511,105,1,56.62,0.0
15987,9512,10,1,103.37,0.15
15988,9512,57,2,30.39,0.0
15989,9513,97,4,85.43,0.0
15990,9513,47,2,43.2,0.0
15991,9513,19,2,28.03,0.1
15992,9514,70,1,35.98,0.0
15993,9515,86,2,41.01,0.0
15994,9516,60,2,159.81,0.15
15995,9516,59,2,89.27,0.0
15996,9517,78,2,49.45,0.0
15997,9517,118,4,22.88,0.0
15998,9517,16,2,39.64,0.1
15999,9518,66,3,225.03,0.0
16000,9518,117,2,62.41,0.0
16001,9519,121,1,132.75,0.0
16002,9520,26,3,70.46,0.15
16003,9521,120,1,127.22,0.0
16004,9522,108,1,76.31,0.0
16005,9523,137,1,31.59,0.15
16006,9523,140,2,21.68,0.1
16007,9524,154,1,78.88,0.15
16008,9525,105,1,56.46,0.0
16009,9526,54,1,113.95,0.05
16010,9526,7,1,265.87,0.05
16011,9527,151,2,81.35,0.1
16012,9528,95,1,44.72,0.05
16013,9528,2,1,56.16,0.1
16014,9529,77,3,69.02,0.0
16015,9530,97,4,85.98,0.0
16016,9531,58,1,48.56,0.0
16017,9531,69,1,92.2,0.1
16018,9531,125,2,107.75,0.05
16019,9532,117,2,64.22,0.0
16020,9532,92,1,159.36,0.1
16021,9533,11,1,42.9,0.0
16022,9533,67,1,60.27,0.0
16023,9533,39,5,19.23,0.0
16024,9534,75,2,6.09,0.0
16025,9534,74,3,260.65,0.0
16026,9535,23,1,70.11,0.0
16027,9536,6,1,53.52,0.15
16028,9536,65,1,131.66,0.15
16029,9536,129,1,71.68,0.0
16030,9537,141,1,81.17,0.1
16031,9537,65,2,136.4,0.0
16032,9537,78,1,49.08,0.15
16033,9538,123,1,231.19,0.0
16034,9538,134,2,101.32,0.05
16035,9539,131,1,15.99,0.15
16036,9540,106,3,95.42,0.0
16037,9541,134,1,100.34,0.1
16038,9541,149,3,103.32,0.0
16039,9542,131,1,16.51,0.0
16040,9542,116,2,84.49,0.05
16041,9542,95,1,46.49,0.1
16042,9543,155,1,85.41,0.0
16043,9544,39,1,19.81,0.05
16044,9544,157,1,340.49,0.05
16045,9545,39,4,20.16,0.0
16046,9545,31,2,38.74,0.0
16047,9546,14,1,11.51,0.05
16048,9547,153,2,34.8,0.15
16049,9547,149,2,106.54,0.15
16050,9548,38,2,10.87,0.1
16051,9548,89,2,41.16,0.05
16052,9548,145,1,83.94,0.15
16053,9549,103,1,48.72,0.1
16054,9550,120,2,130.07,0.15
16055,9550,24,1,17.73,0.15
16056,9551,31,3,37.8,0.0
16057,9552,115,1,54.87,0.0
16058,9553,159,4,22.61,0.0
16059,9554,8,1,130.82,0.0
16060,9555,63,1,23.87,0.0
16061,9555,65,1,135.28,0.1
16062,9556,121,5,131.5,0.0
16063,9556,95,1,45.69,0.0
16064,9557,21,1,237.4,0.15
16065,9558,37,1,78.41,0.05
16066,9559,124,1,18.67,0.0
16067,9560,53,1,35.67,0.1
16068,9560,8,2,132.52,0.1
16069,9560,58,1,48.86,0.1
16070,9561,77,1,68.83,0.0
16071,9561,141,1,79.05,0.15
16072,9562,36,2,21.67,0.0
16073,9562,130,1,41.87,0.0
16074,9562,68,3,160.4,0.0
16075,9563,31,1,38.4,0.1
16076,9563,21,1,243.95,0.15
16077,9563,82,2,88.02,0.0
16078,9563,109,1,80.46,0.05
16079,9564,85,1,31.14,0.05
16080,9565,114,2,601.45,0.1
16081,9565,109,3,82.2,0.0
16082,9566,104,1,31.0,0.1
16083,9567,158,5,100.08,0.0
16084,9568,134,2,98.36,0.0
16085,9569,76,2,134.09,0.0
16086,9569,85,2,30.77,0.15
16087,9570,84,1,41.24,0.05
16088,9571,17,1,26.26,0.0
16089,9571,7,1,266.11,0.05
16090,9572,108,1,76.54,0.1
16091,9573,125,3,112.27,0.0
16092,9574,116,1,83.61,0.05
16093,9575,102,4,43.97,0.1
16094,9576,94,3,47.94,0.0
16095,9576,137,1,31.7,0.0
16096,9576,17,2,26.67,0.0
16097,9577,154,1,80.85,0.15
16098,9578,66,1,225.24,0.05
16099,9579,13,2,80.18,0.0
16100,9579,70,1,35.93,0.0
16101,9579,22,3,51.93,0.0
16102,9579,78,1,49.36,0.0
16103,9580,112,2,64.42,0.0
16104,9580,120,1,127.25,0.05
16105,9581,82,1,87.52,0.0
16106,9582,11,1,43.01,0.05
16107,9583,150,3,85.72,0.1
16108,9584,123,2,231.44,0.15
16109,9585,42,4,74.8,0.15
16110,9586,27,1,23.66,0.1
16111,9587,87,1,148.26,0.1
16112,9588,41,2,128.47,0.05
16113,9589,33,1,64.61,0.05
16114,9590,61,1,41.68,0.1
16115,9591,158,1,97.96,0.0
16116,9592,25,4,39.33,0.0
16117,9593,9,1,42.37,0.1
16118,9594,78,4,49.13,0.0
16119,9595,148,1,20.27,0.05
16120,9596,51,1,88.7,0.0
16121,9597,53,2,35.2,0.15
16122,9598,58,2,50.45,0.0
16123,9599,8,1,127.7,0.0
16124,9600,23,1,68.58,0.0
16125,9600,3,1,115.19,0.1
16126,9600,124,1,18.62,0.15
16127,9600,115,1,55.92,0.1
16128,9601,123,1,230.19,0.0
16129,9601,135,3,28.75,0.15
16130,9602,73,1,61.62,0.15
16131,9603,83,3,247.38,0.0
16132,9604,107,1,363.86,0.05
16133,9604,68,1,156.81,0.1
16134,9604,46,4,33.76,0.0
16135,9604,83,1,245.18,0.15
16136,9605,117,3,61.9,0.0
16137,9606,158,1,97.6,0.1
16138,9606,19,1,29.32,0.15
16139,9606,127,3,26.9,0.1
16140,9606,49,1,88.68,0.15
16141,9607,25,1,39.61,0.0
16142,9608,11,1,43.46,0.0
16143,9608,134,1,97.99,0.0
16144,9608,35,1,135.68,0.05
16145,9609,73,2,62.27,0.0
16146,9609,135,2,28.42,0.0
16147,9609,38,2,11.17,0.0
16148,9610,106,1,91.75,0.0
16149,9610,105,3,56.81,0.15
16150,9611,30,2,50.91,0.15
16151,9611,11,2,43.0,0.1
16152,9612,138,1,49.91,0.0
16153,9613,9,1,42.9,0.0
16154,9614,141,2,81.68,0.0
16155,9615,88,3,89.13,0.0
16156,9615,92,2,152.93,0.05
16157,9616,69,1,91.33,0.1
16158,9617,58,3,49.22,0.05
16159,9618,12,2,42.37,0.0
16160,9619,55,1,167.45,0.05
16161,9620,75,2,6.01,0.0
16162,9620,78,1,49.94,0.05
16163,9621,42,2,76.5,0.1
16164,9621,108,2,77.44,0.05
16165,9621,83,1,251.2,0.0
16166,9622,135,3,28.69,0.0
16167,9623,77,4,69.83,0.15
16168,9623,107,1,352.29,0.15
16169,9624,103,1,48.9,0.05
16170,9624,81,1,52.31,0.0
16171,9624,110,1,60.13,0.05
16172,9624,85,4,31.42,0.15
16173,9625,119,1,185.83,0.1
16174,9626,110,1,60.63,0.05
16175,9627,65,3,133.5,0.15
16176,9627,120,1,124.77,0.05
16177,9628,35,2,139.34,0.0
16178,9629,113,4,67.5,0.15
16179,9630,34,5,25.28,0.1
16180,9631,91,1,71.24,0.1
16181,9632,59,3,88.49,0.05
16182,9632,159,1,21.98,0.05
16183,9633,44,2,49.02,0.05
16184,9634,5,2,51.33,0.1
16185,9635,148,2,19.5,0.0
16186,9636,118,1,22.24,0.15
16187,9636,132,3,67.87,0.0
16188,9636,134,1,100.88,0.0
16189,9637,144,1,77.17,0.15
16190,9637,68,1,161.41,0.05
16191,9638,131,2,16.08,0.1
16192,9638,50,1,13.35,0.1
16193,9639,35,1,137.34,0.1
16194,9640,81,1,53.94,0.0
16195,9641,147,4,21.12,0.1
16196,9641,15,1,13.53,0.0
16197,9642,14,4,11.77,0.1
16198,9643,100,2,51.63,0.1
16199,9644,154,2,80.68,0.15
16200,9645,84,1,41.35,0.05
16201,9646,155,3,82.79,0.1
16202,9646,99,1,65.17,0.05
16203,9647,21,1,240.96,0.05
16204,9648,132,4,69.38,0.0
16205,9648,149,1,102.22,0.0
16206,9648,137,1,32.82,0.0
16207,9649,49,1,87.36,0.0
16208,9650,9,1,42.43,0.1
16209,9651,4,1,259.66,0.1
16210,9652,159,3,21.84,0.1
16211,9652,94,3,47.22,0.0
16212,9653,106,4,94.19,0.05
16213,9653,152,1,88.88,0.0
16214,9654,114,1,595.75,0.0
16215,9655,28,2,93.23,0.1
16216,9656,94,1,47.67,0.0
16217,9657,76,3,138.16,0.0
16218,9657,35,2,133.83,0.0
16219,9658,88,2,87.76,0.15
16220,9659,76,1,137.97,0.05
16221,9660,35,1,133.21,0.1
16222,9661,89,1,39.89,0.15
16223,9662,7,1,276.02,0.05
16224,9663,104,1,31.98,0.05
16225,9663,143,1,15.52,0.0
16226,9663,4,1,250.85,0.15
16227,9663,119,2,180.71,0.05
16228,9664,33,2,65.68,0.0
16229,9665,33,5,62.62,0.1
16230,9665,30,1,50.98,0.1
16231,9666,39,3,20.08,0.0
16232,9666,74,1,268.07,0.15
16233,9667,34,1,24.6,0.15
16234,9667,59,1,88.37,0.0
16235,9668,9,1,43.5,0.0
16236,9668,136,2,255.83,0.0
16237,9668,31,1,38.76,0.1
16238,9669,95,4,46.46,0.1
16239,9670,103,1,48.55,0.0
16240,9671,139,1,137.64,0.0
16241,9672,100,2,51.46,0.0
16242,9673,60,1,152.91,0.1
16243,9674,62,1,55.6,0.0
16244,9674,83,3,250.36,0.1
16245,9675,154,5,78.58,0.0
16246,9675,2,1,56.21,0.15
16247,9675,62,1,55.19,0.0
16248,9676,88,1,88.7,0.0
16249,9677,145,1,82.33,0.0
16250,9677,117,1,63.89,0.05
16251,9677,153,1,35.91,0.0
16252,9678,156,2,34.43,0.0
16253,9678,128,3,39.67,0.1
16254,9679,8,2,127.01,0.0
16255,9680,33,3,63.61,0.0
16256,9681,84,1,40.38,0.1
16257,9682,130,2,40.71,0.05
16258,9683,26,1,70.07,0.1
16259,9684,60,1,159.87,0.15
16260,9684,6,5,51.48,0.0
16261,9684,102,1,45.02,0.0
16262,9685,85,2,31.11,0.0
16263,9685,104,1,32.01,0.0
16264,9686,132,2,70.13,0.05
16265,9687,138,3,47.49,0.0
16266,9688,51,1,85.56,0.15
16267,9689,145,2,81.14,0.0
16268,9690,149,1,104.47,0.1
16269,9690,91,1,72.01,0.05
16270,9691,106,2,91.28,0.1
16271,9692,100,1,51.49,0.1
16272,9692,6,5,51.96,0.0
16273,9693,153,2,34.46,0.1
16274,9693,51,2,87.72,0.05
16275,9693,104,1,31.67,0.15
16276,9694,142,2,210.26,0.0
16277,9695,111,1,11.71,0.15
16278,9696,2,1,56.2,0.0
16279,9696,135,1,27.81,0.0
16280,9697,23,1,70.58,0.0
16281,9698,43,1,58.77,0.0
16282,9698,126,1,474.99,0.05
16283,9699,88,1,86.92,0.05
16284,9700,59,1,89.57,0.0
16285,9701,96,3,17.82,0.15
16286,9702,16,2,40.16,0.0
16287,9702,12,1,42.75,0.05
16288,9702,44,2,48.6,0.15
16289,9703,25,1,39.75,0.1
16290,9703,75,1,6.04,0.15
16291,9704,126,1,455.62,0.0
16292,9705,118,1,22.81,0.0
16293,9706,102,2,45.24,0.0
16294,9707,28,1,89.73,0.1
16295,9708,122,1,29.2,0.0
16296,9708,103,1,47.31,0.15
16297,9709,44,1,50.54,0.0
16298,9710,36,1,21.73,0.0
16299,9710,13,2,79.16,0.0
16300,9711,131,3,16.39,0.0
16301,9712,114,1,611.2,0.1
16302,9712,132,1,68.27,0.0
16303,9712,129,1,72.0,0.0
16304,9713,159,1,21.81,0.0
16305,9714,20,1,18.67,0.1
16306,9715,117,2,63.79,0.15
16307,9716,155,1,86.06,0.1
16308,9717,78,2,50.26,0.0
16309,9718,78,2,50.57,0.0
16310,9718,154,5,81.65,0.0
16311,9718,6,1,52.73,0.0
16312,9719,95,3,45.0,0.15
16313,9720,85,3,31.53,0.1
16314,9721,106,5,93.4,0.0
16315,9721,160,1,117.41,0.0
16316,9722,111,1,11.65,0.0
16317,9723,70,3,36.38,0.15
16318,9724,10,2,103.38,0.0
16319,9725,10,1,105.77,0.1
16320,9725,26,4,71.9,0.0
16321,9726,42,2,75.13,0.15
16322,9726,75,5,6.01,0.0
16323,9726,24,1,18.36,0.05
16324,9727,53,1,36.13,0.0
16325,9728,133,2,25.16,0.0
16326,9728,99,4,64.02,0.0
16327,9728,139,1,134.69,0.0
16328,9729,31,1,38.13,0.05
16329,9730,64,3,22.31,0.1
16330,9731,100,2,52.38,0.05
16331,9732,90,1,100.6,0.15
16332,9733,59,1,88.57,0.1
16333,9733,14,4,11.34,0.0
16334,9734,75,1,6.22,0.1
16335,9735,1,2,99.84,0.1
16336,9735,9,5,42.3,0.15
16337,9736,45,1,16.8,0.15
16338,9736,8,1,130.99,0.0
16339,9736,5,1,53.44,0.15
16340,9737,112,1,62.43,0.15
16341,9738,108,3,77.05,0.1
16342,9738,102,5,45.02,0.05
16343,9739,28,1,93.43,0.0
16344,9740,68,2,160.04,0.0
16345,9740,128,1,38.71,0.1
16346,9741,104,3,30.93,0.15
16347,9742,132,2,68.54,0.1
16348,9742,82,3,88.21,0.05
16349,9743,62,1,54.44,0.15
16350,9744,68,2,157.62,0.0
16351,9745,32,2,352.48,0.0
16352,9746,6,1,51.34,0.05
16353,9747,48,1,171.01,0.1
16354,9747,5,1,53.63,0.0
16355,9748,68,2,156.72,0.1
16356,9748,108,1,77.39,0.15
16357,9748,142,1,208.3,0.0
16358,9749,51,2,88.97,0.0
16359,9750,13,3,81.1,0.0
16360,9751,82,1,89.31,0.0
16361,9751,146,2,129.58,0.05
16362,9752,141,1,78.61,0.0
16363,9753,71,1,88.24,0.1
16364,9754,69,3,91.79,0.1
16365,9754,110,5,60.45,0.0
16366,9755,159,5,22.74,0.05
16367,9755,9,1,42.68,0.15
16368,9756,107,1,348.43,0.05
16369,9756,116,1,87.17,0.0
16370,9757,41,1,123.42,0.15
16371,9757,70,1,35.99,0.0
16372,9758,32,1,346.73,0.1
16373,9759,7,1,273.45,0.05
16374,9760,15,3,13.44,0.1
16375,9761,159,1,21.95,0.15
16376,9762,76,1,135.19,0.15
16377,9763,95,2,45.79,0.1
16378,9764,15,2,13.74,0.0
16379,9764,25,3,39.59,0.0
16380,9764,115,2,53.55,0.05
16381,9764,23,1,67.32,0.1
16382,9765,22,2,53.24,0.0
16383,9765,127,1,26.23,0.15
16384,9766,23,5,69.83,0.0
16385,9766,18,2,84.82,0.0
16386,9766,9,1,41.66,0.0
16387,9767,139,2,134.94,0.15
16388,9768,57,1,30.58,0.0
16389,9769,42,2,75.49,0.0
16390,9770,61,2,41.9,0.0
16391,9770,147,1,20.85,0.05
16392,9771,41,1,123.43,0.05
16393,9771,48,2,164.6,0.1
16394,9771,47,1,42.14,0.0
16395,9772,80,4,10.67,0.0
16396,9773,61,1,41.23,0.1
16397,9773,52,2,45.88,0.0
16398,9774,132,1,70.44,0.1
16399,9775,155,1,86.26,0.0
16400,9776,137,1,32.44,0.15
16401,9777,117,1,62.72,0.0
16402,9777,47,1,43.84,0.0
16403,9778,86,1,42.21,0.05
16404,9779,13,1,81.77,0.05
16405,9779,65,1,132.25,0.0
16406,9779,84,1,40.08,0.0
16407,9780,66,1,223.08,0.0
16408,9780,110,1,59.66,0.0
16409,9780,32,1,350.28,0.1
16410,9780,41,3,125.45,0.05
16411,9781,152,2,87.48,0.0
16412,9782,110,1,59.83,0.0
16413,9782,95,3,46.84,0.0
16414,9783,158,4,99.13,0.0
16415,9784,132,3,68.9,0.1
16416,9784,120,1,126.68,0.0
16417,9785,150,1,86.22,0.05
16418,9786,31,1,38.49,0.0
16419,9786,102,4,45.29,0.05
16420,9787,114,3,610.71,0.15
16421,9787,54,2,113.99,0.1
16422,9788,97,1,86.26,0.0
16423,9788,147,4,21.2,0.1
16424,9789,119,-1,184.61,0.0
16425,9789,42,3,77.03,0.05
16426,9790,7,1,275.15,0.0
16427,9790,19,4,28.97,0.0
16428,9790,34,1,24.69,0.15
16429,9791,100,1,53.81,0.0
16430,9792,85,1,32.01,0.0
16431,9792,119,4,179.46,0.05
16432,9792,148,2,20.18,0.15
16433,9793,144,4,76.01,0.0
16434,9793,63,3,23.45,0.0
16435,9793,93,1,35.32,0.0
16436,9794,120,2,126.99,0.1
16437,9795,108,3,74.47,0.15
16438,9796,92,1,156.44,0.0
16439,9796,49,1,88.01,0.0
16440,9796,54,2,111.8,0.0
16441,9797,54,1,112.42,0.1
16442,9797,3,1,119.29,0.0
16443,9798,89,2,39.76,0.0
16444,9799,12,1,42.48,0.15
16445,9799,85,1,30.89,0.0
16446,9800,157,1,354.44,0.0
16447,9801,123,1,226.82,0.1
16448,9801,88,-5,86.03,0.0
16449,9801,73,1,63.31,0.1
16450,9802,10,2,107.67,0.15
16451,9802,113,2,67.22,0.0
16452,9803,87,1,144.84,0.0
16453,9804,120,2,129.67,0.0
16454,9804,15,1,13.59,0.0
16455,9805,99,3,63.64,0.0
16456,9806,126,1,470.78,0.0
16457,9806,152,4,87.72,0.0
16458,9807,138,1,49.74,0.0
16459,9807,66,1,217.75,0.1
16460,9808,105,4,55.76,0.15
16461,9808,74,1,263.89,0.1
16462,9809,57,3,30.3,0.0
16463,9810,92,1,156.22,0.0
16464,9810,148,2,19.89,0.0
16465,9810,5,1,52.02,0.0
16466,9810,11,1,43.22,0.05
16467,9811,45,1,17.4,0.0
16468,9811,84,1,39.75,0.0
16469,9812,6,1,53.02,0.0
16470,9812,98,1,84.09,0.15
16471,9813,6,5,52.27,0.0
16472,9813,86,2,40.89,0.0
16473,9814,135,3,28.0,0.05
16474,9815,63,1,24.04,0.15
16475,9816,74,1,262.89,0.0
16476,9816,9,2,43.02,0.1
16477,9817,157,2,355.38,0.0
16478,9817,109,1,81.99,0.0
16479,9818,10,3,104.13,0.1
16480,9819,14,1,11.48,0.1
16481,9820,137,1,32.91,0.15
16482,9821,24,1,18.03,0.15
16483,9822,73,5,63.5,0.0
16484,9822,90,2,100.79,0.05
16485,9822,143,1,15.68,0.15
16486,9822,78,1,48.9,0.1
16487,9823,67,1,61.52,0.1
16488,9823,135,1,27.95,0.1
16489,9824,148,1,19.6,0.0
16490,9825,60,1,157.92,0.0
16491,9826,49,2,89.2,0.0
16492,9826,54,2,111.54,0.0
16493,9826,143,1,15.38,0.1
16494,9826,77,1,70.53,0.0
16495,9827,134,2,101.07,0.15
16496,9827,68,4,160.26,0.0
16497,9828,109,1,81.75,0.0
16498,9829,127,4,27.32,0.05
16499,9829,59,1,86.85,0.0
16500,9830,49,1,88.97,0.0
16501,9830,131,3,16.34,0.05
16502,9831,77,1,68.57,0.15
16503,9831,2,1,57.16,0.1
16504,9832,101,1,18.2,0.0
16505,9832,13,1,81.52,0.05
16506,9833,125,4,108.62,0.1
16507,9834,69,1,89.47,0.05
16508,9835,29,1,38.61,0.05
16509,9836,152,3,87.42,0.1
16510,9837,38,1,10.94,0.0
16511,9838,54,1,112.59,0.1
16512,9839,49,4,89.49,0.05
16513,9840,23,3,69.33,0.0
16514,9841,101,2,18.34,0.15
16515,9842,71,1,91.1,0.1
16516,9842,23,2,69.89,0.1
16517,9843,158,1,100.8,0.0
16518,9843,119,1,177.24,0.0
16519,9843,118,3,22.7,0.05
16520,9844,12,2,41.68,0.05
16521,9845,38,2,11.35,0.0
16522,9846,138,2,47.5,0.0
16523,9846,87,4,145.01,0.1
16524,9847,13,3,81.25,0.0
16525,9848,77,2,68.79,0.0
16526,9849,97,1,84.4,0.1
16527,9850,31,1,37.13,0.05
16528,9850,64,1,22.05,0.0
16529,9851,99,2,66.42,0.15
16530,9852,84,4,41.46,0.0
16531,9852,44,3,48.77,0.15
16532,9853,65,1,138.04,0.0
16533,9853,145,1,81.77,0.0
16534,9854,126,1,478.16,0.1
16535,9855,36,3,21.69,0.0
16536,9855,16,1,38.64,0.15
16537,9855,98,4,83.18,0.15
16538,9856,35,4,132.83,0.0
16539,9856,37,1,78.72,0.0
16540,9856,130,1,41.6,0.15
16541,9857,123,1,231.28,0.0
16542,9858,55,1,164.37,0.0
16543,9859,47,1,43.33,0.0
16544,9859,64,1,21.93,0.15
16545,9859,140,4,21.72,0.15
16546,9860,86,2,40.98,0.05
16547,9860,59,2,86.57,0.1
16548,9860,29,1,37.95,0.0
16549,9861,52,1,45.75,0.15
16550,9862,44,3,49.74,0.0
16551,9863,74,1,270.05,0.1
16552,9864,68,2,159.58,0.1
16553,9864,66,1,219.12,0.15
16554,9865,136,2,266.92,0.05
16555,9866,106,1,91.28,0.0
16556,9866,110,1,60.17,0.0
16557,9867,122,1,27.99,0.15
16558,9868,127,1,26.65,0.0
16559,9869,7,2,271.4,0.0
16560,9869,124,2,18.85,0.15
16561,9869,139,1,132.18,0.0
16562,9870,62,1,54.55,0.1
16563,9871,75,2,6.01,0.0
16564,9872,108,3,74.8,0.0
16565,9872,55,2,160.91,0.0
16566,9873,118,5,23.04,0.0
16567,9873,145,4,82.57,0.1
16568,9873,96,2,17.54,0.1
16569,9874,57,1,30.21,0.0
16570,9875,99,1,64.99,0.15
16571,9875,19,1,28.73,0.05
16572,9875,83,1,241.45,0.0
16573,9875,110,2,61.92,0.05
16574,9876,118,1,22.6,0.0
16575,9876,128,1,40.01,0.0
16576,9876,76,2,137.67,0.0
16577,9877,124,1,18.64,0.0
16578,9878,75,2,6.0,0.15
16579,9878,47,1,43.06,0.0
16580,9878,35,1,136.27,0.0
16581,9879,136,3,260.33,0.0
16582,9880,134,1,99.64,0.1
16583,9881,122,1,28.7,0.15
16584,9882,111,2,11.44,0.0
16585,9883,13,3,82.24,0.0
16586,9884,40,1,76.68,0.05
16587,9884,62,1,55.41,0.0
16588,9885,46,2,33.27,0.15
16589,9886,7,3,270.15,0.15
16590,9886,111,1,11.64,0.0
16591,9887,80,2,10.65,0.0
16592,9888,101,2,18.63,0.05
16593,9888,144,1,77.92,0.15
16594,9889,37,1,79.88,0.0
16595,9889,155,1,83.64,0.15
16596,9889,134,1,99.0,0.1
16597,9889,154,1,79.61,0.0
16598,9890,86,1,40.71,0.15
16599,9890,140,1,21.52,0.0
16600,9891,10,1,106.52,0.05
16601,9892,127,3,26.48,0.0
16602,9892,136,1,260.34,0.0
16603,9892,160,1,114.84,0.0
16604,9893,89,2,40.43,0.1
16605,9893,38,2,10.89,0.1
16606,9893,93,1,34.57,0.15
16607,9894,151,1,83.43,0.0
16608,9894,99,1,65.85,0.0
16609,9895,55,3,161.18,0.1
16610,9896,150,1,86.36,0.15
16611,9897,150,2,82.79,0.15
16612,9898,136,1,259.87,0.15
16613,9898,148,2,20.09,0.1
16614,9899,52,1,45.69,0.0
16615,9899,139,1,134.12,0.15
16616,9900,9,2,42.34,0.0
16617,9900,110,2,60.04,0.0
16618,9900,108,4,74.78,0.05
16619,9901,60,1,152.51,0.1
16620,9902,155,1,83.49,0.15
16621,9903,146,1,131.85,0.05
16622,9903,106,1,95.64,0.0
16623,9903,59,1,86.21,0.0
16624,9904,95,2,45.08,0.1
16625,9904,8,2,128.35,0.0
16626,9904,50,1,12.97,0.1
16627,9904,31,1,37.25,0.1
16628,9905,108,2,76.96,0.1
16629,9905,62,1,55.34,0.05
16630,9906,12,1,43.14,0.0
16631,9906,40,1,76.33,0.15
16632,9907,66,1,218.56,0.0
16633,9907,29,3,38.81,0.1
16634,9908,16,3,38.35,0.1
16635,9908,48,1,167.19,0.1
16636,9909,114,2,593.4,0.05
16637,9910,47,2,43.0,0.0
16638,9911,69,1,91.55,0.0
16639,9911,29,3,38.14,0.0
16640,9912,154,4,81.99,0.0
16641,9913,98,2,84.32,0.0
16642,9913,22,3,52.3,0.0
16643,9914,120,3,129.27,0.0
16644,9915,37,1,78.61,0.05
16645,9916,16,1,39.97,0.1
16646,9916,118,2,22.95,0.0
16647,9917,93,4,33.76,0.15
16648,9918,2,1,58.19,0.0
16649,9919,37,2,80.39,0.0
16650,9920,68,1,161.7,0.05
16651,9920,101,1,18.65,0.0
16652,9920,104,4,31.58,0.0
16653,9921,151,1,79.93,0.1
16654,9921,47,1,42.44,0.0
16655,9921,84,2,41.65,0.0
16656,9921,16,1,38.86,0.05
16657,9922,134,1,101.78,0.0
16658,9922,93,1,35.27,0.0
16659,9923,149,1,103.35,0.0
16660,9923,148,1,20.26,0.1
16661,9924,160,1,118.3,0.1
16662,9924,144,1,76.29,0.0
16663,9925,25,1,40.46,0.0
16664,9925,128,2,38.8,0.15
16665,9926,60,1,153.33,0.0
16666,9927,61,1,42.56,0.1
16667,9927,10,1,104.56,0.0
16668,9928,26,1,71.88,0.0
16669,9929,125,1,112.35,0.15
16670,9929,99,4,65.21,0.15
16671,9930,160,1,116.35,0.0
16672,9931,151,1,82.11,0.1
16673,9932,154,2,78.27,0.05
16674,9932,115,2,55.75,0.0
16675,9932,60,1,156.21,0.05
16676,9932,85,1,31.61,0.0
16677,9933,51,1,88.81,0.15
16678,9933,26,1,72.59,0.0
16679,9933,60,1,156.4,0.0
16680,9933,39,1,19.8,0.15
16681,9934,7,1,275.97,0.05
16682,9934,58,3,48.52,0.0
16683,9935,140,1,21.44,0.0
16684,9936,75,2,6.24,0.1
16685,9936,5,2,52.18,0.0
16686,9936,38,1,11.33,0.0
16687,9937,24,3,18.3,0.15
16688,9938,60,1,153.34,0.0
16689,9938,113,1,69.74,0.15
16690,9939,93,3,34.45,0.1
16691,9940,123,2,227.6,0.15
16692,9940,73,2,63.08,0.05
16693,9941,25,2,39.74,0.0
16694,9941,136,1,267.54,0.0
16695,9941,79,1,70.29,0.1
16696,9942,128,1,39.69,0.0
16697,9942,51,2,88.83,0.0
16698,9943,70,1,35.45,0.0
16699,9944,160,1,118.77,0.15
16700,9945,158,1,100.58,0.0
16701,9946,44,1,48.83,0.0
16702,9947,56,1,152.5,0.0
16703,9947,84,1,41.53,0.0
16704,9947,20,2,17.85,0.15
16705,9948,7,1,271.74,0.0
16706,9948,31,1,38.77,0.0
16707,9948,10,2,105.58,0.0
16708,9949,131,3,15.91,0.0
16709,9950,19,2,28.83,0.0
16710,9951,61,1,41.5,0.1
16711,9951,119,1,185.25,0.0
16712,9952,42,2,75.0,0.1
16713,9953,112,1,63.6,0.05
16714,9953,124,1,18.37,0.0
16715,9953,136,1,268.67,0.15
16716,9954,3,1,119.27,0.0
16717,9955,130,4,40.96,0.0
16718,9955,107,3,356.81,0.1
16719,9955,47,1,42.93,0.0
16720,9956,106,2,95.11,0.0
16721,9957,15,1,13.63,0.05
16722,9958,149,2,101.39,0.1
16723,9958,34,1,25.57,0.05
16724,9959,1,1,102.37,0.1
16725,9960,55,1,161.33,0.0
16726,9960,35,1,134.58,0.05
16727,9961,103,1,48.88,0.0
16728,9961,129,1,71.44,0.05
16729,9962,84,3,39.84,0.0
16730,9963,1,1,99.68,0.15
16731,9964,153,4,36.07,0.1
16732,9965,125,1,111.44,0.05
16733,9965,159,4,22.69,0.15
16734,9965,86,2,41.56,0.0
16735,9965,104,2,31.11,0.1
16736,9966,149,1,101.35,0.05
16737,9967,93,1,35.2,0.1
16738,9968,11,3,42.76,0.0
16739,9968,108,2,75.85,0.0
16740,9968,119,1,185.47,0.0
16741,9969,46,1,33.36,0.1
16742,9970,153,2,34.9,0.0
16743,9970,142,1,206.34,0.1
16744,9970,123,2,234.68,0.0
16745,9971,75,1,6.27,0.15
16746,9972,64,3,21.62,0.15
16747,9973,143,1,14.95,0.05
16748,9974,50,1,13.12,0.0
16749,9975,53,1,34.96,0.0
16750,9976,95,1,44.96,0.15
16751,9977,17,1,26.16,0.0
16752,9977,74,4,259.09,0.0
16753,9977,80,1,11.08,0.0
16754,9978,153,2,35.75,0.0
16755,9978,108,3,75.99,0.15
16756,9978,12,1,42.24,0.15
16757,9979,154,1,81.91,0.1
16758,9980,151,4,80.84,0.0
16759,9981,148,5,20.14,0.05
16760,9982,133,3,25.36,0.1
16761,9982,30,1,49.3,0.0
16762,9983,151,1,81.39,0.05
16763,9984,3,5,117.82,0.0
16764,9984,64,1,22.51,0.0
16765,9985,157,1,348.23,0.1
16766,9985,31,5,38.27,0.1
16767,9986,103,1,47.63,0.15
16768,9986,61,2,41.95,0.0
16769,9986,68,2,157.53,0.0
16770,9987,37,1,79.38,0.0
16771,9987,27,3,23.55,0.05
16772,9988,118,2,23.16,0.15
16773,9989,135,2,28.68,0.0
16774,9990,45,1,16.8,0.05
16775,9990,118,3,22.96,0.15
16776,9990,1,1,100.9,0.0
16777,9991,113,1,69.86,0.05
16778,9992,133,1,24.71,0.15
16779,9993,160,1,115.84,0.0
16780,9993,20,2,18.56,0.0
16781,9993,16,2,40.1,0.0
16782,9994,82,3,89.73,0.05
16783,9995,114,3,604.66,0.0
16784,9996,41,1,125.07,0.05
16785,9997,61,2,42.22,0.15
16786,9997,11,2,43.4,0.05
16787,9997,87,1,149.26,0.1
16788,9998,46,2,34.14,0.0
16789,9999,63,1,23.49,0.0
16790,10000,57,3,30.01,0.1
16791,10001,1,1,101.26,0.15
16792,10001,74,2,267.43,0.0
16793,10001,70,1,36.13,0.15
16794,10002,15,1,14.06,0.0
16795,10002,27,2,23.4,0.0
16796,10003,47,1,42.38,0.15
16797,10003,128,2,39.76,0.05
16798,10004,76,1,136.98,0.0
16799,10005,62,4,55.9,0.05
16800,10006,136,3,262.21,0.0
16801,10006,109,3,81.25,0.0
16802,10006,151,1,79.4,0.15
16803,10007,128,3,38.29,0.0
16804,10008,19,5,29.0,0.0
16805,10009,67,1,61.27,0.05
16806,10009,94,1,48.37,0.0
16807,10010,98,2,81.01,0.15
16808,10011,151,1,82.13,0.0
16809,10012,69,1,88.71,0.0
16810,10013,115,1,55.6,0.0
16811,10013,58,1,50.36,0.05
16812,10014,27,1,22.67,0.05
16813,10015,96,2,17.18,0.0
16814,10016,24,1,18.16,0.1
16815,10016,8,2,130.68,0.0
16816,10017,94,1,47.54,0.0
16817,10017,157,1,341.09,0.1
16818,10018,120,5,125.73,0.15
16819,10019,24,3,17.81,0.0
16820,10020,77,2,69.35,0.0
16821,10020,48,1,170.63,0.15
16822,10021,64,1,22.38,0.0
16823,10021,123,1,228.76,0.0
16824,10022,66,3,223.26,0.0
16825,10023,150,2,85.84,0.05
16826,10023,65,3,134.63,0.15
16827,10024,123,1,235.39,0.15
16828,10024,133,3,25.0,0.0
16829,10025,80,1,10.65,0.15
16830,10026,107,2,363.87,0.15
16831,10027,27,2,23.21,0.15
16832,10027,96,1,17.3,0.1
16833,10027,118,2,23.2,0.0
16834,10028,129,2,71.71,0.1
16835,10028,144,1,76.85,0.0
16836,10029,135,1,27.92,0.0
16837,10030,12,2,41.86,0.15
16838,10030,28,1,92.42,0.05
16839,10031,134,1,98.99,0.1
16840,10032,35,1,133.83,0.05
16841,10032,147,2,21.23,0.05
16842,10033,35,1,139.62,0.0
16843,10033,130,1,40.75,0.0
16844,10033,145,3,82.02,0.05
16845,10034,14,5,11.73,0.15
16846,10035,160,1,115.21,0.0
16847,10035,74,2,269.31,0.0
16848,10035,33,1,65.63,0.0
16849,10036,26,1,73.38,0.1
16850,10037,115,4,55.17,0.05
16851,10038,96,2,17.65,0.15
16852,10038,107,1,359.78,0.15
16853,10039,72,1,254.13,0.15
16854,10039,80,2,11.01,0.0
16855,10040,139,1,134.27,0.0
16856,10040,124,1,18.46,0.0
16857,10040,99,1,64.72,0.0
16858,10041,89,2,41.02,0.0
16859,10041,114,2,583.72,0.1
16860,10041,109,2,83.97,0.1
16861,10042,34,1,25.43,0.1
16862,10042,108,3,75.48,0.0
16863,10042,28,3,90.08,0.0
16864,10043,98,1,83.75,0.05
16865,10044,103,3,46.59,0.1
16866,10044,47,5,44.02,0.0
16867,10044,15,2,13.46,0.0
16868,10045,112,1,63.2,0.0
16869,10046,11,2,43.13,0.0
16870,10046,141,1,79.98,0.0
16871,10046,36,1,21.64,0.15
16872,10047,116,1,83.98,0.15
16873,10048,128,3,39.21,0.15
16874,10048,6,3,51.83,0.0
16875,10048,133,1,24.96,0.1
16876,10049,7,1,269.39,0.05
16877,10050,4,1,253.79,0.15
16878,10051,93,3,35.23,0.0
16879,10051,42,1,77.5,0.0
16880,10051,96,1,17.18,0.15
16881,10051,58,1,48.42,0.0
16882,10052,96,2,17.18,0.0
16883,10052,142,2,208.77,0.05
16884,10053,94,1,47.32,0.15
16885,10053,85,1,31.31,0.05
16886,10053,154,1,78.58,0.0
16887,10054,144,2,77.01,0.0
16888,10055,28,1,92.07,0.0
16889,10056,134,2,99.37,0.0
16890,10056,90,1,100.67,0.0
16891,10057,124,1,18.87,0.15
16892,10058,5,1,51.54,0.0
16893,10058,35,1,133.07,0.0
16894,10058,73,2,61.62,0.0
16895,10059,4,1,250.16,0.0
16896,10060,122,1,29.05,0.05
16897,10061,30,1,49.87,0.05
16898,10061,28,1,91.02,0.1
16899,10061,85,2,30.81,0.05
16900,10061,100,1,52.29,0.1
16901,10062,73,1,63.8,0.15
16902,10063,56,1,149.49,0.0
16903,10063,69,1,88.03,0.1
16904,10064,127,1,27.06,0.15
16905,10064,47,1,42.24,0.0
16906,10065,88,3,89.48,0.0
16907,10065,52,2,47.0,0.0
16908,10065,143,2,15.24,0.0
16909,10065,46,1,34.39,0.1
16910,10066,125,1,110.52,0.05
16911,10066,76,2,138.8,0.1
16912,10066,66,1,215.86,0.05
16913,10066,89,1,41.31,0.0
16914,10067,141,2,78.25,0.0
16915,10067,23,1,67.45,0.0
16916,10068,96,1,17.18,0.0
16917,10069,76,1,134.95,0.0
16918,10069,123,1,232.38,0.1
16919,10069,42,3,76.66,0.15
16920,10070,60,4,159.92,0.0
16921,10070,23,4,69.43,0.05
16922,10071,72,2,261.38,0.05
16923,10072,57,2,30.32,0.15
16924,10073,46,1,33.29,0.0
16925,10073,76,3,134.42,0.0
16926,10074,20,1,18.11,0.15
16927,10075,18,2,88.32,0.1
16928,10076,134,1,97.44,0.0
16929,10076,90,2,102.2,0.05
16930,10076,98,1,82.55,0.0
16931,10076,7,1,265.52,0.1
16932,10077,121,4,130.08,0.0
16933,10077,4,1,250.18,0.05
16934,10077,56,2,150.06,0.15
16935,10078,31,1,38.6,0.0
16936,10079,1,1,100.4,0.0
16937,10079,102,4,44.71,0.0
16938,10080,21,2,240.15,0.05
16939,10080,12,1,42.46,0.0
16940,10081,109,2,81.26,0.1
16941,10082,3,2,116.27,0.0
16942,10082,60,1,157.31,0.0
16943,10083,37,2,79.4,0.0
16944,10084,7,2,266.07,0.05
16945,10084,82,2,91.84,0.15
16946,10085,55,3,167.68,0.0
16947,10085,133,1,24.81,0.0
16948,10085,137,1,32.1,0.0
16949,10086,154,1,78.21,0.0
16950,10087,148,2,20.0,0.0
16951,10088,8,2,128.84,0.0
16952,10089,131,1,16.28,0.0
16953,10090,7,1,265.47,0.0
16954,10090,68,4,157.96,0.0
16955,10090,111,1,11.54,0.1
16956,10091,141,1,81.56,0.0
16957,10092,85,1,30.98,0.0
16958,10093,52,2,45.6,0.05
16959,10093,78,1,48.44,0.0
16960,10093,66,4,223.04,0.0
16961,10094,155,3,86.7,0.15
16962,10095,159,2,22.74,0.0
16963,10095,95,1,44.75,0.0
16964,10096,51,4,86.12,0.0
16965,10096,113,1,68.86,0.05
16966,10097,145,2,83.48,0.0
16967,10098,59,1,86.03,0.15
16968,10098,115,3,56.01,0.15
16969,10099,24,1,17.73,0.0
16970,10099,61,5,42.11,0.0
16971,10099,17,1,26.09,0.0
16972,10100,8,1,131.9,0.1
16973,10101,84,4,41.13,0.0
16974,10102,70,2,37.27,0.05
16975,10103,159,1,21.81,0.05
16976,10104,12,2,42.39,0.05
16977,10104,128,2,38.92,0.05
16978,10104,6,2,52.18,0.1
16979,10104,21,1,245.55,0.05
16980,10105,117,1,64.04,0.05
16981,10106,153,2,35.67,0.05
16982,10106,104,1,31.15,0.0
16983,10106,23,1,69.81,0.0
16984,10106,99,4,65.44,0.0
16985,10107,60,1,157.95,0.15
16986,10108,28,3,91.01,0.15
16987,10109,80,2,11.06,0.1
16988,10109,14,-1,11.59,0.0
16989,10110,91,-1,69.74,0.05
16990,10111,67,4,59.63,0.05
16991,10111,74,1,264.87,0.0
16992,10111,121,1,132.6,0.0
16993,10112,20,1,18.04,0.0
16994,10112,154,1,80.88,0.15
16995,10112,47,1,43.2,0.0
16996,10113,44,4,48.47,0.15
16997,10113,142,1,209.0,0.0
16998,10114,68,1,164.38,0.15
16999,10115,38,3,11.42,0.05
17000,10116,61,1,43.26,0.15
17001,10117,153,1,35.9,0.0
17002,10117,20,1,17.89,0.0
17003,10118,105,2,55.61,0.0
17004,10119,141,4,77.83,0.05
17005,10120,144,4,78.47,0.0
17006,10121,28,1,90.65,0.0
17007,10122,146,2,132.71,0.15
17008,10122,140,1,21.02,0.0
17009,10122,27,2,23.12,0.15
17010,10122,44,1,50.55,0.0
17011,10123,106,3,93.48,0.0
17012,10124,5,1,52.77,0.0
17013,10124,143,1,15.36,0.0
17014,10125,67,1,60.16,0.15
17015,10126,8,1,127.3,0.0
17016,10127,157,1,343.82,0.15
17017,10127,85,1,31.46,0.1
17018,10128,70,3,36.31,0.0
17019,10128,69,1,88.97,0.1
17020,10128,91,1,71.54,0.0
17021,10129,116,2,84.92,0.1
17022,10130,45,2,17.0,0.05
17023,10131,79,3,69.9,0.0
17024,10131,110,1,60.59,0.1
17025,10132,129,1,72.09,0.1
17026,10133,61,1,41.67,0.0
17027,10133,105,2,57.45,0.15
17028,10133,136,5,267.42,0.0
17029,10134,99,1,64.6,0.0
17030,10134,32,3,349.2,0.15
17031,10134,31,2,37.87,0.05
17032,10135,14,1,11.59,0.15
17033,10135,28,2,91.66,0.0
17034,10135,107,2,355.93,0.0
17035,10136,147,2,21.25,0.1
17036,10137,27,1,23.39,0.1
17037,10138,83,1,246.9,0.15
17038,10139,6,5,52.22,0.0
17039,10140,63,1,23.46,0.0
17040,10141,55,1,167.77,0.05
17041,10142,54,1,111.72,0.05
17042,10142,151,2,82.92,0.05
17043,10142,82,1,89.58,0.0
17044,10143,36,2,21.16,0.05
17045,10143,12,2,42.84,0.1
17046,10144,108,4,75.67,0.0
17047,10144,46,5,33.95,0.0
17048,10144,65,2,137.16,0.05
17049,10145,152,1,87.31,0.15
17050,10145,7,1,267.2,0.0
17051,10146,79,2,68.84,0.0
17052,10147,69,1,91.28,0.0
17053,10148,68,1,157.62,0.05
17054,10148,1,1,101.71,0.15
17055,10149,99,4,66.75,0.0
17056,10150,156,1,33.62,0.15
17057,10151,36,1,21.47,0.0
17058,10152,123,2,234.97,0.05
17059,10153,148,2,20.24,0.0
17060,10153,83,2,246.83,0.15
17061,10154,5,4,52.43,0.1
17062,10155,140,1,21.85,0.1
17063,10155,116,1,84.39,0.0
17064,10156,105,2,55.56,0.0
17065,10157,121,2,133.71,0.15
17066,10158,19,1,29.33,0.0
17067,10159,38,5,11.08,0.05
17068,10160,158,3,98.76,0.15
17069,10161,114,1,601.88,0.1
17070,10161,149,1,103.17,0.0
17071,10161,115,3,54.97,0.0
17072,10162,28,1,90.24,0.15
17073,10162,105,4,56.78,0.0
17074,10163,99,1,66.84,0.0
17075,10164,80,2,11.09,0.15
17076,10165,140,3,21.2,0.0
17077,10166,76,1,137.54,0.1
17078,10167,82,3,89.74,0.1
17079,10167,122,1,29.05,0.15
17080,10168,66,2,220.34,0.0
17081,10168,132,2,70.07,0.0
17082,10169,160,3,115.43,0.0
17083,10170,57,3,30.68,0.0
17084,10170,89,1,41.4,0.05
17085,10170,157,1,341.13,0.0
17086,10171,9,3,42.86,0.05
17087,10172,152,1,90.32,0.15
17088,10173,89,1,40.18,0.05
17089,10173,135,1,28.32,0.0
17090,10173,57,4,30.77,0.0
17091,10174,157,3,346.28,0.0
17092,10175,102,1,43.52,0.0
17093,10176,14,4,11.4,0.0
17094,10177,12,1,42.04,0.15
17095,10177,106,2,95.42,0.0
17096,10178,125,1,110.67,0.0
17097,10179,87,3,149.72,0.1
17098,10180,119,4,184.79,0.0
17099,10181,159,1,21.68,0.05
17100,10181,56,2,149.58,0.0
17101,10182,77,1,68.73,0.1
17102,10182,22,1,53.04,0.15
17103,10183,74,1,272.44,0.05
17104,10183,32,1,337.21,0.1
17105,10184,97,2,84.37,0.0
17106,10185,33,1,63.44,0.05
17107,10186,7,1,270.28,0.1
17108,10187,45,3,17.39,0.0
17109,10188,22,2,52.06,0.0
17110,10189,11,5,42.88,0.05
17111,10189,68,2,163.35,0.0
17112,10189,124,4,18.2,0.05
17113,10190,153,2,35.04,0.0
17114,10191,99,1,66.8,0.15
17115,10191,67,1,60.66,0.0
17116,10191,87,2,146.44,0.0
17117,10192,70,1,36.28,0.15
17118,10193,20,1,18.44,0.0
17119,10193,113,1,66.9,0.0
17120,10194,85,1,32.02,0.0
17121,10194,49,3,87.72,0.0
17122,10194,144,1,75.26,0.0
17123,10195,75,3,6.13,0.1
17124,10195,58,1,49.67,0.15
17125,10195,62,4,55.99,0.15
17126,10196,123,1,228.58,0.15
17127,10196,72,1,260.47,0.0
17128,10197,19,3,28.52,0.05
17129,10198,107,1,352.65,0.05
17130,10199,74,1,263.6,0.0
17131,10199,85,1,31.26,0.0
17132,10200,61,1,42.91,0.0
17133,10201,32,3,349.17,0.1
17134,10202,16,1,39.61,0.0
17135,10202,105,1,55.17,0.0
17136,10203,92,1,155.67,0.0
17137,10204,1,1,102.76,0.1
17138,10204,72,3,259.28,0.0
17139,10204,90,2,102.98,0.0
17140,10205,21,3,237.28,0.15
17141,10206,157,2,348.85,0.15
17142,10206,116,1,86.96,0.1
17143,10206,88,1,85.75,0.05
17144,10207,40,1,78.33,0.0
17145,10207,100,2,52.39,0.1
17146,10208,23,2,68.13,0.0
17147,10208,110,2,61.18,0.1
17148,10209,97,1,84.02,0.15
17149,10210,88,1,87.46,0.0
17150,10211,30,1,50.34,0.0
17151,10212,65,2,134.84,0.0
17152,10213,70,1,35.83,0.0
17153,10214,110,1,59.73,0.0
17154,10214,152,2,90.83,0.0
17155,10215,77,1,70.29,0.1
17156,10215,34,1,24.89,0.0
17157,10215,103,2,47.45,0.0
17158,10216,52,1,45.88,0.0
17159,10216,109,1,80.41,0.0
17160,10216,29,4,38.44,0.0
17161,10217,1,1,99.11,0.15
17162,10218,151,1,81.71,0.05
17163,10219,107,2,348.94,0.1
17164,10219,33,4,64.58,0.0
17165,10220,148,2,20.05,0.0
17166,10221,91,3,71.89,0.0
17167,10222,33,2,64.72,0.15
17168,10223,129,2,72.31,0.15
17169,10223,23,3,67.42,0.15
17170,10224,78,2,49.13,0.05
17171,10224,34,2,25.52,0.15
17172,10225,122,1,28.63,0.05
17173,10226,65,2,134.23,0.0
17174,10227,61,2,42.99,0.05
17175,10228,76,2,134.2,0.0
17176,10229,82,1,89.79,0.0
17177,10230,122,4,28.11,0.05
17178,10231,42,1,75.84,0.1
17179,10232,55,1,164.55,0.0
17180,10232,13,2,80.4,0.05
17181,10232,54,3,114.57,0.0
17182,10233,131,2,16.45,0.05
17183,10233,95,1,46.29,0.15
17184,10234,33,4,64.09,0.05
17185,10234,147,3,21.08,0.0
17186,10235,149,1,102.27,0.15
17187,10235,57,5,29.8,0.05
17188,10236,111,1,11.27,0.0
17189,10237,84,1,41.46,0.0
17190,10238,10,1,107.59,0.0
17191,10238,39,1,19.2,0.0
17192,10239,120,1,125.73,0.0
17193,10240,14,2,11.58,0.05
17194,10240,77,2,68.85,0.05
17195,10241,105,1,55.62,0.0
17196,10241,110,2,59.32,0.1
17197,10242,16,1,39.27,0.1
17198,10242,153,1,36.01,0.1
17199,10243,56,1,154.15,0.1
17200,10244,77,1,69.08,0.0
17201,10245,95,1,44.85,0.1
17202,10246,9,1,42.6,0.1
17203,10247,80,1,10.78,0.15
17204,10247,60,3,158.17,0.15
17205,10248,31,2,38.41,0.0
17206,10248,113,1,69.64,0.0
17207,10248,71,3,90.52,0.0
17208,10249,9,1,43.63,0.15
17209,10250,91,1,72.58,0.0
17210,10250,4,1,254.01,0.1
17211,10251,54,1,110.27,0.15
17212,10251,67,1,61.89,0.0
17213,10252,5,2,53.68,0.15
17214,10252,35,1,133.75,0.0
17215,10252,111,2,11.33,0.0
17216,10252,55,1,167.35,0.0
17217,10253,23,1,67.6,0.0
17218,10253,5,3,51.85,0.1
17219,10253,85,5,30.69,0.05
17220,10254,86,1,41.4,0.1
17221,10254,16,4,39.1,0.15
17222,10254,158,1,101.27,0.0
17223,10254,17,1,26.46,0.15
17224,10255,86,2,41.98,0.0
17225,10256,64,2,21.99,0.0
17226,10256,155,4,84.48,0.15
17227,10257,84,1,41.82,0.15
17228,10258,73,2,62.66,0.0
17229,10258,79,1,69.91,0.0
17230,10259,42,1,77.51,0.0
17231,10259,145,2,80.91,0.1
17232,10259,109,1,82.11,0.0
17233,10260,103,3,48.24,0.0
17234,10261,25,3,40.18,0.0
17235,10262,53,2,35.03,0.0
17236,10263,1,1,99.23,0.1
17237,10263,132,4,67.74,0.0
17238,10264,72,2,264.34,0.15
17239,10265,100,1,53.29,0.05
17240,10265,60,1,155.76,0.05
17241,10265,46,1,34.08,0.0
17242,10266,116,1,84.7,0.0
17243,10267,36,1,21.6,0.15
17244,10267,22,1,53.72,0.1
17245,10267,12,4,43.16,0.1
17246,10268,140,2,20.99,0.15
17247,10269,73,2,64.16,0.0
17248,10270,38,2,11.25,0.0
17249,10271,8,1,128.11,0.0
17250,10271,24,1,18.02,0.1
17251,10271,64,5,22.07,0.05
17252,10272,100,1,52.82,0.0
17253,10273,60,1,153.25,0.0
17254,10274,129,1,70.64,0.1
17255,10275,13,3,82.78,0.05
17256,10276,67,1,59.69,0.1
17257,10276,150,1,85.07,0.05
17258,10277,3,4,118.42,0.0
17259,10277,7,5,263.14,0.15
17260,10277,118,4,22.32,0.0
17261,10277,146,2,131.61,0.15
17262,10278,27,4,22.93,0.0
17263,10279,42,2,74.26,0.15
17264,10279,17,2,25.88,0.15
17265,10280,127,2,27.05,0.1
17266,10280,51,1,85.38,0.0
17267,10281,105,1,56.63,0.0
17268,10282,21,3,238.03,0.0
17269,10283,77,3,68.77,0.0
17270,10284,92,4,154.61,0.0
17271,10285,2,1,56.15,0.1
17272,10286,153,1,34.46,0.0
17273,10287,144,2,78.71,0.0
17274,10288,80,4,10.74,0.15
17275,10289,74,1,263.25,0.0
17276,10289,106,2,91.91,0.0
17277,10290,89,2,41.06,0.0
17278,10291,74,1,271.63,0.0
17279,10291,130,2,40.31,0.0
17280,10292,107,1,357.56,0.0
17281,10293,51,1,88.48,0.15
17282,10293,58,1,48.53,0.0
17283,10294,118,2,23.04,0.1
17284,10295,44,3,50.68,0.1
17285,10296,158,2,98.85,0.0
17286,10296,64,1,22.69,0.0
17287,10297,22,3,52.41,0.0
17288,10298,32,1,347.91,0.0
17289,10299,30,1,51.23,0.0
17290,10300,144,4,75.03,0.1
17291,10301,68,3,156.49,0.0
17292,10302,31,3,37.48,0.0
17293,10303,35,1,135.15,0.0
17294,10303,52,2,45.49,0.0
17295,10304,157,3,346.28,0.1
17296,10305,137,1,32.66,0.0
17297,10305,128,-1,39.84,0.0
17298,10305,68,2,160.79,0.0
17299,10306,58,1,50.09,0.0
17300,10307,55,3,163.85,0.0
17301,10308,133,1,24.98,0.0
17302,10309,13,1,80.32,0.0
17303,10310,6,1,53.4,0.1
17304,10310,82,1,91.83,0.0
17305,10311,10,3,104.72,0.0
17306,10311,113,1,70.16,0.0
17307,10312,75,1,6.23,0.0
17308,10313,118,1,22.57,0.0
17309,10313,60,1,153.97,0.1
17310,10313,66,1,219.41,0.15
17311,10314,149,1,105.17,0.05
17312,10314,37,1,78.26,0.05
17313,10314,16,2,39.7,0.0
17314,10315,22,1,54.21,0.15
17315,10315,148,2,20.23,0.0
17316,10315,127,1,26.66,0.05
17317,10316,61,2,42.4,0.1
17318,10316,153,3,35.32,0.1
17319,10317,159,2,22.28,0.15
17320,10318,128,3,39.07,0.0
17321,10318,94,2,48.34,0.05
17322,10319,31,1,38.41,0.0
17323,10320,79,4,71.81,0.1
17324,10320,154,1,81.5,0.0
17325,10320,40,1,75.76,0.0
17326,10321,152,1,89.99,0.0
17327,10321,141,1,78.12,0.15
17328,10322,65,2,135.79,0.1
17329,10323,145,1,83.44,0.0
17330,10323,130,4,40.58,0.0
17331,10324,160,4,115.4,0.0
17332,10324,45,1,17.61,0.1
17333,10325,110,1,60.38,0.1
17334,10326,18,4,87.69,0.15
17335,10327,119,2,181.36,0.0
17336,10327,157,1,342.33,0.05
17337,10327,69,1,89.31,0.1
17338,10328,92,2,151.74,0.15
17339,10329,50,5,13.25,0.1
17340,10330,144,1,77.39,0.0
17341,10331,89,2,41.3,0.1
17342,10331,131,2,16.19,0.0
17343,10331,157,3,346.95,0.1
17344,10332,43,3,58.02,0.0
17345,10332,42,4,74.01,0.15
17346,10332,23,1,69.68,0.15
17347,10333,53,2,36.12,0.0
17348,10334,28,2,93.23,0.05
17349,10335,57,1,30.19,0.0
17350,10335,10,1,103.32,0.0
17351,10335,76,2,137.44,0.05
17352,10336,3,1,113.74,0.1
17353,10337,94,4,47.43,0.0
17354,10337,150,2,85.82,0.0
17355,10338,21,2,248.75,0.15
17356,10339,57,1,30.17,0.1
17357,10339,124,2,18.81,0.0
17358,10339,90,2,101.75,0.0
17359,10339,62,2,55.73,0.0
17360,10340,103,4,48.14,0.0
17361,10341,61,1,42.02,0.15
17362,10342,154,2,79.96,0.1
17363,10343,15,1,14.01,0.1
17364,10343,154,1,78.65,0.1
17365,10344,29,2,37.11,0.0
17366,10345,154,1,80.85,0.0
17367,10345,55,1,161.03,0.15
17368,10345,157,1,352.63,0.05
17369,10346,76,2,139.4,0.0
17370,10346,95,1,45.5,0.1
17371,10347,51,3,86.28,0.0
17372,10348,107,5,358.57,0.0
17373,10348,31,1,38.56,0.05
17374,10349,100,2,51.62,0.1
17375,10350,152,4,87.88,0.1
17376,10350,5,1,53.95,0.05
17377,10351,125,1,110.12,0.0
17378,10351,103,1,48.88,0.0
17379,10351,140,1,21.03,0.0
17380,10352,30,1,49.2,0.0
17381,10352,159,2,22.26,0.0
17382,10353,29,1,38.23,0.05
17383,10354,106,1,95.59,0.0
17384,10354,142,2,209.34,0.05
17385,10355,134,1,97.98,0.15
17386,10356,159,3,22.64,0.0
17387,10356,107,1,346.89,0.0
17388,10357,13,1,81.8,0.1
17389,10357,71,3,88.27,0.0
17390,10358,115,1,53.35,0.15
17391,10358,136,1,257.29,0.15
17392,10358,102,3,43.78,0.0
17393,10358,142,1,213.96,0.15
17394,10359,39,1,19.2,0.05
17395,10360,110,2,61.97,0.0
17396,10360,59,1,88.1,0.0
17397,10361,156,1,34.85,0.0
17398,10362,30,1,50.67,0.0
17399,10363,44,1,49.46,0.0
17400,10364,85,1,31.88,0.1
17401,10364,111,3,11.47,0.15
17402,10364,23,1,70.7,0.05
17403,10365,135,4,29.01,0.0
17404,10365,125,1,107.45,0.05
17405,10366,5,2,52.84,0.0
17406,10366,13,5,79.76,0.05
17407,10367,140,1,21.44,0.0
17408,10368,20,1,17.88,0.05
17409,10368,146,4,130.47,0.15
17410,10368,89,3,40.99,0.0
17411,10368,90,1,101.89,0.05
17412,10369,64,1,21.95,0.0
17413,10370,98,1,83.94,0.15
17414,10371,110,1,60.08,0.0
17415,10371,159,1,22.8,0.05
17416,10371,86,1,41.17,0.1
17417,10372,71,1,91.96,0.1
17418,10372,20,2,18.12,0.0
17419,10373,64,3,22.08,0.0
17420,10374,135,1,28.69,0.0
17421,10374,110,1,61.73,0.0
17422,10375,36,1,21.7,0.1
17423,10376,3,1,117.23,0.15
17424,10377,93,1,35.17,0.0
17425,10378,15,1,13.67,0.15
17426,10379,106,2,94.74,0.0
17427,10379,34,2,24.52,0.05
17428,10379,110,2,60.49,0.0
17429,10379,122,1,28.35,0.15
17430,10380,111,5,11.68,0.15
17431,10381,49,1,87.57,0.0
17432,10381,146,1,132.19,0.0
17433,10382,34,4,24.47,0.0
17434,10383,122,1,28.01,0.15
17435,10383,138,1,48.19,0.05
17436,10384,111,1,11.8,0.15
17437,10385,57,1,30.68,0.0
17438,10386,72,2,257.52,0.0
17439,10386,50,2,12.98,0.0
17440,10387,136,3,263.52,0.05
17441,10387,99,1,64.15,0.0
17442,10388,78,1,50.83,0.0
17443,10389,87,1,148.36,0.15
17444,10390,144,1,77.93,0.0
17445,10390,58,1,50.35,0.1
17446,10390,69,1,90.13,0.0
17447,10391,126,1,465.02,0.15
17448,10392,79,4,71.71,0.0
17449,10393,17,1,26.07,0.15
17450,10394,53,1,35.38,0.15
17451,10394,10,1,107.06,0.1
17452,10394,133,1,25.18,0.0
17453,10395,15,2,13.49,0.1
17454,10395,136,1,261.03,0.05
17455,10396,139,2,135.78,0.0
17456,10396,16,2,38.29,0.15
17457,10396,11,2,43.14,0.0
17458,10397,157,2,353.17,0.15
17459,10398,10,1,105.85,0.15
17460,10399,129,1,70.23,0.1
17461,10400,112,4,62.49,0.0
17462,10400,157,1,344.48,0.0
17463,10400,8,1,129.43,0.15
17464,10400,45,1,17.08,0.0
17465,10401,139,2,133.55,0.05
17466,10402,10,2,103.34,0.05
17467,10403,6,1,51.76,0.05
17468,10403,37,1,77.71,0.0
17469,10404,88,2,89.33,0.0
17470,10405,129,4,72.47,0.1
17471,10406,106,2,94.22,0.1
17472,10407,98,5,81.45,0.0
17473,10408,133,2,24.4,0.15
17474,10409,129,1,71.37,0.0
17475,10409,12,1,42.67,0.1
17476,10409,14,1,11.37,0.0
17477,10409,105,1,57.42,0.05
17478,10410,135,1,27.81,0.0
17479,10410,159,1,22.21,0.0
17480,10411,57,1,29.99,0.1
17481,10411,134,1,100.99,0.0
17482,10412,80,1,10.91,0.05
17483,10412,116,2,87.19,0.05
17484,10412,109,3,80.48,0.15
17485,10412,135,2,28.82,0.15
17486,10413,133,1,25.01,0.0
17487,10413,65,1,134.87,0.15
17488,10414,75,4,6.25,0.1
17489,10414,115,1,54.42,0.15
17490,10415,80,1,10.71,0.0
17491,10415,44,1,49.28,0.05
17492,10416,94,1,47.31,0.0
17493,10416,60,1,154.78,0.0
17494,10417,123,5,232.28,0.0
17495,10418,82,1,91.55,0.1
17496,10418,79,1,69.57,0.1
17497,10419,57,1,30.37,0.1
17498,10420,82,5,87.76,0.1
17499,10420,121,3,134.54,0.05
17500,10421,63,2,24.25,0.0
17501,10421,116,1,84.24,0.0
17502,10422,36,2,21.64,0.05
17503,10423,13,1,79.47,0.0
17504,10424,128,2,39.23,0.0
17505,10424,1,1,102.08,0.0
17506,10424,80,3,10.79,0.1
17507,10424,108,2,74.89,0.0
17508,10425,100,-2,52.71,0.0
17509,10426,130,1,41.07,0.0
17510,10427,59,2,88.47,0.0
17511,10427,151,4,79.82,0.15
17512,10427,70,3,36.4,0.15
17513,10427,36,1,21.25,0.1
17514,10428,30,2,51.04,0.0
17515,10428,90,1,103.25,0.0
17516,10428,110,2,61.54,0.0
17517,10429,160,1,114.59,0.0
17518,10430,46,1,33.57,0.0
17519,10431,101,1,18.22,0.0
17520,10432,95,2,45.84,0.05
17521,10432,74,1,267.07,0.0
17522,10433,117,2,62.56,0.0
17523,10433,149,3,102.06,0.05
17524,10433,146,1,131.1,0.1
17525,10433,20,5,18.17,0.0
17526,10434,81,1,53.84,0.05
17527,10434,109,5,82.12,0.15
17528,10434,143,2,14.96,0.0
17529,10434,148,1,20.3,0.0
17530,10435,74,2,269.94,0.05
17531,10435,68,1,160.07,0.0
17532,10436,71,1,89.82,0.05
17533,10437,88,3,86.14,0.0
17534,10437,20,2,17.95,0.05
17535,10438,153,2,34.5,0.1
17536,10439,113,2,67.22,0.0
17537,10440,85,5,31.05,0.05
17538,10440,149,2,103.65,0.0
17539,10441,48,3,170.69,0.15
17540,10441,37,4,77.41,0.0
17541,10442,89,1,40.24,0.15
17542,10443,88,4,88.66,0.1
17543,10443,45,1,17.06,0.05
17544,10443,20,1,18.37,0.0
17545,10444,50,2,13.58,0.15
17546,10445,98,1,82.74,0.05
17547,10445,136,2,257.83,0.0
17548,10445,48,3,167.19,0.0
17549,10446,59,1,86.33,0.0
17550,10446,54,2,112.81,0.1
17551,10447,47,2,43.59,0.15
17552,10448,64,1,22.48,0.1
17553,10449,140,1,21.91,0.15
17554,10450,93,1,34.67,0.0
17555,10450,110,5,59.83,0.0
17556,10450,95,1,46.21,0.0
17557,10450,92,4,151.59,0.0
17558,10451,127,1,26.11,0.0
17559,10451,47,3,43.84,0.1
17560,10451,84,1,41.63,0.15
17561,10451,44,2,48.73,0.0
17562,10452,149,1,101.64,0.0
17563,10452,111,2,11.56,0.05
17564,10453,41,2,124.82,0.15
17565,10454,155,2,84.44,0.15
17566,10454,114,2,606.09,0.0
17567,10455,143,3,15.37,0.05
17568,10455,41,1,125.75,0.05
17569,10456,65,1,138.04,0.1
17570,10457,78,4,50.87,0.05
17571,10457,35,1,138.95,0.0
17572,10458,62,2,54.49,0.0
17573,10459,43,3,57.6,0.0
17574,10459,78,1,48.87,0.05
17575,10460,144,1,75.87,0.0
17576,10460,159,1,21.78,0.15
17577,10460,139,1,133.59,0.0
17578,10461,146,1,128.84,0.1
17579,10461,144,1,75.31,0.1
17580,10461,71,3,89.34,0.0
17581,10462,4,3,261.2,0.1
17582,10463,132,1,70.61,0.1
17583,10463,133,1,24.56,0.1
17584,10464,117,1,63.78,0.0
17585,10465,25,4,39.68,0.0
17586,10466,149,1,105.35,0.05
17587,10467,77,1,70.3,0.15
17588,10467,108,2,76.77,0.0
17589,10467,153,4,35.83,0.0
17590,10468,134,3,97.88,0.05
17591,10468,97,2,82.85,0.05
17592,10469,17,2,25.74,0.1
17593,10469,47,2,43.12,0.0
17594,10470,74,1,272.6,0.0
17595,10471,67,1,61.79,0.0
17596,10472,74,2,268.15,0.1
17597,10472,50,2,13.11,0.05
17598,10473,87,2,148.66,0.0
17599,10473,95,1,46.49,0.0
17600,10473,34,1,25.56,0.0
17601,10474,7,4,265.31,0.0
17602,10475,69,3,88.74,0.0
17603,10475,87,1,151.35,0.15
17604,10476,46,2,34.48,0.0
17605,10476,139,3,132.29,0.1
17606,10477,127,2,27.3,0.0
17607,10478,16,4,39.38,0.05
17608,10478,2,1,57.28,0.05
17609,10478,65,2,133.69,0.1
17610,10479,88,4,86.12,0.1
17611,10480,12,1,43.18,0.15
17612,10480,78,4,50.19,0.0
17613,10480,36,2,21.99,0.0
17614,10480,81,2,52.33,0.0
17615,10481,36,-1,21.18,0.0
17616,10481,132,4,67.64,0.0
17617,10482,127,3,26.19,0.0
17618,10483,9,2,42.59,0.0
17619,10484,4,1,252.69,0.0
17620,10485,47,2,42.84,0.0
17621,10485,87,1,148.58,0.15
17622,10485,9,2,43.33,0.0
17623,10486,147,1,21.0,0.0
17624,10487,152,5,90.8,0.05
17625,10487,77,3,70.35,0.1
17626,10488,73,2,64.46,0.0
17627,10489,97,1,83.84,0.05
17628,10490,20,1,18.47,0.1
17629,10490,113,1,69.98,0.0
17630,10490,99,1,66.35,0.1
17631,10491,42,2,77.76,0.15
17632,10491,109,1,82.34,0.0
17633,10491,97,1,87.0,0.0
17634,10491,38,1,11.2,0.0
17635,10492,24,4,18.09,0.0
17636,10493,57,5,31.08,0.0
17637,10493,87,1,145.89,0.0
17638,10493,31,2,37.21,0.0
17639,10494,2,1,58.68,0.15
17640,10495,73,1,61.65,0.0
17641,10495,21,1,248.35,0.05
17642,10495,97,1,85.48,0.05
17643,10496,34,1,24.9,0.0
17644,10496,60,1,159.78,0.0
17645,10497,113,2,69.88,0.0
17646,10497,75,2,6.24,0.15
17647,10498,35,1,138.58,0.0
17648,10499,92,1,151.78,0.05
17649,10499,18,1,84.65,0.05
17650,10499,64,1,22.64,0.0
17651,10500,12,1,42.42,0.0
17652,10501,115,1,54.81,0.1
17653,10501,159,1,21.98,0.1
17654,10501,108,1,76.32,0.0
17655,10502,21,1,245.77,0.1
17656,10502,34,1,25.29,0.15
17657,10502,65,1,135.24,0.0
17658,10502,109,1,81.31,0.15
17659,10503,67,2,60.93,0.0
17660,10503,51,2,84.89,0.0
17661,10504,27,1,23.25,0.0
17662,10504,97,2,84.51,0.0
17663,10504,13,1,80.65,0.05
17664,10505,141,4,81.8,0.05
17665,10505,127,5,26.63,0.0
17666,10506,90,4,100.89,0.05
17667,10506,87,2,144.77,0.05
17668,10507,56,3,150.19,0.05
17669,10507,3,1,118.01,0.0
17670,10507,42,1,77.0,0.1
17671,10507,92,1,155.77,0.15
17672,10508,108,1,74.61,0.1
17673,10509,129,1,70.88,0.15
17674,10510,140,1,21.48,0.15
17675,10511,71,3,88.54,0.1
17676,10511,9,4,43.2,0.0
17677,10511,133,3,25.11,0.0
17678,10512,63,2,24.1,0.1
17679,10512,2,1,56.75,0.0
17680,10513,34,2,24.66,0.0
17681,10514,121,1,129.65,0.0
17682,10515,62,1,55.54,0.0
17683,10516,102,3,45.4,0.0
17684,10517,20,1,18.33,0.1
17685,10517,95,1,46.14,0.0
17686,10518,134,1,101.66,0.15
17687,10519,70,2,35.83,0.05
17688,10520,149,1,104.31,0.0
17689,10520,116,2,83.38,0.0
17690,10521,112,4,64.27,0.0
17691,10522,52,2,45.68,0.0
17692,10522,109,2,81.69,0.1
17693,10523,8,3,126.49,0.0
17694,10524,71,2,89.02,0.15
17695,10524,30,2,50.23,0.15
17696,10525,97,3,84.83,0.15
17697,10526,75,1,6.01,0.0
17698,10526,50,1,13.13,0.05
17699,10526,142,1,205.93,0.1
17700,10527,33,1,65.27,0.15
17701,10528,9,2,43.12,0.1
17702,10528,44,2,49.1,0.0
17703,10528,149,4,105.21,0.0
17704,10529,6,1,54.01,0.0
17705,10529,106,1,91.18,0.0
17706,10530,74,1,265.02,0.0
17707,10531,138,2,48.95,0.0
17708,10531,3,1,113.63,0.05
17709,10531,148,1,20.16,0.1
17710,10532,99,1,66.74,0.0
17711,10533,136,4,263.74,0.1
17712,10534,72,4,257.99,0.0
17713,10535,37,2,78.33,0.0
17714,10535,100,3,53.86,0.15
17715,10536,76,3,138.19,0.0
17716,10537,30,5,49.49,0.05
17717,10538,87,5,147.57,0.1
17718,10538,46,4,33.46,0.15
17719,10538,80,1,10.62,0.0
17720,10539,67,1,59.44,0.15
17721,10539,20,2,17.94,0.1
17722,10539,19,3,29.2,0.15
17723,10540,113,1,68.47,0.0
17724,10541,132,1,67.7,0.0
17725,10541,56,1,151.56,0.05
17726,10541,130,1,40.94,0.0
17727,10542,67,3,61.45,0.0
17728,10542,25,1,39.32,0.0
17729,10543,36,3,21.42,0.0
17730,10543,71,1,90.25,0.0
17731,10544,156,1,34.56,0.1
17732,10544,140,4,21.7,0.15
17733,10545,91,2,70.08,0.0
17734,10545,65,1,138.37,0.0
17735,10546,154,1,82.11,0.05
17736,10546,14,1,11.61,0.15
17737,10547,153,3,35.89,0.1
17738,10547,84,1,40.27,0.0
17739,10547,114,1,583.15,0.0
17740,10548,81,1,53.27,0.0
17741,10549,63,2,23.69,0.15
17742,10550,125,1,110.89,0.1
17743,10551,52,5,45.99,0.0
17744,10551,130,4,41.42,0.0
17745,10552,45,1,17.4,0.0
17746,10552,160,1,115.2,0.0
17747,10553,43,1,57.6,0.0
17748,10553,83,1,243.95,0.05
17749,10554,151,1,83.53,0.1
17750,10554,129,3,72.1,0.0
17751,10554,122,1,28.79,0.1
17752,10554,97,1,85.04,0.15
17753,10555,15,1,13.95,0.0
17754,10555,125,4,110.0,0.0
17755,10556,32,2,342.06,0.1
17756,10557,18,3,85.48,0.0
17757,10557,19,3,29.26,0.15
17758,10558,41,3,129.36,0.05
17759,10559,83,2,239.69,0.15
17760,10559,90,1,105.32,0.0
17761,10560,130,2,41.31,0.05
17762,10561,57,1,31.18,0.15
17763,10562,137,1,32.12,0.1
17764,10563,38,2,11.11,0.0
17765,10563,26,1,73.27,0.0
17766,10564,52,1,46.85,0.0
17767,10565,28,2,92.64,0.05
17768,10565,83,1,244.89,0.0
17769,10566,47,1,42.95,0.1
17770,10567,11,1,43.45,0.0
17771,10567,82,1,87.62,0.1
17772,10568,1,1,104.27,0.05
17773,10569,94,3,47.57,0.15
17774,10569,48,2,166.64,0.1
17775,10569,133,1,25.1,0.0
17776,10569,156,1,34.16,0.0
17777,10570,125,1,110.09,0.0
17778,10570,150,1,82.81,0.0
17779,10571,11,1,42.54,0.1
17780,10572,43,2,58.97,0.15
17781,10573,112,4,63.33,0.05
17782,10574,44,1,48.45,0.0
17783,10575,149,1,102.37,0.15
17784,10575,36,1,21.63,0.05
17785,10575,46,1,33.84,0.05
17786,10576,141,2,78.0,0.0
17787,10577,18,1,87.01,0.0
17788,10578,36,1,21.37,0.1
17789,10579,105,4,57.02,0.05
17790,10579,104,3,30.79,0.1
17791,10579,97,1,85.95,0.05
17792,10580,1,2,104.2,0.0
17793,10580,101,2,18.58,0.05
17794,10580,104,2,31.15,0.15
17795,10580,15,2,13.5,0.05
17796,10581,116,1,83.28,0.15
17797,10581,103,1,47.55,0.1
17798,10582,149,1,106.36,0.0
17799,10582,129,1,71.97,0.1
17800,10582,85,1,31.19,0.0
17801,10583,39,2,19.2,0.0
17802,10584,10,2,107.34,0.1
17803,10584,32,1,340.19,0.05
17804,10585,136,1,256.7,0.05
17805,10586,126,3,455.56,0.0
17806,10587,75,1,6.15,0.1
17807,10587,160,1,115.13,0.05
17808,10588,108,1,76.73,0.0
17809,10588,39,1,19.21,0.1
17810,10588,70,2,36.34,0.0
17811,10589,115,1,55.43,0.0
17812,10589,135,1,29.08,0.15
17813,10589,97,1,86.57,0.05
17814,10590,99,1,66.25,0.0
17815,10590,110,1,60.73,0.0
17816,10591,97,2,82.79,0.0
17817,10591,23,1,70.25,0.0
17818,10592,134,4,99.67,0.0
17819,10592,28,1,89.62,0.0
17820,10593,33,1,64.22,0.0
17821,10593,85,1,32.06,0.0
17822,10594,55,3,164.31,0.15
17823,10595,150,1,82.89,0.05
17824,10595,104,4,31.52,0.1
17825,10596,118,1,22.67,0.0
17826,10596,136,2,255.67,0.15
17827,10597,71,1,90.96,0.1
17828,10598,48,1,164.29,0.05
17829,10599,48,1,166.32,0.0
17830,10599,107,1,348.97,0.0
17831,10599,5,2,53.62,0.15
17832,10600,124,1,18.04,0.0
17833,10600,87,3,151.75,0.05
17834,10600,147,1,21.33,0.1
17835,10601,101,1,18.18,0.1
17836,10602,9,3,42.63,0.0
17837,10603,8,2,127.84,0.1
17838,10603,63,1,24.62,0.05
17839,10603,149,1,102.53,0.15
17840,10604,3,1,117.14,0.0
17841,10604,133,1,25.46,0.05
17842,10605,2,1,57.26,0.0
17843,10606,26,1,71.9,0.05
17844,10607,153,2,35.84,0.0
17845,10608,95,1,45.18,0.0
17846,10609,140,1,21.26,0.1
17847,10610,2,1,58.81,0.0
17848,10610,144,3,78.55,0.0
17849,10611,32,3,347.59,0.0
17850,10611,74,3,260.62,0.15
17851,10611,71,2,91.43,0.15
17852,10612,99,2,64.72,0.15
17853,10612,64,1,21.86,0.0
17854,10612,19,2,29.3,0.05
17855,10613,12,1,41.93,0.0
17856,10613,131,2,16.46,0.15
17857,10614,79,1,69.53,0.0
17858,10614,80,1,10.61,0.0
17859,10614,55,1,160.99,0.0
17860,10615,122,1,28.68,0.0
17861,10615,67,2,59.83,0.05
17862,10616,81,1,53.64,0.0
17863,10617,75,1,6.14,0.15
17864,10617,11,3,43.93,0.0
17865,10618,74,1,267.13,0.15
17866,10618,93,4,35.37,0.0
17867,10618,19,2,28.4,0.1
17868,10618,136,1,262.71,0.0
17869,10619,153,3,35.46,0.0
17870,10620,77,1,71.77,0.05
17871,10620,110,1,59.86,0.0
17872,10621,83,1,243.46,0.0
17873,10621,116,1,86.32,0.0
17874,10622,34,2,25.23,0.0
17875,10622,77,1,71.49,0.05
17876,10623,104,1,30.85,0.1
17877,10623,7,2,270.97,0.1
17878,10624,48,2,166.12,0.0
17879,10625,2,1,58.16,0.1
17880,10625,139,2,135.27,0.1
17881,10626,117,3,62.65,0.0
17882,10626,135,2,28.41,0.1
17883,10626,87,4,151.43,0.0
17884,10627,65,1,133.34,0.1
17885,10627,139,2,133.87,0.0
17886,10628,24,1,18.05,0.0
17887,10628,15,1,13.72,0.0
17888,10628,120,4,130.41,0.05
17889,10629,118,1,22.58,0.0
17890,10629,152,2,87.83,0.05
17891,10630,51,1,85.59,0.15
17892,10631,124,1,18.52,0.15
17893,10632,106,-1,92.11,0.0
17894,10633,13,2,82.73,0.15
17895,10633,132,1,69.12,0.0
17896,10633,92,1,155.53,0.0
17897,10634,3,2,117.22,0.0
17898,10634,71,1,90.67,0.0
17899,10634,95,1,44.92,0.15
17900,10634,12,1,42.48,0.0
17901,10635,142,1,212.62,0.0
17902,10635,39,5,19.19,0.0
17903,10636,36,1,21.93,0.0
17904,10636,117,5,62.33,0.1
17905,10636,61,5,41.78,0.05
17906,10636,15,2,13.89,0.0
17907,10637,72,1,264.01,0.0
17908,10638,22,1,53.98,0.05
17909,10639,19,4,29.22,0.05
17910,10639,1,2,104.03,0.0
17911,10639,88,2,87.03,0.0
17912,10640,101,2,18.5,0.0
17913,10641,75,1,6.12,0.15
17914,10641,30,2,49.54,0.15
17915,10642,85,1,30.9,0.0
17916,10643,117,1,63.55,0.05
17917,10643,3,2,114.52,0.05
17918,10644,135,1,27.95,0.05
17919,10644,33,5,64.99,0.05
17920,10645,109,3,82.7,0.15
17921,10645,46,3,33.49,0.1
17922,10646,111,4,11.48,0.0
17923,10647,135,1,28.12,0.0
17924,10647,37,1,79.22,0.1
17925,10647,86,5,41.79,0.15
17926,10647,38,1,10.97,0.0
17927,10648,25,1,39.75,0.15
17928,10648,42,2,77.05,0.05
17929,10649,80,4,11.13,0.0
17930,10649,15,2,13.64,0.0
17931,10650,57,1,29.81,0.0
17932,10651,34,2,25.09,0.15
17933,10652,151,1,80.16,0.0
17934,10653,136,1,262.09,0.15
17935,10653,88,3,88.64,0.0
17936,10654,92,1,157.04,0.15
17937,10655,131,3,15.87,0.1
17938,10655,22,2,52.02,0.1
17939,10655,85,1,31.57,0.0
17940,10656,43,3,58.29,0.0
17941,10656,140,1,21.01,0.0
17942,10657,130,2,41.31,0.0
17943,10658,147,1,21.37,0.15
17944,10658,72,1,256.46,0.1
17945,10659,130,1,40.57,0.05
17946,10660,10,1,104.68,0.15
17947,10660,132,1,67.91,0.0
17948,10660,65,4,138.3,0.0
17949,10661,124,1,18.37,0.05
17950,10662,58,1,48.8,0.0
17951,10662,45,4,17.19,0.0
17952,10662,69,2,89.72,0.15
17953,10662,35,1,139.7,0.15
17954,10663,13,1,79.1,0.0
17955,10663,138,3,48.04,0.15
17956,10664,126,3,465.15,0.15
17957,10665,103,1,48.94,0.05
17958,10665,94,1,47.44,0.05
17959,10665,56,1,147.82,0.0
17960,10665,44,1,49.63,0.1
17961,10666,43,1,57.91,0.0
17962,10667,139,1,132.13,0.0
17963,10667,143,4,15.28,0.0
17964,10668,121,1,133.88,0.05
17965,10669,60,2,153.09,0.05
17966,10670,17,2,26.01,0.15
17967,10670,134,1,100.21,0.0
17968,10671,39,1,19.92,0.0
17969,10671,103,1,47.59,0.05
17970,10671,70,2,35.92,0.05
17971,10672,39,1,19.47,0.05
17972,10672,147,1,21.27,0.15
17973,10673,133,1,24.78,0.0
17974,10674,67,2,61.78,0.15
17975,10674,111,2,11.84,0.05
17976,10675,91,1,69.83,0.0
17977,10675,24,2,17.73,0.1
17978,10676,117,2,62.66,0.0
17979,10677,127,2,27.08,0.05
17980,10677,31,1,38.51,0.05
17981,10678,82,4,91.59,0.05
17982,10679,108,1,76.73,0.0
17983,10679,17,2,26.21,0.0
17984,10679,10,1,107.73,0.15
17985,10680,50,2,12.98,0.0
17986,10680,85,1,31.56,0.0
17987,10681,130,2,41.66,0.0
17988,10682,148,2,19.85,0.0
17989,10683,149,-3,102.56,0.0
17990,10684,36,1,22.07,0.0
17991,10685,78,3,49.87,0.05
17992,10686,72,1,255.19,0.1
17993,10687,71,1,90.48,0.1
17994,10688,82,1,89.18,0.05
17995,10688,80,4,11.04,0.0
17996,10689,108,1,77.47,0.15
17997,10690,63,1,23.55,0.05
17998,10691,136,1,263.97,0.15
17999,10692,145,3,80.19,0.0
18000,10693,10,3,107.73,0.15
18001,10694,29,4,37.79,0.0
18002,10695,124,1,18.16,0.1
18003,10695,2,4,58.09,0.1
18004,10696,152,1,90.45,0.1
18005,10697,136,1,258.36,0.15
18006,10697,84,2,40.94,0.0
18007,10697,45,5,17.61,0.0
18008,10697,9,2,42.65,0.05
18009,10698,90,2,104.04,0.0
18010,10698,43,2,58.97,0.05
18011,10699,34,1,25.19,0.0
18012,10699,130,2,40.85,0.0
18013,10699,149,2,101.37,0.05
18014,10700,130,3,40.53,0.0
18015,10701,84,1,40.24,0.15
18016,10702,127,1,26.49,0.0
18017,10702,50,4,13.07,0.0
18018,10703,19,1,29.02,0.0
18019,10703,153,1,34.86,0.0
18020,10703,14,2,11.7,0.0
18021,10704,74,3,263.92,0.0
18022,10705,114,3,612.04,0.0
18023,10706,149,1,102.21,0.15
18024,10707,147,5,21.36,0.0
18025,10708,87,1,151.59,0.0
18026,10709,23,1,69.36,0.15
18027,10710,111,1,11.4,0.1
18028,10711,21,1,248.51,0.0
18029,10711,12,1,43.62,0.05
18030,10711,77,1,71.12,0.05
18031,10712,38,3,10.87,0.15
18032,10713,63,1,23.7,0.05
18033,10714,65,1,138.23,0.1
18034,10714,73,1,62.74,0.05
18035,10714,40,4,79.54,0.0
18036,10714,130,1,41.35,0.0
18037,10715,149,2,106.25,0.0
18038,10716,120,1,124.73,0.0
18039,10717,27,4,23.55,0.05
18040,10717,151,2,81.98,0.0
18041,10718,37,1,80.08,0.05
18042,10719,94,1,48.53,0.05
18043,10719,73,1,61.9,0.0
18044,10720,63,2,23.56,0.0
18045,10720,135,1,28.23,0.15
18046,10721,62,1,55.56,0.15
18047,10722,116,1,85.77,0.0
18048,10723,24,2,17.69,0.0
18049,10723,66,4,223.81,0.0
18050,10723,120,1,129.38,0.15
18051,10724,64,1,21.82,0.15
18052,10725,92,2,155.51,0.0
18053,10726,142,1,208.52,0.1
18054,10727,84,1,40.35,0.15
18055,10727,138,1,47.64,0.0
18056,10727,128,1,39.06,0.05
18057,10728,62,2,53.95,0.0
18058,10728,35,1,134.81,0.0
18059,10728,6,3,52.69,0.05
18060,10729,12,3,42.1,0.15
18061,10729,38,5,10.99,0.15
18062,10730,96,1,17.23,0.05
18063,10731,88,1,87.87,0.1
18064,10731,154,3,78.91,0.15
18065,10732,147,1,21.31,0.05
18066,10733,15,1,14.08,0.1
18067,10734,63,1,24.6,0.0
18068,10735,69,2,90.42,0.0
18069,10736,126,1,462.05,0.0
18070,10737,125,3,108.76,0.0
18071,10737,25,1,39.73,0.15
18072,10738,126,1,463.47,0.15
18073,10738,128,3,40.0,0.0
18074,10739,100,1,51.94,0.05
18075,10739,99,2,63.99,0.0
18076,10739,113,1,70.32,0.1
18077,10739,98,4,82.89,0.15
18078,10740,133,1,24.6,0.0
18079,10741,135,1,28.45,0.1
18080,10741,72,1,261.69,0.05
18081,10742,81,2,54.54,0.0
18082,10743,104,3,31.15,0.05
18083,10743,60,1,158.68,0.1
18084,10744,112,1,64.18,0.0
18085,10744,81,2,53.16,0.1
18086,10745,159,1,22.39,0.0
18087,10746,20,1,17.97,0.0
18088,10746,62,1,55.81,0.0
18089,10747,146,2,130.76,0.1
18090,10747,82,1,91.22,0.0
18091,10747,138,1,48.58,0.0
18092,10748,15,1,14.04,0.0
18093,10748,86,3,40.45,0.0
18094,10748,52,1,46.68,0.1
18095,10749,7,1,272.31,0.0
18096,10750,49,2,87.85,0.0
18097,10750,100,2,51.65,0.05
18098,10751,155,1,84.06,0.15
18099,10752,60,1,157.23,0.1
18100,10752,28,1,89.17,0.0
18101,10752,2,1,57.47,0.0
18102,10753,23,1,70.34,0.0
18103,10754,144,2,76.47,0.0
18104,10754,121,1,135.57,0.0
18105,10755,127,1,26.87,0.1
18106,10755,154,3,78.96,0.05
18107,10755,19,1,28.5,0.0
18108,10755,92,1,159.14,0.0
18109,10756,26,2,70.13,0.0
18110,10756,20,1,18.1,0.0
18111,10757,131,2,16.49,0.15
18112,10757,45,4,17.19,0.0
18113,10758,78,1,49.32,0.15
18114,10759,117,1,64.62,0.15
18115,10759,108,1,74.83,0.0
18116,10759,77,1,70.35,0.0
18117,10759,3,2,118.81,0.05
18118,10760,44,1,48.51,0.1
18119,10760,38,1,11.42,0.15
18120,10761,44,1,50.62,0.0
18121,10762,72,2,260.56,0.0
18122,10763,19,1,28.34,0.0
18123,10764,32,4,349.33,0.0
18124,10765,53,1,35.6,0.0
18125,10766,28,1,89.4,0.05
18126,10767,142,3,212.89,0.0
18127,10767,89,1,40.19,0.0
18128,10768,145,3,82.25,0.15
18129,10768,25,4,39.04,0.1
18130,10769,51,1,85.94,0.1
18131,10769,33,2,65.81,0.0
18132,10770,42,2,76.63,0.05
18133,10770,155,4,86.36,0.1
18134,10771,48,1,165.3,0.0
18135,10771,107,1,354.21,0.0
18136,10772,123,1,232.16,0.1
18137,10773,93,1,35.12,0.0
18138,10773,105,1,54.83,0.0
18139,10774,123,4,227.49,0.0
18140,10775,107,1,359.5,0.0
18141,10776,61,2,43.18,0.15
18142,10776,24,1,17.99,0.0
18143,10776,102,2,44.79,0.1
18144,10777,136,2,259.31,0.0
18145,10778,118,1,23.21,0.1
18146,10779,150,1,86.62,0.05
18147,10780,86,2,41.35,0.0
18148,10780,29,4,38.19,0.0
18149,10781,22,1,52.42,0.0
18150,10781,20,2,18.6,0.1
18151,10782,56,4,154.1,0.1
18152,10783,114,1,588.26,0.0
18153,10783,28,1,91.46,0.1
18154,10784,110,1,61.53,0.0
18155,10785,62,2,56.25,0.05
18156,10786,68,1,158.62,0.0
18157,10787,69,2,90.82,0.0
18158,10788,56,1,149.23,0.0
18159,10788,66,1,219.64,0.1
18160,10789,151,4,82.84,0.15
18161,10790,100,4,51.95,0.1
18162,10791,52,1,46.62,0.0
18163,10791,149,2,103.43,0.0
18164,10792,21,5,239.26,0.0
18165,10793,97,1,85.8,0.15
18166,10793,65,2,137.5,0.1
18167,10794,101,1,18.64,0.05
18168,10795,159,1,21.81,0.0
18169,10795,92,1,158.15,0.05
18170,10796,9,5,41.93,0.0
18171,10796,111,4,11.68,0.0
18172,10797,4,1,257.55,0.0
18173,10797,68,3,161.31,0.05
18174,10797,158,2,97.15,0.0
18175,10798,66,1,220.95,0.0
18176,10799,148,2,19.67,0.05
18177,10799,75,2,6.2,0.0
18178,10799,84,1,40.25,0.0
18179,10799,11,1,43.8,0.1
18180,10800,54,2,113.93,0.15
18181,10800,3,3,118.77,0.0
18182,10800,44,1,49.78,0.05
18183,10800,74,1,270.62,0.0
18184,10801,142,1,205.85,0.0
18185,10802,10,1,104.11,0.0
18186,10803,151,4,83.43,0.0
18187,10804,155,1,85.22,0.0
18188,10804,107,2,363.88,0.0
18189,10804,87,1,147.11,0.0
18190,10805,54,3,109.88,0.0
18191,10806,65,2,133.94,0.15
18192,10807,155,3,85.94,0.0
18193,10808,50,3,13.36,0.15
18194,10808,111,1,11.72,0.05
18195,10809,142,1,213.66,0.15
18196,10810,95,1,45.66,0.0
18197,10810,117,1,64.2,0.0
18198,10811,155,1,84.27,0.0
18199,10812,55,1,160.35,0.0
18200,10812,45,2,16.87,0.15
18201,10813,78,1,48.94,0.05
18202,10814,85,1,30.8,0.0
18203,10815,88,1,86.22,0.1
18204,10816,127,2,27.21,0.05
18205,10817,26,3,72.42,0.0
18206,10818,48,3,164.24,0.05
18207,10819,142,1,210.73,0.15
18208,10819,139,1,138.63,0.05
18209,10820,124,2,18.38,0.15
18210,10821,24,1,17.8,0.1
18211,10822,102,1,44.0,0.1
18212,10823,46,1,33.52,0.15
18213,10823,116,5,86.1,0.1
18214,10824,4,1,257.0,0.1
18215,10824,83,2,240.14,0.1
18216,10824,108,2,76.48,0.0
18217,10825,26,1,72.44,0.1
18218,10826,138,1,49.32,0.0
18219,10827,72,2,265.81,0.0
18220,10827,82,1,89.07,0.0
18221,10827,11,2,42.4,0.0
18222,10828,3,1,117.72,0.15
18223,10828,120,2,124.68,0.0
18224,10828,49,3,89.85,0.05
18225,10828,106,3,94.91,0.0
18226,10829,12,4,43.65,0.05
18227,10829,38,1,11.04,0.05
18228,10830,121,1,134.86,0.1
18229,10831,36,1,22.07,0.0
18230,10832,13,3,79.55,0.05
18231,10832,63,1,24.01,0.0
18232,10833,158,1,100.69,0.1
18233,10833,155,1,82.96,0.0
18234,10833,68,2,162.96,0.0
18235,10833,101,1,17.87,0.05
18236,10834,17,4,26.64,0.0
18237,10835,42,2,76.03,0.1
18238,10835,76,5,138.48,0.0
18239,10836,150,1,86.57,0.0
18240,10836,78,1,50.59,0.0
18241,10836,157,1,346.5,0.05
18242,10837,119,4,181.72,0.15
18243,10838,87,1,147.71,0.15
18244,10838,19,5,28.61,0.15
18245,10838,38,1,11.03,0.0
18246,10839,74,1,268.44,0.05
18247,10839,47,1,42.99,0.0
18248,10840,75,2,6.01,0.1
18249,10841,44,3,50.09,0.0
18250,10842,20,1,18.19,0.05
18251,10842,132,2,70.17,0.0
18252,10842,141,1,78.36,0.1
18253,10843,46,3,34.29,0.0
18254,10844,114,4,589.63,0.0
18255,10845,152,1,90.33,0.0
18256,10846,46,1,34.05,0.0
18257,10846,100,2,52.85,0.0
18258,10846,25,2,39.31,0.0
18259,10846,125,1,107.49,0.05
18260,10847,29,1,37.34,0.0
18261,10848,63,1,24.09,0.1
18262,10848,11,1,42.21,0.05
18263,10849,121,3,134.81,0.1
18264,10849,33,2,64.09,0.0
18265,10850,27,2,23.53,0.1
18266,10851,10,1,108.07,0.1
18267,10851,44,2,49.5,0.0
18268,10852,37,2,77.99,0.1
18269,10852,143,5,15.36,0.0
18270,10853,10,1,105.13,0.0
18271,10853,47,1,43.07,0.05
18272,10854,43,1,58.33,0.0
18273,10855,123,5,225.87,0.05
18274,10856,89,1,40.93,0.05
18275,10856,58,-1,50.02,0.05
18276,10857,144,1,76.63,0.0
18277,10858,25,2,39.47,0.15
18278,10858,136,3,267.0,0.15
18279,10859,144,1,78.09,0.0
18280,10860,83,4,249.1,0.0
18281,10860,86,1,42.18,0.0
18282,10861,18,1,87.88,0.0
18283,10862,142,4,211.51,0.15
18284,10863,112,1,63.94,0.0
18285,10863,76,2,133.22,0.0
18286,10864,54,1,111.65,0.0
18287,10865,127,3,27.05,0.1
18288,10866,69,3,92.25,0.15
18289,10866,95,1,45.33,0.1
18290,10866,134,3,98.5,0.0
18291,10866,147,1,21.71,0.0
18292,10867,105,1,55.56,0.05
18293,10867,58,1,50.13,0.05
18294,10867,20,3,18.57,0.15
18295,10868,82,1,91.95,0.1
18296,10869,138,2,47.87,0.0
18297,10870,100,2,53.69,0.05
18298,10870,133,1,25.19,0.0
18299,10871,93,1,33.72,0.05
18300,10871,58,1,49.57,0.1
18301,10871,116,1,85.56,0.1
18302,10872,134,1,99.14,0.0
18303,10872,36,3,21.21,0.1
18304,10872,150,4,86.33,0.15
18305,10873,124,3,18.47,0.0
18306,10874,3,1,119.34,0.05
18307,10875,47,2,42.64,0.05
18308,10875,2,1,58.73,0.0
18309,10876,50,1,13.62,0.15
18310,10877,99,1,64.99,0.0
18311,10878,101,1,18.13,0.0
18312,10878,151,2,80.28,0.0
18313,10879,74,2,262.73,0.0
18314,10880,102,1,44.83,0.0
18315,10881,123,2,227.42,0.05
18316,10881,3,1,118.72,0.05
18317,10881,57,3,31.13,0.0
18318,10882,156,1,34.83,0.0
18319,10883,63,1,23.46,0.0
18320,10884,28,1,91.2,0.15
18321,10884,7,1,268.54,0.05
18322,10884,153,1,35.6,0.15
18323,10885,70,4,35.88,0.0
18324,10885,115,3,55.43,0.1
18325,10886,40,2,77.5,0.0
18326,10887,41,1,125.53,0.0
18327,10888,45,2,17.23,0.0
18328,10889,110,2,59.63,0.0
18329,10890,27,1,23.5,0.05
18330,10890,22,1,53.48,0.1
18331,10890,66,1,224.34,0.0
18332,10891,4,2,259.2,0.05
18333,10891,112,2,65.11,0.1
18334,10891,50,2,13.16,0.0
18335,10892,53,1,35.1,0.0
18336,10892,8,1,132.7,0.15
18337,10893,150,3,83.6,0.0
18338,10894,39,5,19.44,0.0
18339,10894,19,1,28.56,0.0
18340,10895,11,1,43.0,0.0
18341,10896,54,2,114.48,0.1
18342,10897,36,1,21.31,0.0
18343,10897,123,4,233.76,0.1
18344,10897,138,3,48.95,0.1
18345,10898,145,1,80.05,0.0
18346,10898,74,1,270.14,0.0
18347,10898,155,1,84.91,0.0
18348,10899,34,1,24.73,0.1
18349,10900,95,2,46.28,0.0
18350,10900,135,1,28.89,0.05
18351,10900,11,3,42.97,0.0
18352,10901,72,4,254.4,0.1
18353,10902,105,2,55.38,0.0
18354,10903,139,2,137.41,0.0
18355,10903,77,2,71.14,0.0
18356,10904,131,1,16.18,0.0
18357,10905,2,1,57.6,0.1
18358,10905,146,3,133.6,0.0
18359,10905,92,2,153.78,0.0
18360,10906,97,5,84.55,0.1
18361,10906,160,2,118.51,0.0
18362,10907,150,3,84.88,0.0
18363,10907,86,1,40.91,0.0
18364,10908,142,1,214.93,0.15
18365,10908,29,2,38.3,0.0
18366,10908,85,4,31.19,0.15
18367,10908,128,2,38.69,0.0
18368,10909,7,1,273.84,0.1
18369,10910,145,2,83.47,0.1
18370,10911,70,2,35.98,0.0
18371,10911,130,3,41.34,0.0
18372,10912,30,1,51.03,0.0
18373,10913,64,1,22.43,0.1
18374,10914,40,1,78.52,0.05
18375,10915,95,1,45.95,0.0
18376,10916,66,2,220.5,0.1
18377,10917,83,2,247.24,0.0
18378,10917,106,1,95.42,0.15
18379,10918,106,1,91.47,0.0
18380,10919,64,3,22.31,0.0
18381,10920,155,1,85.84,0.0
18382,10920,5,3,53.94,0.0
18383,10921,14,3,11.38,0.0
18384,10921,150,1,86.67,0.05
18385,10922,48,1,166.97,0.0
18386,10923,70,2,36.12,0.0
18387,10924,65,2,137.12,0.0
18388,10924,142,1,214.37,0.0
18389,10925,68,1,161.89,0.05
18390,10925,107,5,361.47,0.15
18391,10926,41,2,125.82,0.0
18392,10927,151,1,79.4,0.0
18393,10928,26,2,72.12,0.0
18394,10928,69,1,91.08,0.0
18395,10929,72,1,265.21,0.05
18396,10929,124,5,17.98,0.0
18397,10930,132,1,70.33,0.0
18398,10930,129,1,72.4,0.1
18399,10931,81,1,53.38,0.15
18400,10932,158,1,99.87,0.0
18401,10932,68,1,156.32,0.0
18402,10933,102,2,43.52,0.0
18403,10934,158,2,99.86,0.1
18404,10934,21,4,242.82,0.15
18405,10935,50,1,13.43,0.15
18406,10936,160,1,115.07,0.0
18407,10936,148,3,19.7,0.0
18408,10936,140,1,21.37,0.0
18409,10936,43,2,59.15,0.0
18410,10937,134,3,97.3,0.0
18411,10938,76,-1,137.99,0.0
18412,10938,62,2,54.75,0.0
18413,10939,150,1,84.11,0.0
18414,10940,9,1,41.87,0.0
18415,10941,24,5,18.36,0.0
18416,10941,70,2,35.61,0.05
18417,10942,9,2,42.61,0.0
18418,10942,154,3,79.02,0.0
18419,10943,141,2,81.58,0.0
18420,10944,32,1,340.62,0.0
18421,10945,79,1,68.83,0.05
18422,10946,50,5,13.4,0.05
18423,10947,90,2,104.04,0.0
18424,10948,13,1,82.79,0.0
18425,10948,9,2,43.18,0.05
18426,10948,109,1,83.34,0.05
18427,10949,65,4,132.94,0.05
18428,10950,153,1,34.94,0.0
18429,10951,72,1,258.19,0.05
18430,10952,65,5,135.6,0.05
18431,10952,63,1,24.24,0.15
18432,10953,117,1,61.74,0.15
18433,10954,37,1,78.46,0.05
18434,10954,46,1,33.75,0.1
18435,10954,141,2,81.2,0.0
18436,10954,85,1,30.61,0.1
18437,10955,15,1,13.53,0.05
18438,10956,83,1,243.96,0.15
18439,10956,38,1,11.26,0.15
18440,10956,52,2,46.54,0.0
18441,10956,145,1,84.1,0.1
18442,10957,24,1,18.27,0.0
18443,10957,152,1,90.34,0.0
18444,10958,103,5,47.11,0.0
18445,10959,30,5,50.53,0.0
18446,10959,106,4,94.31,0.15
18447,10959,61,3,41.68,0.0
18448,10960,85,2,30.94,0.15
18449,10961,117,1,64.24,0.1
18450,10962,50,1,13.62,0.05
18451,10962,60,1,154.94,0.0
18452,10962,11,4,41.94,0.05
18453,10963,47,1,43.76,0.1
18454,10963,99,1,66.2,0.15
18455,10964,98,2,83.62,0.15
18456,10964,33,2,64.55,0.15
18457,10965,127,1,26.5,0.0
18458,10966,55,4,164.59,0.05
18459,10966,51,1,88.77,0.15
18460,10967,1,2,104.17,0.0
18461,10968,29,2,37.16,0.05
18462,10969,107,1,362.37,0.0
18463,10970,148,1,19.59,0.0
18464,10970,26,3,70.75,0.1
18465,10971,78,1,49.52,0.0
18466,10972,74,4,272.3,0.0
18467,10973,51,1,88.04,0.15
18468,10973,45,1,16.97,0.05
18469,10973,19,1,29.36,0.05
18470,10974,21,4,241.34,0.0
18471,10974,44,2,48.79,0.1
18472,10975,154,2,81.65,0.05
18473,10975,109,1,82.46,0.0
18474,10975,108,3,77.99,0.05
18475,10976,76,1,139.72,0.05
18476,10977,133,5,25.09,0.15
18477,10977,59,1,88.3,0.0
18478,10977,106,1,91.43,0.05
18479,10978,145,1,81.18,0.0
18480,10979,61,3,41.91,0.15
18481,10979,16,5,38.41,0.0
18482,10980,106,1,93.4,0.05
18483,10980,49,1,90.39,0.0
18484,10981,30,2,48.93,0.0
18485,10981,108,1,77.19,0.05
18486,10982,135,1,27.77,0.0
18487,10983,119,1,186.06,0.0
18488,10984,139,1,134.36,0.15
18489,10984,120,1,125.07,0.15
18490,10985,64,1,22.69,0.1
18491,10985,35,1,137.44,0.05
18492,10986,37,1,78.32,0.1
18493,10986,157,1,352.3,0.15
18494,10987,62,1,54.52,0.0
18495,10988,50,1,13.56,0.0
18496,10989,86,2,41.77,0.0
18497,10990,19,2,28.66,0.0
18498,10990,55,1,165.63,0.1
18499,10991,67,1,59.96,0.0
18500,10992,7,1,272.13,0.0
18501,10992,138,2,49.41,0.05
18502,10993,138,1,49.49,0.0
18503,10993,3,2,116.42,0.15
18504,10994,21,2,239.08,0.15
18505,10995,155,1,84.68,0.0
18506,10996,68,2,158.38,0.1
18507,10996,91,1,71.42,0.15
18508,10996,71,2,88.99,0.0
18509,10997,134,1,102.06,0.1
18510,10998,50,1,13.4,0.0
18511,10998,8,1,131.58,0.0
18512,10999,16,1,39.84,0.0
18513,10999,144,1,77.23,0.0
18514,10999,22,1,52.89,0.0
18515,11000,118,1,22.44,0.05
18516,11001,47,2,42.73,0.1
18517,11001,154,2,82.03,0.1
18518,11002,15,1,13.7,0.15
18519,11002,53,1,35.86,0.0
18520,11003,148,1,20.32,0.15
18521,11003,62,3,53.95,0.05
18522,11003,46,1,34.54,0.05
18523,11004,122,1,28.76,0.0
18524,11005,66,4,214.82,0.05
18525,11006,151,2,83.24,0.0
18526,11007,30,2,49.74,0.0
18527,11008,36,2,22.09,0.15
18528,11009,131,1,15.83,0.1
18529,11009,32,4,340.58,0.05
18530,11009,80,1,11.0,0.0
18531,11010,51,1,86.54,0.1
18532,11010,56,3,153.12,0.15
18533,11010,96,1,17.76,0.1
18534,11011,139,4,133.0,0.1
18535,11011,156,4,33.86,0.1
18536,11012,26,1,71.67,0.0
18537,11013,16,2,39.21,0.1
18538,11013,143,-1,15.49,0.05
18539,11014,49,1,87.22,0.15
18540,11014,142,2,215.08,0.0
18541,11014,51,1,88.59,0.0
18542,11015,33,1,63.11,0.15
18543,11016,153,1,35.72,0.0
18544,11016,111,2,11.61,0.1
18545,11017,114,1,603.32,0.1
18546,11017,39,2,19.88,0.0
18547,11017,80,2,10.63,0.0
18548,11018,25,2,40.74,0.0
18549,11019,93,5,33.76,0.0
18550,11019,159,2,22.07,0.0
18551,11020,84,2,41.59,0.05
18552,11020,73,2,62.74,0.0
18553,11021,98,1,82.31,0.0
18554,11022,152,2,88.47,0.0
18555,11023,10,1,103.27,0.0
18556,11024,88,2,86.36,0.05
18557,11025,93,1,34.06,0.05
18558,11025,124,2,18.84,0.0
18559,11026,145,4,83.27,0.1
18560,11026,14,2,11.59,0.05
18561,11026,128,1,39.4,0.0
18562,11027,153,1,36.08,0.05
18563,11028,133,2,25.55,0.1
18564,11028,130,2,40.35,0.15
18565,11029,76,1,134.03,0.0
18566,11030,121,1,133.62,0.15
18567,11030,55,1,164.24,0.0
18568,11031,91,2,70.9,0.0
18569,11032,144,1,78.5,0.0
18570,11032,62,1,55.05,0.0
18571,11033,77,5,68.92,0.15
18572,11033,18,4,88.28,0.15
18573,11034,56,1,150.94,0.0
18574,11035,91,1,71.46,0.0
18575,11035,31,1,36.91,0.0
18576,11036,90,1,102.69,0.1
18577,11036,62,1,53.96,0.15
18578,11037,18,2,87.53,0.0
18579,11037,91,2,70.78,0.0
18580,11038,117,1,62.92,0.05
18581,11038,141,2,80.57,0.05
18582,11038,80,1,11.1,0.1
18583,11039,22,1,53.63,0.05
18584,11040,39,1,19.75,0.0
18585,11041,128,2,38.55,0.1
18586,11042,148,1,20.02,0.0
18587,11043,148,1,19.9,0.0
18588,11043,140,1,21.05,0.1
18589,11044,109,1,83.91,0.15
18590,11045,155,2,84.08,0.0
18591,11046,141,2,79.71,0.0
18592,11046,52,1,45.09,0.1
18593,11046,72,1,263.71,0.1
18594,11047,58,1,48.05,0.0
18595,11048,1,1,100.46,0.05
18596,11049,93,1,34.16,0.05
18597,11049,56,3,152.23,0.0
18598,11050,131,4,16.32,0.1
18599,11050,130,4,41.66,0.15
18600,11051,47,1,42.08,0.05
18601,11051,45,1,17.05,0.15
18602,11052,126,1,466.6,0.0
18603,11053,31,2,37.99,0.1
18604,11053,59,1,88.5,0.0
18605,11054,103,1,48.46,0.15
18606,11054,123,3,233.58,0.0
18607,11055,13,1,80.47,0.0
18608,11056,31,2,38.11,0.0
18609,11057,53,4,35.94,0.0
18610,11058,87,1,147.47,0.0
18611,11059,74,2,264.15,0.0
18612,11060,6,1,53.06,0.1
18613,11061,59,4,85.41,0.15
18614,11062,88,1,85.94,0.0
18615,11063,65,2,132.04,0.05
18616,11063,120,3,126.47,0.0
18617,11064,152,1,90.98,0.05
18618,11064,76,1,138.65,0.1
18619,11065,102,5,45.12,0.0
18620,11066,16,1,39.96,0.0
18621,11067,40,4,77.04,0.05
18622,11068,6,1,51.97,0.0
18623,11069,12,1,41.99,0.15
18624,11070,133,2,24.54,0.0
18625,11070,76,1,139.18,0.0
18626,11071,84,2,40.22,0.0
18627,11071,54,2,113.13,0.05
18628,11071,23,2,68.39,0.0
18629,11072,109,1,83.36,0.0
18630,11072,151,1,81.06,0.0
18631,11073,112,1,65.07,0.05
18632,11074,95,4,46.7,0.1
18633,11074,70,1,35.98,0.0
18634,11075,44,1,48.61,0.0
18635,11075,102,4,45.65,0.15
18636,11076,29,1,38.76,0.0
18637,11076,115,1,55.66,0.0
18638,11077,130,2,41.4,0.0
18639,11078,30,3,48.86,0.0
18640,11078,138,2,48.44,0.0
18641,11079,84,2,41.44,0.0
18642,11080,96,5,17.56,0.15
18643,11080,27,2,23.27,0.15
18644,11080,42,1,76.44,0.05
18645,11081,101,1,18.59,0.0
18646,11081,94,1,47.84,0.0
18647,11082,59,1,89.74,0.1
18648,11083,24,2,18.41,0.0
18649,11084,30,1,51.08,0.0
18650,11085,140,2,21.06,0.0
18651,11085,70,1,35.72,0.0
18652,11086,118,1,22.34,0.15
18653,11087,104,1,30.83,0.0
18654,11087,144,1,77.03,0.05
18655,11087,38,3,11.2,0.15
18656,11088,86,2,40.82,0.0
18657,11089,63,1,24.27,0.05
18658,11089,22,1,52.24,0.0
18659,11090,47,1,43.15,0.0
18660,11091,48,4,165.86,0.0
18661,11092,136,1,268.56,0.05
18662,11093,22,1,51.86,0.0
18663,11094,124,1,18.86,0.0
18664,11095,126,2,475.43,0.1
18665,11096,16,1,38.46,0.0
18666,11097,79,2,69.08,0.0
18667,11098,130,2,41.03,0.0
18668,11099,16,1,40.12,0.0
18669,11100,102,1,44.24,0.0
18670,11101,41,3,125.11,0.0
18671,11101,31,3,37.55,0.0
18672,11102,94,3,48.58,0.0
18673,11102,122,3,28.64,0.0
18674,11103,43,1,58.05,0.0
18675,11103,78,3,49.12,0.0
18676,11104,6,1,52.1,0.0
18677,11105,112,4,62.88,0.0
18678,11105,129,1,70.44,0.0
18679,11106,148,1,20.19,0.0
18680,11107,109,1,82.52,0.1
18681,11108,37,2,79.08,0.1
18682,11109,109,1,82.67,0.0
18683,11110,120,2,129.76,0.1
18684,11111,34,2,24.53,0.1
18685,11111,11,5,42.91,0.0
18686,11112,116,1,84.66,0.0
18687,11113,70,4,36.52,0.05
18688,11114,4,2,255.99,0.0
18689,11115,13,1,81.29,0.15
18690,11116,94,1,48.2,0.0
18691,11116,110,2,61.48,0.05
18692,11116,6,1,51.66,0.0
18693,11117,146,1,132.23,0.0
18694,11117,8,3,130.55,0.0
18695,11118,133,1,24.65,0.05
18696,11119,46,1,34.72,0.15
18697,11120,132,1,70.72,0.0
18698,11121,120,2,129.0,0.05
18699,11122,81,1,52.21,0.0
18700,11122,111,2,11.68,0.0
18701,11122,3,1,119.09,0.15
18702,11122,66,1,217.04,0.0
18703,11123,31,3,37.3,0.05
18704,11124,25,2,38.87,0.05
18705,11124,63,1,23.6,0.05
18706,11124,112,1,63.11,0.05
18707,11124,117,1,64.05,0.0
18708,11125,42,2,76.44,0.0
18709,11125,82,2,87.57,0.0
18710,11125,128,2,38.66,0.1
18711,11126,92,2,156.62,0.0
18712,11126,26,2,71.81,0.0
18713,11127,20,1,17.89,0.0
18714,11127,114,4,601.36,0.0
18715,11127,12,2,42.12,0.0
18716,11128,102,3,43.89,0.1
18717,11129,82,1,90.54,0.05
18718,11129,30,3,51.22,0.0
18719,11129,67,1,60.37,0.0
18720,11130,19,1,29.17,0.0
18721,11131,33,3,64.95,0.0
18722,11132,130,2,41.67,0.1
18723,11133,15,1,13.95,0.0
18724,11134,29,2,37.56,0.05
18725,11135,141,1,79.31,0.1
18726,11135,33,3,65.54,0.1
18727,11136,106,2,91.73,0.0
18728,11137,57,1,31.06,0.1
18729,11137,159,3,21.85,0.05
18730,11138,145,3,83.83,0.1
18731,11138,101,2,18.36,0.1
18732,11139,71,1,90.91,0.0
18733,11140,139,1,138.1,0.05
18734,11140,157,3,342.12,0.0
18735,11140,71,1,89.68,0.0
18736,11140,114,2,605.62,0.05
18737,11141,150,1,82.92,0.0
18738,11142,97,4,86.8,0.1
18739,11143,98,1,80.38,0.0
18740,11144,35,3,139.45,0.0
18741,11145,110,1,61.79,0.0
18742,11146,8,1,127.33,0.0
18743,11147,67,1,60.79,0.15
18744,11148,75,1,6.27,0.1
18745,11149,85,1,31.29,0.0
18746,11150,110,2,60.48,0.05
18747,11150,123,1,233.02,0.0
18748,11150,146,2,130.83,0.15
18749,11151,145,1,83.45,0.05
18750,11152,87,1,149.16,0.1
18751,11152,137,1,31.35,0.15
18752,11153,152,1,88.06,0.0
18753,11153,4,1,251.76,0.0
18754,11153,21,3,249.12,0.1
18755,11154,63,1,23.7,0.1
18756,11154,143,1,15.6,0.1
18757,11154,67,1,59.87,0.05
18758,11155,123,1,228.64,0.15
18759,11155,25,2,40.53,0.0
18760,11155,40,1,77.99,0.1
18761,11156,78,2,50.12,0.15
18762,11156,19,1,28.94,0.0
18763,11157,26,1,70.56,0.05
18764,11157,121,3,134.0,0.05
18765,11157,33,2,65.5,0.0
18766,11158,64,2,21.63,0.0
18767,11158,136,1,265.49,0.0
18768,11158,79,1,70.02,0.15
18769,11159,132,1,70.41,0.1
18770,11159,147,1,20.88,0.15
18771,11160,138,2,49.03,0.0
18772,11161,71,1,89.77,0.05
18773,11161,110,1,59.85,0.15
18774,11162,21,1,248.39,0.0
18775,11163,150,1,85.51,0.05
18776,11163,6,1,53.58,0.0
18777,11164,10,1,103.94,0.05
18778,11165,127,5,26.05,0.0
18779,11166,85,1,31.65,0.0
18780,11166,118,1,22.63,0.0
18781,11167,84,2,41.79,0.15
18782,11168,71,1,88.35,0.0
18783,11168,147,1,21.78,0.15
18784,11168,157,1,349.45,0.05
18785,11169,14,1,11.63,0.15
18786,11170,136,4,265.14,0.0
18787,11170,99,2,66.47,0.1
18788,11171,116,1,84.34,0.15
18789,11171,140,2,20.95,0.1
18790,11171,156,3,34.24,0.1
18791,11172,127,3,26.44,0.0
18792,11173,134,5,102.05,0.0
18793,11174,75,1,6.29,0.15
18794,11175,59,1,89.75,0.0
18795,11176,120,1,127.0,0.15
18796,11176,16,2,39.13,0.15
18797,11176,24,4,17.78,0.0
18798,11177,144,3,78.36,0.0
18799,11177,159,4,22.45,0.05
18800,11177,77,1,70.28,0.15
18801,11178,80,1,11.05,0.15
18802,11178,116,1,86.89,0.05
18803,11178,28,1,91.09,0.0
18804,11178,136,2,258.19,0.05
18805,11179,16,1,39.87,0.0
18806,11180,82,1,91.36,0.05
18807,11180,128,1,39.39,0.15
18808,11181,83,1,246.97,0.1
18809,11182,50,1,13.1,0.15
18810,11182,20,5,18.27,0.1
18811,11183,70,1,35.73,0.0
18812,11183,44,1,49.65,0.0
18813,11183,72,4,257.17,0.0
18814,11184,141,2,78.42,0.0
18815,11185,104,2,32.18,0.05
18816,11186,158,2,99.77,0.0
18817,11187,13,1,81.86,0.0
18818,11187,31,1,36.86,0.0
18819,11187,155,2,83.4,0.05
18820,11188,94,4,47.66,0.1
18821,11188,105,1,56.39,0.0
18822,11188,136,2,262.76,0.1
18823,11189,37,1,77.03,0.1
18824,11189,24,3,17.61,0.0
18825,11189,155,1,82.92,0.15
18826,11190,60,4,158.47,0.0
18827,11190,142,1,206.25,0.0
18828,11191,34,3,24.74,0.15
18829,11192,149,1,101.77,0.05
18830,11192,119,1,185.83,0.0
18831,11193,157,1,347.83,0.0
18832,11194,77,2,72.09,0.15
18833,11194,8,3,130.46,0.1
18834,11195,6,1,53.09,0.0
18835,11196,60,1,156.64,0.0
18836,11197,151,1,79.65,0.0
18837,11197,16,1,38.75,0.0
18838,11197,32,2,350.22,0.0
18839,11198,80,1,10.7,0.0
18840,11198,83,1,248.32,0.0
18841,11198,48,1,165.89,0.1
18842,11199,107,1,357.79,0.15
18843,11200,138,2,47.98,0.1
18844,11200,146,1,134.52,0.0
18845,11201,52,1,45.03,0.05
18846,11201,45,3,17.01,0.0
18847,11202,119,1,181.62,0.0
18848,11202,99,1,65.7,0.0
18849,11202,155,5,86.53,0.0
18850,11203,134,1,101.62,0.0
18851,11203,1,1,102.12,0.05
18852,11204,125,1,108.23,0.15
18853,11205,95,2,44.67,0.1
18854,11206,27,1,23.65,0.0
18855,11207,70,1,36.64,0.0
18856,11208,95,2,46.83,0.0
18857,11208,52,1,46.43,0.15
18858,11209,64,2,22.02,0.1
18859,11210,70,1,35.46,0.1
18860,11210,97,1,83.87,0.05
18861,11210,153,2,34.93,0.0
18862,11211,65,1,133.92,0.1
18863,11212,102,1,45.66,0.0
18864,11213,51,3,88.92,0.0
18865,11213,11,1,43.93,0.0
18866,11213,117,4,63.13,0.05
18867,11214,43,2,58.73,0.1
18868,11215,88,2,85.36,0.0
18869,11215,40,1,79.49,0.0
18870,11216,112,1,64.55,0.15
18871,11216,8,2,132.56,0.15
18872,11216,98,2,82.59,0.0
18873,11217,68,1,158.57,0.15
18874,11217,157,2,353.92,0.15
18875,11217,24,1,17.67,0.0
18876,11218,29,2,37.1,0.0
18877,11218,158,1,99.9,0.0
18878,11219,1,1,101.75,0.0
18879,11220,66,2,221.72,0.15
18880,11221,32,2,346.16,0.0
18881,11221,138,2,48.13,0.0
18882,11221,76,5,135.19,0.0
18883,11222,44,1,48.45,0.05
18884,11223,93,1,34.68,0.0
18885,11223,70,5,36.93,0.05
18886,11224,47,4,42.56,0.15
18887,11224,146,1,130.08,0.05
18888,11224,67,1,59.81,0.1
18889,11225,18,1,86.52,0.0
18890,11225,54,2,110.35,0.0
18891,11226,80,2,10.75,0.1
18892,11226,77,1,71.5,0.1
18893,11227,47,2,42.67,0.0
18894,11227,156,2,34.0,0.05
18895,11228,160,4,119.57,0.1
18896,11228,43,1,59.03,0.1
18897,11229,29,1,37.55,0.15
18898,11229,106,2,93.5,0.0
18899,11229,50,4,13.16,0.05
18900,11230,159,1,21.86,0.1
18901,11230,87,1,146.92,0.1
18902,11231,109,1,83.81,0.0
18903,11231,63,3,24.09,0.0
18904,11231,21,2,241.93,0.05
18905,11232,83,1,251.06,0.05
18906,11232,33,1,64.65,0.1
18907,11232,50,1,13.04,0.1
18908,11233,55,1,160.57,0.1
18909,11234,93,5,34.33,0.0
18910,11235,20,1,17.91,0.0
18911,11235,16,1,39.36,0.05
18912,11236,31,2,38.08,0.15
18913,11236,87,1,150.42,0.05
18914,11237,31,1,38.23,0.1
18915,11237,115,1,55.12,0.05
18916,11238,98,2,82.25,0.15
18917,11238,62,4,53.67,0.0
18918,11239,118,1,22.45,0.0
18919,11240,122,1,28.48,0.0
18920,11241,62,1,54.62,0.15
18921,11242,118,1,22.2,0.05
18922,11242,147,1,21.7,0.0
18923,11243,156,4,34.75,0.15
18924,11243,43,1,59.8,0.0
18925,11244,101,1,18.28,0.15
18926,11245,84,1,40.61,0.0
18927,11246,102,3,44.84,0.0
18928,11246,71,2,89.48,0.15
18929,11246,78,1,49.1,0.05
18930,11246,125,1,108.74,0.0
18931,11247,137,2,31.61,0.0
18932,11247,103,2,47.5,0.1
18933,11248,57,1,31.08,0.1
18934,11249,12,4,42.69,0.15
18935,11250,8,1,129.94,0.0
18936,11250,50,4,13.32,0.0
18937,11251,113,1,67.53,0.0
18938,11251,83,2,243.51,0.15
18939,11251,62,1,54.63,0.05
18940,11252,56,1,153.88,0.15
18941,11253,80,2,10.68,0.0
18942,11253,82,1,90.01,0.0
18943,11253,132,2,67.52,0.1
18944,11254,24,2,17.85,0.05
18945,11254,5,1,52.19,0.1
18946,11255,78,1,49.51,0.0
18947,11255,32,1,352.17,0.15
18948,11255,38,4,11.28,0.1
18949,11256,13,2,82.01,0.0
18950,11256,152,1,87.82,0.0
18951,11257,10,4,104.4,0.1
18952,11257,109,1,79.97,0.0
18953,11258,78,1,50.49,0.0
18954,11259,159,2,22.23,0.0
18955,11260,149,1,103.72,0.0
18956,11261,54,2,115.51,0.1
18957,11262,29,2,37.67,0.15
18958,11263,37,2,78.4,0.0
18959,11263,34,3,25.45,0.0
18960,11264,24,3,18.2,0.0
18961,11264,118,4,22.44,0.0
18962,11264,76,1,139.11,0.15
18963,11264,67,2,59.38,0.15
18964,11265,60,3,154.1,0.0
18965,11266,70,1,36.33,0.05
18966,11266,21,2,238.3,0.0
18967,11267,111,2,11.61,0.0
18968,11267,142,1,211.16,0.15
18969,11267,93,1,35.24,0.0
18970,11268,8,1,127.1,0.0
18971,11268,70,2,37.27,0.0
18972,11269,126,1,471.89,0.1
18973,11269,43,2,58.36,0.0
18974,11269,46,2,33.44,0.0
18975,11270,155,4,85.49,0.05
18976,11271,94,1,48.07,0.1
18977,11272,54,2,112.81,0.05
18978,11272,132,1,69.1,0.0
18979,11272,32,1,343.07,0.1
18980,11273,46,4,33.71,0.1
18981,11274,158,3,101.65,0.05
18982,11275,73,2,62.53,0.1
18983,11276,58,1,47.99,0.0
18984,11276,102,1,44.58,0.15
18985,11277,16,2,40.18,0.0
18986,11278,60,4,155.4,0.15
18987,11278,112,1,63.33,0.0
18988,11278,95,3,45.88,0.1
18989,11279,33,4,64.23,0.0
18990,11280,49,4,86.79,0.0
18991,11280,52,1,45.14,0.15
18992,11281,88,2,89.58,0.0
18993,11281,33,1,65.01,0.0
18994,11282,116,1,84.05,0.1
18995,11282,111,5,11.36,0.0
18996,11282,49,3,89.63,0.15
18997,11282,90,2,103.05,0.1
18998,11283,14,1,11.7,0.0
18999,11284,69,2,88.55,0.05
19000,11284,156,4,34.84,0.15
19001,11284,134,1,101.56,0.15
19002,11285,150,3,83.75,0.1
19003,11285,133,4,25.06,0.15
19004,11285,111,1,11.72,0.1
19005,11286,136,1,265.63,0.0
19006,11287,121,2,129.38,0.0
19007,11287,93,1,35.41,0.0
19008,11288,34,2,25.3,0.1
19009,11289,133,1,25.51,0.1
19010,11290,155,1,82.84,0.05
19011,11291,28,2,89.02,0.1
19012,11292,99,1,64.78,0.1
19013,11293,159,2,21.86,0.0
19014,11293,64,1,21.68,0.15
19015,11294,66,1,223.96,0.05
19016,11295,22,1,52.22,0.15
19017,11296,159,1,21.94,0.15
19018,11296,153,1,35.15,0.05
19019,11296,40,1,77.75,0.0
19020,11297,159,1,22.56,0.15
19021,11297,130,1,41.88,0.0
19022,11297,113,1,69.06,0.05
19023,11298,77,3,71.44,0.05
19024,11298,67,1,60.39,0.05
19025,11299,45,1,17.2,0.0
19026,11300,20,5,17.98,0.15
19027,11301,30,1,48.8,0.0
19028,11302,110,3,61.94,0.0
19029,11303,139,2,136.2,0.15
19030,11303,96,2,17.82,0.15
19031,11304,79,1,71.28,0.0
19032,11304,134,1,98.75,0.15
19033,11305,116,1,87.29,0.0
19034,11305,147,1,20.89,0.05
19035,11305,6,5,52.82,0.05
19036,11305,135,1,27.84,0.0
19037,11306,64,2,22.12,0.0
19038,11307,114,1,586.9,0.05
19039,11308,70,1,36.5,0.1
19040,11309,34,2,25.45,0.0
19041,11310,14,1,11.77,0.0
19042,11310,154,1,79.01,0.1
19043,11310,136,4,261.56,0.1
19044,11311,131,2,15.71,0.0
19045,11312,78,1,48.47,0.1
19046,11312,2,1,58.22,0.0
19047,11313,37,3,76.48,0.05
19048,11313,141,2,80.01,0.15
19049,11314,123,2,224.93,0.0
19050,11314,146,1,133.78,0.0
19051,11315,108,1,75.55,0.1
19052,11315,141,4,78.21,0.0
19053,11316,54,1,110.37,0.1
19054,11316,33,1,63.53,0.0
19055,11317,70,1,36.34,0.0
19056,11318,132,2,67.78,0.1
19057,11319,109,3,82.34,0.15
19058,11320,45,2,17.36,0.05
19059,11321,8,1,130.62,0.15
19060,11321,151,1,81.76,0.05
19061,11321,133,1,24.35,0.1
19062,11322,157,4,342.07,0.15
19063,11322,103,1,48.61,0.1
19064,11323,151,2,82.42,0.15
19065,11324,15,1,13.88,0.15
19066,11325,89,1,39.56,0.15
19067,11326,7,1,274.97,0.0
19068,11327,94,3,49.22,0.0
19069,11327,118,1,22.53,0.1
19070,11328,101,1,18.14,0.05
19071,11329,34,3,24.48,0.0
19072,11329,76,1,135.44,0.1
19073,11329,42,1,75.53,0.0
19074,11330,44,2,48.78,0.1
19075,11330,144,2,75.79,0.0
19076,11331,88,2,87.5,0.05
19077,11332,131,1,15.99,0.1
19078,11333,16,2,39.14,0.15
19079,11334,61,1,41.44,0.05
19080,11334,57,4,29.93,0.15
19081,11334,11,2,43.31,0.0
19082,11334,65,1,137.83,0.15
19083,11335,17,1,25.57,0.1
19084,11335,39,1,20.03,0.1
19085,11336,75,1,6.18,0.1
19086,11337,1,3,101.42,0.15
19087,11337,25,1,40.3,0.1
19088,11338,110,2,61.51,0.05
19089,11339,97,1,84.25,0.0
19090,11339,42,1,75.53,0.15
19091,11340,66,2,223.22,0.1
19092,11341,76,1,133.67,0.0
19093,11341,91,2,70.08,0.1
19094,11342,131,3,16.4,0.1
19095,11343,71,2,91.09,0.1
19096,11343,101,2,17.8,0.15
19097,11344,54,1,112.57,0.15
19098,11345,53,2,35.63,0.15
19099,11345,157,1,349.96,0.0
19100,11346,22,1,54.32,0.15
19101,11346,31,1,37.88,0.15
19102,11346,29,1,38.71,0.0
19103,11347,111,1,11.54,0.0
19104,11347,30,5,50.17,0.0
19105,11347,90,2,103.6,0.0
19106,11347,124,1,18.37,0.0
19107,11348,28,3,92.84,0.0
19108,11348,106,2,93.08,0.0
19109,11349,29,1,37.75,0.15
19110,11350,146,1,129.0,0.05
19111,11351,89,2,41.06,0.15
19112,11352,42,1,77.21,0.05
19113,11353,29,5,37.5,0.0
19114,11354,87,3,147.31,0.15
19115,11354,43,1,57.65,0.15
19116,11355,5,3,53.18,0.0
19117,11356,86,1,42.05,0.0
19118,11356,70,2,36.75,0.05
19119,11357,63,1,24.16,0.1
19120,11358,34,4,25.52,0.0
19121,11358,32,1,349.87,0.0
19122,11359,145,2,82.28,0.15
19123,11359,27,2,22.68,0.0
19124,11360,41,2,124.15,0.0
19125,11361,97,1,84.3,0.15
19126,11361,49,2,87.59,0.0
19127,11362,73,1,64.21,0.15
19128,11363,69,2,89.38,0.15
19129,11364,62,3,53.99,0.1
19130,11365,36,2,21.33,0.15
19131,11366,96,4,17.74,0.0
19132,11366,95,1,46.09,0.1
19133,11367,83,2,247.76,0.0
19134,11368,130,1,40.72,0.15
19135,11369,25,1,40.4,0.0
19136,11369,131,1,16.09,0.0
19137,11369,9,2,42.91,0.05
19138,11370,63,3,23.69,0.0
19139,11371,43,1,59.53,0.0
19140,11372,84,2,41.51,0.0
19141,11373,13,5,82.8,0.15
19142,11374,36,2,21.21,0.0
19143,11374,43,1,59.83,0.1
19144,11375,90,2,100.87,0.15
19145,11375,33,1,64.94,0.1
19146,11376,157,5,344.7,0.05
19147,11376,143,1,15.03,0.0
19148,11377,3,4,116.1,0.1
19149,11377,122,1,28.56,0.1
19150,11378,83,2,249.47,0.0
19151,11379,58,4,47.99,0.05
19152,11379,111,1,11.44,0.1
19153,11379,101,3,18.02,0.1
19154,11379,36,2,21.9,0.0
19155,11380,112,3,62.61,0.0
19156,11381,141,1,79.54,0.1
19157,11381,97,1,83.71,0.1
19158,11382,120,1,130.57,0.1
19159,11383,117,3,63.84,0.0
19160,11383,23,1,70.4,0.05
19161,11384,66,1,222.19,0.0
19162,11384,10,1,105.54,0.0
19163,11384,45,1,17.02,0.15
19164,11385,18,2,86.67,0.05
19165,11386,11,2,41.88,0.05
19166,11387,137,5,32.08,0.1
19167,11388,58,2,49.85,0.0
19168,11389,18,1,84.07,0.1
19169,11390,149,1,106.35,0.0
19170,11391,44,1,50.74,0.05
19171,11392,2,2,57.4,0.05
19172,11393,146,1,129.52,0.05
19173,11394,48,1,167.14,0.05
19174,11395,97,5,84.28,0.0
19175,11396,95,1,45.21,0.1
19176,11397,72,1,263.09,0.05
19177,11398,106,2,93.17,0.05
19178,11399,128,1,39.28,0.15
19179,11399,50,3,13.42,0.15
19180,11400,138,1,48.93,0.15
19181,11401,20,1,18.65,0.0
19182,11401,43,2,57.86,0.0
19183,11401,130,3,41.29,0.15
19184,11402,7,2,266.31,0.1
19185,11402,122,3,29.04,0.1
19186,11402,146,1,130.12,0.05
19187,11403,38,4,11.37,0.05
19188,11404,88,2,88.55,0.15
19189,11404,48,1,171.73,0.0
19190,11405,117,1,63.36,0.1
19191,11405,138,2,49.67,0.05
19192,11405,126,1,467.66,0.0
19193,11406,99,1,66.8,0.1
19194,11407,22,3,52.15,0.15
19195,11407,136,1,266.81,0.0
19196,11408,78,3,50.27,0.1
19197,11408,116,3,85.96,0.0
19198,11409,88,3,88.08,0.0
19199,11409,44,3,49.31,0.0
19200,11410,22,3,53.89,0.0
19201,11410,138,1,48.71,0.0
19202,11411,158,1,97.12,0.05
19203,11412,42,1,76.65,0.15
19204,11412,152,1,88.76,0.1
19205,11412,119,1,182.37,0.0
19206,11413,131,4,16.33,0.05
19207,11414,26,3,72.72,0.0
19208,11414,12,1,42.21,0.05
19209,11414,150,1,85.91,0.0
19210,11414,4,1,252.34,0.0
19211,11415,158,1,97.63,0.05
19212,11415,154,3,81.73,0.0
19213,11416,51,1,86.3,0.0
19214,11416,49,2,86.31,0.05
19215,11416,149,1,102.89,0.0
19216,11417,151,2,80.93,0.0
19217,11418,66,4,219.93,0.0
19218,11418,73,1,64.15,0.0
19219,11418,15,1,13.86,0.1
19220,11419,65,1,138.19,0.15
19221,11419,102,1,44.56,0.0
19222,11420,151,2,82.64,0.15
19223,11420,158,2,97.76,0.05
19224,11421,11,1,43.56,0.0
19225,11421,76,2,133.54,0.0
19226,11421,149,1,101.58,0.15
19227,11422,106,4,94.6,0.1
19228,11422,1,3,102.97,0.15
19229,11422,157,2,352.13,0.0
19230,11422,58,1,50.26,0.0
19231,11423,7,1,269.52,0.0
19232,11424,101,1,18.15,0.0
19233,11425,22,1,52.22,0.0
19234,11425,76,1,135.92,0.1
19235,11426,119,1,184.5,0.05
19236,11427,115,1,54.89,0.0
19237,11427,119,1,181.61,0.1
19238,11428,25,1,40.02,0.15
19239,11428,58,3,50.15,0.0
19240,11429,124,1,18.64,0.15
19241,11430,153,1,35.72,0.0
19242,11430,69,2,89.43,0.0
19243,11430,53,2,35.31,0.0
19244,11431,11,2,43.78,0.15
19245,11432,30,4,49.08,0.0
19246,11432,77,2,70.4,0.0
19247,11433,34,3,25.37,0.0
19248,11434,104,3,31.72,0.0
19249,11435,35,2,136.12,0.0
19250,11435,114,1,608.91,0.0
19251,11435,28,2,90.13,0.0
19252,11436,89,2,40.72,0.0
19253,11436,96,3,17.81,0.1
19254,11436,140,1,21.95,0.1
19255,11437,150,1,86.57,0.0
19256,11438,141,1,81.59,0.15
19257,11439,10,1,103.4,0.15
19258,11439,40,2,76.83,0.05
19259,11439,3,1,117.16,0.0
19260,11440,64,2,22.28,0.1
19261,11440,147,1,21.36,0.0
19262,11440,29,2,37.26,0.1
19263,11441,91,1,69.14,0.15
19264,11441,59,2,85.98,0.1
19265,11442,130,1,41.21,0.15
19266,11443,81,5,54.67,0.0
19267,11444,119,4,179.52,0.1
19268,11444,46,1,33.91,0.0
19269,11444,132,3,68.69,0.0
19270,11444,104,2,31.79,0.0
19271,11445,35,1,135.43,0.05
19272,11446,37,1,78.09,0.0
19273,11446,100,2,53.23,0.1
19274,11447,49,2,88.9,0.05
19275,11447,132,3,70.31,0.0
19276,11448,156,1,33.78,0.1
19277,11449,65,2,131.89,0.15
19278,11449,9,2,42.72,0.0
19279,11450,74,1,259.27,0.1
19280,11451,98,1,82.56,0.0
19281,11451,127,2,26.93,0.05
19282,11452,78,2,50.21,0.15
19283,11453,141,1,78.87,0.05
19284,11454,50,2,12.98,0.05
19285,11454,108,1,77.73,0.05
19286,11455,149,1,103.76,0.0
19287,11456,26,2,71.5,0.0
19288,11456,19,1,28.33,0.0
19289,11457,76,1,135.62,0.0
19290,11458,36,1,21.82,0.0
19291,11459,61,1,43.09,0.15
19292,11459,153,1,35.72,0.05
19293,11459,140,1,21.96,0.15
19294,11460,35,4,139.37,0.0
19295,11460,4,2,255.1,0.15
19296,11460,36,1,21.25,0.15
19297,11461,154,1,81.48,0.0
19298,11462,28,2,91.0,0.0
19299,11463,80,1,11.1,0.15
19300,11463,32,1,342.97,0.05
19301,11463,66,4,225.95,0.0
19302,11463,17,2,26.14,0.05
19303,11464,130,4,41.91,0.05
19304,11464,18,1,85.69,0.0
19305,11464,103,2,48.31,0.1
19306,11465,16,2,39.25,0.05
19307,11465,73,1,63.02,0.0
19308,11466,119,2,186.07,0.05
19309,11466,150,1,84.71,0.0
19310,11466,96,1,17.16,0.05
19311,11467,6,3,53.94,0.0
19312,11468,67,1,60.45,0.05
19313,11469,128,2,38.47,0.15
19314,11470,23,1,69.94,0.15
19315,11471,47,1,42.82,0.1
19316,11471,52,1,45.22,0.15
19317,11471,62,1,55.56,0.1
19318,11472,30,1,50.33,0.0
19319,11473,112,1,62.69,0.1
19320,11473,23,2,68.17,0.0
19321,11474,102,1,44.08,0.05
19322,11475,42,1,77.33,0.05
19323,11475,134,4,100.93,0.0
19324,11475,10,2,103.71,0.0
19325,11476,52,1,45.68,0.0
19326,11476,23,1,70.33,0.0
19327,11477,56,-1,151.53,0.0
19328,11478,13,2,80.02,0.15
19329,11478,126,5,468.32,0.0
19330,11479,109,3,81.99,0.05
19331,11479,71,1,87.94,0.05
19332,11479,49,1,89.63,0.05
19333,11480,63,2,24.58,0.0
19334,11481,68,1,160.97,0.05
19335,11482,49,1,90.68,0.0
19336,11482,143,2,14.95,0.0
19337,11483,5,1,51.72,0.05
19338,11483,11,5,43.26,0.05
19339,11484,150,1,84.22,0.0
19340,11485,31,5,38.06,0.05
19341,11486,123,1,235.21,0.05
19342,11486,31,3,37.1,0.0
19343,11486,56,2,152.4,0.15
19344,11487,2,2,56.34,0.1
19345,11488,31,1,37.07,0.0
19346,11489,96,2,17.67,0.0
19347,11490,35,2,138.61,0.0
19348,11490,60,1,159.93,0.0
19349,11491,45,1,17.15,0.15
19350,11491,107,5,362.57,0.0
19351,11492,20,1,17.86,0.05
19352,11493,137,2,32.6,0.0
19353,11493,132,1,70.59,0.1
19354,11494,86,5,40.93,0.15
19355,11495,137,1,32.39,0.0
19356,11496,119,1,184.42,0.05
19357,11497,125,1,110.78,0.1
19358,11498,73,1,62.16,0.0
19359,11498,18,1,87.84,0.05
19360,11499,31,1,38.48,0.1
19361,11500,91,1,70.87,0.0
19362,11501,88,2,86.58,0.0
19363,11502,68,1,164.39,0.0
19364,11502,108,1,75.76,0.1
19365,11502,89,3,39.44,0.0
19366,11503,22,5,54.11,0.15
19367,11504,3,1,114.22,0.0
19368,11504,149,1,106.64,0.05
19369,11505,32,1,338.43,0.15
19370,11506,156,1,33.7,0.0
19371,11506,70,1,37.11,0.0
19372,11507,73,1,61.66,0.0
19373,11507,84,3,41.03,0.15
19374,11507,111,2,11.4,0.1
19375,11507,25,1,40.63,0.15
19376,11508,144,1,76.24,0.0
19377,11508,23,2,67.62,0.0
19378,11509,32,1,344.88,0.0
19379,11509,25,1,39.98,0.15
19380,11509,151,1,82.08,0.1
19381,11510,81,3,54.56,0.0
19382,11510,77,1,71.05,0.1
19383,11510,116,1,86.18,0.0
19384,11511,89,1,39.81,0.0
19385,11512,155,1,84.28,0.1
19386,11513,72,2,265.16,0.05
19387,11514,103,1,46.81,0.05
19388,11515,34,1,24.6,0.1
19389,11516,102,1,44.45,0.1
19390,11517,116,3,85.25,0.1
19391,11518,119,1,183.26,0.1
19392,11519,61,1,43.19,0.0
19393,11519,119,4,180.11,0.0
19394,11520,20,3,18.15,0.1
19395,11520,125,1,111.06,0.0
19396,11520,42,1,76.51,0.0
19397,11520,10,2,106.7,0.0
19398,11521,113,1,70.39,0.0
19399,11522,105,2,57.31,0.0
19400,11523,156,2,33.71,0.0
19401,11523,65,2,138.02,0.05
19402,11523,102,2,45.62,0.15
19403,11524,104,4,32.19,0.0
19404,11524,107,1,350.12,0.0
19405,11525,146,1,132.15,0.0
19406,11525,8,1,128.28,0.0
19407,11525,158,1,97.91,0.0
19408,11525,95,1,45.07,0.1
19409,11526,28,4,91.04,0.0
19410,11527,50,5,13.03,0.15
19411,11528,71,4,88.88,0.05
19412,11528,142,3,209.46,0.15
19413,11529,25,2,40.35,0.05
19414,11529,157,5,346.88,0.0
19415,11530,44,1,48.78,0.0
19416,11531,56,1,150.63,0.1
19417,11531,136,1,259.46,0.1
19418,11531,148,2,19.57,0.05
19419,11531,89,1,40.41,0.0
19420,11532,17,2,26.23,0.15
19421,11533,96,2,17.31,0.05
19422,11534,23,1,70.58,0.0
19423,11535,140,3,21.2,0.0
19424,11535,87,1,145.81,0.05
19425,11535,107,2,349.07,0.15
19426,11536,119,1,181.72,0.15
19427,11536,1,2,99.76,0.0
19428,11537,140,1,21.02,0.0
19429,11538,49,1,88.65,0.1
19430,11538,116,1,84.67,0.1
19431,11538,106,4,93.6,0.05
19432,11538,150,4,85.05,0.0
19433,11539,97,2,85.34,0.0
19434,11539,6,2,53.76,0.05
19435,11540,64,1,22.07,0.05
19436,11541,8,1,127.83,0.0
19437,11542,97,1,84.85,0.15
19438,11542,77,3,70.8,0.1
19439,11542,139,1,135.48,0.0
19440,11543,27,1,23.32,0.0
19441,11544,131,1,16.1,0.15
19442,11544,138,4,47.93,0.0
19443,11545,114,2,606.34,0.15
19444,11546,154,1,80.36,0.0
19445,11546,67,3,61.2,0.05
19446,11547,72,2,258.7,0.05
19447,11548,159,1,22.65,0.0
19448,11548,68,1,161.95,0.05
19449,11549,109,1,83.44,0.0
19450,11549,90,1,101.28,0.0
19451,11550,99,2,66.2,0.0
19452,11551,37,1,78.11,0.0
19453,11551,123,1,235.07,0.05
19454,11552,13,2,82.64,0.05
19455,11552,31,3,38.78,0.05
19456,11553,59,4,86.44,0.0
19457,11554,53,1,35.16,0.1
19458,11555,69,5,89.8,0.05
19459,11556,69,3,89.24,0.15
19460,11557,87,1,145.94,0.0
19461,11558,139,2,135.43,0.05
19462,11559,67,1,60.75,0.05
19463,11560,38,2,10.94,0.15
19464,11561,68,1,163.84,0.1
19465,11562,135,1,27.83,0.0
19466,11563,91,1,69.57,0.0
19467,11563,67,2,60.48,0.1
19468,11564,50,2,13.44,0.0
19469,11565,71,1,89.8,0.05
19470,11565,125,1,112.58,0.1
19471,11566,147,1,21.37,0.0
19472,11567,128,1,38.88,0.1
19473,11568,109,1,83.5,0.1
19474,11568,62,1,54.25,0.1
19475,11569,97,5,85.55,0.15
19476,11570,121,1,130.32,0.0
19477,11571,142,1,209.54,0.05
19478,11571,29,3,38.13,0.1
19479,11572,37,1,79.79,0.15
19480,11572,87,3,146.38,0.0
19481,11573,34,1,24.47,0.1
19482,11573,6,3,53.89,0.0
19483,11574,101,1,18.04,0.0
19484,11574,89,2,40.2,0.0
19485,11574,97,3,86.14,0.1
19486,11575,106,1,95.15,0.0
19487,11575,99,1,65.17,0.0
19488,11576,33,1,63.05,0.0
19489,11576,57,2,30.65,0.0
19490,11576,129,4,71.72,0.0
19491,11576,155,1,85.07,0.1
19492,11577,78,2,50.71,0.1
19493,11578,132,2,68.62,0.0
19494,11579,37,1,78.26,0.05
19495,11579,120,3,128.86,0.05
19496,11579,99,5,64.36,0.1
19497,11580,21,1,241.19,0.0
19498,11580,144,3,78.57,0.0
19499,11580,149,2,104.8,0.0
19500,11581,96,1,17.15,0.1
19501,11581,21,1,245.67,0.05
19502,11582,135,1,28.37,0.15
19503,11583,104,1,31.79,0.0
19504,11583,149,1,101.66,0.1
19505,11584,106,1,92.8,0.0
19506,11584,122,3,29.37,0.15
19507,11584,5,1,52.79,0.0
19508,11584,30,2,50.88,0.05
19509,11585,151,1,81.46,0.15
19510,11586,21,2,241.34,0.0
19511,11586,18,2,86.06,0.0
19512,11587,72,1,264.47,0.0
19513,11587,25,1,39.24,0.05
19514,11587,110,2,60.39,0.1
19515,11587,139,1,135.18,0.1
19516,11588,22,3,53.13,0.15
19517,11588,157,2,351.91,0.05
19518,11589,56,2,147.66,0.05
19519,11589,128,1,38.79,0.1
19520,11590,91,1,69.77,0.0
19521,11590,115,1,55.51,0.0
19522,11591,157,3,342.09,0.0
19523,11592,49,2,89.08,0.15
19524,11593,94,4,47.41,0.0
19525,11593,11,1,43.17,0.0
19526,11594,101,3,18.08,0.15
19527,11594,106,1,95.46,0.0
19528,11595,54,1,115.6,0.15
19529,11596,149,1,103.44,0.15
19530,11597,10,1,103.79,0.1
19531,11597,35,1,134.14,0.05
19532,11597,74,3,267.31,0.0
19533,11598,72,1,263.08,0.15
19534,11599,37,2,77.03,0.15
19535,11600,126,1,466.9,0.0
19536,11601,10,1,104.42,0.0
19537,11602,3,1,118.49,0.05
19538,11603,128,1,39.63,0.0
19539,11604,8,2,129.3,0.0
19540,11604,45,2,17.54,0.15
19541,11605,152,1,88.04,0.05
19542,11605,131,2,16.17,0.1
19543,11606,77,3,69.64,0.15
19544,11607,46,4,34.63,0.05
19545,11607,99,1,65.64,0.0
19546,11608,139,4,131.95,0.0
19547,11609,84,1,41.29,0.1
19548,11609,143,2,15.01,0.15
19549,11610,54,2,110.8,0.05
19550,11611,94,4,47.76,0.0
19551,11612,47,1,42.58,0.15
19552,11613,99,3,66.49,0.15
19553,11613,39,2,19.7,0.15
19554,11613,57,2,31.06,0.1
19555,11614,4,2,260.66,0.1
19556,11614,110,2,60.03,0.1
19557,11614,72,1,264.5,0.0
19558,11615,62,5,53.95,0.05
19559,11615,49,1,88.19,0.0
19560,11616,39,1,20.04,0.15
19561,11616,36,2,21.3,0.0
19562,11617,98,3,81.79,0.0
19563,11618,117,1,64.2,0.15
19564,11619,148,1,19.33,0.15
19565,11619,149,2,104.51,0.1
19566,11619,150,3,86.99,0.0
19567,11619,92,1,155.13,0.0
19568,11620,115,3,54.42,0.05
19569,11621,6,1,51.38,0.0
19570,11621,116,1,86.75,0.05
19571,11622,92,2,155.2,0.05
19572,11622,85,2,30.75,0.1
19573,11623,129,2,70.48,0.0
19574,11623,62,3,54.33,0.15
19575,11624,104,4,32.28,0.0
19576,11625,46,1,33.33,0.15
19577,11626,24,2,17.74,0.0
19578,11627,4,1,255.31,0.0
19579,11628,117,2,63.91,0.0
19580,11628,104,1,31.21,0.0
19581,11629,24,2,17.82,0.1
19582,11630,81,1,52.24,0.1
19583,11630,124,2,18.13,0.1
19584,11630,17,2,25.5,0.0
19585,11631,43,1,58.83,0.1
19586,11632,14,1,11.69,0.05
19587,11632,23,1,68.52,0.15
19588,11633,34,1,24.72,0.15
19589,11633,38,1,10.99,0.0
19590,11633,21,1,242.01,0.0
19591,11634,12,2,42.2,0.1
19592,11635,153,2,35.24,0.0
19593,11636,130,1,40.67,0.0
19594,11637,103,4,47.1,0.0
19595,11638,128,1,38.31,0.05
19596,11638,8,1,131.1,0.05
19597,11638,30,1,50.27,0.0
19598,11639,50,1,13.63,0.15
19599,11640,44,1,49.3,0.15
19600,11640,122,2,28.53,0.15
19601,11641,80,2,10.77,0.0
19602,11642,6,2,51.47,0.0
19603,11642,160,3,116.23,0.15
19604,11643,5,2,52.01,0.05
19605,11643,124,1,18.38,0.1
19606,11643,139,1,134.83,0.1
19607,11644,22,2,53.69,0.1
19608,11644,63,1,23.5,0.0
19609,11644,74,1,264.48,0.0
19610,11645,77,5,71.89,0.1
19611,11645,149,1,103.98,0.0
19612,11646,33,1,65.14,0.05
19613,11646,145,1,82.79,0.15
19614,11647,50,1,13.33,0.15
19615,11648,14,1,11.55,0.0
19616,11649,153,1,35.21,0.05
19617,11650,71,5,91.85,0.05
19618,11651,28,1,90.15,0.0
19619,11652,1,1,102.06,0.0
19620,11653,77,1,71.73,0.0
19621,11654,56,1,148.4,0.05
19622,11654,124,1,18.38,0.05
19623,11655,93,1,34.86,0.05
19624,11656,82,1,87.88,0.1
19625,11656,127,1,26.88,0.1
19626,11656,148,1,20.18,0.15
19627,11657,101,1,18.17,0.1
19628,11657,107,1,350.58,0.1
19629,11658,64,2,22.21,0.15
19630,11658,68,1,158.63,0.05
19631,11658,43,2,58.71,0.0
19632,11659,40,1,76.85,0.15
19633,11660,96,1,17.16,0.0
19634,11660,88,3,87.38,0.1
19635,11660,55,2,160.66,0.15
19636,11661,113,1,69.61,0.0
19637,11661,72,1,259.36,0.0
19638,11661,10,1,106.56,0.05
19639,11662,81,1,52.65,0.05
19640,11662,121,1,130.53,0.0
19641,11663,113,2,66.88,0.0
19642,11663,123,1,234.99,0.0
19643,11664,86,1,41.73,0.0
19644,11665,137,1,31.9,0.0
19645,11665,87,1,146.99,0.15
19646,11666,81,1,53.73,0.1
19647,11666,102,2,43.79,0.05
19648,11666,93,1,34.1,0.05
19649,11667,124,3,18.35,0.1
19650,11668,139,1,135.29,0.1
19651,11669,159,1,21.68,0.0
19652,11670,86,2,40.93,0.05
19653,11671,35,1,135.32,0.15
19654,11672,27,1,22.59,0.1
19655,11672,154,3,81.7,0.0
19656,11672,133,1,24.51,0.0
19657,11672,132,3,67.63,0.1
19658,11673,127,3,27.28,0.15
19659,11674,60,2,155.47,0.0
19660,11674,115,1,54.32,0.0
19661,11675,159,3,22.08,0.15
19662,11675,121,1,134.12,0.1
19663,11676,27,1,22.69,0.0
19664,11677,73,1,63.44,0.15
19665,11677,103,1,46.93,0.0
19666,11677,96,1,17.85,0.05
19667,11678,109,2,80.17,0.0
19668,11678,12,1,42.79,0.0
19669,11679,73,1,63.25,0.15
19670,11680,150,2,86.91,0.1
19671,11681,33,1,62.67,0.0
19672,11682,137,1,32.26,0.0
19673,11683,128,2,38.73,0.0
19674,11684,155,1,83.56,0.1
19675,11684,133,1,25.46,0.0
19676,11685,12,2,41.69,0.0
19677,11685,112,4,64.98,0.1
19678,11686,154,4,80.7,0.05
19679,11687,49,1,87.62,0.05
19680,11688,125,1,110.49,0.0
19681,11688,91,1,71.33,0.1
19682,11689,20,1,18.33,0.0
19683,11690,106,2,93.33,0.15
19684,11691,58,5,49.03,0.0
19685,11691,120,2,125.03,0.0
19686,11692,111,5,11.78,0.0
19687,11693,26,1,72.4,0.15
19688,11693,132,1,68.25,0.15
19689,11694,121,4,134.59,0.0
19690,11695,92,1,155.65,0.1
19691,11696,25,4,40.42,0.05
19692,11696,130,1,40.98,0.0
19693,11696,15,5,13.52,0.1
19694,11697,77,3,71.71,0.15
19695,11698,22,2,53.63,0.0
19696,11698,1,2,103.24,0.0
19697,11698,149,2,101.49,0.0
19698,11698,152,1,86.92,0.15
19699,11699,71,1,90.32,0.1
19700,11700,62,1,55.06,0.0
19701,11700,20,2,17.9,0.0
19702,11700,80,1,10.67,0.1
19703,11701,136,1,255.71,0.1
19704,11701,44,1,49.57,0.0
19705,11702,94,3,47.62,0.0
19706,11703,73,4,64.46,0.15
19707,11703,61,1,41.92,0.1
19708,11703,51,4,85.11,0.0
19709,11704,141,1,81.43,0.15
19710,11705,81,3,53.52,0.1
19711,11706,68,1,158.84,0.0
19712,11706,152,1,88.46,0.15
19713,11707,61,4,42.01,0.05
19714,11707,42,1,77.09,0.0
19715,11708,45,1,17.25,0.1
19716,11708,156,4,34.55,0.0
19717,11708,27,2,22.86,0.05
19718,11709,43,1,58.36,0.1
19719,11710,141,1,80.57,0.05
19720,11710,105,1,57.18,0.0
19721,11710,57,1,30.65,0.0
19722,11711,113,2,69.86,0.05
19723,11712,78,3,50.89,0.0
19724,11712,155,1,83.37,0.0
19725,11713,91,2,71.13,0.0
19726,11714,158,1,98.12,0.05
19727,11714,127,4,26.8,0.05
19728,11715,21,1,247.57,0.15
19729,11715,141,4,80.63,0.15
19730,11716,99,4,65.79,0.0
19731,11716,22,3,53.43,0.05
19732,11716,49,1,89.47,0.0
19733,11716,87,5,146.53,0.05
19734,11717,90,2,101.03,0.0
19735,11717,19,4,28.49,0.0
19736,11718,67,4,60.02,0.0
19737,11719,105,2,55.88,0.0
19738,11719,99,-2,66.27,0.0
19739,11720,156,1,34.09,0.0
19740,11720,101,5,17.88,0.1
19741,11721,64,4,21.98,0.1
19742,11722,7,4,274.55,0.15
19743,11722,51,1,86.12,0.05
19744,11723,42,2,75.02,0.05
19745,11723,116,3,85.82,0.15
19746,11723,23,1,70.81,0.15
19747,11724,113,4,69.1,0.1
19748,11724,150,1,85.4,0.15
19749,11724,98,1,83.23,0.0
19750,11725,9,1,43.38,0.0
19751,11725,58,1,49.62,0.15
19752,11726,132,1,68.93,0.0
19753,11726,97,2,84.84,0.0
19754,11726,30,2,50.55,0.0
19755,11727,1,-1,103.21,0.0
19756,11728,149,2,106.25,0.15
19757,11728,55,2,163.12,0.0
19758,11728,125,2,113.04,0.0
19759,11729,20,1,18.2,0.0
19760,11730,78,-1,48.43,0.0
19761,11731,121,1,132.4,0.0
19762,11731,43,1,58.78,0.0
19763,11732,66,2,217.68,0.0
19764,11733,67,1,60.27,0.15
19765,11734,39,2,19.9,0.0
19766,11735,103,2,48.67,0.1
19767,11736,32,1,343.04,0.0
19768,11737,22,1,52.69,0.05
19769,11737,103,1,47.66,0.0
19770,11737,114,1,601.36,0.0
19771,11738,57,1,29.92,0.0
19772,11739,109,2,82.41,0.0
19773,11739,11,2,42.56,0.05
19774,11739,89,2,40.22,0.0
19775,11740,160,1,117.97,0.15
19776,11741,101,1,18.23,0.0
19777,11742,66,3,223.63,0.0
19778,11743,140,1,21.12,0.0
19779,11743,51,4,87.63,0.0
19780,11744,73,1,63.8,0.15
19781,11745,112,1,64.92,0.0
19782,11745,78,1,49.77,0.1
19783,11745,113,1,69.8,0.0
19784,11745,22,2,51.74,0.0
19785,11746,108,1,77.24,0.1
19786,11747,155,3,84.72,0.05
19787,11748,58,-1,48.7,0.05
19788,11748,80,-1,10.97,0.15
19789,11748,54,2,115.37,0.15
19790,11749,21,3,243.54,0.0
19791,11750,81,1,54.03,0.1
19792,11751,71,4,91.37,0.05
19793,11752,77,1,69.5,0.05
19794,11753,65,1,135.88,0.05
19795,11754,102,3,44.07,0.1
19796,11755,8,2,127.11,0.05
19797,11756,68,1,156.36,0.1
19798,11757,26,1,70.43,0.05
19799,11757,15,4,13.86,0.15
19800,11757,56,2,152.17,0.0
19801,11758,50,1,13.6,0.05
19802,11759,36,3,21.26,0.0
19803,11759,48,1,171.98,0.05
19804,11760,65,2,138.25,0.0
19805,11761,150,1,83.8,0.05
19806,11761,91,1,70.69,0.0
19807,11762,77,1,69.19,0.0
19808,11763,154,2,81.4,0.0
19809,11764,144,3,74.81,0.1
19810,11765,85,1,31.88,0.15
19811,11765,13,2,80.25,0.0
19812,11765,65,5,136.55,0.1
19813,11765,17,2,25.68,0.1
19814,11766,5,3,53.95,0.0
19815,11767,43,1,58.3,0.15
19816,11767,77,2,69.13,0.05
19817,11768,32,1,346.79,0.0
19818,11768,116,4,86.63,0.05
19819,11769,13,1,80.1,0.0
19820,11769,121,2,135.17,0.05
19821,11769,29,1,37.16,0.0
19822,11769,67,1,61.31,0.0
19823,11770,76,1,133.62,0.0
19824,11770,40,1,77.6,0.0
19825,11770,88,3,85.6,0.1
19826,11770,103,1,46.62,0.0
19827,11771,12,4,41.84,0.0
19828,11771,100,1,51.5,0.0
19829,11772,111,1,11.6,0.0
19830,11773,84,1,40.98,0.1
19831,11773,55,1,165.53,0.1
19832,11773,7,1,271.8,0.0
19833,11774,17,1,26.73,0.0
19834,11774,135,1,28.79,0.0
19835,11774,140,2,21.99,0.1
19836,11775,14,1,11.55,0.0
19837,11775,47,4,43.61,0.0
19838,11776,43,1,58.14,0.0
19839,11777,134,1,100.4,0.0
19840,11778,144,1,77.76,0.1
19841,11779,131,5,16.39,0.1
19842,11780,11,1,43.52,0.05
19843,11780,159,1,21.9,0.0
19844,11780,126,1,460.98,0.05
19845,11781,76,1,133.99,0.0
19846,11781,25,2,40.46,0.15
19847,11781,104,1,30.91,0.0
19848,11782,126,2,463.33,0.15
19849,11782,29,1,37.94,0.15
19850,11783,46,2,33.19,0.05
19851,11784,42,1,77.32,0.0
19852,11785,11,2,42.35,0.15
19853,11786,150,1,83.91,0.0
19854,11787,32,1,340.63,0.0
19855,11788,136,3,257.06,0.15
19856,11788,7,1,272.41,0.0
19857,11789,39,1,19.84,0.05
19858,11789,51,2,87.63,0.0
19859,11790,142,2,211.93,0.0
19860,11790,119,1,180.99,0.05
19861,11791,153,1,34.48,0.0
19862,11792,131,1,15.97,0.0
19863,11793,105,1,55.89,0.0
19864,11793,26,2,70.34,0.1
19865,11793,101,1,18.57,0.05
19866,11794,77,1,70.84,0.05
19867,11795,36,4,21.76,0.0
19868,11796,132,5,70.24,0.0
19869,11796,2,5,57.68,0.0
19870,11797,152,2,86.86,0.1
19871,11797,94,1,48.51,0.05
19872,11798,138,3,48.88,0.1
19873,11799,61,2,43.11,0.0
19874,11800,119,2,182.67,0.15
19875,11800,53,2,35.88,0.05
19876,11801,131,2,16.05,0.0
19877,11802,91,1,69.93,0.0
19878,11802,38,1,11.27,0.05
19879,11802,84,2,41.6,0.0
19880,11803,51,1,85.38,0.05
19881,11804,92,2,154.86,0.1
19882,11805,146,2,130.33,0.15
19883,11805,41,5,128.03,0.0
19884,11806,136,4,267.68,0.05
19885,11807,103,2,48.44,0.15
19886,11807,1,2,100.2,0.0
19887,11808,140,1,21.17,0.15
19888,11809,29,1,37.04,0.15
19889,11809,69,1,91.5,0.1
19890,11809,66,1,217.51,0.05
19891,11810,14,3,11.87,0.05
19892,11810,107,1,359.72,0.05
19893,11811,128,1,39.69,0.0
19894,11812,32,1,338.86,0.05
19895,11812,102,1,45.49,0.0
19896,11812,115,1,54.11,0.05
19897,11813,9,1,42.36,0.05
19898,11813,33,4,64.4,0.1
19899,11813,27,1,22.62,0.0
19900,11814,94,1,49.6,0.0
19901,11815,127,1,26.13,0.15
19902,11816,77,1,69.57,0.0
19903,11816,35,5,132.88,0.0
19904,11817,157,3,342.92,0.0
19905,11818,18,1,87.08,0.0
19906,11818,29,2,38.34,0.05
19907,11819,81,1,53.57,0.15
19908,11820,113,2,70.24,0.0
19909,11820,99,2,66.5,0.1
19910,11821,58,1,48.54,0.05
19911,11822,100,2,52.21,0.0
19912,11823,63,2,24.07,0.0
19913,11824,143,1,15.01,0.0
19914,11825,111,1,11.58,0.15
19915,11826,29,1,37.31,0.0
19916,11826,81,1,54.05,0.0
19917,11827,117,1,64.45,0.0
19918,11827,143,2,15.65,0.15
19919,11828,32,5,346.73,0.15
19920,11829,21,1,248.25,0.0
19921,11830,3,2,113.97,0.0
19922,11831,116,1,86.76,0.15
19923,11832,59,1,86.74,0.05
19924,11832,52,4,46.87,0.0
19925,11833,7,1,267.22,0.0
19926,11834,156,1,34.27,0.0
19927,11835,113,1,68.53,0.0
19928,11836,53,3,35.75,0.0
19929,11837,157,1,355.62,0.0
19930,11837,119,1,186.14,0.15
19931,11837,153,1,35.28,0.0
19932,11838,73,1,64.38,0.15
19933,11839,78,1,48.71,0.05
19934,11840,42,1,77.34,0.0
19935,11841,154,1,81.28,0.0
19936,11841,115,1,53.85,0.1
19937,11841,53,1,35.73,0.15
19938,11842,67,1,61.51,0.15
19939,11843,48,1,169.06,0.0
19940,11843,45,4,17.02,0.1
19941,11843,21,1,243.82,0.05
19942,11844,7,5,272.05,0.0
19943,11845,96,3,17.64,0.1
19944,11846,36,1,21.65,0.0
19945,11846,73,3,62.03,0.0
19946,11847,127,1,26.95,0.05
19947,11848,28,1,89.48,0.0
19948,11849,69,2,89.69,0.05
19949,11849,100,1,51.43,0.15
19950,11850,122,1,28.59,0.0
19951,11851,113,4,69.34,0.0
19952,11851,88,3,86.94,0.1
19953,11852,139,1,132.51,0.15
19954,11853,160,2,117.02,0.1
19955,11853,141,2,79.55,0.0
19956,11854,14,1,11.63,0.0
19957,11854,127,1,26.32,0.0
19958,11854,158,4,101.16,0.1
19959,11855,12,2,43.45,0.0
19960,11855,16,1,39.65,0.1
19961,11856,11,2,43.3,0.1
19962,11856,143,2,15.1,0.1
19963,11857,54,2,111.65,0.0
19964,11857,66,5,225.84,0.0
19965,11858,46,1,34.32,0.0
19966,11859,5,4,53.83,0.1
19967,11860,74,1,262.93,0.1
19968,11861,20,1,18.1,0.0
19969,11862,49,5,90.63,0.0
19970,11863,10,1,104.72,0.05
19971,11864,142,2,212.77,0.15
19972,11864,151,4,80.74,0.1
19973,11865,83,1,249.52,0.05
19974,11865,38,5,11.22,0.0
19975,11866,85,1,31.16,0.0
19976,11866,2,1,58.83,0.0
19977,11867,29,1,37.67,0.05
19978,11867,104,1,30.84,0.0
19979,11867,142,1,213.12,0.05
19980,11867,121,2,130.68,0.0
19981,11868,130,1,41.99,0.1
19982,11869,67,-1,62.3,0.0
19983,11870,83,1,247.81,0.0
19984,11871,67,1,61.91,0.05
19985,11872,131,2,16.47,0.1
19986,11873,122,1,28.13,0.15
19987,11873,58,4,48.42,0.15
19988,11873,102,1,43.63,0.1
19989,11874,120,3,129.01,0.1
19990,11874,111,4,11.41,0.15
19991,11875,147,1,21.08,0.0
19992,11876,13,2,81.94,0.15
19993,11877,11,2,42.17,0.0
19994,11877,97,1,86.79,0.0
19995,11878,17,1,25.87,0.05
19996,11878,114,2,589.7,0.15
19997,11879,77,2,68.58,0.0
19998,11879,123,2,226.41,0.0
19999,11879,139,1,138.49,0.15
20000,11879,25,1,39.96,0.05
20001,11880,77,4,70.23,0.05
20002,11881,138,3,48.78,0.0
20003,11882,46,2,33.27,0.0
20004,11883,81,1,54.62,0.1
20005,11883,20,2,17.93,0.0
20006,11884,69,1,87.99,0.15
20007,11884,12,3,42.09,0.0
20008,11885,10,1,105.82,0.05
20009,11886,15,1,13.54,0.0
20010,11887,72,1,255.17,0.05
20011,11888,108,2,76.02,0.05
20012,11889,15,3,13.93,0.15
20013,11890,133,1,25.37,0.0
20014,11891,106,1,92.01,0.0
20015,11891,14,1,11.78,0.15
20016,11891,148,3,19.58,0.05
20017,11891,56,4,147.45,0.15
20018,11892,75,3,6.06,0.05
20019,11893,57,1,29.93,0.0
20020,11894,125,3,109.37,0.0
20021,11895,72,2,263.25,0.05
20022,11896,115,3,55.85,0.1
20023,11897,158,1,97.11,0.1
20024,11898,105,3,57.32,0.0
20025,11898,20,2,17.81,0.0
20026,11898,64,1,22.57,0.0
20027,11899,51,4,87.85,0.0
20028,11900,10,1,107.26,0.0
20029,11900,20,4,18.32,0.0
20030,11901,153,1,35.38,0.0
20031,11901,147,3,21.49,0.0
20032,11901,44,1,49.2,0.05
20033,11902,105,1,56.77,0.0
20034,11903,96,5,17.82,0.15
20035,11903,28,4,89.55,0.1
20036,11903,24,1,17.73,0.1
20037,11904,45,4,16.89,0.0
20038,11905,14,1,11.57,0.0
20039,11905,126,1,456.83,0.05
20040,11906,67,1,60.8,0.0
20041,11906,45,1,17.17,0.1
20042,11906,49,2,87.7,0.05
20043,11906,128,3,39.1,0.15
20044,11907,156,1,33.88,0.0
20045,11908,151,1,80.46,0.0
20046,11908,109,4,80.69,0.0
20047,11908,49,1,88.36,0.0
20048,11909,53,3,36.04,0.0
20049,11910,22,1,54.24,0.05
20050,11911,105,1,56.71,0.05
20051,11911,98,1,82.59,0.0
20052,11911,159,2,22.05,0.15
20053,11912,87,3,148.57,0.1
20054,11912,119,1,184.96,0.0
20055,11913,26,2,71.76,0.0
20056,11913,1,1,103.06,0.1
20057,11914,18,1,87.03,0.0
20058,11914,113,1,69.78,0.15
20059,11915,60,2,158.73,0.0
20060,11916,113,2,69.06,0.1
20061,11917,33,2,64.89,0.0
20062,11918,123,1,231.15,0.0
20063,11919,69,1,90.83,0.0
20064,11919,27,2,22.7,0.0
20065,11920,13,1,80.19,0.15
20066,11920,37,1,78.8,0.0
20067,11920,91,1,70.18,0.15
20068,11920,159,4,22.36,0.1
20069,11921,91,2,69.54,0.1
20070,11921,96,2,17.1,0.15
20071,11922,30,1,49.03,0.0
20072,11922,118,2,22.72,0.15
20073,11922,18,3,84.69,0.05
20074,11923,5,1,52.53,0.1
20075,11923,116,3,87.35,0.1
20076,11924,7,1,262.71,0.1
20077,11925,58,3,48.92,0.05
20078,11926,58,5,48.79,0.0
20079,11927,11,2,42.66,0.1
20080,11928,143,1,15.36,0.05
20081,11929,70,3,37.2,0.0
20082,11930,135,2,28.06,0.1
20083,11931,59,1,87.93,0.1
20084,11931,131,1,15.78,0.0
20085,11931,77,1,69.37,0.05
20086,11932,156,2,33.4,0.15
20087,11933,59,1,89.63,0.15
20088,11934,37,1,76.54,0.15
20089,11935,87,2,148.46,0.0
20090,11936,23,1,68.79,0.0
20091,11937,73,2,63.02,0.15
20092,11937,3,3,117.1,0.0
20093,11938,10,2,105.2,0.05
20094,11938,2,1,56.85,0.15
20095,11938,21,1,245.86,0.15
20096,11939,112,2,64.99,0.1
20097,11940,59,1,87.7,0.0
20098,11940,80,1,10.7,0.0
20099,11940,27,1,22.51,0.15
20100,11941,100,2,52.05,0.05
20101,11942,14,4,11.59,0.0
20102,11943,36,1,22.04,0.0
20103,11943,50,1,13.6,0.0
20104,11943,24,4,18.22,0.0
20105,11944,135,4,27.91,0.1
20106,11944,127,1,26.29,0.0
20107,11945,158,2,97.96,0.0
20108,11946,141,1,81.06,0.1
20109,11946,34,3,25.71,0.0
20110,11946,157,1,346.64,0.0
20111,11946,56,1,153.51,0.05
20112,11947,3,1,117.19,0.0
20113,11948,25,1,39.68,0.1
20114,11949,59,2,89.7,0.0
20115,11949,11,1,41.87,0.0
20116,11950,7,1,276.2,0.0
20117,11950,56,2,152.55,0.05
20118,11950,141,2,81.27,0.0
20119,11951,81,1,54.36,0.05
20120,11951,144,1,77.49,0.0
20121,11951,114,1,593.15,0.0
20122,11952,41,1,126.06,0.15
20123,11953,99,1,65.27,0.0
20124,11954,44,1,49.78,0.0
20125,11955,79,4,70.71,0.05
20126,11956,62,1,54.76,0.0
20127,11957,122,1,28.83,0.1
20128,11958,145,1,82.53,0.0
20129,11959,104,4,31.67,0.15
20130,11960,45,1,17.33,0.0
20131,11961,158,4,98.43,0.0
20132,11961,10,4,107.3,0.0
20133,11962,32,4,346.73,0.0
20134,11963,12,3,42.79,0.05
20135,11964,97,1,86.94,0.0
20136,11965,26,1,70.5,0.0
20137,11966,97,1,85.82,0.1
20138,11966,100,1,52.49,0.1
20139,11966,31,1,38.21,0.0
20140,11967,118,1,23.05,0.0
20141,11968,44,5,50.49,0.05
20142,11969,76,3,137.26,0.0
20143,11970,74,1,266.39,0.0
20144,11970,91,2,71.49,0.0
20145,11971,135,2,28.8,0.15
20146,11971,158,1,101.01,0.0
20147,11971,27,2,23.39,0.1
20148,11972,1,2,100.4,0.0
20149,11972,60,1,156.2,0.1
20150,11972,69,1,90.8,0.0
20151,11973,99,2,64.87,0.1
20152,11974,108,1,78.03,0.0
20153,11974,22,2,52.79,0.15
20154,11975,126,1,459.77,0.1
20155,11976,74,2,260.93,0.05
20156,11977,123,3,234.17,0.0
20157,11978,95,1,44.66,0.0
20158,11978,22,1,53.09,0.0
20159,11979,15,2,13.56,0.0
20160,11980,16,1,39.83,0.05
20161,11981,10,1,108.32,0.05
20162,11982,44,5,49.12,0.05
20163,11983,99,2,65.85,0.0
20164,11983,109,2,81.05,0.0
20165,11983,155,1,85.99,0.0
20166,11984,82,1,88.22,0.1
20167,11984,140,2,21.38,0.0
20168,11984,76,1,132.97,0.0
20169,11985,33,1,65.48,0.0
20170,11985,30,3,50.08,0.0
20171,11986,68,1,160.63,0.05
20172,11986,104,5,31.73,0.0
20173,11987,130,1,42.01,0.0
20174,11988,132,1,69.07,0.0
20175,11989,9,1,41.63,0.05
20176,11990,110,1,59.64,0.0
20177,11990,2,4,58.04,0.0
20178,11990,48,2,165.49,0.0
20179,11990,80,3,10.83,0.1
20180,11991,92,2,155.09,0.0
20181,11991,147,1,21.0,0.1
20182,11992,133,1,25.29,0.0
20183,11992,34,1,25.2,0.0
20184,11993,153,1,34.99,0.0
20185,11993,46,2,34.06,0.15
20186,11994,137,2,32.94,0.0
20187,11995,155,1,83.62,0.05
20188,11995,127,3,26.54,0.0
20189,11996,152,2,89.78,0.0
20190,11997,55,2,167.09,0.0
20191,11998,69,4,88.24,0.1
20192,11999,62,2,56.18,0.0
20193,11999,146,1,130.93,0.0
20194,12000,86,2,42.23,0.0
20195,12000,94,1,49.07,0.0
20196,12000,109,1,81.97,0.0
20197,12001,47,1,42.68,0.1
20198,12002,101,2,18.04,0.1
20199,12002,28,1,93.42,0.0
20200,12003,62,1,53.86,0.1
20201,12004,17,1,26.24,0.0
20202,12005,42,2,74.73,0.0
20203,12006,6,5,52.98,0.05
20204,12006,124,2,18.23,0.05
20205,12007,33,2,64.07,0.0
20206,12008,78,5,50.32,0.15
20207,12009,21,1,242.85,0.0
20208,12009,63,1,24.5,0.1
20209,12010,7,3,263.0,0.0
20210,12010,155,1,85.64,0.0
20211,12010,128,1,39.29,0.15
20212,12011,19,4,28.88,0.05
20213,12011,106,4,93.07,0.15
20214,12011,45,4,17.11,0.0
20215,12012,98,3,82.06,0.0
20216,12013,6,3,52.82,0.0
20217,12014,8,2,128.25,0.0
20218,12015,102,3,45.48,0.15
20219,12016,118,4,23.0,0.0
20220,12017,49,1,88.69,0.05
20221,12018,99,2,64.81,0.0
20222,12018,21,4,247.49,0.05
20223,12018,46,1,34.87,0.0
20224,12019,20,5,18.14,0.0
20225,12019,80,4,11.15,0.0
20226,12020,15,1,13.7,0.0
20227,12021,53,4,35.32,0.0
20228,12021,47,2,43.85,0.0
20229,12022,93,1,33.81,0.0
20230,12022,137,1,32.62,0.0
20231,12023,98,1,83.92,0.15
20232,12024,5,1,51.59,0.0
20233,12025,87,1,147.81,0.0
20234,12025,116,2,86.11,0.1
20235,12025,35,1,138.89,0.0
20236,12025,134,3,98.57,0.0
20237,12026,80,1,10.98,0.0
20238,12026,132,1,68.19,0.1
20239,12027,2,2,58.49,0.0
20240,12028,70,1,36.99,0.05
20241,12029,87,1,150.92,0.0
20242,12030,142,1,210.25,0.05
20243,12030,51,5,86.28,0.05
20244,12031,72,1,258.53,0.0
20245,12032,141,1,77.81,0.05
20246,12033,61,1,41.34,0.0
20247,12033,157,1,354.07,0.05
20248,12034,83,1,244.58,0.0
20249,12035,42,1,75.92,0.1
20250,12036,114,3,587.17,0.15
20251,12036,47,3,42.79,0.15
20252,12037,71,1,90.14,0.05
20253,12037,9,1,41.93,0.1
20254,12038,18,1,86.2,0.0
20255,12038,89,2,41.22,0.0
20256,12039,75,2,6.27,0.0
20257,12039,68,1,159.92,0.0
20258,12040,95,1,46.09,0.1
20259,12040,79,1,70.99,0.15
20260,12041,14,1,11.48,0.05
20261,12041,154,1,79.74,0.0
20262,12042,98,1,81.08,0.05
20263,12043,6,2,53.21,0.0
20264,12043,94,3,48.38,0.0
20265,12044,154,1,78.72,0.05
20266,12044,92,3,156.58,0.0
20267,12044,156,1,34.06,0.0
20268,12045,50,2,13.3,0.15
20269,12046,83,1,240.43,0.0
20270,12047,131,1,16.27,0.1
20271,12048,72,2,266.07,0.0
20272,12048,32,1,353.01,0.0
20273,12048,55,2,164.0,0.15
20274,12049,147,1,21.13,0.05
20275,12049,67,2,61.3,0.0
20276,12049,77,1,70.31,0.0
20277,12050,11,4,43.16,0.0
20278,12050,73,1,62.46,0.0
20279,12051,147,1,21.64,0.0
20280,12051,91,2,69.24,0.0
20281,12052,53,1,35.65,0.1
20282,12052,159,1,22.27,0.0
20283,12052,158,4,102.04,0.0
20284,12053,147,4,21.01,0.0
20285,12053,97,4,83.08,0.0
20286,12053,121,1,130.23,0.0
20287,12054,159,3,22.31,0.0
20288,12054,11,1,43.92,0.0
20289,12054,120,3,125.03,0.15
20290,12054,80,2,10.76,0.1
20291,12055,137,2,32.79,0.1
20292,12056,35,3,134.89,0.0
20293,12057,113,4,69.45,0.05
20294,12057,49,1,90.18,0.05
20295,12058,66,1,221.58,0.0
20296,12058,151,2,81.48,0.0
20297,12059,80,1,11.11,0.05
20298,12059,110,1,60.08,0.0
20299,12060,87,1,146.51,0.15
20300,12060,12,1,43.47,0.0
20301,12061,136,2,255.97,0.1
20302,12061,78,1,49.37,0.1
20303,12061,75,3,6.14,0.05
20304,12061,7,1,272.06,0.0
20305,12062,3,3,116.58,0.1
20306,12062,42,1,75.72,0.15
20307,12063,95,1,45.2,0.1
20308,12064,105,2,55.71,0.0
20309,12064,40,1,78.51,0.05
20310,12064,51,1,85.33,0.05
20311,12064,137,1,32.47,0.15
20312,12065,80,4,10.97,0.0
20313,12065,102,1,44.75,0.1
20314,12066,83,1,246.39,0.1
20315,12067,149,1,103.15,0.05
20316,12068,25,3,40.44,0.05
20317,12068,11,1,42.71,0.15
20318,12069,55,2,162.56,0.15
20319,12070,139,2,131.89,0.1
20320,12070,98,2,83.33,0.0
20321,12070,99,2,65.62,0.0
20322,12071,84,3,40.4,0.0
20323,12071,24,1,18.28,0.1
20324,12071,78,3,50.62,0.0
20325,12072,96,3,17.54,0.05
20326,12073,65,2,137.77,0.15
20327,12073,91,2,72.11,0.0
20328,12073,32,1,339.61,0.0
20329,12074,66,2,221.26,0.1
20330,12075,28,3,89.81,0.15
20331,12076,48,2,167.04,0.0
20332,12077,115,1,54.48,0.0
20333,12077,105,2,56.4,0.0
20334,12078,72,1,255.02,0.1
20335,12078,113,3,69.38,0.05
20336,12079,109,1,80.97,0.1
20337,12079,131,2,16.31,0.0
20338,12080,47,1,41.87,0.0
20339,12080,150,3,83.47,0.15
20340,12081,122,2,28.68,0.1
20341,12082,98,2,84.3,0.15
20342,12083,32,1,352.25,0.0
20343,12083,61,1,42.39,0.0
20344,12084,143,2,15.43,0.0
20345,12084,158,1,99.51,0.0
20346,12085,96,3,17.32,0.15
20347,12086,145,1,80.39,0.0
20348,12087,76,3,133.86,0.1
20349,12087,91,1,72.6,0.0
20350,12087,13,3,79.62,0.05
20351,12088,79,1,70.73,0.1
20352,12089,12,1,43.0,0.0
20353,12090,93,2,33.98,0.0
20354,12090,147,1,20.96,0.0
20355,12091,125,2,108.78,0.0
20356,12092,33,1,65.64,0.15
20357,12093,125,2,112.88,0.0
20358,12093,39,1,19.6,0.05
20359,12093,111,1,11.54,0.15
20360,12094,44,1,50.44,0.1
20361,12095,90,1,104.8,0.0
20362,12095,85,2,31.91,0.05
20363,12096,128,2,39.17,0.1
20364,12097,69,1,90.69,0.0
20365,12098,38,2,11.24,0.1
20366,12099,156,1,34.72,0.05
20367,12099,36,1,21.7,0.15
20368,12099,159,1,22.22,0.05
20369,12099,44,1,50.26,0.0
20370,12100,2,5,57.13,0.1
20371,12100,84,1,41.15,0.1
20372,12100,90,3,100.9,0.0
20373,12100,154,1,81.76,0.05
20374,12101,65,3,138.45,0.05
20375,12101,151,1,82.11,0.1
20376,12102,129,1,70.97,0.0
20377,12103,103,1,48.23,0.15
20378,12104,32,2,337.29,0.05
20379,12104,83,1,246.75,0.05
20380,12105,111,5,11.59,0.15
20381,12106,113,2,69.87,0.05
20382,12107,119,2,182.07,0.0
20383,12107,66,1,220.65,0.0
20384,12108,60,2,156.12,0.0
20385,12109,47,5,43.43,0.1
20386,12109,102,1,45.17,0.15
20387,12109,87,1,146.28,0.0
20388,12110,69,3,90.71,0.15
20389,12111,116,1,85.98,0.0
20390,12112,39,3,19.42,0.0
20391,12113,24,2,17.83,0.1
20392,12114,59,1,89.74,0.0
20393,12114,79,1,72.18,0.0
20394,12115,144,1,75.02,0.0
20395,12115,41,2,126.8,0.1
20396,12116,7,1,267.18,0.0
20397,12116,48,3,171.52,0.0
20398,12116,113,2,68.79,0.0
20399,12116,81,2,54.13,0.1
20400,12117,143,4,15.12,0.0
20401,12118,153,1,35.82,0.0
20402,12119,129,1,72.57,0.0
20403,12119,98,1,82.82,0.0
20404,12120,40,1,76.78,0.05
20405,12120,10,1,107.07,0.1
20406,12120,5,1,52.78,0.1
20407,12121,30,5,50.91,0.15
20408,12121,11,4,43.55,0.15
20409,12122,68,2,161.09,0.1
20410,12122,69,2,91.37,0.1
20411,12123,122,3,28.13,0.0
20412,12123,14,1,11.71,0.0
20413,12124,63,1,24.6,0.1
20414,12125,24,4,17.89,0.0
20415,12126,154,1,80.53,0.15
20416,12126,21,1,246.1,0.0
20417,12127,34,2,25.68,0.15
20418,12127,95,1,45.19,0.05
20419,12127,105,1,56.89,0.15
20420,12127,61,1,41.4,0.15
20421,12128,48,2,169.93,0.0
20422,12128,143,1,15.2,0.15
20423,12129,66,1,225.51,0.0
20424,12130,140,4,21.26,0.05
20425,12130,121,3,132.47,0.15
20426,12131,91,3,69.61,0.05
20427,12131,24,1,18.22,0.1
20428,12132,80,1,10.96,0.05
20429,12133,146,4,128.88,0.05
20430,12134,82,1,89.61,0.0
20431,12134,21,1,241.03,0.15
20432,12134,39,1,19.69,0.0
20433,12135,129,1,69.75,0.1
20434,12135,136,1,264.06,0.15
20435,12136,69,4,89.48,0.0
20436,12136,36,1,21.49,0.0
20437,12137,17,1,25.87,0.0
20438,12138,119,1,182.8,0.1
20439,12138,8,1,128.72,0.1
20440,12139,27,1,22.54,0.0
20441,12139,110,1,59.29,0.0
20442,12139,144,4,78.63,0.0
20443,12140,87,2,148.65,0.0
20444,12140,50,1,13.55,0.0
20445,12141,48,1,171.25,0.0
20446,12141,131,1,16.42,0.0
20447,12141,132,1,70.26,0.0
20448,12142,72,5,263.05,0.0
20449,12142,20,2,18.6,0.15
20450,12142,67,4,59.42,0.1
20451,12143,20,1,18.58,0.0
20452,12144,6,1,52.9,0.05
20453,12145,14,1,11.78,0.0
20454,12145,103,1,48.65,0.1
20455,12146,10,1,104.98,0.1
20456,12146,152,1,91.0,0.0
20457,12147,29,2,38.84,0.0
20458,12148,153,3,35.42,0.05
20459,12148,124,1,18.43,0.0
20460,12148,131,2,15.88,0.05
20461,12149,43,1,57.61,0.0
20462,12150,18,2,84.91,0.1
20463,12150,130,1,40.32,0.15
20464,12151,45,1,17.38,0.15
20465,12152,145,1,83.75,0.05
20466,12153,144,1,78.39,0.0
20467,12153,28,1,89.05,0.0
20468,12153,137,1,31.93,0.0
20469,12154,145,2,83.97,0.0
20470,12154,34,1,25.1,0.05
20471,12155,142,2,210.96,0.0
20472,12156,30,1,50.86,0.0
20473,12157,102,4,45.52,0.05
20474,12158,47,1,42.65,0.15
20475,12159,71,1,89.24,0.1
20476,12159,111,1,11.73,0.05
20477,12160,41,1,128.64,0.05
20478,12160,84,5,39.98,0.0
20479,12160,103,2,46.81,0.0
20480,12161,22,1,52.76,0.05
20481,12161,159,1,22.51,0.0
20482,12161,97,1,85.92,0.0
20483,12162,72,1,263.4,0.1
20484,12163,118,1,22.37,0.0
20485,12164,159,4,22.75,0.0
20486,12165,145,1,83.34,0.0
20487,12165,45,2,17.52,0.05
20488,12166,142,1,208.24,0.0
20489,12166,123,1,228.34,0.0
20490,12167,32,2,348.42,0.1
20491,12167,45,1,17.14,0.15
20492,12167,88,1,87.97,0.0
20493,12168,73,1,63.18,0.0
20494,12168,5,1,51.85,0.0
20495,12169,131,1,16.22,0.0
20496,12170,49,1,90.25,0.0
20497,12171,71,5,88.88,0.15
20498,12171,131,3,16.39,0.15
20499,12172,149,1,101.5,0.05
20500,12173,68,1,163.82,0.0
20501,12173,12,5,43.48,0.05
20502,12174,60,4,153.61,0.0
20503,12174,112,2,64.47,0.0
20504,12174,73,1,62.2,0.15
20505,12174,88,2,86.26,0.0
20506,12175,84,3,40.45,0.05
20507,12176,150,3,86.94,0.1
20508,12177,24,1,18.14,0.1
20509,12177,158,1,99.14,0.15
20510,12177,16,3,38.35,0.0
20511,12178,122,3,29.31,0.0
20512,12178,103,4,47.49,0.0
20513,12178,64,4,21.64,0.1
20514,12178,109,5,80.94,0.15
20515,12179,128,1,38.23,0.05
20516,12180,105,1,56.3,0.0
20517,12180,81,2,54.19,0.1
20518,12181,20,3,18.21,0.0
20519,12181,128,1,38.2,0.0
20520,12182,56,4,153.16,0.0
20521,12182,14,1,11.64,0.0
20522,12183,96,2,17.45,0.0
20523,12183,88,1,87.53,0.05
20524,12184,35,2,133.1,0.0
20525,12185,40,1,77.96,0.0
20526,12186,118,1,23.15,0.1
20527,12186,6,4,53.21,0.15
20528,12186,63,1,23.53,0.0
20529,12187,98,2,83.61,0.0
20530,12188,49,1,87.7,0.0
20531,12189,138,2,47.89,0.1
20532,12189,7,1,271.0,0.0
20533,12189,116,1,85.56,0.0
20534,12190,137,2,32.34,0.1
20535,12191,29,1,38.1,0.1
20536,12192,55,1,165.03,0.05
20537,12193,101,1,17.8,0.0
20538,12194,88,2,89.46,0.0
20539,12195,42,2,77.61,0.0
20540,12196,45,3,17.61,0.15
20541,12197,26,5,70.39,0.0
20542,12198,56,2,148.28,0.0
20543,12199,33,1,65.69,0.15
20544,12199,44,3,50.65,0.0
20545,12200,110,2,59.75,0.15
20546,12201,75,1,5.99,0.0
20547,12202,101,1,18.58,0.05
20548,12203,30,1,48.92,0.0
20549,12203,9,3,41.7,0.0
20550,12204,73,2,62.4,0.0
20551,12205,49,1,87.34,0.0
20552,12206,99,2,66.37,0.15
20553,12207,37,1,79.75,0.1
20554,12208,9,1,42.68,0.0
20555,12208,35,1,136.44,0.0
20556,12208,45,2,16.9,0.0
20557,12209,120,1,125.23,0.0
20558,12210,31,4,38.42,0.0
20559,12211,145,1,84.1,0.1
20560,12212,137,1,32.29,0.15
20561,12212,7,1,274.36,0.15
20562,12212,79,1,69.86,0.0
20563,12212,15,1,13.72,0.1
20564,12213,67,2,59.72,0.05
20565,12214,7,2,269.92,0.0
20566,12215,45,1,17.53,0.1
20567,12216,78,1,50.35,0.0
20568,12216,90,1,105.12,0.1
20569,12216,105,5,57.06,0.0
20570,12217,112,3,62.02,0.15
20571,12218,132,1,67.46,0.0
20572,12218,47,2,43.34,0.15
20573,12218,39,1,19.8,0.05
20574,12219,135,2,27.82,0.1
20575,12219,105,1,54.87,0.15
20576,12220,127,4,26.52,0.0
20577,12221,116,5,85.47,0.15
20578,12221,102,2,44.04,0.15
20579,12221,6,1,53.07,0.15
20580,12221,31,1,37.09,0.0
20581,12222,16,-1,38.55,0.0
20582,12222,51,3,85.12,0.0
20583,12223,159,2,21.9,0.0
20584,12223,18,1,84.23,0.05
20585,12223,82,2,87.4,0.1
20586,12224,67,1,60.99,0.0
20587,12225,114,2,586.87,0.0
20588,12225,150,1,85.54,0.0
20589,12226,84,1,39.88,0.0
20590,12226,82,2,87.98,0.1
20591,12226,86,3,40.55,0.0
20592,12226,111,2,11.85,0.05
20593,12227,20,1,17.9,0.05
20594,12228,79,1,70.66,0.0
20595,12229,42,1,75.27,0.1
20596,12230,76,1,139.17,0.1
20597,12230,41,2,123.15,0.0
20598,12230,49,2,88.9,0.0
20599,12231,28,1,91.3,0.05
20600,12231,42,1,76.52,0.0
20601,12232,106,1,91.28,0.0
20602,12232,153,1,35.42,0.1
20603,12233,91,5,70.42,0.0
20604,12233,71,1,90.5,0.15
20605,12233,24,2,17.59,0.0
20606,12233,124,1,18.59,0.1
20607,12234,53,1,34.47,0.05
20608,12235,97,1,86.42,0.1
20609,12236,124,3,18.2,0.0
20610,12237,152,2,89.36,0.0
20611,12238,114,5,598.14,0.0
20612,12238,108,2,74.86,0.05
20613,12238,109,1,83.68,0.15
20614,12239,115,1,55.36,0.05
20615,12239,84,2,40.96,0.0
20616,12239,128,1,39.19,0.0
20617,12240,128,2,39.64,0.0
20618,12240,111,1,11.46,0.1
20619,12241,33,1,64.83,0.1
20620,12241,38,1,11.08,0.1
20621,12241,79,3,71.17,0.0
20622,12242,24,2,18.22,0.15
20623,12243,125,1,112.7,0.1
20624,12244,53,1,36.21,0.0
20625,12244,17,2,26.24,0.0
20626,12245,22,3,52.42,0.0
20627,12245,114,3,591.58,0.1
20628,12245,139,1,132.03,0.0
20629,12246,71,2,89.24,0.0
20630,12246,149,4,104.48,0.0
20631,12247,73,2,62.14,0.05
20632,12248,99,-1,64.9,0.05
20633,12249,86,2,41.68,0.05
20634,12250,140,1,21.34,0.0
20635,12251,12,1,43.06,0.1
20636,12252,58,4,48.08,0.0
20637,12253,54,1,110.93,0.0
20638,12253,142,1,205.69,0.0
20639,12254,20,3,18.69,0.0
20640,12254,82,2,89.44,0.0
20641,12254,13,1,80.62,0.15
20642,12255,41,2,126.38,0.0
20643,12255,93,2,35.38,0.0
20644,12256,47,1,43.38,0.0
20645,12256,33,4,63.11,0.1
20646,12257,9,1,43.35,0.05
20647,12257,35,4,136.0,0.0
20648,12257,67,2,62.24,0.0
20649,12257,155,4,83.05,0.05
20650,12258,111,1,11.77,0.0
20651,12258,31,1,37.48,0.1
20652,12258,74,1,261.37,0.0
20653,12259,132,1,68.16,0.0
20654,12260,26,1,70.19,0.0
20655,12261,87,1,151.7,0.05
20656,12262,56,1,147.96,0.1
20657,12263,55,4,166.55,0.05
20658,12263,32,1,352.71,0.15
20659,12263,115,2,55.08,0.1
20660,12264,67,1,60.16,0.1
20661,12264,144,2,77.19,0.0
20662,12264,5,5,53.92,0.0
20663,12265,84,1,41.38,0.0
20664,12266,19,1,29.02,0.0
20665,12266,70,1,37.17,0.0
20666,12267,92,3,152.61,0.0
20667,12267,53,1,35.07,0.0
20668,12267,118,2,23.05,0.05
20669,12268,122,1,28.56,0.0
20670,12268,85,1,31.29,0.15
20671,12268,70,3,36.21,0.0
20672,12269,46,1,33.94,0.1
20673,12270,43,4,57.76,0.05
20674,12271,8,1,130.66,0.05
20675,12272,21,1,241.16,0.05
20676,12272,59,1,88.09,0.15
20677,12273,85,2,31.06,0.0
20678,12274,61,1,41.46,0.0
20679,12275,12,1,42.2,0.15
20680,12275,79,3,71.15,0.1
20681,12275,19,2,28.76,0.05
20682,12276,106,1,95.41,0.0
20683,12276,138,1,49.07,0.0
20684,12276,60,2,158.54,0.1
20685,12277,86,2,41.51,0.15
20686,12278,54,1,112.11,0.15
20687,12279,8,2,132.02,0.0
20688,12279,41,2,128.84,0.0
20689,12280,33,2,65.11,0.0
20690,12281,75,4,6.2,0.0
20691,12282,75,3,6.01,0.0
20692,12283,98,1,82.15,0.1
20693,12283,102,1,43.83,0.15
20694,12283,155,3,83.46,0.0
20695,12284,108,1,77.06,0.05
20696,12284,139,3,133.2,0.0
20697,12285,120,1,125.9,0.15
20698,12285,87,4,146.03,0.15
20699,12286,140,1,21.55,0.05
20700,12286,67,1,61.04,0.05
20701,12287,154,1,80.62,0.1
20702,12287,142,1,211.38,0.0
20703,12287,33,2,62.74,0.0
20704,12287,118,1,22.54,0.0
20705,12288,104,1,32.07,0.0
20706,12289,50,2,13.55,0.0
20707,12290,123,2,231.98,0.0
20708,12290,95,2,46.13,0.0
20709,12291,8,1,130.5,0.1
20710,12292,143,1,15.05,0.05
20711,12293,106,2,95.59,0.1
20712,12293,22,1,52.1,0.1
20713,12293,60,1,159.45,0.0
20714,12294,76,4,137.35,0.0
20715,12294,108,2,75.36,0.1
20716,12294,89,2,39.94,0.1
20717,12295,82,2,90.31,0.1
20718,12295,74,2,262.88,0.0
20719,12295,4,3,253.34,0.0
20720,12296,92,2,151.6,0.1
20721,12297,8,1,126.56,0.1
20722,12298,38,2,11.15,0.0
20723,12298,101,1,17.94,0.0
20724,12299,147,5,21.26,0.0
20725,12300,38,1,11.31,0.1
20726,12300,116,1,85.52,0.05
20727,12300,56,2,153.4,0.1
20728,12301,8,3,130.49,0.0
20729,12301,110,1,60.77,0.0
20730,12302,78,1,48.52,0.1
20731,12302,72,2,258.41,0.15
20732,12303,92,3,154.28,0.05
20733,12304,140,3,21.96,0.0
20734,12304,61,4,42.1,0.05
20735,12305,139,1,135.42,0.0
20736,12305,50,1,13.15,0.0
20737,12305,110,1,61.89,0.05
20738,12306,38,1,11.31,0.1
20739,12306,34,4,24.8,0.1
20740,12307,12,2,43.03,0.0
20741,12308,156,3,35.03,0.0
20742,12308,64,1,22.21,0.0
20743,12308,77,1,68.56,0.0
20744,12308,28,2,92.31,0.0
20745,12309,152,2,88.49,0.1
20746,12309,99,1,63.69,0.1
20747,12310,68,1,157.84,0.0
20748,12311,90,1,102.19,0.15
20749,12312,49,1,87.55,0.0
20750,12312,156,2,34.9,0.05
20751,12313,29,1,37.47,0.1
20752,12313,113,1,68.38,0.0
20753,12313,99,1,66.2,0.15
20754,12314,133,1,24.48,0.0
20755,12315,46,1,34.73,0.0
20756,12316,58,5,49.79,0.0
20757,12317,83,1,245.87,0.05
20758,12318,81,1,54.26,0.0
20759,12319,147,1,21.32,0.15
20760,12320,52,1,45.89,0.0
20761,12320,155,1,86.49,0.05
20762,12320,56,2,147.68,0.0
20763,12321,124,-1,18.33,0.0
20764,12322,136,1,257.83,0.1
20765,12322,39,2,19.3,0.0
20766,12322,71,3,90.57,0.0
20767,12322,139,1,133.65,0.1
20768,12323,82,1,89.64,0.0
20769,12324,119,5,178.23,0.15
20770,12325,105,2,57.4,0.0
20771,12326,151,2,81.96,0.0
20772,12326,30,2,49.54,0.0
20773,12327,145,2,82.94,0.15
20774,12327,28,3,93.18,0.15
20775,12327,155,1,83.52,0.0
20776,12328,121,1,130.03,0.15
20777,12329,159,2,21.71,0.0
20778,12329,106,1,94.6,0.0
20779,12330,99,1,65.45,0.15
20780,12331,56,1,147.35,0.0
20781,12332,9,2,41.88,0.0
20782,12333,110,2,60.74,0.1
20783,12333,126,1,460.06,0.0
20784,12334,97,1,85.08,0.0
20785,12334,42,2,76.64,0.0
20786,12334,133,1,25.17,0.15
20787,12335,129,2,71.19,0.0
20788,12335,40,2,77.55,0.0
20789,12336,15,1,13.93,0.05
20790,12336,55,1,167.55,0.15
20791,12337,77,2,68.77,0.0
20792,12337,65,1,138.34,0.0
20793,12338,3,2,118.46,0.1
20794,12339,124,1,18.56,0.0
20795,12339,113,-1,68.83,0.0
20796,12339,158,1,97.74,0.0
20797,12339,2,2,57.53,0.0
20798,12340,59,1,88.82,0.0
20799,12341,75,2,6.29,0.15
20800,12342,156,1,34.34,0.0
20801,12343,131,5,16.18,0.05
20802,12343,102,2,45.46,0.05
20803,12343,160,1,117.97,0.05
20804,12344,143,1,15.18,0.0
20805,12345,77,1,68.68,0.0
20806,12346,143,2,15.61,0.15
20807,12347,41,1,123.67,0.0
20808,12347,36,1,21.93,0.15
20809,12348,84,1,40.32,0.0
20810,12348,65,1,133.56,0.05
20811,12349,46,2,33.88,0.0
20812,12350,134,2,101.91,0.0
20813,12350,96,1,17.08,0.15
20814,12351,30,1,49.52,0.0
20815,12351,83,1,245.07,0.0
20816,12352,19,2,28.59,0.05
20817,12352,40,1,78.24,0.1
20818,12353,79,1,71.56,0.1
20819,12354,17,2,25.89,0.15
20820,12355,55,2,165.38,0.0
20821,12356,6,1,51.54,0.15
20822,12356,100,1,53.19,0.0
20823,12357,45,2,17.35,0.0
20824,12357,70,1,36.1,0.15
20825,12357,53,2,34.59,0.15
20826,12358,111,1,11.73,0.0
20827,12358,26,2,71.8,0.05
20828,12358,39,1,19.56,0.0
20829,12359,43,2,58.74,0.0
20830,12360,112,3,63.96,0.0
20831,12361,84,1,40.27,0.1
20832,12361,125,1,109.57,0.0
20833,12362,102,1,44.65,0.0
20834,12362,86,1,42.34,0.0
20835,12363,61,1,42.41,0.0
20836,12364,51,1,86.46,0.05
20837,12364,19,1,28.05,0.15
20838,12365,35,1,137.19,0.05
20839,12366,46,1,34.11,0.0
20840,12366,72,1,257.46,0.15
20841,12367,80,1,10.8,0.0
20842,12368,50,5,13.31,0.1
20843,12369,125,4,110.83,0.05
20844,12369,70,2,36.92,0.0
20845,12370,6,3,52.36,0.0
20846,12370,38,1,11.31,0.05
20847,12371,18,1,86.87,0.15
20848,12371,139,2,133.43,0.0
20849,12371,145,2,80.19,0.0
20850,12372,98,4,83.34,0.15
20851,12373,147,2,20.98,0.1
20852,12373,157,1,349.08,0.15
20853,12373,53,2,35.51,0.1
20854,12374,135,4,28.47,0.0
20855,12375,45,2,17.02,0.1
20856,12376,58,1,50.05,0.15
20857,12376,134,1,101.73,0.1
20858,12377,46,1,33.96,0.0
20859,12378,66,1,215.9,0.15
20860,12378,80,1,10.85,0.0
20861,12378,21,1,245.8,0.0
20862,12379,55,2,165.13,0.1
20863,12380,84,1,41.56,0.1
20864,12381,68,2,164.29,0.05
20865,12381,90,1,104.27,0.0
20866,12381,129,5,71.06,0.0
20867,12382,125,1,109.25,0.0
20868,12382,26,4,71.28,0.05
20869,12382,69,1,88.86,0.0
20870,12383,23,4,70.73,0.0
20871,12383,134,2,101.06,0.05
20872,12383,81,1,53.35,0.05
20873,12384,34,2,25.45,0.0
20874,12384,72,1,260.3,0.05
20875,12384,122,1,28.47,0.1
20876,12385,83,4,242.54,0.0
20877,12386,17,1,25.96,0.0
20878,12386,95,1,45.68,0.0
20879,12387,150,2,83.21,0.15
20880,12388,38,1,11.16,0.0
20881,12388,35,1,135.53,0.05
20882,12389,78,1,48.7,0.0
20883,12390,6,1,53.68,0.0
20884,12391,103,1,48.54,0.05
20885,12392,57,4,29.84,0.0
20886,12392,3,2,116.49,0.1
20887,12392,109,2,81.82,0.0
20888,12392,78,3,50.72,0.0
20889,12393,61,1,41.45,0.0
20890,12393,157,1,351.94,0.0
20891,12393,7,2,274.98,0.1
20892,12393,31,2,38.62,0.0
20893,12394,122,1,28.47,0.15
20894,12394,154,1,80.51,0.15
20895,12394,99,2,64.49,0.1
20896,12395,150,1,85.38,0.05
20897,12396,105,1,56.95,0.05
20898,12397,96,2,17.25,0.05
20899,12398,121,2,134.99,0.15
20900,12399,84,1,40.53,0.0
20901,12400,49,5,86.94,0.0
20902,12401,66,1,219.57,0.15
20903,12402,47,1,41.97,0.05
20904,12402,19,3,28.82,0.0
20905,12403,35,3,133.72,0.05
20906,12403,36,2,22.02,0.15
20907,12403,71,1,91.05,0.0
20908,12404,125,1,108.84,0.1
20909,12405,159,2,22.64,0.0
20910,12405,91,5,72.22,0.15
20911,12406,12,1,43.24,0.0
20912,12406,5,1,51.42,0.1
20913,12407,85,1,30.8,0.0
20914,12408,7,1,263.09,0.15
20915,12408,9,2,41.63,0.0
20916,12409,25,2,39.67,0.15
20917,12409,45,4,17.06,0.15
20918,12410,39,2,19.92,0.15
20919,12410,27,1,23.44,0.1
20920,12411,136,1,266.49,0.0
20921,12411,35,1,138.78,0.0
20922,12411,97,4,86.56,0.05
20923,12412,22,1,52.12,0.15
20924,12413,71,1,91.15,0.0
20925,12414,134,1,100.9,0.0
20926,12414,109,1,79.88,0.0
20927,12415,130,1,42.2,0.0
20928,12415,14,1,11.85,0.15
20929,12415,56,1,150.13,0.15
20930,12416,90,1,105.74,0.1
20931,12417,11,1,43.77,0.05
20932,12417,109,1,79.93,0.15
20933,12418,103,1,47.25,0.1
20934,12418,151,1,83.07,0.15
20935,12419,14,1,11.5,0.0
20936,12420,111,2,11.28,0.1
20937,12421,31,2,37.82,0.05
20938,12422,39,2,19.22,0.15
20939,12422,20,4,18.31,0.0
20940,12422,158,1,100.96,0.0
20941,12423,104,1,31.33,0.05
20942,12423,57,1,30.65,0.0
20943,12423,12,1,43.67,0.0
20944,12423,152,2,89.44,0.0
20945,12424,8,2,132.61,0.0
20946,12424,46,1,34.67,0.15
20947,12424,52,1,45.73,0.15
20948,12424,130,1,41.57,0.1
20949,12425,92,1,154.98,0.0
20950,12426,23,1,69.33,0.0
20951,12426,95,2,45.9,0.05
20952,12426,67,1,59.59,0.0
20953,12427,75,2,6.19,0.15
20954,12427,103,1,48.95,0.15
20955,12427,158,2,100.05,0.0
20956,12428,59,1,89.64,0.0
20957,12429,69,3,91.83,0.0
20958,12430,89,1,39.56,0.0
20959,12430,43,2,58.41,0.1
20960,12430,3,2,118.58,0.0
20961,12431,140,1,21.66,0.1
20962,12431,87,1,147.85,0.0
20963,12432,97,1,85.03,0.0
20964,12433,153,1,35.17,0.0
20965,12433,42,1,77.36,0.0
20966,12433,88,3,85.44,0.0
20967,12434,17,2,25.54,0.0
20968,12434,127,1,26.67,0.1
20969,12435,82,1,91.17,0.15
20970,12436,100,1,51.77,0.15
20971,12436,153,1,35.25,0.15
20972,12437,65,2,136.11,0.05
20973,12438,158,1,99.18,0.0
20974,12438,7,1,270.7,0.0
20975,12438,84,4,41.22,0.0
20976,12439,86,1,41.11,0.1
20977,12440,20,1,18.03,0.0
20978,12441,18,1,85.91,0.15
20979,12442,11,1,41.81,0.05
20980,12442,7,1,270.7,0.0
20981,12442,48,2,169.04,0.0
20982,12443,94,4,48.22,0.15
20983,12443,106,4,94.38,0.15
20984,12444,143,2,15.56,0.0
20985,12444,85,1,32.09,0.1
20986,12445,86,1,42.33,0.0
20987,12446,134,1,97.63,0.0
20988,12446,82,1,91.88,0.1
20989,12447,27,2,23.58,0.0
20990,12448,44,2,48.93,0.0
20991,12449,61,1,41.22,0.0
20992,12449,160,2,118.89,0.1
20993,12449,60,1,157.8,0.15
20994,12450,1,1,99.47,0.0
20995,12450,74,4,269.4,0.15
20996,12451,158,1,101.1,0.0
20997,12451,109,1,83.67,0.0
20998,12451,7,2,275.72,0.1
20999,12451,98,2,81.82,0.05
21000,12452,102,3,44.93,0.15
21001,12452,12,3,42.45,0.0
21002,12452,121,2,134.15,0.0
21003,12452,95,1,44.82,0.15
21004,12453,102,1,44.49,0.15
21005,12453,123,1,225.52,0.0
21006,12453,106,1,95.19,0.0
21007,12454,68,1,163.0,0.0
21008,12455,70,2,36.01,0.15
21009,12455,58,1,49.77,0.15
21010,12456,127,2,26.22,0.0
21011,12456,159,1,22.16,0.0
21012,12456,92,1,158.35,0.05
21013,12456,6,-1,52.2,0.0
21014,12457,52,1,44.8,0.0
21015,12458,102,1,44.03,0.05
21016,12459,132,1,68.63,0.1
21017,12459,23,1,70.55,0.0
21018,12459,158,2,99.52,0.1
21019,12459,31,1,38.67,0.05
21020,12460,79,2,70.79,0.0
21021,12460,56,1,152.99,0.0
21022,12461,14,1,11.78,0.0
21023,12462,67,2,59.72,0.1
21024,12462,155,3,85.39,0.05
21025,12462,121,3,129.19,0.1
21026,12463,91,2,72.7,0.0
21027,12464,67,2,59.83,0.0
21028,12464,92,1,158.56,0.0
21029,12464,98,1,81.15,0.05
21030,12465,82,1,90.39,0.1
21031,12466,130,1,40.53,0.0
21032,12467,145,3,82.15,0.0
21033,12467,16,1,39.89,0.05
21034,12468,78,3,50.68,0.0
21035,12469,83,2,248.61,0.0
21036,12469,114,2,588.77,0.0
21037,12470,86,3,41.24,0.0
21038,12470,69,3,91.71,0.1
21039,12471,59,1,89.58,0.0
21040,12471,122,1,28.83,0.1
21041,12472,86,1,41.94,0.0
21042,12472,1,3,102.9,0.15
21043,12473,17,3,25.78,0.0
21044,12474,19,1,29.21,0.0
21045,12475,157,1,357.13,0.0
21046,12476,15,1,13.81,0.0
21047,12477,135,2,27.91,0.15
21048,12477,23,3,70.81,0.0
21049,12477,38,5,10.88,0.0
21050,12478,140,2,21.71,0.1
21051,12479,88,1,88.77,0.0
21052,12480,85,1,31.5,0.0
21053,12481,98,1,83.58,0.0
21054,12481,124,1,18.51,0.15
21055,12482,20,1,17.97,0.0
21056,12482,121,2,129.51,0.1
21057,12482,114,4,588.73,0.05
21058,12483,147,1,21.19,0.1
21059,12483,59,1,88.09,0.0
21060,12484,74,1,270.77,0.0
21061,12485,14,3,11.66,0.0
21062,12485,76,1,133.89,0.05
21063,12486,137,3,31.93,0.1
21064,12487,94,1,47.52,0.0
21065,12487,40,3,76.07,0.0
21066,12488,71,1,91.24,0.15
21067,12488,137,1,32.68,0.0
21068,12488,91,3,72.53,0.0
21069,12488,74,1,261.99,0.05
21070,12489,118,1,22.49,0.15
21071,12489,126,1,476.84,0.0
21072,12489,106,1,93.37,0.0
21073,12490,113,1,68.45,0.05
21074,12491,27,1,23.05,0.15
21075,12492,61,1,42.55,0.0
21076,12493,24,5,17.85,0.0
21077,12494,157,2,347.78,0.0
21078,12495,61,1,41.98,0.1
21079,12496,42,1,74.91,0.15
21080,12497,91,4,72.29,0.0
21081,12497,22,2,52.92,0.0
21082,12498,42,1,76.91,0.1
21083,12499,23,1,68.8,0.0
21084,12499,42,2,75.19,0.0
21085,12499,22,1,52.02,0.0
21086,12500,46,1,34.37,0.0
21087,12501,78,2,48.5,0.1
21088,12501,122,1,28.94,0.0
21089,12501,133,1,25.05,0.05
21090,12502,32,1,346.91,0.05
21091,12503,115,3,53.48,0.1
21092,12504,77,3,69.06,0.05
21093,12505,62,2,55.3,0.0
21094,12505,132,2,70.86,0.0
21095,12506,65,1,136.8,0.0
21096,12507,146,1,129.72,0.0
21097,12507,137,1,31.69,0.05
21098,12508,150,3,87.11,0.05
21099,12509,61,2,42.39,0.15
21100,12509,84,4,40.16,0.1
21101,12509,37,3,79.58,0.0
21102,12509,126,1,476.93,0.15
21103,12510,17,2,26.64,0.0
21104,12511,80,1,10.78,0.0
21105,12512,23,1,70.31,0.05
21106,12512,109,4,83.12,0.05
21107,12513,67,1,61.85,0.0
21108,12514,24,2,17.74,0.05
21109,12515,59,1,87.04,0.0
21110,12516,58,1,49.78,0.0
21111,12516,56,3,150.67,0.0
21112,12517,77,5,69.99,0.1
21113,12518,104,1,31.29,0.0
21114,12519,5,2,51.37,0.0
21115,12519,149,1,105.28,0.0
21116,12520,124,1,18.84,0.15
21117,12520,63,4,23.82,0.0
21118,12521,58,1,47.98,0.0
21119,12521,153,1,35.42,0.0
21120,12522,134,3,100.97,0.05
21121,12522,42,1,76.8,0.05
21122,12522,101,1,18.33,0.0
21123,12523,20,2,18.29,0.0
21124,12524,32,3,349.7,0.15
21125,12524,89,2,39.5,0.0
21126,12525,26,1,71.28,0.15
21127,12526,133,1,24.71,0.15
21128,12526,86,3,41.23,0.1
21129,12527,82,1,91.09,0.1
21130,12528,117,1,63.99,0.0
21131,12529,129,1,70.51,0.1
21132,12530,11,1,43.53,0.05
21133,12531,73,1,64.26,0.0
21134,12532,55,3,168.49,0.0
21135,12533,157,3,354.27,0.1
21136,12533,35,5,132.87,0.1
21137,12534,128,2,38.69,0.0
21138,12535,68,4,164.08,0.15
21139,12536,24,1,18.43,0.0
21140,12537,145,3,84.09,0.0
21141,12537,122,1,29.18,0.0
21142,12537,36,1,22.17,0.0
21143,12537,76,3,135.41,0.1
21144,12538,91,3,71.35,0.0
21145,12539,99,-1,64.99,0.0
21146,12539,159,1,22.31,0.05
21147,12539,115,1,54.68,0.1
21148,12540,120,1,129.13,0.0
21149,12541,106,1,93.97,0.1
21150,12541,65,1,137.63,0.0
21151,12542,66,1,224.36,0.0
21152,12543,93,3,34.3,0.15
21153,12543,37,1,77.47,0.1
21154,12544,59,1,85.96,0.0
21155,12544,103,3,48.32,0.1
21156,12544,128,1,39.29,0.05
21157,12545,27,4,23.23,0.1
21158,12545,38,2,11.07,0.0
21159,12545,10,1,104.39,0.1
21160,12546,122,2,28.36,0.1
21161,12547,156,2,34.54,0.05
21162,12548,106,1,91.33,0.0
21163,12548,80,1,10.62,0.0
21164,12549,132,2,69.52,0.1
21165,12550,74,1,268.24,0.0
21166,12551,116,2,86.02,0.1
21167,12552,48,3,164.87,0.15
21168,12552,39,1,19.85,0.0
21169,12552,89,2,40.27,0.0
21170,12553,44,1,49.56,0.05
21171,12553,157,1,351.65,0.0
21172,12553,65,4,136.62,0.1
21173,12554,85,1,30.6,0.0
21174,12554,124,2,17.99,0.0
21175,12554,29,1,38.21,0.05
21176,12554,115,1,54.93,0.0
21177,12555,19,1,28.07,0.0
21178,12556,7,1,267.13,0.1
21179,12557,87,1,144.95,0.0
21180,12558,117,1,64.38,0.0
21181,12558,111,2,11.31,0.0
21182,12558,60,2,156.58,0.0
21183,12559,44,1,50.38,0.0
21184,12559,70,1,36.92,0.0
21185,12560,151,1,81.86,0.0
21186,12560,4,1,249.77,0.0
21187,12560,92,2,154.75,0.0
21188,12561,113,3,68.64,0.0
21189,12561,138,1,49.51,0.0
21190,12562,160,2,117.65,0.0
21191,12562,53,1,34.52,0.1
21192,12562,57,1,31.17,0.0
21193,12563,65,1,132.05,0.0
21194,12564,14,2,11.76,0.0
21195,12564,9,2,42.94,0.05
21196,12564,70,3,37.28,0.1
21197,12564,62,1,53.78,0.0
21198,12565,160,1,115.69,0.1
21199,12566,83,3,240.43,0.15
21200,12566,23,4,68.0,0.05
21201,12566,31,1,37.87,0.1
21202,12566,85,1,30.83,0.1
21203,12567,117,3,61.96,0.0
21204,12568,26,1,70.51,0.0
21205,12569,116,4,86.27,0.15
21206,12570,107,2,355.86,0.15
21207,12570,98,2,81.7,0.15
21208,12571,154,1,80.3,0.0
21209,12571,55,1,168.46,0.0
21210,12572,109,1,83.16,0.0
21211,12573,114,1,592.64,0.1
21212,12573,68,2,158.2,0.1
21213,12574,14,1,11.7,0.0
21214,12574,116,1,85.11,0.0
21215,12575,93,1,34.75,0.0
21216,12576,130,1,42.39,0.15
21217,12577,50,1,13.23,0.0
21218,12577,142,1,213.71,0.0
21219,12578,73,4,63.08,0.15
21220,12578,9,3,41.67,0.0
21221,12579,64,1,22.41,0.05
21222,12580,139,1,134.63,0.0
21223,12581,48,1,168.19,0.15
21224,12582,111,1,11.55,0.0
21225,12583,155,2,86.6,0.1
21226,12583,120,1,130.63,0.0
21227,12583,117,2,63.71,0.05
21228,12584,34,1,25.25,0.0
21229,12585,3,1,117.12,0.15
21230,12585,76,1,138.05,0.0
21231,12586,15,1,13.79,0.0
21232,12587,4,3,259.68,0.05
21233,12587,78,1,48.65,0.1
21234,12588,79,1,71.8,0.05
21235,12589,83,1,241.72,0.1
21236,12589,15,1,13.81,0.1
21237,12589,32,1,341.18,0.1
21238,12590,150,3,83.47,0.05
21239,12591,87,1,147.35,0.1
21240,12591,113,3,69.06,0.0
21241,12592,15,4,13.82,0.0
21242,12593,131,1,15.87,0.1
21243,12593,33,1,65.02,0.0
21244,12594,30,1,49.48,0.0
21245,12594,55,5,165.56,0.15
21246,12594,141,3,81.2,0.0
21247,12595,134,1,98.34,0.1
21248,12595,100,1,53.44,0.0
21249,12596,133,2,25.23,0.0
21250,12596,27,1,23.05,0.05
21251,12597,96,3,17.84,0.05
21252,12597,59,1,87.23,0.0
21253,12597,48,2,170.01,0.0
21254,12598,75,1,6.26,0.1
21255,12599,125,2,108.41,0.0
21256,12600,10,2,108.36,0.0
21257,12601,49,1,89.26,0.0
21258,12601,43,1,59.02,0.0
21259,12602,3,1,114.45,0.0
21260,12602,75,1,6.07,0.0
21261,12603,63,1,24.5,0.05
21262,12604,115,1,53.4,0.0
21263,12605,66,1,218.75,0.0
21264,12606,6,1,51.91,0.0
21265,12606,75,2,6.26,0.1
21266,12607,156,1,34.43,0.05
21267,12607,45,2,17.36,0.1
21268,12607,60,1,153.73,0.0
21269,12608,38,2,11.35,0.0
21270,12609,23,2,70.79,0.0
21271,12609,106,-1,92.46,0.15
21272,12609,78,1,49.64,0.1
21273,12610,105,2,56.23,0.0
21274,12611,73,1,62.15,0.1
21275,12612,148,1,20.15,0.05
21276,12612,65,2,132.05,0.15
21277,12613,1,3,102.66,0.05
21278,12613,53,1,34.66,0.1
21279,12614,134,4,100.88,0.0
21280,12615,49,1,87.75,0.1
21281,12616,156,3,33.78,0.1
21282,12617,62,1,55.98,0.1
21283,12618,48,1,164.2,0.0
21284,12619,143,2,15.09,0.05
21285,12619,136,2,265.09,0.1
21286,12620,61,2,43.08,0.0
21287,12620,92,1,152.36,0.0
21288,12620,120,1,129.69,0.05
21289,12621,4,2,261.08,0.05
21290,12621,96,3,17.34,0.0
21291,12622,73,1,62.82,0.0
21292,12623,111,1,11.56,0.15
21293,12623,97,1,84.68,0.1
21294,12624,154,1,81.27,0.15
21295,12624,113,1,67.27,0.0
21296,12625,85,1,32.03,0.15
21297,12625,21,1,243.38,0.15
21298,12626,20,2,17.95,0.15
21299,12627,22,1,52.76,0.0
21300,12627,13,1,79.21,0.0
21301,12628,99,2,64.37,0.05
21302,12629,118,1,22.92,0.05
21303,12629,61,2,41.79,0.0
21304,12629,91,1,72.64,0.0
21305,12629,106,1,91.93,0.0
21306,12630,10,2,107.63,0.15
21307,12631,80,1,11.03,0.05
21308,12631,66,4,215.42,0.0
21309,12632,129,1,70.03,0.15
21310,12633,2,4,56.11,0.0
21311,12634,131,1,15.88,0.15
21312,12634,91,1,70.22,0.1
21313,12634,41,1,128.75,0.0
21314,12634,56,2,151.7,0.1
21315,12635,70,1,36.45,0.0
21316,12635,160,1,115.43,0.0
21317,12636,52,3,44.89,0.15
21318,12637,111,3,11.33,0.05
21319,12638,60,2,154.57,0.05
21320,12639,38,3,11.08,0.05
21321,12640,106,1,91.4,0.05
21322,12640,109,1,83.95,0.0
21323,12640,152,1,86.74,0.15
21324,12641,91,1,69.24,0.0
21325,12641,119,1,177.6,0.0
21326,12641,79,5,70.58,0.0
21327,12642,135,3,29.13,0.15
21328,12642,120,2,124.9,0.0
21329,12643,138,3,48.52,0.0
21330,12644,44,2,49.52,0.0
21331,12644,110,1,61.99,0.0
21332,12645,124,3,18.63,0.0
21333,12645,14,1,11.81,0.0
21334,12645,95,1,45.72,0.15
21335,12645,159,2,21.82,0.0
21336,12646,89,1,41.29,0.05
21337,12647,57,1,30.46,0.05
21338,12648,128,3,38.74,0.05
21339,12648,42,4,74.44,0.05
21340,12648,124,1,18.66,0.05
21341,12649,136,2,267.1,0.0
21342,12650,37,1,78.7,0.1
21343,12650,124,1,17.95,0.0
21344,12651,48,1,170.32,0.05
21345,12652,82,1,90.04,0.15
21346,12653,24,2,17.64,0.05
21347,12653,139,1,133.95,0.0
21348,12654,150,1,85.42,0.1
21349,12654,30,3,49.25,0.1
21350,12655,60,1,158.93,0.0
21351,12656,17,1,25.64,0.0
21352,12657,95,1,45.36,0.1
21353,12658,119,4,185.52,0.15
21354,12658,149,2,105.98,0.0
21355,12659,39,2,19.95,0.0
21356,12659,136,4,264.53,0.0
21357,12660,62,1,55.41,0.05
21358,12661,145,1,83.49,0.0
21359,12662,124,1,18.18,0.0
21360,12663,22,2,52.13,0.0
21361,12663,129,1,72.69,0.1
21362,12663,62,1,55.43,0.1
21363,12664,112,2,63.65,0.0
21364,12664,139,2,133.55,0.0
21365,12665,69,2,90.07,0.0
21366,12666,18,1,88.02,0.15
21367,12666,67,2,59.45,0.0
21368,12666,108,1,76.47,0.0
21369,12667,90,1,103.27,0.0
21370,12668,100,1,52.9,0.1
21371,12668,61,4,41.42,0.1
21372,12669,88,2,89.1,0.0
21373,12670,66,3,221.61,0.05
21374,12671,142,1,209.49,0.0
21375,12672,17,2,26.19,0.0
21376,12672,42,4,75.71,0.15
21377,12672,26,1,71.64,0.0
21378,12672,81,2,53.57,0.0
21379,12673,64,5,22.23,0.0
21380,12673,109,1,80.28,0.0
21381,12674,15,1,13.86,0.05
21382,12675,151,2,79.38,0.0
21383,12676,133,3,24.67,0.0
21384,12676,68,1,162.99,0.1
21385,12676,104,2,31.48,0.0
21386,12676,132,2,68.43,0.05
21387,12677,79,2,70.74,0.05
21388,12678,22,1,52.48,0.1
21389,12678,137,2,32.4,0.15
21390,12678,37,1,76.87,0.15
21391,12679,149,1,103.46,0.15
21392,12679,63,2,23.41,0.05
21393,12679,13,1,79.65,0.05
21394,12680,83,1,241.72,0.1
21395,12681,2,2,58.46,0.0
21396,12681,38,1,10.97,0.05
21397,12682,62,1,56.05,0.0
21398,12682,33,1,63.96,0.0
21399,12683,82,1,89.32,0.0
21400,12683,125,1,111.22,0.0
21401,12684,118,2,22.52,0.0
21402,12685,63,1,24.36,0.05
21403,12686,155,1,83.4,0.15
21404,12687,6,1,52.95,0.0
21405,12688,47,2,43.03,0.1
21406,12688,23,2,67.49,0.0
21407,12688,67,1,60.58,0.1
21408,12689,65,1,133.62,0.0
21409,12690,5,2,53.81,0.1
21410,12690,114,1,607.29,0.15
21411,12690,100,1,52.78,0.0
21412,12691,11,3,42.69,0.0
21413,12691,146,1,133.68,0.15
21414,12692,128,1,39.66,0.05
21415,12693,61,1,42.52,0.05
21416,12693,83,2,250.37,0.0
21417,12694,158,4,98.35,0.0
21418,12695,104,1,31.8,0.1
21419,12696,57,3,30.5,0.1
21420,12697,60,2,153.94,0.0
21421,12698,94,3,49.39,0.0
21422,12699,99,1,65.65,0.1
21423,12699,1,1,100.86,0.0
21424,12699,19,2,29.34,0.1
21425,12699,122,5,28.2,0.0
21426,12700,78,1,50.44,0.05
21427,12700,121,2,130.24,0.15
21428,12701,17,2,26.17,0.0
21429,12702,134,4,100.23,0.15
21430,12703,151,1,82.81,0.0
21431,12703,129,1,69.47,0.0
21432,12704,78,1,48.49,0.0
21433,12705,57,2,30.78,0.0
21434,12705,151,1,81.13,0.1
21435,12706,4,1,254.55,0.1
21436,12706,34,4,25.18,0.0
21437,12707,39,1,19.43,0.15
21438,12708,33,1,63.38,0.05
21439,12708,32,3,349.96,0.0
21440,12708,31,1,37.95,0.0
21441,12708,130,1,41.51,0.15
21442,12709,135,5,28.99,0.0
21443,12710,40,2,78.12,0.1
21444,12711,78,3,49.23,0.15
21445,12712,78,1,50.18,0.05
21446,12713,15,2,13.76,0.0
21447,12713,65,1,134.23,0.05
21448,12714,62,3,56.31,0.0
21449,12715,120,1,126.73,0.1
21450,12716,41,1,126.59,0.15
21451,12717,31,2,37.23,0.0
21452,12717,68,1,160.81,0.0
21453,12717,84,2,41.16,0.05
21454,12718,147,1,21.85,0.0
21455,12718,75,1,6.04,0.0
21456,12719,18,3,87.73,0.0
21457,12719,148,1,20.28,0.1
21458,12720,17,3,26.41,0.15
21459,12721,135,1,28.37,0.1
21460,12722,159,2,22.52,0.05
21461,12722,82,4,88.38,0.15
21462,12723,112,1,63.62,0.1
21463,12724,27,1,22.57,0.15
21464,12725,49,4,86.32,0.1
21465,12725,30,1,48.76,0.0
21466,12725,92,1,157.82,0.0
21467,12726,100,2,53.65,0.15
21468,12727,141,1,79.69,0.1
21469,12727,52,2,45.49,0.0
21470,12728,20,2,18.43,0.15
21471,12728,29,1,37.28,0.05
21472,12728,72,2,256.91,0.05
21473,12729,144,2,78.52,0.0
21474,12729,98,1,81.14,0.0
21475,12729,76,1,134.26,0.15
21476,12729,102,1,45.13,0.0
21477,12730,34,4,25.24,0.15
21478,12731,8,1,128.35,0.05
21479,12731,97,2,83.88,0.0
21480,12732,49,1,88.68,0.0
21481,12733,17,1,26.73,0.05
21482,12733,65,1,136.93,0.0
21483,12734,72,2,265.13,0.05
21484,12735,132,1,68.37,0.15
21485,12735,27,1,23.58,0.0
21486,12736,94,1,47.9,0.0
21487,12736,54,1,112.36,0.0
21488,12737,4,1,255.84,0.0
21489,12738,5,2,53.97,0.0
21490,12739,69,2,88.3,0.0
21491,12740,61,1,42.57,0.15
21492,12740,55,1,162.37,0.0
21493,12741,4,1,259.33,0.0
21494,12741,158,1,101.33,0.0
21495,12742,98,1,82.67,0.0
21496,12742,84,1,41.52,0.15
21497,12743,36,1,21.78,0.0
21498,12744,153,4,35.12,0.0
21499,12744,28,4,89.12,0.1
21500,12744,140,2,21.91,0.0
21501,12744,92,1,156.04,0.15
21502,12745,107,1,352.27,0.0
21503,12746,33,1,64.6,0.1
21504,12747,99,1,65.44,0.05
21505,12748,11,2,42.52,0.1
21506,12748,36,1,21.55,0.15
21507,12748,159,1,22.66,0.0
21508,12749,55,3,163.37,0.05
21509,12750,50,1,13.14,0.1
21510,12751,34,1,24.46,0.0
21511,12751,68,1,161.98,0.15
21512,12752,134,2,101.85,0.0
21513,12753,75,3,6.12,0.0
21514,12754,42,1,75.21,0.05
21515,12755,108,1,77.23,0.15
21516,12756,92,2,157.62,0.0
21517,12757,70,2,36.44,0.15
21518,12758,33,1,65.74,0.0
21519,12758,18,-4,86.72,0.0
21520,12759,47,3,42.33,0.0
21521,12759,158,1,102.14,0.0
21522,12759,45,3,17.21,0.0
21523,12760,116,1,84.7,0.15
21524,12760,152,2,88.76,0.1
21525,12761,124,1,18.22,0.0
21526,12761,159,5,22.08,0.15
21527,12762,153,2,34.37,0.0
21528,12763,87,1,150.77,0.05
21529,12764,73,2,62.54,0.05
21530,12764,11,3,42.88,0.05
21531,12764,115,1,53.4,0.15
21532,12765,63,2,24.19,0.0
21533,12765,70,1,35.8,0.15
21534,12766,31,3,37.29,0.0
21535,12767,42,3,75.54,0.0
21536,12768,82,2,87.78,0.0
21537,12768,98,1,82.13,0.15
21538,12769,9,1,42.94,0.0
21539,12770,131,2,15.72,0.1
21540,12771,119,1,183.66,0.1
21541,12772,31,4,38.32,0.15
21542,12773,31,1,38.44,0.0
21543,12773,148,3,19.44,0.0
21544,12773,116,2,84.77,0.05
21545,12774,46,4,33.24,0.05
21546,12775,121,2,129.63,0.0
21547,12775,139,2,136.2,0.0
21548,12776,118,1,22.78,0.0
21549,12777,30,2,49.5,0.0
21550,12778,1,1,100.52,0.05
21551,12778,132,1,67.9,0.0
21552,12779,17,1,26.45,0.0
21553,12779,99,2,66.13,0.15
21554,12780,51,1,86.32,0.05
21555,12781,152,2,87.62,0.0
21556,12782,90,1,105.22,0.0
21557,12783,91,1,69.52,0.0
21558,12783,116,1,86.78,0.0
21559,12783,160,1,115.11,0.0
21560,12784,158,2,100.03,0.05
21561,12784,91,4,70.76,0.0
21562,12784,66,2,224.47,0.05
21563,12785,84,1,40.37,0.05
21564,12786,132,4,70.38,0.05
21565,12786,101,4,17.88,0.15
21566,12787,155,2,83.54,0.15
21567,12787,132,2,70.72,0.15
21568,12788,28,1,93.15,0.15
21569,12788,75,1,6.24,0.05
21570,12789,88,2,89.3,0.0
21571,12790,79,1,70.0,0.05
21572,12791,48,1,169.38,0.0
21573,12791,55,1,166.42,0.1
21574,12792,48,4,172.42,0.0
21575,12792,44,1,49.83,0.0
21576,12792,39,1,20.15,0.0
21577,12792,138,2,48.92,0.0
21578,12793,135,1,29.05,0.0
21579,12793,115,-3,55.89,0.0
21580,12794,9,1,41.93,0.0
21581,12794,63,2,23.98,0.05
21582,12795,49,2,88.78,0.15
21583,12796,33,1,62.75,0.0
21584,12796,42,1,76.28,0.0
21585,12797,111,1,11.52,0.15
21586,12797,30,1,51.18,0.1
21587,12798,73,2,62.78,0.0
21588,12799,73,2,62.22,0.0
21589,12800,87,3,147.36,0.0
21590,12801,61,1,42.06,0.15
21591,12802,25,1,39.78,0.0
21592,12802,112,5,63.06,0.15
21593,12803,5,3,53.56,0.05
21594,12803,50,2,13.63,0.0
21595,12804,42,1,76.2,0.15
21596,12804,143,2,15.5,0.0
21597,12805,121,4,131.13,0.15
21598,12805,108,1,77.79,0.0
21599,12806,95,2,45.09,0.05
21600,12807,147,2,21.75,0.0
21601,12808,91,2,71.64,0.0
21602,12809,29,1,38.33,0.15
21603,12810,135,2,28.19,0.0
21604,12810,1,2,100.83,0.0
21605,12810,90,2,101.41,0.1
21606,12811,114,1,602.65,0.1
21607,12812,95,1,44.59,0.15
21608,12812,78,2,48.52,0.1
21609,12813,11,2,42.87,0.1
21610,12813,93,1,33.75,0.0
21611,12813,41,1,129.06,0.0
21612,12814,24,2,18.48,0.1
21613,12814,150,2,84.08,0.0
21614,12815,98,1,80.25,0.0
21615,12815,96,1,17.11,0.1
21616,12816,75,1,6.03,0.1
21617,12817,140,1,21.68,0.0
21618,12818,127,1,27.09,0.1
21619,12819,2,1,56.39,0.1
21620,12820,25,4,39.03,0.1
21621,12821,160,2,117.2,0.0
21622,12822,51,1,88.76,0.0
21623,12823,10,1,105.06,0.0
21624,12824,127,1,26.7,0.05
21625,12825,151,1,82.88,0.1
21626,12826,84,2,40.68,0.15
21627,12827,25,1,39.87,0.1
21628,12828,94,5,48.44,0.15
21629,12829,82,1,90.7,0.0
21630,12830,56,4,152.35,0.0
21631,12831,11,1,42.69,0.1
21632,12831,108,1,75.37,0.0
21633,12831,148,1,19.63,0.0
21634,12832,131,3,15.78,0.0
21635,12833,131,4,15.75,0.0
21636,12833,151,2,80.51,0.15
21637,12834,114,1,589.72,0.1
21638,12835,137,1,31.39,0.15
21639,12836,145,2,81.59,0.0
21640,12836,115,1,53.5,0.15
21641,12836,69,2,88.91,0.15
21642,12836,148,1,19.75,0.15
21643,12837,94,2,49.18,0.0
21644,12838,37,1,77.02,0.05
21645,12839,133,3,25.38,0.05
21646,12840,134,1,97.11,0.0
21647,12841,40,1,76.71,0.0
21648,12842,32,2,335.56,0.0
21649,12843,150,1,84.13,0.0
21650,12843,42,4,77.58,0.0
21651,12844,151,1,83.08,0.0
21652,12844,26,1,73.33,0.0
21653,12844,48,1,170.11,0.0
21654,12845,54,1,111.23,0.0
21655,12845,96,2,17.57,0.0
21656,12846,104,1,32.03,0.0
21657,12847,46,2,34.24,0.0
21658,12847,51,3,88.46,0.0
21659,12848,117,1,62.78,0.0
21660,12849,28,1,91.0,0.05
21661,12850,131,1,16.14,0.0
21662,12850,140,2,21.63,0.05
21663,12850,86,1,40.94,0.15
21664,12851,151,1,79.68,0.0
21665,12851,98,1,81.17,0.1
21666,12851,87,1,148.33,0.05
21667,12852,44,1,50.34,0.1
21668,12853,67,1,59.42,0.05
21669,12853,87,1,146.37,0.15
21670,12854,142,2,211.18,0.1
21671,12854,102,2,44.63,0.0
21672,12855,136,1,261.72,0.0
21673,12855,99,2,63.91,0.05
21674,12855,51,1,85.29,0.0
21675,12856,121,2,134.46,0.1
21676,12857,75,1,6.06,0.15
21677,12858,45,1,17.27,0.1
21678,12858,43,1,59.74,0.0
21679,12858,98,3,81.93,0.0
21680,12858,46,1,33.89,0.0
21681,12859,86,1,41.93,0.05
21682,12859,71,1,88.72,0.0
21683,12860,75,1,6.07,0.0
21684,12861,26,1,72.18,0.05
21685,12862,120,1,127.54,0.05
21686,12862,143,1,14.99,0.15
21687,12863,83,4,251.2,0.0
21688,12864,44,3,50.19,0.15
21689,12865,14,2,11.53,0.0
21690,12865,34,2,25.4,0.15
21691,12866,155,1,84.28,0.05
21692,12867,135,3,28.84,0.1
21693,12867,42,2,74.93,0.15
21694,12868,140,3,21.75,0.0
21695,12868,6,1,53.25,0.0
21696,12869,3,1,115.18,0.05
21697,12869,136,1,265.41,0.15
21698,12870,23,2,69.4,0.1
21699,12870,8,1,128.29,0.0
21700,12871,157,1,351.72,0.1
21701,12872,89,1,40.43,0.15
21702,12872,158,1,99.87,0.0
21703,12872,123,1,232.32,0.0
21704,12873,57,2,29.96,0.0
21705,12874,87,2,149.64,0.05
21706,12874,156,3,33.62,0.0
21707,12874,9,3,42.98,0.05
21708,12875,23,2,68.88,0.0
21709,12876,160,2,115.26,0.1
21710,12876,67,3,61.4,0.0
21711,12877,34,1,24.7,0.0
21712,12877,18,2,87.04,0.0
21713,12878,152,2,88.71,0.0
21714,12878,19,1,29.03,0.1
21715,12879,13,3,78.82,0.0
21716,12880,135,1,27.95,0.05
21717,12881,89,1,40.02,0.0
21718,12882,53,5,34.88,0.0
21719,12883,110,1,59.49,0.1
21720,12883,101,2,18.37,0.0
21721,12883,94,2,48.95,0.05
21722,12884,148,2,20.22,0.0
21723,12885,17,2,26.12,0.15
21724,12886,20,3,18.59,0.0
21725,12886,116,2,83.12,0.05
21726,12886,26,4,72.2,0.15
21727,12887,59,2,85.66,0.0
21728,12887,120,1,126.62,0.05
21729,12888,28,2,90.35,0.0
21730,12889,143,2,15.31,0.15
21731,12889,10,2,106.94,0.0
21732,12889,39,1,19.52,0.0
21733,12889,146,4,133.51,0.1
21734,12890,17,1,25.84,0.05
21735,12890,51,3,87.05,0.0
21736,12891,160,1,116.92,0.05
21737,12891,95,1,46.16,0.1
21738,12891,138,1,49.2,0.15
21739,12891,75,4,6.29,0.0
21740,12892,150,4,86.65,0.0
21741,12893,106,4,94.6,0.0
21742,12894,47,2,41.87,0.1
21743,12895,156,1,33.89,0.1
21744,12896,8,1,128.75,0.0
21745,12897,53,3,34.83,0.0
21746,12897,57,1,29.96,0.0
21747,12898,155,1,85.16,0.0
21748,12899,36,1,21.25,0.0
21749,12899,140,1,21.03,0.1
21750,12899,55,3,163.46,0.0
21751,12900,27,1,22.8,0.0
21752,12901,66,2,218.0,0.05
21753,12901,15,2,13.92,0.0
21754,12902,106,1,92.52,0.0
21755,12903,115,1,55.36,0.0
21756,12903,144,-1,75.73,0.0
21757,12903,97,2,85.08,0.1
21758,12903,73,1,61.9,0.15
21759,12904,24,1,18.03,0.0
21760,12905,128,2,38.51,0.1
21761,12905,118,2,22.18,0.05
21762,12906,99,1,64.39,0.0
21763,12907,91,3,69.42,0.05
21764,12908,36,2,21.41,0.0
21765,12909,23,1,68.52,0.0
21766,12910,130,5,41.63,0.0
21767,12911,86,1,41.87,0.1
21768,12912,31,1,37.46,0.0
21769,12913,136,1,256.4,0.1
21770,12913,137,2,32.85,0.05
21771,12913,21,2,244.7,0.0
21772,12913,83,1,248.12,0.05
21773,12914,83,1,251.43,0.15
21774,12915,97,1,83.58,0.0
21775,12916,94,5,47.28,0.05
21776,12917,2,1,57.36,0.0
21777,12918,51,1,88.16,0.1
21778,12918,69,1,90.34,0.0
21779,12919,11,4,42.37,0.0
21780,12920,4,1,252.3,0.0
21781,12921,32,1,349.79,0.0
21782,12921,23,2,68.31,0.05
21783,12922,20,4,18.56,0.1
21784,12922,59,1,85.81,0.0
21785,12922,56,2,146.8,0.05
21786,12922,62,1,55.9,0.1
21787,12923,59,3,88.28,0.1
21788,12924,88,4,88.92,0.0
21789,12924,85,4,31.1,0.0
21790,12925,145,1,81.28,0.1
21791,12926,94,2,47.46,0.0
21792,12927,98,1,82.32,0.1
21793,12928,22,1,52.15,0.1
21794,12929,12,2,43.46,0.0
21795,12930,109,1,83.82,0.15
21796,12931,111,1,11.84,0.15
21797,12931,158,2,97.3,0.05
21798,12931,32,2,348.6,0.0
21799,12931,79,-3,71.17,0.05
21800,12932,103,1,48.32,0.0
21801,12933,20,1,18.68,0.0
21802,12933,100,1,52.29,0.0
21803,12933,82,4,88.11,0.15
21804,12933,134,1,97.28,0.0
21805,12934,18,2,84.55,0.0
21806,12935,110,1,61.74,0.0
21807,12935,116,1,83.41,0.0
21808,12936,9,2,42.28,0.1
21809,12936,89,2,41.17,0.0
21810,12936,47,1,41.85,0.05
21811,12937,14,1,11.66,0.0
21812,12937,76,1,138.28,0.0
21813,12938,100,1,53.41,0.0
21814,12938,125,-5,112.83,0.0
21815,12938,129,4,70.18,0.0
21816,12938,28,2,88.94,0.0
21817,12939,18,1,87.0,0.0
21818,12939,131,2,16.04,0.0
21819,12940,110,2,61.33,0.0
21820,12940,108,1,77.87,0.0
21821,12941,136,2,256.39,0.0
21822,12942,99,3,66.73,0.05
21823,12942,83,2,247.07,0.15
21824,12943,116,1,86.93,0.05
21825,12944,4,1,255.68,0.0
21826,12945,99,1,66.84,0.15
21827,12946,159,1,22.0,0.15
21828,12947,9,4,43.05,0.15
21829,12948,127,1,26.08,0.0
21830,12948,139,3,137.37,0.15
21831,12948,113,1,67.2,0.0
21832,12948,150,2,85.13,0.15
21833,12949,75,4,6.18,0.05
21834,12950,95,1,46.06,0.0
21835,12951,59,1,87.68,0.15
21836,12951,78,1,48.59,0.0
21837,12952,40,2,78.78,0.1
21838,12953,150,4,87.0,0.15
21839,12954,22,2,52.9,0.0
21840,12954,12,1,41.92,0.0
21841,12954,148,2,20.3,0.0
21842,12955,142,2,208.81,0.0
21843,12956,73,2,63.08,0.15
21844,12957,25,1,39.53,0.1
21845,12957,8,1,127.76,0.1
21846,12958,139,2,137.45,0.0
21847,12959,59,1,87.4,0.0
21848,12959,127,2,26.56,0.0
21849,12959,113,2,68.69,0.1
21850,12960,55,1,160.31,0.05
21851,12961,51,1,87.28,0.15
21852,12961,117,3,62.38,0.05
21853,12962,116,1,84.33,0.0
21854,12962,131,1,16.46,0.0
21855,12962,5,1,53.6,0.05
21856,12963,129,2,70.48,0.0
21857,12964,55,3,162.88,0.1
21858,12965,54,1,110.53,0.0
21859,12966,140,2,21.38,0.0
21860,12967,2,1,58.48,0.15
21861,12967,112,5,64.96,0.0
21862,12968,20,3,17.97,0.15
21863,12969,13,2,78.96,0.0
21864,12970,25,2,39.08,0.0
21865,12970,66,1,218.54,0.05
21866,12971,73,4,61.6,0.15
21867,12972,59,1,87.25,0.15
21868,12973,84,1,39.99,0.0
21869,12973,69,1,89.18,0.0
21870,12974,140,2,21.43,0.1
21871,12974,89,2,39.43,0.0
21872,12975,48,1,170.79,0.0
21873,12975,128,1,39.1,0.05
21874,12975,92,3,154.71,0.15
21875,12976,80,1,10.69,0.15
21876,12976,160,1,116.7,0.0
21877,12977,151,2,83.37,0.0
21878,12977,91,3,69.84,0.0
21879,12977,5,4,52.79,0.15
21880,12978,109,4,81.26,0.0
21881,12979,62,3,55.38,0.1
21882,12979,115,2,54.49,0.0
21883,12980,83,2,243.03,0.1
21884,12981,37,4,79.96,0.0
21885,12982,153,1,35.14,0.0
21886,12982,9,2,43.41,0.1
21887,12983,22,4,52.34,0.0
21888,12984,34,4,24.88,0.15
21889,12985,119,1,178.48,0.1
21890,12986,115,2,55.68,0.1
21891,12987,110,2,59.79,0.0
21892,12988,20,1,18.2,0.0
21893,12989,53,3,36.05,0.0
21894,12990,137,2,31.7,0.15
21895,12990,141,1,80.29,0.05
21896,12991,145,1,80.48,0.0
21897,12992,134,1,100.55,0.0
21898,12993,22,1,53.65,0.0
21899,12994,108,2,74.42,0.1
21900,12995,158,2,100.6,0.05
21901,12995,116,1,84.38,0.0
21902,12996,37,1,76.46,0.15
21903,12996,10,2,105.41,0.0
21904,12997,51,1,88.95,0.1
21905,12998,105,1,56.89,0.0
21906,12999,149,1,104.05,0.0
21907,12999,150,1,87.1,0.0
21908,12999,77,3,71.11,0.0
21909,13000,150,1,85.78,0.15
21910,13001,110,3,60.81,0.1
21911,13002,4,1,262.26,0.0
21912,13003,114,2,597.07,0.0
21913,13004,143,2,15.01,0.0
21914,13005,82,1,90.73,0.0
21915,13006,98,1,82.46,0.05
21916,13006,115,1,54.57,0.05
21917,13007,123,3,228.38,0.1
21918,13007,117,4,63.19,0.0
21919,13008,131,1,15.82,0.1
21920,13009,140,1,21.7,0.1
21921,13009,12,1,42.86,0.0
21922,13009,152,5,89.51,0.1
21923,13009,11,1,43.09,0.0
21924,13010,77,1,70.97,0.0
21925,13010,123,2,234.8,0.0
21926,13011,78,5,49.14,0.15
21927,13011,93,1,35.37,0.1
21928,13011,153,2,35.95,0.15
21929,13011,86,2,41.21,0.15
21930,13012,97,1,86.96,0.0
21931,13012,152,1,86.59,0.1
21932,13013,129,2,70.01,0.15
21933,13014,85,1,30.64,0.05
21934,13014,97,2,82.84,0.15
21935,13015,2,1,56.71,0.0
21936,13016,54,3,112.39,0.0
21937,13016,49,4,89.05,0.15
21938,13017,148,3,19.55,0.0
21939,13017,153,1,35.75,0.15
21940,13018,131,2,15.8,0.0
21941,13018,20,1,17.86,0.0
21942,13018,6,2,53.14,0.15
21943,13019,111,1,11.72,0.15
21944,13020,27,1,22.74,0.0
21945,13020,149,1,106.14,0.05
21946,13020,85,1,31.11,0.05
21947,13021,159,1,22.37,0.0
21948,13021,3,1,117.77,0.15
21949,13022,137,3,32.91,0.0
21950,13022,22,1,52.5,0.05
21951,13022,26,1,71.85,0.1
21952,13023,74,3,270.68,0.0
21953,13023,140,5,21.58,0.0
21954,13024,65,2,137.67,0.0
21955,13025,61,1,41.33,0.0
21956,13026,71,2,87.71,0.05
21957,13026,147,4,21.77,0.0
21958,13027,152,1,88.17,0.0
21959,13028,44,1,50.73,0.0
21960,13028,117,1,61.83,0.1
21961,13028,142,2,208.86,0.0
21962,13029,76,1,135.5,0.0
21963,13030,31,1,37.45,0.0
21964,13030,128,4,39.52,0.05
21965,13031,68,3,159.64,0.05
21966,13031,70,4,37.13,0.0
21967,13032,140,1,21.14,0.0
21968,13033,107,3,355.8,0.15
21969,13033,115,1,53.76,0.0
21970,13034,142,1,210.9,0.1
21971,13034,52,1,47.02,0.05
21972,13034,77,3,70.43,0.1
21973,13035,149,2,103.8,0.05
21974,13036,71,1,90.56,0.0
21975,13037,62,1,55.54,0.0
21976,13038,89,1,40.33,0.0
21977,13039,73,1,61.72,0.0
21978,13040,80,1,10.71,0.0
21979,13041,49,1,89.21,0.1
21980,13042,20,1,18.45,0.0
21981,13043,76,1,139.24,0.0
21982,13044,124,1,18.31,0.05
21983,13045,96,1,17.8,0.0
21984,13046,151,1,79.56,0.05
21985,13046,56,1,151.53,0.0
21986,13047,142,5,208.22,0.05
21987,13048,76,4,138.0,0.0
21988,13049,142,3,206.33,0.15
21989,13050,61,2,42.59,0.0
21990,13051,58,3,50.42,0.1
21991,13052,107,2,347.5,0.15
21992,13052,56,2,152.8,0.0
21993,13053,69,3,91.86,0.0
21994,13054,38,1,11.16,0.0
21995,13055,128,1,40.02,0.1
21996,13055,1,4,101.66,0.1
21997,13056,49,2,90.72,0.0
21998,13057,134,2,98.82,0.0
21999,13057,86,1,41.16,0.0
22000,13058,53,5,35.5,0.15
22001,13059,26,1,73.28,0.15
22002,13059,19,1,29.14,0.0
22003,13060,136,2,262.88,0.0
22004,13060,97,1,83.22,0.1
22005,13060,68,1,159.29,0.0
22006,13061,89,1,40.88,0.0
22007,13062,25,1,40.81,0.0
22008,13063,65,1,136.56,0.15
22009,13064,46,1,34.08,0.05
22010,13065,102,1,43.75,0.0
22011,13066,31,1,37.88,0.0
22012,13067,148,1,19.94,0.1
22013,13068,95,1,44.99,0.0
22014,13069,118,1,22.99,0.15
22015,13069,124,1,18.09,0.0
22016,13069,83,1,240.06,0.0
22017,13070,18,3,88.0,0.0
22018,13070,96,1,17.38,0.1
22019,13070,48,2,170.31,0.0
22020,13071,1,2,102.28,0.0
22021,13072,99,4,64.86,0.1
22022,13072,159,1,22.8,0.0
22023,13072,120,4,127.53,0.15
22024,13073,124,4,18.47,0.15
22025,13074,160,4,115.25,0.0
22026,13074,79,1,70.59,0.1
22027,13075,18,3,85.89,0.1
22028,13075,122,1,29.35,0.1
22029,13075,135,1,28.51,0.0
22030,13076,20,2,17.91,0.0
22031,13077,106,1,94.46,0.1
22032,13078,106,1,93.61,0.05
22033,13079,99,2,66.73,0.0
22034,13079,31,1,37.48,0.0
22035,13080,66,1,217.64,0.15
22036,13081,16,1,39.48,0.05
22037,13082,43,1,59.26,0.0
22038,13082,80,1,10.96,0.0
22039,13083,85,1,31.85,0.15
22040,13083,82,1,91.19,0.0
22041,13083,38,1,11.21,0.1
22042,13084,131,1,16.04,0.0
22043,13085,96,2,17.33,0.1
22044,13085,90,1,103.6,0.0
22045,13086,36,5,21.32,0.1
22046,13086,65,1,133.81,0.0
22047,13086,109,5,82.13,0.0
22048,13087,39,1,19.82,0.0
22049,13087,124,3,18.86,0.0
22050,13088,30,5,49.83,0.0
22051,13088,9,2,43.14,0.0
22052,13088,135,1,28.65,0.0
22053,13088,13,1,82.77,0.0
22054,13089,153,2,34.93,0.0
22055,13089,143,1,15.22,0.05
22056,13090,99,1,64.17,0.0
22057,13091,33,2,63.25,0.05
22058,13091,13,1,80.43,0.0
22059,13092,41,1,129.61,0.15
22060,13092,116,2,84.41,0.05
22061,13092,107,2,349.75,0.0
22062,13093,31,3,37.8,0.0
22063,13093,88,5,89.09,0.0
22064,13093,5,1,52.22,0.0
22065,13094,67,2,62.19,0.0
22066,13095,133,1,25.42,0.15
22067,13095,116,1,84.33,0.1
22068,13095,155,3,85.93,0.0
22069,13096,82,2,89.62,0.0
22070,13096,33,1,62.82,0.0
22071,13097,103,3,48.48,0.0
22072,13098,47,1,41.92,0.1
22073,13098,85,2,31.0,0.0
22074,13099,72,2,261.88,0.05
22075,13100,138,1,48.67,0.0
22076,13101,56,1,146.51,0.1
22077,13101,30,4,49.53,0.05
22078,13102,8,1,131.21,0.0
22079,13103,118,1,23.26,0.0
22080,13104,74,1,266.78,0.05
22081,13104,124,1,18.31,0.0
22082,13104,51,1,85.59,0.0
22083,13105,50,1,13.37,0.0
22084,13106,84,2,39.77,0.1
22085,13107,53,1,36.08,0.0
22086,13108,116,1,84.09,0.05
22087,13108,23,2,70.82,0.1
22088,13108,24,1,18.03,0.1
22089,13109,118,1,22.82,0.0
22090,13110,98,3,84.35,0.0
22091,13111,132,2,69.54,0.1
22092,13112,55,1,166.77,0.0
22093,13113,63,1,24.18,0.0
22094,13113,114,1,589.01,0.0
22095,13113,6,-1,52.09,0.0
22096,13113,107,4,362.78,0.0
22097,13114,7,4,269.83,0.0
22098,13114,51,2,88.12,0.0
22099,13115,25,2,40.22,0.0
22100,13116,122,1,29.36,0.05
22101,13117,141,1,77.98,0.05
22102,13118,93,1,34.52,0.0
22103,13119,125,1,112.56,0.0
22104,13120,1,4,99.32,0.0
22105,13121,131,1,15.86,0.15
22106,13122,10,2,104.79,0.0
22107,13123,142,2,211.87,0.0
22108,13124,3,2,116.0,0.05
22109,13124,78,3,48.61,0.15
22110,13124,128,1,39.72,0.0
22111,13125,82,2,88.99,0.0
22112,13125,106,2,91.58,0.0
22113,13125,48,2,171.45,0.15
22114,13126,39,2,20.13,0.15
22115,13127,34,1,25.25,0.1
22116,13128,45,1,17.01,0.0
22117,13129,109,1,84.05,0.0
22118,13129,41,1,126.42,0.15
22119,13129,55,4,167.66,0.0
22120,13129,1,1,100.8,0.0
22121,13130,8,1,128.46,0.0
22122,13131,49,2,87.65,0.05
22123,13132,120,2,130.98,0.05
22124,13133,129,3,71.76,0.15
22125,13134,103,4,48.32,0.15
22126,13134,85,1,32.16,0.0
22127,13135,31,2,38.05,0.1
22128,13135,47,4,43.47,0.0
22129,13136,155,4,84.34,0.0
22130,13137,113,1,70.07,0.0
22131,13138,140,1,21.59,0.1
22132,13139,117,2,61.78,0.15
22133,13140,114,1,592.35,0.05
22134,13141,118,4,23.29,0.15
22135,13142,79,1,71.12,0.0
22136,13143,158,1,98.35,0.0
22137,13144,157,1,348.64,0.05
22138,13145,53,1,35.12,0.1
22139,13146,83,1,250.88,0.1
22140,13146,39,1,19.38,0.0
22141,13147,47,1,43.96,0.05
22142,13147,131,2,15.96,0.05
22143,13148,51,3,87.35,0.1
22144,13149,22,2,52.74,0.15
22145,13150,50,1,13.51,0.15
22146,13150,108,1,77.72,0.0
22147,13151,13,2,81.03,0.0
22148,13152,86,1,41.95,0.0
22149,13153,14,1,11.52,0.0
22150,13154,55,-1,161.65,0.0
22151,13155,143,1,15.18,0.05
22152,13155,52,4,45.33,0.0
22153,13156,58,2,48.74,0.1
22154,13157,119,1,181.05,0.1
22155,13158,36,2,22.14,0.0
22156,13159,14,3,11.82,0.05
22157,13159,7,1,262.9,0.0
22158,13159,42,1,76.05,0.05
22159,13160,2,1,56.01,0.0
22160,13160,64,3,22.53,0.0
22161,13160,128,1,39.43,0.15
22162,13161,137,1,31.88,0.0
22163,13161,120,1,126.5,0.05
22164,13161,81,1,54.7,0.0
22165,13161,114,2,588.01,0.1
22166,13162,29,2,38.76,0.0
22167,13163,28,2,91.13,0.0
22168,13163,22,3,52.65,0.15
22169,13163,92,1,157.88,0.0
22170,13164,61,2,41.78,0.0
22171,13165,72,1,260.1,0.05
22172,13165,147,1,21.51,0.15
22173,13166,72,1,262.31,0.0
22174,13166,50,1,13.07,0.05
22175,13166,45,1,17.32,0.0
22176,13167,107,3,351.25,0.1
22177,13167,1,1,101.5,0.0
22178,13168,101,3,17.86,0.15
22179,13168,47,2,42.41,0.0
22180,13169,117,1,63.48,0.15
22181,13169,127,2,26.92,0.0
22182,13170,160,1,118.67,0.1
22183,13170,150,1,83.01,0.0
22184,13170,159,4,21.7,0.0
22185,13170,78,1,50.85,0.05
22186,13171,109,4,83.37,0.0
22187,13171,122,1,28.95,0.0
22188,13171,14,1,11.55,0.1
22189,13172,46,1,33.67,0.1
22190,13173,34,1,24.96,0.0
22191,13174,30,1,49.59,0.05
22192,13175,23,1,68.82,0.15
22193,13175,3,3,115.46,0.0
22194,13176,2,3,56.24,0.15
22195,13176,54,1,113.3,0.0
22196,13176,124,1,17.95,0.0
22197,13176,157,1,356.74,0.05
22198,13177,146,2,132.53,0.1
22199,13178,135,1,29.01,0.1
22200,13179,137,1,31.43,0.0
22201,13180,107,1,351.07,0.15
22202,13180,108,2,74.95,0.05
22203,13180,145,1,83.49,0.1
22204,13181,67,2,60.91,0.0
22205,13181,45,1,17.37,0.15
22206,13182,56,1,151.2,0.0
22207,13182,27,3,23.64,0.0
22208,13183,69,3,90.82,0.15
22209,13184,114,1,607.73,0.05
22210,13185,48,1,164.76,0.0
22211,13186,146,1,134.76,0.15
22212,13186,26,4,71.55,0.15
22213,13186,64,3,22.12,0.15
22214,13187,126,1,477.11,0.05
22215,13188,97,4,84.39,0.05
22216,13189,65,1,135.38,0.1
22217,13189,11,1,43.92,0.1
22218,13189,15,1,13.87,0.05
22219,13190,113,5,68.72,0.0
22220,13190,1,1,101.94,0.0
22221,13190,70,4,35.45,0.1
22222,13191,46,1,34.19,0.0
22223,13191,93,1,35.38,0.0
22224,13191,99,3,64.34,0.0
22225,13191,27,4,23.35,0.0
22226,13192,94,1,47.54,0.0
22227,13193,53,1,35.12,0.05
22228,13194,99,1,66.46,0.0
22229,13194,152,3,88.73,0.0
22230,13194,39,1,19.36,0.0
22231,13194,98,1,81.13,0.0
22232,13195,108,1,77.77,0.0
22233,13196,10,1,107.97,0.05
22234,13196,14,2,11.5,0.05
22235,13196,138,1,48.65,0.0
22236,13196,28,2,90.74,0.0
22237,13197,109,1,83.01,0.0
22238,13198,99,2,66.09,0.0
22239,13198,8,1,132.77,0.0
22240,13199,7,2,275.5,0.0
22241,13199,159,1,22.31,0.0
22242,13200,140,2,21.76,0.0
22243,13200,105,1,57.14,0.0
22244,13200,145,1,83.3,0.0
22245,13201,149,1,103.68,0.0
22246,13202,77,1,70.98,0.0
22247,13203,32,2,346.28,0.0
22248,13203,108,1,77.98,0.1
22249,13204,160,1,115.35,0.15
22250,13204,22,4,54.31,0.05
22251,13205,46,2,34.48,0.0
22252,13205,29,1,38.08,0.1
22253,13206,51,4,85.09,0.15
22254,13206,19,1,29.13,0.15
22255,13206,63,1,24.38,0.05
22256,13206,1,1,104.1,0.15
22257,13207,92,2,158.3,0.0
22258,13208,149,2,104.01,0.0
22259,13208,41,1,125.16,0.0
22260,13208,59,1,87.89,0.0
22261,13208,84,4,40.21,0.1
22262,13209,135,3,28.06,0.0
22263,13210,82,1,90.45,0.1
22264,13211,76,1,132.79,0.0
22265,13211,106,2,91.32,0.1
22266,13212,135,2,28.02,0.0
22267,13213,38,2,11.26,0.15
22268,13214,46,1,33.68,0.0
22269,13214,121,1,129.16,0.1
22270,13214,89,1,40.73,0.1
22271,13214,107,1,358.6,0.05
22272,13215,93,2,34.88,0.05
22273,13216,10,3,107.65,0.1
22274,13217,150,5,86.03,0.05
22275,13218,135,1,28.43,0.0
22276,13218,158,2,98.45,0.1
22277,13219,121,2,134.87,0.05
22278,13219,118,2,22.48,0.1
22279,13219,17,1,25.55,0.0
22280,13220,38,2,11.43,0.05
22281,13221,121,4,134.29,0.0
22282,13221,14,3,11.63,0.15
22283,13222,26,1,71.44,0.0
22284,13223,7,1,273.76,0.0
22285,13224,120,1,125.85,0.0
22286,13225,156,1,33.55,0.1
22287,13226,80,1,11.06,0.15
22288,13226,96,1,17.03,0.05
22289,13226,83,1,240.23,0.05
22290,13227,16,2,39.91,0.0
22291,13228,38,1,10.9,0.0
22292,13229,92,1,153.39,0.15
22293,13229,8,3,132.23,0.05
22294,13229,83,1,244.33,0.15
22295,13230,10,1,104.6,0.0
22296,13231,30,1,50.13,0.0
22297,13231,55,2,167.29,0.0
22298,13231,10,3,106.71,0.0
22299,13232,89,2,39.34,0.15
22300,13233,140,2,21.16,0.1
22301,13234,145,1,82.12,0.1
22302,13234,6,2,52.68,0.1
22303,13235,19,2,28.34,0.1
22304,13236,140,1,20.99,0.0
22305,13236,39,1,19.42,0.0
22306,13237,33,2,65.48,0.05
22307,13237,147,1,21.73,0.15
22308,13238,87,1,149.5,0.05
22309,13239,56,1,150.11,0.0
22310,13240,154,1,78.08,0.15
22311,13241,49,1,89.46,0.0
22312,13241,129,1,71.25,0.0
22313,13242,31,2,38.51,0.1
22314,13243,150,1,83.98,0.1
22315,13243,39,3,19.98,0.0
22316,13243,105,5,56.59,0.1
22317,13244,127,1,26.67,0.1
22318,13244,128,3,39.7,0.0
22319,13245,21,3,240.84,0.0
22320,13245,144,4,76.36,0.0
22321,13245,5,1,51.64,0.0
22322,13246,69,2,88.56,0.0
22323,13247,6,3,53.66,0.05
22324,13247,19,1,28.44,0.05
22325,13248,116,4,85.34,0.0
22326,13248,123,1,229.1,0.0
22327,13249,100,1,53.61,0.05
22328,13250,27,1,23.25,0.0
22329,13251,31,1,37.23,0.1
22330,13252,11,1,43.63,0.0
22331,13253,122,2,28.9,0.0
22332,13253,141,3,79.98,0.05
22333,13253,115,1,53.54,0.1
22334,13254,158,1,97.71,0.05
22335,13255,19,3,29.31,0.0
22336,13256,85,1,31.57,0.15
22337,13257,19,2,28.42,0.05
22338,13257,14,1,11.85,0.0
22339,13258,7,1,265.02,0.1
22340,13259,156,1,33.32,0.1
22341,13260,9,1,41.89,0.0
22342,13260,69,1,91.24,0.0
22343,13261,1,1,104.25,0.15
22344,13261,115,1,55.04,0.15
22345,13261,4,3,251.86,0.0
22346,13262,123,1,233.45,0.0
22347,13263,144,1,76.78,0.1
22348,13263,160,2,119.06,0.15
22349,13264,130,1,40.61,0.1
22350,13265,120,2,127.27,0.15
22351,13265,114,2,610.91,0.1
22352,13266,69,2,91.27,0.0
22353,13267,114,2,609.84,0.05
22354,13267,3,4,119.16,0.1
22355,13268,82,2,89.84,0.1
22356,13269,112,1,61.86,0.0
22357,13269,115,2,54.64,0.0
22358,13270,45,2,17.56,0.1
22359,13271,43,1,58.83,0.05
22360,13271,95,1,45.67,0.05
22361,13272,69,1,88.78,0.15
22362,13273,49,2,86.52,0.0
22363,13274,58,2,49.64,0.0
22364,13274,48,4,166.01,0.0
22365,13275,38,3,11.03,0.1
22366,13276,39,1,19.76,0.1
22367,13277,147,2,21.07,0.15
22368,13278,71,3,91.8,0.0
22369,13278,138,1,47.42,0.0
22370,13279,83,1,246.45,0.1
22371,13280,90,1,104.85,0.0
22372,13280,59,2,89.12,0.0
22373,13280,78,1,49.67,0.0
22374,13281,144,1,76.02,0.0
22375,13282,61,1,43.23,0.0
22376,13283,56,5,153.77,0.1
22377,13284,59,2,89.46,0.0
22378,13285,93,1,34.61,0.0
22379,13286,126,2,469.3,0.0
22380,13287,104,1,31.7,0.0
22381,13288,55,2,167.22,0.05
22382,13289,116,1,84.18,0.0
22383,13289,72,2,258.23,0.0
22384,13290,97,1,84.19,0.0
22385,13291,59,1,88.48,0.1
22386,13292,138,1,49.5,0.0
22387,13292,39,1,19.86,0.1
22388,13293,13,1,82.28,0.15
22389,13294,137,2,32.94,0.0
22390,13295,69,3,90.95,0.1
22391,13295,5,1,51.73,0.1
22392,13296,13,3,80.43,0.0
22393,13297,142,2,209.16,0.0
22394,13297,36,3,22.12,0.1
22395,13298,93,1,34.83,0.1
22396,13298,53,1,34.92,0.0
22397,13299,152,1,89.72,0.1
22398,13299,111,1,11.69,0.0
22399,13300,54,4,115.52,0.0
22400,13300,114,1,599.94,0.0
22401,13300,18,1,86.27,0.1
22402,13300,145,2,81.21,0.0
22403,13301,106,1,94.23,0.0
22404,13302,138,1,48.46,0.0
22405,13303,150,3,83.49,0.15
22406,13303,112,2,64.34,0.1
22407,13303,52,3,45.58,0.0
22408,13304,99,1,66.32,0.05
22409,13304,134,1,100.77,0.05
22410,13305,55,2,164.43,0.0
22411,13305,129,1,72.7,0.0
22412,13305,88,2,88.14,0.1
22413,13306,145,1,80.08,0.15
22414,13307,126,1,472.41,0.0
22415,13308,119,2,183.55,0.05
22416,13308,87,2,151.98,0.1
22417,13309,57,2,31.18,0.05
22418,13310,66,1,222.24,0.0
22419,13310,123,1,233.22,0.1
22420,13310,8,2,127.29,0.05
22421,13311,125,1,111.66,0.15
22422,13311,54,3,111.91,0.05
22423,13312,129,2,72.66,0.05
22424,13313,10,1,104.5,0.1
22425,13313,47,1,43.46,0.15
22426,13314,37,1,78.25,0.0
22427,13314,102,1,43.57,0.0
22428,13314,67,4,61.41,0.1
22429,13315,104,1,32.19,0.0
22430,13316,89,1,39.49,0.15
22431,13317,35,2,137.75,0.0
22432,13318,96,2,17.77,0.0
22433,13319,1,1,102.07,0.05
22434,13319,124,2,18.23,0.1
22435,13320,32,1,339.8,0.0
22436,13320,70,2,37.01,0.0
22437,13321,113,1,67.6,0.1
22438,13322,125,5,111.51,0.05
22439,13323,97,1,84.03,0.0
22440,13323,77,2,71.57,0.15
22441,13324,105,1,56.16,0.0
22442,13324,25,1,39.06,0.0
22443,13325,55,1,162.53,0.1
22444,13326,143,2,15.48,0.1
22445,13326,25,2,40.2,0.1
22446,13327,140,2,21.86,0.05
22447,13327,78,2,48.83,0.1
22448,13328,132,1,68.68,0.1
22449,13328,123,3,226.32,0.1
22450,13329,25,1,40.11,0.0
22451,13330,56,1,148.54,0.15
22452,13330,112,3,63.02,0.15
22453,13330,77,1,71.63,0.0
22454,13331,28,2,91.71,0.15
22455,13332,11,2,42.69,0.0
22456,13333,86,2,41.77,0.05
22457,13333,89,2,40.37,0.0
22458,13334,79,2,70.35,0.05
22459,13334,138,1,49.73,0.05
22460,13334,1,2,101.11,0.15
22461,13335,156,1,33.78,0.15
22462,13336,159,2,22.67,0.0
22463,13336,124,2,18.65,0.15
22464,13337,126,2,475.26,0.0
22465,13338,82,1,87.51,0.0
22466,13338,119,1,178.23,0.0
22467,13339,43,1,59.76,0.15
22468,13339,67,1,60.64,0.05
22469,13339,20,2,18.46,0.0
22470,13339,100,1,53.12,0.0
22471,13340,4,1,260.36,0.1
22472,13340,104,1,32.0,0.15
22473,13341,160,1,120.2,0.1
22474,13341,11,1,42.94,0.15
22475,13341,127,2,26.95,0.05
22476,13341,29,2,37.32,0.1
22477,13342,58,4,48.16,0.0
22478,13343,91,1,69.41,0.0
22479,13344,60,1,153.01,0.15
22480,13345,103,4,48.5,0.15
22481,13346,112,1,64.09,0.15
22482,13346,32,1,347.67,0.0
22483,13347,118,1,22.48,0.15
22484,13347,79,1,68.99,0.05
22485,13348,159,2,22.22,0.0
22486,13349,2,2,58.09,0.0
22487,13350,120,2,127.58,0.1
22488,13350,29,2,37.75,0.0
22489,13350,24,1,18.08,0.0
22490,13351,1,4,103.1,0.15
22491,13351,12,1,41.71,0.1
22492,13352,135,3,28.7,0.15
22493,13352,34,5,24.71,0.0
22494,13352,77,1,70.54,0.0
22495,13353,74,1,270.7,0.1
22496,13353,79,1,69.73,0.05
22497,13353,94,1,47.18,0.15
22498,13354,62,1,54.11,0.15
22499,13355,100,2,51.35,0.0
22500,13356,153,3,35.86,0.0
22501,13357,104,1,31.87,0.0
22502,13358,160,1,118.6,0.0
22503,13359,49,1,88.11,0.1
22504,13359,93,1,34.6,0.05
22505,13360,78,1,50.59,0.15
22506,13361,43,1,59.23,0.0
22507,13362,148,2,20.04,0.0
22508,13362,79,1,69.31,0.0
22509,13363,65,1,134.58,0.0
22510,13363,99,1,65.71,0.05
22511,13363,2,2,56.53,0.0
22512,13364,16,1,38.85,0.05
22513,13365,63,1,24.48,0.05
22514,13366,38,2,10.94,0.0
22515,13367,56,3,151.47,0.0
22516,13367,160,1,118.11,0.05
22517,13368,32,4,348.33,0.15
22518,13368,128,2,38.66,0.05
22519,13369,159,4,22.37,0.0
22520,13369,146,3,133.6,0.0
22521,13370,66,2,224.89,0.1
22522,13370,3,1,114.75,0.15
22523,13371,81,2,52.42,0.0
22524,13372,89,1,39.38,0.0
22525,13373,40,3,79.52,0.1
22526,13374,16,1,39.88,0.1
22527,13374,54,1,113.91,0.0
22528,13374,32,2,352.23,0.1
22529,13375,2,1,57.72,0.0
22530,13376,154,1,79.64,0.0
22531,13376,139,1,132.08,0.15
22532,13376,11,2,42.83,0.0
22533,13376,110,1,62.16,0.05
22534,13377,154,1,81.36,0.15
22535,13378,127,1,27.12,0.0
22536,13379,71,1,88.24,0.0
22537,13380,91,4,72.28,0.05
22538,13380,154,2,79.68,0.15
22539,13381,115,1,55.79,0.0
22540,13381,19,1,28.46,0.1
22541,13381,38,1,10.95,0.05
22542,13381,41,3,124.91,0.05
22543,13382,92,2,153.92,0.0
22544,13383,132,1,70.52,0.0
22545,13383,29,3,37.38,0.0
22546,13384,149,1,103.46,0.0
22547,13385,117,2,62.67,0.15
22548,13385,148,2,19.81,0.1
22549,13385,109,5,79.91,0.15
22550,13385,135,2,28.03,0.0
22551,13386,62,5,53.7,0.0
22552,13387,126,1,477.18,0.15
22553,13387,140,3,21.24,0.15
22554,13388,60,2,158.52,0.0
22555,13389,155,1,82.47,0.0
22556,13390,114,1,593.42,0.0
22557,13391,75,2,6.02,0.0
22558,13391,38,2,11.31,0.0
22559,13392,146,3,129.3,0.0
22560,13393,128,1,39.76,0.1
22561,13393,132,1,67.88,0.0
22562,13393,152,1,88.59,0.0
22563,13394,82,4,91.92,0.05
22564,13394,103,1,46.83,0.1
22565,13394,17,4,26.53,0.0
22566,13395,3,1,115.02,0.0
22567,13396,98,1,82.14,0.0
22568,13397,69,2,88.62,0.05
22569,13397,4,1,254.04,0.0
22570,13398,98,1,83.76,0.05
22571,13398,38,1,11.23,0.1
22572,13398,156,3,34.68,0.05
22573,13398,121,3,133.98,0.1
22574,13399,120,1,131.04,0.0
22575,13399,129,2,71.99,0.0
22576,13400,46,2,33.2,0.05
22577,13400,97,2,86.27,0.0
22578,13401,116,1,87.14,0.15
22579,13401,19,1,28.56,0.0
22580,13402,12,1,41.99,0.0
22581,13402,110,1,61.91,0.0
22582,13403,15,2,14.08,0.1
22583,13404,87,2,150.69,0.0
22584,13405,129,3,71.51,0.0
22585,13405,23,2,68.08,0.1
22586,13406,92,1,152.26,0.0
22587,13407,67,2,62.41,0.05
22588,13408,149,1,101.55,0.15
22589,13408,81,1,53.74,0.0
22590,13408,61,1,41.17,0.0
22591,13409,151,3,81.32,0.0
22592,13409,125,3,110.09,0.1
22593,13409,41,2,129.45,0.0
22594,13410,92,1,155.44,0.05
22595,13411,111,1,11.62,0.05
22596,13411,44,1,50.78,0.05
22597,13411,10,2,108.43,0.05
22598,13411,21,1,245.87,0.1
22599,13412,110,2,59.47,0.0
22600,13412,81,2,53.53,0.0
22601,13413,97,1,86.71,0.0
22602,13414,93,1,34.33,0.0
22603,13415,67,1,59.9,0.0
22604,13415,95,2,45.36,0.0
22605,13415,90,2,105.12,0.0
22606,13416,155,1,85.1,0.15
22607,13417,102,3,45.12,0.0
22608,13417,6,3,53.86,0.15
22609,13417,60,1,155.12,0.0
22610,13418,76,4,138.98,0.05
22611,13419,90,2,102.43,0.05
22612,13420,69,2,90.3,0.0
22613,13421,62,1,54.22,0.05
22614,13421,82,1,88.13,0.05
22615,13421,131,2,15.93,0.1
22616,13422,101,1,18.52,0.0
22617,13423,123,3,229.39,0.0
22618,13423,28,2,93.24,0.0
22619,13423,95,2,44.99,0.15
22620,13424,50,1,13.09,0.1
22621,13424,51,1,87.06,0.0
22622,13424,138,2,48.86,0.05
22623,13424,99,1,64.54,0.0
22624,13425,17,1,25.52,0.0
22625,13426,76,1,135.47,0.1
22626,13426,131,1,16.33,0.15
22627,13427,11,1,43.18,0.15
22628,13428,71,3,91.55,0.1
22629,13429,7,1,273.44,0.0
22630,13429,139,1,135.33,0.0
22631,13430,74,1,272.5,0.0
22632,13431,48,2,165.26,0.05
22633,13431,79,2,70.13,0.05
22634,13432,51,1,86.93,0.0
22635,13433,133,4,24.78,0.0
22636,13433,150,1,84.09,0.05
22637,13434,41,2,124.02,0.0
22638,13434,54,3,110.11,0.15
22639,13435,36,4,21.38,0.1
22640,13436,63,3,23.72,0.15
22641,13436,135,5,28.54,0.05
22642,13436,28,2,90.36,0.1
22643,13437,25,3,39.11,0.05
22644,13438,136,2,266.4,0.1
22645,13439,97,1,83.53,0.0
22646,13440,70,2,36.39,0.0
22647,13441,49,1,87.88,0.15
22648,13442,100,1,51.47,0.1
22649,13443,141,3,78.39,0.05
22650,13443,65,2,133.19,0.0
22651,13443,50,1,13.0,0.0
22652,13444,14,2,11.77,0.0
22653,13444,10,2,107.97,0.05
22654,13445,72,3,260.33,0.05
22655,13445,34,1,25.56,0.05
22656,13445,75,2,6.2,0.0
22657,13446,20,4,17.85,0.1
22658,13447,31,2,37.48,0.0
22659,13447,46,1,33.9,0.0
22660,13448,33,1,65.05,0.0
22661,13449,96,1,17.0,0.05
22662,13450,14,3,11.83,0.1
22663,13451,52,4,46.02,0.0
22664,13452,57,1,30.39,0.0
22665,13453,55,5,160.41,0.0
22666,13453,40,1,78.55,0.1
22667,13453,133,1,25.57,0.05
22668,13453,89,1,39.34,0.1
22669,13454,44,1,49.86,0.05
22670,13455,20,3,17.81,0.0
22671,13456,47,4,42.39,0.1
22672,13456,26,1,70.95,0.0
22673,13456,157,1,354.59,0.0
22674,13457,39,3,20.03,0.0
22675,13457,1,1,103.61,0.15
22676,13458,39,1,19.78,0.0
22677,13458,116,1,84.57,0.0
22678,13458,133,1,24.52,0.0
22679,13459,151,1,79.48,0.05
22680,13459,139,1,136.25,0.05
22681,13459,7,2,269.66,0.0
22682,13460,132,1,70.47,0.0
22683,13460,55,1,162.7,0.05
22684,13460,107,4,362.96,0.15
22685,13461,138,4,49.8,0.0
22686,13461,114,4,606.02,0.0
22687,13461,31,1,38.53,0.05
22688,13462,129,4,72.87,0.0
22689,13463,152,1,90.44,0.05
22690,13463,62,2,55.21,0.15
22691,13464,52,2,46.83,0.05
22692,13465,4,2,259.95,0.15
22693,13466,18,2,86.64,0.1
22694,13466,122,2,28.53,0.0
22695,13466,63,1,24.34,0.05
22696,13467,111,2,11.51,0.0
22697,13468,152,1,87.69,0.0
22698,13468,98,4,82.93,0.0
22699,13469,14,2,11.61,0.1
22700,13469,52,1,46.86,0.05
22701,13470,69,3,91.24,0.0
22702,13470,34,2,24.55,0.0
22703,13470,2,1,58.53,0.0
22704,13471,156,1,34.88,0.05
22705,13472,104,1,31.3,0.0
22706,13473,102,1,43.39,0.0
22707,13474,81,2,53.36,0.0
22708,13474,25,1,39.2,0.05
22709,13474,144,2,77.01,0.0
22710,13475,6,5,51.53,0.05
22711,13476,7,1,269.71,0.0
22712,13477,53,1,35.8,0.1
22713,13478,33,2,62.59,0.15
22714,13479,14,1,11.36,0.0
22715,13480,102,1,43.97,0.05
22716,13481,6,1,53.24,0.1
22717,13482,43,2,58.12,0.0
22718,13482,52,4,46.4,0.1
22719,13483,143,3,15.12,0.0
22720,13484,155,1,86.01,0.15
22721,13484,40,2,78.64,0.1
22722,13484,103,2,46.91,0.0
22723,13485,120,1,130.89,0.1
22724,13486,63,3,24.1,0.05
22725,13487,2,1,57.65,0.15
22726,13488,85,1,31.7,0.15
22727,13489,53,2,34.72,0.15
22728,13490,128,1,38.23,0.1
22729,13490,85,1,31.44,0.1
22730,13490,153,1,34.96,0.0
22731,13491,109,1,83.57,0.0
22732,13492,27,2,22.78,0.15
22733,13493,134,4,97.57,0.0
22734,13494,48,1,169.04,0.1
22735,13495,128,1,38.53,0.0
22736,13495,11,1,42.88,0.0
22737,13495,6,1,53.73,0.1
22738,13495,158,1,99.97,0.1
22739,13496,136,1,262.22,0.0
22740,13496,148,2,20.05,0.05
22741,13496,142,3,215.25,0.0
22742,13496,55,2,164.88,0.0
22743,13497,148,2,19.71,0.1
22744,13497,42,1,77.81,0.0
22745,13498,39,1,20.1,0.15
22746,13498,160,1,118.87,0.0
22747,13499,13,1,80.18,0.15
22748,13499,87,1,146.36,0.0
22749,13499,26,1,72.54,0.0
22750,13499,35,4,139.39,0.05
22751,13500,47,2,41.97,0.0
22752,13501,132,1,70.31,0.15
22753,13501,93,2,34.86,0.1
22754,13502,130,1,41.45,0.0
22755,13502,24,1,18.17,0.05
22756,13502,106,1,94.67,0.0
22757,13502,57,1,30.17,0.0
22758,13503,69,1,88.03,0.0
22759,13503,119,1,180.69,0.1
22760,13503,149,1,106.03,0.0
22761,13503,45,1,17.25,0.05
22762,13504,21,2,239.36,0.15
22763,13505,72,5,259.66,0.15
22764,13506,69,1,89.35,0.05
22765,13507,99,1,65.46,0.0
22766,13507,100,2,52.99,0.0
22767,13507,128,1,38.17,0.05
22768,13507,80,4,10.69,0.1
22769,13508,151,3,81.21,0.0
22770,13509,58,3,50.12,0.0
22771,13509,132,2,68.3,0.0
22772,13509,146,5,128.2,0.0
22773,13510,72,2,261.77,0.05
22774,13510,77,1,68.91,0.0
22775,13511,78,2,50.1,0.1
22776,13512,114,4,586.84,0.05
22777,13513,127,2,26.52,0.1
22778,13514,140,1,21.16,0.15
22779,13515,105,1,55.3,0.15
22780,13515,109,1,80.0,0.0
22781,13516,87,1,151.14,0.05
22782,13517,136,2,261.42,0.0
22783,13517,24,2,18.23,0.0
22784,13517,145,4,84.17,0.0
22785,13518,68,1,163.05,0.0
22786,13518,50,4,13.13,0.0
22787,13519,27,1,22.51,0.0
22788,13520,16,1,39.75,0.1
22789,13521,106,1,95.13,0.0
22790,13522,67,1,59.77,0.15
22791,13522,83,1,242.37,0.05
22792,13523,147,1,21.82,0.1
22793,13523,87,3,148.67,0.0
22794,13523,109,1,79.91,0.05
22795,13524,81,3,53.99,0.1
22796,13525,114,4,604.98,0.1
22797,13526,157,5,356.28,0.15
22798,13527,23,4,70.21,0.05
22799,13527,31,1,37.23,0.05
22800,13528,57,3,31.24,0.0
22801,13528,37,5,79.51,0.0
22802,13529,13,1,79.97,0.1
22803,13530,104,1,31.16,0.1
22804,13530,159,1,22.39,0.15
22805,13531,2,1,57.93,0.0
22806,13532,6,1,52.37,0.05
22807,13532,148,1,20.31,0.0
22808,13533,79,2,70.33,0.0
22809,13534,133,1,24.99,0.0
22810,13535,44,2,50.28,0.0
22811,13535,83,1,239.64,0.0
22812,13536,48,2,168.93,0.15
22813,13536,116,1,83.66,0.05
22814,13537,75,1,6.06,0.05
22815,13537,69,4,90.99,0.0
22816,13537,117,1,63.72,0.0
22817,13538,60,1,155.31,0.0
22818,13538,143,2,15.41,0.1
22819,13539,56,4,151.33,0.0
22820,13540,37,2,76.75,0.1
22821,13541,137,1,31.55,0.1
22822,13542,120,1,129.45,0.1
22823,13542,122,4,28.27,0.0
22824,13542,150,1,87.0,0.0
22825,13543,42,2,77.77,0.05
22826,13543,80,4,10.76,0.0
22827,13544,160,1,117.95,0.05
22828,13545,12,3,43.68,0.05
22829,13546,44,1,50.07,0.0
22830,13547,42,3,74.55,0.0
22831,13547,55,1,163.34,0.0
22832,13547,114,2,584.38,0.0
22833,13548,80,2,10.76,0.0
22834,13549,119,1,183.25,0.1
22835,13550,9,4,41.59,0.0
22836,13550,147,1,21.63,0.05
22837,13551,79,1,69.96,0.0
22838,13552,75,3,6.09,0.15
22839,13552,66,4,218.02,0.0
22840,13552,1,1,99.39,0.0
22841,13553,67,1,60.71,0.15
22842,13554,96,1,17.77,0.1
22843,13554,33,1,64.81,0.0
22844,13554,121,1,129.25,0.0
22845,13555,149,1,103.81,0.0
22846,13556,128,1,38.95,0.15
22847,13557,61,3,42.08,0.1
22848,13558,79,1,72.23,0.05
22849,13558,113,1,67.16,0.05
22850,13559,125,1,111.12,0.0
22851,13560,22,1,53.95,0.0
22852,13560,121,1,132.85,0.0
22853,13561,37,2,77.53,0.0
22854,13562,135,1,28.26,0.0
22855,13563,38,1,11.4,0.1
22856,13563,73,1,63.12,0.1
22857,13563,139,1,135.18,0.1
22858,13564,119,1,185.16,0.0
22859,13564,74,1,265.69,0.0
22860,13565,22,1,53.74,0.0
22861,13566,92,1,151.67,0.0
22862,13567,86,1,41.49,0.0
22863,13568,2,1,57.01,0.0
22864,13569,43,2,59.56,0.05
22865,13570,108,2,76.83,0.0
22866,13571,44,2,49.32,0.0
22867,13572,18,1,84.91,0.0
22868,13573,105,2,56.21,0.1
22869,13573,22,1,54.02,0.05
22870,13574,83,3,246.15,0.05
22871,13574,18,1,86.19,0.0
22872,13574,82,2,91.42,0.1
22873,13575,43,1,59.69,0.15
22874,13575,117,1,63.17,0.0
22875,13576,120,4,129.86,0.0
22876,13576,156,1,33.91,0.0
22877,13576,122,1,28.05,0.1
22878,13576,49,1,88.91,0.0
22879,13577,130,2,42.09,0.1
22880,13577,24,1,17.85,0.05
22881,13578,3,1,117.31,0.15
22882,13579,94,1,49.5,0.0
22883,13580,60,1,154.75,0.1
22884,13581,120,1,125.79,0.0
22885,13582,10,1,103.82,0.1
22886,13582,21,3,245.57,0.0
22887,13583,90,2,103.4,0.0
22888,13583,19,2,29.26,0.1
22889,13583,125,1,109.18,0.05
22890,13584,158,2,99.79,0.15
22891,13584,47,1,42.84,0.05
22892,13585,90,2,102.09,0.0
22893,13585,133,5,24.98,0.1
22894,13585,153,1,35.34,0.0
22895,13585,78,1,50.18,0.05
22896,13586,18,2,84.98,0.1
22897,13587,33,2,64.89,0.1
22898,13587,118,1,22.6,0.0
22899,13587,140,1,21.77,0.0
22900,13588,151,1,81.18,0.15
22901,13589,33,3,65.63,0.0
22902,13589,61,1,43.08,0.0
22903,13590,122,1,28.5,0.0
22904,13591,136,1,262.83,0.0
22905,13592,32,2,339.87,0.05
22906,13592,51,1,87.63,0.15
22907,13592,129,1,71.17,0.05
22908,13592,150,1,82.8,0.0
22909,13593,151,2,82.53,0.05
22910,13593,118,1,22.96,0.05
22911,13593,159,1,22.07,0.15
22912,13593,68,1,160.13,0.0
22913,13594,10,1,106.71,0.1
22914,13595,137,2,32.91,0.05
22915,13596,104,2,32.16,0.1
22916,13597,48,1,168.19,0.15
22917,13597,155,3,85.61,0.0
22918,13598,27,2,22.52,0.0
22919,13599,68,3,161.41,0.1
22920,13600,103,2,48.92,0.15
22921,13600,1,1,101.79,0.05
22922,13601,27,1,23.03,0.0
22923,13602,127,1,26.63,0.15
22924,13602,134,3,100.12,0.0
22925,13603,137,1,31.74,0.1
22926,13604,18,1,87.58,0.0
22927,13605,117,5,63.05,0.0
22928,13606,107,1,362.31,0.1
22929,13607,137,1,32.15,0.1
22930,13608,40,1,76.05,0.0
22931,13609,149,2,102.15,0.0
22932,13610,119,5,178.58,0.0
22933,13610,27,1,22.67,0.15
22934,13610,113,1,68.66,0.0
22935,13611,34,2,25.58,0.05
22936,13611,46,1,34.54,0.15
22937,13612,41,3,125.84,0.0
22938,13612,111,1,11.48,0.0
22939,13613,73,1,62.4,0.0
22940,13614,10,2,103.87,0.1
22941,13614,124,2,18.56,0.0
22942,13615,91,2,71.85,0.05
22943,13616,108,1,77.38,0.1
22944,13617,118,4,22.34,0.05
22945,13618,100,1,51.57,0.15
22946,13618,40,1,79.17,0.0
22947,13619,104,1,30.94,0.0
22948,13619,78,1,48.87,0.1
22949,13619,137,1,32.19,0.05
22950,13620,87,3,149.52,0.05
22951,13621,128,1,39.39,0.0
22952,13622,118,1,22.62,0.1
22953,13623,130,2,41.13,0.05
22954,13623,107,1,346.96,0.15
22955,13623,60,1,155.94,0.1
22956,13624,48,2,172.36,0.0
22957,13625,135,1,28.42,0.0
22958,13626,154,3,80.98,0.1
22959,13626,53,2,35.33,0.0
22960,13627,80,3,10.89,0.15
22961,13627,84,1,41.63,0.1
22962,13628,134,3,99.93,0.0
22963,13628,89,2,40.9,0.15
22964,13629,121,2,130.87,0.0
22965,13629,116,2,84.4,0.05
22966,13630,62,1,53.72,0.0
22967,13631,61,1,42.01,0.05
22968,13631,83,1,241.41,0.0
22969,13632,113,1,69.75,0.0
22970,13632,22,2,52.06,0.0
22971,13633,56,3,148.29,0.05
22972,13634,116,1,85.64,0.1
22973,13635,147,1,21.69,0.0
22974,13636,16,2,38.57,0.05
22975,13637,111,1,11.52,0.0
22976,13637,18,1,86.22,0.15
22977,13638,96,2,17.36,0.0
22978,13639,17,3,26.04,0.0
22979,13639,110,1,62.27,0.0
22980,13639,16,1,38.58,0.1
22981,13640,75,1,6.16,0.05
22982,13640,116,1,84.2,0.1
22983,13641,33,1,63.46,0.0
22984,13641,64,1,21.81,0.0
22985,13642,132,1,67.86,0.15
22986,13642,125,1,109.35,0.05
22987,13643,151,1,79.41,0.15
22988,13644,21,2,249.39,0.0
22989,13645,9,2,41.65,0.05
22990,13645,39,1,19.97,0.0
22991,13646,36,1,21.28,0.0
22992,13647,156,2,34.98,0.05
22993,13647,33,1,63.79,0.05
22994,13647,140,1,21.52,0.15
22995,13648,146,1,129.47,0.05
22996,13648,93,3,34.04,0.0
22997,13648,131,4,16.03,0.1
22998,13648,144,1,77.85,0.1
22999,13649,146,2,129.14,0.0
23000,13650,22,1,51.87,0.1
23001,13651,61,1,42.17,0.0
23002,13651,18,1,86.64,0.1
23003,13652,125,1,111.96,0.0
23004,13653,128,4,38.98,0.0
23005,13654,39,4,19.18,0.1
23006,13655,117,1,63.05,0.05
23007,13656,68,1,163.49,0.0
23008,13657,121,4,134.66,0.0
23009,13657,119,2,177.44,0.1
23010,13658,111,1,11.71,0.1
23011,13659,77,2,72.0,0.05
23012,13660,106,1,92.52,0.05
23013,13661,31,1,37.0,0.1
23014,13661,51,1,89.13,0.0
23015,13662,108,1,76.18,0.0
23016,13663,3,2,117.61,0.15
23017,13664,103,1,47.04,0.05
23018,13664,98,2,83.52,0.0
23019,13665,102,5,44.6,0.05
23020,13666,69,2,91.71,0.15
23021,13667,160,1,118.68,0.15
23022,13668,94,1,47.85,0.0
23023,13668,111,2,11.4,0.15
23024,13669,139,1,138.19,0.05
23025,13670,16,4,38.54,0.1
23026,13671,101,1,18.29,0.0
23027,13671,103,1,47.05,0.1
23028,13671,29,3,38.46,0.0
23029,13672,151,2,81.93,0.0
23030,13672,101,1,18.32,0.15
23031,13673,14,1,11.53,0.15
23032,13673,28,3,89.29,0.0
23033,13673,140,1,21.53,0.15
23034,13674,57,4,29.81,0.0
23035,13674,110,1,61.53,0.0
23036,13675,86,1,40.47,0.0
23037,13675,39,4,19.43,0.0
23038,13676,133,1,25.13,0.0
23039,13677,41,4,127.28,0.05
23040,13678,46,1,34.88,0.1
23041,13679,54,1,114.86,0.1
23042,13680,129,1,70.66,0.15
23043,13680,60,1,155.86,0.0
23044,13681,146,1,133.04,0.1
23045,13682,145,3,82.39,0.1
23046,13683,52,4,45.32,0.15
23047,13683,145,4,83.68,0.1
23048,13683,129,4,71.27,0.15
23049,13684,119,2,177.64,0.1
23050,13684,154,1,80.29,0.0
23051,13684,5,1,51.34,0.15
23052,13685,112,2,63.5,0.0
23053,13686,58,1,49.44,0.0
23054,13687,110,2,60.77,0.0
23055,13687,149,1,105.04,0.15
23056,13688,14,3,11.75,0.0
23057,13689,5,2,52.13,0.0
23058,13689,97,2,86.42,0.1
23059,13690,66,2,216.1,0.05
23060,13691,10,1,103.88,0.05
23061,13692,143,1,15.17,0.0
23062,13692,145,1,81.95,0.0
23063,13693,113,2,69.42,0.0
23064,13693,148,1,19.73,0.0
23065,13694,138,3,48.54,0.1
23066,13694,154,1,82.11,0.0
23067,13695,17,2,26.51,0.15
23068,13696,159,1,21.76,0.0
23069,13696,137,1,31.62,0.15
23070,13697,42,2,74.7,0.05
23071,13697,79,2,72.4,0.1
23072,13698,134,1,101.81,0.1
23073,13699,24,2,18.22,0.05
23074,13700,20,2,17.95,0.15
23075,13701,68,2,159.61,0.0
23076,13701,96,1,17.21,0.0
23077,13701,86,1,41.67,0.1
23078,13702,136,1,257.81,0.05
23079,13703,5,1,52.14,0.0
23080,13704,101,1,17.76,0.05
23081,13704,18,1,88.11,0.0
23082,13705,44,1,49.74,0.0
23083,13706,72,2,264.75,0.15
23084,13707,117,1,63.03,0.0
23085,13708,132,3,68.27,0.0
23086,13708,140,1,21.95,0.0
23087,13709,93,2,35.03,0.0
23088,13709,100,1,53.2,0.15
23089,13710,28,2,90.51,0.1
23090,13710,34,1,25.66,0.0
23091,13711,47,5,43.11,0.15
23092,13712,137,2,32.49,0.0
23093,13712,84,1,41.35,0.1
23094,13712,128,2,39.15,0.0
23095,13712,152,2,87.04,0.1
23096,13713,148,-1,19.38,0.0
23097,13714,47,1,43.06,0.15
23098,13714,109,1,81.55,0.0
23099,13714,89,1,40.78,0.0
23100,13715,151,1,83.36,0.05
23101,13716,108,2,76.52,0.1
23102,13716,68,1,160.47,0.15
23103,13716,80,2,10.85,0.05
23104,13717,143,2,15.37,0.05
23105,13718,54,5,111.64,0.15
23106,13719,99,2,64.23,0.15
23107,13720,32,4,351.3,0.1
23108,13721,157,1,352.9,0.1
23109,13721,22,1,53.73,0.0
23110,13722,73,2,62.16,0.1
23111,13722,81,1,52.28,0.0
23112,13723,28,1,90.34,0.0
23113,13724,107,5,355.86,0.0
23114,13724,89,2,41.1,0.15
23115,13724,3,1,119.23,0.1
23116,13725,97,1,85.9,0.15
23117,13725,11,3,42.81,0.15
23118,13725,65,1,132.34,0.1
23119,13726,106,1,94.32,0.05
23120,13726,158,1,99.44,0.0
23121,13727,28,1,91.16,0.0
23122,13728,50,2,13.3,0.05
23123,13729,94,1,49.35,0.15
23124,13729,102,1,45.47,0.0
23125,13730,68,2,161.46,0.0
23126,13731,82,1,88.38,0.0
23127,13732,97,2,83.9,0.15
23128,13733,54,1,112.9,0.0
23129,13733,31,2,37.02,0.0
23130,13734,108,2,74.33,0.0
23131,13734,113,1,70.22,0.05
23132,13734,157,4,348.31,0.0
23133,13735,90,2,102.84,0.0
23134,13736,123,3,226.49,0.05
23135,13736,46,1,33.86,0.05
23136,13737,45,1,17.31,0.15
23137,13737,104,1,30.87,0.05
23138,13738,96,3,17.31,0.0
23139,13738,24,2,17.77,0.15
23140,13738,141,1,80.46,0.1
23141,13739,70,1,36.84,0.05
23142,13740,103,1,47.42,0.1
23143,13741,18,1,84.7,0.1
23144,13742,156,1,34.83,0.0
23145,13743,158,1,101.82,0.15
23146,13744,154,4,79.58,0.0
23147,13744,103,1,47.62,0.05
23148,13744,29,5,37.22,0.15
23149,13745,65,1,137.39,0.0
23150,13746,28,2,89.78,0.15
23151,13746,24,1,17.62,0.15
23152,13746,2,2,57.92,0.1
23153,13747,86,4,40.86,0.0
23154,13747,110,4,61.2,0.0
23155,13748,34,1,24.85,0.15
23156,13748,22,2,52.09,0.1
23157,13748,144,4,75.95,0.15
23158,13748,110,1,60.31,0.0
23159,13749,101,1,17.84,0.1
23160,13749,78,5,48.42,0.15
23161,13750,16,2,39.73,0.0
23162,13751,41,1,125.81,0.05
23163,13752,24,1,17.86,0.15
23164,13752,59,1,89.49,0.15
23165,13753,112,2,62.36,0.0
23166,13754,68,3,161.06,0.05
23167,13755,48,1,164.99,0.1
23168,13756,16,2,39.44,0.15
23169,13757,135,3,28.54,0.15
23170,13758,17,1,26.1,0.1
23171,13758,45,1,16.92,0.0
23172,13759,37,5,78.72,0.15
23173,13760,113,3,69.52,0.05
23174,13761,89,1,39.37,0.0
23175,13761,75,1,6.19,0.0
23176,13762,99,2,64.29,0.0
23177,13762,64,4,21.73,0.0
23178,13763,150,1,83.48,0.05
23179,13763,78,1,49.88,0.05
23180,13763,122,1,28.32,0.05
23181,13764,152,4,90.38,0.05
23182,13764,103,3,47.74,0.1
23183,13764,39,5,20.15,0.05
23184,13764,107,1,347.29,0.15
23185,13765,157,1,342.75,0.15
23186,13765,124,2,18.55,0.0
23187,13765,108,2,77.35,0.15
23188,13766,147,1,21.09,0.15
23189,13766,51,5,89.16,0.1
23190,13766,17,1,26.73,0.0
23191,13767,152,3,90.29,0.15
23192,13767,14,2,11.88,0.0
23193,13768,131,2,16.49,0.15
23194,13769,132,1,69.07,0.15
23195,13770,112,1,64.3,0.1
23196,13770,158,3,99.91,0.0
23197,13771,49,1,88.29,0.05
23198,13772,119,5,180.92,0.0
23199,13772,53,1,35.46,0.0
23200,13773,52,1,45.63,0.0
23201,13773,19,3,29.15,0.05
23202,13774,40,3,79.33,0.15
23203,13774,85,4,30.81,0.05
23204,13774,20,1,18.69,0.1
23205,13775,138,1,47.63,0.0
23206,13775,105,3,56.46,0.1
23207,13776,3,2,114.2,0.15
23208,13777,117,3,62.51,0.0
23209,13778,4,2,251.41,0.0
23210,13779,141,1,80.46,0.0
23211,13779,111,2,11.54,0.0
23212,13780,55,1,163.43,0.0
23213,13780,152,4,89.27,0.0
23214,13780,39,1,19.27,0.1
23215,13781,9,1,42.34,0.0
23216,13782,138,5,48.16,0.1
23217,13783,15,1,13.97,0.0
23218,13784,134,1,97.8,0.1
23219,13784,51,1,87.51,0.15
23220,13785,38,1,11.01,0.05
23221,13786,63,1,23.45,0.0
23222,13786,15,1,13.89,0.0
23223,13787,68,1,162.51,0.1
23224,13787,2,2,56.42,0.1
23225,13788,28,4,92.19,0.15
23226,13788,32,2,341.9,0.05
23227,13788,45,1,17.03,0.0
23228,13788,34,2,24.66,0.15
23229,13789,69,4,90.35,0.0
23230,13790,30,1,49.19,0.0
23231,13790,62,1,54.87,0.1
23232,13791,157,1,341.79,0.15
23233,13792,93,1,34.2,0.15
23234,13792,101,1,18.63,0.0
23235,13793,98,1,82.66,0.1
23236,13793,58,1,49.78,0.1
23237,13794,41,1,124.06,0.0
23238,13795,78,4,49.68,0.15
23239,13795,99,1,66.06,0.15
23240,13796,3,3,115.25,0.0
23241,13796,107,1,361.09,0.0
23242,13797,54,2,112.36,0.0
23243,13798,54,2,112.08,0.1
23244,13798,49,4,88.38,0.05
23245,13799,141,2,81.5,0.0
23246,13800,160,3,119.13,0.0
23247,13800,100,1,53.61,0.05
23248,13800,79,1,71.9,0.15
23249,13800,40,2,76.63,0.15
23250,13801,139,3,135.19,0.0
23251,13802,57,1,30.31,0.15
23252,13803,152,1,90.71,0.0
23253,13804,142,1,211.43,0.1
23254,13805,9,1,42.28,0.0
23255,13805,30,4,48.78,0.0
23256,13805,85,2,31.64,0.0
23257,13806,28,1,90.96,0.15
23258,13806,34,1,24.83,0.0
23259,13806,91,2,70.73,0.0
23260,13807,46,1,33.31,0.0
23261,13808,84,1,40.17,0.0
23262,13808,109,2,83.69,0.0
23263,13808,66,5,215.03,0.0
23264,13809,85,1,31.57,0.15
23265,13810,30,1,49.6,0.0
23266,13810,87,1,147.02,0.0
23267,13811,46,2,34.24,0.1
23268,13812,37,1,77.54,0.15
23269,13812,98,5,83.02,0.1
23270,13813,58,1,48.99,0.15
23271,13813,8,1,128.08,0.0
23272,13814,151,2,80.93,0.1
23273,13814,71,1,87.97,0.0
23274,13815,28,1,89.81,0.1
23275,13815,144,1,77.8,0.05
23276,13816,135,2,29.06,0.1
23277,13816,153,2,35.31,0.05
23278,13817,121,2,134.26,0.1
23279,13818,50,1,13.26,0.05
23280,13819,93,1,33.97,0.1
23281,13819,142,2,211.56,0.0
23282,13819,81,4,52.43,0.0
23283,13819,24,3,18.22,0.0
23284,13820,115,5,55.63,0.1
23285,13820,130,1,41.86,0.0
23286,13820,52,1,45.0,0.0
23287,13821,39,1,19.64,0.0
23288,13822,49,1,86.57,0.15
23289,13822,99,1,66.62,0.1
23290,13823,153,1,35.66,0.05
23291,13823,101,1,17.84,0.0
23292,13824,136,2,257.48,0.0
23293,13824,52,1,45.52,0.0
23294,13825,103,1,48.28,0.0
23295,13825,107,1,357.9,0.05
23296,13826,67,1,61.15,0.05
23297,13827,114,1,585.82,0.0
23298,13828,51,1,85.44,0.05
23299,13829,5,1,51.5,0.0
23300,13830,63,3,23.78,0.0
23301,13831,138,1,49.04,0.1
23302,13831,107,5,354.71,0.0
23303,13831,93,1,33.86,0.1
23304,13831,30,2,48.92,0.15
23305,13832,142,1,207.75,0.0
23306,13832,32,1,335.83,0.15
23307,13833,40,3,77.7,0.0
23308,13834,38,1,11.17,0.0
23309,13834,108,2,77.14,0.0
23310,13834,2,1,57.57,0.05
23311,13835,111,3,11.55,0.15
23312,13835,88,2,87.05,0.1
23313,13835,17,3,25.86,0.15
23314,13836,8,1,131.93,0.1
23315,13836,153,4,34.83,0.0
23316,13837,54,1,110.61,0.05
23317,13838,61,1,42.06,0.0
23318,13839,37,2,78.29,0.05
23319,13840,144,2,75.8,0.05
23320,13841,13,3,81.51,0.15
23321,13842,55,3,168.28,0.0
23322,13843,15,2,13.69,0.1
23323,13844,13,1,79.69,0.0
23324,13845,103,1,48.08,0.05
23325,13846,70,1,36.35,0.05
23326,13847,157,2,352.01,0.0
23327,13847,5,1,51.62,0.1
23328,13848,67,1,60.16,0.0
23329,13848,140,1,21.81,0.0
23330,13849,142,1,209.87,0.05
23331,13850,65,3,133.84,0.05
23332,13851,104,4,31.18,0.05
23333,13852,34,4,25.68,0.15
23334,13852,112,2,62.4,0.0
23335,13852,14,-3,11.86,0.0
23336,13853,139,1,138.06,0.15
23337,13853,156,-3,34.6,0.1
23338,13853,7,4,270.69,0.0
23339,13853,146,1,130.67,0.05
23340,13854,5,2,51.41,0.0
23341,13855,101,1,18.62,0.05
23342,13856,82,1,87.89,0.05
23343,13857,60,1,154.41,0.05
23344,13858,114,2,590.98,0.05
23345,13858,12,1,43.57,0.0
23346,13859,96,3,16.98,0.15
23347,13860,88,5,86.3,0.15
23348,13861,137,1,32.01,0.05
23349,13862,27,1,23.37,0.0
23350,13863,55,1,167.13,0.0
23351,13864,66,1,217.77,0.0
23352,13865,34,2,25.06,0.0
23353,13865,50,1,13.28,0.15
23354,13866,30,1,50.05,0.05
23355,13866,127,1,27.1,0.05
23356,13866,79,1,71.25,0.0
23357,13867,34,2,24.93,0.0
23358,13868,43,2,57.52,0.0
23359,13869,76,1,132.79,0.1
23360,13870,141,1,78.88,0.1
23361,13870,51,3,86.05,0.1
23362,13870,88,1,89.43,0.05
23363,13871,76,5,137.24,0.05
23364,13871,2,3,57.72,0.15
23365,13871,107,3,354.54,0.05
23366,13871,123,3,231.8,0.0
23367,13872,97,3,87.03,0.0
23368,13872,25,2,39.56,0.15
23369,13873,78,4,49.5,0.1
23370,13873,45,2,17.53,0.15
23371,13873,59,4,86.29,0.0
23372,13874,150,4,82.8,0.0
23373,13875,16,1,39.05,0.05
23374,13876,128,1,38.62,0.0
23375,13877,13,1,81.47,0.05
23376,13877,115,1,55.67,0.1
23377,13877,31,3,38.27,0.05
23378,13878,87,1,145.73,0.1
23379,13879,98,1,83.05,0.1
23380,13880,133,2,24.95,0.1
23381,13881,125,1,112.71,0.0
23382,13882,112,1,63.01,0.05
23383,13883,19,1,29.07,0.05
23384,13884,115,1,55.32,0.1
23385,13884,3,4,118.87,0.1
23386,13885,36,2,21.31,0.0
23387,13886,71,1,89.46,0.0
23388,13887,99,1,65.98,0.1
23389,13888,13,1,79.51,0.0
23390,13888,42,1,77.52,0.15
23391,13888,1,4,102.5,0.0
23392,13889,69,1,91.28,0.0
23393,13890,132,5,68.63,0.0
23394,13891,6,3,52.91,0.05
23395,13892,82,1,90.36,0.05
23396,13893,106,1,93.95,0.1
23397,13893,149,1,103.73,0.0
23398,13894,102,4,43.99,0.15
23399,13894,48,1,168.77,0.1
23400,13894,20,1,18.3,0.15
23401,13895,37,5,79.43,0.1
23402,13896,43,1,57.17,0.05
23403,13897,7,-1,275.71,0.15
23404,13897,92,2,153.47,0.0
23405,13897,156,3,33.95,0.15
23406,13898,14,2,11.86,0.0
23407,13899,120,1,128.63,0.0
23408,13900,94,2,47.28,0.0
23409,13901,81,2,53.56,0.15
23410,13902,2,2,58.27,0.15
23411,13902,149,1,105.89,0.1
23412,13903,144,2,74.89,0.0
23413,13904,148,1,19.49,0.0
23414,13905,21,1,238.2,0.15
23415,13905,17,1,26.24,0.0
23416,13906,13,2,80.2,0.05
23417,13906,134,2,97.79,0.0
23418,13907,70,1,37.0,0.0
23419,13908,98,1,81.49,0.0
23420,13908,156,3,34.86,0.0
23421,13909,159,1,22.09,0.15
23422,13910,151,2,82.41,0.15
23423,13911,160,1,115.93,0.0
23424,13911,153,1,34.96,0.0
23425,13912,131,1,16.07,0.05
23426,13913,128,2,38.6,0.1
23427,13914,69,1,88.49,0.0
23428,13914,124,1,18.65,0.15
23429,13915,70,4,36.2,0.0
23430,13916,152,1,87.1,0.1
23431,13916,9,1,42.8,0.0
23432,13917,5,1,53.57,0.0
23433,13917,129,2,72.91,0.15
23434,13917,149,1,105.8,0.0
23435,13918,3,2,119.02,0.1
23436,13918,160,1,114.79,0.15
23437,13918,30,1,49.81,0.05
23438,13919,96,1,17.69,0.1
23439,13920,37,1,80.04,0.15
23440,13920,121,1,130.61,0.15
23441,13921,107,1,350.21,0.0
23442,13922,44,1,49.19,0.1
23443,13922,153,2,34.99,0.0
23444,13923,149,1,105.5,0.0
23445,13924,16,1,38.44,0.0
23446,13925,44,4,49.25,0.0
23447,13926,24,1,18.22,0.1
23448,13927,12,2,42.66,0.0
23449,13928,102,1,44.61,0.0
23450,13929,134,1,100.22,0.0
23451,13930,134,3,100.89,0.0
23452,13931,140,1,20.99,0.1
23453,13932,104,1,32.09,0.0
23454,13932,99,1,65.79,0.15
23455,13933,28,3,90.96,0.0
23456,13934,141,2,79.61,0.05
23457,13934,14,1,11.75,0.05
23458,13935,62,2,54.78,0.0
23459,13936,93,2,33.76,0.05
23460,13936,73,1,62.17,0.0
23461,13937,27,1,22.59,0.05
23462,13938,99,1,64.25,0.15
23463,13939,160,2,118.67,0.0
23464,13940,125,5,111.61,0.0
23465,13941,44,2,49.27,0.0
23466,13942,73,1,62.06,0.05
23467,13943,21,1,244.09,0.0
23468,13943,116,1,84.72,0.15
23469,13943,2,1,58.31,0.0
23470,13944,90,4,100.98,0.05
23471,13945,75,1,6.17,0.0
23472,13946,37,1,76.86,0.0
23473,13946,130,3,40.62,0.1
23474,13947,25,1,40.7,0.0
23475,13948,47,1,42.18,0.1
23476,13949,134,2,100.35,0.0
23477,13950,128,1,38.63,0.0
23478,13951,142,3,215.96,0.15
23479,13951,30,1,50.91,0.0
23480,13952,108,2,77.75,0.0
23481,13952,11,1,43.27,0.0
23482,13952,97,1,86.73,0.0
23483,13953,156,1,33.95,0.05
23484,13953,131,1,16.01,0.15
23485,13953,67,2,59.56,0.15
23486,13954,38,1,11.12,0.0
23487,13955,158,2,101.9,0.1
23488,13956,12,1,42.26,0.0
23489,13957,18,2,87.29,0.15
23490,13957,127,1,26.28,0.0
23491,13957,73,2,62.79,0.1
23492,13958,75,1,6.09,0.0
23493,13959,25,-1,39.65,0.15
23494,13959,126,5,458.2,0.0
23495,13959,127,1,26.52,0.0
23496,13960,30,5,50.94,0.0
23497,13961,80,1,10.6,0.15
23498,13962,123,1,232.15,0.05
23499,13962,113,1,68.07,0.05
23500,13963,58,1,48.31,0.05
23501,13964,55,1,164.51,0.05
23502,13964,60,1,156.46,0.0
23503,13965,54,1,113.9,0.0
23504,13966,39,1,19.95,0.05
23505,13966,6,1,53.25,0.15
23506,13967,50,3,13.0,0.1
23507,13967,8,2,131.24,0.15
23508,13967,130,2,41.64,0.0
23509,13968,107,2,346.87,0.0
23510,13968,35,1,133.37,0.0
23511,13968,63,1,24.35,0.0
23512,13969,10,1,107.62,0.0
23513,13970,45,2,17.16,0.15
23514,13971,68,2,157.57,0.0
23515,13971,120,1,126.95,0.1
23516,13972,134,1,98.82,0.05
23517,13973,33,3,63.78,0.0
23518,13973,60,5,154.05,0.15
23519,13974,87,2,146.8,0.1
23520,13975,1,1,101.33,0.0
23521,13976,114,5,605.56,0.0
23522,13976,43,1,59.68,0.05
23523,13977,25,1,40.16,0.0
23524,13978,91,4,72.24,0.0
23525,13978,97,3,86.62,0.15
23526,13979,130,2,40.75,0.0
23527,13980,135,4,27.82,0.05
23528,13980,111,4,11.79,0.0
23529,13980,90,2,105.74,0.0
23530,13981,116,1,84.49,0.0
23531,13982,132,1,69.5,0.05
23532,13983,59,3,86.3,0.0
23533,13984,90,1,103.41,0.05
23534,13984,31,1,38.71,0.0
23535,13985,34,1,25.27,0.1
23536,13985,145,2,81.36,0.0
23537,13985,137,1,31.56,0.0
23538,13985,109,1,83.73,0.05
23539,13986,117,1,63.08,0.0
23540,13987,12,1,42.82,0.05
23541,13987,148,1,19.7,0.15
23542,13988,41,1,127.86,0.05
23543,13988,123,4,232.27,0.15
23544,13989,101,1,18.02,0.05
23545,13990,141,2,80.05,0.0
23546,13991,31,1,36.95,0.0
23547,13992,58,5,50.24,0.1
23548,13992,138,3,47.78,0.0
23549,13993,123,1,234.67,0.0
23550,13993,95,3,45.93,0.0
23551,13994,43,1,57.5,0.0
23552,13994,147,1,21.42,0.0
23553,13994,73,1,62.42,0.05
23554,13995,89,1,39.4,0.0
23555,13996,35,1,136.63,0.1
23556,13997,136,4,262.24,0.0
23557,13997,59,1,87.51,0.15
23558,13998,128,2,38.17,0.0
23559,13998,15,1,14.12,0.0
23560,13999,25,1,40.55,0.1
23561,13999,29,4,38.51,0.05
23562,13999,46,3,33.32,0.05
23563,14000,122,1,28.99,0.0
23564,14001,96,1,17.18,0.1
23565,14002,36,2,21.42,0.0
23566,14002,114,1,591.41,0.0
23567,14002,21,4,242.98,0.15
23568,14003,144,2,76.32,0.1
23569,14004,78,1,49.32,0.05
23570,14005,53,4,35.28,0.1
23571,14005,151,1,82.41,0.1
23572,14006,119,1,184.38,0.1
23573,14007,86,4,40.93,0.0
23574,14007,3,1,113.69,0.0
23575,14007,83,3,245.65,0.0
23576,14008,53,1,35.4,0.15
23577,14009,67,1,60.75,0.15
23578,14010,68,2,164.37,0.15
23579,14010,76,1,132.84,0.0
23580,14010,143,2,15.43,0.15
23581,14011,137,2,32.05,0.15
23582,14011,13,2,80.49,0.15
23583,14012,101,1,18.08,0.0
23584,14013,121,1,130.12,0.15
23585,14014,29,1,38.46,0.0
23586,14015,37,2,76.71,0.0
23587,14016,83,2,243.3,0.0
23588,14016,1,1,101.23,0.05
23589,14016,128,1,39.7,0.1
23590,14017,77,3,72.07,0.0
23591,14017,9,1,42.54,0.0
23592,14018,40,1,79.04,0.0
23593,14019,88,1,88.53,0.0
23594,14019,144,1,78.5,0.1
23595,14020,137,2,32.59,0.05
23596,14021,59,1,88.7,0.15
23597,14022,54,5,115.14,0.0
23598,14023,22,3,53.55,0.0
23599,14024,146,4,128.98,0.0
23600,14025,38,1,11.18,0.05
23601,14026,36,1,21.9,0.0
23602,14027,36,1,22.22,0.05
23603,14028,16,1,38.19,0.05
23604,14028,116,2,85.77,0.1
23605,14028,92,2,157.24,0.0
23606,14029,61,1,41.71,0.1
23607,14030,19,1,28.32,0.0
23608,14030,117,1,62.59,0.05
23609,14030,139,3,132.63,0.05
23610,14030,143,1,15.45,0.0
23611,14031,106,1,91.85,0.05
23612,14031,19,4,28.33,0.0
23613,14031,111,1,11.62,0.0
23614,14031,28,1,89.7,0.1
23615,14032,58,4,49.56,0.0
23616,14032,132,1,70.54,0.15
23617,14033,153,2,35.4,0.0
23618,14033,6,1,53.19,0.1
23619,14033,139,1,137.97,0.15
23620,14034,30,3,49.17,0.0
23621,14035,59,2,89.12,0.05
23622,14036,34,2,24.77,0.05
23623,14037,49,2,89.12,0.0
23624,14037,76,1,139.56,0.0
23625,14037,22,3,52.39,0.05
23626,14038,53,3,34.75,0.1
23627,14038,97,2,84.84,0.15
23628,14039,67,1,60.92,0.0
23629,14039,54,1,115.27,0.0
23630,14040,36,1,21.25,0.15
23631,14040,85,1,31.39,0.0
23632,14040,145,1,82.51,0.15
23633,14040,56,2,147.95,0.1
23634,14041,65,2,135.19,0.05
23635,14042,79,1,70.02,0.0
23636,14042,13,1,80.9,0.1
23637,14043,15,1,13.72,0.0
23638,14044,13,1,81.32,0.05
23639,14044,66,2,224.37,0.0
23640,14045,72,3,262.93,0.15
23641,14045,46,2,34.25,0.15
23642,14045,13,4,80.25,0.15
23643,14045,7,2,265.4,0.0
23644,14046,30,2,49.75,0.0
23645,14046,144,5,77.09,0.15
23646,14047,124,1,18.28,0.05
23647,14047,11,1,43.12,0.05
23648,14048,84,2,40.08,0.15
23649,14049,141,1,79.61,0.0
23650,14049,40,3,76.44,0.05
23651,14050,78,2,50.08,0.05
23652,14050,99,1,64.18,0.15
23653,14050,95,2,46.28,0.0
23654,14050,148,4,19.47,0.0
23655,14051,141,2,80.14,0.15
23656,14052,76,3,138.06,0.0
23657,14053,24,1,17.78,0.0
23658,14053,52,1,46.26,0.1
23659,14053,70,1,36.54,0.15
23660,14054,54,2,111.57,0.05
23661,14055,79,1,70.28,0.15
23662,14056,107,2,357.88,0.1
23663,14056,81,5,52.25,0.05
23664,14057,121,1,130.67,0.0
23665,14058,61,1,43.26,0.0
23666,14058,88,1,87.81,0.0
23667,14059,104,1,31.23,0.0
23668,14059,155,1,83.4,0.0
23669,14060,133,3,24.71,0.0
23670,14061,49,1,89.33,0.0
23671,14061,99,1,63.72,0.1
23672,14062,124,1,18.2,0.0
23673,14062,81,2,52.69,0.05
23674,14063,129,1,72.9,0.15
23675,14063,131,1,15.83,0.05
23676,14064,116,4,83.82,0.0
23677,14065,155,1,84.97,0.05
23678,14065,119,5,183.84,0.15
23679,14065,63,1,24.5,0.1
23680,14066,158,1,98.43,0.0
23681,14067,155,4,84.23,0.0
23682,14067,16,1,38.9,0.15
23683,14068,57,1,31.06,0.05
23684,14068,77,2,71.41,0.15
23685,14068,148,5,20.01,0.0
23686,14068,134,1,98.8,0.0
23687,14069,86,2,41.15,0.05
23688,14070,116,1,84.7,0.15
23689,14071,128,1,38.75,0.0
23690,14071,19,4,29.24,0.0
23691,14072,41,4,127.02,0.15
23692,14073,133,1,25.58,0.15
23693,14073,50,1,13.5,0.15
23694,14073,73,3,62.35,0.0
23695,14074,125,1,110.06,0.1
23696,14075,23,2,67.96,0.1
23697,14075,101,2,18.21,0.0
23698,14076,101,1,17.79,0.0
23699,14077,155,1,86.74,0.1
23700,14077,74,2,269.2,0.0
23701,14077,140,1,21.45,0.0
23702,14078,67,1,60.51,0.0
23703,14079,146,1,131.42,0.0
23704,14080,29,1,38.67,0.0
23705,14080,42,2,74.35,0.0
23706,14080,52,4,45.66,0.1
23707,14080,35,1,138.84,0.15
23708,14081,78,4,50.79,0.05
23709,14082,158,1,101.71,0.0
23710,14082,156,1,34.2,0.0
23711,14083,80,1,10.72,0.0
23712,14083,31,1,38.11,0.1
23713,14083,49,1,88.16,0.05
23714,14083,41,1,125.93,0.0
23715,14084,91,1,70.31,0.15
23716,14085,37,1,76.5,0.05
23717,14085,135,4,28.72,0.0
23718,14085,22,3,51.99,0.0
23719,14085,64,2,22.23,0.0
23720,14086,35,1,138.14,0.0
23721,14087,18,1,87.17,0.15
23722,14088,72,2,265.17,0.1
23723,14088,12,3,43.78,0.1
23724,14088,156,1,33.77,0.0
23725,14089,42,2,77.35,0.0
23726,14090,158,1,101.24,0.05
23727,14090,4,2,253.08,0.1
23728,14091,132,3,67.59,0.0
23729,14092,122,1,28.61,0.0
23730,14093,89,3,40.1,0.05
23731,14094,16,1,38.73,0.0
23732,14094,70,1,36.58,0.0
23733,14094,82,1,89.09,0.0
23734,14095,39,1,19.19,0.0
23735,14096,51,4,86.37,0.0
23736,14097,79,3,70.63,0.0
23737,14097,45,1,16.8,0.05
23738,14098,28,1,89.11,0.15
23739,14099,122,2,28.62,0.05
23740,14099,158,1,98.96,0.15
23741,14100,110,4,60.93,0.0
23742,14101,38,2,11.39,0.15
23743,14101,66,1,217.93,0.05
23744,14101,109,1,82.7,0.05
23745,14102,72,1,253.89,0.05
23746,14103,117,1,61.52,0.1
23747,14104,28,1,92.55,0.0
23748,14105,8,1,129.01,0.15
23749,14106,72,2,255.1,0.0
23750,14107,48,2,168.51,0.0
23751,14108,96,1,17.84,0.0
23752,14108,123,1,230.94,0.05
23753,14108,128,1,39.41,0.0
23754,14108,11,1,42.74,0.1
23755,14109,141,4,80.58,0.05
23756,14109,134,3,100.95,0.15
23757,14109,19,2,28.02,0.0
23758,14110,156,1,34.71,0.05
23759,14110,56,1,151.47,0.0
23760,14111,31,1,38.38,0.05
23761,14112,94,1,49.18,0.1
23762,14112,112,1,62.89,0.15
23763,14112,140,1,20.94,0.1
23764,14113,3,4,115.92,0.05
23765,14113,57,4,29.82,0.1
23766,14113,70,4,37.07,0.0
23767,14113,77,2,70.93,0.15
23768,14114,25,1,39.88,0.05
23769,14115,74,2,265.29,0.0
23770,14116,84,1,41.18,0.0
23771,14116,36,1,21.19,0.0
23772,14116,95,1,45.67,0.15
23773,14117,12,1,43.44,0.0
23774,14118,160,1,116.0,0.0
23775,14119,35,1,137.44,0.15
23776,14119,65,1,138.33,0.1
23777,14120,96,2,17.59,0.0
23778,14120,14,2,11.91,0.0
23779,14121,150,1,85.4,0.1
23780,14122,17,1,26.71,0.15
23781,14123,143,2,15.35,0.0
23782,14124,90,3,104.93,0.05
23783,14125,148,5,20.0,0.0
23784,14126,68,3,162.41,0.1
23785,14126,43,5,58.97,0.1
23786,14127,9,2,42.99,0.1
23787,14128,35,2,133.97,0.0
23788,14128,27,1,23.0,0.1
23789,14128,37,2,77.33,0.05
23790,14129,146,2,133.04,0.0
23791,14129,56,2,147.95,0.0
23792,14129,96,1,17.12,0.0
23793,14130,9,1,41.92,0.0
23794,14130,29,4,37.63,0.05
23795,14131,132,5,69.21,0.15
23796,14131,141,1,80.75,0.15
23797,14131,133,1,25.51,0.1
23798,14132,20,2,18.4,0.0
23799,14132,50,1,13.26,0.0
23800,14133,79,3,69.35,0.1
23801,14133,8,2,132.21,0.15
23802,14133,68,2,157.59,0.1
23803,14133,97,2,86.47,0.15
23804,14134,48,2,172.25,0.1
23805,14134,139,3,137.38,0.0
23806,14135,3,3,119.05,0.1
23807,14135,75,1,6.06,0.15
23808,14135,30,1,50.62,0.1
23809,14135,45,2,17.6,0.15
23810,14136,62,1,53.79,0.0
23811,14137,126,1,456.53,0.0
23812,14137,10,1,104.34,0.0
23813,14137,97,4,82.79,0.05
23814,14138,69,3,89.07,0.15
23815,14139,88,1,87.85,0.0
23816,14140,122,2,29.07,0.0
23817,14140,102,5,44.39,0.15
23818,14141,125,2,109.84,0.0
23819,14142,74,2,271.71,0.05
23820,14142,106,5,93.43,0.15
23821,14142,47,1,42.53,0.0
23822,14143,137,2,32.32,0.15
23823,14143,7,1,270.32,0.0
23824,14144,87,1,151.28,0.0
23825,14144,27,1,23.0,0.0
23826,14145,80,2,10.92,0.05
23827,14145,64,2,21.69,0.05
23828,14145,39,2,19.29,0.0
23829,14146,14,1,11.46,0.1
23830,14147,87,2,147.82,0.15
23831,14148,77,1,69.86,0.15
23832,14148,98,1,84.28,0.1
23833,14149,153,2,35.13,0.0
23834,14150,17,1,25.58,0.0
23835,14151,71,1,90.3,0.0
23836,14151,118,2,22.33,0.15
23837,14151,91,2,71.79,0.0
23838,14152,32,3,341.53,0.0
23839,14152,78,1,49.65,0.05
23840,14153,124,2,18.6,0.1
23841,14153,36,2,21.95,0.0
23842,14153,118,1,22.92,0.0
23843,14154,59,1,89.42,0.05
23844,14155,112,3,62.15,0.05
23845,14156,26,1,72.18,0.0
23846,14156,96,1,17.66,0.0
23847,14157,146,2,128.19,0.1
23848,14157,135,1,28.74,0.1
23849,14158,57,2,30.66,0.15
23850,14159,72,3,258.59,0.0
23851,14160,128,3,38.29,0.0
23852,14160,55,5,166.42,0.15
23853,14161,46,1,33.65,0.0
23854,14162,146,1,134.11,0.0
23855,14163,154,1,79.06,0.0
23856,14164,145,3,80.17,0.15
23857,14165,104,2,32.27,0.15
23858,14166,86,1,41.55,0.1
23859,14167,88,1,89.37,0.15
23860,14167,138,2,49.36,0.05
23861,14167,4,2,255.44,0.15
23862,14167,114,1,603.74,0.0
23863,14168,49,1,88.1,0.0
23864,14169,56,4,149.32,0.15
23865,14169,140,2,21.91,0.0
23866,14169,30,2,50.34,0.1
23867,14170,35,2,133.35,0.0
23868,14171,40,2,79.3,0.05
23869,14171,138,1,49.79,0.1
23870,14171,148,2,19.63,0.1
23871,14172,160,5,118.44,0.15
23872,14173,7,4,268.07,0.1
23873,14173,160,1,115.53,0.1
23874,14173,12,2,43.22,0.0
23875,14174,28,1,91.0,0.0
23876,14174,95,3,45.97,0.0
23877,14175,143,2,15.57,0.1
23878,14175,27,1,23.11,0.0
23879,14176,149,2,103.42,0.0
23880,14176,66,4,215.38,0.0
23881,14176,96,1,17.21,0.05
23882,14176,146,2,131.11,0.0
23883,14177,62,1,56.09,0.05
23884,14177,47,1,44.0,0.1
23885,14178,138,2,48.19,0.05
23886,14178,39,4,19.53,0.1
23887,14179,88,1,89.44,0.0
23888,14179,58,4,50.16,0.0
23889,14180,118,2,23.07,0.15
23890,14181,13,1,80.41,0.0
23891,14182,159,2,22.4,0.15
23892,14182,65,1,136.68,0.0
23893,14182,109,1,82.46,0.0
23894,14183,86,2,41.17,0.0
23895,14183,116,1,83.85,0.15
23896,14184,70,1,36.07,0.0
23897,14184,159,1,22.82,0.15
23898,14185,88,1,86.25,0.05
23899,14186,62,1,53.97,0.0
23900,14186,80,1,11.05,0.1
23901,14186,92,1,154.28,0.0
23902,14187,128,1,39.71,0.0
23903,14187,61,2,42.13,0.1
23904,14187,41,1,123.49,0.15
23905,14188,126,2,471.62,0.0
23906,14189,51,2,89.23,0.15
23907,14189,17,2,25.92,0.15
23908,14190,150,1,86.4,0.0
23909,14190,77,2,68.65,0.0
23910,14191,42,4,77.48,0.0
23911,14192,5,1,53.32,0.0
23912,14192,147,2,21.22,0.15
23913,14193,81,1,53.56,0.0
23914,14193,60,3,154.19,0.0
23915,14193,123,1,226.97,0.15
23916,14194,80,1,11.03,0.15
23917,14194,79,1,70.53,0.0
23918,14195,122,1,28.91,0.1
23919,14196,43,1,58.06,0.0
23920,14196,151,2,82.29,0.05
23921,14197,140,2,21.86,0.0
23922,14197,153,1,35.69,0.1
23923,14197,73,1,62.57,0.15
23924,14197,115,3,54.8,0.05
23925,14198,50,2,12.96,0.0
23926,14198,107,1,347.6,0.05
23927,14198,146,1,133.41,0.15
23928,14198,53,2,35.65,0.05
23929,14199,5,1,51.67,0.0
23930,14199,42,1,77.06,0.1
23931,14200,66,2,216.14,0.0
23932,14200,103,1,48.88,0.0
23933,14201,159,1,22.25,0.05
23934,14201,103,3,47.04,0.05
23935,14202,68,1,160.43,0.1
23936,14202,19,1,28.49,0.0
23937,14203,85,3,32.12,0.05
23938,14203,131,1,16.41,0.1
23939,14204,36,2,22.1,0.0
23940,14205,10,2,107.55,0.0
23941,14206,130,2,41.04,0.0
23942,14206,142,1,209.27,0.15
23943,14207,13,1,82.63,0.0
23944,14208,55,1,164.62,0.0
23945,14209,150,3,86.7,0.0
23946,14210,53,1,34.53,0.15
23947,14211,103,2,48.78,0.15
23948,14211,101,1,18.12,0.0
23949,14212,79,1,71.82,0.0
23950,14213,8,1,127.74,0.15
23951,14214,51,1,86.03,0.15
23952,14214,66,1,221.68,0.05
23953,14214,111,1,11.63,0.05
23954,14214,12,4,43.57,0.05
23955,14215,12,1,42.24,0.0
23956,14215,86,3,41.2,0.0
23957,14215,17,1,26.22,0.1
23958,14216,33,2,63.3,0.0
23959,14217,105,1,55.7,0.0
23960,14218,67,2,60.03,0.0
23961,14218,106,4,92.74,0.1
23962,14219,154,1,79.1,0.15
23963,14220,116,1,84.2,0.05
23964,14221,152,2,88.53,0.15
23965,14222,71,1,89.74,0.0
23966,14223,65,1,135.3,0.1
23967,14223,133,1,25.13,0.0
23968,14223,103,1,46.64,0.1
23969,14223,81,5,53.4,0.0
23970,14224,88,1,85.49,0.15
23971,14224,116,1,84.0,0.15
23972,14224,152,1,88.34,0.0
23973,14225,128,1,38.81,0.15
23974,14226,159,1,22.18,0.05
23975,14227,113,3,68.99,0.15
23976,14227,52,1,46.46,0.0
23977,14227,115,2,54.49,0.0
23978,14227,58,5,50.34,0.05
23979,14228,115,1,55.13,0.05
23980,14228,56,1,146.77,0.05
23981,14228,78,2,48.88,0.0
23982,14229,28,1,92.63,0.0
23983,14229,134,1,100.14,0.0
23984,14230,129,3,69.8,0.15
23985,14230,25,1,40.28,0.15
23986,14231,25,1,40.21,0.0
23987,14231,117,1,64.23,0.0
23988,14231,107,1,351.82,0.0
23989,14231,60,1,153.0,0.1
23990,14232,106,2,91.33,0.1
23991,14233,131,1,16.11,0.0
23992,14233,146,1,133.02,0.0
23993,14233,34,1,25.18,0.05
23994,14234,22,1,53.75,0.0
23995,14234,74,1,262.0,0.0
23996,14234,70,1,35.91,0.0
23997,14234,30,4,50.17,0.1
23998,14235,125,2,108.9,0.1
23999,14235,115,1,55.46,0.0
24000,14236,101,2,18.51,0.15
24001,14237,64,1,21.78,0.0
24002,14238,44,4,48.9,0.15
24003,14239,145,5,83.01,0.0
24004,14240,76,1,137.68,0.15
24005,14240,60,3,159.54,0.0
24006,14241,87,2,147.88,0.05
24007,14241,44,2,48.46,0.1
24008,14242,1,2,99.37,0.1
24009,14243,135,1,28.17,0.15
24010,14243,94,2,48.9,0.0
24011,14244,4,1,251.43,0.1
24012,14244,23,1,70.09,0.0
24013,14245,64,1,22.47,0.15
24014,14246,159,1,22.27,0.15
24015,14246,31,2,37.14,0.05
24016,14246,75,1,6.16,0.1
24017,14247,76,2,136.03,0.0
24018,14248,153,1,36.11,0.0
24019,14248,159,2,21.79,0.0
24020,14248,67,2,60.39,0.1
24021,14249,6,1,53.81,0.0
24022,14250,155,3,86.56,0.0
24023,14250,80,3,10.81,0.15
24024,14250,85,3,31.29,0.0
24025,14251,112,1,63.37,0.0
24026,14252,37,1,78.67,0.0
24027,14253,154,1,81.94,0.15
24028,14253,124,1,18.14,0.0
24029,14254,125,5,108.69,0.1
24030,14255,133,1,25.19,0.1
24031,14256,46,1,34.22,0.15
24032,14256,104,4,31.63,0.0
24033,14257,113,1,68.31,0.0
24034,14257,59,1,86.07,0.1
24035,14258,65,1,133.38,0.1
24036,14259,133,2,25.47,0.05
24037,14260,43,1,59.26,0.05
24038,14261,5,1,53.95,0.15
24039,14262,127,2,27.23,0.05
24040,14263,39,1,19.68,0.0
24041,14264,132,2,70.51,0.1
24042,14265,44,1,48.44,0.15
24043,14265,4,2,261.04,0.1
24044,14266,34,1,24.92,0.0
24045,14266,69,2,87.84,0.05
24046,14267,134,1,98.28,0.0
24047,14268,142,2,212.8,0.0
24048,14268,26,1,72.59,0.05
24049,14268,20,3,17.87,0.1
24050,14269,102,1,45.07,0.0
24051,14270,123,1,235.08,0.05
24052,14270,91,2,71.36,0.0
24053,14270,112,5,63.81,0.05
24054,14271,128,5,38.3,0.1
24055,14272,71,4,90.93,0.0
24056,14273,50,1,13.32,0.05
24057,14274,91,1,72.72,0.0
24058,14274,28,1,88.96,0.15
24059,14274,36,1,21.74,0.0
24060,14275,75,1,6.17,0.0
24061,14275,26,-1,72.16,0.0
24062,14275,42,2,77.79,0.1
24063,14275,131,1,16.18,0.05
24064,14276,158,2,101.49,0.05
24065,14276,40,2,79.39,0.1
24066,14277,109,5,84.03,0.1
24067,14278,160,4,114.44,0.15
24068,14279,28,1,89.36,0.0
24069,14280,47,3,42.38,0.0
24070,14280,23,1,70.01,0.1
24071,14281,53,1,34.91,0.15
24072,14282,126,1,473.33,0.1
24073,14282,22,1,51.76,0.05
24074,14282,90,1,103.16,0.1
24075,14282,110,1,61.39,0.0
24076,14283,42,3,73.95,0.1
24077,14284,11,1,41.94,0.0
24078,14284,137,4,32.72,0.05
24079,14285,124,2,18.79,0.0
24080,14285,122,2,28.73,0.05
24081,14286,156,3,33.37,0.0
24082,14286,140,1,21.62,0.0
24083,14286,47,1,43.64,0.1
24084,14286,131,1,16.22,0.0
24085,14287,52,1,46.63,0.05
24086,14288,126,3,477.1,0.1
24087,14289,101,1,17.81,0.1
24088,14290,73,1,63.15,0.0
24089,14291,103,1,48.57,0.1
24090,14291,6,2,52.72,0.05
24091,14292,91,2,69.56,0.0
24092,14293,32,2,353.15,0.0
24093,14294,19,3,28.79,0.0
24094,14295,1,1,103.77,0.0
24095,14295,146,4,131.98,0.0
24096,14295,7,1,275.78,0.05
24097,14296,96,1,17.56,0.1
24098,14296,100,1,53.73,0.0
24099,14296,56,3,153.29,0.05
24100,14297,80,2,10.82,0.0
24101,14298,43,5,57.11,0.0
24102,14298,159,5,22.44,0.0
24103,14299,10,2,105.53,0.0
24104,14300,5,1,51.55,0.1
24105,14301,116,1,84.98,0.0
24106,14301,33,1,63.96,0.0
24107,14302,21,1,246.73,0.1
24108,14303,152,1,87.55,0.0
24109,14303,38,3,11.41,0.1
24110,14304,106,1,95.86,0.15
24111,14305,156,2,33.61,0.15
24112,14306,14,1,11.89,0.15
24113,14306,19,1,28.4,0.1
24114,14307,74,1,268.9,0.0
24115,14307,156,1,34.86,0.0
24116,14307,29,2,37.83,0.0
24117,14308,156,1,33.86,0.05
24118,14309,23,4,68.21,0.0
24119,14309,94,1,48.0,0.0
24120,14310,155,4,84.14,0.0
24121,14311,76,2,135.5,0.0
24122,14311,10,2,103.72,0.0
24123,14312,84,2,40.08,0.0
24124,14312,141,2,78.53,0.05
24125,14313,79,1,69.55,0.05
24126,14313,99,1,64.13,0.0
24127,14313,159,1,21.98,0.05
24128,14313,38,2,11.18,0.0
24129,14314,14,3,11.87,0.0
24130,14315,83,2,245.46,0.15
24131,14316,17,2,26.48,0.0
24132,14317,103,5,48.07,0.15
24133,14318,71,2,87.86,0.1
24134,14318,148,1,19.81,0.05
24135,14319,11,1,42.14,0.15
24136,14319,137,1,32.91,0.0
24137,14320,17,1,25.49,0.0
24138,14320,118,1,22.18,0.1
24139,14321,83,2,245.0,0.05
24140,14322,77,2,69.89,0.05
24141,14323,77,1,70.28,0.05
24142,14324,53,1,35.28,0.0
24143,14325,136,1,257.06,0.0
24144,14326,96,1,17.19,0.0
24145,14327,71,4,91.44,0.0
24146,14328,56,1,151.98,0.05
24147,14328,78,1,49.77,0.05
24148,14329,157,1,355.51,0.15
24149,14330,121,1,133.04,0.0
24150,14330,26,1,72.62,0.1
24151,14330,37,2,76.71,0.0
24152,14331,59,2,85.46,0.0
24153,14331,80,1,10.68,0.0
24154,14331,107,3,355.48,0.15
24155,14332,103,1,47.1,0.05
24156,14332,61,1,41.76,0.05
24157,14333,89,1,41.11,0.0
24158,14333,99,1,64.43,0.05
24159,14334,61,2,42.17,0.0
24160,14335,4,1,260.34,0.0
24161,14336,40,2,78.82,0.05
24162,14336,32,3,346.79,0.1
24163,14336,68,1,157.76,0.0
24164,14337,14,1,11.41,0.0
24165,14337,87,1,146.51,0.0
24166,14338,105,1,55.77,0.1
24167,14339,83,1,251.31,0.1
24168,14340,6,1,51.8,0.15
24169,14341,54,2,114.14,0.15
24170,14342,36,2,21.32,0.0
24171,14343,106,1,95.59,0.0
24172,14343,97,2,84.6,0.0
24173,14343,16,2,38.5,0.0
24174,14344,41,1,126.22,0.1
24175,14345,3,1,115.33,0.05
24176,14346,51,1,85.83,0.0
24177,14346,43,3,58.98,0.1
24178,14347,111,2,11.7,0.0
24179,14347,14,3,11.4,0.1
24180,14348,12,1,42.84,0.05
24181,14349,156,-5,33.54,0.05
24182,14349,106,1,92.27,0.0
24183,14349,122,2,28.74,0.0
24184,14350,118,1,22.76,0.05
24185,14351,142,1,211.76,0.0
24186,14351,97,3,86.22,0.0
24187,14352,64,2,21.89,0.0
24188,14353,49,3,90.04,0.0
24189,14354,142,2,212.4,0.05
24190,14355,141,1,81.23,0.1
24191,14355,146,5,134.75,0.15
24192,14356,40,2,76.6,0.0
24193,14357,146,1,129.13,0.15
24194,14357,12,3,43.3,0.0
24195,14358,73,1,62.97,0.0
24196,14359,112,1,63.74,0.15
24197,14360,16,1,38.84,0.0
24198,14360,19,1,28.11,0.05
24199,14361,84,4,41.41,0.0
24200,14361,76,2,134.81,0.0
24201,14362,79,1,69.44,0.0
24202,14363,120,3,127.32,0.0
24203,14363,66,1,218.97,0.0
24204,14364,72,1,253.25,0.0
24205,14365,120,1,130.11,0.0
24206,14366,50,3,13.35,0.15
24207,14366,138,4,47.75,0.0
24208,14367,135,3,28.05,0.0
24209,14367,145,1,81.11,0.1
24210,14368,99,1,64.16,0.05
24211,14368,44,1,49.16,0.0
24212,14369,130,1,40.75,0.1
24213,14369,46,1,34.18,0.0
24214,14369,109,1,83.01,0.05
24215,14370,7,1,271.27,0.15
24216,14371,32,3,343.18,0.1
24217,14371,150,2,85.11,0.05
24218,14372,50,2,13.42,0.0
24219,14372,111,1,11.33,0.0
24220,14373,37,1,78.38,0.05
24221,14373,131,1,16.09,0.0
24222,14373,150,2,83.59,0.1
24223,14374,17,1,25.68,0.0
24224,14374,91,1,70.84,0.15
24225,14374,49,2,87.78,0.0
24226,14375,15,3,13.46,0.0
24227,14375,35,1,135.1,0.15
24228,14376,124,1,18.08,0.1
24229,14376,25,4,38.94,0.0
24230,14377,42,1,74.66,0.0
24231,14378,48,1,167.31,0.0
24232,14378,84,1,40.15,0.1
24233,14379,113,1,68.65,0.15
24234,14380,110,3,60.36,0.0
24235,14381,73,1,62.62,0.0
24236,14382,57,3,30.45,0.0
24237,14383,5,2,52.73,0.0
24238,14384,129,3,70.1,0.05
24239,14385,60,1,158.31,0.15
24240,14385,53,1,36.22,0.1
24241,14386,31,2,38.04,0.0
24242,14387,81,1,53.8,0.0
24243,14388,71,4,89.17,0.0
24244,14389,136,1,257.11,0.15
24245,14389,137,1,32.54,0.05
24246,14389,31,2,37.69,0.0
24247,14390,45,1,17.19,0.0
24248,14391,92,1,153.43,0.0
24249,14392,12,1,42.36,0.05
24250,14393,61,1,42.78,0.0
24251,14394,67,1,61.28,0.0
24252,14394,95,1,44.94,0.1
24253,14395,126,1,464.14,0.0
24254,14396,157,2,351.23,0.1
24255,14397,4,2,255.03,0.15
24256,14398,6,3,51.74,0.0
24257,14399,52,1,46.21,0.0
24258,14400,135,2,27.86,0.0
24259,14400,91,1,69.76,0.1
24260,14401,49,1,87.09,0.1
24261,14402,124,2,18.21,0.0
24262,14402,142,2,211.99,0.0
24263,14403,102,1,45.39,0.15
24264,14403,57,2,30.07,0.05
24265,14404,121,2,134.18,0.15
24266,14405,16,1,38.72,0.0
24267,14406,138,2,49.63,0.0
24268,14406,137,2,31.96,0.05
24269,14406,93,1,35.2,0.15
24270,14407,137,2,32.9,0.0
24271,14408,129,1,69.61,0.0
24272,14408,15,1,13.68,0.1
24273,14409,37,3,76.62,0.0
24274,14410,73,1,64.55,0.0
24275,14410,21,1,238.21,0.0
24276,14410,94,1,47.8,0.0
24277,14411,119,2,182.3,0.1
24278,14412,109,2,83.97,0.0
24279,14413,105,2,55.8,0.0
24280,14413,29,1,37.87,0.0
24281,14414,50,1,13.13,0.0
24282,14414,120,1,129.99,0.1
24283,14415,34,2,24.83,0.0
24284,14415,93,3,34.79,0.1
24285,14415,41,1,128.07,0.0
24286,14416,22,1,52.3,0.15
24287,14416,157,1,342.05,0.0
24288,14417,109,1,82.01,0.05
24289,14418,86,2,42.31,0.0
24290,14418,10,1,105.06,0.0
24291,14419,15,1,13.5,0.05
24292,14420,55,1,165.83,0.0
24293,14421,6,1,52.14,0.0
24294,14421,84,1,40.88,0.0
24295,14422,2,2,56.66,0.15
24296,14423,54,2,110.39,0.0
24297,14424,127,1,26.29,0.15
24298,14425,22,5,53.3,0.0
24299,14426,118,3,22.46,0.0
24300,14427,137,2,31.59,0.0
24301,14428,14,2,11.48,0.1
24302,14428,97,1,85.4,0.05
24303,14429,140,1,21.11,0.1
24304,14430,120,1,128.2,0.0
24305,14431,106,1,95.51,0.0
24306,14432,63,2,23.57,0.1
24307,14433,65,2,132.36,0.0
24308,14434,137,1,31.64,0.0
24309,14434,59,1,89.57,0.0
24310,14435,96,1,17.07,0.0
24311,14436,54,1,114.7,0.0
24312,14436,128,1,39.91,0.0
24313,14437,103,4,46.96,0.05
24314,14437,84,3,40.0,0.0
24315,14438,121,4,130.82,0.0
24316,14438,8,1,130.94,0.0
24317,14438,140,4,21.06,0.0
24318,14439,113,3,67.81,0.1
24319,14440,118,3,23.14,0.0
24320,14440,121,5,129.84,0.05
24321,14441,138,3,49.42,0.15
24322,14441,145,1,81.81,0.05
24323,14441,17,3,26.69,0.0
24324,14442,62,1,54.91,0.0
24325,14443,116,1,86.47,0.1
24326,14444,90,1,104.53,0.05
24327,14444,93,1,33.91,0.0
24328,14445,126,2,476.04,0.15
24329,14445,157,1,353.54,0.15
24330,14446,105,1,55.94,0.0
24331,14447,147,4,21.45,0.15
24332,14447,46,2,34.5,0.1
24333,14447,101,1,17.76,0.1
24334,14448,13,4,80.94,0.0
24335,14449,126,1,474.47,0.05
24336,14449,41,2,125.58,0.05
24337,14449,156,4,34.85,0.15
24338,14450,74,2,270.2,0.15
24339,14451,157,3,353.01,0.15
24340,14451,132,1,69.74,0.0
24341,14451,56,4,152.24,0.1
24342,14452,29,1,37.51,0.1
24343,14453,59,1,87.43,0.0
24344,14454,10,1,104.36,0.05
24345,14454,35,3,136.98,0.0
24346,14455,55,1,165.95,0.1
24347,14455,113,1,69.77,0.1
24348,14455,107,2,354.88,0.1
24349,14456,107,1,349.25,0.0
24350,14456,71,1,88.23,0.0
24351,14457,92,2,151.66,0.0
24352,14457,26,3,71.24,0.0
24353,14458,140,1,21.69,0.0
24354,14459,90,5,101.29,0.1
24355,14459,21,1,245.22,0.0
24356,14459,147,2,21.76,0.15
24357,14460,97,1,83.77,0.0
24358,14461,63,1,24.15,0.05
24359,14462,8,1,132.58,0.1
24360,14462,149,4,106.19,0.05
24361,14463,148,1,20.16,0.15
24362,14464,16,1,38.99,0.0
24363,14465,153,2,35.71,0.1
24364,14466,71,1,91.18,0.0
24365,14466,150,1,86.3,0.15
24366,14467,150,2,86.14,0.0
24367,14467,53,1,34.65,0.1
24368,14467,5,2,52.91,0.0
24369,14468,29,1,37.02,0.0
24370,14469,13,2,81.96,0.15
24371,14470,112,5,62.13,0.05
24372,14470,104,2,30.99,0.15
24373,14470,156,2,34.21,0.0
24374,14471,112,1,62.53,0.0
24375,14472,44,5,49.6,0.1
24376,14473,20,2,18.01,0.15
24377,14474,55,1,167.81,0.0
24378,14475,156,3,33.52,0.0
24379,14476,46,2,34.26,0.1
24380,14477,26,3,73.1,0.05
24381,14478,153,1,35.38,0.05
24382,14479,136,2,258.94,0.05
24383,14480,14,3,11.43,0.0
24384,14481,50,1,13.08,0.0
24385,14481,37,5,76.98,0.0
24386,14482,18,1,85.6,0.0
24387,14482,51,3,85.11,0.0
24388,14482,96,1,17.2,0.0
24389,14483,153,1,35.88,0.1
24390,14483,20,5,18.27,0.15
24391,14484,92,1,159.27,0.05
24392,14485,6,2,52.76,0.0
24393,14486,21,2,241.17,0.05
24394,14487,9,2,42.33,0.0
24395,14488,111,1,11.31,0.05
24396,14488,69,2,91.46,0.15
24397,14489,149,1,106.63,0.0
24398,14489,160,1,116.37,0.1
24399,14490,115,1,55.17,0.0
24400,14491,64,2,22.32,0.0
24401,14491,83,1,251.22,0.0
24402,14492,159,4,22.7,0.0
24403,14492,128,3,38.93,0.1
24404,14493,116,4,85.17,0.0
24405,14493,77,1,72.0,0.05
24406,14493,52,2,45.55,0.1
24407,14494,133,1,24.99,0.05
24408,14494,6,2,51.61,0.05
24409,14495,58,4,49.92,0.0
24410,14496,123,2,232.61,0.05
24411,14496,31,2,37.36,0.0
24412,14496,96,1,17.61,0.05
24413,14497,120,3,126.79,0.0
24414,14497,128,1,38.7,0.15
24415,14498,95,1,44.79,0.15
24416,14499,122,5,29.07,0.0
24417,14500,60,2,153.54,0.15
24418,14500,112,1,61.95,0.0
24419,14501,85,1,31.77,0.05
24420,14501,125,2,109.02,0.0
24421,14502,104,2,31.95,0.15
24422,14502,111,2,11.67,0.1
24423,14502,61,2,42.23,0.0
24424,14503,3,3,118.11,0.0
24425,14504,139,1,133.65,0.0
24426,14505,43,1,59.23,0.0
24427,14505,116,1,83.18,0.0
24428,14505,95,1,46.0,0.15
24429,14506,2,3,56.25,0.1
24430,14507,125,3,111.3,0.1
24431,14507,13,5,79.21,0.05
24432,14508,6,3,52.75,0.0
24433,14508,133,2,25.04,0.15
24434,14508,118,1,22.3,0.1
24435,14508,44,2,49.05,0.1
24436,14509,73,5,64.55,0.0
24437,14509,70,2,37.14,0.05
24438,14509,103,2,48.1,0.0
24439,14510,123,1,231.3,0.1
24440,14511,25,1,38.9,0.0
24441,14511,125,1,108.46,0.15
24442,14512,110,4,59.85,0.0
24443,14513,51,1,87.55,0.05
24444,14513,160,1,115.46,0.1
24445,14513,113,1,67.48,0.15
24446,14513,33,1,65.22,0.05
24447,14514,103,1,48.83,0.1
24448,14514,6,4,52.52,0.0
24449,14515,29,1,38.44,0.0
24450,14515,30,2,51.03,0.1
24451,14516,147,1,21.7,0.15
24452,14516,19,1,29.14,0.05
24453,14516,109,1,80.4,0.0
24454,14516,130,1,41.14,0.1
24455,14517,26,1,71.19,0.0
24456,14518,111,1,11.55,0.0
24457,14518,136,2,257.17,0.15
24458,14519,124,3,18.28,0.0
24459,14519,146,1,130.6,0.0
24460,14519,74,1,261.25,0.15
24461,14520,16,3,38.98,0.0
24462,14521,55,2,165.49,0.15
24463,14522,139,1,138.62,0.0
24464,14523,150,2,84.43,0.0
24465,14524,123,3,226.34,0.15
24466,14524,46,2,33.48,0.0
24467,14525,116,1,83.32,0.0
24468,14525,61,1,42.28,0.05
24469,14526,64,1,22.2,0.05
24470,14527,159,3,21.75,0.15
24471,14528,91,2,70.12,0.15
24472,14529,145,-2,81.27,0.05
24473,14530,156,1,33.51,0.0
24474,14531,13,1,81.27,0.15
24475,14532,130,1,41.29,0.0
24476,14532,57,1,30.9,0.05
24477,14533,105,3,54.86,0.15
24478,14533,41,1,128.05,0.1
24479,14533,89,3,40.57,0.15
24480,14534,71,2,91.07,0.15
24481,14534,20,1,18.09,0.0
24482,14535,95,2,44.67,0.0
24483,14535,132,3,69.68,0.0
24484,14536,107,2,359.28,0.1
24485,14536,157,1,347.29,0.0
24486,14537,15,-1,13.74,0.05
24487,14537,30,2,49.07,0.0
24488,14538,62,4,54.69,0.0
24489,14538,14,1,11.7,0.15
24490,14539,108,1,76.13,0.05
24491,14540,38,2,10.98,0.0
24492,14541,22,1,54.37,0.1
24493,14542,157,1,339.91,0.1
24494,14543,88,1,85.98,0.1
24495,14543,156,1,33.57,0.15
24496,14543,127,1,26.77,0.15
24497,14544,85,1,31.03,0.0
24498,14545,147,3,21.7,0.15
24499,14545,95,4,46.83,0.05
24500,14545,39,1,19.7,0.1
24501,14546,46,1,34.02,0.15
24502,14547,133,2,24.93,0.1
24503,14548,8,1,131.93,0.05
24504,14549,91,1,72.18,0.05
24505,14550,2,2,58.0,0.05
24506,14551,107,3,354.23,0.0
24507,14551,83,1,243.43,0.1
24508,14552,29,1,37.68,0.15
24509,14552,158,1,97.27,0.0
24510,14553,19,1,28.01,0.05
24511,14553,13,1,80.44,0.0
24512,14554,1,1,100.63,0.1
24513,14554,144,2,75.96,0.1
24514,14554,22,1,53.92,0.0
24515,14555,137,1,31.42,0.1
24516,14555,8,1,128.3,0.0
24517,14556,8,3,130.23,0.1
24518,14556,18,2,87.68,0.05
24519,14557,39,1,19.63,0.15
24520,14557,41,2,123.76,0.0
24521,14558,74,1,266.11,0.0
24522,14559,133,1,24.99,0.0
24523,14560,7,2,264.3,0.0
24524,14561,154,1,82.06,0.0
24525,14561,111,3,11.56,0.15
24526,14562,144,3,75.76,0.15
24527,14562,65,1,134.7,0.0
24528,14563,153,2,34.58,0.15
24529,14564,105,1,57.56,0.0
24530,14564,46,2,33.76,0.1
24531,14565,129,1,69.61,0.0
24532,14565,63,1,23.81,0.05
24533,14565,4,2,259.32,0.1
24534,14566,34,2,25.15,0.15
24535,14566,118,2,22.68,0.0
24536,14566,158,1,98.02,0.0
24537,14567,5,3,52.72,0.0
24538,14568,150,3,83.09,0.0
24539,14568,147,1,21.45,0.1
24540,14568,67,1,62.31,0.0
24541,14568,78,4,49.92,0.05
24542,14569,146,2,128.71,0.05
24543,14569,47,1,43.65,0.0
24544,14569,134,1,101.22,0.0
24545,14569,16,1,39.46,0.1
24546,14570,69,1,88.98,0.15
24547,14570,146,1,132.02,0.0
24548,14571,52,3,46.44,0.0
24549,14571,56,2,148.34,0.0
24550,14572,9,2,41.9,0.1
24551,14573,91,2,72.12,0.1
24552,14574,24,1,17.87,0.0
24553,14574,18,1,87.29,0.05
24554,14575,9,1,43.28,0.0
24555,14575,72,1,256.21,0.05
24556,14576,89,1,41.32,0.0
24557,14576,124,3,18.12,0.05
24558,14577,13,2,78.84,0.05
24559,14578,20,1,18.09,0.05
24560,14579,23,3,68.73,0.0
24561,14580,113,1,68.07,0.0
24562,14581,61,1,42.92,0.05
24563,14582,104,1,31.73,0.1
24564,14583,52,1,45.63,0.0
24565,14583,2,1,56.71,0.0
24566,14584,43,1,59.78,0.0
24567,14585,28,2,90.69,0.1
24568,14586,146,1,128.29,0.15
24569,14587,117,1,62.23,0.15
24570,14587,82,5,90.27,0.05
24571,14588,93,1,35.21,0.0
24572,14588,91,1,71.7,0.0
24573,14589,20,1,17.86,0.0
24574,14590,106,1,92.38,0.1
24575,14591,91,1,69.48,0.05
24576,14591,124,3,18.29,0.0
24577,14592,75,2,6.28,0.05
24578,14592,153,2,34.42,0.1
24579,14593,159,1,22.73,0.15
24580,14593,93,3,34.79,0.05
24581,14593,8,1,131.34,0.0
24582,14594,53,2,34.66,0.0
24583,14594,151,1,80.86,0.1
24584,14595,132,2,69.44,0.0
24585,14596,54,1,110.25,0.05
24586,14596,43,1,58.0,0.0
24587,14596,100,1,52.84,0.0
24588,14597,125,3,110.6,0.05
24589,14598,123,1,232.76,0.0
24590,14599,153,1,34.95,0.0
24591,14600,108,1,74.33,0.0
24592,14601,136,3,266.06,0.05
24593,14602,32,1,344.67,0.0
24594,14602,138,1,48.21,0.0
24595,14603,87,1,151.89,0.0
24596,14603,28,1,91.82,0.0
24597,14603,35,2,134.7,0.05
24598,14603,120,1,126.8,0.0
24599,14604,11,3,42.05,0.1
24600,14604,20,1,18.17,0.1
24601,14605,88,1,86.82,0.15
24602,14606,1,2,101.22,0.05
24603,14606,22,1,53.82,0.05
24604,14606,55,1,166.17,0.1
24605,14606,139,1,133.05,0.1
24606,14607,62,1,55.02,0.05
24607,14608,136,1,264.57,0.1
24608,14609,154,1,79.11,0.1
24609,14609,1,4,99.68,0.0
24610,14610,153,1,36.16,0.0
24611,14610,60,1,158.41,0.15
24612,14611,78,1,50.42,0.15
24613,14611,32,1,337.69,0.0
24614,14611,97,1,83.09,0.05
24615,14611,71,2,90.14,0.0
24616,14612,1,1,100.38,0.1
24617,14613,160,1,119.86,0.05
24618,14614,88,1,86.45,0.0
24619,14615,143,2,15.37,0.1
24620,14616,39,2,19.59,0.05
24621,14616,108,-2,77.55,0.05
24622,14617,159,1,21.71,0.0
24623,14618,64,1,21.74,0.0
24624,14619,139,3,132.47,0.0
24625,14619,118,1,22.92,0.1
24626,14619,56,1,148.66,0.0
24627,14620,44,2,48.86,0.1
24628,14621,120,3,126.68,0.15
24629,14621,44,1,49.08,0.15
24630,14622,144,1,77.72,0.15
24631,14622,154,2,79.39,0.1
24632,14623,56,1,147.32,0.05
24633,14624,62,3,56.15,0.05
24634,14625,7,2,264.27,0.0
24635,14625,142,1,213.2,0.15
24636,14625,105,2,57.05,0.1
24637,14626,103,1,48.95,0.05
24638,14627,52,3,45.82,0.0
24639,14628,131,1,15.75,0.1
24640,14628,26,3,73.07,0.0
24641,14629,20,2,17.91,0.0
24642,14630,64,5,22.47,0.0
24643,14630,31,1,38.0,0.0
24644,14631,106,1,91.74,0.0
24645,14631,68,5,161.82,0.05
24646,14631,92,1,151.92,0.1
24647,14632,42,5,75.76,0.05
24648,14632,125,1,111.14,0.0
24649,14633,159,5,21.99,0.1
24650,14633,54,4,113.76,0.0
24651,14634,68,1,164.46,0.15
24652,14635,61,2,42.56,0.0
24653,14636,153,2,34.9,0.1
24654,14636,147,2,21.26,0.0
24655,14637,73,1,63.18,0.0
24656,14638,62,2,54.89,0.1
24657,14638,31,1,38.05,0.0
24658,14639,69,4,92.31,0.15
24659,14639,145,2,82.35,0.0
24660,14640,98,1,82.94,0.0
24661,14640,104,2,31.92,0.0
24662,14641,60,1,155.48,0.1
24663,14641,29,3,37.8,0.05
24664,14642,103,1,46.95,0.0
24665,14642,110,1,59.49,0.05
24666,14643,53,1,34.58,0.15
24667,14644,59,1,85.51,0.15
24668,14645,73,2,61.76,0.1
24669,14646,47,2,42.88,0.0
24670,14647,63,2,24.16,0.0
24671,14647,21,1,244.29,0.0
24672,14648,155,5,83.42,0.0
24673,14648,29,2,37.93,0.05
24674,14649,75,1,6.21,0.0
24675,14649,143,1,15.23,0.05
24676,14650,21,1,241.77,0.05
24677,14651,147,2,21.6,0.15
24678,14652,159,3,22.3,0.0
24679,14652,39,2,19.75,0.15
24680,14653,42,2,74.38,0.1
24681,14653,3,1,119.33,0.0
24682,14653,20,2,18.56,0.1
24683,14654,10,2,108.46,0.0
24684,14654,34,3,24.62,0.0
24685,14655,4,1,255.06,0.1
24686,14655,44,1,49.77,0.0
24687,14655,72,2,257.84,0.15
24688,14656,95,3,44.72,0.05
24689,14657,103,2,47.22,0.05
24690,14657,41,4,123.17,0.15
24691,14657,55,3,167.78,0.0
24692,14658,134,2,100.34,0.15
24693,14658,118,1,23.1,0.05
24694,14658,84,1,40.21,0.0
24695,14659,48,2,164.94,0.0
24696,14660,140,1,21.74,0.1
24697,14661,52,1,46.42,0.1
24698,14661,152,5,90.01,0.15
24699,14662,144,2,76.47,0.15
24700,14662,16,4,38.57,0.1
24701,14663,54,3,109.92,0.0
24702,14664,67,1,62.21,0.1
24703,14664,93,2,34.0,0.1
24704,14664,35,2,133.67,0.05
24705,14665,118,1,22.63,0.0
24706,14666,103,2,48.51,0.0
24707,14667,14,5,11.9,0.15
24708,14667,121,2,131.63,0.0
24709,14668,27,1,23.58,0.0
24710,14669,10,1,107.11,0.05
24711,14669,74,4,262.2,0.05
24712,14670,91,1,70.37,0.0
24713,14671,89,4,39.81,0.15
24714,14671,73,1,64.28,0.0
24715,14672,48,4,170.76,0.0
24716,14673,120,2,125.42,0.15
24717,14674,133,1,25.0,0.0
24718,14675,139,2,135.82,0.15
24719,14676,129,1,70.26,0.0
24720,14676,41,1,123.53,0.0
24721,14677,126,2,469.51,0.05
24722,14677,21,2,247.5,0.05
24723,14677,146,1,132.86,0.0
24724,14678,22,1,51.7,0.05
24725,14679,69,1,90.23,0.15
24726,14679,87,2,147.7,0.05
24727,14680,124,1,18.11,0.0
24728,14680,30,1,50.78,0.0
24729,14681,93,1,34.18,0.0
24730,14681,101,1,18.16,0.0
24731,14682,107,1,358.04,0.0
24732,14683,151,2,80.28,0.15
24733,14683,159,2,22.67,0.0
24734,14684,115,2,55.47,0.0
24735,14684,14,1,11.33,0.0
24736,14684,120,2,125.53,0.1
24737,14684,119,1,179.17,0.1
24738,14685,62,1,54.42,0.05
24739,14686,118,1,22.58,0.0
24740,14687,41,1,123.57,0.15
24741,14687,54,1,115.36,0.0
24742,14688,101,2,18.57,0.1
24743,14689,74,1,263.54,0.0
24744,14689,3,4,118.99,0.0
24745,14690,25,2,39.47,0.15
24746,14691,5,4,53.38,0.0
24747,14692,127,1,26.65,0.0
24748,14692,140,2,21.73,0.0
24749,14693,157,1,350.71,0.15
24750,14694,14,2,11.71,0.15
24751,14695,38,2,11.21,0.0
24752,14696,20,1,18.14,0.05
24753,14696,32,1,336.63,0.0
24754,14697,62,2,55.08,0.1
24755,14698,84,1,41.66,0.0
24756,14698,41,2,124.82,0.05
24757,14698,48,1,168.58,0.15
24758,14699,43,4,58.02,0.15
24759,14700,147,1,21.1,0.05
24760,14700,132,1,69.5,0.05
24761,14700,55,1,168.64,0.0
24762,14701,160,2,117.94,0.0
24763,14701,14,2,11.64,0.15
24764,14702,112,1,63.45,0.05
24765,14702,17,1,25.79,0.0
24766,14703,127,1,26.67,0.15
24767,14704,139,1,135.89,0.1
24768,14705,7,3,264.8,0.0
24769,14706,94,2,49.37,0.05
24770,14706,10,2,103.47,0.0
24771,14707,133,1,25.19,0.1
24772,14707,53,2,35.72,0.0
24773,14708,40,2,77.98,0.15
24774,14708,56,2,148.43,0.05
24775,14709,120,2,128.25,0.0
24776,14709,69,4,88.64,0.0
24777,14709,145,1,83.63,0.05
24778,14710,38,2,10.94,0.15
24779,14711,118,2,23.24,0.05
24780,14711,76,4,138.77,0.0
24781,14711,101,1,18.0,0.0
24782,14711,37,1,77.56,0.0
24783,14712,115,1,56.06,0.15
24784,14713,150,4,85.25,0.0
24785,14714,143,1,15.35,0.15
24786,14714,117,1,61.58,0.0
24787,14715,17,4,25.63,0.05
24788,14715,130,1,41.62,0.0
24789,14716,93,1,35.04,0.0
24790,14717,118,2,23.1,0.0
24791,14718,23,4,67.96,0.0
24792,14718,138,2,48.96,0.15
24793,14718,100,1,53.03,0.0
24794,14719,33,1,64.53,0.1
24795,14720,34,1,25.42,0.0
24796,14721,158,3,100.34,0.0
24797,14722,15,1,13.7,0.0
24798,14723,7,1,263.58,0.0
24799,14724,19,2,28.94,0.0
24800,14725,126,3,457.53,0.0
24801,14726,119,5,182.05,0.0
24802,14727,49,1,89.03,0.0
24803,14728,48,2,165.5,0.15
24804,14728,50,1,13.5,0.0
24805,14729,145,2,84.15,0.0
24806,14730,114,2,610.5,0.0
24807,14731,84,1,39.97,0.1
24808,14732,121,2,131.15,0.05
24809,14732,142,2,205.95,0.0
24810,14733,7,4,263.05,0.1
24811,14733,61,1,41.38,0.0
24812,14733,105,1,56.73,0.15
24813,14734,42,2,74.39,0.0
24814,14735,110,1,60.52,0.05
24815,14736,41,5,126.14,0.15
24816,14736,32,1,351.89,0.15
24817,14737,105,1,55.42,0.0
24818,14738,19,5,29.27,0.0
24819,14739,127,2,26.85,0.15
24820,14740,112,1,62.6,0.0
24821,14741,46,1,33.74,0.05
24822,14742,149,1,104.88,0.0
24823,14743,130,1,41.84,0.05
24824,14743,147,1,21.03,0.05
24825,14744,41,2,125.41,0.1
24826,14745,78,1,49.85,0.05
24827,14746,104,1,31.02,0.1
24828,14747,123,2,224.23,0.0
24829,14748,45,1,16.76,0.0
24830,14749,4,1,251.72,0.0
24831,14749,25,1,39.05,0.0
24832,14750,101,4,18.11,0.0
24833,14750,128,4,39.62,0.0
24834,14751,119,1,180.43,0.0
24835,14751,154,2,81.5,0.15
24836,14752,77,1,69.91,0.05
24837,14752,137,2,32.75,0.0
24838,14753,4,1,254.28,0.05
24839,14753,51,3,85.44,0.05
24840,14754,134,4,101.71,0.1
24841,14755,124,3,18.23,0.05
24842,14756,119,2,181.17,0.15
24843,14757,71,1,88.17,0.15
24844,14758,12,1,43.03,0.0
24845,14758,82,2,88.79,0.05
24846,14758,37,3,77.61,0.0
24847,14759,72,2,264.65,0.0
24848,14760,122,1,28.85,0.0
24849,14760,80,-1,11.11,0.0
24850,14761,109,5,84.06,0.05
24851,14761,26,2,73.22,0.0
24852,14762,12,2,43.64,0.05
24853,14762,106,2,94.08,0.0
24854,14763,118,3,22.55,0.05
24855,14764,12,5,43.25,0.05
24856,14764,15,1,13.97,0.1
24857,14765,57,1,29.94,0.0
24858,14766,153,3,36.14,0.05
24859,14766,70,2,37.07,0.0
24860,14766,91,2,70.0,0.1
24861,14767,22,1,54.16,0.15
24862,14768,111,1,11.37,0.0
24863,14768,64,2,21.99,0.15
24864,14769,117,1,62.21,0.0
24865,14770,23,4,67.59,0.0
24866,14771,77,1,72.06,0.0
24867,14772,41,1,127.03,0.05
24868,14773,103,2,47.43,0.1
24869,14773,35,4,132.93,0.15
24870,14774,30,2,48.88,0.0
24871,14774,37,2,77.42,0.0
24872,14775,71,1,91.35,0.0
24873,14775,4,2,253.48,0.1
24874,14775,89,4,40.14,0.0
24875,14776,37,1,79.05,0.0
24876,14777,38,1,11.15,0.0
24877,14777,156,1,33.46,0.05
24878,14778,133,1,24.69,0.15
24879,14778,125,1,109.82,0.0
24880,14779,115,1,55.18,0.15
24881,14780,102,1,44.75,0.1
24882,14780,101,2,17.74,0.0
24883,14781,98,1,82.51,0.0
24884,14782,148,1,19.49,0.15
24885,14783,136,1,259.24,0.15
24886,14783,36,3,21.74,0.0
24887,14784,134,2,98.04,0.15
24888,14785,40,3,79.16,0.0
24889,14785,71,2,90.94,0.1
24890,14785,136,1,263.8,0.15
24891,14786,148,1,19.68,0.15
24892,14787,157,1,348.19,0.15
24893,14788,119,2,179.23,0.0
24894,14788,104,1,31.75,0.05
24895,14789,51,1,88.33,0.1
24896,14789,151,3,82.16,0.0
24897,14790,20,1,17.79,0.0
24898,14791,2,1,56.12,0.1
24899,14791,136,2,261.74,0.15
24900,14791,13,1,80.53,0.0
24901,14792,142,5,212.03,0.1
24902,14792,87,3,151.61,0.0
24903,14792,139,1,138.06,0.15
24904,14793,41,1,125.4,0.15
24905,14794,49,1,90.83,0.0
24906,14794,67,1,60.82,0.05
24907,14794,18,4,86.63,0.05
24908,14794,32,2,345.76,0.15
24909,14795,83,1,243.87,0.1
24910,14795,34,-1,24.6,0.1
24911,14796,151,2,81.5,0.1
24912,14797,38,1,10.96,0.0
24913,14798,74,1,269.24,0.0
24914,14799,120,4,131.08,0.0
24915,14799,80,1,11.13,0.1
24916,14799,136,1,259.06,0.1
24917,14800,40,1,78.56,0.0
24918,14800,58,1,48.55,0.0
24919,14801,157,1,347.29,0.0
24920,14801,56,2,149.43,0.0
24921,14802,127,1,26.19,0.1
24922,14803,95,1,45.36,0.15
24923,14803,23,1,70.31,0.1
24924,14804,159,2,22.46,0.15
24925,14805,59,1,88.62,0.0
24926,14806,153,2,34.46,0.1
24927,14807,52,1,47.05,0.0
24928,14808,139,1,137.57,0.1
24929,14809,2,2,57.93,0.0
24930,14809,115,2,54.22,0.0
24931,14810,154,1,79.44,0.15
24932,14811,83,1,244.11,0.1
24933,14812,105,4,54.93,0.15
24934,14813,16,1,38.82,0.15
24935,14813,70,3,36.39,0.0
24936,14813,131,1,15.99,0.0
24937,14814,51,2,88.85,0.05
24938,14814,85,1,31.82,0.0
24939,14815,21,1,246.35,0.1
24940,14816,124,2,18.07,0.0
24941,14816,33,1,64.84,0.1
24942,14817,153,1,34.63,0.05
24943,14818,65,1,134.64,0.05
24944,14819,84,2,40.4,0.0
24945,14820,107,1,354.96,0.15
24946,14820,62,2,56.4,0.0
24947,14820,31,1,37.53,0.1
24948,14821,26,1,70.38,0.0
24949,14822,138,1,47.91,0.1
24950,14822,46,1,34.66,0.0
24951,14823,126,1,459.13,0.0
24952,14823,120,1,129.89,0.1
24953,14824,5,3,51.37,0.1
24954,14824,87,1,151.66,0.1
24955,14824,100,1,52.89,0.0
24956,14825,142,1,205.74,0.15
24957,14826,33,1,65.23,0.05
24958,14827,95,1,44.9,0.0
24959,14828,4,2,259.72,0.0
24960,14829,100,1,51.61,0.0
24961,14830,91,4,70.66,0.15
24962,14830,41,1,126.03,0.0
24963,14831,158,2,100.46,0.15
24964,14832,76,4,136.15,0.0
24965,14832,131,1,15.75,0.05
24966,14832,47,1,42.5,0.15
24967,14833,130,1,41.22,0.0
24968,14833,63,1,24.27,0.0
24969,14833,29,2,38.79,0.0
24970,14834,22,3,53.63,0.1
24971,14834,47,2,43.89,0.0
24972,14835,90,1,102.35,0.0
24973,14836,102,1,43.94,0.0
24974,14836,96,2,17.0,0.0
24975,14836,154,1,78.79,0.15
24976,14836,19,2,29.4,0.0
24977,14837,43,1,59.16,0.05
24978,14837,18,1,85.32,0.1
24979,14838,34,2,25.62,0.15
24980,14838,77,4,70.8,0.15
24981,14838,55,2,162.33,0.1
24982,14839,144,3,76.5,0.0
24983,14840,90,1,105.78,0.0
24984,14841,56,1,147.5,0.0
24985,14841,36,1,21.72,0.1
24986,14842,133,1,25.63,0.0
24987,14843,57,2,29.77,0.0
24988,14843,107,2,356.28,0.05
24989,14844,33,1,63.27,0.0
24990,14844,116,1,86.24,0.0
24991,14844,47,4,43.59,0.0
24992,14845,80,2,10.64,0.15
24993,14845,141,2,81.21,0.0
24994,14846,88,2,87.23,0.05
24995,14847,135,1,27.7,0.0
24996,14848,103,1,48.16,0.0
24997,14848,88,1,89.49,0.05
24998,14848,159,1,22.1,0.0
24999,14849,58,3,50.01,0.1
25000,14850,159,4,21.76,0.05
25001,14851,33,3,63.29,0.0
25002,14852,87,1,149.63,0.0
25003,14853,132,1,67.41,0.0
25004,14854,75,2,6.31,0.0
25005,14854,100,4,52.56,0.0
25006,14855,63,1,24.04,0.05
25007,14855,7,1,263.95,0.0
25008,14855,156,1,34.81,0.1
25009,14855,2,1,56.98,0.0
25010,14856,121,4,130.07,0.1
25011,14857,47,2,42.37,0.0
25012,14858,36,1,21.54,0.0
25013,14858,29,2,37.75,0.1
25014,14858,139,2,131.81,0.15
25015,14858,78,3,50.18,0.15
25016,14859,61,1,43.17,0.0
25017,14860,67,2,61.56,0.05
25018,14860,137,2,32.34,0.0
25019,14861,153,1,34.7,0.0
25020,14861,105,4,54.82,0.05
25021,14862,125,1,111.14,0.0
25022,14863,159,1,22.57,0.1
25023,14864,113,2,67.17,0.0
25024,14864,54,4,110.31,0.0
25025,14864,4,3,253.33,0.15
25026,14865,14,2,11.52,0.0
25027,14866,87,3,146.07,0.15
25028,14867,45,1,16.9,0.15
25029,14867,108,1,76.5,0.1
25030,14868,107,1,361.79,0.0
25031,14868,152,1,87.71,0.15
25032,14869,94,2,49.48,0.05
25033,14870,80,2,11.11,0.15
25034,14871,36,1,21.58,0.0
25035,14872,139,1,136.75,0.15
25036,14873,79,1,70.95,0.15
25037,14873,66,1,216.15,0.1
25038,14873,111,1,11.78,0.0
25039,14874,114,1,599.65,0.15
25040,14875,87,1,150.11,0.0
25041,14876,44,1,48.96,0.1
25042,14876,1,1,102.42,0.1
25043,14877,116,1,86.96,0.05
25044,14878,74,2,262.64,0.0
25045,14879,116,1,84.76,0.0
25046,14879,88,4,87.7,0.05
25047,14880,154,1,78.76,0.1
25048,14880,14,1,11.5,0.15
25049,14881,85,2,31.96,0.05
25050,14881,52,1,44.8,0.05
25051,14882,47,1,43.06,0.05
25052,14882,113,1,68.45,0.1
25053,14882,106,1,92.87,0.0
25054,14883,150,2,84.96,0.0
25055,14884,85,1,31.39,0.05
25056,14885,120,1,130.02,0.05
25057,14886,153,2,34.39,0.1
25058,14887,22,3,53.6,0.0
25059,14888,122,2,29.04,0.0
25060,14889,29,1,38.39,0.0
25061,14890,53,2,35.52,0.0
25062,14891,131,1,16.45,0.0
25063,14891,77,2,69.04,0.0
25064,14892,36,1,21.61,0.0
25065,14892,146,2,133.89,0.0
25066,14893,77,1,70.04,0.0
25067,14893,72,1,254.63,0.05
25068,14893,112,1,64.58,0.1
25069,14894,120,1,128.38,0.0
25070,14895,113,1,69.29,0.0
25071,14896,80,1,10.96,0.15
25072,14897,13,2,82.16,0.1
25073,14898,93,2,34.43,0.0
25074,14898,50,3,12.96,0.0
25075,14899,135,1,28.86,0.0
25076,14900,50,1,13.55,0.0
25077,14900,12,2,43.34,0.0
25078,14901,30,1,50.03,0.0
25079,14902,65,2,134.01,0.1
25080,14902,36,1,21.95,0.0
25081,14902,155,2,86.25,0.15
25082,14902,100,1,53.03,0.1
25083,14903,90,1,103.65,0.1
25084,14903,99,5,63.83,0.1
25085,14903,68,2,156.63,0.0
25086,14903,118,1,22.8,0.15
25087,14904,75,1,6.12,0.0
25088,14904,160,2,117.79,0.0
25089,14905,106,1,93.8,0.0
25090,14905,36,1,21.8,0.0
25091,14906,107,1,362.09,0.05
25092,14906,85,1,31.65,0.1
25093,14906,101,2,17.78,0.0
25094,14906,2,2,57.75,0.0
25095,14907,144,1,77.41,0.0
25096,14907,59,1,89.31,0.05
25097,14908,5,4,51.83,0.15
25098,14909,28,1,89.2,0.0
25099,14910,53,3,35.05,0.05
25100,14911,95,3,44.98,0.05
25101,14912,139,2,134.62,0.0
25102,14912,29,2,38.09,0.0
25103,14913,119,2,184.97,0.15
25104,14913,36,2,21.44,0.0
25105,14914,144,1,75.96,0.0
25106,14914,17,2,25.67,0.0
25107,14914,110,4,60.45,0.05
25108,14915,7,2,263.54,0.1
25109,14916,159,1,22.24,0.0
25110,14917,49,1,89.27,0.0
25111,14918,115,1,55.68,0.0
25112,14918,51,1,87.54,0.05
25113,14918,152,2,87.71,0.0
25114,14918,8,1,127.61,0.0
25115,14919,24,2,17.88,0.1
25116,14920,86,4,40.68,0.0
25117,14921,121,1,134.68,0.05
25118,14921,15,3,13.7,0.05
25119,14922,17,2,26.45,0.05
25120,14923,155,1,86.5,0.0
25121,14923,35,1,135.96,0.0
25122,14924,84,2,41.43,0.05
25123,14924,98,1,80.84,0.0
25124,14925,51,1,86.59,0.15
25125,14926,77,2,71.12,0.15
25126,14927,61,1,42.97,0.1
25127,14928,60,1,159.63,0.0
25128,14928,25,3,40.85,0.1
25129,14929,59,1,85.44,0.1
25130,14929,87,1,145.4,0.0
25131,14930,79,1,71.25,0.1
25132,14931,32,1,340.53,0.05
25133,14932,141,1,79.84,0.05
25134,14933,27,3,23.62,0.0
25135,14933,65,1,135.72,0.0
25136,14934,105,3,55.58,0.0
25137,14935,21,1,242.77,0.0
25138,14936,69,3,88.37,0.0
25139,14937,51,3,88.31,0.1
25140,14938,52,2,45.63,0.1
25141,14939,157,2,344.12,0.0
25142,14939,36,1,21.4,0.0
25143,14940,113,1,69.13,0.0
25144,14941,74,2,268.74,0.05
25145,14942,6,1,52.78,0.0
25146,14942,151,2,80.34,0.1
25147,14943,30,1,49.15,0.0
25148,14944,147,1,21.81,0.1
25149,14944,37,1,76.97,0.0
25150,14944,53,1,34.97,0.0
25151,14944,14,4,11.71,0.05
25152,14945,57,2,30.69,0.15
25153,14946,22,4,52.4,0.1
25154,14946,139,1,133.64,0.0
25155,14947,80,3,10.75,0.1
25156,14948,147,1,21.22,0.05
25157,14949,139,2,138.07,0.0
25158,14949,23,1,69.26,0.0
25159,14950,19,3,28.75,0.15
25160,14950,26,1,73.22,0.05
25161,14950,110,1,59.38,0.1
25162,14951,83,5,250.54,0.0
25163,14952,37,1,78.9,0.05
25164,14952,159,2,22.76,0.15
25165,14953,22,2,52.04,0.1
25166,14953,152,1,86.86,0.15
25167,14953,147,1,21.5,0.0
25168,14954,158,1,100.13,0.0
25169,14955,91,1,72.66,0.15
25170,14956,18,2,86.43,0.0
25171,14957,85,1,31.37,0.0
25172,14958,110,2,59.77,0.15
25173,14958,90,1,104.03,0.1
25174,14958,117,3,63.98,0.0
25175,14959,103,1,46.63,0.15
25176,14960,19,2,28.41,0.15
25177,14961,83,1,250.32,0.05
25178,14961,4,-1,259.89,0.15
25179,14961,62,1,56.09,0.1
25180,14961,38,2,11.33,0.05
25181,14962,103,1,47.95,0.0
25182,14962,58,1,50.4,0.1
25183,14962,140,1,21.68,0.0
25184,14963,136,1,267.35,0.0
25185,14964,155,1,85.77,0.0
25186,14964,31,2,37.75,0.05
25187,14965,44,1,48.83,0.15
25188,14966,57,1,29.89,0.15
25189,14967,101,1,17.99,0.0
25190,14968,127,1,26.07,0.0
25191,14968,62,1,56.17,0.1
25192,14968,136,1,256.99,0.1
25193,14969,34,1,25.05,0.1
25194,14970,41,1,126.26,0.05
25195,14971,40,1,76.03,0.05
25196,14971,89,1,39.69,0.0
25197,14971,76,1,134.13,0.05
25198,14971,128,2,38.34,0.0
25199,14972,38,2,10.94,0.1
25200,14973,124,1,18.62,0.0
25201,14974,139,2,134.24,0.05
25202,14974,110,2,62.29,0.0
25203,14975,121,1,131.42,0.0
25204,14976,98,1,80.29,0.0
25205,14977,112,1,64.66,0.15
25206,14977,144,1,78.53,0.15
25207,14978,44,1,48.4,0.05
25208,14979,85,1,30.66,0.05
25209,14979,147,4,21.34,0.05
25210,14980,56,1,149.25,0.1
25211,14981,3,1,119.02,0.0
25212,14982,106,4,94.63,0.0
25213,14982,22,1,52.88,0.0
25214,14983,160,4,115.9,0.0
25215,14984,17,1,26.09,0.1
25216,14984,28,1,91.41,0.0
25217,14985,118,2,23.17,0.0
25218,14985,122,2,29.18,0.1
25219,14986,66,1,224.5,0.0
25220,14986,115,1,53.47,0.05
25221,14986,83,1,245.95,0.0
25222,14987,77,1,69.57,0.0
25223,14988,36,1,21.44,0.15
25224,14989,87,1,145.75,0.1
25225,14989,56,2,152.47,0.15
25226,14989,19,2,27.99,0.1
25227,14990,73,1,62.48,0.05
25228,14991,20,3,18.11,0.0
25229,14992,134,1,102.07,0.0
25230,14992,44,1,50.76,0.05
25231,14993,68,1,160.59,0.0
25232,14994,146,3,129.51,0.15
25233,14995,61,1,42.68,0.0
25234,14995,46,2,34.32,0.1
25235,14996,77,4,72.08,0.0
25236,14996,136,1,256.4,0.15
25237,14996,119,1,179.52,0.05
25238,14996,56,1,149.56,0.05
25239,14997,102,1,44.96,0.0
25240,14997,85,4,31.3,0.0
25241,14998,41,1,126.14,0.1
25242,14998,65,1,132.63,0.0
25243,14999,133,1,24.94,0.1
25244,15000,53,2,35.1,0.0
25245,15000,10,2,104.53,0.0
25246,15000,20,1,18.43,0.0
25247,15001,100,1,53.58,0.0
25248,15001,132,4,67.85,0.0
25249,15001,31,1,37.74,0.0
25250,15002,21,2,243.39,0.0
25251,15003,80,3,10.63,0.0
25252,15004,2,1,58.46,0.15
25253,15004,127,1,26.16,0.0
25254,15004,108,1,76.38,0.0
25255,15004,67,2,62.0,0.1
25256,15005,103,2,48.78,0.1
25257,15006,43,4,59.64,0.1
25258,15007,122,1,28.1,0.15
25259,15007,94,4,47.45,0.0
25260,15008,157,2,350.64,0.15
25261,15009,97,1,83.38,0.0
25262,15009,116,4,84.27,0.15
25263,15010,30,3,48.84,0.0
25264,15010,130,3,41.57,0.05
25265,15011,55,1,167.42,0.1
25266,15011,143,1,15.24,0.0
25267,15012,117,1,64.51,0.0
25268,15013,13,1,81.74,0.0
25269,15014,20,3,18.01,0.0
25270,15014,29,1,38.66,0.0
25271,15014,6,3,51.49,0.15
25272,15014,21,1,237.86,0.0
25273,15015,11,4,42.39,0.0
25274,15016,20,2,18.58,0.05
25275,15016,76,3,133.41,0.0
25276,15017,154,2,78.92,0.15
25277,15018,156,3,34.56,0.05
25278,15019,90,2,104.59,0.0
25279,15020,49,1,88.1,0.05
25280,15020,92,1,156.92,0.15
25281,15020,14,1,11.37,0.0
25282,15021,26,3,71.17,0.1
25283,15021,46,1,34.37,0.0
25284,15022,84,2,41.08,0.0
25285,15022,15,1,13.81,0.05
25286,15022,75,1,6.17,0.0
25287,15023,97,1,86.01,0.0
25288,15024,160,1,114.59,0.0
25289,15024,44,2,50.66,0.15
25290,15025,103,1,48.54,0.0
25291,15025,126,1,466.14,0.0
25292,15025,153,1,34.57,0.1
25293,15026,78,4,50.38,0.0
25294,15026,112,2,64.47,0.05
25295,15027,26,1,73.39,0.05
25296,15028,45,2,17.48,0.1
25297,15029,50,-5,12.97,0.1
25298,15029,15,1,14.05,0.0
25299,15030,63,1,23.68,0.0
25300,15030,133,1,24.43,0.0
25301,15031,7,1,270.57,0.15
25302,15032,113,4,67.2,0.1
25303,15033,142,1,214.01,0.1
25304,15033,52,1,45.24,0.0
25305,15034,68,1,157.14,0.15
25306,15035,134,1,101.69,0.0
25307,15036,40,2,78.52,0.1
25308,15037,9,1,43.24,0.05
25309,15037,89,3,40.37,0.05
25310,15037,72,1,259.75,0.0
25311,15038,151,1,79.79,0.0
25312,15038,123,1,227.63,0.0
25313,15039,61,1,42.28,0.15
25314,15040,78,1,49.99,0.1
25315,15040,120,1,126.8,0.1
25316,15040,11,1,43.25,0.0
25317,15041,151,2,81.69,0.0
25318,15041,133,5,25.51,0.1
25319,15042,134,1,101.78,0.1
25320,15042,106,1,95.91,0.15
25321,15043,1,3,100.43,0.1
25322,15044,92,2,158.03,0.1
25323,15044,63,1,23.53,0.15
25324,15045,79,2,69.6,0.15
25325,15046,48,2,170.73,0.05
25326,15046,160,2,119.39,0.0
25327,15047,146,2,133.74,0.0
25328,15048,128,2,39.91,0.05
25329,15049,159,2,22.45,0.0
25330,15050,129,3,71.36,0.1
25331,15051,130,2,41.38,0.15
25332,15052,69,1,91.83,0.15
25333,15053,123,3,227.72,0.0
25334,15053,5,2,52.17,0.0
25335,15054,98,1,82.38,0.0
25336,15055,158,2,98.2,0.1
25337,15056,31,4,37.62,0.0
25338,15057,10,2,106.28,0.0
25339,15058,92,2,154.62,0.0
25340,15059,70,1,37.14,0.15
25341,15059,78,2,50.65,0.05
25342,15060,16,2,38.42,0.15
25343,15060,129,1,70.67,0.15
25344,15061,22,1,54.29,0.0
25345,15061,32,1,347.67,0.0
25346,15062,63,1,23.85,0.0
25347,15063,27,1,23.53,0.15
25348,15064,152,1,87.71,0.0
25349,15065,90,1,105.48,0.05
25350,15065,131,4,16.08,0.0
25351,15066,33,2,65.23,0.0
25352,15067,16,2,39.95,0.1
25353,15068,70,1,36.78,0.0
25354,15069,68,3,160.73,0.0
25355,15069,66,1,222.65,0.0
25356,15069,143,2,15.27,0.1
25357,15069,73,2,64.13,0.15
25358,15070,113,4,70.15,0.1
25359,15071,35,4,137.08,0.0
25360,15072,15,1,13.82,0.1
25361,15072,86,2,40.62,0.0
25362,15073,24,2,18.02,0.0
25363,15073,87,3,151.83,0.0
25364,15074,133,1,25.27,0.15
25365,15075,116,2,84.2,0.0
25366,15075,57,1,30.04,0.15
25367,15075,23,2,69.82,0.0
25368,15076,64,2,22.04,0.0
25369,15076,90,2,103.49,0.05
25370,15076,81,1,54.66,0.15
25371,15077,60,2,160.21,0.0
25372,15077,14,1,11.47,0.05
25373,15077,10,4,106.75,0.15
25374,15077,93,1,34.48,0.0
25375,15078,5,1,52.47,0.0
25376,15079,67,1,60.87,0.05
25377,15079,69,1,89.8,0.0
25378,15079,98,1,84.24,0.05
25379,15079,92,2,155.52,0.15
25380,15080,35,1,133.4,0.1
25381,15081,147,1,21.0,0.0
25382,15081,21,2,240.34,0.15
25383,15082,83,4,241.8,0.0
25384,15082,115,1,53.61,0.05
25385,15082,39,1,19.77,0.0
25386,15082,110,1,61.41,0.0
25387,15083,110,1,59.54,0.0
25388,15083,57,1,30.72,0.0
25389,15084,153,4,34.36,0.15
25390,15084,13,1,80.64,0.05
25391,15085,3,3,115.27,0.0
25392,15086,102,1,43.74,0.05
25393,15087,132,1,68.87,0.05
25394,15087,91,2,71.15,0.05
25395,15087,60,5,154.93,0.0
25396,15088,20,1,18.07,0.05
25397,15088,11,2,42.12,0.0
25398,15089,56,1,148.11,0.1
25399,15090,69,1,91.29,0.05
25400,15090,43,1,59.69,0.05
25401,15091,51,1,88.84,0.0
25402,15092,69,1,91.47,0.15
25403,15093,92,2,157.93,0.05
25404,15093,51,1,86.7,0.05
25405,15093,147,1,21.08,0.0
25406,15094,90,4,105.6,0.0
25407,15094,136,1,265.12,0.15
25408,15094,40,2,76.97,0.0
25409,15095,145,1,80.46,0.1
25410,15096,142,2,207.5,0.15
25411,15097,60,1,159.16,0.05
25412,15098,82,1,90.37,0.15
25413,15099,26,2,72.87,0.1
25414,15099,31,1,38.29,0.0
25415,15100,46,1,33.48,0.0
25416,15101,89,1,41.29,0.0
25417,15101,82,1,91.35,0.0
25418,15101,50,2,13.06,0.15
25419,15102,72,1,254.77,0.15
25420,15103,101,1,18.18,0.15
25421,15104,152,1,90.63,0.0
25422,15105,139,1,137.32,0.0
25423,15106,142,1,210.19,0.1
25424,15107,120,1,130.22,0.15
25425,15108,55,1,166.97,0.1
25426,15109,24,2,18.38,0.0
25427,15110,122,-2,29.1,0.0
25428,15111,105,2,56.21,0.15
25429,15112,126,1,461.1,0.0
25430,15113,53,1,35.71,0.0
25431,15114,136,1,264.01,0.0
25432,15115,107,1,351.4,0.15
25433,15116,126,2,470.9,0.1
25434,15116,157,1,357.04,0.0
25435,15117,121,3,130.1,0.05
25436,15117,45,1,17.58,0.1
25437,15117,136,1,266.53,0.0
25438,15118,87,2,148.29,0.1
25439,15118,78,1,49.8,0.0
25440,15119,114,2,594.03,0.05
25441,15120,4,2,256.93,0.1
25442,15121,9,2,42.72,0.0
25443,15122,31,4,37.97,0.15
25444,15122,126,1,456.73,0.05
25445,15123,113,1,67.32,0.0
25446,15123,55,1,168.17,0.0
25447,15124,6,3,51.82,0.0
25448,15125,160,1,114.47,0.0
25449,15126,85,1,31.86,0.0
25450,15126,90,2,103.2,0.0
25451,15126,102,2,43.5,0.15
25452,15127,52,1,45.17,0.1
25453,15128,25,4,39.86,0.05
25454,15129,13,1,78.79,0.0
25455,15129,118,2,22.91,0.0
25456,15130,47,1,43.72,0.0
25457,15131,52,1,47.01,0.0
25458,15131,44,2,48.69,0.0
25459,15131,61,3,43.29,0.05
25460,15131,8,1,128.16,0.0
25461,15132,55,1,163.59,0.0
25462,15132,129,4,72.83,0.05
25463,15132,18,1,84.23,0.15
25464,15132,70,1,36.37,0.05
25465,15133,92,2,158.75,0.0
25466,15133,157,2,346.45,0.05
25467,15133,99,1,65.44,0.0
25468,15134,143,1,14.94,0.1
25469,15134,7,3,273.14,0.1
25470,15134,91,4,70.43,0.1
25471,15134,158,1,97.63,0.05
25472,15135,58,1,48.25,0.1
25473,15135,112,2,64.25,0.0
25474,15136,136,1,262.42,0.0
25475,15137,21,2,245.53,0.15
25476,15137,158,1,97.48,0.0
25477,15137,104,1,31.1,0.0
25478,15138,43,2,58.25,0.1
25479,15139,43,1,58.04,0.1
25480,15139,77,1,71.66,0.1
25481,15140,101,2,18.65,0.05
25482,15140,147,1,21.14,0.15
25483,15141,120,1,125.48,0.0
25484,15142,42,2,75.57,0.15
25485,15143,139,1,138.4,0.0
25486,15144,119,2,179.41,0.1
25487,15145,36,2,21.47,0.0
25488,15145,159,2,22.42,0.05
25489,15145,77,2,70.55,0.05
25490,15146,75,1,6.11,0.05
25491,15147,131,3,15.7,0.0
25492,15147,58,1,48.49,0.0
25493,15147,22,1,53.57,0.15
25494,15148,53,1,35.94,0.0
25495,15148,116,3,86.16,0.0
25496,15149,130,1,41.33,0.0
25497,15150,13,2,79.99,0.1
25498,15150,57,1,30.57,0.0
25499,15151,137,3,32.03,0.0
25500,15152,43,1,58.21,0.05
25501,15153,11,2,43.81,0.0
25502,15153,145,3,80.23,0.0
25503,15154,105,2,56.04,0.15
25504,15155,141,3,79.72,0.0
25505,15156,67,1,59.57,0.0
25506,15157,113,2,70.03,0.0
25507,15158,152,1,90.31,0.05
25508,15159,71,3,89.05,0.15
25509,15160,39,1,20.08,0.15
25510,15160,127,1,26.33,0.1
25511,15161,56,2,153.3,0.15
25512,15161,13,1,79.01,0.0
25513,15161,151,1,81.41,0.0
25514,15162,101,1,17.75,0.0
25515,15163,2,1,56.16,0.05
25516,15163,78,4,49.52,0.1
25517,15164,112,1,65.08,0.0
25518,15165,157,1,355.02,0.0
25519,15166,133,4,25.19,0.0
25520,15166,115,1,54.56,0.05
25521,15166,71,2,89.04,0.0
25522,15167,109,1,83.57,0.1
25523,15167,2,1,56.6,0.05
25524,15168,33,1,62.85,0.05
25525,15169,116,1,87.46,0.0
25526,15170,102,4,44.87,0.1
25527,15171,121,2,130.75,0.15
25528,15172,4,2,257.6,0.0
25529,15172,64,1,22.01,0.0
25530,15173,137,1,32.41,0.05
25531,15173,28,4,91.85,0.0
25532,15173,113,1,69.16,0.0
25533,15174,123,2,225.97,0.1
25534,15175,160,2,115.08,0.15
25535,15175,26,2,70.62,0.15
25536,15176,134,1,99.16,0.0
25537,15177,100,1,53.5,0.1
25538,15177,36,1,21.7,0.15
25539,15178,134,2,99.65,0.0
25540,15179,98,3,82.59,0.0
25541,15180,141,1,80.92,0.0
25542,15180,46,3,33.89,0.0
25543,15181,144,3,77.75,0.0
25544,15181,73,1,64.55,0.15
25545,15181,86,2,41.08,0.1
25546,15182,81,1,53.09,0.0
25547,15183,113,1,67.78,0.15
25548,15184,130,2,41.3,0.1
25549,15185,92,1,159.27,0.0
25550,15185,54,1,111.76,0.0
25551,15185,13,1,81.51,0.1
25552,15186,110,1,60.18,0.0
25553,15187,86,1,41.55,0.0
25554,15187,141,1,78.17,0.1
25555,15188,90,1,101.02,0.05
25556,15188,57,1,30.7,0.0
25557,15189,95,4,45.56,0.0
25558,15190,144,4,76.09,0.0
25559,15191,154,1,79.82,0.0
25560,15192,123,3,226.64,0.1
25561,15192,43,1,58.26,0.05
25562,15192,83,1,240.26,0.0
25563,15192,120,1,126.52,0.0
25564,15193,146,1,132.62,0.0
25565,15194,23,1,69.41,0.15
25566,15195,79,2,72.2,0.05
25567,15196,12,1,42.95,0.05
25568,15197,91,3,71.61,0.0
25569,15197,110,1,59.48,0.0
25570,15197,84,1,41.05,0.1
25571,15198,108,1,75.84,0.0
25572,15199,63,5,23.41,0.0
25573,15199,58,3,50.39,0.15
25574,15200,92,1,153.83,0.1
25575,15201,75,1,6.08,0.0
25576,15202,43,1,57.09,0.0
25577,15203,37,5,79.96,0.15
25578,15204,41,1,125.2,0.0
25579,15204,17,3,26.77,0.0
25580,15205,121,1,135.24,0.0
25581,15206,114,5,583.29,0.1
25582,15207,43,1,58.64,0.0
25583,15207,109,1,80.47,0.0
25584,15207,123,5,234.04,0.05
25585,15208,147,1,20.98,0.0
25586,15209,100,2,51.44,0.1
25587,15209,7,2,271.62,0.1
25588,15210,122,1,28.83,0.0
25589,15210,112,2,63.59,0.05
25590,15210,49,3,89.79,0.0
25591,15210,73,1,63.66,0.0
25592,15211,80,2,10.83,0.15
25593,15211,115,1,53.38,0.0
25594,15211,48,2,166.22,0.0
25595,15212,59,5,87.83,0.0
25596,15212,44,1,48.73,0.0
25597,15212,130,4,40.48,0.0
25598,15213,110,1,60.89,0.0
25599,15214,119,1,184.19,0.0
25600,15214,103,1,47.62,0.15
25601,15215,75,2,6.2,0.1
25602,15216,26,1,73.43,0.0
25603,15217,132,1,70.88,0.1
25604,15218,132,2,69.77,0.0
25605,15219,86,1,40.63,0.0
25606,15219,148,1,19.73,0.05
25607,15220,155,2,84.33,0.15
25608,15221,97,1,84.8,0.0
25609,15222,130,2,41.3,0.0
25610,15223,16,1,38.82,0.1
25611,15224,106,1,94.97,0.0
25612,15224,137,1,32.37,0.0
25613,15225,66,1,222.89,0.0
25614,15225,69,3,90.32,0.1
25615,15226,17,2,26.59,0.05
25616,15227,14,2,11.77,0.0
25617,15228,126,2,461.24,0.1
25618,15229,131,1,16.4,0.0
25619,15230,85,2,30.82,0.1
25620,15230,24,1,18.01,0.05
25621,15231,58,1,48.62,0.15
25622,15232,138,5,49.75,0.0
25623,15232,57,1,30.05,0.0
25624,15232,139,1,131.96,0.0
25625,15233,1,1,103.23,0.0
25626,15234,87,1,147.05,0.0
25627,15234,64,1,22.07,0.05
25628,15235,75,1,6.24,0.1
25629,15236,98,4,80.31,0.05
25630,15236,29,1,38.66,0.1
25631,15236,1,1,101.37,0.0
25632,15236,114,1,588.3,0.0
25633,15237,146,1,130.0,0.0
25634,15237,112,1,63.22,0.15
25635,15238,5,1,53.13,0.15
25636,15238,86,2,42.02,0.15
25637,15239,2,1,56.59,0.05
25638,15239,34,2,25.42,0.0
25639,15239,67,1,60.11,0.0
25640,15240,110,1,61.03,0.0
25641,15241,30,1,49.23,0.15
25642,15241,11,5,42.62,0.1
25643,15241,86,1,41.75,0.0
25644,15242,136,1,257.92,0.0
25645,15242,37,1,79.21,0.0
25646,15242,82,5,91.72,0.0
25647,15243,141,1,81.35,0.1
25648,15244,43,4,57.67,0.0
25649,15244,146,2,129.17,0.05
25650,15244,54,4,114.2,0.15
25651,15245,125,2,110.36,0.1
25652,15246,92,5,152.65,0.0
25653,15246,33,3,63.91,0.05
25654,15247,142,1,211.64,0.0
25655,15248,13,3,80.09,0.05
25656,15248,112,1,63.9,0.0
25657,15249,59,1,88.12,0.0
25658,15250,157,1,351.35,0.0
25659,15251,150,1,84.97,0.05
25660,15252,99,2,65.15,0.0
25661,15252,51,1,85.36,0.0
25662,15253,141,1,78.08,0.05
25663,15254,159,2,22.44,0.0
25664,15255,10,1,108.24,0.15
25665,15256,6,1,51.56,0.1
25666,15257,35,3,138.17,0.0
25667,15257,93,1,34.98,0.0
25668,15257,153,2,36.16,0.0
25669,15258,36,3,21.15,0.1
25670,15259,21,1,237.68,0.05
25671,15259,44,2,48.51,0.05
25672,15259,64,1,21.83,0.0
25673,15260,59,1,87.56,0.0
25674,15260,32,1,346.53,0.05
25675,15261,39,1,19.75,0.15
25676,15261,26,1,71.83,0.15
25677,15261,18,5,87.52,0.0
25678,15262,134,3,99.52,0.0
25679,15263,59,3,89.34,0.05
25680,15264,140,1,21.88,0.05
25681,15265,63,3,23.76,0.0
25682,15265,39,1,20.0,0.05
25683,15265,25,4,39.21,0.0
25684,15265,94,1,49.32,0.1
25685,15266,59,1,86.4,0.05
25686,15267,108,1,77.18,0.0
25687,15267,2,1,57.9,0.1
25688,15268,106,5,91.65,0.05
25689,15268,62,2,53.82,0.05
25690,15268,65,5,132.9,0.0
25691,15269,120,1,128.64,0.15
25692,15269,69,1,90.11,0.0
25693,15269,138,3,49.5,0.05
25694,15270,115,3,53.39,0.0
25695,15270,17,2,26.18,0.0
25696,15271,126,4,470.4,0.15
25697,15272,17,1,26.02,0.15
25698,15272,110,2,62.22,0.0
25699,15273,36,1,21.14,0.15
25700,15274,20,1,18.05,0.05
25701,15275,25,1,40.42,0.0
25702,15276,99,2,65.57,0.0
25703,15276,147,2,21.9,0.0
25704,15277,16,3,38.54,0.0
25705,15277,55,2,161.85,0.0
25706,15278,123,1,230.77,0.05
25707,15279,126,2,469.39,0.05
25708,15280,88,3,87.6,0.1
25709,15280,48,1,166.1,0.0
25710,15280,39,2,20.1,0.1
25711,15280,147,2,21.65,0.15
25712,15281,37,3,80.08,0.0
25713,15281,115,1,53.74,0.05
25714,15282,116,1,83.23,0.0
25715,15282,101,1,18.3,0.05
25716,15283,76,1,134.73,0.05
25717,15283,136,2,262.02,0.0
25718,15283,6,3,53.45,0.05
25719,15284,56,1,152.06,0.0
25720,15284,67,2,60.07,0.0
25721,15284,3,2,114.38,0.05
25722,15285,96,1,17.47,0.0
25723,15285,84,2,41.11,0.15
25724,15286,49,1,88.52,0.05
25725,15287,111,1,11.72,0.0
25726,15287,1,1,102.84,0.0
25727,15288,62,3,56.1,0.0
25728,15289,147,3,21.33,0.0
25729,15289,143,1,15.67,0.0
25730,15289,39,1,20.17,0.05
25731,15289,128,2,39.14,0.0
25732,15290,2,1,56.15,0.0
25733,15290,138,1,49.35,0.0
25734,15290,124,1,18.62,0.0
25735,15291,17,1,25.67,0.05
25736,15292,79,1,70.46,0.0
25737,15293,133,1,24.63,0.0
25738,15293,57,3,30.8,0.0
25739,15293,66,1,225.43,0.15
25740,15293,148,2,19.86,0.0
25741,15294,120,1,129.87,0.1
25742,15294,131,1,15.75,0.1
25743,15294,63,3,24.55,0.0
25744,15294,6,1,51.97,0.0
25745,15295,30,1,48.86,0.0
25746,15295,33,1,63.5,0.05
25747,15295,89,4,39.95,0.1
25748,15296,12,1,42.8,0.0
25749,15296,131,2,16.47,0.0
25750,15296,110,1,59.55,0.05
25751,15297,26,1,71.5,0.1
25752,15298,119,1,182.51,0.1
25753,15299,74,2,262.0,0.1
25754,15300,130,2,40.41,0.1
25755,15300,91,1,69.65,0.0
25756,15301,130,2,41.28,0.15
25757,15302,61,1,42.52,0.0
25758,15303,19,1,29.02,0.0
25759,15303,36,1,22.08,0.05
25760,15304,40,3,78.84,0.1
25761,15304,96,5,17.43,0.0
25762,15305,116,1,86.57,0.05
25763,15306,62,1,54.97,0.15
25764,15307,108,1,76.28,0.05
25765,15307,153,4,34.53,0.15
25766,15307,101,4,17.79,0.1
25767,15308,7,1,275.26,0.15
25768,15308,102,2,44.04,0.0
25769,15309,21,3,238.47,0.0
25770,15310,158,1,100.48,0.1
25771,15311,87,1,150.79,0.0
25772,15311,89,2,40.11,0.15
25773,15312,135,1,27.83,0.05
25774,15313,148,1,19.84,0.05
25775,15314,116,2,86.47,0.05
25776,15314,147,1,21.63,0.0
25777,15315,72,1,259.72,0.0
25778,15316,97,2,84.15,0.0
25779,15317,84,4,40.07,0.05
25780,15318,74,2,264.94,0.1
25781,15319,146,2,133.24,0.0
25782,15319,21,4,239.96,0.0
25783,15320,37,1,80.14,0.05
25784,15320,17,4,26.1,0.05
25785,15320,93,1,33.7,0.05
25786,15321,60,1,159.18,0.0
25787,15322,129,2,71.34,0.0
25788,15322,18,3,86.7,0.05
25789,15322,65,4,137.99,0.15
25790,15323,74,1,260.81,0.1
25791,15323,39,1,19.29,0.0
25792,15324,28,1,90.11,0.1
25793,15325,57,1,29.84,0.0
25794,15326,147,3,21.47,0.0
25795,15327,71,1,88.76,0.0
25796,15328,122,4,29.2,0.0
25797,15328,25,2,39.35,0.05
25798,15329,116,1,86.11,0.05
25799,15330,115,1,54.01,0.0
25800,15330,25,2,40.62,0.0
25801,15331,101,1,18.45,0.15
25802,15332,150,2,83.24,0.0
25803,15332,153,3,35.06,0.0
25804,15333,40,1,76.85,0.1
25805,15333,114,5,596.98,0.0
25806,15334,111,1,11.37,0.15
25807,15334,126,2,455.93,0.0
25808,15335,126,1,463.27,0.0
25809,15336,108,1,75.5,0.1
25810,15336,65,5,137.08,0.0
25811,15337,23,2,69.0,0.0
25812,15338,87,2,150.2,0.0
25813,15339,13,1,80.31,0.0
25814,15339,118,1,23.22,0.15
25815,15340,132,2,68.56,0.0
25816,15341,126,3,463.9,0.05
25817,15341,41,2,129.3,0.1
25818,15342,11,1,43.87,0.0
25819,15343,65,1,134.69,0.0
25820,15344,36,3,21.75,0.0
25821,15345,60,1,153.93,0.1
25822,15345,36,1,21.28,0.0
25823,15346,82,1,91.03,0.05
25824,15347,38,2,10.98,0.0
25825,15348,154,1,81.42,0.15
25826,15348,69,1,89.48,0.0
25827,15348,148,1,19.4,0.0
25828,15349,51,2,86.5,0.0
25829,15350,22,3,53.29,0.05
25830,15351,46,5,33.85,0.1
25831,15352,113,1,69.27,0.1
25832,15352,105,1,54.84,0.0
25833,15352,59,2,89.23,0.05
25834,15353,146,1,128.49,0.0
25835,15353,110,1,61.16,0.0
25836,15354,98,2,82.63,0.1
25837,15354,21,1,248.9,0.0
25838,15355,6,2,52.78,0.0
25839,15355,138,1,49.81,0.0
25840,15356,29,1,38.3,0.15
25841,15357,129,1,70.92,0.0
25842,15358,22,1,54.08,0.15
25843,15359,67,1,60.73,0.15
25844,15360,131,1,16.28,0.0
25845,15361,104,1,30.9,0.1
25846,15362,149,2,103.98,0.0
25847,15363,57,1,30.0,0.0
25848,15364,79,1,70.86,0.0
25849,15365,46,1,33.15,0.0
25850,15365,58,1,50.14,0.1
25851,15365,27,1,23.61,0.0
25852,15366,18,2,84.98,0.0
25853,15367,146,1,134.02,0.0
25854,15368,2,1,57.58,0.15
25855,15368,7,1,272.33,0.1
25856,15369,112,1,62.91,0.1
25857,15370,156,2,34.76,0.1
25858,15370,53,1,35.08,0.0
25859,15371,1,4,99.88,0.05
25860,15372,9,1,42.84,0.0
25861,15373,87,1,151.65,0.0
25862,15374,37,1,79.05,0.15
25863,15375,145,1,82.53,0.05
25864,15375,47,5,44.03,0.1
25865,15376,100,1,51.87,0.15
25866,15377,54,1,111.66,0.15
25867,15378,65,1,133.14,0.05
25868,15379,118,1,22.91,0.1
25869,15380,152,4,87.7,0.1
25870,15380,4,3,259.87,0.05
25871,15380,70,3,35.59,0.05
25872,15381,92,1,152.87,0.0
25873,15382,6,3,53.05,0.0
25874,15383,132,1,69.91,0.0
25875,15384,114,1,598.7,0.05
25876,15385,94,2,48.1,0.1
25877,15385,141,4,77.94,0.15
25878,15386,50,1,13.55,0.0
25879,15387,119,1,180.91,0.0
25880,15387,155,1,85.72,0.1
25881,15388,132,1,69.7,0.0
25882,15388,47,1,42.64,0.1
25883,15389,45,1,16.9,0.0
25884,15390,16,1,38.96,0.15
25885,15390,152,2,87.49,0.15
25886,15391,149,3,102.98,0.05
25887,15391,29,1,37.49,0.0
25888,15391,137,2,31.68,0.15
25889,15391,39,2,20.09,0.1
25890,15392,85,1,31.51,0.0
25891,15393,91,2,70.45,0.0
25892,15393,88,2,87.53,0.1
25893,15393,119,1,182.09,0.05
25894,15394,135,1,28.7,0.15
25895,15395,147,1,21.57,0.05
25896,15396,100,1,52.81,0.15
25897,15397,66,2,219.03,0.0
25898,15397,138,1,49.76,0.05
25899,15397,68,1,162.21,0.0
25900,15397,159,1,22.68,0.0
25901,15398,134,1,97.21,0.0
25902,15399,39,3,19.61,0.0
25903,15399,77,4,68.53,0.05
25904,15399,61,1,41.33,0.0
25905,15400,52,2,45.07,0.1
25906,15401,124,1,18.48,0.0
25907,15401,25,1,40.81,0.0
25908,15402,109,2,81.79,0.0
25909,15403,96,1,17.49,0.0
25910,15404,56,1,151.4,0.0
25911,15404,12,2,42.92,0.0
25912,15405,98,1,81.17,0.15
25913,15406,56,5,154.14,0.0
25914,15407,73,2,63.15,0.05
25915,15408,49,1,87.64,0.0
25916,15408,147,1,21.86,0.0
25917,15408,17,4,26.4,0.0
25918,15408,63,1,24.27,0.0
25919,15409,97,2,83.86,0.0
25920,15409,145,1,80.06,0.05
25921,15409,153,1,34.65,0.0
25922,15410,22,1,53.91,0.1
25923,15410,56,1,147.24,0.0
25924,15411,132,1,69.33,0.15
25925,15412,136,1,262.67,0.05
25926,15413,127,2,27.07,0.0
25927,15414,79,1,72.31,0.0
25928,15415,5,2,53.09,0.15
25929,15416,152,2,87.5,0.0
25930,15417,2,1,57.1,0.0
25931,15417,11,1,43.41,0.0
25932,15418,72,2,263.99,0.0
25933,15418,62,1,54.61,0.1
25934,15418,34,2,24.91,0.15
25935,15419,91,1,69.61,0.15
25936,15419,12,4,42.86,0.0
25937,15420,29,1,36.96,0.15
25938,15420,108,4,75.37,0.05
25939,15421,63,2,23.76,0.0
25940,15422,81,2,54.43,0.05
25941,15423,82,1,89.67,0.0
25942,15424,39,1,19.99,0.05
25943,15425,58,1,49.69,0.0
25944,15425,95,1,45.17,0.0
25945,15425,121,1,130.29,0.0
25946,15426,125,1,108.86,0.15
25947,15426,76,1,133.19,0.15
25948,15427,85,2,31.4,0.15
25949,15428,89,3,41.33,0.1
25950,15429,99,2,64.84,0.15
25951,15430,84,4,41.36,0.0
25952,15430,135,3,27.97,0.05
25953,15431,3,1,118.52,0.1
25954,15431,88,5,86.36,0.0
25955,15432,80,2,10.77,0.15
25956,15433,78,2,49.74,0.05
25957,15434,52,1,45.58,0.1
25958,15434,47,1,42.95,0.05
25959,15435,21,2,248.71,0.05
25960,15435,9,2,42.2,0.05
25961,15436,120,1,130.97,0.0
25962,15437,40,4,77.16,0.1
25963,15437,11,1,42.46,0.0
25964,15437,49,3,90.07,0.0
25965,15438,80,2,10.94,0.1
25966,15438,137,1,31.4,0.15
25967,15439,134,1,100.19,0.0
25968,15439,93,2,34.47,0.0
25969,15440,93,2,33.93,0.0
25970,15440,30,1,49.95,0.05
25971,15441,34,2,25.24,0.0
25972,15442,92,1,151.76,0.0
25973,15442,86,1,41.75,0.05
25974,15443,156,2,33.33,0.15
25975,15444,69,2,90.22,0.1
25976,15444,97,3,82.73,0.1
25977,15444,71,1,88.35,0.0
25978,15445,86,2,40.61,0.0
25979,15445,87,1,146.12,0.15
25980,15445,58,1,50.31,0.15
25981,15446,79,1,69.57,0.15
25982,15447,131,1,15.89,0.05
25983,15447,152,1,88.67,0.05
25984,15447,87,4,150.99,0.1
25985,15448,12,1,43.52,0.0
25986,15449,34,2,25.72,0.15
25987,15450,56,2,146.55,0.0
25988,15451,102,1,44.26,0.15
25989,15452,10,1,103.43,0.05
25990,15453,127,1,27.29,0.0
25991,15454,106,1,91.68,0.05
25992,15455,152,1,87.68,0.0
25993,15455,124,2,18.75,0.0
25994,15456,105,2,56.34,0.05
25995,15456,16,2,39.61,0.1
25996,15456,140,2,21.28,0.1
25997,15457,22,1,53.03,0.15
25998,15458,72,1,259.69,0.1
25999,15458,60,1,158.82,0.0
26000,15459,74,2,268.85,0.0
26001,15460,119,1,184.36,0.15
26002,15460,22,1,52.02,0.0
26003,15461,91,1,71.71,0.15
26004,15461,56,1,146.47,0.15
26005,15462,45,2,17.05,0.0
26006,15462,141,2,80.07,0.0
26007,15463,158,1,98.36,0.15
26008,15464,109,1,81.93,0.0
26009,15465,115,1,54.36,0.1
26010,15465,47,4,43.7,0.05
26011,15466,7,1,266.81,0.15
26012,15467,1,2,99.58,0.05
26013,15467,48,2,168.12,0.05
26014,15468,6,3,52.04,0.05
26015,15469,148,2,20.19,0.0
26016,15469,111,1,11.46,0.0
26017,15470,24,2,18.17,0.1
26018,15471,82,3,89.87,0.0
26019,15471,80,2,10.85,0.15
26020,15472,74,-1,260.13,0.0
26021,15473,123,1,229.58,0.0
26022,15474,127,3,27.26,0.0
26023,15475,155,2,84.36,0.0
26024,15476,42,1,75.58,0.1
26025,15477,46,1,33.28,0.0
26026,15478,72,1,254.79,0.05
26027,15479,41,1,124.74,0.05
26028,15480,76,1,135.73,0.0
26029,15480,95,4,45.31,0.0
26030,15481,42,5,77.35,0.05
26031,15482,43,2,57.57,0.0
26032,15482,90,1,104.18,0.0
26033,15483,1,3,102.62,0.05
26034,15483,102,1,44.84,0.0
26035,15484,83,1,242.42,0.1
26036,15485,123,1,235.66,0.1
26037,15486,35,1,135.13,0.0
26038,15486,24,2,18.32,0.05
26039,15487,128,4,38.2,0.0
26040,15488,116,4,85.33,0.15
26041,15488,79,3,71.74,0.15
26042,15489,64,1,21.72,0.0
26043,15489,90,2,102.82,0.0
26044,15489,74,1,260.86,0.0
26045,15490,89,1,40.77,0.1
26046,15491,73,1,61.71,0.0
26047,15492,144,1,78.68,0.15
26048,15493,158,3,99.27,0.15
26049,15493,116,1,86.17,0.0
26050,15494,122,5,28.86,0.0
26051,15495,89,1,41.37,0.1
26052,15495,101,1,18.31,0.15
26053,15495,72,4,260.97,0.0
26054,15496,97,1,84.0,0.1
26055,15497,68,1,158.95,0.05
26056,15498,159,2,21.8,0.0
26057,15498,52,1,44.85,0.0
26058,15498,110,4,60.64,0.0
26059,15499,110,1,59.35,0.05
26060,15500,155,2,85.92,0.0
26061,15500,42,3,77.66,0.0
26062,15501,11,2,42.91,0.1
26063,15501,150,1,85.5,0.1
26064,15502,71,2,87.89,0.0
26065,15502,13,1,79.7,0.15
26066,15502,136,1,264.37,0.0
26067,15502,76,2,134.59,0.0
26068,15503,96,1,17.19,0.0
26069,15503,15,1,14.09,0.05
26070,15504,24,2,17.97,0.1
26071,15504,85,2,32.11,0.15
26072,15505,125,1,110.99,0.0
26073,15506,118,1,22.18,0.05
26074,15507,87,1,148.9,0.15
26075,15507,8,1,130.13,0.05
26076,15508,87,3,145.14,0.0
26077,15509,79,1,71.95,0.05
26078,15509,139,2,135.83,0.0
26079,15510,121,1,129.84,0.0
26080,15510,43,3,57.98,0.15
26081,15511,25,1,38.85,0.15
26082,15511,80,1,10.98,0.05
26083,15511,34,1,24.48,0.0
26084,15512,120,1,128.66,0.0
26085,15513,72,1,255.69,0.0
26086,15514,37,1,77.91,0.0
26087,15515,7,1,265.11,0.1
26088,15516,42,2,76.07,0.0
26089,15517,72,1,261.22,0.0
26090,15518,36,3,21.5,0.0
26091,15519,40,3,78.19,0.0
26092,15519,8,5,129.82,0.15
26093,15520,125,1,110.98,0.0
26094,15521,69,2,92.32,0.15
26095,15521,45,2,16.88,0.0
26096,15522,94,1,48.61,0.15
26097,15523,112,1,64.56,0.0
26098,15523,84,1,41.3,0.0
26099,15524,144,5,78.43,0.0
26100,15524,108,2,75.15,0.05
26101,15525,56,1,154.18,0.0
26102,15525,97,3,86.98,0.15
26103,15525,145,2,81.88,0.0
26104,15526,41,1,127.71,0.0
26105,15527,26,1,72.41,0.0
26106,15528,17,5,25.47,0.0
26107,15529,154,1,80.11,0.05
26108,15529,17,4,25.47,0.0
26109,15529,39,1,19.39,0.0
26110,15530,149,4,104.27,0.0
26111,15531,136,3,267.49,0.05
26112,15531,33,2,64.88,0.1
26113,15531,99,1,66.1,0.1
26114,15532,44,4,49.69,0.1
26115,15533,58,1,48.39,0.0
26116,15534,32,3,352.62,0.0
26117,15534,15,1,13.51,0.0
26118,15535,141,1,80.21,0.0
26119,15536,119,2,177.44,0.05
26120,15537,54,3,113.67,0.05
26121,15538,134,1,101.87,0.0
26122,15539,120,1,130.69,0.0
26123,15540,51,1,88.86,0.05
26124,15540,106,1,92.38,0.0
26125,15540,57,1,30.16,0.1
26126,15541,54,1,112.4,0.0
26127,15541,102,1,44.15,0.05
26128,15542,154,1,80.31,0.1
26129,15543,138,1,48.92,0.1
26130,15544,120,2,128.85,0.0
26131,15545,91,1,70.68,0.0
26132,15545,107,2,359.37,0.1
26133,15545,49,1,87.99,0.0
26134,15545,48,1,170.65,0.0
26135,15546,128,2,38.6,0.1
26136,15547,73,3,63.04,0.0
26137,15548,53,1,35.79,0.15
26138,15548,98,2,83.92,0.1
26139,15549,139,2,133.79,0.15
26140,15550,130,1,41.36,0.0
26141,15551,14,2,11.78,0.0
26142,15551,22,2,53.19,0.05
26143,15552,54,1,113.48,0.0
26144,15553,34,1,25.55,0.0
26145,15553,79,1,69.33,0.15
26146,15553,130,3,40.35,0.15
26147,15554,137,2,31.89,0.1
26148,15555,124,1,18.02,0.0
26149,15556,78,1,50.24,0.0
26150,15556,77,2,69.97,0.0
26151,15557,69,1,91.74,0.0
26152,15558,62,2,56.38,0.0
26153,15558,91,1,71.38,0.0
26154,15558,33,1,65.77,0.0
26155,15559,25,1,40.12,0.0
26156,15560,74,1,271.8,0.0
26157,15561,138,1,49.14,0.05
26158,15562,146,1,132.5,0.1
26159,15563,35,1,137.41,0.1
26160,15563,134,1,101.67,0.05
26161,15564,59,5,85.4,0.0
26162,15564,108,1,78.01,0.0
26163,15565,76,1,139.02,0.0
26164,15565,32,1,338.8,0.1
26165,15566,69,2,90.68,0.0
26166,15567,32,1,348.41,0.15
26167,15567,1,1,103.96,0.1
26168,15567,132,1,68.92,0.0
26169,15568,138,2,48.4,0.0
26170,15568,152,1,87.42,0.0
26171,15568,150,1,84.1,0.1
26172,15568,69,1,92.17,0.15
26173,15569,21,5,249.21,0.1
26174,15570,78,1,49.72,0.0
26175,15570,111,1,11.75,0.15
26176,15570,77,1,69.31,0.15
26177,15570,152,1,87.54,0.0
26178,15571,43,3,58.5,0.0
26179,15571,120,2,129.36,0.1
26180,15571,21,5,249.0,0.0
26181,15572,115,1,54.77,0.0
26182,15572,54,3,113.36,0.0
26183,15573,18,1,84.81,0.0
26184,15574,13,1,79.43,0.0
26185,15574,51,1,85.01,0.0
26186,15574,56,4,148.62,0.0
26187,15575,31,2,38.37,0.05
26188,15576,98,1,82.65,0.15
26189,15576,128,1,39.1,0.15
26190,15577,32,3,345.33,0.0
26191,15578,96,1,17.31,0.05
26192,15578,99,4,64.27,0.0
26193,15579,154,2,78.77,0.0
26194,15580,2,1,58.01,0.0
26195,15581,85,1,30.94,0.0
26196,15581,88,1,89.54,0.0
26197,15582,38,3,11.26,0.1
26198,15583,60,1,156.95,0.1
26199,15584,122,1,28.82,0.15
26200,15585,53,1,36.26,0.0
26201,15586,35,3,139.39,0.05
26202,15586,1,1,104.22,0.1
26203,15586,64,2,21.66,0.1
26204,15586,96,2,17.26,0.15
26205,15587,97,1,85.98,0.1
26206,15588,26,1,70.84,0.1
26207,15588,5,-1,53.92,0.1
26208,15588,95,1,46.34,0.0
26209,15589,20,1,18.32,0.0
26210,15590,38,2,11.23,0.0
26211,15591,117,1,62.1,0.0
26212,15591,112,1,64.13,0.0
26213,15591,108,4,74.83,0.0
26214,15592,113,4,69.36,0.0
26215,15593,26,1,73.52,0.15
26216,15594,147,1,21.56,0.0
26217,15594,21,1,244.15,0.0
26218,15595,21,1,242.82,0.0
26219,15596,32,1,336.07,0.0
26220,15597,83,1,252.12,0.1
26221,15598,148,1,19.96,0.05
26222,15598,79,1,69.81,0.1
26223,15599,41,1,126.02,0.0
26224,15600,73,1,63.26,0.0
26225,15601,52,4,44.9,0.0
26226,15601,142,1,213.82,0.15
26227,15602,95,1,44.55,0.0
26228,15602,110,1,60.98,0.0
26229,15603,109,5,80.39,0.0
26230,15604,28,1,89.86,0.15
26231,15605,47,1,43.22,0.1
26232,15606,43,1,57.92,0.1
26233,15606,143,1,15.17,0.0
26234,15607,86,1,40.78,0.05
26235,15607,160,3,116.71,0.0
26236,15607,34,4,25.72,0.0
26237,15608,28,1,92.78,0.0
26238,15608,11,1,43.52,0.0
26239,15609,138,2,49.77,0.0
26240,15610,160,1,118.97,0.0
26241,15611,32,2,343.88,0.0
26242,15612,100,1,51.63,0.05
26243,15613,89,1,39.69,0.15
26244,15614,31,3,38.52,0.15
26245,15614,67,1,61.29,0.0
26246,15614,111,1,11.4,0.0
26247,15614,145,3,80.52,0.0
26248,15615,7,1,275.01,0.0
26249,15615,158,2,98.45,0.0
26250,15616,2,1,56.78,0.1
26251,15617,42,1,76.79,0.0
26252,15617,134,4,101.0,0.0
26253,15618,118,4,22.63,0.0
26254,15619,16,1,39.72,0.15
26255,15620,10,2,104.86,0.0
26256,15620,30,1,49.04,0.05
26257,15621,126,3,474.57,0.0
26258,15621,37,1,79.85,0.0
26259,15621,112,1,62.06,0.1
26260,15622,20,3,17.96,0.15
26261,15622,12,2,42.14,0.1
26262,15623,95,2,45.52,0.0
26263,15624,122,1,28.8,0.1
26264,15624,112,4,62.32,0.1
26265,15625,123,3,232.93,0.0
26266,15625,129,2,71.28,0.05
26267,15626,52,1,46.67,0.0
26268,15627,34,1,25.02,0.0
26269,15627,122,4,28.51,0.0
26270,15628,124,4,18.7,0.05
26271,15628,65,1,136.03,0.1
26272,15629,130,1,41.31,0.15
26273,15629,6,1,52.0,0.0
26274,15629,79,1,69.2,0.15
26275,15630,66,4,224.89,0.0
26276,15630,32,1,339.43,0.15
26277,15630,30,1,50.51,0.0
26278,15630,10,3,105.43,0.15
26279,15631,94,4,48.45,0.0
26280,15632,151,1,83.37,0.15
26281,15633,145,3,81.07,0.0
26282,15634,145,1,81.62,0.0
26283,15634,58,2,50.08,0.0
26284,15634,67,4,60.79,0.0
26285,15634,156,3,34.74,0.15
26286,15635,112,3,62.63,0.0
26287,15636,32,2,352.01,0.0
26288,15637,118,2,23.15,0.15
26289,15637,116,1,84.11,0.1
26290,15638,7,2,270.16,0.0
26291,15638,157,1,351.62,0.0
26292,15639,67,1,61.64,0.15
26293,15640,96,5,17.37,0.1
26294,15640,80,1,11.07,0.0
26295,15640,89,3,39.58,0.05
26296,15640,42,3,75.74,0.0
26297,15641,90,1,105.13,0.0
26298,15641,100,2,53.75,0.0
26299,15641,137,1,32.33,0.0
26300,15642,39,3,19.32,0.0
26301,15642,89,1,40.67,0.05
26302,15643,92,1,154.64,0.0
26303,15643,69,1,92.11,0.0
26304,15644,4,1,256.14,0.1
26305,15645,100,2,53.74,0.0
26306,15645,57,1,29.96,0.05
26307,15645,18,1,86.66,0.0
26308,15646,136,2,260.02,0.15
26309,15646,83,1,241.32,0.15
26310,15646,51,2,87.25,0.05
26311,15647,157,4,350.47,0.05
26312,15648,26,1,71.46,0.0
26313,15649,52,2,44.91,0.05
26314,15649,8,1,129.42,0.0
26315,15650,145,1,83.23,0.0
26316,15651,117,1,62.47,0.0
26317,15651,22,1,52.06,0.05
26318,15652,86,4,41.06,0.0
26319,15653,46,2,33.5,0.1
26320,15654,32,2,345.65,0.0
26321,15654,89,2,39.49,0.0
26322,15655,75,1,6.08,0.0
26323,15655,81,1,53.6,0.1
26324,15655,83,1,243.96,0.15
26325,15656,106,2,91.15,0.15
26326,15656,142,2,206.03,0.15
26327,15657,133,2,25.27,0.15
26328,15657,49,1,90.63,0.15
26329,15657,44,1,49.13,0.0
26330,15658,75,2,6.26,0.05
26331,15659,16,2,38.62,0.1
26332,15660,93,1,34.82,0.0
26333,15660,23,1,70.35,0.05
26334,15660,13,2,82.08,0.1
26335,15661,147,2,21.64,0.05
26336,15661,122,1,28.47,0.05
26337,15662,75,4,6.31,0.0
26338,15663,105,4,55.42,0.1
26339,15663,148,1,19.42,0.1
26340,15664,65,1,133.47,0.0
26341,15665,50,3,13.6,0.15
26342,15666,74,1,264.42,0.05
26343,15667,97,2,84.04,0.0
26344,15667,30,3,50.13,0.15
26345,15668,119,1,177.36,0.05
26346,15668,79,1,72.05,0.1
26347,15669,21,3,247.32,0.0
26348,15669,129,1,72.75,0.15
26349,15670,146,1,133.56,0.0
26350,15671,21,1,239.61,0.1
26351,15672,55,1,168.06,0.15
26352,15673,150,1,82.79,0.0
26353,15674,113,1,69.96,0.1
26354,15675,120,2,127.34,0.0
26355,15675,136,1,263.52,0.15
26356,15675,86,1,42.37,0.0
26357,15675,80,1,10.86,0.1
26358,15676,67,1,59.66,0.1
26359,15676,1,1,103.56,0.0
26360,15677,86,1,40.75,0.15
26361,15677,50,-1,13.0,0.0
26362,15677,113,1,70.0,0.1
26363,15677,78,1,50.92,0.1
26364,15678,75,4,6.08,0.1
26365,15679,43,1,58.27,0.0
26366,15680,29,1,37.31,0.05
26367,15680,143,2,15.04,0.15
26368,15681,107,2,352.56,0.0
26369,15682,153,1,35.41,0.05
26370,15683,26,1,71.96,0.15
26371,15684,148,2,19.81,0.0
26372,15685,25,2,40.45,0.1
26373,15685,134,3,98.98,0.15
26374,15685,32,1,341.4,0.15
26375,15686,104,2,31.85,0.05
26376,15687,127,1,26.76,0.15
26377,15687,44,1,49.82,0.15
26378,15688,158,5,101.71,0.0
26379,15688,54,1,110.82,0.0
26380,15688,146,2,133.7,0.05
26381,15689,53,1,35.85,0.0
26382,15690,23,2,68.87,0.05
26383,15690,71,2,87.86,0.0
26384,15691,101,1,17.75,0.0
26385,15691,80,4,10.93,0.0
26386,15692,22,4,52.59,0.0
26387,15693,143,3,14.91,0.0
26388,15694,84,2,39.76,0.0
26389,15695,14,1,11.55,0.0
26390,15696,51,1,87.66,0.0
26391,15697,35,1,139.41,0.15
26392,15698,139,1,136.69,0.0
26393,15699,29,2,37.45,0.1
26394,15699,79,1,71.9,0.0
26395,15699,128,1,39.78,0.0
26396,15700,54,1,111.26,0.0
26397,15700,97,1,84.89,0.1
26398,15700,149,1,102.01,0.05
26399,15701,20,1,17.99,0.0
26400,15702,66,1,221.52,0.15
26401,15702,28,1,89.99,0.05
26402,15703,9,3,42.91,0.0
26403,15703,154,1,78.98,0.0
26404,15704,155,4,86.62,0.15
26405,15704,146,1,134.42,0.0
26406,15705,97,1,84.43,0.1
26407,15705,74,5,270.51,0.1
26408,15705,153,1,34.54,0.0
26409,15706,110,1,61.12,0.1
26410,15706,7,-1,274.99,0.0
26411,15707,70,5,36.4,0.0
26412,15707,115,1,53.76,0.0
26413,15707,98,1,83.44,0.05
26414,15707,89,1,40.23,0.0
26415,15708,136,4,261.64,0.15
26416,15708,20,1,18.53,0.0
26417,15708,10,1,104.74,0.1
26418,15708,28,4,90.76,0.15
26419,15709,116,3,86.26,0.15
26420,15710,42,1,76.89,0.0
26421,15711,100,2,53.52,0.0
26422,15712,104,1,31.22,0.0
26423,15713,89,2,40.16,0.0
26424,15713,122,3,29.39,0.0
26425,15714,69,1,87.95,0.15
26426,15714,112,1,64.67,0.1
26427,15715,31,3,37.44,0.0
26428,15715,13,3,81.81,0.05
26429,15716,10,2,107.53,0.1
26430,15717,18,2,87.73,0.05
26431,15718,7,4,264.93,0.15
26432,15719,68,1,156.84,0.05
26433,15720,39,2,20.12,0.0
26434,15721,117,1,61.43,0.15
26435,15722,71,4,91.13,0.15
26436,15722,60,2,155.95,0.0
26437,15723,143,1,15.63,0.15
26438,15724,98,2,82.56,0.05
26439,15725,48,2,166.48,0.15
26440,15726,146,1,132.61,0.0
26441,15726,84,2,41.08,0.15
26442,15726,28,4,89.51,0.15
26443,15727,144,2,76.15,0.0
26444,15728,123,1,235.48,0.1
26445,15728,145,5,82.11,0.15
26446,15729,74,1,272.01,0.1
26447,15729,35,2,135.74,0.1
26448,15730,50,1,13.59,0.1
26449,15731,72,1,253.7,0.0
26450,15732,10,2,108.22,0.15
26451,15732,24,1,18.26,0.0
26452,15733,115,1,55.61,0.0
26453,15733,93,1,33.97,0.05
26454,15734,25,1,40.68,0.15
26455,15735,43,2,57.89,0.05
26456,15735,92,5,158.17,0.0
26457,15735,156,1,33.53,0.15
26458,15736,10,1,104.47,0.15
26459,15736,122,2,29.07,0.1
26460,15737,43,2,57.53,0.0
26461,15738,75,1,6.06,0.0
26462,15738,95,1,45.54,0.0
26463,15739,16,1,39.1,0.0
26464,15740,122,2,28.29,0.1
26465,15741,51,1,85.61,0.1
26466,15742,112,3,62.63,0.1
26467,15742,88,1,87.27,0.05
26468,15742,148,1,19.93,0.0
26469,15743,157,1,342.93,0.0
26470,15744,101,1,18.27,0.05
26471,15744,121,4,131.8,0.0
26472,15744,111,1,11.33,0.05
26473,15745,84,1,41.71,0.0
26474,15745,91,1,69.38,0.0
26475,15746,113,2,67.32,0.0
26476,15747,75,2,6.26,0.15
26477,15747,20,1,17.95,0.15
26478,15747,113,3,68.1,0.0
26479,15748,41,2,128.34,0.15
26480,15748,101,1,17.98,0.1
26481,15749,27,2,23.43,0.05
26482,15749,85,2,32.15,0.0
26483,15750,158,1,98.43,0.0
26484,15750,111,1,11.46,0.0
26485,15751,139,2,136.99,0.15
26486,15751,155,1,83.69,0.0
26487,15751,92,1,154.15,0.1
26488,15752,60,1,158.92,0.0
26489,15752,112,4,65.1,0.1
26490,15752,40,1,78.77,0.0
26491,15752,3,1,115.14,0.1
26492,15753,119,-2,181.1,0.1
26493,15754,97,1,86.85,0.15
26494,15755,129,2,70.86,0.05
26495,15755,160,2,114.48,0.05
26496,15755,130,1,40.76,0.1
26497,15756,8,1,130.57,0.0
26498,15757,2,1,57.16,0.0
26499,15758,71,1,91.22,0.1
26500,15758,80,1,10.94,0.0
26501,15758,48,2,170.56,0.0
26502,15759,59,2,87.22,0.15
26503,15760,62,1,54.01,0.0
26504,15760,16,1,39.52,0.0
26505,15760,123,1,228.53,0.1
26506,15761,82,1,90.24,0.0
26507,15761,47,1,43.24,0.0
26508,15761,138,2,49.19,0.0
26509,15761,147,1,21.0,0.0
26510,15762,72,2,260.89,0.05
26511,15762,95,2,44.77,0.0
26512,15763,42,3,77.6,0.0
26513,15764,69,4,90.37,0.05
26514,15764,55,2,160.44,0.0
26515,15764,155,1,84.28,0.0
26516,15765,86,2,41.21,0.0
26517,15766,158,2,100.42,0.0
26518,15766,141,1,81.38,0.0
26519,15767,12,1,42.23,0.1
26520,15767,60,3,158.21,0.15
26521,15768,159,1,22.14,0.0
26522,15769,121,1,135.71,0.0
26523,15770,148,1,20.2,0.0
26524,15770,15,1,13.72,0.1
26525,15771,149,1,101.49,0.1
26526,15772,133,4,25.49,0.0
26527,15772,97,1,85.19,0.05
26528,15772,88,1,88.04,0.0
26529,15773,54,1,112.8,0.0
26530,15773,112,1,62.07,0.15
26531,15773,103,4,46.77,0.0
26532,15774,110,1,59.29,0.1
26533,15774,132,1,67.4,0.1
26534,15774,102,3,44.36,0.1
26535,15775,132,2,70.55,0.15
26536,15776,140,3,21.9,0.0
26537,15777,60,1,153.41,0.0
26538,15778,57,1,30.08,0.0
26539,15778,94,1,47.95,0.0
26540,15779,11,1,42.39,0.1
26541,15780,92,1,151.55,0.1
26542,15781,89,2,40.15,0.05
26543,15782,16,1,39.55,0.0
26544,15782,93,3,34.47,0.05
26545,15783,4,2,261.28,0.0
26546,15784,121,5,130.0,0.0
26547,15785,96,1,17.38,0.15
26548,15785,154,1,79.08,0.0
26549,15785,85,1,31.71,0.15
26550,15786,159,1,21.79,0.15
26551,15786,62,2,54.36,0.15
26552,15787,15,1,14.06,0.0
26553,15787,160,2,114.92,0.0
26554,15788,44,2,49.61,0.15
26555,15788,152,1,87.35,0.15
26556,15788,22,1,52.91,0.0
26557,15789,95,1,45.67,0.0
26558,15790,99,4,66.4,0.05
26559,15791,113,1,70.05,0.1
26560,15792,21,1,238.14,0.0
26561,15792,22,1,53.46,0.0
26562,15793,106,5,94.49,0.0
26563,15793,70,1,36.27,0.15
26564,15794,12,1,43.39,0.15
26565,15795,43,2,58.79,0.05
26566,15795,15,1,13.64,0.1
26567,15796,146,4,131.4,0.05
26568,15797,61,1,42.43,0.15
26569,15798,133,1,25.33,0.05
26570,15798,54,1,109.91,0.0
26571,15799,145,1,82.03,0.0
26572,15800,47,1,43.69,0.1
26573,15801,95,2,44.57,0.1
26574,15801,58,1,50.36,0.0
26575,15801,124,2,18.41,0.1
26576,15802,53,4,35.45,0.1
26577,15802,117,2,61.88,0.0
26578,15802,116,3,87.23,0.0
26579,15803,17,1,26.29,0.0
26580,15803,149,3,102.07,0.0
26581,15804,36,2,21.92,0.0
26582,15804,64,3,22.6,0.0
26583,15805,137,1,31.94,0.05
26584,15806,157,1,344.94,0.05
26585,15806,16,1,40.0,0.05
26586,15807,113,3,68.7,0.0
26587,15808,158,1,100.2,0.0
26588,15809,135,2,28.12,0.15
26589,15810,112,2,63.06,0.15
26590,15811,84,1,40.8,0.15
26591,15812,99,1,63.76,0.0
26592,15813,127,5,27.04,0.1
26593,15813,118,1,22.69,0.0
26594,15814,97,1,84.98,0.0
26595,15814,16,2,40.11,0.1
26596,15815,8,3,129.37,0.0
26597,15816,140,1,21.21,0.0
26598,15817,29,4,37.94,0.0
26599,15818,128,1,39.57,0.0
26600,15818,106,2,95.41,0.0
26601,15819,128,1,38.06,0.15
26602,15820,30,1,50.32,0.15
26603,15820,83,1,245.29,0.0
26604,15821,5,3,53.68,0.15
26605,15822,50,3,13.24,0.15
26606,15822,118,1,22.58,0.05
26607,15823,8,2,131.09,0.1
26608,15823,92,1,157.02,0.0
26609,15824,48,2,166.77,0.15
26610,15825,71,1,90.71,0.0
26611,15825,153,1,35.75,0.0
26612,15826,131,1,15.7,0.0
26613,15826,103,1,46.73,0.05
26614,15827,36,4,21.96,0.0
26615,15827,85,1,31.12,0.0
26616,15828,140,1,21.68,0.0
26617,15829,28,1,93.22,0.05
26618,15830,57,3,30.54,0.05
26619,15831,144,1,78.24,0.15
26620,15832,84,2,41.01,0.0
26621,15832,158,1,99.31,0.1
26622,15833,96,1,17.41,0.0
26623,15834,129,1,72.7,0.1
26624,15835,2,1,57.68,0.05
26625,15836,21,1,239.43,0.1
26626,15837,35,5,139.8,0.0
26627,15837,109,2,81.71,0.0
26628,15838,5,1,51.86,0.0
26629,15839,140,1,21.49,0.15
26630,15839,32,1,350.91,0.0
26631,15840,143,1,14.95,0.0
26632,15840,41,1,127.09,0.05
26633,15841,36,1,21.25,0.0
26634,15841,24,2,18.49,0.15
26635,15841,140,5,22.02,0.0
26636,15841,150,2,86.92,0.15
26637,15842,127,1,26.05,0.0
26638,15843,9,1,41.57,0.05
26639,15843,13,1,80.01,0.05
26640,15843,152,4,87.35,0.0
26641,15843,123,1,224.45,0.15
26642,15844,80,2,10.65,0.15
26643,15844,70,1,37.27,0.15
26644,15845,59,1,88.47,0.0
26645,15846,96,2,17.7,0.0
26646,15846,56,3,153.63,0.0
26647,15846,118,1,22.14,0.1
26648,15847,22,1,54.11,0.0
26649,15847,32,1,337.79,0.0
26650,15848,6,1,51.63,0.0
26651,15849,61,1,42.01,0.0
26652,15849,35,1,137.02,0.15
26653,15850,74,1,260.16,0.05
26654,15850,129,1,69.53,0.0
26655,15851,133,1,25.59,0.05
26656,15852,56,1,151.73,0.0
26657,15853,156,2,33.74,0.1
26658,15854,105,2,57.11,0.0
26659,15854,13,3,81.65,0.15
26660,15855,42,1,76.69,0.0
26661,15855,150,1,85.59,0.0
26662,15856,31,1,37.61,0.1
26663,15857,123,2,232.41,0.0
26664,15857,98,1,84.29,0.05
26665,15858,57,4,30.98,0.15
26666,15858,156,1,34.49,0.0
26667,15859,129,1,71.54,0.0
26668,15860,85,1,30.88,0.0
26669,15861,130,4,41.19,0.05
26670,15862,61,2,42.25,0.15
26671,15862,21,2,243.86,0.1
26672,15862,136,3,257.55,0.0
26673,15863,37,2,80.44,0.0
26674,15863,47,1,41.95,0.05
26675,15863,6,1,53.67,0.0
26676,15864,33,2,65.35,0.15
26677,15865,36,1,21.55,0.1
26678,15866,46,1,33.4,0.1
26679,15867,8,1,127.65,0.1
26680,15867,59,2,85.71,0.0
26681,15868,2,4,58.37,0.05
26682,15869,5,1,51.57,0.05
26683,15869,101,2,17.88,0.0
26684,15869,24,2,17.72,0.0
26685,15869,87,5,144.77,0.0
26686,15870,35,-2,139.51,0.1
26687,15871,26,1,70.71,0.0
26688,15872,32,4,353.04,0.0
26689,15872,140,2,21.33,0.05
26690,15873,140,2,21.36,0.0
26691,15874,130,3,41.19,0.0
26692,15874,33,3,63.03,0.0
26693,15874,44,1,50.13,0.0
26694,15875,64,2,22.64,0.0
26695,15875,100,1,53.25,0.05
26696,15876,126,1,468.02,0.0
26697,15877,147,2,21.21,0.15
26698,15878,97,1,86.66,0.15
26699,15879,16,3,39.61,0.0
26700,15879,141,1,80.83,0.0
26701,15880,122,2,29.34,0.0
26702,15880,141,2,78.33,0.0
26703,15880,2,1,57.17,0.0
26704,15881,104,1,32.02,0.15
26705,15881,92,1,154.97,0.05
26706,15881,133,1,24.66,0.0
26707,15882,34,3,25.65,0.0
26708,15883,129,1,70.75,0.0
26709,15884,145,1,82.18,0.15
26710,15884,111,2,11.72,0.05
26711,15885,149,1,105.23,0.0
26712,15886,140,1,21.3,0.0
26713,15887,127,1,27.04,0.05
26714,15887,113,2,68.1,0.0
26715,15888,59,1,88.56,0.0
26716,15888,29,1,36.93,0.0
26717,15888,95,1,45.93,0.15
26718,15889,79,4,69.45,0.05
26719,15890,59,1,86.15,0.15
26720,15891,131,3,16.51,0.1
26721,15891,62,3,55.79,0.15
26722,15892,110,2,59.64,0.0
26723,15893,50,2,13.16,0.05
26724,15893,24,2,17.87,0.05
26725,15894,37,1,77.89,0.1
26726,15895,41,2,125.09,0.0
26727,15895,80,1,10.93,0.15
26728,15896,68,3,163.32,0.0
26729,15897,38,2,11.15,0.05
26730,15897,129,1,71.35,0.15
26731,15898,85,2,31.39,0.0
26732,15899,46,2,33.59,0.1
26733,15899,100,1,52.04,0.0
26734,15900,18,1,84.59,0.1
26735,15900,56,2,153.54,0.1
26736,15901,68,1,162.04,0.05
26737,15901,22,1,51.79,0.0
26738,15901,54,3,111.83,0.05
26739,15902,34,1,25.53,0.1
26740,15902,106,1,93.01,0.0
26741,15903,145,2,80.52,0.05
26742,15903,152,2,90.21,0.0
26743,15904,15,2,13.86,0.1
26744,15905,43,3,58.45,0.05
26745,15906,13,1,79.07,0.0
26746,15906,30,3,50.89,0.0
26747,15906,25,1,39.7,0.0
26748,15907,123,1,228.77,0.0
26749,15908,109,2,82.5,0.05
26750,15908,108,2,74.9,0.15
26751,15909,127,4,26.71,0.15
26752,15909,160,1,116.62,0.0
26753,15909,16,2,38.41,0.0
26754,15910,38,4,11.21,0.0
26755,15911,15,2,13.97,0.05
26756,15912,70,1,36.89,0.0
26757,15913,7,1,264.04,0.0
26758,15913,137,1,32.18,0.0
26759,15914,150,1,86.64,0.0
26760,15914,128,1,38.93,0.0
26761,15915,106,2,94.79,0.1
26762,15916,138,1,48.15,0.0
26763,15916,101,2,18.25,0.05
26764,15916,36,1,21.94,0.0
26765,15916,82,3,88.12,0.15
26766,15917,131,1,16.34,0.05
26767,15917,98,2,81.06,0.0
26768,15917,122,4,28.02,0.0
26769,15918,117,1,63.55,0.05
26770,15919,47,1,42.91,0.05
26771,15919,118,1,22.78,0.15
26772,15919,79,3,71.99,0.0
26773,15920,22,1,53.6,0.0
26774,15920,98,2,80.18,0.05
26775,15921,115,1,55.01,0.0
26776,15921,55,1,162.01,0.1
26777,15921,43,2,58.67,0.05
26778,15922,124,4,18.69,0.1
26779,15923,145,2,81.19,0.0
26780,15923,27,1,22.76,0.15
26781,15924,60,1,154.07,0.0
26782,15925,86,1,41.58,0.0
26783,15925,121,1,135.56,0.05
26784,15926,44,2,50.77,0.0
26785,15926,137,2,32.14,0.1
26786,15927,21,1,242.53,0.0
26787,15928,66,3,222.83,0.1
26788,15929,4,1,261.32,0.05
26789,15930,143,1,15.2,0.1
26790,15931,132,1,70.21,0.0
26791,15931,93,1,34.81,0.0
26792,15931,75,4,6.07,0.15
26793,15932,136,1,266.99,0.1
26794,15933,15,5,13.42,0.0
26795,15933,132,4,68.22,0.0
26796,15934,133,3,25.29,0.15
26797,15934,3,1,114.44,0.1
26798,15935,141,1,80.45,0.15
26799,15936,35,2,134.13,0.0
26800,15937,124,2,18.22,0.05
26801,15937,6,3,53.68,0.15
26802,15937,135,2,28.4,0.1
26803,15938,42,2,75.28,0.0
26804,15938,76,2,135.72,0.1
26805,15939,100,3,52.82,0.1
26806,15940,103,3,48.61,0.15
26807,15940,138,2,49.23,0.1
26808,15940,159,2,22.51,0.15
26809,15941,116,-1,83.69,0.1
26810,15942,93,1,34.15,0.05
26811,15943,107,3,358.73,0.1
26812,15944,94,2,47.57,0.15
26813,15944,117,1,64.18,0.0
26814,15944,66,1,218.05,0.0
26815,15944,10,3,104.07,0.0
26816,15945,40,1,78.52,0.05
26817,15945,95,1,45.94,0.15
26818,15945,52,3,45.76,0.15
26819,15946,142,4,213.68,0.0
26820,15946,2,1,57.4,0.0
26821,15946,10,2,104.34,0.05
26822,15947,17,1,25.88,0.05
26823,15947,50,1,13.03,0.15
26824,15947,53,1,35.35,0.1
26825,15948,140,3,21.4,0.0
26826,15949,18,1,87.39,0.15
26827,15949,91,2,70.49,0.1
26828,15949,100,1,52.81,0.05
26829,15950,124,1,18.48,0.0
26830,15951,77,1,69.54,0.05
26831,15952,103,1,47.03,0.0
26832,15952,93,2,34.75,0.0
26833,15953,1,3,104.09,0.15
26834,15953,10,1,106.06,0.0
26835,15954,115,4,55.06,0.1
26836,15954,48,2,168.03,0.0
26837,15955,125,3,107.56,0.0
26838,15956,154,3,81.38,0.0
26839,15956,25,1,39.0,0.15
26840,15957,138,1,48.26,0.1
26841,15957,24,2,17.62,0.15
26842,15957,34,2,25.3,0.1
26843,15958,130,3,42.24,0.05
26844,15958,84,2,41.09,0.0
26845,15958,43,1,57.32,0.0
26846,15959,131,2,16.21,0.0
26847,15959,57,3,30.13,0.05
26848,15960,122,1,28.18,0.15
26849,15960,75,2,6.06,0.05
26850,15960,15,5,13.94,0.0
26851,15961,52,3,45.77,0.0
26852,15962,157,1,354.95,0.0
26853,15963,135,4,28.28,0.15
26854,15963,56,1,147.42,0.0
26855,15963,115,3,53.29,0.1
26856,15964,153,2,35.63,0.0
26857,15964,104,1,31.65,0.05
26858,15965,145,1,82.16,0.05
26859,15966,48,4,169.2,0.0
26860,15967,57,1,30.36,0.0
26861,15967,17,2,26.35,0.05
26862,15968,83,3,251.37,0.0
26863,15968,1,1,102.33,0.0
26864,15969,107,1,354.06,0.0
26865,15969,106,1,92.05,0.0
26866,15970,46,3,34.3,0.1
26867,15970,62,1,55.66,0.15
26868,15971,157,3,353.13,0.0
26869,15972,40,2,76.6,0.0
26870,15973,79,1,72.1,0.0
26871,15974,71,1,90.79,0.15
26872,15974,142,1,209.28,0.1
26873,15975,131,3,15.74,0.0
26874,15976,140,1,21.16,0.0
26875,15977,21,1,248.25,0.0
26876,15978,48,3,167.91,0.0
26877,15979,31,4,37.79,0.0
26878,15980,79,3,71.39,0.0
26879,15981,9,1,43.02,0.05
26880,15982,11,1,43.78,0.05
26881,15983,135,1,28.77,0.0
26882,15984,43,1,57.46,0.05
26883,15985,67,1,62.5,0.0
26884,15986,94,2,48.72,0.0
26885,15986,148,1,19.32,0.05
26886,15987,56,1,147.41,0.15
26887,15988,22,2,51.97,0.1
26888,15988,121,3,130.72,0.05
26889,15988,87,4,146.38,0.05
26890,15988,114,2,586.87,0.0
26891,15989,15,2,13.74,0.05
26892,15990,47,5,43.31,0.0
26893,15991,91,4,70.87,0.1
26894,15992,159,1,21.99,0.0
26895,15992,42,1,74.38,0.05
26896,15993,78,1,49.52,0.0
26897,15994,152,3,89.21,0.15
26898,15995,62,3,55.31,0.05
26899,15996,144,2,77.84,0.0
26900,15997,66,4,220.68,0.0
26901,15998,36,1,22.16,0.0
26902,15999,125,1,110.68,0.15
26903,15999,17,2,26.21,0.15
26904,16000,68,2,162.75,0.0
26905,16000,156,5,34.55,0.1
26906,8757,147,1,21.03,0.05
26907,8757,137,1,32.23,0.15
26908,8757,54,1,112.76,0.0
26909,8757,111,1,11.48,0.0
26910,4661,30,4,50.06,0.1
26911,4661,54,1,114.88,0.0
26912,6096,150,3,86.53,0.05
26913,305,26,1,72.47,0.1
26914,8242,38,1,11.18,0.1
26915,8242,47,1,41.99,0.0
26916,9578,132,1,70.59,0.05
26917,1036,129,2,71.73,0.0
26918,9977,55,2,163.83,0.0
26919,7873,57,2,29.9,0.0
26920,7873,12,3,42.16,0.05
26921,8342,125,2,112.56,0.0
26922,10915,143,2,15.26,0.0
26923,10915,20,1,18.59,0.05
26924,5816,156,1,34.92,0.0
26925,5816,108,1,76.51,0.05
26926,5816,123,3,230.68,0.0
26927,5816,37,1,77.45,0.0
26928,11299,150,1,83.03,0.05
26929,14445,76,4,134.34,0.0
26930,14445,149,5,103.09,0.1
26931,14445,99,1,65.02,0.1
26932,8671,71,1,88.29,0.15
26933,3129,21,2,246.19,0.05
26934,5515,101,1,17.75,0.05
26935,5515,15,1,13.85,0.0
26936,5515,1,5,102.86,0.0
26937,8499,79,1,69.09,0.0
26938,11493,27,2,23.02,0.0
26939,11493,124,3,18.14,0.05
26940,5029,42,2,77.32,0.1
26941,5029,125,1,112.06,0.0
26942,6880,143,4,15.49,0.0
26943,6880,148,5,19.92,0.1
26944,9813,122,2,29.17,0.15
26945,9813,31,1,36.94,0.1
26946,12037,10,4,106.66,0.15
26947,11409,155,1,84.09,0.1
26948,11409,143,2,15.14,0.0
26949,3624,12,4,41.75,0.05
26950,8255,111,1,11.54,0.0
26951,5157,98,2,82.11,0.05
26952,7541,76,2,135.62,0.05
26953,7541,87,1,147.09,0.15
26954,7541,134,1,98.09,0.1
26955,7541,157,2,342.16,0.0
26956,7498,119,1,184.04,0.0
26957,7498,20,4,17.78,0.0
26958,7388,116,2,83.49,0.0
26959,2313,6,2,52.95,0.1
26960,2313,124,2,17.95,0.1
26961,2313,32,2,347.41,0.1
26962,5665,73,4,63.54,0.0
26963,15325,37,1,78.29,0.0
26964,5141,95,2,44.54,0.0
26965,5141,85,2,31.09,0.05
26966,5141,130,4,40.8,0.05
26967,5141,93,1,33.86,0.15
26968,938,127,1,26.56,0.15
26969,709,63,1,24.27,0.15
26970,709,94,1,49.59,0.1
26971,6152,121,2,131.65,0.0
26972,13874,93,1,34.96,0.0
26973,13874,37,1,80.0,0.0
26974,13093,50,1,13.07,0.1
26975,12901,126,2,476.52,0.1
26976,12901,81,1,53.83,0.0
26977,4102,100,4,52.11,0.15
26978,2930,75,1,6.2,0.05
26979,5704,116,4,83.21,0.0
26980,5704,101,1,18.16,0.0
26981,12020,22,1,52.53,0.05
26982,13477,91,2,72.76,0.1
26983,7614,109,1,81.52,0.1
26984,12675,136,2,267.12,0.0
26985,7661,92,2,154.17,0.0
26986,7661,58,2,49.7,0.15
26987,10646,88,4,86.79,0.05
26988,10646,160,1,119.15,0.05
26989,10507,70,1,36.52,0.15
26990,10507,67,3,60.72,0.0
26991,10507,71,2,89.1,0.1
26992,10507,77,2,71.81,0.0
26993,1490,46,2,34.51,0.0
26994,1490,139,1,133.93,0.0
26995,6423,67,2,59.66,0.05
26996,1088,130,1,41.84,0.0
26997,1399,57,3,31.12,0.15
26998,89,126,4,478.83,0.15
26999,89,75,1,6.05,0.0
27000,9203,20,1,18.17,0.05
27001,12086,8,2,128.79,0.05
27002,7566,45,1,17.24,0.1
27003,10743,33,1,65.4,0.1
27004,10743,75,-1,6.27,0.15
27005,10743,145,1,83.16,0.15
27006,15578,95,1,46.41,0.0
27007,15578,105,5,56.78,0.0
27008,13505,13,1,80.15,0.1
27009,9442,78,1,49.83,0.0
27010,2596,49,1,88.94,0.0
27011,8586,88,5,89.64,0.1
27012,8764,122,1,28.53,0.0
27013,6349,71,1,91.32,0.0
27014,3014,139,1,132.64,0.0
27015,3014,17,2,25.81,0.0
27016,3014,157,5,349.19,0.15
27017,2743,54,2,112.22,0.0
27018,14392,105,2,56.39,0.0
27019,14392,132,4,68.24,0.1
27020,9630,119,1,184.07,0.15
27021,9630,160,1,120.04,0.0
27022,124,27,1,22.79,0.1
27023,4401,34,3,24.48,0.0
27024,12500,77,5,70.14,0.15
27025,12500,12,2,41.95,0.15
27026,9385,115,1,56.05,0.1
27027,9385,54,2,111.91,0.0
27028,9385,63,1,23.41,0.0
27029,4788,23,3,70.86,0.05
27030,4788,17,1,26.65,0.05
27031,9708,83,1,251.75,0.05
27032,9213,123,1,226.07,0.1
27033,9213,98,1,81.85,0.0
27034,7133,79,1,71.59,0.1
27035,7133,45,3,17.38,0.15
27036,4601,13,2,80.55,0.1
27037,10913,89,1,41.11,0.0
27038,10913,98,1,81.8,0.15
27039,10913,93,2,34.63,0.15
27040,10913,34,2,24.63,0.0
27041,14017,9,1,42.52,0.0
27042,102,23,2,68.31,0.0
27043,5548,123,4,226.01,0.1
27044,1715,110,4,59.58,0.0
27045,12009,20,4,18.33,0.0
27046,12291,131,1,15.8,0.0
27047,12291,61,1,42.15,0.0
27048,12291,130,1,40.83,0.0
27049,12291,132,1,68.89,0.0
27050,4059,86,1,42.27,0.0
27051,4059,140,2,21.34,0.05
27052,8487,66,1,222.12,0.0
27053,10992,142,1,208.27,0.1
27054,10992,28,2,92.86,0.1
27055,4668,7,2,268.96,0.15
27056,4101,66,2,218.94,0.1
27057,4101,143,1,15.66,0.0
27058,4094,4,3,251.09,0.15
27059,13242,18,5,87.98,0.15
27060,8705,150,2,83.42,0.1
27061,8705,4,5,260.38,0.0
27062,11450,50,1,13.48,0.0
27063,11450,15,1,13.53,0.0
27064,5485,23,2,67.98,0.15
27065,5485,157,1,346.89,0.15
27066,5906,27,2,23.13,0.0
27067,13489,96,3,17.77,0.15
27068,13489,8,4,130.9,0.0
27069,15396,58,2,50.13,0.0
27070,15396,71,1,90.85,0.0
27071,15396,149,1,106.41,0.15
27072,15847,20,3,18.25,0.0
27073,15847,145,2,83.46,0.0
27074,15847,62,2,55.5,0.0
27075,151,72,4,259.28,0.0
27076,151,157,3,350.86,0.0
27077,151,87,3,147.99,0.0
27078,6342,82,1,89.68,0.15
27079,6342,102,2,43.64,0.0
27080,3064,85,3,31.81,0.15
27081,5130,95,1,44.75,0.0
27082,10147,100,5,52.92,0.0
27083,10147,105,1,57.63,0.0
27084,5804,153,2,36.07,0.15
27085,5800,98,3,83.04,0.0
27086,5800,128,3,39.33,0.0
27087,4780,59,1,87.51,0.0
27088,2938,87,2,145.24,0.05
27089,2938,133,1,24.47,0.15
27090,14054,73,4,62.48,0.1
27091,14054,69,2,90.98,0.0
27092,14054,145,1,82.24,0.0
27093,14054,134,1,97.76,0.05
27094,6293,111,1,11.3,0.0
27095,1327,128,1,38.19,0.15
27096,1327,77,1,68.57,0.1
27097,1327,48,1,172.32,0.1
27098,11144,39,1,19.31,0.0
27099,8140,24,4,18.32,0.1
27100,8140,23,2,67.36,0.0
27101,8140,157,1,351.65,0.15
27102,8140,28,2,90.08,0.15
27103,933,29,5,38.2,0.15
27104,933,134,2,101.01,0.0
27105,933,8,1,131.39,0.05
27106,933,113,3,67.88,0.0
27107,14111,82,1,91.17,0.1
27108,14111,109,1,82.66,0.0
27109,1723,112,2,65.0,0.05
27110,6428,74,1,270.39,0.0
27111,12873,94,5,47.76,0.05
27112,12873,81,1,52.73,0.1
27113,10425,83,1,244.2,0.1
27114,10425,66,4,216.55,0.0
27115,170,17,1,25.48,0.0
27116,170,141,1,80.34,0.0
27117,11058,7,2,270.18,0.0
27118,11058,64,5,21.89,0.0
27119,8721,58,1,49.15,0.0
27120,8721,60,2,153.84,0.15
27121,8721,91,2,71.44,0.0
27122,8721,120,2,129.06,0.0
27123,7692,112,2,62.58,0.0
27124,7692,140,1,21.21,0.0
27125,7692,80,2,10.69,0.0
27126,9368,114,1,602.74,0.0
27127,7977,156,1,34.28,0.0
27128,7977,144,2,75.69,0.0
27129,5380,41,5,128.03,0.15
27130,5380,160,1,115.09,0.0
27131,5380,91,1,71.66,0.1
27132,6224,137,2,31.86,0.0
27133,6224,107,1,348.23,0.05
27134,1806,108,2,77.09,0.0
27135,8973,36,2,21.15,0.0
27136,8094,157,4,343.82,0.0
27137,8094,135,3,28.86,0.1
27138,10975,67,1,61.09,0.0
27139,13805,130,1,41.83,0.15
27140,4521,158,1,97.74,0.1
27141,4521,21,1,247.06,0.0
27142,10112,145,1,81.28,0.0
27143,11915,8,1,129.99,0.0
27144,12418,78,3,48.52,0.0
27145,12418,40,1,76.74,0.05
27146,11479,80,1,11.08,0.0
27147,11479,31,1,38.22,0.0
27148,11479,4,3,257.66,0.05
27149,4216,7,1,267.53,0.0
27150,4216,77,2,71.02,0.0
27151,4216,108,2,76.32,0.05
27152,4216,148,2,19.76,0.0
27153,13144,138,1,48.83,0.1
27154,13144,80,1,11.08,0.1
27155,8656,41,1,123.75,0.15
27156,10740,47,1,42.72,0.15
27157,10495,13,1,81.02,0.0
27158,3680,157,1,350.5,0.0
27159,5362,147,1,20.95,0.0
27160,5362,85,4,31.5,0.0
27161,5362,154,1,78.71,0.0
27162,5362,67,1,61.15,0.0
27163,7786,70,1,36.42,0.0
27164,7786,41,1,127.0,0.0
27165,7786,94,1,49.13,0.0
27166,8292,64,1,22.62,0.1
27167,8292,41,1,126.15,0.0
27168,14151,156,4,33.61,0.0
27169,15023,83,1,242.36,0.0
27170,15023,102,1,44.83,0.1
27171,13196,160,1,120.25,0.0
27172,13196,24,1,17.61,0.15
27173,7666,98,1,83.0,0.05
27174,13599,101,4,18.49,0.0
27175,13599,70,2,36.64,0.0
27176,1594,84,2,40.21,0.05
27177,1594,88,2,86.69,0.0
27178,1594,33,3,64.17,0.1
27179,7643,126,1,478.58,0.0
27180,4129,7,4,267.5,0.0
27181,3920,9,2,42.3,0.15
27182,13687,18,2,88.07,0.1
27183,13687,56,2,149.96,0.1
27184,11397,131,3,16.22,0.1
27185,1535,13,2,80.29,0.05
27186,13981,109,1,80.71,0.05
27187,13981,4,1,250.7,0.0
